BAS_DD,ISU_CD,ISU_NM,MKT_NM,SECT_TP_NM,TDD_CLSPRC,CMPPREVDD_PRC,FLUC_RT,TDD_OPNPRC,TDD_HGPRC,TDD_LWPRC,ACC_TRDVOL,ACC_TRDVAL,MKTCAP,LIST_SHRS
20210809,095570,AJ네트웍스,KOSPI,,6050,10,0.17,6040,6090,6000,70622,425726640,283274884750,46822295
20210809,006840,AK홀딩스,KOSPI,,28450,-300,-1.04,28700,29000,28000,35182,997973100,376893110450,13247561
20210809,027410,BGF,KOSPI,,6430,100,1.58,6440,6450,6330,237001,1515998970,615458966130,95716791
20210809,282330,BGF리테일,KOSPI,,171500,-2500,-1.44,172500,176000,170000,27521,4737087000,2964189879000,17283906
20210809,138930,BNK금융지주,KOSPI,,7830,50,0.64,7830,7870,7780,1570809,12283734690,2552072976180,325935246
20210809,001460,BYC,KOSPI,,399500,500,0.13,399000,400500,398500,233,93023000,249533692500,624615
20210809,001465,BYC우,KOSPI,,177000,-2500,-1.39,177000,179000,177000,121,21464500,38123145000,215385
20210809,001040,CJ,KOSPI,,103500,-500,-0.48,103000,105000,102000,92824,9647588500,3019819293000,29176998
20210809,079160,CJ CGV,KOSPI,,30400,-250,-0.82,29850,30450,29850,485793,14594268550,1117442166400,36757966
20210809,00104K,CJ4우(전환),KOSPI,,84900,-1800,-2.08,86700,86700,84900,14164,1207106400,358830868800,4226512
20210809,000120,CJ대한통운,KOSPI,,169500,-6000,-3.42,175000,175000,168500,119689,20319903500,3866692308000,22812344
20210809,011150,CJ씨푸드,KOSPI,,4610,-35,-0.75,4650,4660,4610,192726,892635325,165640863530,35930773
20210809,011155,CJ씨푸드1우,KOSPI,,41800,0,0.00,41800,41800,40650,129,5316350,8360000000,200000
20210809,001045,CJ우,KOSPI,,64700,-100,-0.15,64800,65300,64200,1866,120840700,146236428100,2260223
20210809,097950,CJ제일제당,KOSPI,,489500,-2500,-0.51,482000,494500,480500,59041,28814137000,7369024047000,15054186
20210809,097955,CJ제일제당 우,KOSPI,,217000,-1000,-0.46,218000,220000,215000,3914,850589000,288052961000,1327433
20210809,000590,CS홀딩스,KOSPI,,67500,0,0.00,67200,67700,66800,3010,202441800,77927535000,1154482
20210809,012030,DB,KOSPI,,1115,-35,-3.04,1150,1150,1105,2020286,2274094580,224308935295,201173933
20210809,016610,DB금융투자,KOSPI,,6940,10,0.14,6960,6970,6890,108593,752145180,294577939660,42446389
20210809,005830,DB손해보험,KOSPI,,57800,-200,-0.34,57600,58500,57400,76821,4447988800,4092240000000,70800000
20210809,000990,DB하이텍,KOSPI,,66200,-1000,-1.49,67200,68200,65800,776244,51863686900,2939186525600,44398588
20210809,000995,DB하이텍1우,KOSPI,,115000,-3000,-2.54,118000,118000,114000,812,93791000,12916340000,112316
20210809,139130,DGB금융지주,KOSPI,,9270,80,0.87,9200,9340,9180,446090,4136195780,1567981871910,169145833
20210809,001530,DI동일,KOSPI,,332000,12000,3.75,322500,344000,316500,56795,18825556000,833537460000,2510655
20210809,000210,DL,KOSPI,,75300,-1300,-1.70,76500,76600,74900,174997,13205775000,1577978065200,20955884
20210809,001880,DL건설,KOSPI,,32800,-350,-1.06,33300,33300,32750,38274,1257608400,723347715200,22053284
20210809,000215,DL우,KOSPI,,44850,-300,-0.66,45200,45350,44650,3079,137999200,75622257750,1686115
20210809,375500,DL이앤씨,KOSPI,,142500,-2500,-1.72,144000,144500,142000,159627,22823413000,2758620165000,19358738
20210809,37550K,DL이앤씨우,KOSPI,,79700,-300,-0.38,80000,80400,79600,5688,454124600,168476634500,2113885
20210809,004840,DRB동일,KOSPI,,7490,-20,-0.27,7510,7510,7330,18542,137375010,149275700000,19930000
20210809,155660,DSR,KOSPI,,6400,-70,-1.08,6460,6460,6200,43665,279312680,102400000000,16000000
20210809,069730,DSR제강,KOSPI,,6200,-40,-0.64,6240,6280,6160,79673,495546590,89280000000,14400000
20210809,017940,E1,KOSPI,,55800,300,0.54,55600,56700,55500,16414,919258600,382788000000,6860000
20210809,365550,ESR켄달스퀘어리츠,KOSPI,,6880,110,1.62,6870,6950,6810,247795,1699590850,985621920000,143259000
20210809,383220,F&F,KOSPI,,634000,6000,0.96,628000,638000,626000,16609,10483479000,4857337110000,7661415
20210809,007700,F&F홀딩스,KOSPI,,36850,-600,-1.60,37450,37650,36650,37605,1390366550,285166857250,7738585
20210809,114090,GKL,KOSPI,,16350,-50,-0.30,16250,16400,16000,235175,3809574700,1011340204500,61855670
20210809,078930,GS,KOSPI,,42700,-450,-1.04,42850,43100,42600,156286,6682340100,3967486640600,92915378
20210809,006360,GS건설,KOSPI,,42600,-850,-1.96,43050,43250,42550,523303,22418157850,3645771474000,85581490
20210809,001250,GS글로벌,KOSPI,,2895,70,2.48,2845,2920,2825,494395,1420539420,238935246780,82533764
20210809,007070,GS리테일,KOSPI,,34450,350,1.03,34200,34450,34100,378704,12979524700,3607532412900,104717922
20210809,078935,GS우,KOSPI,,36300,-100,-0.27,36400,36400,36100,3295,119254750,64789183800,1784826
20210809,012630,HDC,KOSPI,,12050,-200,-1.63,12200,12250,12000,285454,3447083800,719887738050,59741721
20210809,039570,HDC아이콘트롤스,KOSPI,,13750,-400,-2.83,14150,14150,13550,56136,771592100,226325000000,16460000
20210809,089470,HDC현대EP,KOSPI,,5920,40,0.68,5880,5940,5850,89074,525253980,188848000000,31900000
20210809,294870,HDC현대산업개발,KOSPI,,30200,-600,-1.95,30650,30800,30050,298505,9025552300,1990401366000,65907330
20210809,011200,HMM,KOSPI,,39650,-300,-0.75,40050,40600,39300,2863882,114233098900,16073812109550,405392487
20210809,082740,HSD엔진,KOSPI,,8100,-260,-3.11,8320,8320,8050,604991,4911212300,378442092600,46721246
20210809,003560,IHQ,KOSPI,,1790,-45,-2.45,1835,1835,1790,1090749,1963084395,261761988920,146235748
20210809,175330,JB금융지주,KOSPI,,7680,30,0.39,7700,7770,7620,458557,3524248140,1512828625920,196982894
20210809,234080,JW생명과학,KOSPI,,18500,0,0.00,18500,18600,18450,21469,397292550,292939249000,15834554
20210809,001060,JW중외제약,KOSPI,,28950,-250,-0.86,29200,29200,28800,40201,1162831000,623580857700,21539926
20210809,001067,JW중외제약2우B,KOSPI,,57800,100,0.17,57700,57800,57000,310,17744300,5377018400,93028
20210809,001065,JW중외제약우,KOSPI,,38100,0,0.00,37800,38100,37600,590,22332500,6762216600,177486
20210809,096760,JW홀딩스,KOSPI,,4405,-15,-0.34,4420,4425,4390,45940,202078750,301483406710,68441182
20210809,105560,KB금융,KOSPI,,53000,800,1.53,52600,53200,52500,1879902,99422912100,22037819760000,415807920
20210809,002380,KCC,KOSPI,,323500,-5000,-1.52,326000,328500,320000,43598,14072380500,2874773368500,8886471
20210809,344820,KCC글라스,KOSPI,,69800,-1900,-2.65,71700,72000,69700,94711,6664693200,1114741737600,15970512
20210809,009070,KCTC,KOSPI,,7690,-110,-1.41,7800,7830,7680,211613,1633242370,230700000000,30000000
20210809,009440,KC그린홀딩스,KOSPI,,6140,50,0.82,6080,6160,5900,250587,1513829000,137750777200,22434980
20210809,119650,KC코트렐,KOSPI,,8450,-310,-3.54,8670,8730,8400,538550,4576318440,148720000000,17600000
20210809,092220,KEC,KOSPI,,2470,0,0.00,2490,2495,2460,1165924,2887033225,288266141800,116706940
20210809,016380,KG동부제철,KOSPI,,16300,-300,-1.81,16550,16600,16200,197219,3216024300,1630145021100,100008897
20210809,016385,KG동부제철우,KOSPI,,122000,0,0.00,122000,123500,120500,153,18652000,6512970000,53385
20210809,001390,KG케미칼,KOSPI,,36600,-1000,-2.66,37250,37400,36600,174962,6440068400,507499113600,13866096
20210809,033180,KH 필룩스,KOSPI,,3260,-110,-3.26,3350,3350,3250,993189,3254287135,434537908620,133293837
20210809,001940,KISCO홀딩스,KOSPI,,20150,-50,-0.25,20200,20300,19600,32425,644646850,372299057000,18476380
20210809,025000,KPX케미칼,KOSPI,,64000,-200,-0.31,64200,64500,63500,2654,169355200,309760000000,4840000
20210809,092230,KPX홀딩스,KOSPI,,67900,-700,-1.02,68900,68900,67800,1725,117198300,286853463400,4224646
20210809,000040,KR모터스,KOSPI,,1200,-25,-2.04,1230,1230,1185,701770,840512140,115364841600,96137368
20210809,044450,KSS해운,KOSPI,,11600,-50,-0.43,11650,11700,11500,69088,799826800,268956208000,23185880
20210809,030200,KT,KOSPI,,33650,150,0.45,33250,33700,33200,928239,31078091950,8786412339200,261111808
20210809,033780,KT&G,KOSPI,,81700,-500,-0.61,81700,82100,81600,468943,38308771500,11216797004900,137292497
20210809,030210,KTB투자증권,KOSPI,,7680,-120,-1.54,7820,7850,7600,380764,2930771100,463212226560,60314092
20210809,058850,KTcs,KOSPI,,3120,-25,-0.79,3150,3185,3115,285763,894870130,133177200000,42685000
20210809,058860,KTis,KOSPI,,2910,-35,-1.19,2945,2945,2900,95477,278535210,101273820000,34802000
20210809,093050,LF,KOSPI,,17750,-500,-2.74,18150,18250,17650,224040,3987976500,519010000000,29240000
20210809,003550,LG,KOSPI,,94800,0,0.00,94200,95200,93500,235229,22194644900,14912134136400,157300993
20210809,034220,LG디스플레이,KOSPI,,21950,-300,-1.35,22250,22450,21950,2046780,45100610500,7854054615000,357815700
20210809,051900,LG생활건강,KOSPI,,1452000,-6000,-0.41,1451000,1456000,1441000,33483,48369364000,22677622044000,15618197
20210809,051905,LG생활건강우,KOSPI,,679000,-4000,-0.59,686000,686000,678000,2488,1690310000,1425694263000,2099697
20210809,003555,LG우,KOSPI,,72400,-300,-0.41,72400,72900,72200,8496,614660100,218765288000,3021620
20210809,032640,LG유플러스,KOSPI,,14600,0,0.00,14650,14750,14550,955796,13983958100,6374525870600,436611361
20210809,011070,LG이노텍,KOSPI,,220000,-2000,-0.90,222500,222500,219500,99794,22009245000,5206763540000,23667107
20210809,066570,LG전자,KOSPI,,161000,4000,2.55,157500,162000,157000,1152308,184831867500,26347298054000,163647814
20210809,066575,LG전자우,KOSPI,,75400,400,0.53,75600,76200,75000,73747,5573647300,1295823796800,17185992
20210809,037560,LG헬로비전,KOSPI,,8160,370,4.75,7940,8930,7920,21000234,178604802560,631966418400,77446865
20210809,051910,LG화학,KOSPI,,846000,4000,0.48,843000,847000,835000,162031,136142830439,59721122178000,70592343
20210809,051915,LG화학우,KOSPI,,383500,-4000,-1.03,385500,387500,383000,9883,3795161500,2948654800000,7688800
20210809,079550,LIG넥스원,KOSPI,,43150,-900,-2.04,44100,44150,43100,98313,4279300800,949300000000,22000000
20210809,006260,LS,KOSPI,,70100,-1200,-1.68,70500,70700,69700,117102,8217070800,2257220000000,32200000
20210809,010120,LS ELECTRIC,KOSPI,,65700,-1200,-1.79,66900,66900,65200,178643,11745945000,1971000000000,30000000
20210809,000680,LS네트웍스,KOSPI,,4150,-55,-1.31,4205,4275,4150,136366,572330980,327032516400,78803016
20210809,229640,LS전선아시아,KOSPI,,8780,-160,-1.79,8920,9070,8760,215807,1904845730,268886437620,30624879
20210809,001120,LX인터내셔널,KOSPI,,29350,50,0.17,29250,29650,29000,174517,5123396300,1137606000000,38760000
20210809,108670,LX하우시스,KOSPI,,92600,-2700,-2.83,94800,94800,92400,69703,6470584800,830406242000,8967670
20210809,108675,LX하우시스우,KOSPI,,40950,-700,-1.68,41950,41950,40700,5308,217510750,42273913500,1032330
20210809,383800,LX홀딩스,KOSPI,,10600,-100,-0.93,10700,10700,10550,267766,2839408200,808575314000,76280690
20210809,38380K,LX홀딩스1우,KOSPI,,17450,-100,-0.57,17550,17550,17400,7067,123297100,25569223250,1465285
20210809,023150,MH에탄올,KOSPI,,10350,-250,-2.36,10500,10550,10200,81839,849276850,76367744100,7378526
20210809,035420,NAVER,KOSPI,,447500,3000,0.67,438000,449000,435000,528032,234903002500,73507869262500,164263395
20210809,181710,NHN,KOSPI,,77200,300,0.39,76800,77400,75800,42433,3245879900,1510419930000,19565025
20210809,005940,NH투자증권,KOSPI,,12850,0,0.00,12850,12950,12800,355143,4567904050,3616104197950,281408887
20210809,005945,NH투자증권우,KOSPI,,11700,50,0.43,11700,11700,11600,72090,839749550,220790325600,18870968
20210809,338100,NH프라임리츠,KOSPI,,4930,10,0.20,4920,4940,4905,44531,219370725,91993800000,18660000
20210809,034310,NICE,KOSPI,,18750,-50,-0.27,18800,18800,18650,35082,656808350,710293125000,37882300
20210809,008260,NI스틸,KOSPI,,4865,-35,-0.71,4865,4910,4840,94099,458339925,139139569205,28600117
20210809,004250,NPC,KOSPI,,6380,330,5.45,6110,6380,5930,3144075,19396993180,234273600000,36720000
20210809,004255,NPC우,KOSPI,,3425,50,1.48,3375,3425,3335,20271,68389430,18084000000,5280000
20210809,010060,OCI,KOSPI,,114000,0,0.00,113500,114500,112500,156888,17805928500,2718828294000,23849371
20210809,178920,PI첨단소재,KOSPI,,57200,3800,7.12,53800,57900,53000,618785,34859923300,1679753618400,29366322
20210809,005490,POSCO,KOSPI,,337500,-3500,-1.03,339500,340500,335000,394554,132960688500,29425556812500,87186835
20210809,010950,S-Oil,KOSPI,,94600,-2300,-2.37,95600,95600,93700,398160,37552384800,10650332123200,112582792
20210809,010955,S-Oil우,KOSPI,,54600,-800,-1.44,55400,55800,54300,21365,1171215000,219597214200,4021927
20210809,034120,SBS,KOSPI,,50500,-1300,-2.51,51800,51800,50000,138698,7028235100,921755391000,18252582
20210809,101060,SBS미디어홀딩스,KOSPI,,2195,-65,-2.88,2275,2280,2190,357767,793960795,307072137050,139896190
20210809,005090,SGC에너지,KOSPI,,49650,-100,-0.20,49750,49800,48550,95332,4672411850,728713248600,14677004
20210809,001380,SG글로벌,KOSPI,,3045,-70,-2.25,3120,3120,3035,167449,512609910,136915815435,44964143
20210809,004060,SG세계물산,KOSPI,,830,0,0.00,826,839,812,1086703,900647606,168012716800,202424960
20210809,001770,SHD,KOSPI,,28300,250,0.89,28050,28550,27750,8049,227078800,34381047400,1214878
20210809,002360,SH에너지화학,KOSPI,,1100,-20,-1.79,1110,1120,1090,694762,764679180,122247103000,111133730
20210809,009160,SIMPAC,KOSPI,,6620,-160,-2.36,6780,6800,6580,232818,1548770980,433143395920,65429516
20210809,123700,SJM,KOSPI,,5500,140,2.61,5360,5520,5330,63553,347020870,85826939000,15604898
20210809,025530,SJM홀딩스,KOSPI,,4535,20,0.44,4515,4600,4515,39839,180839775,67725726280,14934008
20210809,034730,SK,KOSPI,,273500,-5000,-1.80,275000,280000,272500,142079,38931418000,19243541229500,70360297
20210809,011790,SKC,KOSPI,,166500,5500,3.42,161500,168500,160000,470208,77523681000,6305071617000,37868298
20210809,018670,SK가스,KOSPI,,115000,0,0.00,117000,117000,114500,6175,710689000,1061478060000,9230244
20210809,001740,SK네트웍스,KOSPI,,5850,-100,-1.68,5910,5920,5840,611805,3584868470,1451897734950,248187647
20210809,001745,SK네트웍스우,KOSPI,,113500,-500,-0.44,115500,115500,112500,625,70610500,12899048000,113648
20210809,006120,SK디스커버리,KOSPI,,50100,0,0.00,49950,50100,49500,46733,2328331750,953796535500,19037855
20210809,006125,SK디스커버리우,KOSPI,,39600,-250,-0.63,39950,39950,39450,3522,139548950,53794818000,1358455
20210809,210980,SK디앤디,KOSPI,,38500,50,0.13,38550,38900,38150,118175,4565793000,777321314000,20190164
20210809,068400,SK렌터카,KOSPI,,13200,-1050,-7.37,14250,14250,13200,821865,11118903500,624173088000,47285840
20210809,302440,SK바이오사이언스,KOSPI,,232500,-12000,-4.91,236500,240500,230000,2285222,535362830500,17786250000000,76500000
20210809,326030,SK바이오팜,KOSPI,,124500,-2500,-1.97,127500,127500,123500,252244,31440039000,9749999625000,78313250
20210809,361610,SK아이이테크놀로지,KOSPI,,209500,-3000,-1.41,212000,215000,207000,382155,80411539000,14936845524000,71297592
20210809,03473K,SK우,KOSPI,,249500,-1000,-0.40,250500,250500,247000,1203,298784000,141250682500,566135
20210809,096770,SK이노베이션,KOSPI,,240500,0,0.00,243000,244500,236500,673303,161515735500,22237968142000,92465564
20210809,096775,SK이노베이션우,KOSPI,,159500,-1000,-0.62,162500,162500,158000,12117,1928271000,199123947000,1248426
20210809,001510,SK증권,KOSPI,,990,-5,-0.50,997,997,990,2022717,2005431606,467864269290,472590171
20210809,001515,SK증권우,KOSPI,,4520,-55,-1.20,4570,4570,4520,9742,44167380,17684563280,3912514
20210809,285130,SK케미칼,KOSPI,,257000,-11000,-4.10,270000,270500,256500,197879,51399884500,3020108772000,11751396
20210809,28513K,SK케미칼우,KOSPI,,113000,-4000,-3.42,117500,118000,112500,14587,1666811500,164829710000,1458670
20210809,017670,SK텔레콤,KOSPI,,302000,-3500,-1.15,305000,305500,301000,127992,38682138500,21762163186000,72060143
20210809,000660,SK하이닉스,KOSPI,,116000,-2000,-1.69,117500,118000,116000,2755724,321254510500,84448274340000,728002365
20210809,064960,SNT모티브,KOSPI,,59200,-1300,-2.15,60200,60300,59200,59842,3562308400,865689651200,14623136
20210809,100840,SNT에너지,KOSPI,,20900,-150,-0.71,21150,21150,20550,27795,578509050,156890259900,7506711
20210809,003570,SNT중공업,KOSPI,,10500,-150,-1.41,10550,10700,10500,82408,872351000,349153318500,33252697
20210809,036530,SNT홀딩스,KOSPI,,20200,-50,-0.25,20250,20400,20100,12972,261374400,329338497200,16303886
20210809,005610,SPC삼립,KOSPI,,84500,200,0.24,85500,85500,84200,17267,1463863600,729151260500,8629009
20210809,011810,STX,KOSPI,,6820,-260,-3.67,7090,7090,6810,77117,531381550,136865806000,20068300
20210809,077970,STX엔진,KOSPI,,12250,50,0.41,12400,12400,11850,121847,1471244750,281859074000,23008904
20210809,071970,STX중공업,KOSPI,,6270,-230,-3.54,6500,6590,6240,367330,2324343910,177854669520,28365976
20210809,002820,SUN&L,KOSPI,,6540,90,1.40,6490,6680,6430,30920,201811060,82456248060,12607989
20210809,084870,TBH글로벌,KOSPI,,2700,30,1.12,2695,2760,2670,59037,158912300,56313411300,20856819
20210809,002710,TCC스틸,KOSPI,,6540,190,2.99,6390,6730,6340,1006295,6611247350,153690000000,23500000
20210809,002900,TYM,KOSPI,,2670,60,2.30,2620,2695,2525,49546105,130052457200,377443866480,141364744
20210809,024070,WISCOM,KOSPI,,4470,-80,-1.76,4575,4600,4445,69747,312697290,68509177860,15326438
20210809,037270,YG PLUS,KOSPI,,7280,-80,-1.09,7250,7430,7190,1627652,11890299060,461766104800,63429410
20210809,000500,가온전선,KOSPI,,32100,-100,-0.31,32250,32550,31500,42856,1361248550,133547138700,4160347
20210809,000860,강남제비스코,KOSPI,,31050,-300,-0.96,31350,32000,31050,6439,201536200,201825000000,6500000
20210809,035250,강원랜드,KOSPI,,27100,-100,-0.37,26900,27150,26850,476587,12846199250,5797787550000,213940500
20210809,011420,갤럭시아에스엠,KOSPI,,2925,-185,-5.95,3090,3130,2925,3878690,11747838920,80582708700,27549644
20210809,002100,경농,KOSPI,,16950,-500,-2.87,17200,17650,16850,340733,5868989600,330907646250,19522575
20210809,009450,경동나비엔,KOSPI,,77300,100,0.13,77200,78700,76600,56532,4392656000,1051645629000,13604730
20210809,267290,경동도시가스,KOSPI,,23800,-200,-0.83,23850,23900,23650,11809,280206650,140310662800,5895406
20210809,012320,경동인베스트,KOSPI,,40150,150,0.38,40050,40150,39800,1714,68546000,94955673450,2365023
20210809,000050,경방,KOSPI,,14550,0,0.00,14750,14850,14500,56581,826615550,398892178500,27415270
20210809,214390,경보제약,KOSPI,,13600,-300,-2.16,13800,13850,13500,102715,1399991700,325133296000,23906860
20210809,012610,경인양행,KOSPI,,6850,-50,-0.72,6900,6900,6810,104404,714732370,284592600250,41546365
20210809,009140,경인전자,KOSPI,,35000,450,1.30,34600,35600,34550,8741,306527900,54977895000,1570797
20210809,013580,계룡건설,KOSPI,,32050,-700,-2.14,33000,33000,32050,46194,1494477000,286235569350,8930907
20210809,012200,계양전기,KOSPI,,5240,-200,-3.68,5500,5500,5230,620331,3315767090,170824000000,32600000
20210809,012205,계양전기우,KOSPI,,8170,20,0.25,8350,8400,8010,24820,204630740,11438000000,1400000
20210809,002140,고려산업,KOSPI,,4120,-35,-0.84,4165,4170,4100,98423,405948685,102750431000,24939425
20210809,010130,고려아연,KOSPI,,522000,-5000,-0.95,520000,531000,516000,46985,24648936000,9850140000000,18870000
20210809,002240,고려제강,KOSPI,,24100,-200,-0.82,24300,24300,23900,11156,267768150,554300000000,23000000
20210809,009290,광동제약,KOSPI,,8780,-30,-0.34,8800,8860,8760,98168,863008240,460255071780,52420851
20210809,017040,광명전기,KOSPI,,3210,-135,-4.04,3345,3345,3200,987181,3230637610,139113744150,43337615
20210809,017900,광전자,KOSPI,,2925,-55,-1.85,2955,2970,2875,670114,1959062530,169485506775,57943763
20210809,037710,광주신세계,KOSPI,,207500,4000,1.97,203500,210000,200000,11136,2312848000,332000000000,1600000
20210809,030610,교보증권,KOSPI,,8510,-10,-0.12,8530,8560,8480,31202,265737670,550199548960,64653296
20210809,339770,교촌에프앤비,KOSPI,,19900,-100,-0.50,20100,20150,19800,98545,1960394700,497152546000,24982540
20210809,007690,국도화학,KOSPI,,86000,-2000,-2.27,88200,90000,85700,69510,6038877300,499712976000,5810616
20210809,005320,국동,KOSPI,,3730,-130,-3.37,3820,3885,3730,663404,2520424445,200835464240,53843288
20210809,001140,국보,KOSPI,,1375,-40,-2.83,1420,1430,1365,920532,1275268795,83965118875,61065541
20210809,002720,국제약품,KOSPI,,7240,-130,-1.76,7370,7490,7180,108558,787961250,139558891600,19276090
20210809,083420,그린케미칼,KOSPI,,12400,100,0.81,12300,12550,12050,232707,2869139000,297600000000,24000000
20210809,014530,극동유화,KOSPI,,4530,-110,-2.37,4615,4625,4525,114998,523370085,157958472600,34869420
20210809,014280,금강공업,KOSPI,,7890,-310,-3.78,8210,8230,7880,168513,1343295110,231408626730,29329357
20210809,014285,금강공업우,KOSPI,,18200,-900,-4.71,19500,19500,18050,38849,720943850,10735725000,589875
20210809,008870,금비,KOSPI,,76100,-1500,-1.93,79300,79300,75400,2472,187974000,76100000000,1000000
20210809,001570,금양,KOSPI,,5130,-30,-0.58,5130,5170,5080,165698,849878920,245889190080,47931616
20210809,002990,금호건설,KOSPI,,12350,50,0.41,12400,12500,12300,101640,1258672400,452428961400,36633924
20210809,002995,금호건설우,KOSPI,,34050,-100,-0.29,34200,34200,33950,644,21926700,9951657300,292266
20210809,011780,금호석유,KOSPI,,201500,-10000,-4.73,210000,210500,201000,643916,130681338500,6139239736500,30467691
20210809,011785,금호석유우,KOSPI,,120000,-4500,-3.61,122500,123500,119500,75970,9182383000,362818320000,3023486
20210809,214330,금호에이치티,KOSPI,,2360,-45,-1.87,2395,2395,2345,1117663,2640563390,295608079960,125257661
20210809,001210,금호전기,KOSPI,,2780,15,0.54,2750,2810,2750,72955,203137240,45779652780,16467501
20210809,073240,금호타이어,KOSPI,,6550,-170,-2.53,6600,6700,6470,638120,4169726890,1881554879850,287260287
20210809,092440,기신정기,KOSPI,,4770,-125,-2.55,4890,4905,4770,137334,661281690,139284000000,29200000
20210809,000270,기아,KOSPI,,86200,600,0.70,85300,86500,84900,1311698,112577926700,34942320511400,405363347
20210809,024110,기업은행,KOSPI,,10350,-100,-0.96,10550,10550,10350,1097887,11454928200,7703511075450,744300587
20210809,013700,까뮤이앤씨,KOSPI,,2500,15,0.60,2515,2560,2495,524624,1321411650,112880700000,45152280
20210809,004540,깨끗한나라,KOSPI,,5770,-340,-5.56,6180,6180,5720,763367,4470032490,214878798610,37240693
20210809,004545,깨끗한나라우,KOSPI,,29200,-1100,-3.63,30300,30300,29200,4404,129266050,10691872000,366160
20210809,001260,남광토건,KOSPI,,16450,-150,-0.90,16450,16750,16300,56924,939778700,161685421450,9828901
20210809,008350,남선알미늄,KOSPI,,3985,-100,-2.45,4075,4085,3985,2049840,8220075005,439063673650,110179090
20210809,008355,남선알미우,KOSPI,,45100,-750,-1.64,45850,45850,44500,3265,146130700,13885839000,307890
20210809,004270,남성,KOSPI,,3400,-50,-1.45,3425,3450,3370,122306,415254620,123121344000,36212160
20210809,003920,남양유업,KOSPI,,556000,-8000,-1.42,564000,565000,555000,4075,2277053000,400320000000,720000
20210809,003925,남양유업우,KOSPI,,316000,-3000,-0.94,316500,316500,314500,527,166221500,52665192000,166662
20210809,025860,남해화학,KOSPI,,12350,550,4.66,11750,12750,11600,3310483,40775547300,613533711050,49678843
20210809,005720,넥센,KOSPI,,5050,-40,-0.79,5090,5090,5030,25108,126774110,270397083850,53543977
20210809,005725,넥센우,KOSPI,,3750,80,2.18,3670,3795,3670,6761,25570755,13502250000,3600600
20210809,002350,넥센타이어,KOSPI,,9140,-370,-3.89,9380,9420,9100,332719,3053217140,892684395780,97667877
20210809,002355,넥센타이어1우B,KOSPI,,3875,-30,-0.77,3900,3910,3875,5436,21155095,25187500000,6500000
20210809,003580,넥스트사이언스,KOSPI,,32250,500,1.57,32200,35450,30250,5690005,187025339250,1340820743250,41575837
20210809,251270,넷마블,KOSPI,,135000,-1500,-1.10,135500,136000,134000,231939,31256379000,11603722770000,85953502
20210809,090350,노루페인트,KOSPI,,11700,-100,-0.85,11800,11800,11600,84831,991195350,234000000000,20000000
20210809,090355,노루페인트우,KOSPI,,24950,-1000,-3.85,24950,24950,24600,12806,317855250,11554993700,463126
20210809,000320,노루홀딩스,KOSPI,,13700,-250,-1.79,13950,13950,13700,20312,279395000,182088768700,13291151
20210809,000325,노루홀딩스우,KOSPI,,58300,-2100,-3.48,57900,58900,56600,14348,825497100,10800075000,185250
20210809,006280,녹십자,KOSPI,,318500,-13500,-4.07,331000,331000,315000,119490,38247274500,3722162353000,11686538
20210809,005250,녹십자홀딩스,KOSPI,,32450,-850,-2.55,33450,33450,32300,145763,4760477350,1526065414500,47028210
20210809,005257,녹십자홀딩스2우,KOSPI,,74900,-2600,-3.35,75600,75600,74600,697,52443000,63364651000,845990
20210809,004370,농심,KOSPI,,320000,-2000,-0.62,321500,321500,318000,22335,7140307000,1946445440000,6082642
20210809,072710,농심홀딩스,KOSPI,,79600,-200,-0.25,79800,79800,79200,4248,337111300,369168084000,4637790
20210809,058730,다스코,KOSPI,,6440,-140,-2.13,6530,6600,6350,84947,546530830,104972000000,16300000
20210809,023590,다우기술,KOSPI,,27300,0,0.00,27300,27450,27250,95861,2621748750,1224858644100,44866617
20210809,019680,대교,KOSPI,,4725,-95,-1.97,4720,4820,4710,100446,475763880,400220966250,84702850
20210809,019685,대교우B,KOSPI,,3585,-35,-0.97,3740,3740,3575,79963,288848560,69645759150,19426990
20210809,006370,대구백화점,KOSPI,,11100,-50,-0.45,11150,11200,10950,8162,90383350,120119882100,10821611
20210809,008060,대덕,KOSPI,,7810,60,0.77,7780,7960,7750,543370,4274009560,264682071500,33890150
20210809,00806K,대덕1우,KOSPI,,12750,250,2.00,12500,12900,12500,17459,222266400,15457551750,1212357
20210809,353200,대덕전자,KOSPI,,17400,950,5.78,16750,18050,16650,12152992,213110835950,859854495000,49416925
20210809,35320K,대덕전자1우,KOSPI,,15950,250,1.59,15800,17150,15800,305741,5025615200,33423528050,2095519
20210809,000490,대동,KOSPI,,14300,100,0.70,14150,14850,14150,1456212,21080953400,339313403000,23728210
20210809,008110,대동전자,KOSPI,,7550,10,0.13,7570,7660,7470,87560,662936570,79202874850,10490447
20210809,005750,대림B&Co,KOSPI,,8170,-50,-0.61,8300,8300,8000,116412,943952750,136212200800,16672240
20210809,006570,대림통상,KOSPI,,4270,20,0.47,4280,4290,4215,10263,43499090,65010750000,15225000
20210809,001680,대상,KOSPI,,27600,50,0.18,27600,27900,27400,194990,5399526700,956285490000,34648025
20210809,001685,대상우,KOSPI,,20600,50,0.24,20600,20650,20450,1797,36932500,28226593800,1370223
20210809,084690,대상홀딩스,KOSPI,,11100,-50,-0.45,11150,11150,11000,58136,642850900,401959171800,36212538
20210809,084695,대상홀딩스우,KOSPI,,13200,50,0.38,13200,13250,13100,3801,50030750,12057962400,913482
20210809,128820,대성산업,KOSPI,,4935,-25,-0.50,4960,4990,4920,111613,550825740,223237083930,45235478
20210809,117580,대성에너지,KOSPI,,6320,-130,-2.02,6450,6490,6290,55483,352437840,173800000000,27500000
20210809,016710,대성홀딩스,KOSPI,,37950,-150,-0.39,38100,38400,37850,25979,985581200,610594969050,16089459
20210809,003540,대신증권,KOSPI,,18100,0,0.00,18200,18300,17900,113420,2051460500,918998540000,50773400
20210809,003547,대신증권2우B,KOSPI,,15900,-100,-0.63,16100,16100,15800,15126,241172500,159000000000,10000000
20210809,003545,대신증권우,KOSPI,,16550,-50,-0.30,16550,16700,16350,98127,1617866650,430300000000,26000000
20210809,009190,대양금속,KOSPI,,5700,10,0.18,5690,5770,5640,594001,3391923850,176471931600,30959988
20210809,014160,대영포장,KOSPI,,3055,-20,-0.65,3075,3115,3035,1790186,5491309740,331145347195,108394549
20210809,047040,대우건설,KOSPI,,7110,-130,-1.80,7220,7220,7070,2001476,14262218090,2955076956180,415622638
20210809,009320,대우부품,KOSPI,,2605,20,0.77,2600,2640,2560,281909,733319675,124118806875,47646375
20210809,042660,대우조선해양,KOSPI,,30850,-1050,-3.29,31650,31900,30850,372180,11574649150,3309917138650,107290669
20210809,003090,대웅,KOSPI,,37350,-1550,-3.98,38700,38800,37050,273138,10253811600,2171602953000,58141980
20210809,069620,대웅제약,KOSPI,,173500,-11500,-6.22,186000,186500,173000,216405,38264319500,2010270762500,11586575
20210809,000430,대원강업,KOSPI,,4295,95,2.26,4215,4310,4200,451975,1924184880,266290000000,62000000
20210809,006340,대원전선,KOSPI,,2400,-105,-4.19,2460,2485,2400,1871751,4538694880,170440720800,71016967
20210809,006345,대원전선우,KOSPI,,4355,-145,-3.22,4455,4455,4355,49311,217205065,11415326000,2621200
20210809,003220,대원제약,KOSPI,,18200,2200,13.75,16450,20800,16450,13205406,255175386600,386291778600,21224823
20210809,024890,대원화성,KOSPI,,2995,-25,-0.83,2985,3075,2955,928127,2803631260,123541210240,41249152
20210809,002880,대유에이텍,KOSPI,,1465,60,4.27,1415,1480,1405,2717092,3934509255,163297588915,111465931
20210809,000300,대유플러스,KOSPI,,1420,-65,-4.38,1480,1485,1395,2480562,3564078635,171818259080,120998774
20210809,012800,대창,KOSPI,,2575,-70,-2.65,2650,2660,2570,2094508,5458833540,234686784925,91140499
20210809,015230,대창단조,KOSPI,,8660,20,0.23,8640,8660,8580,27226,234689230,123717755900,14286115
20210809,001070,대한방직,KOSPI,,43900,-200,-0.45,43850,44100,43850,2342,102953750,232670000000,5300000
20210809,006650,대한유화,KOSPI,,248500,1000,0.40,247500,253000,241500,80958,19974966500,1615250000000,6500000
20210809,001440,대한전선,KOSPI,,2615,-125,-4.56,2700,2705,2600,18895318,49864187195,2239676918535,856473009
20210809,084010,대한제강,KOSPI,,21000,-300,-1.41,21300,21300,20750,133222,2782247400,517581414000,24646734
20210809,001790,대한제당,KOSPI,,3130,-30,-0.95,3140,3160,3115,230572,722138305,280750295400,89696580
20210809,001795,대한제당우,KOSPI,,3700,-55,-1.46,3755,3775,3670,90173,334929715,23986212000,6482760
20210809,001130,대한제분,KOSPI,,171000,-3500,-2.01,175000,175000,170000,8313,1425388500,288990000000,1690000
20210809,003490,대한항공,KOSPI,,30200,-400,-1.31,30450,30700,30150,1384930,41986704550,10504188915000,347820825
20210809,003495,대한항공우,KOSPI,,39950,-400,-0.99,40000,40350,39800,5859,233874700,44376220300,1110794
20210809,005880,대한해운,KOSPI,,3000,-80,-2.60,3080,3085,3000,1848503,5594057130,957532380000,319177460
20210809,003830,대한화섬,KOSPI,,145500,1500,1.04,145000,146000,144000,139,20159500,193224000000,1328000
20210809,016090,대현,KOSPI,,2790,-40,-1.41,2830,2845,2790,168443,472713660,123547644900,44282310
20210809,069460,대호에이엘,KOSPI,,4225,-45,-1.05,4270,4300,4170,302841,1273998005,203657936950,48203062
20210809,192080,더블유게임즈,KOSPI,,62700,-1500,-2.34,64700,64700,62000,97121,6129300800,1152081275400,18374502
20210809,012510,더존비즈온,KOSPI,,81600,-1300,-1.57,82800,82900,81200,172331,14071074600,2475797937600,30340661
20210809,004830,덕성,KOSPI,,17700,-1400,-7.33,18900,18900,17450,1263462,22776999000,277536000000,15680000
20210809,004835,덕성우,KOSPI,,26000,-2050,-7.31,27300,27500,25400,132651,3489290300,36192000000,1392000
20210809,024900,덕양산업,KOSPI,,3480,-35,-1.00,3535,3545,3450,143383,501251435,113326130400,32564980
20210809,145720,덴티움,KOSPI,,74000,100,0.14,73900,74500,72100,78845,5787531000,819093420000,11068830
20210809,002150,도화엔지니어링,KOSPI,,9030,-90,-0.99,9120,9180,9010,44205,400881230,304491600000,33720000
20210809,001230,동국제강,KOSPI,,19800,-350,-1.74,20050,20100,19700,851623,16873255950,1889568192600,95432737
20210809,023450,동남합성,KOSPI,,64100,-1400,-2.14,64000,64300,64000,2758,176751000,231401000000,3610000
20210809,004140,동방,KOSPI,,6220,-90,-1.43,6270,6310,6210,617638,3852744400,248624384520,39971766
20210809,007590,동방아그로,KOSPI,,8530,-220,-2.51,8780,8800,8530,117988,1022154170,116157931810,13617577
20210809,005960,동부건설,KOSPI,,13950,0,0.00,14000,14100,13750,107746,1498448200,317107619550,22731729
20210809,005965,동부건설우,KOSPI,,42500,2700,6.78,39800,43500,39800,12322,520637050,9593610000,225732
20210809,026960,동서,KOSPI,,31950,250,0.79,31700,32150,31450,160213,5095490900,3185415000000,99700000
20210809,002210,동성제약,KOSPI,,10500,400,3.96,10250,10900,10200,711814,7570958500,274060185000,26100970
20210809,102260,동성케미컬,KOSPI,,6100,30,0.49,6040,6100,6020,75624,458030300,303107340800,49689728
20210809,000640,동아쏘시오홀딩스,KOSPI,,118000,-5500,-4.45,123500,123500,117000,57065,6784852500,746724886000,6328177
20210809,170900,동아에스티,KOSPI,,82600,-900,-1.08,83500,83500,82000,23131,1912302900,697463496800,8443868
20210809,028100,동아지질,KOSPI,,23000,-100,-0.43,23400,23400,22800,146364,3380136400,264500000000,11500000
20210809,282690,동아타이어,KOSPI,,12800,0,0.00,12800,12900,12700,21546,275693550,175782592000,13733015
20210809,001520,동양,KOSPI,,1820,-95,-4.96,1900,1905,1810,2805946,5170500865,434404994660,238684063
20210809,001527,동양2우B,KOSPI,,18100,-450,-2.43,18350,18350,17800,6888,123482200,5585098900,308569
20210809,001529,동양3우B,KOSPI,,48500,250,0.52,48250,48500,47450,5133,245985650,4351517000,89722
20210809,084670,동양고속,KOSPI,,23550,0,0.00,23300,23700,23300,6887,161317350,68190649950,2895569
20210809,082640,동양생명,KOSPI,,5430,-70,-1.27,5540,5550,5420,93762,511070940,876177116550,161358585
20210809,001525,동양우,KOSPI,,9320,-300,-3.12,9610,9610,9250,12355,115882700,5757252920,617731
20210809,008970,동양철관,KOSPI,,1685,-50,-2.88,1735,1740,1685,2852172,4859167230,200321713650,118885290
20210809,092780,동양피스톤,KOSPI,,6410,-40,-0.62,6450,6480,6400,68933,443615680,84409828600,13168460
20210809,049770,동원F&B,KOSPI,,213500,-5000,-2.29,217000,218500,213000,7985,1715087000,823922974000,3859124
20210809,018500,동원금속,KOSPI,,1020,5,0.49,1030,1070,1005,571445,594611325,47690031660,46754933
20210809,006040,동원산업,KOSPI,,246000,-7000,-2.77,250500,251000,245000,3838,948322500,904699686000,3677641
20210809,030720,동원수산,KOSPI,,9450,-50,-0.53,9560,9560,9390,33332,315038160,43978457250,4653805
20210809,014820,동원시스템즈,KOSPI,,43750,-450,-1.02,44150,44150,43100,24420,1060404750,1120809856250,25618511
20210809,014825,동원시스템즈우,KOSPI,,36100,100,0.28,36100,36100,35900,238,8585500,9579423800,265358
20210809,163560,동일고무벨트,KOSPI,,9810,0,0.00,9770,9840,9690,32819,320884880,136359000000,13900000
20210809,004890,동일산업,KOSPI,,111000,-1500,-1.33,111000,113000,110000,1528,169244000,269198865000,2425215
20210809,002690,동일제강,KOSPI,,4220,-105,-2.43,4325,4340,4210,56846,242331485,63300000000,15000000
20210809,000020,동화약품,KOSPI,,15250,350,2.35,14900,15600,14900,451102,6902963700,425954917500,27931470
20210809,000150,두산,KOSPI,,95000,-2200,-2.26,96600,96700,94200,71184,6774481500,1569764325000,16523835
20210809,000157,두산2우B,KOSPI,,136000,-1500,-1.09,136500,138000,134000,2907,393666500,121453168000,893038
20210809,241560,두산밥캣,KOSPI,,43500,-500,-1.14,43500,44250,43300,254772,11133287900,4360838721000,100249166
20210809,000155,두산우,KOSPI,,66700,-1200,-1.77,67900,68200,66600,3614,242189100,266564015400,3996462
20210809,042670,두산인프라코어,KOSPI,,16500,-200,-1.20,16650,16650,16350,879620,14499407050,1292102262000,78309228
20210809,034020,두산중공업,KOSPI,,21450,-950,-4.24,22400,22400,21400,5408738,117220096650,10991332230450,512416421
20210809,336260,두산퓨얼셀,KOSPI,,50100,150,0.30,50000,50600,49500,502073,25072669400,3281235672600,65493726
20210809,33626K,두산퓨얼셀1우,KOSPI,,15850,-100,-0.63,15950,16050,15700,55236,874966600,211822570000,13364200
20210809,33626L,두산퓨얼셀2우B,KOSPI,,21950,-100,-0.45,22100,22300,21600,14299,312731150,65549285000,2986300
20210809,016740,두올,KOSPI,,4780,0,0.00,4790,4800,4740,115138,548344480,137982730400,28866680
20210809,192650,드림텍,KOSPI,,13100,250,1.95,12900,13300,12750,669303,8769963350,855341850100,65293271
20210809,024090,디씨엠,KOSPI,,18700,100,0.54,18250,18700,18150,34438,636345050,218790000000,11700000
20210809,003160,디아이,KOSPI,,9500,200,2.15,9420,9640,9300,847872,8044686700,299219457500,31496785
20210809,092200,디아이씨,KOSPI,,6390,-100,-1.54,6490,6490,6310,470660,2997140300,248497955910,38888569
20210809,013570,디와이,KOSPI,,5810,40,0.69,5760,5830,5730,58056,335724240,152917067730,26319633
20210809,210540,디와이파워,KOSPI,,16450,-250,-1.50,16750,16750,16350,54943,906049400,181636096600,11041708
20210809,007340,디티알오토모티브,KOSPI,,40800,-200,-0.49,41550,41550,40600,318446,12995989950,407755404000,9994005
20210809,026890,디피씨,KOSPI,,13900,-50,-0.36,14000,14050,13850,315063,4389062950,579326632500,41678175
20210809,115390,락앤락,KOSPI,,13200,-300,-2.22,13400,13400,13100,74482,985366250,699700821600,53007638
20210809,032350,롯데관광개발,KOSPI,,19850,50,0.25,19750,19900,19550,273127,5387704850,1375121890700,69275662
20210809,330590,롯데리츠,KOSPI,,5890,0,0.00,5870,5930,5860,232728,1371291410,1431086726760,242968884
20210809,000400,롯데손해보험,KOSPI,,1885,-20,-1.05,1915,1915,1880,311497,588803495,584983963200,310336320
20210809,023530,롯데쇼핑,KOSPI,,108500,-2500,-2.25,108500,109000,107500,178104,19244200000,3069329917500,28288755
20210809,004000,롯데정밀화학,KOSPI,,71100,0,0.00,70900,71500,69700,180029,12666865300,1834380000000,25800000
20210809,286940,롯데정보통신,KOSPI,,41050,400,0.98,40900,41650,40700,63388,2607430150,632019387550,15396331
20210809,280360,롯데제과,KOSPI,,137500,-2000,-1.43,139500,140000,137000,5064,697867500,882298587500,6416717
20210809,004990,롯데지주,KOSPI,,37850,-550,-1.43,38300,38300,37800,127420,4831709350,3970814620450,104909237
20210809,00499K,롯데지주우,KOSPI,,58100,-1200,-2.02,59300,59300,58100,903,52591300,57380896300,987623
20210809,005300,롯데칠성,KOSPI,,138500,-3500,-2.46,141500,141500,138000,37147,5161477500,1285125434000,9278884
20210809,005305,롯데칠성우,KOSPI,,77300,0,0.00,77600,77900,76100,895,68651600,59931463000,775310
20210809,011170,롯데케미칼,KOSPI,,263500,-1500,-0.57,265500,267000,262000,134726,35594266500,9031572906500,34275419
20210809,002270,롯데푸드,KOSPI,,444000,-4000,-0.89,447500,448000,440000,2316,1028108000,536820420000,1209055
20210809,071840,롯데하이마트,KOSPI,,34300,-450,-1.29,34750,34750,33950,129021,4408007100,809744521600,23607712
20210809,027740,마니커,KOSPI,,685,-2,-0.29,695,697,684,1680601,1158456031,135953726890,198472594
20210809,204320,만도,KOSPI,,63300,-1400,-2.16,65000,65000,63100,257914,16390480000,2972385696000,46957120
20210809,001080,만호제강,KOSPI,,22300,-50,-0.22,22450,22450,22200,6471,144377000,92545000000,4150000
20210809,088980,맥쿼리인프라,KOSPI,,12300,0,0.00,12300,12300,12250,462326,5679871500,4577967565500,372192485
20210809,094800,맵스리얼티1,KOSPI,,4685,5,0.11,4680,4685,4630,23458,109455445,434928840735,92834331
20210809,138040,메리츠금융지주,KOSPI,,24450,-900,-3.55,25250,25400,24250,207030,5113439500,3276576138300,134011294
20210809,008560,메리츠증권,KOSPI,,5120,-20,-0.39,5090,5170,5070,1097684,5616244070,3490460564480,681730579
20210809,000060,메리츠화재,KOSPI,,25150,-550,-2.14,25850,26200,24950,329571,8417137250,3033718750000,120625000
20210809,090370,메타랩스,KOSPI,,1270,35,2.83,1240,1305,1230,1267700,1621321275,83038077510,65384313
20210809,017180,명문제약,KOSPI,,5760,80,1.41,5760,5920,5660,1528851,8899460360,195571895040,33953454
20210809,009900,명신산업,KOSPI,,35000,700,2.04,34750,35900,34300,1886656,66346483400,1836454655000,52470133
20210809,012690,모나리자,KOSPI,,5030,-120,-2.33,5140,5140,5030,133922,676662680,183953412650,36571255
20210809,005360,모나미,KOSPI,,5610,-70,-1.23,5690,5700,5550,235395,1319881640,106013892270,18897307
20210809,204210,모두투어리츠,KOSPI,,4195,-5,-0.12,4185,4195,4105,19672,81639745,32833488925,7826815
20210809,009680,모토닉,KOSPI,,11200,-50,-0.44,11250,11300,11100,25627,285264600,369600000000,33000000
20210809,009580,무림P&P,KOSPI,,5000,-30,-0.60,5090,5100,5000,201087,1012505510,311841620000,62368324
20210809,009200,무림페이퍼,KOSPI,,3110,-65,-2.05,3165,3185,3105,171357,534991815,129404954100,41609310
20210809,033920,무학,KOSPI,,7970,-100,-1.24,8100,8100,7970,22944,183893460,227145000000,28500000
20210809,008420,문배철강,KOSPI,,5040,-70,-1.37,5110,5120,4990,181445,911675350,103337665200,20503505
20210809,025560,미래산업,KOSPI,,14750,-450,-2.96,15150,15200,14550,110518,1632575700,65667103250,4452007
20210809,007120,미래아이앤지,KOSPI,,651,-8,-1.21,659,659,647,907834,591640640,84294180348,129484148
20210809,357250,미래에셋맵스리츠,KOSPI,,5000,5,0.10,5010,5020,4990,60806,304458875,100500000000,20100000
20210809,085620,미래에셋생명,KOSPI,,4255,45,1.07,4250,4265,4215,136391,579650385,753203884195,177016189
20210809,006800,미래에셋증권,KOSPI,,9060,-200,-2.16,9250,9250,9060,1882592,17144281800,5755966656480,635316408
20210809,00680K,미래에셋증권2우B,KOSPI,,4780,-15,-0.31,4810,4830,4730,596317,2866401240,669200000000,140000000
20210809,006805,미래에셋증권우,KOSPI,,6220,-130,-2.05,6370,6370,6200,70117,437560590,87551165000,14075750
20210809,002840,미원상사,KOSPI,,210500,-1500,-0.71,212000,213500,210000,1134,239814000,1046185000000,4970000
20210809,268280,미원에스씨,KOSPI,,187500,-1000,-0.53,189500,190500,187500,1303,246619000,956250000000,5100000
20210809,107590,미원홀딩스,KOSPI,,128500,-1000,-0.77,129500,129500,127500,1470,188649500,298120000000,2320000
20210809,134380,미원화학,KOSPI,,81500,-1200,-1.45,82400,82400,81400,552,45047800,179240342000,2199268
20210809,003650,미창석유,KOSPI,,80800,0,0.00,80500,81000,79700,1019,81769800,140565497600,1739672
20210809,155900,바다로19호,KOSPI,,2755,-15,-0.54,2745,2780,2745,7328,20211010,41876011020,15200004
20210809,003610,방림,KOSPI,,2385,0,0.00,2380,2395,2355,39767,94288490,100919104650,42314090
20210809,001340,백광산업,KOSPI,,6700,-70,-1.03,6770,6780,6650,591692,3956958980,300953326900,44918407
20210809,035150,백산,KOSPI,,10200,-400,-3.77,10500,10550,10000,740252,7543032200,246840000000,24200000
20210809,002410,범양건영,KOSPI,,8490,-200,-2.30,8690,9160,8450,1885488,16631843420,210823527180,24831982
20210809,096300,베트남개발1,KOSPI,,239,1,0.42,238,239,235,175496,41541464,32905570429,137680211
20210809,007210,벽산,KOSPI,,4170,-130,-3.02,4270,4280,4165,637515,2675906625,285895200000,68560000
20210809,002760,보락,KOSPI,,2555,-65,-2.48,2605,2620,2540,2987739,7671646255,153044500000,59900000
20210809,003850,보령제약,KOSPI,,18250,100,0.55,18150,18450,18000,228193,4162518550,1052477500000,57670000
20210809,000890,보해양조,KOSPI,,1130,-15,-1.31,1140,1145,1130,950613,1078861860,154568156270,136785979
20210809,003000,부광약품,KOSPI,,20950,-350,-1.64,21250,21250,20900,631081,13279044700,1488770876550,71063049
20210809,001270,부국증권,KOSPI,,24650,0,0.00,24700,24700,24400,940,23111900,255617689900,10369886
20210809,001275,부국증권우,KOSPI,,22800,100,0.44,22800,22800,22700,522,11877600,68400000000,3000000
20210809,026940,부국철강,KOSPI,,6220,-110,-1.74,6330,6400,6170,878202,5518463230,124400000000,20000000
20210809,015350,부산가스,KOSPI,,60900,-100,-0.16,61000,61300,60700,3556,216786800,669900000000,11000000
20210809,011390,부산산업,KOSPI,,150500,-500,-0.33,152000,154000,149000,13545,2057601500,158928000000,1056000
20210809,005030,부산주공,KOSPI,,603,-4,-0.66,609,612,602,125339,75823936,34280258751,56849517
20210809,002070,비비안,KOSPI,,3610,-55,-1.50,3670,3685,3590,209314,756795035,107556303900,29793990
20210809,100220,비상교육,KOSPI,,11600,-50,-0.43,11550,11850,11500,124184,1442706350,150762195600,12996741
20210809,030790,비케이탑스,KOSPI,,8630,780,9.94,7840,9250,7840,1242597,10684996240,113293336870,13127849
20210809,005180,빙그레,KOSPI,,59400,-900,-1.49,60100,60100,59100,53028,3155072800,585163715400,9851241
20210809,003960,사조대림,KOSPI,,27200,-750,-2.68,27950,27950,27100,45570,1251530950,249273502400,9164467
20210809,008040,사조동아원,KOSPI,,1620,-15,-0.92,1715,1760,1610,31560523,53590313450,228654252000,141144600
20210809,007160,사조산업,KOSPI,,67800,-2100,-3.00,70100,70100,67500,35531,2431554800,339000000000,5000000
20210809,014710,사조씨푸드,KOSPI,,6330,-60,-0.94,6390,6390,6300,74224,469112200,108993377190,17218543
20210809,006090,사조오양,KOSPI,,12100,0,0.00,12200,12250,12000,38024,461254350,114015141900,9422739
20210809,001470,삼부토건,KOSPI,,3185,-105,-3.19,3315,3315,3175,2895396,9317406580,438085182080,137546368
20210809,006400,삼성SDI,KOSPI,,778000,2000,0.26,774000,780000,766000,192772,149333644000,53498804340000,68764530
20210809,006405,삼성SDI우,KOSPI,,452500,2500,0.56,452000,453000,450000,4978,2248719000,732097940000,1617896
20210809,006660,삼성공조,KOSPI,,28400,-250,-0.87,28750,29300,27750,169110,4802869950,230787317600,8126314
20210809,028260,삼성물산,KOSPI,,142500,-2000,-1.38,144500,145000,141500,511137,73065261000,26631409042500,186887081
20210809,02826K,삼성물산우B,KOSPI,,142500,-1000,-0.70,144000,146000,141000,39761,5693729500,231908062500,1627425
20210809,207940,삼성바이오로직스,KOSPI,,909000,-10000,-1.09,916000,919000,906000,63998,58303114000,60143985000000,66165000
20210809,032830,삼성생명,KOSPI,,76900,-100,-0.13,77200,77500,76400,250456,19274692500,15380000000000,200000000
20210809,018260,삼성에스디에스,KOSPI,,187000,0,0.00,187000,188000,185000,93336,17448808000,14469648600000,77377800
20210809,028050,삼성엔지니어링,KOSPI,,23450,0,0.00,23500,23700,23350,1107381,26024633850,4596200000000,196000000
20210809,009150,삼성전기,KOSPI,,191500,-2500,-1.29,193000,193000,189500,348660,66576613000,14303842784000,74693696
20210809,009155,삼성전기우,KOSPI,,106000,-1000,-0.93,106000,106500,105500,9880,1045557000,308140304000,2906984
20210809,005930,삼성전자,KOSPI,,81500,0,0.00,81500,82300,80900,15522581,1267668377900,486537277825000,5969782550
20210809,005935,삼성전자우,KOSPI,,75000,100,0.13,75200,75300,74500,1275918,95595626800,61716502500000,822886700
20210809,001360,삼성제약,KOSPI,,7330,-120,-1.61,7480,7540,7310,797674,5873449870,492298039070,67162079
20210809,010140,삼성중공업,KOSPI,,6540,0,0.00,0,0,0,0,0,4120200000000,630000000
20210809,010145,삼성중공우,KOSPI,,289500,0,0.00,0,0,0,0,0,33247627500,114845
20210809,016360,삼성증권,KOSPI,,45000,350,0.78,45250,45450,44850,401683,18122936100,4018500000000,89300000
20210809,068290,삼성출판사,KOSPI,,41600,-600,-1.42,42500,42500,41500,92453,3866836400,416000000000,10000000
20210809,029780,삼성카드,KOSPI,,34650,-100,-0.29,34600,34900,34500,102391,3545092950,4014510573150,115858891
20210809,000810,삼성화재,KOSPI,,216000,-2000,-0.92,216000,216500,214500,74189,15969598500,10232964792000,47374837
20210809,000815,삼성화재우,KOSPI,,163500,0,0.00,164000,164000,162500,4385,716002000,521892000000,3192000
20210809,006110,삼아알미늄,KOSPI,,15450,200,1.31,15200,16200,15050,861224,13535319050,169950000000,11000000
20210809,145990,삼양사,KOSPI,,66200,1100,1.69,65300,66600,64700,64105,4227463600,682750323800,10313449
20210809,145995,삼양사우,KOSPI,,47400,-200,-0.42,47050,47500,47050,587,27756400,17541318000,370070
20210809,003230,삼양식품,KOSPI,,90500,-300,-0.33,90900,90900,90000,27221,2461652000,681737857500,7533015
20210809,002170,삼양통상,KOSPI,,75100,-1100,-1.44,76500,76500,75000,4611,347732400,225300000000,3000000
20210809,272550,삼양패키징,KOSPI,,30550,1150,3.91,29500,31000,29400,135939,4152323750,434109512200,14209804
20210809,000070,삼양홀딩스,KOSPI,,109500,-2500,-2.23,111000,111500,108500,27146,2976608500,937787674500,8564271
20210809,000075,삼양홀딩스우,KOSPI,,70700,0,0.00,70700,71700,70700,277,19796900,21496900600,304058
20210809,002810,삼영무역,KOSPI,,16600,-50,-0.30,16550,16700,16400,13283,219837800,306551336800,18466948
20210809,005680,삼영전자,KOSPI,,13100,-100,-0.76,13200,13200,12950,59280,775715300,262000000000,20000000
20210809,003720,삼영화학,KOSPI,,3385,80,2.42,3310,3415,3230,545523,1817269395,115090000000,34000000
20210809,023000,삼원강재,KOSPI,,3510,-30,-0.85,3395,3595,3395,42526,148417060,140400000000,40000000
20210809,004380,삼익THK,KOSPI,,13100,-300,-2.24,13400,13400,13050,44982,595342450,275100000000,21000000
20210809,002450,삼익악기,KOSPI,,1925,-35,-1.79,1970,1970,1920,346931,671224940,174272011375,90530915
20210809,004440,삼일씨엔에스,KOSPI,,12850,-100,-0.77,12950,13000,12650,19156,245483400,163605518950,12731947
20210809,000520,삼일제약,KOSPI,,9740,-10,-0.10,9820,9940,9620,458532,4484284820,130621795880,13410862
20210809,009770,삼정펄프,KOSPI,,35000,-1200,-3.31,36200,36200,33100,3779,133702750,87498985000,2499971
20210809,005500,삼진제약,KOSPI,,27700,-100,-0.36,27950,28000,27450,66302,1831463650,385030000000,13900000
20210809,004690,삼천리,KOSPI,,89300,-400,-0.45,89900,89900,88600,3574,318534000,362113732500,4055025
20210809,010960,삼호개발,KOSPI,,6060,-40,-0.66,6100,6140,6000,146569,888511990,151500000000,25000000
20210809,004450,삼화왕관,KOSPI,,43700,-100,-0.23,43600,44200,43600,291,12744100,94146362300,2154379
20210809,009470,삼화전기,KOSPI,,35750,-450,-1.24,36200,37300,35650,87971,3201761100,236444065000,6613820
20210809,011230,삼화전자,KOSPI,,4005,-50,-1.23,4085,4090,4005,43148,174150875,41884049700,10457940
20210809,001820,삼화콘덴서,KOSPI,,61300,0,0.00,61300,62500,60900,104893,6480268500,637213500000,10395000
20210809,000390,삼화페인트,KOSPI,,11000,-100,-0.90,11100,11200,10900,54861,603586700,299238159000,27203469
20210809,001290,상상인증권,KOSPI,,1240,-20,-1.59,1265,1275,1225,187737,232668075,120365726160,97069134
20210809,041650,상신브레이크,KOSPI,,4525,-5,-0.11,4520,4590,4500,121712,552110590,97158311250,21471450
20210809,075180,새론오토모티브,KOSPI,,6940,40,0.58,6900,7140,6870,55825,390859920,133248000000,19200000
20210809,007540,샘표,KOSPI,,55100,-300,-0.54,55500,55600,55000,4494,248236600,158456580000,2875800
20210809,248170,샘표식품,KOSPI,,56900,-600,-1.04,57600,57600,56500,10647,604880700,259935473400,4568286
20210809,007860,서연,KOSPI,,13400,-600,-4.29,13950,14000,13250,393108,5304761800,314629909600,23479844
20210809,200880,서연이화,KOSPI,,7650,-140,-1.80,7790,7820,7620,105671,814269010,206767543050,27028437
20210809,017390,서울가스,KOSPI,,141000,1000,0.71,141000,142500,139500,6153,869562500,705000000000,5000000
20210809,004410,서울식품,KOSPI,,401,-7,-1.72,407,407,400,9485463,3820432047,147554321088,367965888
20210809,004415,서울식품우,KOSPI,,5240,-40,-0.76,5360,5360,5150,3155,16463470,11656380000,2224500
20210809,021050,서원,KOSPI,,2890,-85,-2.86,2980,2985,2885,749396,2182921675,137201565100,47474590
20210809,008490,서흥,KOSPI,,55300,0,0.00,55500,55500,54900,17048,940478600,639771948900,11569113
20210809,007610,선도전기,KOSPI,,4325,-120,-2.70,4450,4450,4320,201169,880430210,77850000000,18000000
20210809,136490,선진,KOSPI,,15850,300,1.93,15650,16000,15500,82012,1292125450,376906723400,23779604
20210809,014910,성문전자,KOSPI,,2460,-50,-1.99,2530,2530,2440,116979,290333000,47937668220,19486857
20210809,014915,성문전자우,KOSPI,,10000,-150,-1.48,10100,10150,10000,4830,48567100,6000000000,600000
20210809,003080,성보화학,KOSPI,,4790,-95,-1.94,4910,4910,4790,89806,433379270,95895800000,20020000
20210809,004980,성신양회,KOSPI,,11800,-200,-1.67,12000,12050,11750,140739,1668401800,289289661400,24516073
20210809,004985,성신양회우,KOSPI,,17350,-50,-0.29,17150,17400,17000,8683,149841250,12763440750,735645
20210809,011300,성안,KOSPI,,787,0,0.00,0,0,0,0,0,44747135820,56857860
20210809,000180,성창기업지주,KOSPI,,2900,-30,-1.02,2915,2930,2890,361817,1048900880,202279640000,69751600
20210809,002420,세기상사,KOSPI,,6160,0,0.00,0,0,0,0,0,25107667200,4075920
20210809,004360,세방,KOSPI,,13250,-150,-1.12,13300,13350,13150,60581,800286100,255840142500,19308690
20210809,004365,세방우,KOSPI,,8250,-20,-0.24,8290,8300,8190,904,7418770,30436312500,3689250
20210809,004490,세방전지,KOSPI,,86000,-2000,-2.27,87100,87600,85800,88180,7624555800,1204000000000,14000000
20210809,001430,세아베스틸,KOSPI,,29200,-400,-1.35,29600,29750,28750,169760,4943300200,1047173874800,35862119
20210809,306200,세아제강,KOSPI,,99900,-1100,-1.09,101500,101500,99600,13300,1331352600,283346370000,2836300
20210809,003030,세아제강지주,KOSPI,,78200,200,0.26,78000,80000,77000,8786,685851200,323877577400,4141657
20210809,019440,세아특수강,KOSPI,,16600,-50,-0.30,16700,16700,16450,9362,154720900,142262000000,8570000
20210809,058650,세아홀딩스,KOSPI,,104500,-1500,-1.42,106500,106500,104500,671,70722500,418000000000,4000000
20210809,013000,세우글로벌,KOSPI,,2470,0,0.00,0,0,0,0,0,70901426570,28705031
20210809,091090,세원이앤씨,KOSPI,,988,-32,-3.14,1015,1020,987,2678129,2665681461,143763969908,145510091
20210809,021820,세원정공,KOSPI,,8090,0,0.00,0,0,0,0,0,80900000000,10000000
20210809,067830,세이브존I&C,KOSPI,,3585,-25,-0.69,3625,3625,3520,29715,106100535,147131608575,41040895
20210809,033530,세종공업,KOSPI,,10600,250,2.42,10400,10700,10150,1057338,11115363100,294902186600,27820961
20210809,075580,세진중공업,KOSPI,,6640,-160,-2.35,6800,6810,6610,233871,1558834700,377480387840,56849456
20210809,027970,세하,KOSPI,,2035,-35,-1.69,2075,2075,2025,256141,522104090,117140698895,57562997
20210809,145210,세화아이엠씨,KOSPI,,727,-3,-0.41,726,736,720,900246,651487544,114580881505,157607815
20210809,308170,센트랄모텍,KOSPI,,26300,-200,-0.75,26400,26600,26200,40902,1076708150,226443000000,8610000
20210809,012600,센트럴인사이트,KOSPI,,2490,0,0.00,0,0,0,0,0,33838831080,13589892
20210809,068270,셀트리온,KOSPI,,266000,-5500,-2.03,270500,271000,264500,351775,93790912000,36685798044000,137916534
20210809,336370,솔루스첨단소재,KOSPI,,65300,3100,4.98,62200,67900,61400,1007414,66406249600,1997511197400,30589758
20210809,33637K,솔루스첨단소재1우,KOSPI,,19000,1300,7.34,17750,19250,17700,163236,3055945600,139961600000,7366400
20210809,33637L,솔루스첨단소재2우B,KOSPI,,34550,200,0.58,34350,35950,33200,41765,1469747750,56871027500,1646050
20210809,248070,솔루엠,KOSPI,,30950,200,0.65,30900,31350,30500,909067,28093572200,1541481803450,49805551
20210809,004430,송원산업,KOSPI,,18850,-150,-0.79,19050,19100,18800,192766,3643826400,452400000000,24000000
20210809,017550,수산중공업,KOSPI,,3900,-5,-0.13,3920,3945,3815,871456,3396068410,210542135700,53985163
20210809,053210,스카이라이프,KOSPI,,10700,50,0.47,10650,10850,10650,140568,1507745150,511695036200,47821966
20210809,134790,시디즈,KOSPI,,73200,-100,-0.14,73300,73400,72000,2970,215948500,146400000000,2000000
20210809,016590,신대양제지,KOSPI,,102000,0,0.00,101500,103000,99900,9253,933595400,411037764000,4029782
20210809,029530,신도리코,KOSPI,,31950,-350,-1.08,32300,32300,31800,10984,350652200,322056926550,10080029
20210809,004970,신라교역,KOSPI,,13000,100,0.78,12850,13150,12750,18567,240835100,208000000000,16000000
20210809,011930,신성이엔지,KOSPI,,2680,-40,-1.47,2720,2720,2675,919411,2471236000,546554172320,203938124
20210809,005390,신성통상,KOSPI,,4180,100,2.45,4080,4270,4015,2565193,10716928795,600701070200,143708390
20210809,004170,신세계,KOSPI,,268000,-2000,-0.74,268500,269000,266500,36503,9755790500,2638508508000,9845181
20210809,035510,신세계 I&C,KOSPI,,196500,7500,3.97,189500,196500,186500,16229,3123185000,337980000000,1720000
20210809,034300,신세계건설,KOSPI,,45600,-450,-0.98,45800,45900,45500,15495,706771850,182400000000,4000000
20210809,031430,신세계인터내셔날,KOSPI,,191500,-1500,-0.78,191500,193000,190000,16118,3082848500,1367310000000,7140000
20210809,031440,신세계푸드,KOSPI,,100500,-2000,-1.95,104000,104000,100000,17839,1809337500,389184240000,3872480
20210809,006880,신송홀딩스,KOSPI,,5690,-10,-0.18,5750,5880,5650,46139,264539830,67306202020,11828858
20210809,005800,신영와코루,KOSPI,,114500,0,0.00,114500,114500,113000,464,52916000,103050000000,900000
20210809,001720,신영증권,KOSPI,,64100,-200,-0.31,64800,64800,63900,2035,130571600,601657791700,9386237
20210809,001725,신영증권우,KOSPI,,64700,-500,-0.77,65000,65000,64700,545,35368300,456378466100,7053763
20210809,009270,신원,KOSPI,,2535,-110,-4.16,2615,2800,2530,29627407,78994934705,215582734965,85042499
20210809,009275,신원우,KOSPI,,52700,-5200,-8.98,54000,55700,52700,6750,364918000,4781998000,90740
20210809,002700,신일전자,KOSPI,,2045,-70,-3.31,2090,2100,2020,6173432,12632799905,145292180445,71047521
20210809,019170,신풍제약,KOSPI,,64800,-1200,-1.82,66500,66600,64300,802509,52030374100,3433427352000,52984990
20210809,019175,신풍제약우,KOSPI,,84200,-2100,-2.43,87500,87600,84100,25981,2204089100,185240000000,2200000
20210809,002870,신풍제지,KOSPI,,3085,-15,-0.48,3095,3095,3015,139879,425762280,107847589500,34958700
20210809,293940,신한알파리츠,KOSPI,,8070,10,0.12,8090,8090,8010,38466,309447850,422304092610,52330123
20210809,055550,신한지주,KOSPI,,39100,350,0.90,38900,39300,38800,1370557,53555766550,20199042561400,516599554
20210809,004080,신흥,KOSPI,,15650,150,0.97,15400,15700,15350,9171,141981650,148675000000,9500000
20210809,102280,쌍방울,KOSPI,,765,-31,-3.89,796,798,762,12614706,9747377188,200882978685,262592129
20210809,003410,쌍용C&E,KOSPI,,8050,-140,-1.71,8190,8190,8040,758271,6119754900,4056069739750,503859595
20210809,003620,쌍용차,KOSPI,,2770,0,0.00,0,0,0,0,0,415056805540,149840002
20210809,004770,써니전자,KOSPI,,3540,30,0.85,3510,3590,3510,569989,2025031480,123351338940,34845011
20210809,015540,쎌마테라퓨틱스,KOSPI,,6410,0,0.00,0,0,0,0,0,86229499400,13452340
20210809,004920,씨아이테크,KOSPI,,1190,-20,-1.65,1210,1230,1185,292244,350502265,47542545610,39951719
20210809,112610,씨에스윈드,KOSPI,,79000,-1600,-1.99,80300,80400,79000,423601,33644848100,3331540837000,42171403
20210809,008700,아남전자,KOSPI,,3480,50,1.46,3490,3630,3390,34948055,123161882390,268394373600,77124820
20210809,002790,아모레G,KOSPI,,58800,-1000,-1.67,59600,59600,58300,163545,9616440363,4848540984000,82458180
20210809,00279K,아모레G3우(전환),KOSPI,,40300,-1100,-2.66,41400,41400,40300,8232,333665250,285815660000,7092200
20210809,002795,아모레G우,KOSPI,,22100,-400,-1.78,22600,22600,22100,14638,326111650,142407317000,6443770
20210809,090430,아모레퍼시픽,KOSPI,,226500,-2000,-0.88,226000,228000,224000,95240,21548370500,13240847985000,58458490
20210809,090435,아모레퍼시픽우,KOSPI,,80200,-2200,-2.67,82600,82700,80000,23090,1868193000,846737966000,10557830
20210809,002030,아세아,KOSPI,,129500,-1000,-0.77,130500,131000,128000,3158,407507000,283737608000,2191024
20210809,183190,아세아시멘트,KOSPI,,123000,1000,0.82,122500,124500,121500,21383,2634691500,479184507000,3895809
20210809,002310,아세아제지,KOSPI,,52000,-500,-0.95,52500,52500,51500,28581,1483000200,465738104000,8956502
20210809,012170,아센디오,KOSPI,,2420,-90,-3.59,2510,2510,2410,99040,241879780,153692254320,63509196
20210809,267850,아시아나IDT,KOSPI,,20950,-250,-1.18,21400,21400,20800,21083,441734950,232545000000,11100000
20210809,020560,아시아나항공,KOSPI,,18650,150,0.81,18400,18650,18100,819935,15021363050,1387779398600,74411764
20210809,122900,아이마켓코리아,KOSPI,,12400,100,0.81,12500,12650,12200,559338,6920558250,414517616000,33428840
20210809,010780,아이에스동서,KOSPI,,52100,-1000,-1.88,52500,53100,51800,84144,4386763800,1609504772600,30892606
20210809,001780,알루코,KOSPI,,4790,-60,-1.24,4900,4900,4760,532968,2553496090,400848184990,83684381
20210809,018250,애경산업,KOSPI,,25550,-100,-0.39,25900,26300,24150,119781,3084305300,674773839250,26409935
20210809,161000,애경유화,KOSPI,,13150,-200,-1.50,13500,13700,13100,599003,8009158700,421326000000,32040000
20210809,011090,에넥스,KOSPI,,2900,-90,-3.01,3005,3005,2900,1460205,4269003600,173975758900,59991641
20210809,137310,에스디바이오센서,KOSPI,,58300,400,0.69,58200,58600,57200,814858,47080446000,6020719879900,103271353
20210809,005850,에스엘,KOSPI,,31000,-950,-2.97,32000,32000,30850,184316,5750272000,1494301587000,48203277
20210809,012750,에스원,KOSPI,,81700,-1200,-1.45,81800,82200,81200,45238,3695794300,3104532842600,37999178
20210809,023960,에쓰씨엔지니어링,KOSPI,,6030,-150,-2.43,6160,6160,5990,357338,2162994090,173848439610,28830587
20210809,298690,에어부산,KOSPI,,3325,-25,-0.75,3320,3340,3305,185960,617039750,272882750000,82070000
20210809,140910,에이리츠,KOSPI,,11550,-50,-0.43,11600,11600,11300,27843,319111150,48710854500,4217390
20210809,078520,에이블씨엔씨,KOSPI,,8930,-90,-1.00,9090,9090,8820,57136,507896570,241408788870,27033459
20210809,015260,에이엔피,KOSPI,,2255,-15,-0.66,2350,2445,2180,1997511,4591313035,49218552295,21826409
20210809,007460,에이프로젠 MED,KOSPI,,2090,-20,-0.95,2110,2125,2075,1246819,2612290000,416234430700,199155230
20210809,003060,에이프로젠제약,KOSPI,,1195,-25,-2.05,1220,1220,1185,1455425,1737134935,476298041565,398575767
20210809,244920,에이플러스에셋,KOSPI,,11150,-50,-0.45,11200,11400,10900,350698,3901198950,252075776950,22607693
20210809,036570,엔씨소프트,KOSPI,,822000,-1000,-0.12,811000,823000,810000,57545,46947191000,18046206084000,21954022
20210809,138250,엔에스쇼핑,KOSPI,,13850,-50,-0.36,13800,13900,13550,81257,1119963250,466689600000,33696000
20210809,380440,엔에이치스팩19호,KOSPI,,2220,-15,-0.67,2230,2240,2215,210077,467426115,113863800000,51290000
20210809,085310,엔케이,KOSPI,,1195,-15,-1.24,1215,1215,1190,263006,314605870,95580105640,79983352
20210809,009810,엔케이물산,KOSPI,,828,-2,-0.24,822,833,815,779002,639965219,65775665880,79439210
20210809,900140,엘브이엠씨홀딩스,KOSPI,,3465,-15,-0.43,3485,3515,3445,218148,756899420,344612604105,99455297
20210809,097520,엠씨넥스,KOSPI,,47700,-350,-0.73,47000,47850,46700,182356,8644752600,855226751400,17929282
20210809,014440,영보화학,KOSPI,,4870,-110,-2.21,4995,4995,4865,53473,262409675,97400000000,20000000
20210809,111770,영원무역,KOSPI,,39150,-600,-1.51,39700,39750,38950,106616,4169587550,1734793972200,44311468
20210809,009970,영원무역홀딩스,KOSPI,,45900,-600,-1.29,46500,46500,45750,6198,285300600,625873672800,13635592
20210809,003520,영진약품,KOSPI,,5630,-100,-1.75,5700,5730,5620,385411,2178198080,1029686075530,182892731
20210809,000670,영풍,KOSPI,,677000,-6000,-0.88,677000,683000,670000,1399,944933000,1247061080000,1842040
20210809,006740,영풍제지,KOSPI,,7750,-160,-2.02,7900,7900,7750,117648,915194780,172050000000,22200000
20210809,012280,영화금속,KOSPI,,2010,-65,-3.13,2095,2120,2005,1379176,2845300425,107322955050,53394505
20210809,012160,영흥,KOSPI,,1155,-20,-1.70,1175,1185,1155,1081050,1345100420,117013479660,101310372
20210809,015360,예스코홀딩스,KOSPI,,37150,0,0.00,37100,37250,37100,920,34177800,222900000000,6000000
20210809,007310,오뚜기,KOSPI,,540000,6000,1.12,531000,540000,531000,7344,3930466000,1982869740000,3671981
20210809,002630,오리엔트바이오,KOSPI,,1240,-10,-0.80,1250,1255,1230,486772,603556385,147042926200,118583005
20210809,271560,오리온,KOSPI,,118000,-1000,-0.84,119000,119500,118000,55706,6603392500,4665263576000,39536132
20210809,001800,오리온홀딩스,KOSPI,,16350,-250,-1.51,16500,16550,16200,157063,2568099950,1024252649700,62645422
20210809,011690,와이투솔루션,KOSPI,,2440,0,0.00,0,0,0,0,0,359254954280,147235637
20210809,070960,용평리조트,KOSPI,,5840,-80,-1.35,5900,5910,5800,161547,945156110,281098664720,48133333
20210809,316140,우리금융지주,KOSPI,,11100,50,0.45,11150,11200,11100,2017747,22479105650,8017171281300,722267683
20210809,033660,우리금융캐피탈,KOSPI,,11500,0,0.00,0,0,0,0,0,661777735000,57545890
20210809,118000,우리들휴브레인,KOSPI,,1715,5,0.29,1715,1745,1705,694880,1199384620,138398448860,80698804
20210809,010050,우리종금,KOSPI,,998,1,0.10,998,1005,991,2994989,2989313854,872454999188,874203406
20210809,006980,우성사료,KOSPI,,35600,-200,-0.56,35800,36700,35450,19360,696138700,110004000000,3090000
20210809,017370,우신시스템,KOSPI,,5230,-10,-0.19,5240,5300,5160,20193,105284170,95782502420,18314054
20210809,105840,우진,KOSPI,,8490,-300,-3.41,8690,8780,8490,310015,2653857760,172547482860,20323614
20210809,010400,우진아이엔에스,KOSPI,,8730,-30,-0.34,8760,8760,8630,20322,176482450,66540060000,7622000
20210809,049800,우진플라임,KOSPI,,4590,-80,-1.71,4670,4670,4585,61687,284711020,91800000000,20000000
20210809,016880,웅진,KOSPI,,2585,-105,-3.90,2650,2750,2580,2635417,6997296890,206611501800,79927080
20210809,095720,웅진씽크빅,KOSPI,,3915,-30,-0.76,3915,3980,3880,671643,2626665305,452205931275,115505985
20210809,005820,원림,KOSPI,,26500,50,0.19,26450,26550,26300,3480,91965100,60896205000,2297970
20210809,010600,웰바이오텍,KOSPI,,2720,-75,-2.68,2770,2800,2705,331581,904360560,159602103680,58677244
20210809,008600,윌비스,KOSPI,,2305,-55,-2.33,2335,2350,2275,1119397,2574516965,151604257160,65771912
20210809,033270,유나이티드제약,KOSPI,,53000,-1100,-2.03,53500,53800,52800,116393,6190152100,860975566000,16244822
20210809,014830,유니드,KOSPI,,111000,-1500,-1.33,111000,115000,109000,171722,19213709500,986772573000,8889843
20210809,000910,유니온,KOSPI,,7780,-70,-0.89,7820,7910,7750,214962,1679913360,121458395820,15611619
20210809,047400,유니온머티리얼,KOSPI,,3800,-70,-1.81,3850,3865,3750,374760,1423455965,159600000000,42000000
20210809,011330,유니켐,KOSPI,,1670,-15,-0.89,1685,1685,1660,273806,456969005,114746272810,68710343
20210809,077500,유니퀘스트,KOSPI,,11600,150,1.31,11450,12250,11350,678200,8014648000,317019010000,27329225
20210809,002920,유성기업,KOSPI,,3620,-10,-0.28,3630,3660,3620,37207,135172695,93929950000,25947500
20210809,000700,유수홀딩스,KOSPI,,6230,-80,-1.27,6330,6350,6200,64446,402139450,162240488760,26041812
20210809,003470,유안타증권,KOSPI,,4420,-70,-1.56,4500,4515,4410,481626,2144022940,882216865920,199596576
20210809,003475,유안타증권우,KOSPI,,4620,-70,-1.49,4690,4700,4605,58516,271873055,59654419440,12912212
20210809,072130,유엔젤,KOSPI,,5120,20,0.39,5100,5220,4980,345563,1755488600,67560724480,13195454
20210809,000220,유유제약,KOSPI,,9460,-150,-1.56,9640,9650,9430,254650,2421812140,158319381440,16735664
20210809,000225,유유제약1우,KOSPI,,12300,-450,-3.53,12550,12750,12200,17446,216278950,27883239000,2266930
20210809,000227,유유제약2우B,KOSPI,,25300,-950,-3.62,26700,26700,24300,2410,60401550,8236668000,325560
20210809,001200,유진투자증권,KOSPI,,4085,-25,-0.61,4110,4110,4045,218009,887830465,395699317530,96866418
20210809,000100,유한양행,KOSPI,,61300,-700,-1.13,61500,61600,60900,199386,12205733400,4289342386700,69972959
20210809,000105,유한양행우,KOSPI,,59600,-100,-0.17,60400,60400,59500,651,38774600,70384024000,1180940
20210809,003460,유화증권,KOSPI,,2860,-5,-0.17,2865,2870,2830,65602,186918605,162168906900,56702415
20210809,003465,유화증권우,KOSPI,,2855,0,0.00,2860,2860,2850,955,2727245,49895193375,17476425
20210809,008730,율촌화학,KOSPI,,20850,-350,-1.65,21250,21250,20800,61273,1283494300,517080000000,24800000
20210809,008250,이건산업,KOSPI,,15300,50,0.33,15300,15400,15100,207333,3156545250,167575315500,10952635
20210809,025820,이구산업,KOSPI,,4290,-185,-4.13,4475,4495,4290,1354947,5879637550,143466180000,33442000
20210809,214320,이노션,KOSPI,,62000,-1000,-1.59,61800,62600,61600,23309,1446269200,1240000000000,20000000
20210809,088260,이리츠코크렙,KOSPI,,5910,-20,-0.34,5950,5950,5900,56588,334652500,374348796900,63341590
20210809,139480,이마트,KOSPI,,171000,1000,0.59,169000,171000,168000,112827,19159666500,4766765049000,27875819
20210809,007660,이수페타시스,KOSPI,,3760,-15,-0.40,3795,3810,3720,238348,895661475,155169176480,41268398
20210809,005950,이수화학,KOSPI,,13350,450,3.49,13150,13450,13000,1064459,14092744700,362830224900,27178294
20210809,015020,이스타코,KOSPI,,3475,-185,-5.05,3670,3705,3470,1423819,5027066185,148909310000,42851600
20210809,093230,이아이디,KOSPI,,506,-14,-2.69,523,523,504,34110604,17757627876,422805101730,835583205
20210809,074610,이엔플러스,KOSPI,,4030,-155,-3.70,4195,4500,3975,2552142,10632670650,201376166160,49969272
20210809,102460,이연제약,KOSPI,,64800,1600,2.53,63200,67700,60900,1741979,111829103700,1166307789600,17998577
20210809,084680,이월드,KOSPI,,3320,-70,-2.06,3415,3415,3310,562260,1883641550,361974341120,109028416
20210809,350520,이지스레지던스리츠,KOSPI,,5110,0,0.00,5110,5120,5080,40288,205384640,105266000000,20600000
20210809,334890,이지스밸류리츠,KOSPI,,5570,20,0.36,5580,5580,5540,40361,224375620,133680000000,24000000
20210809,000760,이화산업,KOSPI,,21500,600,2.87,21350,21500,20950,3114,65877300,60200000000,2800000
20210809,014990,인디에프,KOSPI,,1710,-145,-7.82,1820,1860,1710,3667632,6554311825,100775421450,58932995
20210809,101140,인바이오젠,KOSPI,,4070,-200,-4.68,4265,4270,4065,1327491,5471882190,209854885790,51561397
20210809,006490,인스코비,KOSPI,,3590,-90,-2.45,3620,3740,3550,1742930,6335854740,386807612270,107745853
20210809,023800,인지컨트롤스,KOSPI,,16100,-300,-1.83,16400,16400,15850,121388,1951223750,244078060800,15160128
20210809,034590,인천도시가스,KOSPI,,28450,-50,-0.18,28350,28500,28300,1721,48782350,124461751300,4374754
20210809,129260,인터지스,KOSPI,,3655,-80,-2.14,3740,3755,3650,123713,454933625,108728479470,29747874
20210809,023810,인팩,KOSPI,,13800,950,7.39,12900,14000,12600,220578,3000513400,138000000000,10000000
20210809,249420,일동제약,KOSPI,,15500,200,1.31,15300,15500,15150,59570,913707350,368950917500,23803285
20210809,000230,일동홀딩스,KOSPI,,13450,0,0.00,13450,13650,13350,6446,86546250,155218380000,11540400
20210809,013360,일성건설,KOSPI,,3440,-175,-4.84,3615,3670,3440,992391,3506213410,185845587200,54024880
20210809,003120,일성신약,KOSPI,,82700,0,0.00,83700,83700,82500,1787,148080300,219982000000,2660000
20210809,003200,일신방직,KOSPI,,100000,100,0.10,99500,101500,99500,5145,515462700,240000000000,2400000
20210809,007110,일신석재,KOSPI,,2820,-185,-6.16,2940,2975,2820,7675796,22249960650,218427640200,77456610
20210809,007570,일양약품,KOSPI,,34500,-600,-1.71,34950,35200,34300,94443,3258402350,658455408000,19085664
20210809,007575,일양약품우,KOSPI,,34650,-400,-1.14,35200,35200,34250,1234,42591500,15422022000,445080
20210809,008500,일정실업,KOSPI,,20000,200,1.01,19900,20000,19850,5611,119099600,24000000000,1200000
20210809,081000,일진다이아,KOSPI,,50900,1050,2.11,50500,51000,49750,368214,18621310150,722931427500,14202975
20210809,020760,일진디스플,KOSPI,,4685,185,4.11,4475,4695,4440,385724,1779484320,161483919910,34468286
20210809,020150,일진머티리얼즈,KOSPI,,81500,600,0.74,80500,82500,79900,409319,33398646100,3758033052500,46110835
20210809,103590,일진전기,KOSPI,,5970,-320,-5.09,6250,6280,5950,813294,4914743040,221369928300,37080390
20210809,015860,일진홀딩스,KOSPI,,5910,-110,-1.83,6090,6090,5800,224301,1332372420,291643624530,49347483
20210809,226320,잇츠한불,KOSPI,,24900,-650,-2.54,25550,25550,24800,30004,748689600,546039943500,21929315
20210809,317400,자이에스앤디,KOSPI,,10500,-150,-1.41,10650,10650,10500,173340,1824063400,407216460000,38782520
20210809,033240,자화전자,KOSPI,,20400,-100,-0.49,20600,21100,20300,180301,3729875250,365160000000,17900000
20210809,000950,전방,KOSPI,,39450,-300,-0.75,39750,39800,39350,561,22221300,66276000000,1680000
20210809,348950,제이알글로벌리츠,KOSPI,,5250,-20,-0.38,5270,5280,5240,1625547,8336314680,869400000000,165600000
20210809,194370,제이에스코퍼레이션,KOSPI,,21300,-700,-3.18,22050,22050,21250,132011,2839360150,284048301300,13335601
20210809,025620,제이준코스메틱,KOSPI,,1940,-50,-2.51,1990,2015,1940,1403960,2776497420,72664096800,37455720
20210809,036420,제이콘텐트리,KOSPI,,45000,-1900,-4.05,46350,46700,44800,195739,8858764000,793838070000,17640846
20210809,030000,제일기획,KOSPI,,24250,-200,-0.82,24100,24450,24050,224389,5422996900,2789749706250,115041225
20210809,271980,제일약품,KOSPI,,41350,-650,-1.55,41750,41800,41250,30148,1249510400,608046457200,14704872
20210809,001560,제일연마,KOSPI,,8000,-160,-1.96,8160,8160,8000,16160,130188490,80000000000,10000000
20210809,002620,제일파마홀딩스,KOSPI,,21550,-250,-1.15,21800,21800,21400,10655,230139950,344225800250,15973355
20210809,006220,제주은행,KOSPI,,6730,0,0.00,6730,6860,6690,128287,867993640,216226649020,32128774
20210809,089590,제주항공,KOSPI,,23300,100,0.43,23200,23700,22800,163956,3831693600,897041029500,38499615
20210809,004910,조광페인트,KOSPI,,8200,-10,-0.12,8290,8300,8160,19218,157879180,104960000000,12800000
20210809,004700,조광피혁,KOSPI,,55900,-100,-0.18,56300,56600,55200,2766,155119600,371686814200,6649138
20210809,001550,조비,KOSPI,,28700,-1800,-5.90,29800,30500,28700,549657,16160307800,149017259300,5192239
20210809,000480,조선내화,KOSPI,,89100,100,0.11,89000,89300,88600,689,61238500,356400000000,4000000
20210809,120030,조선선재,KOSPI,,119000,-1500,-1.24,120500,120500,119000,2374,283854000,149660469000,1257651
20210809,018470,조일알미늄,KOSPI,,1360,0,0.00,1350,1395,1330,1936414,2640729185,139320093200,102441245
20210809,002600,조흥,KOSPI,,196000,500,0.26,195000,196000,194000,66,12873500,117600000000,600000
20210809,185750,종근당,KOSPI,,131500,-4000,-2.95,134000,134500,131000,50497,6682211000,1502532018500,11426099
20210809,063160,종근당바이오,KOSPI,,56500,-1400,-2.42,57700,57700,56200,43587,2476488700,309956853000,5485962
20210809,001630,종근당홀딩스,KOSPI,,101500,-1000,-0.98,101500,102000,100500,9138,923266500,508500891500,5009861
20210809,044380,주연테크,KOSPI,,1590,-35,-2.15,1615,1635,1570,1238914,1972769300,86833221510,54612089
20210809,013890,지누스,KOSPI,,105500,-1500,-1.40,105500,108000,104500,45645,4847119000,1666947475000,15800450
20210809,013870,지엠비코리아,KOSPI,,6770,-30,-0.44,6800,6820,6710,31341,211853460,129119335600,19072280
20210809,071320,지역난방공사,KOSPI,,42600,0,0.00,42600,42800,42300,4543,193082750,493254494400,11578744
20210809,010580,지코,KOSPI,,306,0,0.00,0,0,0,0,0,19761980616,64581636
20210809,035000,지투알,KOSPI,,6590,0,0.00,6640,6650,6530,13328,87769040,109179225310,16567409
20210809,088790,진도,KOSPI,,4380,-55,-1.24,4450,4530,4365,76836,339058455,54521118720,12447744
20210809,003780,진양산업,KOSPI,,6440,280,4.55,6160,6510,6100,1125128,7199948040,83720000000,13000000
20210809,010640,진양폴리,KOSPI,,4035,5,0.12,4030,4080,3990,55329,223078020,40350000000,10000000
20210809,100250,진양홀딩스,KOSPI,,3305,0,0.00,3305,3325,3285,75557,249499780,184733940060,55895292
20210809,051630,진양화학,KOSPI,,4415,65,1.49,4350,4425,4200,191095,838237960,52980000000,12000000
20210809,272450,진에어,KOSPI,,19850,-600,-2.93,20150,20400,19450,343689,6852744600,893250000000,45000000
20210809,011000,진원생명과학,KOSPI,,42400,-800,-1.85,43200,43200,41250,2030604,85056983850,1916967939200,45211508
20210809,002780,진흥기업,KOSPI,,2415,-60,-2.42,2475,2475,2410,1166883,2840257290,351314264175,145471745
20210809,002787,진흥기업2우B,KOSPI,,15850,-250,-1.55,15950,15950,15800,2432,38465150,4672706800,294808
20210809,002785,진흥기업우B,KOSPI,,6570,-100,-1.50,6670,6670,6570,2590,17132750,5631922260,857218
20210809,009310,참엔지니어링,KOSPI,,1615,-5,-0.31,1615,1620,1595,223383,358694655,89678630860,55528564
20210809,000650,천일고속,KOSPI,,72500,-400,-0.55,72900,72900,72300,258,18680600,103618450000,1429220
20210809,033250,체시스,KOSPI,,1690,-20,-1.17,1795,1835,1690,3182038,5613822970,54080000000,32000000
20210809,035720,카카오,KOSPI,,148000,2500,1.72,145500,149000,144000,3017396,444684467500,65780114040000,444460230
20210809,323410,카카오뱅크,KOSPI,,78500,8700,12.46,69800,89100,69000,44833696,3693290372000,37295368604500,475100237
20210809,006380,카프로,KOSPI,,4660,-65,-1.38,4725,4735,4650,229309,1072578465,186400000000,40000000
20210809,109070,컨버즈,KOSPI,,4100,0,0.00,0,0,0,0,0,59720214600,14565906
20210809,001620,케이비아이동국실업,KOSPI,,1230,-50,-3.91,1250,1270,1230,820673,1021525030,107278111710,87217977
20210809,029460,케이씨,KOSPI,,26700,550,2.10,26200,26800,25900,95551,2530821000,361892974800,13554044
20210809,281820,케이씨텍,KOSPI,,30600,850,2.86,30000,30600,29700,187506,5674460750,638363613600,20861556
20210809,145270,케이탑리츠,KOSPI,,1515,15,1.00,1500,1545,1485,772696,1174527695,70029552405,46224127
20210809,357120,코람코에너지리츠,KOSPI,,6030,-40,-0.66,6000,6080,6000,56817,343264470,419808600000,69620000
20210809,007815,코리아써우,KOSPI,,7800,70,0.91,7730,7890,7710,14535,113484970,23124582000,2964690
20210809,007810,코리아써키트,KOSPI,,16700,600,3.73,16400,16900,16250,1088539,18096908700,394466541700,23620751
20210809,00781K,코리아써키트2우B,KOSPI,,9460,110,1.18,9480,9480,9410,5844,55036020,7413792540,783699
20210809,003690,코리안리,KOSPI,,9360,-10,-0.11,9400,9400,9250,274040,2550024730,1126654925760,120369116
20210809,192820,코스맥스,KOSPI,,121500,-4000,-3.19,123000,123500,121000,59930,7305332000,1378965343500,11349509
20210809,044820,코스맥스비티아이,KOSPI,,17300,-400,-2.26,17550,17550,17050,17483,301337550,166147833300,9603921
20210809,005070,코스모신소재,KOSPI,,49250,7000,16.57,42300,52900,41700,7658195,372948013300,1481779283250,30086889
20210809,005420,코스모화학,KOSPI,,15350,1850,13.70,13650,15950,13500,10480827,159810689500,424876027000,27679220
20210809,071950,코아스,KOSPI,,1565,-15,-0.95,1585,1605,1555,399147,627354595,48369783650,30907210
20210809,002020,코오롱,KOSPI,,31450,-400,-1.26,31600,32000,31250,40680,1279658950,397101097700,12626426
20210809,003070,코오롱글로벌,KOSPI,,24050,-100,-0.41,24100,24550,23750,60474,1455571200,606311033900,25210438
20210809,003075,코오롱글로벌우,KOSPI,,32350,-450,-1.37,32900,33400,32200,1684,54761050,10119177050,312803
20210809,144620,코오롱머티리얼,KOSPI,,3075,0,0.00,0,0,0,0,0,211125302625,68658635
20210809,002025,코오롱우,KOSPI,,20100,-100,-0.50,20050,20350,19900,5179,103752200,21635439000,1076390
20210809,120110,코오롱인더,KOSPI,,78900,500,0.64,77900,79500,77100,242126,18986384500,2128630476000,26978840
20210809,120115,코오롱인더우,KOSPI,,33350,-300,-0.89,33850,33900,33050,7885,262455100,92308131000,2767860
20210809,138490,코오롱플라스틱,KOSPI,,8030,530,7.07,7510,8130,7450,1776752,14071676590,305140000000,38000000
20210809,021240,코웨이,KOSPI,,76600,-8700,-10.20,83100,83300,76500,1008568,78304314100,5653050815400,73799619
20210809,031820,콤텍시스템,KOSPI,,1275,-60,-4.49,1310,1365,1260,5617644,7352862835,86510619150,67851466
20210809,192400,쿠쿠홀딩스,KOSPI,,131500,-500,-0.38,131000,132000,128500,5855,762364500,935285465500,7112437
20210809,284740,쿠쿠홈시스,KOSPI,,43550,-1850,-4.07,45250,45250,43550,93199,4098902900,977145721500,22437330
20210809,015590,큐로,KOSPI,,588,-10,-1.67,598,600,588,1205340,713981917,135952443144,231211638
20210809,264900,크라운제과,KOSPI,,11600,-350,-2.93,11950,11950,11500,55803,648476400,145276660000,12523850
20210809,26490K,크라운제과우,KOSPI,,17050,-150,-0.87,17400,17400,16950,13265,226483200,13189198000,773560
20210809,005740,크라운해태홀딩스,KOSPI,,10850,-200,-1.81,11150,11150,10850,8801,96002450,161093714950,14847347
20210809,005745,크라운해태홀딩스우,KOSPI,,17050,-350,-2.01,17250,17250,17050,4081,69836450,10242378300,600726
20210809,020120,키다리스튜디오,KOSPI,,16200,-350,-2.11,16500,16550,16150,118450,1924910250,536897678400,33141832
20210809,039490,키움증권,KOSPI,,119500,-500,-0.42,119000,120000,118500,51851,6184788000,3130901075500,26200009
20210809,014580,태경비케이,KOSPI,,6940,170,2.51,6820,7170,6650,3836009,26750002930,191426714000,27583100
20210809,015890,태경산업,KOSPI,,6740,-70,-1.03,6820,6850,6720,209609,1421842670,197001775000,29228750
20210809,006890,태경케미컬,KOSPI,,17950,-1050,-5.53,18800,18850,17850,345409,6275106100,208220000000,11600000
20210809,003240,태광산업,KOSPI,,1106000,-4000,-0.36,1093000,1106000,1086000,709,776829000,1231420400000,1113400
20210809,011280,태림포장,KOSPI,,4960,-35,-0.70,4995,5030,4935,181827,902001455,351197462400,70805940
20210809,004100,태양금속,KOSPI,,1570,-40,-2.48,1615,1620,1570,136565,217383340,57619000000,36700000
20210809,004105,태양금속우,KOSPI,,3375,5,0.15,3370,3390,3350,15016,50515600,11137500000,3300000
20210809,009410,태영건설,KOSPI,,12100,-200,-1.63,12200,12350,12000,108432,1315146150,470679085800,38899098
20210809,009415,태영건설우,KOSPI,,15400,-50,-0.32,15700,15700,15300,5213,80215700,20052986800,1302142
20210809,001420,태원물산,KOSPI,,5050,-70,-1.37,5120,5160,5000,40105,203237980,38380000000,7600000
20210809,007980,태평양물산,KOSPI,,2365,-35,-1.46,2400,2420,2355,269766,640442960,113873773255,48149587
20210809,055490,테이팩스,KOSPI,,62200,800,1.30,61000,63100,61000,63619,3954175100,293437830000,4717650
20210809,078000,텔코웨어,KOSPI,,12200,0,0.00,12300,12300,12100,13031,158311150,118373013200,9702706
20210809,214420,토니모리,KOSPI,,8040,-130,-1.59,8170,8170,7970,23083,185246450,147805116840,18383721
20210809,019180,티에이치엔,KOSPI,,3620,-10,-0.28,3640,3655,3610,47203,171598490,65160000000,18000000
20210809,363280,티와이홀딩스,KOSPI,,30650,-550,-1.76,31250,31250,30600,113498,3499052900,1231259999750,40171615
20210809,36328K,티와이홀딩스우,KOSPI,,27000,50,0.19,27100,27500,26500,9311,251290850,33894126000,1255338
20210809,091810,티웨이항공,KOSPI,,4050,-50,-1.22,4040,4100,3965,837396,3372571070,446837629950,110330279
20210809,004870,티웨이홀딩스,KOSPI,,1295,-35,-2.63,1320,1330,1290,163344,213001535,100307459910,77457498
20210809,005690,파미셀,KOSPI,,17750,-250,-1.39,18150,18150,17600,690195,12289382650,1064271362500,59958950
20210809,036580,팜스코,KOSPI,,7080,-30,-0.42,7170,7190,7000,134898,955917490,260033836440,36727943
20210809,004720,팜젠사이언스,KOSPI,,11600,50,0.43,11450,11750,11450,217143,2516912950,170670022800,14712933
20210809,028670,팬오션,KOSPI,,7450,-90,-1.19,7550,7590,7420,2149334,16079613460,3982542864400,534569512
20210809,010820,퍼스텍,KOSPI,,2610,-5,-0.19,2625,2645,2580,279200,730353945,125440410600,48061460
20210809,016800,퍼시스,KOSPI,,34750,-300,-0.86,35050,35500,34700,2383,83231750,399625000000,11500000
20210809,001020,페이퍼코리아,KOSPI,,2125,-80,-3.63,2190,2220,2125,72940,157040000,80244957625,37762333
20210809,090080,평화산업,KOSPI,,1670,-20,-1.18,1745,1745,1645,245233,412380145,91686772530,54902259
20210809,010770,평화홀딩스,KOSPI,,4810,0,0.00,4810,4950,4810,23438,113464965,70348491460,14625466
20210809,058430,포스코강판,KOSPI,,65700,-800,-1.20,66500,67200,65500,51036,3359702000,394200000000,6000000
20210809,047050,포스코인터내셔널,KOSPI,,24500,-50,-0.20,24650,25000,24200,932131,22860626450,3022691150500,123375149
20210809,003670,포스코케미칼,KOSPI,,157500,0,0.00,156500,160000,154000,422214,66481781000,12200457150000,77463220
20210809,007630,폴루스바이오팜,KOSPI,,1225,0,0.00,0,0,0,0,0,55134426375,45007695
20210809,017810,풀무원,KOSPI,,18750,-300,-1.57,19100,19150,18750,101087,1905571650,714760106250,38120539
20210809,103140,풍산,KOSPI,,37700,-500,-1.31,38000,38000,37300,197508,7420808500,1056515280600,28024278
20210809,005810,풍산홀딩스,KOSPI,,27650,-50,-0.18,27700,27900,27450,27146,750938900,287823449200,10409528
20210809,950210,프레스티지바이오파마,KOSPI,,31950,100,0.31,32250,33300,31200,925100,29870524500,1920072152250,60096155
20210809,086790,하나금융지주,KOSPI,,44300,1050,2.43,43850,44700,43700,1438797,63700362300,13300723346600,300242062
20210809,293480,하나제약,KOSPI,,21950,-50,-0.23,21900,22000,21750,31717,693649700,390116164700,17772946
20210809,039130,하나투어,KOSPI,,80500,-500,-0.62,80300,81700,79300,117472,9486308300,1122104392500,13939185
20210809,172580,하이골드12호,KOSPI,,2565,-5,-0.19,2565,2575,2565,22905,59902270,33459142500,13044500
20210809,153360,하이골드3호,KOSPI,,1945,-5,-0.26,1950,1955,1945,4117,8030780,31411341550,16149790
20210809,352820,하이브,KOSPI,,308000,-2000,-0.65,307500,311500,304000,189206,58263281000,12027651636000,39050817
20210809,071090,하이스틸,KOSPI,,3345,-125,-3.60,3470,3510,3345,142183,485106560,66898126800,19999440
20210809,019490,하이트론,KOSPI,,6910,-80,-1.14,6930,7140,6840,120069,834309970,50590487040,7321344
20210809,000080,하이트진로,KOSPI,,34250,-300,-0.87,34550,34550,34100,201800,6900996550,2402076176750,70133611
20210809,000087,하이트진로2우B,KOSPI,,21350,50,0.23,21350,21400,21250,2210,47079600,24128446300,1130138
20210809,000140,하이트진로홀딩스,KOSPI,,15350,-250,-1.60,15600,15600,15250,13541,208411350,356223842750,23206765
20210809,000145,하이트진로홀딩스우,KOSPI,,18900,-400,-2.07,19600,19600,18900,1416,26924200,8898309000,470810
20210809,152550,한국ANKOR유전,KOSPI,,1570,-10,-0.63,1575,1580,1570,49320,77491905,109931400000,70020000
20210809,036460,한국가스공사,KOSPI,,36650,-200,-0.54,36550,36750,36450,152913,5589149500,3383271450000,92313000
20210809,005430,한국공항,KOSPI,,46550,-350,-0.75,46000,46600,46000,6244,288683250,147393825250,3166355
20210809,071050,한국금융지주,KOSPI,,97200,400,0.41,96900,101000,96300,837601,82628250100,5416566422400,55725992
20210809,071055,한국금융지주우,KOSPI,,75900,-100,-0.13,76000,78000,75100,79875,6123898600,444641250900,5858251
20210809,010040,한국내화,KOSPI,,4710,-110,-2.28,4820,4845,4695,164288,777981895,193425862020,41067062
20210809,025540,한국단자,KOSPI,,91300,500,0.55,90800,92300,90300,46568,4250724600,950889500000,10415000
20210809,004090,한국석유,KOSPI,,14350,-250,-1.71,14600,14600,14300,59818,860595500,182160622000,12694120
20210809,002200,한국수출포장,KOSPI,,28500,-500,-1.72,28950,28950,28200,18003,511575250,114000000000,4000000
20210809,002960,한국쉘석유,KOSPI,,273500,-1000,-0.36,274500,275000,272500,1680,459465500,355550000000,1300000
20210809,000240,한국앤컴퍼니,KOSPI,,18200,-200,-1.09,18250,18350,18050,147803,2684711650,1727821368000,94935240
20210809,123890,한국자산신탁,KOSPI,,4500,0,0.00,4500,4515,4475,154468,694058315,557899884000,123977752
20210809,015760,한국전력,KOSPI,,25250,-200,-0.79,25500,25550,25200,1547366,39160977300,16209592944250,641964077
20210809,006200,한국전자홀딩스,KOSPI,,1430,-15,-1.04,1450,1455,1415,326957,468240705,66928484480,46803136
20210809,009540,한국조선해양,KOSPI,,125000,-5000,-3.85,129000,129500,124000,440112,55289545500,8846639500000,70773116
20210809,023350,한국종합기술,KOSPI,,8830,-310,-3.39,9140,9140,8800,56329,503683880,96688500000,10950000
20210809,025890,한국주강,KOSPI,,2900,-140,-4.61,3040,3070,2890,427612,1267584790,32796851100,11309259
20210809,000970,한국주철관,KOSPI,,9900,-150,-1.49,10100,10150,9880,191809,1905960110,225724950000,22800500
20210809,104700,한국철강,KOSPI,,9190,-50,-0.54,9240,9300,9180,51159,471451420,423199500000,46050000
20210809,017960,한국카본,KOSPI,,11500,-150,-1.29,11600,11650,11450,192300,2213262500,505548705500,43960757
20210809,161890,한국콜마,KOSPI,,53100,-1500,-2.75,54800,56000,52900,342933,18491484500,1214990658000,22881180
20210809,024720,한국콜마홀딩스,KOSPI,,27650,-600,-2.12,28300,28300,27500,107020,2969807350,513646280350,18576719
20210809,161390,한국타이어앤테크놀로지,KOSPI,,48250,-1550,-3.11,49050,49350,48200,273773,13273211700,5976972079250,123875069
20210809,034830,한국토지신탁,KOSPI,,2220,-25,-1.11,2240,2250,2220,409293,916023305,560526090600,252489230
20210809,007280,한국특강,KOSPI,,3715,-50,-1.33,3840,3840,3700,155968,581518245,197795798340,53242476
20210809,168490,한국패러랠,KOSPI,,2025,0,0.00,2040,2040,2020,39816,80706440,162040500000,80020000
20210809,010100,한국프랜지,KOSPI,,3340,-35,-1.04,3375,3375,3320,119763,400472005,101704402800,30450420
20210809,047810,한국항공우주,KOSPI,,32800,-550,-1.65,33300,33350,32700,342331,11247979400,3197183509600,97475107
20210809,123690,한국화장품,KOSPI,,10800,-150,-1.37,10850,10950,10750,25667,277258300,173534400000,16068000
20210809,003350,한국화장품제조,KOSPI,,31550,-800,-2.47,32250,32400,31450,13013,413926100,142984600000,4532000
20210809,011500,한농화성,KOSPI,,14500,0,0.00,14400,14800,14350,126634,1854344250,226737109000,15637042
20210809,002390,한독,KOSPI,,27000,50,0.19,26950,27400,26650,48285,1306239550,371615391000,13763533
20210809,014790,한라,KOSPI,,5410,-120,-2.17,5540,5560,5400,112737,617772250,210313436220,38874942
20210809,060980,한라홀딩스,KOSPI,,45900,-450,-0.97,46500,46500,45850,36263,1667577150,480668013000,10472070
20210809,053690,한미글로벌,KOSPI,,11650,0,0.00,11600,11700,11350,59243,683872900,127655457500,10957550
20210809,042700,한미반도체,KOSPI,,37500,650,1.76,36500,37600,36400,496051,18448587300,1854745387500,49459877
20210809,008930,한미사이언스,KOSPI,,74500,-4400,-5.58,76400,78600,74300,756837,57327289800,5014193519500,67304611
20210809,128940,한미약품,KOSPI,,318500,-12500,-3.78,320000,322000,316500,116826,37162847500,3846932817000,12078282
20210809,009240,한샘,KOSPI,,116500,-2500,-2.10,118000,118000,116000,95772,11182788500,2741702612000,23533928
20210809,020000,한섬,KOSPI,,38850,-950,-2.39,39350,39350,38650,59388,2306011150,956875500000,24630000
20210809,003680,한성기업,KOSPI,,8380,20,0.24,8370,8530,8300,17700,148562740,52035735700,6209515
20210809,105630,한세실업,KOSPI,,21000,-600,-2.78,21550,21550,21000,188224,3972826300,840000000000,40000000
20210809,069640,한세엠케이,KOSPI,,8590,-240,-2.72,9050,9050,8550,244731,2132329040,110891075980,12909322
20210809,016450,한세예스24홀딩스,KOSPI,,10200,-350,-3.32,10400,10600,10100,321894,3323874150,408000000000,40000000
20210809,010420,한솔PNS,KOSPI,,2855,20,0.71,2900,3010,2850,2276902,6689078870,58507549260,20493012
20210809,009180,한솔로지스틱스,KOSPI,,4115,-45,-1.08,4155,4165,4050,317216,1295978475,113069603875,27477425
20210809,213500,한솔제지,KOSPI,,16350,-100,-0.61,16550,16600,16250,131586,2159663450,389139417600,23800576
20210809,014680,한솔케미칼,KOSPI,,270500,2500,0.93,269000,278000,263500,74657,20315699500,3066170247500,11335195
20210809,004710,한솔테크닉스,KOSPI,,8240,-30,-0.36,8270,8270,8180,82650,678317340,264585394720,32109878
20210809,004150,한솔홀딩스,KOSPI,,4335,-20,-0.46,4325,4355,4275,97929,421979740,182107181295,42008577
20210809,025750,한솔홈데코,KOSPI,,2175,-15,-0.68,2180,2210,2155,3210371,7000068275,175229199075,80565149
20210809,004960,한신공영,KOSPI,,23700,-200,-0.84,23900,24000,23550,15637,371186750,274225637400,11570702
20210809,011700,한신기계,KOSPI,,3585,-325,-8.31,3910,3915,3585,3488617,12932357030,116319451335,32446151
20210809,001750,한양증권,KOSPI,,16850,150,0.90,16700,17000,16600,26538,447177650,214475797900,12728534
20210809,001755,한양증권우,KOSPI,,22050,-900,-3.92,22700,23000,22050,3488,78018500,11576250000,525000
20210809,018880,한온시스템,KOSPI,,16150,0,0.00,16150,16200,15800,670329,10747244150,8620870000000,533800000
20210809,009420,한올바이오파마,KOSPI,,22800,-700,-2.98,23400,23400,22700,319453,7331021900,1191086546400,52240638
20210809,014130,한익스프레스,KOSPI,,6990,-80,-1.13,7070,7090,6920,73405,512138590,83880000000,12000000
20210809,300720,한일시멘트,KOSPI,,198500,15500,8.47,185000,203000,182000,41160,8004518000,1374841569000,6926154
20210809,002220,한일철강,KOSPI,,2870,-90,-3.04,2960,2960,2870,89459,258597935,76621710200,26697460
20210809,006390,한일현대시멘트,KOSPI,,37650,150,0.40,37500,38300,37000,42087,1588713600,669211242750,17774535
20210809,003300,한일홀딩스,KOSPI,,14000,50,0.36,13900,14050,13800,23051,321425800,403420920000,28815780
20210809,051600,한전KPS,KOSPI,,41150,-1300,-3.06,42350,42350,41050,223508,9245351900,1851750000000,45000000
20210809,052690,한전기술,KOSPI,,49850,-850,-1.68,50700,50800,49650,280749,14028446800,1905267000000,38220000
20210809,130660,한전산업,KOSPI,,12150,-550,-4.33,12550,12700,12000,977740,11977302850,396090000000,32600000
20210809,002320,한진,KOSPI,,41150,-400,-0.96,41600,41600,40750,44829,1835512400,615094892200,14947628
20210809,097230,한진중공업,KOSPI,,8320,80,0.97,8240,8390,8170,81568,677720920,692842017920,83274281
20210809,003480,한진중공업홀딩스,KOSPI,,5980,220,3.82,5730,6010,5710,292485,1747092430,176588275760,29529812
20210809,180640,한진칼,KOSPI,,66200,-800,-1.19,66200,67000,65100,70835,4691706500,4418106243000,66738765
20210809,18064K,한진칼우,KOSPI,,40950,-550,-1.33,41900,41900,40950,2519,103445800,21980567700,536766
20210809,005110,한창,KOSPI,,1595,-50,-3.04,1640,1640,1565,2845883,4533831865,106530479055,66790269
20210809,009460,한창제지,KOSPI,,2450,-15,-0.61,2470,2470,2425,299479,731259965,146185340700,59667486
20210809,000880,한화,KOSPI,,31150,600,1.96,30900,31450,30700,807028,25182427600,2334964595250,74958735
20210809,00088K,한화3우B,KOSPI,,15600,300,1.96,15350,15700,15350,134001,2086690350,350563200000,22472000
20210809,088350,한화생명,KOSPI,,3465,-30,-0.86,3520,3535,3455,2008989,6990286905,3009456450000,868530000
20210809,000370,한화손해보험,KOSPI,,4610,-60,-1.28,4710,4715,4585,443620,2048846555,538166398150,116738915
20210809,009830,한화솔루션,KOSPI,,39550,350,0.89,39200,39550,38500,1051829,41034845900,7565064556350,191278497
20210809,009835,한화솔루션우,KOSPI,,48600,-600,-1.22,49500,49500,48200,6380,309362800,54613618200,1123737
20210809,272210,한화시스템,KOSPI,,16950,-200,-1.17,17150,17150,16900,541967,9206057850,3202183643550,188919389
20210809,012450,한화에어로스페이스,KOSPI,,51600,-700,-1.34,52200,52300,51400,427149,22079304000,2612508000000,50630000
20210809,000885,한화우,KOSPI,,43300,-200,-0.46,44000,44000,43200,1002,43549050,20753430200,479294
20210809,003530,한화투자증권,KOSPI,,4600,15,0.33,4645,4700,4595,1047852,4867453440,986919765000,214547775
20210809,003535,한화투자증권우,KOSPI,,14000,250,1.82,14200,14200,13900,31047,435725150,67200000000,4800000
20210809,195870,해성디에스,KOSPI,,45050,-400,-0.88,45400,46250,44500,167697,7540226300,765850000000,17000000
20210809,101530,해태제과식품,KOSPI,,9550,-130,-1.34,9680,9690,9510,48676,465355060,278065650100,29116822
20210809,143210,핸즈코퍼레이션,KOSPI,,6190,-60,-0.96,6250,6250,6160,15408,95266280,135333628920,21863268
20210809,000720,현대건설,KOSPI,,53700,-800,-1.47,54900,54900,53500,629116,33933703800,5979804580500,111355765
20210809,267270,현대건설기계,KOSPI,,53900,-1600,-2.88,55500,55700,53600,100367,5426877600,1061872742700,19700793
20210809,000725,현대건설우,KOSPI,,201500,2000,1.00,201500,202000,201000,860,173492500,19919484000,98856
20210809,005440,현대그린푸드,KOSPI,,9970,-130,-1.29,10050,10100,9960,360314,3598923720,974113685540,97704482
20210809,086280,현대글로비스,KOSPI,,192000,-3000,-1.54,193500,194000,191500,88850,17072314500,7200000000000,37500000
20210809,064350,현대로템,KOSPI,,26750,150,0.56,27000,27500,26200,4286888,114535531300,2919556337750,109142293
20210809,079430,현대리바트,KOSPI,,18850,-350,-1.82,19100,19200,18800,145552,2749228500,387090065700,20535282
20210809,012330,현대모비스,KOSPI,,274500,-2000,-0.72,275000,275500,272000,172932,47301259000,26020704303000,94793094
20210809,010620,현대미포조선,KOSPI,,79000,-2200,-2.71,80700,80700,78600,286925,22719960500,3155429771000,39942149
20210809,069960,현대백화점,KOSPI,,80200,-700,-0.87,80400,80400,79800,87504,7003166500,1876875768200,23402441
20210809,004560,현대비앤지스틸,KOSPI,,21200,-200,-0.93,21400,21450,20950,130994,2762655350,319670793200,15078811
20210809,004565,현대비앤지스틸우,KOSPI,,90000,-800,-0.88,90000,90100,89600,486,43714500,9886680000,109852
20210809,004310,현대약품,KOSPI,,6560,-90,-1.35,6650,6660,6530,94662,622508750,209920000000,32000000
20210809,322000,현대에너지솔루션,KOSPI,,29700,-300,-1.00,30000,30000,29600,37290,1107471350,332640000000,11200000
20210809,017800,현대엘리베이,KOSPI,,55400,-500,-0.89,56200,56900,55200,665216,37227461900,2261161581400,40815191
20210809,307950,현대오토에버,KOSPI,,128500,1000,0.78,127500,130000,125000,53059,6753152500,3523981687000,27423982
20210809,011210,현대위아,KOSPI,,94700,400,0.42,94300,95600,92800,224078,21142995200,2575374360100,27195083
20210809,267260,현대일렉트릭,KOSPI,,22950,1050,4.79,21950,23100,21700,674132,15312171750,827281748250,36047135
20210809,004020,현대제철,KOSPI,,50600,-900,-1.75,51500,51500,50500,592602,30058895100,6752356721000,133445785
20210809,267250,현대중공업지주,KOSPI,,67800,-1200,-1.74,68500,68600,67600,209084,14173946000,5355731163000,78993085
20210809,005380,현대차,KOSPI,,221000,-1500,-0.67,220500,222500,220000,582236,128424525000,47220669327000,213668187
20210809,005387,현대차2우B,KOSPI,,103500,-1000,-0.96,104500,104500,102500,141932,14635594000,3776244178500,36485451
20210809,005389,현대차3우B,KOSPI,,98600,-1100,-1.10,100000,100000,98500,25554,2527100700,239473271000,2428735
20210809,005385,현대차우,KOSPI,,105000,-1000,-0.94,106000,106500,105000,37582,3958944500,2557451925000,24356685
20210809,001500,현대차증권,KOSPI,,12750,100,0.79,12650,12900,12600,187794,2397332750,404335165500,31712562
20210809,011760,현대코퍼레이션,KOSPI,,19650,200,1.03,19450,19800,19450,40565,794361550,259949181900,13228966
20210809,227840,현대코퍼레이션홀딩스,KOSPI,,15700,400,2.61,15700,15900,15450,190985,2994378150,142883125200,9100836
20210809,126560,현대퓨처넷,KOSPI,,4725,20,0.43,4700,4785,4650,590094,2783267235,533341916100,112876596
20210809,001450,현대해상,KOSPI,,25850,-100,-0.39,26000,26100,25700,309707,8001166450,2310990000000,89400000
20210809,057050,현대홈쇼핑,KOSPI,,80800,-1000,-1.22,81600,81600,80300,33427,2695416000,969600000000,12000000
20210809,093240,형지엘리트,KOSPI,,4570,0,0.00,4570,4600,4490,176806,799227495,142377426860,31154798
20210809,003010,혜인,KOSPI,,6370,-130,-2.00,6500,6510,6350,83856,537785650,80980198390,12712747
20210809,111110,호전실업,KOSPI,,13600,-50,-0.37,13650,13750,13300,54293,733329050,108800000000,8000000
20210809,008770,호텔신라,KOSPI,,93000,-1400,-1.48,93700,93800,92700,312631,29096207000,3650075253000,39248121
20210809,008775,호텔신라우,KOSPI,,103500,4700,4.76,101000,106000,100000,120239,12437381000,77819476500,751879
20210809,002460,화성산업,KOSPI,,12900,-50,-0.39,12950,12950,12800,16742,215606800,160615320000,12450800
20210809,378850,화승알앤에이,KOSPI,,6510,-20,-0.31,6540,6610,6500,70569,460960250,123648485730,18993623
20210809,241590,화승엔터프라이즈,KOSPI,,16000,-200,-1.23,16050,16100,15900,117307,1874279600,969065232000,60566577
20210809,006060,화승인더,KOSPI,,7170,-70,-0.97,7230,7260,7100,228799,1635696000,396644400000,55320000
20210809,013520,화승코퍼레이션,KOSPI,,3005,-80,-2.59,3085,3110,2980,887958,2674748515,150404012260,50051252
20210809,010690,화신,KOSPI,,9690,110,1.15,9530,9780,9380,551490,5291418030,338378772900,34920410
20210809,133820,화인베스틸,KOSPI,,2930,-45,-1.51,2970,2970,2900,258892,756344175,86581500000,29550000
20210809,010660,화천기계,KOSPI,,2970,-30,-1.00,3000,3005,2935,117619,349101735,65340000000,22000000
20210809,000850,화천기공,KOSPI,,36850,-50,-0.14,36750,37400,36500,2928,107428600,81070000000,2200000
20210809,016580,환인제약,KOSPI,,20600,-450,-2.14,20950,20950,20450,118137,2435397850,383161442000,18600070
20210809,032560,황금에스티,KOSPI,,9890,0,0.00,9890,9920,9790,115344,1134136210,158240000000,16000000
20210809,004800,효성,KOSPI,,118500,0,0.00,117500,121000,117000,85332,10148535500,2496916462500,21071025
20210809,094280,효성ITX,KOSPI,,22900,-200,-0.87,23350,23350,22700,24347,556823300,264682780000,11558200
20210809,298040,효성중공업,KOSPI,,73900,-1100,-1.47,74600,75000,73500,53734,3976690200,689084097200,9324548
20210809,298050,효성첨단소재,KOSPI,,582000,1000,0.17,575000,589000,574000,54407,31665579000,2607329736000,4479948
20210809,298020,효성티앤씨,KOSPI,,846000,-16000,-1.86,861000,864000,845000,41545,35309482000,3661218972000,4327682
20210809,298000,효성화학,KOSPI,,356500,-12000,-3.26,368500,372000,355000,40781,14697021000,1137279919000,3190126
20210809,093370,후성,KOSPI,,14200,1000,7.58,13200,14850,13050,12626877,179457472050,1315016829800,92606819
20210809,081660,휠라홀딩스,KOSPI,,55400,-600,-1.07,55500,55700,54700,266483,14739114300,3365673098800,60752222
20210809,005870,휴니드,KOSPI,,7570,60,0.80,7510,7580,7430,41240,309328880,106858233550,14116015
20210809,079980,휴비스,KOSPI,,11300,-150,-1.31,11400,11400,11250,210577,2381174750,389850000000,34500000
20210809,005010,휴스틸,KOSPI,,13750,-250,-1.79,14050,14100,13650,39414,543734100,105266768750,7655765
20210809,069260,휴켐스,KOSPI,,25100,200,0.80,24750,25400,24300,435171,10808488850,1026052558800,40878588
20210809,000540,흥국화재,KOSPI,,4110,-30,-0.72,4170,4170,4100,67480,277641775,264037270950,64242645
20210809,000547,흥국화재2우B,KOSPI,,28900,-300,-1.03,29200,29200,28550,785,22527100,4439040000,153600
20210809,000545,흥국화재우,KOSPI,,10150,50,0.50,10000,10250,10000,5109,51889450,7795200000,768000
20210809,003280,흥아해운,KOSPI,,1035,0,0.00,0,0,0,0,0,247494403980,239125028
20210809,060310,3S,KOSDAQ,중견기업부,3730,-160,-4.11,3850,3945,3710,928592,3557176070,172592743490,46271513
20210809,054620,APS홀딩스,KOSDAQ,중견기업부,21600,-50,-0.23,21550,22100,21200,156332,3383054450,440515173600,20394221
20210809,265520,AP시스템,KOSDAQ,우량기업부,31350,250,0.80,31150,31450,30700,228455,7124671400,453955116450,14480227
20210809,211270,AP위성,KOSDAQ,벤처기업부,15950,-150,-0.93,16150,16200,15700,72901,1155878900,240562748800,15082304
20210809,013720,CBI,KOSDAQ,중견기업부,4575,-280,-5.77,4900,4900,4565,743600,3435563245,231942320625,50697775
20210809,035760,CJ ENM,KOSDAQ,우량기업부,161800,600,0.37,161200,162400,159700,96369,15584765800,3548137117200,21929154
20210809,051500,CJ프레시웨이,KOSDAQ,중견기업부,36200,-50,-0.14,36650,36650,35650,86393,3104190650,429751413200,11871586
20210809,058820,CMG제약,KOSDAQ,우량기업부,4865,-155,-3.09,5000,5000,4860,1184690,5802687295,675710767060,138892244
20210809,023460,CNH,KOSDAQ,벤처기업부,3400,-35,-1.02,3435,3465,3395,64518,220801080,126480000000,37200000
20210809,056730,CNT85,KOSDAQ,관리종목(소속부없음),1550,0,0.00,0,0,0,0,0,109591063600,70703912
20210809,056000,COWON,KOSDAQ,투자주의환기종목(소속부없음),2860,0,0.00,0,0,0,0,0,56399843500,19720225
20210809,065770,CS,KOSDAQ,벤처기업부,5020,-220,-4.20,5220,5240,5000,351006,1786875290,97443872600,19411130
20210809,083660,CSA 코스믹,KOSDAQ,관리종목(소속부없음),1600,-20,-1.23,1620,1640,1590,53378,85631970,60694582400,37934114
20210809,367340,DB금융스팩8호,KOSDAQ,SPAC(소속부없음),2215,-5,-0.23,2215,2235,2205,105331,233173040,13400750000,6050000
20210809,367360,DB금융스팩9호,KOSDAQ,SPAC(소속부없음),2230,-10,-0.45,2240,2260,2220,54850,122272680,10793200000,4840000
20210809,068790,DMS,KOSDAQ,우량기업부,8690,160,1.88,8600,8700,8450,489123,4220271150,213539900090,24573061
20210809,241520,DSC인베스트먼트,KOSDAQ,벤처기업부,5350,-30,-0.56,5490,5490,5340,150205,809881930,148791006050,27811403
20210809,245620,EDGC,KOSDAQ,기술성장기업부,4780,-15,-0.31,4780,4870,4775,313854,1504378995,399751758500,83630075
20210809,037370,EG,KOSDAQ,중견기업부,12350,-450,-3.52,12800,12800,12250,115315,1432936850,92625000000,7500000
20210809,079190,EMW,KOSDAQ,관리종목(소속부없음),2780,0,0.00,0,0,0,0,0,88360067660,31784197
20210809,050120,ES큐브,KOSDAQ,중견기업부,5970,50,0.84,5920,6020,5900,37189,221509330,80977593420,13564086
20210809,130500,GH신소재,KOSDAQ,중견기업부,8270,40,0.49,8460,8650,8210,768966,6436527150,90970000000,11000000
20210809,900290,GRT,KOSDAQ,관리종목(소속부없음),951,0,0.00,0,0,0,0,0,64073625000,67375000
20210809,083450,GST,KOSDAQ,우량기업부,30950,-150,-0.48,31100,31900,29600,164874,5109806450,288384207750,9317745
20210809,045890,GV,KOSDAQ,관리종목(소속부없음),240,0,0.00,0,0,0,0,0,20823884880,86766187
20210809,297890,HB솔루션,KOSDAQ,벤처기업부,29000,1700,6.23,27000,29600,26450,308350,8739044950,474590916000,16365204
20210809,078150,HB테크놀러지,KOSDAQ,우량기업부,3475,320,10.14,3160,3655,3150,21588032,74661917180,274491730350,78990426
20210809,195940,HK이노엔,KOSDAQ,우량기업부,68500,400,0.59,68100,78900,68000,15295474,1124624208200,1979958181500,28904499
20210809,036640,HRS,KOSDAQ,중견기업부,5600,-120,-2.10,5720,5740,5600,137557,775472790,91586880000,16354800
20210809,335870,IBKS제12호스팩,KOSDAQ,SPAC(소속부없음),2910,270,10.23,2630,3060,2605,1889520,5362903475,9079200000,3120000
20210809,351340,IBKS제13호스팩,KOSDAQ,SPAC(소속부없음),2480,50,2.06,2430,2500,2385,177929,434320530,12821600000,5170000
20210809,351320,IBKS제14호스팩,KOSDAQ,SPAC(소속부없음),3385,-470,-12.19,3635,3700,3210,1894322,6493853120,14657050000,4330000
20210809,373200,IBKS제15호스팩,KOSDAQ,SPAC(소속부없음),2350,0,0.00,0,0,0,0,0,8272000000,3520000
20210809,095340,ISC,KOSDAQ,우량기업부,29850,1000,3.47,29100,30000,28550,767751,22670981500,493853802600,16544516
20210809,099520,ITX-AI,KOSDAQ,관리종목(소속부없음),1285,0,0.00,0,0,0,0,0,37652662655,29301683
20210809,950170,JTC,KOSDAQ,외국기업(소속부없음),4970,60,1.22,4970,5020,4890,58479,289294135,173977419490,35005517
20210809,067290,JW신약,KOSDAQ,중견기업부,4945,-55,-1.10,5010,5020,4895,131782,651121320,217267762810,43936858
20210809,035900,JYP Ent.,KOSDAQ,우량기업부,44600,800,1.83,44000,46200,43400,1463199,66123582500,1583188143200,35497492
20210809,024840,KBI메탈,KOSDAQ,우량기업부,2575,-75,-2.83,2650,2650,2575,430970,1118589905,84848433600,32950848
20210809,024120,KB오토시스,KOSDAQ,우량기업부,7960,40,0.51,7900,8200,7870,61411,495393950,91540000000,11500000
20210809,021320,KCC건설,KOSDAQ,우량기업부,12300,300,2.50,12200,12950,12150,521894,6539765200,263220000000,21400000
20210809,036670,KCI,KOSDAQ,우량기업부,10250,50,0.49,10150,10250,10100,42757,435499750,115517500000,11270000
20210809,044180,KD,KOSDAQ,중견기업부,2000,-110,-5.21,2070,2130,1985,1020053,2085947790,33050720000,16525360
20210809,151860,KG ETS,KOSDAQ,우량기업부,19800,-600,-2.94,20200,20300,19700,890516,17698676100,712800000000,36000000
20210809,046440,KG모빌리언스,KOSDAQ,우량기업부,10400,-200,-1.89,10600,10600,10350,277908,2900109750,403785907200,38825568
20210809,035600,KG이니시스,KOSDAQ,우량기업부,20650,-300,-1.43,20900,21100,20550,281884,5848387750,576226562100,27904434
20210809,226360,KH E&T,KOSDAQ,벤처기업부,2150,-60,-2.71,2200,2205,2120,393467,844269120,116819181450,54334503
20210809,111870,KH 일렉트론,KOSDAQ,중견기업부,1045,-5,-0.48,1050,1055,1030,300924,312172245,105604529470,101056966
20210809,060720,KH바텍,KOSDAQ,중견기업부,23000,500,2.22,22600,23150,22400,614530,14067240150,544499769000,23673903
20210809,122450,KMH,KOSDAQ,중견기업부,11300,-250,-2.16,11500,11500,11200,233931,2644013650,512296393200,45335964
20210809,052900,KMH하이텍,KOSDAQ,중견기업부,2030,30,1.50,1990,2035,1985,419919,846707265,95177562970,46885499
20210809,058400,KNN,KOSDAQ,우량기업부,1860,10,0.54,1845,1870,1835,593148,1098521660,246319279200,132429720
20210809,114450,KPX생명과학,KOSDAQ,중견기업부,9660,-170,-1.73,9840,9840,9650,129701,1255665680,144900000000,15000000
20210809,060370,KT서브마린,KOSDAQ,중견기업부,7140,-170,-2.33,7250,7300,7110,142358,1019761420,156366000000,21900000
20210809,108320,LX세미콘,KOSDAQ,우량기업부,126700,2600,2.10,124400,127500,123000,175426,21988978300,2060686810000,16264300
20210809,160550,NEW,KOSDAQ,중견기업부,9280,-150,-1.59,9530,9540,9200,282570,2637941320,258968663680,27906106
20210809,053290,NE능률,KOSDAQ,중견기업부,17200,-500,-2.82,17600,17600,16750,504333,8579346450,284252480400,16526307
20210809,104200,NHN벅스,KOSDAQ,중견기업부,6810,-180,-2.58,7000,7000,6700,181699,1240646140,100975615500,14827550
20210809,060250,NHN한국사이버결제,KOSDAQ,우량기업부,54800,900,1.67,53500,55100,53400,85997,4695435300,1342751741200,24502769
20210809,030190,NICE평가정보,KOSDAQ,우량기업부,24150,100,0.42,24000,24200,23750,66403,1592795150,1466262903000,60714820
20210809,078590,OQP,KOSDAQ,관리종목(소속부없음),3890,0,0.00,0,0,0,0,0,322897066620,83006958
20210809,024940,PN풍년,KOSDAQ,벤처기업부,8100,-360,-4.26,8710,8720,8100,285005,2390765610,81000000000,10000000
20210809,218410,RFHIC,KOSDAQ,우량기업부,36600,-350,-0.95,36900,36900,36450,148413,5426913900,975302892000,26647620
20210809,327260,RF머트리얼즈,KOSDAQ,벤처기업부,26500,250,0.95,26100,26600,26100,15495,409161400,105969498500,3998849
20210809,091340,S&K폴리텍,KOSDAQ,중견기업부,6290,-20,-0.32,6380,6400,6210,187067,1176101400,73616405090,11703721
20210809,019550,SBI인베스트먼트,KOSDAQ,벤처기업부,1995,0,0.00,2000,2060,1975,3733816,7489128290,323322817125,162066575
20210809,950110,SBI핀테크솔루션즈,KOSDAQ,외국기업(소속부없음),8030,0,0.00,8040,8140,8020,12626,101658040,193105761200,24048040
20210809,046140,SBS콘텐츠허브,KOSDAQ,우량기업부,7980,-90,-1.12,8070,8110,7980,22934,183741580,171279168900,21463555
20210809,036120,SCI평가정보,KOSDAQ,중견기업부,3600,-60,-1.64,3655,3655,3585,89218,321226975,127800000000,35500000
20210809,099220,SDN,KOSDAQ,우량기업부,2745,-85,-3.00,2815,2830,2720,1003872,2763925135,141283725345,51469481
20210809,036540,SFA반도체,KOSDAQ,우량기업부,7800,160,2.09,7750,7920,7640,6326294,49349217870,1282790363400,164460303
20210809,255220,SG,KOSDAQ,중견기업부,2350,0,0.00,2350,2365,2330,163533,383995290,97149627450,41340267
20210809,040610,SG&G,KOSDAQ,중견기업부,2910,-15,-0.51,2925,2935,2850,138852,400354040,99193740360,34087196
20210809,049470,SGA,KOSDAQ,중견기업부,1400,-50,-3.45,1450,1455,1400,868028,1231332950,74007148600,52862249
20210809,184230,SGA솔루션즈,KOSDAQ,벤처기업부,1565,-75,-4.57,1645,1655,1560,1057982,1679343785,72265136390,46175806
20210809,016250,SGC이테크건설,KOSDAQ,우량기업부,71900,-1700,-2.31,74100,74100,70900,15856,1141310000,145543359300,2024247
20210809,337450,SK5호스팩,KOSDAQ,SPAC(소속부없음),2500,-50,-1.96,2535,2550,2480,337384,843298115,10775000000,4310000
20210809,340350,SK6호스팩,KOSDAQ,SPAC(소속부없음),2240,-20,-0.88,2265,2270,2230,216292,485243410,12790400000,5710000
20210809,036490,SK머티리얼즈,KOSDAQ,우량기업부,417900,13300,3.29,404600,423000,400200,69251,28772600900,4407872546700,10547673
20210809,048550,SM C&C,KOSDAQ,중견기업부,5590,-520,-8.51,5830,6110,5550,10683400,61658980130,530743220800,94945120
20210809,063440,SM Life Design,KOSDAQ,중견기업부,3230,-140,-4.15,3310,3405,3210,4311543,14211252465,145767167420,45129154
20210809,950180,SNK,KOSDAQ,외국기업(소속부없음),20650,-200,-0.96,20950,20950,20500,50893,1048375700,434926170000,21061800
20210809,289080,SV인베스트먼트,KOSDAQ,중견기업부,4085,-100,-2.39,4220,4220,3965,402381,1651151050,217460890000,53234000
20210809,089230,THE E&M,KOSDAQ,중견기업부,968,-27,-2.71,997,998,964,1448316,1411265021,167899784888,173450191
20210809,161570,THE MIDONG,KOSDAQ,중견기업부,1885,105,5.90,1785,1930,1785,599085,1117909210,29373634550,15582830
20210809,192410,THQ,KOSDAQ,중견기업부,3435,-75,-2.14,3510,3515,3380,67842,233203440,99038383725,28832135
20210809,032540,TJ미디어,KOSDAQ,중견기업부,4810,-80,-1.64,5230,5400,4760,266914,1343493880,67011039290,13931609
20210809,048770,TPC,KOSDAQ,중견기업부,4520,-65,-1.42,4585,4590,4385,50035,225708030,66776545440,14773572
20210809,246690,TS인베스트먼트,KOSDAQ,중견기업부,3665,0,0.00,3710,3715,3620,381042,1390097875,143396346535,39125879
20210809,317240,TS트릴리온,KOSDAQ,벤처기업부,1205,5,0.42,1215,1215,1165,130503,153740005,109756283865,91084053
20210809,038340,UCI,KOSDAQ,투자주의환기종목(소속부없음),445,0,0.00,0,0,0,0,0,16641828315,37397367
20210809,073570,WI,KOSDAQ,중견기업부,1960,80,4.26,1930,2000,1920,9984345,19615134400,158573551080,80904873
20210809,057030,YBM넷,KOSDAQ,중견기업부,8790,150,1.74,8720,8930,8620,333153,2924637470,143388606630,16312697
20210809,040300,YTN,KOSDAQ,중견기업부,3870,-40,-1.02,3965,3965,3870,131930,512900635,162540000000,42000000
20210809,051390,YW,KOSDAQ,중견기업부,4835,-55,-1.12,4950,4950,4800,215758,1045972620,54903204280,11355368
20210809,052220,iMBC,KOSDAQ,중견기업부,3880,-25,-0.64,3905,3940,3850,79573,308982635,89240000000,23000000
20210809,079940,가비아,KOSDAQ,우량기업부,16300,-50,-0.31,16250,16550,16150,111482,1818621200,220631649200,13535684
20210809,078890,가온미디어,KOSDAQ,우량기업부,19300,-850,-4.22,21300,22200,19150,5788804,119094387350,305942557800,15851946
20210809,036620,감성코퍼레이션,KOSDAQ,중견기업부,1365,-35,-2.50,1400,1450,1360,514519,708979615,102815754405,75322897
20210809,217730,강스템바이오텍,KOSDAQ,기술성장기업부,4765,-295,-5.83,5060,5060,4605,1083343,5170640470,121801443320,25561688
20210809,114190,강원,KOSDAQ,관리종목(소속부없음),2500,0,0.00,0,0,0,0,0,45387277500,18154911
20210809,094480,갤럭시아머니트리,KOSDAQ,우량기업부,6890,-150,-2.13,7000,7100,6890,283095,1967883130,270293583820,39229838
20210809,063080,게임빌,KOSDAQ,우량기업부,36300,200,0.55,35800,36350,35300,31467,1128222450,239405469600,6595192
20210809,039240,경남스틸,KOSDAQ,우량기업부,4040,0,0.00,4070,4115,3990,512369,2069001005,101000000000,25000000
20210809,053950,경남제약,KOSDAQ,중견기업부,7100,-100,-1.39,7220,7260,7070,180905,1288820760,141661251900,19952289
20210809,223310,경남제약헬스케어,KOSDAQ,관리종목(소속부없음),3320,0,0.00,0,0,0,0,0,44267239920,13333506
20210809,011040,경동제약,KOSDAQ,우량기업부,10500,0,0.00,10650,10700,10450,75838,798689150,323072043000,30768766
20210809,024910,경창산업,KOSDAQ,중견기업부,2780,-25,-0.89,2790,2790,2750,95253,263308340,99576833900,35819005
20210809,198440,고려시멘트,KOSDAQ,우량기업부,4615,-35,-0.75,4650,4710,4600,339934,1580826915,147587515400,31979960
20210809,049720,고려신용정보,KOSDAQ,중견기업부,9330,-60,-0.64,9420,9470,9270,36703,342301760,133419000000,14300000
20210809,014570,고려제약,KOSDAQ,우량기업부,11100,50,0.45,11050,11150,11000,41577,460454300,122100000000,11000000
20210809,348150,고바이오랩,KOSDAQ,기술성장기업부,30800,-850,-2.69,31650,31800,30700,106722,3303126400,497775524400,16161543
20210809,098460,고영,KOSDAQ,우량기업부,25600,150,0.59,25450,25800,25200,185226,4725130500,1757561728000,68654755
20210809,035290,골드앤에스,KOSDAQ,관리종목(소속부없음),1305,0,0.00,0,0,0,0,0,47272202550,36223910
20210809,038530,골드퍼시픽,KOSDAQ,중견기업부,1505,-90,-5.64,1595,1640,1495,5753665,9005120905,119475242215,79385543
20210809,900280,골든센츄리,KOSDAQ,외국기업(소속부없음),462,-11,-2.33,474,477,461,1576687,735391383,81576999042,176573591
20210809,215000,골프존,KOSDAQ,우량기업부,142800,-800,-0.56,143600,143600,139900,57218,8054051500,896129262000,6275415
20210809,121440,골프존뉴딘홀딩스,KOSDAQ,중견기업부,9390,10,0.11,9380,9400,9160,280767,2611055310,402237721020,42836818
20210809,014200,광림,KOSDAQ,중견기업부,4350,95,2.23,4265,4415,4230,770407,3342137920,230211717900,52922234
20210809,026910,광진실업,KOSDAQ,중견기업부,5630,-110,-1.92,5740,5800,5620,48700,277292880,36062430150,6405405
20210809,090150,광진윈텍,KOSDAQ,중견기업부,7670,380,5.21,7360,7950,7310,1364212,10422724110,74079874310,9658393
20210809,355150,교보10호스팩,KOSDAQ,SPAC(소속부없음),2255,15,0.67,2225,2275,2225,14942,33574950,11996600000,5320000
20210809,331520,교보9호스팩,KOSDAQ,SPAC(소속부없음),2285,-25,-1.08,2320,2325,2265,112667,257198540,8865800000,3880000
20210809,053270,구영테크,KOSDAQ,중견기업부,3975,240,6.43,3760,4325,3705,9178920,37821805335,104916841650,26394174
20210809,066620,국보디자인,KOSDAQ,우량기업부,22800,0,0.00,23000,23000,22600,10866,247620850,171000000000,7500000
20210809,043650,국순당,KOSDAQ,우량기업부,8780,-20,-0.23,8740,8840,8710,86543,760174030,156795909120,17858304
20210809,006050,국영지앤엠,KOSDAQ,중견기업부,2535,-65,-2.50,2615,2615,2530,398000,1015291775,88459441005,34895243
20210809,060480,국일신동,KOSDAQ,중견기업부,4760,-95,-1.96,4855,4860,4750,56650,272468270,52788400000,11090000
20210809,078130,국일제지,KOSDAQ,중견기업부,5560,160,2.96,5560,5630,5500,1682355,9352791580,709553149880,127617473
20210809,307750,국전약품,KOSDAQ,우량기업부,9160,-40,-0.43,9200,9730,8790,9409859,88035468130,449474504040,49069269
20210809,204020,그리티,KOSDAQ,중견기업부,3815,-80,-2.05,3850,3880,3760,87799,335454040,76862445450,20147430
20210809,186230,그린플러스,KOSDAQ,벤처기업부,18800,-500,-2.59,19300,19400,18800,329862,6282393850,203419534400,10820188
20210809,900070,글로벌에스엠,KOSDAQ,외국기업(소속부없음),1085,-5,-0.46,1090,1105,1070,161018,174266970,58312205280,53743968
20210809,204620,글로벌텍스프리,KOSDAQ,중견기업부,3450,15,0.44,3435,3480,3400,89166,307009380,168141583950,48736691
20210809,019660,글로본,KOSDAQ,중견기업부,4130,-40,-0.96,4170,4220,4100,207784,858732215,135316637470,32764319
20210809,053260,금강철강,KOSDAQ,우량기업부,5970,-100,-1.65,6080,6140,5930,49352,295433940,111758400000,18720000
20210809,036190,금화피에스시,KOSDAQ,우량기업부,32800,-250,-0.76,33050,33300,32550,4914,161271700,196800000000,6000000
20210809,049080,기가레인,KOSDAQ,중견기업부,2260,-40,-1.74,2325,2325,2255,313100,710660875,179089722400,79243240
20210809,035460,기산텔레콤,KOSDAQ,벤처기업부,3335,-40,-1.19,3375,3380,3320,140809,469876695,48615428900,14577340
20210809,308100,까스텔바작,KOSDAQ,우량기업부,14250,100,0.71,14150,14400,14100,23007,328381150,94002975000,6596700
20210809,187790,나노,KOSDAQ,벤처기업부,2225,-15,-0.67,2240,2255,2155,975316,2129649780,60225621375,27067695
20210809,286750,나노브릭,KOSDAQ,기술성장기업부,7580,-40,-0.52,7700,7710,7430,10162,76661500,70509675440,9302068
20210809,151910,나노스,KOSDAQ,중견기업부,6150,-110,-1.76,6260,6270,6120,331828,2044660460,914045884050,148625347
20210809,121600,나노신소재,KOSDAQ,벤처기업부,37750,1350,3.71,36300,38200,35900,338258,12731902650,409524570750,10848333
20210809,247660,나노씨엠에스,KOSDAQ,기술성장기업부,33700,7300,27.65,27400,34300,27400,711584,22577141150,141840604000,4208920
20210809,039860,나노엔텍,KOSDAQ,중견기업부,8140,-110,-1.33,8250,8250,8120,210394,1717467440,218138381780,26798327
20210809,091970,나노캠텍,KOSDAQ,벤처기업부,2200,-20,-0.90,2220,2245,2200,234016,519374690,61776935000,28080425
20210809,051490,나라엠앤디,KOSDAQ,중견기업부,10950,600,5.80,10700,11100,10450,1119893,12133464000,155490000000,14200000
20210809,190510,나무가,KOSDAQ,중견기업부,11700,300,2.63,11450,12400,11400,1551446,18500417650,160783506000,13742180
20210809,242040,나무기술,KOSDAQ,기술성장기업부,3570,-20,-0.56,3550,3635,3520,971603,3474665800,121201674930,33950049
20210809,089600,나스미디어,KOSDAQ,우량기업부,39450,-500,-1.25,39950,40000,39150,28505,1124064100,378913699500,9604910
20210809,293580,나우IB,KOSDAQ,벤처기업부,11300,100,0.89,11200,11400,11050,26471,296588350,108220100000,9577000
20210809,138610,나이벡,KOSDAQ,기술성장기업부,39650,-1750,-4.23,41750,41750,39350,177420,7074533850,392653117350,9902979
20210809,130580,나이스디앤비,KOSDAQ,우량기업부,10450,150,1.46,10450,10500,10300,9821,102098650,160930000000,15400000
20210809,036800,나이스정보통신,KOSDAQ,우량기업부,33450,-400,-1.18,33550,33650,33300,9796,327574050,334500000000,10000000
20210809,267320,나인테크,KOSDAQ,우량기업부,4330,95,2.24,4350,4370,4235,365103,1577522920,170587078820,39396554
20210809,111710,남화산업,KOSDAQ,중견기업부,10600,-300,-2.75,10900,10950,10500,44873,477114350,218232800000,20588000
20210809,091590,남화토건,KOSDAQ,우량기업부,12800,-450,-3.40,13200,13200,12550,102966,1323550200,150272000000,11740000
20210809,168330,내츄럴엔도텍,KOSDAQ,관리종목(소속부없음),2525,0,0.00,0,0,0,0,0,73623152100,29157684
20210809,094860,네오리진,KOSDAQ,벤처기업부,2050,-15,-0.73,2060,2100,2025,524266,1078900100,110039984050,53678041
20210809,253590,네오셈,KOSDAQ,벤처기업부,3165,-5,-0.16,3160,3170,3120,127515,400521460,118926736020,37575588
20210809,212560,네오오토,KOSDAQ,우량기업부,9120,-310,-3.29,9430,9430,9050,157306,1443143630,71819662560,7874963
20210809,095660,네오위즈,KOSDAQ,우량기업부,35500,7500,26.79,32500,36400,28800,6516001,219709781900,782197024500,22033719
20210809,042420,네오위즈홀딩스,KOSDAQ,우량기업부,31850,2450,8.33,30700,36450,29850,1537471,52087633700,282091182100,8856866
20210809,950220,네오이뮨텍(Reg.S),KOSDAQ,외국기업(소속부없음),10450,-150,-1.42,10600,10650,10400,355452,3723365250,1028196504500,98392010
20210809,311390,네오크레마,KOSDAQ,벤처기업부,12050,0,0.00,12000,12250,11900,44033,531335300,88157739750,7315995
20210809,085910,네오티스,KOSDAQ,중견기업부,5130,-50,-0.97,5180,5180,5080,62067,317052170,65567858670,12781259
20210809,092730,네오팜,KOSDAQ,우량기업부,32350,0,0.00,32550,32550,31900,23000,740224500,265508128350,8207361
20210809,290660,네오펙트,KOSDAQ,기술성장기업부,3980,0,0.00,4005,4030,3950,160372,639481015,75246994400,18906280
20210809,306620,네온테크,KOSDAQ,벤처기업부,3230,-70,-2.12,3240,3315,3220,97022,315702810,127510122140,39476818
20210809,153460,네이블,KOSDAQ,벤처기업부,9920,360,3.77,10400,11500,9800,2915596,30621883780,64777738880,6530014
20210809,007390,네이처셀,KOSDAQ,중견기업부,28150,-600,-2.09,28050,28900,27600,1101273,30887438650,1728591708250,61406455
20210809,033640,네패스,KOSDAQ,중견기업부,40000,-200,-0.50,39550,40600,39350,412415,16474454700,922368080000,23059202
20210809,330860,네패스아크,KOSDAQ,중견기업부,54200,1100,2.07,53100,54900,51500,340190,18288568000,660375239000,12184045
20210809,089140,넥스턴바이오,KOSDAQ,벤처기업부,8180,180,2.25,8130,8340,8000,1484036,12075186860,271746667520,33220864
20210809,065170,넥스트BT,KOSDAQ,중견기업부,1575,-20,-1.25,1595,1605,1570,282230,446036670,138977314875,88239565
20210809,137940,넥스트아이,KOSDAQ,중견기업부,1670,-55,-3.19,1725,1730,1660,692633,1169823680,128784008910,77116173
20210809,348210,넥스틴,KOSDAQ,기술성장기업부,60200,-400,-0.66,60600,60900,59800,43224,2594857400,575716680000,9563400
20210809,041140,넥슨지티,KOSDAQ,중견기업부,11950,-200,-1.65,12050,12100,11900,189563,2272955250,422711197900,35373322
20210809,217270,넵튠,KOSDAQ,중견기업부,24400,500,2.09,23650,24600,23300,246205,5854005150,773768456800,31711822
20210809,225570,넷게임즈,KOSDAQ,중견기업부,13000,0,0.00,13050,13100,12600,336489,4314550350,375062571000,28850967
20210809,104620,노랑풍선,KOSDAQ,중견기업부,18450,550,3.07,17900,19450,17450,567659,10500442050,87926242500,4765650
20210809,194700,노바렉스,KOSDAQ,우량기업부,49300,850,1.75,48550,49950,48150,53797,2646984850,443884382000,9003740
20210809,285490,노바텍,KOSDAQ,벤처기업부,40300,1500,3.87,38900,40300,38900,117096,4685024500,406294283200,10081744
20210809,278650,노터스,KOSDAQ,벤처기업부,28700,-1100,-3.69,29850,29900,28600,140838,4065632950,218675861600,7619368
20210809,144510,녹십자랩셀,KOSDAQ,벤처기업부,96200,-1800,-1.84,98000,98000,96200,62375,6026080100,1015299994800,10554054
20210809,031390,녹십자셀,KOSDAQ,벤처기업부,39700,-500,-1.24,40200,40250,39600,40427,1605992900,517497320900,13035197
20210809,142280,녹십자엠에스,KOSDAQ,중견기업부,11100,-350,-3.06,11400,11450,11050,151439,1693244550,234401841300,21117283
20210809,234690,녹십자웰빙,KOSDAQ,우량기업부,11100,-100,-0.89,11200,11200,11000,28407,314293600,197050263600,17752276
20210809,065560,녹원씨엔아이,KOSDAQ,관리종목(소속부없음),5770,0,0.00,0,0,0,0,0,99593806250,17260625
20210809,054050,농우바이오,KOSDAQ,우량기업부,13800,-50,-0.36,13950,14200,13750,243249,3400959900,221221741800,16030561
20210809,069140,누리플랜,KOSDAQ,벤처기업부,8400,-410,-4.65,8740,8800,8380,190533,1625913170,59663041200,7102743
20210809,040160,누리플렉스,KOSDAQ,중견기업부,8680,-280,-3.13,8960,8980,8680,77264,678238420,104642043800,12055535
20210809,126870,뉴로스,KOSDAQ,관리종목(소속부없음),2230,0,0.00,0,0,0,0,0,79475828550,35639385
20210809,060260,뉴보텍,KOSDAQ,벤처기업부,1495,0,0.00,1505,1545,1495,505125,765525355,49983456250,33433750
20210809,012340,뉴인텍,KOSDAQ,벤처기업부,4145,30,0.73,4115,4235,4065,321000,1327670135,124534460790,30044502
20210809,214870,뉴지랩파마,KOSDAQ,중견기업부,10150,-250,-2.40,10400,10400,10150,161903,1652692200,308889641550,30432477
20210809,270870,뉴트리,KOSDAQ,우량기업부,32250,-750,-2.27,33000,33000,32150,90002,2914803550,293901474000,9113224
20210809,144960,뉴파워프라즈마,KOSDAQ,우량기업부,6430,60,0.94,6390,6470,6350,380550,2445268340,280943572320,43692624
20210809,085670,뉴프렉스,KOSDAQ,중견기업부,3075,-15,-0.49,3090,3170,3030,765060,2374210035,72714149850,23646878
20210809,119860,다나와,KOSDAQ,우량기업부,35250,200,0.57,35550,38850,34400,900475,32884525450,460887475500,13074822
20210809,064260,다날,KOSDAQ,우량기업부,6970,-180,-2.52,7140,7210,6960,1884196,13278221070,480574808800,68949040
20210809,093640,다믈멀티미디어,KOSDAQ,벤처기업부,3835,-40,-1.03,3900,4045,3760,695919,2689295010,50395259460,13140876
20210809,039560,다산네트웍스,KOSDAQ,벤처기업부,9620,-130,-1.33,9720,9730,9610,195327,1884827470,349983661560,36380838
20210809,032190,다우데이타,KOSDAQ,우량기업부,14650,-200,-1.35,14900,14900,14600,105676,1554796150,561095000000,38300000
20210809,068240,다원시스,KOSDAQ,우량기업부,20700,100,0.49,20450,20700,20000,547472,11162596000,653383224900,31564407
20210809,020400,대동금속,KOSDAQ,중견기업부,13650,100,0.74,13550,13800,13450,35336,479234600,43532115900,3189166
20210809,008830,대동기어,KOSDAQ,중견기업부,8870,-420,-4.52,9300,9300,8840,113365,1025532120,79719302400,8987520
20210809,048470,대동스틸,KOSDAQ,중견기업부,7700,-100,-1.28,7810,7920,7700,119630,935423730,77000000000,10000000
20210809,004780,대륙제관,KOSDAQ,우량기업부,6610,10,0.15,6640,6660,6480,109901,718421370,105120145390,15903199
20210809,017650,대림제지,KOSDAQ,우량기업부,13500,-200,-1.46,13700,13800,13300,69369,935260450,121500000000,9000000
20210809,007720,대명소노시즌,KOSDAQ,우량기업부,1515,-10,-0.66,1530,1545,1505,415375,633323260,152712681750,100800450
20210809,317850,대모,KOSDAQ,벤처기업부,6200,-210,-3.28,6410,6410,6190,38884,243970100,51611404000,8324420
20210809,290670,대보마그네틱,KOSDAQ,중견기업부,37750,1950,5.45,35750,37750,35750,279028,10346264750,293027693250,7762323
20210809,078140,대봉엘에스,KOSDAQ,우량기업부,11000,-150,-1.35,11150,11200,10950,35434,390219550,121952369000,11086579
20210809,036480,대성미생물,KOSDAQ,중견기업부,19300,150,0.78,19550,19750,19250,26877,522201550,73340000000,3800000
20210809,025440,대성엘텍,KOSDAQ,중견기업부,1145,-55,-4.58,1200,1220,1130,2646709,3053807380,115612187735,100971343
20210809,027830,대성창투,KOSDAQ,중견기업부,4145,-95,-2.24,4195,4315,4145,1920505,8129054705,165800000000,40000000
20210809,104040,대성파인텍,KOSDAQ,벤처기업부,2875,220,8.29,2720,2875,2685,2232805,6161723995,89991182875,31301281
20210809,332290,대신밸런스제7호스팩,KOSDAQ,SPAC(소속부없음),2400,0,0.00,0,0,0,0,0,12492000000,5205000
20210809,336570,대신밸런스제8호스팩,KOSDAQ,SPAC(소속부없음),2400,15,0.63,2385,2445,2380,42578,101747565,13464000000,5610000
20210809,369370,대신밸런스제9호스팩,KOSDAQ,SPAC(소속부없음),2350,0,0.00,0,0,0,0,0,9893500000,4210000
20210809,020180,대신정보통신,KOSDAQ,중견기업부,2600,190,7.88,2395,2715,2365,4766046,12252821545,99915179000,38428915
20210809,045390,대아티아이,KOSDAQ,우량기업부,6990,-160,-2.24,7090,7200,6960,3954581,27865820400,497349138780,71151522
20210809,108380,대양전기공업,KOSDAQ,우량기업부,18750,0,0.00,18600,18750,18550,17650,328942850,179387493750,9567333
20210809,006580,대양제지,KOSDAQ,관리종목(소속부없음),3260,0,0.00,0,0,0,0,0,87531000000,26850000
20210809,007680,대원,KOSDAQ,우량기업부,10900,-50,-0.46,10950,10950,10800,32851,356732050,139384196900,12787541
20210809,048910,대원미디어,KOSDAQ,벤처기업부,34900,-700,-1.97,35600,35650,34650,92102,3214411950,439005215400,12578946
20210809,005710,대원산업,KOSDAQ,우량기업부,8040,-320,-3.83,8360,8360,7770,87025,708636940,161102304000,20037600
20210809,290380,대유,KOSDAQ,중견기업부,9220,-190,-2.02,9380,9390,9210,132800,1232029600,130616052000,14166600
20210809,290120,대유에이피,KOSDAQ,중견기업부,8120,-50,-0.61,8110,8180,8100,16866,137242540,92337002240,11371552
20210809,120240,대정화금,KOSDAQ,우량기업부,25900,-400,-1.52,26400,26400,25900,12641,329031650,186231126900,7190391
20210809,003310,대주산업,KOSDAQ,중견기업부,2630,-85,-3.13,2710,2710,2615,450527,1198647910,93081880500,35392350
20210809,078600,대주전자재료,KOSDAQ,벤처기업부,59800,1700,2.93,58000,60900,56800,694915,41618332200,925739461400,15480593
20210809,096350,대창솔루션,KOSDAQ,중견기업부,711,-4,-0.56,721,724,708,1921579,1374237406,116434077399,163761009
20210809,140520,대창스틸,KOSDAQ,중견기업부,3445,-35,-1.01,3485,3490,3395,64218,220368870,72721342135,21109243
20210809,131220,대한과학,KOSDAQ,벤처기업부,12800,50,0.39,12750,12850,12450,99836,1265127300,95417472000,7454490
20210809,010170,대한광통신,KOSDAQ,중견기업부,3335,-55,-1.62,3365,3380,3320,350594,1171388395,245928319375,73741625
20210809,060900,대한그린파워,KOSDAQ,관리종목(소속부없음),2115,-125,-5.58,2240,2240,2095,1671695,3592534675,333987566445,157913743
20210809,054670,대한뉴팜,KOSDAQ,중견기업부,11500,50,0.44,11850,12200,11450,975009,11539244500,165081580000,14354920
20210809,023910,대한약품,KOSDAQ,우량기업부,31850,-200,-0.62,32050,32100,31800,9130,291746300,191100000000,6000000
20210809,021040,대호특수강,KOSDAQ,중견기업부,962,-6,-0.62,972,972,956,255715,245847531,70334538612,73112826
20210809,021045,대호특수강우,KOSDAQ,중견기업부,1595,0,0.00,1600,1600,1585,4802,7661630,6766733270,4242466
20210809,067080,대화제약,KOSDAQ,우량기업부,11650,-100,-0.85,11750,11750,11550,43799,508410750,216883972500,18616650
20210809,298540,더네이쳐홀딩스,KOSDAQ,우량기업부,33550,-600,-1.76,34450,34450,33300,39403,1329677400,243986604400,7272328
20210809,299170,더블유에스아이,KOSDAQ,중견기업부,3050,-160,-4.98,3220,3220,3050,107546,332758090,89175787150,29237963
20210809,213420,덕산네오룩스,KOSDAQ,우량기업부,68300,-300,-0.44,69000,69700,67700,230931,15771654700,1639883819600,24010012
20210809,317330,덕산테코피아,KOSDAQ,우량기업부,26950,350,1.32,26300,27150,26200,221576,5918265800,495271684600,18377428
20210809,077360,덕산하이메탈,KOSDAQ,우량기업부,16300,-50,-0.31,16350,16450,16100,58314,950850000,370311566300,22718501
20210809,090410,덕신하우징,KOSDAQ,중견기업부,2240,-60,-2.61,2290,2325,2190,928043,2092876820,103228372800,46084095
20210809,263600,덕우전자,KOSDAQ,우량기업부,9670,400,4.31,9280,9780,9150,1469934,14133052840,154046097700,15930310
20210809,194480,데브시스터즈,KOSDAQ,벤처기업부,88200,9400,11.93,77700,91200,77000,491540,42484157200,1010542680000,11457400
20210809,263800,데이타솔루션,KOSDAQ,중견기업부,6250,-230,-3.55,6430,6510,6250,83959,531472350,100628625000,16100580
20210809,206560,덱스터,KOSDAQ,기술성장기업부,14200,-850,-5.65,14800,15350,14050,4984726,72529891400,359943531200,25348136
20210809,261200,덴티스,KOSDAQ,벤처기업부,13350,-550,-3.96,13900,13900,13350,202098,2722712550,197017831500,14757890
20210809,067990,도이치모터스,KOSDAQ,우량기업부,8240,-200,-2.37,8400,8500,8200,520702,4311670210,244099337440,29623706
20210809,006620,동구바이오제약,KOSDAQ,우량기업부,9700,-40,-0.41,9800,9800,9610,351562,3408141710,276110422400,28464992
20210809,100130,동국S&C,KOSDAQ,중견기업부,6120,-120,-1.92,6260,6270,6110,326153,2009867430,349715160000,57143000
20210809,005160,동국산업,KOSDAQ,우량기업부,3785,-45,-1.17,3830,3835,3755,72154,272832200,205315364370,54244482
20210809,075970,동국알앤에스,KOSDAQ,중견기업부,5250,-110,-2.05,5340,5400,5250,68866,365458640,96600000000,18400000
20210809,086450,동국제약,KOSDAQ,우량기업부,25600,-100,-0.39,25600,25850,25400,75155,1917859000,1138176000000,44460000
20210809,099410,동방선기,KOSDAQ,관리종목(소속부없음),3290,-5,-0.15,3265,3310,3205,43625,141643930,44549896580,13541002
20210809,033500,동성화인텍,KOSDAQ,우량기업부,12000,-250,-2.04,12200,12200,11950,233059,2804613050,346257240000,28854770
20210809,025950,동신건설,KOSDAQ,중견기업부,44750,750,1.70,44450,45150,43200,67085,2958388900,375900000000,8400000
20210809,088130,동아엘텍,KOSDAQ,우량기업부,12750,100,0.79,12800,12900,12550,130456,1662671550,135952459500,10662938
20210809,041930,동아화성,KOSDAQ,우량기업부,14600,500,3.55,14050,14750,13900,703762,10213317350,230680000000,15800000
20210809,060380,동양에스텍,KOSDAQ,중견기업부,4015,-135,-3.25,4175,4180,4015,361615,1469593150,79095500000,19700000
20210809,079960,동양이엔피,KOSDAQ,우량기업부,19950,-450,-2.21,20500,20900,19900,285158,5854014250,156807000000,7860000
20210809,228340,동양파일,KOSDAQ,중견기업부,6240,-80,-1.27,6300,6350,6220,81310,509015380,124800000000,20000000
20210809,088910,동우팜투테이블,KOSDAQ,우량기업부,3325,10,0.30,3355,3365,3310,76955,256306980,85890615300,25831764
20210809,094170,동운아나텍,KOSDAQ,벤처기업부,7050,-50,-0.70,7090,7130,7000,169930,1195797800,123921417300,17577506
20210809,013120,동원개발,KOSDAQ,우량기업부,6180,-80,-1.28,6260,6260,6140,187992,1161618500,561194058000,90808100
20210809,109860,동일금속,KOSDAQ,우량기업부,14600,50,0.34,14500,14800,14350,39565,575102950,102200000000,7000000
20210809,032960,동일기연,KOSDAQ,벤처기업부,16500,-1000,-5.71,17600,17650,16500,42291,725605350,57804202500,3503285
20210809,023790,동일철강,KOSDAQ,중견기업부,7120,-80,-1.11,7200,7200,7040,27101,191929380,52297005200,7345085
20210809,005290,동진쎄미켐,KOSDAQ,우량기업부,30000,450,1.52,29500,30100,29200,533197,15870752100,1542434820000,51414494
20210809,025900,동화기업,KOSDAQ,우량기업부,82200,3200,4.05,78900,83800,77500,440532,36029557800,1660536749400,20201177
20210809,073190,듀오백,KOSDAQ,중견기업부,3845,-115,-2.90,3970,3975,3840,123765,480175845,46017113800,11968040
20210809,030350,드래곤플라이,KOSDAQ,중견기업부,3100,-60,-1.90,3125,3335,3095,5745637,18335528975,53032918300,17107393
20210809,203650,드림시큐리티,KOSDAQ,벤처기업부,5450,-150,-2.68,5570,5720,5420,1929657,10760199830,275801359300,50605754
20210809,223250,드림씨아이에스,KOSDAQ,중견기업부,16800,-350,-2.04,17200,17350,16750,14364,242780150,95072107200,5659054
20210809,060570,드림어스컴퍼니,KOSDAQ,중견기업부,5680,40,0.71,5650,5690,5600,88587,499746630,322963930960,56859847
20210809,217620,디딤,KOSDAQ,중견기업부,2135,55,2.64,2105,2150,2060,142700,299876465,81214018655,38039353
20210809,187870,디바이스이엔지,KOSDAQ,우량기업부,40350,1450,3.73,38900,40350,38200,182077,7196414300,283927173150,7036609
20210809,066670,디스플레이텍,KOSDAQ,중견기업부,7400,1270,20.72,6240,7960,6220,48660676,355510078250,138320193200,18691918
20210809,110990,디아이티,KOSDAQ,우량기업부,12100,500,4.31,11550,12300,11550,194918,2341113250,228690000000,18900000
20210809,263690,디알젬,KOSDAQ,우량기업부,13050,-200,-1.51,13150,13250,12950,34100,444328700,147799210500,11325610
20210809,214680,디알텍,KOSDAQ,벤처기업부,1620,-10,-0.61,1630,1630,1605,397993,642286395,91665167940,56583437
20210809,263720,디앤씨미디어,KOSDAQ,벤처기업부,46050,700,1.54,45750,46700,45100,62455,2873464600,565268861550,12275111
20210809,109740,디에스케이,KOSDAQ,우량기업부,10250,50,0.49,10350,11200,10200,338702,3612356550,208636320750,20354763
20210809,033430,디에스티,KOSDAQ,관리종목(소속부없음),370,0,0.00,0,0,0,0,0,27363736280,73956044
20210809,131030,디에이치피코리아,KOSDAQ,우량기업부,7950,-70,-0.87,8020,8040,7940,46716,372328190,131690136150,16564797
20210809,196490,디에이테크놀로지,KOSDAQ,벤처기업부,6120,-160,-2.55,6280,6280,6040,292957,1791767350,146039154840,23862607
20210809,066900,디에이피,KOSDAQ,우량기업부,4460,90,2.06,4385,4485,4330,105419,468397930,101440483380,22744503
20210809,127120,디엔에이링크,KOSDAQ,기술성장기업부,4430,-190,-4.11,4605,4645,4360,190039,849309685,72624055560,16393692
20210809,092070,디엔에프,KOSDAQ,우량기업부,29900,950,3.28,28950,30100,28200,219379,6515822250,321778657200,10761828
20210809,134580,디엠티,KOSDAQ,중견기업부,3270,-45,-1.36,3315,3360,3270,36176,119387260,36787500000,11250000
20210809,039840,디오,KOSDAQ,우량기업부,49050,-300,-0.61,49350,49850,48850,87043,4289439250,773729856450,15774309
20210809,104460,디와이피엔에프,KOSDAQ,우량기업부,43950,1150,2.69,42800,46000,42300,69234,3028127250,470863818750,10713625
20210809,079810,디이엔티,KOSDAQ,중견기업부,7820,650,9.07,7200,7880,7080,775091,5869382010,101948237380,13036859
20210809,227100,디자인,KOSDAQ,벤처기업부,16500,0,0.00,16500,16900,16000,78710,1301808500,77565196500,4700921
20210809,113810,디젠스,KOSDAQ,벤처기업부,1220,15,1.24,1205,1315,1205,3536688,4462157365,39806222220,32628051
20210809,043360,디지아이,KOSDAQ,벤처기업부,4500,-45,-0.99,4565,4645,4420,168025,764362690,40500000000,9000000
20210809,197140,디지캡,KOSDAQ,벤처기업부,6470,-10,-0.15,6480,6570,6410,46986,304825840,55688376960,8607168
20210809,106520,디지탈옵틱,KOSDAQ,관리종목(소속부없음),5930,310,5.52,5630,6600,5530,453905,2737490100,75262219820,12691774
20210809,068930,디지털대성,KOSDAQ,우량기업부,8450,-120,-1.40,8570,8630,8410,94353,799571730,250926882050,29695489
20210809,033130,디지틀조선,KOSDAQ,중견기업부,3730,-80,-2.10,3810,3810,3700,578641,2154660960,138439945910,37115267
20210809,105740,디케이락,KOSDAQ,우량기업부,11700,200,1.74,11500,11700,11450,36509,423548950,98863970400,8449912
20210809,263020,디케이앤디,KOSDAQ,벤처기업부,11550,-100,-0.86,11650,11750,11450,123574,1430323200,89664983100,7763202
20210809,290550,디케이티,KOSDAQ,우량기업부,28100,700,2.55,27600,28400,27500,188301,5252022000,231300457300,8231333
20210809,187220,디티앤씨,KOSDAQ,벤처기업부,6910,0,0.00,6940,6940,6810,23537,161366910,77680962380,11241818
20210809,131180,딜리,KOSDAQ,벤처기업부,2510,-180,-6.69,2700,2705,2510,1884311,4876847175,73668500000,29350000
20210809,317120,라닉스,KOSDAQ,기술성장기업부,11150,150,1.36,11100,11150,10800,137808,1513200900,107603075000,9650500
20210809,042510,라온시큐어,KOSDAQ,벤처기업부,4780,-110,-2.25,4940,4940,4740,407933,1960263135,184827045880,38666746
20210809,232680,라온테크,KOSDAQ,기술성장기업부,30700,1500,5.14,29100,31500,28950,182622,5638004600,150000353500,4886005
20210809,300120,라온피플,KOSDAQ,벤처기업부,25750,-200,-0.77,25900,26000,25200,99853,2554693050,270842517000,10518156
20210809,171120,라이온켐텍,KOSDAQ,중견기업부,9430,-70,-0.74,9480,9490,9330,37105,348550900,178166421680,18893576
20210809,069540,라이트론,KOSDAQ,관리종목(소속부없음),5420,0,0.00,0,0,0,0,0,141255801520,26061956
20210809,347700,라이프시맨틱스,KOSDAQ,기술성장기업부,15450,-50,-0.32,15400,15850,14950,593515,9180257850,156350446500,10119770
20210809,214260,라파스,KOSDAQ,기술성장기업부,45200,-3700,-7.57,48200,49750,44300,585902,27109742750,388252903200,8589666
20210809,171010,램테크놀러지,KOSDAQ,벤처기업부,6530,-40,-0.61,6650,6650,6490,97850,641810430,75793501040,11606968
20210809,084650,랩지노믹스,KOSDAQ,우량기업부,32900,-500,-1.50,33500,34350,32750,568039,18979844100,376708191300,11450097
20210809,217500,러셀,KOSDAQ,벤처기업부,4615,-80,-1.70,4715,4715,4610,101391,470182485,146812380000,31812000
20210809,033600,럭슬,KOSDAQ,투자주의환기종목(소속부없음),22,-24,-52.17,35,35,22,57146508,1576405758,1162218266,52828103
20210809,141080,레고켐바이오,KOSDAQ,기술성장기업부,53800,-1700,-3.06,55900,55900,53800,248356,13490804400,1297432084400,24115838
20210809,060300,레드로버,KOSDAQ,관리종목(소속부없음),1830,0,0.00,0,0,0,0,0,48840480210,26688787
20210809,038390,레드캡투어,KOSDAQ,우량기업부,26850,-250,-0.92,27100,27100,26000,26619,712336900,230627538000,8589480
20210809,294140,레몬,KOSDAQ,기술성장기업부,8390,-120,-1.41,8500,8530,8340,125448,1051920450,310430000000,37000000
20210809,228670,레이,KOSDAQ,우량기업부,31550,-550,-1.71,32400,32450,31100,138122,4374848300,419821147700,13306534
20210809,228850,레이언스,KOSDAQ,우량기업부,14700,0,0.00,14700,14950,14650,89705,1328087000,243887905800,16591014
20210809,281740,레이크머티리얼즈,KOSDAQ,벤처기업부,4640,65,1.42,4575,4715,4525,643605,2986802965,304989742720,65730548
20210809,277810,레인보우로보틱스,KOSDAQ,기술성장기업부,22150,150,0.68,22000,22500,21850,101348,2238208350,357394990100,16135214
20210809,215100,로보로보,KOSDAQ,벤처기업부,4230,-40,-0.94,4275,4290,4225,54021,229106685,75287460420,17798454
20210809,090360,로보스타,KOSDAQ,중견기업부,26000,50,0.19,26300,26300,25900,46506,1210220050,253500000000,9750000
20210809,108490,로보티즈,KOSDAQ,기술성장기업부,16100,400,2.55,15800,16100,15700,52596,837169200,181141100000,11251000
20210809,900260,로스웰,KOSDAQ,외국기업(소속부없음),339,-10,-2.87,352,352,337,754077,257025221,61073034177,180156443
20210809,067730,로지시스,KOSDAQ,중견기업부,9200,-250,-2.65,9500,9520,9200,135895,1268359230,89000082400,9673922
20210809,071280,로체시스템즈,KOSDAQ,벤처기업부,5880,110,1.91,5770,5920,5770,78516,460851000,89944025640,15296603
20210809,038060,루멘스,KOSDAQ,관리종목(소속부없음),1470,10,0.68,1480,1575,1430,1181550,1770888460,70711511430,48103069
20210809,085370,루트로닉,KOSDAQ,투자주의환기종목(소속부없음),17900,150,0.85,17700,18000,17350,308880,5476152600,465942191000,26030290
20210809,08537M,루트로닉3우C,KOSDAQ,투자주의환기종목(소속부없음),24300,-800,-3.19,24950,24950,24200,60,1463000,10731924900,441643
20210809,060240,룽투코리아,KOSDAQ,벤처기업부,6300,40,0.64,6250,6300,6100,159314,985001100,160204489200,25429284
20210809,058470,리노공업,KOSDAQ,우량기업부,180500,300,0.17,180000,180600,177000,19714,3528995600,2751247785000,15242370
20210809,039980,리노스,KOSDAQ,중견기업부,1530,0,0.00,1540,1560,1510,159620,244915295,66671717580,43576286
20210809,019570,리더스 기술투자,KOSDAQ,중견기업부,866,-24,-2.70,889,891,861,1859672,1627018140,108326386396,125088206
20210809,016100,리더스코스메틱,KOSDAQ,중견기업부,4665,-110,-2.30,4745,4800,4630,89312,418406035,89105670510,19100894
20210809,012700,리드코프,KOSDAQ,우량기업부,9570,40,0.42,9600,9690,9530,122401,1176882600,253089511950,26446135
20210809,302550,리메드,KOSDAQ,기술성장기업부,27300,-650,-2.33,27700,28250,27150,68344,1882019700,166929016800,6114616
20210809,029480,릭스솔루션,KOSDAQ,중견기업부,506,-13,-2.50,519,529,503,946383,479626834,42715426534,84417839
20210809,277070,린드먼아시아,KOSDAQ,중견기업부,6090,-170,-2.72,6310,6340,6080,43583,267737710,82440330000,13537000
20210809,042500,링네트,KOSDAQ,우량기업부,6920,-140,-1.98,7120,7120,6900,161332,1125030760,106269595760,15356878
20210809,219420,링크제니시스,KOSDAQ,기술성장기업부,10900,250,2.35,10450,11100,10350,1134898,12217045450,125017626300,11469507
20210809,195500,마니커에프앤지,KOSDAQ,중견기업부,6050,50,0.83,6190,6190,6000,155240,948494960,95396400000,15768000
20210809,222810,마이더스AI,KOSDAQ,관리종목(소속부없음),400,1,0.25,396,404,389,734271,290286511,56490917600,141227294
20210809,305090,마이크로디지탈,KOSDAQ,기술성장기업부,20450,950,4.87,19400,20600,18900,163564,3244593600,148499720000,7261600
20210809,098120,마이크로컨텍솔,KOSDAQ,벤처기업부,10500,630,6.38,9950,10900,9950,548337,5735748820,87284043000,8312766
20210809,147760,마이크로프랜드,KOSDAQ,벤처기업부,9620,280,3.00,9350,9740,9330,238462,2287057390,104087110920,10819866
20210809,038290,마크로젠,KOSDAQ,우량기업부,34000,-850,-2.44,34650,34850,33750,111762,3804048600,364328734000,10715551
20210809,220630,맘스터치,KOSDAQ,우량기업부,4430,-135,-2.96,4550,4570,4430,486028,2175843470,451051662330,101817531
20210809,267980,매일유업,KOSDAQ,우량기업부,74900,-800,-1.06,76000,76000,74600,31983,2396954800,587488486200,7843638
20210809,005990,매일홀딩스,KOSDAQ,우량기업부,10300,-200,-1.90,10500,10500,10300,7022,72924000,141298531200,13718304
20210809,127160,매직마이크로,KOSDAQ,관리종목(소속부없음),282,0,0.00,0,0,0,0,0,24427827282,86623501
20210809,093520,매커스,KOSDAQ,중견기업부,6840,120,1.79,6730,6900,6720,94210,642406890,110555549280,16163092
20210809,141070,맥스로텍,KOSDAQ,투자주의환기종목(소속부없음),743,0,0.00,0,0,0,0,0,26670245050,35895350
20210809,377030,맥스트,KOSDAQ,기술성장기업부,80000,-1900,-2.32,80500,82900,78200,665020,53110139900,682679280000,8533491
20210809,100590,머큐리,KOSDAQ,우량기업부,10350,100,0.98,10300,10400,10200,210979,2183555550,152803260000,14763600
20210809,067280,멀티캠퍼스,KOSDAQ,우량기업부,40600,0,0.00,40600,40800,40050,10001,403758500,240627227400,5926779
20210809,072870,메가스터디,KOSDAQ,중견기업부,13800,-50,-0.36,13900,13900,13650,24582,339133600,164509234200,11920959
20210809,215200,메가스터디교육,KOSDAQ,우량기업부,78700,-3400,-4.14,81100,81100,77300,148368,11630783000,933529956000,11861880
20210809,133750,메가엠디,KOSDAQ,중견기업부,5330,-60,-1.11,5390,5490,5310,345647,1862207600,124759720410,23407077
20210809,235980,메드팩토,KOSDAQ,기술성장기업부,62800,-2100,-3.24,64500,64800,62500,100640,6344317400,1288049477600,20510342
20210809,041920,메디아나,KOSDAQ,우량기업부,13300,-100,-0.75,13600,13750,13200,24030,320041400,115051596800,8650496
20210809,014100,메디앙스,KOSDAQ,투자주의환기종목(소속부없음),6200,0,0.00,0,0,0,0,0,73160000000,11800000
20210809,054180,메디콕스,KOSDAQ,중견기업부,1530,-60,-3.77,1585,1585,1505,2439752,3757549155,112425533730,73480741
20210809,086900,메디톡스,KOSDAQ,우량기업부,192100,-6700,-3.37,198100,198400,191300,85607,16619147900,1201467166400,6254384
20210809,078160,메디포스트,KOSDAQ,벤처기업부,29750,-600,-1.98,30200,30500,29600,87169,2610753400,483859771500,16264194
20210809,065650,메디프론,KOSDAQ,중견기업부,3025,-45,-1.47,3060,3070,3015,187199,567892420,131938275975,43615959
20210809,021880,메이슨캐피탈,KOSDAQ,중견기업부,588,-15,-2.49,603,603,587,242044,143501657,88896431904,151184408
20210809,140410,메지온,KOSDAQ,중견기업부,134800,-1200,-0.88,135200,135900,133600,37874,5091504200,1198736768800,8892706
20210809,241770,메카로,KOSDAQ,투자주의환기종목(소속부없음),10650,50,0.47,10600,10750,10350,19142,201190900,108061716000,10146640
20210809,059210,메타바이오메드,KOSDAQ,벤처기업부,3130,-45,-1.42,3175,3175,3095,167613,523853740,74689158630,23862351
20210809,058110,멕아이씨에스,KOSDAQ,기술성장기업부,13600,-400,-2.86,14150,14150,13600,77721,1068287850,218287208000,16050530
20210809,096640,멜파스,KOSDAQ,중견기업부,2595,-5,-0.19,2600,2650,2540,1048260,2712303840,91997605245,35451871
20210809,257370,명성티엔에스,KOSDAQ,투자주의환기종목(소속부없음),9210,0,0.00,0,0,0,0,0,59319850890,6440809
20210809,080420,모다이노칩,KOSDAQ,우량기업부,3990,-15,-0.37,3975,4020,3975,44568,178270930,318089271780,79721622
20210809,080160,모두투어,KOSDAQ,중견기업부,25200,-300,-1.18,25150,25400,24500,229473,5762987000,476280000000,18900000
20210809,100030,모바일리더,KOSDAQ,중견기업부,22550,650,2.97,21900,22700,21900,47004,1054362250,74047750700,3283714
20210809,087260,모바일어플라이언스,KOSDAQ,벤처기업부,4725,95,2.05,4630,4735,4605,1252234,5867888200,153385057350,32462446
20210809,101330,모베이스,KOSDAQ,중견기업부,4110,-105,-2.49,4195,4225,4105,145596,605160105,98468152680,23958188
20210809,012860,모베이스전자,KOSDAQ,중견기업부,2180,-65,-2.90,2235,2235,2165,384751,845163920,124158760800,56953560
20210809,348030,모비릭스,KOSDAQ,중견기업부,22450,100,0.45,22250,22800,22000,68667,1543836550,208874800000,9304000
20210809,250060,모비스,KOSDAQ,기술성장기업부,2875,-15,-0.52,2920,2920,2855,154325,442293370,92492527750,32171314
20210809,033200,모아텍,KOSDAQ,중견기업부,9840,-120,-1.20,9960,9960,9650,53293,520280140,141018860400,14331185
20210809,118990,모트렉스,KOSDAQ,중견기업부,6710,240,3.71,6550,6770,6480,2374388,15799537410,261696971690,39001039
20210809,006920,모헨즈,KOSDAQ,중견기업부,5530,-90,-1.60,5600,5640,5510,49869,276364210,60387600000,10920000
20210809,001810,무림SP,KOSDAQ,우량기업부,3660,30,0.83,3635,3710,3625,148317,542905100,81023250000,22137500
20210809,279600,미디어젠,KOSDAQ,기술성장기업부,17100,1300,8.23,15800,18300,15800,295695,5102806850,80109755100,4684781
20210809,095500,미래나노텍,KOSDAQ,우량기업부,4800,145,3.11,4655,5030,4595,6394546,31104290400,138319339200,28816529
20210809,218150,미래생명자원,KOSDAQ,벤처기업부,4650,-125,-2.62,4840,4840,4650,165086,782205025,86822140200,18671428
20210809,353490,미래에셋대우스팩 5호,KOSDAQ,SPAC(소속부없음),2225,-15,-0.67,2240,2240,2215,93859,208701130,11258500000,5060000
20210809,328380,미래에셋대우스팩3호,KOSDAQ,SPAC(소속부없음),2230,5,0.22,2240,2240,2200,36477,80837100,14454860000,6482000
20210809,100790,미래에셋벤처투자,KOSDAQ,중견기업부,8650,-60,-0.69,8680,8800,8560,226360,1961037010,399593868950,46195823
20210809,049950,미래컴퍼니,KOSDAQ,우량기업부,32850,350,1.08,32400,33200,32000,41131,1342532950,274701752100,8362306
20210809,213090,미래테크놀로지,KOSDAQ,중견기업부,12500,0,0.00,12500,12700,12250,8945,112036150,76509850000,6120788
20210809,207760,미스터블루,KOSDAQ,중견기업부,10350,-150,-1.43,10500,10500,10300,178754,1851737600,256282922250,24761635
20210809,059090,미코,KOSDAQ,우량기업부,13750,50,0.36,13700,13850,13600,193013,2649393850,450817468750,32786725
20210809,214610,미코바이오메드,KOSDAQ,기술성장기업부,15500,-800,-4.91,16350,16350,15400,198347,3130214900,283512050000,18291100
20210809,201490,미투온,KOSDAQ,중견기업부,6390,-140,-2.14,6520,6520,6380,187999,1209429880,199737150300,31257770
20210809,950190,미투젠,KOSDAQ,외국기업(소속부없음),22150,0,0.00,22200,22300,22050,37057,821117650,300794607800,13579892
20210809,214180,민앤지,KOSDAQ,우량기업부,21900,250,1.15,21750,22550,21350,289955,6348066850,270738224400,12362476
20210809,206640,바디텍메드,KOSDAQ,우량기업부,21650,-400,-1.81,22150,22300,21600,153561,3359636250,508484024000,23486560
20210809,018700,바른손,KOSDAQ,중견기업부,3175,75,2.42,3130,3180,3065,3126647,10025164950,93571971225,29471487
20210809,035620,바른손이앤에이,KOSDAQ,중견기업부,1520,5,0.33,1515,1535,1490,1187373,1803156840,111702524560,73488503
20210809,064520,바른전자,KOSDAQ,관리종목(소속부없음),1005,0,0.00,0,0,0,0,0,74054909385,73686477
20210809,053030,바이넥스,KOSDAQ,우량기업부,19500,-800,-3.94,20300,20300,19500,543612,10864908500,619340436000,31761048
20210809,301300,바이브컴퍼니,KOSDAQ,기술성장기업부,45650,1750,3.99,44400,46600,43600,211241,9621230050,246243860500,5394170
20210809,064550,바이오니아,KOSDAQ,기술성장기업부,40400,2300,6.04,37800,41500,37150,4509141,180393959900,1018547791600,25211579
20210809,314930,바이오다인,KOSDAQ,기술성장기업부,47100,1100,2.39,46500,48600,46350,68607,3252521350,290521984500,6168195
20210809,208710,바이오로그디바이스,KOSDAQ,벤처기업부,5070,-290,-5.41,5250,5450,4975,8586556,44756045430,210057258840,41431412
20210809,142760,바이오리더스,KOSDAQ,기술성장기업부,8420,-390,-4.43,8900,8900,8400,352271,2999640800,231357114640,27477092
20210809,086820,바이오솔루션,KOSDAQ,기술성장기업부,28050,-200,-0.71,28100,28350,27850,46456,1300993700,226964499300,8091426
20210809,038460,바이오스마트,KOSDAQ,우량기업부,7030,-240,-3.30,7270,7300,7000,328016,2322172450,141217234000,20087800
20210809,086040,바이오톡스텍,KOSDAQ,벤처기업부,10600,-250,-2.30,10850,10900,10450,162533,1720665350,155471503800,14667123
20210809,032980,바이온,KOSDAQ,중견기업부,1280,-40,-3.03,1315,1330,1280,326527,422798705,85632994560,66900777
20210809,043150,바텍,KOSDAQ,우량기업부,37850,400,1.07,37300,37900,36700,41617,1555135350,562233589600,14854256
20210809,323990,박셀바이오,KOSDAQ,기술성장기업부,79700,-1500,-1.85,81200,81300,79600,281704,22527098100,1213273100000,15223000
20210809,267790,배럴,KOSDAQ,중견기업부,9600,-210,-2.14,9500,9720,9500,26226,251981740,75700800000,7885500
20210809,046310,백금T&A,KOSDAQ,중견기업부,4250,-80,-1.85,4330,4330,4180,81160,345030485,69779224250,16418641
20210809,066410,버킷스튜디오,KOSDAQ,중견기업부,2600,-45,-1.70,2630,2680,2545,3746549,9790945245,107147908400,41210734
20210809,206400,베노홀딩스,KOSDAQ,중견기업부,6240,-40,-0.64,6270,6290,6210,83760,522939070,144237400320,23114968
20210809,019010,베뉴지,KOSDAQ,중견기업부,2350,-40,-1.67,2375,2455,2340,523791,1252878475,113270000000,48200000
20210809,177350,베셀,KOSDAQ,중견기업부,5090,-70,-1.36,5200,5200,5070,68362,348729310,56969153120,11192368
20210809,299910,베스파,KOSDAQ,관리종목(소속부없음),28500,-1100,-3.72,29600,29800,27950,19205,544409450,233897106000,8206916
20210809,225530,보광산업,KOSDAQ,벤처기업부,6990,-150,-2.10,7140,7140,6980,79089,557054000,254007701730,36338727
20210809,250000,보라티알,KOSDAQ,중견기업부,17250,-150,-0.86,17450,17550,17100,18297,316654350,116450144250,6750733
20210809,006910,보성파워텍,KOSDAQ,중견기업부,4000,-255,-5.99,4255,4260,3975,2047258,8327487835,196519296000,49129824
20210809,226340,본느,KOSDAQ,중견기업부,3100,-55,-1.74,3130,3150,3065,213742,659971665,95168747600,30699596
20210809,014470,부방,KOSDAQ,중견기업부,3040,-110,-3.49,3150,3150,3000,349572,1069084955,182558870400,60052260
20210809,008470,부스타,KOSDAQ,우량기업부,7250,-240,-3.20,7490,7490,7250,92593,680186360,60934800000,8404800
20210809,338220,뷰노,KOSDAQ,기술성장기업부,23350,-450,-1.89,23900,24000,23200,69739,1636627200,260788117600,11168656
20210809,100120,뷰웍스,KOSDAQ,우량기업부,44500,2100,4.95,42400,46000,42400,474920,21028012050,445082992500,10001865
20210809,337930,브랜드엑스코퍼레이션,KOSDAQ,우량기업부,14300,-300,-2.05,14500,14700,14050,191383,2742499050,282208083300,19734831
20210809,064480,브리지텍,KOSDAQ,벤처기업부,5150,-20,-0.39,5280,5480,5110,1049174,5571692090,61555375000,11952500
20210809,288330,브릿지바이오테라퓨틱스,KOSDAQ,기술성장기업부,12750,-100,-0.78,12700,12850,12600,43891,558084600,249818833500,19593634
20210809,251630,브이원텍,KOSDAQ,중견기업부,11300,150,1.35,11100,11450,10950,149192,1688798950,170071554000,15050580
20210809,018290,브이티지엠피,KOSDAQ,우량기업부,8870,130,1.49,8790,8910,8700,356718,3146639550,305872130910,34483893
20210809,044480,블루베리 NFT,KOSDAQ,중견기업부,2990,20,0.67,2925,3035,2910,285118,855018345,85500057630,28595337
20210809,033560,블루콤,KOSDAQ,벤처기업부,12550,50,0.40,12550,12800,12250,94246,1179829400,227004989850,18088047
20210809,126340,비나텍,KOSDAQ,벤처기업부,53600,700,1.32,53000,54500,52300,127886,6850578400,275675895200,5143207
20210809,121800,비덴트,KOSDAQ,벤처기업부,10100,100,1.00,10250,10550,10100,1653201,17018298300,461305430500,45673805
20210809,148140,비디아이,KOSDAQ,투자주의환기종목(소속부없음),3290,-210,-6.00,3500,3545,3240,647481,2158922250,86490168450,26288805
20210809,082800,비보존 헬스케어,KOSDAQ,중견기업부,1550,-15,-0.96,1580,1580,1540,1305005,2022888110,262332493500,169246770
20210809,318410,비비씨,KOSDAQ,중견기업부,18800,-100,-0.53,18900,18900,18750,25676,482731750,103498568400,5505243
20210809,200780,비씨월드제약,KOSDAQ,우량기업부,21900,-450,-2.01,22150,22600,21250,516423,11271994700,194743209600,8892384
20210809,141000,비아트론,KOSDAQ,우량기업부,11000,150,1.38,10900,11100,10700,159224,1741984700,133261810000,12114710
20210809,090460,비에이치,KOSDAQ,우량기업부,20800,-150,-0.72,21000,21100,20700,376190,7851077900,700807910400,33692688
20210809,083650,비에이치아이,KOSDAQ,중견기업부,5240,-230,-4.20,5470,5470,5200,238830,1259541790,136240000000,26000000
20210809,086670,비엠티,KOSDAQ,우량기업부,13750,-200,-1.43,13900,14100,13600,120951,1662328000,112014773750,8146529
20210809,335890,비올,KOSDAQ,벤처기업부,2420,5,0.21,2445,2445,2385,315535,762550340,135469906000,55979300
20210809,138580,비즈니스온,KOSDAQ,벤처기업부,22100,-100,-0.45,22450,22450,22100,10634,236173600,251419324000,11376440
20210809,082920,비츠로셀,KOSDAQ,우량기업부,16800,-50,-0.30,16850,16850,16550,45605,762626900,361857753600,21539152
20210809,054220,비츠로시스,KOSDAQ,관리종목(소속부없음),5430,0,0.00,0,0,0,0,0,132601544820,24420174
20210809,042370,비츠로테크,KOSDAQ,우량기업부,10750,-100,-0.92,10750,10950,10600,101774,1095028650,281650268750,26200025
20210809,032850,비트컴퓨터,KOSDAQ,벤처기업부,10350,0,0.00,10450,10550,10300,170934,1781548650,172051082550,16623293
20210809,238200,비피도,KOSDAQ,기술성장기업부,17200,-50,-0.29,16900,17850,16500,310106,5370116100,140696000000,8180000
20210809,093190,빅솔론,KOSDAQ,우량기업부,6170,360,6.20,5810,6890,5780,1073301,6752750630,118704043850,19238905
20210809,065450,빅텍,KOSDAQ,중견기업부,6860,90,1.33,6780,6860,6750,858448,5853421290,196558208000,28652800
20210809,072950,빛샘전자,KOSDAQ,벤처기업부,9520,-130,-1.35,9650,9750,9520,181647,1743814060,59317777680,6230859
20210809,143240,사람인에이치알,KOSDAQ,우량기업부,53500,-2300,-4.12,55100,55700,53100,20157,1084600700,623770570500,11659263
20210809,100090,삼강엠앤티,KOSDAQ,중견기업부,17400,50,0.29,17100,17600,16850,368042,6316812300,636394003200,36574368
20210809,122350,삼기,KOSDAQ,중견기업부,4885,170,3.61,4795,4915,4685,2190927,10590641705,187288105780,38339428
20210809,014970,삼륭물산,KOSDAQ,중견기업부,8210,-210,-2.49,8370,8420,8200,32346,269516690,124176250000,15125000
20210809,018310,삼목에스폼,KOSDAQ,우량기업부,14500,-250,-1.69,14750,14850,14450,43003,627377700,213150000000,14700000
20210809,053700,삼보모터스,KOSDAQ,중견기업부,7000,50,0.72,6950,7230,6850,100968,705865710,131767272000,18823896
20210809,009620,삼보산업,KOSDAQ,중견기업부,1785,-85,-4.55,1855,1875,1760,1090039,1954813200,67994659110,38092246
20210809,023600,삼보판지,KOSDAQ,우량기업부,15950,-150,-0.93,16100,16100,15950,55920,894227650,257911500000,16170000
20210809,380320,삼성머스트스팩5호,KOSDAQ,SPAC(소속부없음),6480,-320,-4.71,6800,6800,6430,230605,1513550730,31168800000,4810000
20210809,291230,삼성스팩2호,KOSDAQ,SPAC(소속부없음),9800,-450,-4.39,10200,10200,9730,516368,5134607990,73990000000,7550000
20210809,377630,삼성스팩4호,KOSDAQ,SPAC(소속부없음),7150,-410,-5.42,7550,7570,7110,204838,1486121660,28743000000,4020000
20210809,009300,삼아제약,KOSDAQ,우량기업부,16100,-50,-0.31,16050,16150,16000,8835,141864850,102557000000,6370000
20210809,225190,삼양옵틱스,KOSDAQ,중견기업부,10300,0,0.00,10350,10350,10250,14905,153060850,104120640000,10108800
20210809,361670,삼영에스앤씨,KOSDAQ,기술성장기업부,17150,-700,-3.92,17800,17800,17150,153296,2661605000,95305259700,5557158
20210809,054540,삼영엠텍,KOSDAQ,우량기업부,5620,-140,-2.43,5750,5750,5600,141505,799138260,81385883880,14481474
20210809,065570,삼영이엔씨,KOSDAQ,벤처기업부,8430,-20,-0.24,8450,8550,8380,111162,937547370,80907784860,9597602
20210809,032280,삼일,KOSDAQ,중견기업부,2925,-15,-0.51,2970,2970,2895,122920,359429525,47424750750,16213590
20210809,002290,삼일기업공사,KOSDAQ,중견기업부,8050,450,5.92,7530,8350,7440,751132,5946487690,99820000000,12400000
20210809,037460,삼지전자,KOSDAQ,우량기업부,14800,-150,-1.00,15350,15400,14800,1259837,18985408550,241514125600,16318522
20210809,032750,삼진,KOSDAQ,우량기업부,13250,50,0.38,13300,13600,13150,258881,3458750850,79500000000,6000000
20210809,054090,삼진엘앤디,KOSDAQ,중견기업부,3760,50,1.35,3690,3825,3680,337212,1267867910,93846712320,24959232
20210809,000250,삼천당제약,KOSDAQ,우량기업부,54200,-1600,-2.87,55800,55900,53500,452773,24587302800,1234027822200,22768041
20210809,024950,삼천리자전거,KOSDAQ,중견기업부,12300,-150,-1.20,12450,12500,12300,79507,982470600,163264997100,13273577
20210809,038500,삼표시멘트,KOSDAQ,우량기업부,5690,-120,-2.07,5770,5800,5680,442298,2530758920,610862314370,107357173
20210809,017480,삼현철강,KOSDAQ,우량기업부,7620,150,2.01,7470,7670,7390,160520,1215510140,119656021800,15702890
20210809,046390,삼화네트웍스,KOSDAQ,중견기업부,3290,-115,-3.38,3355,3425,3275,607919,2015880715,142038949570,43172933
20210809,027580,상보,KOSDAQ,중견기업부,2360,5,0.21,2355,2400,2330,574981,1357878755,118030703600,50013010
20210809,038540,상상인,KOSDAQ,우량기업부,7830,80,1.03,7680,7840,7630,164638,1266602210,433220690790,55328313
20210809,307870,상상인이안1호스팩,KOSDAQ,SPAC(소속부없음),3830,-845,-18.07,4310,4500,3800,1766282,7263443320,18192500000,4750000
20210809,329560,상상인이안제2호스팩,KOSDAQ,SPAC(소속부없음),2335,-250,-9.67,2505,2510,2275,1023645,2412734780,8989750000,3850000
20210809,101000,상상인인더스트리,KOSDAQ,중견기업부,1080,-40,-3.57,1110,1120,1075,352278,383986765,77297932800,71572160
20210809,091580,상신이디피,KOSDAQ,우량기업부,19300,1900,10.92,17650,19700,17500,2719361,51509855450,261936917300,13571861
20210809,263810,상신전자,KOSDAQ,중견기업부,4740,-25,-0.52,4765,4780,4690,51275,241507830,67519963320,14244718
20210809,089980,상아프론테크,KOSDAQ,우량기업부,57800,1800,3.21,55700,58500,54900,304889,17507227500,908891417000,15724765
20210809,042940,상지카일룸,KOSDAQ,중견기업부,1685,-35,-2.03,1740,1750,1670,709782,1204797945,123164064000,73094400
20210809,042600,새로닉스,KOSDAQ,중견기업부,12200,700,6.09,11700,12500,11600,476973,5804082250,151567602800,12423574
20210809,252990,샘씨엔에스,KOSDAQ,기술성장기업부,7810,-110,-1.39,7890,8120,7750,844639,6700906880,391701537260,50153846
20210809,263540,샘코,KOSDAQ,투자주의환기종목(소속부없음),2015,0,0.00,0,0,0,0,0,60278610145,29914943
20210809,294630,서남,KOSDAQ,기술성장기업부,3925,65,1.68,3940,3940,3830,100379,387725210,80977303000,20631160
20210809,038070,서린바이오,KOSDAQ,우량기업부,24100,-900,-3.60,24900,25000,23600,1284898,30892696150,200046291600,8300676
20210809,006730,서부T&D,KOSDAQ,중견기업부,8970,-230,-2.50,9150,9170,8970,253230,2284763820,531552611070,59258931
20210809,079650,서산,KOSDAQ,중견기업부,3035,-60,-1.94,3070,3100,3035,44992,137618425,60700000000,20000000
20210809,100660,서암기계공업,KOSDAQ,중견기업부,6720,50,0.75,6710,6810,6620,153024,1026233300,84672000000,12600000
20210809,019770,서연탑메탈,KOSDAQ,중견기업부,7650,-350,-4.38,8010,8040,7600,191404,1486066950,89122500000,11650000
20210809,043710,서울리거,KOSDAQ,중견기업부,1025,-30,-2.84,1055,1070,1020,249563,257554460,39714199000,38745560
20210809,092190,서울바이오시스,KOSDAQ,우량기업부,17500,-150,-0.85,17750,18050,17350,356889,6283430050,668913927500,38223653
20210809,046890,서울반도체,KOSDAQ,우량기업부,18550,-300,-1.59,18950,18950,18400,559302,10403967100,1081565170000,58305400
20210809,063170,서울옥션,KOSDAQ,중견기업부,20400,1500,7.94,18900,20550,18900,574117,11433371950,345117000000,16917500
20210809,027040,서울전자통신,KOSDAQ,중견기업부,937,-3,-0.32,940,943,932,90494,84611759,65204749639,69588847
20210809,018680,서울제약,KOSDAQ,중견기업부,10600,-750,-6.61,11250,11300,10500,433515,4689433450,90359943800,8524523
20210809,093920,서원인텍,KOSDAQ,우량기업부,7380,30,0.41,7360,7400,7340,24227,178356100,137268000000,18600000
20210809,189860,서전기전,KOSDAQ,벤처기업부,11250,-900,-7.41,12050,12100,11250,792114,9159502500,109111275000,9698780
20210809,178320,서진시스템,KOSDAQ,우량기업부,42150,200,0.48,42100,42500,41600,146122,6155689350,792012030150,18790321
20210809,122690,서진오토모티브,KOSDAQ,관리종목(소속부없음),2835,5,0.18,2845,2850,2770,38489,107870315,55399432410,19541246
20210809,140070,서플러스글로벌,KOSDAQ,우량기업부,5990,-110,-1.80,6090,6100,5920,367923,2202347610,221558120000,36988000
20210809,011370,서한,KOSDAQ,우량기업부,2035,-45,-2.16,2090,2145,2015,2551812,5271383010,205321050275,100894865
20210809,065710,서호전기,KOSDAQ,우량기업부,22900,-550,-2.35,23450,23450,22750,13252,304804550,117935000000,5150000
20210809,035890,서희건설,KOSDAQ,우량기업부,2170,-90,-3.98,2255,2280,2170,3137801,6921288035,498684351690,229808457
20210809,357550,석경에이티,KOSDAQ,기술성장기업부,23650,100,0.42,23550,23900,23250,61922,1461409900,129010750000,5455000
20210809,003100,선광,KOSDAQ,우량기업부,48250,0,0.00,48250,48450,47800,23053,1106154100,318450000000,6600000
20210809,123420,선데이토즈,KOSDAQ,우량기업부,22850,0,0.00,22700,23000,22550,34863,790938350,218670889700,9569842
20210809,171090,선익시스템,KOSDAQ,우량기업부,28700,600,2.14,28250,29700,28050,786561,22819648850,259447110300,9039969
20210809,086710,선진뷰티사이언스,KOSDAQ,중견기업부,20850,150,0.72,20450,20850,20250,141064,2901200050,127511302500,6115650
20210809,014620,성광벤드,KOSDAQ,중견기업부,9500,-180,-1.86,9670,9680,9470,190405,1815095100,271700000000,28600000
20210809,037350,성도이엔지,KOSDAQ,우량기업부,6380,-80,-1.24,6470,6490,6280,125734,801493140,98698600000,15470000
20210809,081580,성우전자,KOSDAQ,중견기업부,3635,-150,-3.96,3770,3910,3615,537945,2027822715,56372099805,15508143
20210809,045300,성우테크론,KOSDAQ,중견기업부,7200,-300,-4.00,7460,7590,7160,909155,6740442290,69023872800,9586649
20210809,015750,성우하이텍,KOSDAQ,우량기업부,6980,10,0.14,6970,7040,6820,1213476,8410951850,558400000000,80000000
20210809,080470,성창오토텍,KOSDAQ,중견기업부,10000,-50,-0.50,10050,10050,9950,42443,424412120,73000000000,7300000
20210809,043260,성호전자,KOSDAQ,중견기업부,1940,75,4.02,1870,1965,1855,4370714,8407223130,103606444960,53405384
20210809,148150,세경하이테크,KOSDAQ,우량기업부,24800,150,0.61,24700,25300,24200,427868,10635121450,291251200000,11744000
20210809,053060,세동,KOSDAQ,중견기업부,1600,-25,-1.54,1630,1640,1575,251576,403063610,27934411200,17459007
20210809,017510,세명전기,KOSDAQ,중견기업부,5810,-180,-3.01,6030,6050,5800,324147,1915788710,88579260000,15246000
20210809,011560,세보엠이씨,KOSDAQ,우량기업부,7500,140,1.90,7360,7680,7360,106091,799222800,78975000000,10530000
20210809,100700,세운메디칼,KOSDAQ,우량기업부,5210,-100,-1.88,5310,5310,5200,191915,1003274930,228198000000,43800000
20210809,234100,세원,KOSDAQ,우량기업부,5310,0,0.00,5290,5330,5240,234821,1240020620,168977379420,31822482
20210809,024830,세원물산,KOSDAQ,관리종목(소속부없음),6280,0,0.00,0,0,0,0,0,52438000000,8350000
20210809,258830,세종메디칼,KOSDAQ,벤처기업부,31000,-100,-0.32,30850,31200,29600,132372,4018374850,210109971000,6777741
20210809,036630,세종텔레콤,KOSDAQ,우량기업부,688,-7,-1.01,694,696,688,2654248,1833859164,413024374688,600326126
20210809,039310,세중,KOSDAQ,관리종목(소속부없음),4750,-150,-3.06,4930,4930,4750,68064,326575880,86077918250,18121667
20210809,067770,세진티에스,KOSDAQ,중견기업부,7390,1700,29.88,6130,7390,5940,7065047,49651275590,62050822270,8396593
20210809,053450,세코닉스,KOSDAQ,투자주의환기종목(소속부없음),6440,0,0.00,0,0,0,0,0,93069669280,14451812
20210809,234340,세틀뱅크,KOSDAQ,우량기업부,34350,150,0.44,34450,34650,33600,141660,4829136650,324092250000,9435000
20210809,252500,세화피앤씨,KOSDAQ,중견기업부,4040,-40,-0.98,4040,4080,4005,125534,505654555,83802507800,20743195
20210809,347000,센코,KOSDAQ,기술성장기업부,22250,100,0.45,22150,22800,21400,129569,2860839450,183590179000,8251244
20210809,331920,셀레믹스,KOSDAQ,기술성장기업부,19250,-750,-3.75,20200,20300,19200,169107,3310649650,157159849000,8164148
20210809,049180,셀루메드,KOSDAQ,벤처기업부,10050,-700,-6.51,10600,10650,10000,793216,8123582850,398050078650,39606973
20210809,299660,셀리드,KOSDAQ,기술성장기업부,101000,-5000,-4.72,106500,106600,100000,233161,23623392600,980577892000,9708692
20210809,268600,셀리버리,KOSDAQ,기술성장기업부,78100,-3200,-3.94,81500,81800,78000,357315,28261192500,1303349513400,16688214
20210809,108860,셀바스AI,KOSDAQ,벤처기업부,4925,-75,-1.50,5000,5030,4900,121694,599662235,108625529125,22055945
20210809,208370,셀바스헬스케어,KOSDAQ,벤처기업부,2775,-30,-1.07,2805,2815,2755,56317,156227330,60163565100,21680564
20210809,068760,셀트리온제약,KOSDAQ,우량기업부,141300,-5100,-3.48,145600,145600,141200,204443,29066537800,5163978625200,36546204
20210809,091990,셀트리온헬스케어,KOSDAQ,우량기업부,113600,-3200,-2.74,116300,116400,113500,514136,58733787100,17606968739200,154990922
20210809,290690,소룩스,KOSDAQ,벤처기업부,16950,150,0.89,16750,16950,16450,144864,2416143750,139953488850,8256843
20210809,053110,소리바다,KOSDAQ,관리종목(소속부없음),3960,0,0.00,0,0,0,0,0,19563782040,4940349
20210809,950200,소마젠,KOSDAQ,외국기업(소속부없음),12800,-150,-1.16,12950,12950,12700,101970,1302138800,242733478400,18963553
20210809,032680,소프트센,KOSDAQ,중견기업부,2225,-50,-2.20,2285,2295,2220,439267,984207705,79601157225,35775801
20210809,032685,소프트센우,KOSDAQ,중견기업부,36100,-850,-2.30,37500,37500,36100,469,17031900,5157137700,142857
20210809,258790,소프트캠프,KOSDAQ,벤처기업부,3500,15,0.43,3475,3590,3445,193843,681152740,87469494000,24991284
20210809,066910,손오공,KOSDAQ,중견기업부,2885,-40,-1.37,2930,2945,2875,272421,790667635,77595424485,26896161
20210809,043100,솔고바이오,KOSDAQ,중견기업부,1265,-70,-5.24,1335,1340,1255,2163729,2801345555,76860398120,60759208
20210809,154040,솔루에타,KOSDAQ,중견기업부,3750,5,0.13,3850,3855,3720,35681,133798975,51844560000,13825216
20210809,035610,솔본,KOSDAQ,중견기업부,7030,-170,-2.36,7170,7200,7010,136045,960456780,192242358910,27345997
20210809,357780,솔브레인,KOSDAQ,중견기업부,338200,2000,0.59,333100,340500,333000,31760,10728214900,2630711021200,7778566
20210809,036830,솔브레인홀딩스,KOSDAQ,우량기업부,37450,-650,-1.71,38300,38300,37150,90698,3394865650,785103897200,20964056
20210809,304100,솔트룩스,KOSDAQ,기술성장기업부,35150,1050,3.08,34100,37500,33700,754687,26893339900,178594162250,5080915
20210809,086980,쇼박스,KOSDAQ,중견기업부,4325,-15,-0.35,4395,4395,4325,192247,834072440,270745000000,62600000
20210809,050960,수산아이앤티,KOSDAQ,벤처기업부,22700,-300,-1.30,23450,23500,22650,64823,1491992450,153247700000,6751000
20210809,084180,수성이노베이션,KOSDAQ,중견기업부,2230,-40,-1.76,2270,2285,2200,343745,765463120,122585744780,54971186
20210809,253840,수젠텍,KOSDAQ,기술성장기업부,20700,-500,-2.36,21250,21300,20700,167553,3502852000,318550561200,15388916
20210809,058530,슈펙스비앤피,KOSDAQ,투자주의환기종목(소속부없음),1620,0,0.00,0,0,0,0,0,21187053360,13078428
20210809,236200,슈프리마,KOSDAQ,우량기업부,27400,-500,-1.79,27900,28150,27400,40624,1125548450,197095680200,7193273
20210809,317770,슈프리마아이디,KOSDAQ,벤처기업부,19100,-250,-1.29,19350,19400,18900,11049,210875900,58331782000,3054020
20210809,094840,슈프리마에이치큐,KOSDAQ,벤처기업부,9360,-70,-0.74,9380,9490,9330,15984,149730200,98016422400,10471840
20210809,192440,슈피겐코리아,KOSDAQ,우량기업부,54500,-200,-0.37,54700,54800,54300,12162,663793500,338791783500,6216363
20210809,099440,스맥,KOSDAQ,중견기업부,2180,-125,-5.42,2310,2315,2155,1203568,2661293225,67001447620,30734609
20210809,033790,스카이문스테크놀로지,KOSDAQ,관리종목(소속부없음),829,0,0.00,0,0,0,0,0,14190075900,17117100
20210809,131100,스카이이앤엠,KOSDAQ,투자주의환기종목(소속부없음),1425,-80,-5.32,1500,1500,1385,1264388,1805925585,58825717125,41281205
20210809,159910,스킨앤스킨,KOSDAQ,투자주의환기종목(소속부없음),263,0,0.00,0,0,0,0,0,75277601849,286226623
20210809,158310,스타모빌리티,KOSDAQ,관리종목(소속부없음),1015,0,0.00,0,0,0,0,0,48320266610,47606174
20210809,115570,스타플렉스,KOSDAQ,중견기업부,5580,0,0.00,5600,5640,5520,151186,889581670,44553554640,7984508
20210809,253450,스튜디오드래곤,KOSDAQ,우량기업부,91700,0,0.00,91700,91800,90900,99828,9106618500,2751398436500,30004345
20210809,204630,스튜디오산타클로스,KOSDAQ,중견기업부,3075,75,2.50,3005,3075,2955,120542,362090260,90570604125,29453855
20210809,013810,스페코,KOSDAQ,중견기업부,7850,50,0.64,7800,7860,7730,74216,578014150,115045439500,14655470
20210809,039670,스포츠서울,KOSDAQ,관리종목(소속부없음),7360,0,0.00,0,0,0,0,0,67797501120,9211617
20210809,049830,승일,KOSDAQ,중견기업부,15850,-750,-4.52,16600,16750,15850,39124,629683100,97193975200,6132112
20210809,020710,시공테크,KOSDAQ,우량기업부,7400,-250,-3.27,7570,7610,7340,166172,1233934390,148354978000,20047970
20210809,033170,시그네틱스,KOSDAQ,중견기업부,1985,85,4.47,1915,2000,1890,3408128,6710452300,170170713215,85728319
20210809,048870,시너지이노베이션,KOSDAQ,중견기업부,4780,-270,-5.35,5090,5090,4760,1468189,7139271995,362236119700,75781615
20210809,025320,시노펙스,KOSDAQ,중견기업부,3835,25,0.66,3800,3935,3790,2469129,9572737550,280886743930,73242958
20210809,269620,시스웍,KOSDAQ,벤처기업부,2460,-10,-0.40,2520,2540,2405,11864197,29331373375,184010356680,74800958
20210809,131090,시큐브,KOSDAQ,벤처기업부,1585,-15,-0.94,1600,1610,1560,165967,262536255,66570000000,42000000
20210809,139050,시티랩스,KOSDAQ,투자주의환기종목(소속부없음),663,-28,-4.05,694,694,660,636350,429442861,58848537696,88760992
20210809,290520,신도기연,KOSDAQ,우량기업부,17800,-350,-1.93,18150,18200,17700,29423,525443350,143490784000,8061280
20210809,001000,신라섬유,KOSDAQ,중견기업부,3100,-50,-1.59,3155,3190,3100,216875,680002025,75260374000,24277540
20210809,025870,신라에스지,KOSDAQ,중견기업부,17400,-150,-0.85,17600,17900,16900,66852,1165401300,69600000000,4000000
20210809,215600,신라젠,KOSDAQ,관리종목(소속부없음),12100,0,0.00,0,0,0,0,0,1093442212500,90367125
20210809,065350,신성델타테크,KOSDAQ,우량기업부,20000,3750,23.08,17000,21000,16550,7502980,138432419200,549678960000,27483948
20210809,002800,신신제약,KOSDAQ,중견기업부,8370,-110,-1.30,8450,8470,8370,72429,608380840,126977085000,15170500
20210809,323280,신영스팩5호,KOSDAQ,SPAC(소속부없음),2510,35,1.41,2490,2510,2430,356729,880421715,8797550000,3505000
20210809,344050,신영스팩6호,KOSDAQ,SPAC(소속부없음),2555,175,7.35,2420,2555,2375,516512,1258979225,10999275000,4305000
20210809,017000,신원종합개발,KOSDAQ,우량기업부,6470,-260,-3.86,6760,6760,6470,112419,737683020,75492134690,11668027
20210809,012790,신일제약,KOSDAQ,우량기업부,16150,-300,-1.82,16450,16700,16000,85484,1387967950,181157553900,11217186
20210809,138070,신진에스엠,KOSDAQ,중견기업부,10000,-250,-2.44,10250,10250,10000,24302,245037050,89721830000,8972183
20210809,226330,신테카바이오,KOSDAQ,기술성장기업부,14100,-500,-3.42,14500,14500,14050,109500,1553400150,190350225600,13500016
20210809,333050,신한제6호스팩,KOSDAQ,SPAC(소속부없음),2290,-30,-1.29,2325,2340,2285,105840,243924170,11472900000,5010000
20210809,366330,신한제7호스팩,KOSDAQ,SPAC(소속부없음),2200,0,0.00,0,0,0,0,0,10010000000,4550000
20210809,056700,신화인터텍,KOSDAQ,벤처기업부,3745,-95,-2.47,3845,3860,3735,188595,710154800,109110915795,29135091
20210809,187270,신화콘텍,KOSDAQ,벤처기업부,5540,60,1.09,5500,5700,5430,575105,3212674780,56196901300,10143845
20210809,243840,신흥에스이씨,KOSDAQ,우량기업부,64600,2600,4.19,62200,65800,61100,289143,18586575500,486133927800,7525293
20210809,222800,심텍,KOSDAQ,우량기업부,30650,250,0.82,30800,32000,30200,1968369,60869708650,976329482950,31854143
20210809,036710,심텍홀딩스,KOSDAQ,우량기업부,3360,-75,-2.18,3475,3525,3360,1018720,3485000835,136629625440,40663579
20210809,160980,싸이맥스,KOSDAQ,우량기업부,22350,700,3.23,21800,22450,21500,311037,6869583950,244156831050,10924243
20210809,356890,싸이버원,KOSDAQ,벤처기업부,16850,-250,-1.46,17100,17500,16800,150415,2578270000,78197985500,4640830
20210809,217330,싸이토젠,KOSDAQ,기술성장기업부,59000,-1000,-1.67,59600,60000,59000,12639,750481200,334167976000,5663864
20210809,010280,쌍용정보통신,KOSDAQ,중견기업부,1170,-20,-1.68,1190,1225,1170,227184,269817325,47342919780,40464034
20210809,208640,썸에이지,KOSDAQ,관리종목(소속부없음),3175,65,2.09,3095,3250,2895,1125634,3472296365,433114500800,136414016
20210809,222420,쎄노텍,KOSDAQ,중견기업부,2145,0,0.00,2155,2155,2125,146702,313968550,86139285375,40158175
20210809,037760,쎄니트,KOSDAQ,우량기업부,2260,-15,-0.66,2265,2285,2200,150956,337866145,76462401460,33832921
20210809,136510,쎄미시스코,KOSDAQ,벤처기업부,38750,-800,-2.02,41300,43050,38300,880342,35729081200,265860417500,6860914
20210809,099320,쎄트렉아이,KOSDAQ,우량기업부,55500,500,0.91,55100,55800,54900,61574,3414230500,504251188500,9085607
20210809,049960,쎌바이오텍,KOSDAQ,중견기업부,19900,-200,-1.00,20100,20200,19700,29445,585772550,187060000000,9400000
20210809,050890,쏠리드,KOSDAQ,중견기업부,7140,-80,-1.11,7200,7210,7090,403320,2882028320,430406175780,60280977
20210809,066790,씨씨에스,KOSDAQ,투자주의환기종목(소속부없음),811,0,0.00,812,827,809,106440,86574418,45420107715,56005065
20210809,222080,씨아이에스,KOSDAQ,중견기업부,12050,350,2.99,11700,12400,11500,2795175,33789818650,692774695800,57491676
20210809,352480,씨앤씨인터내셔널,KOSDAQ,벤처기업부,41950,-1300,-3.01,42950,43250,41650,28643,1206020750,280056563950,6675961
20210809,264660,씨앤지하이테크,KOSDAQ,우량기업부,16550,400,2.48,16150,17100,15900,204017,3366157900,139110694000,8405480
20210809,352700,씨앤투스성진,KOSDAQ,기술성장기업부,21550,300,1.41,21200,21750,21150,154612,3320727100,215403693050,9995531
20210809,297090,씨에스베어링,KOSDAQ,우량기업부,25700,-550,-2.10,26300,26300,25400,141497,3631917100,246216280000,9580400
20210809,115530,씨엔플러스,KOSDAQ,투자주의환기종목(소속부없음),839,0,0.00,0,0,0,0,0,57020957000,67963000
20210809,225330,씨엠에스에듀,KOSDAQ,우량기업부,8720,260,3.07,8460,8810,8410,600503,5203953100,162493956160,18634628
20210809,115480,씨유메디칼,KOSDAQ,벤처기업부,1450,-40,-2.68,1490,1495,1435,240813,350945935,39106391250,26969925
20210809,189330,씨이랩,KOSDAQ,기술성장기업부,120500,-300,-0.25,122800,122900,119300,12177,1466429500,363143861000,3013642
20210809,096530,씨젠,KOSDAQ,우량기업부,70800,-500,-0.70,71500,72000,70600,516593,36707602600,3697600375200,52225994
20210809,900120,씨케이에이치,KOSDAQ,외국기업(소속부없음),300,1,0.33,299,309,295,359688,108131429,35023788900,116745963
20210809,101240,씨큐브,KOSDAQ,벤처기업부,8150,-100,-1.21,8300,8300,8150,8044,65964320,82626199600,10138184
20210809,060590,씨티씨바이오,KOSDAQ,중견기업부,11750,750,6.82,11350,12350,10800,2775034,32066136050,266423295250,22674323
20210809,260930,씨티케이,KOSDAQ,우량기업부,12250,150,1.24,12700,12800,11650,851654,10457402550,236934489750,19341591
20210809,013990,아가방컴퍼니,KOSDAQ,중견기업부,5710,-250,-4.19,5960,5980,5700,436350,2524947820,187787830560,32887536
20210809,123860,아나패스,KOSDAQ,벤처기업부,24000,0,0.00,24050,24150,23800,27526,659019750,271887192000,11328633
20210809,025980,아난티,KOSDAQ,중견기업부,11600,-400,-3.33,11700,12150,11500,5922630,69574855300,988678010800,85230863
20210809,050320,아래스,KOSDAQ,투자주의환기종목(소속부없음),990,0,0.00,0,0,0,0,0,45205142400,45661760
20210809,058220,아리온,KOSDAQ,투자주의환기종목(소속부없음),275,0,0.00,0,0,0,0,0,10717917100,38974244
20210809,125210,아모그린텍,KOSDAQ,기술성장기업부,12350,-150,-1.20,12500,12500,12250,52185,642952400,203735356500,16496790
20210809,357580,아모센스,KOSDAQ,기술성장기업부,16950,-350,-2.02,17150,17600,16800,864673,14884890750,189841288200,11200076
20210809,052710,아모텍,KOSDAQ,중견기업부,29900,300,1.01,29250,30250,29250,98459,2949519050,291327839400,9743406
20210809,074430,아미노로직스,KOSDAQ,벤처기업부,2985,-85,-2.77,3055,3070,2980,1068983,3211067435,262163129340,87826844
20210809,092040,아미코젠,KOSDAQ,기술성장기업부,39250,-800,-2.00,40000,40000,38950,196324,7710025050,754365767500,19219510
20210809,083930,아바코,KOSDAQ,우량기업부,12700,250,2.01,12500,12750,12350,55174,696381450,195742534600,15412798
20210809,149950,아바텍,KOSDAQ,우량기업부,22950,100,0.44,22850,23200,22500,34934,796475550,358192125000,15607500
20210809,036010,아비코전자,KOSDAQ,우량기업부,10400,410,4.10,10550,11350,10200,4043576,43431685180,138246513600,13292934
20210809,050860,아세아텍,KOSDAQ,중견기업부,3545,70,2.01,3490,3570,3440,1535518,5403472510,79762500000,22500000
20210809,246720,아스타,KOSDAQ,투자주의환기종목(소속부없음),5880,-50,-0.84,6130,6130,5630,45850,268280570,67576035240,11492523
20210809,067390,아스트,KOSDAQ,중견기업부,7290,-150,-2.02,7440,7440,7200,163603,1192552220,187318321470,25695243
20210809,127710,아시아경제,KOSDAQ,중견기업부,4245,-355,-7.72,4600,4615,4200,903139,3904547125,108284575830,25508734
20210809,154030,아시아종묘,KOSDAQ,기술성장기업부,8050,-240,-2.90,8290,8330,8000,439361,3575666230,85490750450,10619969
20210809,227610,아우딘퓨쳐스,KOSDAQ,중견기업부,2435,-80,-3.18,2515,2545,2430,101534,251566085,54005494880,22178848
20210809,143160,아이디스,KOSDAQ,우량기업부,26800,-100,-0.37,27200,27200,26550,19796,530729850,287199252000,10716390
20210809,054800,아이디스홀딩스,KOSDAQ,중견기업부,14100,0,0.00,14100,14100,13900,4853,67924600,145903359600,10347756
20210809,332370,아이디피,KOSDAQ,중견기업부,8890,30,0.34,8860,8990,8850,51616,459719660,59001712070,6636863
20210809,339950,아이비김영,KOSDAQ,중견기업부,4165,-240,-5.45,4350,4385,4110,1363800,5787943485,187202818075,44946655
20210809,099190,아이센스,KOSDAQ,우량기업부,33800,-300,-0.88,33950,34250,33450,88023,2967421000,464318644400,13737238
20210809,289010,아이스크림에듀,KOSDAQ,우량기업부,8350,-70,-0.83,8530,8810,8300,350835,3017901200,107414708950,12864037
20210809,214430,아이쓰리시스템,KOSDAQ,우량기업부,19400,-50,-0.26,19500,19500,19200,29143,563221850,137871144000,7106760
20210809,040910,아이씨디,KOSDAQ,우량기업부,15550,650,4.36,15050,15700,15000,270077,4169389500,280917172150,18065413
20210809,068940,아이씨케이,KOSDAQ,중견기업부,3580,-280,-7.25,3855,3860,3415,1124310,4032690975,124153404760,34679722
20210809,052860,아이앤씨,KOSDAQ,벤처기업부,4675,35,0.75,4685,4755,4635,81426,382582800,83508842450,17862854
20210809,069920,아이에스이커머스,KOSDAQ,중견기업부,3630,-115,-3.07,3735,3790,3630,173309,639549685,93749694060,25826362
20210809,038880,아이에이,KOSDAQ,중견기업부,1210,-25,-2.02,1235,1240,1210,3052335,3715827190,356670671500,294769150
20210809,307180,아이엘사이언스,KOSDAQ,중견기업부,3790,0,0.00,3790,3800,3715,123482,464036650,80431467170,21222023
20210809,101390,아이엠,KOSDAQ,중견기업부,1550,135,9.54,1420,1550,1405,14468729,21441441850,97491958900,62898038
20210809,078860,아이오케이,KOSDAQ,중견기업부,1765,-55,-3.02,1825,1825,1755,1822766,3252260385,157347187220,89148548
20210809,114810,아이원스,KOSDAQ,중견기업부,9540,0,0.00,0,0,0,0,0,243300279960,25503174
20210809,031310,아이즈비전,KOSDAQ,중견기업부,4625,-20,-0.43,4645,4725,4615,136644,637344245,76034528250,16439898
20210809,185490,아이진,KOSDAQ,기술성장기업부,40050,-1600,-3.84,41000,41100,39250,458618,18357726050,793243316250,19806325
20210809,059100,아이컴포넌트,KOSDAQ,벤처기업부,8280,-10,-0.12,8290,8330,8080,35900,293865120,58546720800,7070860
20210809,262840,아이퀘스트,KOSDAQ,벤처기업부,13200,200,1.54,12950,13250,12850,140961,1848240650,130152000000,9860000
20210809,175250,아이큐어,KOSDAQ,기술성장기업부,45350,2300,5.34,43100,45600,42350,308705,13769245400,409647774450,9033027
20210809,052460,아이크래프트,KOSDAQ,중견기업부,6070,-200,-3.19,6320,6320,6060,129116,794725980,88670171520,14607936
20210809,119830,아이텍,KOSDAQ,중견기업부,12750,1800,16.44,11000,13450,11000,5725400,71303266150,211570159500,16593738
20210809,052770,아이톡시,KOSDAQ,관리종목(소속부없음),3180,0,0.00,0,0,0,0,0,35178772260,11062507
20210809,124500,아이티센,KOSDAQ,중견기업부,5970,-30,-0.50,5950,6020,5910,128642,768025140,118846778010,19907333
20210809,084850,아이티엠반도체,KOSDAQ,우량기업부,47100,-600,-1.26,47700,47700,46750,98240,4611856900,1089006824400,23121164
20210809,027360,아주IB투자,KOSDAQ,벤처기업부,6070,-140,-2.25,6210,6210,6060,702628,4287762090,723848865750,119250225
20210809,032080,아즈텍WB,KOSDAQ,중견기업부,5800,-290,-4.76,6000,6010,5750,4727728,27735247970,124647968200,21491029
20210809,013310,아진산업,KOSDAQ,중견기업부,3605,40,1.12,3535,3805,3510,1883643,6929280365,139897728110,38806582
20210809,059120,아진엑스텍,KOSDAQ,벤처기업부,11850,-600,-4.82,12800,13300,11800,1991337,25013182700,115520862600,9748596
20210809,158430,아톤,KOSDAQ,벤처기업부,28700,350,1.23,28250,28700,27650,52827,1498964850,124947659900,4353577
20210809,067160,아프리카TV,KOSDAQ,우량기업부,146000,8000,5.80,139500,147000,136600,167353,23880891200,1678235982000,11494767
20210809,001540,안국약품,KOSDAQ,우량기업부,13200,0,0.00,13200,13350,13100,20543,271087650,172159944000,13042420
20210809,053800,안랩,KOSDAQ,우량기업부,69500,600,0.87,68900,70700,68800,98749,6905682100,695962922500,10013855
20210809,065660,안트로젠,KOSDAQ,기술성장기업부,97700,2300,2.41,94300,99500,92500,276519,26635229200,920514256500,9421845
20210809,297570,알로이스,KOSDAQ,벤처기업부,5690,150,2.71,5600,5870,5600,358981,2053327010,98604365660,17329414
20210809,260660,알리코제약,KOSDAQ,우량기업부,9660,-40,-0.41,9770,9770,9630,98046,949468110,148059022860,15327021
20210809,131370,알서포트,KOSDAQ,벤처기업부,9680,-70,-0.72,9800,9930,9660,609258,5953114430,515625363440,53267083
20210809,140670,알에스오토메이션,KOSDAQ,중견기업부,11300,50,0.44,11250,11500,11050,114141,1283022800,102865482000,9103140
20210809,096610,알에프세미,KOSDAQ,중견기업부,5090,30,0.59,5050,5160,4985,292577,1490336905,52165709940,10248666
20210809,061040,알에프텍,KOSDAQ,중견기업부,7150,-50,-0.69,7180,7180,7100,243703,1738955500,229438201850,32089259
20210809,148250,알엔투테크놀로지,KOSDAQ,벤처기업부,17100,700,4.27,16550,17300,16100,152039,2573236200,126309509100,7386521
20210809,347860,알체라,KOSDAQ,기술성장기업부,38800,-900,-2.27,40200,41200,38800,794021,31675927950,524917207200,13528794
20210809,196170,알테오젠,KOSDAQ,기술성장기업부,88100,-2900,-3.19,90500,90800,87800,359258,31969682400,3716000735000,42179350
20210809,123750,알톤스포츠,KOSDAQ,중견기업부,5260,0,0.00,5260,5300,5230,49961,262886990,67045522220,12746297
20210809,085810,알티캐스트,KOSDAQ,중견기업부,2985,-95,-3.08,3080,3085,2950,1465920,4406063285,88338361635,29594091
20210809,117670,알파홀딩스,KOSDAQ,중견기업부,4295,60,1.42,4295,4320,4190,162115,692920460,93102792310,21677018
20210809,291650,압타머사이언스,KOSDAQ,기술성장기업부,23350,0,0.00,23100,24700,22500,277610,6544011150,197684042100,8466126
20210809,293780,압타바이오,KOSDAQ,기술성장기업부,96200,15700,19.50,81800,104000,79500,2529764,239668266400,1067361414600,11095233
20210809,196300,애니젠,KOSDAQ,기술성장기업부,16900,0,0.00,16900,16950,16000,61383,1008396650,84942188500,5026165
20210809,310200,애니플러스,KOSDAQ,중견기업부,3410,-85,-2.43,3495,3495,3350,230567,786399565,100246665090,29397849
20210809,900100,애머릿지,KOSDAQ,관리종목(소속부없음),3585,0,0.00,0,0,0,0,0,109692162975,30597535
20210809,205500,액션스퀘어,KOSDAQ,중견기업부,5650,20,0.36,5630,5720,5470,262963,1463751680,233529444250,41332645
20210809,052790,액토즈소프트,KOSDAQ,벤처기업부,11950,50,0.42,11900,12000,11650,39445,465475150,135401124100,11330638
20210809,290740,액트로,KOSDAQ,벤처기업부,8660,130,1.52,8550,8740,8530,27661,239530470,87162995260,10065011
20210809,238090,앤디포스,KOSDAQ,벤처기업부,10200,-250,-2.39,10500,10500,10150,169967,1741191850,243148844400,23838122
20210809,092600,앤씨앤,KOSDAQ,벤처기업부,5200,205,4.10,4990,5220,4945,348120,1774546275,108927000000,20947500
20210809,129890,앱코,KOSDAQ,중견기업부,22250,-400,-1.77,22400,22600,22100,26790,597641250,218794974500,9833482
20210809,174900,앱클론,KOSDAQ,기술성장기업부,20850,-200,-0.95,21000,21000,20400,41024,849134150,318547738650,15278069
20210809,255440,야스,KOSDAQ,우량기업부,16800,200,1.20,16600,16850,16300,58658,978843400,219374400000,13058000
20210809,030960,양지사,KOSDAQ,중견기업부,12350,-100,-0.80,12450,12550,12300,22928,284244600,197353000000,15980000
20210809,102120,어보브반도체,KOSDAQ,우량기업부,15450,150,0.98,15400,15600,15150,319895,4929628700,269751638850,17459653
20210809,238120,얼라인드,KOSDAQ,기술성장기업부,11650,-800,-6.43,12450,12450,11650,253026,3042366000,83757069200,7189448
20210809,019990,에너토크,KOSDAQ,중견기업부,10200,-600,-5.56,10800,10850,10150,187402,1940174700,99512097600,9756088
20210809,270660,에브리봇,KOSDAQ,중견기업부,30000,-200,-0.66,30100,30300,29900,89138,2679006650,182870130000,6095671
20210809,038680,에스넷,KOSDAQ,우량기업부,10300,310,3.10,9860,10300,9720,3426305,34228181310,165574714500,16075215
20210809,217480,에스디생명공학,KOSDAQ,중견기업부,4810,-5,-0.10,4825,4835,4715,59282,282578155,107816467460,22415066
20210809,121890,에스디시스템,KOSDAQ,투자주의환기종목(소속부없음),739,0,0.00,0,0,0,0,0,7101198800,9609200
20210809,097780,에스맥,KOSDAQ,우량기업부,1355,-10,-0.73,1365,1370,1350,1050824,1428307615,383817486990,283260138
20210809,042110,에스씨디,KOSDAQ,우량기업부,2325,-80,-3.33,2385,2400,2315,1166780,2736490425,112366236300,48329564
20210809,298060,에스씨엠생명과학,KOSDAQ,기술성장기업부,30250,-450,-1.47,30900,31000,30150,25580,777250450,363661083500,12021854
20210809,065420,에스아이리소스,KOSDAQ,관리종목(소속부없음),639,0,0.00,0,0,0,0,0,43500682854,68076186
20210809,103230,에스앤더블류,KOSDAQ,관리종목(소속부없음),2505,0,0.00,0,0,0,0,0,18036000000,7200000
20210809,101490,에스앤에스텍,KOSDAQ,우량기업부,36000,2250,6.67,34100,36600,33500,1167924,41467247700,772252092000,21451447
20210809,095910,에스에너지,KOSDAQ,중견기업부,4575,-35,-0.76,4610,4645,4545,119191,545632760,68152260675,14896669
20210809,275630,에스에스알,KOSDAQ,벤처기업부,6510,-110,-1.66,6620,6660,6480,18560,121480480,38604547380,5930038
20210809,031330,에스에이엠티,KOSDAQ,우량기업부,5890,0,0.00,5840,6080,5810,12837571,76307530770,588970944630,99995067
20210809,060540,에스에이티,KOSDAQ,중견기업부,3660,-10,-0.27,3640,3720,3555,529054,1928608985,95647899960,26133306
20210809,056190,에스에프에이,KOSDAQ,우량기업부,42400,600,1.44,42000,43000,41600,219557,9341304100,1522531424000,35908760
20210809,080000,에스엔유,KOSDAQ,우량기업부,4820,205,4.44,4630,4870,4585,1860212,8898746725,165436233400,34322870
20210809,214310,에스엘바이오닉스,KOSDAQ,중견기업부,1240,-45,-3.50,1285,1285,1200,565970,702290710,51277612120,41352913
20210809,041510,에스엠,KOSDAQ,중견기업부,69700,600,0.87,68900,70700,67800,977888,67863315000,1639528774700,23522651
20210809,007820,에스엠코어,KOSDAQ,중견기업부,7790,-80,-1.02,7850,7980,7770,173967,1371257400,156064439340,20033946
20210809,109610,에스와이,KOSDAQ,중견기업부,4095,-40,-0.97,4135,4140,4060,381658,1557449835,191928890790,46869082
20210809,306040,에스제이그룹,KOSDAQ,우량기업부,24950,-300,-1.19,25250,25650,24600,131187,3291779250,246152408600,9865828
20210809,080440,에스제이케이,KOSDAQ,투자주의환기종목(소속부없음),498,0,0.00,0,0,0,0,0,6636328080,13325960
20210809,096630,에스코넥,KOSDAQ,중견기업부,2335,-20,-0.85,2355,2365,2290,1104165,2569435065,154502277665,66167999
20210809,069510,에스텍,KOSDAQ,우량기업부,11900,-50,-0.42,11950,12000,11800,13554,160578750,129829000000,10910000
20210809,041910,에스텍파마,KOSDAQ,벤처기업부,12400,0,0.00,12350,12600,12300,62472,777798750,147538461200,11898263
20210809,234300,에스트래픽,KOSDAQ,중견기업부,7430,170,2.34,7230,7430,7150,302475,2219207000,154738368800,20826160
20210809,039440,에스티아이,KOSDAQ,우량기업부,18150,50,0.28,17950,18200,17800,85865,1545135400,287314500000,15830000
20210809,098660,에스티오,KOSDAQ,중견기업부,3275,-15,-0.46,3290,3325,3260,32807,107733660,40940696400,12500976
20210809,052020,에스티큐브,KOSDAQ,중견기업부,9480,-30,-0.32,9450,9510,9210,148936,1395044920,289859560440,30575903
20210809,237690,에스티팜,KOSDAQ,중견기업부,110300,-7200,-6.13,117500,117600,109300,390919,43421921800,2057756800000,18656000
20210809,050760,에스폴리텍,KOSDAQ,중견기업부,5070,-30,-0.59,5070,5140,5070,31412,159979800,82816817460,16334678
20210809,288620,에스퓨얼셀,KOSDAQ,벤처기업부,35400,150,0.43,35300,35400,34500,64694,2261644900,243350786400,6874316
20210809,317830,에스피시스템스,KOSDAQ,벤처기업부,7900,-90,-1.13,7990,7990,7750,9232,72473620,64351030000,8145700
20210809,058610,에스피지,KOSDAQ,우량기업부,12100,-100,-0.82,12200,12200,12000,183752,2218631050,268346056000,22177360
20210809,043340,에쎈테크,KOSDAQ,중견기업부,1465,-45,-2.98,1505,1525,1445,1587667,2347064675,105480000000,72000000
20210809,187660,에이디엠코리아,KOSDAQ,벤처기업부,5970,-200,-3.24,6100,6160,5970,518805,3129112390,130362412500,21836250
20210809,054630,에이디칩스,KOSDAQ,벤처기업부,1245,5,0.40,1275,1330,1225,10693672,13664685290,65996778945,53009461
20210809,200710,에이디테크놀로지,KOSDAQ,우량기업부,25500,550,2.20,25150,25700,25050,269244,6847286650,339910716000,13329832
20210809,096690,에이루트,KOSDAQ,벤처기업부,894,-316,-26.12,920,967,880,92033358,84176448380,17209624266,19250139
20210809,298380,에이비엘바이오,KOSDAQ,기술성장기업부,20250,-550,-2.64,20700,20750,20100,252934,5122001500,954246318750,47123275
20210809,195990,에이비프로바이오,KOSDAQ,중견기업부,1165,-50,-4.12,1190,1210,1150,4195540,4926809280,292962065360,251469584
20210809,003800,에이스침대,KOSDAQ,우량기업부,49300,300,0.61,49200,49400,48650,2245,110355750,546737000000,11090000
20210809,088800,에이스테크,KOSDAQ,중견기업부,18350,-200,-1.08,18550,18550,18100,367847,6711380500,802328078350,43723601
20210809,241840,에이스토리,KOSDAQ,중견기업부,30000,-1400,-4.46,31300,31300,29950,260395,7878331450,285952800000,9531760
20210809,138360,에이씨티,KOSDAQ,관리종목(소속부없음),4480,0,0.00,0,0,0,0,0,155061688320,34611984
20210809,039230,에이아이비트,KOSDAQ,관리종목(소속부없음),543,0,0.00,0,0,0,0,0,19975625532,36787524
20210809,312610,에이에프더블류,KOSDAQ,벤처기업부,7300,-100,-1.35,7400,7450,7270,101556,746412400,147875282400,20256888
20210809,072990,에이치시티,KOSDAQ,중견기업부,18450,-250,-1.34,18800,18850,18100,101394,1860600700,129069022950,6995611
20210809,176440,에이치엔티,KOSDAQ,투자주의환기종목(소속부없음),1920,0,0.00,0,0,0,0,0,164619542400,85739345
20210809,028300,에이치엘비,KOSDAQ,중견기업부,36450,300,0.83,35800,37700,35250,2166528,79095272800,3866528301300,106077594
20210809,067630,에이치엘비생명과학,KOSDAQ,중견기업부,10500,150,1.45,10250,10900,10100,2059057,21572199800,988899513000,94180906
20210809,047920,에이치엘비제약,KOSDAQ,기술성장기업부,21950,4650,26.88,17550,22400,17450,5139807,103650236800,490754170950,22357821
20210809,043220,에이치엘비파워,KOSDAQ,중견기업부,2360,50,2.16,2335,2400,2225,4825236,11150325700,215032289720,91115377
20210809,239610,에이치엘사이언스,KOSDAQ,우량기업부,39200,-150,-0.38,39350,39550,39100,5597,219974100,211370908000,5392115
20210809,353070,에이치엠씨제4호스팩,KOSDAQ,SPAC(소속부없음),2220,-10,-0.45,2240,2240,2205,41972,93205200,9568200000,4310000
20210809,353060,에이치엠씨제5호스팩,KOSDAQ,SPAC(소속부없음),2200,0,0.00,2200,2215,2195,46218,101569670,11253000000,5115000
20210809,044780,에이치케이,KOSDAQ,벤처기업부,2295,-10,-0.43,2305,2330,2295,160978,371519225,42470781165,18505787
20210809,357230,에이치피오,KOSDAQ,중견기업부,19250,350,1.85,18900,19600,18650,193925,3719722850,383809580000,19938160
20210809,071670,에이테크솔루션,KOSDAQ,중견기업부,19000,350,1.88,19200,20100,17950,2509831,48368808750,190000000000,10000000
20210809,045660,에이텍,KOSDAQ,우량기업부,32050,-50,-0.16,32350,32350,31750,76682,2454406900,264733000000,8260000
20210809,224110,에이텍티앤,KOSDAQ,벤처기업부,31500,-350,-1.10,31900,32000,31250,47053,1485752250,168210000000,5340000
20210809,230980,에이트원,KOSDAQ,벤처기업부,2650,20,0.76,2630,2700,2605,1248034,3312237890,153350401400,57868076
20210809,021080,에이티넘인베스트,KOSDAQ,벤처기업부,4440,225,5.34,4300,4620,4290,2729601,12183571150,213120000000,48000000
20210809,089530,에이티세미콘,KOSDAQ,중견기업부,2975,-75,-2.46,3050,3075,2950,127201,380183060,44514454950,14962842
20210809,200470,에이팩트,KOSDAQ,중견기업부,7790,-100,-1.27,7850,8000,7750,250422,1957086040,136743167200,17553680
20210809,262260,에이프로,KOSDAQ,우량기업부,40150,850,2.16,39300,41000,39100,149896,6039757950,276257133900,6880626
20210809,109960,에이프로젠 H&G,KOSDAQ,중견기업부,887,-12,-1.33,899,901,878,772179,683825502,158502657479,178695217
20210809,089970,에이피티씨,KOSDAQ,우량기업부,27000,600,2.27,26400,27100,26100,185045,4963074750,636244065000,23564595
20210809,230240,에치에프알,KOSDAQ,중견기업부,23050,-250,-1.07,23300,23450,23050,34810,806440900,296930561000,12882020
20210809,064510,에코마이스터,KOSDAQ,관리종목(소속부없음),550,0,0.00,0,0,0,0,0,22321778050,40585051
20210809,230360,에코마케팅,KOSDAQ,벤처기업부,25900,100,0.39,25800,26200,25350,220220,5709482400,847785451100,32733029
20210809,038870,에코바이오,KOSDAQ,중견기업부,9530,-130,-1.35,9680,9750,9460,198410,1896795320,110652772820,11610994
20210809,128540,에코캡,KOSDAQ,벤처기업부,4025,0,0.00,4150,4150,4000,55756,225199235,58599170000,14558800
20210809,086520,에코프로,KOSDAQ,우량기업부,94600,21800,29.95,74000,94600,74000,4329645,383626410400,1769151210200,18701387
20210809,247540,에코프로비엠,KOSDAQ,우량기업부,313600,20700,7.07,295000,336500,293500,1834299,581618683100,6873944537600,21919466
20210809,383310,에코프로에이치엔,KOSDAQ,중견기업부,130200,27000,26.16,101900,134100,99600,1951851,240510465700,498175536600,3826233
20210809,038110,에코플라스틱,KOSDAQ,중견기업부,3800,-115,-2.94,3880,3900,3750,1260278,4789374990,97543606000,25669370
20210809,073540,에프알텍,KOSDAQ,벤처기업부,4535,-5,-0.11,4690,4690,4495,24376,110699330,51699000000,11400000
20210809,064850,에프앤가이드,KOSDAQ,벤처기업부,10250,-250,-2.38,10450,10600,10200,31676,328698750,123820000000,12080000
20210809,064090,에프앤리퍼블릭,KOSDAQ,투자주의환기종목(소속부없음),3460,55,1.62,3390,3515,3315,41319,139412900,38023355140,10989409
20210809,036810,에프에스티,KOSDAQ,우량기업부,28850,1150,4.15,27750,29100,27400,663557,18890967900,627683362650,21756789
20210809,173940,에프엔씨엔터,KOSDAQ,중견기업부,6360,170,2.75,6180,6400,6100,66059,417398680,91360636800,14364880
20210809,083500,에프엔에스테크,KOSDAQ,벤처기업부,14950,1350,9.93,13850,15200,13700,1750784,25541848450,125366543900,8385722
20210809,054940,엑사이엔씨,KOSDAQ,중견기업부,2015,-65,-3.13,2060,2075,2005,500102,1012862560,66844699220,33173548
20210809,950130,엑세스바이오,KOSDAQ,외국기업(소속부없음),27100,-1050,-3.73,27300,28100,26900,1177966,32227588400,984150781700,36315527
20210809,205100,엑셈,KOSDAQ,벤처기업부,4770,-70,-1.45,4815,4855,4770,526947,2533482945,161618442210,33882273
20210809,070300,엑스큐어,KOSDAQ,벤처기업부,4250,-50,-1.16,4300,4355,4250,59659,255704275,31305814500,7366074
20210809,092870,엑시콘,KOSDAQ,우량기업부,16350,100,0.62,16350,16700,16200,465475,7631601350,171284676450,10476127
20210809,317870,엔바이오니아,KOSDAQ,기술성장기업부,10300,-150,-1.44,10450,10500,10050,63065,644850000,79032466500,7673055
20210809,067570,엔브이에이치코리아,KOSDAQ,중견기업부,4845,-85,-1.72,4890,4975,4845,162351,793186450,157673683860,32543588
20210809,236810,엔비티,KOSDAQ,기술성장기업부,25550,-200,-0.78,25750,26000,25450,56419,1445966500,216861067150,8487713
20210809,333620,엔시스,KOSDAQ,벤처기업부,23100,300,1.32,22850,23600,22450,278443,6462383300,243851546400,10556344
20210809,101400,엔시트론,KOSDAQ,관리종목(소속부없음),1250,0,0.00,1290,1295,1220,150993,188019535,40369886250,32295909
20210809,217820,엔에스,KOSDAQ,우량기업부,10700,300,2.88,10400,10800,10250,145340,1538191700,123191635900,11513237
20210809,031860,엔에스엔,KOSDAQ,중견기업부,1285,-15,-1.15,1300,1300,1265,377219,483681400,74135516565,57693009
20210809,310840,엔에이치스팩13호,KOSDAQ,관리종목(소속부없음),2050,-5,-0.24,2040,2055,2040,111077,227231535,7011000000,3420000
20210809,359090,엔에이치스팩17호,KOSDAQ,SPAC(소속부없음),2155,0,0.00,0,0,0,0,0,15106550000,7010000
20210809,365590,엔에이치스팩18호,KOSDAQ,SPAC(소속부없음),2370,-25,-1.04,2375,2395,2365,64942,154241285,10902000000,4600000
20210809,265740,엔에프씨,KOSDAQ,벤처기업부,15650,0,0.00,15750,15800,15400,27301,426080700,139782670000,8931800
20210809,354200,엔젠바이오,KOSDAQ,기술성장기업부,23000,-1050,-4.37,24050,24050,22800,75886,1756311150,284392976000,12364912
20210809,208860,엔지스테크널러지,KOSDAQ,투자주의환기종목(소속부없음),2205,0,0.00,0,0,0,0,0,25233717915,11443863
20210809,183490,엔지켐생명과학,KOSDAQ,기술성장기업부,87000,-2200,-2.47,89200,89300,86700,53790,4701810300,724827015000,8331345
20210809,182400,엔케이맥스,KOSDAQ,기술성장기업부,13850,-100,-0.72,13850,13900,13650,170596,2346779200,487380876750,35189955
20210809,069410,엔텔스,KOSDAQ,벤처기업부,15300,900,6.25,16550,18200,15100,8280872,139397214700,156745807200,10244824
20210809,227950,엔투텍,KOSDAQ,중견기업부,1945,-60,-2.99,1990,2010,1935,1270950,2495670080,139186979405,71561429
20210809,198080,엔피디,KOSDAQ,우량기업부,4390,55,1.27,4330,4475,4330,93991,412272695,94539462150,21535185
20210809,048830,엔피케이,KOSDAQ,중견기업부,2645,-90,-3.29,2750,2750,2585,443642,1166892265,49524776335,18723923
20210809,096870,엘디티,KOSDAQ,벤처기업부,6300,-40,-0.63,6340,6470,6260,78340,496550250,42073920000,6678400
20210809,376190,엘비루셈,KOSDAQ,중견기업부,15850,500,3.26,15500,15900,15250,520688,8102741650,389910000000,24600000
20210809,061970,엘비세미콘,KOSDAQ,우량기업부,14550,100,0.69,14500,14650,14250,812326,11799870950,637065813600,43784592
20210809,138690,엘아이에스,KOSDAQ,중견기업부,7870,-80,-1.01,8070,8070,7810,405693,3227124490,131983520200,16770460
20210809,290650,엘앤씨바이오,KOSDAQ,벤처기업부,35300,-350,-0.98,35700,35800,34950,138844,4900491500,800776652300,22684891
20210809,066970,엘앤에프,KOSDAQ,중견기업부,115700,3100,2.75,110200,120000,110200,1353402,157755677300,3248708945300,28078729
20210809,156100,엘앤케이바이오,KOSDAQ,중견기업부,18600,-350,-1.85,18900,19000,18350,97342,1810389400,249105019800,13392743
20210809,073110,엘엠에스,KOSDAQ,벤처기업부,11450,150,1.33,11300,11600,11150,81700,933855750,101856394750,8895755
20210809,083310,엘오티베큠,KOSDAQ,우량기업부,17800,50,0.28,17900,17900,17250,231933,4086562300,317018587400,17810033
20210809,037950,엘컴텍,KOSDAQ,중견기업부,1510,-25,-1.63,1530,1545,1490,611836,927843955,127515753690,84447519
20210809,170920,엘티씨,KOSDAQ,벤처기업부,13250,500,3.92,12750,13300,12550,88633,1157587100,106256559750,8019363
20210809,058630,엠게임,KOSDAQ,벤처기업부,9990,140,1.42,9850,10200,9830,707717,7080683100,195243331230,19543877
20210809,019590,엠벤처투자,KOSDAQ,중견기업부,1100,-25,-2.22,1115,1125,1100,302228,335099910,74087304500,67352095
20210809,169330,엠브레인,KOSDAQ,중견기업부,8300,-80,-0.95,8380,8380,8150,11119,91937530,74438209700,8968459
20210809,179290,엠아이텍,KOSDAQ,중견기업부,5760,-20,-0.35,5800,5840,5710,394940,2276161770,179614932480,31183148
20210809,009780,엠에스씨,KOSDAQ,우량기업부,5850,-20,-0.34,5840,5870,5770,23024,133856870,102960000000,17600000
20210809,123040,엠에스오토텍,KOSDAQ,중견기업부,6820,160,2.40,6730,6850,6660,411791,2789707510,243160873340,35654087
20210809,323230,엠에프엠코리아,KOSDAQ,중견기업부,2830,0,0.00,2830,2880,2805,52811,148746145,57368797800,20271660
20210809,032790,엠젠플러스,KOSDAQ,관리종목(소속부없음),4075,0,0.00,0,0,0,0,0,113017455875,27734345
20210809,033160,엠케이전자,KOSDAQ,우량기업부,19750,-1350,-6.40,20800,21050,19200,1998160,39910818850,430701857750,21807689
20210809,347890,엠투아이,KOSDAQ,벤처기업부,10400,50,0.48,10450,10550,10250,92651,961828300,174701321600,16798204
20210809,033310,엠투엔,KOSDAQ,중견기업부,15950,-700,-4.20,16650,16650,15600,213238,3390530800,401637811300,25181054
20210809,259630,엠플러스,KOSDAQ,우량기업부,15700,550,3.63,15300,15900,15200,825654,12919062000,179018245200,11402436
20210809,065150,엠피대산,KOSDAQ,관리종목(소속부없음),892,-6,-0.67,897,898,872,240991,213988334,111751905260,125282405
20210809,115960,연우,KOSDAQ,우량기업부,26550,-300,-1.12,27000,27000,26450,16998,451349100,329166900000,12398000
20210809,090740,연이비앤티,KOSDAQ,중견기업부,2270,-570,-20.07,2705,2705,2270,3443880,8480916980,43416206140,19126082
20210809,060850,영림원소프트랩,KOSDAQ,벤처기업부,12250,-100,-0.81,12350,12400,12100,28683,349583750,99604750000,8131000
20210809,007530,영신금속,KOSDAQ,중견기업부,2960,-55,-1.82,3015,3025,2945,69021,205437020,56756377920,19174452
20210809,143540,영우디에스피,KOSDAQ,벤처기업부,2990,260,9.52,2725,3180,2700,32668065,99433902510,133353686050,44599895
20210809,036560,영풍정밀,KOSDAQ,우량기업부,9730,-270,-2.70,10050,10100,9650,373306,3675559120,153247500000,15750000
20210809,265560,영화테크,KOSDAQ,벤처기업부,13550,-200,-1.45,13750,13750,13350,148927,2014417950,144851939000,10690180
20210809,036000,예림당,KOSDAQ,중견기업부,3200,-100,-3.03,3325,3325,3200,79515,256634215,73709686400,23034277
20210809,250930,예선테크,KOSDAQ,벤처기업부,2785,-20,-0.71,2860,2865,2770,808066,2277265310,91906225400,33000440
20210809,053280,예스24,KOSDAQ,중견기업부,13800,-1000,-6.76,14500,14950,13800,3365148,48664500700,345000000000,25000000
20210809,122640,예스티,KOSDAQ,벤처기업부,13200,500,3.94,12800,13600,12550,333638,4412450950,225737226000,17101305
20210809,900300,오가닉티코스메틱,KOSDAQ,외국기업(소속부없음),811,-32,-3.80,847,847,807,581773,480691549,52237369660,64411060
20210809,045060,오공,KOSDAQ,우량기업부,4990,-20,-0.40,5020,5030,4960,53448,266542470,84540450260,16941974
20210809,080520,오디텍,KOSDAQ,벤처기업부,8190,80,0.99,8170,8300,8060,345308,2824261180,96204727710,11746609
20210809,039830,오로라,KOSDAQ,우량기업부,10950,-50,-0.45,10950,11000,10750,97670,1059587700,117853645500,10762890
20210809,322310,오로스테크놀로지,KOSDAQ,벤처기업부,35100,-550,-1.54,35300,35650,35000,59817,2101783050,326764924200,9309542
20210809,046120,오르비텍,KOSDAQ,중견기업부,7580,-10,-0.13,7620,7680,7520,278971,2111120730,189260699400,24968430
20210809,014940,오리엔탈정공,KOSDAQ,우량기업부,4590,-145,-3.06,4735,4735,4550,208946,961686395,209183103990,45573661
20210809,065500,오리엔트정공,KOSDAQ,투자주의환기종목(소속부없음),914,0,0.00,905,917,896,577375,523016514,107134109668,117214562
20210809,010470,오리콤,KOSDAQ,우량기업부,8700,-50,-0.57,8750,8920,8600,47136,409193160,104182935000,11975050
20210809,352910,오비고,KOSDAQ,기술성장기업부,25400,300,1.20,25300,26700,25000,1837729,47226625200,287242351600,11308754
20210809,053980,오상자이엘,KOSDAQ,중견기업부,7150,-40,-0.56,7290,7290,7070,36165,257968300,126897356300,17747882
20210809,052420,오성첨단소재,KOSDAQ,우량기업부,3320,-35,-1.04,3325,3365,3315,397516,1325051650,225386646080,67887544
20210809,241790,오션브릿지,KOSDAQ,우량기업부,16500,-50,-0.30,16550,16600,16200,49378,810889200,165043461000,10002634
20210809,039200,오스코텍,KOSDAQ,벤처기업부,33250,-900,-2.64,33900,33900,33050,263225,8773427700,1004366956250,30206525
20210809,226400,오스테오닉,KOSDAQ,기술성장기업부,4405,0,0.00,4395,4475,4345,83933,369986350,73885302870,16773054
20210809,031510,오스템,KOSDAQ,중견기업부,3415,-95,-2.71,3510,3525,3405,204036,702178415,95620000000,28000000
20210809,048260,오스템임플란트,KOSDAQ,우량기업부,143800,-2300,-1.57,144900,146200,139000,331789,47221660100,2054286104600,14285717
20210809,138080,오이솔루션,KOSDAQ,우량기업부,41850,-300,-0.71,42050,42350,41650,35027,1463910150,444618375750,10624095
20210809,080580,오킨스전자,KOSDAQ,벤처기업부,22950,-400,-1.71,23400,23400,22800,48817,1119721750,405739889100,17679298
20210809,067170,오텍,KOSDAQ,우량기업부,13150,-100,-0.75,13300,13300,13050,135115,1774190200,202399605750,15391605
20210809,173130,오파스넷,KOSDAQ,중견기업부,4510,10,0.22,4505,4555,4500,43806,197561125,53490539300,11860430
20210809,049480,오픈베이스,KOSDAQ,중견기업부,4890,-280,-5.42,5310,5370,4840,4227382,21398743050,153655452870,31422383
20210809,309930,오하임아이엔티,KOSDAQ,중견기업부,4970,-40,-0.80,4980,5060,4890,175047,864557250,101923224270,20507691
20210809,244460,올리패스,KOSDAQ,기술성장기업부,13450,550,4.26,12950,13450,12550,398085,5192032200,343812988800,25562304
20210809,226950,올릭스,KOSDAQ,기술성장기업부,45500,-950,-2.05,46450,46800,44700,159445,7231327500,623493780000,13703160
20210809,057540,옴니시스템,KOSDAQ,우량기업부,2600,-85,-3.17,2700,2710,2595,1937741,5123153585,120768323000,46449355
20210809,082210,옵트론텍,KOSDAQ,중견기업부,10200,680,7.14,9540,10300,9420,6522821,64888547930,247050109800,24220599
20210809,109080,옵티시스,KOSDAQ,벤처기업부,29100,-900,-3.00,29650,30400,28900,577027,16989096400,164007600000,5636000
20210809,153710,옵티팜,KOSDAQ,기술성장기업부,15100,-650,-4.13,15750,16000,15000,216292,3317719950,220300815800,14589458
20210809,321820,와이더플래닛,KOSDAQ,기술성장기업부,24300,-550,-2.21,25150,25150,23800,93230,2265671050,167608812600,6897482
20210809,122990,와이솔,KOSDAQ,우량기업부,13050,0,0.00,13100,13150,12900,139984,1818240850,367839580050,28186941
20210809,232140,와이아이케이,KOSDAQ,우량기업부,6620,40,0.61,6610,6660,6520,415033,2738995330,543140217000,82045350
20210809,065530,와이어블,KOSDAQ,중견기업부,4255,-35,-0.82,4235,4315,4235,111911,476698685,224919300000,52860000
20210809,067900,와이엔텍,KOSDAQ,우량기업부,14500,-300,-2.03,14750,14750,14350,132002,1915755200,263895055500,18199659
20210809,155650,와이엠씨,KOSDAQ,우량기업부,8380,150,1.82,8250,8390,8120,151020,1243414000,167385120040,19974358
20210809,251370,와이엠티,KOSDAQ,우량기업부,22850,0,0.00,23050,23050,22450,57304,1306044850,341721247300,14954978
20210809,066430,와이오엠,KOSDAQ,중견기업부,2800,-10,-0.36,2815,2925,2800,113760,322562140,44396060800,15855736
20210809,193250,와이제이엠게임즈,KOSDAQ,중견기업부,2675,45,1.71,2670,2800,2615,3034965,8258062135,152966020325,57183559
20210809,273060,와이즈버즈,KOSDAQ,중견기업부,2070,-5,-0.24,2070,2085,2050,159816,329109555,98434652040,47552972
20210809,019210,와이지-원,KOSDAQ,중견기업부,9230,-170,-1.81,9400,9420,9180,138363,1279254790,282196349370,30573819
20210809,122870,와이지엔터테인먼트,KOSDAQ,중견기업부,57700,500,0.87,57300,58800,56700,396759,22976226600,1063663091300,18434369
20210809,332570,와이팜,KOSDAQ,우량기업부,9460,170,1.83,9320,9640,9300,270510,2566194180,351357227760,37141356
20210809,079000,와토스코리아,KOSDAQ,중견기업부,8320,-240,-2.80,8700,8700,8240,27376,229373140,59904000000,7200000
20210809,032820,우리기술,KOSDAQ,벤처기업부,2350,-145,-5.81,2465,2470,2350,5373402,12862807325,313048453800,133212108
20210809,041190,우리기술투자,KOSDAQ,벤처기업부,7500,220,3.02,7520,7850,7480,4150638,31696236710,630000000000,84000000
20210809,115440,우리넷,KOSDAQ,벤처기업부,9710,100,1.04,9750,9940,9510,273523,2663922210,88719726240,9136944
20210809,046970,우리로,KOSDAQ,관리종목(소속부없음),1910,0,0.00,0,0,0,0,0,53792275450,28163495
20210809,082850,우리바이오,KOSDAQ,중견기업부,5210,-190,-3.52,5400,5400,5190,484455,2541416030,235376744380,45177878
20210809,215360,우리산업,KOSDAQ,우량기업부,23700,0,0.00,23650,23800,23450,51758,1226069050,216432263100,9132163
20210809,072470,우리산업홀딩스,KOSDAQ,중견기업부,5550,-40,-0.72,5570,5590,5500,50809,280627720,104824742550,18887341
20210809,073560,우리손에프앤지,KOSDAQ,우량기업부,2645,-20,-0.75,2715,2730,2640,1846405,4941878675,183133565735,69237643
20210809,153490,우리이앤엘,KOSDAQ,중견기업부,1795,-35,-1.91,1810,1825,1785,426052,765298035,92406600000,51480000
20210809,037400,우리조명,KOSDAQ,중견기업부,3670,70,1.94,3600,3705,3585,232904,850056830,96056179820,26173346
20210809,101170,우림기계,KOSDAQ,벤처기업부,5540,-290,-4.97,5880,5890,5510,454843,2562678680,74790000000,13500000
20210809,066590,우수AMS,KOSDAQ,중견기업부,5650,-80,-1.40,5710,5730,5610,144397,815657690,201242265000,35618100
20210809,103840,우양,KOSDAQ,중견기업부,5720,-60,-1.04,5780,5790,5700,52288,299301840,81555760000,14258000
20210809,046940,우원개발,KOSDAQ,우량기업부,7340,-120,-1.61,7540,7540,7320,233426,1722027900,132665729000,18074350
20210809,215380,우정바이오,KOSDAQ,벤처기업부,7600,-220,-2.81,7880,7910,7590,110989,855989530,91906237600,12092926
20210809,065680,우주일렉트로,KOSDAQ,우량기업부,28600,950,3.44,27700,28700,27450,60058,1694500750,284118692000,9934220
20210809,018620,우진비앤지,KOSDAQ,벤처기업부,2650,-30,-1.12,2735,2870,2650,1408095,3867980860,76556626450,28889293
20210809,307280,원바이오젠,KOSDAQ,벤처기업부,2160,-35,-1.59,2200,2220,2145,213418,461738570,75033142560,34737566
20210809,053080,원방테크,KOSDAQ,우량기업부,42550,-550,-1.28,43200,43350,42450,30623,1306930300,182715784650,4294143
20210809,032940,원익,KOSDAQ,벤처기업부,5280,40,0.76,5240,5300,5190,84495,442583950,96060254400,18193230
20210809,240810,원익IPS,KOSDAQ,우량기업부,50500,1700,3.48,49100,50800,48500,1138942,56849190850,2478737000500,49083901
20210809,074600,원익QnC,KOSDAQ,우량기업부,31600,500,1.61,31100,31650,30700,277847,8695822950,830700800000,26288000
20210809,104830,원익머트리얼즈,KOSDAQ,우량기업부,35450,500,1.43,34900,35750,34650,103262,3650955150,446953600000,12608000
20210809,014190,원익큐브,KOSDAQ,중견기업부,3730,-195,-4.97,3925,3930,3720,911581,3448391425,132041649380,35399906
20210809,131390,원익피앤이,KOSDAQ,우량기업부,27000,1700,6.72,25650,28200,25550,2025447,54790400800,400110570000,14818910
20210809,030530,원익홀딩스,KOSDAQ,우량기업부,6250,-30,-0.48,6290,6320,6200,298879,1872094920,482737381250,77237981
20210809,012620,원일특강,KOSDAQ,우량기업부,13800,-750,-5.15,14450,14450,13700,77012,1075456000,60720000000,4400000
20210809,008370,원풍,KOSDAQ,중견기업부,6010,0,0.00,6160,6200,5940,161792,977598270,72120000000,12000000
20210809,008290,원풍물산,KOSDAQ,투자주의환기종목(소속부없음),1815,-5,-0.27,1815,1820,1785,71854,129261935,73859027385,40693679
20210809,101160,월덱스,KOSDAQ,우량기업부,27000,-150,-0.55,27150,27150,26650,277513,7445377350,445796811000,16510993
20210809,095270,웨이브일렉트로,KOSDAQ,관리종목(소속부없음),5310,0,0.00,5280,5370,5120,136964,719390410,79497369360,14971256
20210809,065950,웰크론,KOSDAQ,우량기업부,4890,5,0.10,4875,4915,4860,149438,729618845,138051066780,28231302
20210809,076080,웰크론한텍,KOSDAQ,중견기업부,4160,-110,-2.58,4250,4280,4160,231107,967649660,86266202880,20737068
20210809,196700,웹스,KOSDAQ,벤처기업부,5240,-750,-12.52,5800,5850,5130,1605516,8712774100,75268114560,14364144
20210809,069080,웹젠,KOSDAQ,우량기업부,29250,350,1.21,28900,29350,28400,183591,5325261800,1032843357000,35310884
20210809,053580,웹케시,KOSDAQ,우량기업부,33600,-200,-0.59,33500,34000,33450,33040,1113344800,463217932800,13786248
20210809,071460,위니아딤채,KOSDAQ,중견기업부,4755,-105,-2.16,4905,4905,4740,109873,525199480,171024487725,35967295
20210809,044340,위닉스,KOSDAQ,우량기업부,20800,-200,-0.95,21000,21050,20800,59779,1249012350,371767240000,17873425
20210809,330350,위더스제약,KOSDAQ,우량기업부,14250,-150,-1.04,14500,14700,14100,138961,1995864650,187937863500,13188622
20210809,348350,위드텍,KOSDAQ,우량기업부,22850,200,0.88,22950,23300,22600,87039,1997540100,232695260000,10183600
20210809,112040,위메이드,KOSDAQ,중견기업부,50700,-600,-1.17,51000,51400,50100,143778,7283817900,851760000000,16800000
20210809,101730,위메이드맥스,KOSDAQ,관리종목(소속부없음),5420,-170,-3.04,5590,5620,5420,41711,227773620,85612341700,15795635
20210809,065370,위세아이텍,KOSDAQ,중견기업부,14750,100,0.68,14750,14950,14550,23755,348386900,96994141500,6575874
20210809,038620,위즈코프,KOSDAQ,중견기업부,3055,-135,-4.23,3120,3150,3045,1753583,5410383405,181883029900,59536180
20210809,299900,위지윅스튜디오,KOSDAQ,중견기업부,17400,-200,-1.14,17650,17850,17350,530893,9319284400,634112045400,36443221
20210809,036090,위지트,KOSDAQ,중견기업부,1360,45,3.42,1335,1415,1330,6610110,9147961075,122714683600,90231385
20210809,136540,윈스,KOSDAQ,우량기업부,17400,100,0.58,17300,17700,17200,134423,2351610100,212482936200,12211663
20210809,320000,윈텍,KOSDAQ,중견기업부,2975,15,0.51,2980,3000,2930,91819,271862640,55034965300,18499148
20210809,097800,윈팩,KOSDAQ,벤처기업부,2695,-25,-0.92,2720,2725,2640,1995272,5373623810,114841404370,42612766
20210809,192390,윈하이텍,KOSDAQ,중견기업부,5880,-260,-4.23,6140,6190,5870,253161,1527938070,62662548480,10656896
20210809,313760,윌링스,KOSDAQ,중견기업부,17250,-700,-3.90,17950,17950,17150,48009,835259450,83869500000,4862000
20210809,900340,윙입푸드,KOSDAQ,외국기업(소속부없음),1470,-5,-0.34,1490,1490,1465,120650,178035015,70520939160,47973428
20210809,036200,유니셈,KOSDAQ,우량기업부,15600,250,1.63,15400,15800,15150,990916,15450842400,478361878800,30664223
20210809,018000,유니슨,KOSDAQ,중견기업부,3610,-70,-1.90,3665,3665,3575,699138,2514536235,439458841110,121733751
20210809,203450,유니온커뮤니티,KOSDAQ,벤처기업부,4480,0,0.00,4560,4560,4445,46930,210300340,65761951360,14679007
20210809,011320,유니크,KOSDAQ,중견기업부,7710,-10,-0.13,7730,7750,7630,64877,498518740,148962558450,19320695
20210809,086390,유니테스트,KOSDAQ,우량기업부,25700,1150,4.68,24700,25850,24700,807612,20556356600,543147038200,21134126
20210809,241690,유니테크노,KOSDAQ,우량기업부,12700,1450,12.89,11250,12800,11050,1078745,13234733200,299790993000,23605590
20210809,142210,유니트론텍,KOSDAQ,중견기업부,7580,-250,-3.19,7760,7850,7550,310919,2379520100,91548533940,12077643
20210809,048430,유라테크,KOSDAQ,우량기업부,12250,-350,-2.78,12600,12600,12150,29298,360688900,141120000000,11520000
20210809,206650,유바이오로직스,KOSDAQ,기술성장기업부,37600,-1400,-3.59,38900,38900,37450,436617,16503674650,1318932499200,35077992
20210809,089850,유비벨록스,KOSDAQ,우량기업부,17100,600,3.64,16650,17250,16600,220510,3748139750,121678418700,7115697
20210809,032620,유비케어,KOSDAQ,우량기업부,8970,-60,-0.66,9030,9050,8930,118671,1066050030,468208336830,52197139
20210809,264450,유비쿼스,KOSDAQ,우량기업부,23500,250,1.08,23250,23650,22950,59215,1383334350,240774091000,10245706
20210809,078070,유비쿼스홀딩스,KOSDAQ,우량기업부,20600,-300,-1.44,20900,21050,20500,45459,940531800,385150536800,18696628
20210809,024800,유성티엔에스,KOSDAQ,우량기업부,3440,-60,-1.71,3510,3520,3420,64322,223311675,107598445920,31278618
20210809,054930,유신,KOSDAQ,중견기업부,25150,-800,-3.08,26050,26400,25150,25004,642418950,75450000000,3000000
20210809,069330,유아이디,KOSDAQ,관리종목(소속부없음),2895,-55,-1.86,2715,2985,2715,204896,579352805,39313295190,13579722
20210809,049520,유아이엘,KOSDAQ,중견기업부,3950,-15,-0.38,3975,3985,3950,30375,120323505,86050497200,21784936
20210809,313750,유안타제4호스팩,KOSDAQ,SPAC(소속부없음),2260,0,0.00,0,0,0,0,0,10509000000,4650000
20210809,336060,유안타제5호스팩,KOSDAQ,SPAC(소속부없음),2345,0,0.00,2315,2375,2315,191820,450790130,13905850000,5930000
20210809,340360,유안타제6호스팩,KOSDAQ,SPAC(소속부없음),4100,-40,-0.97,4030,4220,3970,717279,2917553820,28064500000,6845000
20210809,367460,유안타제7호스팩,KOSDAQ,SPAC(소속부없음),2305,0,0.00,2300,2340,2290,55423,127612240,12677500000,5500000
20210809,367480,유안타제8호스팩,KOSDAQ,SPAC(소속부없음),2265,-5,-0.22,2290,2290,2235,65046,146044970,14699850000,6490000
20210809,056090,유앤아이,KOSDAQ,기술성장기업부,5370,0,0.00,5380,5420,5320,35438,190548170,49817081880,9276924
20210809,263770,유에스티,KOSDAQ,우량기업부,5880,-80,-1.34,5960,5970,5850,75365,445189100,139357011360,23700172
20210809,340930,유일에너테크,KOSDAQ,벤처기업부,22900,400,1.78,22450,23650,22100,486062,11186528400,242512007600,10590044
20210809,023410,유진기업,KOSDAQ,우량기업부,5340,-150,-2.73,5420,5460,5330,399339,2145947500,412840008420,77310863
20210809,056080,유진로봇,KOSDAQ,벤처기업부,4275,55,1.30,4200,4315,4160,541649,2303722300,160364449800,37512152
20210809,321260,유진스팩4호,KOSDAQ,SPAC(소속부없음),3995,-10,-0.25,4010,4060,3980,116790,468591520,13942550000,3490000
20210809,331380,유진스팩5호,KOSDAQ,SPAC(소속부없음),4425,-105,-2.32,4400,4590,4375,54315,240113620,17744250000,4010000
20210809,373340,유진스팩6호,KOSDAQ,SPAC(소속부없음),3295,-185,-5.32,3470,3470,3265,305673,1015949270,9950900000,3020000
20210809,084370,유진테크,KOSDAQ,우량기업부,49850,850,1.73,48700,50000,48350,188569,9358119100,1142364693700,22916042
20210809,178780,유테크,KOSDAQ,관리종목(소속부없음),1730,0,0.00,0,0,0,0,0,60240302320,34820984
20210809,179900,유티아이,KOSDAQ,우량기업부,13850,600,4.53,13300,13850,13100,46180,629029450,224465495750,16206895
20210809,263050,유틸렉스,KOSDAQ,기술성장기업부,30300,-700,-2.26,30550,30900,30150,48826,1479469800,467694195600,15435452
20210809,191410,육일씨엔에쓰,KOSDAQ,중견기업부,5150,165,3.31,5010,5390,4935,46489,240195810,48219563300,9363022
20210809,072770,율호,KOSDAQ,중견기업부,3165,-95,-2.91,3235,3240,3135,238563,755190355,123330567660,38967004
20210809,039020,이건홀딩스,KOSDAQ,우량기업부,5230,-60,-1.13,5290,5290,5110,269163,1395383420,118118028070,22584709
20210809,060230,이그잭스,KOSDAQ,중견기업부,2610,100,3.98,2520,2630,2485,4147768,10734336900,226141040970,86644077
20210809,067920,이글루시큐리티,KOSDAQ,벤처기업부,8020,0,0.00,8030,8170,8010,47200,381106220,88188874380,10996119
20210809,044960,이글벳,KOSDAQ,중견기업부,8850,150,1.72,9050,9520,8740,4887340,44831932620,111880664550,12641883
20210809,303530,이노뎁,KOSDAQ,벤처기업부,29100,450,1.57,28650,29800,28200,568229,16494709050,207516610500,7131155
20210809,302430,이노메트리,KOSDAQ,벤처기업부,17250,100,0.58,17150,17450,17150,72228,1250303700,168990280500,9796538
20210809,073490,이노와이어리스,KOSDAQ,우량기업부,46600,150,0.32,46450,46750,46200,27678,1286188750,313969550400,6737544
20210809,086250,이노와이즈,KOSDAQ,관리종목(소속부없음),1405,0,0.00,0,0,0,0,0,43288294470,30810174
20210809,215790,이노인스트루먼트,KOSDAQ,중견기업부,2255,10,0.45,2260,2260,2180,217883,485932075,90838500995,40283149
20210809,246960,이노테라피,KOSDAQ,기술성장기업부,15550,50,0.32,15900,15900,15050,37039,572520650,78437061200,5044184
20210809,088390,이녹스,KOSDAQ,중견기업부,26850,1350,5.29,25550,26900,24800,189451,4954127400,251070161400,9350844
20210809,272290,이녹스첨단소재,KOSDAQ,우량기업부,77600,1400,1.84,76200,80000,75500,329600,25683955800,762096330400,9820829
20210809,053350,이니텍,KOSDAQ,중견기업부,7070,-260,-3.55,7320,7320,7070,186154,1325959420,139921776120,19790916
20210809,258610,이더블유케이,KOSDAQ,벤처기업부,7800,-100,-1.27,7790,7850,7690,88876,690157110,112901295000,14474525
20210809,041520,이라이콤,KOSDAQ,우량기업부,10250,50,0.49,10200,10250,10100,17104,174435600,124934482500,12188730
20210809,264850,이랜시스,KOSDAQ,중견기업부,3640,-40,-1.09,3700,3710,3625,138122,503527575,104656595680,28751812
20210809,054210,이랜텍,KOSDAQ,중견기업부,7670,0,0.00,7700,7770,7570,497971,3818158920,193983580700,25291210
20210809,164060,이루다,KOSDAQ,벤처기업부,16800,150,0.90,16650,17200,16200,693743,11564851950,131293008000,7815060
20210809,065440,이루온,KOSDAQ,벤처기업부,4050,-245,-5.70,4435,4495,4050,4452110,18940664505,110463831000,27275020
20210809,115610,이미지스,KOSDAQ,관리종목(소속부없음),3235,95,3.03,3160,3425,3140,154555,503907625,24809629080,7669128
20210809,349720,이베스트스팩5호,KOSDAQ,SPAC(소속부없음),2250,-45,-1.96,2310,2310,2235,61212,137687875,8145000000,3620000
20210809,323210,이베스트이안스팩1호,KOSDAQ,SPAC(소속부없음),2265,-45,-1.95,2310,2330,2205,204471,462013610,7248000000,3200000
20210809,078020,이베스트투자증권,KOSDAQ,우량기업부,8930,-80,-0.89,9010,9030,8860,150173,1344904670,495447026700,55481190
20210809,131400,이브이첨단소재,KOSDAQ,벤처기업부,5050,-240,-4.54,5300,5460,5020,4117369,21694107140,117266277250,23221045
20210809,351330,이삭엔지니어링,KOSDAQ,벤처기업부,17100,-400,-2.29,17400,17400,17000,130537,2240749950,141733692000,8288520
20210809,080010,이상네트웍스,KOSDAQ,중견기업부,7980,-40,-0.50,8000,8020,7910,19104,152098380,71939700000,9015000
20210809,086890,이수앱지스,KOSDAQ,기술성장기업부,12800,-450,-3.40,13300,13300,12300,497396,6502522150,424738150400,33182668
20210809,047560,이스트소프트,KOSDAQ,벤처기업부,17200,850,5.20,16350,17250,15950,252129,4209108250,192017050400,11163782
20210809,900110,이스트아시아홀딩스,KOSDAQ,외국기업(소속부없음),202,-3,-1.46,205,205,201,441147,89213924,27600782272,136637536
20210809,067010,이씨에스,KOSDAQ,벤처기업부,7750,-100,-1.27,8000,8070,7670,441270,3472909410,95278500000,12294000
20210809,052190,이에스에이,KOSDAQ,투자주의환기종목(소속부없음),8850,0,0.00,0,0,0,0,0,26981756100,3048786
20210809,101360,이엔드디,KOSDAQ,우량기업부,34550,700,2.07,34150,35200,33500,302164,10440399950,356569232650,10320383
20210809,102710,이엔에프테크놀로지,KOSDAQ,우량기업부,38400,1400,3.78,37250,38750,37050,436291,16652928100,548652902400,14287836
20210809,066980,이엔코퍼레이션,KOSDAQ,중견기업부,11400,450,4.11,11100,12000,11000,412710,4751373050,219923943600,19291574
20210809,063760,이엘피,KOSDAQ,벤처기업부,8400,160,1.94,8250,8400,8130,200930,1669038870,78331092000,9325130
20210809,087730,이엠네트웍스,KOSDAQ,관리종목(소속부없음),8160,0,0.00,0,0,0,0,0,26570510400,3256190
20210809,123570,이엠넷,KOSDAQ,중견기업부,7730,-90,-1.15,7820,7820,7670,31122,239797790,172194082940,22276078
20210809,083470,이엠앤아이,KOSDAQ,관리종목(소속부없음),1390,0,0.00,0,0,0,0,0,38120075850,27424515
20210809,095190,이엠코리아,KOSDAQ,중견기업부,5000,-10,-0.20,5010,5020,4955,154364,769593960,212905185000,42581037
20210809,091120,이엠텍,KOSDAQ,우량기업부,23600,-50,-0.21,23600,23900,23250,309613,7273871200,374955289600,15887936
20210809,039030,이오테크닉스,KOSDAQ,우량기업부,120900,4300,3.69,117900,122900,117000,183951,22208151900,1489433595000,12319550
20210809,294090,이오플로우,KOSDAQ,기술성장기업부,56100,-400,-0.71,56500,56500,55000,65866,3653147600,643392779700,11468677
20210809,088290,이원컴포텍,KOSDAQ,중견기업부,8700,200,2.35,8470,8800,8410,231390,1990940830,196935853500,22636305
20210809,181340,이즈미디어,KOSDAQ,벤처기업부,21900,550,2.58,21350,21950,21000,60550,1303278600,155601690000,7105100
20210809,353810,이지바이오,KOSDAQ,중견기업부,6750,-80,-1.17,6880,7040,6750,353679,2423130750,230794110000,34191720
20210809,099750,이지케어텍,KOSDAQ,우량기업부,40600,250,0.62,39950,41300,39950,20927,853600000,259271600000,6386000
20210809,035810,이지홀딩스,KOSDAQ,우량기업부,5180,-20,-0.38,5200,5300,5140,1242174,6472143240,337455477100,65145845
20210809,160600,이큐셀,KOSDAQ,관리종목(소속부없음),3100,0,0.00,0,0,0,0,0,42720312600,13780746
20210809,092130,이크레더블,KOSDAQ,중견기업부,21100,150,0.72,21200,21200,20950,4963,104557900,254119960000,12043600
20210809,096040,이트론,KOSDAQ,중견기업부,677,-20,-2.87,692,695,675,15894634,11176041760,355153352396,524598748
20210809,134060,이퓨쳐,KOSDAQ,벤처기업부,9990,-210,-2.06,10200,10200,9990,19633,197682190,47644807500,4769250
20210809,001840,이화공영,KOSDAQ,중견기업부,7970,-150,-1.85,8100,8120,7930,149498,1197322440,157851907200,19805760
20210809,024810,이화전기,KOSDAQ,중견기업부,2230,-40,-1.76,2270,2270,2225,1231265,2855409790,186123879290,83463623
20210809,041830,인바디,KOSDAQ,우량기업부,29550,-600,-1.99,29950,30200,29500,61032,1810394050,404355758100,13683782
20210809,352940,인바이오,KOSDAQ,벤처기업부,11450,-350,-2.97,11900,12000,11350,215380,2494715100,124435508500,10867730
20210809,079950,인베니아,KOSDAQ,중견기업부,3000,235,8.50,2770,3115,2770,9416369,28349752040,69600000000,23200000
20210809,277410,인산가,KOSDAQ,벤처기업부,2700,55,2.08,2640,2735,2630,1013670,2729483555,86031177300,31863399
20210809,060150,인선이엔티,KOSDAQ,우량기업부,12650,-150,-1.17,12800,12800,12600,228615,2893808100,589029691800,46563612
20210809,033230,인성정보,KOSDAQ,중견기업부,2930,10,0.34,3040,3075,2930,3748802,11274913995,114901063400,39215380
20210809,037330,인지디스플레,KOSDAQ,우량기업부,3260,-20,-0.61,3260,3270,3235,113136,367883660,143065830240,43885224
20210809,083640,인콘,KOSDAQ,벤처기업부,2460,-50,-1.99,2520,2520,2440,350913,864230870,109860571740,44658769
20210809,216050,인크로스,KOSDAQ,중견기업부,53000,-400,-0.75,53400,53400,52500,6599,348331800,427009181000,8056777
20210809,049070,인탑스,KOSDAQ,우량기업부,30150,-500,-1.63,30500,30650,29800,136762,4113105700,518580000000,17200000
20210809,119610,인터로조,KOSDAQ,우량기업부,28300,50,0.18,28450,28700,27500,211550,5906596050,358861008300,12680601
20210809,017250,인터엠,KOSDAQ,투자주의환기종목(소속부없음),1735,5,0.29,1730,1750,1695,37387,64110800,36513885245,21045467
20210809,035080,인터파크,KOSDAQ,중견기업부,8800,-240,-2.65,8830,9230,8710,8966528,80096350710,714464634400,81189163
20210809,051370,인터플렉스,KOSDAQ,중견기업부,14750,350,2.43,14450,15050,14250,292530,4333842000,344080212000,23327472
20210809,064290,인텍플러스,KOSDAQ,벤처기업부,27350,550,2.05,26900,28200,26700,280587,7706849350,347220885700,12695462
20210809,189300,인텔리안테크,KOSDAQ,우량기업부,58600,-1400,-2.33,59800,60000,58300,47623,2798639500,443094406800,7561338
20210809,150840,인트로메딕,KOSDAQ,기술성장기업부,3625,-195,-5.10,3820,3820,3540,1856528,6770671995,131132660375,36174527
20210809,048530,인트론바이오,KOSDAQ,기술성장기업부,23750,-600,-2.46,24300,24450,23550,203038,4839136250,794997026250,33473559
20210809,175140,인포마크,KOSDAQ,관리종목(소속부없음),7990,160,2.04,7920,7990,7660,21848,170214760,40543561120,5074288
20210809,115310,인포바인,KOSDAQ,벤처기업부,27700,-100,-0.36,27950,27950,27150,38246,1049213250,88442859100,3192883
20210809,039290,인포뱅크,KOSDAQ,중견기업부,12500,0,0.00,12500,13000,12450,189618,2407103100,108674725000,8693978
20210809,071200,인피니트헬스케어,KOSDAQ,중견기업부,8190,-120,-1.44,8310,8410,8160,71314,588219170,199806991020,24396458
20210809,016670,인피니티엔티,KOSDAQ,투자주의환기종목(소속부없음),973,0,0.00,0,0,0,0,0,84222290362,86559394
20210809,101930,인화정공,KOSDAQ,우량기업부,11550,-50,-0.43,11850,11850,11500,14154,164313150,107781192750,9331705
20210809,333430,일승,KOSDAQ,중견기업부,3245,-50,-1.52,3300,3475,3240,274114,915817520,99708294015,30726747
20210809,068330,일신바이오,KOSDAQ,중견기업부,6350,-20,-0.31,6470,6490,6330,1063353,6805411200,280772489000,44216140
20210809,058450,일야,KOSDAQ,관리종목(소속부없음),685,0,0.00,0,0,0,0,0,21741900000,31740000
20210809,019540,일지테크,KOSDAQ,중견기업부,4660,-50,-1.06,4710,4760,4590,110422,514377945,62972910000,13513500
20210809,094820,일진파워,KOSDAQ,우량기업부,9690,-610,-5.92,10200,10250,9580,764676,7504920300,146112690210,15078709
20210809,950140,잉글우드랩,KOSDAQ,외국기업(소속부없음),9280,-20,-0.22,9230,9350,9080,274121,2521763320,184373796480,19867866
20210809,049550,잉크테크,KOSDAQ,벤처기업부,8650,-340,-3.78,9000,9210,8410,214567,1884597130,167757728050,19393957
20210809,254120,자비스,KOSDAQ,기술성장기업부,2540,70,2.83,2470,2580,2450,346047,878207495,56342831180,22182217
20210809,221610,자안바이오,KOSDAQ,중견기업부,4405,-550,-11.10,4830,4935,4400,666451,3020565710,28611047650,6495130
20210809,219550,자안코스메틱,KOSDAQ,중견기업부,5140,-220,-4.10,5360,5400,5120,137327,714329820,41031520040,7982786
20210809,043910,자연과환경,KOSDAQ,중견기업부,2275,-135,-5.60,2385,2385,2250,2789868,6432649890,140377983200,61704608
20210809,234920,자이글,KOSDAQ,벤처기업부,5040,10,0.20,5030,5070,4980,26461,132726835,68195786400,13530910
20210809,289220,자이언트스텝,KOSDAQ,기술성장기업부,87300,-2500,-2.78,89000,91500,87200,391118,34804998200,842948284500,9655765
20210809,174880,장원테크,KOSDAQ,중견기업부,5020,-140,-2.71,5160,5160,5000,363945,1842484810,95930382760,19109638
20210809,049630,재영솔루텍,KOSDAQ,중견기업부,1110,-50,-4.31,1160,1160,1105,1984107,2236969240,81647498550,73556305
20210809,110020,전진바이오팜,KOSDAQ,기술성장기업부,7490,-10,-0.13,7560,7820,7450,10949,82897420,47496853810,6341369
20210809,208140,정다운,KOSDAQ,우량기업부,3715,-20,-0.54,3745,3765,3660,217089,803128365,120848296160,32529824
20210809,022220,정산애강,KOSDAQ,우량기업부,2700,-45,-1.64,2745,2775,2675,281916,764592370,139845363300,51794579
20210809,040420,정상제이엘에스,KOSDAQ,우량기업부,7190,-20,-0.28,7190,7210,7180,27877,200416130,112721598880,15677552
20210809,045510,정원엔시스,KOSDAQ,중견기업부,3100,-200,-6.06,3255,3275,3065,669814,2105634695,99848805200,32209292
20210809,217190,제너셈,KOSDAQ,벤처기업부,9760,230,2.41,9510,9800,9330,50164,483641400,85587138240,8769174
20210809,095700,제넥신,KOSDAQ,기술성장기업부,89600,1500,1.70,88100,95800,86700,1113275,101952324400,2240845107200,25009432
20210809,072520,제넨바이오,KOSDAQ,벤처기업부,1900,-20,-1.04,1920,1960,1870,2566018,4889282530,382326960400,201224716
20210809,122310,제노레이,KOSDAQ,우량기업부,10250,0,0.00,10250,10300,10150,37546,383169800,149176901000,14553844
20210809,361390,제노코,KOSDAQ,기술성장기업부,58100,3100,5.64,55000,58500,53800,224118,12815250600,141888334000,2442140
20210809,187420,제노포커스,KOSDAQ,기술성장기업부,8990,-410,-4.36,9380,9380,8990,125090,1145763710,202266099900,22499010
20210809,225220,제놀루션,KOSDAQ,기술성장기업부,17650,-350,-1.94,18100,18350,17550,192820,3456964150,168860727000,9567180
20210809,123330,제닉,KOSDAQ,벤처기업부,7800,0,0.00,7800,7920,7770,15609,122289380,54600000000,7000000
20210809,159580,제로투세븐,KOSDAQ,중견기업부,11850,-350,-2.87,12200,12250,11700,134877,1603775300,237386736600,20032636
20210809,147830,제룡산업,KOSDAQ,벤처기업부,7760,-140,-1.77,7790,7920,7750,77537,606263580,77600000000,10000000
20210809,033100,제룡전기,KOSDAQ,벤처기업부,6920,-70,-1.00,6990,7110,6900,260887,1825934840,111151870280,16062409
20210809,079370,제우스,KOSDAQ,우량기업부,27750,300,1.09,27450,27850,26900,106551,2933275600,288156000000,10384000
20210809,054950,제이브이엠,KOSDAQ,우량기업부,18750,-100,-0.53,18900,18900,18500,105889,1980631250,226685475000,12089892
20210809,090470,제이스텍,KOSDAQ,중견기업부,7920,50,0.64,7920,8070,7890,16833,133689590,115614639360,14597808
20210809,287410,제이시스메디칼,KOSDAQ,벤처기업부,8900,70,0.79,8780,9210,8730,1846529,16432029730,628646800800,70634472
20210809,137950,제이씨케미칼,KOSDAQ,우량기업부,10750,50,0.47,10650,10850,10550,274496,2925559900,239379000500,22267814
20210809,033320,제이씨현시스템,KOSDAQ,우량기업부,7960,-10,-0.13,7980,8010,7910,85815,683009140,152150878720,19114432
20210809,204270,제이앤티씨,KOSDAQ,우량기업부,9940,-160,-1.58,10150,10150,9920,106934,1066149520,575013752040,57848466
20210809,026040,제이에스티나,KOSDAQ,중견기업부,3210,-240,-6.96,3440,3440,3175,416781,1379611425,52977165900,16503790
20210809,126880,제이엔케이히터,KOSDAQ,벤처기업부,6680,-80,-1.18,6820,6870,6670,109969,740599560,155008752040,23204903
20210809,322510,제이엘케이,KOSDAQ,기술성장기업부,7350,-160,-2.13,7500,7500,7340,61245,451577700,111433269150,15160989
20210809,033050,제이엠아이,KOSDAQ,중견기업부,2440,80,3.39,2260,2455,2260,1196170,2860569315,79493594480,32579342
20210809,094970,제이엠티,KOSDAQ,중견기업부,4690,-80,-1.68,4820,4825,4620,579774,2737882305,78549245600,16748240
20210809,058420,제이웨이,KOSDAQ,투자주의환기종목(소속부없음),2160,0,0.00,0,0,0,0,0,7799412240,3610839
20210809,089790,제이티,KOSDAQ,벤처기업부,9360,120,1.30,9250,9500,8900,512439,4718349500,96553201680,10315513
20210809,052670,제일바이오,KOSDAQ,중견기업부,4005,10,0.25,4285,4320,3990,7710943,32114429310,116661901320,29129064
20210809,199820,제일전기공업,KOSDAQ,벤처기업부,21150,-300,-1.40,21450,21500,21000,36308,769073850,234976500000,11110000
20210809,023440,제일제강,KOSDAQ,중견기업부,3200,-80,-2.44,3280,3280,3190,333206,1073798450,111340787200,34793996
20210809,038010,제일테크노스,KOSDAQ,중견기업부,6360,-350,-5.22,6720,6750,6360,70012,455246310,57240000000,9000000
20210809,276730,제주맥주,KOSDAQ,기술성장기업부,3925,-20,-0.51,3950,3970,3915,562854,2209297215,221293309425,56380461
20210809,080220,제주반도체,KOSDAQ,우량기업부,5980,20,0.34,5970,6250,5910,971133,5896417040,205968141340,34442833
20210809,216080,제테마,KOSDAQ,기술성장기업부,36350,1950,5.67,36200,37350,35300,473084,17305029300,644440389650,17728759
20210809,229000,젠큐릭스,KOSDAQ,기술성장기업부,21350,0,0.00,21350,21700,20850,44784,946232650,139932554300,6554218
20210809,082270,젬백스,KOSDAQ,벤처기업부,20550,100,0.49,20600,21100,20450,249279,5173258350,817850112450,39798059
20210809,064800,젬백스링크,KOSDAQ,벤처기업부,1920,75,4.07,1830,1950,1820,12986346,24982570350,159543849600,83095755
20210809,041590,젬백스지오,KOSDAQ,중견기업부,914,-22,-2.35,936,936,903,261272,240757444,76883228652,84117318
20210809,044060,조광ILI,KOSDAQ,벤처기업부,8990,-20,-0.22,9080,9080,8890,100642,900902240,124519671910,13850909
20210809,034940,조아제약,KOSDAQ,중견기업부,4895,-135,-2.68,4980,5120,4880,2288165,11415048905,151646253165,30979827
20210809,067000,조이시티,KOSDAQ,벤처기업부,11600,-150,-1.28,11650,12050,11500,462864,5452672500,524956805200,45254897
20210809,033340,좋은사람들,KOSDAQ,투자주의환기종목(소속부없음),1055,0,0.00,0,0,0,0,0,52653176320,49908224
20210809,036930,주성엔지니어링,KOSDAQ,우량기업부,15150,-100,-0.66,15200,15400,14850,594604,8983169100,730975561800,48249212
20210809,239340,줌인터넷,KOSDAQ,중견기업부,7030,-320,-4.35,7300,7320,7030,1347957,9616278560,189666827020,26979634
20210809,051980,중앙디앤엠,KOSDAQ,중견기업부,1490,-60,-3.87,1525,1530,1465,616650,918959570,104127989930,69884557
20210809,072020,중앙백신,KOSDAQ,벤처기업부,17550,150,0.86,17750,17800,17350,129258,2269488650,174798000000,9960000
20210809,000440,중앙에너비스,KOSDAQ,중견기업부,15650,-550,-3.40,16100,16200,15550,36816,580311600,97454584500,6227130
20210809,078650,지나인제약,KOSDAQ,중견기업부,1560,-80,-4.88,1620,1640,1555,5279475,8375357725,116666016480,74785908
20210809,228760,지노믹트리,KOSDAQ,기술성장기업부,14250,0,0.00,14250,14250,13950,53101,746546400,284803563750,19986215
20210809,314130,지놈앤컴퍼니,KOSDAQ,기술성장기업부,35450,-550,-1.53,36000,36000,35100,85628,3027997850,476712634250,13447465
20210809,043610,지니뮤직,KOSDAQ,우량기업부,6400,-190,-2.88,6590,6590,6400,404948,2625663560,371938803200,58115438
20210809,263860,지니언스,KOSDAQ,벤처기업부,7590,60,0.80,7530,7590,7460,35690,268915070,71684514000,9444600
20210809,303030,지니틱스,KOSDAQ,벤처기업부,3435,30,0.88,3405,3435,3340,395893,1345393450,122786369580,35745668
20210809,036180,지더블유바이텍,KOSDAQ,중견기업부,3055,-90,-2.86,3115,3180,3010,112109,344600370,90935817375,29766225
20210809,208350,지란지교시큐리티,KOSDAQ,벤처기업부,6720,-150,-2.18,6900,6940,6700,20658,140712410,55819955520,8306541
20210809,114570,지스마트글로벌,KOSDAQ,투자주의환기종목(소속부없음),620,0,0.00,0,0,0,0,0,7030424280,11339394
20210809,051160,지어소프트,KOSDAQ,우량기업부,26800,300,1.13,26200,27150,26100,162888,4364225750,390598074000,14574555
20210809,053050,지에스이,KOSDAQ,우량기업부,2000,-35,-1.72,2035,2050,2000,114881,232326390,59975194000,29987597
20210809,119850,지엔씨에너지,KOSDAQ,우량기업부,5400,-110,-2.00,5520,5520,5390,110230,597369630,88824108600,16448909
20210809,270520,지엔원에너지,KOSDAQ,벤처기업부,4120,0,0.00,4120,4145,4015,164003,666046290,128580700960,31208908
20210809,065060,지엔코,KOSDAQ,중견기업부,1030,-35,-3.29,1065,1085,1030,574843,605792085,100948285320,98008044
20210809,204840,지엘팜텍,KOSDAQ,기술성장기업부,1305,-25,-1.88,1315,1325,1285,344950,449325725,67712331420,51886844
20210809,111820,지유온,KOSDAQ,관리종목(소속부없음),2470,0,0.00,0,0,0,0,0,72867415660,29500978
20210809,115450,지트리비앤티,KOSDAQ,중견기업부,10150,-250,-2.40,10350,10500,10050,227491,2312062200,274943392850,27088019
20210809,219750,지티지웰니스,KOSDAQ,벤처기업부,3780,-130,-3.32,3910,3910,3775,126521,482255550,65705063760,17382292
20210809,018120,진로발효,KOSDAQ,우량기업부,31700,-50,-0.16,31650,31750,31450,1335,42169750,209889504000,6621120
20210809,109820,진매트릭스,KOSDAQ,기술성장기업부,11950,-450,-3.63,12450,12450,11950,200461,2430139600,243703998000,20393640
20210809,086060,진바이오텍,KOSDAQ,중견기업부,6450,-70,-1.07,6560,6800,6440,95209,626958820,55538286150,8610587
20210809,036890,진성티이씨,KOSDAQ,우량기업부,12800,0,0.00,12800,12900,12550,254700,3245216000,287773030400,22482268
20210809,363250,진시스템,KOSDAQ,기술성장기업부,16000,-400,-2.44,16600,16600,15850,119469,1910916800,108977280000,6811080
20210809,007370,진양제약,KOSDAQ,중견기업부,7180,0,0.00,7090,7420,7040,653324,4724198640,86160000000,12000000
20210809,085660,차바이오텍,KOSDAQ,중견기업부,26500,-1000,-3.64,27150,27250,26350,768043,20496203650,1489572658500,56210289
20210809,094850,참좋은여행,KOSDAQ,중견기업부,14800,-250,-1.66,14900,15000,14600,141780,2104067100,207200000000,14000000
20210809,004650,창해에탄올,KOSDAQ,우량기업부,14000,50,0.36,13900,14000,13800,27094,376983450,128672390000,9190885
20210809,311690,천랩,KOSDAQ,기술성장기업부,48200,-1300,-2.63,49650,50000,47900,89540,4330523450,188454673600,3909848
20210809,278280,천보,KOSDAQ,우량기업부,241600,7600,3.25,235100,249800,232500,288120,70167180100,2416000000000,10000000
20210809,096240,청담러닝,KOSDAQ,우량기업부,33900,0,0.00,33950,34700,33750,97747,3334142750,253362701400,7473826
20210809,066360,체리부로,KOSDAQ,중견기업부,2015,-60,-2.89,2070,2075,1995,200826,406595075,56162833610,27872374
20210809,047820,초록뱀미디어,KOSDAQ,중견기업부,2555,-5,-0.20,2560,2595,2550,2934221,7537706850,419400528925,164148935
20210809,052300,초록뱀컴퍼니,KOSDAQ,중견기업부,1630,-25,-1.51,1655,1655,1610,237212,385912420,112777690210,69188767
20210809,094360,칩스앤미디어,KOSDAQ,벤처기업부,17000,1200,7.59,15900,18200,15650,3526309,60078518150,163885355000,9640315
20210809,016920,카스,KOSDAQ,중견기업부,5160,-320,-5.84,5500,5530,5160,735536,3895384430,123554641680,23944698
20210809,284620,카이노스메드,KOSDAQ,기술성장기업부,3095,-85,-2.67,3170,3200,3050,395373,1226081195,326082186730,105357734
20210809,293490,카카오게임즈,KOSDAQ,우량기업부,82600,500,0.61,82500,85000,82100,2070554,172738834800,6168074878000,74674030
20210809,042000,카페24,KOSDAQ,기술성장기업부,49700,4900,10.94,51500,56600,47550,8359417,424261019050,936086230100,18834733
20210809,317530,캐리소프트,KOSDAQ,기술성장기업부,15650,-800,-4.86,16300,16400,15550,168607,2677543400,107988067400,6900196
20210809,071850,캐스텍코리아,KOSDAQ,중견기업부,4825,30,0.63,4860,5160,4720,912020,4449198815,79946332100,16569188
20210809,180400,캔서롭,KOSDAQ,관리종목(소속부없음),7740,0,0.00,0,0,0,0,0,178624199880,23078062
20210809,050110,캠시스,KOSDAQ,벤처기업부,2140,-15,-0.70,2150,2155,2125,212839,455162770,155432815980,72632157
20210809,900310,컬러레이,KOSDAQ,외국기업(소속부없음),1895,-25,-1.30,1925,1925,1895,135060,256700860,102330000000,54000000
20210809,078340,컴투스,KOSDAQ,우량기업부,115600,300,0.26,115300,116100,113400,78481,8996506100,1487358152000,12866420
20210809,307930,컴퍼니케이,KOSDAQ,중견기업부,8950,-20,-0.22,9010,9020,8900,25319,226791860,139709500000,15610000
20210809,263700,케어랩스,KOSDAQ,중견기업부,9720,-110,-1.12,9850,9870,9680,153178,1489879750,167534231040,17236032
20210809,214370,케어젠,KOSDAQ,중견기업부,72300,-1100,-1.50,73500,73500,70800,39496,2843896300,776718900000,10743000
20210809,221980,케이디켐,KOSDAQ,중견기업부,16950,200,1.19,16750,17050,16750,5732,96734700,68389860000,4034800
20210809,317030,케이비17호스팩,KOSDAQ,SPAC(소속부없음),2200,0,0.00,2215,2215,2180,30691,67371875,12014200000,5461000
20210809,323940,케이비제18호스팩,KOSDAQ,SPAC(소속부없음),2210,5,0.23,2210,2210,2190,11026,24265380,17286620000,7822000
20210809,330990,케이비제19호스팩,KOSDAQ,SPAC(소속부없음),2260,0,0.00,2280,2280,2245,2031,4584410,9720260000,4301000
20210809,342550,케이비제20호스팩,KOSDAQ,SPAC(소속부없음),2235,0,0.00,2235,2245,2215,20306,45156395,14529735000,6501000
20210809,192250,케이사인,KOSDAQ,벤처기업부,2950,-130,-4.22,3095,3135,2950,6445015,19495672405,208480208150,70671257
20210809,115500,케이씨에스,KOSDAQ,중견기업부,7970,-130,-1.60,8090,8090,7960,49376,394710520,95640000000,12000000
20210809,089150,케이씨티,KOSDAQ,중견기업부,8210,-310,-3.64,8420,8500,8190,160141,1330703970,140801500000,17150000
20210809,025880,케이씨피드,KOSDAQ,중견기업부,3305,-100,-2.94,3405,3410,3270,205057,684757710,55245910690,16715858
20210809,093320,케이아이엔엑스,KOSDAQ,우량기업부,62000,-1500,-2.36,63800,63800,62000,11786,736514500,302560000000,4880000
20210809,073010,케이에스피,KOSDAQ,벤처기업부,2185,-55,-2.46,2235,2235,2155,117781,257489480,79080081545,36192257
20210809,105330,케이엔더블유,KOSDAQ,벤처기업부,9370,0,0.00,9310,9410,9290,11747,109566210,113708529340,12135382
20210809,272110,케이엔제이,KOSDAQ,중견기업부,17000,100,0.59,17000,17050,16550,33771,567525800,125509436000,7382908
20210809,039420,케이엘넷,KOSDAQ,중견기업부,4640,-125,-2.62,4765,4765,4630,246035,1151525585,112077947200,24154730
20210809,083550,케이엠,KOSDAQ,우량기업부,10100,50,0.50,10050,10150,9970,52800,529815620,108626651400,10755114
20210809,032500,케이엠더블유,KOSDAQ,우량기업부,53000,-200,-0.38,53300,53500,52300,149695,7898167700,2110506799000,39820883
20210809,225430,케이엠제약,KOSDAQ,중견기업부,2835,-15,-0.53,2850,2880,2830,212690,604885385,79059786750,27887050
20210809,036030,케이티알파,KOSDAQ,중견기업부,9810,-160,-1.60,10050,10050,9800,123570,1216545840,480879166230,49019283
20210809,064820,케이프,KOSDAQ,벤처기업부,4770,-30,-0.63,4765,4810,4750,47394,226442450,147401242560,30901728
20210809,347140,케이프이에스제4호,KOSDAQ,SPAC(소속부없음),2340,0,0.00,2340,2395,2310,65652,154228720,7041060000,3009000
20210809,256940,케이피에스,KOSDAQ,벤처기업부,16150,-200,-1.22,16350,16500,16100,32887,536974100,289072935950,17899253
20210809,024880,케이피에프,KOSDAQ,우량기업부,4820,-65,-1.33,4840,4885,4800,32552,157619155,85401965000,17718250
20210809,042040,케이피엠테크,KOSDAQ,중견기업부,3190,-160,-4.78,3300,3345,3190,5421235,17659790865,447482985620,140276798
20210809,054410,케이피티유,KOSDAQ,벤처기업부,8670,-20,-0.23,8690,8800,8660,30722,267622010,43870200000,5060000
20210809,274090,켄코아에어로스페이스,KOSDAQ,기술성장기업부,16700,-300,-1.76,17100,17100,16350,154643,2573562150,196794269600,11784088
20210809,217600,켐온,KOSDAQ,중견기업부,3955,-150,-3.65,4025,4030,3955,1349435,5370309435,252571599700,63861340
20210809,089010,켐트로닉스,KOSDAQ,우량기업부,25400,1000,4.10,24900,25750,24800,510960,12944325250,377397187800,14858157
20210809,220260,켐트로스,KOSDAQ,벤처기업부,9560,1010,11.81,8440,10650,8370,34431514,331224731880,253897414920,26558307
20210809,052400,코나아이,KOSDAQ,중견기업부,43000,-1000,-2.27,44000,44200,43000,52717,2282259100,669042074000,15559118
20210809,033110,코너스톤네트웍스,KOSDAQ,관리종목(소속부없음),204,0,0.00,0,0,0,0,0,26473567764,129772391
20210809,046070,코다코,KOSDAQ,관리종목(소속부없음),1355,5,0.37,1365,1365,1335,57670,77591345,52932066880,39064256
20210809,047770,코데즈컴바인,KOSDAQ,중견기업부,2960,75,2.60,3270,3280,2915,10262766,32112716950,112014101920,37842602
20210809,078940,코드네이처,KOSDAQ,중견기업부,2600,150,6.12,2460,2745,2460,1452250,3766655925,83224817000,32009545
20210809,080530,코디,KOSDAQ,중견기업부,2215,5,0.23,2210,2245,2160,617923,1362133895,62665225070,28291298
20210809,224060,코디엠,KOSDAQ,중견기업부,297,-10,-3.26,305,305,297,7529612,2254357353,81306746136,273760088
20210809,104540,코렌텍,KOSDAQ,기술성장기업부,16550,-200,-1.19,16900,16900,16300,34253,566200200,192754242100,11646782
20210809,027050,코리아나,KOSDAQ,중견기업부,4780,-75,-1.54,4860,4870,4760,98813,473889055,191200000000,40000000
20210809,290510,코리아센터,KOSDAQ,우량기업부,8810,440,5.26,8380,8970,8380,4454206,39273527650,671327611970,76200637
20210809,190650,코리아에셋투자증권,KOSDAQ,중견기업부,16250,-350,-2.11,16450,16900,16250,283036,4675449100,103805000000,6388000
20210809,101670,코리아에스이,KOSDAQ,벤처기업부,2085,-65,-3.02,2120,2140,2050,189635,398173255,39406500000,18900000
20210809,123410,코리아에프티,KOSDAQ,우량기업부,4125,75,1.85,4060,4250,4010,703904,2905894475,114844389000,27841064
20210809,036690,코맥스,KOSDAQ,우량기업부,8610,-90,-1.03,8650,8780,8610,131196,1137555520,131623919910,15287331
20210809,049430,코메론,KOSDAQ,우량기업부,14100,-500,-3.42,14600,14650,13900,58375,825588750,127576800000,9048000
20210809,183300,코미코,KOSDAQ,우량기업부,71800,3700,5.43,68100,72700,67800,188567,13455103000,719468094600,10020447
20210809,041960,코미팜,KOSDAQ,벤처기업부,11550,-250,-2.12,12000,12000,11500,258318,3012526300,741346867800,64185876
20210809,089890,코세스,KOSDAQ,우량기업부,16100,50,0.31,16050,16600,15550,4815140,77463105800,267017888200,16584962
20210809,009730,코센,KOSDAQ,관리종목(소속부없음),905,0,0.00,0,0,0,0,0,26398999325,29170165
20210809,082660,코스나인,KOSDAQ,투자주의환기종목(소속부없음),1350,-70,-4.93,1410,1420,1340,719297,984121240,50878509750,37687785
20210809,222040,코스맥스엔비티,KOSDAQ,중견기업부,10250,-250,-2.38,10500,10600,10100,174710,1788248200,211437000000,20628000
20210809,241710,코스메카코리아,KOSDAQ,우량기업부,15850,100,0.63,15750,16000,15650,29836,471369100,169278000000,10680000
20210809,069110,코스온,KOSDAQ,투자주의환기종목(소속부없음),2630,0,0.00,0,0,0,0,0,62963935800,23940660
20210809,166480,코아스템,KOSDAQ,기술성장기업부,23750,3200,15.57,20500,24200,20200,1331340,30231916800,373374225000,15721020
20210809,045970,코아시아,KOSDAQ,중견기업부,10600,300,2.91,10250,10650,10200,410299,4297671750,278937685600,26314876
20210809,196450,코아시아옵틱스,KOSDAQ,중견기업부,3065,5,0.16,3055,3095,3010,254510,774124280,126377998690,41232626
20210809,029960,코엔텍,KOSDAQ,우량기업부,9180,-80,-0.86,9260,9260,9160,234056,2150923010,459000000000,50000000
20210809,102940,코오롱생명과학,KOSDAQ,관리종목(소속부없음),31550,-950,-2.92,32100,32500,31300,66991,2118693300,360059831800,11412356
20210809,950160,코오롱티슈진,KOSDAQ,투자주의환기종목(소속부없음),8010,0,0.00,0,0,0,0,0,489551575500,61117550
20210809,033290,코웰패션,KOSDAQ,우량기업부,7510,-210,-2.72,7670,7680,7500,677746,5139150430,664636757340,88500234
20210809,056360,코위버,KOSDAQ,우량기업부,9590,90,0.95,9550,9610,9430,217114,2071809920,93951312000,9796800
20210809,282880,코윈테크,KOSDAQ,우량기업부,23350,500,2.19,22900,23450,22800,81834,1900623500,221242370800,9475048
20210809,121850,코이즈,KOSDAQ,벤처기업부,2940,-50,-1.67,2995,3080,2920,201051,603077680,45567865560,15499274
20210809,015710,코콤,KOSDAQ,우량기업부,8290,30,0.36,8260,8400,8240,29808,246824520,145327845000,17530500
20210809,052330,코텍,KOSDAQ,우량기업부,10800,100,0.93,10700,11000,10600,35726,384924250,168205161600,15574552
20210809,322780,코퍼스코리아,KOSDAQ,벤처기업부,3460,-60,-1.70,3525,3530,3390,298239,1030352925,123714632040,35755674
20210809,126600,코프라,KOSDAQ,우량기업부,7210,410,6.03,6800,7430,6720,2673769,19031093990,152243721140,21115634
20210809,200130,콜마비앤에이치,KOSDAQ,우량기업부,47950,-350,-0.72,48200,48250,47800,130362,6246238000,1416613606100,29543558
20210809,294570,쿠콘,KOSDAQ,벤처기업부,79000,500,0.64,78800,80800,78000,82589,6569622600,638088609000,8077071
20210809,317690,퀀타매트릭스,KOSDAQ,기술성장기업부,17850,-1200,-6.30,18850,18850,17650,1298698,23504525100,265478123400,14872724
20210809,365270,큐라클,KOSDAQ,기술성장기업부,54200,9400,20.98,44350,57000,42600,8397911,427267825900,723893465600,13355968
20210809,060280,큐렉소,KOSDAQ,중견기업부,9480,-190,-1.96,9660,9680,9450,71534,680085930,316986713160,33437417
20210809,040350,큐로컴,KOSDAQ,벤처기업부,1600,-70,-4.19,1670,1670,1600,906024,1464000715,201557555200,125973472
20210809,051780,큐로홀딩스,KOSDAQ,중견기업부,648,-24,-3.57,672,672,648,474772,312203357,78149315160,120600795
20210809,115180,큐리언트,KOSDAQ,관리종목(소속부없음),30300,0,0.00,0,0,0,0,0,269168898600,8883462
20210809,043090,큐브앤컴퍼니,KOSDAQ,투자주의환기종목(소속부없음),2690,0,0.00,2730,2750,2655,238018,640273070,94572459120,35157048
20210809,182360,큐브엔터,KOSDAQ,중견기업부,15350,-400,-2.54,15550,16000,15000,179779,2769513550,105972823450,6903767
20210809,066310,큐에스아이,KOSDAQ,벤처기업부,16800,-200,-1.18,17050,17050,16750,21055,354677550,139074264000,8278230
20210809,016600,큐캐피탈,KOSDAQ,벤처기업부,642,-4,-0.62,646,654,642,638883,413981750,109647698094,170790807
20210809,043590,크로바하이텍,KOSDAQ,투자주의환기종목(소속부없음),2485,0,0.00,0,0,0,0,0,73965137855,29764643
20210809,114120,크루셜텍,KOSDAQ,관리종목(소속부없음),1380,5,0.36,1410,1410,1355,89955,123514485,28926614700,20961315
20210809,110790,크리스에프앤씨,KOSDAQ,우량기업부,41600,550,1.34,41050,42700,39800,74330,3087436750,487363968000,11715480
20210809,900250,크리스탈신소재,KOSDAQ,외국기업(소속부없음),1490,-15,-1.00,1505,1510,1480,144408,214883785,100997939480,67783852
20210809,083790,크리스탈지노믹스,KOSDAQ,기술성장기업부,8330,430,5.44,7880,8350,7820,1923402,15694593600,576823228380,69246486
20210809,045520,크린앤사이언스,KOSDAQ,우량기업부,22950,-50,-0.22,23000,23100,22750,15278,349378650,149175000000,6500000
20210809,036170,클라우드에어,KOSDAQ,중견기업부,1960,-65,-3.21,2010,2015,1945,1375600,2721642145,109823294280,56032293
20210809,214150,클래시스,KOSDAQ,우량기업부,23950,-300,-1.24,24250,24350,23600,511983,12181678800,1549968892800,64716864
20210809,352770,클리노믹스,KOSDAQ,기술성장기업부,13750,-550,-3.85,14300,14300,13600,153743,2129434650,183083188750,13315141
20210809,237880,클리오,KOSDAQ,우량기업부,22050,0,0.00,22150,22350,21850,123341,2730126250,383515914600,17393012
20210809,139670,키네마스터,KOSDAQ,벤처기업부,24350,-500,-2.01,24850,25250,24300,321579,7940962250,329852575450,13546307
20210809,054780,키이스트,KOSDAQ,중견기업부,15850,-800,-4.80,16400,16400,15600,816844,13060678950,281148251000,17738060
20210809,219130,타이거일렉,KOSDAQ,중견기업부,15200,200,1.33,15100,15550,14900,51485,786511000,95977208000,6314290
20210809,065130,탑엔지니어링,KOSDAQ,우량기업부,8730,10,0.11,8720,8780,8660,34588,301838650,139472723610,15976257
20210809,023160,태광,KOSDAQ,우량기업부,12900,150,1.18,13000,13000,12600,248843,3195978800,341850000000,26500000
20210809,053620,태양,KOSDAQ,우량기업부,10850,0,0.00,10850,10950,10750,6133,66505650,93310000000,8600000
20210809,044490,태웅,KOSDAQ,관리종목(소속부없음),12500,0,0.00,0,0,0,0,0,250092262500,20007381
20210809,124560,태웅로직스,KOSDAQ,우량기업부,9630,90,0.94,9510,9650,9420,194880,1854395720,188139306960,19536792
20210809,191420,테고사이언스,KOSDAQ,벤처기업부,28400,-550,-1.90,28800,28850,28150,28648,812448850,230290885600,8108834
20210809,073640,테라사이언스,KOSDAQ,중견기업부,2040,30,1.49,2000,2070,1985,348962,710170450,145153072680,71153467
20210809,182690,테라셈,KOSDAQ,투자주의환기종목(소속부없음),1440,0,0.00,0,0,0,0,0,30474933120,21163148
20210809,066700,테라젠이텍스,KOSDAQ,우량기업부,8200,0,0.00,8210,8280,8160,137700,1129629360,266290367000,32474435
20210809,095610,테스,KOSDAQ,우량기업부,32250,250,0.78,32000,32300,31600,492941,15728297550,637525288500,19768226
20210809,131970,테스나,KOSDAQ,우량기업부,55800,700,1.27,54600,56000,54000,283005,15639595100,823584396600,14759577
20210809,089030,테크윙,KOSDAQ,우량기업부,28650,450,1.60,28450,29400,28250,567868,16288965550,555476743200,19388368
20210809,054450,텔레칩스,KOSDAQ,벤처기업부,19100,-400,-2.05,19800,19950,19000,1121656,21972244400,257962900100,13505911
20210809,091440,텔레필드,KOSDAQ,벤처기업부,4110,0,0.00,4165,4165,4070,77161,317155120,37712846250,9175875
20210809,200230,텔콘RF제약,KOSDAQ,중견기업부,5020,-140,-2.71,5110,5110,4990,645692,3244784235,439295240240,87509012
20210809,215480,토박스코리아,KOSDAQ,중견기업부,1665,-25,-1.48,1690,1690,1660,503806,840745590,80044523685,48074789
20210809,051360,토비스,KOSDAQ,우량기업부,7810,-120,-1.51,7930,7930,7790,115560,904997890,130560222980,16717058
20210809,045340,토탈소프트,KOSDAQ,벤처기업부,13800,-350,-2.47,14100,14100,13500,133856,1850112950,118100952000,8558040
20210809,108230,톱텍,KOSDAQ,우량기업부,11150,-150,-1.33,11300,11300,11150,147961,1655742500,423959181750,38023245
20210809,079970,투비소프트,KOSDAQ,벤처기업부,2550,-30,-1.16,2585,2585,2500,270327,684227315,95663586600,37515132
20210809,105550,트루윈,KOSDAQ,벤처기업부,7920,60,0.76,7860,7990,7760,133809,1050232200,154242847440,19475107
20210809,026150,특수건설,KOSDAQ,중견기업부,13450,-300,-2.18,13750,13850,13300,364441,4946114750,210166014700,15625726
20210809,322180,티라유텍,KOSDAQ,벤처기업부,14000,-100,-0.71,14100,14100,13850,13272,184944000,76457500000,5461250
20210809,117730,티로보틱스,KOSDAQ,벤처기업부,9100,130,1.45,8910,9270,8910,371334,3398405590,126008273300,13847063
20210809,033830,티비씨,KOSDAQ,중견기업부,1360,-40,-2.86,1390,1395,1350,1042552,1422290000,136000000000,100000000
20210809,057680,티사이언티픽,KOSDAQ,벤처기업부,3530,35,1.00,3495,3555,3450,153718,538698370,165924886010,47004217
20210809,064760,티씨케이,KOSDAQ,우량기업부,188600,-2100,-1.10,190700,190700,186400,21141,3983298900,2201905000000,11675000
20210809,246710,티앤알바이오팹,KOSDAQ,기술성장기업부,68900,-3000,-4.17,72400,75600,68400,217130,15466687300,583719077500,8471975
20210809,340570,티앤엘,KOSDAQ,벤처기업부,46700,200,0.43,47450,48200,45000,370257,17151613500,379577600000,8128000
20210809,277880,티에스아이,KOSDAQ,기술성장기업부,9230,-130,-1.39,9370,9450,9220,50451,468218680,171070942900,18534230
20210809,131290,티에스이,KOSDAQ,우량기업부,80300,3100,4.02,77300,80300,75600,79327,6255958800,888232748700,11061429
20210809,356860,티엘비,KOSDAQ,중견기업부,50500,-500,-0.98,51000,52300,50200,206658,10541808600,248273907500,4916315
20210809,062860,티엘아이,KOSDAQ,투자주의환기종목(소속부없음),7660,-80,-1.03,7740,7890,7600,11382,86880310,75625035200,9872720
20210809,321550,티움바이오,KOSDAQ,기술성장기업부,21800,-150,-0.68,21800,22150,21550,99847,2184704300,519317986800,23821926
20210809,104480,티케이케미칼,KOSDAQ,우량기업부,6850,-180,-2.56,7010,7020,6620,2914734,19721463250,622633722900,90895434
20210809,081150,티플랙스,KOSDAQ,중견기업부,4280,-55,-1.27,4315,4335,4260,251989,1079405880,103868760560,24268402
20210809,130740,티피씨글로벌,KOSDAQ,중견기업부,4700,-80,-1.67,4735,4775,4685,95170,448633300,53000391300,11276679
20210809,084730,팅크웨어,KOSDAQ,우량기업부,16950,800,4.95,16300,17000,16050,283580,4752001350,176715309900,10425682
20210809,046210,파나진,KOSDAQ,벤처기업부,5640,-70,-1.23,5690,5700,5600,60013,338402750,181250762400,32136660
20210809,034230,파라다이스,KOSDAQ,중견기업부,16750,-100,-0.59,16750,16800,16600,408615,6820398300,1523289756000,90942672
20210809,033540,파라텍,KOSDAQ,중견기업부,3255,-15,-0.46,3275,3320,3240,336419,1100001445,138204777375,42459225
20210809,043200,파루,KOSDAQ,관리종목(소속부없음),1230,-40,-3.15,1290,1305,1220,425041,536360915,47706099810,38785447
20210809,214450,파마리서치,KOSDAQ,우량기업부,90000,300,0.33,89700,90500,88100,55865,4979164600,910073700000,10111930
20210809,208340,파멥신,KOSDAQ,기술성장기업부,10600,0,0.00,10600,10700,10350,85876,899512300,150976107400,14243029
20210809,177830,파버나인,KOSDAQ,벤처기업부,6290,-160,-2.48,6440,6550,6260,217516,1379564070,89309848160,14198704
20210809,037070,파세코,KOSDAQ,우량기업부,19200,-1300,-6.34,20250,20300,19200,394163,7649424500,268800000000,14000000
20210809,150900,파수,KOSDAQ,벤처기업부,7270,-40,-0.55,7340,7340,7170,20265,146412230,81082986110,11153093
20210809,037030,파워넷,KOSDAQ,우량기업부,5510,-120,-2.13,5630,5630,5500,80150,444084380,90918823940,16500694
20210809,047310,파워로직스,KOSDAQ,우량기업부,9080,280,3.18,8800,9100,8690,885803,7938232650,312542516560,34420982
20210809,170790,파이오링크,KOSDAQ,벤처기업부,16350,-200,-1.21,16500,16850,16350,70947,1172660950,112100995500,6856330
20210809,049120,파인디앤씨,KOSDAQ,중견기업부,2605,50,1.96,2695,2695,2585,94220,246719705,68667654120,26359944
20210809,038950,파인디지털,KOSDAQ,벤처기업부,7760,110,1.44,7650,7800,7570,51529,396480310,79235536400,10210765
20210809,106240,파인테크닉스,KOSDAQ,벤처기업부,9760,620,6.78,9200,9920,9100,4386957,42400301720,441077521440,45192369
20210809,131760,파인텍,KOSDAQ,중견기업부,2040,5,0.25,2115,2265,2040,41295486,88474731170,87570657720,42926793
20210809,065690,파커스,KOSDAQ,중견기업부,3765,-25,-0.66,3790,3855,3750,44061,167433275,52895731215,14049331
20210809,140860,파크시스템스,KOSDAQ,기술성장기업부,128600,-600,-0.46,128100,129700,125800,43354,5499190800,859903833000,6686655
20210809,091700,파트론,KOSDAQ,우량기업부,10700,150,1.42,10600,10700,10500,622282,6615961300,579473587000,54156410
20210809,038160,팍스넷,KOSDAQ,관리종목(소속부없음),862,0,0.00,0,0,0,0,0,10551204112,12240376
20210809,032800,판타지오,KOSDAQ,중견기업부,118,-2,-1.67,120,121,118,7600866,902385159,76323421880,646808660
20210809,318010,팜스빌,KOSDAQ,벤처기업부,11300,-50,-0.44,11350,11350,11150,33139,371950500,89601519400,7929338
20210809,027710,팜스토리,KOSDAQ,우량기업부,2650,-20,-0.75,2685,2870,2650,31282135,86878144710,295253990000,111416600
20210809,225590,패션플랫폼,KOSDAQ,중견기업부,1710,-20,-1.16,1735,1745,1710,125601,216442630,45548779230,26636713
20210809,054300,팬스타엔터프라이즈,KOSDAQ,벤처기업부,1125,20,1.81,1095,1145,1090,3240665,3624785610,60508722375,53785531
20210809,068050,팬엔터테인먼트,KOSDAQ,벤처기업부,6200,-250,-3.88,6390,6390,6150,508243,3171650810,168937488400,27247982
20210809,222110,팬젠,KOSDAQ,기술성장기업부,9390,20,0.21,9310,9450,9150,32731,302452090,100186886700,10669530
20210809,263750,펄어비스,KOSDAQ,우량기업부,70200,-1300,-1.82,70900,70900,69000,371893,25924366700,4648749300000,66221500
20210809,251970,펌텍코리아,KOSDAQ,우량기업부,27150,1200,4.62,26550,27600,25800,238585,6431847150,336660000000,12400000
20210809,087010,펩트론,KOSDAQ,기술성장기업부,11550,-300,-2.53,11800,11950,11500,138271,1604912500,238240152150,20626853
20210809,119500,포메탈,KOSDAQ,중견기업부,4955,-135,-2.65,5090,5120,4940,218307,1091866765,58703034560,11847232
20210809,022100,포스코 ICT,KOSDAQ,우량기업부,8050,-100,-1.23,8150,8150,8020,546242,4399373840,1223879568450,152034729
20210809,009520,포스코엠텍,KOSDAQ,우량기업부,8950,160,1.82,8790,9070,8670,1662759,14868606060,372702191850,41642703
20210809,189690,포시에스,KOSDAQ,벤처기업부,8720,-190,-2.13,8910,8970,8680,29826,261360460,75634149520,8673641
20210809,318020,포인트모바일,KOSDAQ,벤처기업부,28700,-1050,-3.53,29900,30900,28200,597368,17512224850,363407206400,12662272
20210809,256630,포인트엔지니어링,KOSDAQ,우량기업부,3780,-10,-0.26,3830,3830,3750,125529,472438690,217281759660,57481947
20210809,141020,포티스,KOSDAQ,투자주의환기종목(소속부없음),108,0,0.00,0,0,0,0,0,18839533608,174440126
20210809,041020,폴라리스오피스,KOSDAQ,벤처기업부,1880,-35,-1.83,1915,1930,1865,299539,565137285,72260332360,38436347
20210809,114630,폴라리스우노,KOSDAQ,중견기업부,5360,-170,-3.07,5500,5510,5360,68016,370027900,72756452400,13573965
20210809,123010,폴라리스웍스,KOSDAQ,기술성장기업부,1870,-20,-1.06,1915,1915,1870,226444,428174750,96357709690,51528187
20210809,290720,푸드나무,KOSDAQ,우량기업부,36650,-1250,-3.30,37900,37900,36450,36739,1366098700,249441146100,6806034
20210809,005670,푸드웰,KOSDAQ,우량기업부,9010,-140,-1.53,9150,9180,8950,48885,441602320,90100000000,10000000
20210809,094940,푸른기술,KOSDAQ,벤처기업부,14000,-400,-2.78,14400,14700,13900,361683,5146059900,117059404000,8361386
20210809,007330,푸른저축은행,KOSDAQ,우량기업부,13900,-250,-1.77,14300,14300,13550,52257,725979400,209650920000,15082800
20210809,093380,풍강,KOSDAQ,중견기업부,5010,-190,-3.65,5200,5240,5010,124907,639052890,49495358130,9879313
20210809,023900,풍국주정,KOSDAQ,중견기업부,19100,0,0.00,19100,19150,19000,21188,403606500,240660000000,12600000
20210809,214270,퓨쳐스트림네트웍스,KOSDAQ,중견기업부,1175,-10,-0.84,1200,1200,1170,854169,1008493320,153418049775,130568553
20210809,220100,퓨쳐켐,KOSDAQ,기술성장기업부,18400,250,1.38,18150,18900,17800,413241,7607678950,251085866400,13645971
20210809,035200,프럼파스트,KOSDAQ,벤처기업부,8540,-180,-2.06,8690,8720,8500,129714,1111503980,83099238600,9730590
20210809,334970,프레스티지바이오로직스,KOSDAQ,기술성장기업부,15150,-150,-0.98,15250,15600,14950,456773,6961468950,715176793350,47206389
20210809,203690,프로스테믹스,KOSDAQ,벤처기업부,3455,-90,-2.54,3545,3550,3415,184181,638917600,158090255340,45756948
20210809,053610,프로텍,KOSDAQ,우량기업부,27800,500,1.83,27300,28000,26900,90174,2494040400,305800000000,11000000
20210809,335810,프리시젼바이오,KOSDAQ,기술성장기업부,16150,-700,-4.15,16850,17050,16050,91124,1494280800,182802819000,11319060
20210809,053160,프리엠스,KOSDAQ,중견기업부,20300,-800,-3.79,21350,21350,20250,56212,1155307800,121800000000,6000000
20210809,075130,플랜티넷,KOSDAQ,벤처기업부,10700,-350,-3.17,11050,11150,10350,179879,1906674200,95872000000,8960000
20210809,237820,플레이디,KOSDAQ,중견기업부,10000,0,0.00,9970,10100,9870,25276,252149700,128271400000,12827140
20210809,023770,플레이위드,KOSDAQ,벤처기업부,11250,-200,-1.75,11450,11500,11200,63064,712174450,97914701250,8703529
20210809,300080,플리토,KOSDAQ,기술성장기업부,20850,-550,-2.57,21600,21600,20800,33657,705277650,108624559350,5209811
20210809,032580,피델릭스,KOSDAQ,벤처기업부,1545,-25,-1.59,1570,1580,1525,207292,319677675,51189038880,33132064
20210809,051380,피씨디렉트,KOSDAQ,중견기업부,12600,50,0.40,12400,12600,12350,25047,312801850,96623553600,7668536
20210809,241820,피씨엘,KOSDAQ,기술성장기업부,49500,0,0.00,49050,50100,48450,47959,2365910850,499425151500,10089397
20210809,237750,피앤씨테크,KOSDAQ,중견기업부,9120,-200,-2.15,9320,9380,9110,55598,511165190,59248992000,6496600
20210809,024850,피에스엠씨,KOSDAQ,중견기업부,1655,5,0.30,1670,1670,1620,253902,415349610,67149351030,40573626
20210809,319660,피에스케이,KOSDAQ,중견기업부,47250,500,1.07,46750,47800,45950,249992,11735460150,697647195000,14765020
20210809,031980,피에스케이홀딩스,KOSDAQ,중견기업부,14150,500,3.66,13700,14300,13150,320273,4473499300,305107889250,21562395
20210809,002230,피에스텍,KOSDAQ,중견기업부,5590,-40,-0.71,5630,5660,5570,25241,141346600,109951068370,19669243
20210809,057880,피에이치씨,KOSDAQ,중견기업부,2450,0,0.00,2465,2470,2330,4144863,9966157025,197978068750,80807375
20210809,043370,피에이치에이,KOSDAQ,우량기업부,11100,150,1.37,10950,11150,10850,62575,689597000,233100000000,21000000
20210809,239890,피엔에이치테크,KOSDAQ,기술성장기업부,40250,-550,-1.35,41100,41100,39850,23169,934226950,181769644000,4516016
20210809,347740,피엔케이피부임상연구센타,KOSDAQ,벤처기업부,25600,-550,-2.10,26150,26150,25250,75610,1937422450,192067686400,7502644
20210809,137400,피엔티,KOSDAQ,우량기업부,28800,700,2.49,28050,29400,27800,679571,19678950550,654946502400,22741198
20210809,128660,피제이메탈,KOSDAQ,중견기업부,3985,-65,-1.60,4030,4060,3965,172991,691530995,98841425465,24803369
20210809,006140,피제이전자,KOSDAQ,우량기업부,12400,-500,-3.88,13400,13400,12250,58964,744974400,186000000000,15000000
20210809,304840,피플바이오,KOSDAQ,기술성장기업부,23400,-750,-3.11,24250,24250,23400,195429,4610172550,263131596000,11244940
20210809,062970,피피아이,KOSDAQ,벤처기업부,6350,-330,-4.94,6720,6780,6350,217828,1423867440,59106974750,9308185
20210809,087600,픽셀플러스,KOSDAQ,중견기업부,8550,0,0.00,8550,8640,8450,26718,227145850,69824070900,8166558
20210809,161580,필옵틱스,KOSDAQ,중견기업부,12150,500,4.29,11650,12150,11450,206239,2454066450,251268135750,20680505
20210809,347770,핌스,KOSDAQ,벤처기업부,28300,1400,5.20,26900,29150,26650,204384,5749168750,212472749300,7507871
20210809,163730,핑거,KOSDAQ,벤처기업부,23300,-400,-1.69,23500,24100,22850,354169,8244723800,215269026200,9239014
20210809,332710,하나금융14호스팩,KOSDAQ,SPAC(소속부없음),2260,-35,-1.53,2300,2300,2260,13543,30622110,9966600000,4410000
20210809,341160,하나금융15호스팩,KOSDAQ,SPAC(소속부없음),2260,-20,-0.88,2295,2295,2255,22561,51070095,10644600000,4710000
20210809,343510,하나금융16호스팩,KOSDAQ,SPAC(소속부없음),2385,-15,-0.63,2390,2405,2335,42612,100624855,9563850000,4010000
20210809,363260,하나금융17호스팩,KOSDAQ,SPAC(소속부없음),2550,40,1.59,2545,2575,2500,150138,379607730,17365500000,6810000
20210809,299030,하나기술,KOSDAQ,벤처기업부,67300,800,1.20,66200,68400,66000,136871,9226295900,499689174600,7424802
20210809,067310,하나마이크론,KOSDAQ,중견기업부,16700,400,2.45,16300,16700,16050,431636,7057653700,533312479300,31934879
20210809,372290,하나머스트7호스팩,KOSDAQ,SPAC(소속부없음),2710,-40,-1.45,2740,2740,2650,215584,578546525,11663840000,4304000
20210809,166090,하나머티리얼즈,KOSDAQ,우량기업부,52300,300,0.58,52200,53100,51000,127058,6599542400,1031914250200,19730674
20210809,136480,하림,KOSDAQ,중견기업부,3220,-30,-0.92,3300,3300,3215,1383007,4502319580,341995240440,106209702
20210809,003380,하림지주,KOSDAQ,우량기업부,9970,-10,-0.10,9990,9990,9810,168061,1663680420,920647945400,92341820
20210809,149980,하이로닉,KOSDAQ,중견기업부,6580,-110,-1.64,6690,6690,6560,166136,1098554400,92777967100,14099995
20210809,013030,하이록코리아,KOSDAQ,우량기업부,16850,-200,-1.17,16900,16950,16700,40152,674425100,229382959200,13613232
20210809,126700,하이비젼시스템,KOSDAQ,우량기업부,19600,-250,-1.26,19750,20400,19550,483540,9589941150,292865395200,14942112
20210809,106080,하이소닉,KOSDAQ,관리종목(소속부없음),3110,0,0.00,0,0,0,0,0,67129875590,21585169
20210809,340120,하이제5호스팩,KOSDAQ,SPAC(소속부없음),2240,-20,-0.88,2240,2280,2225,121120,271743260,11244800000,5020000
20210809,377400,하이제6호스팩,KOSDAQ,SPAC(소속부없음),2660,-5,-0.19,2660,2675,2555,141015,366196870,14383950000,5407500
20210809,221840,하이즈항공,KOSDAQ,중견기업부,5960,-30,-0.50,5930,6030,5900,41428,246154300,105469155320,17696167
20210809,106190,하이텍팜,KOSDAQ,중견기업부,18700,-900,-4.59,19600,19600,18550,78686,1495971900,132560223400,7088782
20210809,066130,하츠,KOSDAQ,우량기업부,10950,-250,-2.23,11200,11200,10850,186975,2048575950,140160000000,12800000
20210809,368770,한국9호스팩,KOSDAQ,SPAC(소속부없음),2390,5,0.21,2360,2415,2355,96709,229794735,11495900000,4810000
20210809,004590,한국가구,KOSDAQ,중견기업부,6850,-40,-0.58,6880,6890,6820,77036,526983620,102750000000,15000000
20210809,039340,한국경제TV,KOSDAQ,우량기업부,8300,90,1.10,8160,8400,8150,71142,589246300,190900000000,23000000
20210809,034950,한국기업평가,KOSDAQ,우량기업부,85000,100,0.12,85000,85500,84700,2310,196569900,385943690000,4540514
20210809,222980,한국맥널티,KOSDAQ,벤처기업부,8750,-330,-3.63,9080,9180,8700,195291,1730699860,92179456250,10534795
20210809,318000,한국바이오젠,KOSDAQ,벤처기업부,9200,10,0.11,9220,9350,9160,276799,2568189830,75226790000,8176825
20210809,256840,한국비엔씨,KOSDAQ,벤처기업부,20300,-2550,-11.16,22100,23100,20300,3236836,69649647500,1046092210800,51531636
20210809,025550,한국선재,KOSDAQ,우량기업부,6220,120,1.97,6120,6320,6080,1201483,7442496850,152528419880,24522254
20210809,017890,한국알콜,KOSDAQ,우량기업부,14150,-50,-0.35,14150,14300,14050,115842,1640649650,305721504000,21605760
20210809,080720,한국유니온제약,KOSDAQ,벤처기업부,13700,-400,-2.84,14050,14050,13700,41311,571285100,108281073600,7903728
20210809,063570,한국전자금융,KOSDAQ,우량기업부,7240,-130,-1.76,7370,7400,7210,161058,1169055540,247229550720,34147728
20210809,041460,한국전자인증,KOSDAQ,중견기업부,10800,-400,-3.57,11000,11300,10800,1293626,14367465300,231759889200,21459249
20210809,101680,한국정밀기계,KOSDAQ,관리종목(소속부없음),1440,0,0.00,0,0,0,0,0,12101760000,8404000
20210809,039740,한국정보공학,KOSDAQ,중견기업부,5900,-30,-0.51,5930,6000,5860,65088,383401940,47308542300,8018397
20210809,053300,한국정보인증,KOSDAQ,중견기업부,8000,-60,-0.74,8010,8180,8000,318916,2572953110,249320000000,31165000
20210809,025770,한국정보통신,KOSDAQ,우량기업부,9890,-10,-0.10,9870,10100,9870,68102,678935020,370323840190,37444271
20210809,310870,한국제8호스팩,KOSDAQ,SPAC(소속부없음),2210,0,0.00,0,0,0,0,0,7558200000,3420000
20210809,023760,한국캐피탈,KOSDAQ,우량기업부,940,7,0.75,940,960,936,879421,834088534,296673001440,315609576
20210809,054040,한국컴퓨터,KOSDAQ,중견기업부,4940,-70,-1.40,5010,5020,4940,103986,517057645,79392172600,16071290
20210809,050540,한국코퍼레이션,KOSDAQ,투자주의환기종목(소속부없음),282,0,0.00,0,0,0,0,0,14434337226,51185593
20210809,021650,한국큐빅,KOSDAQ,중견기업부,5930,-160,-2.63,6090,6090,5880,255767,1522477410,96958838590,16350563
20210809,053590,한국테크놀로지,KOSDAQ,벤처기업부,1335,-30,-2.20,1365,1365,1320,833904,1114290695,165483692370,123957822
20210809,032300,한국파마,KOSDAQ,우량기업부,53400,-1600,-2.91,55000,55700,53300,177674,9619904600,582417833400,10906701
20210809,037230,한국팩키지,KOSDAQ,중견기업부,5660,-40,-0.70,5710,5750,5660,165248,941268180,141500000000,25000000
20210809,030520,한글과컴퓨터,KOSDAQ,우량기업부,25100,-1100,-4.20,26050,26650,25000,869922,22280363700,625323604100,24913291
20210809,052600,한네트,KOSDAQ,중견기업부,9220,-120,-1.28,9340,9340,9200,61943,572295980,106617314000,11563700
20210809,256150,한독크린텍,KOSDAQ,벤처기업부,16250,-100,-0.61,16300,16500,16000,42410,685984400,136386250000,8393000
20210809,092460,한라IMS,KOSDAQ,벤처기업부,8150,-20,-0.24,8170,8170,8060,36808,298205990,95721570700,11744978
20210809,047080,한빛소프트,KOSDAQ,중견기업부,6800,400,6.25,6350,7470,6330,9305348,65357465640,168502884800,24779836
20210809,070590,한솔인티큐브,KOSDAQ,중견기업부,3270,-25,-0.76,3310,3310,3220,104632,340090710,45386033670,13879521
20210809,226440,한송네오텍,KOSDAQ,벤처기업부,2200,20,0.92,2165,2255,2125,7684560,16814919575,125855180000,57206900
20210809,042520,한스바이오메드,KOSDAQ,벤처기업부,17350,650,3.89,16750,17400,16250,262371,4460782500,175286720350,10102981
20210809,078350,한양디지텍,KOSDAQ,벤처기업부,8570,110,1.30,8460,8570,8400,58776,499742360,130644353740,15244382
20210809,045100,한양이엔지,KOSDAQ,우량기업부,17900,200,1.13,17750,18100,17500,244754,4376906050,322200000000,18000000
20210809,046110,한일네트웍스,KOSDAQ,우량기업부,6930,180,2.67,6710,7050,6710,257831,1791197020,82842793110,11954227
20210809,024740,한일단조,KOSDAQ,중견기업부,3860,-190,-4.69,4180,4255,3835,3746669,15134300480,115380526080,29891328
20210809,005860,한일사료,KOSDAQ,중견기업부,2265,-65,-2.79,2360,2375,2260,507897,1168207520,89249346525,39403685
20210809,123840,한일진공,KOSDAQ,중견기업부,1150,-30,-2.54,1175,1180,1150,223688,259365155,90051873550,78305977
20210809,007770,한일화학,KOSDAQ,중견기업부,17500,450,2.64,17150,17850,17150,82911,1452417200,61425000000,3510000
20210809,079170,한창산업,KOSDAQ,중견기업부,10500,-250,-2.33,10850,10900,10400,128267,1362453600,54600000000,5200000
20210809,086960,한컴MDS,KOSDAQ,우량기업부,24200,600,2.54,23550,24600,23350,288335,6910628350,214136313600,8848608
20210809,054920,한컴위드,KOSDAQ,벤처기업부,10400,-100,-0.95,10400,10550,10350,101241,1056662600,293457642400,28217081
20210809,002680,한탑,KOSDAQ,투자주의환기종목(소속부없음),1770,-15,-0.84,1825,1830,1755,276935,492910525,50037878760,28269988
20210809,066110,한프,KOSDAQ,투자주의환기종목(소속부없음),1130,0,0.00,0,0,0,0,0,86834027360,76844272
20210809,317320,한화에스비아이스팩,KOSDAQ,SPAC(소속부없음),5610,-470,-7.73,6070,6100,5540,2366592,13824025810,24459600000,4360000
20210809,340440,한화플러스제1호스팩,KOSDAQ,SPAC(소속부없음),3945,45,1.15,5070,5070,3945,12550731,55805000370,18580950000,4710000
20210809,386580,한화플러스제2호스팩,KOSDAQ,SPAC(소속부없음),4965,-1235,-19.92,6690,7140,4965,6691628,40231712160,20654400000,4160000
20210809,034810,해성산업,KOSDAQ,우량기업부,16600,100,0.61,16550,16600,16300,74341,1226000900,437514546800,26356298
20210809,076610,해성옵틱스,KOSDAQ,중견기업부,869,-8,-0.91,878,884,858,3210472,2790283147,70927561881,81619749
20210809,059270,해성티피씨,KOSDAQ,기술성장기업부,20400,-1250,-5.77,21650,21800,20150,92665,1924320750,94452000000,4630000
20210809,220180,핸디소프트,KOSDAQ,벤처기업부,4485,-15,-0.33,4455,4515,4440,24706,110531315,87044880000,19408000
20210809,900270,헝셩그룹,KOSDAQ,외국기업(소속부없음),608,-2,-0.33,612,612,603,129023,78214693,48640000000,80000000
20210809,084990,헬릭스미스,KOSDAQ,기술성장기업부,27500,-350,-1.26,27800,27800,27050,193852,5301844600,942307135000,34265714
20210809,170030,현대공업,KOSDAQ,우량기업부,8550,-70,-0.81,8550,8620,8480,76038,648314360,131157000000,15340000
20210809,319400,현대무벡스,KOSDAQ,우량기업부,4910,55,1.13,4870,4950,4855,76712,376088145,499456610840,101722324
20210809,048410,현대바이오,KOSDAQ,중견기업부,30300,-950,-3.04,31150,31350,30250,512200,15677436200,1107624893100,36555277
20210809,052260,현대바이오랜드,KOSDAQ,우량기업부,21400,-150,-0.70,21550,21550,21200,34310,731034450,321000000000,15000000
20210809,016790,현대사료,KOSDAQ,중견기업부,17900,-300,-1.65,18550,18550,17600,69400,1258523350,110093699400,6150486
20210809,041440,현대에버다임,KOSDAQ,중견기업부,7030,-70,-0.99,7030,7100,7000,33755,237412810,125949086320,17915944
20210809,039010,현대에이치티,KOSDAQ,우량기업부,10350,-100,-0.96,10400,10450,10200,29568,304177600,89268750000,8625000
20210809,090850,현대이지웰,KOSDAQ,우량기업부,11950,-50,-0.42,12000,12150,11800,132904,1584473800,283769013950,23746361
20210809,092300,현우산업,KOSDAQ,우량기업부,6090,320,5.55,6300,6300,5920,1112615,6755702240,94242007020,15474878
20210809,053660,현진소재,KOSDAQ,관리종목(소속부없음),400,0,0.00,0,0,0,0,0,21280401200,53201003
20210809,011080,형지I&C,KOSDAQ,중견기업부,1420,-20,-1.39,1440,1450,1415,101246,144115715,55317048560,38955668
20210809,060560,홈센타홀딩스,KOSDAQ,중견기업부,1225,-15,-1.21,1250,1250,1210,424653,518557495,156395168125,127669525
20210809,064240,홈캐스트,KOSDAQ,중견기업부,3665,-100,-2.66,3755,3760,3650,97401,358546560,121292280740,33094756
20210809,039610,화성밸브,KOSDAQ,중견기업부,7330,-260,-3.43,7550,7600,7320,94230,700800840,76308232000,10410400
20210809,126640,화신정공,KOSDAQ,우량기업부,2260,-45,-1.95,2305,2305,2240,484340,1097479525,82204984620,36373887
20210809,061250,화일약품,KOSDAQ,우량기업부,3645,-90,-2.41,3740,3740,3645,350132,1282411715,239234300685,65633553
20210809,097870,효성오앤비,KOSDAQ,중견기업부,12450,-50,-0.40,12400,12800,12250,1138099,14222511100,105700500000,8490000
20210809,050090,휘닉스소재,KOSDAQ,중견기업부,1250,0,0.00,1245,1275,1225,865442,1083460265,98923677500,79138942
20210809,290270,휴네시온,KOSDAQ,벤처기업부,7510,-220,-2.85,7720,7720,7490,167454,1266015470,72153616720,9607672
20210809,353190,휴럼,KOSDAQ,중견기업부,2535,-55,-2.12,2705,2715,2530,1131994,2948262655,70175190735,27682521
20210809,090710,휴림로봇,KOSDAQ,중견기업부,1040,-5,-0.48,1050,1055,1025,1867375,1937652085,130363903280,125349907
20210809,205470,휴마시스,KOSDAQ,기술성장기업부,18050,-150,-0.82,18150,18600,17950,1302125,23710937500,617739860750,34223815
20210809,115160,휴맥스,KOSDAQ,중견기업부,5190,110,2.17,5110,5230,5090,1215765,6291615280,219756277500,42342250
20210809,028080,휴맥스홀딩스,KOSDAQ,중견기업부,5630,-170,-2.93,5800,5830,5630,52033,296524270,70811358780,12577506
20210809,032860,휴먼엔,KOSDAQ,중견기업부,6510,250,3.99,6260,6590,6200,333312,2128949720,116765749170,17936367
20210809,200670,휴메딕스,KOSDAQ,우량기업부,37400,-1300,-3.36,38750,38950,37350,112552,4280461050,372922655600,9971194
20210809,065510,휴비츠,KOSDAQ,우량기업부,9520,20,0.21,9500,9550,9420,48772,462290600,113124931920,11882871
20210809,215090,휴센텍,KOSDAQ,중견기업부,2990,-175,-5.53,3200,3275,2900,6055990,18769984710,239918039530,80240147
20210809,243070,휴온스,KOSDAQ,우량기업부,61500,-1500,-2.38,62700,63400,61200,67916,4208308900,667869766500,10859671
20210809,084110,휴온스글로벌,KOSDAQ,우량기업부,69400,-3000,-4.14,71800,72700,69200,208633,14868528000,834902056600,12030289
20210809,263920,휴온스블러썸,KOSDAQ,관리종목(소속부없음),4555,0,0.00,0,0,0,0,0,223400585370,49045134
20210809,145020,휴젤,KOSDAQ,우량기업부,233900,-700,-0.30,235600,235600,232000,43399,10134023000,2920347924500,12485455
20210809,024060,흥구석유,KOSDAQ,우량기업부,7770,-160,-2.02,7890,7990,7760,232869,1825358950,116550000000,15000000
20210809,010240,흥국,KOSDAQ,우량기업부,10650,-200,-1.84,10850,10850,10450,143215,1518675550,131236712400,12322696
20210809,189980,흥국에프엔비,KOSDAQ,중견기업부,4420,-165,-3.60,4560,4560,4420,1371567,6117559840,169671101340,38387127
20210809,037440,희림,KOSDAQ,중견기업부,6860,-380,-5.25,7120,7160,6850,290334,2022043860,95508178500,13922475
20210809,238490,힘스,KOSDAQ,우량기업부,11350,250,2.25,11150,11350,11000,76063,854676450,128393878600,11312236
