BAS_DD,ISU_CD,ISU_NM,MKT_NM,SECT_TP_NM,TDD_CLSPRC,CMPPREVDD_PRC,FLUC_RT,TDD_OPNPRC,TDD_HGPRC,TDD_LWPRC,ACC_TRDVOL,ACC_TRDVAL,MKTCAP,LIST_SHRS
20181113,095570,AJ네트웍스,KOSPI,,4745,-65,-1.35,4810,4810,4675,31377,147295255,222171789775,46822295
20181113,068400,AJ렌터카,KOSPI,,12400,0,0.00,12200,12450,11750,278357,3372619450,274614120000,22146300
20181113,006840,AK홀딩스,KOSPI,,46800,-300,-0.64,46600,47000,45300,28311,1302885050,619985854800,13247561
20181113,027410,BGF,KOSPI,,7440,-170,-2.23,7570,7570,7380,213943,1590391970,709546691760,95369179
20181113,282330,BGF리테일,KOSPI,,166000,-1000,-0.60,167000,169500,165000,14068,2345515500,2869128396000,17283906
20181113,138930,BNK금융지주,KOSPI,,7760,-30,-0.39,7720,7810,7690,631985,4898279040,2529257508960,325935246
20181113,001460,BYC,KOSPI,,235500,0,0.00,234500,235500,232000,143,33346000,147096832500,624615
20181113,001465,BYC우,KOSPI,,108000,-3000,-2.70,111000,111000,103000,292,30885500,23261580000,215385
20181113,001040,CJ,KOSPI,,120500,-500,-0.41,119500,121500,117500,92309,11031439500,3515828259000,29176998
20181113,079160,CJ CGV,KOSPI,,37350,-150,-0.40,37000,37750,36850,194631,7237995150,790375040550,21161313
20181113,000120,CJ대한통운,KOSPI,,149000,1000,0.68,145500,149500,145000,43437,6438547000,3399039256000,22812344
20181113,011150,CJ씨푸드,KOSPI,,2330,70,3.10,2200,2350,2200,35752,80649390,83718701090,35930773
20181113,011155,CJ씨푸드1우,KOSPI,,30000,650,2.21,29400,31950,28400,29283,889553550,6000000000,200000
20181113,001045,CJ우,KOSPI,,54800,100,0.18,54000,55000,52800,2534,136478800,123860220400,2260223
20181113,097950,CJ제일제당,KOSPI,,347000,0,0.00,344500,347500,339500,32283,11116882000,5223802542000,15054186
20181113,097955,CJ제일제당 우,KOSPI,,123500,-500,-0.40,124000,124000,120500,2376,290222000,163937975500,1327433
20181113,037560,CJ헬로,KOSPI,,9700,-220,-2.22,9800,9900,9540,288066,2815041540,751234590500,77446865
20181113,000590,CS홀딩스,KOSPI,,60900,-300,-0.49,60100,61000,59500,241,14505200,70307953800,1154482
20181113,012030,DB,KOSPI,,829,-19,-2.24,835,837,807,551171,450785198,166773190457,201173933
20181113,016610,DB금융투자,KOSPI,,4025,25,0.63,3975,4025,3855,15948,62608490,170846715725,42446389
20181113,005830,DB손해보험,KOSPI,,74100,-100,-0.13,74200,74700,72800,163239,12093333600,5246280000000,70800000
20181113,000990,DB하이텍,KOSPI,,11900,-300,-2.46,12000,12000,11500,248192,2919289250,528343197200,44398588
20181113,000995,DB하이텍1우,KOSPI,,36950,1450,4.08,39000,39100,35050,342,12665200,4150076200,112316
20181113,139130,DGB금융지주,KOSPI,,8920,-40,-0.45,8900,8920,8790,447567,3956874840,1508780830360,169145833
20181113,004840,DRB동일,KOSPI,,6280,-170,-2.64,6220,6340,6150,13923,86785390,122334400000,19480000
20181113,155660,DSR,KOSPI,,3385,-75,-2.17,3395,3455,3325,16337,55573775,54160000000,16000000
20181113,069730,DSR제강,KOSPI,,3545,-105,-2.88,3555,3645,3505,35145,124143120,51048000000,14400000
20181113,017940,E1,KOSPI,,61600,-700,-1.12,61500,61800,61000,4799,294216100,422576000000,6860000
20181113,007700,F&F,KOSPI,,61200,2900,4.97,56400,61800,56000,102430,6069328000,942480000000,15400000
20181113,114090,GKL,KOSPI,,22250,300,1.37,21800,22400,21450,251768,5526211450,1376288657500,61855670
20181113,078930,GS,KOSPI,,51700,800,1.57,50500,51700,49900,222057,11326654800,4803725042600,92915378
20181113,006360,GS건설,KOSPI,,42500,0,0.00,42000,42700,41100,652883,27298570450,3352600132500,78884709
20181113,001250,GS글로벌,KOSPI,,2455,-25,-1.01,2440,2455,2365,377798,909297830,202620390620,82533764
20181113,007070,GS리테일,KOSPI,,34950,-100,-0.29,34900,35250,34250,138979,4811868750,2691150000000,77000000
20181113,078935,GS우,KOSPI,,36750,100,0.27,36600,36750,36150,3358,122713250,65592355500,1784826
20181113,012630,HDC,KOSPI,,16950,300,1.80,16300,16950,16200,372182,6161361850,1012622170950,59741721
20181113,039570,HDC아이콘트롤스,KOSPI,,9680,-210,-2.12,9710,9740,9550,45119,434042150,159332800000,16460000
20181113,089470,HDC현대EP,KOSPI,,4370,-50,-1.13,4300,4415,4270,14260,61489820,139403000000,31900000
20181113,294870,HDC현대산업개발,KOSPI,,41500,50,0.12,40750,41600,40600,107506,4407492400,1823436130000,43938220
20181113,082740,HSD엔진,KOSPI,,4405,25,0.57,4270,4470,4180,360934,1537426695,145132160510,32947142
20181113,003560,IHQ,KOSPI,,1925,50,2.67,1830,1935,1805,1169085,2198987170,281503814900,146235748
20181113,175330,JB금융지주,KOSPI,,5880,-20,-0.34,5880,5910,5800,302187,1773685130,1158259416720,196982894
20181113,234080,JW생명과학,KOSPI,,21850,50,0.23,21400,22050,20800,30817,659279900,345985004900,15834554
20181113,001060,JW중외제약,KOSPI,,34950,450,1.30,33550,35200,33550,47827,1656872850,692200827000,19805460
20181113,001067,JW중외제약2우B,KOSPI,,41000,300,0.74,40000,42600,40000,131,5306950,3530018000,86098
20181113,001065,JW중외제약우,KOSPI,,26500,1400,5.58,25050,26650,24500,2355,60888100,4348941500,164111
20181113,096760,JW홀딩스,KOSPI,,6400,120,1.91,6170,6450,6170,96213,608510390,404854764800,63258557
20181113,105560,KB금융,KOSPI,,47050,-650,-1.36,47100,47100,46650,1856795,87037859450,19672147815850,418111537
20181113,002380,KCC,KOSPI,,268500,500,0.19,267000,271000,264000,18101,4843563000,2834423740500,10556513
20181113,009070,KCTC,KOSPI,,2290,0,0.00,2255,2295,2200,35924,79845950,68700000000,30000000
20181113,009440,KC그린홀딩스,KOSPI,,3535,-35,-0.98,3550,3550,3420,13977,49023545,79307654300,22434980
20181113,119650,KC코트렐,KOSPI,,3925,-50,-1.26,3930,3930,3765,39387,150202075,51025000000,13000000
20181113,092220,KEC,KOSPI,,1015,-25,-2.40,1020,1020,994,875285,879413813,114138395315,112451621
20181113,001390,KG케미칼,KOSPI,,18850,-200,-1.05,18400,18900,17900,111508,2041647150,234786665100,12455526
20181113,001940,KISCO홀딩스,KOSPI,,11750,50,0.43,11650,11750,11350,5016,57882750,217097465000,18476380
20181113,025000,KPX케미칼,KOSPI,,54300,-100,-0.18,54400,54400,51000,4433,232452000,262812000000,4840000
20181113,092230,KPX홀딩스,KOSPI,,63800,300,0.47,63500,64200,63000,229,14525500,269532414800,4224646
20181113,000040,KR모터스,KOSPI,,529,4,0.76,525,533,521,80423,42290545,68231525610,128982090
20181113,044450,KSS해운,KOSPI,,6620,-200,-2.93,6670,6780,6560,89622,595641180,153490525600,23185880
20181113,030200,KT,KOSPI,,29650,-50,-0.17,29650,30000,29500,619350,18481210500,7741965107200,261111808
20181113,033780,KT&G,KOSPI,,101000,-1000,-0.98,101000,102000,100500,218092,22061904000,13866542197000,137292497
20181113,030210,KTB투자증권,KOSPI,,3265,-95,-2.83,3295,3295,3195,139137,450255415,196925510380,60314092
20181113,058850,KTcs,KOSPI,,2575,20,0.78,2555,2620,2485,490104,1250903245,109913875000,42685000
20181113,093050,LF,KOSPI,,22750,-150,-0.66,22900,22950,22250,39230,888318750,665210000000,29240000
20181113,003550,LG,KOSPI,,68100,-900,-1.30,69400,69400,66900,212933,14467259126,11751140621100,172557131
20181113,034220,LG디스플레이,KOSPI,,18150,50,0.28,17650,18200,17500,1704761,30577819450,6494354955000,357815700
20181113,001120,LG상사,KOSPI,,16200,-400,-2.41,16350,16500,16050,104444,1691593200,627912000000,38760000
20181113,051900,LG생활건강,KOSPI,,1070000,-24000,-2.19,1090000,1090000,1051000,143521,149282918000,16711470790000,15618197
20181113,051905,LG생활건강우,KOSPI,,660000,-15000,-2.22,665000,665000,657000,2685,1768157688,1385800020000,2099697
20181113,003555,LG우,KOSPI,,42000,0,0.00,42350,42350,41500,3725,155368050,139216434000,3314677
20181113,032640,LG유플러스,KOSPI,,15200,0,0.00,15200,15350,15050,3376027,51317773815,6636492687200,436611361
20181113,011070,LG이노텍,KOSPI,,103500,-6000,-5.48,100000,104000,99100,786528,79347214800,2449545574500,23667107
20181113,066570,LG전자,KOSPI,,70200,-1000,-1.40,70200,71400,68800,680494,47677786200,11488076542800,163647814
20181113,066575,LG전자우,KOSPI,,28000,-350,-1.23,27850,28200,27550,20023,557076100,481207776000,17185992
20181113,108670,LG하우시스,KOSPI,,50100,-900,-1.76,50400,50900,49650,37498,1878454950,449280267000,8967670
20181113,108675,LG하우시스우,KOSPI,,29400,-50,-0.17,29400,29400,28900,616,18033000,30350502000,1032330
20181113,051910,LG화학,KOSPI,,335500,2000,0.60,328500,335500,321500,208344,68774302000,23683731076500,70592343
20181113,051915,LG화학우,KOSPI,,193000,0,0.00,191000,193000,186500,5907,1124835500,1483938400000,7688800
20181113,079550,LIG넥스원,KOSPI,,35050,-100,-0.28,35050,35600,34100,101589,3538734850,771100000000,22000000
20181113,006260,LS,KOSPI,,54000,500,0.93,52500,54000,51700,108938,5770194800,1738800000000,32200000
20181113,000680,LS네트웍스,KOSPI,,2560,-30,-1.16,2585,2585,2510,7536,19097035,201735720960,78803016
20181113,010120,LS산전,KOSPI,,47100,-300,-0.63,46550,47100,45350,166626,7695180750,1413000000000,30000000
20181113,229640,LS전선아시아,KOSPI,,5190,-10,-0.19,5110,5190,4910,74393,380769590,158943122010,30624879
20181113,023150,MH에탄올,KOSPI,,5670,360,6.78,5370,6310,5330,424814,2528870390,41836242420,7378526
20181113,035420,NAVER,KOSPI,,116000,1000,0.87,115500,117500,114000,435937,50565436500,19118353820000,164813395
20181113,181710,NHN엔터테인먼트,KOSPI,,52900,1500,2.92,50500,53000,50100,89043,4620383100,1034989822500,19565025
20181113,005940,NH투자증권,KOSPI,,13350,-50,-0.37,13150,13400,12850,928843,12170777250,3756808641450,281408887
20181113,005945,NH투자증권우,KOSPI,,8980,-30,-0.33,8940,8990,8910,24058,215354740,169461292640,18870968
20181113,034310,NICE,KOSPI,,17300,150,0.87,17150,17300,16850,39349,671106050,655363790000,37882300
20181113,008260,NI스틸,KOSPI,,2350,-90,-3.69,2385,2430,2270,205961,476235715,67210274950,28600117
20181113,004250,NPC,KOSPI,,3730,-80,-2.10,3850,3850,3685,10690,39757550,136965600000,36720000
20181113,004255,NPC우,KOSPI,,2210,10,0.45,2155,2220,2155,2701,5950315,11668800000,5280000
20181113,010060,OCI,KOSPI,,96900,-2200,-2.22,97200,97800,94800,142417,13760348400,2311004049900,23849371
20181113,005490,POSCO,KOSPI,,257000,-1000,-0.39,254000,257500,250000,262313,66443099000,22407016595000,87186835
20181113,100840,S&TC,KOSPI,,11050,-150,-1.34,11100,11150,10800,52453,577197450,80633507500,7297150
20181113,064960,S&T모티브,KOSPI,,24850,-300,-1.19,24800,25000,24200,64325,1579523850,363384929600,14623136
20181113,003570,S&T중공업,KOSPI,,6260,-100,-1.57,6150,6280,6150,16452,103030610,203283728140,32473439
20181113,036530,S&T홀딩스,KOSPI,,11350,-200,-1.73,11350,11600,11300,1452,16580650,185049106100,16303886
20181113,010950,S-Oil,KOSPI,,113000,1500,1.35,110000,113000,107500,314042,34674531000,12721855496000,112582792
20181113,010955,S-Oil우,KOSPI,,83200,-400,-0.48,83300,83400,80000,11642,948929700,334624326400,4021927
20181113,034120,SBS,KOSPI,,19550,350,1.82,19100,19700,18750,36844,708239850,356837978100,18252582
20181113,101060,SBS미디어홀딩스,KOSPI,,2290,-5,-0.22,2250,2295,2235,12931,29338025,320362275100,139896190
20181113,004060,SG세계물산,KOSPI,,647,-14,-2.12,658,658,629,648762,414809781,130968949120,202424960
20181113,001380,SG충방,KOSPI,,1585,-35,-2.16,1575,1605,1535,206462,323132135,71268166655,44964143
20181113,002360,SH에너지화학,KOSPI,,1010,0,0.00,996,1010,977,448952,444863293,112245067300,111133730
20181113,009160,SIMPAC,KOSPI,,2400,-35,-1.44,2395,2440,2335,51589,123365705,157030838400,65429516
20181113,123700,SJM,KOSPI,,3025,-20,-0.66,3000,3040,2960,3345,10027985,47204816450,15604898
20181113,025530,SJM홀딩스,KOSPI,,3340,5,0.15,3355,3355,3150,535,1749265,49879586720,14934008
20181113,034730,SK,KOSPI,,271500,-2000,-0.73,273000,273000,264000,88828,23926817000,19102820635500,70360297
20181113,011790,SKC,KOSPI,,35100,-600,-1.68,35000,35300,34250,163852,5695604750,1317462880500,37534555
20181113,018670,SK가스,KOSPI,,79300,400,0.51,78200,79900,76600,17608,1382931200,717995443100,9054167
20181113,001740,SK네트웍스,KOSPI,,4435,15,0.34,4360,4450,4340,759267,3333895600,1100712214445,248187647
20181113,001745,SK네트웍스우,KOSPI,,52300,2350,4.70,49250,52900,48750,3046,152658050,5943790400,113648
20181113,006120,SK디스커버리,KOSPI,,27650,-550,-1.95,28200,28200,27200,51921,1427834500,526396690750,19037855
20181113,006125,SK디스커버리우,KOSPI,,15250,-50,-0.33,15600,15600,14500,1541,22986150,20716438750,1358455
20181113,210980,SK디앤디,KOSPI,,28400,-1000,-3.40,29150,29150,27850,49973,1418503900,458802000000,16155000
20181113,03473K,SK우,KOSPI,,140000,-1500,-1.06,140500,140500,136500,910,126051500,79258900000,566135
20181113,096770,SK이노베이션,KOSPI,,200000,2000,1.01,196500,201000,191500,228875,45115921000,18493112800000,92465564
20181113,096775,SK이노베이션우,KOSPI,,127500,1000,0.79,125000,128000,124000,6297,793804500,159174315000,1248426
20181113,001510,SK증권,KOSPI,,792,5,0.64,777,792,764,1168190,912377306,282332295432,356480171
20181113,001515,SK증권우,KOSPI,,2860,20,0.70,2745,2860,2705,51201,142689435,11189790040,3912514
20181113,285130,SK케미칼,KOSPI,,70200,-700,-0.99,70000,70900,69000,51369,3589770700,812905610400,11579852
20181113,28513K,SK케미칼우,KOSPI,,23900,-250,-1.04,24000,24400,23400,3912,92338300,34862213000,1458670
20181113,017670,SK텔레콤,KOSPI,,266500,-500,-0.19,267500,271000,262000,160541,42993903000,21518731981500,80745711
20181113,000660,SK하이닉스,KOSPI,,71900,-2600,-3.49,72300,72500,69900,4730929,335859747914,52343370043500,728002365
20181113,005610,SPC삼립,KOSPI,,127000,-2500,-1.93,128000,128500,124000,12021,1515142000,1095884143000,8629009
20181113,011810,STX,KOSPI,,13700,200,1.48,13150,13700,13000,24998,329867750,252845857400,18455902
20181113,077970,STX엔진,KOSPI,,7060,20,0.28,7070,7070,6900,7263,50870560,162442862240,23008904
20181113,071970,STX중공업,KOSPI,,1320,-80,-5.71,1350,1515,1290,3128484,4283057230,32784636720,24836846
20181113,084870,TBH글로벌,KOSPI,,3510,-145,-3.97,3565,3640,3350,99818,343157325,73207434690,20856819
20181113,002710,TCC동양,KOSPI,,1795,0,0.00,1795,1815,1765,19236,34367995,40104787500,22342500
20181113,024070,WISCOM,KOSPI,,2680,-70,-2.55,2795,2795,2655,12575,33939030,40269465600,15025920
20181113,037270,YG PLUS,KOSPI,,2310,-10,-0.43,2295,2325,2230,158955,362069885,134374326240,58170704
20181113,000500,가온전선,KOSPI,,17200,300,1.78,16850,17250,16550,2027,33955550,71557968400,4160347
20181113,000860,강남제비스코,KOSPI,,24400,-100,-0.41,23600,24400,23600,2957,70882850,158600000000,6500000
20181113,035250,강원랜드,KOSPI,,29850,400,1.36,29000,29900,29000,548011,16219028988,6386123925000,213940500
20181113,011420,갤럭시아에스엠,KOSPI,,1445,-10,-0.69,1450,1450,1400,8386,11961275,39809235580,27549644
20181113,002100,경농,KOSPI,,8870,-160,-1.77,8850,9010,8650,251610,2225574760,192405822500,21691750
20181113,009450,경동나비엔,KOSPI,,37550,-650,-1.70,37600,37900,36700,54850,2036635250,478368600500,12739510
20181113,267290,경동도시가스,KOSPI,,34150,-150,-0.44,34300,34300,33700,3266,110495150,161087701450,4717063
20181113,012320,경동인베스트,KOSPI,,38700,-300,-0.77,38000,38800,37950,2330,89109100,91526390100,2365023
20181113,000050,경방,KOSPI,,11600,100,0.87,11300,11850,11250,32483,370453650,318017132000,27415270
20181113,214390,경보제약,KOSPI,,10250,100,0.99,10000,10250,9970,33484,337647200,245045315000,23906860
20181113,012610,경인양행,KOSPI,,6180,120,1.98,5930,6200,5800,298265,1777942040,249649535700,40396365
20181113,009140,경인전자,KOSPI,,22650,50,0.22,22600,22900,22600,663,14990700,35578552050,1570797
20181113,013580,계룡건설,KOSPI,,20000,-50,-0.25,19550,20100,19350,10728,210808350,178618140000,8930907
20181113,012200,계양전기,KOSPI,,3270,0,0.00,3215,3270,3125,38356,122194615,106602000000,32600000
20181113,012205,계양전기우,KOSPI,,9700,1260,14.93,8490,9700,8240,533935,4804238860,13580000000,1400000
20181113,004200,고려개발,KOSPI,,4800,-145,-2.93,5050,5050,4740,5839,28358205,146106667200,30438889
20181113,002140,고려산업,KOSPI,,2250,-30,-1.32,2200,2290,2135,230931,505857515,56113706250,24939425
20181113,010130,고려아연,KOSPI,,426000,16500,4.03,401000,427500,400500,105853,44647452000,8038620000000,18870000
20181113,002240,고려제강,KOSPI,,20200,-250,-1.22,20450,20450,19900,10296,207192050,404000000000,20000000
20181113,001290,골든브릿지증권,KOSPI,,1955,-10,-0.51,1915,1955,1900,74829,144200990,99105966495,50693589
20181113,009290,광동제약,KOSPI,,6040,70,1.17,5900,6040,5830,63059,372612910,316621940040,52420851
20181113,017040,광명전기,KOSPI,,2425,-35,-1.42,2390,2455,2365,225327,539202085,105093716375,43337615
20181113,017900,광전자,KOSPI,,1970,-30,-1.50,1950,1985,1900,54877,105925895,114149213110,57943763
20181113,037710,광주신세계,KOSPI,,179500,0,0.00,173500,180000,173500,531,93865000,287200000000,1600000
20181113,030610,교보증권,KOSPI,,9130,-60,-0.65,9030,9130,8890,45531,410069990,328680000000,36000000
20181113,007690,국도화학,KOSPI,,47000,-650,-1.36,47600,47600,46000,6660,309284650,273098952000,5810616
20181113,005320,국동,KOSPI,,2305,-25,-1.07,2295,2330,2180,137237,307284725,31671806400,13740480
20181113,001140,국보,KOSPI,,10400,50,0.48,10050,10650,9920,15827,159500410,17495961600,1682304
20181113,002720,국제약품,KOSPI,,4150,65,1.59,4085,4150,3975,63467,255937350,74936994050,18057107
20181113,083420,그린케미칼,KOSPI,,3840,-60,-1.54,3900,3910,3840,5976,23161730,76800000000,20000000
20181113,014530,극동유화,KOSPI,,3255,-5,-0.15,3190,3255,3190,16654,53413800,113499962100,34869420
20181113,014280,금강공업,KOSPI,,22800,750,3.40,21100,22850,21100,11051,245796550,110715979200,4855964
20181113,014285,금강공업우,KOSPI,,40550,1000,2.53,39550,40750,37950,3205,127746250,4783886250,117975
20181113,008870,금비,KOSPI,,66300,-400,-0.60,66300,66900,65700,38,2521400,66300000000,1000000
20181113,001570,금양,KOSPI,,2395,-20,-0.83,2415,2430,2325,16104,38197020,103415122840,43179592
20181113,002990,금호산업,KOSPI,,11450,150,1.33,11150,11550,10850,148915,1670875300,412604746050,36035349
20181113,002995,금호산업우,KOSPI,,30400,-1500,-4.70,31900,33800,29300,85059,2671622850,8884886400,292266
20181113,011780,금호석유,KOSPI,,88700,-2300,-2.53,89900,90800,86200,163503,14403882560,2702484191700,30467691
20181113,011785,금호석유우,KOSPI,,31100,-150,-0.48,30500,31450,30300,3376,103266700,94030414600,3023486
20181113,214330,금호에이치티,KOSPI,,7300,270,3.84,6880,7410,6840,358923,2563820960,71352930200,9774374
20181113,001210,금호전기,KOSPI,,6450,-80,-1.23,6400,6530,6350,10592,67653960,44998863600,6976568
20181113,073240,금호타이어,KOSPI,,5060,10,0.20,4980,5060,4950,335183,1677887935,1453537052220,287260287
20181113,092440,기신정기,KOSPI,,3450,60,1.77,3365,3470,3340,8395,28278810,100740000000,29200000
20181113,000270,기아차,KOSPI,,28300,50,0.18,28200,28300,27700,717446,20123252650,11471782720100,405363347
20181113,024110,기업은행,KOSPI,,15300,0,0.00,15100,15300,15000,657653,9985007200,8567675869500,559978815
20181113,013700,까뮤이앤씨,KOSPI,,1045,-5,-0.48,1035,1050,1015,40324,41541615,47184132600,45152280
20181113,004540,깨끗한나라,KOSPI,,3425,-25,-0.72,3390,3480,3310,83544,283537170,127549373525,37240693
20181113,004545,깨끗한나라우,KOSPI,,24600,2050,9.09,22100,26950,21850,181866,4524492250,9007536000,366160
20181113,074610,나노메딕스,KOSPI,,8760,260,3.06,8200,8880,8170,452929,3867359910,243572895000,27805125
20181113,001260,남광토건,KOSPI,,14050,150,1.08,13550,14050,13250,24402,330443850,138056353750,9826075
20181113,008350,남선알미늄,KOSPI,,1690,-110,-6.11,1750,1775,1665,10165287,17500340410,186202662100,110179090
20181113,008355,남선알미우,KOSPI,,48500,3550,7.90,45950,52000,43150,113954,5376150650,14932665000,307890
20181113,004270,남성,KOSPI,,1360,-45,-3.20,1385,1395,1330,212683,288859230,49248537600,36212160
20181113,003920,남양유업,KOSPI,,592000,-2000,-0.34,603000,603000,590000,293,174537000,426240000000,720000
20181113,003925,남양유업우,KOSPI,,183500,1000,0.55,183000,183500,183000,11,2014000,30582477000,166662
20181113,002070,남영비비안,KOSPI,,6000,-30,-0.50,6000,6020,5880,211,1264650,41207670000,6867945
20181113,025860,남해화학,KOSPI,,11400,500,4.59,10700,11400,10500,217078,2395679150,566338810200,49678843
20181113,005720,넥센,KOSPI,,5400,20,0.37,5380,5400,5240,9219,48946530,289137475800,53543977
20181113,005725,넥센우,KOSPI,,3670,-75,-2.00,3770,3780,3600,664,2413890,13214202000,3600600
20181113,002350,넥센타이어,KOSPI,,7910,0,0.00,7850,7960,7780,103090,814871480,772552907070,97667877
20181113,002355,넥센타이어1우B,KOSPI,,3955,125,3.26,3800,3965,3800,668,2635000,25707500000,6500000
20181113,003580,넥스트사이언스,KOSPI,,8060,270,3.47,7700,8060,7350,240607,1829997740,181430769260,22510021
20181113,251270,넷마블,KOSPI,,123000,500,0.41,122000,124500,120000,264908,32611727000,10486565736000,85256632
20181113,090350,노루페인트,KOSPI,,8100,-110,-1.34,8050,8140,7930,162880,1306679960,162000000000,20000000
20181113,090355,노루페인트우,KOSPI,,9200,50,0.55,8810,9200,8810,2750,24937000,4260759200,463126
20181113,000320,노루홀딩스,KOSPI,,11800,-200,-1.67,12000,12000,11700,3218,37819500,156835581800,13291151
20181113,000325,노루홀딩스우,KOSPI,,17650,-100,-0.56,17950,18000,17650,306,5440600,3269662500,185250
20181113,006280,녹십자,KOSPI,,134500,-1500,-1.10,133000,135500,130500,48481,6476209000,1571839361000,11686538
20181113,005250,녹십자홀딩스,KOSPI,,23750,300,1.28,22800,24150,22800,47261,1110781450,1116919987500,47028210
20181113,005257,녹십자홀딩스2우,KOSPI,,16200,-100,-0.61,15600,16300,15500,717,11247950,13705038000,845990
20181113,004370,농심,KOSPI,,235000,2500,1.08,231000,237000,227000,32193,7520123500,1429420870000,6082642
20181113,072710,농심홀딩스,KOSPI,,67700,-300,-0.44,67500,67800,65600,3316,222027600,313978383000,4637790
20181113,058730,다스코,KOSPI,,6710,-130,-1.90,6640,6800,6470,87864,580094060,103334000000,15400000
20181113,023590,다우기술,KOSPI,,20600,300,1.48,19850,20600,19700,48953,981564450,924252310200,44866617
20181113,019680,대교,KOSPI,,6690,50,0.75,6640,6690,6600,35290,234271780,566662066500,84702850
20181113,019685,대교우B,KOSPI,,4660,-5,-0.11,4665,4670,4600,2270,10527050,90529773400,19426990
20181113,006370,대구백화점,KOSPI,,8810,-20,-0.23,8830,9000,8750,153,1357350,95338392910,10821611
20181113,004130,대덕GDS,KOSPI,,13500,0,0.00,13300,13550,12900,193767,2585078350,277770775500,20575613
20181113,004135,대덕GDS우,KOSPI,,7630,30,0.39,7590,7630,7540,16027,121562420,16480800000,2160000
20181113,008060,대덕전자,KOSPI,,8740,10,0.11,8560,8840,8460,265110,2306260220,426479662000,48796300
20181113,000490,대동공업,KOSPI,,5620,-80,-1.40,5620,5680,5500,20745,115003260,133352540200,23728210
20181113,008110,대동전자,KOSPI,,3730,-60,-1.58,3730,3730,3450,51895,185104070,39129367310,10490447
20181113,005750,대림B&Co,KOSPI,,3975,-75,-1.85,3910,4080,3885,21536,84771215,66272154000,16672240
20181113,000210,대림산업,KOSPI,,81500,600,0.74,80400,81700,78500,139038,11159485000,2836200000000,34800000
20181113,000215,대림산업우,KOSPI,,31450,150,0.48,30800,31600,30800,5033,157422250,119510000000,3800000
20181113,004440,대림씨엔에스,KOSPI,,10350,0,0.00,10000,10400,9820,37103,371376710,131775651450,12731947
20181113,006570,대림통상,KOSPI,,4100,-15,-0.36,4110,4120,3950,420,1723540,62422500000,15225000
20181113,001680,대상,KOSPI,,23400,-300,-1.27,23250,23700,23250,109913,2574207050,810763785000,34648025
20181113,001685,대상우,KOSPI,,12250,-150,-1.21,12400,12450,12100,693,8567550,16785231750,1370223
20181113,084690,대상홀딩스,KOSPI,,7780,-50,-0.64,7800,7830,7710,7658,59264620,281733545640,36212538
20181113,084695,대상홀딩스우,KOSPI,,5860,150,2.63,5720,5860,5530,158,882330,5353004520,913482
20181113,128820,대성산업,KOSPI,,3870,15,0.39,3800,3870,3715,26488,100428345,175061299860,45235478
20181113,117580,대성에너지,KOSPI,,5380,-60,-1.10,5440,5440,5340,22645,121652060,147950000000,27500000
20181113,016710,대성홀딩스,KOSPI,,6350,-100,-1.55,6450,6450,6290,4619,29295490,102168064650,16089459
20181113,003540,대신증권,KOSPI,,11650,-50,-0.43,11550,11650,11350,121479,1394773900,591510110000,50773400
20181113,003547,대신증권2우B,KOSPI,,8620,10,0.12,8560,8620,8530,5036,43255600,86200000000,10000000
20181113,003545,대신증권우,KOSPI,,9160,0,0.00,9130,9170,9060,43772,399563120,238160000000,26000000
20181113,009190,대양금속,KOSPI,,4000,10,0.25,3990,4050,3860,1412,5604395,49271732000,12317933
20181113,014160,대영포장,KOSPI,,938,9,0.97,929,938,900,439780,407459654,101674086962,108394549
20181113,047040,대우건설,KOSPI,,4760,-5,-0.10,4705,4780,4610,788068,3709614575,1978363756880,415622638
20181113,009320,대우부품,KOSPI,,1575,10,0.64,1510,1575,1465,185929,281228825,75043040625,47646375
20181113,042660,대우조선해양,KOSPI,,33500,0,0.00,33250,33850,32500,579403,19175219825,3591392692000,107205752
20181113,003090,대웅,KOSPI,,16250,150,0.93,15950,16300,15650,33112,530487600,944807175000,58141980
20181113,069620,대웅제약,KOSPI,,177500,6500,3.80,168000,178500,166000,51753,9014707500,2056617062500,11586575
20181113,000430,대원강업,KOSPI,,3610,0,0.00,3580,3620,3560,14497,51917435,223820000000,62000000
20181113,006340,대원전선,KOSPI,,1495,40,2.75,1410,1505,1400,550098,794188620,101820220645,68107171
20181113,006345,대원전선우,KOSPI,,3650,230,6.73,3420,3820,3365,232568,847455520,9567380000,2621200
20181113,003220,대원제약,KOSPI,,15500,200,1.31,15250,15500,15000,40972,626668800,296028393000,19098606
20181113,024890,대원화성,KOSPI,,1405,-15,-1.06,1420,1420,1345,63564,86980605,57955058560,41249152
20181113,002880,대유에이텍,KOSPI,,1160,-15,-1.28,1160,1175,1105,7069759,8084682105,119841392200,103311545
20181113,000300,대유플러스,KOSPI,,862,-49,-5.38,905,905,842,983862,849921478,86788280520,100682460
20181113,012800,대창,KOSPI,,901,-36,-3.84,930,935,880,902166,809466515,82117589599,91140499
20181113,015230,대창단조,KOSPI,,42050,-1450,-3.33,43250,43250,41700,523,22182650,84100000000,2000000
20181113,001070,대한방직,KOSPI,,13000,-550,-4.06,13400,13600,12900,32456,428990300,68900000000,5300000
20181113,006650,대한유화,KOSPI,,163000,-3500,-2.10,164000,164500,158000,40363,6524925500,1059500000000,6500000
20181113,001440,대한전선,KOSPI,,1035,-25,-2.36,1040,1045,1020,259581,268053530,886449564315,856473009
20181113,084010,대한제강,KOSPI,,5220,-190,-3.51,5350,5350,5140,35095,182607480,128655951480,24646734
20181113,001790,대한제당,KOSPI,,19400,100,0.52,19050,19500,19000,1854,35647050,171496038800,8840002
20181113,001799,대한제당3우B,KOSPI,,28500,750,2.70,27700,29650,27250,4194,119892100,3695196000,129656
20181113,001795,대한제당우,KOSPI,,12400,0,0.00,12400,12700,12300,779,9730350,8038622400,648276
20181113,001130,대한제분,KOSPI,,172000,-500,-0.29,172500,174500,172000,195,33675500,290680000000,1690000
20181113,003490,대한항공,KOSPI,,29700,250,0.85,29100,29800,28500,502663,14675061450,2816885629800,94844634
20181113,003495,대한항공우,KOSPI,,12550,0,0.00,12550,12550,12000,916,11441150,13940464700,1110794
20181113,005880,대한해운,KOSPI,,22900,650,2.92,21900,22950,21650,121635,2715442950,559366941600,24426504
20181113,003830,대한화섬,KOSPI,,108000,1000,0.93,107000,108000,105000,62,6643000,143424000000,1328000
20181113,016090,대현,KOSPI,,2015,25,1.26,1960,2015,1945,80930,159326560,91243854650,45282310
20181113,069460,대호에이엘,KOSPI,,5420,0,0.00,0,0,0,0,0,147070827380,27134839
20181113,012510,더존비즈온,KOSPI,,46150,750,1.65,45000,46150,43100,64494,2869820600,1369395105000,29672700
20181113,004830,덕성,KOSPI,,3065,95,3.20,2925,3065,2800,63937,186260745,48059200000,15680000
20181113,004835,덕성우,KOSPI,,6830,830,13.83,6100,7350,6040,1581349,10729966320,9507360000,1392000
20181113,024900,덕양산업,KOSPI,,1225,10,0.82,1180,1225,1150,122981,145155400,39892100500,32564980
20181113,145720,덴티움,KOSPI,,63300,-4200,-6.22,65200,66000,61500,177609,11135824300,700656939000,11068830
20181113,002150,도화엔지니어링,KOSPI,,6430,70,1.10,6200,6490,6140,116311,733492830,216819600000,33720000
20181113,001620,동국실업,KOSPI,,874,-20,-2.24,889,889,850,71181,61209388,46594750928,53312072
20181113,001230,동국제강,KOSPI,,7590,40,0.53,7430,7600,7210,226338,1676558760,724334473830,95432737
20181113,023450,동남합성,KOSPI,,60100,0,0.00,60200,60600,60100,5,301600,79028675300,1314953
20181113,004140,동방,KOSPI,,1455,-20,-1.36,1450,1470,1415,168626,241511555,48692430540,33465588
20181113,007590,동방아그로,KOSPI,,6460,-130,-1.97,6500,6650,6300,41424,264704680,87969547420,13617577
20181113,005960,동부건설,KOSPI,,7000,-310,-4.24,7310,7310,6920,57895,404541750,146070064000,20867152
20181113,005965,동부건설우,KOSPI,,16700,-100,-0.60,16750,16850,15950,2295,37419600,3769724400,225732
20181113,016380,동부제철,KOSPI,,7240,0,0.00,7160,7270,7030,881,6323390,197169989760,27233424
20181113,016385,동부제철우,KOSPI,,49400,-350,-0.70,49750,49850,47900,222,10804950,7911706400,160156
20181113,083370,동북아12호,KOSPI,,5010,0,0.00,0,0,0,0,0,7944156600,1585660
20181113,083380,동북아13호,KOSPI,,5000,0,0.00,5000,5000,5000,14,70000,7928300000,1585660
20181113,026960,동서,KOSPI,,17850,50,0.28,17850,18000,17400,116371,2073014350,1779645000000,99700000
20181113,002210,동성제약,KOSPI,,22400,500,2.28,21300,22750,21250,665497,14775716200,554547257600,24756574
20181113,102260,동성코퍼레이션,KOSPI,,5400,-150,-2.70,5500,5500,5310,73416,393027810,245402838000,45444970
20181113,005190,동성화학,KOSPI,,11800,50,0.43,11450,11800,11300,38909,445943800,62959655200,5335564
20181113,000640,동아쏘시오홀딩스,KOSPI,,93600,-100,-0.11,94100,94300,91700,6575,613860800,574544318400,6138294
20181113,170900,동아에스티,KOSPI,,94600,600,0.64,94000,95500,92600,19129,1812263900,798789912800,8443868
20181113,028100,동아지질,KOSPI,,13300,-150,-1.12,13150,13300,12850,65552,853239650,152950000000,11500000
20181113,282690,동아타이어,KOSPI,,13400,50,0.37,13300,13400,13150,713,9473700,184022401000,13733015
20181113,001520,동양,KOSPI,,1735,-25,-1.42,1760,1760,1700,355727,613267745,414116849305,238684063
20181113,001527,동양2우B,KOSPI,,11200,250,2.28,10900,11200,10600,6060,66310200,3455972800,308569
20181113,001529,동양3우B,KOSPI,,29550,-250,-0.84,29700,32600,28650,10065,299883850,2651285100,89722
20181113,084670,동양고속,KOSPI,,29200,150,0.52,29050,29500,28950,3454,100640150,90500874000,3099345
20181113,030790,동양네트웍스,KOSPI,,2040,-50,-2.39,2020,2080,1930,914561,1826904835,192446362080,94336452
20181113,002900,동양물산,KOSPI,,1780,-20,-1.11,1730,1780,1715,462133,803904710,116392242000,65388900
20181113,082640,동양생명,KOSPI,,5970,10,0.17,5850,6070,5790,199664,1182857350,963310752450,161358585
20181113,001525,동양우,KOSPI,,9820,180,1.87,9640,10000,9330,2014,19853910,6066118420,617731
20181113,008970,동양철관,KOSPI,,1570,-10,-0.63,1550,1580,1495,1367775,2092267450,139549905300,88885290
20181113,092780,동양피스톤,KOSPI,,4415,35,0.80,4380,4465,4320,56786,249814200,58138750900,13168460
20181113,049770,동원F&B,KOSPI,,284000,10500,3.84,268000,289000,268000,10862,3059699000,1095991216000,3859124
20181113,018500,동원금속,KOSPI,,888,-5,-0.56,892,892,866,84171,73728316,41518380504,46754933
20181113,006040,동원산업,KOSPI,,202500,-3500,-1.70,204500,206000,199000,13522,2739373000,681048000000,3363200
20181113,030720,동원수산,KOSPI,,9080,10,0.11,8990,9080,8780,56343,500660930,42040726880,4630036
20181113,014820,동원시스템즈,KOSPI,,26300,-200,-0.75,26450,26850,25750,16928,442775400,673766839300,25618511
20181113,014825,동원시스템즈우,KOSPI,,21700,-350,-1.59,21500,22400,21500,153,3316550,5758268600,265358
20181113,163560,동일고무벨트,KOSPI,,6380,0,0.00,6160,6420,6150,1204,7530260,82940000000,13000000
20181113,001530,동일방직,KOSPI,,59000,-1200,-1.99,59800,60000,58400,5502,323689600,140320231000,2378309
20181113,004890,동일산업,KOSPI,,59400,-300,-0.50,59900,59900,58600,967,57108000,144057771000,2425215
20181113,002690,동일제강,KOSPI,,3005,15,0.50,2965,3005,2915,30985,91217560,45075000000,15000000
20181113,000020,동화약품,KOSPI,,9470,50,0.53,9300,9680,9270,68533,646331800,264511020900,27931470
20181113,000150,두산,KOSPI,,129000,3000,2.38,125500,131000,122000,58565,7449020000,2476542387000,19198003
20181113,000157,두산2우B,KOSPI,,79200,-300,-0.38,78500,79500,78200,176,13821500,78066252000,985685
20181113,011160,두산건설,KOSPI,,1465,-50,-3.30,1500,1500,1435,105698,154250710,107422720385,73326089
20181113,241560,두산밥캣,KOSPI,,36200,-50,-0.14,36250,36750,35350,159162,5763370100,3629019809200,100249166
20181113,000155,두산우,KOSPI,,78500,300,0.38,77700,78700,77200,1840,143381100,346269309000,4411074
20181113,042670,두산인프라코어,KOSPI,,8270,-10,-0.12,8140,8270,7930,1275802,10356092770,1721458894470,208157061
20181113,034020,두산중공업,KOSPI,,11100,-100,-0.89,10950,11150,10750,732639,7994994100,1300329513300,117146803
20181113,016740,두올,KOSPI,,2735,-100,-3.53,2810,2810,2670,236663,644440980,74027369800,27066680
20181113,024090,디씨엠,KOSPI,,11800,-200,-1.67,11800,11950,11700,5856,68819550,138060000000,11700000
20181113,003160,디아이,KOSPI,,3765,80,2.17,3650,3765,3555,100128,364224710,118585395525,31496785
20181113,092200,디아이씨,KOSPI,,5530,-50,-0.90,5370,5570,5290,33276,179899800,124244777300,22467410
20181113,013570,디와이,KOSPI,,5470,-30,-0.55,5310,5530,5210,203204,1087954040,143968392510,26319633
20181113,210540,디와이파워,KOSPI,,13500,0,0.00,13150,13500,12800,150183,1978554250,149063058000,11041708
20181113,007340,디티알오토모티브,KOSPI,,32150,50,0.16,32100,32400,31000,7617,242762000,321307260750,9994005
20181113,026890,디피씨,KOSPI,,8590,140,1.66,8360,9250,8320,25369301,222786832430,358015523250,41678175
20181113,115390,락앤락,KOSPI,,16300,-100,-0.61,16150,16450,16100,85128,1384072550,896500000000,55000000
20181113,032350,롯데관광개발,KOSPI,,10550,50,0.48,10300,10750,10200,282989,2982378150,681173410000,64566200
20181113,000400,롯데손해보험,KOSPI,,2780,30,1.09,2710,2810,2685,311998,858616130,373298400000,134280000
20181113,023530,롯데쇼핑,KOSPI,,219500,1500,0.69,217000,220000,214500,89598,19531607500,6209381722500,28288755
20181113,004000,롯데정밀화학,KOSPI,,41750,550,1.33,40600,41750,40200,80179,3289651300,1077150000000,25800000
20181113,286940,롯데정보통신,KOSPI,,34500,-350,-1.00,33500,35000,33100,83179,2819306500,492867000000,14286000
20181113,280360,롯데제과,KOSPI,,152000,2000,1.33,148000,152000,145500,3562,528272500,639783504000,4209102
20181113,004990,롯데지주,KOSPI,,49950,-350,-0.70,49500,50300,49300,104857,5227242100,5822483538150,116566237
20181113,00499K,롯데지주우,KOSPI,,53000,-100,-0.19,51200,53000,51200,2753,143832800,52344019000,987623
20181113,005300,롯데칠성,KOSPI,,1275000,-21000,-1.62,1306000,1306000,1262000,816,1042662000,1019166150000,799346
20181113,005305,롯데칠성우,KOSPI,,626000,-5000,-0.79,631000,631000,610000,17,10500000,48534406000,77531
20181113,011170,롯데케미칼,KOSPI,,280000,-6000,-2.10,281500,283500,275500,95260,26541807000,9597117320000,34275419
20181113,002270,롯데푸드,KOSPI,,644000,-2000,-0.31,650000,650000,627000,1161,740058000,728924280000,1131870
20181113,071840,롯데하이마트,KOSPI,,53200,-2400,-4.32,55200,55200,52400,75603,4017167300,1255930278400,23607712
20181113,027740,마니커,KOSPI,,795,10,1.27,770,802,761,3540146,2783566847,105783918735,133061533
20181113,204320,만도,KOSPI,,30100,1100,3.79,28900,30400,28500,299987,8882458000,1413409312000,46957120
20181113,001080,만호제강,KOSPI,,16750,0,0.00,16550,16800,16250,3748,61782450,69512500000,4150000
20181113,088980,맥쿼리인프라,KOSPI,,9230,30,0.33,9180,9250,9180,154894,1428834410,3221679221280,349044336
20181113,094800,맵스리얼티1,KOSPI,,3840,-20,-0.52,3860,3860,3840,18428,70811335,356483831040,92834331
20181113,015540,메디플란트,KOSPI,,7390,790,11.97,6420,7690,6420,219759,1591074830,40182866350,5437465
20181113,138040,메리츠금융지주,KOSPI,,11950,300,2.58,11500,11950,11200,60331,701781450,1675680552300,140224314
20181113,008560,메리츠종금증권,KOSPI,,4495,35,0.78,4400,4495,4330,2570844,11376544445,2722356618640,605641072
20181113,000060,메리츠화재,KOSPI,,20650,100,0.49,20400,20950,20050,502947,10364760550,2347492000000,113680000
20181113,090370,메타랩스,KOSPI,,3025,-25,-0.82,2950,3070,2820,266910,790782570,134763120800,44549792
20181113,017180,명문제약,KOSPI,,5390,130,2.47,5140,5400,5090,212335,1108830210,132270600000,24540000
20181113,012690,모나리자,KOSPI,,4280,110,2.64,4110,4335,3930,3766633,15649207265,156524971400,36571255
20181113,005360,모나미,KOSPI,,2575,-50,-1.90,2600,2620,2505,102439,262752260,48660565525,18897307
20181113,204210,모두투어리츠,KOSPI,,3060,-50,-1.61,3140,3140,3005,1807,5467740,23950053900,7826815
20181113,009680,모토닉,KOSPI,,8300,-140,-1.66,8320,8340,8120,36568,300724480,273900000000,33000000
20181113,009580,무림P&P,KOSPI,,7150,-110,-1.52,7100,7190,6900,381347,2684664730,445933516600,62368324
20181113,009200,무림페이퍼,KOSPI,,2930,10,0.34,2860,2940,2815,37398,106779665,121915278300,41609310
20181113,033920,무학,KOSPI,,11250,-250,-2.17,11400,11400,11100,28079,315195900,320625000000,28500000
20181113,008420,문배철강,KOSPI,,2870,-90,-3.04,2885,2945,2820,133024,380500735,58845059350,20503505
20181113,025560,미래산업,KOSPI,,187,-1,-0.53,186,192,181,4654752,867028846,118711040800,634818400
20181113,007120,미래아이앤지,KOSPI,,445,3,0.68,443,448,435,367909,162571577,46096356955,103587319
20181113,006800,미래에셋대우,KOSPI,,6930,-210,-2.94,6980,7020,6760,4203070,28829703410,4562132707440,658316408
20181113,00680K,미래에셋대우2우B,KOSPI,,3730,-55,-1.45,3760,3760,3685,139501,517235480,522200000000,140000000
20181113,006805,미래에셋대우우,KOSPI,,4160,-35,-0.83,4205,4205,4120,11117,45988945,58555120000,14075750
20181113,085620,미래에셋생명,KOSPI,,4860,-15,-0.31,4875,4875,4795,85373,411155540,860298678540,177016189
20181113,002840,미원상사,KOSPI,,246000,2000,0.82,244000,246000,241000,37,8973500,195062748000,792938
20181113,268280,미원에스씨,KOSPI,,66900,200,0.30,66500,67300,66000,904,60138400,348227545500,5205195
20181113,107590,미원홀딩스,KOSPI,,36500,-200,-0.54,36300,36500,36000,232,8424750,85109751000,2331774
20181113,134380,미원화학,KOSPI,,40000,-500,-1.23,40500,40500,39400,186,7359850,87407200000,2185180
20181113,003650,미창석유,KOSPI,,78800,400,0.51,78400,78800,78400,221,17340200,137086153600,1739672
20181113,155900,바다로19호,KOSPI,,2875,10,0.35,2870,2880,2870,6820,19597850,43700011500,15200004
20181113,003610,방림,KOSPI,,24650,500,2.07,24150,24750,23700,2747,65861250,104304231850,4231409
20181113,001340,백광산업,KOSPI,,2405,-10,-0.41,2345,2405,2335,46151,109001340,108028768835,44918407
20181113,014580,백광소재,KOSPI,,2655,0,0.00,2575,2655,2555,23630,61221635,73233130500,27583100
20181113,035150,백산,KOSPI,,4995,-5,-0.10,4990,5010,4900,27295,135318460,120879000000,24200000
20181113,002410,범양건영,KOSPI,,1665,85,5.38,1555,1820,1500,2129555,3615092505,41344966980,24831812
20181113,096300,베트남개발1,KOSPI,,365,-3,-0.82,368,370,363,267464,97860434,45349556400,124245360
20181113,007210,벽산,KOSPI,,2380,-95,-3.84,2435,2435,2330,228624,541557450,163172800000,68560000
20181113,002760,보락,KOSPI,,2385,-45,-1.85,2375,2450,2305,1533980,3687345165,142861500000,59900000
20181113,003850,보령제약,KOSPI,,10200,0,0.00,10100,10250,9990,217744,2200373520,450840000000,44200000
20181113,000890,보해양조,KOSPI,,1405,70,5.24,1315,1420,1315,14056719,19383413115,135681617130,96570546
20181113,003000,부광약품,KOSPI,,25250,850,3.48,24000,25300,23950,178745,4421706600,1233974645750,48870283
20181113,001270,부국증권,KOSPI,,22050,50,0.23,21800,22050,21800,522,11421550,228655986300,10369886
20181113,001275,부국증권우,KOSPI,,19600,-50,-0.25,19550,19600,19550,515,10078750,58800000000,3000000
20181113,026940,부국철강,KOSPI,,2740,60,2.24,2640,2765,2610,153270,414802155,54800000000,20000000
20181113,015350,부산가스,KOSPI,,35700,-500,-1.38,36150,36150,35350,1848,65978200,392700000000,11000000
20181113,011390,부산산업,KOSPI,,141000,-2500,-1.74,137500,142000,136000,32678,4539712500,148896000000,1056000
20181113,005030,부산주공,KOSPI,,554,-11,-1.95,565,565,545,43196,23753384,23461638512,42349528
20181113,100220,비상교육,KOSPI,,6920,-180,-2.54,7010,7100,6820,12373,85568160,89937447720,12996741
20181113,005180,빙그레,KOSPI,,69600,-1400,-1.97,70500,71000,69100,18291,1280899200,685646373600,9851241
20181113,003960,사조대림,KOSPI,,20700,50,0.24,20400,20850,19800,13392,270085250,123383902500,5960575
20181113,008040,사조동아원,KOSPI,,1145,-35,-2.97,1170,1170,1115,123773,140267805,161610567000,141144600
20181113,007160,사조산업,KOSPI,,51900,0,0.00,51100,52400,50000,10511,533395800,259500000000,5000000
20181113,014710,사조씨푸드,KOSPI,,6160,-30,-0.48,6090,6180,6030,9213,56001010,106066224880,17218543
20181113,006090,사조오양,KOSPI,,9730,-20,-0.21,9610,9830,9470,10737,102701990,91683250470,9422739
20181113,079660,사조해표,KOSPI,,10200,-300,-2.86,10400,10400,10150,30096,307758550,73032000000,7160000
20181113,005090,삼광글라스,KOSPI,,29000,-1500,-4.92,30500,30500,29000,8193,241490600,140778122000,4854418
20181113,001470,삼부토건,KOSPI,,4520,-130,-2.80,4600,4600,4405,86262,386262825,112110152120,24803131
20181113,006400,삼성SDI,KOSPI,,216000,-3000,-1.37,212500,217500,208000,480455,102071387500,14853138480000,68764530
20181113,006405,삼성SDI우,KOSPI,,89300,-1200,-1.33,90000,90000,88900,2785,248697300,144478112800,1617896
20181113,006660,삼성공조,KOSPI,,8900,-20,-0.22,8730,8940,8730,379,3347920,72324194600,8126314
20181113,028260,삼성물산,KOSPI,,106000,4000,3.92,101000,106500,100500,504236,52689587000,20107144558000,189690043
20181113,02826K,삼성물산우B,KOSPI,,70400,1900,2.77,68700,70400,68100,1564,109037200,114571776000,1627440
20181113,207940,삼성바이오로직스,KOSPI,,313500,28000,9.81,284000,328500,283000,1508590,464378248000,20742727500000,66165000
20181113,032830,삼성생명,KOSPI,,92500,-700,-0.75,92900,92900,91000,142484,13099238800,18500000000000,200000000
20181113,018260,삼성에스디에스,KOSPI,,186500,-4500,-2.36,188500,188500,179500,96378,17640006500,14430959700000,77377800
20181113,028050,삼성엔지니어링,KOSPI,,18250,-150,-0.82,18050,18350,17600,715653,12894059650,3577000000000,196000000
20181113,009150,삼성전기,KOSPI,,112000,-3000,-2.61,111500,112500,109000,2179772,241375719000,8365693952000,74693696
20181113,009155,삼성전기우,KOSPI,,45500,-700,-1.52,45650,45650,44600,4192,188806400,132267772000,2906984
20181113,005930,삼성전자,KOSPI,,44500,-700,-1.55,43900,44500,43400,9311126,410326698042,285659949150000,6419324700
20181113,005935,삼성전자우,KOSPI,,37350,-150,-0.40,36600,37350,36500,808454,29816122081,33750543150000,903629000
20181113,001360,삼성제약,KOSPI,,2650,45,1.73,2565,2655,2530,249175,645496785,154322874550,58235047
20181113,010140,삼성중공업,KOSPI,,7430,-20,-0.27,7300,7490,7180,3095947,22700868740,4680900000000,630000000
20181113,010145,삼성중공우,KOSPI,,47350,350,0.74,46850,48700,45550,2394,112544650,5437910750,114845
20181113,016360,삼성증권,KOSPI,,28900,-400,-1.37,28450,29000,28450,296836,8525542300,2580770000000,89300000
20181113,068290,삼성출판사,KOSPI,,13000,-200,-1.52,12900,13150,12600,100434,1298196650,130000000000,10000000
20181113,029780,삼성카드,KOSPI,,33850,-500,-1.46,33950,34900,33300,107958,3667126000,3921823460350,115858891
20181113,000810,삼성화재,KOSPI,,286000,-1500,-0.52,288500,288500,282000,53772,15337889500,13549203382000,47374837
20181113,000815,삼성화재우,KOSPI,,182000,-500,-0.27,181000,182000,180000,5415,978631500,580944000000,3192000
20181113,006110,삼아알미늄,KOSPI,,4660,-70,-1.48,4650,4775,4450,110348,507833200,51260000000,11000000
20181113,145990,삼양사,KOSPI,,57700,-1100,-1.87,58600,58600,56700,17408,993923600,593721633100,10289803
20181113,145995,삼양사우,KOSPI,,37950,0,0.00,38150,38150,37900,15,570150,14044156500,370070
20181113,003230,삼양식품,KOSPI,,61200,3500,6.07,55800,61200,55600,53163,3116067000,461020518000,7533015
20181113,002170,삼양통상,KOSPI,,40750,-400,-0.97,41450,41450,40700,5191,211759750,122250000000,3000000
20181113,272550,삼양패키징,KOSPI,,15450,-400,-2.52,15850,16050,15400,18584,289377250,219541471800,14209804
20181113,000070,삼양홀딩스,KOSPI,,75000,-2000,-2.60,76600,76600,73400,27199,2027156300,642320325000,8564271
20181113,000075,삼양홀딩스우,KOSPI,,46200,-1500,-3.14,47400,48900,46000,387,17905350,14047479600,304058
20181113,002810,삼영무역,KOSPI,,14500,-350,-2.36,14800,14950,14200,13590,196411350,238766033500,16466623
20181113,005680,삼영전자,KOSPI,,11450,50,0.44,11300,11500,11000,29247,328468800,229000000000,20000000
20181113,003720,삼영화학,KOSPI,,724,-3,-0.41,703,725,696,62666,44288664,24616000000,34000000
20181113,023000,삼원강재,KOSPI,,2740,-5,-0.18,2735,2750,2720,907,2480555,109600000000,40000000
20181113,004380,삼익THK,KOSPI,,10600,-500,-4.50,10850,10950,9970,246399,2547986610,222600000000,21000000
20181113,002450,삼익악기,KOSPI,,1740,30,1.75,1675,1745,1660,553958,943035740,157523792100,90530915
20181113,000520,삼일제약,KOSPI,,25750,1050,4.25,24500,26500,24200,206353,5267871900,167375000000,6500000
20181113,009770,삼정펄프,KOSPI,,33200,-650,-1.92,33450,33500,33200,157,5215350,82999037200,2499971
20181113,005500,삼진제약,KOSPI,,38600,850,2.25,37350,38600,37250,40096,1519581500,536540000000,13900000
20181113,004690,삼천리,KOSPI,,90400,100,0.11,90300,91000,88700,2544,227108400,366574260000,4055025
20181113,001880,삼호,KOSPI,,12450,-500,-3.86,12800,12850,12150,3785,47790150,188988086700,15179766
20181113,010960,삼호개발,KOSPI,,4550,170,3.88,4215,4550,4215,101593,439675685,113750000000,25000000
20181113,004450,삼화왕관,KOSPI,,43900,0,0.00,43550,43900,43350,48,2088200,94577238100,2154379
20181113,009470,삼화전기,KOSPI,,21800,-200,-0.91,21050,21950,20550,96710,2049515100,144181276000,6613820
20181113,011230,삼화전자,KOSPI,,2460,-50,-1.99,2450,2495,2375,31686,76515280,25726532400,10457940
20181113,001820,삼화콘덴서,KOSPI,,58800,-100,-0.17,57000,58800,55500,351777,20033256300,611226000000,10395000
20181113,000390,삼화페인트,KOSPI,,6140,-40,-0.65,6120,6150,6010,33731,204846600,162333931140,26438751
20181113,041650,상신브레이크,KOSPI,,3640,-110,-2.93,3740,3740,3625,65427,238517410,78156078000,21471450
20181113,075180,새론오토모티브,KOSPI,,4370,-10,-0.23,4305,4375,4300,27785,119714285,83904000000,19200000
20181113,007540,샘표,KOSPI,,45800,1100,2.46,45050,46950,44300,199815,9141003650,131711640000,2875800
20181113,248170,샘표식품,KOSPI,,28750,400,1.41,28000,28900,27900,15983,452318850,131338222500,4568286
20181113,007860,서연,KOSPI,,3700,-20,-0.54,3645,3720,3595,20617,75455240,86875422800,23479844
20181113,200880,서연이화,KOSPI,,4025,-135,-3.25,4130,4130,3935,150662,600617025,108789458925,27028437
20181113,017390,서울가스,KOSPI,,87600,900,1.04,88000,88000,85900,104,9037400,438000000000,5000000
20181113,004410,서울식품,KOSPI,,210,26,14.13,184,225,181,94045072,20208522402,70856100000,337410000
20181113,004415,서울식품우,KOSPI,,4965,1145,29.97,3940,4965,3875,1019920,4919146880,11044642500,2224500
20181113,021050,서원,KOSPI,,1040,-20,-1.89,1060,1060,1010,99822,102333125,49373573600,47474590
20181113,008490,서흥,KOSPI,,25250,-650,-2.51,25250,25300,24800,24110,604104850,292120103250,11569113
20181113,007610,선도전기,KOSPI,,3930,-90,-2.24,3900,3960,3700,152959,591417640,70740000000,18000000
20181113,136490,선진,KOSPI,,10450,-50,-0.48,10500,10500,9980,77075,784151950,248496861800,23779604
20181113,002820,선창산업,KOSPI,,5000,-190,-3.66,5170,5170,4965,8719,43625105,63039945000,12607989
20181113,014910,성문전자,KOSPI,,2695,30,1.13,2680,2785,2590,608650,1629808925,52517079615,19486857
20181113,014915,성문전자우,KOSPI,,13300,50,0.38,14350,15150,13000,410809,5743317450,7980000000,600000
20181113,003080,성보화학,KOSPI,,6190,10,0.16,6190,6210,6100,6085,37268900,123923800000,20020000
20181113,004980,성신양회,KOSPI,,8910,50,0.56,8520,8930,8490,246566,2135204240,213915574620,24008482
20181113,004987,성신양회2우B,KOSPI,,16150,850,5.56,15100,16450,14800,34123,540510700,3564191950,220693
20181113,004989,성신양회3우B,KOSPI,,10100,-150,-1.46,10250,10250,9830,723,7303480,2897669800,286898
20181113,004985,성신양회우,KOSPI,,10050,400,4.15,9320,10350,9230,65359,649466980,7393232250,735645
20181113,011300,성안,KOSPI,,588,0,0.00,598,600,568,118305,68899415,33432421680,56857860
20181113,000180,성창기업지주,KOSPI,,2045,-45,-2.15,2080,2085,2005,158965,323291035,142642022000,69751600
20181113,002420,세기상사,KOSPI,,76800,700,0.92,76100,76800,75000,80,6036300,31303065600,407592
20181113,004360,세방,KOSPI,,11850,50,0.42,11800,11850,11450,9944,115372800,228807976500,19308690
20181113,004365,세방우,KOSPI,,6270,10,0.16,6270,6290,6240,208,1298320,23131597500,3689250
20181113,004490,세방전지,KOSPI,,36500,-50,-0.14,36100,36950,35600,15242,553892450,511000000000,14000000
20181113,001430,세아베스틸,KOSPI,,15850,-250,-1.55,16050,16100,15550,61713,969817600,568414586150,35862119
20181113,306200,세아제강,KOSPI,,59100,-1500,-2.48,59800,60600,58600,6674,395234200,167625330000,2836300
20181113,003030,세아제강지주,KOSPI,,49950,-50,-0.10,49900,50000,49000,8273,409192400,158026815000,3163700
20181113,019440,세아특수강,KOSPI,,15250,-200,-1.29,15300,15450,15150,1755,26985600,130692500000,8570000
20181113,058650,세아홀딩스,KOSPI,,104500,0,0.00,103000,104500,100000,721,73105000,418000000000,4000000
20181113,013000,세우글로벌,KOSPI,,1420,75,5.58,1325,1435,1310,210766,287438670,33640801100,23690705
20181113,091090,세원셀론텍,KOSPI,,4000,50,1.27,3880,4020,3800,285144,1112422440,243963168000,60990792
20181113,021820,세원정공,KOSPI,,7660,70,0.92,7590,7660,7500,1956,14847970,76600000000,10000000
20181113,067830,세이브존I&C,KOSPI,,3510,50,1.45,3445,3600,3365,28661,101107135,144053541450,41040895
20181113,033530,세종공업,KOSPI,,4990,-60,-1.19,5000,5050,4865,13815,68851820,100071605700,20054430
20181113,075580,세진중공업,KOSPI,,3990,40,1.01,3950,3990,3755,73768,287279005,153107152800,38372720
20181113,027970,세하,KOSPI,,1305,-5,-0.38,1310,1310,1275,2458,3167025,38579711085,29562997
20181113,145210,세화아이엠씨,KOSPI,,2990,0,0.00,0,0,0,0,0,87912180330,29402067
20181113,068270,셀트리온,KOSPI,,200500,-1500,-0.74,198000,206500,197000,2668923,539949843500,25141878551500,125395903
20181113,004430,송원산업,KOSPI,,16900,-600,-3.43,17100,17100,16700,156245,2631923450,405600000000,24000000
20181113,017550,수산중공업,KOSPI,,1520,10,0.66,1455,1520,1450,708773,1045118995,82057447760,53985163
20181113,002200,수출포장,KOSPI,,20650,-50,-0.24,20400,20650,20100,1223,24894050,82600000000,4000000
20181113,053210,스카이라이프,KOSPI,,10700,-500,-4.46,11100,11100,10600,218003,2346840000,511695036200,47821966
20181113,134790,시디즈,KOSPI,,50500,200,0.40,50300,51300,48250,335,16730250,101000000000,2000000
20181113,016590,신대양제지,KOSPI,,67700,-1700,-2.45,68500,68500,65900,52108,3481223700,272816241400,4029782
20181113,029530,신도리코,KOSPI,,45250,100,0.22,44550,45250,44400,6791,302645550,456121312250,10080029
20181113,004970,신라교역,KOSPI,,12650,0,0.00,12500,12650,12400,9632,120166450,202400000000,16000000
20181113,011930,신성이엔지,KOSPI,,1100,-5,-0.45,1080,1105,1040,471143,500949005,190293084300,172993713
20181113,005390,신성통상,KOSPI,,879,-1,-0.11,860,879,845,265665,228689124,126319674810,143708390
20181113,004170,신세계,KOSPI,,252500,-2000,-0.79,249500,255500,246000,73167,18288105000,2485908202500,9845181
20181113,035510,신세계 I&C,KOSPI,,120500,500,0.42,116000,121500,115000,11899,1402703500,207260000000,1720000
20181113,034300,신세계건설,KOSPI,,28650,550,1.96,27700,28850,27600,8434,237553350,114600000000,4000000
20181113,031430,신세계인터내셔날,KOSPI,,151000,4000,2.72,142000,151500,140500,61067,8976398000,1078140000000,7140000
20181113,031440,신세계푸드,KOSPI,,82000,-2400,-2.84,84000,84000,81500,20380,1672300700,317543360000,3872480
20181113,006880,신송홀딩스,KOSPI,,4380,-35,-0.79,4400,4520,4255,3499,15253995,51810398040,11828858
20181113,005800,신영와코루,KOSPI,,130000,-500,-0.38,130500,130500,129000,84,10875000,117000000000,900000
20181113,001720,신영증권,KOSPI,,57100,300,0.53,56600,57100,56300,3781,214739500,535954132700,9386237
20181113,001725,신영증권우,KOSPI,,52200,0,0.00,52000,52200,51700,6390,331484700,368206428600,7053763
20181113,009270,신원,KOSPI,,1745,10,0.58,1685,1750,1670,500108,855816455,133908075240,76738152
20181113,009275,신원우,KOSPI,,48750,150,0.31,47000,49100,47000,1056,50800750,4423575000,90740
20181113,002700,신일산업,KOSPI,,1270,-30,-2.31,1275,1295,1250,1697737,2149921560,90230351670,71047521
20181113,019170,신풍제약,KOSPI,,7230,190,2.70,6830,7510,6810,549578,3911237340,383081477700,52984990
20181113,019175,신풍제약우,KOSPI,,6920,370,5.65,6470,7100,6330,78051,534132860,15224000000,2200000
20181113,002870,신풍제지,KOSPI,,1300,0,0.00,1275,1305,1240,213753,273314970,45446310000,34958700
20181113,005450,신한,KOSPI,,3800,-100,-2.56,3800,3875,3750,11158,42119875,26686788200,7022839
20181113,293940,신한알파리츠,KOSPI,,5560,-40,-0.71,5650,5650,5500,36462,202157930,211870043880,38106123
20181113,055550,신한지주,KOSPI,,43400,0,0.00,43750,43750,42750,815870,35395401670,20580262075800,474199587
20181113,001770,신화실업,KOSPI,,19200,300,1.59,18900,19350,18750,387,7394700,23325657600,1214878
20181113,004080,신흥,KOSPI,,10250,0,0.00,10100,10250,10050,1185,11976550,98400000000,9600000
20181113,102280,쌍방울,KOSPI,,1015,0,0.00,999,1015,976,393531,391016289,131061076195,129124213
20181113,003410,쌍용양회,KOSPI,,5280,50,0.96,5150,5310,5040,1351746,6987255240,2660378661600,503859595
20181113,003415,쌍용양회우,KOSPI,,5330,50,0.95,5200,5340,5100,30509,158811990,8227841050,1543685
20181113,003620,쌍용차,KOSPI,,3560,-140,-3.78,3570,3630,3560,212046,758001750,491099849760,137949396
20181113,004770,써니전자,KOSPI,,2025,-30,-1.46,2015,2035,1900,340191,672397680,60702372000,29976480
20181113,004920,씨아이테크,KOSPI,,520,0,0.00,500,521,500,194897,98967076,25590404320,49212316
20181113,112610,씨에스윈드,KOSPI,,31600,-250,-0.78,31500,31800,30700,58152,1827240150,546228594000,17285715
20181113,008700,아남전자,KOSPI,,2470,-65,-2.56,2470,2495,2380,2183917,5319509965,190498305400,77124820
20181113,002790,아모레G,KOSPI,,57400,-2300,-3.85,59000,59000,57400,193427,11176388000,4733099532000,82458180
20181113,002795,아모레G우,KOSPI,,27950,-1300,-4.44,29250,29250,27900,4464,125468450,180103371500,6443770
20181113,090430,아모레퍼시픽,KOSPI,,153000,-4000,-2.55,154500,156500,150000,305109,46793360000,8944148970000,58458490
20181113,090435,아모레퍼시픽우,KOSPI,,83900,-1500,-1.76,85000,85400,82500,10940,917312700,885801937000,10557830
20181113,002030,아세아,KOSPI,,105000,-6500,-5.83,110500,111000,104500,4216,446697500,230057520000,2191024
20181113,183190,아세아시멘트,KOSPI,,100500,-2500,-2.43,101500,102000,98900,13772,1375166000,391528804500,3895809
20181113,002310,아세아제지,KOSPI,,35100,-550,-1.54,35050,35400,34150,47204,1630374800,314373220200,8956502
20181113,020560,아시아나항공,KOSPI,,3970,15,0.38,3950,3970,3855,411037,1610834060,814784117180,205235294
20181113,122900,아이마켓코리아,KOSPI,,7610,-60,-0.78,7500,7610,7310,303197,2259025930,273528817400,35943340
20181113,010780,아이에스동서,KOSPI,,30000,-950,-3.07,30100,30150,28500,134741,3925814600,925599930000,30853331
20181113,033660,아주캐피탈,KOSPI,,8260,0,0.00,8210,8260,8170,13944,114550320,475329051400,57545890
20181113,101140,아티스,KOSPI,,3130,60,1.95,3070,3130,3000,73374,224816855,73996990430,23641211
20181113,001780,알루코,KOSPI,,2745,-5,-0.18,2670,2750,2630,154868,413877760,204568659990,74524102
20181113,002250,알보젠코리아,KOSPI,,27000,0,0.00,27000,27000,26850,46,1239300,320163894000,11857922
20181113,018250,애경산업,KOSPI,,47700,2500,5.53,43700,47700,43200,266314,12241145300,1252894639500,26266135
20181113,161000,애경유화,KOSPI,,8080,-200,-2.42,8140,8160,7870,154623,1233762510,258883200000,32040000
20181113,011090,에넥스,KOSPI,,1080,-20,-1.82,1090,1105,1045,176786,187798245,64790972280,59991641
20181113,005850,에스엘,KOSPI,,14700,500,3.52,13900,14800,13800,122398,1768287300,497816823000,33865090
20181113,012750,에스원,KOSPI,,93500,-500,-0.53,94000,95000,92200,50012,4689280800,3552923143000,37999178
20181113,023960,에쓰씨엔지니어링,KOSPI,,1600,-50,-3.03,1590,1645,1550,70695,111723845,40026539200,25016587
20181113,140910,에이리츠,KOSPI,,4920,-25,-0.51,4925,4940,4835,858,4195400,18085472280,3675909
20181113,078520,에이블씨엔씨,KOSPI,,8300,-150,-1.78,8300,8400,7990,131777,1073156970,206032252900,24823163
20181113,015260,에이엔피,KOSPI,,413,-8,-1.90,414,418,402,274437,111667635,34190150484,82784868
20181113,007460,에이프로젠 KIC,KOSPI,,8120,230,2.92,7610,8120,7600,119314,936727790,404171262320,49774786
20181113,003060,에이프로젠제약,KOSPI,,2740,10,0.37,2610,2780,2610,339862,921076240,295597211560,107882194
20181113,036570,엔씨소프트,KOSPI,,447000,-500,-0.11,445000,452500,439000,145076,65061352000,9806742834000,21939022
20181113,138250,엔에스쇼핑,KOSPI,,11400,150,1.33,11000,11700,11000,98087,1113197300,384134400000,33696000
20181113,085310,엔케이,KOSPI,,1165,5,0.43,1140,1165,1105,295304,334686305,93180605080,79983352
20181113,009810,엔케이물산,KOSPI,,775,19,2.51,756,781,725,1931422,1462034484,62960010325,81238723
20181113,900140,엘브이엠씨홀딩스,KOSPI,,2465,-60,-2.38,2465,2485,2350,1334485,3223427760,117998337220,47869508
20181113,014440,영보화학,KOSPI,,3665,-40,-1.08,3700,3700,3515,12530,45249630,73300000000,20000000
20181113,111770,영원무역,KOSPI,,35050,-600,-1.68,35450,35750,34250,107566,3756576050,1553116953400,44311468
20181113,009970,영원무역홀딩스,KOSPI,,59900,600,1.01,58200,61200,57500,3193,189467700,816771960800,13635592
20181113,003520,영진약품,KOSPI,,5940,190,3.30,5750,5980,5700,1035543,6082004070,1086382822140,182892731
20181113,000670,영풍,KOSPI,,697000,7000,1.01,690000,705000,673000,1487,1036566000,1283901880000,1842040
20181113,006740,영풍제지,KOSPI,,3280,35,1.08,3150,3280,3130,30136,96569625,72816000000,22200000
20181113,012280,영화금속,KOSPI,,1200,-25,-2.04,1205,1215,1175,213924,255177665,54541207200,45451006
20181113,012160,영흥철강,KOSPI,,1000,-5,-0.50,998,1000,970,305322,300528063,85826509000,85826509
20181113,015360,예스코홀딩스,KOSPI,,40950,-150,-0.36,41100,41100,40350,386,15745450,245700000000,6000000
20181113,007310,오뚜기,KOSPI,,659000,0,0.00,659000,660000,649000,4026,2630775000,2375851183000,3605237
20181113,079440,오렌지라이프,KOSPI,,33100,100,0.30,32550,33400,32300,141091,4666837900,2714200000000,82000000
20181113,002630,오리엔트바이오,KOSPI,,711,1,0.14,701,713,687,1821178,1268475933,119828458944,168535104
20181113,271560,오리온,KOSPI,,93000,-1400,-1.48,93800,94000,90300,163450,15072780500,3676658373000,39533961
20181113,001800,오리온홀딩스,KOSPI,,15550,50,0.32,15150,15650,15050,76287,1170453900,974118756150,62644293
20181113,070960,용평리조트,KOSPI,,5530,-10,-0.18,5370,5550,5290,100043,539293810,266177331490,48133333
20181113,004720,우리들제약,KOSPI,,7190,10,0.14,7060,7270,6900,87556,620555320,83190629560,11570324
20181113,118000,우리들휴브레인,KOSPI,,2465,20,0.82,2385,2475,2340,78321,189704070,59894616835,24298019
20181113,000030,우리은행,KOSPI,,16050,0,0.00,15900,16050,15750,801972,12777713650,10849800000000,676000000
20181113,010050,우리종금,KOSPI,,777,3,0.39,757,782,751,2790918,2128884370,523856046462,674203406
20181113,006980,우성사료,KOSPI,,2450,-5,-0.20,2400,2470,2370,69785,168467300,75705000000,30900000
20181113,017370,우신시스템,KOSPI,,6400,-70,-1.08,6470,6470,6120,9944,62403030,117209945600,18314054
20181113,105840,우진,KOSPI,,4925,25,0.51,4790,4925,4760,77904,376961655,86399900475,17543127
20181113,010400,우진아이엔에스,KOSPI,,12600,0,0.00,12300,13450,12000,654796,8405560150,96037200000,7622000
20181113,049800,우진플라임,KOSPI,,5430,-500,-8.43,5930,5930,5270,413907,2262713330,54300000000,10000000
20181113,016880,웅진,KOSPI,,2220,-50,-2.20,2185,2220,2140,787963,1718733510,161343399540,72677207
20181113,095720,웅진씽크빅,KOSPI,,4090,-50,-1.21,4125,4130,3950,180182,728028815,141600564850,34621165
20181113,103130,웅진에너지,KOSPI,,1650,-35,-2.08,1630,1655,1570,428786,691128970,49005721050,29700437
20181113,005820,원림,KOSPI,,19200,-100,-0.52,19300,19300,18850,1642,31576850,42240000000,2200000
20181113,010600,웰바이오텍,KOSPI,,7800,-30,-0.38,7800,8130,7740,418521,3305847730,180689917200,23165374
20181113,008600,윌비스,KOSPI,,1095,-15,-1.35,1090,1095,1055,261995,281599760,62415000000,57000000
20181113,033270,유나이티드제약,KOSPI,,21400,650,3.13,20400,21550,20350,92234,1937286200,346836690800,16207322
20181113,014830,유니드,KOSPI,,38400,-950,-2.41,39350,39350,37650,35679,1357937700,341369971200,8889843
20181113,000910,유니온,KOSPI,,3805,30,0.79,3715,3950,3575,189333,694962135,59402210295,15611619
20181113,047400,유니온머티리얼,KOSPI,,1850,-20,-1.07,1815,1850,1785,318147,576002280,77700000000,42000000
20181113,011330,유니켐,KOSPI,,1460,-55,-3.63,1485,1505,1430,265758,385801230,87045858460,59620451
20181113,077500,유니퀘스트,KOSPI,,6450,-120,-1.83,6490,6490,6250,75473,477613580,175183876950,27160291
20181113,002920,유성기업,KOSPI,,2820,-45,-1.57,2860,2860,2785,7387,20741115,73171950000,25947500
20181113,000700,유수홀딩스,KOSPI,,6280,-70,-1.10,6360,6360,6100,18224,113054650,163542579360,26041812
20181113,003470,유안타증권,KOSPI,,3405,-55,-1.59,3370,3405,3315,239005,803477725,679626341280,199596576
20181113,003475,유안타증권우,KOSPI,,2100,-35,-1.64,2120,2120,2010,22689,46882280,27115645200,12912212
20181113,011690,유양디앤유,KOSPI,,7550,250,3.42,7200,7620,7040,157978,1152490550,426964595100,56551602
20181113,072130,유엔젤,KOSPI,,3420,65,1.94,3270,3475,3180,30501,99982055,45128452680,13195454
20181113,000220,유유제약,KOSPI,,11500,100,0.88,11050,11650,11000,47259,530792250,73238750500,6368587
20181113,000225,유유제약1우,KOSPI,,7520,210,2.87,7250,7530,7170,6208,45450420,8523656800,1133465
20181113,000227,유유제약2우B,KOSPI,,17750,0,0.00,17150,17750,17100,728,12567900,2912420000,164080
20181113,001200,유진투자증권,KOSPI,,2515,-35,-1.37,2500,2515,2440,181134,448549445,243619041270,96866418
20181113,000100,유한양행,KOSPI,,235000,1500,0.64,233000,239500,229000,242797,56922800000,2869198190000,12209354
20181113,000105,유한양행우,KOSPI,,222500,-1500,-0.67,216000,230000,216000,3343,741663000,52551830000,236188
20181113,003460,유화증권,KOSPI,,13750,-50,-0.36,13800,13800,13550,2001,27243350,155931641250,11340483
20181113,003465,유화증권우,KOSPI,,13450,0,0.00,0,0,0,0,0,47011583250,3495285
20181113,008730,율촌화학,KOSPI,,12700,-350,-2.68,13000,13000,12550,50547,642988250,314960000000,24800000
20181113,008250,이건산업,KOSPI,,9630,-100,-1.03,9420,9650,9250,79922,754025080,99391143330,10320991
20181113,025820,이구산업,KOSPI,,1860,0,0.00,1805,1860,1790,98121,178090800,62202120000,33442000
20181113,214320,이노션,KOSPI,,55100,0,0.00,55100,55700,53800,40207,2216413500,1102000000000,20000000
20181113,088260,이리츠코크렙,KOSPI,,4750,-30,-0.63,4780,4790,4745,36067,171767120,300872552500,63341590
20181113,139480,이마트,KOSPI,,191000,-2000,-1.04,190000,192500,188000,103293,19639690500,5324281429000,27875819
20181113,007660,이수페타시스,KOSPI,,6520,-30,-0.46,6350,6570,6310,1258731,8124001470,269069954960,41268398
20181113,005950,이수화학,KOSPI,,10250,-50,-0.49,10200,10250,10050,14659,148555850,156599500000,15278000
20181113,015020,이스타코,KOSPI,,629,-2,-0.32,624,629,613,63070,39040809,26953656400,42851600
20181113,093230,이아이디,KOSPI,,195,1,0.52,192,196,187,533337,101625081,47226795720,242188696
20181113,102460,이연제약,KOSPI,,16150,100,0.62,15650,16300,15600,15978,253866700,270835500000,16770000
20181113,084680,이월드,KOSPI,,2035,-50,-2.40,2035,2075,1955,1769028,3551374745,184187640395,90509897
20181113,000760,이화산업,KOSPI,,19750,-450,-2.23,19650,20100,19650,83,1641100,55300000000,2800000
20181113,014990,인디에프,KOSPI,,2065,0,0.00,2010,2075,1935,487081,968218310,121696634675,58932995
20181113,006490,인스코비,KOSPI,,6470,50,0.78,6250,6510,6150,1445610,9226819910,580510812080,89723464
20181113,023800,인지컨트롤스,KOSPI,,4995,-305,-5.75,5260,5260,4855,162405,808048715,75724839360,15160128
20181113,034590,인천도시가스,KOSPI,,30050,50,0.17,30050,30050,29900,301,9021200,131461357700,4374754
20181113,129260,인터지스,KOSPI,,2350,-5,-0.21,2345,2355,2295,2733,6368655,69907503900,29747874
20181113,023810,인팩,KOSPI,,3210,-70,-2.13,3155,3240,3130,19271,61084120,32100000000,10000000
20181113,249420,일동제약,KOSPI,,20150,350,1.77,19500,20300,19250,55831,1110891450,435066971950,21591413
20181113,000230,일동홀딩스,KOSPI,,12850,-100,-0.77,12900,12900,12500,4044,51129200,134800303600,10490296
20181113,013360,일성건설,KOSPI,,1115,-10,-0.89,1110,1150,1085,132694,146833090,60237741200,54024880
20181113,003120,일성신약,KOSPI,,93700,-1900,-1.99,94000,95600,93400,46,4324600,249242000000,2660000
20181113,003200,일신방직,KOSPI,,96400,-600,-0.62,96900,96900,95400,1426,136728400,231360000000,2400000
20181113,007110,일신석재,KOSPI,,1590,5,0.32,1545,1615,1505,643314,991889130,123156009900,77456610
20181113,007570,일양약품,KOSPI,,29500,450,1.55,28550,29600,28300,55387,1602311350,561856528000,19045984
20181113,007575,일양약품우,KOSPI,,20200,200,1.00,19550,20300,19500,770,15225350,8990616000,445080
20181113,008500,일정실업,KOSPI,,16550,-50,-0.30,15800,16600,15700,32,516250,19860000000,1200000
20181113,081000,일진다이아,KOSPI,,19750,-150,-0.75,19300,19800,18800,77612,1495854600,222740006250,11277975
20181113,020760,일진디스플,KOSPI,,3730,-190,-4.85,3895,3895,3670,170545,635720770,105612861200,28314440
20181113,020150,일진머티리얼즈,KOSPI,,48800,2400,5.17,45350,49050,44550,503206,23595014150,2250208748000,46110835
20181113,103590,일진전기,KOSPI,,3170,-15,-0.47,3095,3175,3045,77199,237511700,117544836300,37080390
20181113,015860,일진홀딩스,KOSPI,,2780,-50,-1.77,2830,2830,2690,37857,103664300,137186002740,49347483
20181113,226320,잇츠한불,KOSPI,,24350,-700,-2.79,24500,24650,23600,62631,1507012050,533978820250,21929315
20181113,033240,자화전자,KOSPI,,13100,-750,-5.42,13550,13650,12800,309611,4042529700,234490000000,17900000
20181113,000950,전방,KOSPI,,17200,-150,-0.86,16950,17250,16950,1226,20844650,28896000000,1680000
20181113,194370,제이에스코퍼레이션,KOSPI,,12400,-400,-3.13,12650,12750,12200,22155,274312350,165361452400,13335601
20181113,025620,제이준코스메틱,KOSPI,,10950,200,1.86,10400,11000,10250,573374,6067876700,290420608500,26522430
20181113,030000,제일기획,KOSPI,,22400,250,1.13,22000,22500,21750,303544,6752046950,2576923440000,115041225
20181113,271980,제일약품,KOSPI,,49100,1500,3.15,47500,49400,47250,91823,4464063950,722009215200,14704872
20181113,001560,제일연마,KOSPI,,6080,-20,-0.33,6100,6100,5780,2570,15220630,60800000000,10000000
20181113,002620,제일파마홀딩스,KOSPI,,21250,100,0.47,20650,21450,20300,8589,178011200,92342023750,4345507
20181113,006220,제주은행,KOSPI,,4920,-40,-0.81,4940,4940,4860,22796,111464925,108873568080,22128774
20181113,089590,제주항공,KOSPI,,35200,-900,-2.49,35700,35800,34850,53878,1900811700,927757881600,26356758
20181113,004910,조광페인트,KOSPI,,6030,-90,-1.47,6110,6110,5950,10095,60406700,77184000000,12800000
20181113,004700,조광피혁,KOSPI,,37800,-500,-1.31,37700,38250,36300,1151,43427950,251337416400,6649138
20181113,001550,조비,KOSPI,,22250,-350,-1.55,21800,22500,21350,77684,1705297550,115527317750,5192239
20181113,000480,조선내화,KOSPI,,82700,0,0.00,81800,83100,81500,252,20724200,330800000000,4000000
20181113,120030,조선선재,KOSPI,,76800,100,0.13,75200,76800,75200,3498,265923200,96587596800,1257651
20181113,018470,조일알미늄,KOSPI,,970,-3,-0.31,972,972,945,72825,69694536,67512000000,69600000
20181113,002600,조흥,KOSPI,,185500,-2000,-1.07,180500,185500,180000,34,6196000,111300000000,600000
20181113,185750,종근당,KOSPI,,94500,2600,2.83,90700,94900,90400,27487,2569645400,933587802000,9879236
20181113,063160,종근당바이오,KOSPI,,19750,750,3.95,18900,19900,18900,8428,162193650,103282407750,5229489
20181113,001630,종근당홀딩스,KOSPI,,57400,-100,-0.17,56800,57500,54400,9402,525873100,287566021400,5009861
20181113,044380,주연테크,KOSPI,,374,-1,-0.27,377,377,360,368834,136262092,36941202980,98773270
20181113,013870,지엠비코리아,KOSPI,,6520,-80,-1.21,6360,6540,6360,39599,255305150,124351265600,19072280
20181113,071320,지역난방공사,KOSPI,,59300,-500,-0.84,59300,59500,58300,1784,105097900,686619519200,11578744
20181113,010580,지코,KOSPI,,727,-14,-1.89,739,739,700,399218,283874470,36729067978,50521414
20181113,035000,지투알,KOSPI,,7100,0,0.00,7100,7280,6900,2612,18377230,117628603900,16567409
20181113,088790,진도,KOSPI,,4995,45,0.91,4860,4995,4845,8361,40686290,62176481280,12447744
20181113,003780,진양산업,KOSPI,,3200,50,1.59,3075,3200,3000,136569,420710455,41600000000,13000000
20181113,010640,진양폴리,KOSPI,,1860,20,1.09,1860,1860,1750,20639,36719585,18600000000,10000000
20181113,100250,진양홀딩스,KOSPI,,2340,-30,-1.27,2370,2370,2305,12935,30175500,130794983280,55895292
20181113,051630,진양화학,KOSPI,,3175,120,3.93,2950,3175,2905,238877,727836175,38100000000,12000000
20181113,272450,진에어,KOSPI,,20350,350,1.75,19600,20350,19200,108314,2133684700,610500000000,30000000
20181113,011000,진원생명과학,KOSPI,,4900,10,0.20,4705,4940,4705,72836,350455745,103752908700,21174063
20181113,002780,진흥기업,KOSPI,,2450,-110,-4.30,2500,2735,2410,3998943,10323666230,356115050900,145353082
20181113,002787,진흥기업2우B,KOSPI,,14200,2100,17.36,12300,15500,12150,814352,11329961400,4186273600,294808
20181113,002785,진흥기업우B,KOSPI,,5200,1200,30.00,4575,5200,4410,1026833,4989876460,4457533600,857218
20181113,009310,참엔지니어링,KOSPI,,1860,0,0.00,1855,1860,1780,218498,397449610,91493321880,49189958
20181113,000650,천일고속,KOSPI,,84300,400,0.48,83500,84300,83500,261,21918600,120483246000,1429220
20181113,012600,청호컴넷,KOSPI,,2955,150,5.35,2805,3050,2785,60442,176033925,24752120160,8376352
20181113,033250,체시스,KOSPI,,915,9,0.99,906,917,883,116947,105150187,21960000000,24000000
20181113,035720,카카오,KOSPI,,101500,500,0.50,98800,101500,98700,278476,27844561600,8463706709500,83386273
20181113,006380,카프로,KOSPI,,4840,65,1.36,4650,4865,4550,178576,832423950,193600000000,40000000
20181113,109070,컨버즈,KOSPI,,6080,250,4.29,5560,6150,5410,220736,1280422950,71587063040,11774188
20181113,029460,케이씨,KOSPI,,15200,-650,-4.10,15600,15600,14800,40466,610782750,206021468800,13554044
20181113,281820,케이씨텍,KOSPI,,11550,-900,-7.23,12200,12300,11250,199579,2303330850,229144377000,19839340
20181113,145270,케이탑리츠,KOSPI,,977,19,1.98,946,979,933,577871,549076169,43195781521,44212673
20181113,058860,케이티스,KOSPI,,2375,-10,-0.42,2350,2375,2330,88554,208219410,82654750000,34802000
20181113,007815,코리아써우,KOSPI,,2670,-60,-2.20,2575,2685,2575,359,937995,7915722300,2964690
20181113,007810,코리아써키트,KOSPI,,5420,-100,-1.81,5400,5420,5140,75549,396898720,128024470420,23620751
20181113,00781K,코리아써키트2우B,KOSPI,,4430,-10,-0.23,4430,4430,4325,23,101780,3471786570,783699
20181113,152330,코리아오토글라스,KOSPI,,11700,0,0.00,11550,11700,11350,11862,136136500,234000000000,20000000
20181113,003690,코리안리,KOSPI,,9270,-220,-2.32,9320,9440,9200,259939,2401844440,1115821705320,120369116
20181113,192820,코스맥스,KOSPI,,117000,1500,1.30,112500,117000,111500,99153,11336797000,1175792553000,10049509
20181113,044820,코스맥스비티아이,KOSPI,,17950,-250,-1.37,17950,18000,17300,32282,569323650,172390381950,9603921
20181113,005070,코스모신소재,KOSPI,,19050,1700,9.80,16700,19050,16350,633692,11347392750,376198733250,19747965
20181113,005420,코스모화학,KOSPI,,16200,150,0.93,15550,16450,14850,325203,5070781400,256616067600,15840498
20181113,071950,코아스,KOSPI,,1230,-25,-1.99,1215,1245,1170,108996,131956620,38015868300,30907210
20181113,002020,코오롱,KOSPI,,31200,-750,-2.35,31750,31950,30450,19359,605416200,393944491200,12626426
20181113,003070,코오롱글로벌,KOSPI,,6400,-50,-0.78,6400,6400,6220,16098,100940390,161346803200,25210438
20181113,003075,코오롱글로벌우,KOSPI,,13100,50,0.38,13050,13600,12400,23787,308425450,4097719300,312803
20181113,144620,코오롱머티리얼,KOSPI,,2240,0,0.00,2180,2380,2140,113236,252061345,100800000000,45000000
20181113,002025,코오롱우,KOSPI,,19350,-200,-1.02,19700,19700,18600,920,17804500,20828146500,1076390
20181113,120110,코오롱인더,KOSPI,,55400,-1000,-1.77,55000,55700,53400,254952,13921191100,1494627736000,26978840
20181113,120115,코오롱인더우,KOSPI,,25500,-500,-1.92,26000,26000,24850,11999,303252650,70580430000,2767860
20181113,138490,코오롱플라스틱,KOSPI,,5520,-130,-2.30,5580,5630,5420,68784,376628460,209760000000,38000000
20181113,021240,코웨이,KOSPI,,67600,-1400,-2.03,69000,69000,66200,171308,11558058500,4988854244400,73799619
20181113,031820,콤텍시스템,KOSPI,,1370,20,1.48,1310,1370,1300,892816,1190841845,65556508420,47851466
20181113,192400,쿠쿠홀딩스,KOSPI,,126000,-3500,-2.70,128000,130000,125000,4954,627721500,896167062000,7112437
20181113,284740,쿠쿠홈시스,KOSPI,,163000,0,0.00,159000,165000,155000,6785,1076967000,731456958000,4487466
20181113,015590,큐로,KOSPI,,483,-19,-3.78,517,517,480,269458,131260014,60245868018,124732646
20181113,264900,크라운제과,KOSPI,,9850,-70,-0.71,9910,9980,9550,11032,106938570,123359922500,12523850
20181113,26490K,크라운제과우,KOSPI,,7740,320,4.31,7300,7760,7230,11204,84223880,5987354400,773560
20181113,005740,크라운해태홀딩스,KOSPI,,10150,150,1.50,9940,10150,9900,30051,299216260,150700572050,14847347
20181113,005745,크라운해태홀딩스우,KOSPI,,11750,850,7.80,10700,11850,10700,42651,484294250,7058530500,600726
20181113,020120,키다리스튜디오,KOSPI,,2660,-15,-0.56,2590,2830,2535,299682,800355775,42114580340,15832549
20181113,039490,키움증권,KOSPI,,83400,-1100,-1.30,82500,85000,80700,106447,8730929500,1843118316000,22099740
20181113,012170,키위미디어그룹,KOSPI,,339,10,3.04,321,345,315,1356862,447553793,63489496350,187284650
20181113,015890,태경산업,KOSPI,,5510,-110,-1.96,5510,5530,5380,44499,242309360,161050412500,29228750
20181113,006890,태경화학,KOSPI,,4520,-5,-0.11,4530,4530,4415,12845,57421460,52432000000,11600000
20181113,003240,태광산업,KOSPI,,1301000,-29000,-2.18,1334000,1334000,1284000,1127,1465499000,1448533400000,1113400
20181113,011280,태림포장,KOSPI,,2870,-10,-0.35,2900,2920,2825,135246,387624150,203213047800,70805940
20181113,004100,태양금속,KOSPI,,1140,100,9.62,1025,1235,999,5738018,6631285847,41838000000,36700000
20181113,004105,태양금속우,KOSPI,,4400,1015,29.99,3395,4400,3275,1984793,8044828205,14520000000,3300000
20181113,009410,태영건설,KOSPI,,10100,190,1.92,9810,10100,9610,391782,3830927780,771640000000,76400000
20181113,009415,태영건설우,KOSPI,,6300,580,10.14,5660,6300,5530,474772,2870755840,16112124000,2557480
20181113,001420,태원물산,KOSPI,,3890,10,0.26,3880,3890,3780,20260,77755470,29564000000,7600000
20181113,007980,태평양물산,KOSPI,,2990,120,4.18,2805,3080,2790,177288,517137615,149236108580,49911742
20181113,055490,테이팩스,KOSPI,,23100,750,3.36,21850,23400,21250,43476,965569950,108977715000,4717650
20181113,078000,텔코웨어,KOSPI,,13000,-100,-0.76,13100,13100,12750,22226,285848400,126135178000,9702706
20181113,214420,토니모리,KOSPI,,7850,-60,-0.76,7800,7880,7480,37673,287039640,138474000000,17640000
20181113,140890,트러스제7호,KOSPI,,2770,0,0.00,0,0,0,0,0,26830220000,9686000
20181113,019180,티에이치엔,KOSPI,,1930,-40,-2.03,2030,2030,1910,31815,61321325,34740000000,18000000
20181113,091810,티웨이항공,KOSPI,,7890,180,2.33,7710,7890,7560,163480,1268119070,370631266680,46974812
20181113,004870,티웨이홀딩스,KOSPI,,2425,-80,-3.19,2455,2480,2385,443580,1071355675,182934904450,75437074
20181113,005690,파미셀,KOSPI,,13550,1300,10.61,11850,13550,11850,843878,10857978700,812443772500,59958950
20181113,036580,팜스코,KOSPI,,7850,-530,-6.32,8300,8340,7480,443695,3439540980,288314352550,36727943
20181113,028670,팬오션,KOSPI,,4495,110,2.51,4355,4515,4250,1797442,7998614955,2402888585465,534569207
20181113,010820,퍼스텍,KOSPI,,3135,-5,-0.16,3050,3160,3010,312364,958717195,146607773400,46764840
20181113,016800,퍼시스,KOSPI,,29500,-100,-0.34,29500,30050,28850,1291,38145700,339250000000,11500000
20181113,001020,페이퍼코리아,KOSPI,,858,1,0.12,858,866,830,114484,97029356,46518156828,54216966
20181113,090080,평화산업,KOSPI,,2000,-65,-3.15,2000,2040,1935,506365,996911835,74807688000,37403844
20181113,010770,평화홀딩스,KOSPI,,3880,0,0.00,3750,3915,3750,24528,92833860,56746808080,14625466
20181113,058430,포스코강판,KOSPI,,18850,-500,-2.58,19000,19050,18250,20148,373141700,113100000000,6000000
20181113,047050,포스코대우,KOSPI,,19550,-350,-1.76,19550,19650,18900,304319,5872434550,2411984162950,123375149
20181113,007630,폴루스바이오팜,KOSPI,,8310,40,0.48,7950,8600,7850,334561,2758921440,262886559150,31634965
20181113,017810,풀무원,KOSPI,,82900,-2100,-2.47,82800,83700,80200,5678,466911400,315773975500,3809095
20181113,103140,풍산,KOSPI,,26900,100,0.37,26700,27050,25900,76106,2021919750,753853078200,28024278
20181113,005810,풍산홀딩스,KOSPI,,37450,-100,-0.27,37500,38000,36700,1540,57500250,293427004150,7835167
20181113,033180,필룩스,KOSPI,,13500,600,4.65,12650,13500,12650,1560613,20466558950,726663082500,53826895
20181113,086790,하나금융지주,KOSPI,,38250,-50,-0.13,37800,38250,37500,976467,37065797910,11484258871500,300242062
20181113,099340,하나니켈1호,KOSPI,,1020,5,0.49,1015,1020,1010,12522,12701840,23211324000,22756200
20181113,099350,하나니켈2호,KOSPI,,1400,-15,-1.06,1400,1410,1365,4196,5810660,4597600000,3284000
20181113,293480,하나제약,KOSPI,,22950,50,0.22,22300,23050,21750,158762,3599574500,371790000000,16200000
20181113,039130,하나투어,KOSPI,,68000,0,0.00,67000,68000,65700,92597,6221300200,789900580000,11616185
20181113,172580,하이골드12호,KOSPI,,2870,0,0.00,2870,2875,2860,6080,17449110,37437715000,13044500
20181113,153360,하이골드3호,KOSPI,,1890,5,0.27,1930,1930,1870,11421,21577320,30523103100,16149790
20181113,159650,하이골드8호,KOSPI,,1145,5,0.44,1145,1180,1135,44782,51635935,17067288705,14905929
20181113,071090,하이스틸,KOSPI,,25850,-550,-2.08,25450,26200,24900,8279,210493700,51698552400,1999944
20181113,019490,하이트론,KOSPI,,3505,5,0.14,3395,3725,3395,2461,8778670,19385226175,5530735
20181113,000080,하이트진로,KOSPI,,15700,-50,-0.32,15600,15750,15500,124863,1948810200,1101097692700,70133611
20181113,000087,하이트진로2우B,KOSPI,,14300,-50,-0.35,14550,14550,14150,1215,17334400,16160973400,1130138
20181113,000140,하이트진로홀딩스,KOSPI,,6570,-70,-1.05,6610,6670,6540,1476,9721850,152468446050,23206765
20181113,000145,하이트진로홀딩스우,KOSPI,,7910,50,0.64,7850,7910,7850,75,589540,3724107100,470810
20181113,152550,한국ANKOR유전,KOSPI,,1825,-10,-0.54,1835,1835,1825,16298,29811115,127786500000,70020000
20181113,036460,한국가스공사,KOSPI,,52100,-600,-1.14,52800,52800,51200,173756,8990388500,4809507300000,92313000
20181113,005430,한국공항,KOSPI,,39000,-700,-1.76,39500,39600,38400,2892,112436550,123487845000,3166355
20181113,071050,한국금융지주,KOSPI,,66100,700,1.07,64300,66300,62300,228975,14817097800,3683488071200,55725992
20181113,071055,한국금융지주우,KOSPI,,34750,-850,-2.39,35100,35250,34150,14196,490842850,203574222250,5858251
20181113,010040,한국내화,KOSPI,,4300,-55,-1.26,4190,4325,4125,635581,2680955990,98313617600,22863632
20181113,025540,한국단자,KOSPI,,35100,-500,-1.40,35600,36000,35000,10517,371792400,365566500000,10415000
20181113,004090,한국석유,KOSPI,,127500,-2000,-1.54,129500,129500,124000,3765,471147500,83538000000,655200
20181113,002960,한국쉘석유,KOSPI,,352000,1500,0.43,354000,354000,343500,1374,479694500,457600000000,1300000
20181113,002000,한국유리,KOSPI,,79300,0,0.00,0,0,0,0,0,799317038000,10079660
20181113,002005,한국유리우,KOSPI,,95000,0,0.00,0,0,0,0,0,43202865000,454767
20181113,123890,한국자산신탁,KOSPI,,4305,45,1.06,4200,4315,4155,96644,406953690,442295222145,102739889
20181113,015760,한국전력,KOSPI,,27350,-200,-0.73,27550,27600,27150,620488,16971985500,17557717505950,641964077
20181113,006200,한국전자홀딩스,KOSPI,,803,-1,-0.12,800,823,780,26652,21184973,37582918208,46803136
20181113,002300,한국제지,KOSPI,,15900,100,0.63,15800,15950,15500,11958,187330700,79578689100,5004949
20181113,023350,한국종합기술,KOSPI,,3900,5,0.13,3800,3900,3750,30222,114866590,42705000000,10950000
20181113,025890,한국주강,KOSPI,,1735,-40,-2.25,1775,1775,1715,5957,10354430,19621564365,11309259
20181113,000970,한국주철관,KOSPI,,9530,-330,-3.35,9510,9800,9420,14220,135400560,217288765000,22800500
20181113,104700,한국철강,KOSPI,,5590,-100,-1.76,5520,5700,5500,42773,237226050,257419500000,46050000
20181113,017960,한국카본,KOSPI,,7210,0,0.00,7090,7240,6950,363787,2583930410,316957057970,43960757
20181113,161890,한국콜마,KOSPI,,54300,-1600,-2.86,54500,55700,53800,128477,6959714200,1213425701400,22346698
20181113,024720,한국콜마홀딩스,KOSPI,,27550,-500,-1.78,27500,27850,27000,70055,1909186550,494218513300,17938966
20181113,161390,한국타이어,KOSPI,,41350,350,0.85,41000,41500,40650,116625,4804000050,5122234103150,123875069
20181113,000240,한국타이어월드와이드,KOSPI,,16100,-100,-0.62,16150,16300,15800,47381,763230350,1497624785300,93020173
20181113,034830,한국토지신탁,KOSPI,,2550,-15,-0.58,2535,2575,2505,550597,1392297525,643847536500,252489230
20181113,007280,한국특수형강,KOSPI,,2345,-120,-4.87,2455,2455,2260,143544,338537650,42258958910,18020878
20181113,168490,한국패러랠,KOSPI,,2570,0,0.00,2580,2580,2565,25238,64865675,205651400000,80020000
20181113,010100,한국프랜지,KOSPI,,1535,-35,-2.23,1530,1545,1515,82116,125927965,46741394700,30450420
20181113,047810,한국항공우주,KOSPI,,32000,150,0.47,31400,32050,30850,603649,18964618500,3119203424000,97475107
20181113,123690,한국화장품,KOSPI,,11200,-100,-0.88,11050,11200,10800,63339,695581600,179961600000,16068000
20181113,003350,한국화장품제조,KOSPI,,35300,-600,-1.67,34900,35400,32900,29892,1033578900,159979600000,4532000
20181113,011500,한농화성,KOSPI,,3895,-50,-1.27,3935,3990,3810,8228,31713750,60906278590,15637042
20181113,002390,한독,KOSPI,,24850,450,1.84,23700,24850,23700,27269,661147800,342023795050,13763533
20181113,014790,한라,KOSPI,,3895,-50,-1.27,3880,3895,3730,183188,712800980,151417899090,38874942
20181113,060980,한라홀딩스,KOSPI,,40200,-150,-0.37,40350,40450,39300,23681,941812650,434268178200,10802691
20181113,053690,한미글로벌,KOSPI,,9210,-210,-2.23,9110,9430,8990,79708,725824320,100919035500,10957550
20181113,042700,한미반도체,KOSPI,,8720,-10,-0.11,8700,8730,8320,134126,1139936640,498992320800,57223890
20181113,008930,한미사이언스,KOSPI,,69600,2900,4.35,66500,70400,66200,71659,4909737500,4419548983200,63499267
20181113,128940,한미약품,KOSPI,,429500,14000,3.37,415500,430500,414500,60093,25536160500,4890154284500,11385691
20181113,009240,한샘,KOSPI,,51400,1650,3.32,48800,51500,48800,217015,11018362150,1209643899200,23533928
20181113,020000,한섬,KOSPI,,38700,250,0.65,38000,39550,38000,103837,4037133650,953181000000,24630000
20181113,003680,한성기업,KOSPI,,6010,50,0.84,5820,6060,5820,8666,51352590,35662564710,5933871
20181113,105630,한세실업,KOSPI,,18600,-300,-1.59,18400,18850,18050,122917,2273684450,744000000000,40000000
20181113,069640,한세엠케이,KOSPI,,7760,100,1.31,7590,7780,7470,23724,179435810,100176338720,12909322
20181113,016450,한세예스24홀딩스,KOSPI,,8990,-20,-0.22,9000,9020,8750,36002,320633840,359600000000,40000000
20181113,010420,한솔PNS,KOSPI,,1160,-10,-0.85,1135,1175,1135,28706,33052735,23771893920,20493012
20181113,009180,한솔로지스틱스,KOSPI,,1310,130,11.02,1150,1465,1130,1961529,2648358665,21585426750,16477425
20181113,213500,한솔제지,KOSPI,,17500,-300,-1.69,17550,17700,17200,98821,1718040850,416510080000,23800576
20181113,014680,한솔케미칼,KOSPI,,82900,2200,2.73,80700,83200,78000,67851,5505450000,936371665500,11295195
20181113,004710,한솔테크닉스,KOSPI,,7390,40,0.54,7210,7400,6920,190706,1363930330,163391998420,22109878
20181113,004150,한솔홀딩스,KOSPI,,4230,20,0.48,4220,4235,4120,49484,206221420,196102254330,46359871
20181113,025750,한솔홈데코,KOSPI,,1320,-35,-2.58,1330,1345,1280,1047089,1372034855,106345996680,80565149
20181113,004960,한신공영,KOSPI,,16150,-500,-3.00,16500,16500,15900,23574,380266250,186866837300,11570702
20181113,011700,한신기계,KOSPI,,2050,5,0.24,1970,2075,1970,103220,209890690,66514609550,32446151
20181113,001750,한양증권,KOSPI,,6970,-80,-1.13,7000,7000,6890,3933,27250990,88717881980,12728534
20181113,001755,한양증권우,KOSPI,,8480,80,0.95,8400,8480,8360,161,1359030,4452000000,525000
20181113,018880,한온시스템,KOSPI,,10800,550,5.37,10100,10950,9860,2424092,25130533250,5765040000000,533800000
20181113,009420,한올바이오파마,KOSPI,,27000,1150,4.45,25050,27100,24950,321242,8384969900,1410497226000,52240638
20181113,014130,한익스프레스,KOSPI,,4440,-15,-0.34,4440,4445,4315,20542,89938935,53280000000,12000000
20181113,300720,한일시멘트,KOSPI,,122500,-4500,-3.54,122500,133000,121500,14198,1764541000,507758825000,4144970
20181113,002220,한일철강,KOSPI,,19000,100,0.53,18900,19000,18500,1290,24207400,42412427000,2232233
20181113,006390,한일현대시멘트,KOSPI,,38450,-550,-1.41,37200,38650,37050,45322,1704225550,644366016800,16758544
20181113,003300,한일홀딩스,KOSPI,,62400,14350,29.86,48000,62400,48000,113308,6510620900,212181403200,3400343
20181113,051600,한전KPS,KOSPI,,27700,-50,-0.18,27400,27750,27000,167649,4595997700,1246500000000,45000000
20181113,052690,한전기술,KOSPI,,19400,50,0.26,19000,19550,18800,33556,643473200,741468000000,38220000
20181113,130660,한전산업,KOSPI,,3510,10,0.29,3450,3520,3390,50838,174269230,114426000000,32600000
20181113,002320,한진,KOSPI,,33900,-2050,-5.70,35850,35850,33850,243306,8334697850,405940838400,11974656
20181113,097230,한진중공업,KOSPI,,1875,-80,-4.09,1920,1945,1840,242928,453525065,198848452500,106052508
20181113,003480,한진중공업홀딩스,KOSPI,,2945,20,0.68,2975,3090,2885,19883,59002255,86965296340,29529812
20181113,180640,한진칼,KOSPI,,22650,200,0.89,22500,23100,21900,682425,15334832450,1340210873700,59170458
20181113,18064K,한진칼우,KOSPI,,11700,50,0.43,11650,11700,11200,409,4696350,6280162200,536766
20181113,005110,한창,KOSPI,,1755,110,6.69,1580,1810,1550,4928302,8541550895,60474823695,34458589
20181113,009460,한창제지,KOSPI,,1560,-125,-7.42,1670,1780,1510,7837245,12939199835,93081278160,59667486
20181113,000880,한화,KOSPI,,29750,350,1.19,29100,29900,28700,176018,5143939150,2230022366250,74958735
20181113,00088K,한화3우B,KOSPI,,13950,-50,-0.36,13900,13950,13600,37587,518147300,313484400000,22472000
20181113,027390,한화갤러리아타임월드,KOSPI,,25750,50,0.19,24750,25800,24700,7597,191182450,154503373250,6000131
20181113,088350,한화생명,KOSPI,,4540,-55,-1.20,4550,4555,4470,807419,3644158645,3943126200000,868530000
20181113,000370,한화손해보험,KOSPI,,6360,40,0.63,6260,6390,6170,189980,1186485630,742459499400,116738915
20181113,012450,한화에어로스페이스,KOSPI,,32800,700,2.18,31800,32850,31400,461276,14956914900,1706912000000,52040000
20181113,000885,한화우,KOSPI,,21500,200,0.94,21200,21950,21000,13621,291513600,10304821000,479294
20181113,009830,한화케미칼,KOSPI,,16600,-1100,-6.21,17200,17350,15950,2628573,43353184000,2707632540400,163110394
20181113,009835,한화케미칼우,KOSPI,,11150,-700,-5.91,11800,11800,11050,9215,103620750,12529667550,1123737
20181113,003530,한화투자증권,KOSPI,,2130,-55,-2.52,2140,2150,2090,266461,565006980,367302548430,172442511
20181113,003535,한화투자증권우,KOSPI,,2130,-30,-1.39,2140,2140,2080,20304,42678345,10224000000,4800000
20181113,195870,해성디에스,KOSPI,,15950,550,3.57,15050,16050,14700,51068,787463550,271150000000,17000000
20181113,101530,해태제과식품,KOSPI,,9270,-160,-1.70,9420,9420,9160,17114,157766230,269912939940,29116822
20181113,143210,핸즈코퍼레이션,KOSPI,,6390,-210,-3.18,6420,6600,6270,35059,222758390,139706282520,21863268
20181113,000720,현대건설,KOSPI,,50400,-900,-1.75,49800,50800,48200,860352,42641083700,5612330556000,111355765
20181113,267270,현대건설기계,KOSPI,,78100,-800,-1.01,77300,78200,75800,153067,11806442100,771338639500,9876295
20181113,000725,현대건설우,KOSPI,,154500,4000,2.66,149500,155000,142500,1693,251359500,15273252000,98856
20181113,005440,현대그린푸드,KOSPI,,11800,-300,-2.48,12000,12100,11700,220567,2616627600,1152912887600,97704482
20181113,086280,현대글로비스,KOSPI,,119000,-500,-0.42,117000,120500,115000,51491,6047952500,4462500000000,37500000
20181113,064350,현대로템,KOSPI,,22200,-300,-1.33,21850,22300,21700,892750,19655400150,1887000000000,85000000
20181113,079430,현대리바트,KOSPI,,18650,-100,-0.53,18700,18950,17850,231548,4219704350,382983009300,20535282
20181113,012330,현대모비스,KOSPI,,186500,500,0.27,182000,188000,179000,190077,34838665500,18154630449500,97343863
20181113,010620,현대미포조선,KOSPI,,98900,100,0.10,97500,99200,95500,127427,12439535700,1978000000000,20000000
20181113,069960,현대백화점,KOSPI,,86200,-1300,-1.49,86900,87000,84500,85759,7333546500,2017290414200,23402441
20181113,004560,현대비앤지스틸,KOSPI,,8950,60,0.67,8760,8950,8580,32117,278231020,134955358450,15078811
20181113,004565,현대비앤지스틸우,KOSPI,,52700,2200,4.36,50100,53600,48750,1970,100926100,5789200400,109852
20181113,011760,현대상사,KOSPI,,25050,150,0.60,24050,25200,23850,117584,2872705700,331385598300,13228966
20181113,011200,현대상선,KOSPI,,3975,-40,-1.00,3960,4000,3880,892748,3516149335,1239428162325,311805827
20181113,004310,현대약품,KOSPI,,4400,90,2.09,4270,4440,4180,165393,711203680,140800000000,32000000
20181113,126560,현대에이치씨엔,KOSPI,,4575,-95,-2.03,4605,4680,4520,152603,701747840,516410426700,112876596
20181113,017800,현대엘리베이,KOSPI,,83300,-300,-0.36,81900,83400,80500,350286,28815779800,2262283557800,27158266
20181113,011210,현대위아,KOSPI,,32550,1150,3.66,30700,32750,30400,199512,6297823150,885199951650,27195083
20181113,267260,현대일렉트릭,KOSPI,,44350,600,1.37,43000,44500,42800,104448,4560502150,452626476050,10205783
20181113,004020,현대제철,KOSPI,,45000,1550,3.57,43100,45100,42650,550325,24284976800,6005060325000,133445785
20181113,009540,현대중공업,KOSPI,,133500,500,0.38,130500,135000,128000,243567,32204607000,9233584371000,69165426
20181113,267250,현대중공업지주,KOSPI,,368500,-8500,-2.25,369000,374500,361500,55500,20310616000,6001618364500,16286617
20181113,005380,현대차,KOSPI,,102500,500,0.49,99900,102500,99600,397209,40162015800,21900989167500,213668187
20181113,005387,현대차2우B,KOSPI,,68200,-100,-0.15,67500,68800,65000,84118,5644309700,2488307758200,36485451
20181113,005389,현대차3우B,KOSPI,,61000,0,0.00,61000,61000,59800,3740,225560900,148152835000,2428735
20181113,005385,현대차우,KOSPI,,62800,-700,-1.10,62500,63300,61200,42123,2619506200,1529599818000,24356685
20181113,001500,현대차증권,KOSPI,,9260,-190,-2.01,9430,9430,9150,68355,629124260,271661647860,29337111
20181113,227840,현대코퍼레이션홀딩스,KOSPI,,16250,300,1.88,15550,16300,15350,107796,1700693550,147888585000,9100836
20181113,001450,현대해상,KOSPI,,43450,-1100,-2.47,44000,44500,43000,368521,16147969100,3884430000000,89400000
20181113,057050,현대홈쇼핑,KOSPI,,90600,-1600,-1.74,91500,92100,89600,27524,2496432100,1087200000000,12000000
20181113,093240,형지엘리트,KOSPI,,2835,25,0.89,2795,2860,2725,79582,221609250,54303852330,19154798
20181113,003010,혜인,KOSPI,,5240,20,0.38,5070,5250,4910,155117,788930770,66614794280,12712747
20181113,111110,호전실업,KOSPI,,10000,-100,-0.99,9840,10050,9710,13736,135152080,80000000000,8000000
20181113,008770,호텔신라,KOSPI,,72800,500,0.69,70400,72900,69500,661573,47129984800,2857263208800,39248121
20181113,008775,호텔신라우,KOSPI,,42000,650,1.57,40700,42500,40650,1317,54420650,31578918000,751879
20181113,002460,화성산업,KOSPI,,13700,0,0.00,13550,13700,13500,15382,209665900,170575960000,12450800
20181113,013520,화승알앤에이,KOSPI,,1855,-5,-0.27,1840,1885,1775,68582,123793055,119761044550,64561210
20181113,241590,화승엔터프라이즈,KOSPI,,11450,-50,-0.43,11150,11600,10800,222243,2511285750,693144871500,60536670
20181113,006060,화승인더,KOSPI,,6300,0,0.00,6190,6300,6020,390443,2405082480,348516000000,55320000
20181113,010690,화신,KOSPI,,2065,-65,-3.05,2130,2175,2050,74478,155325035,72110646650,34920410
20181113,133820,화인베스틸,KOSPI,,2340,-80,-3.31,2355,2395,2260,320253,743822200,69147000000,29550000
20181113,010660,화천기계,KOSPI,,19100,0,0.00,18750,19250,18750,451,8551950,42020000000,2200000
20181113,000850,화천기공,KOSPI,,41500,-900,-2.12,42300,42350,41500,425,17701900,91300000000,2200000
20181113,016580,환인제약,KOSPI,,18200,1050,6.12,16900,18350,16750,44243,786343850,338521274000,18600070
20181113,032560,황금에스티,KOSPI,,7580,-60,-0.79,7480,7600,7320,51325,380419130,106120000000,14000000
20181113,004800,효성,KOSPI,,49300,350,0.72,48450,49800,48350,123487,6049490100,680100944300,13795151
20181113,094280,효성ITX,KOSPI,,9940,-110,-1.09,9950,9950,9750,6830,67140040,114888508000,11558200
20181113,298040,효성중공업,KOSPI,,43100,-150,-0.35,42200,43650,42200,17639,753141600,401888018800,9324548
20181113,298050,효성첨단소재,KOSPI,,100500,0,0.00,99500,101000,98100,17593,1741900800,450234774000,4479948
20181113,298020,효성티앤씨,KOSPI,,173500,0,0.00,172000,174000,168000,15042,2561669500,750852827000,4327682
20181113,298000,효성화학,KOSPI,,140000,-6000,-4.11,143500,144000,137000,18982,2647373000,446617640000,3190126
20181113,093370,후성,KOSPI,,8820,-50,-0.56,8600,8820,8410,662563,5700693450,816792143580,92606819
20181113,081660,휠라코리아,KOSPI,,52600,-100,-0.19,52700,54300,50700,1071416,56504816341,3214652682000,61115070
20181113,005870,휴니드,KOSPI,,8330,-110,-1.30,8390,8400,7970,29205,238715100,117586404950,14116015
20181113,079980,휴비스,KOSPI,,7400,-150,-1.99,7480,7490,7260,115771,849834100,255300000000,34500000
20181113,005010,휴스틸,KOSPI,,11250,-50,-0.44,11100,11250,10900,24462,270039950,84767040000,7534848
20181113,069260,휴켐스,KOSPI,,23300,200,0.87,22950,23600,22700,99778,2318005300,952471100400,40878588
20181113,000540,흥국화재,KOSPI,,5170,10,0.19,5160,5170,5030,31371,159518140,332134474650,64242645
20181113,000547,흥국화재2우B,KOSPI,,34350,600,1.78,33700,34900,33200,11755,399893850,5276160000,153600
20181113,000545,흥국화재우,KOSPI,,7270,700,10.65,6780,7450,6580,200802,1418626860,5583360000,768000
20181113,003280,흥아해운,KOSPI,,395,-4,-1.00,398,398,390,493046,193356761,69379154850,175643430
20181113,060310,3S,KOSDAQ,중견기업부,2165,45,2.12,2100,2170,2060,27352,57724905,96117075870,44395878
20181113,054620,APS홀딩스,KOSDAQ,우량기업부,4345,-40,-0.91,4280,4380,4200,42217,181274785,88612890245,20394221
20181113,265520,AP시스템,KOSDAQ,우량기업부,28050,-650,-2.26,28250,28400,27100,1078640,29837914000,395491283550,14099511
20181113,211270,AP위성,KOSDAQ,벤처기업부,6850,20,0.29,6800,6960,6680,6253,42441120,102851407400,15014804
20181113,035760,CJ ENM,KOSDAQ,우량기업부,211800,-8000,-3.64,217500,217600,205300,130756,27387550600,4644008131200,21926384
20181113,051500,CJ프레시웨이,KOSDAQ,중견기업부,21800,-800,-3.54,22100,22400,21450,77295,1676913900,258800574800,11871586
20181113,058820,CMG제약,KOSDAQ,중견기업부,4560,80,1.79,4400,4605,4300,1011592,4558362660,496525832640,108887244
20181113,023460,CNH,KOSDAQ,중견기업부,1390,0,0.00,1385,1405,1330,132499,181023900,51708000000,37200000
20181113,065770,CS,KOSDAQ,벤처기업부,1775,-10,-0.56,1750,1775,1640,34265,58015805,33432391250,18835150
20181113,083660,CSA 코스믹,KOSDAQ,중견기업부,4975,-85,-1.68,4950,5190,4875,498835,2508892620,98244513975,19747641
20181113,306620,DB금융스팩6호,KOSDAQ,SPAC(소속부없음),2015,5,0.25,2005,2025,2005,70884,143026175,9752600000,4840000
20181113,045890,DB라이텍,KOSDAQ,벤처기업부,3410,0,0.00,3340,3460,3250,462247,1553747355,90659040890,26586229
20181113,068790,DMS,KOSDAQ,우량기업부,5330,-20,-0.37,5280,5460,5180,980272,5201989170,122763155710,23032487
20181113,241520,DSC인베스트먼트,KOSDAQ,벤처기업부,4865,270,5.88,4505,4865,4460,357550,1679084075,85137500000,17500000
20181113,245620,EDGC,KOSDAQ,기술성장기업부,5800,-10,-0.17,5730,5840,5520,119379,679177540,209803052000,36172940
20181113,037370,EG,KOSDAQ,중견기업부,10100,250,2.54,9630,10150,9350,220161,2155878380,75750000000,7500000
20181113,079190,EMW,KOSDAQ,관리종목(소속부없음),2780,0,0.00,0,0,0,0,0,88360067660,31784197
20181113,130500,GH신소재,KOSDAQ,중견기업부,2580,-50,-1.90,2490,2580,2440,27499,69023345,28380000000,11000000
20181113,032860,GMR 머티리얼즈,KOSDAQ,중견기업부,617,-30,-4.64,630,635,609,590085,364951581,41683804280,67558840
20181113,900290,GRT,KOSDAQ,외국기업(소속부없음),1995,0,0.00,1955,2015,1950,34197,67452390,134413125000,67375000
20181113,083450,GST,KOSDAQ,우량기업부,4860,-270,-5.26,5120,5120,4765,91798,445744715,45284240700,9317745
20181113,028150,GS홈쇼핑,KOSDAQ,우량기업부,191500,600,0.31,191000,194800,187400,13642,2612514000,1256718750000,6562500
20181113,078150,HB테크놀러지,KOSDAQ,우량기업부,2915,-5,-0.17,2830,2935,2750,2246651,6409331160,230257091790,78990426
20181113,036640,HRS,KOSDAQ,우량기업부,2830,-55,-1.91,2815,2890,2780,41505,116395260,46284084000,16354800
20181113,299170,IBKS제10호스팩,KOSDAQ,SPAC(소속부없음),2070,-5,-0.24,2090,2185,2070,42300,88376120,8963100000,4330000
20181113,254120,IBKS제5호스팩,KOSDAQ,SPAC(소속부없음),2135,-10,-0.47,2135,2135,2135,1,2135,9607500000,4500000
20181113,264850,IBKS제6호스팩,KOSDAQ,SPAC(소속부없음),2090,-5,-0.24,2095,2095,2060,3795,7828605,9018350000,4315000
20181113,276920,IBKS제7호스팩,KOSDAQ,SPAC(소속부없음),2130,-15,-0.70,2095,2135,2095,8582,17979765,7774500000,3650000
20181113,297570,IBKS제9호스팩,KOSDAQ,SPAC(소속부없음),2460,-35,-1.40,2420,2535,2420,9265,22929835,6789600000,2760000
20181113,095340,ISC,KOSDAQ,우량기업부,9800,230,2.40,9480,9850,9310,67845,651113850,135924569200,13869854
20181113,099520,ITX엠투엠,KOSDAQ,벤처기업부,1315,60,4.78,1240,1340,1240,76963,99576380,21652962265,16466131
20181113,950170,JTC,KOSDAQ,외국기업(소속부없음),6700,-100,-1.47,6580,6720,6450,86564,568978870,234536963900,35005517
20181113,067290,JW신약,KOSDAQ,중견기업부,6990,200,2.95,6620,6990,6610,258908,1756339040,291253490340,41667166
20181113,035900,JYP Ent.,KOSDAQ,우량기업부,30800,-250,-0.81,30650,31100,28750,1686771,50369907550,1066010792000,34610740
20181113,024120,KB오토시스,KOSDAQ,우량기업부,5550,50,0.91,5550,5550,5420,2486,13664220,63825000000,11500000
20181113,021320,KCC건설,KOSDAQ,중견기업부,7050,20,0.28,6900,7120,6820,90912,631424510,150870000000,21400000
20181113,036670,KCI,KOSDAQ,중견기업부,7320,-180,-2.40,7400,7400,7190,9037,65947260,82496400000,11270000
20181113,044180,KD건설,KOSDAQ,투자주의환기종목(소속부없음),144,0,0.00,146,154,137,113181269,16335592010,51219606816,355691714
20181113,151860,KG ETS,KOSDAQ,우량기업부,3115,-15,-0.48,3100,3115,3050,28394,87084585,112140000000,36000000
20181113,046440,KG모빌리언스,KOSDAQ,우량기업부,7010,-50,-0.71,6920,7060,6800,52540,361078390,209647768570,29906957
20181113,035600,KG이니시스,KOSDAQ,중견기업부,13950,-150,-1.06,13950,14200,13500,162897,2253392700,389266854300,27904434
20181113,060720,KH바텍,KOSDAQ,중견기업부,9120,-130,-1.41,8940,9160,8660,452427,4023707410,184784013600,20261405
20181113,083470,KJ프리텍,KOSDAQ,관리종목(소속부없음),835,0,0.00,0,0,0,0,0,20628448715,24704729
20181113,122450,KMH,KOSDAQ,중견기업부,7730,-30,-0.39,7600,7750,7560,62070,474048870,168384391090,21783233
20181113,052900,KMH하이텍,KOSDAQ,중견기업부,910,-10,-1.09,901,910,881,106300,94774386,42665804090,46885499
20181113,058400,KNN,KOSDAQ,우량기업부,725,-2,-0.28,720,729,710,50246,36138445,96011547000,132429720
20181113,114450,KPX생명과학,KOSDAQ,중견기업부,4110,10,0.24,4075,4185,4015,57059,233045055,61650000000,15000000
20181113,036030,KTH,KOSDAQ,우량기업부,5000,-80,-1.57,5000,5080,4965,14324,71963460,178575110000,35715022
20181113,060370,KT서브마린,KOSDAQ,우량기업부,3355,0,0.00,3300,3375,3280,68226,225876915,73474500000,21900000
20181113,065150,MP그룹,KOSDAQ,관리종목(소속부없음),1315,0,0.00,0,0,0,0,0,106263055205,80808407
20181113,219550,MP한강,KOSDAQ,벤처기업부,2325,-65,-2.72,2325,2350,2245,633236,1454370930,132132702750,56831270
20181113,160550,NEW,KOSDAQ,중견기업부,4530,-110,-2.37,4560,4595,4360,132309,588817405,126414660180,27906106
20181113,053290,NE능률,KOSDAQ,중견기업부,2765,-5,-0.18,2770,2800,2610,27883,75267500,37321533130,13497842
20181113,104200,NHN벅스,KOSDAQ,중견기업부,6350,-130,-2.01,6460,6480,6140,26517,166159580,94154942500,14827550
20181113,060250,NHN한국사이버결제,KOSDAQ,우량기업부,10500,-350,-3.23,10600,10700,10300,114469,1201147300,226773676500,21597493
20181113,030190,NICE평가정보,KOSDAQ,우량기업부,10850,350,3.33,10250,11000,10250,205629,2207357850,658755797000,60714820
20181113,024940,PN풍년,KOSDAQ,벤처기업부,2170,-40,-1.81,2210,2210,2040,15903,34048680,21700000000,10000000
20181113,218410,RFHIC,KOSDAQ,벤처기업부,27800,-100,-0.36,27500,28100,27300,148634,4125551950,623997660200,22445959
20181113,091340,S&K폴리텍,KOSDAQ,중견기업부,4205,-65,-1.52,4200,4205,4050,29872,123258815,49214146805,11703721
20181113,019550,SBI인베스트먼트,KOSDAQ,중견기업부,732,-14,-1.88,726,732,701,621586,447185744,118632732900,162066575
20181113,950110,SBI핀테크솔루션즈,KOSDAQ,외국기업(소속부없음),8780,70,0.80,8710,8820,8630,107898,943630440,216484421200,24656540
20181113,046140,SBS콘텐츠허브,KOSDAQ,중견기업부,5310,-40,-0.75,5280,5320,5090,118420,610619850,113971477050,21463555
20181113,036120,SCI평가정보,KOSDAQ,중견기업부,2215,0,0.00,2135,2220,2135,68976,150281310,78632500000,35500000
20181113,099220,SDN,KOSDAQ,중견기업부,1460,-5,-0.34,1430,1460,1390,546592,775642660,58369348760,39979006
20181113,036540,SFA반도체,KOSDAQ,중견기업부,1455,-10,-0.68,1425,1455,1410,132411,189262110,205331973105,141121631
20181113,255220,SG,KOSDAQ,벤처기업부,8910,-140,-1.55,8620,8970,8510,40357,352000360,111428673840,12506024
20181113,040610,SG&G,KOSDAQ,우량기업부,1900,-35,-1.81,1890,1965,1860,147282,282157450,64765672400,34087196
20181113,049470,SGA,KOSDAQ,벤처기업부,501,-5,-0.99,506,506,492,71535,35447723,48458973999,96724499
20181113,184230,SGA솔루션즈,KOSDAQ,벤처기업부,1350,-5,-0.37,1340,1355,1250,199083,259198765,45771882300,33905098
20181113,232330,SK3호스팩,KOSDAQ,SPAC(소속부없음),2065,-15,-0.72,2075,2080,2060,1830,3790770,7434000000,3600000
20181113,057500,SKC 솔믹스,KOSDAQ,중견기업부,3030,-60,-1.94,3085,3085,2955,258432,773952000,186326941200,61494040
20181113,178920,SKC코오롱PI,KOSDAQ,우량기업부,37600,-900,-2.34,37200,37900,35750,768230,28294979050,1104173707200,29366322
20181113,036490,SK머티리얼즈,KOSDAQ,우량기업부,163400,-6100,-3.60,168000,168000,161100,76055,12398993900,1723489768200,10547673
20181113,052260,SK바이오랜드,KOSDAQ,우량기업부,13500,-100,-0.74,13250,13600,12900,24819,327927700,202500000000,15000000
20181113,048550,SM C&C,KOSDAQ,중견기업부,2110,30,1.44,2050,2115,2005,180910,372530955,198468764860,94061026
20181113,063440,SM Life Design,KOSDAQ,중견기업부,1670,15,0.91,1620,1675,1595,305329,497080600,73797680760,44190228
20181113,123260,STC,KOSDAQ,벤처기업부,1310,40,3.15,1225,1325,1180,202547,256239805,31460298450,24015495
20181113,289080,SV인베스트먼트,KOSDAQ,중견기업부,3425,-80,-2.28,3430,3485,3360,107972,368044250,91163225000,26617000
20181113,089230,THE E&M,KOSDAQ,중견기업부,730,8,1.11,722,736,683,303478,217789181,67058515400,91860980
20181113,161570,THE MIDONG,KOSDAQ,중견기업부,2770,-135,-4.65,2805,2860,2660,138044,383496015,38203247220,13791786
20181113,032540,TJ미디어,KOSDAQ,중견기업부,3255,-15,-0.46,3270,3285,3205,4969,16060180,45347387295,13931609
20181113,048770,TPC,KOSDAQ,중견기업부,3895,0,0.00,3765,3895,3740,7824,29872425,50245500000,12900000
20181113,038340,UCI,KOSDAQ,관리종목(소속부없음),3600,0,0.00,0,0,0,0,0,48364030800,13434453
20181113,052300,W홀딩컴퍼니,KOSDAQ,벤처기업부,632,1,0.16,625,634,603,1030413,637936426,83617199872,132305696
20181113,040300,YTN,KOSDAQ,중견기업부,1885,-25,-1.31,1910,1910,1860,16946,31853300,79170000000,42000000
20181113,051390,YW,KOSDAQ,벤처기업부,4140,60,1.47,4080,4150,3900,20960,84376365,47011223520,11355368
20181113,052220,iMBC,KOSDAQ,중견기업부,2260,0,0.00,2200,2260,2155,18842,41461505,51980000000,23000000
20181113,079940,가비아,KOSDAQ,벤처기업부,6930,-180,-2.53,6970,7040,6720,35426,242654820,93802290120,13535684
20181113,078890,가온미디어,KOSDAQ,우량기업부,6050,-160,-2.58,6050,6160,5950,38464,231363690,87814546050,14514801
20181113,192410,감마누,KOSDAQ,투자주의환기종목(소속부없음),408,0,0.00,0,0,0,0,0,9969806400,24435800
20181113,024840,갑을메탈,KOSDAQ,중견기업부,1800,-50,-2.70,1820,1850,1740,159343,282914625,56234692800,31241496
20181113,217730,강스템바이오텍,KOSDAQ,기술성장기업부,17700,250,1.43,17000,17850,16750,565088,9780696150,368211984900,20802937
20181113,094480,갤럭시아컴즈,KOSDAQ,우량기업부,2785,-15,-0.54,2800,2855,2745,13337,37111015,109255098830,39229838
20181113,063080,게임빌,KOSDAQ,우량기업부,53100,-200,-0.38,52400,53500,50200,71824,3744827800,350204695200,6595192
20181113,039240,경남스틸,KOSDAQ,우량기업부,1885,-5,-0.26,1860,1890,1840,38859,72364875,47125000000,25000000
20181113,053950,경남제약,KOSDAQ,중견기업부,17200,0,0.00,0,0,0,0,0,193472067200,11248376
20181113,011040,경동제약,KOSDAQ,우량기업부,12300,0,0.00,12150,12300,11850,12501,152207000,326565000000,26550000
20181113,024910,경창산업,KOSDAQ,중견기업부,1660,-20,-1.19,1625,1685,1620,225815,371154130,59459548300,35819005
20181113,198440,고려시멘트,KOSDAQ,우량기업부,2275,-50,-2.15,2300,2300,2220,81730,183851715,72754409000,31979960
20181113,049720,고려신용정보,KOSDAQ,중견기업부,3660,-5,-0.14,3650,3665,3480,27102,96837920,52338000000,14300000
20181113,014570,고려제약,KOSDAQ,중견기업부,7100,80,1.14,6910,7190,6890,84348,590441450,78100000000,11000000
20181113,098460,고영,KOSDAQ,우량기업부,78900,-7100,-8.26,84100,84700,75200,369514,28766248800,1079979333900,13687951
20181113,038530,골드퍼시픽,KOSDAQ,중견기업부,1695,-25,-1.45,1690,1720,1625,42974,71470720,15486103080,9136344
20181113,900280,골든센츄리,KOSDAQ,외국기업(소속부없음),880,-18,-2.00,885,885,861,612980,534812204,82192000000,93400000
20181113,215000,골프존,KOSDAQ,우량기업부,33450,-400,-1.18,33600,33850,33250,1669,55804100,209912631750,6275415
20181113,121440,골프존뉴딘홀딩스,KOSDAQ,우량기업부,3800,-30,-0.78,3825,3825,3770,60363,228696935,162779908400,42836818
20181113,014200,광림,KOSDAQ,중견기업부,2655,10,0.38,2600,2705,2510,172630,448432685,128763480330,48498486
20181113,026910,광진실업,KOSDAQ,중견기업부,3400,-10,-0.29,3310,3450,3300,48489,160879290,21778377000,6405405
20181113,090150,광진윈텍,KOSDAQ,중견기업부,2320,0,0.00,2290,2325,2250,8837,20260300,22407471760,9658393
20181113,267320,교보7호스팩,KOSDAQ,SPAC(소속부없음),2065,5,0.24,2060,2065,2060,101,208065,8301300000,4020000
20181113,242040,교보비엔케이스팩,KOSDAQ,SPAC(소속부없음),1615,-25,-1.52,1640,1670,1595,96346,157401555,11482650000,7110000
20181113,053270,구영테크,KOSDAQ,중견기업부,1435,-55,-3.69,1490,1505,1410,286551,414634910,37875639690,26394174
20181113,066620,국보디자인,KOSDAQ,우량기업부,13950,150,1.09,13750,13950,13350,7173,98482450,104625000000,7500000
20181113,043650,국순당,KOSDAQ,중견기업부,4120,-25,-0.60,4135,4135,4000,18969,76614210,73576212480,17858304
20181113,006050,국영지앤엠,KOSDAQ,벤처기업부,1215,-25,-2.02,1230,1230,1180,461771,556125780,42397720245,34895243
20181113,060480,국일신동,KOSDAQ,중견기업부,4345,-55,-1.25,4250,4350,4205,267970,1145808630,48186050000,11090000
20181113,078130,국일제지,KOSDAQ,중견기업부,850,2,0.24,826,850,810,1316766,1092722677,98932355100,116391006
20181113,019010,그랜드백화점,KOSDAQ,우량기업부,16600,0,0.00,16600,16800,16200,6839,112669450,80012000000,4820000
20181113,900070,글로벌에스엠,KOSDAQ,외국기업(소속부없음),900,1,0.11,881,907,869,298458,263936206,48369571200,53743968
20181113,204620,글로벌텍스프리,KOSDAQ,벤처기업부,6390,-100,-1.54,6200,6470,6200,13220,83634880,124340307030,19458577
20181113,019660,글로본,KOSDAQ,중견기업부,4065,105,2.65,3850,4250,3740,127704,495502180,113824256055,28001047
20181113,053260,금강철강,KOSDAQ,우량기업부,3500,-10,-0.28,3365,3500,3315,32519,110265925,65520000000,18720000
20181113,036190,금화피에스시,KOSDAQ,우량기업부,29700,150,0.51,29300,29700,28750,1049,30531150,178200000000,6000000
20181113,049080,기가레인,KOSDAQ,중견기업부,2295,-35,-1.50,2265,2300,2230,375901,847631895,115651131750,50392650
20181113,035460,기산텔레콤,KOSDAQ,벤처기업부,2095,-55,-2.56,2100,2135,2025,22047,45690575,30539527300,14577340
20181113,187790,나노,KOSDAQ,벤처기업부,2185,-25,-1.13,2175,2200,2075,447605,949519535,51474094530,23557938
20181113,151910,나노스,KOSDAQ,중견기업부,6470,-20,-0.31,6220,6760,6180,122667,785174600,697536497120,107810896
20181113,121600,나노신소재,KOSDAQ,벤처기업부,13250,-150,-1.12,12950,13300,12850,64517,838734000,143740412250,10848333
20181113,039860,나노엔텍,KOSDAQ,중견기업부,4660,-45,-0.96,4580,4675,4540,42063,193563285,119541050760,25652586
20181113,091970,나노캠텍,KOSDAQ,중견기업부,6180,60,0.98,6100,6220,5850,267877,1624245470,131028582480,21202036
20181113,051490,나라엠앤디,KOSDAQ,중견기업부,5330,-10,-0.19,5250,5340,5140,41876,219114520,75686000000,14200000
20181113,190510,나무가,KOSDAQ,중견기업부,17100,-550,-3.12,17100,17500,17050,2339,40257450,58653342000,3430020
20181113,089600,나스미디어,KOSDAQ,우량기업부,30000,450,1.52,29100,30400,28300,114585,3369115900,262640730000,8754691
20181113,293580,나우아이비캐피탈,KOSDAQ,중견기업부,4450,-30,-0.67,4450,4645,4320,29291,130198990,42186000000,9480000
20181113,138610,나이벡,KOSDAQ,기술성장기업부,8340,-70,-0.83,8200,8420,8050,47083,387108860,53108769720,6367958
20181113,130580,나이스디앤비,KOSDAQ,중견기업부,7450,-120,-1.59,7570,7570,7330,7326,54144540,114730000000,15400000
20181113,036800,나이스정보통신,KOSDAQ,우량기업부,19400,-350,-1.77,19600,19600,19200,14891,288984600,194000000000,10000000
20181113,091590,남화토건,KOSDAQ,우량기업부,10900,-100,-0.91,10600,11000,10400,151200,1608495500,127966000000,11740000
20181113,168330,내츄럴엔도텍,KOSDAQ,벤처기업부,17000,0,0.00,16800,17100,16400,143036,2383390550,351318974000,20665822
20181113,072770,네오디안테크놀로지,KOSDAQ,중견기업부,1975,25,1.28,1900,1975,1845,283576,539722625,69982067050,35433958
20181113,212560,네오오토,KOSDAQ,우량기업부,3945,-90,-2.23,4150,4150,3810,12146,47671170,31066729035,7874963
20181113,095660,네오위즈,KOSDAQ,중견기업부,11650,-450,-3.72,11600,11750,11100,286667,3280564950,255309843200,21915008
20181113,042420,네오위즈홀딩스,KOSDAQ,우량기업부,11500,-100,-0.86,11450,11500,11050,27901,311787400,101853959000,8856866
20181113,085910,네오티스,KOSDAQ,중견기업부,3740,-65,-1.71,3800,3800,3690,4177,15507485,41191155720,11013678
20181113,092730,네오팜,KOSDAQ,벤처기업부,42000,900,2.19,41000,42250,40250,28980,1193016950,313371954000,7461237
20181113,153460,네이블,KOSDAQ,벤처기업부,4150,-275,-6.21,4285,4395,4080,516871,2177720225,27099558100,6530014
20181113,007390,네이처셀,KOSDAQ,중견기업부,12350,550,4.66,11550,12800,11400,3900017,48106373650,655246527650,53056399
20181113,033640,네패스,KOSDAQ,우량기업부,10250,-100,-0.97,10100,10350,9980,253155,2567840210,235468545250,22972541
20181113,087730,네패스신소재,KOSDAQ,벤처기업부,70000,100,0.14,69900,71000,68500,87008,6081884000,246101590000,3515737
20181113,089140,넥스턴,KOSDAQ,벤처기업부,10950,-250,-2.23,11250,11250,10700,23353,255969150,129719394000,11846520
20181113,065170,넥스트BT,KOSDAQ,중견기업부,1620,-60,-3.57,1650,1675,1595,161557,261470265,99771040440,61587062
20181113,139670,넥스트리밍,KOSDAQ,벤처기업부,2790,-25,-0.89,2815,2815,2655,456,1236445,19577181690,7016911
20181113,137940,넥스트아이,KOSDAQ,중견기업부,2600,-15,-0.57,2600,2600,2550,43818,112910410,178049547000,68480595
20181113,092600,넥스트칩,KOSDAQ,벤처기업부,6880,-220,-3.10,6900,6960,6640,551217,3761415670,92518800000,13447500
20181113,041140,넥슨지티,KOSDAQ,우량기업부,8750,210,2.46,8420,8830,8270,695000,5961604260,309516567500,35373322
20181113,217270,넵튠,KOSDAQ,중견기업부,9500,-140,-1.45,9240,9640,9240,20803,195465660,203085347500,21377405
20181113,225570,넷게임즈,KOSDAQ,벤처기업부,8070,-50,-0.62,8120,8120,7910,12318,98920880,193582772640,23987952
20181113,285490,노바텍,KOSDAQ,벤처기업부,24000,-2100,-8.05,25250,25750,24000,506470,12616877000,111043200000,4626800
20181113,144510,녹십자랩셀,KOSDAQ,중견기업부,48250,1250,2.66,46350,48750,45600,149831,7104487450,509233105500,10554054
20181113,031390,녹십자셀,KOSDAQ,벤처기업부,54500,2600,5.01,51000,54800,50900,405333,21443009600,637428675500,11695939
20181113,142280,녹십자엠에스,KOSDAQ,중견기업부,13800,800,6.15,12700,13900,12650,396756,5324627550,131928000000,9560000
20181113,065560,녹원씨엔아이,KOSDAQ,중견기업부,9700,10,0.10,9580,9760,9310,111336,1061878420,138276157800,14255274
20181113,054050,농우바이오,KOSDAQ,우량기업부,10300,0,0.00,10150,10300,9930,115327,1158834620,165114778300,16030561
20181113,040160,누리텔레콤,KOSDAQ,벤처기업부,7360,-100,-1.34,7450,7450,7180,25858,187691670,88728737600,12055535
20181113,069140,누리플랜,KOSDAQ,벤처기업부,6200,-200,-3.13,6130,6330,5880,232150,1414636300,29458686200,4751401
20181113,126870,뉴로스,KOSDAQ,벤처기업부,4285,-15,-0.35,4190,4300,4100,129284,540299955,82067485520,19152272
20181113,060260,뉴보텍,KOSDAQ,벤처기업부,1565,-60,-3.69,1565,1600,1490,503110,776169395,42042033235,26863919
20181113,012340,뉴인텍,KOSDAQ,중견기업부,714,-39,-5.18,746,746,700,514728,366719958,35075364240,49125160
20181113,222040,뉴트리바이오텍,KOSDAQ,우량기업부,15150,250,1.68,14500,15300,14100,100885,1496790450,312514200000,20628000
20181113,144960,뉴파워프라즈마,KOSDAQ,우량기업부,13950,-550,-3.79,14150,14200,13600,14767,205203600,115092201150,8250337
20181113,900100,뉴프라이드,KOSDAQ,외국기업(소속부없음),3245,200,6.57,2930,3280,2920,5774804,18251883045,278856998200,85934360
20181113,085670,뉴프렉스,KOSDAQ,중견기업부,3195,-145,-4.34,3210,3285,3050,1658942,5263105025,67593544605,21156039
20181113,119860,다나와,KOSDAQ,벤처기업부,16650,-700,-4.03,17000,17000,16450,87282,1457885400,217695786300,13074822
20181113,064260,다날,KOSDAQ,우량기업부,3500,-15,-0.43,3450,3515,3370,134568,463046085,190311289000,54374654
20181113,093640,다믈멀티미디어,KOSDAQ,벤처기업부,5690,-50,-0.87,5740,5740,5510,26349,147030140,42130723050,7404345
20181113,039560,다산네트웍스,KOSDAQ,중견기업부,6350,60,0.95,6190,6350,6020,147030,905831580,185398117900,29196554
20181113,032190,다우데이타,KOSDAQ,우량기업부,8860,-130,-1.45,8900,8950,8700,24633,216496120,339338000000,38300000
20181113,068240,다원시스,KOSDAQ,우량기업부,17400,-100,-0.57,17550,17750,16800,559401,9652565650,452268543000,25992445
20181113,020400,대동금속,KOSDAQ,중견기업부,37900,-300,-0.79,38150,38150,37600,224,8466500,18192000000,480000
20181113,008830,대동기어,KOSDAQ,중견기업부,25250,50,0.20,25200,25450,25200,141,3578250,22693488000,898752
20181113,048470,대동스틸,KOSDAQ,중견기업부,9870,20,0.20,9540,9920,9210,401992,3846572850,98700000000,10000000
20181113,004780,대륙제관,KOSDAQ,우량기업부,4610,-105,-2.23,4620,4690,4600,25435,117456535,73313747390,15903199
20181113,017650,대림제지,KOSDAQ,벤처기업부,2015,10,0.50,1950,2050,1950,288208,574974825,90675000000,45000000
20181113,007720,대명코퍼레이션,KOSDAQ,중견기업부,1910,115,6.41,1750,1970,1735,3952510,7506847820,192528859500,100800450
20181113,290670,대보마그네틱,KOSDAQ,중견기업부,85500,-1500,-1.72,84700,88000,81000,216247,18293002800,276387300000,3232600
20181113,078140,대봉엘에스,KOSDAQ,우량기업부,6160,-20,-0.32,6000,6160,5950,43828,263725100,68293326640,11086579
20181113,036480,대성미생물,KOSDAQ,중견기업부,17850,450,2.59,16800,18450,16650,211548,3739264850,67830000000,3800000
20181113,025440,대성엘텍,KOSDAQ,중견기업부,705,-33,-4.47,732,732,704,108561,77146791,70261246815,99661343
20181113,027830,대성창투,KOSDAQ,중견기업부,1545,5,0.32,1510,1545,1480,92330,139139830,61800000000,40000000
20181113,104040,대성파인텍,KOSDAQ,벤처기업부,1625,-10,-0.61,1600,1630,1535,345560,549304065,50864581625,31301281
20181113,253590,대신밸런스제3호스팩,KOSDAQ,SPAC(소속부없음),2230,-5,-0.22,2230,2230,2170,75255,165469940,12287300000,5510000
20181113,262830,대신밸런스제4호스팩,KOSDAQ,SPAC(소속부없음),2040,5,0.25,0,0,0,0,0,10220400000,5010000
20181113,303030,대신밸런스제5호스팩,KOSDAQ,SPAC(소속부없음),2065,-5,-0.24,2070,2070,2060,6350,13114820,8487150000,4110000
20181113,020180,대신정보통신,KOSDAQ,중견기업부,1200,20,1.69,1155,1210,1145,1716286,2018676395,46114698000,38428915
20181113,045390,대아티아이,KOSDAQ,우량기업부,6180,40,0.65,5950,6190,5920,2580331,15619405290,439716405960,71151522
20181113,108380,대양전기공업,KOSDAQ,우량기업부,12500,100,0.81,12250,12500,12000,8454,103085250,119591662500,9567333
20181113,006580,대양제지,KOSDAQ,중견기업부,3405,85,2.56,3305,3420,3210,70542,236105825,91424250000,26850000
20181113,007680,대원,KOSDAQ,중견기업부,11450,-200,-1.72,11250,11500,11250,15536,176186650,126522500000,11050000
20181113,048910,대원미디어,KOSDAQ,벤처기업부,9370,-200,-2.09,9400,9500,9100,138431,1286476020,117864724020,12578946
20181113,005710,대원산업,KOSDAQ,우량기업부,5780,30,0.52,5700,5780,5560,7202,40853450,115817328000,20037600
20181113,290380,대유,KOSDAQ,중견기업부,20800,-100,-0.48,20400,21000,19950,516909,10644762300,188289920000,9052400
20181113,071460,대유위니아,KOSDAQ,우량기업부,2430,-105,-4.14,2460,2490,2400,185194,452539835,87400526850,35967295
20181113,120240,대정화금,KOSDAQ,우량기업부,15000,300,2.04,14500,15000,14500,71737,1061299450,106505865000,7100391
20181113,003310,대주산업,KOSDAQ,중견기업부,1315,-10,-0.75,1320,1320,1230,117009,150735930,46540940250,35392350
20181113,078600,대주전자재료,KOSDAQ,중견기업부,18700,-600,-3.11,18600,18850,17500,283378,5129469250,272107907500,14551225
20181113,065690,대진디엠피,KOSDAQ,중견기업부,3330,-90,-2.63,3420,3420,3300,30259,100657480,46498484970,13963509
20181113,096350,대창솔루션,KOSDAQ,중견기업부,610,-5,-0.81,618,618,596,97973,59217995,66157742150,108455315
20181113,140520,대창스틸,KOSDAQ,중견기업부,2620,-70,-2.60,2650,2680,2510,92582,237398985,52400000000,20000000
20181113,131220,대한과학,KOSDAQ,벤처기업부,4260,-5,-0.12,4110,4260,4110,23201,96425795,31756127400,7454490
20181113,010170,대한광통신,KOSDAQ,중견기업부,4810,-800,-14.26,5450,5660,4670,10006897,49584270995,354697216250,73741625
20181113,054670,대한뉴팜,KOSDAQ,중견기업부,9120,-20,-0.22,8870,9200,8750,50798,452156320,130916870400,14354920
20181113,023910,대한약품,KOSDAQ,우량기업부,41650,-100,-0.24,41550,41750,41050,8254,341108450,249900000000,6000000
20181113,021040,대호피앤씨,KOSDAQ,중견기업부,1075,35,3.37,1015,1075,1005,1363601,1416364130,78596287950,73112826
20181113,021045,대호피앤씨우,KOSDAQ,중견기업부,1695,190,12.62,1510,1725,1450,1189949,1935975795,7190979870,4242466
20181113,067080,대화제약,KOSDAQ,우량기업부,20800,600,2.97,19700,20900,19700,103047,2091272150,379079459200,18224974
20181113,192080,더블유게임즈,KOSDAQ,우량기업부,61400,0,0.00,60400,61400,59500,116564,7034666000,1120384097200,18247298
20181113,035290,더블유에프엠,KOSDAQ,투자주의환기종목(소속부없음),2995,85,2.92,2895,3040,2615,62691,177923900,66410755625,22173875
20181113,213420,덕산네오룩스,KOSDAQ,우량기업부,14600,150,1.04,14300,14800,14000,450513,6518155100,350546175200,24010012
20181113,077360,덕산하이메탈,KOSDAQ,중견기업부,5310,-130,-2.39,5300,5440,5270,8157,43391580,120635240310,22718501
20181113,090410,덕신하우징,KOSDAQ,중견기업부,1225,5,0.41,1210,1235,1190,55284,66813295,49073500000,40060000
20181113,263600,덕우전자,KOSDAQ,우량기업부,9400,-30,-0.32,9210,9400,8910,16371,149053690,76234620400,8110066
20181113,194480,데브시스터즈,KOSDAQ,벤처기업부,9330,-170,-1.79,9400,9550,9260,5601,52185650,104514006900,11201930
20181113,263800,데이타솔루션,KOSDAQ,벤처기업부,2735,-65,-2.32,2740,2785,2645,32604,88049735,42990316300,15718580
20181113,139050,데일리블록체인,KOSDAQ,벤처기업부,2230,-60,-2.62,2185,2250,2110,1960722,4279160630,64653756680,28992716
20181113,017680,데코앤이,KOSDAQ,관리종목(소속부없음),415,-13,-3.04,425,425,403,678386,279345991,43103942630,103864922
20181113,206560,덱스터,KOSDAQ,기술성장기업부,5100,-100,-1.92,5050,5150,4940,146482,736795810,125651397900,24637529
20181113,067990,도이치모터스,KOSDAQ,벤처기업부,5130,-80,-1.54,5100,5210,5020,96352,491593610,134730770040,26263308
20181113,006620,동구바이오제약,KOSDAQ,벤처기업부,20050,0,0.00,19200,20100,19150,81974,1608843050,192560200000,9604000
20181113,100130,동국S&C,KOSDAQ,우량기업부,3105,-40,-1.27,3110,3120,3005,233881,715154335,177429015000,57143000
20181113,005160,동국산업,KOSDAQ,우량기업부,2455,-5,-0.20,2455,2485,2390,42266,101943585,133170203310,54244482
20181113,075970,동국알앤에스,KOSDAQ,중견기업부,2065,40,1.98,2000,2095,1965,38069,76629025,37996000000,18400000
20181113,086450,동국제약,KOSDAQ,우량기업부,51400,100,0.19,51100,51900,50200,22470,1147168100,457048800000,8892000
20181113,099410,동방선기,KOSDAQ,중견기업부,1660,-15,-0.90,1645,1660,1590,33670,54553980,22478063320,13541002
20181113,281740,동부스팩5호,KOSDAQ,SPAC(소속부없음),2030,-5,-0.25,2035,2050,2030,2521,5117750,9825200000,4840000
20181113,033500,동성화인텍,KOSDAQ,중견기업부,8210,-300,-3.53,8350,8380,7980,258333,2094068610,221535429890,26983609
20181113,025950,동신건설,KOSDAQ,우량기업부,5490,-160,-2.83,5580,5600,5400,42670,232449590,46116000000,8400000
20181113,088130,동아엘텍,KOSDAQ,우량기업부,9110,-120,-1.30,9100,9280,8940,228243,2081892090,101579196560,11150296
20181113,041930,동아화성,KOSDAQ,우량기업부,3235,35,1.09,3115,3235,3105,18131,56915405,51113000000,15800000
20181113,060380,동양에스텍,KOSDAQ,중견기업부,2890,-50,-1.70,2905,2935,2855,28835,83285740,28900000000,10000000
20181113,079960,동양이엔피,KOSDAQ,우량기업부,9520,-70,-0.73,9590,9590,9410,239,2256670,74827200000,7860000
20181113,228340,동양파일,KOSDAQ,우량기업부,5800,-30,-0.51,5730,5970,5620,289470,1671955850,116000000000,20000000
20181113,104460,동양피엔에프,KOSDAQ,중견기업부,4420,220,5.24,4050,4420,4050,38676,165219915,47354222500,10713625
20181113,088910,동우팜투테이블,KOSDAQ,우량기업부,3410,-10,-0.29,3400,3420,3290,55348,191313255,88086315240,25831764
20181113,094170,동운아나텍,KOSDAQ,벤처기업부,5270,60,1.15,5100,5280,4995,125292,641700605,65784582610,12482843
20181113,013120,동원개발,KOSDAQ,우량기업부,3725,0,0.00,3695,3795,3620,121039,444181810,338260172500,90808100
20181113,109860,동일금속,KOSDAQ,우량기업부,9980,-270,-2.63,10000,10100,9860,12497,124413190,69860000000,7000000
20181113,032960,동일기연,KOSDAQ,벤처기업부,11500,-100,-0.86,11300,11500,11150,500,5642100,70721354500,6149683
20181113,023790,동일철강,KOSDAQ,중견기업부,3745,5,0.13,3800,3800,3615,2711,9938685,27507343325,7345085
20181113,005290,동진쎄미켐,KOSDAQ,우량기업부,8710,-220,-2.46,8730,8800,8480,373267,3223714050,447820242740,51414494
20181113,025900,동화기업,KOSDAQ,우량기업부,25600,-550,-2.10,26200,26200,25450,6138,156942050,367532953600,14356756
20181113,078590,두올산업,KOSDAQ,중견기업부,3800,-5,-0.13,3700,3990,3560,777481,2927660175,73595645000,19367275
20181113,073190,듀오백,KOSDAQ,중견기업부,1900,-5,-0.26,1845,1940,1765,60896,112361315,22739276000,11968040
20181113,030350,드래곤플라이,KOSDAQ,중견기업부,2880,-50,-1.71,2845,2890,2750,25294,70833025,46104454080,16008491
20181113,203650,드림시큐리티,KOSDAQ,벤처기업부,2905,-5,-0.17,2910,2935,2805,83607,240382695,104015715370,35805754
20181113,217620,디딤,KOSDAQ,중견기업부,3135,-75,-2.34,3160,3210,3040,144475,451683335,116000972175,37001905
20181113,187870,디바이스이엔지,KOSDAQ,벤처기업부,8660,-70,-0.80,8410,9050,8340,36093,309712090,58732120000,6782000
20181113,066670,디스플레이텍,KOSDAQ,우량기업부,3860,0,0.00,3860,3860,3760,15856,60763540,72150803480,18691918
20181113,110990,디아이티,KOSDAQ,중견기업부,7090,-210,-2.88,7230,7230,7000,83982,595707060,134001000000,18900000
20181113,214680,디알텍,KOSDAQ,벤처기업부,1375,-20,-1.43,1360,1375,1300,249320,332444245,60787383250,44209006
20181113,263720,디앤씨미디어,KOSDAQ,벤처기업부,15250,500,3.39,14600,15250,14000,96601,1426950400,183630480750,12041343
20181113,109740,디에스케이,KOSDAQ,관리종목(소속부없음),7610,0,0.00,7700,7700,7460,46030,348514380,154899746430,20354763
20181113,033430,디에스티,KOSDAQ,중견기업부,1255,-40,-3.09,1265,1370,1250,1387488,1806414745,65454621635,52155077
20181113,090710,디에스티로봇,KOSDAQ,벤처기업부,1070,0,0.00,1055,1070,1030,502420,529382135,74769664370,69878191
20181113,131030,디에이치피코리아,KOSDAQ,중견기업부,9340,330,3.66,8940,9450,8830,125477,1145841500,154715203980,16564797
20181113,196490,디에이테크놀로지,KOSDAQ,벤처기업부,5760,-60,-1.03,5700,5910,5630,437520,2518400010,60154629120,10443512
20181113,066900,디에이피,KOSDAQ,우량기업부,2135,-40,-1.84,2150,2170,2030,15274,32716395,48559513905,22744503
20181113,127120,디엔에이링크,KOSDAQ,기술성장기업부,4140,-65,-1.55,4110,4190,4030,39919,162835635,44454492000,10737800
20181113,092070,디엔에프,KOSDAQ,우량기업부,7960,-180,-2.21,8140,8600,7910,154343,1254684150,85664150880,10761828
20181113,101000,디엠씨,KOSDAQ,관리종목(소속부없음),1575,0,0.00,0,0,0,0,0,63066896550,40042474
20181113,134580,디엠티,KOSDAQ,중견기업부,3880,0,0.00,3750,4015,3750,8646,33331765,43650000000,11250000
20181113,039840,디오,KOSDAQ,우량기업부,27250,400,1.49,27300,27400,26100,31992,852116550,413420731750,15171403
20181113,079810,디이엔티,KOSDAQ,중견기업부,2365,-50,-2.07,2380,2415,2350,16178,38417900,21236588450,8979530
20181113,113810,디젠스,KOSDAQ,관리종목(소속부없음),597,-3,-0.50,580,607,580,66464,39381373,19478946447,32628051
20181113,043360,디지아이,KOSDAQ,벤처기업부,2780,10,0.36,2765,2800,2675,13514,36898660,25020000000,9000000
20181113,197140,디지캡,KOSDAQ,벤처기업부,8300,60,0.73,8010,8390,7850,41409,337451800,29308254500,3531115
20181113,106520,디지탈옵틱,KOSDAQ,중견기업부,1005,5,0.50,998,1020,974,445584,439735309,50748321210,50495842
20181113,068930,디지털대성,KOSDAQ,중견기업부,4485,-20,-0.44,4420,4490,4415,20483,90855715,100664582655,22444723
20181113,033130,디지틀조선,KOSDAQ,중견기업부,1765,10,0.57,1730,1765,1685,85052,146434075,65508446255,37115267
20181113,033310,디케이디앤아이,KOSDAQ,중견기업부,1690,0,0.00,1650,1690,1650,3757,6238500,37133374590,21972411
20181113,105740,디케이락,KOSDAQ,중견기업부,7940,60,0.76,7700,7940,7530,65215,504278810,65369321280,8232912
20181113,187220,디티앤씨,KOSDAQ,벤처기업부,8310,110,1.34,8110,8390,7930,21293,172488100,81887188740,9854054
20181113,131180,딜리,KOSDAQ,벤처기업부,1800,-30,-1.64,1800,1815,1745,56881,100874105,52830000000,29350000
20181113,042510,라온시큐어,KOSDAQ,벤처기업부,2240,-15,-0.67,2255,2265,2165,68439,150213015,71253530880,31809612
20181113,050120,라이브플렉스,KOSDAQ,중견기업부,783,-13,-1.63,775,790,766,263694,205008508,65179311282,83243054
20181113,171120,라이온켐텍,KOSDAQ,우량기업부,9840,-150,-1.50,10050,10050,9800,28992,288551400,151398289200,15386005
20181113,069540,라이트론,KOSDAQ,중견기업부,8370,160,1.95,8020,8500,7840,144978,1177805640,118586302290,14168017
20181113,171010,램테크놀러지,KOSDAQ,벤처기업부,3720,35,0.95,3685,3850,3620,17477,64045310,42507383520,11426716
20181113,084650,랩지노믹스,KOSDAQ,벤처기업부,6000,40,0.67,5740,6050,5740,59870,350081630,54619770000,9103295
20181113,217500,러셀,KOSDAQ,벤처기업부,2090,-90,-4.13,2120,2160,1955,518182,1059849055,64397080000,30812000
20181113,141080,레고켐바이오,KOSDAQ,기술성장기업부,57000,2800,5.17,53000,57700,52900,139856,7800144300,603623274000,10589882
20181113,060300,레드로버,KOSDAQ,중견기업부,2560,-45,-1.73,2560,2620,2420,600186,1508426910,116300026880,45429698
20181113,038390,레드캡투어,KOSDAQ,우량기업부,15700,-100,-0.63,15800,15800,15600,244,3834950,134854836000,8589480
20181113,228850,레이언스,KOSDAQ,우량기업부,14050,100,0.72,13450,14050,13450,43906,603425050,233103746700,16591014
20181113,238120,로고스바이오,KOSDAQ,기술성장기업부,13050,350,2.76,12300,13200,12050,19985,253681750,46911148200,3594724
20181113,215100,로보로보,KOSDAQ,벤처기업부,2250,-20,-0.88,2185,2250,2135,81946,178306165,40046521500,17798454
20181113,090360,로보스타,KOSDAQ,우량기업부,25550,-450,-1.73,25300,25650,25000,30321,766162500,249112500000,9750000
20181113,108490,로보티즈,KOSDAQ,벤처기업부,18950,-950,-4.77,19400,19450,18350,246780,4642827150,213206450000,11251000
20181113,900260,로스웰,KOSDAQ,외국기업(소속부없음),1040,-35,-3.26,1065,1065,1015,357381,368315415,94412500000,90781250
20181113,067730,로지시스,KOSDAQ,중견기업부,2895,5,0.17,2775,2905,2735,31443,89555680,27041969190,9340922
20181113,071280,로체시스템즈,KOSDAQ,벤처기업부,3550,-65,-1.80,3565,3575,3400,36696,127619200,54302940650,15296603
20181113,038060,루멘스,KOSDAQ,중견기업부,2250,-55,-2.39,2280,2340,2240,122234,276901155,106372764000,47276784
20181113,082800,루미마이크로,KOSDAQ,중견기업부,1880,30,1.62,1790,1900,1755,322591,589451020,122968241320,65408639
20181113,085370,루트로닉,KOSDAQ,벤처기업부,9010,-140,-1.53,8770,9060,8490,396657,3456641140,227166075610,25212661
20181113,08537M,루트로닉3우C,KOSDAQ,벤처기업부,13300,-500,-3.62,13050,13750,12950,875,11466450,13488421100,1014167
20181113,060240,룽투코리아,KOSDAQ,벤처기업부,3530,0,0.00,3505,3530,3345,23149,78566780,85341749490,24176133
20181113,058470,리노공업,KOSDAQ,우량기업부,52100,-800,-1.51,52000,52400,51000,72653,3746202300,794127477000,15242370
20181113,039980,리노스,KOSDAQ,우량기업부,1885,-10,-0.53,1880,1910,1825,98040,181052755,71168163690,37754994
20181113,016100,리더스코스메틱,KOSDAQ,우량기업부,11250,-250,-2.17,11150,11500,10850,87675,975179350,204417157500,18170414
20181113,197210,리드,KOSDAQ,중견기업부,2445,0,0.00,0,0,0,0,0,180367293030,73769854
20181113,012700,리드코프,KOSDAQ,우량기업부,5350,30,0.56,5280,5390,5220,16176,85489320,143108380500,26749230
20181113,131100,리켐,KOSDAQ,관리종목(소속부없음),17150,150,0.88,17000,18550,16700,17000,291143700,78100499750,4553965
20181113,277070,린드먼아시아,KOSDAQ,중견기업부,5100,-150,-2.86,5040,5190,4890,108255,544361845,68850000000,13500000
20181113,042500,링네트,KOSDAQ,벤처기업부,3525,80,2.32,3440,3525,3300,28243,96322755,52652494950,14936878
20181113,219420,링크제니시스,KOSDAQ,기술성장기업부,6980,0,0.00,6760,7040,6700,45971,314408240,69800000000,10000000
20181113,098120,마이크로컨텍솔,KOSDAQ,벤처기업부,3305,550,19.96,2830,3415,2830,3245589,10504322355,27473691630,8312766
20181113,227950,마이크로텍,KOSDAQ,중견기업부,1705,-55,-3.13,1725,1850,1695,1382759,2446803920,32396582240,19000928
20181113,147760,마이크로프랜드,KOSDAQ,벤처기업부,4350,275,6.75,4090,4620,4025,5590332,24398518900,47066417100,10819866
20181113,035480,마제스타,KOSDAQ,투자주의환기종목(소속부없음),1475,0,0.00,0,0,0,0,0,67155378250,45529070
20181113,038290,마크로젠,KOSDAQ,우량기업부,30100,250,0.84,29250,30200,28950,64288,1901581050,319224165400,10605454
20181113,267980,매일유업,KOSDAQ,우량기업부,73600,-100,-0.14,73700,74000,71100,32682,2371653600,577291756800,7843638
20181113,005990,매일홀딩스,KOSDAQ,우량기업부,10750,-250,-2.27,10850,10950,10500,19263,205614400,147471768000,13718304
20181113,127160,매직마이크로,KOSDAQ,중견기업부,4300,-15,-0.35,4170,4305,4130,404688,1706112600,252937941100,58822777
20181113,093520,매커스,KOSDAQ,중견기업부,4025,-85,-2.07,4090,4090,3985,134916,540995405,65056445300,16163092
20181113,141070,맥스로텍,KOSDAQ,벤처기업부,1140,-25,-2.15,1115,1150,1115,70405,79356845,28347760980,24866457
20181113,067280,멀티캠퍼스,KOSDAQ,우량기업부,43150,450,1.05,42550,43450,40500,7384,312892000,255740513850,5926779
20181113,072870,메가스터디,KOSDAQ,중견기업부,10650,100,0.95,10500,11600,10200,76842,827875900,126958213350,11920959
20181113,215200,메가스터디교육,KOSDAQ,우량기업부,25250,800,3.27,24450,25900,24150,202325,5094172700,296987470000,11761880
20181113,133750,메가엠디,KOSDAQ,중견기업부,2625,125,5.00,2510,2720,2505,2606075,6926094265,58717556625,22368593
20181113,041920,메디아나,KOSDAQ,벤처기업부,6140,80,1.32,5810,6140,5790,22673,134945870,53114045440,8650496
20181113,086900,메디톡스,KOSDAQ,우량기업부,529000,9400,1.81,502200,535800,502200,33222,17427141000,2992307015000,5656535
20181113,078160,메디포스트,KOSDAQ,벤처기업부,74900,600,0.81,72900,75500,72300,113624,8387865700,589344732900,7868421
20181113,065650,메디프론,KOSDAQ,중견기업부,5130,180,3.64,4880,5150,4780,141631,698913895,151022649690,29439113
20181113,021880,메이슨캐피탈,KOSDAQ,중견기업부,471,1,0.21,470,498,450,4842665,2316947815,46715856168,99184408
20181113,140410,메지온,KOSDAQ,중견기업부,86600,-800,-0.92,85000,87900,85000,73613,6348664200,746334301400,8618179
20181113,241770,메카로,KOSDAQ,벤처기업부,14750,-400,-2.64,14650,14900,14400,56465,825713100,147221815000,9981140
20181113,059210,메타바이오메드,KOSDAQ,벤처기업부,3000,5,0.17,2955,3030,2895,105100,310508290,71587053000,23862351
20181113,058110,멕아이씨에스,KOSDAQ,기술성장기업부,3390,-55,-1.60,3395,3480,3290,32003,107868350,18175485000,5361500
20181113,096640,멜파스,KOSDAQ,중견기업부,2425,25,1.04,2395,2480,2140,231428,523783040,51548591175,21257151
20181113,257370,명성티엔에스,KOSDAQ,벤처기업부,20200,-850,-4.04,20250,20400,19450,607962,11995801860,128674000000,6370000
20181113,149940,모다,KOSDAQ,투자주의환기종목(소속부없음),155,0,0.00,0,0,0,0,0,3279863395,21160409
20181113,080420,모다이노칩,KOSDAQ,우량기업부,8170,-160,-1.92,8130,8210,7870,68575,548835470,325662825870,39860811
20181113,080160,모두투어,KOSDAQ,우량기업부,24900,250,1.01,24050,24900,23700,163980,4008363550,470610000000,18900000
20181113,100030,모바일리더,KOSDAQ,중견기업부,9250,-80,-0.86,9120,9280,8900,1377,12513860,30374354500,3283714
20181113,087260,모바일어플라이언스,KOSDAQ,우량기업부,4805,-35,-0.72,4700,4820,4625,53255,250139875,72075000000,15000000
20181113,101330,모베이스,KOSDAQ,우량기업부,3540,-110,-3.01,3585,3595,3380,34965,123902200,84811985520,23958188
20181113,250060,모비스,KOSDAQ,기술성장기업부,4795,75,1.59,4550,4795,4440,677911,3144085330,154261450630,32171314
20181113,033200,모아텍,KOSDAQ,중견기업부,4300,-70,-1.60,4330,4375,4290,1333,5747840,61624095500,14331185
20181113,118990,모트렉스,KOSDAQ,우량기업부,4110,-160,-3.75,4250,4345,4075,187936,785225365,111999739950,27250545
20181113,006920,모헨즈,KOSDAQ,중견기업부,5340,-90,-1.66,5320,5360,5210,45703,241877490,58312800000,10920000
20181113,001810,무림SP,KOSDAQ,우량기업부,2495,-45,-1.77,2510,2510,2430,5658,13989480,55233062500,22137500
20181113,028040,미래SCI,KOSDAQ,중견기업부,3830,25,0.66,3740,3930,3625,183866,690241785,118011331140,30812358
20181113,095500,미래나노텍,KOSDAQ,우량기업부,3050,-55,-1.77,3170,3180,2950,55839,168722160,71033075650,23289533
20181113,218150,미래생명자원,KOSDAQ,벤처기업부,3070,-30,-0.97,3010,3100,2895,287355,864040000,57321283960,18671428
20181113,265480,미래에셋대우스팩1호,KOSDAQ,SPAC(소속부없음),2045,0,0.00,0,0,0,0,0,9897800000,4840000
20181113,239340,미래에셋제5호스팩,KOSDAQ,SPAC(소속부없음),2085,0,0.00,0,0,0,0,0,10008000000,4800000
20181113,049950,미래컴퍼니,KOSDAQ,우량기업부,55100,-2600,-4.51,56000,56000,53600,93278,5101030300,433336154000,7864540
20181113,213090,미래테크놀로지,KOSDAQ,중견기업부,8360,0,0.00,8240,8420,8240,6169,51336380,51169787680,6120788
20181113,207760,미스터블루,KOSDAQ,벤처기업부,2525,35,1.41,2465,2595,2385,96742,238937290,61622635100,24405004
20181113,059090,미코,KOSDAQ,우량기업부,3190,15,0.47,3085,3195,3050,267865,832568375,99899963570,31316603
20181113,201490,미투온,KOSDAQ,벤처기업부,6010,-10,-0.17,5840,6010,5770,178029,1048626100,187859197700,31257770
20181113,214180,민앤지,KOSDAQ,벤처기업부,17700,100,0.57,17300,17700,16900,33114,571010200,210393315600,11886628
20181113,206640,바디텍메드,KOSDAQ,벤처기업부,11750,150,1.29,11300,11900,11250,81101,939767000,275165354000,23418328
20181113,018700,바른손,KOSDAQ,중견기업부,2125,15,0.71,2120,2125,2065,66664,140365450,34886900625,16417365
20181113,035620,바른손이앤에이,KOSDAQ,중견기업부,1365,25,1.87,1340,1385,1320,243707,328527910,96051334470,70367278
20181113,064520,바른전자,KOSDAQ,중견기업부,583,-16,-2.67,590,598,577,750196,439280545,38722574913,66419511
20181113,029480,바른테크놀로지,KOSDAQ,중견기업부,695,-11,-1.56,680,706,680,55001,38115347,22792723075,32795285
20181113,053030,바이넥스,KOSDAQ,중견기업부,9950,100,1.02,9710,9980,9510,320158,3125286030,315723927600,31731048
20181113,084990,바이로메드,KOSDAQ,기술성장기업부,185600,4600,2.54,178500,186000,177500,166770,30282904300,2961481856000,15956260
20181113,064550,바이오니아,KOSDAQ,기술성장기업부,8750,300,3.55,8200,8760,8160,67967,571329260,180464970000,20624568
20181113,222810,바이오닉스진,KOSDAQ,벤처기업부,5950,150,2.59,5850,5980,5390,201091,1156737500,95161539200,15993536
20181113,208710,바이오로그디바이스,KOSDAQ,벤처기업부,1480,-10,-0.67,1450,1485,1430,152094,221598055,40797096880,27565606
20181113,142760,바이오리더스,KOSDAQ,기술성장기업부,11100,550,5.21,10150,11150,10000,171237,1810222650,177159441000,15960310
20181113,065940,바이오빌,KOSDAQ,중견기업부,2540,270,11.89,2075,2540,2050,4623961,10811086505,93490933160,36807454
20181113,086820,바이오솔루션,KOSDAQ,기술성장기업부,43000,0,0.00,41900,43350,40450,207169,8673426050,337426418000,7847126
20181113,038460,바이오스마트,KOSDAQ,벤처기업부,3500,-35,-0.99,3515,3525,3370,74106,254376090,69926290000,19978940
20181113,044480,바이오제네틱스,KOSDAQ,관리종목(소속부없음),7750,-100,-1.27,7950,7950,7360,8153,62119600,84899521750,10954777
20181113,086040,바이오톡스텍,KOSDAQ,벤처기업부,8600,100,1.18,8300,8710,8230,68877,584347990,125255757800,14564623
20181113,032980,바이온,KOSDAQ,중견기업부,1810,110,6.47,1665,1840,1570,920071,1620201925,84359564140,46607494
20181113,043150,바텍,KOSDAQ,우량기업부,22350,50,0.22,21900,22500,21200,64151,1392391400,331992621600,14854256
20181113,267790,배럴,KOSDAQ,중견기업부,11200,200,1.82,10700,11250,10700,63865,701315900,86926560000,7761300
20181113,046310,백금T&A,KOSDAQ,중견기업부,2360,-50,-2.07,2355,2410,2300,109105,255821715,35900924160,15212256
20181113,036620,버추얼텍,KOSDAQ,중견기업부,881,-9,-1.01,853,887,852,191523,165142734,26086576509,29610189
20181113,177350,베셀,KOSDAQ,벤처기업부,4325,-215,-4.74,4440,4445,4305,110176,478889355,48406991600,11192368
20181113,225530,보광산업,KOSDAQ,중견기업부,3495,-80,-2.24,3575,3575,3390,48319,166189165,120472650000,34470000
20181113,250000,보라티알,KOSDAQ,벤처기업부,6830,-70,-1.01,6810,6940,6770,5019,34464100,46107506390,6750733
20181113,014100,보령메디앙스,KOSDAQ,우량기업부,9000,-300,-3.23,9020,9070,8660,83268,736583230,106200000000,11800000
20181113,006910,보성파워텍,KOSDAQ,중견기업부,2295,-35,-1.50,2270,2310,2215,278431,629246855,105236580105,45854719
20181113,226340,본느,KOSDAQ,중견기업부,1735,-65,-3.61,1765,1785,1690,355858,612532845,50484502560,29097696
20181113,014470,부방,KOSDAQ,우량기업부,1975,-30,-1.50,1950,1990,1895,101415,194722070,93404642750,47293490
20181113,008470,부스타,KOSDAQ,벤처기업부,6050,50,0.83,5970,6060,5870,42692,255153370,50849040000,8404800
20181113,100120,뷰웍스,KOSDAQ,우량기업부,35900,-100,-0.28,35750,36450,34700,50809,1803464100,359066953500,10001865
20181113,066980,브레인콘텐츠,KOSDAQ,중견기업부,909,-4,-0.44,902,910,876,766884,684123024,144002217429,158418281
20181113,064480,브리지텍,KOSDAQ,벤처기업부,2965,-50,-1.66,2910,3015,2890,31772,93118480,35439162500,11952500
20181113,251630,브이원텍,KOSDAQ,벤처기업부,25400,-1950,-7.13,26150,26550,24650,106858,2699830100,190908686000,7516090
20181113,033560,블루콤,KOSDAQ,우량기업부,4240,-50,-1.17,4245,4245,4150,61401,257360620,76693319280,18088047
20181113,121800,비덴트,KOSDAQ,중견기업부,11400,100,0.88,11000,11400,10800,288619,3198135700,283330378800,24853542
20181113,148140,비디아이,KOSDAQ,벤처기업부,8790,-110,-1.24,8750,8940,8630,11773,102605480,46415595000,5280500
20181113,200780,비씨월드제약,KOSDAQ,벤처기업부,22750,400,1.79,21800,22750,21650,9140,201893300,182189234500,8008318
20181113,141000,비아트론,KOSDAQ,우량기업부,10650,-250,-2.29,10700,10850,10450,157677,1676079300,129021661500,12114710
20181113,090460,비에이치,KOSDAQ,우량기업부,16500,-1300,-7.30,17250,17300,16050,1492300,24618357200,516611304000,31309776
20181113,083650,비에이치아이,KOSDAQ,중견기업부,2275,-100,-4.21,2440,2440,2225,61384,139432910,59150000000,26000000
20181113,086670,비엠티,KOSDAQ,벤처기업부,7530,30,0.40,7490,7570,7220,19234,141801420,61343363370,8146529
20181113,138580,비즈니스온,KOSDAQ,벤처기업부,15050,650,4.51,13850,15350,13700,122317,1775653400,143651347000,9544940
20181113,082920,비츠로셀,KOSDAQ,벤처기업부,11600,1300,12.62,10050,12750,10000,658863,7696288150,227248999600,19590431
20181113,054220,비츠로시스,KOSDAQ,벤처기업부,1735,70,4.20,1610,1735,1585,1054864,1738273645,77481276060,44657796
20181113,042370,비츠로테크,KOSDAQ,우량기업부,6660,280,4.39,6500,6850,6430,457125,3032948230,148876794180,22353873
20181113,032850,비트컴퓨터,KOSDAQ,벤처기업부,4740,-35,-0.73,4720,4760,4605,82977,387180390,78794408820,16623293
20181113,093190,빅솔론,KOSDAQ,우량기업부,6290,-60,-0.94,6290,6390,6140,77135,479571410,121012712450,19238905
20181113,065450,빅텍,KOSDAQ,벤처기업부,2525,60,2.43,2560,2645,2465,3593720,9192074270,61862500000,24500000
20181113,072950,빛샘전자,KOSDAQ,벤처기업부,5460,-160,-2.85,5530,5550,5310,46671,253545650,32760000000,6000000
20181113,143240,사람인에이치알,KOSDAQ,우량기업부,16650,900,5.71,15700,17000,15200,44083,715538900,193710478950,11634263
20181113,100090,삼강엠앤티,KOSDAQ,우량기업부,5790,160,2.84,5540,5830,5180,694492,3792151880,150343238430,25966017
20181113,122350,삼기오토모티브,KOSDAQ,우량기업부,2490,-20,-0.80,2450,2490,2415,23186,56449250,76759867440,30827256
20181113,014970,삼륭물산,KOSDAQ,중견기업부,4135,-65,-1.55,4150,4235,3965,18952,76807345,62541875000,15125000
20181113,018310,삼목에스폼,KOSDAQ,우량기업부,11500,50,0.44,11400,11700,11250,19625,223693150,169050000000,14700000
20181113,053700,삼보모터스,KOSDAQ,우량기업부,6600,-100,-1.49,6520,6640,6310,44415,287937210,94045611000,14249335
20181113,009620,삼보산업,KOSDAQ,중견기업부,6010,20,0.33,5880,6020,5750,1941,11445670,24791250000,4125000
20181113,023600,삼보판지,KOSDAQ,우량기업부,9130,10,0.11,9050,9130,8790,15463,138908410,134211000000,14700000
20181113,111870,삼본정밀전자,KOSDAQ,우량기업부,4240,145,3.54,4240,4385,4105,12453995,53119394900,193225280000,45572000
20181113,291230,삼성스팩2호,KOSDAQ,SPAC(소속부없음),2045,-10,-0.49,2055,2055,2045,25334,52029925,15439750000,7550000
20181113,009300,삼아제약,KOSDAQ,우량기업부,16450,100,0.61,16100,16500,15950,12922,208986500,104786500000,6370000
20181113,225190,삼양옵틱스,KOSDAQ,우량기업부,13900,-100,-0.71,13850,14000,13600,7853,108848500,139536540000,10038600
20181113,054540,삼영엠텍,KOSDAQ,중견기업부,2840,30,1.07,2790,2890,2710,64342,179309005,36920000000,13000000
20181113,065570,삼영이엔씨,KOSDAQ,중견기업부,5380,-120,-2.18,5500,5500,5290,13560,72209260,47344000000,8800000
20181113,082660,삼우엠스,KOSDAQ,벤처기업부,1070,-55,-4.89,1090,1095,1020,427086,452746160,44178206010,41288043
20181113,073640,삼원테크,KOSDAQ,관리종목(소속부없음),1890,145,8.31,1735,2220,1735,520565,1003548290,93113140680,49266212
20181113,032280,삼일,KOSDAQ,중견기업부,1970,-30,-1.50,1980,1990,1930,28220,55194610,31940772300,16213590
20181113,002290,삼일기업공사,KOSDAQ,중견기업부,3270,30,0.93,3190,3275,3150,67190,214731135,40548000000,12400000
20181113,037460,삼지전자,KOSDAQ,벤처기업부,8620,210,2.50,8170,8670,8050,75166,625908020,140665659640,16318522
20181113,032750,삼진,KOSDAQ,중견기업부,6040,60,1.00,5810,6090,5810,16177,96372660,36240000000,6000000
20181113,054090,삼진엘앤디,KOSDAQ,벤처기업부,1940,-50,-2.51,1940,1980,1890,116504,223038315,48420910080,24959232
20181113,000250,삼천당제약,KOSDAQ,우량기업부,35750,2050,6.08,32800,36050,32600,290042,10019878450,790282814750,22105813
20181113,024950,삼천리자전거,KOSDAQ,우량기업부,6150,50,0.82,6100,6150,5980,19768,119646390,81632498550,13273577
20181113,038500,삼표시멘트,KOSDAQ,우량기업부,3470,-45,-1.28,3400,3545,3345,223762,773886980,372529390310,107357173
20181113,017480,삼현철강,KOSDAQ,우량기업부,4310,-85,-1.93,4320,4360,4215,54841,233713505,67679455900,15702890
20181113,046390,삼화네트웍스,KOSDAQ,벤처기업부,1405,5,0.36,1400,1405,1345,64455,89020030,60369945865,42967933
20181113,027580,상보,KOSDAQ,중견기업부,1725,30,1.77,1660,1725,1630,168760,280530535,48884059125,28338585
20181113,038540,상상인,KOSDAQ,우량기업부,16900,-150,-0.88,17000,17000,16050,210892,3478881000,806947909300,47748397
20181113,091580,상신이디피,KOSDAQ,벤처기업부,13950,-200,-1.41,13650,14000,13350,240683,3283662350,176677447500,12665050
20181113,263810,상신전자,KOSDAQ,중견기업부,15250,1850,13.81,13050,16500,13000,1223442,18839639750,61894687000,4058668
20181113,089980,상아프론테크,KOSDAQ,우량기업부,11850,100,0.85,11400,11850,11100,113494,1292590000,169022901600,14263536
20181113,042940,상지카일룸,KOSDAQ,중견기업부,2195,270,14.03,1925,2225,1900,1174812,2498771730,80864800920,36840456
20181113,042600,새로닉스,KOSDAQ,우량기업부,4250,-35,-0.82,4220,4265,4120,25797,108093095,52800189500,12423574
20181113,263540,샘코,KOSDAQ,기술성장기업부,4460,-35,-0.78,4380,4470,4340,6370,27851485,35397597260,7936681
20181113,038070,서린바이오,KOSDAQ,중견기업부,9600,320,3.45,9030,9600,8910,29673,273266420,66244953600,6900516
20181113,006730,서부T&D,KOSDAQ,중견기업부,8470,-90,-1.05,8460,8480,8260,107749,897247070,439349123290,51871207
20181113,079650,서산,KOSDAQ,중견기업부,3175,-85,-2.61,3150,3175,3010,142373,440059960,63500000000,20000000
20181113,100660,서암기계공업,KOSDAQ,중견기업부,3600,-110,-2.96,3560,3650,3495,64144,228338590,45360000000,12600000
20181113,012860,서연전자,KOSDAQ,중견기업부,1405,-40,-2.77,1395,1445,1385,70605,99895650,37935000000,27000000
20181113,019770,서연탑메탈,KOSDAQ,중견기업부,2805,-100,-3.44,2790,2885,2700,145107,404697570,32678250000,11650000
20181113,043710,서울리거,KOSDAQ,중견기업부,2600,10,0.39,2550,2645,2480,15870,40654590,65299800800,25115308
20181113,046890,서울반도체,KOSDAQ,우량기업부,21000,-650,-3.00,21300,21350,20300,650040,13494790550,1224413400000,58305400
20181113,063170,서울옥션,KOSDAQ,중견기업부,11800,-150,-1.26,11800,11950,11400,256944,2990441700,199626500000,16917500
20181113,027040,서울전자통신,KOSDAQ,중견기업부,1090,-30,-2.68,1100,1115,1070,171456,186101810,70593071740,64764286
20181113,018680,서울제약,KOSDAQ,벤처기업부,7260,-70,-0.95,7250,7890,7010,25315,185196890,61604722740,8485499
20181113,093920,서원인텍,KOSDAQ,우량기업부,4470,0,0.00,4450,4470,4360,5457,24075095,83142000000,18600000
20181113,189860,서전기전,KOSDAQ,벤처기업부,5700,80,1.42,5550,5830,5320,358724,1991385600,27641523000,4849390
20181113,178320,서진시스템,KOSDAQ,벤처기업부,30300,-550,-1.78,30100,30300,28850,91187,2697389300,274225089900,9050333
20181113,122690,서진오토모티브,KOSDAQ,중견기업부,2355,-100,-4.07,2365,2380,2265,177897,415148860,46019634330,19541246
20181113,140070,서플러스글로벌,KOSDAQ,우량기업부,2945,-80,-2.64,3015,3015,2860,222594,646882040,108929660000,36988000
20181113,011370,서한,KOSDAQ,우량기업부,1890,-10,-0.53,1890,1895,1800,397556,734480335,190691294850,100894865
20181113,065710,서호전기,KOSDAQ,중견기업부,11300,-200,-1.74,11350,11450,11150,19342,217767000,58195000000,5150000
20181113,035890,서희건설,KOSDAQ,우량기업부,1215,-25,-2.02,1210,1225,1180,2169025,2608841360,210763310175,173467745
20181113,003100,선광,KOSDAQ,우량기업부,17600,0,0.00,17500,17600,17150,7674,133938750,116160000000,6600000
20181113,123420,선데이토즈,KOSDAQ,우량기업부,22500,1350,6.38,21000,22500,20300,427633,9232283500,215321445000,9569842
20181113,171090,선익시스템,KOSDAQ,우량기업부,9320,130,1.41,9100,10150,8860,2108321,20125964440,83873429400,8999295
20181113,014620,성광벤드,KOSDAQ,중견기업부,11600,-200,-1.69,11900,11900,11350,122203,1406785500,331760000000,28600000
20181113,037350,성도이엔지,KOSDAQ,우량기업부,4500,-115,-2.49,4485,4575,4345,232699,1032504725,69615000000,15470000
20181113,081580,성우전자,KOSDAQ,우량기업부,2805,5,0.18,2740,2830,2700,16951,46714435,43500341115,15508143
20181113,045300,성우테크론,KOSDAQ,벤처기업부,4210,45,1.08,4060,4210,4030,27452,111787810,38117571550,9054055
20181113,015750,성우하이텍,KOSDAQ,우량기업부,3375,-105,-3.02,3450,3465,3290,616575,2078319125,270000000000,80000000
20181113,080470,성창오토텍,KOSDAQ,중견기업부,7100,-140,-1.93,7090,7160,6760,118724,825254260,51830000000,7300000
20181113,043260,성호전자,KOSDAQ,벤처기업부,869,-14,-1.59,864,883,850,46072,39693078,25640837398,29506142
20181113,053060,세동,KOSDAQ,중견기업부,518,-5,-0.96,518,518,507,55379,28274235,11090898000,21411000
20181113,017510,세명전기,KOSDAQ,벤처기업부,6330,-90,-1.40,6150,6350,6040,203803,1261532420,96507180000,15246000
20181113,214310,세미콘라이트,KOSDAQ,투자주의환기종목(소속부없음),1205,100,9.05,1075,1280,1050,1883530,2237621420,78735521810,65340682
20181113,011560,세보엠이씨,KOSDAQ,우량기업부,8590,-110,-1.26,8530,8690,8410,18635,158710690,90452700000,10530000
20181113,100700,세운메디칼,KOSDAQ,우량기업부,3460,30,0.87,3385,3465,3330,125331,426001165,151548000000,43800000
20181113,234100,세원,KOSDAQ,벤처기업부,2300,60,2.68,2530,2680,2300,3202417,8102037350,51480865500,22382985
20181113,024830,세원물산,KOSDAQ,우량기업부,5640,0,0.00,5650,5650,5480,2555,14051290,47094000000,8350000
20181113,258830,세종메디칼,KOSDAQ,벤처기업부,12600,-300,-2.33,12500,12700,12250,15703,196103150,85399536600,6777741
20181113,036630,세종텔레콤,KOSDAQ,중견기업부,459,-6,-1.29,463,464,449,5036459,2293932682,275549691834,600326126
20181113,039310,세중,KOSDAQ,우량기업부,3215,-5,-0.16,3170,3235,3090,160209,505368175,58261159405,18121667
20181113,067770,세진티에스,KOSDAQ,중견기업부,2760,10,0.36,2670,2790,2600,20887,56071890,23174596680,8396593
20181113,053450,세코닉스,KOSDAQ,우량기업부,7060,200,2.92,6460,7350,6460,302222,2119309270,79417311660,11248911
20181113,252500,세화피앤씨,KOSDAQ,중견기업부,4905,-55,-1.11,4815,4930,4730,188412,911339800,101745371475,20743195
20181113,049180,셀루메드,KOSDAQ,벤처기업부,8260,180,2.23,7800,8270,7790,129829,1054386330,168735370860,20428011
20181113,268600,셀리버리,KOSDAQ,기술성장기업부,27850,-1350,-4.62,30050,30250,27300,1011247,28486192250,199080739850,7148321
20181113,108860,셀바스AI,KOSDAQ,벤처기업부,3930,-85,-2.12,3910,3970,3790,130229,502256245,86679863850,22055945
20181113,208370,셀바스헬스케어,KOSDAQ,벤처기업부,3640,40,1.11,3600,3675,3470,90264,322872135,47855338440,13147071
20181113,068760,셀트리온제약,KOSDAQ,벤처기업부,50100,1700,3.51,47200,50600,47200,438177,21517113650,1705830200700,34048507
20181113,091990,셀트리온헬스케어,KOSDAQ,우량기업부,60600,500,0.83,58900,62100,58600,1929814,116930543200,8515605869400,140521549
20181113,053110,소리바다,KOSDAQ,벤처기업부,1120,-10,-0.88,1105,1125,1080,327502,359868005,63119920640,56357072
20181113,032680,소프트센,KOSDAQ,중견기업부,1280,-40,-3.03,1290,1300,1235,116446,146591045,41893579520,32729359
20181113,032685,소프트센우,KOSDAQ,중견기업부,28000,1350,5.07,26650,28350,26650,30781,853543050,3999996000,142857
20181113,066910,손오공,KOSDAQ,중견기업부,2220,-95,-4.10,2270,2290,2060,97912,216636005,48609477420,21896161
20181113,043100,솔고바이오,KOSDAQ,중견기업부,406,-6,-1.46,407,411,399,1323593,535132291,65660668710,161725785
20181113,154040,솔루에타,KOSDAQ,중견기업부,3730,-60,-1.58,3775,3775,3555,44994,164854645,45082965780,12086586
20181113,035610,솔본,KOSDAQ,중견기업부,4860,100,2.10,4620,4870,4620,30441,145213725,132901545420,27345997
20181113,036830,솔브레인,KOSDAQ,우량기업부,48850,-350,-0.71,48500,48850,47500,82589,3983005550,849905538350,17398271
20181113,230980,솔트웍스,KOSDAQ,벤처기업부,5390,120,2.28,5100,5470,4985,357758,1858630655,57270938340,10625406
20181113,086980,쇼박스,KOSDAQ,우량기업부,3745,-55,-1.45,3765,3765,3555,52730,195482345,234437000000,62600000
20181113,050960,수산아이앤티,KOSDAQ,벤처기업부,6380,-100,-1.54,6430,6430,6280,2967,18800990,43071380000,6751000
20181113,084180,수성,KOSDAQ,관리종목(소속부없음),5820,0,0.00,0,0,0,0,0,63269452800,10871040
20181113,058530,슈펙스비앤피,KOSDAQ,중견기업부,933,-32,-3.32,988,988,910,141015,130166101,54848565828,58787316
20181113,236200,슈프리마,KOSDAQ,벤처기업부,20400,-250,-1.21,20650,20750,19500,71430,1453765150,144437569200,7080273
20181113,094840,슈프리마에이치큐,KOSDAQ,벤처기업부,5980,-90,-1.48,6110,6110,5900,24774,148327560,62621603200,10471840
20181113,192440,슈피겐코리아,KOSDAQ,우량기업부,43650,600,1.39,43500,43650,41800,8378,354742350,271344244950,6216363
20181113,099440,스맥,KOSDAQ,중견기업부,3200,30,0.95,3125,3225,3100,77856,248180055,87105548800,27220484
20181113,033790,스카이문스테크놀로지,KOSDAQ,벤처기업부,2645,115,4.55,2530,2645,2450,17737,45046180,45274729500,17117100
20181113,159910,스킨앤스킨,KOSDAQ,관리종목(소속부없음),673,26,4.02,650,684,642,449174,299533784,69148081555,102746035
20181113,115570,스타플렉스,KOSDAQ,중견기업부,4830,-40,-0.82,4870,4870,4735,178,855460,31171535220,6453734
20181113,253450,스튜디오드래곤,KOSDAQ,중견기업부,102700,1500,1.48,99600,103400,98300,117465,11787034900,2879424548000,28037240
20181113,013810,스페코,KOSDAQ,중견기업부,3560,-130,-3.52,3560,3615,3485,172842,613361660,52173473200,14655470
20181113,039670,스포츠서울,KOSDAQ,중견기업부,1725,0,0.00,1665,1740,1665,1246147,2134721770,61233777450,35497842
20181113,049830,승일,KOSDAQ,우량기업부,7660,-290,-3.65,7880,7890,7540,29987,228757830,46971977920,6132112
20181113,020710,시공테크,KOSDAQ,우량기업부,6260,-190,-2.95,6450,6450,6240,19161,120666660,125500292200,20047970
20181113,033170,시그네틱스,KOSDAQ,중견기업부,818,-6,-0.73,819,819,790,223583,178653694,70125764942,85728319
20181113,048870,시너지이노베이션,KOSDAQ,중견기업부,2400,25,1.05,2370,2420,2250,222890,526934705,136980112800,57075047
20181113,025320,시노펙스,KOSDAQ,중견기업부,2685,35,1.32,2640,2735,2525,906117,2401199545,188344421130,70146898
20181113,269620,시스웍,KOSDAQ,벤처기업부,2175,-10,-0.46,2120,2185,2045,113993,240310850,39150000000,18000000
20181113,131090,시큐브,KOSDAQ,벤처기업부,1305,-10,-0.76,1280,1305,1260,274017,349278165,46980000000,36000000
20181113,001000,신라섬유,KOSDAQ,중견기업부,2310,55,2.44,2215,2405,2215,1105105,2584476240,56081117400,24277540
20181113,025870,신라에스지,KOSDAQ,중견기업부,4795,-50,-1.03,4700,4800,4675,7881,37263865,19180000000,4000000
20181113,215600,신라젠,KOSDAQ,기술성장기업부,67700,2100,3.20,64200,68300,63500,3029453,200257772000,4726613134100,69817033
20181113,065350,신성델타테크,KOSDAQ,우량기업부,3410,-50,-1.45,3380,3440,3330,58790,198948910,75321945270,22088547
20181113,056000,신스타임즈,KOSDAQ,중견기업부,2175,-105,-4.61,2270,2270,2170,10682,23370435,30486105000,14016600
20181113,002800,신신제약,KOSDAQ,우량기업부,7560,110,1.48,7250,7700,7200,205797,1536950340,114688980000,15170500
20181113,017000,신원종합개발,KOSDAQ,벤처기업부,3390,-60,-1.74,3445,3445,3330,16505,55796340,34130611530,10068027
20181113,012790,신일제약,KOSDAQ,중견기업부,10200,-100,-0.97,10100,10300,9930,40269,404511910,80580000000,7900000
20181113,138070,신진에스엠,KOSDAQ,중견기업부,5640,-90,-1.57,5740,5740,5550,2641,14781580,50603112120,8972183
20181113,257730,신한제3호스팩,KOSDAQ,SPAC(소속부없음),2095,-5,-0.24,2065,2095,2065,2229,4607585,7342975000,3505000
20181113,277480,신한제4호스팩,KOSDAQ,SPAC(소속부없음),2045,-5,-0.24,2045,2045,2045,10000,20450000,12290450000,6010000
20181113,056700,신화인터텍,KOSDAQ,중견기업부,1570,-20,-1.26,1585,1620,1560,72305,114572440,45742092870,29135091
20181113,187270,신화콘텍,KOSDAQ,벤처기업부,3040,-20,-0.65,2970,3040,2930,70398,209898285,30837288800,10143845
20181113,243840,신흥에스이씨,KOSDAQ,우량기업부,46300,500,1.09,44150,46800,42850,56317,2484733350,303342922900,6551683
20181113,108320,실리콘웍스,KOSDAQ,우량기업부,37950,-200,-0.52,37500,38350,36600,78587,2956651350,617230185000,16264300
20181113,222800,심텍,KOSDAQ,우량기업부,7400,-210,-2.76,7590,7590,7160,267355,1942780910,168371896600,22752959
20181113,036710,심텍홀딩스,KOSDAQ,우량기업부,1950,-15,-0.76,1905,1950,1905,7048,13572960,68046874350,34895833
20181113,160980,싸이맥스,KOSDAQ,우량기업부,7690,-210,-2.66,7840,7930,7520,133942,1026466690,81331700860,10576294
20181113,010280,쌍용정보통신,KOSDAQ,관리종목(소속부없음),969,-5,-0.51,974,975,920,58674,56355267,39209648946,40464034
20181113,122800,썬텍,KOSDAQ,관리종목(소속부없음),1000,0,0.00,0,0,0,0,0,35153085000,35153085
20181113,208640,썸에이지,KOSDAQ,중견기업부,1535,55,3.72,1420,1550,1375,2267055,3295457600,116971268835,76202781
20181113,222420,쎄노텍,KOSDAQ,중견기업부,2120,25,1.19,2030,2120,1975,1017558,2165947275,83069899800,39183915
20181113,037760,쎄니트,KOSDAQ,중견기업부,1950,-30,-1.52,1910,1970,1845,461122,877916895,65974195950,33832921
20181113,136510,쎄미시스코,KOSDAQ,벤처기업부,7610,-170,-2.19,7620,7750,7350,35471,267389380,41094000000,5400000
20181113,099320,쎄트렉아이,KOSDAQ,벤처기업부,22950,150,0.66,22800,23100,22100,6130,138621500,83996770500,3659990
20181113,049960,쎌바이오텍,KOSDAQ,우량기업부,25700,450,1.78,24650,25950,24600,35947,912931700,241580000000,9400000
20181113,050890,쏠리드,KOSDAQ,중견기업부,3045,-150,-4.69,3110,3150,2990,468489,1421194890,116920871655,38397659
20181113,066790,씨씨에스,KOSDAQ,관리종목(소속부없음),423,0,0.00,0,0,0,0,0,36193713705,85564335
20181113,222080,씨아이에스,KOSDAQ,벤처기업부,2230,30,1.36,2135,2230,2095,465329,1003015185,119583092150,53624705
20181113,264660,씨앤지하이테크,KOSDAQ,벤처기업부,10950,200,1.86,10650,11400,10350,23386,254591900,46020003000,4202740
20181113,115530,씨엔플러스,KOSDAQ,관리종목(소속부없음),839,0,0.00,0,0,0,0,0,35809930359,42681681
20181113,225330,씨엠에스에듀,KOSDAQ,우량기업부,6720,-60,-0.88,6700,6760,6570,11299,74820450,127329000960,18947768
20181113,115480,씨유메디칼,KOSDAQ,벤처기업부,2485,-15,-0.60,2425,2490,2335,151406,365862830,39489082815,15890979
20181113,096530,씨젠,KOSDAQ,우량기업부,17000,-400,-2.30,16900,17300,16650,184257,3132191200,445978340000,26234020
20181113,900120,씨케이에이치,KOSDAQ,외국기업(소속부없음),401,-6,-1.47,406,407,394,396572,158263730,44272187257,110404457
20181113,101240,씨큐브,KOSDAQ,벤처기업부,5860,-80,-1.35,5940,5940,5700,17412,100406720,47175584260,8050441
20181113,047920,씨트리,KOSDAQ,기술성장기업부,4180,50,1.21,4070,4200,3950,61721,252720380,57886199140,13848373
20181113,060590,씨티씨바이오,KOSDAQ,중견기업부,8450,340,4.19,7850,8560,7850,62840,515350020,163173910900,19310522
20181113,036170,씨티젠,KOSDAQ,중견기업부,3320,-85,-2.50,3390,3390,3200,222587,728325335,87166019000,26254825
20181113,260930,씨티케이코스메틱스,KOSDAQ,벤처기업부,21450,-900,-4.03,21500,21750,21000,20026,427356800,217120138950,10122151
20181113,013990,아가방컴퍼니,KOSDAQ,중견기업부,3620,-40,-1.09,3530,3620,3475,84404,297354410,119052880320,32887536
20181113,123860,아나패스,KOSDAQ,벤처기업부,18200,600,3.41,17400,18300,17050,39027,693788200,184324140000,10127700
20181113,025980,아난티,KOSDAQ,우량기업부,8360,-160,-1.88,8300,8410,8140,1084287,8988931430,688202849400,82320915
20181113,058220,아리온,KOSDAQ,중견기업부,1150,-5,-0.43,1110,1165,1110,782049,890028650,102885486000,89465640
20181113,052710,아모텍,KOSDAQ,우량기업부,20750,-550,-2.58,20600,20900,19800,104993,2129344950,202175674500,9743406
20181113,074430,아미노로직스,KOSDAQ,벤처기업부,1730,-10,-0.57,1700,1745,1695,165817,285528520,151940440120,87826844
20181113,092040,아미코젠,KOSDAQ,기술성장기업부,31300,900,2.96,29700,31400,29300,118961,3578959400,600694263000,19191510
20181113,083930,아바코,KOSDAQ,우량기업부,6110,-30,-0.49,6040,6110,5870,43043,257393180,97738645550,15996505
20181113,149950,아바텍,KOSDAQ,우량기업부,5470,-170,-3.01,5570,5610,5380,61750,339111210,85373025000,15607500
20181113,036010,아비코전자,KOSDAQ,우량기업부,5950,-40,-0.67,5940,5970,5650,35052,204181950,79092957300,13292934
20181113,050860,아세아텍,KOSDAQ,우량기업부,2880,-30,-1.03,2835,2895,2810,15505,44014880,50400000000,17500000
20181113,246720,아스타,KOSDAQ,기술성장기업부,9460,-290,-2.97,9750,9750,9300,28593,270743380,108624667580,11482523
20181113,067390,아스트,KOSDAQ,우량기업부,10400,0,0.00,10150,10400,9900,92418,931440420,163437008800,15715097
20181113,127710,아시아경제,KOSDAQ,중견기업부,2160,-65,-2.92,2185,2195,2100,64513,137652380,54527104800,25244030
20181113,154030,아시아종묘,KOSDAQ,기술성장기업부,5800,-70,-1.19,5700,5800,5550,327954,1860195220,53450126200,9215539
20181113,227610,아우딘퓨쳐스,KOSDAQ,벤처기업부,14500,450,3.20,13550,15050,13350,105849,1491217950,145000000000,10000000
20181113,143160,아이디스,KOSDAQ,우량기업부,24800,-450,-1.78,24600,25250,23500,150388,3689020850,265766472000,10716390
20181113,054800,아이디스홀딩스,KOSDAQ,우량기업부,13000,-50,-0.38,12800,13000,12650,7914,101394700,134520828000,10347756
20181113,060570,아이리버,KOSDAQ,중견기업부,7400,-300,-3.90,7500,7610,7220,195248,1437876500,411131264600,55558279
20181113,099190,아이센스,KOSDAQ,우량기업부,24000,-100,-0.41,23650,24150,23150,121467,2869445650,329693712000,13737238
20181113,214430,아이쓰리시스템,KOSDAQ,우량기업부,18300,-300,-1.61,18050,18400,18000,25885,470844400,130053708000,7106760
20181113,040910,아이씨디,KOSDAQ,우량기업부,7990,-10,-0.13,7850,8000,7630,93985,738133220,133484911030,16706497
20181113,068940,아이씨케이,KOSDAQ,중견기업부,1455,30,2.11,1380,1460,1370,238654,337321145,45366495510,31179722
20181113,052860,아이앤씨,KOSDAQ,벤처기업부,3320,0,0.00,3210,3390,3210,10055,32844980,52421266160,15789538
20181113,069920,아이에스이커머스,KOSDAQ,벤처기업부,4425,45,1.03,4310,4430,4210,23901,103585440,112899861525,25514093
20181113,038880,아이에이,KOSDAQ,벤처기업부,2660,-40,-1.48,2740,2740,2630,39698,105932105,109826239600,41288060
20181113,101390,아이엠,KOSDAQ,중견기업부,1265,-10,-0.78,1235,1270,1200,328314,407541780,47528591385,37572009
20181113,226350,아이엠텍,KOSDAQ,중견기업부,1545,-50,-3.13,1610,1615,1515,67256,105607745,31633915170,20475026
20181113,078860,아이오케이,KOSDAQ,중견기업부,1955,-40,-2.01,2000,2000,1900,85143,164417430,77706688985,39747667
20181113,114810,아이원스,KOSDAQ,우량기업부,9150,-40,-0.44,8950,9150,8710,50352,445946420,122755658850,13415919
20181113,031310,아이즈비전,KOSDAQ,중견기업부,5450,180,3.42,5150,5450,4975,202057,1047561685,85960528300,15772574
20181113,185490,아이진,KOSDAQ,기술성장기업부,17650,800,4.75,16450,17950,16350,80403,1393286150,194028073800,10993092
20181113,059100,아이컴포넌트,KOSDAQ,벤처기업부,7220,200,2.85,6940,7290,6710,79702,555814950,51051609200,7070860
20181113,175250,아이큐어,KOSDAQ,기술성장기업부,40200,1750,4.55,37600,40200,37550,85182,3322020250,246165423600,6123518
20181113,052460,아이크래프트,KOSDAQ,중견기업부,2665,-110,-3.96,2775,2790,2555,37076,96764105,21463824720,8053968
20181113,119830,아이텍반도체,KOSDAQ,중견기업부,14950,-500,-3.24,15150,15250,14300,44331,656192250,95396637700,6381046
20181113,124500,아이티센,KOSDAQ,중견기업부,4260,-100,-2.29,4190,4305,4110,151443,636302370,66884905320,15700682
20181113,032080,아즈텍WB,KOSDAQ,중견기업부,1590,-25,-1.55,1605,1645,1570,34344,54743825,33257527560,20916684
20181113,013310,아진산업,KOSDAQ,우량기업부,1865,0,0.00,1835,1930,1710,146874,264968740,55451271025,29732585
20181113,059120,아진엑스텍,KOSDAQ,벤처기업부,8130,-100,-1.22,8210,8220,7980,8733,70430990,56470288950,6945915
20181113,066410,아컴스튜디오,KOSDAQ,투자주의환기종목(소속부없음),736,17,2.36,715,736,688,309202,217046763,49485624608,67235903
20181113,023890,아트라스BX,KOSDAQ,우량기업부,55600,-100,-0.18,55700,55700,54600,6027,334801200,508740000000,9150000
20181113,067160,아프리카TV,KOSDAQ,우량기업부,39250,-150,-0.38,38650,39800,37350,360125,13878820850,451169604750,11494767
20181113,001540,안국약품,KOSDAQ,우량기업부,10750,-50,-0.46,10650,10800,10500,11402,121018600,140206015000,13042420
20181113,053800,안랩,KOSDAQ,우량기업부,40850,-650,-1.57,40600,41400,40050,58816,2392298150,409065976750,10013855
20181113,065660,안트로젠,KOSDAQ,기술성장기업부,65900,300,0.46,64200,66500,64000,81698,5333135700,556179590900,8439751
20181113,260660,알리코제약,KOSDAQ,중견기업부,12750,50,0.39,12300,12900,12200,62698,782748950,122343581250,9595575
20181113,131370,알서포트,KOSDAQ,벤처기업부,1985,-5,-0.25,1960,1995,1910,176402,343923040,105735159755,53267083
20181113,140670,알에스오토메이션,KOSDAQ,우량기업부,10450,-100,-0.95,10150,10500,9930,83088,842362560,95127813000,9103140
20181113,096610,알에프세미,KOSDAQ,중견기업부,5590,-110,-1.93,5550,5640,5300,461197,2514570420,45396222300,8120970
20181113,061040,알에프텍,KOSDAQ,우량기업부,4975,-195,-3.77,5140,5140,4940,152579,763064970,94773750000,19050000
20181113,148250,알엔투테크놀로지,KOSDAQ,중견기업부,10400,-300,-2.80,10500,10500,10050,25046,257117550,65820996800,6328942
20181113,196170,알테오젠,KOSDAQ,기술성장기업부,30550,100,0.33,29900,30700,29000,121434,3620848250,386250676500,12643230
20181113,123750,알톤스포츠,KOSDAQ,중견기업부,4730,-20,-0.42,4695,4750,4620,17528,82176870,60289984810,12746297
20181113,085810,알티캐스트,KOSDAQ,중견기업부,3055,-35,-1.13,2980,3080,2965,33652,101156680,64836753800,21223160
20181113,117670,알파홀딩스,KOSDAQ,중견기업부,11650,850,7.87,10400,11900,10400,337397,3726001300,153132726000,13144440
20181113,196300,애니젠,KOSDAQ,기술성장기업부,13750,250,1.85,13150,13800,13100,41082,554457450,68972268750,5016165
20181113,205500,액션스퀘어,KOSDAQ,중견기업부,2370,-65,-2.67,2360,2410,2295,24115,56294250,62770589970,26485481
20181113,052790,액토즈소프트,KOSDAQ,중견기업부,8760,-40,-0.45,8530,8770,8410,6489,55629850,99256388880,11330638
20181113,131400,액트,KOSDAQ,중견기업부,3210,-95,-2.87,3295,3295,3100,88059,279077205,55747309230,17366763
20181113,290740,액트로,KOSDAQ,벤처기업부,13800,-150,-1.08,13800,13900,13050,31360,426729000,69000745200,5000054
20181113,238090,앤디포스,KOSDAQ,우량기업부,23500,1500,6.82,21350,23500,20600,218991,4751163600,354120677500,15068965
20181113,174900,앱클론,KOSDAQ,기술성장기업부,43000,1400,3.37,40000,43500,40000,95832,3999479450,305708500000,7109500
20181113,255440,야스,KOSDAQ,우량기업부,18700,-250,-1.32,18700,18950,18100,48669,901622600,244184600000,13058000
20181113,030960,양지사,KOSDAQ,중견기업부,8960,290,3.34,8610,9470,8570,949337,8700393880,143180800000,15980000
20181113,102120,어보브반도체,KOSDAQ,벤처기업부,4580,25,0.55,4430,4580,4430,52795,238761390,79965210740,17459653
20181113,041590,에너전트,KOSDAQ,중견기업부,1860,-55,-2.87,1850,1890,1775,106351,193392260,82723109400,44474790
20181113,019990,에너토크,KOSDAQ,중견기업부,4275,590,16.01,3875,4595,3705,1515307,6657321990,41707276200,9756088
20181113,041440,에버다임,KOSDAQ,우량기업부,5980,-120,-1.97,6020,6020,5800,87473,514293690,107137345120,17915944
20181113,038680,에스넷,KOSDAQ,중견기업부,3815,-50,-1.29,3780,3815,3715,42871,161080325,61326945225,16075215
20181113,217480,에스디생명공학,KOSDAQ,우량기업부,8460,-90,-1.05,8390,8550,8100,236232,1952500680,189631458360,22415066
20181113,121890,에스디시스템,KOSDAQ,벤처기업부,1835,-40,-2.13,1875,1985,1760,33383,61606060,16079514130,8762678
20181113,030270,에스마크,KOSDAQ,투자주의환기종목(소속부없음),95,-2,-2.06,96,97,92,7000201,659443451,14369132470,151254026
20181113,097780,에스맥,KOSDAQ,중견기업부,1135,-40,-3.40,1130,1140,1100,2290648,2567233775,250764940990,220938274
20181113,073070,에스모,KOSDAQ,우량기업부,7060,-170,-2.35,7090,7160,6890,666980,4694960580,617809127500,87508375
20181113,042110,에스씨디,KOSDAQ,우량기업부,1020,-15,-1.45,1025,1030,1000,69540,70506595,49296155280,48329564
20181113,065420,에스아이리소스,KOSDAQ,중견기업부,610,-8,-1.29,618,623,582,304052,182255845,32226906950,52830995
20181113,103230,에스앤더블류,KOSDAQ,중견기업부,13750,0,0.00,13450,13850,12800,87607,1170584800,99000000000,7200000
20181113,900080,에스앤씨엔진그룹,KOSDAQ,외국기업(소속부없음),667,0,0.00,657,667,648,209000,137965469,76864859890,115239670
20181113,101490,에스앤에스텍,KOSDAQ,우량기업부,3460,-5,-0.14,3360,3465,3360,42427,145055855,68284245260,19735331
20181113,095910,에스에너지,KOSDAQ,중견기업부,5340,-40,-0.74,5260,5350,5100,38731,201811230,71365474140,13364321
20181113,275630,에스에스알,KOSDAQ,벤처기업부,11400,-650,-5.39,11500,11600,10900,155752,1753019300,64553263800,5662567
20181113,031330,에스에이엠티,KOSDAQ,우량기업부,1720,-20,-1.15,1710,1720,1690,225269,383191050,171991515240,99995067
20181113,060540,에스에이티,KOSDAQ,벤처기업부,1980,-60,-2.94,2010,2010,1930,155974,307381600,51743945880,26133306
20181113,112240,에스에프씨,KOSDAQ,중견기업부,3700,65,1.79,3480,3755,3420,734309,2640133315,162732785800,43981834
20181113,056190,에스에프에이,KOSDAQ,우량기업부,41200,-50,-0.12,40700,41500,39650,196379,7974432900,1479440912000,35908760
20181113,080000,에스엔유,KOSDAQ,벤처기업부,2440,-90,-3.56,2475,2525,2350,156721,377483945,83747802800,34322870
20181113,160600,에스엔텍,KOSDAQ,벤처기업부,6140,40,0.66,6020,6230,5990,116154,709691370,72176099100,11755065
20181113,263920,에스엔피월드,KOSDAQ,중견기업부,9000,860,10.57,8140,9000,8010,292138,2532469830,70889220000,7876580
20181113,041510,에스엠,KOSDAQ,우량기업부,46500,-200,-0.43,46100,46700,42500,770110,34212405900,1070134771500,23013651
20181113,007820,에스엠코어,KOSDAQ,중견기업부,9480,-400,-4.05,9700,9700,8980,235548,2193399700,189600000000,20000000
20181113,109610,에스와이패널,KOSDAQ,우량기업부,5270,-80,-1.50,5200,5310,5100,137426,711618900,131482958560,24949328
20181113,080440,에스제이케이,KOSDAQ,투자주의환기종목(소속부없음),3580,20,0.56,3650,3650,3510,47183,168058865,25762861400,7196330
20181113,096630,에스코넥,KOSDAQ,우량기업부,1600,-20,-1.23,1545,1605,1530,367627,575140045,104425158400,65265724
20181113,069510,에스텍,KOSDAQ,우량기업부,9430,-40,-0.42,9440,9460,9350,1796,16867510,102881300000,10910000
20181113,041910,에스텍파마,KOSDAQ,중견기업부,8690,160,1.88,8400,8780,8360,83035,714058080,103395905470,11898263
20181113,234300,에스트래픽,KOSDAQ,중견기업부,9380,-140,-1.47,9180,9470,8940,106883,980343350,111820668400,11921180
20181113,039440,에스티아이,KOSDAQ,우량기업부,9780,-320,-3.17,9900,9950,9620,102625,1001853360,154817400000,15830000
20181113,098660,에스티오,KOSDAQ,중견기업부,2540,-60,-2.31,2575,2785,2490,11552,29375635,21476065760,8455144
20181113,052020,에스티큐브,KOSDAQ,중견기업부,18200,800,4.60,16950,18200,16850,308002,5394933350,486133666200,26710641
20181113,237690,에스티팜,KOSDAQ,우량기업부,20650,-300,-1.43,20600,20800,19800,127577,2587033600,385246400000,18656000
20181113,050760,에스폴리텍,KOSDAQ,중견기업부,1660,10,0.61,1610,1660,1565,64859,104850010,27115565480,16334678
20181113,288620,에스퓨얼셀,KOSDAQ,중견기업부,24100,100,0.42,23300,24400,22150,95064,2196494400,138438015600,5744316
20181113,058610,에스피지,KOSDAQ,우량기업부,7680,-360,-4.48,7850,7880,7650,247274,1912258720,160335168000,20876975
20181113,043340,에쎈테크,KOSDAQ,중견기업부,920,-39,-4.07,922,945,870,623154,566364712,66240000000,72000000
20181113,054630,에이디칩스,KOSDAQ,벤처기업부,1605,-35,-2.13,1595,1620,1545,242166,382371590,39630931245,24692169
20181113,200710,에이디테크놀로지,KOSDAQ,벤처기업부,11150,450,4.21,11700,12050,10900,2089982,23969748150,103168485850,9252779
20181113,003800,에이스침대,KOSDAQ,중견기업부,25600,0,0.00,24800,25600,24550,5996,149754950,283904000000,11090000
20181113,088800,에이스테크,KOSDAQ,중견기업부,4105,30,0.74,4000,4150,3915,429699,1727021005,140066516170,34120954
20181113,138360,에이씨티,KOSDAQ,벤처기업부,5450,-90,-1.62,5370,5520,5080,405739,2143029970,148611875300,27268234
20181113,039230,에이아이비트,KOSDAQ,중견기업부,1165,-35,-2.92,1150,1170,1100,217061,247181770,62299273215,53475771
20181113,050320,에이앤티앤,KOSDAQ,관리종목(소속부없음),3220,0,0.00,0,0,0,0,0,72970870420,22661761
20181113,072990,에이치시티,KOSDAQ,중견기업부,9730,100,1.04,9360,9730,9340,7119,67948580,44562757820,4579934
20181113,176440,에이치엔티,KOSDAQ,벤처기업부,3495,-100,-2.78,3475,3535,3385,94358,326768970,46840689000,13402200
20181113,028300,에이치엘비,KOSDAQ,중견기업부,82500,3400,4.30,77300,83600,76800,1615499,129791817400,3225935625000,39102250
20181113,067630,에이치엘비생명과학,KOSDAQ,중견기업부,16650,750,4.72,15450,16700,15450,685672,11102657450,604372106250,36298625
20181113,043220,에이치엘비파워,KOSDAQ,중견기업부,992,36,3.77,950,999,900,155441,148973563,59042713088,59518864
20181113,239610,에이치엘사이언스,KOSDAQ,벤처기업부,38800,650,1.70,37450,39250,36900,32200,1228170900,199515342400,5142148
20181113,044780,에이치케이,KOSDAQ,벤처기업부,1325,-40,-2.93,1320,1360,1290,152383,200065080,24453917775,18455787
20181113,033600,에이코넬,KOSDAQ,중견기업부,2350,-130,-5.24,2410,2430,2260,1597140,3737486195,33968521500,14454690
20181113,071670,에이테크솔루션,KOSDAQ,중견기업부,7290,-110,-1.49,7200,7340,7020,40145,287280040,72900000000,10000000
20181113,045660,에이텍,KOSDAQ,벤처기업부,6990,-40,-0.57,7040,7040,6650,89934,614065390,57737400000,8260000
20181113,224110,에이텍티앤,KOSDAQ,벤처기업부,7870,-90,-1.13,7950,7950,7580,9716,74975320,42025800000,5340000
20181113,021080,에이티넘인베스트,KOSDAQ,벤처기업부,1950,-30,-1.52,1945,1955,1880,346858,665106870,93600000000,48000000
20181113,089530,에이티세미콘,KOSDAQ,투자주의환기종목(소속부없음),583,3,0.52,580,585,560,219014,124620274,38683902774,66353178
20181113,182400,에이티젠,KOSDAQ,기술성장기업부,14000,200,1.45,13400,14300,13350,119789,1649531600,346988474000,24784891
20181113,109960,에이프로젠 H&G,KOSDAQ,중견기업부,905,2,0.22,882,906,872,203485,180568083,161719171385,178695217
20181113,089970,에이피티씨,KOSDAQ,벤처기업부,4870,-10,-0.20,4750,4930,4725,30546,147188790,113152477650,23234595
20181113,214870,에치디프로,KOSDAQ,중견기업부,3600,0,0.00,3600,3600,3400,95663,334419110,52399468800,14555408
20181113,064510,에코마이스터,KOSDAQ,기술성장기업부,8410,-170,-1.98,8210,8460,8090,467083,3852824890,106463930870,12659207
20181113,230360,에코마케팅,KOSDAQ,중견기업부,12650,150,1.20,12100,12800,12000,180302,2218221800,204916553050,16198937
20181113,038870,에코바이오,KOSDAQ,중견기업부,4690,-70,-1.47,4605,4700,4545,16217,74688085,54063937480,11527492
20181113,086520,에코프로,KOSDAQ,중견기업부,37550,-300,-0.79,36700,37750,35900,918759,33563387600,829486672050,22090191
20181113,038110,에코플라스틱,KOSDAQ,중견기업부,1260,-25,-1.95,1240,1275,1170,1274053,1563191085,32343406200,25669370
20181113,073540,에프알텍,KOSDAQ,벤처기업부,2625,-80,-2.96,2670,2670,2585,39667,103599470,29925000000,11400000
20181113,064090,에프앤리퍼블릭,KOSDAQ,중견기업부,1830,-5,-0.27,1780,1830,1715,210764,369919640,109367089710,59763437
20181113,036810,에프에스티,KOSDAQ,우량기업부,4185,-55,-1.30,4190,4200,4010,84603,345049065,84678511590,20233814
20181113,173940,에프엔씨엔터,KOSDAQ,중견기업부,6620,-100,-1.49,6540,6690,6480,19783,129348460,95095505600,14364880
20181113,083500,에프엔에스테크,KOSDAQ,벤처기업부,4370,460,11.76,3915,4870,3915,374178,1700142670,30657669450,7015485
20181113,065160,에프티이앤이,KOSDAQ,투자주의환기종목(소속부없음),87,0,0.00,0,0,0,0,0,5915212737,67990951
20181113,054940,엑사이엔씨,KOSDAQ,벤처기업부,1170,-5,-0.43,1180,1180,1105,95625,108703430,38813051160,33173548
20181113,950130,엑세스바이오,KOSDAQ,외국기업(소속부없음),4115,15,0.37,4000,4115,3950,39666,158492170,111372186950,27064930
20181113,205100,엑셈,KOSDAQ,벤처기업부,2855,-25,-0.87,2780,2870,2750,72124,201543315,94926928510,33249362
20181113,092870,엑시콘,KOSDAQ,우량기업부,6400,0,0.00,6290,6400,6160,15257,95349380,56854400000,8883500
20181113,067570,엔브이에이치코리아,KOSDAQ,우량기업부,2435,-25,-1.02,2520,2520,2380,45692,110811585,69938610570,28722222
20181113,101400,엔시트론,KOSDAQ,벤처기업부,699,-9,-1.27,707,708,690,484465,337849405,72334897299,103483401
20181113,217820,엔에스,KOSDAQ,벤처기업부,9040,0,0.00,8990,9040,8660,14186,124539550,44296000000,4900000
20181113,031860,엔에스엔,KOSDAQ,중견기업부,1620,20,1.25,1570,1620,1565,50728,80605490,34137618480,21072604
20181113,256630,엔에이치스팩10호,KOSDAQ,SPAC(소속부없음),2040,0,0.00,2020,2040,2020,4450,9021020,14280000000,7000000
20181113,256840,엔에이치스팩11호,KOSDAQ,SPAC(소속부없음),2035,-10,-0.49,2045,2045,2035,501,1019545,13899050000,6830000
20181113,273060,엔에이치스팩12호,KOSDAQ,SPAC(소속부없음),2030,0,0.00,2025,2030,2025,161316,327289900,15245300000,7510000
20181113,208860,엔지스테크널러지,KOSDAQ,벤처기업부,7640,-10,-0.13,7500,7640,7410,9825,73862820,23891655200,3127180
20181113,183490,엔지켐생명과학,KOSDAQ,기술성장기업부,95100,2300,2.48,89900,96100,89900,43493,4054035100,730152313200,7677732
20181113,206400,엔터메이트,KOSDAQ,중견기업부,2000,-50,-2.44,2035,2035,1975,62812,125174080,88394886000,44197443
20181113,069410,엔텔스,KOSDAQ,벤처기업부,8680,-220,-2.47,8960,8960,8400,22607,193300070,59885290360,6899227
20181113,048830,엔피케이,KOSDAQ,중견기업부,1750,-40,-2.23,1730,1760,1680,146287,249683315,32766865250,18723923
20181113,096870,엘디티,KOSDAQ,벤처기업부,3145,-55,-1.72,3210,3210,3075,20863,65503655,21003568000,6678400
20181113,061970,엘비세미콘,KOSDAQ,우량기업부,3960,-85,-2.10,3930,4070,3825,2384712,9435527850,173386984320,43784592
20181113,138690,엘아이에스,KOSDAQ,중견기업부,12200,200,1.67,11950,12200,11800,59315,712471900,188182364800,15424784
20181113,290650,엘앤씨바이오,KOSDAQ,벤처기업부,22250,50,0.23,21750,22400,21150,374617,8155222650,160963887000,7234332
20181113,066970,엘앤에프,KOSDAQ,우량기업부,39400,500,1.29,37800,39500,36800,324470,12293082350,975452395000,24757675
20181113,156100,엘앤케이바이오,KOSDAQ,중견기업부,7560,10,0.13,7500,7600,7280,20198,149309180,81487244160,10778736
20181113,073110,엘엠에스,KOSDAQ,벤처기업부,6100,-140,-2.24,6160,6170,6030,60314,367105800,54264105500,8895755
20181113,083310,엘오티베큠,KOSDAQ,우량기업부,8070,-80,-0.98,8100,8100,7780,35353,280349540,106994125920,13258256
20181113,037950,엘컴텍,KOSDAQ,우량기업부,1640,85,5.47,1570,1745,1570,11817702,19791050935,138493931160,84447519
20181113,170920,엘티씨,KOSDAQ,벤처기업부,10500,-350,-3.23,10500,10700,10050,118783,1228903700,78959401500,7519943
20181113,058630,엠게임,KOSDAQ,벤처기업부,2525,35,1.41,2455,2565,2410,48059,118498970,49348289425,19543877
20181113,019590,엠벤처투자,KOSDAQ,투자주의환기종목(소속부없음),587,0,0.00,0,0,0,0,0,69547815765,118480095
20181113,097520,엠씨넥스,KOSDAQ,중견기업부,14300,-500,-3.38,14450,14650,13700,133251,1888385150,131508377000,9196390
20181113,009780,엠에스씨,KOSDAQ,우량기업부,6870,70,1.03,6800,7080,6550,23686,162572680,120912000000,17600000
20181113,123040,엠에스오토텍,KOSDAQ,우량기업부,1980,-70,-3.41,2045,2045,1980,29023,58090325,53865943560,27205022
20181113,032790,엠젠플러스,KOSDAQ,벤처기업부,7870,90,1.16,7560,8050,7470,162624,1251895530,114674100540,14571042
20181113,033160,엠케이전자,KOSDAQ,우량기업부,8770,-20,-0.23,8700,8780,8600,42164,366964270,191253432530,21807689
20181113,204020,엠코르셋,KOSDAQ,중견기업부,9710,-150,-1.52,9580,9870,9130,86588,837086510,97815772650,10073715
20181113,259630,엠플러스,KOSDAQ,벤처기업부,16650,-600,-3.48,16500,16850,15800,26355,433268350,85112968500,5111890
20181113,115960,연우,KOSDAQ,우량기업부,19700,200,1.03,19250,19700,18850,34166,655473700,244240600000,12398000
20181113,090740,연이정보통신,KOSDAQ,중견기업부,2065,-25,-1.20,2065,2080,1955,45001,90199295,33040000000,16000000
20181113,007530,영신금속,KOSDAQ,중견기업부,1295,25,1.97,1210,1295,1195,154209,189175055,16618693560,12832968
20181113,143540,영우디에스피,KOSDAQ,벤처기업부,2145,-15,-0.69,2125,2150,2055,16600,34971445,26157129570,12194466
20181113,036180,영인프런티어,KOSDAQ,중견기업부,5100,-20,-0.39,4970,5140,4970,121429,613465330,89761739100,17600341
20181113,036560,영풍정밀,KOSDAQ,우량기업부,7160,-50,-0.69,7220,7220,7080,17087,121809040,112770000000,15750000
20181113,265560,영화테크,KOSDAQ,벤처기업부,8270,80,0.98,7940,8300,7870,19194,154704480,44203894300,5345090
20181113,036000,예림당,KOSDAQ,중견기업부,5770,-10,-0.17,5630,5770,5510,212459,1192021230,132907778290,23034277
20181113,053280,예스24,KOSDAQ,중견기업부,4465,45,1.02,4480,4485,4250,10087,44172670,76798000000,17200000
20181113,122640,예스티,KOSDAQ,우량기업부,8020,-60,-0.74,8110,8110,7850,11834,94263300,88234716700,11001835
20181113,900300,오가닉티코스메틱,KOSDAQ,외국기업(소속부없음),3390,75,2.26,3215,3430,3170,343453,1133095845,192975750000,56925000
20181113,045060,오공,KOSDAQ,중견기업부,3505,-20,-0.57,3440,3505,3345,604769,2063620445,59381618870,16941974
20181113,080520,오디텍,KOSDAQ,우량기업부,5190,20,0.39,5060,5230,4990,24944,126254250,60964900710,11746609
20181113,039830,오로라,KOSDAQ,우량기업부,8240,-260,-3.06,8400,8400,8020,40266,327703770,88686213600,10762890
20181113,046120,오르비텍,KOSDAQ,벤처기업부,3930,0,0.00,3855,3955,3730,335800,1290604710,93496951890,23790573
20181113,014940,오리엔탈정공,KOSDAQ,중견기업부,780,-1,-0.13,781,781,760,29228,22325141,35547455580,45573661
20181113,065500,오리엔트정공,KOSDAQ,중견기업부,460,0,0.00,453,460,440,370167,165436208,53918698520,117214562
20181113,010470,오리콤,KOSDAQ,우량기업부,4710,-30,-0.63,4690,4715,4615,17194,79840625,54159112500,11498750
20181113,053980,오상자이엘,KOSDAQ,중견기업부,7000,-190,-2.64,7230,7230,6850,10244,71157930,124235174000,17747882
20181113,052420,오성첨단소재,KOSDAQ,중견기업부,2310,65,2.90,2185,2335,2175,936292,2135918370,114848346690,49717899
20181113,241790,오션브릿지,KOSDAQ,벤처기업부,8500,30,0.35,8470,8600,8120,24102,199173650,77562330000,9124980
20181113,039200,오스코텍,KOSDAQ,벤처기업부,28650,750,2.69,27200,28900,26950,680005,19044773650,780735047550,27250787
20181113,226400,오스테오닉,KOSDAQ,기술성장기업부,4770,-155,-3.15,4675,4920,4675,25491,120623355,40346882820,8458466
20181113,031510,오스템,KOSDAQ,우량기업부,4415,30,0.68,4330,4430,4260,105097,454912985,114790000000,26000000
20181113,048260,오스템임플란트,KOSDAQ,우량기업부,50700,400,0.80,50100,51400,48600,208607,10489324750,724285851900,14285717
20181113,138080,오이솔루션,KOSDAQ,벤처기업부,13600,150,1.12,13050,13650,12750,105511,1396902850,105257635200,7739532
20181113,080580,오킨스전자,KOSDAQ,벤처기업부,2890,30,1.05,2860,2895,2780,18238,51476045,17918000000,6200000
20181113,067170,오텍,KOSDAQ,우량기업부,10050,0,0.00,9940,10100,9770,85433,850408620,154685630250,15391605
20181113,173130,오파스넷,KOSDAQ,기술성장기업부,7150,-100,-1.38,7140,7240,6900,29120,204737680,28785199300,4025902
20181113,049480,오픈베이스,KOSDAQ,중견기업부,2030,10,0.50,1965,2155,1940,534218,1082158310,63787437490,31422383
20181113,226950,올릭스,KOSDAQ,기술성장기업부,61800,3100,5.28,57800,62600,57000,214329,12966440700,398975917800,6455921
20181113,057540,옴니시스템,KOSDAQ,우량기업부,1910,-20,-1.04,1880,1925,1860,97334,184277185,77696918650,40679015
20181113,057680,옴니텔,KOSDAQ,중견기업부,1955,-5,-0.26,1890,1955,1850,61378,116949950,42420841200,21698640
20181113,123010,옵토팩,KOSDAQ,기술성장기업부,3465,-160,-4.41,3620,3620,3415,7032,24180320,17281372185,4987409
20181113,082210,옵트론텍,KOSDAQ,우량기업부,4105,-35,-0.85,4050,4120,3980,38416,154951795,92611373835,22560627
20181113,109080,옵티시스,KOSDAQ,벤처기업부,6200,0,0.00,6020,6210,5950,23734,146055570,34943200000,5636000
20181113,153710,옵티팜,KOSDAQ,기술성장기업부,13200,-350,-2.58,12950,13300,12400,1287461,16676627050,187667805600,14217258
20181113,052770,와이디온라인,KOSDAQ,투자주의환기종목(소속부없음),2420,-50,-2.02,2475,2475,2275,160505,385375260,76044613480,31423394
20181113,057030,와이비엠넷,KOSDAQ,중견기업부,1800,-40,-2.17,1795,1805,1730,9684,17111705,29362854600,16312697
20181113,122990,와이솔,KOSDAQ,우량기업부,16950,700,4.31,15850,16950,15550,414724,6779048450,409205899950,24141941
20181113,232140,와이아이케이,KOSDAQ,우량기업부,2950,-90,-2.96,2925,3000,2860,166665,485977180,182275945200,61788456
20181113,067900,와이엔텍,KOSDAQ,우량기업부,4675,-25,-0.53,4590,4775,4590,328637,1536351345,85083405825,18199659
20181113,155650,와이엠씨,KOSDAQ,우량기업부,8950,30,0.34,8780,8950,8400,656635,5748451300,178770504100,19974358
20181113,251370,와이엠티,KOSDAQ,벤처기업부,16550,-1400,-7.80,17150,17400,15850,180189,2965222800,122556060000,7405200
20181113,066430,와이오엠,KOSDAQ,관리종목(소속부없음),9950,450,4.74,9360,10250,9250,281262,2768761470,115057163300,11563534
20181113,193250,와이제이엠게임즈,KOSDAQ,중견기업부,1880,-30,-1.57,1860,1880,1800,281422,516946505,85796798600,45636595
20181113,019210,와이지-원,KOSDAQ,우량기업부,9180,-50,-0.54,9100,9250,9010,89585,814492130,280048733640,30506398
20181113,122870,와이지엔터테인먼트,KOSDAQ,우량기업부,39850,1600,4.18,38300,40200,36000,594671,22907411100,724700503650,18185709
20181113,079000,와토스코리아,KOSDAQ,중견기업부,5340,-190,-3.44,5500,5500,5300,29290,156738500,38448000000,7200000
20181113,114630,우노앤컴퍼니,KOSDAQ,중견기업부,4125,-35,-0.84,4155,4155,4055,1464,6004200,55992605625,13573965
20181113,032820,우리기술,KOSDAQ,벤처기업부,1105,-20,-1.78,1090,1115,1055,942417,1023499390,94366991160,85399992
20181113,041190,우리기술투자,KOSDAQ,벤처기업부,3195,10,0.31,3100,3225,3070,909450,2860714010,268380000000,84000000
20181113,115440,우리넷,KOSDAQ,벤처기업부,4795,20,0.42,4770,4890,4510,89323,418195110,30523579450,6365710
20181113,046970,우리로,KOSDAQ,벤처기업부,2100,5,0.24,2095,2100,2035,42843,87986890,52061349900,24791119
20181113,215360,우리산업,KOSDAQ,우량기업부,29550,1350,4.79,27600,29950,26650,306571,8705941600,269855416650,9132163
20181113,072470,우리산업홀딩스,KOSDAQ,우량기업부,4075,-5,-0.12,4070,4075,3835,46327,186799970,76965914575,18887341
20181113,073560,우리손에프앤지,KOSDAQ,우량기업부,1635,-20,-1.21,1640,1640,1590,220396,354789540,113203546305,69237643
20181113,153490,우리이앤엘,KOSDAQ,중견기업부,613,-16,-2.54,633,633,611,25441,15715697,30588700000,49900000
20181113,082850,우리이티아이,KOSDAQ,중견기업부,714,4,0.56,724,730,692,31001,21731726,29644295394,41518621
20181113,037400,우리조명,KOSDAQ,중견기업부,1030,5,0.49,1010,1040,985,54055,54844744,25671046380,24923346
20181113,101170,우림기계,KOSDAQ,벤처기업부,3315,-25,-0.75,3220,3315,3205,34658,112306910,44752500000,13500000
20181113,066590,우수AMS,KOSDAQ,중견기업부,3990,20,0.50,3870,4020,3770,266866,1026016685,98530268970,24694303
20181113,046940,우원개발,KOSDAQ,중견기업부,3425,-75,-2.14,3395,3460,3200,121794,407681445,56168191600,16399472
20181113,215380,우정바이오,KOSDAQ,벤처기업부,2240,90,4.19,2095,2485,2065,2753282,6489101805,56245752640,25109711
20181113,065680,우주일렉트로,KOSDAQ,우량기업부,8150,-70,-0.85,8200,8220,8030,6372,51694520,80963893000,9934220
20181113,018620,우진비앤지,KOSDAQ,벤처기업부,2660,-30,-1.12,2600,2685,2600,34451,90524655,43137254580,16217013
20181113,032940,원익,KOSDAQ,중견기업부,5750,-40,-0.69,5590,5770,5400,66077,366211230,103122984000,17934432
20181113,240810,원익IPS,KOSDAQ,우량기업부,19850,-150,-0.75,19700,20050,19100,375537,7306732150,819277704600,41273436
20181113,074600,원익QnC,KOSDAQ,우량기업부,12300,-450,-3.53,12550,12550,11850,243052,2922664300,323342400000,26288000
20181113,104830,원익머트리얼즈,KOSDAQ,우량기업부,25750,-150,-0.58,25400,25950,24950,49657,1265089200,324656000000,12608000
20181113,014190,원익큐브,KOSDAQ,중견기업부,2845,-120,-4.05,2880,2900,2745,1043289,2938764320,100712732570,35399906
20181113,123100,원익테라세미콘,KOSDAQ,우량기업부,14800,-550,-3.58,15150,15150,14450,152003,2245378200,167296832000,11303840
20181113,030530,원익홀딩스,KOSDAQ,우량기업부,3925,-165,-4.03,4000,4070,3890,379314,1491604210,303159075425,77237981
20181113,012620,원일특강,KOSDAQ,우량기업부,8610,-50,-0.58,8260,8700,8260,2936,24915980,37884000000,4400000
20181113,008370,원풍,KOSDAQ,우량기업부,3550,25,0.71,3440,3550,3425,14457,49946055,42600000000,12000000
20181113,008290,원풍물산,KOSDAQ,중견기업부,3340,25,0.75,3265,3340,3145,138526,447599780,128228548540,38391781
20181113,101160,월덱스,KOSDAQ,벤처기업부,4910,165,3.48,4740,5170,4730,432261,2118715425,81068975630,16510993
20181113,095270,웨이브일렉트로,KOSDAQ,벤처기업부,23200,700,3.11,22300,23550,22200,34510,793231500,250533737600,10798868
20181113,065950,웰크론,KOSDAQ,벤처기업부,3205,-70,-2.14,3205,3240,3105,581067,1833552995,81697042885,25490497
20181113,114190,웰크론강원,KOSDAQ,중견기업부,3110,60,1.97,2920,3175,2880,61680,185941155,47436923300,15253030
20181113,076080,웰크론한텍,KOSDAQ,중견기업부,2330,0,0.00,2250,2330,2215,99369,225065660,45114795090,19362573
20181113,196700,웹스,KOSDAQ,벤처기업부,1935,-30,-1.53,1905,1945,1850,295735,556532405,26506551060,13698476
20181113,069080,웹젠,KOSDAQ,우량기업부,16000,-450,-2.74,16000,16150,15600,514102,8168614500,564974144000,35310884
20181113,044340,위닉스,KOSDAQ,중견기업부,15500,-200,-1.27,15200,15600,15000,310749,4756216600,277038087500,17873425
20181113,112040,위메이드,KOSDAQ,중견기업부,21550,1100,5.38,20100,21850,19350,118059,2444818700,362040000000,16800000
20181113,038620,위즈코프,KOSDAQ,벤처기업부,1020,-5,-0.49,1000,1025,975,427022,426603506,37900213440,37157072
20181113,036090,위지트,KOSDAQ,중견기업부,1060,-20,-1.85,1050,1075,1035,306153,322637930,77114271780,72749313
20181113,136540,윈스,KOSDAQ,우량기업부,11500,-500,-4.17,11800,11950,11350,59965,690458550,139012724500,12088063
20181113,097800,윈팩,KOSDAQ,중견기업부,1420,-45,-3.07,1460,1470,1395,216592,306880350,48409529560,34091218
20181113,192390,윈하이텍,KOSDAQ,중견기업부,4290,85,2.02,4175,4295,4065,67602,280449795,42312651810,9863089
20181113,036200,유니셈,KOSDAQ,우량기업부,4060,-90,-2.17,4025,4065,3905,534127,2125526400,124496745380,30664223
20181113,018000,유니슨,KOSDAQ,중견기업부,1695,-35,-2.02,1710,1710,1655,851406,1427904090,158653027170,93600606
20181113,203450,유니온커뮤니티,KOSDAQ,벤처기업부,2730,40,1.49,2680,2730,2540,128008,339390175,40073689110,14679007
20181113,011320,유니크,KOSDAQ,우량기업부,3695,40,1.09,3545,3720,3485,101694,364562530,71389968025,19320695
20181113,086390,유니테스트,KOSDAQ,우량기업부,12400,-250,-1.98,12300,12400,11950,304491,3699995650,262063162400,21134126
20181113,241690,유니테크노,KOSDAQ,우량기업부,15600,-300,-1.89,16050,16050,15400,6816,106287300,186069312000,11927520
20181113,142210,유니트론텍,KOSDAQ,벤처기업부,4145,-145,-3.38,4240,4240,4085,16639,68814685,41167932750,9931950
20181113,048430,유라테크,KOSDAQ,우량기업부,5780,-220,-3.67,5830,5950,5620,122328,702380630,66585600000,11520000
20181113,206650,유바이오로직스,KOSDAQ,기술성장기업부,4925,-5,-0.10,4880,4985,4825,14313,69966820,124545793550,25288486
20181113,089850,유비벨록스,KOSDAQ,벤처기업부,5750,-50,-0.86,5750,5750,5520,9579,53936700,40915257750,7115697
20181113,032620,유비케어,KOSDAQ,우량기업부,3870,-70,-1.78,3850,3890,3780,108646,414791820,202002927930,52197139
20181113,264450,유비쿼스,KOSDAQ,우량기업부,33200,-350,-1.04,33000,33550,32550,23526,775986150,170115306000,5123955
20181113,078070,유비쿼스홀딩스,KOSDAQ,우량기업부,6160,-40,-0.65,6190,6200,6050,8627,52601550,115171228480,18696628
20181113,024800,유성티엔에스,KOSDAQ,우량기업부,2525,-70,-2.70,2515,2580,2475,38945,97768455,68714289500,27213580
20181113,054930,유신,KOSDAQ,중견기업부,13000,150,1.17,12350,13200,12200,12653,160396100,39000000000,3000000
20181113,069330,유아이디,KOSDAQ,벤처기업부,1780,-90,-4.81,1860,1860,1705,264679,465989010,21160269760,11887792
20181113,049520,유아이엘,KOSDAQ,우량기업부,4675,-85,-1.79,4705,4750,4645,12296,57378970,101844575800,21784936
20181113,287410,유안타제3호스팩,KOSDAQ,SPAC(소속부없음),2045,0,0.00,2050,2050,2045,952,1951390,8660575000,4235000
20181113,056090,유앤아이,KOSDAQ,기술성장기업부,10850,200,1.88,10350,10850,10050,21502,222199000,83953415700,7737642
20181113,263770,유에스티,KOSDAQ,중견기업부,5410,-250,-4.42,5400,5550,5220,173059,930712850,128217930520,23700172
20181113,195990,유지인트,KOSDAQ,중견기업부,624,-15,-2.35,618,637,611,189885,117801758,49848307392,79885108
20181113,023410,유진기업,KOSDAQ,우량기업부,5350,-100,-1.83,5300,5380,5180,892349,4701580170,412603058450,77122067
20181113,056080,유진로봇,KOSDAQ,벤처기업부,3830,-60,-1.54,3840,3840,3710,83249,313052960,143671542160,37512152
20181113,084370,유진테크,KOSDAQ,우량기업부,13100,-50,-0.38,12900,13150,12650,105039,1352512800,300200150200,22916042
20181113,178780,유테크,KOSDAQ,중견기업부,2880,-55,-1.87,2895,2900,2795,71464,202359920,49263059520,17105229
20181113,179900,유티아이,KOSDAQ,벤처기업부,6800,1420,26.39,5800,6990,5710,4595029,30105488440,36258586000,5332145
20181113,191410,육일씨엔에쓰,KOSDAQ,중견기업부,3690,-40,-1.07,3800,3800,3610,7915,29045580,34549551180,9363022
20181113,039020,이건홀딩스,KOSDAQ,중견기업부,2380,5,0.21,2300,2405,2300,9290,21772940,53751607420,22584709
20181113,060230,이그잭스,KOSDAQ,벤처기업부,1825,-30,-1.62,1885,1885,1770,55883,103311695,92569464050,50722994
20181113,067920,이글루시큐리티,KOSDAQ,벤처기업부,4370,50,1.16,4300,4370,4205,54156,231923740,48053040030,10996119
20181113,044960,이글벳,KOSDAQ,중견기업부,3920,60,1.55,3795,3945,3705,42193,161566675,49556181360,12641883
20181113,073490,이노와이어리스,KOSDAQ,벤처기업부,19100,650,3.52,17950,19100,17650,82131,1511363050,114647750000,6002500
20181113,215790,이노인스트루먼트,KOSDAQ,중견기업부,4370,-85,-1.91,4455,4455,4240,12105,52326475,88637361130,20283149
20181113,088390,이녹스,KOSDAQ,우량기업부,8420,-10,-0.12,8270,8440,8000,6204,51289860,78734106480,9350844
20181113,272290,이녹스첨단소재,KOSDAQ,우량기업부,43700,-1800,-3.96,44950,44950,42450,155043,6717756550,391967412200,8969506
20181113,053350,이니텍,KOSDAQ,우량기업부,5190,40,0.78,5110,5190,4905,30591,154097560,102714854040,19790916
20181113,258610,이더블유케이,KOSDAQ,벤처기업부,3970,-40,-1.00,3920,4000,3870,16935,66873440,29302347680,7380944
20181113,033110,이디,KOSDAQ,투자주의환기종목(소속부없음),630,-23,-3.52,653,659,610,353821,224055049,39887799840,63313968
20181113,041520,이라이콤,KOSDAQ,우량기업부,5000,70,1.42,4800,5040,4650,59407,287883790,60943650000,12188730
20181113,054210,이랜텍,KOSDAQ,우량기업부,2460,-65,-2.57,2490,2490,2415,20554,50126645,50376386760,20478206
20181113,065440,이루온,KOSDAQ,벤처기업부,1300,-15,-1.14,1300,1320,1265,239896,308626585,35457526000,27275020
20181113,036260,이매진아시아,KOSDAQ,중견기업부,2525,120,4.99,2380,2545,2305,430997,1048806000,90089767900,35679116
20181113,115610,이미지스,KOSDAQ,벤처기업부,3885,40,1.04,3845,3900,3715,11396,43258050,29794562280,7669128
20181113,078020,이베스트투자증권,KOSDAQ,우량기업부,9210,-20,-0.22,9230,9230,9010,411,3743030,372831759900,40481190
20181113,080010,이상네트웍스,KOSDAQ,중견기업부,8130,100,1.25,8030,8170,7860,17977,145146530,73291950000,9015000
20181113,086890,이수앱지스,KOSDAQ,기술성장기업부,6390,100,1.59,6130,6420,6100,119503,743466990,170135615880,26625292
20181113,047560,이스트소프트,KOSDAQ,벤처기업부,6660,90,1.37,6540,6660,6160,19806,127192020,65930004000,9899400
20181113,900110,이스트아시아홀딩스,KOSDAQ,외국기업(소속부없음),276,-24,-8.00,288,295,272,1709972,477135741,30084189336,109000686
20181113,067010,이씨에스,KOSDAQ,벤처기업부,4075,-75,-1.81,4150,4150,4050,15889,64720420,30562500000,7500000
20181113,223310,이에스브이,KOSDAQ,중견기업부,901,-4,-0.44,885,904,870,476401,425015946,100592213476,111645076
20181113,052190,이에스에이,KOSDAQ,관리종목(소속부없음),2385,15,0.63,2400,2400,2300,25215,59722520,66082809645,27707677
20181113,226360,이엑스티,KOSDAQ,벤처기업부,2185,20,0.92,2105,2195,2105,144384,308353115,59044324190,27022574
20181113,102710,이엔에프테크놀로지,KOSDAQ,우량기업부,11850,-100,-0.84,11800,11900,11000,468265,5403000500,168599856600,14227836
20181113,094190,이엘케이,KOSDAQ,중견기업부,921,8,0.88,905,925,889,446560,404685145,63647342538,69106778
20181113,063760,이엘피,KOSDAQ,벤처기업부,14200,-100,-0.70,14000,14300,13700,30020,418065950,69658100000,4905500
20181113,123570,이엠넷,KOSDAQ,중견기업부,2295,5,0.22,2275,2300,2200,51650,115657930,51123599010,22276078
20181113,095190,이엠코리아,KOSDAQ,중견기업부,3810,65,1.74,3630,3835,3625,458334,1706250130,138427602240,36332704
20181113,091120,이엠텍,KOSDAQ,우량기업부,13000,-50,-0.38,12950,13000,12650,49774,637566950,197584582000,15198814
20181113,039030,이오테크닉스,KOSDAQ,우량기업부,46500,-1100,-2.31,46350,47650,43850,121503,5562362600,571049109000,12280626
20181113,088290,이원컴포텍,KOSDAQ,중견기업부,1275,-35,-2.67,1310,1310,1255,6667,8487235,18166029150,14247866
20181113,181340,이즈미디어,KOSDAQ,벤처기업부,5440,130,2.45,5350,5440,5140,25905,137277320,38325344000,7045100
20181113,035810,이지바이오,KOSDAQ,우량기업부,5670,-90,-1.56,5670,5700,5490,605043,3390085470,328448080170,57927351
20181113,090850,이지웰페어,KOSDAQ,벤처기업부,7270,-70,-0.95,7340,7340,7090,24230,173824870,73230840860,10073018
20181113,092130,이크레더블,KOSDAQ,중견기업부,16150,-50,-0.31,16200,16200,16000,3550,57045150,194504140000,12043600
20181113,016250,이테크건설,KOSDAQ,우량기업부,78600,-700,-0.88,79000,79000,75600,11280,879326500,220080000000,2800000
20181113,096040,이트론,KOSDAQ,중견기업부,183,-4,-2.14,185,187,179,1276509,231972142,43910781558,239949626
20181113,134060,이퓨쳐,KOSDAQ,벤처기업부,3995,-45,-1.11,3950,4040,3940,10152,40416535,19053153750,4769250
20181113,001840,이화공영,KOSDAQ,벤처기업부,6190,-110,-1.75,6090,6260,6020,163638,1002205350,122597654400,19805760
20181113,024810,이화전기,KOSDAQ,중견기업부,254,-3,-1.17,250,254,248,2952606,740084089,152916372602,602032963
20181113,041830,인바디,KOSDAQ,우량기업부,20550,-450,-2.14,20550,20800,20000,99719,2028517350,281201720100,13683782
20181113,079950,인베니아,KOSDAQ,벤처기업부,3545,100,2.90,3395,3545,3395,15346,52681935,82244000000,23200000
20181113,277410,인산가,KOSDAQ,벤처기업부,2000,-10,-0.50,1975,2000,1935,133182,262355105,46488428000,23244214
20181113,060150,인선이엔티,KOSDAQ,중견기업부,6090,-20,-0.33,6010,6090,5940,141828,851040590,222890272920,36599388
20181113,033230,인성정보,KOSDAQ,중견기업부,3165,15,0.48,3150,3165,3050,15681,48464890,60635927715,19158271
20181113,037330,인지디스플레,KOSDAQ,우량기업부,1470,-20,-1.34,1480,1480,1430,24706,35759645,52336624620,35603146
20181113,083640,인콘,KOSDAQ,벤처기업부,2350,0,0.00,2270,2375,2200,3526482,8016331365,296751561000,126277260
20181113,216050,인크로스,KOSDAQ,중견기업부,16400,400,2.50,15550,16850,14750,139845,2211206250,131393438000,8011795
20181113,049070,인탑스,KOSDAQ,우량기업부,10900,450,4.31,10300,10900,10100,125766,1330018550,187480000000,17200000
20181113,119610,인터로조,KOSDAQ,우량기업부,19150,0,0.00,18900,19200,18500,56175,1053960450,210396243350,10986749
20181113,158310,인터불스,KOSDAQ,중견기업부,4655,105,2.31,4350,4825,4245,1277442,5903560305,40322345490,8662158
20181113,017250,인터엠,KOSDAQ,중견기업부,2650,-60,-2.21,2665,2690,2595,309602,817268650,55770487550,21045467
20181113,108790,인터파크,KOSDAQ,우량기업부,5220,-200,-3.69,5350,5350,5190,256234,1343736210,172967205600,33135480
20181113,035080,인터파크홀딩스,KOSDAQ,중견기업부,2300,-15,-0.65,2275,2330,2220,646218,1474032225,134550000000,58500000
20181113,051370,인터플렉스,KOSDAQ,중견기업부,12050,-950,-7.31,12500,12600,11750,662952,8034424150,281096037600,23327472
20181113,064290,인텍플러스,KOSDAQ,벤처기업부,4120,25,0.61,4095,4185,3985,70501,287499505,45499149960,11043483
20181113,189300,인텔리안테크,KOSDAQ,우량기업부,14650,450,3.17,14100,14900,13800,42336,609104400,106079829600,7240944
20181113,150840,인트로메딕,KOSDAQ,기술성장기업부,8910,10,0.11,8770,8990,8610,137987,1225516270,137094213960,15386556
20181113,048530,인트론바이오,KOSDAQ,기술성장기업부,49450,4350,9.65,44900,49650,43900,353948,16806314500,743651945900,15038462
20181113,175140,인포마크,KOSDAQ,벤처기업부,10100,-200,-1.94,10000,10250,9890,24878,248368430,36644900800,3628208
20181113,115310,인포바인,KOSDAQ,벤처기업부,23100,-50,-0.22,23300,23300,22750,594,13696200,73755597300,3192883
20181113,039290,인포뱅크,KOSDAQ,중견기업부,6840,-110,-1.58,6740,6860,6450,141104,938992840,59466809520,8693978
20181113,041020,인프라웨어,KOSDAQ,벤처기업부,1410,-30,-2.08,1435,1435,1380,51974,73062615,52823055600,37463160
20181113,071200,인피니트헬스케어,KOSDAQ,중견기업부,5880,0,0.00,5770,5910,5680,77979,450631330,143451173040,24396458
20181113,101930,인화정공,KOSDAQ,중견기업부,5280,-80,-1.49,5380,5400,5260,1099,5820800,49271402400,9331705
20181113,078940,일경산업개발,KOSDAQ,관리종목(소속부없음),1095,-45,-3.95,1100,1135,1080,131547,144474450,49034294910,44780178
20181113,068330,일신바이오,KOSDAQ,중견기업부,1945,15,0.78,1890,1950,1875,276951,527519875,86000392300,44216140
20181113,058450,일야,KOSDAQ,벤처기업부,1230,-30,-2.38,1250,1270,1200,43956,54052565,12029400000,9780000
20181113,019540,일지테크,KOSDAQ,우량기업부,2460,-55,-2.19,2515,2515,2375,18384,44723620,33243210000,13513500
20181113,094820,일진파워,KOSDAQ,우량기업부,4945,-55,-1.10,5000,5010,4860,19812,97336535,74564216005,15078709
20181113,950140,잉글우드랩,KOSDAQ,외국기업(소속부없음),6400,-70,-1.08,6310,6510,6300,148412,953441770,127154342400,19867866
20181113,049550,잉크테크,KOSDAQ,벤처기업부,3375,-25,-0.74,3400,3435,3300,14402,48620840,54067270500,16019932
20181113,043910,자연과환경,KOSDAQ,중견기업부,1735,-40,-2.25,1720,1780,1685,369957,639602465,58902134395,33949357
20181113,234920,자이글,KOSDAQ,우량기업부,6670,-10,-0.15,6550,6730,6490,35997,237253950,90251169700,13530910
20181113,174880,장원테크,KOSDAQ,중견기업부,9370,-330,-3.40,9360,9550,9010,35440,331657540,56641650000,6045000
20181113,049630,재영솔루텍,KOSDAQ,투자주의환기종목(소속부없음),1010,-15,-1.46,993,1015,990,527193,525403794,46152511560,45695556
20181113,065530,전파기지국,KOSDAQ,우량기업부,2075,-35,-1.66,2025,2115,1980,85411,174206140,109684500000,52860000
20181113,208140,정다운,KOSDAQ,중견기업부,2765,50,1.84,2640,2765,2590,138442,368275545,56764963360,20529824
20181113,022220,정산애강,KOSDAQ,우량기업부,1875,5,0.27,1870,1880,1835,60798,112859720,97114835625,51794579
20181113,040420,정상제이엘에스,KOSDAQ,우량기업부,7320,-30,-0.41,7340,7340,7260,7299,53255590,114759680640,15677552
20181113,045510,정원엔시스,KOSDAQ,중견기업부,1995,-35,-1.72,1965,2005,1950,7501,14823320,64257537540,32209292
20181113,065620,제낙스,KOSDAQ,벤처기업부,18750,-50,-0.27,18450,18950,18100,68142,1255514150,421626450000,22486744
20181113,217190,제너셈,KOSDAQ,벤처기업부,2115,-85,-3.86,2130,2200,2030,101095,212614130,18546803010,8769174
20181113,095700,제넥신,KOSDAQ,기술성장기업부,76600,0,0.00,75000,78500,74000,200233,15130029400,1564722294400,20427184
20181113,122310,제노레이,KOSDAQ,벤처기업부,20250,-400,-1.94,19600,20600,19600,22403,449296450,84589434000,4177256
20181113,187420,제노포커스,KOSDAQ,기술성장기업부,7380,40,0.54,7180,7390,6770,130405,933336040,154973247300,20999085
20181113,123330,제닉,KOSDAQ,벤처기업부,7230,-80,-1.09,7230,7290,6700,24709,175244390,50610000000,7000000
20181113,159580,제로투세븐,KOSDAQ,중견기업부,5770,-120,-2.04,5750,5800,5480,11176,63259380,115588309720,20032636
20181113,147830,제룡산업,KOSDAQ,벤처기업부,6400,-90,-1.39,6320,6410,6100,65566,407891730,64000000000,10000000
20181113,033100,제룡전기,KOSDAQ,벤처기업부,7310,-40,-0.54,7010,7330,6980,136587,975821910,117416209790,16062409
20181113,019570,제미니투자,KOSDAQ,중견기업부,600,-5,-0.83,600,600,585,139336,82644953,24000000000,40000000
20181113,079370,제우스,KOSDAQ,우량기업부,12150,-550,-4.33,12650,12650,11750,75617,908317000,126165600000,10384000
20181113,054950,제이브이엠,KOSDAQ,우량기업부,32800,550,1.71,32700,32900,31500,10357,333847900,207653782400,6330908
20181113,096690,제이스테판,KOSDAQ,중견기업부,198,2,1.02,195,199,189,617351,120315966,51632445942,260769929
20181113,090470,제이스텍,KOSDAQ,우량기업부,6860,-210,-2.97,6820,6940,6650,76711,519117890,100140962880,14597808
20181113,137950,제이씨케미칼,KOSDAQ,벤처기업부,3480,45,1.31,3385,3490,3335,64824,220249330,67313640000,19343000
20181113,033320,제이씨현시스템,KOSDAQ,우량기업부,5620,60,1.08,5410,5650,5400,97748,538979140,107423107840,19114432
20181113,026040,제이에스티나,KOSDAQ,중견기업부,5300,-110,-2.03,5210,5350,5140,72056,376732120,87470087000,16503790
20181113,126880,제이엔케이히터,KOSDAQ,중견기업부,3180,50,1.60,3110,3185,3000,41529,127949015,53331576480,16770936
20181113,033050,제이엠아이,KOSDAQ,중견기업부,1195,-5,-0.42,1175,1205,1150,41503,49041300,38932313690,32579342
20181113,094970,제이엠티,KOSDAQ,중견기업부,2885,-90,-3.03,2945,2945,2760,124583,353290560,48318672400,16748240
20181113,058420,제이웨이,KOSDAQ,중견기업부,1610,-50,-3.01,1660,1680,1595,31774,52273640,24253378100,15064210
20181113,036420,제이콘텐트리,KOSDAQ,우량기업부,4300,-40,-0.92,4270,4325,4100,1681239,7058503600,619496622600,144068982
20181113,089790,제이티,KOSDAQ,벤처기업부,2800,105,3.90,2580,2800,2580,61679,169264855,28047121200,10016829
20181113,052670,제일바이오,KOSDAQ,중견기업부,3770,60,1.62,3630,3820,3615,128852,476971135,56550000000,15000000
20181113,023440,제일제강,KOSDAQ,중견기업부,1360,30,2.26,1330,1360,1280,254625,335596065,35403771600,26032185
20181113,038010,제일테크노스,KOSDAQ,우량기업부,3965,45,1.15,3885,3980,3780,23775,91956700,35685000000,9000000
20181113,080220,제주반도체,KOSDAQ,중견기업부,3980,-45,-1.12,3885,3995,3825,176567,686911655,113670941240,28560538
20181113,082270,젬백스,KOSDAQ,중견기업부,11750,300,2.62,11500,12100,11300,431032,5048213650,403541459500,34343954
20181113,044060,조광ILI,KOSDAQ,중견기업부,5150,120,2.39,4850,5240,4810,180215,895667790,50911128400,9885656
20181113,034940,조아제약,KOSDAQ,중견기업부,4700,185,4.10,4430,4850,4370,484767,2223568125,133058085700,28310231
20181113,101730,조이맥스,KOSDAQ,중견기업부,5350,-130,-2.37,5400,5430,5110,14822,77111750,45503001900,8505234
20181113,067000,조이시티,KOSDAQ,벤처기업부,10600,0,0.00,10250,10750,10250,9074,96121400,124903987000,11783395
20181113,033340,좋은사람들,KOSDAQ,중견기업부,4030,-15,-0.37,3900,4040,3815,1243881,4856046445,120530142720,29908224
20181113,036930,주성엔지니어링,KOSDAQ,우량기업부,7200,-100,-1.37,7150,7200,6970,268077,1899451550,347394326400,48249212
20181113,051980,중앙리빙테크,KOSDAQ,중견기업부,998,1,0.10,957,1010,957,57438,56627753,22550898818,22596091
20181113,072020,중앙백신,KOSDAQ,벤처기업부,19150,550,2.96,18000,19150,18000,195196,3619146700,190734000000,9960000
20181113,000440,중앙에너비스,KOSDAQ,중견기업부,39150,-350,-0.89,39500,39500,38500,959,37582850,48758427900,1245426
20181113,054180,중앙오션,KOSDAQ,중견기업부,3515,20,0.57,3480,3545,3360,86389,298578460,85571856005,24344767
20181113,043610,지니뮤직,KOSDAQ,벤처기업부,4485,-160,-3.44,4570,4570,4385,197178,882057055,260647739430,58115438
20181113,263860,지니언스,KOSDAQ,벤처기업부,4655,50,1.09,4430,4690,4400,29093,133002235,43964613000,9444600
20181113,208350,지란지교시큐리티,KOSDAQ,벤처기업부,1350,10,0.75,1300,1360,1275,56862,74958785,48883753800,36210188
20181113,114570,지스마트글로벌,KOSDAQ,우량기업부,2975,340,12.90,2600,3010,2600,6612628,18881944620,64746344075,21763477
20181113,051160,지어소프트,KOSDAQ,중견기업부,1350,45,3.45,1290,1370,1280,135772,180903725,18834768000,13951680
20181113,053050,지에스이,KOSDAQ,중견기업부,1520,-30,-1.94,1525,1540,1510,47559,72531145,45581147440,29987597
20181113,119850,지엔씨에너지,KOSDAQ,벤처기업부,3930,-45,-1.13,3880,3945,3810,53288,206703130,64042604040,16295828
20181113,065060,지엔코,KOSDAQ,중견기업부,1410,10,0.71,1370,1415,1335,913765,1256464270,138191342040,98008044
20181113,204840,지엘팜텍,KOSDAQ,기술성장기업부,3550,120,3.50,3350,3600,3210,191785,664150645,126619848650,35667563
20181113,018290,지엠피,KOSDAQ,벤처기업부,9130,130,1.44,8800,9130,8610,314064,2759769220,248334794840,27199868
20181113,111820,지와이커머스,KOSDAQ,관리종목(소속부없음),2250,0,0.00,0,0,0,0,0,46253270250,20557009
20181113,106080,지투하이소닉,KOSDAQ,중견기업부,2250,-170,-7.02,2400,2415,2215,165305,376758650,46452789000,20645684
20181113,115450,지트리비앤티,KOSDAQ,중견기업부,23450,50,0.21,22700,24000,22250,161181,3717717550,574333577650,24491837
20181113,219750,지티지웰니스,KOSDAQ,벤처기업부,7600,10,0.13,7160,7850,7000,87868,636014680,47500509200,6250067
20181113,018120,진로발효,KOSDAQ,우량기업부,29850,-150,-0.50,30000,30500,29600,1601,47597200,224591400000,7524000
20181113,109820,진매트릭스,KOSDAQ,기술성장기업부,3210,-15,-0.47,3250,3250,3100,11045,35042575,49186541100,15322910
20181113,086060,진바이오텍,KOSDAQ,중견기업부,4280,-65,-1.50,4205,4290,4160,25904,109259910,36853312360,8610587
20181113,036890,진성티이씨,KOSDAQ,우량기업부,7890,-100,-1.25,7800,7950,7610,174742,1352290980,177385094520,22482268
20181113,007370,진양제약,KOSDAQ,중견기업부,3610,-20,-0.55,3595,3620,3475,16059,56819795,43320000000,12000000
20181113,085660,차바이오텍,KOSDAQ,관리종목(소속부없음),20400,300,1.49,19700,20450,19600,474462,9541739650,1070395425600,52470364
20181113,900040,차이나그레이트,KOSDAQ,외국기업(소속부없음),491,-24,-4.66,500,509,485,2266055,1118618753,61800479487,125866557
20181113,900090,차이나하오란,KOSDAQ,관리종목(소속부없음),773,0,0.00,0,0,0,0,0,72662000000,94000000
20181113,094850,참좋은여행,KOSDAQ,우량기업부,7410,-160,-2.11,7550,7570,7330,56716,420321330,103740000000,14000000
20181113,004650,창해에탄올,KOSDAQ,우량기업부,13250,200,1.53,12600,13350,12550,28998,374328550,121779226250,9190885
20181113,096240,청담러닝,KOSDAQ,중견기업부,21700,-450,-2.03,21500,21800,20650,118018,2513195450,166539926700,7674651
20181113,013720,청보산업,KOSDAQ,중견기업부,3110,-110,-3.42,3150,3195,3035,80592,248770080,25435977810,8178771
20181113,066360,체리부로,KOSDAQ,중견기업부,2240,5,0.22,2205,2240,2185,21934,48754360,62434106560,27872369
20181113,047820,초록뱀,KOSDAQ,중견기업부,2230,-125,-5.31,2330,2330,2145,16013560,35637487900,147296200840,66052108
20181113,094360,칩스앤미디어,KOSDAQ,벤처기업부,6640,-20,-0.30,6510,6650,6480,23594,154056160,49239763280,7415627
20181113,016920,카스,KOSDAQ,중견기업부,1370,40,3.01,1315,1445,1285,350178,483028585,29419533440,21474112
20181113,042000,카페24,KOSDAQ,기술성장기업부,90000,-1200,-1.32,89400,92200,88800,174373,15737891900,848753730000,9430597
20181113,071850,캐스텍코리아,KOSDAQ,우량기업부,3310,-190,-5.43,3400,3400,3125,96467,318535640,47737472070,14422197
20181113,180400,캔서롭,KOSDAQ,기술성장기업부,6430,80,1.26,6200,6530,6180,173134,1092335580,121669385920,18922144
20181113,050110,캠시스,KOSDAQ,중견기업부,1605,0,0.00,1560,1605,1525,199107,311595450,92792274105,57814501
20181113,900310,컬러레이,KOSDAQ,외국기업(소속부없음),1860,-55,-2.87,1870,1895,1830,108298,201388835,100440000000,54000000
20181113,078340,컴투스,KOSDAQ,우량기업부,125800,-600,-0.47,124700,126100,119300,108251,13312516000,1618595636000,12866420
20181113,263700,케어랩스,KOSDAQ,중견기업부,20650,600,2.99,19500,20650,19000,28325,553041450,127374878750,6168275
20181113,214370,케어젠,KOSDAQ,벤처기업부,76800,1800,2.40,73900,77600,73500,85907,6560349200,825062400000,10743000
20181113,072520,케이디 네이쳐 엔 바이오,KOSDAQ,투자주의환기종목(소속부없음),1550,45,2.99,1480,1625,1460,561455,860544905,85232959300,54989006
20181113,221980,케이디켐,KOSDAQ,중견기업부,12800,-150,-1.16,12900,12900,12500,11381,144188050,51645440000,4034800
20181113,043290,케이맥,KOSDAQ,벤처기업부,9700,0,0.00,9670,9790,9580,6951,67173990,68231701200,7034196
20181113,250930,케이비제10호스팩,KOSDAQ,SPAC(소속부없음),2055,0,0.00,2055,2055,2055,129,265095,10706550000,5210000
20181113,258790,케이비제11호스팩,KOSDAQ,SPAC(소속부없음),2080,-5,-0.24,2080,2080,2080,600,1248000,6676800000,3210000
20181113,192250,케이사인,KOSDAQ,벤처기업부,1010,-35,-3.35,1010,1020,995,170391,171042630,65317969570,64671257
20181113,115500,케이씨에스,KOSDAQ,벤처기업부,3830,30,0.79,3780,3850,3620,47468,178260380,45960000000,12000000
20181113,089150,케이씨티,KOSDAQ,중견기업부,1850,-35,-1.86,1865,1865,1750,45183,82216630,31727500000,17150000
20181113,025880,케이씨피드,KOSDAQ,중견기업부,2130,-60,-2.74,2130,2200,2110,142025,304293940,35604777540,16715858
20181113,093320,케이아이엔엑스,KOSDAQ,중견기업부,24400,-500,-2.01,24850,24850,23400,34435,819336950,119072000000,4880000
20181113,073010,케이에스피,KOSDAQ,관리종목(소속부없음),3760,0,0.00,0,0,0,0,0,28353836640,7540914
20181113,105330,케이엔더블유,KOSDAQ,벤처기업부,4085,-100,-2.39,4125,4145,3905,17774,71308720,23126602495,5661347
20181113,039420,케이엘넷,KOSDAQ,중견기업부,2490,-70,-2.73,2465,2560,2455,90492,224667895,60145277700,24154730
20181113,083550,케이엠,KOSDAQ,우량기업부,8150,-90,-1.09,8110,8270,7910,63693,510958100,81535558450,10004363
20181113,032500,케이엠더블유,KOSDAQ,중견기업부,23550,250,1.07,22800,24000,22600,65513,1528134900,379155000000,16100000
20181113,225430,케이엠제약,KOSDAQ,중견기업부,3645,-5,-0.14,3515,3660,3430,837063,2970714555,72488297250,19887050
20181113,064820,케이프,KOSDAQ,중견기업부,1985,10,0.51,1955,2055,1930,262635,524424990,50674217405,25528573
20181113,256940,케이피에스,KOSDAQ,벤처기업부,9360,70,0.75,9130,10500,9130,182820,1778116120,39967200000,4270000
20181113,024880,케이피에프,KOSDAQ,우량기업부,3800,-130,-3.31,3930,3930,3765,18103,68862705,59759879200,15726284
20181113,042040,케이피엠테크,KOSDAQ,중견기업부,1140,0,0.00,1100,1155,1070,434623,490087925,100758373320,88384538
20181113,054410,케이피티유,KOSDAQ,벤처기업부,4810,-175,-3.51,4950,4950,4575,10590,50538465,24338600000,5060000
20181113,217600,켐온,KOSDAQ,중견기업부,1835,35,1.94,1760,1835,1750,309728,551844165,117185558900,63861340
20181113,089010,켐트로닉스,KOSDAQ,중견기업부,5380,30,0.56,5190,5450,5160,29823,158644390,67918588740,12624273
20181113,220260,켐트로스,KOSDAQ,벤처기업부,2435,-75,-2.99,2480,2490,2380,194086,469653450,58549959730,24045158
20181113,052400,코나아이,KOSDAQ,중견기업부,14900,-100,-0.67,14700,14950,14300,127187,1850966700,231830858200,15559118
20181113,094860,코닉글로리,KOSDAQ,벤처기업부,463,-12,-2.53,478,478,450,177334,80818185,22063367706,47653062
20181113,046070,코다코,KOSDAQ,우량기업부,2050,20,0.99,2000,2065,1965,127775,257062490,80081724800,39064256
20181113,047770,코데즈컴바인,KOSDAQ,중견기업부,2850,-20,-0.70,2880,2955,2785,83214,238948570,107851415700,37842602
20181113,080530,코디,KOSDAQ,투자주의환기종목(소속부없음),3590,0,0.00,0,0,0,0,0,42585046700,11862130
20181113,224060,코디엠,KOSDAQ,중견기업부,865,11,1.29,835,869,821,1390414,1167864241,122452424905,141563497
20181113,078650,코렌,KOSDAQ,관리종목(소속부없음),1275,-30,-2.30,1305,1305,1230,62341,78395785,38341125525,30071471
20181113,104540,코렌텍,KOSDAQ,기술성장기업부,6170,-70,-1.12,6240,6240,5990,6951,42083350,61312234010,9937153
20181113,027050,코리아나,KOSDAQ,우량기업부,4240,-35,-0.82,4200,4245,4120,211390,882137275,169600000000,40000000
20181113,101670,코리아에스이,KOSDAQ,벤처기업부,1385,-45,-3.15,1405,1405,1320,90654,123892620,26176500000,18900000
20181113,123410,코리아에프티,KOSDAQ,우량기업부,2560,-125,-4.66,2605,2610,2495,540249,1372386440,71273123840,27841064
20181113,036690,코맥스,KOSDAQ,우량기업부,3915,-15,-0.38,3830,3915,3825,24030,92985115,55906062975,14279965
20181113,049430,코메론,KOSDAQ,우량기업부,7270,-30,-0.41,7250,7270,7000,23991,170093280,65778960000,9048000
20181113,183300,코미코,KOSDAQ,우량기업부,22550,-700,-3.01,22600,22850,22050,23447,524082650,197876250000,8775000
20181113,041960,코미팜,KOSDAQ,벤처기업부,22150,300,1.37,21300,22350,21050,173892,3787108000,1225300965200,55318328
20181113,089890,코세스,KOSDAQ,중견기업부,5410,300,5.87,4930,5480,4855,92089,479082470,91169114420,16851962
20181113,009730,코센,KOSDAQ,중견기업부,990,-45,-4.35,1015,1035,976,875745,870863478,41315063130,41732387
20181113,241710,코스메카코리아,KOSDAQ,우량기업부,24700,0,0.00,24250,24900,23600,42832,1037140950,263796000000,10680000
20181113,069110,코스온,KOSDAQ,우량기업부,10400,50,0.48,10200,10500,9890,99394,1010345340,193670474400,18622161
20181113,166480,코아스템,KOSDAQ,기술성장기업부,12300,800,6.96,11200,12300,11150,121624,1441421950,193324512000,15717440
20181113,045970,코아시아홀딩스,KOSDAQ,중견기업부,5270,50,0.96,5220,5290,5070,3821,19890120,103376393780,19616014
20181113,029960,코엔텍,KOSDAQ,벤처기업부,7300,80,1.11,7090,7360,6980,502797,3613338560,365000000000,50000000
20181113,102940,코오롱생명과학,KOSDAQ,우량기업부,60800,1200,2.01,58200,61200,58200,36875,2217270800,693871244800,11412356
20181113,950160,코오롱티슈진,KOSDAQ,외국기업(소속부없음),37300,1700,4.78,35100,37300,34900,424970,15485321000,2274206177500,60970675
20181113,033290,코웰패션,KOSDAQ,우량기업부,4840,10,0.21,4710,4855,4670,194426,923007220,438021132560,90500234
20181113,056360,코위버,KOSDAQ,우량기업부,5750,-10,-0.17,5600,5840,5560,42279,239142070,56331600000,9796800
20181113,121850,코이즈,KOSDAQ,벤처기업부,2715,85,3.23,2645,2735,2530,110582,295167560,28596660600,10532840
20181113,015710,코콤,KOSDAQ,우량기업부,6390,-30,-0.47,6270,6430,6260,55600,352556170,112019895000,17530500
20181113,052330,코텍,KOSDAQ,우량기업부,14600,100,0.69,14500,14600,14100,25113,359509150,227388459200,15574552
20181113,126600,코프라,KOSDAQ,우량기업부,2505,-45,-1.76,2550,2555,2430,66315,164228985,52894663170,21115634
20181113,200130,콜마비앤에이치,KOSDAQ,우량기업부,19650,-700,-3.44,19900,20000,19050,58751,1151137950,580530914700,29543558
20181113,225650,쿠첸,KOSDAQ,벤처기업부,5530,-80,-1.43,5500,5580,5370,26402,144182970,59095111810,10686277
20181113,060280,큐렉소,KOSDAQ,중견기업부,5540,-30,-0.54,5500,5550,5290,31021,166191570,184799181620,33357253
20181113,040350,큐로컴,KOSDAQ,벤처기업부,1405,5,0.36,1350,1415,1300,760647,1020594440,153341711240,109140008
20181113,051780,큐로홀딩스,KOSDAQ,중견기업부,657,22,3.46,639,666,609,141831,90541498,39546946854,60193222
20181113,115180,큐리언트,KOSDAQ,기술성장기업부,20400,600,3.03,19200,20450,19200,51093,1021744250,172442546400,8453066
20181113,182360,큐브엔터,KOSDAQ,중견기업부,3085,130,4.40,2905,3170,2770,925577,2780922565,81980071195,26573767
20181113,066310,큐에스아이,KOSDAQ,벤처기업부,4825,-415,-7.92,5030,5130,4810,217166,1077999575,39942459750,8278230
20181113,016600,큐캐피탈,KOSDAQ,벤처기업부,683,-11,-1.59,690,690,640,178779,119883934,95618853926,139998322
20181113,043590,크로바하이텍,KOSDAQ,중견기업부,3830,45,1.19,3620,3850,3570,240008,892064235,89239000000,23300000
20181113,114120,크루셜텍,KOSDAQ,중견기업부,1600,-20,-1.23,1575,1645,1555,696861,1120407060,73228627200,45767892
20181113,110790,크리스에프앤씨,KOSDAQ,중견기업부,22650,-250,-1.09,22650,22900,22100,94223,2120399200,265355622000,11715480
20181113,083790,크리스탈,KOSDAQ,기술성장기업부,18500,100,0.54,17800,18700,17750,347852,6367688700,747361779000,40397934
20181113,900250,크리스탈신소재,KOSDAQ,외국기업(소속부없음),1230,-10,-0.81,1210,1240,1180,655319,790482975,83374137960,67783852
20181113,045520,크린앤사이언스,KOSDAQ,중견기업부,15300,0,0.00,14950,15450,14700,120860,1826783900,99450000000,6500000
20181113,214150,클래시스,KOSDAQ,벤처기업부,4550,400,9.64,4140,4940,4100,1408126,6536810855,281977500350,61973077
20181113,237880,클리오,KOSDAQ,우량기업부,10750,0,0.00,10500,10850,10300,98721,1041473250,182308121250,16958895
20181113,054780,키이스트,KOSDAQ,중견기업부,3275,-125,-3.68,3380,3460,3150,17782274,59776893830,277726923350,84802114
20181113,219130,타이거일렉,KOSDAQ,중견기업부,4400,-160,-3.51,4560,4560,4320,37771,166823740,27782876000,6314290
20181113,065130,탑엔지니어링,KOSDAQ,우량기업부,10350,-200,-1.90,10300,10400,9870,260319,2624019410,165354259950,15976257
20181113,023160,태광,KOSDAQ,중견기업부,11500,-350,-2.95,11750,11750,11250,110769,1266451950,304750000000,26500000
20181113,053620,태양,KOSDAQ,우량기업부,8760,-200,-2.23,8950,8950,8420,1422,12184610,75336000000,8600000
20181113,044490,태웅,KOSDAQ,우량기업부,10800,-400,-3.57,11100,11100,10650,73939,794806550,216079714800,20007381
20181113,191420,테고사이언스,KOSDAQ,벤처기업부,42350,2850,7.22,38350,44000,38350,128926,5392856950,341960749900,8074634
20181113,182690,테라셈,KOSDAQ,중견기업부,1270,-25,-1.93,1250,1305,1205,81013,101408010,17737251800,13966340
20181113,066700,테라젠이텍스,KOSDAQ,중견기업부,10550,650,6.57,9670,10900,9640,673212,6935840670,324847223300,30791206
20181113,095610,테스,KOSDAQ,우량기업부,15600,-550,-3.41,15800,15800,15050,410802,6332116300,308384325600,19768226
20181113,131970,테스나,KOSDAQ,벤처기업부,23400,0,0.00,22550,23400,21750,83633,1901531700,160290000000,6850000
20181113,089030,테크윙,KOSDAQ,우량기업부,9500,-350,-3.55,9680,9680,9200,240763,2253318030,178863454000,18827732
20181113,054450,텔레칩스,KOSDAQ,우량기업부,8840,-210,-2.32,8800,8900,8650,117298,1027209030,119392253240,13505911
20181113,091440,텔레필드,KOSDAQ,벤처기업부,2515,-25,-0.98,2425,2540,2310,67160,160497170,22879073205,9097047
20181113,196450,텔루스,KOSDAQ,중견기업부,1010,40,4.12,976,1030,930,2320738,2310184498,87648057550,86780255
20181113,200230,텔콘RF제약,KOSDAQ,중견기업부,9910,310,3.23,9410,10050,9410,1830568,17832133520,776096358060,78314466
20181113,215480,토박스코리아,KOSDAQ,벤처기업부,1135,30,2.71,1090,1190,1075,4659883,5364031115,42769622745,37682487
20181113,051360,토비스,KOSDAQ,우량기업부,7060,-20,-0.28,7060,7070,6930,11455,80039340,118022429480,16717058
20181113,045340,토탈소프트,KOSDAQ,벤처기업부,2370,-25,-1.04,2390,2420,2320,41618,98385910,20282554800,8558040
20181113,057880,토필드,KOSDAQ,중견기업부,1725,-15,-0.86,1695,1735,1675,146670,249556635,46574051250,26999450
20181113,108230,톱텍,KOSDAQ,우량기업부,12700,-500,-3.79,12950,13150,12600,507090,6494015050,467312425800,36796254
20181113,079970,투비소프트,KOSDAQ,벤처기업부,6410,230,3.72,6020,6420,6010,198068,1224262650,156253082960,24376456
20181113,105550,트루윈,KOSDAQ,벤처기업부,4730,-70,-1.46,4605,4805,4605,5633,26233440,52235367140,11043418
20181113,026150,특수건설,KOSDAQ,중견기업부,4790,-90,-1.84,4800,4830,4625,178753,841329145,71825159060,14994814
20181113,033830,티비씨,KOSDAQ,중견기업부,509,-8,-1.55,514,514,506,7991,4070258,50900000000,100000000
20181113,064760,티씨케이,KOSDAQ,우량기업부,53400,-300,-0.56,52900,53400,50700,45782,2369154800,623445000000,11675000
20181113,131290,티에스이,KOSDAQ,중견기업부,7290,-300,-3.95,7360,7470,7100,146556,1092700430,80637817410,11061429
20181113,246690,티에스인베스트먼트,KOSDAQ,중견기업부,2195,-35,-1.57,2185,2200,2125,85103,183570200,49214103780,22421004
20181113,062860,티엘아이,KOSDAQ,중견기업부,3785,-10,-0.26,3765,3790,3635,14389,53116125,37368245200,9872720
20181113,104480,티케이케미칼,KOSDAQ,우량기업부,2405,75,3.22,2290,2415,2220,3339243,7756689490,218603518770,90895434
20181113,081150,티플랙스,KOSDAQ,중견기업부,2370,-15,-0.63,2300,2370,2235,798743,1832036450,57516112740,24268402
20181113,130740,티피씨글로벌,KOSDAQ,중견기업부,2385,-20,-0.83,2365,2405,2300,24239,56565540,22538250000,9450000
20181113,084730,팅크웨어,KOSDAQ,중견기업부,6140,-120,-1.92,6230,6230,6000,28978,176184900,64013687480,10425682
20181113,046210,파나진,KOSDAQ,중견기업부,4705,5,0.11,4700,4760,4460,37647,171865965,150720722800,32034160
20181113,034230,파라다이스,KOSDAQ,우량기업부,18850,-50,-0.26,18550,18950,18100,928585,17259072000,1714269367200,90942672
20181113,033540,파라텍,KOSDAQ,우량기업부,5860,100,1.74,5650,6200,5560,214071,1252810420,98685634720,16840552
20181113,043200,파루,KOSDAQ,벤처기업부,2780,-30,-1.07,2765,2820,2710,242537,669084150,82475836260,29667567
20181113,214450,파마리서치프로덕트,KOSDAQ,벤처기업부,33250,350,1.06,32250,33500,32100,19587,639644150,314751715250,9466217
20181113,177830,파버나인,KOSDAQ,벤처기업부,4390,-105,-2.34,4435,4435,4250,87663,381238565,47563121360,10834424
20181113,037070,파세코,KOSDAQ,중견기업부,4440,-10,-0.22,4415,4445,4385,14902,65811105,62160000000,14000000
20181113,150900,파수닷컴,KOSDAQ,벤처기업부,3550,-115,-3.14,3660,3660,3420,5016,17688445,33889940100,9546462
20181113,037030,파워넷,KOSDAQ,중견기업부,3735,-20,-0.53,3790,3800,3555,31525,116693540,44855908290,12009614
20181113,047310,파워로직스,KOSDAQ,우량기업부,7450,-80,-1.06,7280,7570,7230,912527,6741412480,255930073500,34353030
20181113,170790,파이오링크,KOSDAQ,벤처기업부,4250,60,1.43,4150,4475,4055,3095,12867165,29139402500,6856330
20181113,049120,파인디앤씨,KOSDAQ,중견기업부,2140,225,11.75,2270,2430,2140,4305327,9874276025,51505813180,24068137
20181113,038950,파인디지털,KOSDAQ,벤처기업부,3485,-5,-0.14,3450,3530,3430,10283,35544540,35584516025,10210765
20181113,106240,파인테크닉스,KOSDAQ,벤처기업부,1465,25,1.74,1425,1610,1420,2044952,3096100095,55096433455,37608487
20181113,131760,파인텍,KOSDAQ,중견기업부,2840,-20,-0.70,2800,2870,2700,125907,352053910,32699385120,11513868
20181113,140860,파크시스템스,KOSDAQ,기술성장기업부,40150,2000,5.24,37900,40800,37200,24809,983596050,266839108250,6646055
20181113,091700,파트론,KOSDAQ,우량기업부,8650,-180,-2.04,8800,8800,8370,568473,4852933070,468452946500,54156410
20181113,194510,파티게임즈,KOSDAQ,투자주의환기종목(소속부없음),536,0,0.00,0,0,0,0,0,13125755600,24488350
20181113,038160,팍스넷,KOSDAQ,중견기업부,8130,40,0.49,8080,8130,7910,18143,146057280,90060245730,11077521
20181113,032800,판타지오,KOSDAQ,중견기업부,582,5,0.87,572,587,546,453602,256661594,42313694826,72703943
20181113,043090,팜스웰바이오,KOSDAQ,벤처기업부,3565,165,4.85,3300,3565,3195,216012,724498175,95283148915,26727391
20181113,027710,팜스토리,KOSDAQ,우량기업부,1065,-5,-0.47,1055,1070,1030,214550,224613270,94090014015,88347431
20181113,225590,패션플랫폼,KOSDAQ,중견기업부,1325,-10,-0.75,1290,1390,1250,106784,136447880,33376133875,25189535
20181113,054300,팬스타엔터프라이즈,KOSDAQ,벤처기업부,726,-33,-4.35,759,759,710,184256,133009499,29856708618,41124943
20181113,068050,팬엔터테인먼트,KOSDAQ,중견기업부,4000,-135,-3.26,4095,4095,3955,91691,368267300,54971988000,13742997
20181113,222110,팬젠,KOSDAQ,기술성장기업부,11350,350,3.18,10400,11550,10400,26759,294118050,109434214350,9641781
20181113,060900,퍼시픽바이오,KOSDAQ,중견기업부,852,7,0.83,844,852,830,169701,142988224,41785257960,49043730
20181113,263750,펄어비스,KOSDAQ,우량기업부,184900,-1300,-0.70,186200,186500,176300,123029,22376496200,2393160700000,12943000
20181113,087010,펩트론,KOSDAQ,기술성장기업부,21850,-150,-0.68,21800,22450,21300,224649,4899426500,334884025000,15326500
20181113,043370,평화정공,KOSDAQ,우량기업부,5850,-190,-3.15,5950,6030,5780,70111,410170140,122850000000,21000000
20181113,119500,포메탈,KOSDAQ,중견기업부,3015,10,0.33,3005,3035,2910,10648,31715360,35719404480,11847232
20181113,016670,포비스티앤씨,KOSDAQ,중견기업부,896,-26,-2.82,908,908,873,171332,152120037,35909939968,40078058
20181113,056730,포스링크,KOSDAQ,벤처기업부,1725,-35,-1.99,1745,1745,1655,396565,675753505,79632672300,46163868
20181113,022100,포스코 ICT,KOSDAQ,우량기업부,5570,-40,-0.71,5480,5690,5360,516233,2844146290,846833440530,152034729
20181113,009520,포스코엠텍,KOSDAQ,우량기업부,5860,-10,-0.17,5620,5860,5500,915797,5203361600,244026239580,41642703
20181113,003670,포스코켐텍,KOSDAQ,우량기업부,78100,0,0.00,76500,78400,73600,760976,57973290500,4613367000000,59070000
20181113,189690,포시에스,KOSDAQ,벤처기업부,5120,-260,-4.83,5230,5380,5040,46698,239748820,38480706560,7515763
20181113,141020,포티스,KOSDAQ,중견기업부,2935,-165,-5.32,2950,3010,2830,1623580,4802391765,140414538350,47841410
20181113,290720,푸드나무,KOSDAQ,중견기업부,26350,800,3.13,24600,26750,24050,70838,1807636000,179338995900,6806034
20181113,005670,푸드웰,KOSDAQ,중견기업부,4970,-100,-1.97,5060,5060,4760,60063,291492190,39760000000,8000000
20181113,094940,푸른기술,KOSDAQ,벤처기업부,20900,-400,-1.88,20550,21200,20100,477586,9875228850,137400821800,6574202
20181113,007330,푸른저축은행,KOSDAQ,우량기업부,8130,-30,-0.37,8130,8140,8060,6400,51872300,122623164000,15082800
20181113,093380,풍강,KOSDAQ,중견기업부,2370,-45,-1.86,2415,2415,2300,3473,8232220,23413971810,9879313
20181113,023900,풍국주정,KOSDAQ,우량기업부,8810,30,0.34,8600,8810,8340,39427,335527180,111006000000,12600000
20181113,195440,퓨전데이타,KOSDAQ,중견기업부,8240,-150,-1.79,8390,8490,8060,95501,782461080,69283980000,8408250
20181113,214270,퓨쳐스트림네트웍스,KOSDAQ,중견기업부,1490,-45,-2.93,1500,1520,1455,1921808,2854166005,129512756370,86921313
20181113,220100,퓨쳐켐,KOSDAQ,기술성장기업부,12500,150,1.21,12150,12650,12050,6217,76259100,71864237500,5749139
20181113,035200,프럼파스트,KOSDAQ,벤처기업부,3325,-75,-2.21,3370,3370,3160,76613,248280775,29413339025,8846117
20181113,203690,프로스테믹스,KOSDAQ,벤처기업부,5900,210,3.69,5520,5910,5520,450674,2588618360,267711420300,45374817
20181113,053610,프로텍,KOSDAQ,우량기업부,12750,-100,-0.78,12650,12900,12500,54251,689722150,120617588250,9460203
20181113,053160,프리엠스,KOSDAQ,중견기업부,5630,30,0.54,5530,5930,5400,36983,204401510,33780000000,6000000
20181113,075130,플랜티넷,KOSDAQ,벤처기업부,4295,-65,-1.49,4380,4380,4035,12861,54271935,38483200000,8960000
20181113,023770,플레이위드,KOSDAQ,중견기업부,6240,0,0.00,6200,6290,6160,3973,24679650,21595704000,3460850
20181113,032580,피델릭스,KOSDAQ,벤처기업부,1725,-15,-0.86,1685,1730,1650,192420,324613230,36985825050,21441058
20181113,051380,피씨디렉트,KOSDAQ,중견기업부,4840,-180,-3.59,5010,5010,4720,88073,423877390,36494258240,7540136
20181113,241820,피씨엘,KOSDAQ,기술성장기업부,10350,450,4.55,9800,10350,9630,30815,309412390,92541047400,8941164
20181113,237750,피앤씨테크,KOSDAQ,중견기업부,8390,-80,-0.94,8450,8460,8040,28705,234871620,54506474000,6496600
20181113,131390,피앤이솔루션,KOSDAQ,우량기업부,12550,-100,-0.79,12300,12550,12050,182759,2250424250,179214000000,14280000
20181113,054340,피앤텔,KOSDAQ,관리종목(소속부없음),668,0,0.00,0,0,0,0,0,20565442788,30786591
20181113,024850,피에스엠씨,KOSDAQ,중견기업부,878,-11,-1.24,888,899,836,148903,127968803,34001604478,38726201
20181113,031980,피에스케이,KOSDAQ,우량기업부,13350,-150,-1.11,13200,13350,12750,144513,1875470400,271426913400,20331604
20181113,002230,피에스텍,KOSDAQ,우량기업부,4545,20,0.44,4400,4555,4370,29391,130008285,89396709435,19669243
20181113,137400,피엔티,KOSDAQ,벤처기업부,11700,300,2.63,11200,11700,10900,83823,940098700,103162971600,8817348
20181113,073570,피엠지파마,KOSDAQ,벤처기업부,6680,-70,-1.04,6700,6740,6340,51743,338882570,70583625480,10566411
20181113,128660,피제이메탈,KOSDAQ,중견기업부,2005,0,0.00,1980,2005,1935,46531,91410465,49730754845,24803369
20181113,006140,피제이전자,KOSDAQ,우량기업부,4355,-50,-1.14,4275,4395,4160,10192,43431085,65325000000,15000000
20181113,087600,픽셀플러스,KOSDAQ,중견기업부,6960,-120,-1.69,6830,7130,6830,7852,54321180,56839243680,8166558
20181113,064800,필링크,KOSDAQ,중견기업부,2045,-25,-1.21,2020,2065,1975,447901,903821565,126031562670,61629126
20181113,161580,필옵틱스,KOSDAQ,우량기업부,8170,-130,-1.57,8210,8240,7930,119204,968851180,141115491660,17272398
20181113,270520,하나금융10호스팩,KOSDAQ,SPAC(소속부없음),2080,5,0.24,2090,2090,2075,509,1058690,9572160000,4602000
20181113,284620,하나금융11호스팩,KOSDAQ,SPAC(소속부없음),2050,0,0.00,2050,2060,2050,6301,12952315,11072050000,5401000
20181113,230240,하나금융7호스팩,KOSDAQ,SPAC(소속부없음),2380,100,4.39,2280,2390,2280,168164,395018675,19040000000,8000000
20181113,261200,하나금융9호스팩,KOSDAQ,SPAC(소속부없음),2055,0,0.00,0,0,0,0,0,8754300000,4260000
20181113,067310,하나마이크론,KOSDAQ,중견기업부,3845,-30,-0.77,3815,3870,3730,32524,123456285,87385614910,22727078
20181113,166090,하나머티리얼즈,KOSDAQ,우량기업부,15750,-600,-3.67,15800,15950,15300,176956,2761673300,302659465500,19216474
20181113,136480,하림,KOSDAQ,우량기업부,2595,35,1.37,2585,2630,2495,251294,642404000,225624709110,86945938
20181113,003380,하림지주,KOSDAQ,우량기업부,10650,0,0.00,10500,10800,10300,207575,2177665850,996671708700,93584198
20181113,149980,하이로닉,KOSDAQ,벤처기업부,5080,50,0.99,4990,5110,4825,91471,454849390,71601304600,14094745
20181113,013030,하이록코리아,KOSDAQ,우량기업부,18750,-1000,-5.06,19750,19750,18650,26546,503616700,255248100000,13613232
20181113,126700,하이비젼시스템,KOSDAQ,우량기업부,10350,-1350,-11.54,10900,11000,9990,817208,8379764220,154650859200,14942112
20181113,200470,하이셈,KOSDAQ,중견기업부,5420,-30,-0.55,5370,5480,4850,280050,1463719845,95140945600,17553680
20181113,221840,하이즈항공,KOSDAQ,중견기업부,5990,-20,-0.33,5910,6010,5900,7459,44453650,106000040330,17696167
20181113,106190,하이텍팜,KOSDAQ,우량기업부,14900,250,1.71,14500,14900,14300,13491,197593100,105622851800,7088782
20181113,066130,하츠,KOSDAQ,우량기업부,3675,-30,-0.81,3800,3800,3500,75350,271038130,47040000000,12800000
20181113,240540,한국4호스팩,KOSDAQ,SPAC(소속부없음),2060,0,0.00,2055,2060,2055,3501,7194560,11330000000,5500000
20181113,004590,한국가구,KOSDAQ,중견기업부,21650,-100,-0.46,21700,21700,21050,416,8901050,64950000000,3000000
20181113,039340,한국경제TV,KOSDAQ,우량기업부,3720,65,1.78,3610,3730,3520,101858,373065745,85560000000,23000000
20181113,034950,한국기업평가,KOSDAQ,중견기업부,50000,0,0.00,49600,50000,49600,1980,98924650,227025700000,4540514
20181113,222980,한국맥널티,KOSDAQ,벤처기업부,11550,-350,-2.94,11800,11900,11450,46630,543138200,57461250000,4975000
20181113,025550,한국선재,KOSDAQ,우량기업부,2655,-15,-0.56,2645,2660,2585,62485,163888185,65106584370,24522254
20181113,017890,한국알콜,KOSDAQ,우량기업부,6780,-60,-0.88,6650,6780,6480,179768,1183569710,146487052800,21605760
20181113,080720,한국유니온제약,KOSDAQ,벤처기업부,15300,400,2.68,14400,15550,14200,236048,3549301000,90327038400,5903728
20181113,063570,한국전자금융,KOSDAQ,우량기업부,11800,0,0.00,11700,11800,11400,213842,2474455850,408819590400,34645728
20181113,041460,한국전자인증,KOSDAQ,중견기업부,3550,-25,-0.70,3500,3610,3385,52835,183900625,76180333950,21459249
20181113,101680,한국정밀기계,KOSDAQ,관리종목(소속부없음),2410,0,0.00,0,0,0,0,0,20253640000,8404000
20181113,039740,한국정보공학,KOSDAQ,중견기업부,3140,20,0.64,3020,3140,3020,2593,7972570,25177766580,8018397
20181113,053300,한국정보인증,KOSDAQ,중견기업부,3600,0,0.00,3500,3600,3450,48079,168953670,112194000000,31165000
20181113,025770,한국정보통신,KOSDAQ,우량기업부,8970,-350,-3.76,9150,9260,8810,137670,1230816980,348150304710,38812743
20181113,271740,한국제5호스팩,KOSDAQ,SPAC(소속부없음),2035,0,0.00,0,0,0,0,0,8140000000,4000000
20181113,281410,한국제6호스팩,KOSDAQ,SPAC(소속부없음),2080,5,0.24,2085,2085,2080,5511,11474760,9380800000,4510000
20181113,291210,한국제7호스팩,KOSDAQ,SPAC(소속부없음),2040,0,0.00,2040,2040,2035,1596,3250840,10322400000,5060000
20181113,023760,한국캐피탈,KOSDAQ,우량기업부,605,0,0.00,603,605,593,7080,4256258,101766793480,168209576
20181113,054040,한국컴퓨터,KOSDAQ,우량기업부,2545,-10,-0.39,2500,2550,2425,66298,166851215,40901433050,16071290
20181113,050540,한국코퍼레이션,KOSDAQ,중견기업부,2940,110,3.89,2980,3170,2715,184266,528851985,77359752540,26312841
20181113,021650,한국큐빅,KOSDAQ,벤처기업부,2065,-35,-1.67,2040,2080,1985,36319,73540450,33763912595,16350563
20181113,053590,한국테크놀로지,KOSDAQ,벤처기업부,739,-19,-2.51,758,758,720,250951,183518588,49497591111,66979149
20181113,037230,한국팩키지,KOSDAQ,중견기업부,1820,-65,-3.45,1880,1880,1790,115632,209350925,45500000000,25000000
20181113,030520,한글과컴퓨터,KOSDAQ,우량기업부,13500,0,0.00,13350,13550,12850,81651,1074041100,311609848500,23082211
20181113,052600,한네트,KOSDAQ,중견기업부,2355,-75,-3.09,2400,2400,2290,58671,137171930,27232513500,11563700
20181113,092460,한라IMS,KOSDAQ,벤처기업부,6710,-140,-2.04,6890,6890,6690,6612,44490470,76893258420,11459502
20181113,047080,한빛소프트,KOSDAQ,중견기업부,3100,-80,-2.52,3150,3150,3055,62986,194074975,76817491600,24779836
20181113,070300,한솔시큐어,KOSDAQ,중견기업부,4820,105,2.23,4715,4820,4660,16277,76894030,35504476680,7366074
20181113,221610,한솔씨앤피,KOSDAQ,중견기업부,5160,50,0.98,4935,5280,4935,2605,13072000,20607352680,3993673
20181113,070590,한솔인티큐브,KOSDAQ,투자주의환기종목(소속부없음),2005,-45,-2.20,2050,2080,2005,9500,19493935,27828439605,13879521
20181113,226440,한송네오텍,KOSDAQ,중견기업부,1780,-25,-1.39,1770,1825,1710,2513002,4456278555,67997794240,38201008
20181113,042520,한스바이오메드,KOSDAQ,벤처기업부,23800,-300,-1.24,23550,23900,22900,33889,792915300,234616996600,9857857
20181113,078350,한양디지텍,KOSDAQ,중견기업부,3655,75,2.09,3600,3740,3495,47438,170605835,36550000000,10000000
20181113,045100,한양이엔지,KOSDAQ,우량기업부,13350,-150,-1.11,13200,14100,13000,255533,3443584100,240300000000,18000000
20181113,046110,한일네트웍스,KOSDAQ,벤처기업부,4730,-180,-3.67,4710,4790,4610,159456,745976635,56543493710,11954227
20181113,024740,한일단조,KOSDAQ,중견기업부,1145,0,0.00,1160,1205,1110,278147,316754910,34225570560,29891328
20181113,005860,한일사료,KOSDAQ,중견기업부,1760,-5,-0.28,1725,1765,1705,171200,296390020,69350485600,39403685
20181113,123840,한일진공,KOSDAQ,중견기업부,1265,-20,-1.56,1215,1285,1215,85738,107532655,69547025790,54977886
20181113,007770,한일화학,KOSDAQ,중견기업부,12100,-500,-3.97,12400,12950,12100,1304,16045900,42471000000,3510000
20181113,079170,한창산업,KOSDAQ,중견기업부,5770,-70,-1.20,5830,5830,5700,2504,14487170,30004000000,5200000
20181113,086960,한컴MDS,KOSDAQ,우량기업부,14100,-200,-1.40,14000,14150,13500,44260,610403500,124483372800,8828608
20181113,054920,한컴시큐어,KOSDAQ,중견기업부,2815,-20,-0.71,2795,2825,2710,33943,94161915,39794393880,14136552
20181113,215090,한컴유니맥스,KOSDAQ,벤처기업부,1780,-45,-2.47,1775,1900,1745,100776,180943145,32310714860,18152087
20181113,077280,한컴지엠디,KOSDAQ,중견기업부,2090,0,0.00,2070,2090,2020,6923,14171750,24591648510,11766339
20181113,002680,한탑,KOSDAQ,중견기업부,2015,-25,-1.23,2040,2040,1930,32763,65138660,41912000000,20800000
20181113,066110,한프,KOSDAQ,중견기업부,1235,-30,-2.37,1280,1280,1215,49904,61428125,56123842645,45444407
20181113,265920,한화수성스팩,KOSDAQ,SPAC(소속부없음),2075,5,0.24,2140,2140,2075,703,1462335,9213000000,4440000
20181113,264290,한화에이스스팩3호,KOSDAQ,SPAC(소속부없음),2130,-10,-0.47,2135,2135,2085,9162,19163020,6560400000,3080000
20181113,279410,한화에이스스팩4호,KOSDAQ,SPAC(소속부없음),2085,-5,-0.24,2085,2085,2085,400,834000,7287075000,3495000
20181113,102210,해덕파워웨이,KOSDAQ,중견기업부,1535,25,1.66,1450,1535,1430,3766933,5544290675,113123981675,73696405
20181113,220630,해마로푸드서비스,KOSDAQ,우량기업부,2210,45,2.08,2110,2220,2070,866512,1864727690,207514107060,93897786
20181113,034810,해성산업,KOSDAQ,중견기업부,11750,-50,-0.42,11800,11800,11300,4450,51309000,114915000000,9780000
20181113,076610,해성옵틱스,KOSDAQ,벤처기업부,2670,-40,-1.48,2620,2705,2585,166380,436906085,44522250000,16675000
20181113,220180,핸디소프트,KOSDAQ,벤처기업부,4390,-90,-2.01,4420,4550,4255,132909,583743575,32762609510,7463009
20181113,008800,행남사,KOSDAQ,관리종목(소속부없음),3240,-15,-0.46,3210,3280,3170,22501,72340735,82137512160,25351084
20181113,900270,헝셩그룹,KOSDAQ,외국기업(소속부없음),1135,-15,-1.30,1115,1145,1085,1222971,1366990835,90800000000,80000000
20181113,170030,현대공업,KOSDAQ,우량기업부,2550,40,1.59,2530,2575,2495,29006,73130575,39117000000,15340000
20181113,048410,현대바이오,KOSDAQ,중견기업부,6440,200,3.21,6300,6500,6110,2574935,16330739200,217149451960,33718859
20181113,016790,현대사료,KOSDAQ,중견기업부,20500,-100,-0.49,20100,20900,19800,136938,2791709500,126084963000,6150486
20181113,026180,현대정보기술,KOSDAQ,중견기업부,1610,-5,-0.31,1615,1615,1545,35996,56685860,95854883950,59537195
20181113,039010,현대통신,KOSDAQ,벤처기업부,10350,-100,-0.96,10100,10400,10000,28353,287398650,89268750000,8625000
20181113,204990,현성바이탈,KOSDAQ,중견기업부,2550,105,4.29,2405,2560,2255,171709,414309365,80707813650,31650123
20181113,092300,현우산업,KOSDAQ,중견기업부,3125,-45,-1.42,3075,3125,3005,34060,104577610,44741587500,14317308
20181113,053660,현진소재,KOSDAQ,투자주의환기종목(소속부없음),2700,-30,-1.10,2620,2725,2555,72353,190951740,36238762800,13421764
20181113,011080,형지I&C,KOSDAQ,중견기업부,752,1,0.13,750,753,735,26775,20032111,29294662336,38955668
20181113,060560,홈센타홀딩스,KOSDAQ,벤처기업부,1250,15,1.21,1210,1250,1165,176697,212430290,106062972500,84850378
20181113,064240,홈캐스트,KOSDAQ,중견기업부,5920,110,1.89,5600,5980,5600,374933,2166881220,191088305600,32278430
20181113,039610,화성밸브,KOSDAQ,중견기업부,12750,350,2.82,12000,12850,11700,324452,3978667900,92820000000,7280000
20181113,126640,화신정공,KOSDAQ,우량기업부,1040,10,0.97,1010,1125,1000,462866,495608345,37828842480,36373887
20181113,086250,화신테크,KOSDAQ,중견기업부,6440,210,3.37,6100,6540,6070,281227,1778975580,62468000000,9700000
20181113,204630,화이브라더스코리아,KOSDAQ,중견기업부,3025,-15,-0.49,3005,3035,2790,99177,285617885,86555761875,28613475
20181113,061250,화일약품,KOSDAQ,우량기업부,6670,0,0.00,6560,6750,6500,55609,366429110,96121089860,14410958
20181113,134780,화진,KOSDAQ,관리종목(소속부없음),3060,0,0.00,0,0,0,0,0,73560710880,24039448
20181113,097870,효성오앤비,KOSDAQ,중견기업부,8450,-100,-1.17,8280,8600,7800,42288,349564890,71740500000,8490000
20181113,050090,휘닉스소재,KOSDAQ,중견기업부,653,-24,-3.55,668,674,640,423120,277828868,45147729126,69138942
20181113,290270,휴네시온,KOSDAQ,벤처기업부,9880,-270,-2.66,9910,9990,9700,48161,474707880,47461899680,4803836
20181113,205470,휴마시스,KOSDAQ,기술성장기업부,1400,-55,-3.78,1420,1430,1350,405865,562252525,38813612600,27724009
20181113,115160,휴맥스,KOSDAQ,중견기업부,4660,-160,-3.32,4740,4780,4600,43719,203926545,111428978680,23911798
20181113,028080,휴맥스홀딩스,KOSDAQ,중견기업부,2895,-10,-0.34,2905,2905,2870,47478,136649445,36411879870,12577506
20181113,200670,휴메딕스,KOSDAQ,벤처기업부,24900,-600,-2.35,25250,25350,24300,48407,1194268550,232759049700,9347753
20181113,065510,휴비츠,KOSDAQ,우량기업부,8070,20,0.25,7820,8540,7710,69048,545735900,95894768970,11882871
20181113,243070,휴온스,KOSDAQ,우량기업부,68200,-2100,-2.99,68000,69100,65100,75314,5044060700,557063397000,8168085
20181113,084110,휴온스글로벌,KOSDAQ,우량기업부,43000,-100,-0.23,41500,43250,40900,66221,2782398700,447384857000,10404299
20181113,145020,휴젤,KOSDAQ,우량기업부,296700,900,0.30,291000,299400,283900,32349,9405229100,1293079423500,4358205
20181113,024060,흥구석유,KOSDAQ,중견기업부,3160,90,2.93,3180,3520,3135,5369350,18048442385,47400000000,15000000
20181113,010240,흥국,KOSDAQ,중견기업부,4200,-70,-1.64,4165,4310,4080,67451,281166950,51755323200,12322696
20181113,189980,흥국에프엔비,KOSDAQ,중견기업부,6870,0,0.00,6870,6870,6690,4539,30739650,50434669170,7341291
20181113,037440,희림,KOSDAQ,중견기업부,4200,-60,-1.41,4205,4300,4110,19201,80128180,58474395000,13922475
20181113,238490,힘스,KOSDAQ,우량기업부,13500,700,5.47,12650,14950,12650,1541027,21423653100,72213322500,5349135
