BAS_DD,ISU_CD,ISU_NM,MKT_NM,SECT_TP_NM,TDD_CLSPRC,CMPPREVDD_PRC,FLUC_RT,TDD_OPNPRC,TDD_HGPRC,TDD_LWPRC,ACC_TRDVOL,ACC_TRDVAL,MKTCAP,LIST_SHRS
20220831,095570,AJ네트웍스,KOSPI,,7400,-130,-1.73,7480,7480,7220,81826,598551260,346484983000,46822295
20220831,006840,AK홀딩스,KOSPI,,16000,100,0.63,15950,16100,15700,4228,67082450,211960976000,13247561
20220831,027410,BGF,KOSPI,,4045,0,0.00,4045,4055,4020,41931,169257520,387174419595,95716791
20220831,282330,BGF리테일,KOSPI,,160500,500,0.31,159500,161000,157000,52288,8330266000,2774066913000,17283906
20220831,138930,BNK금융지주,KOSPI,,6710,10,0.15,6680,6730,6650,958786,6421411910,2187025500660,325935246
20220831,001460,BYC,KOSPI,,395500,-1000,-0.25,399000,401000,395000,37,14687000,247035232500,624615
20220831,001465,BYC우,KOSPI,,142500,-1000,-0.70,142500,143500,142500,128,18294000,30692362500,215385
20220831,001040,CJ,KOSPI,,78200,400,0.51,77800,78700,77000,50079,3918607100,2281641243600,29176998
20220831,079160,CJ CGV,KOSPI,,20550,-150,-0.72,20550,20750,20300,119471,2446204300,980021875950,47689629
20220831,00104K,CJ4우(전환),KOSPI,,70800,500,0.71,70000,70800,69500,5637,395773900,299237049600,4226512
20220831,000120,CJ대한통운,KOSPI,,118500,-500,-0.42,118500,119500,118000,40918,4859911500,2703262764000,22812344
20220831,011150,CJ씨푸드,KOSPI,,3270,15,0.46,3240,3320,3235,48755,158887445,117493627710,35930773
20220831,011155,CJ씨푸드1우,KOSPI,,28200,250,0.89,27950,28200,27950,3,84100,5640000000,200000
20220831,001045,CJ우,KOSPI,,49900,50,0.10,50500,50500,49600,317,15800000,112785127700,2260223
20220831,097950,CJ제일제당,KOSPI,,407500,-500,-0.12,406000,412500,403500,27651,11271810500,6134580795000,15054186
20220831,097955,CJ제일제당 우,KOSPI,,168000,0,0.00,171000,171000,166500,748,126017500,223008744000,1327433
20220831,000590,CS홀딩스,KOSPI,,72500,0,0.00,72800,72900,70900,6844,492333000,83699945000,1154482
20220831,012030,DB,KOSPI,,804,5,0.63,796,805,793,96139,76886412,161743842132,201173933
20220831,016610,DB금융투자,KOSPI,,4980,10,0.20,4990,5040,4965,48998,244405340,211383017220,42446389
20220831,005830,DB손해보험,KOSPI,,59700,-400,-0.67,59400,60200,58900,135843,8103871600,4226760000000,70800000
20220831,000990,DB하이텍,KOSPI,,46500,200,0.43,45800,46750,45150,721031,33247198300,2064534342000,44398588
20220831,000995,DB하이텍1우,KOSPI,,82600,-400,-0.48,80500,84900,80500,463,38542000,9277301600,112316
20220831,139130,DGB금융지주,KOSPI,,7450,20,0.27,7410,7500,7390,304324,2266033060,1260136455850,169145833
20220831,001530,DI동일,KOSPI,,17800,-50,-0.28,17750,17800,17250,111125,1948036000,455115206000,25568270
20220831,000210,DL,KOSPI,,66800,-800,-1.18,67100,67700,66200,58291,3890593600,1399853051200,20955884
20220831,001880,DL건설,KOSPI,,19950,50,0.25,20150,20750,19850,40853,821286000,439963015800,22053284
20220831,000215,DL우,KOSPI,,39750,50,0.13,40000,40000,39500,109,4323300,67023071250,1686115
20220831,375500,DL이앤씨,KOSPI,,40950,-150,-0.36,41200,41250,40250,266645,10832244150,1584503861850,38693623
20220831,37550L,DL이앤씨2우(전환),KOSPI,,33850,550,1.65,33300,34000,33300,563,18997700,71489541350,2111951
20220831,37550K,DL이앤씨우,KOSPI,,30000,250,0.84,29950,30000,29600,944,28198400,63416550000,2113885
20220831,007340,DN오토모티브,KOSPI,,62800,800,1.29,61800,63800,61300,22026,1389668700,627623514000,9994005
20220831,004840,DRB동일,KOSPI,,4610,85,1.88,4700,4700,4525,5918,27177795,91877300000,19930000
20220831,155660,DSR,KOSPI,,5780,20,0.35,5760,5830,5720,27437,158197810,92480000000,16000000
20220831,069730,DSR제강,KOSPI,,5200,20,0.39,5130,5240,5080,120124,620520860,74880000000,14400000
20220831,017940,E1,KOSPI,,47050,-200,-0.42,47200,47200,46750,3121,146521050,322763000000,6860000
20220831,365550,ESR켄달스퀘어리츠,KOSPI,,5530,10,0.18,5530,5530,5420,76417,418690560,1178382170000,213089000
20220831,383220,F&F,KOSPI,,142500,2500,1.79,138000,143500,136500,97095,13675512500,5458758187500,38307075
20220831,007700,F&F홀딩스,KOSPI,,17800,200,1.14,17600,17800,17350,8809,154890450,696235732600,39114367
20220831,114090,GKL,KOSPI,,16000,50,0.31,16000,16100,15700,242542,3862775900,989690720000,61855670
20220831,078930,GS,KOSPI,,46050,-600,-1.29,46450,46500,45300,261645,12006205700,4278753156900,92915378
20220831,006360,GS건설,KOSPI,,30150,250,0.84,29650,30150,29300,965856,28663470700,2580281923500,85581490
20220831,001250,GS글로벌,KOSPI,,3660,5,0.14,3645,3785,3635,2774919,10250132045,302073576240,82533764
20220831,007070,GS리테일,KOSPI,,25400,550,2.21,25000,25450,24750,243016,6146207850,2659835218800,104717922
20220831,078935,GS우,KOSPI,,36300,-100,-0.27,36400,36400,35850,3415,123222900,64789183800,1784826
20220831,012630,HDC,KOSPI,,6970,70,1.01,6880,6970,6870,37658,260291110,416399795370,59741721
20220831,039570,HDC랩스,KOSPI,,8630,140,1.65,8490,8630,8450,9382,79689470,224014096630,25957601
20220831,089470,HDC현대EP,KOSPI,,4330,-5,-0.12,4350,4360,4300,13947,60373210,138127000000,31900000
20220831,294870,HDC현대산업개발,KOSPI,,12450,0,0.00,12350,12500,12200,124271,1536713050,820546258500,65907330
20220831,267250,HD현대,KOSPI,,63200,300,0.48,62600,63200,61300,280474,17601856800,4992362972000,78993085
20220831,097230,HJ중공업,KOSPI,,6030,-150,-2.43,6150,6240,6020,53312,323948090,502143914430,83274281
20220831,003580,HLB글로벌,KOSPI,,8200,220,2.76,7890,8250,7890,229179,1856953920,347409744400,42367042
20220831,011200,HMM,KOSPI,,22250,450,2.06,21600,22500,21550,3037465,67049609850,10881128786000,489039496
20220831,082740,HSD엔진,KOSPI,,8690,-160,-1.81,8830,8830,8500,870454,7526530070,518108627740,59621246
20220831,003560,IHQ,KOSPI,,668,2,0.30,672,672,651,164124,108811686,110770087312,165823484
20220831,175330,JB금융지주,KOSPI,,7590,100,1.34,7510,7590,7400,178600,1341767500,1495100165460,196982894
20220831,234080,JW생명과학,KOSPI,,12750,50,0.39,12600,12800,12600,6063,77093150,201890563500,15834554
20220831,001060,JW중외제약,KOSPI,,21850,0,0.00,21800,21950,21500,32741,712181100,484591069850,22178081
20220831,001067,JW중외제약2우B,KOSPI,,71100,-100,-0.14,71100,71100,71100,28,1968800,7318109700,102927
20220831,001065,JW중외제약우,KOSPI,,36600,100,0.27,36900,36900,36000,21,768700,6688101000,182735
20220831,096760,JW홀딩스,KOSPI,,3305,-5,-0.15,3305,3320,3265,32966,108421910,232819753330,70444706
20220831,105560,KB금융,KOSPI,,49450,-150,-0.30,48900,49750,48750,1306243,64544899800,20219960012600,408897068
20220831,002380,KCC,KOSPI,,294500,3000,1.03,289000,295000,286000,28252,8245615500,2617065709500,8886471
20220831,344820,KCC글라스,KOSPI,,50400,300,0.60,49900,51700,48800,38479,1939735650,804913804800,15970512
20220831,009070,KCTC,KOSPI,,4865,45,0.93,4760,4950,4760,50344,244959770,145950000000,30000000
20220831,009440,KC그린홀딩스,KOSPI,,3910,60,1.56,3820,3925,3805,30110,116005650,87720771800,22434980
20220831,119650,KC코트렐,KOSPI,,4070,-10,-0.25,4080,4100,3995,20602,83838030,71632000000,17600000
20220831,092220,KEC,KOSPI,,2730,40,1.49,2660,2735,2660,1040333,2814990270,395162424930,144748141
20220831,016380,KG스틸,KOSPI,,12550,-100,-0.79,12600,12900,12250,985591,12386564950,1255111657350,100008897
20220831,001390,KG케미칼,KOSPI,,27350,100,0.37,27100,27600,26950,88357,2415439350,379237725600,13866096
20220831,033180,KH 필룩스,KOSPI,,1375,-5,-0.36,1365,1395,1365,344620,475155590,210705798875,153240581
20220831,001940,KISCO홀딩스,KOSPI,,14050,50,0.36,13850,14150,13850,49760,698683250,227278139000,16176380
20220831,025000,KPX케미칼,KOSPI,,49350,-550,-1.10,49650,49850,49350,2023,100202700,238854000000,4840000
20220831,092230,KPX홀딩스,KOSPI,,59600,100,0.17,59500,59600,59200,250,14867200,251788901600,4224646
20220831,000040,KR모터스,KOSPI,,691,-2,-0.29,696,696,686,166056,114582499,66431679315,96138465
20220831,044450,KSS해운,KOSPI,,10800,-100,-0.92,10900,10900,10750,32890,355323400,249327504000,23085880
20220831,030200,KT,KOSPI,,37200,-700,-1.85,37800,37800,37050,1196603,44754522250,9713359257600,261111808
20220831,033780,KT&G,KOSPI,,83200,200,0.24,82800,83200,82300,430366,35723786000,11422735750400,137292497
20220831,058850,KTcs,KOSPI,,2335,5,0.21,2340,2340,2290,41301,95479515,99669475000,42685000
20220831,058860,KTis,KOSPI,,2835,-25,-0.87,2860,2900,2820,99994,285458940,98663670000,34802000
20220831,093050,LF,KOSPI,,16950,150,0.89,16800,17000,16700,22382,377226550,495618000000,29240000
20220831,003550,LG,KOSPI,,82000,500,0.61,80600,82000,79800,425644,34815962600,12898681426000,157300993
20220831,034220,LG디스플레이,KOSPI,,15600,150,0.97,15250,15650,15250,878062,13659541950,5581924920000,357815700
20220831,051900,LG생활건강,KOSPI,,712000,2000,0.28,710000,715000,706000,30855,21953371000,11120156264000,15618197
20220831,051905,LG생활건강우,KOSPI,,366500,4000,1.10,361500,366500,356500,7902,2878926908,769538950500,2099697
20220831,373220,LG에너지솔루션,KOSPI,,462500,-3000,-0.64,462500,466000,455000,432953,199598615500,108225000000000,234000000
20220831,003555,LG우,KOSPI,,63800,400,0.63,63600,64000,63300,1358,86431900,192779356000,3021620
20220831,032640,LG유플러스,KOSPI,,11500,-250,-2.13,11750,11800,11450,2034053,23502305700,5021030651500,436611361
20220831,011070,LG이노텍,KOSPI,,344000,8500,2.53,331500,346000,329500,279146,94867845000,8141484808000,23667107
20220831,066570,LG전자,KOSPI,,101000,3500,3.59,96700,101000,96200,712641,70587675000,16528429214000,163647814
20220831,066575,LG전자우,KOSPI,,47300,1200,2.60,45900,47300,45550,38218,1774793000,812897421600,17185992
20220831,037560,LG헬로비전,KOSPI,,5140,70,1.38,5100,5170,5050,135975,695999030,398076886100,77446865
20220831,051910,LG화학,KOSPI,,632000,21000,3.44,603000,632000,603000,220189,137161612000,44614360776000,70592343
20220831,051915,LG화학우,KOSPI,,301000,11000,3.79,285500,301000,284500,20802,6162342500,2314328800000,7688800
20220831,079550,LIG넥스원,KOSPI,,106000,2500,2.42,103500,107000,100500,263481,27523620000,2332000000000,22000000
20220831,006260,LS,KOSPI,,67100,0,0.00,66800,67700,66500,138330,9285316800,2160620000000,32200000
20220831,010120,LS ELECTRIC,KOSPI,,55800,-1100,-1.93,56600,56600,55500,160633,8980347500,1674000000000,30000000
20220831,000680,LS네트웍스,KOSPI,,3020,5,0.17,2985,3020,2980,27939,84024390,237985108320,78803016
20220831,229640,LS전선아시아,KOSPI,,7660,40,0.52,7550,7690,7520,97193,739485120,234586573140,30624879
20220831,001120,LX인터내셔널,KOSPI,,43250,500,1.17,42500,43600,41100,492561,20982362950,1676370000000,38760000
20220831,108670,LX하우시스,KOSPI,,45050,600,1.35,44450,45650,43700,17309,774275000,403993533500,8967670
20220831,108675,LX하우시스우,KOSPI,,20950,250,1.21,20700,21000,20550,431,8949650,21627313500,1032330
20220831,383800,LX홀딩스,KOSPI,,8380,-50,-0.59,8430,8430,8380,197979,1662845010,639232182200,76280690
20220831,38380K,LX홀딩스1우,KOSPI,,11650,0,0.00,11550,11650,11500,1902,21997250,17070570250,1465285
20220831,023150,MH에탄올,KOSPI,,8700,150,1.75,8550,8800,8480,10422,88970710,64193176200,7378526
20220831,035420,NAVER,KOSPI,,240000,2000,0.84,234500,240500,232500,424718,100954572000,39371780400000,164049085
20220831,181710,NHN,KOSPI,,25350,-100,-0.39,25150,25650,25150,59708,1517471900,951079145250,37517915
20220831,400760,NH올원리츠,KOSPI,,4540,-10,-0.22,4565,4565,4515,14721,66667255,191588000000,42200000
20220831,005940,NH투자증권,KOSPI,,9950,10,0.10,9920,9970,9840,586036,5815979970,3300075913950,331665921
20220831,005945,NH투자증권우,KOSPI,,9950,40,0.40,9900,9960,9850,8777,87080930,187766131600,18870968
20220831,338100,NH프라임리츠,KOSPI,,4610,-35,-0.75,4645,4650,4585,29030,133580865,86022600000,18660000
20220831,034310,NICE,KOSPI,,13650,50,0.37,13550,13650,13400,25575,345485900,517093395000,37882300
20220831,008260,NI스틸,KOSPI,,4540,55,1.23,4480,4550,4435,74575,335390565,129844531180,28600117
20220831,004250,NPC,KOSPI,,9760,360,3.83,9400,10100,9390,4885743,48036871830,358387200000,36720000
20220831,004255,NPC우,KOSPI,,4915,125,2.61,4745,5100,4740,465519,2317765330,25951200000,5280000
20220831,010060,OCI,KOSPI,,117500,-4000,-3.29,120500,122500,116500,708868,83622338500,2802301092500,23849371
20220831,178920,PI첨단소재,KOSPI,,37300,950,2.61,35950,37600,35800,94142,3480245800,1095363810600,29366322
20220831,005490,POSCO홀딩스,KOSPI,,255000,1000,0.39,251500,258000,249000,468949,119411488500,22232642925000,87186835
20220831,010950,S-Oil,KOSPI,,101500,-3500,-3.33,102000,103500,98300,737575,74408083700,11427153388000,112582792
20220831,010955,S-Oil우,KOSPI,,64700,-2300,-3.43,65700,66300,63600,27165,1756304900,260218676900,4021927
20220831,034120,SBS,KOSPI,,38200,100,0.26,38100,38500,37650,15560,595265000,697248632400,18252582
20220831,005090,SGC에너지,KOSPI,,37450,0,0.00,37200,37800,36800,44496,1652748200,549653799800,14677004
20220831,001380,SG글로벌,KOSPI,,1440,55,3.97,1385,1455,1350,84429,119962340,64748365920,44964143
20220831,004060,SG세계물산,KOSPI,,592,8,1.37,584,593,581,278127,162918464,119835576320,202424960
20220831,001770,SHD,KOSPI,,32600,0,0.00,32600,32700,31750,10028,323527000,39605022800,1214878
20220831,002360,SH에너지화학,KOSPI,,1230,-20,-1.60,1235,1265,1195,5863389,7175539700,136694487900,111133730
20220831,009160,SIMPAC,KOSPI,,6420,10,0.16,6410,6450,6370,61423,393713300,420057492720,65429516
20220831,123700,SJM,KOSPI,,3405,35,1.04,3370,3440,3350,11242,38138280,53134677690,15604898
20220831,025530,SJM홀딩스,KOSPI,,3010,30,1.01,3025,3025,2995,7918,23864970,44951364080,14934008
20220831,034730,SK,KOSPI,,233000,5500,2.42,233500,235500,230000,263607,61463388500,17276793657000,74149329
20220831,011790,SKC,KOSPI,,121500,3000,2.53,117000,121500,116500,288226,34339555000,4600998207000,37868298
20220831,018670,SK가스,KOSPI,,116500,-2500,-2.10,118500,118500,115000,15645,1822130500,1075323426000,9230244
20220831,001740,SK네트웍스,KOSPI,,4540,40,0.89,4485,4550,4450,954549,4306138675,1126771917380,248187647
20220831,001745,SK네트웍스우,KOSPI,,56200,-1100,-1.92,57000,57000,56200,1579,89185800,6387017600,113648
20220831,006120,SK디스커버리,KOSPI,,36300,0,0.00,36050,36350,35600,9127,328275200,691074136500,19037855
20220831,006125,SK디스커버리우,KOSPI,,30750,50,0.16,30750,30750,30500,463,14213750,41772491250,1358455
20220831,210980,SK디앤디,KOSPI,,26800,-400,-1.47,27250,27250,26600,9928,265164000,594696395200,22190164
20220831,068400,SK렌터카,KOSPI,,8330,60,0.73,8230,8340,8200,16132,133456710,393891047200,47285840
20220831,395400,SK리츠,KOSPI,,5680,50,0.89,5640,5690,5530,276768,1553873090,1116427168720,196554079
20220831,302440,SK바이오사이언스,KOSPI,,113000,-500,-0.44,111000,113000,109000,421958,46675143000,8676597198000,76784046
20220831,326030,SK바이오팜,KOSPI,,71600,-300,-0.42,71300,71900,70400,178009,12679795900,5607228700000,78313250
20220831,402340,SK스퀘어,KOSPI,,40500,750,1.89,39400,40750,39150,554175,22266624250,5729436625500,141467571
20220831,361610,SK아이이테크놀로지,KOSPI,,83200,2700,3.35,79100,83200,79100,349574,28548101600,5931959654400,71297592
20220831,03473K,SK우,KOSPI,,199000,4500,2.31,198500,200000,198000,1075,214087000,112660865000,566135
20220831,096770,SK이노베이션,KOSPI,,190000,-6500,-3.31,194000,194500,186500,708282,134258732000,17568457160000,92465564
20220831,096775,SK이노베이션우,KOSPI,,119000,-1500,-1.24,120500,120500,116500,2780,327790000,148562694000,1248426
20220831,001510,SK증권,KOSPI,,755,0,0.00,757,757,742,685703,513511195,356805579105,472590171
20220831,001515,SK증권우,KOSPI,,3000,-5,-0.17,3000,3025,3000,2247,6751355,11737542000,3912514
20220831,285130,SK케미칼,KOSPI,,97800,600,0.62,96400,97900,95600,60140,5842132300,1723312284000,17620780
20220831,28513K,SK케미칼우,KOSPI,,50800,0,0.00,50500,50900,49850,4762,238692100,107463793200,2115429
20220831,017670,SK텔레콤,KOSPI,,52100,100,0.19,51700,52900,51600,4088039,213292250200,11401206802400,218833144
20220831,000660,SK하이닉스,KOSPI,,95200,2000,2.15,92600,95500,92100,2421669,228286190480,69305825148000,728002365
20220831,064960,SNT모티브,KOSPI,,48500,450,0.94,48050,48950,47850,63332,3074921400,709222096000,14623136
20220831,100840,SNT에너지,KOSPI,,23150,0,0.00,23200,24200,22950,315545,7393123050,173780359650,7506711
20220831,003570,SNT중공업,KOSPI,,11350,50,0.44,11100,11800,10700,794011,8969720150,377418110950,33252697
20220831,036530,SNT홀딩스,KOSPI,,15850,100,0.63,15750,16050,15650,19612,310920500,258416593100,16303886
20220831,005610,SPC삼립,KOSPI,,80800,800,1.00,80000,80800,79500,3372,270029800,697223927200,8629009
20220831,011810,STX,KOSPI,,3610,-30,-0.82,3605,3785,3545,70454,255409310,103323448940,28621454
20220831,077970,STX엔진,KOSPI,,17900,150,0.85,17700,19500,16850,1040251,19072211100,411859381600,23008904
20220831,071970,STX중공업,KOSPI,,5010,20,0.40,4950,5140,4930,190893,956758060,142113539760,28365976
20220831,002820,SUN&L,KOSPI,,4400,5,0.11,4375,4445,4220,13690,59414160,55475151600,12607989
20220831,084870,TBH글로벌,KOSPI,,1995,100,5.28,1895,2000,1895,42552,83284720,41609353905,20856819
20220831,002710,TCC스틸,KOSPI,,12650,100,0.80,12350,12750,12350,272646,3430722500,297275000000,23500000
20220831,069260,TKG휴켐스,KOSPI,,21300,-100,-0.47,21250,21450,21000,117145,2481515250,870713924400,40878588
20220831,002900,TYM,KOSPI,,2445,10,0.41,2425,2470,2390,2092189,5070679580,372504911415,152353747
20220831,024070,WISCOM,KOSPI,,3195,35,1.11,3160,3200,3145,8370,26515375,48967969410,15326438
20220831,037270,YG PLUS,KOSPI,,6310,10,0.16,6250,6350,6180,215942,1356797190,400239577100,63429410
20220831,000500,가온전선,KOSPI,,21950,50,0.23,21900,22100,21700,5126,112377800,91319616650,4160347
20220831,000860,강남제비스코,KOSPI,,22900,100,0.44,22750,23000,22750,2655,60562050,148850000000,6500000
20220831,035250,강원랜드,KOSPI,,26550,-150,-0.56,26450,26750,26400,411348,10936721500,5680120275000,213940500
20220831,011420,갤럭시아에스엠,KOSPI,,2210,205,10.22,2050,2380,2015,11390400,25489761175,60884713240,27549644
20220831,002100,경농,KOSPI,,11500,-50,-0.43,11500,11550,11350,31765,363672350,224509612500,19522575
20220831,009450,경동나비엔,KOSPI,,43350,2650,6.51,40900,43800,40400,502928,21513125150,631548463200,14568592
20220831,267290,경동도시가스,KOSPI,,24300,-550,-2.21,24800,24950,23750,62884,1517489650,143258365800,5895406
20220831,012320,경동인베스트,KOSPI,,35800,300,0.85,35700,36150,35000,13889,495183800,84667823400,2365023
20220831,000050,경방,KOSPI,,12550,0,0.00,12400,12650,12400,1694,21201850,344061638500,27415270
20220831,214390,경보제약,KOSPI,,6460,10,0.16,6410,6470,6380,13895,89218740,154438315600,23906860
20220831,012610,경인양행,KOSPI,,5610,40,0.72,5570,5610,5490,82003,455649450,233467807650,41616365
20220831,009140,경인전자,KOSPI,,27400,300,1.11,27100,27400,26800,906,24549250,43039837800,1570797
20220831,013580,계룡건설,KOSPI,,23150,150,0.65,23050,23150,22650,25496,583013500,206750497050,8930907
20220831,012200,계양전기,KOSPI,,3145,-5,-0.16,3165,3165,3115,37351,116855955,102527000000,32600000
20220831,012205,계양전기우,KOSPI,,5310,0,0.00,5600,5600,5310,753,4045750,7434000000,1400000
20220831,002140,고려산업,KOSPI,,6030,-20,-0.33,5960,6100,5890,935790,5605884960,150384732750,24939425
20220831,010130,고려아연,KOSPI,,672000,53000,8.56,637000,683000,629000,273478,180913510000,12680640000000,18870000
20220831,002240,고려제강,KOSPI,,20500,100,0.49,20400,20600,20200,22916,467438750,471500000000,23000000
20220831,009290,광동제약,KOSPI,,6660,-50,-0.75,6680,6720,6620,126711,844628110,349122867660,52420851
20220831,017040,광명전기,KOSPI,,2860,5,0.18,2855,2865,2825,452823,1287297280,123945578900,43337615
20220831,017900,광전자,KOSPI,,2415,-5,-0.21,2420,2430,2380,28792,69440300,139934187645,57943763
20220831,037710,광주신세계,KOSPI,,32800,250,0.77,32700,32850,32500,2433,79478050,262400000000,8000000
20220831,030610,교보증권,KOSPI,,6300,40,0.64,6290,6340,6190,31997,199516890,407315764800,64653296
20220831,339770,교촌에프앤비,KOSPI,,11500,200,1.77,11300,11500,11150,8795,99760400,287299210000,24982540
20220831,007690,국도화학,KOSPI,,51800,300,0.58,51500,51900,51000,11915,613766700,466749908800,9010616
20220831,005320,국동,KOSPI,,1585,5,0.32,1580,1590,1550,175014,275288200,87823876810,55409386
20220831,001140,국보,KOSPI,,1040,5,0.48,1045,1045,1025,328632,339785505,82556010160,79380779
20220831,002720,국제약품,KOSPI,,5260,80,1.54,5160,5260,5150,45748,238914180,106226483740,20195149
20220831,083420,그린케미칼,KOSPI,,8660,90,1.05,8570,8680,8470,44287,381636040,207840000000,24000000
20220831,014530,극동유화,KOSPI,,3910,15,0.39,3880,3920,3880,75870,295763790,136339432200,34869420
20220831,014280,금강공업,KOSPI,,7010,20,0.29,6990,7060,6880,36830,256471000,205598792570,29329357
20220831,014285,금강공업우,KOSPI,,13100,200,1.55,12900,13100,12900,559,7320950,7727362500,589875
20220831,008870,금비,KOSPI,,94400,10400,12.38,84200,105000,83000,336800,32680684700,94400000000,1000000
20220831,001570,금양,KOSPI,,12050,150,1.26,11800,13150,11050,5373907,65744707850,663735412850,55081777
20220831,002990,금호건설,KOSPI,,8300,-30,-0.36,8310,8340,8260,25709,213473550,306714838500,36953595
20220831,002995,금호건설우,KOSPI,,26550,-100,-0.38,26750,26750,26550,115,3054050,7759662300,292266
20220831,011780,금호석유,KOSPI,,130000,0,0.00,128500,131000,128000,73178,9505094500,3938459720000,30295844
20220831,011785,금호석유우,KOSPI,,92900,500,0.54,92400,93500,91800,4226,393094800,280881849400,3023486
20220831,214330,금호에이치티,KOSPI,,1100,10,0.92,1075,1100,1075,398898,435926400,218877857000,198979870
20220831,001210,금호전기,KOSPI,,1360,15,1.12,1350,1380,1325,125861,170552575,33110819760,24346191
20220831,073240,금호타이어,KOSPI,,3475,60,1.76,3400,3510,3380,223043,772479525,998229497325,287260287
20220831,092440,기신정기,KOSPI,,3740,50,1.36,3710,3760,3690,20712,77319170,109208000000,29200000
20220831,000270,기아,KOSPI,,80800,700,0.87,79400,80800,79300,1334049,107281720000,32753358437600,405363347
20220831,024110,기업은행,KOSPI,,9570,-40,-0.42,9600,9640,9530,857863,8217335580,7122956617590,744300587
20220831,013700,까뮤이앤씨,KOSPI,,2250,50,2.27,2190,2260,2145,228059,500184300,101592630000,45152280
20220831,004540,깨끗한나라,KOSPI,,3615,-15,-0.41,3645,3650,3575,74405,268533515,134625105195,37240693
20220831,004545,깨끗한나라우,KOSPI,,19100,350,1.87,19000,19200,18650,74,1395600,6993656000,366160
20220831,001260,남광토건,KOSPI,,11300,0,0.00,11300,11300,11050,40016,447449450,111067858200,9829014
20220831,008350,남선알미늄,KOSPI,,2245,-15,-0.66,2230,2260,2225,611394,1371206380,247352057050,110179090
20220831,008355,남선알미우,KOSPI,,22850,0,0.00,22850,22850,22500,966,21891850,7035286500,307890
20220831,004270,남성,KOSPI,,2215,-10,-0.45,2195,2255,2170,52362,115753995,80209934400,36212160
20220831,003920,남양유업,KOSPI,,386500,2500,0.65,378500,388500,378500,1128,434694500,278280000000,720000
20220831,003925,남양유업우,KOSPI,,213500,500,0.23,213000,213500,212500,98,20872500,35582337000,166662
20220831,025860,남해화학,KOSPI,,10750,-500,-4.44,11000,11100,10550,2011832,21672450650,534047562250,49678843
20220831,005720,넥센,KOSPI,,4045,5,0.12,4040,4050,4025,50335,203351625,216585386965,53543977
20220831,005725,넥센우,KOSPI,,2965,-15,-0.50,2965,2980,2930,4427,13111125,10675779000,3600600
20220831,002350,넥센타이어,KOSPI,,6660,20,0.30,6640,6700,6640,43854,292181210,650468060820,97667877
20220831,002355,넥센타이어1우B,KOSPI,,2900,-20,-0.68,2940,2945,2870,3535,10236445,18850000000,6500000
20220831,251270,넷마블,KOSPI,,63500,100,0.16,62900,64300,62100,145886,9257679100,5458047377000,85953502
20220831,090350,노루페인트,KOSPI,,9160,-60,-0.65,9180,9230,9120,29043,266193650,183200000000,20000000
20220831,090355,노루페인트우,KOSPI,,14900,-50,-0.33,15150,15150,14700,378,5608450,6900577400,463126
20220831,000320,노루홀딩스,KOSPI,,11750,-50,-0.42,11850,11850,11700,3436,40369050,156171024250,13291151
20220831,000325,노루홀딩스우,KOSPI,,20300,400,2.01,20000,20300,19850,1003,20022000,4944247700,243559
20220831,006280,녹십자,KOSPI,,164000,5500,3.47,157500,164000,157000,44703,7212185000,1916592232000,11686538
20220831,005250,녹십자홀딩스,KOSPI,,18800,300,1.62,18450,19000,18400,55446,1036822750,884130348000,47028210
20220831,005257,녹십자홀딩스2우,KOSPI,,49950,1800,3.74,48150,50000,48050,1063,52508650,42257200500,845990
20220831,004370,농심,KOSPI,,300000,-2500,-0.83,300000,305000,300000,15194,4592130500,1824792600000,6082642
20220831,072710,농심홀딩스,KOSPI,,67900,0,0.00,67500,67900,67400,1456,98748200,314905941000,4637790
20220831,058730,다스코,KOSPI,,6070,220,3.76,5900,6070,5810,1001999,5944001640,111581866050,18382515
20220831,030210,다올투자증권,KOSPI,,4595,-55,-1.18,4640,4650,4590,177367,817275550,277143252740,60314092
20220831,023590,다우기술,KOSPI,,18800,50,0.27,18650,18900,18550,15848,296908200,843492399600,44866617
20220831,145210,다이나믹디자인,KOSPI,,4500,70,1.58,4430,4565,4410,5972,26554980,23743386000,5276308
20220831,019680,대교,KOSPI,,3010,5,0.17,2995,3020,2970,9836,29447605,254955578500,84702850
20220831,019685,대교우B,KOSPI,,2130,-10,-0.47,2130,2170,2115,10690,22827280,41379488700,19426990
20220831,006370,대구백화점,KOSPI,,11000,-100,-0.90,11350,11350,10900,968,10701900,119037721000,10821611
20220831,008060,대덕,KOSPI,,6780,210,3.20,6590,6810,6560,113830,768305680,229775217000,33890150
20220831,00806K,대덕1우,KOSPI,,9040,40,0.44,9000,9100,8860,2005,17998020,10959707280,1212357
20220831,353200,대덕전자,KOSPI,,29650,1900,6.85,27450,29750,27350,1689343,49093444950,1465211826250,49416925
20220831,35320K,대덕전자1우,KOSPI,,12750,400,3.24,12250,12750,12250,9945,125176850,26717867250,2095519
20220831,000490,대동,KOSPI,,12050,-200,-1.63,12050,12200,11900,150217,1806691700,288384865700,23932354
20220831,008110,대동전자,KOSPI,,16800,-350,-2.04,16650,16900,16450,378175,6307451000,176239509600,10490447
20220831,005750,대림B&Co,KOSPI,,5330,20,0.38,5310,5360,5250,13159,69860430,88863039200,16672240
20220831,006570,대림통상,KOSPI,,3610,-110,-2.96,3720,3760,3560,17341,63307595,54962250000,15225000
20220831,001680,대상,KOSPI,,22600,-50,-0.22,22550,22750,22400,58215,1315424600,783045365000,34648025
20220831,001685,대상우,KOSPI,,16100,50,0.31,15950,16150,15950,1827,29351500,22060590300,1370223
20220831,084690,대상홀딩스,KOSPI,,8280,50,0.61,8310,8310,8130,17787,146049600,299839814640,36212538
20220831,084695,대상홀딩스우,KOSPI,,10150,100,1.00,10100,10150,9870,2476,24714720,9271842300,913482
20220831,128820,대성산업,KOSPI,,5210,-40,-0.76,5150,5290,5150,645425,3368605140,235676840380,45235478
20220831,117580,대성에너지,KOSPI,,14400,-50,-0.35,14250,14600,13800,1132636,16106753650,396000000000,27500000
20220831,016710,대성홀딩스,KOSPI,,88600,400,0.45,88400,88900,73100,375990,31054529500,1425526067400,16089459
20220831,003540,대신증권,KOSPI,,15400,0,0.00,15400,15550,15250,15629,240848650,781910360000,50773400
20220831,003547,대신증권2우B,KOSPI,,13850,0,0.00,13800,13850,13700,4631,63945900,138500000000,10000000
20220831,003545,대신증권우,KOSPI,,14150,0,0.00,14200,14250,14150,19859,281893800,367900000000,26000000
20220831,009190,대양금속,KOSPI,,3630,-20,-0.55,3590,3660,3585,131179,474562865,117447793320,32354764
20220831,014160,대영포장,KOSPI,,1705,0,0.00,1700,1710,1675,226421,384757035,184812706045,108394549
20220831,047040,대우건설,KOSPI,,5200,40,0.78,5120,5200,5100,1141153,5875346220,2161237717600,415622638
20220831,009320,대우부품,KOSPI,,2005,-5,-0.25,2000,2040,1995,86027,173350400,95530981875,47646375
20220831,042660,대우조선해양,KOSPI,,20150,-250,-1.23,20200,20500,19800,387283,7763967700,2161906980350,107290669
20220831,003090,대웅,KOSPI,,24250,50,0.21,24150,24500,23850,31672,767964850,1409943015000,58141980
20220831,069620,대웅제약,KOSPI,,175500,-1000,-0.57,175500,178000,174000,11428,2014000000,2033443912500,11586575
20220831,000430,대원강업,KOSPI,,3265,-10,-0.31,3220,3280,3220,31862,103913540,202430000000,62000000
20220831,006340,대원전선,KOSPI,,1555,15,0.97,1550,1555,1530,968656,1572036560,111904850370,71964534
20220831,006345,대원전선우,KOSPI,,2645,0,0.00,2610,2670,2610,4215,11347395,6933074000,2621200
20220831,003220,대원제약,KOSPI,,16400,100,0.61,16250,16500,16050,82681,1350703750,358222510400,21842836
20220831,024890,대원화성,KOSPI,,2905,10,0.35,2850,2930,2850,59185,172003440,119828786560,41249152
20220831,002880,대유에이텍,KOSPI,,871,-4,-0.46,863,875,861,245611,212961118,100248123014,115095434
20220831,000300,대유플러스,KOSPI,,1030,-15,-1.44,1050,1050,1020,368038,379660740,124628737220,120998774
20220831,012800,대창,KOSPI,,1475,10,0.68,1465,1480,1440,186818,272605965,134432236025,91140499
20220831,015230,대창단조,KOSPI,,5730,-70,-1.21,5840,5900,5690,322205,1865295270,163718877900,28572230
20220831,001070,대한방직,KOSPI,,50900,-100,-0.20,50700,51200,50700,2000,102065650,269770000000,5300000
20220831,006650,대한유화,KOSPI,,122000,1500,1.24,120000,123000,118500,14111,1704856000,793000000000,6500000
20220831,001440,대한전선,KOSPI,,1875,-115,-5.78,2015,2035,1850,49145674,94133868840,2333386891875,1244473009
20220831,084010,대한제강,KOSPI,,14600,0,0.00,14450,14800,14350,63497,925067350,359842316400,24646734
20220831,001790,대한제당,KOSPI,,3110,-5,-0.16,3115,3140,3100,361784,1126334680,278956363800,89696580
20220831,001795,대한제당우,KOSPI,,2930,-20,-0.68,2970,2970,2930,42365,124638530,18994486800,6482760
20220831,001130,대한제분,KOSPI,,146500,2500,1.74,144000,146500,142500,1948,282621500,247585000000,1690000
20220831,003490,대한항공,KOSPI,,26850,750,2.87,25950,26850,25850,1993237,52919909500,9886724747850,368220661
20220831,003495,대한항공우,KOSPI,,32800,400,1.23,32400,33300,32350,3539,115844100,36434043200,1110794
20220831,005880,대한해운,KOSPI,,2280,5,0.22,2250,2295,2215,1129022,2561062880,727724608800,319177460
20220831,003830,대한화섬,KOSPI,,116500,4000,3.56,113500,118000,111500,3534,407429500,154712000000,1328000
20220831,016090,대현,KOSPI,,2310,30,1.32,2280,2310,2245,85874,196149590,102292136100,44282310
20220831,069460,대호에이엘,KOSPI,,2060,35,1.73,2000,2080,2000,614675,1258377510,107127249140,52003519
20220831,192080,더블유게임즈,KOSPI,,43000,-150,-0.35,43100,43350,42400,81994,3511812900,790103586000,18374502
20220831,012510,더존비즈온,KOSPI,,36200,600,1.69,35550,36500,35300,178689,6455572200,1099856780800,30382784
20220831,004830,덕성,KOSPI,,5840,160,2.82,5620,6160,5620,412494,2457110130,91571200000,15680000
20220831,004835,덕성우,KOSPI,,6720,170,2.60,6470,6900,6410,11019,73875430,9354240000,1392000
20220831,024900,덕양산업,KOSPI,,2990,20,0.67,2980,2990,2950,53101,157216505,97369290200,32564980
20220831,145720,덴티움,KOSPI,,87600,4300,5.16,83300,89900,83300,375681,32753219300,969629508000,11068830
20220831,002150,도화엔지니어링,KOSPI,,9490,80,0.85,9420,9540,9250,676585,6367172250,320002800000,33720000
20220831,001230,동국제강,KOSPI,,13250,0,0.00,13200,13350,13100,225520,2986059100,1264483765250,95432737
20220831,023450,동남합성,KOSPI,,59800,0,0.00,59800,59800,59200,800,47733500,215878000000,3610000
20220831,004140,동방,KOSPI,,2820,10,0.36,2775,2870,2770,96978,272813865,135280380120,47971766
20220831,007590,동방아그로,KOSPI,,6960,30,0.43,6930,6960,6910,11010,76373210,94778335920,13617577
20220831,005960,동부건설,KOSPI,,10600,0,0.00,10550,10700,10400,28291,298660750,242469170000,22874450
20220831,005965,동부건설우,KOSPI,,27700,200,0.73,27700,27750,27500,757,20919350,6252776400,225732
20220831,026960,동서,KOSPI,,24450,250,1.03,24100,24800,24050,43702,1066344200,2437665000000,99700000
20220831,002210,동성제약,KOSPI,,7440,0,0.00,7440,7490,7390,15579,115836570,194191216800,26100970
20220831,102260,동성케미컬,KOSPI,,4670,-5,-0.11,4675,4680,4645,25137,117148590,232051029760,49689728
20220831,000640,동아쏘시오홀딩스,KOSPI,,108500,2500,2.36,106000,108500,105000,5934,640020000,688857060500,6348913
20220831,170900,동아에스티,KOSPI,,56400,100,0.18,56300,56800,55600,2779,155994200,476384574000,8446535
20220831,028100,동아지질,KOSPI,,17150,0,0.00,17150,17250,16850,23523,400525400,241002878900,14052646
20220831,282690,동아타이어,KOSPI,,12650,50,0.40,12600,12700,12500,4532,57167600,173722639750,13733015
20220831,001520,동양,KOSPI,,1130,15,1.35,1115,1130,1105,155725,174343865,269712991190,238684063
20220831,001527,동양2우B,KOSPI,,13050,200,1.56,12750,13150,12600,1020,12978800,4026825450,308569
20220831,084670,동양고속,KOSPI,,15700,-300,-1.88,16000,16200,15700,2899,45904450,45460433300,2895569
20220831,082640,동양생명,KOSPI,,5630,60,1.08,5580,5710,5550,60649,341312080,908448833550,161358585
20220831,001525,동양우,KOSPI,,6290,0,0.00,6290,6290,6230,850,5318060,3885527990,617731
20220831,008970,동양철관,KOSPI,,1145,5,0.44,1135,1160,1130,449028,512296010,136123657050,118885290
20220831,092780,동양피스톤,KOSPI,,4930,30,0.61,4900,4980,4845,26354,130110840,64920507800,13168460
20220831,049770,동원F&B,KOSPI,,155000,-500,-0.32,156500,157500,154500,1622,252420500,598164220000,3859124
20220831,018500,동원금속,KOSPI,,918,31,3.49,920,924,888,177092,160556270,42921028494,46754933
20220831,006040,동원산업,KOSPI,,226000,1000,0.44,225000,230000,223500,2085,471871500,831146866000,3677641
20220831,030720,동원수산,KOSPI,,9770,100,1.03,9670,9770,9560,54785,531045260,45467674850,4653805
20220831,014820,동원시스템즈,KOSPI,,54100,-400,-0.73,54300,54800,53500,9278,503261800,1568428356200,28991282
20220831,014825,동원시스템즈우,KOSPI,,33400,0,0.00,33400,33400,33300,142,4737200,8821307400,264111
20220831,163560,동일고무벨트,KOSPI,,7080,10,0.14,7070,7110,7010,16177,114217220,98412000000,13900000
20220831,004890,동일산업,KOSPI,,180000,0,0.00,181000,181000,179000,973,174435500,436538700000,2425215
20220831,002690,동일제강,KOSPI,,3205,15,0.47,3190,3240,3140,94542,300910230,65062653800,20300360
20220831,000020,동화약품,KOSPI,,10050,100,1.01,10000,10050,9840,57194,570646210,280711273500,27931470
20220831,000150,두산,KOSPI,,82800,500,0.61,82000,85700,81500,177383,14778781400,1368173538000,16523835
20220831,000157,두산2우B,KOSPI,,95700,1000,1.06,94600,96000,94200,700,66605400,85463736600,893038
20220831,241560,두산밥캣,KOSPI,,34700,-250,-0.72,34850,34850,34150,220565,7619208800,3478646060200,100249166
20220831,034020,두산에너빌리티,KOSPI,,20350,-1350,-6.22,20100,20550,20050,52609426,1059836314500,12989568471550,638308033
20220831,000155,두산우,KOSPI,,52500,0,0.00,52400,53600,51700,2783,146297700,209814255000,3996462
20220831,336260,두산퓨얼셀,KOSPI,,38300,350,0.92,37550,38300,37050,431000,16212019450,2508409705800,65493726
20220831,33626K,두산퓨얼셀1우,KOSPI,,12150,200,1.67,11800,12250,11500,70418,833603450,162375030000,13364200
20220831,33626L,두산퓨얼셀2우B,KOSPI,,15100,50,0.33,14900,15150,14750,8614,129260950,45093130000,2986300
20220831,016740,두올,KOSPI,,2890,65,2.30,2825,2890,2780,37241,106075055,95562705200,33066680
20220831,192650,드림텍,KOSPI,,9450,50,0.53,9400,9470,9320,82898,780384690,636745696650,67380497
20220831,024090,디씨엠,KOSPI,,18600,150,0.81,18200,18750,18200,24015,443504150,212040000000,11400000
20220831,003160,디아이,KOSPI,,6120,170,2.86,5950,6160,5880,37981,228421910,192760324200,31496785
20220831,092200,디아이씨,KOSPI,,4150,-100,-2.35,4190,4200,4120,49671,205967010,161387561350,38888569
20220831,377190,디앤디플랫폼리츠,KOSPI,,4645,40,0.87,4580,4655,4560,92143,425365240,299138000000,64400000
20220831,013570,디와이,KOSPI,,6990,150,2.19,6810,7050,6780,131840,914852760,183974234670,26319633
20220831,210540,디와이파워,KOSPI,,12550,0,0.00,12500,12600,12300,52534,654801550,138573435400,11041708
20220831,115390,락앤락,KOSPI,,7770,10,0.13,7750,7770,7720,9785,75773410,400546716780,51550414
20220831,032350,롯데관광개발,KOSPI,,12650,150,1.20,12350,13000,12350,1180037,15009304650,915008035150,72332651
20220831,089860,롯데렌탈,KOSPI,,35750,100,0.28,35500,35750,35350,31830,1130797200,1309667752250,36634063
20220831,330590,롯데리츠,KOSPI,,5130,60,1.18,5050,5130,5040,156637,796305110,1246430374920,242968884
20220831,000400,롯데손해보험,KOSPI,,1625,5,0.31,1620,1630,1610,35406,57362085,504296520000,310336320
20220831,023530,롯데쇼핑,KOSPI,,98800,-500,-0.50,98500,99300,97800,47724,4710692600,2794928994000,28288755
20220831,004000,롯데정밀화학,KOSPI,,70500,0,0.00,69700,71100,69600,67539,4753598000,1818900000000,25800000
20220831,286940,롯데정보통신,KOSPI,,26950,700,2.67,26200,27300,26100,24168,648496250,414931120450,15396331
20220831,280360,롯데제과,KOSPI,,125000,2000,1.63,124000,125000,122500,7598,943100000,1179321750000,9434574
20220831,004990,롯데지주,KOSPI,,41450,350,0.85,41100,41650,40700,317204,13118447950,4348487873650,104909237
20220831,00499K,롯데지주우,KOSPI,,51500,1000,1.98,51300,51700,50200,990,50268200,41488554500,805603
20220831,005300,롯데칠성,KOSPI,,154500,3000,1.98,150000,154500,150000,24999,3824830500,1433587578000,9278884
20220831,005305,롯데칠성우,KOSPI,,69100,300,0.44,68600,69400,68300,1080,74264600,53573921000,775310
20220831,011170,롯데케미칼,KOSPI,,175000,1000,0.57,173000,176000,171000,97825,17013453500,5998198325000,34275419
20220831,071840,롯데하이마트,KOSPI,,15750,-200,-1.25,15950,16050,15750,25115,398126150,371821464000,23607712
20220831,027740,마니커,KOSPI,,1470,35,2.44,1435,1490,1420,290381,426284720,93361505160,63511228
20220831,357430,마스턴프리미어리츠,KOSPI,,4860,-110,-2.21,4930,4930,4840,85998,417705675,129178800000,26580000
20220831,204320,만도,KOSPI,,54000,-300,-0.55,53600,54600,53200,129419,6985370200,2535684480000,46957120
20220831,001080,만호제강,KOSPI,,29550,-50,-0.17,29700,29850,29250,3591,106315250,122632500000,4150000
20220831,088980,맥쿼리인프라,KOSPI,,12800,50,0.39,12700,12800,12650,597715,7609613900,5182023001600,404845547
20220831,094800,맵스리얼티1,KOSPI,,4500,-10,-0.22,4520,4540,4355,12088,54404880,417754489500,92834331
20220831,138040,메리츠금융지주,KOSPI,,30800,700,2.33,29950,30850,29700,172053,5260511800,3968219455200,128838294
20220831,008560,메리츠증권,KOSPI,,4840,50,1.04,4770,4850,4730,1289308,6226048500,3096199202360,639710579
20220831,000060,메리츠화재,KOSPI,,38350,550,1.46,38050,38650,37200,179842,6853765500,4479356700000,116802000
20220831,090370,메타랩스,KOSPI,,728,-11,-1.49,760,775,723,977347,723422482,90653070144,124523448
20220831,017180,명문제약,KOSPI,,3085,0,0.00,3110,3110,3065,19109,58937050,104746405590,33953454
20220831,009900,명신산업,KOSPI,,21800,700,3.32,21050,21800,20900,423521,9141361600,1143848899400,52470133
20220831,012690,모나리자,KOSPI,,3585,-15,-0.42,3560,3605,3550,398328,1424810775,131107949175,36571255
20220831,005360,모나미,KOSPI,,3735,-20,-0.53,3800,3815,3715,172004,645567110,70581441645,18897307
20220831,204210,모두투어리츠,KOSPI,,4725,0,0.00,5190,5200,4685,86392,421492350,36981700875,7826815
20220831,009680,모토닉,KOSPI,,8500,-30,-0.35,8530,8530,8450,5213,44426120,280500000000,33000000
20220831,009580,무림P&P,KOSPI,,4735,95,2.05,4670,4800,4645,461276,2176433490,295314014140,62368324
20220831,009200,무림페이퍼,KOSPI,,2675,40,1.52,2640,2745,2610,591332,1579147490,111304904250,41609310
20220831,033920,무학,KOSPI,,6550,40,0.61,6510,6660,6480,21928,144355200,186675000000,28500000
20220831,008420,문배철강,KOSPI,,4035,30,0.75,4005,4110,3940,368744,1494121995,82731642675,20503505
20220831,025560,미래산업,KOSPI,,10200,100,0.99,10150,10250,10050,19986,202080650,45410471400,4452007
20220831,007120,미래아이앤지,KOSPI,,303,2,0.66,303,304,299,321064,96920276,42243630972,139417924
20220831,396690,미래에셋글로벌리츠,KOSPI,,4860,25,0.52,4865,4870,4805,12119,58577710,141231600000,29060000
20220831,357250,미래에셋맵스리츠,KOSPI,,4355,-15,-0.34,4410,4410,4320,13594,58963700,87535500000,20100000
20220831,085620,미래에셋생명,KOSPI,,3030,0,0.00,3035,3050,3015,11251,34026905,536359052670,177016189
20220831,006800,미래에셋증권,KOSPI,,6560,-40,-0.61,6590,6600,6510,811282,5324132080,4036475636480,615316408
20220831,00680K,미래에셋증권2우B,KOSPI,,3865,15,0.39,3865,3875,3840,38086,147028985,541100000000,140000000
20220831,006805,미래에셋증권우,KOSPI,,4730,95,2.05,4630,4730,4610,11777,55212740,66578297500,14075750
20220831,002840,미원상사,KOSPI,,176000,-500,-0.28,176500,176500,175500,1324,233283500,874720000000,4970000
20220831,268280,미원에스씨,KOSPI,,191500,-500,-0.26,192000,192000,191000,817,156801000,976650000000,5100000
20220831,107590,미원홀딩스,KOSPI,,130500,-500,-0.38,130500,131500,130000,817,106893000,302760000000,2320000
20220831,134380,미원화학,KOSPI,,67200,-100,-0.15,67300,67500,66600,677,45323500,147790809600,2199268
20220831,003650,미창석유,KOSPI,,76700,-100,-0.13,76800,78600,76300,562,43208400,133432842400,1739672
20220831,155900,바다로19호,KOSPI,,3345,-5,-0.15,3350,3350,3320,16826,56174195,50844013380,15200004
20220831,003610,방림,KOSPI,,4750,-100,-2.06,4850,4865,4715,205296,981988495,200991927500,42314090
20220831,001340,백광산업,KOSPI,,4440,50,1.14,4345,4450,4315,103508,452677980,199437727080,44918407
20220831,035150,백산,KOSPI,,10600,150,1.44,10350,10800,10300,378560,4012957600,257951000000,24335000
20220831,002410,범양건영,KOSPI,,4395,-30,-0.68,4355,4405,4345,188887,826125625,109136560890,24831982
20220831,096300,베트남개발1,KOSPI,,216,0,0.00,215,218,214,182130,39343638,29738925576,137680211
20220831,007210,벽산,KOSPI,,2615,-25,-0.95,2620,2630,2580,410237,1106092395,179284400000,68560000
20220831,002760,보락,KOSPI,,1665,5,0.30,1670,1680,1650,40131,66764110,99733500000,59900000
20220831,003850,보령,KOSPI,,10150,0,0.00,10100,10250,10100,49090,499292800,697203500000,68690000
20220831,000890,보해양조,KOSPI,,724,0,0.00,719,727,718,279070,201372991,100722973396,139120129
20220831,003000,부광약품,KOSPI,,9030,30,0.33,8950,9150,8940,178117,1616491660,641699332470,71063049
20220831,001270,부국증권,KOSPI,,22050,50,0.23,22000,22850,21700,537,11725700,228655986300,10369886
20220831,001275,부국증권우,KOSPI,,20000,-50,-0.25,20000,20050,20000,1045,20923150,60000000000,3000000
20220831,026940,부국철강,KOSPI,,3845,45,1.18,3805,3950,3755,73515,282479230,76900000000,20000000
20220831,011390,부산산업,KOSPI,,90000,1000,1.12,88100,90000,87500,2314,204958400,95040000000,1056000
20220831,005030,부산주공,KOSPI,,785,0,0.00,775,788,775,642071,502100721,53744791855,68464703
20220831,002070,비비안,KOSPI,,1730,5,0.29,1735,1770,1680,158828,272704780,51543602700,29793990
20220831,100220,비상교육,KOSPI,,6500,70,1.09,6500,6510,6310,48478,312596370,84478816500,12996741
20220831,030790,비케이탑스,KOSPI,,904,0,0.00,0,0,0,0,0,19208323080,21248145
20220831,005180,빙그레,KOSPI,,45750,950,2.12,44800,45750,44450,5383,243296250,450694275750,9851241
20220831,003960,사조대림,KOSPI,,27250,50,0.18,27200,27400,26850,8448,229383700,249731725750,9164467
20220831,008040,사조동아원,KOSPI,,1420,-30,-2.07,1425,1440,1420,1406852,2006719870,200425332000,141144600
20220831,007160,사조산업,KOSPI,,45400,400,0.89,45000,45400,44750,3171,143019900,227000000000,5000000
20220831,014710,사조씨푸드,KOSPI,,5560,-30,-0.54,5600,5670,5420,101248,562747450,95735099080,17218543
20220831,006090,사조오양,KOSPI,,9370,180,1.96,9190,9370,9090,11533,106004470,88291064430,9422739
20220831,001470,삼부토건,KOSPI,,1970,-5,-0.25,1965,1980,1955,886537,1744462665,369716548750,187673375
20220831,006400,삼성SDI,KOSPI,,598000,20000,3.46,570000,598000,570000,259414,153085811580,41121188940000,68764530
20220831,006405,삼성SDI우,KOSPI,,307000,10000,3.37,296000,307000,294000,3965,1202919500,496694072000,1617896
20220831,006660,삼성공조,KOSPI,,13150,50,0.38,13050,13450,12850,106271,1401007050,106861029100,8126314
20220831,028260,삼성물산,KOSPI,,120500,1000,0.84,118500,121000,117500,322118,38595069500,22519893260500,186887081
20220831,02826K,삼성물산우B,KOSPI,,106000,-500,-0.47,106500,107000,104500,1798,190602000,172507050000,1627425
20220831,207940,삼성바이오로직스,KOSPI,,835000,-1000,-0.12,828000,840000,825000,54257,45255120000,59430290000000,71174000
20220831,032830,삼성생명,KOSPI,,62000,600,0.98,60800,62300,60500,248581,15382987900,12400000000000,200000000
20220831,018260,삼성에스디에스,KOSPI,,128500,0,0.00,127000,129500,126500,173997,22344572500,9943047300000,77377800
20220831,028050,삼성엔지니어링,KOSPI,,23450,-450,-1.88,23750,23800,22650,2166550,50225188550,4596200000000,196000000
20220831,009150,삼성전기,KOSPI,,140000,5000,3.70,133500,141000,132500,684408,94842650000,10457117440000,74693696
20220831,009155,삼성전기우,KOSPI,,74300,1500,2.06,72600,75600,72300,14075,1047331600,215988911200,2906984
20220831,005930,삼성전자,KOSPI,,59700,900,1.53,58200,59900,58200,14203512,841319635900,356396018235000,5969782550
20220831,005935,삼성전자우,KOSPI,,54500,-200,-0.37,54000,55000,54000,1370875,74720275700,44847325150000,822886700
20220831,001360,삼성제약,KOSPI,,3645,15,0.41,3640,3645,3600,91561,332036905,244805777955,67162079
20220831,010140,삼성중공업,KOSPI,,5970,0,0.00,5950,5990,5770,5619740,33078062920,5253600000000,880000000
20220831,010145,삼성중공우,KOSPI,,221000,0,0.00,222500,222500,220500,107,23643500,25380745000,114845
20220831,016360,삼성증권,KOSPI,,33900,-100,-0.29,33750,34050,33500,226312,7664466800,3027270000000,89300000
20220831,068290,삼성출판사,KOSPI,,27550,500,1.85,26700,27600,26700,21643,590198750,275500000000,10000000
20220831,029780,삼성카드,KOSPI,,31350,-100,-0.32,31450,31550,31200,42118,1323570500,3632176232850,115858891
20220831,000810,삼성화재,KOSPI,,195000,1000,0.52,192500,195000,190500,91787,17819639000,9238093215000,47374837
20220831,000815,삼성화재우,KOSPI,,159500,500,0.31,159000,159500,158000,2441,386755000,509124000000,3192000
20220831,006110,삼아알미늄,KOSPI,,26700,-400,-1.48,26800,27050,26350,72791,1932524150,293700000000,11000000
20220831,145990,삼양사,KOSPI,,40650,100,0.25,40550,40850,40150,7283,294183300,419241701850,10313449
20220831,145995,삼양사우,KOSPI,,33150,-50,-0.15,33150,33200,33000,110,3651500,12267820500,370070
20220831,003230,삼양식품,KOSPI,,111500,1000,0.90,110500,113000,108500,45513,5060859500,839931172500,7533015
20220831,002170,삼양통상,KOSPI,,52600,-200,-0.38,52500,53500,52500,1343,71075300,157800000000,3000000
20220831,272550,삼양패키징,KOSPI,,19400,200,1.04,19200,19450,19000,1823,35284500,306300217400,15788671
20220831,000070,삼양홀딩스,KOSPI,,68700,200,0.29,68500,69400,67900,24187,1663285700,588365417700,8564271
20220831,000075,삼양홀딩스우,KOSPI,,59600,200,0.34,59900,59900,59200,7,415900,18121856800,304058
20220831,002810,삼영무역,KOSPI,,13200,-100,-0.75,13350,13350,13200,4114,54508850,243763713600,18466948
20220831,005680,삼영전자,KOSPI,,10950,150,1.39,10800,10950,10550,46449,497175000,219000000000,20000000
20220831,003720,삼영화학,KOSPI,,3075,35,1.15,3010,3075,2980,240559,730460620,104550000000,34000000
20220831,023000,삼원강재,KOSPI,,2770,-20,-0.72,2790,2815,2755,13785,38094505,110800000000,40000000
20220831,004380,삼익THK,KOSPI,,13500,200,1.50,13250,13550,13050,28388,377150750,283500000000,21000000
20220831,002450,삼익악기,KOSPI,,1425,0,0.00,1420,1435,1405,58331,82803275,129006553875,90530915
20220831,004440,삼일씨엔에스,KOSPI,,8860,30,0.34,8800,9140,8760,56981,513174500,112805050420,12731947
20220831,000520,삼일제약,KOSPI,,8000,230,2.96,7700,8130,7700,75307,602775360,109613160000,13701645
20220831,009770,삼정펄프,KOSPI,,30900,250,0.82,30650,31250,30300,7183,221449700,77249103900,2499971
20220831,005500,삼진제약,KOSPI,,24800,50,0.20,25150,25600,24650,90378,2252890400,344720000000,13900000
20220831,004690,삼천리,KOSPI,,208000,-500,-0.24,206500,211000,196500,65342,13444841500,843445200000,4055025
20220831,010960,삼호개발,KOSPI,,4130,20,0.49,4105,4170,4090,9488,39269595,103250000000,25000000
20220831,004450,삼화왕관,KOSPI,,46250,1250,2.78,45000,49400,44800,219358,10364588350,99640028750,2154379
20220831,009470,삼화전기,KOSPI,,22150,-550,-2.42,22700,22700,22000,26243,582850150,146496113000,6613820
20220831,011230,삼화전자,KOSPI,,3210,-15,-0.47,3225,3235,3195,12343,39668245,33569987400,10457940
20220831,001820,삼화콘덴서,KOSPI,,41950,750,1.82,40900,42000,40800,21812,907412200,436070250000,10395000
20220831,000390,삼화페인트,KOSPI,,7740,30,0.39,7650,7780,7630,15947,123033060,210554850060,27203469
20220831,001290,상상인증권,KOSPI,,998,8,0.81,991,998,982,40360,39879779,108120445760,108337120
20220831,041650,상신브레이크,KOSPI,,3260,20,0.62,3240,3260,3225,14803,48122965,69996927000,21471450
20220831,075180,새론오토모티브,KOSPI,,4965,10,0.20,4955,4965,4915,858,4251450,95328000000,19200000
20220831,007540,샘표,KOSPI,,50600,200,0.40,50100,50700,49800,12743,640520300,145515480000,2875800
20220831,248170,샘표식품,KOSPI,,37050,300,0.82,36750,37050,36450,4525,166308950,169254996300,4568286
20220831,007860,서연,KOSPI,,6770,0,0.00,6700,6830,6700,72147,488597110,158958543880,23479844
20220831,200880,서연이화,KOSPI,,8630,40,0.47,8570,8770,8480,312203,2699002950,233255411310,27028437
20220831,017390,서울가스,KOSPI,,257000,-500,-0.19,257500,260500,250000,33237,8574066500,1285000000000,5000000
20220831,004410,서울식품,KOSPI,,252,0,0.00,251,254,249,1859043,467986994,94438400868,374755559
20220831,004415,서울식품우,KOSPI,,3165,10,0.32,3180,3180,3125,4431,13959650,7040542500,2224500
20220831,021050,서원,KOSPI,,1440,-5,-0.35,1435,1460,1435,77642,112501395,68363409600,47474590
20220831,008490,서흥,KOSPI,,34900,50,0.14,34650,34900,34350,7857,271931800,403762043700,11569113
20220831,007610,선도전기,KOSPI,,3000,0,0.00,0,0,0,0,0,54000000000,18000000
20220831,136490,선진,KOSPI,,10150,-200,-1.93,10300,10350,10050,216968,2202313800,241362980600,23779604
20220831,014910,성문전자,KOSPI,,1845,-5,-0.27,1860,1895,1840,74561,138520205,35953251165,19486857
20220831,014915,성문전자우,KOSPI,,8320,-30,-0.36,8350,8500,8320,39,325290,4992000000,600000
20220831,003080,성보화학,KOSPI,,3555,-10,-0.28,3535,3605,3515,45959,163220475,71171100000,20020000
20220831,004980,성신양회,KOSPI,,10500,50,0.48,10450,10550,10250,58876,609761800,257418766500,24516073
20220831,004985,성신양회우,KOSPI,,14450,0,0.00,14450,14500,14100,6179,88418800,10630070250,735645
20220831,011300,성안,KOSPI,,997,-38,-3.67,1085,1095,986,1850713,1869957622,56687286420,56857860
20220831,000180,성창기업지주,KOSPI,,2225,20,0.91,2200,2230,2180,71127,157224145,155197310000,69751600
20220831,002420,세기상사,KOSPI,,8630,-30,-0.35,8650,8810,8510,8639,74289470,45679867240,5293148
20220831,004360,세방,KOSPI,,13800,400,2.99,13300,13850,13250,169725,2313085450,266459922000,19308690
20220831,004365,세방우,KOSPI,,7410,160,2.21,7210,7450,7210,4552,33540840,27337342500,3689250
20220831,004490,세방전지,KOSPI,,52100,1000,1.96,51100,52700,50700,25747,1341203400,729400000000,14000000
20220831,001430,세아베스틸지주,KOSPI,,18650,-800,-4.11,19650,19800,18450,523351,9894653750,668828519350,35862119
20220831,306200,세아제강,KOSPI,,191500,-2500,-1.29,192000,200000,187000,31954,6158551500,543151450000,2836300
20220831,003030,세아제강지주,KOSPI,,183000,-7500,-3.94,188500,193500,181000,46864,8612639000,757923231000,4141657
20220831,019440,세아특수강,KOSPI,,21150,0,0.00,20700,21800,20400,974532,20604107300,181255500000,8570000
20220831,058650,세아홀딩스,KOSPI,,115000,-4500,-3.77,120000,120500,114000,5008,579721500,460000000000,4000000
20220831,013000,세우글로벌,KOSPI,,1625,-10,-0.61,1635,1635,1600,183545,295310305,46645675375,28705031
20220831,091090,세원이앤씨,KOSPI,,882,33,3.89,844,920,835,29885373,26451010209,155772748026,176613093
20220831,021820,세원정공,KOSPI,,8090,0,0.00,0,0,0,0,0,80900000000,10000000
20220831,067830,세이브존I&C,KOSPI,,2785,5,0.18,2770,2800,2740,69910,193655400,114298892575,41040895
20220831,033530,세종공업,KOSPI,,6160,170,2.84,5960,6200,5890,142048,867733960,171377119760,27820961
20220831,075580,세진중공업,KOSPI,,7990,-190,-2.32,8100,8170,7780,688551,5454686800,454227153440,56849456
20220831,027970,세하,KOSPI,,1375,15,1.10,1360,1375,1350,35080,47729325,79149120875,57562997
20220831,308170,센트랄모텍,KOSPI,,17500,0,0.00,17350,17800,17000,48844,856713000,150675000000,8610000
20220831,012600,센트럴인사이트,KOSPI,,2490,0,0.00,0,0,0,0,0,45159499050,18136345
20220831,068270,셀트리온,KOSPI,,189500,1000,0.53,185500,191000,185500,300400,56824805500,26680058607000,140791866
20220831,336370,솔루스첨단소재,KOSPI,,41800,450,1.09,41050,42050,40300,128504,5284986850,1467647951000,35111195
20220831,33637K,솔루스첨단소재1우,KOSPI,,10350,50,0.49,10300,10350,10100,10507,107909850,87511516650,8455219
20220831,33637L,솔루스첨단소재2우B,KOSPI,,13850,350,2.59,14200,14200,13300,2083,28232600,26167497500,1889350
20220831,248070,솔루엠,KOSPI,,20700,200,0.98,20350,20700,20150,64836,1330589800,1035114905700,50005551
20220831,004430,송원산업,KOSPI,,19000,150,0.80,18700,19050,18500,269347,5051773150,456000000000,24000000
20220831,126720,수산인더스트리,KOSPI,,33000,350,1.07,32650,33400,32500,147752,4880742150,471438000000,14286000
20220831,017550,수산중공업,KOSPI,,3095,10,0.32,3100,3180,3040,858778,2661412600,167084079485,53985163
20220831,053210,스카이라이프,KOSPI,,8560,210,2.51,8350,8680,8300,111621,957379430,409356028960,47821966
20220831,026890,스틱인베스트먼트,KOSPI,,7510,20,0.27,7400,7530,7360,127004,948532300,313003094250,41678175
20220831,134790,시디즈,KOSPI,,60300,-600,-0.99,61500,63600,60000,86668,5328533500,120600000000,2000000
20220831,016590,신대양제지,KOSPI,,85300,300,0.35,84900,86000,84100,1235,104959800,343740404600,4029782
20220831,029530,신도리코,KOSPI,,32650,0,0.00,32800,32800,32300,8511,276468400,329112946850,10080029
20220831,004970,신라교역,KOSPI,,11450,-100,-0.87,11350,11550,11350,9248,105828050,183200000000,16000000
20220831,011930,신성이엔지,KOSPI,,2440,-50,-2.01,2515,2530,2420,5128812,12621292520,502269488440,205848151
20220831,005390,신성통상,KOSPI,,2905,-75,-2.52,3075,3100,2880,1939285,5779172145,417472872950,143708390
20220831,004170,신세계,KOSPI,,223500,3000,1.36,220500,224500,219500,47803,10646294500,2200397953500,9845181
20220831,035510,신세계 I&C,KOSPI,,15950,1000,6.69,14950,16100,14900,156587,2469589950,274340000000,17200000
20220831,034300,신세계건설,KOSPI,,25600,0,0.00,25600,25700,25200,2215,56388650,102400000000,4000000
20220831,031430,신세계인터내셔날,KOSPI,,28000,0,0.00,27850,28200,27500,78795,2207604600,999600000000,35700000
20220831,031440,신세계푸드,KOSPI,,58300,300,0.52,58000,58500,57900,1690,98284400,225765584000,3872480
20220831,006880,신송홀딩스,KOSPI,,9940,-210,-2.07,10000,10150,9850,241855,2406565790,117578848520,11828858
20220831,005800,신영와코루,KOSPI,,12050,50,0.42,11900,12150,11900,3000,35964700,108450000000,9000000
20220831,001720,신영증권,KOSPI,,56900,900,1.61,56400,56900,55300,8181,463073200,534076885300,9386237
20220831,001725,신영증권우,KOSPI,,56600,100,0.18,57000,57000,56400,304,17210900,399242985800,7053763
20220831,009270,신원,KOSPI,,1680,5,0.30,1655,1685,1655,234900,392741855,160555605840,95568813
20220831,002700,신일전자,KOSPI,,1955,35,1.82,1920,1960,1910,1183230,2295326860,138897903555,71047521
20220831,019170,신풍제약,KOSPI,,27950,-250,-0.89,28100,28850,27900,253212,7175646750,1480930470500,52984990
20220831,019175,신풍제약우,KOSPI,,42900,200,0.47,43100,43250,42900,2394,103060700,94380000000,2200000
20220831,002870,신풍제지,KOSPI,,1635,-5,-0.30,1640,1665,1635,170003,280222685,57157474500,34958700
20220831,404990,신한서부티엔디리츠,KOSPI,,4765,-30,-0.63,4840,4845,4720,8068,38319945,266629787260,55955884
20220831,293940,신한알파리츠,KOSPI,,8030,90,1.13,7940,8040,7860,87225,691667100,592855887690,73830123
20220831,055550,신한지주,KOSPI,,36600,750,2.09,35400,36600,35200,1964776,71390775850,18773389194600,512934131
20220831,004080,신흥,KOSPI,,15900,-100,-0.63,16000,16000,15850,3477,55421350,151050000000,9500000
20220831,102280,쌍방울,KOSPI,,493,-2,-0.40,495,495,490,1460908,719212425,129457919597,262592129
20220831,003410,쌍용C&E,KOSPI,,6830,10,0.15,6800,6860,6780,196682,1341780410,3441361033850,503859595
20220831,003620,쌍용차,KOSPI,,2770,0,0.00,0,0,0,0,0,415056805540,149840002
20220831,004770,써니전자,KOSPI,,2715,35,1.31,2685,2720,2665,159678,430208265,94604204865,34845011
20220831,015540,쎌마테라퓨틱스,KOSPI,,6410,0,0.00,0,0,0,0,0,157390672070,24553927
20220831,403550,쏘카,KOSPI,,25900,-150,-0.58,26000,26600,25600,383780,9967901600,847594386800,32725652
20220831,004920,씨아이테크,KOSPI,,1115,45,4.21,1060,1130,1040,1128195,1234264040,48625220245,43610063
20220831,112610,씨에스윈드,KOSPI,,68700,-200,-0.29,69300,70300,66900,341566,23384766100,2897175386100,42171403
20220831,008700,아남전자,KOSPI,,2425,65,2.75,2345,2445,2335,699093,1671526585,187027688500,77124820
20220831,002790,아모레G,KOSPI,,34900,400,1.16,34100,35250,34000,163563,5690452050,2877790482000,82458180
20220831,00279K,아모레G3우(전환),KOSPI,,28500,300,1.06,28350,28550,28000,591,16770550,202127700000,7092200
20220831,002795,아모레G우,KOSPI,,13950,100,0.72,13700,13950,13700,3863,53462000,89890591500,6443770
20220831,090430,아모레퍼시픽,KOSPI,,123000,-500,-0.40,122500,123500,121000,207336,25361127500,7194609357000,58492759
20220831,090435,아모레퍼시픽우,KOSPI,,47550,-1450,-2.96,48700,48700,47250,20181,961562750,502024816500,10557830
20220831,002030,아세아,KOSPI,,121000,-1000,-0.82,122000,122500,120500,1722,208967500,265113904000,2191024
20220831,183190,아세아시멘트,KOSPI,,12650,200,1.61,12350,12900,12150,75964,946993350,492819838500,38958090
20220831,002310,아세아제지,KOSPI,,37450,50,0.13,37000,37600,36750,12872,478296450,335420999900,8956502
20220831,012170,아센디오,KOSPI,,1160,0,0.00,1150,1175,1130,79724,91362880,93390667360,80509196
20220831,267850,아시아나IDT,KOSPI,,14150,250,1.80,13900,14200,13800,9854,138682400,157065000000,11100000
20220831,020560,아시아나항공,KOSPI,,15250,500,3.39,14750,15300,14600,312511,4711831300,1134779401000,74411764
20220831,122900,아이마켓코리아,KOSPI,,10400,100,0.97,10250,10450,10250,19685,203795350,347659936000,33428840
20220831,010780,아이에스동서,KOSPI,,36950,0,0.00,36550,36950,36400,95595,3502770350,1141481791700,30892606
20220831,139990,아주스틸,KOSPI,,10800,50,0.47,10600,10900,10600,23299,250720150,285683641200,26452189
20220831,001780,알루코,KOSPI,,3095,15,0.49,3055,3100,3030,194876,599236250,278455392040,89969432
20220831,018250,애경산업,KOSPI,,14050,250,1.81,13700,14200,13600,17343,241112200,371059586750,26409935
20220831,161000,애경케미칼,KOSPI,,10200,0,0.00,10200,10400,10000,228422,2333315700,496216831800,48648709
20220831,011090,에넥스,KOSPI,,1320,0,0.00,1300,1340,1295,203730,267202730,79188966120,59991641
20220831,137310,에스디바이오센서,KOSPI,,35150,800,2.33,34050,35350,33800,396563,13815136300,3629988057950,103271353
20220831,005850,에스엘,KOSPI,,38450,1200,3.22,37200,38600,37150,461341,17505245800,1785945594000,46448520
20220831,010580,에스엠벡셀,KOSPI,,1530,0,0.00,0,0,0,0,0,170215192800,111251760
20220831,012750,에스원,KOSPI,,58200,800,1.39,57000,58600,57000,112192,6512700900,2211552159600,37999178
20220831,023960,에쓰씨엔지니어링,KOSPI,,2045,20,0.99,2025,2050,2010,83958,170621780,63904930975,31249355
20220831,298690,에어부산,KOSPI,,3435,-140,-3.92,3575,3575,3360,402567,1391997345,222038400000,64640000
20220831,140910,에이리츠,KOSPI,,5360,-30,-0.56,5380,5380,5300,2437,13029400,23921851520,4463032
20220831,078520,에이블씨엔씨,KOSPI,,5660,130,2.35,5590,5800,5480,48149,272568920,153009377940,27033459
20220831,015260,에이엔피,KOSPI,,2230,-10,-0.45,2200,2245,2190,31225,68952480,64776636370,29047819
20220831,007460,에이프로젠,KOSPI,,1435,35,2.50,1400,1435,1385,1319913,1872917300,1091999938645,760975567
20220831,003060,에이프로젠제약,KOSPI,,606,-1,-0.16,607,617,599,223146,135737943,241536984492,398575882
20220831,244920,에이플러스에셋,KOSPI,,6180,80,1.31,6080,6200,6030,39731,243920550,139715542740,22607693
20220831,036570,엔씨소프트,KOSPI,,378500,6500,1.75,368000,379500,366000,77287,28996108500,8309597327000,21954022
20220831,380440,엔에이치스팩19호,KOSPI,,2070,0,0.00,2065,2070,2060,36409,75157040,106170300000,51290000
20220831,085310,엔케이,KOSPI,,1055,5,0.48,1070,1070,1030,161399,169048215,84382436360,79983352
20220831,900140,엘브이엠씨홀딩스,KOSPI,,3020,75,2.55,2985,3025,2930,216464,647444300,300354996940,99455297
20220831,097520,엠씨넥스,KOSPI,,37050,300,0.82,36600,37300,36150,79535,2938748750,666074970600,17977732
20220831,014440,영보화학,KOSPI,,4160,35,0.85,4125,4190,4080,37182,153573525,83200000000,20000000
20220831,111770,영원무역,KOSPI,,44600,750,1.71,44150,44900,43600,71382,3180761650,1976291472800,44311468
20220831,009970,영원무역홀딩스,KOSPI,,52900,1300,2.52,51600,53100,51500,17507,921180900,721322816800,13635592
20220831,003520,영진약품,KOSPI,,3365,30,0.90,3320,3385,3310,134674,452552125,615434039815,182892731
20220831,000670,영풍,KOSPI,,697000,67000,10.63,650000,718000,650000,14576,10141220000,1283901880000,1842040
20220831,006740,영풍제지,KOSPI,,7700,80,1.05,7650,7780,7520,223870,1722243460,170940000000,22200000
20220831,012280,영화금속,KOSPI,,1175,30,2.62,1120,1185,1120,273416,316093390,62738543375,53394505
20220831,012160,영흥,KOSPI,,814,-14,-1.69,828,828,813,168797,137734908,82466642808,101310372
20220831,015360,예스코홀딩스,KOSPI,,34600,-100,-0.29,34750,34800,34400,614,21236900,207600000000,6000000
20220831,007310,오뚜기,KOSPI,,479000,-3500,-0.73,482500,485000,477000,2872,1380826500,1758878899000,3671981
20220831,002630,오리엔트바이오,KOSPI,,759,-1,-0.13,759,762,752,83026,62833849,90004500795,118583005
20220831,271560,오리온,KOSPI,,98400,-600,-0.61,99200,99500,97400,127824,12596698100,3890355388800,39536132
20220831,001800,오리온홀딩스,KOSPI,,14600,-250,-1.68,14850,14900,14600,107428,1574802700,914623161200,62645422
20220831,011690,와이투솔루션,KOSPI,,725,-1,-0.14,726,733,711,409019,295227193,115445836825,159235637
20220831,070960,용평리조트,KOSPI,,3890,45,1.17,3845,3890,3795,22332,86259835,187238665370,48133333
20220831,316140,우리금융지주,KOSPI,,12200,150,1.24,12000,12200,11950,5496204,66839805250,8882338697800,728060549
20220831,010050,우리종금,KOSPI,,884,0,0.00,882,887,878,801253,707337910,772795810904,874203406
20220831,006980,우성,KOSPI,,25100,-400,-1.57,25100,25300,25000,11316,284175250,77559000000,3090000
20220831,017370,우신시스템,KOSPI,,2370,25,1.07,2345,2380,2325,28423,66676670,43404307980,18314054
20220831,105840,우진,KOSPI,,13200,200,1.54,12950,13300,12950,512956,6747366100,268271704800,20323614
20220831,010400,우진아이엔에스,KOSPI,,6390,10,0.16,6380,6440,6250,11736,74372530,48704580000,7622000
20220831,049800,우진플라임,KOSPI,,4480,-25,-0.55,4505,4515,4430,55018,245508170,89600000000,20000000
20220831,016880,웅진,KOSPI,,1425,10,0.71,1395,1430,1390,167786,237030765,113896089000,79927080
20220831,095720,웅진씽크빅,KOSPI,,2580,0,0.00,2530,2600,2530,55572,142821955,298005441300,115505985
20220831,005820,원림,KOSPI,,24300,-350,-1.42,25200,25200,23700,22066,539924150,55840671000,2297970
20220831,010600,웰바이오텍,KOSPI,,1600,-20,-1.23,1610,1610,1580,423206,674874280,106291366400,66432104
20220831,008600,윌비스,KOSPI,,921,-3,-0.32,924,924,912,123656,113572856,61924391919,67236039
20220831,033270,유나이티드제약,KOSPI,,24650,550,2.28,24100,24850,23850,39097,960100500,400434862300,16244822
20220831,014830,유니드,KOSPI,,104000,-3500,-3.26,107000,107500,101000,94340,9747952000,924543672000,8889843
20220831,000910,유니온,KOSPI,,6050,10,0.17,6040,6150,5950,141185,850630270,94450294950,15611619
20220831,047400,유니온머티리얼,KOSPI,,3175,25,0.79,3140,3295,3140,2658424,8546675195,133350000000,42000000
20220831,011330,유니켐,KOSPI,,1190,5,0.42,1185,1190,1170,65956,78058145,86776443390,72921381
20220831,077500,유니퀘스트,KOSPI,,8920,80,0.90,8830,8930,8670,31452,277325890,243952857000,27348975
20220831,002920,유성기업,KOSPI,,2875,10,0.35,2865,2880,2845,11081,31728100,74599062500,25947500
20220831,000700,유수홀딩스,KOSPI,,6530,0,0.00,6530,6590,6460,18304,119045820,170053032360,26041812
20220831,003470,유안타증권,KOSPI,,2860,25,0.88,2835,2860,2800,101988,288226095,570846207360,199596576
20220831,003475,유안타증권우,KOSPI,,2970,-20,-0.67,2990,2990,2920,5814,17312710,38349269640,12912212
20220831,072130,유엔젤,KOSPI,,3500,160,4.79,3340,3555,3310,501690,1742660875,46184089000,13195454
20220831,000220,유유제약,KOSPI,,6230,-30,-0.48,6200,6300,6190,32244,201211340,107357546730,17232351
20220831,000225,유유제약1우,KOSPI,,8860,10,0.11,8850,8920,8760,1659,14711800,20084999800,2266930
20220831,000227,유유제약2우B,KOSPI,,16600,-400,-2.35,16950,16950,16400,189,3128350,5404296000,325560
20220831,001200,유진투자증권,KOSPI,,2860,-5,-0.17,2855,2860,2825,75373,214445185,277037955480,96866418
20220831,000100,유한양행,KOSPI,,56800,200,0.35,56200,57300,55900,204678,11627693200,4159547836800,73231476
20220831,000105,유한양행우,KOSPI,,55800,100,0.18,55700,55900,55600,336,18733200,65896452000,1180940
20220831,003460,유화증권,KOSPI,,2440,0,0.00,2440,2480,2430,5709,13943965,138353892600,56702415
20220831,003465,유화증권우,KOSPI,,2515,15,0.60,2510,2515,2490,1485,3716365,43953208875,17476425
20220831,008730,율촌화학,KOSPI,,31450,350,1.13,31100,31800,30550,120253,3731442550,779960000000,24800000
20220831,008250,이건산업,KOSPI,,9150,240,2.69,9000,9190,8880,61502,557741180,100216610250,10952635
20220831,025820,이구산업,KOSPI,,3195,25,0.79,3135,3210,3080,220082,688936435,106847190000,33442000
20220831,214320,이노션,KOSPI,,42450,0,0.00,42500,42950,42250,9547,407278750,849000000000,20000000
20220831,088260,이리츠코크렙,KOSPI,,5740,-10,-0.17,5800,5800,5710,4463,25566520,363580726600,63341590
20220831,139480,이마트,KOSPI,,97800,500,0.51,97000,97800,96300,175951,17129275900,2726255098200,27875819
20220831,007660,이수페타시스,KOSPI,,6690,190,2.92,6360,6720,6320,1256371,8343066330,423118543110,63246419
20220831,005950,이수화학,KOSPI,,25550,2700,11.82,22900,25550,22800,3185042,77507019600,714366349200,27959544
20220831,015020,이스타코,KOSPI,,1210,-5,-0.41,1195,1220,1195,216042,260705320,51850436000,42851600
20220831,093230,이아이디,KOSPI,,1375,-10,-0.72,1385,1400,1355,319315,438623185,130352590500,94801884
20220831,074610,이엔플러스,KOSPI,,3310,125,3.92,3230,3325,3180,1581334,5166964020,191122610700,57740970
20220831,102460,이연제약,KOSPI,,23800,0,0.00,23600,23950,23450,33137,787059050,428366132600,17998577
20220831,084680,이월드,KOSPI,,1920,-5,-0.26,1895,1925,1895,95660,182680025,272267890560,141806193
20220831,350520,이지스레지던스리츠,KOSPI,,4700,5,0.11,4695,4700,4660,18186,84965955,133285499900,28358617
20220831,334890,이지스밸류리츠,KOSPI,,4915,-15,-0.30,4950,4950,4875,23800,116257710,180603321525,36745335
20220831,000760,이화산업,KOSPI,,15950,-50,-0.31,16150,16150,15700,1638,26113850,44660000000,2800000
20220831,014990,인디에프,KOSPI,,706,-4,-0.56,720,720,703,35647,25177486,49923374470,70712995
20220831,101140,인바이오젠,KOSPI,,2005,-15,-0.74,2000,2020,1965,152104,303694505,107060624100,53396820
20220831,006490,인스코비,KOSPI,,2010,0,0.00,1985,2035,1985,283829,570487845,220877567370,109889337
20220831,023800,인지컨트롤스,KOSPI,,7850,-30,-0.38,7870,7870,7650,19348,150613670,120365722050,15333213
20220831,034590,인천도시가스,KOSPI,,28100,-50,-0.18,28100,28500,27400,12918,360144650,122930587400,4374754
20220831,129260,인터지스,KOSPI,,3050,30,0.99,3020,3055,2975,66278,199902315,90731015700,29747874
20220831,023810,인팩,KOSPI,,7820,0,0.00,7830,7850,7610,19052,147060020,78200000000,10000000
20220831,249420,일동제약,KOSPI,,37000,-250,-0.67,37250,37750,36850,387843,14437122650,991721545000,26803285
20220831,000230,일동홀딩스,KOSPI,,30250,-250,-0.82,30550,31050,29900,364038,11077819400,349097100000,11540400
20220831,013360,일성건설,KOSPI,,3295,0,0.00,3250,3315,3250,200411,657899965,178011979600,54024880
20220831,003120,일성신약,KOSPI,,79500,-500,-0.63,80000,80000,79400,373,29706700,211470000000,2660000
20220831,003200,일신방직,KOSPI,,109500,3500,3.30,105500,111000,105000,8415,910275000,262800000000,2400000
20220831,007110,일신석재,KOSPI,,1485,15,1.02,1455,1485,1445,125755,183622175,115023065850,77456610
20220831,007570,일양약품,KOSPI,,21800,-100,-0.46,21850,22050,21500,25518,557250650,416067475200,19085664
20220831,007575,일양약품우,KOSPI,,24900,200,0.81,24900,24900,24600,204,5026200,11082492000,445080
20220831,008500,일정실업,KOSPI,,20850,600,2.96,20250,22300,20250,1137,23995500,25020000000,1200000
20220831,081000,일진다이아,KOSPI,,22300,50,0.22,22200,22450,21850,18643,413196400,316726342500,14202975
20220831,020760,일진디스플,KOSPI,,1775,35,2.01,1740,1800,1730,273618,484989190,91436890275,51513741
20220831,020150,일진머티리얼즈,KOSPI,,74200,900,1.23,72500,74300,72100,288657,21167985100,3421423957000,46110835
20220831,103590,일진전기,KOSPI,,5700,-40,-0.70,5730,5740,5620,192141,1090710710,211358223000,37080390
20220831,271940,일진하이솔루스,KOSPI,,36900,-1200,-3.15,37850,37900,36600,194586,7201956500,1339956711000,36313190
20220831,015860,일진홀딩스,KOSPI,,5830,110,1.92,5650,5900,5650,259131,1497519540,287695825890,49347483
20220831,226320,잇츠한불,KOSPI,,16450,-100,-0.60,16700,16900,16350,199988,3320908450,360737231750,21929315
20220831,317400,자이에스앤디,KOSPI,,7990,220,2.83,7760,8020,7720,117658,926107570,309872334800,38782520
20220831,033240,자화전자,KOSPI,,29050,2450,9.21,26400,29150,26150,1137771,32244741150,574802995900,19786678
20220831,000950,전방,KOSPI,,63500,3600,6.01,58800,68000,58500,20792,1337663800,106680000000,1680000
20220831,348950,제이알글로벌리츠,KOSPI,,4705,60,1.29,4650,4705,4620,352729,1635217910,928654080000,197376000
20220831,194370,제이에스코퍼레이션,KOSPI,,17550,600,3.54,16850,17550,16700,33031,570059600,234039797550,13335601
20220831,025620,제이준코스메틱,KOSPI,,871,4,0.46,869,884,854,395643,345247397,67051996154,76982774
20220831,030000,제일기획,KOSPI,,21900,-100,-0.45,21700,22000,21650,195456,4272467950,2519402827500,115041225
20220831,271980,제일약품,KOSPI,,21150,300,1.44,20600,21300,20600,5754,120735100,311008042800,14704872
20220831,001560,제일연마,KOSPI,,8760,-80,-0.90,8840,8990,8570,21006,181752530,87600000000,10000000
20220831,002620,제일파마홀딩스,KOSPI,,12550,0,0.00,12600,12650,12400,1903,23941300,200465605250,15973355
20220831,006220,제주은행,KOSPI,,5970,-220,-3.55,6250,6250,5930,911508,5516787830,191808780780,32128774
20220831,089590,제주항공,KOSPI,,15650,950,6.46,14850,15800,14800,848822,13035793250,778738804200,49759668
20220831,004910,조광페인트,KOSPI,,8270,-70,-0.84,8330,8330,8200,27866,229843930,105856000000,12800000
20220831,004700,조광피혁,KOSPI,,44900,50,0.11,44850,45400,44100,237,10615800,298546296200,6649138
20220831,001550,조비,KOSPI,,19900,-100,-0.50,20000,20200,19700,56070,1114938650,103325556100,5192239
20220831,000480,조선내화,KOSPI,,78000,100,0.13,77900,78000,77600,2107,163906900,312000000000,4000000
20220831,120030,조선선재,KOSPI,,143000,-2000,-1.38,143500,144000,141000,23432,3338370000,179844093000,1257651
20220831,018470,조일알미늄,KOSPI,,2310,-10,-0.43,2285,2315,2260,2418131,5534748095,290671275510,125831721
20220831,002600,조흥,KOSPI,,176500,-1500,-0.84,178000,178000,176000,196,34665500,105900000000,600000
20220831,185750,종근당,KOSPI,,85900,100,0.12,86000,86600,84800,20537,1765891400,1029772464200,11988038
20220831,063160,종근당바이오,KOSPI,,28300,100,0.35,28200,28500,28000,4327,121874650,155252724600,5485962
20220831,001630,종근당홀딩스,KOSPI,,59800,300,0.50,59700,59900,58900,713,42272800,299589687800,5009861
20220831,044380,주연테크,KOSPI,,827,7,0.85,818,838,812,89995,74297928,48957774788,59199244
20220831,013890,지누스,KOSPI,,43350,-300,-0.69,43500,43950,42700,27806,1206914400,747025883850,17232431
20220831,013870,지엠비코리아,KOSPI,,5610,50,0.90,5560,5630,5500,25780,143177410,106995490800,19072280
20220831,071320,지역난방공사,KOSPI,,31700,150,0.48,31350,32000,31350,477,15084150,367046184800,11578744
20220831,035000,지투알,KOSPI,,6030,30,0.50,6000,6030,5940,12018,71659460,99901476270,16567409
20220831,088790,진도,KOSPI,,2760,10,0.36,2755,2830,2750,73648,204591725,34355773440,12447744
20220831,003780,진양산업,KOSPI,,6990,0,0.00,6960,7030,6920,25316,176879070,90870000000,13000000
20220831,010640,진양폴리,KOSPI,,5770,-140,-2.37,5910,5930,5760,37936,220486630,57700000000,10000000
20220831,100250,진양홀딩스,KOSPI,,3395,15,0.44,3355,3395,3340,31472,105791015,189764516340,55895292
20220831,051630,진양화학,KOSPI,,3730,15,0.40,3660,3735,3655,46376,171206410,58934000000,15800000
20220831,272450,진에어,KOSPI,,17500,600,3.55,17250,17800,16800,769366,13311071400,913500000000,52200000
20220831,011000,진원생명과학,KOSPI,,10800,0,0.00,10750,11150,10600,582822,6309744000,839717269200,77751599
20220831,002780,진흥기업,KOSPI,,1630,0,0.00,1615,1640,1585,565169,910181155,237118944350,145471745
20220831,002787,진흥기업2우B,KOSPI,,14400,0,0.00,14400,14400,14400,363,5227200,4245235200,294808
20220831,002785,진흥기업우B,KOSPI,,5450,-10,-0.18,5460,5460,5320,36,194960,4671838100,857218
20220831,009310,참엔지니어링,KOSPI,,1010,32,3.27,978,1010,963,432244,426614281,59456093190,58867419
20220831,000650,천일고속,KOSPI,,65800,0,0.00,65400,66000,65300,197,12945200,94042676000,1429220
20220831,033250,체시스,KOSPI,,1055,-25,-2.31,1040,1075,1030,232711,244845970,33760000000,32000000
20220831,118000,초록뱀헬스케어,KOSPI,,836,-2,-0.24,840,843,827,98794,82508277,70813367460,84704985
20220831,035720,카카오,KOSPI,,73400,200,0.27,72300,73700,71800,1348480,98266319800,32673982548400,445149626
20220831,323410,카카오뱅크,KOSPI,,27300,0,0.00,27100,27400,26950,1599488,43477937800,13011765230100,476621437
20220831,377300,카카오페이,KOSPI,,62200,-200,-0.32,62400,62700,61100,256013,15927183300,8247199448200,132591631
20220831,006380,카프로,KOSPI,,2770,0,0.00,2750,2800,2700,149453,410269195,110800000000,40000000
20220831,109070,컨버즈,KOSPI,,4100,0,0.00,0,0,0,0,0,150921943000,36810230
20220831,001620,케이비아이동국실업,KOSPI,,628,4,0.64,630,630,615,60285,37548248,54815610512,87286004
20220831,029460,케이씨,KOSPI,,18050,50,0.28,17950,18100,17750,19261,345517100,244650494200,13554044
20220831,281820,케이씨텍,KOSPI,,16300,50,0.31,16100,16500,16050,20299,329414750,340043362800,20861556
20220831,381970,케이카,KOSPI,,21500,50,0.23,21250,21750,21050,60923,1305938650,1033860459500,48086533
20220831,145270,케이탑리츠,KOSPI,,1065,0,0.00,1055,1065,1035,46684,49302220,51184724310,48060774
20220831,417310,코람코더원리츠,KOSPI,,5390,0,0.00,5390,5390,5320,16283,87541310,217756000000,40400000
20220831,357120,코람코에너지리츠,KOSPI,,5340,0,0.00,5340,5410,5270,63013,334802440,472774091160,88534474
20220831,007815,코리아써우,KOSPI,,8150,230,2.90,7880,10100,7800,255500,2238012600,24162223500,2964690
20220831,007810,코리아써키트,KOSPI,,18950,850,4.70,17800,19200,17650,349710,6535792950,447613231450,23620751
20220831,00781K,코리아써키트2우B,KOSPI,,8980,250,2.86,8720,9030,8700,918,8117760,7037617020,783699
20220831,003690,코리안리,KOSPI,,8350,-30,-0.36,8370,8400,8310,147672,1230836770,1005082118600,120369116
20220831,192820,코스맥스,KOSPI,,62800,100,0.16,62400,63200,61100,37264,2327984200,712749165200,11349509
20220831,044820,코스맥스비티아이,KOSPI,,8490,-40,-0.47,8520,8530,8430,24904,211001650,81537289290,9603921
20220831,005070,코스모신소재,KOSPI,,64700,200,0.31,64200,65400,63200,582168,37463550900,1983103913200,30650756
20220831,005420,코스모화학,KOSPI,,24400,1150,4.95,23350,25200,23300,4302874,104720444650,854200763200,35008228
20220831,071950,코아스,KOSPI,,950,-2,-0.21,955,962,946,45603,43362780,29361849500,30907210
20220831,002020,코오롱,KOSPI,,25400,0,0.00,25150,25500,25150,11972,302274500,320711220400,12626426
20220831,003070,코오롱글로벌,KOSPI,,18350,250,1.38,17900,18400,17800,38427,691695700,462611537300,25210438
20220831,003075,코오롱글로벌우,KOSPI,,31100,100,0.32,31000,31100,31000,2377,73691700,9728173300,312803
20220831,002025,코오롱우,KOSPI,,17250,100,0.58,17100,17500,17050,2341,40426150,18567727500,1076390
20220831,120110,코오롱인더,KOSPI,,52500,200,0.38,51900,52700,51700,99835,5219116100,1444752277500,27519091
20220831,120115,코오롱인더우,KOSPI,,27600,250,0.91,27250,27600,27250,1348,36888050,76392936000,2767860
20220831,138490,코오롱플라스틱,KOSPI,,11500,0,0.00,11450,11600,11250,169706,1942006650,437000000000,38000000
20220831,021240,코웨이,KOSPI,,63700,800,1.27,62200,64000,61600,217534,13795618300,4701035730300,73799619
20220831,036420,콘텐트리중앙,KOSPI,,37850,400,1.07,37450,37950,36700,142464,5330738450,725672274150,19172319
20220831,031820,콤텍시스템,KOSPI,,775,0,0.00,776,780,769,144369,111788096,93814886150,121051466
20220831,192400,쿠쿠홀딩스,KOSPI,,17750,550,3.20,17250,18300,17150,73821,1317550250,631228783750,35562185
20220831,284740,쿠쿠홈시스,KOSPI,,31750,-100,-0.31,31850,32350,31300,20613,660451450,712385227500,22437330
20220831,015590,큐로,KOSPI,,399,-3,-0.75,396,401,395,83504,33304546,92253443562,231211638
20220831,264900,크라운제과,KOSPI,,9220,110,1.21,9110,9250,9030,21850,200225810,115469897000,12523850
20220831,26490K,크라운제과우,KOSPI,,12100,0,0.00,12100,12150,11900,8624,103360550,9360076000,773560
20220831,005740,크라운해태홀딩스,KOSPI,,7310,-110,-1.48,7260,7510,7260,28629,209940610,108534106570,14847347
20220831,005745,크라운해태홀딩스우,KOSPI,,11700,150,1.30,11700,11700,11550,358,4150550,7028494200,600726
20220831,259960,크래프톤,KOSPI,,246500,7500,3.14,236500,248000,234500,134169,32554485500,12096259092500,49072045
20220831,020120,키다리스튜디오,KOSPI,,8810,190,2.20,8490,9410,8480,944826,8542351500,322276328210,36580741
20220831,039490,키움증권,KOSPI,,85600,1800,2.15,83300,86400,82000,49681,4222437700,2244390312800,26219513
20220831,014580,태경비케이,KOSPI,,4495,0,0.00,4470,4495,4420,78015,347489300,123986034500,27583100
20220831,015890,태경산업,KOSPI,,6760,0,0.00,6760,6800,6660,37922,254854170,197586350000,29228750
20220831,006890,태경케미컬,KOSPI,,12200,-50,-0.41,12100,12200,12000,68741,828811900,141520000000,11600000
20220831,003240,태광산업,KOSPI,,825000,-5000,-0.60,823000,842000,823000,668,556166000,918555000000,1113400
20220831,011280,태림포장,KOSPI,,3250,-10,-0.31,3255,3255,3210,59805,193279085,230119305000,70805940
20220831,004100,태양금속,KOSPI,,1305,-15,-1.14,1330,1330,1275,150443,195574440,47893500000,36700000
20220831,004105,태양금속우,KOSPI,,2430,0,0.00,2470,2470,2400,5358,12863980,8019000000,3300000
20220831,009410,태영건설,KOSPI,,6400,10,0.16,6350,6400,6300,41355,262653190,248954227200,38899098
20220831,009415,태영건설우,KOSPI,,9640,-30,-0.31,9610,9670,9520,7254,69834530,12552648880,1302142
20220831,001420,태원물산,KOSPI,,4830,0,0.00,4850,4850,4780,6104,29344065,36708000000,7600000
20220831,007980,태평양물산,KOSPI,,1775,-15,-0.84,1785,1785,1755,92342,163355165,85465516925,48149587
20220831,055490,테이팩스,KOSPI,,80000,1400,1.78,78000,80000,77500,19561,1547722300,377412000000,4717650
20220831,078000,텔코웨어,KOSPI,,9570,-130,-1.34,9690,9780,9570,1779,17109230,92854896420,9702706
20220831,214420,토니모리,KOSPI,,4220,25,0.60,4160,4305,4130,196696,832864575,101511251780,24054799
20220831,019180,티에이치엔,KOSPI,,3500,80,2.34,3420,3530,3365,190801,662913570,63000000000,18000000
20220831,363280,티와이홀딩스,KOSPI,,16900,-50,-0.29,16950,17050,16700,43050,722916350,860704629200,50929268
20220831,36328K,티와이홀딩스우,KOSPI,,16200,0,0.00,16250,16400,16000,1834,29543650,20336475600,1255338
20220831,091810,티웨이항공,KOSPI,,2065,60,2.99,2005,2165,1985,875382,1802604060,331082026135,160330279
20220831,004870,티웨이홀딩스,KOSPI,,519,6,1.17,514,532,510,354529,182939079,56816054673,109472167
20220831,005690,파미셀,KOSPI,,12550,200,1.62,12250,12800,12200,397562,4993851150,752484822500,59958950
20220831,036580,팜스코,KOSPI,,5350,90,1.71,5230,5390,5150,178276,948447640,196494495050,36727943
20220831,004720,팜젠사이언스,KOSPI,,7580,70,0.93,7450,7640,7410,64642,488151280,119998146200,15830890
20220831,028670,팬오션,KOSPI,,5150,-10,-0.19,5050,5170,5010,2816993,14402933900,2753032986800,534569512
20220831,010820,퍼스텍,KOSPI,,3870,-55,-1.40,3860,3885,3795,1073857,4124443515,185997850200,48061460
20220831,016800,퍼시스,KOSPI,,30300,200,0.66,30100,30500,30000,5701,171633700,348450000000,11500000
20220831,001020,페이퍼코리아,KOSPI,,1905,0,0.00,1895,1920,1855,362713,686097040,90614773050,47566810
20220831,090080,평화산업,KOSPI,,1755,15,0.86,1710,1770,1685,1354754,2333071975,96353464545,54902259
20220831,010770,평화홀딩스,KOSPI,,3460,15,0.44,3495,3495,3435,18914,65434000,50604112360,14625466
20220831,058430,포스코스틸리온,KOSPI,,37300,600,1.63,36300,37550,36300,18009,669159250,223800000000,6000000
20220831,047050,포스코인터내셔널,KOSPI,,26850,-300,-1.10,26850,27050,25950,1161308,30808834050,3312622750650,123375149
20220831,003670,포스코케미칼,KOSPI,,168000,0,0.00,167000,169500,162500,671065,111538891000,13013820960000,77463220
20220831,017810,풀무원,KOSPI,,13800,50,0.36,13650,13800,13550,21696,296043600,526063479600,38120542
20220831,103140,풍산,KOSPI,,31050,900,2.99,30000,31500,29750,321565,9862447150,870153831900,28024278
20220831,005810,풍산홀딩스,KOSPI,,28950,450,1.58,28350,29050,28050,18852,540671900,301355835600,10409528
20220831,950210,프레스티지바이오파마,KOSPI,,11150,150,1.36,11000,11550,11000,130490,1470845800,670072128250,60096155
20220831,009810,플레이그램,KOSPI,,1055,-5,-0.47,1060,1070,1025,811734,840980915,94651504630,89717066
20220831,086790,하나금융지주,KOSPI,,39250,450,1.16,38250,39250,38050,1897964,73804043875,11614211433000,295903476
20220831,293480,하나제약,KOSPI,,16650,-50,-0.30,16700,16800,16550,15282,254589000,295919550900,17772946
20220831,039130,하나투어,KOSPI,,58600,-700,-1.18,58700,60200,57700,402812,23771321500,939896241000,16039185
20220831,352820,하이브,KOSPI,,181500,11500,6.76,168000,183000,167000,492139,87456771500,7505639740500,41353387
20220831,071090,하이스틸,KOSPI,,4380,80,1.86,4215,4480,4215,1037272,4567979060,87597547200,19999440
20220831,019490,하이트론,KOSPI,,2470,0,0.00,0,0,0,0,0,23739723280,9611224
20220831,000080,하이트진로,KOSPI,,30500,0,0.00,30400,30650,30250,121263,3689677950,2139075135500,70133611
20220831,000087,하이트진로2우B,KOSPI,,18400,-50,-0.27,18400,18450,18250,485,8879700,20794539200,1130138
20220831,000140,하이트진로홀딩스,KOSPI,,11700,-100,-0.85,11800,11800,11650,8013,93832600,271519150500,23206765
20220831,000145,하이트진로홀딩스우,KOSPI,,14700,200,1.38,14650,14700,14400,1022,14720350,6920907000,470810
20220831,152550,한국ANKOR유전,KOSPI,,1620,5,0.31,1605,1625,1605,3359,5428590,113432400000,70020000
20220831,036460,한국가스공사,KOSPI,,43500,-1250,-2.79,44500,44550,42450,734401,31701289300,4015615500000,92313000
20220831,005430,한국공항,KOSPI,,40400,150,0.37,40150,40700,40000,6343,256784550,127920742000,3166355
20220831,071050,한국금융지주,KOSPI,,56800,-200,-0.35,56500,57200,56000,244641,13870818500,3165236345600,55725992
20220831,071055,한국금융지주우,KOSPI,,54600,0,0.00,54800,54800,54200,4013,218491000,319860504600,5858251
20220831,010040,한국내화,KOSPI,,3135,0,0.00,3135,3195,3095,21398,67292895,128745239370,41067062
20220831,025540,한국단자,KOSPI,,66700,2800,4.38,63900,67300,63200,73812,4889684500,694680500000,10415000
20220831,004090,한국석유,KOSPI,,12500,-400,-3.10,12550,12800,12450,227011,2852282750,158676500000,12694120
20220831,002200,한국수출포장,KOSPI,,25750,500,1.98,25250,25850,25000,12448,318285050,103000000000,4000000
20220831,002960,한국쉘석유,KOSPI,,254000,500,0.20,252000,255000,252000,506,128243000,330200000000,1300000
20220831,000240,한국앤컴퍼니,KOSPI,,13100,-250,-1.87,13400,13400,13050,61993,817712100,1243651644000,94935240
20220831,123890,한국자산신탁,KOSPI,,3560,-10,-0.28,3585,3585,3540,56876,202029200,441360797120,123977752
20220831,015760,한국전력,KOSPI,,20950,200,0.96,20700,20950,20500,2047343,42574664400,13449147413150,641964077
20220831,006200,한국전자홀딩스,KOSPI,,1435,20,1.41,1415,1440,1405,84056,119701535,67162500160,46803136
20220831,009540,한국조선해양,KOSPI,,97200,300,0.31,96700,97800,94000,273653,26292182700,6879146875200,70773116
20220831,023350,한국종합기술,KOSPI,,8600,40,0.47,8540,8770,8270,846046,7177470160,94170000000,10950000
20220831,025890,한국주강,KOSPI,,3305,585,21.51,2740,3535,2740,3325383,11039676575,37377100995,11309259
20220831,000970,한국주철관,KOSPI,,7950,0,0.00,7950,7980,7860,43389,344244930,181263975000,22800500
20220831,104700,한국철강,KOSPI,,6910,30,0.44,6810,6920,6810,69086,474380980,293329500000,42450000
20220831,017960,한국카본,KOSPI,,14500,-400,-2.68,14750,14800,14250,957588,13789121500,637430976500,43960757
20220831,161890,한국콜마,KOSPI,,38350,450,1.19,37800,38450,37250,69908,2663814300,877493253000,22881180
20220831,024720,한국콜마홀딩스,KOSPI,,16600,0,0.00,16600,17000,16500,11078,186120450,308373535400,18576719
20220831,161390,한국타이어앤테크놀로지,KOSPI,,37950,-300,-0.78,37950,38250,37350,307548,11645395550,4701058868550,123875069
20220831,034830,한국토지신탁,KOSPI,,1630,20,1.24,1610,1630,1600,282552,455921800,411557444900,252489230
20220831,007280,한국특강,KOSPI,,2605,0,0.00,2600,2635,2560,56024,144968520,157450550350,60441670
20220831,168490,한국패러랠,KOSPI,,2230,0,0.00,2230,2230,2220,26497,58823460,178444600000,80020000
20220831,010100,한국프랜지,KOSPI,,2645,20,0.76,2625,2650,2600,49676,130493935,80541360900,30450420
20220831,047810,한국항공우주,KOSPI,,61000,1700,2.87,59400,61200,57900,1630967,97328315800,5945981527000,97475107
20220831,123690,한국화장품,KOSPI,,7200,0,0.00,7150,7350,7140,77997,565843650,115689600000,16068000
20220831,003350,한국화장품제조,KOSPI,,22750,300,1.34,22450,23350,22450,67995,1563409550,103103000000,4532000
20220831,011500,한농화성,KOSPI,,15400,350,2.33,15050,15600,14800,259799,3975478800,240810446800,15637042
20220831,002390,한독,KOSPI,,17300,100,0.58,17100,17500,16950,8523,146407800,238109120900,13763533
20220831,014790,한라,KOSPI,,4025,0,0.00,4000,4030,3975,29251,117188855,152380869025,37858601
20220831,060980,한라홀딩스,KOSPI,,38400,-50,-0.13,38350,38400,37950,6999,266682250,402127488000,10472070
20220831,053690,한미글로벌,KOSPI,,17850,300,1.71,18300,19450,17550,5093563,93159977600,195592267500,10957550
20220831,042700,한미반도체,KOSPI,,12050,150,1.26,11700,12150,11650,322839,3843379950,1191983035700,98919754
20220831,008930,한미사이언스,KOSPI,,43300,1850,4.46,40950,43950,40800,276351,11969070500,2971405517200,68623684
20220831,128940,한미약품,KOSPI,,308000,6500,2.16,302000,313000,298000,31201,9590841000,3793935068000,12317971
20220831,009240,한샘,KOSPI,,53800,200,0.37,53000,54000,52800,40490,2162830100,1266125326400,23533928
20220831,020000,한섬,KOSPI,,28400,350,1.25,27900,28800,27750,63302,1801803600,699492000000,24630000
20220831,003680,한성기업,KOSPI,,6620,-30,-0.45,6670,6670,6540,49729,327291630,41106989300,6209515
20220831,105630,한세실업,KOSPI,,15850,200,1.28,15500,15900,15350,204336,3212129500,634000000000,40000000
20220831,069640,한세엠케이,KOSPI,,3160,30,0.96,3160,3190,3105,4742,14903625,95136546320,30106502
20220831,016450,한세예스24홀딩스,KOSPI,,5690,10,0.18,5640,5740,5640,16941,96553120,227600000000,40000000
20220831,010420,한솔PNS,KOSPI,,1790,95,5.60,1700,1790,1695,113160,196886485,36682491480,20493012
20220831,009180,한솔로지스틱스,KOSPI,,3260,75,2.35,3180,3270,3165,117088,377030840,89576405500,27477425
20220831,213500,한솔제지,KOSPI,,15700,50,0.32,15700,15800,15450,119169,1866718250,373669043200,23800576
20220831,014680,한솔케미칼,KOSPI,,218500,6500,3.07,210500,220500,209500,44050,9547010147,2476740107500,11335195
20220831,004710,한솔테크닉스,KOSPI,,6070,70,1.17,6000,6080,5930,32794,198015830,194906959460,32109878
20220831,004150,한솔홀딩스,KOSPI,,3405,15,0.44,3390,3415,3360,29239,99076870,143039204685,42008577
20220831,025750,한솔홈데코,KOSPI,,1370,5,0.37,1360,1370,1345,221329,301709760,110374254130,80565149
20220831,004960,한신공영,KOSPI,,12650,50,0.40,12450,12650,12150,103212,1286826750,146369380300,11570702
20220831,011700,한신기계,KOSPI,,9120,30,0.33,8970,9170,8970,760814,6921203140,295908897120,32446151
20220831,001750,한양증권,KOSPI,,10100,100,1.00,9990,10150,9920,41024,410424870,128558193400,12728534
20220831,001755,한양증권우,KOSPI,,16450,0,0.00,16450,16450,16400,55,903200,8636250000,525000
20220831,018880,한온시스템,KOSPI,,10300,-100,-0.96,10300,10450,10200,670068,6924863800,5498140000000,533800000
20220831,009420,한올바이오파마,KOSPI,,17550,350,2.03,16950,18150,16850,518877,9158847300,916823196900,52240638
20220831,014130,한익스프레스,KOSPI,,5140,30,0.59,5110,5160,5060,17262,88018960,61680000000,12000000
20220831,300720,한일시멘트,KOSPI,,15300,150,0.99,15100,15300,15000,90805,1376179450,1059701562000,69261540
20220831,002220,한일철강,KOSPI,,4080,200,5.15,3900,4705,3840,1595615,7068109625,108925636800,26697460
20220831,006390,한일현대시멘트,KOSPI,,23950,-50,-0.21,24000,24300,23400,6505,155170350,425700113250,17774535
20220831,003300,한일홀딩스,KOSPI,,11100,50,0.45,11100,11350,10850,5508,61368750,342245012400,30832884
20220831,051600,한전KPS,KOSPI,,41350,150,0.36,41250,42050,40800,284019,11786712650,1860750000000,45000000
20220831,052690,한전기술,KOSPI,,73600,300,0.41,72700,74700,72300,381428,28061895300,2812992000000,38220000
20220831,130660,한전산업,KOSPI,,11650,0,0.00,11500,11750,11450,233362,2712850800,379790000000,32600000
20220831,002320,한진,KOSPI,,25750,100,0.39,25700,25950,25550,13144,338068250,384901421000,14947628
20220831,003480,한진중공업홀딩스,KOSPI,,3930,-40,-1.01,3980,3980,3895,95226,373690190,116052161160,29529812
20220831,180640,한진칼,KOSPI,,52800,-1200,-2.22,54400,54400,52500,203385,10776587200,3525000019200,66761364
20220831,18064K,한진칼우,KOSPI,,30850,-650,-2.06,31500,31500,30750,2306,71608750,16559231100,536766
20220831,005110,한창,KOSPI,,1030,-10,-0.96,1030,1120,1015,6330369,6586626390,81058105700,78697190
20220831,009460,한창제지,KOSPI,,1700,10,0.59,1690,1700,1680,58643,99241360,101434726200,59667486
20220831,372910,한컴라이프케어,KOSPI,,5200,0,0.00,5130,5230,5130,8914,46231780,143906911200,27674406
20220831,000880,한화,KOSPI,,31850,-700,-2.15,32400,32450,31050,698207,22094707850,2387435709750,74958735
20220831,00088K,한화3우B,KOSPI,,15950,-50,-0.31,16000,16000,15650,34954,552826350,358428400000,22472000
20220831,088350,한화생명,KOSPI,,2310,-20,-0.86,2320,2340,2300,902539,2096281905,2006304300000,868530000
20220831,000370,한화손해보험,KOSPI,,4710,45,0.96,4635,4750,4600,238748,1120790530,549840289650,116738915
20220831,009830,한화솔루션,KOSPI,,52600,400,0.77,52000,53100,50600,3234036,168370037400,10061248942200,191278497
20220831,009835,한화솔루션우,KOSPI,,49750,0,0.00,50300,51100,48500,38196,1902079000,55905915750,1123737
20220831,272210,한화시스템,KOSPI,,15550,150,0.97,15350,15650,14900,896806,13720374200,2937696498950,188919389
20220831,012450,한화에어로스페이스,KOSPI,,81400,4500,5.85,77000,82000,75200,2717530,216504184600,4121282000000,50630000
20220831,000885,한화우,KOSPI,,36650,-150,-0.41,36800,36800,36150,183,6710750,17566125100,479294
20220831,003530,한화투자증권,KOSPI,,3120,-30,-0.95,3110,3130,3090,441261,1369500325,669389058000,214547775
20220831,003535,한화투자증권우,KOSPI,,7020,-10,-0.14,6950,7030,6950,368894,2589580860,33696000000,4800000
20220831,195870,해성디에스,KOSPI,,58800,1400,2.44,56800,59000,56600,161087,9374814800,999600000000,17000000
20220831,101530,해태제과식품,KOSPI,,7020,-30,-0.43,7170,7170,7010,8624,60722060,204400090440,29116822
20220831,143210,핸즈코퍼레이션,KOSPI,,3800,-135,-3.43,3790,3930,3790,4259,16266740,83080418400,21863268
20220831,000720,현대건설,KOSPI,,48200,550,1.15,47350,48200,46700,1070524,50847748300,5367347873000,111355765
20220831,267270,현대건설기계,KOSPI,,40700,-600,-1.45,41200,41200,40200,130610,5311234900,801822275100,19700793
20220831,000725,현대건설우,KOSPI,,72800,1300,1.82,71200,72800,71200,2643,188935500,76781650400,1054693
20220831,005440,현대그린푸드,KOSPI,,7700,120,1.58,7560,7700,7510,123020,938412300,752324511400,97704482
20220831,086280,현대글로비스,KOSPI,,176500,2500,1.44,173000,176500,171500,121242,21222902000,6618750000000,37500000
20220831,042670,현대두산인프라코어,KOSPI,,6170,40,0.65,6060,6180,6020,2878932,17614799090,1220200245870,197763411
20220831,064350,현대로템,KOSPI,,30300,850,2.89,29250,30500,28700,8990933,266728117100,3307011477900,109142293
20220831,079430,현대리바트,KOSPI,,10950,100,0.92,10750,10950,10700,15385,166574850,224861337900,20535282
20220831,012330,현대모비스,KOSPI,,215000,1500,0.70,210000,216000,209500,234184,50151157000,20333215210000,94573094
20220831,010620,현대미포조선,KOSPI,,107000,-2500,-2.28,108500,109000,102500,479488,50522715000,4273809943000,39942149
20220831,069960,현대백화점,KOSPI,,61900,200,0.32,61400,62000,61200,61515,3796057100,1448611097900,23402441
20220831,004560,현대비앤지스틸,KOSPI,,14150,100,0.71,13900,14300,13900,40549,571231150,213365175650,15078811
20220831,004565,현대비앤지스틸우,KOSPI,,60500,-100,-0.17,60200,60500,59500,159,9523000,6646046000,109852
20220831,004310,현대약품,KOSPI,,5240,30,0.58,5140,5280,5140,157268,822007200,167680000000,32000000
20220831,322000,현대에너지솔루션,KOSPI,,68500,1700,2.54,66900,70800,63900,906535,61274973100,767200000000,11200000
20220831,017800,현대엘리베이,KOSPI,,29300,250,0.86,28650,29500,28550,54725,1589803700,1195885096300,40815191
20220831,307950,현대오토에버,KOSPI,,120500,0,0.00,119500,121000,118500,51472,6153559500,3304589831000,27423982
20220831,011210,현대위아,KOSPI,,76000,700,0.93,75300,77000,74600,391008,29730288200,2066826308000,27195083
20220831,267260,현대일렉트릭,KOSPI,,31950,-1450,-4.34,33300,33400,31050,719413,22808895600,1151705963250,36047135
20220831,004020,현대제철,KOSPI,,32900,-50,-0.15,32700,33150,32300,337085,11059746550,4390366326500,133445785
20220831,329180,현대중공업,KOSPI,,143500,2500,1.77,141000,143500,136000,303330,42327336500,12738942146000,88773116
20220831,005380,현대차,KOSPI,,196000,500,0.26,195000,197500,194500,762426,149339417500,41878964652000,213668187
20220831,005387,현대차2우B,KOSPI,,93300,300,0.32,92500,93700,92500,91494,8527408900,3404092578300,36485451
20220831,005389,현대차3우B,KOSPI,,88000,200,0.23,87900,88300,87500,4831,424818500,213728680000,2428735
20220831,005385,현대차우,KOSPI,,91200,-500,-0.55,91600,92000,91200,49356,4513396000,2221329672000,24356685
20220831,001500,현대차증권,KOSPI,,10350,0,0.00,10300,10350,10200,7241,74536250,328225016700,31712562
20220831,011760,현대코퍼레이션,KOSPI,,18300,-450,-2.40,18750,18800,18050,82912,1518394850,242090077800,13228966
20220831,227840,현대코퍼레이션홀딩스,KOSPI,,11600,50,0.43,11550,11650,11450,14707,169770350,105569697600,9100836
20220831,126560,현대퓨처넷,KOSPI,,2700,-10,-0.37,2685,2725,2630,114661,308547175,297547951500,110202945
20220831,001450,현대해상,KOSPI,,31500,-150,-0.47,31400,31700,30750,283440,8903490800,2816100000000,89400000
20220831,057050,현대홈쇼핑,KOSPI,,49950,0,0.00,49750,50400,49650,7833,392015850,599400000000,12000000
20220831,093240,형지엘리트,KOSPI,,1715,40,2.39,1675,1715,1665,129773,218883910,53430478570,31154798
20220831,003010,혜인,KOSPI,,7260,140,1.97,7090,7280,7050,186745,1339708260,92294543220,12712747
20220831,111110,호전실업,KOSPI,,8650,80,0.93,8500,8790,8410,35435,304529580,84337361600,9749984
20220831,008770,호텔신라,KOSPI,,73800,-200,-0.27,73500,74800,73200,341057,25247868600,2896511329800,39248121
20220831,008775,호텔신라우,KOSPI,,59100,200,0.34,58600,59100,58600,968,57005700,44436048900,751879
20220831,002460,화성산업,KOSPI,,15350,-150,-0.97,15350,15450,15150,24546,375982800,155802500000,10150000
20220831,378850,화승알앤에이,KOSPI,,4640,-140,-2.93,4840,4840,4580,647020,3020266140,88130410720,18993623
20220831,241590,화승엔터프라이즈,KOSPI,,13250,-50,-0.38,13200,13500,13100,159724,2131191650,802691770750,60580511
20220831,006060,화승인더,KOSPI,,4995,90,1.83,4915,5010,4895,113043,560646710,276323400000,55320000
20220831,013520,화승코퍼레이션,KOSPI,,1710,-10,-0.58,1730,1735,1675,173855,294330830,85587640920,50051252
20220831,010690,화신,KOSPI,,10850,100,0.93,10750,11050,10600,1253437,13621820400,378886448500,34920410
20220831,133820,화인베스틸,KOSPI,,2745,-30,-1.08,2705,2760,2680,176046,477434900,81751428045,29781941
20220831,010660,화천기계,KOSPI,,3390,-15,-0.44,3350,3455,3315,213179,719773320,74580000000,22000000
20220831,000850,화천기공,KOSPI,,33800,350,1.05,33450,33850,33050,2610,87333250,74360000000,2200000
20220831,016580,환인제약,KOSPI,,17100,0,0.00,17100,17100,16950,10635,181156850,318061197000,18600070
20220831,032560,황금에스티,KOSPI,,7970,40,0.50,7930,7980,7890,38107,302462220,135490000000,17000000
20220831,004800,효성,KOSPI,,74700,0,0.00,74800,75300,74100,23173,1728951700,1574005567500,21071025
20220831,094280,효성ITX,KOSPI,,15000,100,0.67,14900,15000,14800,3523,52547100,173373000000,11558200
20220831,298040,효성중공업,KOSPI,,73900,0,0.00,73500,74100,71000,106098,7681656500,689084097200,9324548
20220831,298050,효성첨단소재,KOSPI,,424000,3000,0.71,417000,427000,411500,26561,11148373500,1899497952000,4479948
20220831,298020,효성티앤씨,KOSPI,,313500,4000,1.29,308000,319000,306000,12818,3997915500,1356728307000,4327682
20220831,298000,효성화학,KOSPI,,173500,3500,2.06,171000,173500,168000,6573,1121100000,553486861000,3190126
20220831,093370,후성,KOSPI,,16200,50,0.31,16050,16300,15750,1344130,21483039350,1500230467800,92606819
20220831,081660,휠라홀딩스,KOSPI,,31200,0,0.00,31050,31400,30850,180298,5627761050,1895469326400,60752222
20220831,005870,휴니드,KOSPI,,8130,-50,-0.61,8140,8950,7910,564320,4692786790,114763201950,14116015
20220831,079980,휴비스,KOSPI,,6100,10,0.16,6090,6140,6060,7487,45600820,210450000000,34500000
20220831,005010,휴스틸,KOSPI,,8420,20,0.24,8360,8910,8210,2641247,22515286480,329963591500,39188075
20220831,000540,흥국화재,KOSPI,,3345,25,0.75,3320,3350,3290,9716,32357100,214891647525,64242645
20220831,000547,흥국화재2우B,KOSPI,,21500,-100,-0.46,21500,21650,21500,150,3225550,3302400000,153600
20220831,000545,흥국화재우,KOSPI,,7080,80,1.14,6990,7080,6890,71,497720,5437440000,768000
20220831,003280,흥아해운,KOSPI,,1705,30,1.79,1660,1710,1655,192502,323914145,409924452795,240424899
20220831,060310,3S,KOSDAQ,중견기업부,2770,-5,-0.18,2755,2805,2730,216526,599641260,128172091010,46271513
20220831,054620,APS홀딩스,KOSDAQ,중견기업부,13400,900,7.20,12500,13550,12250,175863,2322984100,273282561400,20394221
20220831,265520,AP시스템,KOSDAQ,우량기업부,19500,900,4.84,18700,19550,18600,175398,3388172100,297987709500,15281421
20220831,211270,AP위성,KOSDAQ,벤처기업부,11500,50,0.44,11300,11800,11200,141860,1624056100,173446496000,15082304
20220831,032790,BNGT,KOSDAQ,관리종목(소속부없음),4075,0,0.00,0,0,0,0,0,120352455875,29534345
20220831,013720,CBI,KOSDAQ,벤처기업부,568,-23,-3.89,581,628,550,12956193,7637425584,38609680152,67974789
20220831,035760,CJ ENM,KOSDAQ,우량기업부,98300,1300,1.34,96000,98300,95200,62579,6105581000,2155635838200,21929154
20220831,311690,CJ 바이오사이언스,KOSDAQ,기술성장기업부,30750,400,1.32,30600,30800,30050,2997,91382950,180769164000,5878672
20220831,051500,CJ프레시웨이,KOSDAQ,중견기업부,37150,200,0.54,36900,37450,36000,52056,1901785050,441029419900,11871586
20220831,058820,CMG제약,KOSDAQ,중견기업부,2815,0,0.00,2770,2820,2755,474384,1325272030,390981666860,138892244
20220831,023460,CNH,KOSDAQ,중견기업부,1965,5,0.26,1955,1975,1920,19732,38504205,73098000000,37200000
20220831,056730,CNT85,KOSDAQ,관리종목(소속부없음),3100,0,0.00,0,0,0,0,0,110449763600,35628956
20220831,065770,CS,KOSDAQ,벤처기업부,1950,40,2.09,1930,1950,1865,85529,163994430,37851703500,19411130
20220831,083660,CSA 코스믹,KOSDAQ,중견기업부,1335,0,0.00,1330,1335,1300,25002,32960745,52667342655,39451193
20220831,404950,DB금융스팩10호,KOSDAQ,SPAC(소속부없음),2100,0,0.00,2105,2105,2090,870,1826030,12264000000,5840000
20220831,367340,DB금융스팩8호,KOSDAQ,SPAC(소속부없음),2110,0,0.00,2120,2120,2090,2078,4349350,12765500000,6050000
20220831,367360,DB금융스팩9호,KOSDAQ,SPAC(소속부없음),2120,0,0.00,2125,2125,2100,2654,5593440,10260800000,4840000
20220831,068790,DMS,KOSDAQ,우량기업부,5600,60,1.08,5490,5600,5460,25809,143117100,137609141600,24573061
20220831,241520,DSC인베스트먼트,KOSDAQ,벤처기업부,4460,-5,-0.11,4380,4475,4380,44733,198425505,124038857380,27811403
20220831,245620,EDGC,KOSDAQ,기술성장기업부,2465,30,1.23,2425,2470,2405,245955,602374375,207247169915,84075931
20220831,037370,EG,KOSDAQ,중견기업부,9780,300,3.16,9480,9800,9420,41339,400413200,84352226160,8624972
20220831,050120,ES큐브,KOSDAQ,중견기업부,4010,-35,-0.87,4060,4060,3920,42665,170156810,54391984860,13564086
20220831,084180,EV수성,KOSDAQ,중견기업부,1355,-15,-1.09,1370,1375,1355,183919,250877695,84034242305,62017891
20220831,214270,FSN,KOSDAQ,중견기업부,4435,10,0.23,4385,4465,4375,126084,558273910,123756688120,27904552
20220831,130500,GH신소재,KOSDAQ,중견기업부,4350,5,0.12,4345,4445,4295,56355,246063825,63270976200,14545052
20220831,900290,GRT,KOSDAQ,외국기업(소속부없음),1320,10,0.76,1310,1325,1285,42022,54957875,88935000000,67375000
20220831,083450,GST,KOSDAQ,우량기업부,22500,400,1.81,21800,22750,21800,69176,1548679050,209649262500,9317745
20220831,297890,HB솔루션,KOSDAQ,벤처기업부,15400,900,6.21,14450,15450,14200,121528,1834023900,257489432200,16720093
20220831,078150,HB테크놀러지,KOSDAQ,우량기업부,2075,25,1.22,2045,2085,2015,238230,489256340,163905133950,78990426
20220831,195940,HK이노엔,KOSDAQ,벤처기업부,40500,1150,2.92,39050,40500,38850,209737,8355872250,1170632209500,28904499
20220831,028300,HLB,KOSDAQ,중견기업부,49300,2850,6.14,46250,49450,46100,1424451,68829904000,5270341613300,106903481
20220831,067630,HLB생명과학,KOSDAQ,중견기업부,14750,450,3.15,14250,14950,14150,1240244,18180183450,1423712376750,96522873
20220831,047920,HLB제약,KOSDAQ,기술성장기업부,18900,900,5.00,17800,18900,17750,489776,9013892700,524926067400,27773866
20220831,115450,HLB테라퓨틱스,KOSDAQ,중견기업부,11700,300,2.63,11400,11800,11100,130228,1505030950,366621968700,31335211
20220831,403870,HPSP,KOSDAQ,중견기업부,66800,2000,3.09,64400,68000,61600,651353,42418742700,1319280962000,19749715
20220831,036640,HRS,KOSDAQ,우량기업부,6290,-10,-0.16,6220,6320,6220,76483,479501840,102871692000,16354800
20220831,335870,IBKS제12호스팩,KOSDAQ,SPAC(소속부없음),4240,115,2.79,4120,4360,4110,400005,1682277360,13228800000,3120000
20220831,351340,IBKS제13호스팩,KOSDAQ,SPAC(소속부없음),2000,0,0.00,2005,2010,2000,22363,44768965,10340000000,5170000
20220831,388790,IBKS제16호스팩,KOSDAQ,SPAC(소속부없음),2225,0,0.00,0,0,0,0,0,7587250000,3410000
20220831,405350,IBKS제17호스팩,KOSDAQ,SPAC(소속부없음),2360,10,0.43,2350,2360,2335,7430,17452395,6419200000,2720000
20220831,424760,IBKS제18호스팩,KOSDAQ,SPAC(소속부없음),2135,0,0.00,2130,2135,2125,15746,33568875,9031050000,4230000
20220831,426550,IBKS제19호스팩,KOSDAQ,SPAC(소속부없음),2105,10,0.48,2095,2105,2095,105452,221397155,10693400000,5080000
20220831,095340,ISC,KOSDAQ,우량기업부,38800,850,2.24,37500,39000,37400,228539,8792738300,675099474800,17399471
20220831,099520,ITX-AI,KOSDAQ,관리종목(소속부없음),1285,0,0.00,0,0,0,0,0,37652662655,29301683
20220831,950170,JTC,KOSDAQ,관리종목(소속부없음),3175,-35,-1.09,3295,3300,3010,72969,231513655,111142516475,35005517
20220831,067290,JW신약,KOSDAQ,중견기업부,4140,120,2.99,4045,4165,3990,202607,829944440,190967589180,46127437
20220831,035900,JYP Ent.,KOSDAQ,우량기업부,61100,800,1.33,59400,61100,59400,216446,13096094800,2168896761200,35497492
20220831,318000,KBG,KOSDAQ,벤처기업부,5860,10,0.17,5900,5900,5820,6181,36210920,48226774500,8229825
20220831,024840,KBI메탈,KOSDAQ,중견기업부,1810,20,1.12,1790,1820,1760,143630,258533130,59641034880,32950848
20220831,024120,KB오토시스,KOSDAQ,우량기업부,4930,-60,-1.20,4965,4970,4865,190072,933756270,56695000000,11500000
20220831,021320,KCC건설,KOSDAQ,우량기업부,6760,-10,-0.15,6770,6770,6640,6861,46083820,144664000000,21400000
20220831,036670,KCI,KOSDAQ,우량기업부,9110,-30,-0.33,9090,9160,9050,6377,57970020,102669700000,11270000
20220831,044180,KD,KOSDAQ,중견기업부,945,-4,-0.42,951,951,930,98921,92492267,23481965745,24848641
20220831,151860,KG ETS,KOSDAQ,우량기업부,14450,0,0.00,14250,14650,14100,584194,8415353850,520200000000,36000000
20220831,046440,KG모빌리언스,KOSDAQ,우량기업부,7020,-20,-0.28,6960,7080,6940,135056,946002280,272555487360,38825568
20220831,035600,KG이니시스,KOSDAQ,우량기업부,13400,-50,-0.37,13300,13550,13250,100253,1346893100,373919415600,27904434
20220831,226360,KH 건설,KOSDAQ,벤처기업부,744,-7,-0.93,749,750,740,1725801,1283110662,87673097640,117840185
20220831,111870,KH 전자,KOSDAQ,중견기업부,501,-6,-1.18,503,504,496,3747373,1830258143,80139870822,159959822
20220831,060720,KH바텍,KOSDAQ,중견기업부,19050,50,0.26,18900,19250,18700,131205,2497619250,451055270100,23677442
20220831,058400,KNN,KOSDAQ,우량기업부,1010,5,0.50,997,1010,997,209413,209897167,133754017200,132429720
20220831,114450,KPX생명과학,KOSDAQ,중견기업부,5270,40,0.76,5240,5320,5170,55907,293807640,79050000000,15000000
20220831,060370,KT서브마린,KOSDAQ,중견기업부,6680,-30,-0.45,6700,6730,6560,124905,830557290,146292000000,21900000
20220831,122450,KX,KOSDAQ,중견기업부,7440,-60,-0.80,7720,7720,7400,15020,112128700,337299572160,45335964
20220831,052900,KX하이텍,KOSDAQ,벤처기업부,1445,15,1.05,1430,1450,1405,153895,219813395,74602526470,51628046
20220831,108320,LX세미콘,KOSDAQ,우량기업부,95200,1400,1.49,93000,95400,92500,148941,14031882800,1548361360000,16264300
20220831,086960,MDS테크,KOSDAQ,중견기업부,16450,400,2.49,16100,16650,15900,51781,839496600,146283401600,8892608
20220831,160550,NEW,KOSDAQ,중견기업부,7440,40,0.54,7320,7440,7220,77013,565972670,207621428640,27906106
20220831,053290,NE능률,KOSDAQ,중견기업부,5290,50,0.95,5210,5350,5200,43946,232374090,87424164030,16526307
20220831,104200,NHN벅스,KOSDAQ,중견기업부,8500,220,2.66,8270,8540,8200,51477,431391050,126034175000,14827550
20220831,060250,NHN한국사이버결제,KOSDAQ,우량기업부,12700,150,1.20,12350,12800,12250,247121,3118948350,510039759700,40160611
20220831,030190,NICE평가정보,KOSDAQ,우량기업부,14350,-50,-0.35,14150,14600,14150,76798,1099706150,871257667000,60714820
20220831,024940,PN풍년,KOSDAQ,벤처기업부,5690,-110,-1.90,5780,5780,5620,54798,311048460,56900000000,10000000
20220831,218410,RFHIC,KOSDAQ,우량기업부,25400,650,2.63,24750,25600,24350,214602,5410401050,680375423600,26786434
20220831,327260,RF머트리얼즈,KOSDAQ,벤처기업부,13950,650,4.89,13150,13950,12900,101505,1381385600,114357873150,8197697
20220831,091340,S&K폴리텍,KOSDAQ,중견기업부,4200,80,1.94,4120,4345,4075,31947,133074335,49155628200,11703721
20220831,019550,SBI인베스트먼트,KOSDAQ,벤처기업부,1400,0,0.00,1395,1415,1380,436189,609264830,226893205000,162066575
20220831,950110,SBI핀테크솔루션즈,KOSDAQ,외국기업(소속부없음),5000,-10,-0.20,5010,5080,5000,223,1118760,120262700000,24052540
20220831,046140,SBS콘텐츠허브,KOSDAQ,우량기업부,6380,-20,-0.31,6370,6420,6260,12321,78333630,136937480900,21463555
20220831,151910,SBW생명과학,KOSDAQ,중견기업부,2130,0,0.00,2130,2165,2085,380960,812644555,377295671340,177134118
20220831,036120,SCI평가정보,KOSDAQ,중견기업부,2910,-60,-2.02,2995,3030,2905,427482,1267654255,103305000000,35500000
20220831,099220,SDN,KOSDAQ,중견기업부,2900,0,0.00,2905,2965,2865,2615508,7618397080,162898251900,56171811
20220831,036540,SFA반도체,KOSDAQ,우량기업부,5160,110,2.18,4985,5190,4975,445623,2277050245,848615163480,164460303
20220831,255220,SG,KOSDAQ,중견기업부,1690,-20,-1.17,1690,1740,1670,181433,305782315,75638804410,44756689
20220831,040610,SG&G,KOSDAQ,중견기업부,2025,40,2.02,1985,2030,1965,66685,133544230,69026571900,34087196
20220831,049470,SGA,KOSDAQ,중견기업부,827,2,0.24,825,832,821,90486,74611585,48679079923,58862249
20220831,184230,SGA솔루션즈,KOSDAQ,벤처기업부,978,14,1.45,979,985,966,117517,114689910,52995105072,54187224
20220831,016250,SGC이테크건설,KOSDAQ,우량기업부,50400,800,1.61,49600,50600,49000,6446,321236400,131012028000,2599445
20220831,337450,SK5호스팩,KOSDAQ,SPAC(소속부없음),4180,-25,-0.59,4280,4400,4145,1151875,4904306750,18015800000,4310000
20220831,340350,SK6호스팩,KOSDAQ,SPAC(소속부없음),2110,5,0.24,2105,2115,2100,101528,213844385,12048100000,5710000
20220831,048550,SM C&C,KOSDAQ,중견기업부,3865,450,13.18,3845,4185,3680,29733747,117739924960,369591088800,95625120
20220831,063440,SM Life Design,KOSDAQ,중견기업부,2270,80,3.65,2405,2520,2255,12200590,29267338580,103805179580,45729154
20220831,289080,SV인베스트먼트,KOSDAQ,벤처기업부,2735,20,0.74,2710,2760,2700,76196,208215570,145594990000,53234000
20220831,089230,THE E&M,KOSDAQ,중견기업부,468,-2,-0.43,468,474,465,141470,66354548,81174689388,173450191
20220831,161570,THE MIDONG,KOSDAQ,중견기업부,1270,20,1.60,1250,1270,1240,32857,40977485,19790194100,15582830
20220831,192410,THQ,KOSDAQ,벤처기업부,2610,0,0.00,0,0,0,0,0,112087869840,42945544
20220831,032540,TJ미디어,KOSDAQ,중견기업부,6320,80,1.28,6240,6390,6230,22955,144117800,88047768880,13931609
20220831,022220,TKG애강,KOSDAQ,우량기업부,1735,5,0.29,1725,1735,1700,61286,105542615,89863594565,51794579
20220831,048770,TPC,KOSDAQ,벤처기업부,4485,65,1.47,4445,4485,4320,85438,377941160,69420350415,15478339
20220831,246690,TS인베스트먼트,KOSDAQ,벤처기업부,2205,5,0.23,2170,2230,2165,208525,458806335,86537163195,39245879
20220831,317240,TS트릴리온,KOSDAQ,벤처기업부,863,0,0.00,875,875,855,222818,192053657,81508300375,94447625
20220831,038340,UCI,KOSDAQ,투자주의환기종목(소속부없음),1335,0,0.00,0,0,0,0,0,16641828315,12465789
20220831,073570,WI,KOSDAQ,중견기업부,900,0,0.00,890,904,885,206917,185351673,72814385700,80904873
20220831,057030,YBM넷,KOSDAQ,중견기업부,4545,0,0.00,4540,4580,4425,150216,680264895,74141207865,16312697
20220831,040300,YTN,KOSDAQ,우량기업부,3625,-40,-1.09,3680,3730,3625,15695,57453210,152250000000,42000000
20220831,051390,YW,KOSDAQ,중견기업부,3550,-10,-0.28,3560,3560,3530,7937,28092015,40311556400,11355368
20220831,052220,iMBC,KOSDAQ,중견기업부,3220,-10,-0.31,3230,3240,3165,59043,188947950,74060000000,23000000
20220831,079940,가비아,KOSDAQ,우량기업부,11950,300,2.58,11650,13150,11550,382878,4761347500,161751423800,13535684
20220831,078890,가온미디어,KOSDAQ,우량기업부,7810,90,1.17,7710,7820,7620,63794,494774620,126174931410,16155561
20220831,399720,가온칩스,KOSDAQ,벤처기업부,22700,750,3.42,21750,23800,21500,452360,10373705600,260784864000,11488320
20220831,036620,감성코퍼레이션,KOSDAQ,중견기업부,1670,20,1.21,1650,1675,1610,129218,213147640,149621273590,89593577
20220831,217730,강스템바이오텍,KOSDAQ,기술성장기업부,3460,0,0.00,3460,3525,3320,212261,734157095,131265220500,37937925
20220831,114190,강원에너지,KOSDAQ,중견기업부,6090,-10,-0.16,6170,6350,6030,834199,5144651360,159089301420,26123038
20220831,094480,갤럭시아머니트리,KOSDAQ,우량기업부,6580,50,0.77,6450,6790,6430,330916,2198839820,258132334040,39229838
20220831,039240,경남스틸,KOSDAQ,우량기업부,3590,0,0.00,3570,3615,3510,125671,446532680,96856778360,26979604
20220831,053950,경남제약,KOSDAQ,중견기업부,2390,5,0.21,2390,2400,2360,39580,94285520,73730460350,30849565
20220831,011040,경동제약,KOSDAQ,우량기업부,8330,0,0.00,8300,8340,8250,32520,270281560,256303820780,30768766
20220831,024910,경창산업,KOSDAQ,중견기업부,2455,5,0.20,2510,2510,2390,95179,230233765,87935657275,35819005
20220831,198440,고려시멘트,KOSDAQ,우량기업부,3450,45,1.32,3370,3460,3350,255317,870920895,110330862000,31979960
20220831,049720,고려신용정보,KOSDAQ,우량기업부,11350,-500,-4.22,12000,12050,11300,554568,6451333550,162305000000,14300000
20220831,014570,고려제약,KOSDAQ,우량기업부,7960,80,1.02,7920,7990,7820,9223,73070030,87560000000,11000000
20220831,348150,고바이오랩,KOSDAQ,기술성장기업부,15650,700,4.68,15650,16150,15150,427868,6687256300,265119278850,16940529
20220831,098460,고영,KOSDAQ,우량기업부,14150,400,2.91,13550,14200,13450,145448,2026742000,971464783250,68654755
20220831,035290,골드앤에스,KOSDAQ,중견기업부,2980,100,3.47,2875,2980,2875,85846,253575500,107947251800,36223910
20220831,038530,골드퍼시픽,KOSDAQ,중견기업부,633,10,1.61,623,633,612,212285,132157523,58246400823,92016431
20220831,900280,골든센츄리,KOSDAQ,외국기업(소속부없음),408,2,0.49,403,415,403,1752421,716611484,73096288560,179157570
20220831,215000,골프존,KOSDAQ,우량기업부,132500,2100,1.61,128600,132500,128500,27874,3634682300,831492487500,6275415
20220831,121440,골프존뉴딘홀딩스,KOSDAQ,우량기업부,6690,30,0.45,6620,6690,6610,49443,328843060,286578312420,42836818
20220831,366030,공구우먼,KOSDAQ,중견기업부,10600,150,1.44,10400,10650,10200,296827,3096285950,233545560000,22032600
20220831,014200,광림,KOSDAQ,중견기업부,1335,-5,-0.37,1340,1350,1320,1059358,1409162800,121093439160,90706696
20220831,029480,광무,KOSDAQ,관리종목(소속부없음),3620,0,0.00,3680,3680,3610,46820,169332895,118907110160,32847268
20220831,026910,광진실업,KOSDAQ,중견기업부,5520,-20,-0.36,5590,5590,5500,17354,95962860,35357835600,6405405
20220831,355150,교보10호스팩,KOSDAQ,SPAC(소속부없음),2400,135,5.96,2300,2400,2265,226935,531396115,12768000000,5320000
20220831,397880,교보11호스팩,KOSDAQ,SPAC(소속부없음),2125,5,0.24,2125,2125,2110,2450,5182980,9435000000,4440000
20220831,421800,교보12호스팩,KOSDAQ,SPAC(소속부없음),2105,0,0.00,2105,2110,2095,5647,11860495,12587900000,5980000
20220831,331520,교보9호스팩,KOSDAQ,SPAC(소속부없음),2330,-15,-0.64,2355,2355,2300,81772,188998795,9040400000,3880000
20220831,053270,구영테크,KOSDAQ,중견기업부,3260,40,1.24,3185,3310,3180,298521,974491880,86045007240,26394174
20220831,066620,국보디자인,KOSDAQ,우량기업부,17300,150,0.87,16850,17400,16850,5332,91535650,129750000000,7500000
20220831,043650,국순당,KOSDAQ,우량기업부,8470,60,0.71,8410,8600,8290,86248,732410880,151259834880,17858304
20220831,006050,국영지앤엠,KOSDAQ,중견기업부,1540,0,0.00,1550,1575,1505,588669,908987440,53738674220,34895243
20220831,060480,국일신동,KOSDAQ,중견기업부,3395,50,1.49,3345,3405,3320,48580,163595455,37650550000,11090000
20220831,078130,국일제지,KOSDAQ,중견기업부,2565,55,2.19,2500,2575,2470,404033,1026310435,327338818245,127617473
20220831,307750,국전약품,KOSDAQ,우량기업부,8720,250,2.95,8570,9020,8530,1338341,11810796630,427884025680,49069269
20220831,035080,그래디언트,KOSDAQ,중견기업부,18700,300,1.63,18150,18750,18150,52694,974313000,290365820800,15527584
20220831,204020,그리티,KOSDAQ,중견기업부,3165,110,3.60,3055,3220,3035,289694,909161625,63766615950,20147430
20220831,186230,그린플러스,KOSDAQ,벤처기업부,13050,50,0.38,13000,13100,12750,25916,335263300,141203453400,10820188
20220831,900070,글로벌에스엠,KOSDAQ,외국기업(소속부없음),735,7,0.96,730,763,730,201912,148690248,39501816480,53743968
20220831,204620,글로벌텍스프리,KOSDAQ,벤처기업부,2640,60,2.33,2685,3010,2605,6203484,17676864120,136539854880,51719642
20220831,019660,글로본,KOSDAQ,중견기업부,2625,5,0.19,2680,2680,2600,27108,71192470,90099646875,34323675
20220831,053260,금강철강,KOSDAQ,우량기업부,7650,210,2.82,7360,8000,7250,1173645,9114918420,143208000000,18720000
20220831,036190,금화피에스시,KOSDAQ,우량기업부,31300,600,1.95,30700,31400,30400,7852,244508250,187800000000,6000000
20220831,049080,기가레인,KOSDAQ,벤처기업부,1515,0,0.00,1490,1555,1485,314785,480062875,120053508600,79243240
20220831,035460,기산텔레콤,KOSDAQ,벤처기업부,3585,145,4.22,3460,3685,3370,445693,1576750495,52259763900,14577340
20220831,308100,까스텔바작,KOSDAQ,중견기업부,9950,-50,-0.50,10050,10300,9860,50064,500024410,65637165000,6596700
20220831,187790,나노,KOSDAQ,벤처기업부,1125,15,1.35,1110,1135,1105,46182,51666800,30451156875,27067695
20220831,286750,나노브릭,KOSDAQ,기술성장기업부,2310,5,0.22,2305,2320,2220,36184,82432145,47273108190,20464549
20220831,121600,나노신소재,KOSDAQ,우량기업부,97300,400,0.41,96000,98100,95200,180662,17439650600,1055542800900,10848333
20220831,247660,나노씨엠에스,KOSDAQ,기술성장기업부,25650,-150,-0.58,25950,26050,25050,30227,772980250,110010798000,4288920
20220831,039860,나노엔텍,KOSDAQ,중견기업부,5070,20,0.40,5000,5090,4990,24658,124457080,135914668890,26807627
20220831,091970,나노캠텍,KOSDAQ,관리종목(소속부없음),1610,0,0.00,0,0,0,0,0,45209484250,28080425
20220831,051490,나라엠앤디,KOSDAQ,중견기업부,7080,-30,-0.42,7150,7150,6960,34647,244153390,100536000000,14200000
20220831,137080,나래나노텍,KOSDAQ,중견기업부,8470,130,1.56,8300,8490,8250,40433,339696410,93673304340,11059422
20220831,190510,나무가,KOSDAQ,중견기업부,11200,250,2.28,11150,11300,10850,543973,6026487950,170199019200,15196341
20220831,242040,나무기술,KOSDAQ,기술성장기업부,1990,40,2.05,1950,1990,1930,87179,171725210,68140983000,34241700
20220831,089600,나스미디어,KOSDAQ,우량기업부,27700,850,3.17,26750,28100,26400,106188,2913044400,291956947400,10539962
20220831,293580,나우IB,KOSDAQ,벤처기업부,8640,-20,-0.23,8560,8690,8560,12026,103475050,82745280000,9577000
20220831,138610,나이벡,KOSDAQ,기술성장기업부,22450,200,0.90,22250,22600,21900,11529,256772100,223545403550,9957479
20220831,130580,나이스디앤비,KOSDAQ,우량기업부,7960,40,0.51,7760,7980,7760,1802,14225890,122584000000,15400000
20220831,036800,나이스정보통신,KOSDAQ,우량기업부,25300,-350,-1.36,25100,25700,25100,11976,302942400,253000000000,10000000
20220831,267320,나인테크,KOSDAQ,우량기업부,3730,20,0.54,3685,3830,3670,876251,3293941695,146949146420,39396554
20220831,111710,남화산업,KOSDAQ,벤처기업부,7920,-90,-1.12,8010,8020,7900,16729,133498170,163056960000,20588000
20220831,091590,남화토건,KOSDAQ,우량기업부,7480,-40,-0.53,7420,7520,7410,12516,93148640,87815200000,11740000
20220831,168330,내츄럴엔도텍,KOSDAQ,벤처기업부,4480,-40,-0.88,4520,4570,4420,27410,123169085,142261952000,31754900
20220831,094860,네오리진,KOSDAQ,벤처기업부,675,-9,-1.32,688,688,669,262901,177789319,70510348125,104459775
20220831,253590,네오셈,KOSDAQ,벤처기업부,3300,35,1.07,3265,3320,3230,46068,150808985,126900265800,38454626
20220831,212560,네오오토,KOSDAQ,우량기업부,7590,0,0.00,7590,7690,7550,41314,314394120,59770969170,7874963
20220831,095660,네오위즈,KOSDAQ,우량기업부,39450,1800,4.78,37400,39450,36550,1978704,75864452350,869230214550,22033719
20220831,042420,네오위즈홀딩스,KOSDAQ,우량기업부,34500,-200,-0.58,34050,35000,33200,184430,6317832850,305561877000,8856866
20220831,950220,네오이뮨텍,KOSDAQ,외국기업(소속부없음),4650,-25,-0.53,4655,4725,4550,406428,1889326970,459148021500,98741510
20220831,311390,네오크레마,KOSDAQ,벤처기업부,12900,-700,-5.15,13650,14000,12850,178707,2366748600,103672075500,8036595
20220831,085910,네오티스,KOSDAQ,중견기업부,5440,80,1.49,5360,5440,5250,50419,269650030,75228225920,13828718
20220831,092730,네오팜,KOSDAQ,우량기업부,19550,200,1.03,19350,19550,19100,8836,171282650,160453907550,8207361
20220831,290660,네오펙트,KOSDAQ,기술성장기업부,1895,15,0.80,1880,2015,1880,115533,221737700,36460969215,19240617
20220831,306620,네온테크,KOSDAQ,벤처기업부,4130,40,0.98,4040,4155,4035,221191,907858745,172173946910,41688607
20220831,153460,네이블,KOSDAQ,벤처기업부,7600,90,1.20,7510,7710,7430,13900,105393620,49628106400,6530014
20220831,007390,네이처셀,KOSDAQ,중견기업부,26450,-800,-2.94,27300,27600,26200,1379309,37060294800,1656752776200,62637156
20220831,033640,네패스,KOSDAQ,중견기업부,21900,1100,5.29,20600,21900,20250,192246,4124480200,504996523800,23059202
20220831,330860,네패스아크,KOSDAQ,벤처기업부,28450,600,2.15,27700,28550,27350,19374,545492050,346636080250,12184045
20220831,089140,넥스턴바이오,KOSDAQ,벤처기업부,2665,15,0.57,2645,2665,2615,218471,576292185,93358518435,35031339
20220831,137940,넥스트아이,KOSDAQ,중견기업부,709,-4,-0.56,700,715,700,120201,84677433,55529583328,78320992
20220831,396270,넥스트칩,KOSDAQ,기술성장기업부,11200,150,1.36,11000,11300,10900,262238,2908863900,194703488000,17384240
20220831,348210,넥스틴,KOSDAQ,기술성장기업부,56700,800,1.43,55500,56900,55100,24277,1366874200,564543415800,9956674
20220831,225570,넥슨게임즈,KOSDAQ,중견기업부,16750,-50,-0.30,16550,17100,16550,725977,12216567400,1101253071000,65746452
20220831,217270,넵튠,KOSDAQ,중견기업부,12700,150,1.20,12550,12750,12300,26819,336969350,419204444800,33008224
20220831,104620,노랑풍선,KOSDAQ,관리종목(소속부없음),8190,-120,-1.44,8320,8490,8150,108180,893761490,128968716240,15747096
20220831,194700,노바렉스,KOSDAQ,우량기업부,14900,100,0.68,14800,15000,14400,61536,905791350,134155726000,9003740
20220831,285490,노바텍,KOSDAQ,벤처기업부,29700,250,0.85,29150,29850,29100,20138,592145150,314102180700,10575831
20220831,106520,노블엠앤비,KOSDAQ,중견기업부,3615,-110,-2.95,3765,3765,3600,44101,160477660,90154325940,24938956
20220831,376930,노을,KOSDAQ,기술성장기업부,6810,190,2.87,6550,6850,6550,42104,284605780,77998539300,11453530
20220831,278650,노터스,KOSDAQ,벤처기업부,5990,90,1.53,5890,6030,5800,1128534,6699370900,420829708230,70255377
20220831,142280,녹십자엠에스,KOSDAQ,중견기업부,7180,110,1.56,7040,7280,7030,96012,689481940,151622091940,21117283
20220831,234690,녹십자웰빙,KOSDAQ,우량기업부,8030,40,0.50,7910,8050,7910,25525,204372080,142550776280,17752276
20220831,065560,녹원씨엔아이,KOSDAQ,관리종목(소속부없음),5770,0,0.00,0,0,0,0,0,134210921250,23260125
20220831,054050,농우바이오,KOSDAQ,우량기업부,10200,0,0.00,10200,10200,10100,27004,274349800,163511722200,16030561
20220831,069140,누리플랜,KOSDAQ,벤처기업부,5570,50,0.91,5520,5570,5380,10951,60036120,39562278510,7102743
20220831,040160,누리플렉스,KOSDAQ,우량기업부,6330,70,1.12,6260,6370,6160,15318,95882650,76311536550,12055535
20220831,332290,누보,KOSDAQ,벤처기업부,2540,-70,-2.68,2595,2610,2520,493042,1256433080,80483260420,31686323
20220831,126870,뉴로스,KOSDAQ,관리종목(소속부없음),2230,0,0.00,0,0,0,0,0,79475857540,35639398
20220831,060260,뉴보텍,KOSDAQ,벤처기업부,1020,-10,-0.97,1035,1040,1020,257407,264099015,40199268960,39411048
20220831,012340,뉴인텍,KOSDAQ,벤처기업부,3750,60,1.63,3735,3775,3675,424473,1586656610,112666882500,30044502
20220831,214870,뉴지랩파마,KOSDAQ,중견기업부,11900,-400,-3.25,12100,12400,11900,153363,1859336450,372779816500,31326035
20220831,270870,뉴트리,KOSDAQ,우량기업부,12050,100,0.84,11950,12050,11800,9629,115016650,110862699200,9200224
20220831,144960,뉴파워프라즈마,KOSDAQ,투자주의환기종목(소속부없음),4710,155,3.40,4555,4730,4530,107460,503387790,205792259040,43692624
20220831,085670,뉴프렉스,KOSDAQ,중견기업부,6040,560,10.22,5480,6200,5450,4558453,27166052540,146226908120,24209753
20220831,119860,다나와,KOSDAQ,우량기업부,18200,-300,-1.62,18750,18750,18200,24957,458377150,237961760400,13074822
20220831,064260,다날,KOSDAQ,우량기업부,7320,20,0.27,7190,7360,7190,427417,3120929810,504706972800,68949040
20220831,093640,다믈멀티미디어,KOSDAQ,벤처기업부,4300,30,0.70,4390,4390,4225,20628,87806175,78467642700,18248289
20220831,340360,다보링크,KOSDAQ,벤처기업부,1200,15,1.27,1180,1200,1160,30711,36322610,51318192000,42765160
20220831,039560,다산네트웍스,KOSDAQ,벤처기업부,5440,60,1.12,5310,5450,5310,30413,164260450,197911758720,36380838
20220831,298870,다올인베스트먼트,KOSDAQ,중견기업부,3150,0,0.00,3140,3155,3120,55232,173582140,315000000000,100000000
20220831,032190,다우데이타,KOSDAQ,우량기업부,12150,0,0.00,12050,12300,11900,44735,546587400,465345000000,38300000
20220831,068240,다원시스,KOSDAQ,벤처기업부,23200,-200,-0.85,23450,23600,23000,143980,3344803750,804124040800,34660519
20220831,020400,대동금속,KOSDAQ,벤처기업부,9870,80,0.82,9810,9930,9790,11957,117462970,31477068420,3189166
20220831,008830,대동기어,KOSDAQ,중견기업부,9760,-90,-0.91,9860,10350,9710,1276398,12738828780,87718195200,8987520
20220831,048470,대동스틸,KOSDAQ,우량기업부,5280,0,0.00,5280,5370,5230,34911,184913430,52800000000,10000000
20220831,004780,대륙제관,KOSDAQ,우량기업부,4775,15,0.32,4760,4790,4740,35019,166854450,75937775225,15903199
20220831,017650,대림제지,KOSDAQ,우량기업부,9380,30,0.32,9360,9380,9250,6721,62676580,84420000000,9000000
20220831,007720,대명소노시즌,KOSDAQ,우량기업부,859,5,0.59,859,867,851,51757,44275452,86587586550,100800450
20220831,389260,대명에너지,KOSDAQ,중견기업부,29350,750,2.62,31000,33250,28700,4481755,138973270000,498950000000,17000000
20220831,317850,대모,KOSDAQ,벤처기업부,7550,-50,-0.66,7610,7730,7430,318550,2398956800,62849371000,8324420
20220831,290670,대보마그네틱,KOSDAQ,벤처기업부,63100,-400,-0.63,63700,66000,62300,112551,7216828400,493725950000,7824500
20220831,078140,대봉엘에스,KOSDAQ,우량기업부,8380,140,1.70,8240,8380,8160,15940,132112680,92905532020,11086579
20220831,036480,대성미생물,KOSDAQ,중견기업부,12500,100,0.81,12400,12500,12100,10285,126478000,47500000000,3800000
20220831,025440,대성엘텍,KOSDAQ,중견기업부,843,3,0.36,846,846,835,183578,154286529,85118842149,100971343
20220831,027830,대성창투,KOSDAQ,벤처기업부,3150,25,0.80,3110,3170,3085,348602,1090680375,126000000000,40000000
20220831,104040,대성파인텍,KOSDAQ,벤처기업부,1875,25,1.35,1855,1890,1820,141232,261784125,58689901875,31301281
20220831,129920,대성하이텍,KOSDAQ,벤처기업부,14050,-650,-4.42,14500,14750,13800,1527852,21669747850,186563571300,13278546
20220831,387310,대신밸런스제10호스팩,KOSDAQ,SPAC(소속부없음),2470,0,0.00,0,0,0,0,0,13486200000,5460000
20220831,397500,대신밸런스제11호스팩,KOSDAQ,SPAC(소속부없음),2680,0,0.00,0,0,0,0,0,20394800000,7610000
20220831,426670,대신밸런스제12호스팩,KOSDAQ,SPAC(소속부없음),2195,30,1.39,2165,2220,2165,94342,207275725,12752950000,5810000
20220831,020180,대신정보통신,KOSDAQ,중견기업부,1390,10,0.72,1370,1395,1350,1218658,1670177325,53416191850,38428915
20220831,045390,대아티아이,KOSDAQ,우량기업부,3625,40,1.12,3525,3635,3525,192374,689038735,257924267250,71151522
20220831,108380,대양전기공업,KOSDAQ,우량기업부,14750,-250,-1.67,14900,14900,14400,42732,623636750,141118161750,9567333
20220831,006580,대양제지,KOSDAQ,관리종목(소속부없음),3260,0,0.00,0,0,0,0,0,87531000000,26850000
20220831,007680,대원,KOSDAQ,우량기업부,8450,-50,-0.59,8480,8480,8320,9405,78792630,113622705300,13446474
20220831,048910,대원미디어,KOSDAQ,우량기업부,16000,850,5.61,15150,16000,14950,177981,2789389500,201263136000,12578946
20220831,005710,대원산업,KOSDAQ,우량기업부,5660,0,0.00,5660,5680,5590,4359,24621490,113412816000,20037600
20220831,290380,대유,KOSDAQ,중견기업부,4650,80,1.75,4560,4730,4540,244316,1124071465,114918295800,24713612
20220831,290120,대유에이피,KOSDAQ,중견기업부,6490,170,2.69,6320,6590,6320,36481,236969670,74674082780,11506022
20220831,120240,대정화금,KOSDAQ,우량기업부,20100,800,4.15,19100,20350,18850,229393,4531074350,144526859100,7190391
20220831,003310,대주산업,KOSDAQ,중견기업부,2885,-80,-2.70,2930,2990,2880,1468696,4272598440,102106929750,35392350
20220831,078600,대주전자재료,KOSDAQ,우량기업부,98400,400,0.41,98000,99000,97200,201345,19770008400,1523290351200,15480593
20220831,096350,대창솔루션,KOSDAQ,벤처기업부,399,-1,-0.25,400,407,396,836992,334440598,65340642591,163761009
20220831,140520,대창스틸,KOSDAQ,중견기업부,3535,15,0.43,3520,3535,3450,58954,205983800,74621174005,21109243
20220831,131220,대한과학,KOSDAQ,벤처기업부,9220,110,1.21,9070,9330,9030,65828,607337000,68730397800,7454490
20220831,010170,대한광통신,KOSDAQ,중견기업부,2790,165,6.29,2625,2810,2585,1065735,2912965240,205739133750,73741625
20220831,060900,대한그린파워,KOSDAQ,중견기업부,722,-10,-1.37,732,732,720,519515,376132316,124752073210,172786805
20220831,054670,대한뉴팜,KOSDAQ,우량기업부,10300,50,0.49,10250,10300,10100,23103,235824000,147855676000,14354920
20220831,023910,대한약품,KOSDAQ,우량기업부,25850,-300,-1.15,26000,26100,25650,7640,197875150,155100000000,6000000
20220831,021040,대호특수강,KOSDAQ,중견기업부,709,-9,-1.25,706,733,701,67848,48119643,53457564860,75398540
20220831,021045,대호특수강우,KOSDAQ,중견기업부,1315,5,0.38,1315,1315,1295,957,1251955,5578842790,4242466
20220831,067080,대화제약,KOSDAQ,우량기업부,7160,0,0.00,7060,7230,7060,11702,83648180,133295214000,18616650
20220831,298540,더네이쳐홀딩스,KOSDAQ,우량기업부,29050,250,0.87,29300,29300,28600,31985,925164550,422522256800,14544656
20220831,299170,더블유에스아이,KOSDAQ,중견기업부,1865,10,0.54,1870,1955,1850,82134,154919445,56002150995,30027963
20220831,213420,덕산네오룩스,KOSDAQ,우량기업부,36100,2350,6.96,34350,36600,33350,491836,17429001650,896405561900,24831179
20220831,317330,덕산테코피아,KOSDAQ,우량기업부,20050,3750,23.01,16100,20800,16050,3431584,66939375300,368467431400,18377428
20220831,077360,덕산하이메탈,KOSDAQ,우량기업부,7290,270,3.85,6940,7320,6910,369299,2664752700,331235744580,45437002
20220831,090410,덕신하우징,KOSDAQ,중견기업부,2145,15,0.70,2120,2160,2110,714087,1546495080,98850383775,46084095
20220831,263600,덕우전자,KOSDAQ,우량기업부,7560,280,3.85,7300,7560,7300,121602,908327640,120433143600,15930310
20220831,194480,데브시스터즈,KOSDAQ,우량기업부,39000,450,1.17,38300,39300,38000,51982,2013538450,461356740000,11829660
20220831,263800,데이타솔루션,KOSDAQ,중견기업부,5660,220,4.04,5520,5900,5470,764597,4391239760,91712262800,16203580
20220831,206560,덱스터,KOSDAQ,기술성장기업부,13800,100,0.73,13700,13850,13350,106580,1456327850,350662636800,25410336
20220831,261200,덴티스,KOSDAQ,벤처기업부,8940,280,3.23,8660,9020,8570,124979,1110335170,131935536600,14757890
20220831,067990,도이치모터스,KOSDAQ,우량기업부,7740,-140,-1.78,7870,7870,7720,142664,1107998730,243620787960,31475554
20220831,006620,동구바이오제약,KOSDAQ,우량기업부,6630,80,1.22,6550,6680,6510,41857,277470120,188722896960,28464992
20220831,100130,동국S&C,KOSDAQ,우량기업부,7300,0,0.00,7230,7410,7120,1296776,9407588740,417143900000,57143000
20220831,005160,동국산업,KOSDAQ,우량기업부,3905,175,4.69,3750,3905,3700,1111674,4280886175,211824702210,54244482
20220831,075970,동국알앤에스,KOSDAQ,중견기업부,3995,25,0.63,3960,4040,3925,82384,325774415,73508000000,18400000
20220831,086450,동국제약,KOSDAQ,우량기업부,18550,-50,-0.27,18400,18700,18400,42946,797173650,824733000000,44460000
20220831,099410,동방선기,KOSDAQ,중견기업부,3520,-20,-0.56,3555,3555,3395,185274,639163930,47664327040,13541002
20220831,033500,동성화인텍,KOSDAQ,우량기업부,13050,-400,-2.97,13300,13400,12850,417217,5426513050,387832480200,29718964
20220831,025950,동신건설,KOSDAQ,중견기업부,19050,-400,-2.06,19100,19550,19050,40477,776672350,160020000000,8400000
20220831,088130,동아엘텍,KOSDAQ,우량기업부,7200,100,1.41,7100,7200,6980,19991,142472370,76773153600,10662938
20220831,041930,동아화성,KOSDAQ,우량기업부,8750,30,0.34,8700,8820,8610,31106,271009670,138250000000,15800000
20220831,060380,동양에스텍,KOSDAQ,우량기업부,2575,60,2.39,2530,2600,2490,63384,161213450,50727500000,19700000
20220831,079960,동양이엔피,KOSDAQ,우량기업부,14750,0,0.00,14850,14850,14550,7877,115583800,115935000000,7860000
20220831,228340,동양파일,KOSDAQ,중견기업부,3540,60,1.72,3500,3540,3440,16059,55818785,70800000000,20000000
20220831,088910,동우팜투테이블,KOSDAQ,중견기업부,2870,60,2.14,2785,2870,2785,69677,197796940,74137162680,25831764
20220831,094170,동운아나텍,KOSDAQ,벤처기업부,10900,-50,-0.46,10950,11050,10700,305866,3323947600,194919489800,17882522
20220831,013120,동원개발,KOSDAQ,우량기업부,3725,-15,-0.40,3720,3750,3710,144881,539059985,338260172500,90808100
20220831,109860,동일금속,KOSDAQ,우량기업부,21450,400,1.90,21200,21600,21150,25538,545483700,195195000000,9100000
20220831,032960,동일기연,KOSDAQ,중견기업부,12800,50,0.39,12750,12900,12500,14008,177871100,46529920000,3635150
20220831,023790,동일철강,KOSDAQ,중견기업부,2855,95,3.44,2815,2855,2730,51043,143990740,45635593330,15984446
20220831,005290,동진쎄미켐,KOSDAQ,우량기업부,34550,1000,2.98,33100,34600,32950,410513,13939004000,1776370767700,51414494
20220831,025900,동화기업,KOSDAQ,우량기업부,68100,100,0.15,67500,68400,66800,40847,2756652600,1375861959300,20203553
20220831,131970,두산테스나,KOSDAQ,우량기업부,28850,650,2.30,27750,28900,27500,94178,2680493550,425813796450,14759577
20220831,073190,듀오백,KOSDAQ,중견기업부,2450,70,2.94,2380,2450,2365,16845,40189870,29321698000,11968040
20220831,030350,드래곤플라이,KOSDAQ,중견기업부,1805,-5,-0.28,1785,1815,1775,202194,362714415,74612115360,41336352
20220831,203650,드림시큐리티,KOSDAQ,벤처기업부,3185,45,1.43,3155,3240,3120,132108,419662530,161179326490,50605754
20220831,223250,드림씨아이에스,KOSDAQ,중견기업부,12600,350,2.86,12250,13000,12050,20801,261040800,74664072000,5925720
20220831,060570,드림어스컴퍼니,KOSDAQ,중견기업부,3370,50,1.51,3295,3370,3295,32437,111175025,191617684390,56859847
20220831,217620,디딤,KOSDAQ,중견기업부,1290,0,0.00,1275,1290,1255,104553,132793040,59363169690,46017961
20220831,016670,디모아,KOSDAQ,관리종목(소속부없음),973,0,0.00,0,0,0,0,0,99107857352,101858024
20220831,187870,디바이스이엔지,KOSDAQ,우량기업부,18050,550,3.14,17500,18150,17400,6230,110999550,127010792450,7036609
20220831,066670,디스플레이텍,KOSDAQ,우량기업부,5900,150,2.61,5760,5900,5710,104026,607276840,110282316200,18691918
20220831,110990,디아이티,KOSDAQ,우량기업부,7640,-50,-0.65,7690,7740,7490,27538,209086560,144396000000,18900000
20220831,078590,디아크,KOSDAQ,관리종목(소속부없음),2380,0,0.00,0,0,0,0,0,316556560040,133006958
20220831,263690,디알젬,KOSDAQ,우량기업부,9380,140,1.52,9190,9390,9120,8098,74602970,106234221800,11325610
20220831,214680,디알텍,KOSDAQ,벤처기업부,1545,25,1.64,1520,1555,1500,212504,324408360,89640830475,58019955
20220831,263720,디앤씨미디어,KOSDAQ,중견기업부,19400,300,1.57,19100,19400,18800,23159,442075950,238137153400,12275111
20220831,376300,디어유,KOSDAQ,기술성장기업부,37200,150,0.40,37450,38350,36450,220770,8246810200,817550575200,21977166
20220831,141020,디에스앤엘,KOSDAQ,투자주의환기종목(소속부없음),1335,0,0.00,0,0,0,0,0,43790846220,32802132
20220831,109740,디에스케이,KOSDAQ,벤처기업부,5450,50,0.93,5400,5450,5390,2275,12313710,147285759500,27024910
20220831,196490,디에이테크놀로지,KOSDAQ,투자주의환기종목(소속부없음),4700,-50,-1.05,4750,4855,4620,186058,880172700,116025708700,24686321
20220831,066900,디에이피,KOSDAQ,우량기업부,3180,5,0.16,3175,3190,3100,42204,132320205,72327519540,22744503
20220831,180400,디엑스앤브이엑스,KOSDAQ,관리종목(소속부없음),7740,0,0.00,0,0,0,0,0,222082929900,28692885
20220831,127120,디엔에이링크,KOSDAQ,기술성장기업부,4870,75,1.56,4805,5060,4805,538737,2650634040,83246280040,17093692
20220831,092070,디엔에프,KOSDAQ,우량기업부,16050,250,1.58,15650,16050,15400,51982,819736050,185728320900,11571858
20220831,039840,디오,KOSDAQ,우량기업부,26900,300,1.13,26200,27350,25200,215985,5749266900,427219209500,15881755
20220831,219550,디와이디,KOSDAQ,관리종목(소속부없음),1375,-5,-0.36,1380,1390,1360,135400,186382535,50514186250,36737590
20220831,310870,디와이씨,KOSDAQ,벤처기업부,1655,-20,-1.19,1680,1680,1625,147142,241508540,34237433505,20687271
20220831,104460,디와이피엔에프,KOSDAQ,우량기업부,38700,200,0.52,38900,38900,37950,6885,263797950,414617287500,10713625
20220831,079810,디이엔티,KOSDAQ,중견기업부,8350,-150,-1.76,8410,8560,8240,167653,1397661280,128652140700,15407442
20220831,113810,디젠스,KOSDAQ,벤처기업부,1690,-85,-4.79,1775,1775,1685,1025310,1752960285,55141406190,32628051
20220831,043360,디지아이,KOSDAQ,벤처기업부,3245,-45,-1.37,3290,3305,3225,86640,283123755,29205000000,9000000
20220831,197140,디지캡,KOSDAQ,벤처기업부,3910,-35,-0.89,3950,3960,3840,21318,82733325,37370407590,9557649
20220831,068930,디지털대성,KOSDAQ,우량기업부,7570,40,0.53,7490,7570,7440,6157,46187150,225591594230,29800739
20220831,033130,디지틀조선,KOSDAQ,중견기업부,2170,0,0.00,2170,2190,2140,59020,127502560,80540129390,37115267
20220831,105740,디케이락,KOSDAQ,우량기업부,11550,-100,-0.86,11550,11800,11300,128063,1482027250,98081583600,8491912
20220831,263020,디케이앤디,KOSDAQ,벤처기업부,3560,120,3.49,3450,3595,3445,82090,290380405,55273998240,15526404
20220831,290550,디케이티,KOSDAQ,우량기업부,11100,200,1.83,10750,11300,10600,129719,1438319300,182735592600,16462666
20220831,187220,디티앤씨,KOSDAQ,벤처기업부,5870,180,3.16,5690,5870,5610,32860,189156650,68667383270,11698021
20220831,131180,딜리,KOSDAQ,벤처기업부,1645,15,0.92,1635,1650,1615,67742,110628785,48280750000,29350000
20220831,315640,딥노이드,KOSDAQ,기술성장기업부,8060,590,7.90,7370,9260,7350,2316335,20156879590,74778632760,9277746
20220831,317120,라닉스,KOSDAQ,기술성장기업부,6540,100,1.55,6440,6560,6200,27166,176366410,63176400000,9660000
20220831,042510,라온시큐어,KOSDAQ,중견기업부,2860,35,1.24,2870,2955,2800,173358,495484565,110586893560,38666746
20220831,232680,라온테크,KOSDAQ,기술성장기업부,13600,100,0.74,13250,13600,13100,87063,1170434350,169737982400,12480734
20220831,300120,라온피플,KOSDAQ,벤처기업부,6200,160,2.65,6100,6390,6070,979327,6050865820,128836074400,20780012
20220831,171120,라이온켐텍,KOSDAQ,중견기업부,9850,30,0.31,10100,10350,9800,254101,2550537760,186101723600,18893576
20220831,069540,라이트론,KOSDAQ,벤처기업부,3750,20,0.54,3665,3790,3660,46059,171847100,97732335000,26061956
20220831,347700,라이프시맨틱스,KOSDAQ,기술성장기업부,5180,20,0.39,5160,5300,5100,18051,94427070,52980781000,10227950
20220831,214260,라파스,KOSDAQ,기술성장기업부,37850,200,0.53,37850,38400,37500,13918,525176700,326169195600,8617416
20220831,200350,래몽래인,KOSDAQ,기술성장기업부,19850,300,1.53,19500,20000,19300,84093,1653815050,124231602150,6258519
20220831,171010,램테크놀러지,KOSDAQ,벤처기업부,6810,260,3.97,6470,6880,6450,86496,576700560,94223548170,13836057
20220831,084650,랩지노믹스,KOSDAQ,우량기업부,6740,200,3.06,6540,7180,6530,4099236,28368424360,229103539020,33991623
20220831,217500,러셀,KOSDAQ,벤처기업부,3630,30,0.83,3600,3650,3520,116617,417554965,115477560000,31812000
20220831,141080,레고켐바이오,KOSDAQ,기술성장기업부,45100,-200,-0.44,44700,45600,44250,130894,5885610850,1096076935800,24303258
20220831,060300,레드로버,KOSDAQ,관리종목(소속부없음),1830,0,0.00,0,0,0,0,0,53493273510,29231297
20220831,038390,레드캡투어,KOSDAQ,우량기업부,20950,500,2.44,20450,21100,20200,25378,528466950,179949606000,8589480
20220831,294140,레몬,KOSDAQ,기술성장기업부,5620,280,5.24,5420,5650,5230,255213,1399501710,207940000000,37000000
20220831,228670,레이,KOSDAQ,우량기업부,20950,850,4.23,20100,21550,20000,123833,2608802100,278771887300,13306534
20220831,228850,레이언스,KOSDAQ,우량기업부,10100,190,1.92,9910,10100,9870,7212,71960110,167569241400,16591014
20220831,412350,레이저쎌,KOSDAQ,기술성장기업부,12700,100,0.79,12600,12800,12450,214735,2720877700,107007304400,8425772
20220831,281740,레이크머티리얼즈,KOSDAQ,우량기업부,5930,200,3.49,5670,5960,5600,3133379,18169178780,389782149640,65730548
20220831,277810,레인보우로보틱스,KOSDAQ,기술성장기업부,30800,350,1.15,30300,31600,29600,396381,12242626250,496964591200,16135214
20220831,215100,로보로보,KOSDAQ,벤처기업부,7650,40,0.53,7540,7800,7520,317871,2436939600,155665673100,20348454
20220831,090360,로보스타,KOSDAQ,중견기업부,20100,0,0.00,19950,20300,19750,36933,741753650,195975000000,9750000
20220831,108490,로보티즈,KOSDAQ,기술성장기업부,22800,100,0.44,22600,23300,22250,222477,5060752400,272059244400,11932423
20220831,900260,로스웰,KOSDAQ,외국기업(소속부없음),325,2,0.62,327,327,320,1033434,334560257,58550843975,180156443
20220831,067730,로지시스,KOSDAQ,중견기업부,5630,90,1.62,5540,5690,5470,305216,1708777710,54464180860,9673922
20220831,071280,로체시스템즈,KOSDAQ,우량기업부,6390,10,0.16,6340,6410,6270,90360,574659710,97745293170,15296603
20220831,328130,루닛,KOSDAQ,기술성장기업부,37800,1050,2.86,36800,38550,36000,151008,5633194850,397651199400,10519873
20220831,038060,루멘스,KOSDAQ,중견기업부,1125,25,2.27,1100,1135,1080,165592,182327045,54115952625,48103069
20220831,085370,루트로닉,KOSDAQ,중견기업부,18900,500,2.72,18350,18900,18150,159583,2988623750,497872437300,26342457
20220831,08537M,루트로닉3우C,KOSDAQ,중견기업부,26800,100,0.37,26550,27200,26550,34,908850,6091640000,227300
20220831,060240,룽투코리아,KOSDAQ,벤처기업부,4250,60,1.43,4190,4360,4115,598694,2532421575,108074457000,25429284
20220831,058470,리노공업,KOSDAQ,우량기업부,143600,700,0.49,141800,145000,140700,47023,6732075717,2188804332000,15242370
20220831,039980,리노스,KOSDAQ,중견기업부,940,14,1.51,932,946,924,82535,77419625,42970780240,45713596
20220831,019570,리더스 기술투자,KOSDAQ,중견기업부,388,2,0.52,386,396,381,192251,74290101,50456956764,130043703
20220831,016100,리더스코스메틱,KOSDAQ,관리종목(소속부없음),2480,-15,-0.60,2470,2570,2455,11885,29641975,47370217120,19100894
20220831,012700,리드코프,KOSDAQ,우량기업부,8450,-50,-0.59,8500,8530,8420,56317,476301640,223469840750,26446135
20220831,302550,리메드,KOSDAQ,기술성장기업부,15750,2500,18.87,13200,17200,12900,2212558,36121971250,96509952000,6127616
20220831,377450,리파인,KOSDAQ,중견기업부,10250,50,0.49,10150,10250,10100,10511,107203950,177632500000,17330000
20220831,277070,린드먼아시아,KOSDAQ,벤처기업부,4655,25,0.54,4630,4760,4590,6064,28087850,63736260000,13692000
20220831,042500,링네트,KOSDAQ,우량기업부,4935,0,0.00,4935,4940,4900,27965,137674690,75786192930,15356878
20220831,219420,링크제니시스,KOSDAQ,기술성장기업부,6720,-10,-0.15,6680,6790,6660,29050,195629880,77075087040,11469507
20220831,195500,마니커에프앤지,KOSDAQ,중견기업부,4000,-15,-0.37,3965,4020,3965,23190,92663875,63712000000,15928000
20220831,305090,마이크로디지탈,KOSDAQ,기술성장기업부,5500,-40,-0.72,5550,5600,5360,35859,196160730,81093100000,14744200
20220831,098120,마이크로컨텍솔,KOSDAQ,벤처기업부,6800,-60,-0.87,6890,6890,6640,125448,851002510,56526808800,8312766
20220831,147760,마이크로프랜드,KOSDAQ,벤처기업부,4920,50,1.03,4850,4920,4810,20135,98412450,53233740720,10819866
20220831,377480,마인즈랩,KOSDAQ,기술성장기업부,15500,200,1.31,15050,15600,15050,22930,350306000,94227724000,6079208
20220831,038290,마크로젠,KOSDAQ,우량기업부,23600,100,0.43,23450,23750,23100,14634,343256350,255857040000,10841400
20220831,267980,매일유업,KOSDAQ,우량기업부,57400,-100,-0.17,57200,57900,57100,6644,381700000,450224821200,7843638
20220831,005990,매일홀딩스,KOSDAQ,우량기업부,8930,90,1.02,8840,8930,8820,1657,14699910,122504454720,13718304
20220831,127160,매직마이크로,KOSDAQ,관리종목(소속부없음),282,0,0.00,0,0,0,0,0,24427827282,86623501
20220831,093520,매커스,KOSDAQ,우량기업부,8070,0,0.00,8050,8090,7950,38767,311212470,130436152440,16163092
20220831,377030,맥스트,KOSDAQ,기술성장기업부,16300,150,0.93,15750,16350,15600,115421,1850931600,319005376600,19570882
20220831,100590,머큐리,KOSDAQ,우량기업부,6310,150,2.44,6090,6310,6070,14198,87267290,93769338540,14860434
20220831,067280,멀티캠퍼스,KOSDAQ,우량기업부,36000,-600,-1.64,36600,36600,35500,22398,800737400,213364044000,5926779
20220831,072870,메가스터디,KOSDAQ,벤처기업부,11350,-100,-0.87,11350,11450,11250,9847,111888100,135302884650,11920959
20220831,215200,메가스터디교육,KOSDAQ,우량기업부,78300,-900,-1.14,79400,79500,77900,51504,4041010100,928785204000,11861880
20220831,133750,메가엠디,KOSDAQ,우량기업부,3680,120,3.37,3545,3760,3500,1328762,4877330315,86138043360,23407077
20220831,235980,메드팩토,KOSDAQ,기술성장기업부,29700,50,0.17,29350,30100,29000,106452,3140523750,625792424400,21070452
20220831,041920,메디아나,KOSDAQ,우량기업부,4965,305,6.55,4660,5520,4615,6255222,33120417905,79440000000,16000000
20220831,014100,메디앙스,KOSDAQ,중견기업부,3875,-15,-0.39,3900,3990,3820,58083,224254960,45725000000,11800000
20220831,054180,메디콕스,KOSDAQ,중견기업부,11000,-350,-3.08,11900,11900,10800,511167,5859939950,106751898000,9704718
20220831,086900,메디톡스,KOSDAQ,우량기업부,122300,4500,3.82,117900,123500,117100,33401,4061478100,801807727900,6556073
20220831,078160,메디포스트,KOSDAQ,벤처기업부,19400,0,0.00,19400,19600,19050,30379,587257250,315525363600,16264194
20220831,065650,메디프론,KOSDAQ,중견기업부,1515,40,2.71,1470,1525,1465,27443,41310555,66078177885,43615959
20220831,021880,메이슨캐피탈,KOSDAQ,중견기업부,455,7,1.56,451,457,447,651158,293370017,69243905640,152184408
20220831,140410,메지온,KOSDAQ,중견기업부,17900,250,1.42,17500,18100,17400,76737,1372680450,478682122200,26742018
20220831,241770,메카로,KOSDAQ,우량기업부,12550,50,0.40,12350,12700,12250,30603,381266600,127917632000,10192640
20220831,059210,메타바이오메드,KOSDAQ,벤처기업부,2385,5,0.21,2385,2415,2355,58617,140029445,56911707135,23862351
20220831,058110,멕아이씨에스,KOSDAQ,기술성장기업부,5460,130,2.44,5240,5800,5210,669441,3689452400,87635893800,16050530
20220831,096640,멜파스,KOSDAQ,관리종목(소속부없음),1495,0,0.00,0,0,0,0,0,56729621325,37946235
20220831,257370,명성티엔에스,KOSDAQ,투자주의환기종목(소속부없음),9210,0,0.00,0,0,0,0,0,71157896760,7726156
20220831,080420,모다이노칩,KOSDAQ,우량기업부,3870,-10,-0.26,3870,3940,3850,708767,2757924650,308522677140,79721622
20220831,080160,모두투어,KOSDAQ,중견기업부,17850,-300,-1.65,18100,18400,17800,184312,3333136000,337365000000,18900000
20220831,100030,모바일리더,KOSDAQ,중견기업부,21050,50,0.24,20750,21150,20700,3801,79478750,69122179700,3283714
20220831,087260,모바일어플라이언스,KOSDAQ,벤처기업부,3610,30,0.84,3530,3610,3490,462682,1658207610,117515828210,32552861
20220831,101330,모베이스,KOSDAQ,중견기업부,3160,-35,-1.10,3190,3200,3160,30311,96179325,75707874080,23958188
20220831,012860,모베이스전자,KOSDAQ,중견기업부,1495,5,0.34,1485,1500,1460,108290,160263415,105781232115,70756677
20220831,363260,모비데이즈,KOSDAQ,벤처기업부,1470,20,1.38,1450,1470,1420,141834,205333120,235227705090,160018847
20220831,348030,모비릭스,KOSDAQ,중견기업부,15750,100,0.64,15400,15900,15350,41785,653804900,151259850000,9603800
20220831,250060,모비스,KOSDAQ,기술성장기업부,2255,20,0.89,2265,2300,2205,179983,406693465,72546313070,32171314
20220831,288980,모아데이타,KOSDAQ,기술성장기업부,2160,40,1.89,2125,2310,2105,4090829,9074028820,70060101120,32435232
20220831,033200,모아텍,KOSDAQ,중견기업부,8050,20,0.25,8030,8130,7840,39166,313393380,115366039250,14331185
20220831,118990,모트렉스,KOSDAQ,중견기업부,13200,550,4.35,12500,13200,12400,1890547,24496732200,323340600000,24495500
20220831,006920,모헨즈,KOSDAQ,중견기업부,4650,70,1.53,4660,4660,4565,27754,128326460,50778000000,10920000
20220831,001810,무림SP,KOSDAQ,중견기업부,2910,50,1.75,2865,2910,2840,132688,381873450,64420125000,22137500
20220831,279600,미디어젠,KOSDAQ,기술성장기업부,9950,20,0.20,9930,9990,9800,9139,90498160,46613570950,4684781
20220831,095500,미래나노텍,KOSDAQ,우량기업부,11100,50,0.45,10850,11200,10700,2119406,23256149750,344210988900,31009999
20220831,218150,미래생명자원,KOSDAQ,벤처기업부,6880,-100,-1.43,6850,6960,6780,666402,4567527170,136883406720,19895844
20220831,353490,미래에셋대우스팩 5호,KOSDAQ,SPAC(소속부없음),2120,25,1.19,2105,2120,2095,16811,35336230,10727200000,5060000
20220831,100790,미래에셋벤처투자,KOSDAQ,우량기업부,6040,0,0.00,6010,6050,5930,44361,265184330,292821380440,48480361
20220831,412930,미래에셋비전스팩1호,KOSDAQ,SPAC(소속부없음),2115,5,0.24,2110,2115,2100,5169,10894465,13062240000,6176000
20220831,049950,미래컴퍼니,KOSDAQ,벤처기업부,22100,0,0.00,21900,22400,21750,51474,1136601700,189768722000,8586820
20220831,207760,미스터블루,KOSDAQ,중견기업부,5660,70,1.25,5510,5670,5490,31929,178983370,140839506300,24883305
20220831,059090,미코,KOSDAQ,우량기업부,8600,50,0.58,8420,8680,8420,52562,451138190,287384290800,33416778
20220831,214610,미코바이오메드,KOSDAQ,기술성장기업부,8590,340,4.12,8350,8800,8320,707761,6032387240,157266587590,18308101
20220831,201490,미투온,KOSDAQ,중견기업부,6020,180,3.08,5780,6120,5760,2618953,15681417410,188171775400,31257770
20220831,950190,미투젠,KOSDAQ,외국기업(소속부없음),18250,200,1.11,18000,18600,17750,35848,654869450,247833029000,13579892
20220831,206640,바디텍메드,KOSDAQ,우량기업부,10900,200,1.87,10650,11050,10600,59782,650815600,256003504000,23486560
20220831,018700,바른손,KOSDAQ,중견기업부,2765,15,0.55,2720,2775,2700,72764,199615730,97106128105,35119757
20220831,035620,바른손이앤에이,KOSDAQ,중견기업부,1060,-5,-0.47,1065,1075,1035,74103,78436620,78906055500,74439675
20220831,064520,바른전자,KOSDAQ,투자주의환기종목(소속부없음),4960,220,4.64,4795,4985,4690,89146,434757840,41508489120,8368647
20220831,053030,바이넥스,KOSDAQ,우량기업부,14950,100,0.67,14700,15050,14600,95928,1429366350,474827667600,31761048
20220831,301300,바이브컴퍼니,KOSDAQ,기술성장기업부,27950,550,2.01,27400,28050,27050,5250,145351050,155966031000,5580180
20220831,064550,바이오니아,KOSDAQ,우량기업부,30050,750,2.56,29050,30100,29000,228406,6789807850,775599244550,25810291
20220831,314930,바이오다인,KOSDAQ,기술성장기업부,27300,300,1.11,27400,27600,27000,9744,265909950,168391723500,6168195
20220831,208710,바이오로그디바이스,KOSDAQ,벤처기업부,1275,35,2.82,1240,1315,1220,814310,1042929110,53874432675,42254457
20220831,086820,바이오솔루션,KOSDAQ,기술성장기업부,13100,-200,-1.50,13300,13300,12900,13918,182594200,106678880600,8143426
20220831,038460,바이오스마트,KOSDAQ,우량기업부,4320,85,2.01,4230,4890,4210,5383217,24979647960,86779296000,20087800
20220831,251120,바이오에프디엔씨,KOSDAQ,기술성장기업부,21700,-250,-1.14,21650,21950,21500,34416,745900300,188696690000,8695700
20220831,086040,바이오톡스텍,KOSDAQ,벤처기업부,7990,110,1.40,7800,8010,7800,37738,299516220,117190312770,14667123
20220831,099430,바이오플러스,KOSDAQ,벤처기업부,32200,0,0.00,32000,32750,31650,171126,5533622750,466343455200,14482716
20220831,032980,바이온,KOSDAQ,중견기업부,1100,-5,-0.45,1110,1125,1070,141271,154540585,37723158000,34293780
20220831,222160,바이옵트로,KOSDAQ,기술성장기업부,6300,150,2.44,6080,6340,6060,55391,347538520,51306355800,8143866
20220831,308080,바이젠셀,KOSDAQ,기술성장기업부,9420,200,2.17,9100,9450,9070,78049,726641780,179037085200,19006060
20220831,043150,바텍,KOSDAQ,우량기업부,33650,1250,3.86,32700,33800,32250,28185,938409800,499845714400,14854256
20220831,323990,박셀바이오,KOSDAQ,기술성장기업부,71200,-3600,-4.81,74400,76600,70100,1931002,141858182900,1083877600000,15223000
20220831,267790,배럴,KOSDAQ,중견기업부,6540,0,0.00,6550,6550,6480,17194,111973670,51571170000,7885500
20220831,046310,백금T&A,KOSDAQ,중견기업부,2935,75,2.62,2865,2935,2830,52327,151923275,48188711335,16418641
20220831,066410,버킷스튜디오,KOSDAQ,중견기업부,2625,75,2.94,2515,2695,2505,5095321,13382324590,203500626000,77524048
20220831,382900,범한퓨얼셀,KOSDAQ,벤처기업부,39000,-1000,-2.50,38900,39800,38400,520249,20552473750,341679000000,8761000
20220831,206400,베노홀딩스,KOSDAQ,벤처기업부,3210,-5,-0.16,3200,3245,3180,25144,80772970,92557175310,28834011
20220831,019010,베뉴지,KOSDAQ,중견기업부,2360,25,1.07,2345,2380,2305,51699,121027575,113752000000,48200000
20220831,177350,베셀,KOSDAQ,중견기업부,6660,10,0.15,6620,6720,6470,237476,1563393840,82542668040,12393794
20220831,299910,베스파,KOSDAQ,관리종목(소속부없음),3165,0,0.00,0,0,0,0,0,25974889140,8206916
20220831,225530,보광산업,KOSDAQ,우량기업부,6760,240,3.68,6520,6880,6480,139625,933870450,245649794520,36338727
20220831,250000,보라티알,KOSDAQ,중견기업부,13500,50,0.37,13450,13700,13250,41989,563991800,91134895500,6750733
20220831,310210,보로노이,KOSDAQ,기술성장기업부,40050,-50,-0.12,40000,40400,39200,53568,2132801500,506467053450,12645869
20220831,006910,보성파워텍,KOSDAQ,중견기업부,6330,0,0.00,6250,6450,6250,2040165,12967374190,310991785920,49129824
20220831,226340,본느,KOSDAQ,중견기업부,1725,-10,-0.58,1715,1765,1710,237799,411947575,52956803100,30699596
20220831,014470,부방,KOSDAQ,중견기업부,2195,-5,-0.23,2170,2215,2170,64900,142225580,131814710700,60052260
20220831,008470,부스타,KOSDAQ,우량기업부,5190,60,1.17,5130,5230,5130,11156,57710420,43620912000,8404800
20220831,338220,뷰노,KOSDAQ,기술성장기업부,6740,140,2.12,6500,6750,6490,38177,254370600,76388841440,11333656
20220831,100120,뷰웍스,KOSDAQ,우량기업부,39650,-800,-1.98,40250,40300,39450,29842,1183149400,396573947250,10001865
20220831,337930,브랜드엑스코퍼레이션,KOSDAQ,우량기업부,7280,50,0.69,7230,7280,7180,60834,439319880,215287188480,29572416
20220831,099390,브레인즈컴퍼니,KOSDAQ,벤처기업부,8260,-20,-0.24,8280,8280,8180,8141,66954330,67800417580,8208283
20220831,064480,브리지텍,KOSDAQ,벤처기업부,4905,5,0.10,4900,4930,4850,51233,249126385,58627012500,11952500
20220831,288330,브릿지바이오테라퓨틱스,KOSDAQ,기술성장기업부,11550,150,1.32,11400,11550,11150,23403,266068550,229457208750,19866425
20220831,365900,브이씨,KOSDAQ,벤처기업부,10450,0,0.00,10550,10550,10250,25348,262031700,76392635000,7310300
20220831,251630,브이원텍,KOSDAQ,벤처기업부,7720,190,2.52,7520,7720,7430,19225,145630400,117001077600,15155580
20220831,018290,브이티지엠피,KOSDAQ,우량기업부,5300,10,0.19,5250,5310,5220,47020,247786330,182764632900,34483893
20220831,044480,블루베리 NFT,KOSDAQ,중견기업부,1950,30,1.56,1930,1955,1905,122577,237383340,63070762950,32343981
20220831,033560,블루콤,KOSDAQ,벤처기업부,9430,10,0.11,9370,9500,9220,11223,104641880,161253000000,17100000
20220831,369370,블리츠웨이,KOSDAQ,벤처기업부,2725,-5,-0.18,2730,2730,2640,40309,108046220,114338869050,41959218
20220831,126340,비나텍,KOSDAQ,벤처기업부,52300,-900,-1.69,52700,53000,51200,78540,4076492200,285990102600,5468262
20220831,121800,비덴트,KOSDAQ,벤처기업부,8770,80,0.92,8530,8900,8470,2195486,19086059500,483138107280,55089864
20220831,148140,비디아이,KOSDAQ,관리종목(소속부없음),640,0,0.00,0,0,0,0,0,27653546880,43208667
20220831,082800,비보존 헬스케어,KOSDAQ,관리종목(소속부없음),501,0,0.00,486,508,478,2024515,991518377,117255356127,234042627
20220831,318410,비비씨,KOSDAQ,중견기업부,11200,200,1.82,11050,11250,10800,9766,107203500,62218721600,5555243
20220831,146320,비씨엔씨,KOSDAQ,벤처기업부,19400,600,3.19,18750,19500,18550,84487,1623805300,239937706200,12367923
20220831,200780,비씨월드제약,KOSDAQ,벤처기업부,8990,80,0.90,8890,9040,8710,22560,200827380,79942532160,8892384
20220831,141000,비아트론,KOSDAQ,우량기업부,9270,100,1.09,9170,9270,9010,25648,236186340,112303361700,12114710
20220831,090460,비에이치,KOSDAQ,우량기업부,31600,1200,3.95,30350,31850,30100,1893202,59235726150,1089074376400,34464379
20220831,083650,비에이치아이,KOSDAQ,중견기업부,11300,1570,16.14,9600,11750,9500,5583606,60620787500,293800000000,26000000
20220831,142760,비엘,KOSDAQ,기술성장기업부,6050,-80,-1.31,6020,6110,5940,99609,601284890,190264011850,31448597
20220831,065170,비엘팜텍,KOSDAQ,중견기업부,894,6,0.68,870,899,870,103774,92215923,79539679746,88970559
20220831,086670,비엠티,KOSDAQ,우량기업부,17950,-300,-1.64,18300,18400,17600,705715,12451832475,154215055600,8591368
20220831,335890,비올,KOSDAQ,벤처기업부,2160,90,4.35,2040,2160,2040,206372,438286020,125568023040,58133344
20220831,138580,비즈니스온,KOSDAQ,벤처기업부,8450,220,2.67,8230,8490,8150,35048,292261070,190599577350,22556163
20220831,082920,비츠로셀,KOSDAQ,우량기업부,14050,450,3.31,13500,14150,13400,143393,1993291650,302625085600,21539152
20220831,054220,비츠로시스,KOSDAQ,벤처기업부,2250,-10,-0.44,2255,2265,2225,131088,293754755,56616486750,25162883
20220831,042370,비츠로테크,KOSDAQ,우량기업부,7080,90,1.29,6980,7140,6880,81925,574752410,185496177000,26200025
20220831,050090,비케이홀딩스,KOSDAQ,중견기업부,558,8,1.45,552,558,547,148724,82207584,44159529636,79138942
20220831,307870,비투엔,KOSDAQ,벤처기업부,2005,5,0.25,2000,2010,1980,27429,54735805,61555906000,30701200
20220831,357880,비트나인,KOSDAQ,기술성장기업부,10300,0,0.00,10300,10350,10050,40395,413713200,106645746800,10353956
20220831,032850,비트컴퓨터,KOSDAQ,벤처기업부,6900,160,2.37,6660,6930,6660,58491,400639340,114700721700,16623293
20220831,148780,비플라이소프트,KOSDAQ,기술성장기업부,1300,35,2.77,1255,1330,1245,493625,639565750,40879442500,31445725
20220831,238200,비피도,KOSDAQ,기술성장기업부,7920,40,0.51,7880,7920,7730,28864,226196690,64785600000,8180000
20220831,093190,빅솔론,KOSDAQ,우량기업부,7460,100,1.36,7320,7580,7260,64005,473957650,143522231300,19238905
20220831,065450,빅텍,KOSDAQ,우량기업부,5880,50,0.86,5810,5900,5800,349064,2040734960,168478464000,28652800
20220831,072950,빛샘전자,KOSDAQ,벤처기업부,6440,10,0.16,6430,6580,6360,33539,217098020,40126731960,6230859
20220831,143240,사람인에이치알,KOSDAQ,우량기업부,33800,1200,3.68,33050,34200,32700,10936,368332550,394590089400,11674263
20220831,100090,삼강엠앤티,KOSDAQ,중견기업부,27050,-450,-1.64,27550,27850,25650,1196351,31768371650,1002923977600,37076672
20220831,122350,삼기,KOSDAQ,중견기업부,3175,5,0.16,3205,3205,3140,66964,212855385,121727683900,38339428
20220831,014970,삼륭물산,KOSDAQ,중견기업부,6300,60,0.96,6300,6400,6210,32149,203449450,95287500000,15125000
20220831,018310,삼목에스폼,KOSDAQ,우량기업부,19550,-450,-2.25,19900,19950,19250,66167,1290828350,287385000000,14700000
20220831,053700,삼보모터스,KOSDAQ,중견기업부,4775,75,1.60,4700,4805,4685,104920,497959330,89884103400,18823896
20220831,009620,삼보산업,KOSDAQ,중견기업부,1290,0,0.00,1295,1310,1255,613238,783427745,58379673690,45255561
20220831,023600,삼보판지,KOSDAQ,우량기업부,10500,0,0.00,10500,10550,10350,12453,129619250,169785000000,16170000
20220831,380320,삼성머스트스팩5호,KOSDAQ,SPAC(소속부없음),4565,70,1.56,4445,4705,4445,90056,414996495,21957650000,4810000
20220831,377630,삼성스팩4호,KOSDAQ,SPAC(소속부없음),7450,190,2.62,7300,7680,7270,523454,3910276230,29949000000,4020000
20220831,425290,삼성스팩6호,KOSDAQ,SPAC(소속부없음),5530,40,0.73,5530,5660,5490,151938,844254660,30525600000,5520000
20220831,009300,삼아제약,KOSDAQ,우량기업부,15450,100,0.65,15300,15650,15150,9544,147101650,98416500000,6370000
20220831,225190,삼양옵틱스,KOSDAQ,우량기업부,12800,50,0.39,12650,12900,12500,20578,260216900,129916006400,10149688
20220831,361670,삼영에스앤씨,KOSDAQ,기술성장기업부,7000,110,1.60,6950,7000,6860,3481,24108350,39673606000,5667658
20220831,054540,삼영엠텍,KOSDAQ,중견기업부,5420,10,0.18,5340,5440,5330,230786,1243904490,70460000000,13000000
20220831,065570,삼영이엔씨,KOSDAQ,벤처기업부,8150,130,1.62,7960,8360,7890,108939,893442360,87971181500,10794010
20220831,032280,삼일,KOSDAQ,중견기업부,2285,20,0.88,2270,2335,2245,161997,372378655,37048053150,16213590
20220831,002290,삼일기업공사,KOSDAQ,중견기업부,4310,-90,-2.05,4370,4370,4220,129004,551258840,53444000000,12400000
20220831,037460,삼지전자,KOSDAQ,우량기업부,10050,180,1.82,9790,10100,9770,18829,187426750,164001146100,16318522
20220831,032750,삼진,KOSDAQ,우량기업부,7650,430,5.96,7340,7750,7230,153313,1163626970,55080000000,7200000
20220831,054090,삼진엘앤디,KOSDAQ,벤처기업부,3175,65,2.09,3080,3180,3055,266265,835440090,79245561600,24959232
20220831,000250,삼천당제약,KOSDAQ,중견기업부,35150,-350,-0.99,34900,35550,34650,64585,2269774600,800296641150,22768041
20220831,024950,삼천리자전거,KOSDAQ,우량기업부,8130,190,2.39,7930,8140,7860,113562,918664330,107914181010,13273577
20220831,038500,삼표시멘트,KOSDAQ,우량기업부,4135,-25,-0.60,4160,4160,4055,92149,378629590,446233925310,107916306
20220831,017480,삼현철강,KOSDAQ,우량기업부,5510,60,1.10,5450,5520,5350,24938,135431990,86522923900,15702890
20220831,046390,삼화네트웍스,KOSDAQ,중견기업부,3155,-60,-1.87,3170,3215,3145,614852,1951594265,136210603615,43172933
20220831,027580,상보,KOSDAQ,중견기업부,1700,50,3.03,1660,1745,1640,1182312,2008116155,100608174300,59181279
20220831,038540,상상인,KOSDAQ,우량기업부,8550,-40,-0.47,8590,8650,8480,70735,606342890,473057076150,55328313
20220831,101000,상상인인더스트리,KOSDAQ,중견기업부,724,-8,-1.09,733,733,720,67627,49008932,51947573408,71750792
20220831,415580,상상인제3호스팩,KOSDAQ,SPAC(소속부없음),2090,5,0.24,2085,2090,2080,11547,24075975,11097900000,5310000
20220831,091580,상신이디피,KOSDAQ,우량기업부,17750,150,0.85,17300,17900,17250,145792,2573801850,241900887250,13628219
20220831,263810,상신전자,KOSDAQ,중견기업부,3305,-5,-0.15,3310,3315,3240,26317,85933850,47078792990,14244718
20220831,089980,상아프론테크,KOSDAQ,우량기업부,33550,-200,-0.59,33550,33800,32700,65296,2165386350,536432191350,15989037
20220831,042940,상지카일룸,KOSDAQ,중견기업부,883,-1,-0.11,887,904,873,633523,561900094,82513117337,93446339
20220831,042600,새로닉스,KOSDAQ,우량기업부,22050,150,0.68,21500,22050,21500,21288,463784950,273939806700,12423574
20220831,107600,새빗켐,KOSDAQ,벤처기업부,173000,0,0.00,173500,184600,163300,992192,173177846700,822536285000,4754545
20220831,252990,샘씨엔에스,KOSDAQ,기술성장기업부,5040,80,1.61,4920,5070,4920,73561,368757310,252775383840,50153846
20220831,294630,서남,KOSDAQ,기술성장기업부,2885,15,0.52,2900,2900,2835,24409,69831755,61707726600,21389160
20220831,038070,서린바이오,KOSDAQ,우량기업부,15100,50,0.33,14950,15600,14750,100964,1528128300,128360207600,8500676
20220831,006730,서부T&D,KOSDAQ,중견기업부,8010,-50,-0.62,8000,8120,7950,141138,1132188630,483801637050,60399705
20220831,079650,서산,KOSDAQ,중견기업부,2165,55,2.61,2110,2165,2100,18030,38183625,43300000000,20000000
20220831,100660,서암기계공업,KOSDAQ,중견기업부,6740,50,0.75,6690,6740,6580,78765,525779990,84924000000,12600000
20220831,019770,서연탑메탈,KOSDAQ,중견기업부,5470,70,1.30,5350,5470,5340,86844,469333320,63725500000,11650000
20220831,043710,서울리거,KOSDAQ,중견기업부,876,13,1.51,862,896,834,195263,169580974,34309558788,39166163
20220831,092190,서울바이오시스,KOSDAQ,우량기업부,7020,50,0.72,6810,7060,6810,48801,341711770,268330044060,38223653
20220831,046890,서울반도체,KOSDAQ,우량기업부,11550,100,0.87,11400,11650,11250,128606,1479515300,673427370000,58305400
20220831,063170,서울옥션,KOSDAQ,중견기업부,21550,-450,-2.05,21900,21950,20700,271007,5777146650,383035453850,17774267
20220831,027040,서울전자통신,KOSDAQ,중견기업부,670,3,0.45,670,673,657,22099,14650006,46624527490,69588847
20220831,018680,서울제약,KOSDAQ,중견기업부,4960,60,1.22,4960,4960,4880,4338,21314335,42281634080,8524523
20220831,093920,서원인텍,KOSDAQ,우량기업부,6040,10,0.17,6090,6090,6000,13102,79064030,112344000000,18600000
20220831,189860,서전기전,KOSDAQ,벤처기업부,9580,80,0.84,9480,9590,9410,63098,600989130,92914312400,9698780
20220831,178320,서진시스템,KOSDAQ,우량기업부,15150,200,1.34,14700,15350,14700,275376,4164220800,569346726300,37580642
20220831,122690,서진오토모티브,KOSDAQ,중견기업부,3090,15,0.49,3070,3105,3020,39709,122308580,60382450140,19541246
20220831,140070,서플러스글로벌,KOSDAQ,우량기업부,3410,55,1.64,3370,3425,3320,27524,92882305,126129080000,36988000
20220831,011370,서한,KOSDAQ,우량기업부,1305,5,0.38,1295,1315,1275,309555,400263245,131667798825,100894865
20220831,065710,서호전기,KOSDAQ,우량기업부,18650,300,1.63,18300,18650,18100,2420,44578350,96047500000,5150000
20220831,035890,서희건설,KOSDAQ,우량기업부,1410,-30,-2.08,1425,1440,1410,721132,1023352420,324029924370,229808457
20220831,357550,석경에이티,KOSDAQ,기술성장기업부,19400,-150,-0.77,19350,19850,19250,52910,1032071350,105827000000,5455000
20220831,003100,선광,KOSDAQ,우량기업부,99500,-100,-0.10,99500,100200,98400,34680,3448077400,656700000000,6600000
20220831,171090,선익시스템,KOSDAQ,중견기업부,17800,1050,6.27,16550,18050,16300,269098,4715256000,163923332800,9209176
20220831,086710,선진뷰티사이언스,KOSDAQ,중견기업부,6500,60,0.93,6440,6520,6300,17158,110840260,79321320000,12203280
20220831,014620,성광벤드,KOSDAQ,중견기업부,16400,-250,-1.50,16500,16600,15900,681949,11101194750,469040000000,28600000
20220831,037350,성도이엔지,KOSDAQ,우량기업부,5530,20,0.36,5510,5660,5480,280363,1562396150,85549100000,15470000
20220831,081580,성우전자,KOSDAQ,중견기업부,2895,0,0.00,2895,2940,2895,59730,174031780,44896073985,15508143
20220831,045300,성우테크론,KOSDAQ,중견기업부,4675,10,0.21,4665,4680,4600,38258,177946850,45680794775,9771293
20220831,015750,성우하이텍,KOSDAQ,우량기업부,5250,0,0.00,5190,5300,5170,500913,2631450800,420000000000,80000000
20220831,365340,성일하이텍,KOSDAQ,기술성장기업부,128400,1400,1.10,131000,139500,122000,1606971,209523544400,1491192531600,11613649
20220831,080470,성창오토텍,KOSDAQ,중견기업부,7590,120,1.61,7470,7590,7390,47235,353284220,55407000000,7300000
20220831,043260,성호전자,KOSDAQ,우량기업부,1465,0,0.00,1450,1470,1445,78362,114302495,78238887560,53405384
20220831,148150,세경하이테크,KOSDAQ,우량기업부,18500,300,1.65,18200,18550,17900,30077,551485300,218009198500,11784281
20220831,053060,세동,KOSDAQ,중견기업부,1390,-30,-2.11,1420,1450,1370,231365,324657935,24268019730,17459007
20220831,340440,세림B&G,KOSDAQ,벤처기업부,3640,5,0.14,3605,3675,3575,739377,2683802565,103297244960,28378364
20220831,017510,세명전기,KOSDAQ,중견기업부,3795,0,0.00,3775,3810,3740,19174,72467810,57858570000,15246000
20220831,011560,세보엠이씨,KOSDAQ,우량기업부,9420,470,5.25,8950,9520,8800,546622,5087035000,99192600000,10530000
20220831,396300,세아메카닉스,KOSDAQ,벤처기업부,6690,-10,-0.15,6620,6840,6610,381641,2559928420,177214755000,26489500
20220831,100700,세운메디칼,KOSDAQ,우량기업부,3285,35,1.08,3205,3285,3200,26602,86257665,143883000000,43800000
20220831,024830,세원물산,KOSDAQ,관리종목(소속부없음),6280,0,0.00,0,0,0,0,0,52438000000,8350000
20220831,258830,세종메디칼,KOSDAQ,벤처기업부,4530,35,0.78,4460,4575,4450,772698,3499575245,184218995850,40666445
20220831,036630,세종텔레콤,KOSDAQ,관리종목(소속부없음),602,-12,-1.95,611,611,600,882961,533079351,167257836074,277836937
20220831,039310,세중,KOSDAQ,벤처기업부,2925,-55,-1.85,2980,3000,2905,56999,168583645,53005875975,18121667
20220831,067770,세진티에스,KOSDAQ,벤처기업부,3325,-5,-0.15,3330,3370,3310,15462,51621620,27918671725,8396593
20220831,053450,세코닉스,KOSDAQ,중견기업부,8070,150,1.89,7920,8090,7800,36286,289421190,119377920210,14792803
20220831,222810,세토피아,KOSDAQ,중견기업부,1445,5,0.35,1415,1455,1400,165047,234161325,56832068195,39330151
20220831,252500,세화피앤씨,KOSDAQ,중견기업부,1290,0,0.00,1290,1290,1270,60973,78281525,53517443100,41486390
20220831,347000,센코,KOSDAQ,기술성장기업부,13750,-100,-0.72,13950,14000,13450,8843,120871600,113454605000,8251244
20220831,331920,셀레믹스,KOSDAQ,기술성장기업부,10250,420,4.27,10250,10750,9790,1427877,14606202030,83682517000,8164148
20220831,049180,셀루메드,KOSDAQ,벤처기업부,5590,140,2.57,5400,5640,5310,143834,794398940,223110612270,39912453
20220831,299660,셀리드,KOSDAQ,기술성장기업부,20950,1350,6.89,19350,21350,19350,171568,3567168000,203868472400,9731192
20220831,268600,셀리버리,KOSDAQ,기술성장기업부,14250,350,2.52,13700,14400,13450,198120,2786860250,494277523500,34686142
20220831,108860,셀바스AI,KOSDAQ,벤처기업부,6690,-30,-0.45,6670,6770,6570,89110,595358310,147554272050,22055945
20220831,208370,셀바스헬스케어,KOSDAQ,벤처기업부,2445,55,2.30,2390,2465,2365,68814,166497795,53008978980,21680564
20220831,068760,셀트리온제약,KOSDAQ,우량기업부,78400,600,0.77,76900,78900,76400,102213,7970359800,2954560212800,37685717
20220831,091990,셀트리온헬스케어,KOSDAQ,우량기업부,72100,700,0.98,70600,72800,70300,507596,36415950600,11409271416200,158242322
20220831,060230,소니드,KOSDAQ,중견기업부,4280,175,4.26,4105,4440,4090,796760,3434087205,84648958320,19777794
20220831,290690,소룩스,KOSDAQ,벤처기업부,8310,80,0.97,8300,8400,8120,23090,190736200,68614365330,8256843
20220831,053110,소리바다,KOSDAQ,관리종목(소속부없음),661,-189,-22.24,680,821,661,3565406,2606232150,5909570689,8940349
20220831,950200,소마젠,KOSDAQ,외국기업(소속부없음),5540,190,3.55,5350,5560,5270,17069,93127690,106240873620,19177053
20220831,032680,소프트센,KOSDAQ,중견기업부,1835,35,1.94,1800,1835,1790,219732,400196345,70184535005,38247703
20220831,032685,소프트센우,KOSDAQ,중견기업부,24200,0,0.00,24050,24200,24050,11,265450,3457139400,142857
20220831,258790,소프트캠프,KOSDAQ,벤처기업부,1965,10,0.51,1955,1975,1905,87500,169386015,49107873060,24991284
20220831,066910,손오공,KOSDAQ,중견기업부,2120,-5,-0.24,2120,2155,2100,17794,37688940,57019861320,26896161
20220831,043100,솔고바이오,KOSDAQ,벤처기업부,524,3,0.58,521,527,519,120711,63219746,32634304992,62279208
20220831,154040,솔루에타,KOSDAQ,중견기업부,2875,15,0.52,2875,2890,2830,27756,79323075,39747496000,13825216
20220831,035610,솔본,KOSDAQ,중견기업부,3880,35,0.91,3845,3890,3800,16742,64463160,106102468360,27345997
20220831,357780,솔브레인,KOSDAQ,중견기업부,216800,400,0.18,212000,218000,211500,13744,2969118600,1686393108800,7778566
20220831,036830,솔브레인홀딩스,KOSDAQ,우량기업부,22650,650,2.95,21600,22750,21350,27805,615575950,474835868400,20964056
20220831,304100,솔트룩스,KOSDAQ,기술성장기업부,8920,-40,-0.45,8960,9000,8740,12818,113879660,90995863600,10201330
20220831,328380,솔트웨어,KOSDAQ,벤처기업부,2005,55,2.82,1975,2090,1930,502942,1002340255,63949029890,31894778
20220831,086980,쇼박스,KOSDAQ,중견기업부,4845,45,0.94,4715,4980,4715,475085,2300618435,303481110000,62638000
20220831,050960,수산아이앤티,KOSDAQ,벤처기업부,11300,350,3.20,10800,11750,10700,55074,623331550,76286300000,6751000
20220831,253840,수젠텍,KOSDAQ,기술성장기업부,11700,50,0.43,11800,12050,11600,230998,2730252950,189994065300,16238809
20220831,236200,슈프리마,KOSDAQ,우량기업부,26800,-150,-0.56,26850,26950,26400,61557,1641246000,192779716400,7193273
20220831,317770,슈프리마아이디,KOSDAQ,벤처기업부,15650,100,0.64,15400,15650,15200,9237,142518700,47795413000,3054020
20220831,094840,슈프리마에이치큐,KOSDAQ,벤처기업부,6150,60,0.99,6070,6150,6070,9857,60227130,64401816000,10471840
20220831,192440,슈피겐코리아,KOSDAQ,우량기업부,36800,500,1.38,36250,36800,35800,2915,105751200,228762158400,6216363
20220831,136510,스마트솔루션즈,KOSDAQ,관리종목(소속부없음),11600,0,0.00,0,0,0,0,0,335276888000,28903180
20220831,099440,스맥,KOSDAQ,중견기업부,2215,30,1.37,2185,2215,2120,701829,1517135675,73492798495,33179593
20220831,033790,스카이문스테크놀로지,KOSDAQ,관리종목(소속부없음),829,0,0.00,0,0,0,0,0,14190075900,17117100
20220831,131100,스카이이앤엠,KOSDAQ,관리종목(소속부없음),3120,65,2.13,3600,3600,3075,146096,480018135,83719596480,26833204
20220831,276040,스코넥,KOSDAQ,기술성장기업부,11100,300,2.78,10750,11250,10650,54629,597111200,137205146400,12360824
20220831,159910,스킨앤스킨,KOSDAQ,중견기업부,218,3,1.40,217,220,215,1190476,258682984,77204863282,354150749
20220831,115570,스타플렉스,KOSDAQ,중견기업부,5450,190,3.61,5600,5600,5260,64935,348836150,43515568600,7984508
20220831,330730,스톤브릿지벤처스,KOSDAQ,중견기업부,5950,50,0.85,5890,5980,5800,60430,356880630,107432188500,18055830
20220831,253450,스튜디오드래곤,KOSDAQ,우량기업부,75900,0,0.00,74200,76200,74200,46693,3511486900,2278076641500,30014185
20220831,204630,스튜디오산타클로스,KOSDAQ,중견기업부,7870,10,0.13,7860,7920,7740,22710,178140370,81255861200,10324760
20220831,013810,스페코,KOSDAQ,중견기업부,6010,-130,-2.12,6100,6150,5900,278040,1664554820,88079374700,14655470
20220831,049830,승일,KOSDAQ,중견기업부,16850,-50,-0.30,16500,16900,16250,176506,2927085450,103326087200,6132112
20220831,020710,시공테크,KOSDAQ,우량기업부,5140,60,1.18,5070,5140,5030,35599,181193660,103046565800,20047970
20220831,033170,시그네틱스,KOSDAQ,중견기업부,1630,25,1.56,1575,1640,1570,461028,741952785,139737159970,85728319
20220831,048870,시너지이노베이션,KOSDAQ,벤처기업부,3805,75,2.01,3675,3820,3675,77892,294517610,306026234170,80427394
20220831,025320,시노펙스,KOSDAQ,중견기업부,3470,60,1.76,3375,3490,3365,2491691,8589872410,254510793500,73346050
20220831,269620,시스웍,KOSDAQ,관리종목(소속부없음),889,0,0.00,0,0,0,0,0,96529477121,108582089
20220831,131090,시큐브,KOSDAQ,벤처기업부,1190,25,2.15,1165,1195,1165,78069,92192095,52360000000,44000000
20220831,139050,시티랩스,KOSDAQ,투자주의환기종목(소속부없음),588,-13,-2.16,599,600,581,181300,106533883,62385933876,106098527
20220831,290520,신도기연,KOSDAQ,우량기업부,4755,-40,-0.83,4815,4815,4700,7598,36119445,75744116310,15929362
20220831,001000,신라섬유,KOSDAQ,중견기업부,2265,65,2.95,2230,2350,2210,2804040,6420291360,54988628100,24277540
20220831,025870,신라에스지,KOSDAQ,중견기업부,10650,50,0.47,10550,10750,10450,11135,118026750,42600000000,4000000
20220831,215600,신라젠,KOSDAQ,관리종목(소속부없음),12100,0,0.00,0,0,0,0,0,1244692212500,102867125
20220831,065350,신성델타테크,KOSDAQ,우량기업부,10800,100,0.93,10500,10800,10450,99589,1060441700,296826638400,27483948
20220831,002800,신신제약,KOSDAQ,중견기업부,5750,140,2.50,5640,5750,5550,11076,62191900,87230375000,15170500
20220831,344050,신영스팩6호,KOSDAQ,SPAC(소속부없음),2285,0,0.00,0,0,0,0,0,9836925000,4305000
20220831,419270,신영스팩7호,KOSDAQ,SPAC(소속부없음),2130,5,0.24,2125,2130,2120,4404,9351270,9169650000,4305000
20220831,430220,신영스팩8호,KOSDAQ,SPAC(소속부없음),2110,5,0.24,2105,2115,2105,38770,81804685,14263600000,6760000
20220831,017000,신원종합개발,KOSDAQ,중견기업부,6870,70,1.03,6790,6980,6710,69588,472274680,80159345490,11668027
20220831,012790,신일제약,KOSDAQ,우량기업부,9470,310,3.38,9160,9470,8970,25186,233644530,109297664080,11541464
20220831,138070,신진에스엠,KOSDAQ,중견기업부,4010,10,0.25,4040,4040,3960,196985,787434205,35978453830,8972183
20220831,226330,신테카바이오,KOSDAQ,기술성장기업부,10350,520,5.29,9900,10450,9900,110027,1125413010,139908360600,13517716
20220831,418210,신한제10호스팩,KOSDAQ,SPAC(소속부없음),2115,-5,-0.24,2115,2120,2105,14252,30085600,7740900000,3660000
20220831,333050,신한제6호스팩,KOSDAQ,SPAC(소속부없음),2125,0,0.00,2125,2140,2100,41048,87077635,10646250000,5010000
20220831,366330,신한제7호스팩,KOSDAQ,SPAC(소속부없음),2105,5,0.24,2120,2120,2090,1004,2099190,9577750000,4550000
20220831,393360,신한제8호스팩,KOSDAQ,SPAC(소속부없음),2125,-5,-0.23,2130,2130,2115,18183,38556700,15618750000,7350000
20220831,405640,신한제9호스팩,KOSDAQ,SPAC(소속부없음),2115,0,0.00,2120,2120,2110,1468,3101605,9591525000,4535000
20220831,056700,신화인터텍,KOSDAQ,우량기업부,4280,115,2.76,4100,4445,4080,2380344,10219763305,124698189480,29135091
20220831,187270,신화콘텍,KOSDAQ,벤처기업부,5880,60,1.03,5790,5900,5700,234501,1367698460,59645808600,10143845
20220831,243840,신흥에스이씨,KOSDAQ,우량기업부,53600,700,1.32,52400,53600,51900,18400,972194200,416109074400,7763229
20220831,257720,실리콘투,KOSDAQ,벤처기업부,2575,100,4.04,2475,2730,2470,5709951,15060941530,154956377550,60177234
20220831,222800,심텍,KOSDAQ,우량기업부,38850,1600,4.30,36750,38850,36700,642716,24582969450,1237533455550,31854143
20220831,036710,심텍홀딩스,KOSDAQ,우량기업부,3925,65,1.68,3830,3970,3810,158144,618107180,159604547575,40663579
20220831,160980,싸이맥스,KOSDAQ,우량기업부,14800,200,1.37,14450,15400,14250,49599,738388750,161678796400,10924243
20220831,356890,싸이버원,KOSDAQ,벤처기업부,10700,-50,-0.47,10800,11000,10550,27989,301993700,50757911000,4743730
20220831,217330,싸이토젠,KOSDAQ,기술성장기업부,59700,0,0.00,59400,60300,59300,1452,86548300,355791761700,5959661
20220831,010280,쌍용정보통신,KOSDAQ,중견기업부,978,-3,-0.31,970,985,970,228101,222806048,62556825252,63964034
20220831,208640,썸에이지,KOSDAQ,중견기업부,1095,-5,-0.45,1085,1105,1080,166506,181270830,152468078130,139240254
20220831,222420,쎄노텍,KOSDAQ,벤처기업부,2325,-90,-3.73,2370,2370,2320,938721,2204014975,94536162375,40660715
20220831,037760,쎄니트,KOSDAQ,우량기업부,1985,15,0.76,1965,1985,1935,153068,300731435,67158348185,33832921
20220831,099320,쎄트렉아이,KOSDAQ,우량기업부,34300,200,0.59,33900,34400,33150,20745,701681050,311636320100,9085607
20220831,049960,쎌바이오텍,KOSDAQ,벤처기업부,12850,150,1.18,12600,12850,12550,10439,133077600,120790000000,9400000
20220831,050890,쏠리드,KOSDAQ,우량기업부,5450,110,2.06,5300,5470,5260,129298,698504440,333657938000,61221640
20220831,066790,씨씨에스,KOSDAQ,중견기업부,498,1,0.20,500,508,493,136176,67887188,27890522370,56005065
20220831,222080,씨아이에스,KOSDAQ,중견기업부,14450,-100,-0.69,14400,14550,13950,830766,11847173500,892683386650,61777397
20220831,352480,씨앤씨인터내셔널,KOSDAQ,벤처기업부,18950,1000,5.57,18750,19650,18400,52360,996242300,189764181950,10013941
20220831,264660,씨앤지하이테크,KOSDAQ,우량기업부,12200,-50,-0.41,12250,12250,11700,13121,157263150,103535812400,8486542
20220831,352700,씨앤투스성진,KOSDAQ,기술성장기업부,5370,30,0.56,5320,5420,5260,96537,515668220,151846947630,28276899
20220831,297090,씨에스베어링,KOSDAQ,우량기업부,12450,-50,-0.40,12700,12900,12200,1086921,13589224000,336150000000,27000000
20220831,359090,씨엔알리서치,KOSDAQ,중견기업부,1685,0,0.00,1680,1685,1660,18149,30294000,91480414195,54291047
20220831,115530,씨엔플러스,KOSDAQ,중견기업부,668,36,5.70,651,675,643,304520,202691372,45399284000,67963000
20220831,115480,씨유메디칼,KOSDAQ,벤처기업부,1180,0,0.00,1180,1195,1160,340462,401330390,53270539500,45144525
20220831,376290,씨유테크,KOSDAQ,중견기업부,5070,85,1.71,4990,5080,4905,17155,85879470,89523525000,17657500
20220831,189330,씨이랩,KOSDAQ,기술성장기업부,17550,-700,-3.84,18250,18650,17100,102241,1826472950,105778834200,6027284
20220831,096530,씨젠,KOSDAQ,우량기업부,31550,500,1.61,31000,31600,30400,620784,19440205650,1647730110700,52225994
20220831,900120,씨케이에이치,KOSDAQ,외국기업(소속부없음),248,3,1.22,245,250,245,167313,41318600,39903298704,160900398
20220831,101240,씨큐브,KOSDAQ,벤처기업부,6870,0,0.00,6900,6900,6800,17013,116363650,69649324080,10138184
20220831,060590,씨티씨바이오,KOSDAQ,중견기업부,7900,100,1.28,7800,7960,7740,28216,222044970,191030058000,24181020
20220831,260930,씨티케이,KOSDAQ,중견기업부,8300,60,0.73,8250,8400,8150,14756,122744390,160535205300,19341591
20220831,013990,아가방컴퍼니,KOSDAQ,중견기업부,4250,-15,-0.35,4220,4335,4210,1704613,7272944025,139772028000,32887536
20220831,123860,아나패스,KOSDAQ,벤처기업부,24250,800,3.41,23650,24350,23300,27747,660271100,283721508000,11699856
20220831,025980,아난티,KOSDAQ,중견기업부,6820,0,0.00,6730,6850,6730,350161,2375054160,589445104820,86428901
20220831,058220,아리온,KOSDAQ,투자주의환기종목(소속부없음),275,0,0.00,0,0,0,0,0,10717917100,38974244
20220831,125210,아모그린텍,KOSDAQ,기술성장기업부,16400,350,2.18,16050,16550,15900,909134,14782180400,270547356000,16496790
20220831,357580,아모센스,KOSDAQ,기술성장기업부,15200,300,2.01,14800,15400,14800,53777,815781150,170241155200,11200076
20220831,052710,아모텍,KOSDAQ,중견기업부,26150,400,1.55,25750,26400,25400,19317,501030250,254790066900,9743406
20220831,074430,아미노로직스,KOSDAQ,벤처기업부,2300,50,2.22,2220,2315,2220,529613,1200113280,202001741200,87826844
20220831,092040,아미코젠,KOSDAQ,기술성장기업부,23350,-100,-0.43,23000,23400,22900,50131,1158679900,461272431800,19754708
20220831,083930,아바코,KOSDAQ,우량기업부,12200,-100,-0.81,12150,12300,12050,46141,560566300,188036135600,15412798
20220831,149950,아바텍,KOSDAQ,우량기업부,14400,100,0.70,14250,14400,14050,1790,25508650,224748000000,15607500
20220831,036010,아비코전자,KOSDAQ,중견기업부,12900,150,1.18,12600,12950,12550,156911,2003161450,171478848600,13292934
20220831,050860,아세아텍,KOSDAQ,중견기업부,3000,10,0.33,2990,3020,2970,118246,354091435,67500000000,22500000
20220831,136410,아셈스,KOSDAQ,벤처기업부,13700,-50,-0.36,13600,13850,13300,42900,583041350,150961752200,11019106
20220831,246720,아스타,KOSDAQ,벤처기업부,4080,85,2.13,4000,4130,4000,14623,59766780,51672298320,12664779
20220831,067390,아스트,KOSDAQ,중견기업부,5310,-70,-1.30,5380,5390,5190,85073,447447840,136535419350,25712885
20220831,159010,아스플로,KOSDAQ,벤처기업부,9800,660,7.22,9160,10700,9120,4266037,43200762090,130680442200,13334739
20220831,127710,아시아경제,KOSDAQ,중견기업부,2025,5,0.25,2020,2035,1995,32417,65372455,70680766050,34904082
20220831,154030,아시아종묘,KOSDAQ,벤처기업부,4335,65,1.52,4285,4340,4250,29644,127367430,48208837065,11120839
20220831,227610,아우딘퓨쳐스,KOSDAQ,중견기업부,2565,95,3.85,2435,2585,2435,353639,895713540,56888745120,22178848
20220831,143160,아이디스,KOSDAQ,우량기업부,23650,200,0.85,23450,23750,23300,6393,150937350,253442623500,10716390
20220831,054800,아이디스홀딩스,KOSDAQ,중견기업부,13250,350,2.71,12900,13500,12850,7129,93972300,137107767000,10347756
20220831,332370,아이디피,KOSDAQ,중견기업부,9330,20,0.21,9290,9380,9180,63622,590127520,61921931790,6636863
20220831,339950,아이비김영,KOSDAQ,중견기업부,2345,35,1.52,2290,2345,2290,135930,315928215,105399905975,44946655
20220831,099190,아이센스,KOSDAQ,우량기업부,37500,-150,-0.40,37350,38000,36900,26349,983415500,515765175000,13753738
20220831,289010,아이스크림에듀,KOSDAQ,중견기업부,5040,55,1.10,4985,5100,4980,86754,436920770,64834746480,12864037
20220831,214430,아이쓰리시스템,KOSDAQ,벤처기업부,20300,0,0.00,20000,20500,20000,40361,815718200,144267228000,7106760
20220831,040910,아이씨디,KOSDAQ,우량기업부,9470,280,3.05,9190,9470,9110,22424,208235720,171079461110,18065413
20220831,368600,아이씨에이치,KOSDAQ,기술성장기업부,22950,50,0.22,22650,23200,22500,30957,707235750,130006127250,5664755
20220831,068940,아이씨케이,KOSDAQ,중견기업부,3740,-65,-1.71,3910,4175,3620,3339144,12841226705,137484632780,36760597
20220831,052860,아이앤씨,KOSDAQ,벤처기업부,3030,-25,-0.82,3065,3065,2970,17245,52189670,54124447620,17862854
20220831,069920,아이에스이커머스,KOSDAQ,중견기업부,6960,0,0.00,6960,6990,6770,79000,540314500,179751479520,25826362
20220831,038880,아이에이,KOSDAQ,중견기업부,756,12,1.61,733,761,733,614895,460803655,222845477400,294769150
20220831,307180,아이엘사이언스,KOSDAQ,벤처기업부,4010,-10,-0.25,3965,4035,3950,42055,168170285,94100656980,23466498
20220831,101390,아이엠,KOSDAQ,중견기업부,4970,10,0.20,5040,5040,4910,6298,31150135,40274245900,8103470
20220831,078860,아이오케이,KOSDAQ,중견기업부,666,-4,-0.60,670,670,661,127084,84532623,62682881040,94118440
20220831,114810,아이원스,KOSDAQ,투자주의환기종목(소속부없음),7890,110,1.41,7740,7940,7690,54414,425336180,231588652860,29352174
20220831,090150,아이윈,KOSDAQ,중견기업부,2030,55,2.78,1965,2040,1935,336770,671958030,83470829050,41118635
20220831,123010,아이윈플러스,KOSDAQ,기술성장기업부,813,-20,-2.40,837,842,800,2461438,2020762234,96451679376,118636752
20220831,031310,아이즈비전,KOSDAQ,중견기업부,2840,70,2.53,2790,2840,2755,40853,114255730,46689310320,16439898
20220831,185490,아이진,KOSDAQ,벤처기업부,9020,40,0.45,8840,9040,8820,37586,337075050,193734626800,21478340
20220831,059100,아이컴포넌트,KOSDAQ,벤처기업부,7000,150,2.19,6850,7000,6740,14951,103192050,49496020000,7070860
20220831,262840,아이퀘스트,KOSDAQ,벤처기업부,8810,120,1.38,8750,8850,8590,22076,192517810,86866600000,9860000
20220831,175250,아이큐어,KOSDAQ,기술성장기업부,11200,50,0.45,11000,11250,10900,46131,512923950,212818558400,19001657
20220831,052460,아이크래프트,KOSDAQ,중견기업부,3335,5,0.15,3325,3360,3285,9915,33011120,48717466560,14607936
20220831,119830,아이텍,KOSDAQ,중견기업부,8450,120,1.44,8280,8610,8270,101241,857600490,164466853850,19463533
20220831,052770,아이톡시,KOSDAQ,관리종목(소속부없음),2085,0,0.00,0,0,0,0,0,41353750305,19833933
20220831,124500,아이티센,KOSDAQ,중견기업부,4035,-35,-0.86,4350,4350,3985,200111,829855215,80326088655,19907333
20220831,372800,아이티아이즈,KOSDAQ,벤처기업부,10600,300,2.91,10100,10600,10050,65640,680750400,62296041000,5876985
20220831,084850,아이티엠반도체,KOSDAQ,우량기업부,32300,-200,-0.62,32100,32800,31850,15435,499163900,732497268200,22677934
20220831,114840,아이패밀리에스씨,KOSDAQ,벤처기업부,12150,-50,-0.41,12200,12300,11950,64262,773680450,103293808200,8501548
20220831,027360,아주IB투자,KOSDAQ,벤처기업부,2935,-10,-0.34,2895,2970,2890,159675,468575010,354615375860,120822956
20220831,032080,아즈텍WB,KOSDAQ,벤처기업부,2235,30,1.36,2215,2255,2185,79409,177387930,48032449815,21491029
20220831,013310,아진산업,KOSDAQ,우량기업부,3130,50,1.62,3050,3195,3045,1294944,4081318565,121464601660,38806582
20220831,059120,아진엑스텍,KOSDAQ,벤처기업부,11050,-50,-0.45,10950,11250,10900,132440,1462838700,107721985800,9748596
20220831,158430,아톤,KOSDAQ,벤처기업부,32000,800,2.56,31000,32400,30800,43154,1380234150,139314464000,4353577
20220831,067160,아프리카TV,KOSDAQ,우량기업부,76900,900,1.18,75100,77300,74600,148216,11255962600,883947582300,11494767
20220831,001540,안국약품,KOSDAQ,중견기업부,9240,170,1.87,9070,9270,9020,30441,279452030,120511960800,13042420
20220831,053800,안랩,KOSDAQ,우량기업부,83800,-100,-0.12,86700,86700,83400,150709,12734901100,839161049000,10013855
20220831,065660,안트로젠,KOSDAQ,기술성장기업부,20900,300,1.46,20450,21200,20250,30545,638253050,203385695700,9731373
20220831,297570,알로이스,KOSDAQ,벤처기업부,1865,-5,-0.27,1870,1875,1830,241236,446734605,64568571570,34621218
20220831,260660,알리코제약,KOSDAQ,우량기업부,6300,-20,-0.32,6280,6340,6220,20899,131184000,96560232300,15327021
20220831,361570,알비더블유,KOSDAQ,중견기업부,17150,200,1.18,16700,17200,16700,19831,337114450,164334609950,9582193
20220831,131370,알서포트,KOSDAQ,벤처기업부,4700,60,1.29,4635,4715,4560,87381,405941270,250355290100,53267083
20220831,140670,알에스오토메이션,KOSDAQ,중견기업부,14150,50,0.35,14000,14150,13750,98645,1380479150,131639431000,9303140
20220831,096610,알에프세미,KOSDAQ,중견기업부,3865,-70,-1.78,3905,3935,3755,203892,779938085,41931829475,10849115
20220831,061040,알에프텍,KOSDAQ,중견기업부,5440,50,0.93,5390,5730,5310,384208,2117014370,174565568960,32089259
20220831,148250,알엔투테크놀로지,KOSDAQ,벤처기업부,8210,520,6.76,7690,8290,7650,73306,595489000,62777674690,7646489
20220831,347860,알체라,KOSDAQ,기술성장기업부,14200,0,0.00,14350,14350,13900,15206,214173800,198103404800,13950944
20220831,196170,알테오젠,KOSDAQ,기술성장기업부,63700,-300,-0.47,63200,63800,62300,199523,12620915600,2730098234500,42858685
20220831,123750,알톤스포츠,KOSDAQ,벤처기업부,4335,75,1.76,4205,4425,4205,193300,842849840,55255197495,12746297
20220831,085810,알티캐스트,KOSDAQ,중견기업부,1930,10,0.52,1890,1960,1890,746439,1435917325,57293534170,29685769
20220831,117670,알파홀딩스,KOSDAQ,관리종목(소속부없음),1390,-5,-0.36,1370,1410,1350,192010,265782430,37415512650,26917635
20220831,291650,압타머사이언스,KOSDAQ,기술성장기업부,9990,290,2.99,9610,10050,9600,39706,392352850,84816358740,8490126
20220831,293780,압타바이오,KOSDAQ,기술성장기업부,17550,200,1.15,17150,17650,16950,184546,3212072050,391345098300,22298866
20220831,196300,애니젠,KOSDAQ,기술성장기업부,9320,-40,-0.43,9360,9490,9260,3711,34623350,52215821920,5602556
20220831,310200,애니플러스,KOSDAQ,중견기업부,2805,50,1.81,2755,2820,2735,78368,218314065,97442608890,34738898
20220831,179530,애드바이오텍,KOSDAQ,기술성장기업부,4670,55,1.19,4600,4720,4590,18225,84910020,42685873480,9140444
20220831,900100,애머릿지,KOSDAQ,관리종목(소속부없음),3585,0,0.00,0,0,0,0,0,112325790015,31332159
20220831,205500,액션스퀘어,KOSDAQ,중견기업부,3980,120,3.11,3750,3995,3715,313418,1215679810,182756648880,45918756
20220831,052790,액토즈소프트,KOSDAQ,중견기업부,9240,150,1.65,9090,9300,8910,17962,164075550,104695095120,11330638
20220831,290740,액트로,KOSDAQ,벤처기업부,7210,200,2.85,7000,7350,6930,74873,538587220,72568729310,10065011
20220831,238090,앤디포스,KOSDAQ,우량기업부,6390,-50,-0.78,6440,6480,6300,28780,183047070,153227746170,23979303
20220831,092600,앤씨앤,KOSDAQ,벤처기업부,2210,-10,-0.45,2220,2250,2165,48044,106027965,55434572570,25083517
20220831,129890,앱코,KOSDAQ,벤처기업부,11950,0,0.00,11800,12000,11750,48536,575093700,121037749900,10128682
20220831,174900,앱클론,KOSDAQ,기술성장기업부,20350,-1350,-6.22,21450,21650,20050,1576662,32676326600,311722704150,15318069
20220831,255440,야스,KOSDAQ,우량기업부,8820,20,0.23,8800,8900,8710,6095,53583870,115171560000,13058000
20220831,030960,양지사,KOSDAQ,중견기업부,15100,-50,-0.33,15450,16150,15100,515968,8005342250,241298000000,15980000
20220831,102120,어보브반도체,KOSDAQ,우량기업부,11850,150,1.28,11450,12050,11400,175643,2065042500,206896888050,17459653
20220831,263540,어스앤에어로스페이스,KOSDAQ,투자주의환기종목(소속부없음),10900,0,0.00,0,0,0,0,0,62519642300,5735747
20220831,238120,얼라인드,KOSDAQ,기술성장기업부,9180,10,0.11,9170,9200,8950,11125,101255620,65999132640,7189448
20220831,019990,에너토크,KOSDAQ,중견기업부,12450,-50,-0.40,12300,12650,12150,256078,3165683450,121463295600,9756088
20220831,270660,에브리봇,KOSDAQ,벤처기업부,40750,1550,3.95,39000,40800,38350,252807,10108108150,248398593250,6095671
20220831,038680,에스넷,KOSDAQ,중견기업부,5940,170,2.95,5780,5960,5750,39972,234991720,95902268220,16145163
20220831,217480,에스디생명공학,KOSDAQ,중견기업부,2730,-70,-2.50,2800,2820,2705,171795,477256015,61193130180,22415066
20220831,121890,에스디시스템,KOSDAQ,투자주의환기종목(소속부없음),739,0,0.00,0,0,0,0,0,8238120740,11147660
20220831,097780,에스맥,KOSDAQ,중견기업부,3385,0,0.00,0,0,0,0,0,191943209250,56704050
20220831,042110,에스씨디,KOSDAQ,우량기업부,1880,-35,-1.83,1915,1920,1870,610253,1149507990,90859580320,48329564
20220831,298060,에스씨엠생명과학,KOSDAQ,기술성장기업부,12500,-550,-4.21,12800,12800,12250,134241,1678276300,151507125000,12120570
20220831,065420,에스아이리소스,KOSDAQ,중견기업부,735,0,0.00,731,754,726,308390,226057274,50035996710,68076186
20220831,103230,에스앤더블류,KOSDAQ,관리종목(소속부없음),2505,0,0.00,0,0,0,0,0,18036000000,7200000
20220831,260970,에스앤디,KOSDAQ,벤처기업부,20000,100,0.50,19850,20150,19650,15196,303690050,81188400000,4059420
20220831,101490,에스앤에스텍,KOSDAQ,우량기업부,22200,450,2.07,21600,22300,21400,140184,3090168800,476222123400,21451447
20220831,095910,에스에너지,KOSDAQ,중견기업부,6580,-320,-4.64,6960,7100,6470,5216017,35139736160,128339629740,19504503
20220831,275630,에스에스알,KOSDAQ,벤처기업부,6330,110,1.77,6220,6330,6150,69719,434228670,38093870370,6017989
20220831,031330,에스에이엠티,KOSDAQ,우량기업부,3505,25,0.72,3470,3515,3445,59437,207177770,350482709835,99995067
20220831,060540,에스에이티,KOSDAQ,중견기업부,2510,5,0.20,2505,2540,2485,406827,1017620825,65594598060,26133306
20220831,351320,에스에이티이엔지,KOSDAQ,벤처기업부,3200,40,1.27,3180,3230,3110,12877,40920260,70450835200,22015886
20220831,056190,에스에프에이,KOSDAQ,우량기업부,41100,-350,-0.84,41350,41600,40800,86207,3553943496,1475850036000,35908760
20220831,080000,에스엔유,KOSDAQ,우량기업부,2760,-5,-0.18,2730,2790,2725,29177,80783665,94731121200,34322870
20220831,214310,에스엘바이오닉스,KOSDAQ,관리종목(소속부없음),4645,0,0.00,0,0,0,0,0,43721438745,9412581
20220831,041510,에스엠,KOSDAQ,우량기업부,69200,1800,2.67,67800,70000,67500,471004,32442380600,1646572549200,23794401
20220831,007820,에스엠코어,KOSDAQ,중견기업부,7270,80,1.11,7200,7290,7140,74806,541149390,145646787420,20033946
20220831,109610,에스와이,KOSDAQ,중견기업부,3345,10,0.30,3300,3355,3295,177139,589130105,163595253000,48907400
20220831,306040,에스제이그룹,KOSDAQ,우량기업부,20250,100,0.50,20100,20350,19900,24360,491522550,199783017000,9865828
20220831,408920,에스케이증권7호스팩,KOSDAQ,SPAC(소속부없음),2185,0,0.00,0,0,0,0,0,7909700000,3620000
20220831,096630,에스코넥,KOSDAQ,중견기업부,1220,25,2.09,1200,1230,1185,116542,139846600,80861554860,66279963
20220831,069510,에스텍,KOSDAQ,중견기업부,8200,130,1.61,8070,8200,7950,15631,126039070,89462000000,10910000
20220831,041910,에스텍파마,KOSDAQ,우량기업부,8630,70,0.82,8480,8630,8370,58216,495747490,102682009690,11898263
20220831,234300,에스트래픽,KOSDAQ,중견기업부,4810,85,1.80,4720,4815,4625,538205,2543133320,124814026220,25948862
20220831,039440,에스티아이,KOSDAQ,우량기업부,15000,250,1.69,14650,15000,14500,99164,1469392900,237450000000,15830000
20220831,098660,에스티오,KOSDAQ,중견기업부,2995,85,2.92,3150,3150,2910,95062,283353910,37440423120,12500976
20220831,052020,에스티큐브,KOSDAQ,중견기업부,20650,600,2.99,20250,20650,19800,430219,8694447150,879398896950,42585903
20220831,237690,에스티팜,KOSDAQ,벤처기업부,98500,0,0.00,96500,98500,96300,52453,5114217900,1852664337500,18808775
20220831,050760,에스폴리텍,KOSDAQ,중견기업부,3275,20,0.61,3255,3300,3205,26778,86920280,53496070450,16334678
20220831,288620,에스퓨얼셀,KOSDAQ,벤처기업부,25650,-400,-1.54,25700,25850,25200,51437,1315758000,176326205400,6874316
20220831,317830,에스피시스템스,KOSDAQ,벤처기업부,10550,200,1.93,10150,10650,10100,183606,1906731700,92406943600,8758952
20220831,058610,에스피지,KOSDAQ,우량기업부,16250,450,2.85,15700,16500,15450,566011,9130472950,360382100000,22177360
20220831,043340,에쎈테크,KOSDAQ,중견기업부,994,2,0.20,984,999,974,140933,138124055,71568000000,72000000
20220831,187660,에이디엠코리아,KOSDAQ,벤처기업부,2905,5,0.17,3060,3120,2900,505668,1515238035,63434306250,21836250
20220831,054630,에이디칩스,KOSDAQ,관리종목(소속부없음),320,5,1.59,324,324,312,184326,58359691,25507027520,79709461
20220831,200710,에이디테크놀로지,KOSDAQ,우량기업부,13500,250,1.89,13250,13500,13000,21457,285104750,180013414500,13334327
20220831,096690,에이루트,KOSDAQ,투자주의환기종목(소속부없음),543,-2,-0.37,545,553,540,1017916,554936064,87414283764,160983948
20220831,298380,에이비엘바이오,KOSDAQ,기술성장기업부,22850,300,1.33,22350,23100,22300,279941,6393478950,1088985619900,47658014
20220831,203400,에이비온,KOSDAQ,기술성장기업부,9800,30,0.31,9770,9880,9410,43640,420972990,184653922600,18842237
20220831,195990,에이비프로바이오,KOSDAQ,중견기업부,807,57,7.60,747,820,747,3200093,2561484692,219272743659,271713437
20220831,003800,에이스침대,KOSDAQ,관리종목(소속부없음),40500,-200,-0.49,40850,40850,40150,1390,56454000,449145000000,11090000
20220831,088800,에이스테크,KOSDAQ,중견기업부,7090,190,2.75,6800,7200,6780,158346,1115996310,318525857570,44926073
20220831,241840,에이스토리,KOSDAQ,중견기업부,23850,300,1.27,23250,24100,23100,98191,2324063700,227528856900,9539994
20220831,312610,에이에프더블류,KOSDAQ,벤처기업부,3455,80,2.37,3375,3510,3355,15783,53960840,69987548040,20256888
20220831,072990,에이치시티,KOSDAQ,우량기업부,10000,60,0.60,9940,10000,9890,9223,91646520,70715180000,7071518
20220831,227100,에이치앤비디자인,KOSDAQ,벤처기업부,4895,10,0.20,4890,4940,4760,37734,182682900,52798551795,10786221
20220831,239610,에이치엘사이언스,KOSDAQ,우량기업부,28700,-50,-0.17,28700,28750,28450,882,25216400,154753700500,5392115
20220831,353070,에이치엠씨제4호스팩,KOSDAQ,SPAC(소속부없음),2090,0,0.00,2080,2090,2075,3207,6665865,9007900000,4310000
20220831,353060,에이치엠씨제5호스팩,KOSDAQ,SPAC(소속부없음),2080,0,0.00,2085,2085,2070,3519,7299465,10639200000,5115000
20220831,148930,에이치와이티씨,KOSDAQ,중견기업부,17400,50,0.29,17100,17400,16900,369400,6339681050,175317406200,10075713
20220831,044780,에이치케이,KOSDAQ,벤처기업부,1920,50,2.67,1890,1920,1855,76278,144493530,35531111040,18505787
20220831,357230,에이치피오,KOSDAQ,벤처기업부,10200,50,0.49,10150,10250,10050,18632,189118200,203369232000,19938160
20220831,071670,에이테크솔루션,KOSDAQ,우량기업부,12550,0,0.00,12350,12650,12200,66076,822463950,125500000000,10000000
20220831,045660,에이텍,KOSDAQ,우량기업부,12050,-50,-0.41,12000,12100,11850,41708,501144700,99533000000,8260000
20220831,224110,에이텍티앤,KOSDAQ,벤처기업부,12400,50,0.40,12350,12400,12100,29530,362410000,66216000000,5340000
20220831,230980,에이트원,KOSDAQ,벤처기업부,1300,-5,-0.38,1295,1385,1280,2950472,3943489115,80636962900,62028433
20220831,021080,에이티넘인베스트,KOSDAQ,우량기업부,3320,25,0.76,3295,3330,3255,102913,339021595,159360000000,48000000
20220831,089530,에이티세미콘,KOSDAQ,중견기업부,1555,-105,-6.33,1660,1695,1440,3215953,4984409270,77615707090,49913638
20220831,200470,에이팩트,KOSDAQ,중견기업부,5520,100,1.85,5510,5640,5340,283162,1562229350,101988563280,18476189
20220831,262260,에이프로,KOSDAQ,우량기업부,13950,-50,-0.36,13900,15000,13650,693973,9858971900,200879930250,14399995
20220831,109960,에이프로젠 H&G,KOSDAQ,중견기업부,507,2,0.40,505,513,503,17607,8930211,90598475019,178695217
20220831,397030,에이프릴바이오,KOSDAQ,기술성장기업부,20600,1100,5.64,19150,20650,19150,343660,6982762450,216603335000,10514725
20220831,089970,에이피티씨,KOSDAQ,우량기업부,17000,150,0.89,16650,17050,16450,76688,1292144800,407670115000,23980595
20220831,230240,에치에프알,KOSDAQ,벤처기업부,34450,1550,4.71,33200,35350,32850,238134,8165356750,464696945700,13489026
20220831,230360,에코마케팅,KOSDAQ,중견기업부,16200,800,5.19,15350,16600,15200,214796,3475978350,523228069800,32298029
20220831,038870,에코바이오,KOSDAQ,중견기업부,6680,-120,-1.76,6710,6740,6570,121838,809841000,78851301160,11804087
20220831,128540,에코캡,KOSDAQ,벤처기업부,6590,50,0.76,6520,6600,6450,204270,1335470670,175890131400,26690460
20220831,086520,에코프로,KOSDAQ,우량기업부,114900,6400,5.90,108000,115300,107500,986734,111227839900,2865671607900,24940571
20220831,247540,에코프로비엠,KOSDAQ,우량기업부,112200,100,0.09,110900,112200,108800,925974,102185534700,10973310796800,97801344
20220831,383310,에코프로에이치엔,KOSDAQ,중견기업부,53500,400,0.75,52800,54100,52100,87768,4686939700,818813862000,15304932
20220831,038110,에코플라스틱,KOSDAQ,중견기업부,2785,30,1.09,2740,2815,2710,375600,1044385835,95161695450,34169370
20220831,073540,에프알텍,KOSDAQ,벤처기업부,3350,-5,-0.15,3360,3365,3270,17213,57357190,38190000000,11400000
20220831,064850,에프앤가이드,KOSDAQ,벤처기업부,7120,220,3.19,6890,7140,6890,3884,27245050,86009600000,12080000
20220831,064090,에프앤리퍼블릭,KOSDAQ,중견기업부,2920,70,2.46,2855,2995,2855,33043,95990215,32089074280,10989409
20220831,036810,에프에스티,KOSDAQ,우량기업부,14550,0,0.00,14300,14800,14150,29026,422175750,316561279950,21756789
20220831,173940,에프엔씨엔터,KOSDAQ,중견기업부,5370,-10,-0.19,5360,5380,5270,9402,50371540,81669091890,15208397
20220831,083500,에프엔에스테크,KOSDAQ,벤처기업부,8870,50,0.57,8820,8940,8730,31868,280427360,75312704140,8490722
20220831,054940,엑사이엔씨,KOSDAQ,중견기업부,1315,25,1.94,1290,1315,1290,305417,398123090,43623215620,33173548
20220831,950130,엑세스바이오,KOSDAQ,외국기업(소속부없음),15050,150,1.01,15000,15450,14800,544743,8240263850,546548681350,36315527
20220831,205100,엑셈,KOSDAQ,벤처기업부,3965,60,1.54,3895,3965,3870,71236,280215695,144255712445,36382273
20220831,070300,엑스큐어,KOSDAQ,벤처기업부,3850,120,3.22,3765,3890,3730,122001,463278665,28359384900,7366074
20220831,092870,엑시콘,KOSDAQ,우량기업부,9620,100,1.05,9510,9650,9390,9719,92858490,100780341740,10476127
20220831,317870,엔바이오니아,KOSDAQ,기술성장기업부,8190,20,0.24,8210,8210,8110,4200,34369460,64497486690,7875151
20220831,067570,엔브이에이치코리아,KOSDAQ,우량기업부,3470,0,0.00,3485,3485,3430,16152,55881235,113901750640,32824712
20220831,236810,엔비티,KOSDAQ,기술성장기업부,6800,360,5.59,6450,6880,6350,108402,721891490,115432896800,16975426
20220831,333620,엔시스,KOSDAQ,벤처기업부,16000,-100,-0.62,15900,16300,15850,34525,554753600,168901504000,10556344
20220831,101400,엔시트론,KOSDAQ,중견기업부,774,-6,-0.77,790,790,765,436566,337845971,36535878972,47203978
20220831,217820,엔에스,KOSDAQ,우량기업부,9000,210,2.39,8670,9050,8660,44638,394868300,103619133000,11513237
20220831,031860,엔에스엔,KOSDAQ,중견기업부,1125,-35,-3.02,1140,1140,1085,651394,723597635,95221819125,84641617
20220831,391060,엔에이치스팩20호,KOSDAQ,SPAC(소속부없음),2080,0,0.00,2080,2080,2075,15339,31826465,53040000000,25500000
20220831,396770,엔에이치스팩22호,KOSDAQ,SPAC(소속부없음),2150,-5,-0.23,2150,2150,2135,2104,4506450,13846000000,6440000
20220831,422040,엔에이치스팩23호,KOSDAQ,SPAC(소속부없음),2115,0,0.00,2115,2115,2105,1110,2340945,15143400000,7160000
20220831,265740,엔에프씨,KOSDAQ,벤처기업부,11300,200,1.80,11100,11550,11000,171574,1944034050,100929340000,8931800
20220831,354200,엔젠바이오,KOSDAQ,기술성장기업부,8550,260,3.14,8320,8550,8240,18390,155211910,106899897600,12502912
20220831,208860,엔지스테크널러지,KOSDAQ,투자주의환기종목(소속부없음),2205,0,0.00,0,0,0,0,0,25233717915,11443863
20220831,183490,엔지켐생명과학,KOSDAQ,기술성장기업부,3780,0,0.00,3775,3950,3675,764628,2921845805,53101489140,14048013
20220831,182400,엔케이맥스,KOSDAQ,기술성장기업부,18600,1150,6.59,17200,18750,16900,803653,14553612650,737436432000,39647120
20220831,348370,엔켐,KOSDAQ,벤처기업부,59500,3600,6.44,55900,59500,55200,185579,10816039900,912757905500,15340469
20220831,069410,엔텔스,KOSDAQ,벤처기업부,5530,60,1.10,5520,5600,5470,5952,32868850,56653876720,10244824
20220831,227950,엔투텍,KOSDAQ,중견기업부,1090,30,2.83,1060,1130,1040,1264934,1394412415,99813016750,91571575
20220831,291230,엔피,KOSDAQ,중견기업부,6860,130,1.93,6670,6860,6580,133220,897516380,282629420640,41199624
20220831,198080,엔피디,KOSDAQ,우량기업부,2380,50,2.15,2340,2380,2265,15313,35437335,51253740300,21535185
20220831,048830,엔피케이,KOSDAQ,중견기업부,2080,0,0.00,2090,2100,2060,75749,157566460,38945759840,18723923
20220831,096870,엘디티,KOSDAQ,벤처기업부,3880,155,4.16,3760,3885,3750,24666,93952330,25912192000,6678400
20220831,376190,엘비루셈,KOSDAQ,중견기업부,7490,70,0.94,7420,7510,7390,12474,93050420,184254000000,24600000
20220831,061970,엘비세미콘,KOSDAQ,우량기업부,9270,190,2.09,9010,9290,8940,116194,1062710230,405883167840,43784592
20220831,138690,엘아이에스,KOSDAQ,관리종목(소속부없음),982,0,0.00,0,0,0,0,0,22849431320,23268260
20220831,290650,엘앤씨바이오,KOSDAQ,벤처기업부,26250,600,2.34,25350,26650,25200,98514,2573456150,595478388750,22684891
20220831,066970,엘앤에프,KOSDAQ,중견기업부,230500,1900,0.83,225100,230500,223700,332309,75779297600,8281776488000,35929616
20220831,156100,엘앤케이바이오,KOSDAQ,벤처기업부,12050,-50,-0.41,11750,12400,11550,95861,1149946250,161538190950,13405659
20220831,073110,엘엠에스,KOSDAQ,중견기업부,7670,40,0.52,7670,7700,7470,9102,69357560,68230440850,8895755
20220831,083310,엘오티베큠,KOSDAQ,우량기업부,11800,550,4.89,11250,11850,11150,41465,477547000,210158389400,17810033
20220831,037950,엘컴텍,KOSDAQ,중견기업부,1130,0,0.00,1115,1135,1115,197596,222581570,95425696470,84447519
20220831,170920,엘티씨,KOSDAQ,벤처기업부,10950,0,0.00,11000,11350,10800,50939,564835650,88309176750,8064765
20220831,058630,엠게임,KOSDAQ,벤처기업부,7120,40,0.56,7010,7160,6970,90964,644835730,139152404240,19543877
20220831,058970,엠로,KOSDAQ,기술성장기업부,14800,50,0.34,14700,14900,14500,15855,233892700,165939376000,11212120
20220831,019590,엠벤처투자,KOSDAQ,벤처기업부,1470,35,2.44,1440,1475,1430,477037,692917475,119898871260,81563858
20220831,169330,엠브레인,KOSDAQ,중견기업부,3385,30,0.89,3355,3385,3340,16799,56533745,60716467430,17936918
20220831,179290,엠아이텍,KOSDAQ,벤처기업부,12400,750,6.44,11600,12500,11600,527861,6440419900,393687699200,31749008
20220831,009780,엠에스씨,KOSDAQ,우량기업부,5810,100,1.75,5710,5810,5710,3280,18898590,102256000000,17600000
20220831,123040,엠에스오토텍,KOSDAQ,중견기업부,4700,30,0.64,4645,4720,4620,36403,170406130,205144876200,43647846
20220831,323230,엠에프엠코리아,KOSDAQ,중견기업부,902,10,1.12,892,906,881,49287,43991244,27305037320,30271660
20220831,033160,엠케이전자,KOSDAQ,우량기업부,13150,550,4.37,12500,13150,12300,270565,3471246800,286771110350,21807689
20220831,347890,엠투아이,KOSDAQ,벤처기업부,9260,40,0.43,9130,9350,9010,60050,552888680,155551369040,16798204
20220831,033310,엠투엔,KOSDAQ,중견기업부,9080,340,3.89,8740,9200,8650,375753,3397460940,366307457480,40342231
20220831,259630,엠플러스,KOSDAQ,벤처기업부,18550,-150,-0.80,18750,19350,18450,183505,3442740800,227838557100,12282402
20220831,065150,엠피대산,KOSDAQ,벤처기업부,481,6,1.26,478,484,475,56610,27230560,60260836805,125282405
20220831,115960,연우,KOSDAQ,우량기업부,16650,50,0.30,16600,17050,16600,12892,216432550,206426700000,12398000
20220831,090740,연이비앤티,KOSDAQ,관리종목(소속부없음),2105,0,0.00,0,0,0,0,0,47277068575,22459415
20220831,060850,영림원소프트랩,KOSDAQ,벤처기업부,9900,90,0.92,9810,9930,9670,14491,141983780,80496900000,8131000
20220831,007530,영신금속,KOSDAQ,중견기업부,2515,10,0.40,2505,2535,2495,11945,29952440,48223746780,19174452
20220831,143540,영우디에스피,KOSDAQ,벤처기업부,2020,90,4.66,1985,2160,1930,18709054,38984963035,90091787900,44599895
20220831,112290,영창케미칼,KOSDAQ,기술성장기업부,13100,450,3.56,12600,13250,12500,183872,2365661900,132448139500,10110545
20220831,036560,영풍정밀,KOSDAQ,우량기업부,10850,1440,15.30,9580,11200,9500,3443269,36523133620,170887500000,15750000
20220831,265560,영화테크,KOSDAQ,벤처기업부,14100,450,3.30,13700,14550,13600,671822,9566965050,150731538000,10690180
20220831,036000,예림당,KOSDAQ,중견기업부,1945,10,0.52,1935,1985,1925,13686,26738235,44801668765,23034277
20220831,250930,예선테크,KOSDAQ,벤처기업부,1320,-5,-0.38,1335,1335,1295,56985,74719790,43560580800,33000440
20220831,053280,예스24,KOSDAQ,우량기업부,6400,100,1.59,6290,6410,6210,21390,135346150,160000000000,25000000
20220831,122640,예스티,KOSDAQ,벤처기업부,10100,200,2.02,9900,10100,9790,82319,823299940,177201500300,17544703
20220831,900300,오가닉티코스메틱,KOSDAQ,외국기업(소속부없음),316,2,0.64,311,329,311,1509659,482850807,39990583680,126552480
20220831,045060,오공,KOSDAQ,우량기업부,3635,5,0.14,3665,3665,3615,20678,74982095,61584075490,16941974
20220831,080520,오디텍,KOSDAQ,벤처기업부,5250,10,0.19,5220,5270,5170,68381,356848290,61669697250,11746609
20220831,039830,오로라,KOSDAQ,우량기업부,8360,20,0.24,8330,8380,8250,8538,71128250,89977760400,10762890
20220831,322310,오로스테크놀로지,KOSDAQ,벤처기업부,13900,250,1.83,13450,14000,13450,11034,152218200,130194933800,9366542
20220831,046120,오르비텍,KOSDAQ,중견기업부,7350,70,0.96,7260,7360,7210,821411,5998575760,198955856400,27068824
20220831,014940,오리엔탈정공,KOSDAQ,우량기업부,3430,-50,-1.44,3480,3480,3400,107193,366561225,156317657230,45573661
20220831,065500,오리엔트정공,KOSDAQ,중견기업부,1850,65,3.64,1795,1850,1775,91055,166218230,58724387200,31742912
20220831,010470,오리콤,KOSDAQ,우량기업부,6800,100,1.49,6700,6880,6640,29813,201263580,81430340000,11975050
20220831,352910,오비고,KOSDAQ,기술성장기업부,14050,450,3.31,13650,14200,13150,470451,6498497450,160883992900,11450818
20220831,053980,오상자이엘,KOSDAQ,우량기업부,5690,-10,-0.18,5700,5740,5660,16701,95352970,100985448580,17747882
20220831,052420,오성첨단소재,KOSDAQ,중견기업부,2150,0,0.00,0,0,0,0,0,155160649600,72167744
20220831,241790,오션브릿지,KOSDAQ,우량기업부,14200,50,0.35,13950,14400,13650,42266,598943050,142037402800,10002634
20220831,039200,오스코텍,KOSDAQ,벤처기업부,20300,900,4.64,19150,20600,18900,282654,5697850450,613192457500,30206525
20220831,226400,오스테오닉,KOSDAQ,기술성장기업부,2740,30,1.11,2710,2760,2680,12493,33964235,46961829960,17139354
20220831,031510,오스템,KOSDAQ,중견기업부,1975,75,3.95,1900,2000,1875,176079,344354545,55300000000,28000000
20220831,048260,오스템임플란트,KOSDAQ,투자주의환기종목(소속부없음),129000,16600,14.77,111800,129000,111700,1009220,123755275300,1842857493000,14285717
20220831,138080,오이솔루션,KOSDAQ,우량기업부,22400,550,2.52,21650,22400,21550,11223,248573850,237979728000,10624095
20220831,080580,오킨스전자,KOSDAQ,벤처기업부,22200,150,0.68,22000,22600,21950,20375,453161950,392480415600,17679298
20220831,067170,오텍,KOSDAQ,우량기업부,6910,-50,-0.72,6960,6960,6770,30546,209362950,106355990550,15391605
20220831,353590,오토앤,KOSDAQ,중견기업부,12600,250,2.02,12350,12650,12200,68540,853645600,162232182000,12875570
20220831,173130,오파스넷,KOSDAQ,중견기업부,6150,-20,-0.32,6110,6190,6060,96249,587913280,72941644500,11860430
20220831,049480,오픈베이스,KOSDAQ,중견기업부,2965,40,1.37,2925,3005,2905,204076,605133555,93167365595,31422383
20220831,309930,오하임아이엔티,KOSDAQ,벤처기업부,3265,70,2.19,3255,3350,3170,116251,380214030,69278147830,21218422
20220831,244460,올리패스,KOSDAQ,기술성장기업부,5510,190,3.57,5320,5980,5260,662699,3761569410,151110670040,27424804
20220831,226950,올릭스,KOSDAQ,기술성장기업부,21400,0,0.00,21400,21500,20950,22849,486104900,293247624000,13703160
20220831,057540,옴니시스템,KOSDAQ,중견기업부,2070,20,0.98,2040,2085,2030,217617,448034200,96150164850,46449355
20220831,131030,옵투스제약,KOSDAQ,우량기업부,6070,0,0.00,6100,6140,6050,14344,87268290,98049693340,16153162
20220831,082210,옵트론텍,KOSDAQ,중견기업부,5280,110,2.13,5110,5320,5080,137665,722640470,129275229600,24483945
20220831,109080,옵티시스,KOSDAQ,벤처기업부,13000,50,0.39,12950,13150,12550,30296,392254800,73268000000,5636000
20220831,153710,옵티팜,KOSDAQ,기술성장기업부,8950,-20,-0.22,8970,9010,8860,18398,164314100,131296124100,14669958
20220831,321820,와이더플래닛,KOSDAQ,기술성장기업부,7130,100,1.42,7030,7150,6910,15242,107083810,49256050660,6908282
20220831,122990,와이솔,KOSDAQ,우량기업부,8750,130,1.51,8500,8750,8490,24334,211219530,246635733750,28186941
20220831,232140,와이아이케이,KOSDAQ,우량기업부,4070,5,0.12,4020,4100,4005,172035,697925315,333924574500,82045350
20220831,065530,와이어블,KOSDAQ,중견기업부,2750,30,1.10,2720,2815,2670,134532,370375750,145365000000,52860000
20220831,067900,와이엔텍,KOSDAQ,우량기업부,10150,510,5.29,9740,10150,9700,129875,1304033940,184726538850,18199659
20220831,155650,와이엠씨,KOSDAQ,우량기업부,6900,60,0.88,6840,6900,6730,71982,492300170,137823070200,19974358
20220831,273640,와이엠텍,KOSDAQ,벤처기업부,21600,700,3.35,20650,21700,19950,197112,4104076950,236865600000,10966000
20220831,251370,와이엠티,KOSDAQ,우량기업부,17450,700,4.18,17000,17500,16600,63371,1083326750,269116674550,15422159
20220831,066430,와이오엠,KOSDAQ,중견기업부,1925,85,4.62,1865,2150,1865,1083770,2198247300,31589954550,16410366
20220831,193250,와이제이엠게임즈,KOSDAQ,중견기업부,1950,45,2.36,1905,1950,1885,342080,659525210,111751690050,57308559
20220831,273060,와이즈버즈,KOSDAQ,중견기업부,1320,0,0.00,1320,1335,1290,100969,132193845,66593959080,50449969
20220831,019210,와이지-원,KOSDAQ,중견기업부,6920,90,1.32,6800,6970,6760,49450,338316700,211570827480,30573819
20220831,122870,와이지엔터테인먼트,KOSDAQ,벤처기업부,60600,500,0.83,59300,60600,59100,206670,12426307200,1129481525400,18638309
20220831,332570,와이팜,KOSDAQ,중견기업부,4320,35,0.82,4285,4350,4285,23291,100370750,160450657920,37141356
20220831,079000,와토스코리아,KOSDAQ,중견기업부,6090,80,1.33,6070,6140,6010,12492,75725880,43848000000,7200000
20220831,032820,우리기술,KOSDAQ,벤처기업부,2095,0,0.00,2070,2110,2070,1546936,3235249475,313022679865,149414167
20220831,041190,우리기술투자,KOSDAQ,우량기업부,5900,70,1.20,5730,5910,5720,352134,2054931600,495600000000,84000000
20220831,115440,우리넷,KOSDAQ,벤처기업부,8700,400,4.82,8290,9820,8150,5290885,49287158000,85182413400,9791082
20220831,046970,우리로,KOSDAQ,벤처기업부,1455,40,2.83,1405,1480,1395,444816,641535145,46632217470,32049634
20220831,082850,우리바이오,KOSDAQ,중견기업부,4345,190,4.57,4130,4360,4065,2607160,11151943645,208262706410,47931578
20220831,215360,우리산업,KOSDAQ,우량기업부,17450,50,0.29,17200,17600,17150,43529,756926750,159356244350,9132163
20220831,072470,우리산업홀딩스,KOSDAQ,중견기업부,5810,-20,-0.34,5730,6020,5730,476672,2797289940,109735451210,18887341
20220831,073560,우리손에프앤지,KOSDAQ,우량기업부,1985,25,1.28,1950,1990,1950,302559,597566245,137436721355,69237643
20220831,037400,우리엔터프라이즈,KOSDAQ,중견기업부,2705,20,0.74,2685,2735,2640,209363,565876455,70934150930,26223346
20220831,153490,우리이앤엘,KOSDAQ,우량기업부,1385,10,0.73,1365,1395,1350,121309,167115905,71299800000,51480000
20220831,101170,우림피티에스,KOSDAQ,벤처기업부,8220,60,0.74,8040,8220,7990,197179,1597648840,110970000000,13500000
20220831,066590,우수AMS,KOSDAQ,중견기업부,3670,30,0.82,3640,3740,3635,103650,380842130,134412006750,36624525
20220831,103840,우양,KOSDAQ,중견기업부,3685,0,0.00,3685,3700,3610,37370,136814145,52540730000,14258000
20220831,046940,우원개발,KOSDAQ,우량기업부,4485,60,1.36,4400,4485,4365,171947,764249345,81063459750,18074350
20220831,215380,우정바이오,KOSDAQ,벤처기업부,4440,40,0.91,4400,4465,4350,10333,45686330,57531348840,12957511
20220831,065680,우주일렉트로,KOSDAQ,우량기업부,21600,950,4.60,20350,21750,20300,45463,953987300,214579152000,9934220
20220831,018620,우진비앤지,KOSDAQ,중견기업부,2195,-5,-0.23,2195,2215,2180,184130,404736925,63411998135,28889293
20220831,307280,원바이오젠,KOSDAQ,벤처기업부,1555,-10,-0.64,1565,1570,1540,89872,139590935,56686604440,36454408
20220831,053080,원방테크,KOSDAQ,우량기업부,12700,950,8.09,11800,13350,11500,1463591,18829745600,165097548900,12999807
20220831,032940,원익,KOSDAQ,벤처기업부,3745,115,3.17,3630,3775,3620,20252,74802405,68133646350,18193230
20220831,240810,원익IPS,KOSDAQ,우량기업부,28000,350,1.27,27300,28200,27100,273109,7578659800,1374349228000,49083901
20220831,074600,원익QnC,KOSDAQ,우량기업부,27450,1600,6.19,25500,27450,25300,718980,19078457900,721605600000,26288000
20220831,104830,원익머트리얼즈,KOSDAQ,우량기업부,30500,50,0.16,29950,30500,29600,102568,3080118750,384544000000,12608000
20220831,014190,원익큐브,KOSDAQ,우량기업부,2615,15,0.58,2595,2690,2560,96522,252135295,92570754190,35399906
20220831,131390,원익피앤이,KOSDAQ,우량기업부,21900,600,2.82,21050,22000,21000,132107,2862573350,324534129000,14818910
20220831,030530,원익홀딩스,KOSDAQ,우량기업부,3790,50,1.34,3730,3830,3690,91400,343898080,292731947990,77237981
20220831,012620,원일특강,KOSDAQ,우량기업부,11450,0,0.00,11450,11500,11250,21470,243901850,50380000000,4400000
20220831,382840,원준,KOSDAQ,벤처기업부,32650,-150,-0.46,32450,33050,32300,112053,3660208350,491727708450,15060573
20220831,336570,원텍,KOSDAQ,기술성장기업부,2790,60,2.20,2730,2830,2695,386522,1064010380,242833093290,87036951
20220831,376980,원티드랩,KOSDAQ,기술성장기업부,20950,-50,-0.24,21000,21000,20500,46650,966976200,197728949200,9438136
20220831,008370,원풍,KOSDAQ,우량기업부,4990,35,0.71,4955,5000,4910,14459,71750585,59880000000,12000000
20220831,008290,원풍물산,KOSDAQ,관리종목(소속부없음),823,5,0.61,848,848,816,21243,17544769,33490897817,40693679
20220831,101160,월덱스,KOSDAQ,우량기업부,20850,400,1.96,20250,20950,20100,70808,1454070350,344254204050,16510993
20220831,336060,웨이버스,KOSDAQ,벤처기업부,1630,50,3.16,1575,1650,1560,275333,446986575,76096876000,46685200
20220831,095270,웨이브일렉트로,KOSDAQ,벤처기업부,5630,-140,-2.43,5700,5790,5500,43886,245769720,84288171280,14971256
20220831,065950,웰크론,KOSDAQ,우량기업부,3450,10,0.29,3440,3450,3395,27460,93843710,97397991900,28231302
20220831,076080,웰크론한텍,KOSDAQ,중견기업부,4225,-15,-0.35,4210,4355,4210,1468859,6289430425,87950751850,20816746
20220831,196700,웹스,KOSDAQ,벤처기업부,3395,15,0.44,3350,3545,3260,147339,500789115,48766268880,14364144
20220831,069080,웹젠,KOSDAQ,우량기업부,18600,100,0.54,18150,18600,18000,53817,987381950,656782442400,35310884
20220831,053580,웹케시,KOSDAQ,우량기업부,19850,-150,-0.75,19900,19950,19650,9516,188315100,273657022800,13786248
20220831,071460,위니아,KOSDAQ,우량기업부,2445,40,1.66,2405,2450,2370,69050,165993415,87940036275,35967295
20220831,377460,위니아에이드,KOSDAQ,중견기업부,9060,90,1.00,9000,9180,8970,108216,982748000,139464249300,15393405
20220831,044340,위닉스,KOSDAQ,우량기업부,12400,250,2.06,11950,12450,11950,10135,124562250,221630470000,17873425
20220831,330350,위더스제약,KOSDAQ,우량기업부,8140,160,2.01,7980,8170,7980,8304,67133150,107389212920,13192778
20220831,348350,위드텍,KOSDAQ,우량기업부,15900,450,2.91,15500,15900,15300,7417,116118550,161919240000,10183600
20220831,112040,위메이드,KOSDAQ,우량기업부,62100,500,0.81,61000,62300,60800,178961,11045153800,2098791340200,33796962
20220831,101730,위메이드맥스,KOSDAQ,중견기업부,20050,350,1.78,19500,20050,19200,221474,4374033000,667570604600,33295292
20220831,123420,위메이드플레이,KOSDAQ,우량기업부,27400,350,1.29,26750,28050,26550,90937,2500995100,314273670800,11469842
20220831,065370,위세아이텍,KOSDAQ,벤처기업부,11700,-150,-1.27,11850,12000,11700,32578,385204350,76937725800,6575874
20220831,038620,위즈코프,KOSDAQ,중견기업부,1075,-5,-0.46,1075,1080,1055,253804,271612490,71537449875,66546465
20220831,299900,위지윅스튜디오,KOSDAQ,중견기업부,22750,200,0.89,22500,22850,21900,149503,3346829950,972840527750,42762221
20220831,036090,위지트,KOSDAQ,중견기업부,927,10,1.09,910,930,910,289868,266676169,90787443264,97936832
20220831,136540,윈스,KOSDAQ,우량기업부,13950,0,0.00,13950,14000,13800,12328,171714850,193405059900,13864162
20220831,320000,윈텍,KOSDAQ,중견기업부,2115,-15,-0.70,2130,2130,2070,60789,127463530,39125698020,18499148
20220831,097800,윈팩,KOSDAQ,중견기업부,1520,40,2.70,1480,1525,1470,73818,110282380,75494054320,49667141
20220831,192390,윈하이텍,KOSDAQ,중견기업부,3865,115,3.07,3750,3880,3750,75738,291229130,41188903040,10656896
20220831,313760,윌링스,KOSDAQ,중견기업부,10600,50,0.47,10550,11350,10300,86856,940121800,60289270200,5687667
20220831,900340,윙입푸드,KOSDAQ,외국기업(소속부없음),1250,0,0.00,1235,1255,1210,631753,781692340,59966785000,47973428
20220831,064510,유네코,KOSDAQ,관리종목(소속부없음),2750,0,0.00,0,0,0,0,0,27821777500,10117010
20220831,036200,유니셈,KOSDAQ,우량기업부,7620,330,4.53,7210,7630,7190,208423,1562599100,233661379260,30664223
20220831,018000,유니슨,KOSDAQ,중견기업부,2725,10,0.37,2725,2830,2710,995215,2747905610,333125862675,122248023
20220831,203450,유니온커뮤니티,KOSDAQ,벤처기업부,3095,85,2.82,3115,3125,3020,19950,61038780,45431526665,14679007
20220831,011320,유니크,KOSDAQ,중견기업부,6760,70,1.05,6630,6830,6580,287294,1940080490,130607898200,19320695
20220831,086390,유니테스트,KOSDAQ,우량기업부,19450,250,1.30,19050,19550,18950,82143,1588882450,411058750700,21134126
20220831,241690,유니테크노,KOSDAQ,우량기업부,5250,30,0.57,5160,5320,5160,66018,346521320,131310716250,25011565
20220831,142210,유니트론텍,KOSDAQ,벤처기업부,3895,40,1.04,3855,3895,3800,25301,97732580,73102142895,18768201
20220831,048430,유라테크,KOSDAQ,우량기업부,6850,50,0.74,6830,6910,6700,6242,42301480,78912000000,11520000
20220831,206650,유바이오로직스,KOSDAQ,기술성장기업부,15900,500,3.25,15250,15950,15150,125724,1962021250,579472431300,36444807
20220831,089850,유비벨록스,KOSDAQ,우량기업부,16400,0,0.00,16250,16450,16100,26550,432423300,116697430800,7115697
20220831,032620,유비케어,KOSDAQ,우량기업부,5720,120,2.14,5600,5790,5580,42929,245308090,298567635080,52197139
20220831,264450,유비쿼스,KOSDAQ,우량기업부,17550,400,2.33,16950,17600,16850,18610,321645200,179812140300,10245706
20220831,078070,유비쿼스홀딩스,KOSDAQ,중견기업부,15700,100,0.64,15600,15700,15450,1964,30573200,293537059600,18696628
20220831,024800,유성티엔에스,KOSDAQ,우량기업부,2575,15,0.59,2520,2610,2515,43400,110802375,80542441350,31278618
20220831,054930,유신,KOSDAQ,벤처기업부,35200,1400,4.14,33800,35900,33000,958878,32985009100,105600000000,3000000
20220831,069330,유아이디,KOSDAQ,벤처기업부,1875,5,0.27,1870,1905,1860,72631,136444100,26608295625,14191091
20220831,049520,유아이엘,KOSDAQ,관리종목(소속부없음),3280,10,0.31,3200,3285,3200,15457,49963375,71454590080,21784936
20220831,367460,유안타제7호스팩,KOSDAQ,SPAC(소속부없음),2285,55,2.47,2230,2285,2230,127284,286213685,12567500000,5500000
20220831,367480,유안타제8호스팩,KOSDAQ,SPAC(소속부없음),2125,0,0.00,2125,2125,2105,1903,4027225,13791250000,6490000
20220831,430700,유안타제9호스팩,KOSDAQ,SPAC(소속부없음),2095,-5,-0.24,2095,2100,2095,6695,14027335,10977800000,5240000
20220831,263770,유에스티,KOSDAQ,투자주의환기종목(소속부없음),3315,60,1.84,3255,3315,3225,17443,57023595,78566070180,23700172
20220831,388720,유일로보틱스,KOSDAQ,벤처기업부,32200,150,0.47,31600,35450,31100,5328735,176990117300,276303241200,8580846
20220831,340930,유일에너테크,KOSDAQ,벤처기업부,20350,1450,7.67,19600,22100,19450,3474695,72680451450,217231040400,10674744
20220831,023410,유진기업,KOSDAQ,우량기업부,3890,0,0.00,3825,3970,3825,113048,438436370,300739257070,77310863
20220831,056080,유진로봇,KOSDAQ,중견기업부,5190,40,0.78,5130,5200,5050,204435,1050995620,194688068880,37512152
20220831,373340,유진스팩6호,KOSDAQ,SPAC(소속부없음),2270,0,0.00,2265,2270,2245,2925,6609910,6855400000,3020000
20220831,388800,유진스팩7호,KOSDAQ,SPAC(소속부없음),2145,5,0.23,2145,2145,2130,5249,11202005,10746450000,5010000
20220831,413630,유진스팩8호,KOSDAQ,SPAC(소속부없음),2105,-5,-0.24,2115,2115,2100,3821,8031990,12461600000,5920000
20220831,084370,유진테크,KOSDAQ,우량기업부,27450,850,3.20,26050,27450,26050,226468,6131959675,629045352900,22916042
20220831,178780,유테크,KOSDAQ,관리종목(소속부없음),1730,0,0.00,0,0,0,0,0,60240302320,34820984
20220831,179900,유티아이,KOSDAQ,벤처기업부,26950,250,0.94,26350,26950,26000,59014,1564545650,438931820250,16286895
20220831,263050,유틸렉스,KOSDAQ,기술성장기업부,9050,-180,-1.95,9050,9300,8690,2549840,22984552630,331034148950,36578359
20220831,191410,육일씨엔에쓰,KOSDAQ,중견기업부,3055,-10,-0.33,3065,3105,3050,43443,133440060,29330862535,9600937
20220831,072770,율호,KOSDAQ,중견기업부,1645,-5,-0.30,1640,1665,1615,857667,1403870735,89684154735,54519243
20220831,039020,이건홀딩스,KOSDAQ,우량기업부,3870,55,1.44,3800,3870,3760,110013,419572600,87402823830,22584709
20220831,067920,이글루,KOSDAQ,벤처기업부,5720,80,1.42,5640,5720,5580,25477,144330160,62897800680,10996119
20220831,044960,이글벳,KOSDAQ,중견기업부,6510,50,0.77,6460,6530,6430,35929,232811550,82298658330,12641883
20220831,303530,이노뎁,KOSDAQ,벤처기업부,13550,-100,-0.73,13300,13700,13150,36699,493415600,99447501450,7339299
20220831,302430,이노메트리,KOSDAQ,벤처기업부,12350,-50,-0.40,12250,12600,12200,11241,139635750,121440118800,9833208
20220831,056090,이노시스,KOSDAQ,기술성장기업부,1995,-55,-2.68,2030,2060,1985,2932079,5900453215,151989334350,76185130
20220831,073490,이노와이어리스,KOSDAQ,우량기업부,30350,1200,4.12,28850,30400,28800,44001,1313779300,204484460400,6737544
20220831,215790,이노인스트루먼트,KOSDAQ,중견기업부,1620,15,0.93,1615,1620,1590,41312,66218135,65258701380,40283149
20220831,246960,이노테라피,KOSDAQ,기술성장기업부,8990,-70,-0.77,9030,9070,8920,24295,217717820,48744166570,5422043
20220831,088390,이녹스,KOSDAQ,우량기업부,24550,900,3.81,24000,24950,23800,66368,1630167850,230422470200,9385844
20220831,272290,이녹스첨단소재,KOSDAQ,우량기업부,34600,1950,5.97,32400,34600,32250,478689,16318720500,696347766800,20125658
20220831,053350,이니텍,KOSDAQ,중견기업부,3730,-65,-1.71,3740,3790,3720,24970,93499770,73820116680,19790916
20220831,041520,이라이콤,KOSDAQ,우량기업부,5650,20,0.36,5710,5710,5630,4034,22779910,68866324500,12188730
20220831,264850,이랜시스,KOSDAQ,중견기업부,3075,-5,-0.16,3050,3095,3015,63984,196322840,89253941400,29025672
20220831,054210,이랜텍,KOSDAQ,우량기업부,17750,0,0.00,17200,17850,17200,179651,3167623500,448918977500,25291210
20220831,164060,이루다,KOSDAQ,벤처기업부,5800,70,1.22,5730,5850,5600,148526,857850270,101232121200,17453814
20220831,065440,이루온,KOSDAQ,벤처기업부,2870,-80,-2.71,2835,3010,2820,4086263,11892656185,78279307400,27275020
20220831,115610,이미지스,KOSDAQ,벤처기업부,2785,60,2.20,2750,2810,2705,345883,958208380,42689248660,15328276
20220831,349720,이베스트스팩5호,KOSDAQ,SPAC(소속부없음),2080,5,0.24,2080,2080,2060,4008,8293060,7529600000,3620000
20220831,078020,이베스트투자증권,KOSDAQ,우량기업부,6430,-20,-0.31,6410,6500,6390,27812,179031800,356744051700,55481190
20220831,131400,이브이첨단소재,KOSDAQ,벤처기업부,1685,-65,-3.71,1730,1750,1680,708082,1205350235,95899540690,56913674
20220831,351330,이삭엔지니어링,KOSDAQ,벤처기업부,10550,500,4.98,9950,10600,9930,12965,134666900,87443886000,8288520
20220831,080010,이상네트웍스,KOSDAQ,중견기업부,5590,30,0.54,5560,5620,5510,13896,77463710,55900000000,10000000
20220831,086890,이수앱지스,KOSDAQ,기술성장기업부,7710,10,0.13,7780,7840,7710,89743,696846290,255838370280,33182668
20220831,047560,이스트소프트,KOSDAQ,벤처기업부,9210,-200,-2.13,8890,9370,8830,90940,827609320,104776938720,11376432
20220831,900110,이스트아시아홀딩스,KOSDAQ,외국기업(소속부없음),203,0,0.00,204,205,200,772642,156093486,44646206150,219932050
20220831,067010,이씨에스,KOSDAQ,벤처기업부,4180,0,0.00,4125,4190,4080,71214,294580655,51388920000,12294000
20220831,101360,이엔드디,KOSDAQ,우량기업부,30000,-350,-1.15,29900,30800,29500,175276,5265795000,309611490000,10320383
20220831,102710,이엔에프테크놀로지,KOSDAQ,우량기업부,29150,0,0.00,28700,29350,28450,29443,852677750,416490419400,14287836
20220831,066980,이엔코퍼레이션,KOSDAQ,중견기업부,3010,75,2.56,2950,3010,2915,81575,243142645,135660645820,45069982
20220831,063760,이엘피,KOSDAQ,벤처기업부,5150,40,0.78,5110,5210,5090,27946,144171740,48024419500,9325130
20220831,123570,이엠넷,KOSDAQ,중견기업부,5910,50,0.85,5860,5940,5760,42138,246027430,131651620980,22276078
20220831,083470,이엠앤아이,KOSDAQ,관리종목(소속부없음),3220,0,0.00,0,0,0,0,0,61111149960,18978618
20220831,095190,이엠코리아,KOSDAQ,중견기업부,4270,70,1.67,4195,4345,4040,1011896,4262331495,181821027990,42581037
20220831,091120,이엠텍,KOSDAQ,우량기업부,27050,600,2.27,26350,27450,26150,73589,1981456000,463445918800,17132936
20220831,039030,이오테크닉스,KOSDAQ,우량기업부,75300,1000,1.35,73100,75900,72700,48044,3590526800,927662115000,12319550
20220831,294090,이오플로우,KOSDAQ,기술성장기업부,19200,150,0.79,19200,19450,19000,59284,1141920700,581827603200,30303521
20220831,088290,이원컴포텍,KOSDAQ,중견기업부,8590,-320,-3.59,8960,8960,8540,197816,1711221020,198921765350,23157365
20220831,181340,이즈미디어,KOSDAQ,관리종목(소속부없음),2705,0,0.00,0,0,0,0,0,37716353295,13943199
20220831,353810,이지바이오,KOSDAQ,중견기업부,4880,130,2.74,4795,4910,4700,509074,2467954780,166855593600,34191720
20220831,099750,이지케어텍,KOSDAQ,벤처기업부,24050,100,0.42,23950,24150,23600,4465,106721100,153583300000,6386000
20220831,377330,이지트로닉스,KOSDAQ,기술성장기업부,16800,-100,-0.59,17150,17550,16250,942452,15885978850,133819627200,7965454
20220831,035810,이지홀딩스,KOSDAQ,우량기업부,3680,25,0.68,3655,3690,3615,209604,765784945,239736709600,65145845
20220831,160600,이큐셀,KOSDAQ,관리종목(소속부없음),3100,0,0.00,0,0,0,0,0,42720312600,13780746
20220831,092130,이크레더블,KOSDAQ,중견기업부,17450,150,0.87,17300,17450,17300,2722,47304700,210160820000,12043600
20220831,096040,이트론,KOSDAQ,중견기업부,187,2,1.08,185,188,185,2119648,395737920,119891552165,641131295
20220831,134060,이퓨쳐,KOSDAQ,벤처기업부,7000,210,3.09,6850,7000,6810,10532,72783690,33384750000,4769250
20220831,001840,이화공영,KOSDAQ,중견기업부,5780,10,0.17,5770,5830,5710,55334,319910370,114477292800,19805760
20220831,024810,이화전기,KOSDAQ,벤처기업부,945,0,0.00,948,949,936,608921,573548929,116242602525,123008045
20220831,041830,인바디,KOSDAQ,우량기업부,22450,-50,-0.22,22450,22800,22200,57152,1282521150,307200905900,13683782
20220831,352940,인바이오,KOSDAQ,벤처기업부,5960,-60,-1.00,6040,6040,5910,13669,81346080,64771670800,10867730
20220831,079950,인베니아,KOSDAQ,중견기업부,1830,20,1.10,1820,1850,1795,78259,143095205,42456000000,23200000
20220831,277410,인산가,KOSDAQ,벤처기업부,1990,-15,-0.75,2005,2015,1990,63931,127788495,64442864510,32383349
20220831,060150,인선이엔티,KOSDAQ,우량기업부,10800,600,5.88,10350,10800,10300,1871007,19802249900,502887009600,46563612
20220831,033230,인성정보,KOSDAQ,중견기업부,2180,20,0.93,2115,2200,2110,165909,357580535,85489528400,39215380
20220831,037330,인지디스플레,KOSDAQ,우량기업부,1950,0,0.00,1955,1960,1920,19740,38235860,85576186800,43885224
20220831,211050,인카금융서비스,KOSDAQ,기술성장기업부,6780,-30,-0.44,6810,6910,6700,42211,285726510,69671008800,10275960
20220831,083640,인콘,KOSDAQ,벤처기업부,1315,-20,-1.50,1325,1330,1305,977735,1283817470,76316435280,58035312
20220831,216050,인크로스,KOSDAQ,벤처기업부,15500,0,0.00,15400,15500,15150,25482,389333300,199069941000,12843222
20220831,049070,인탑스,KOSDAQ,우량기업부,30100,1000,3.44,28750,30100,28700,255610,7581665900,517720000000,17200000
20220831,119610,인터로조,KOSDAQ,우량기업부,28750,450,1.59,28200,28750,28000,40059,1136810900,379973742500,13216478
20220831,017250,인터엠,KOSDAQ,중견기업부,1230,10,0.82,1220,1245,1220,23843,29261935,25885924410,21045467
20220831,051370,인터플렉스,KOSDAQ,중견기업부,12500,400,3.31,12000,12550,11950,98155,1212598400,291593400000,23327472
20220831,064290,인텍플러스,KOSDAQ,우량기업부,18500,250,1.37,17900,18500,17900,33270,608577750,235291547000,12718462
20220831,189300,인텔리안테크,KOSDAQ,우량기업부,73800,900,1.23,72000,75400,71500,83252,6168756200,677754772200,9183669
20220831,150840,인트로메딕,KOSDAQ,관리종목(소속부없음),5850,0,0.00,0,0,0,0,0,223669017000,38234020
20220831,048530,인트론바이오,KOSDAQ,기술성장기업부,11500,100,0.88,11400,11650,11150,131219,1497046800,392733763000,34150762
20220831,175140,인포마크,KOSDAQ,관리종목(소속부없음),6440,160,2.55,6350,6590,5830,9724,61786720,56492800560,8772174
20220831,115310,인포바인,KOSDAQ,벤처기업부,32500,850,2.69,31700,32950,31550,71530,2308017450,103768697500,3192883
20220831,039290,인포뱅크,KOSDAQ,우량기업부,14700,400,2.80,14300,14850,14250,151862,2220330600,127801476600,8693978
20220831,071200,인피니트헬스케어,KOSDAQ,중견기업부,5750,150,2.68,5510,5910,5500,46892,267421280,140279633500,24396458
20220831,101930,인화정공,KOSDAQ,우량기업부,16250,0,0.00,16250,16550,15900,25987,417403100,151640206250,9331705
20220831,333430,일승,KOSDAQ,벤처기업부,5530,80,1.47,5440,5880,5290,5483423,30732179450,169918910910,30726747
20220831,068330,일신바이오,KOSDAQ,투자주의환기종목(소속부없음),3430,0,0.00,0,0,0,0,0,151661360200,44216140
20220831,058450,일야,KOSDAQ,중견기업부,785,20,2.61,766,790,758,246213,190852408,26195450000,33370000
20220831,019540,일지테크,KOSDAQ,중견기업부,2700,-5,-0.18,2705,2725,2645,16362,43980425,36486450000,13513500
20220831,094820,일진파워,KOSDAQ,우량기업부,20350,500,2.52,19650,20400,19600,288675,5772331450,306851728150,15078709
20220831,950140,잉글우드랩,KOSDAQ,외국기업(소속부없음),4730,-10,-0.21,4740,4760,4595,26796,126663285,93975006180,19867866
20220831,049550,잉크테크,KOSDAQ,중견기업부,6560,-40,-0.61,6640,6640,6470,8305,54363110,128617177120,19606277
20220831,254120,자비스,KOSDAQ,기술성장기업부,1795,0,0.00,1800,1835,1765,84767,152887970,39817079515,22182217
20220831,043910,자연과환경,KOSDAQ,중견기업부,1485,15,1.02,1460,1495,1440,1010034,1485919080,120848640660,81379556
20220831,234920,자이글,KOSDAQ,벤처기업부,3785,150,4.13,3700,3790,3655,102045,382654460,51214494350,13530910
20220831,289220,자이언트스텝,KOSDAQ,기술성장기업부,24000,550,2.35,23050,24050,23050,70694,1673631350,527909328000,21996222
20220831,174880,장원테크,KOSDAQ,투자주의환기종목(소속부없음),1415,5,0.35,1410,1460,1400,42291,59905800,30958361915,21878701
20220831,049630,재영솔루텍,KOSDAQ,중견기업부,713,-2,-0.28,715,718,709,115626,82338000,58427179289,81945553
20220831,110020,전진바이오팜,KOSDAQ,기술성장기업부,3955,15,0.38,3960,3995,3795,8052,31435160,27052200000,6840000
20220831,208140,정다운,KOSDAQ,우량기업부,2345,40,1.74,2305,2345,2290,76609,177689230,76644556870,32684246
20220831,040420,정상제이엘에스,KOSDAQ,우량기업부,7640,30,0.39,7610,7650,7590,11285,85973910,119776497280,15677552
20220831,045510,정원엔시스,KOSDAQ,중견기업부,1850,-45,-2.37,1895,1910,1805,245788,455468775,59587190200,32209292
20220831,217190,제너셈,KOSDAQ,벤처기업부,6050,40,0.67,6010,6050,5980,19201,115670540,53053502700,8769174
20220831,095700,제넥신,KOSDAQ,기술성장기업부,30450,750,2.53,29500,30450,29000,91975,2751413150,765664701900,25144982
20220831,072520,제넨바이오,KOSDAQ,관리종목(소속부없음),1875,-25,-1.32,1895,1945,1850,75180,142484575,81691256250,43568670
20220831,122310,제노레이,KOSDAQ,우량기업부,8670,-20,-0.23,8620,8750,8610,7256,62897430,126181827480,14553844
20220831,361390,제노코,KOSDAQ,기술성장기업부,27250,700,2.64,26800,27650,25950,284383,7653734150,204396500250,7500789
20220831,187420,제노포커스,KOSDAQ,기술성장기업부,6460,-10,-0.15,6450,6460,6290,101353,644530180,145343604600,22499010
20220831,225220,제놀루션,KOSDAQ,기술성장기업부,11400,50,0.44,11250,11450,11150,17964,202990150,109335519000,9590835
20220831,123330,제닉,KOSDAQ,벤처기업부,5500,140,2.61,5470,6100,5350,1405014,8089149590,38500000000,7000000
20220831,159580,제로투세븐,KOSDAQ,우량기업부,8170,20,0.25,8070,8230,7800,73579,597855930,163666636120,20032636
20220831,147830,제룡산업,KOSDAQ,벤처기업부,3255,90,2.84,3135,3335,3135,195567,631914515,65100000000,20000000
20220831,033100,제룡전기,KOSDAQ,벤처기업부,8200,100,1.23,8080,8240,7970,368840,2995723900,131711753800,16062409
20220831,079370,제우스,KOSDAQ,우량기업부,27550,750,2.80,26500,27600,26200,85315,2310736650,286079200000,10384000
20220831,054950,제이브이엠,KOSDAQ,우량기업부,19800,250,1.28,19600,20050,19450,67861,1342060250,239379861600,12089892
20220831,023440,제이스코홀딩스,KOSDAQ,중견기업부,1855,40,2.20,1850,1870,1765,101918,185650590,67514707995,36396069
20220831,090470,제이스텍,KOSDAQ,중견기업부,7070,140,2.02,6980,7110,6860,39913,280555630,103206502560,14597808
20220831,287410,제이시스메디칼,KOSDAQ,벤처기업부,6900,30,0.44,6870,6900,6740,332875,2275250870,491966356800,71299472
20220831,137950,제이씨케미칼,KOSDAQ,우량기업부,8340,-80,-0.95,8470,8480,8280,121275,1012840080,185713568760,22267814
20220831,033320,제이씨현시스템,KOSDAQ,우량기업부,4845,45,0.94,4800,4865,4745,22657,108806235,92609423040,19114432
20220831,204270,제이앤티씨,KOSDAQ,우량기업부,5100,-50,-0.97,5050,5140,5020,40827,207079430,295027176600,57848466
20220831,026040,제이에스티나,KOSDAQ,중견기업부,2895,80,2.84,2815,2900,2800,36307,103566250,47778472050,16503790
20220831,126880,제이엔케이히터,KOSDAQ,우량기업부,6480,-140,-2.11,6600,6700,6410,395460,2576307300,150367771440,23204903
20220831,322510,제이엘케이,KOSDAQ,기술성장기업부,4440,105,2.42,4300,4440,4285,17773,77152150,67702292160,15248264
20220831,033050,제이엠아이,KOSDAQ,중견기업부,1225,15,1.24,1210,1225,1190,139213,168086715,39909693950,32579342
20220831,094970,제이엠티,KOSDAQ,중견기업부,3625,115,3.28,3510,3625,3480,78708,281647925,60712370000,16748240
20220831,058420,제이웨이,KOSDAQ,투자주의환기종목(소속부없음),2160,0,0.00,0,0,0,0,0,7799412240,3610839
20220831,089790,제이티,KOSDAQ,벤처기업부,6920,150,2.22,6770,6980,6690,79808,546947370,71383349960,10315513
20220831,052670,제일바이오,KOSDAQ,투자주의환기종목(소속부없음),1790,5,0.28,1780,1795,1755,33498,59558790,52141024560,29129064
20220831,199820,제일전기공업,KOSDAQ,벤처기업부,11700,-50,-0.43,11550,11800,11500,7179,83482600,129987000000,11110000
20220831,038010,제일테크노스,KOSDAQ,중견기업부,8920,-100,-1.11,8990,9000,8830,178120,1583330130,80280000000,9000000
20220831,276730,제주맥주,KOSDAQ,기술성장기업부,2095,10,0.48,2070,2105,2050,102711,213760685,119774650745,57171671
20220831,080220,제주반도체,KOSDAQ,우량기업부,4595,110,2.45,4425,4595,4420,244978,1105974375,158264817635,34442833
20220831,216080,제테마,KOSDAQ,기술성장기업부,16100,550,3.54,15700,16200,15350,44099,699554850,286616369900,17802259
20220831,229000,젠큐릭스,KOSDAQ,기술성장기업부,8560,-20,-0.23,8580,8620,8520,1987,17045520,57083113280,6668588
20220831,082270,젬백스,KOSDAQ,벤처기업부,13600,200,1.49,13400,13700,13300,64337,869538550,541454936800,39812863
20220831,064800,젬백스링크,KOSDAQ,우량기업부,1305,5,0.38,1295,1305,1275,63347,81608135,109289987685,83747117
20220831,044060,조광ILI,KOSDAQ,중견기업부,2115,-55,-2.53,2130,2165,2080,11654665,24705722200,202473569160,95732184
20220831,034940,조아제약,KOSDAQ,중견기업부,2835,35,1.25,2810,2835,2770,37101,104293440,87827809545,30979827
20220831,067000,조이시티,KOSDAQ,우량기업부,4760,40,0.85,4690,4760,4675,160115,756350785,326125397640,68513739
20220831,033340,좋은사람들,KOSDAQ,투자주의환기종목(소속부없음),1055,0,0.00,0,0,0,0,0,52653176320,49908224
20220831,036930,주성엔지니어링,KOSDAQ,우량기업부,15950,300,1.92,15450,16000,15400,700650,11056064950,769574931400,48249212
20220831,239340,줌인터넷,KOSDAQ,중견기업부,4190,90,2.20,4025,4200,4010,109862,453179560,113044666460,26979634
20220831,051980,중앙디앤엠,KOSDAQ,관리종목(소속부없음),651,5,0.77,656,656,638,97209,62565128,22567064730,34665230
20220831,072020,중앙백신,KOSDAQ,벤처기업부,12350,50,0.41,12300,12350,12200,9293,114298600,123006000000,9960000
20220831,000440,중앙에너비스,KOSDAQ,우량기업부,28100,-100,-0.35,27400,28100,27250,175153,4835497200,174982353000,6227130
20220831,078650,지나인제약,KOSDAQ,관리종목(소속부없음),2120,0,0.00,0,0,0,0,0,8647007240,4078777
20220831,228760,지노믹트리,KOSDAQ,기술성장기업부,11300,250,2.26,11050,11350,10850,14788,165348400,234217382600,20727202
20220831,314130,지놈앤컴퍼니,KOSDAQ,기술성장기업부,23400,-100,-0.43,23850,24550,22850,280426,6627568050,329460791400,14079521
20220831,389030,지니너스,KOSDAQ,기술성장기업부,2700,90,3.45,2600,2715,2560,295799,786679770,88041451500,32607945
20220831,043610,지니뮤직,KOSDAQ,우량기업부,4375,25,0.57,4350,4400,4300,105133,457487090,254255041250,58115438
20220831,263860,지니언스,KOSDAQ,벤처기업부,9310,80,0.87,9290,9350,9050,34137,316125320,87929226000,9444600
20220831,303030,지니틱스,KOSDAQ,벤처기업부,2460,60,2.50,2370,2570,2365,484832,1199047515,87934343280,35745668
20220831,036180,지더블유바이텍,KOSDAQ,중견기업부,732,1,0.14,735,740,730,168332,123583957,36009705684,49193587
20220831,208350,지란지교시큐리티,KOSDAQ,벤처기업부,5110,-270,-5.02,5380,5820,5030,1163815,6445444020,45164985390,8838549
20220831,144510,지씨셀,KOSDAQ,우량기업부,58500,0,0.00,57800,59200,56900,41114,2393020500,924320124000,15800344
20220831,382480,지아이텍,KOSDAQ,벤처기업부,3705,320,9.45,3440,3975,3370,17802143,67145979005,145818203700,39357140
20220831,382800,지앤비에스엔지니어링,KOSDAQ,벤처기업부,13750,-50,-0.36,13700,13900,13600,20269,279173900,98870997500,7190618
20220831,051160,지어소프트,KOSDAQ,우량기업부,12100,0,0.00,11800,12150,11800,83819,1005224800,187240603000,15474430
20220831,053050,지에스이,KOSDAQ,우량기업부,6890,150,2.23,6650,6920,6450,7112557,48001307660,206614543330,29987597
20220831,119850,지엔씨에너지,KOSDAQ,우량기업부,4530,-85,-1.84,4530,4610,4485,267384,1208480985,74513557770,16448909
20220831,270520,지엔원에너지,KOSDAQ,벤처기업부,2860,-95,-3.21,2925,2955,2850,276446,793192570,89257476880,31208908
20220831,065060,지엔코,KOSDAQ,중견기업부,544,2,0.37,548,548,541,47101,25622615,53316375936,98008044
20220831,204840,지엘팜텍,KOSDAQ,기술성장기업부,933,-37,-3.81,930,954,927,199747,186890735,57943088913,62104061
20220831,311320,지오엘리먼트,KOSDAQ,기술성장기업부,18300,300,1.67,17950,18300,17500,16668,298468250,115423224000,6307280
20220831,388050,지투파워,KOSDAQ,중견기업부,16150,3300,25.68,13150,16700,13100,6598037,103296694100,59542385250,3686835
20220831,219750,지티지웰니스,KOSDAQ,관리종목(소속부없음),1425,0,0.00,0,0,0,0,0,27234074175,19111631
20220831,018120,진로발효,KOSDAQ,우량기업부,23500,-100,-0.42,23500,23700,23500,2598,61279950,155596320000,6621120
20220831,109820,진매트릭스,KOSDAQ,기술성장기업부,6590,50,0.76,6430,6720,6430,177124,1164253560,134394087600,20393640
20220831,086060,진바이오텍,KOSDAQ,중견기업부,4750,25,0.53,4700,4765,4665,32123,151400085,40900288250,8610587
20220831,036890,진성티이씨,KOSDAQ,우량기업부,10550,0,0.00,10450,10600,10300,156475,1633587300,237187927400,22482268
20220831,363250,진시스템,KOSDAQ,기술성장기업부,9390,30,0.32,9360,9440,9120,28436,264780420,64986124200,6920780
20220831,007370,진양제약,KOSDAQ,중견기업부,6570,120,1.86,6440,6600,6400,42688,277783150,78840000000,12000000
20220831,085660,차바이오텍,KOSDAQ,벤처기업부,17100,200,1.18,16750,17450,16700,438659,7497038000,962188237800,56268318
20220831,261780,차백신연구소,KOSDAQ,기술성장기업부,6890,70,1.03,6720,6930,6710,122661,843697890,182096926180,26429162
20220831,158310,참존글로벌,KOSDAQ,관리종목(소속부없음),1680,0,0.00,0,0,0,0,0,80373095040,47841128
20220831,094850,참좋은여행,KOSDAQ,중견기업부,11000,-300,-2.65,11350,11600,11000,379986,4290921350,154000000000,14000000
20220831,004650,창해에탄올,KOSDAQ,우량기업부,12400,50,0.40,12200,12500,12200,17167,212419050,113966974000,9190885
20220831,278280,천보,KOSDAQ,우량기업부,227100,4400,1.98,220200,227300,219100,68324,15341725700,2271000000000,10000000
20220831,362320,청담글로벌,KOSDAQ,중견기업부,9220,-100,-1.07,9190,9650,9130,907156,8490298620,189482893800,20551290
20220831,066360,체리부로,KOSDAQ,관리종목(소속부없음),1105,15,1.38,1105,1105,1075,17479,19013200,51794144545,46872529
20220831,047820,초록뱀미디어,KOSDAQ,중견기업부,15700,200,1.29,15250,15900,15200,35306,547069100,340889421400,21712702
20220831,052300,초록뱀컴퍼니,KOSDAQ,중견기업부,766,-1,-0.13,767,770,750,233212,177738538,88151281532,115080002
20220831,094360,칩스앤미디어,KOSDAQ,벤처기업부,17450,350,2.05,16900,17550,16850,50708,878896200,168223496750,9640315
20220831,016790,카나리아바이오,KOSDAQ,중견기업부,23450,-950,-3.89,24100,24250,23250,529767,12459844400,1042024622100,44436018
20220831,016920,카스,KOSDAQ,중견기업부,2220,-15,-0.67,2250,2250,2195,90026,200098940,58815654360,26493538
20220831,284620,카이노스메드,KOSDAQ,기술성장기업부,6300,-10,-0.16,6300,6340,6170,34837,218676260,140631094800,22322396
20220831,293490,카카오게임즈,KOSDAQ,우량기업부,52800,400,0.76,51700,52800,51200,378143,19772713100,4157351246400,78737713
20220831,042000,카페24,KOSDAQ,기술성장기업부,12400,300,2.48,11900,12450,11800,96969,1174144850,278965255200,22497198
20220831,317530,캐리소프트,KOSDAQ,기술성장기업부,6750,-20,-0.30,6700,6810,6650,24941,168029160,46988073000,6961196
20220831,071850,캐스텍코리아,KOSDAQ,중견기업부,1880,20,1.08,1870,1890,1860,10512,19770565,31150073440,16569188
20220831,050110,캠시스,KOSDAQ,중견기업부,2430,55,2.32,2350,2440,2335,2969996,7116860640,179392606740,73824118
20220831,223310,커머스마이너,KOSDAQ,관리종목(소속부없음),3320,0,0.00,0,0,0,0,0,50836291520,15312136
20220831,900310,컬러레이,KOSDAQ,외국기업(소속부없음),1085,97,9.82,1000,1190,1000,18103357,20352801475,69485217375,64041675
20220831,078340,컴투스,KOSDAQ,우량기업부,81000,1300,1.63,78500,81300,78500,103972,8352605800,1042180020000,12866420
20220831,063080,컴투스홀딩스,KOSDAQ,우량기업부,60200,2000,3.44,57100,60400,57000,73263,4310691600,397030558400,6595192
20220831,307930,컴퍼니케이,KOSDAQ,벤처기업부,6250,170,2.80,6100,6250,5950,43710,271120400,97562500000,15610000
20220831,079190,케스피온,KOSDAQ,벤처기업부,1225,30,2.51,1205,1240,1190,109385,132404155,38935641325,31784197
20220831,263700,케어랩스,KOSDAQ,중견기업부,6020,60,1.01,5960,6040,5860,34692,207269550,108983997080,18103654
20220831,214370,케어젠,KOSDAQ,벤처기업부,127400,3500,2.82,123700,129100,122100,55573,7044141300,1368658200000,10743000
20220831,221980,케이디켐,KOSDAQ,중견기업부,14550,100,0.69,14450,14700,14200,22964,332767150,58706340000,4034800
20220831,342550,케이비제20호스팩,KOSDAQ,SPAC(소속부없음),2290,0,0.00,0,0,0,0,0,14887290000,6501000
20220831,424140,케이비제21호스팩,KOSDAQ,SPAC(소속부없음),2125,20,0.95,2105,2125,2100,17085,36106650,16383750000,7710000
20220831,192250,케이사인,KOSDAQ,벤처기업부,1955,20,1.03,1940,2015,1910,1142868,2261242060,138162307435,70671257
20220831,115500,케이씨에스,KOSDAQ,중견기업부,6260,160,2.62,6060,6630,6050,796513,5085086990,75120000000,12000000
20220831,089150,케이씨티,KOSDAQ,중견기업부,5460,70,1.30,5320,5500,5320,69618,376607430,93639000000,17150000
20220831,025880,케이씨피드,KOSDAQ,중견기업부,3425,-40,-1.15,3475,3490,3410,246511,846506350,57251813650,16715858
20220831,093320,케이아이엔엑스,KOSDAQ,우량기업부,52600,100,0.19,52200,52900,52000,3524,184608900,256688000000,4880000
20220831,073010,케이에스피,KOSDAQ,벤처기업부,2805,30,1.08,3005,3200,2800,5455686,16162196790,101519280885,36192257
20220831,105330,케이엔더블유,KOSDAQ,벤처기업부,12450,500,4.18,11800,12550,11550,152697,1869001350,151085505900,12135382
20220831,272110,케이엔제이,KOSDAQ,벤처기업부,12750,500,4.08,12250,13000,12050,127820,1622304600,101303786250,7945395
20220831,039420,케이엘넷,KOSDAQ,중견기업부,3125,140,4.69,2980,3175,2945,448515,1392027115,75483531250,24154730
20220831,083550,케이엠,KOSDAQ,우량기업부,7210,40,0.56,7170,7220,7070,13876,99506780,81124151360,11251616
20220831,032500,케이엠더블유,KOSDAQ,우량기업부,32100,1450,4.73,30250,32400,30150,368619,11746759450,1278250344300,39820883
20220831,225430,케이엠제약,KOSDAQ,벤처기업부,1590,20,1.27,1585,1590,1555,20559,32432515,44340409500,27887050
20220831,102370,케이옥션,KOSDAQ,기술성장기업부,7010,160,2.34,6800,7150,6780,306139,2131906520,190490686350,27174135
20220831,036030,케이티알파,KOSDAQ,중견기업부,6150,0,0.00,6150,6230,5790,40840,249216540,301468590450,49019283
20220831,064820,케이프,KOSDAQ,중견기업부,5040,-130,-2.51,5170,5190,4940,185271,930619590,155744709120,30901728
20220831,347140,케이프이에스제4호,KOSDAQ,SPAC(소속부없음),2070,0,0.00,2080,2080,2060,1052,2167550,6228630000,3009000
20220831,256940,케이피에스,KOSDAQ,벤처기업부,6430,60,0.94,6400,6570,6240,36389,233571300,120553870940,18748658
20220831,024880,케이피에프,KOSDAQ,중견기업부,8610,660,8.30,8140,9000,8130,9313251,80129700310,167200810140,19419374
20220831,042040,케이피엠테크,KOSDAQ,중견기업부,500,1,0.20,499,501,492,218012,108336960,80271006000,160542012
20220831,054410,케이피티유,KOSDAQ,벤처기업부,5910,-10,-0.17,5920,6100,5870,10538,62939630,29904600000,5060000
20220831,258610,케일럼,KOSDAQ,벤처기업부,3840,-75,-1.92,3870,3920,3825,59234,227693900,85043566080,22146762
20220831,274090,켄코아에어로스페이스,KOSDAQ,기술성장기업부,14450,-200,-1.37,14250,15250,14150,400608,5820220750,175568309200,12150056
20220831,217600,켐온,KOSDAQ,중견기업부,2670,20,0.75,2620,2695,2600,387009,1023550310,170509777800,63861340
20220831,089010,켐트로닉스,KOSDAQ,우량기업부,20100,100,0.50,19900,20300,19650,30936,620481850,298648955700,14858157
20220831,220260,켐트로스,KOSDAQ,벤처기업부,11900,450,3.93,11450,11900,11350,3572876,42043400500,316043853300,26558307
20220831,052400,코나아이,KOSDAQ,우량기업부,16200,-300,-1.82,16250,16350,16000,53377,861352650,252057711600,15559118
20220831,402030,코난테크놀로지,KOSDAQ,기술성장기업부,23700,1000,4.41,22700,24500,22600,104704,2496474950,134626522800,5680444
20220831,391710,코닉오토메이션,KOSDAQ,중견기업부,4675,-135,-2.81,4730,4835,4620,676161,3193139245,187996812850,40213222
20220831,046070,코다코,KOSDAQ,중견기업부,1235,40,3.35,1205,1240,1190,66036,80439870,48244356160,39064256
20220831,047770,코데즈컴바인,KOSDAQ,중견기업부,2285,0,0.00,2275,2315,2270,435702,998004050,86470345570,37842602
20220831,078940,코드네이처,KOSDAQ,중견기업부,1150,-20,-1.71,1170,1180,1145,67703,78767660,44396749350,38605869
20220831,080530,코디,KOSDAQ,벤처기업부,1500,35,2.39,1465,1555,1400,22060,32585940,42436947000,28291298
20220831,224060,코디엠,KOSDAQ,중견기업부,768,-10,-1.29,781,781,764,317423,243644596,46627145472,60712429
20220831,104540,코렌텍,KOSDAQ,기술성장기업부,10300,0,0.00,10300,10400,10050,48350,492389450,127187696000,12348320
20220831,027050,코리아나,KOSDAQ,중견기업부,3100,0,0.00,3085,3135,3050,320065,993969455,124000000000,40000000
20220831,290510,코리아센터,KOSDAQ,우량기업부,5980,-40,-0.66,5980,6040,5930,168547,1011068980,684915987080,114534446
20220831,190650,코리아에셋투자증권,KOSDAQ,우량기업부,9300,0,0.00,9300,9330,9200,3106,28757540,59408400000,6388000
20220831,101670,코리아에스이,KOSDAQ,벤처기업부,2750,165,6.38,2600,2885,2600,1200014,3327006345,51975000000,18900000
20220831,123410,코리아에프티,KOSDAQ,우량기업부,2760,0,0.00,2760,2780,2735,31639,87230180,76841336640,27841064
20220831,036690,코맥스,KOSDAQ,중견기업부,3625,0,0.00,3650,3845,3600,18227,66539620,56524904125,15593077
20220831,049430,코메론,KOSDAQ,우량기업부,9430,0,0.00,9430,9480,9310,5706,53469120,85322640000,9048000
20220831,183300,코미코,KOSDAQ,우량기업부,46750,600,1.30,45600,47000,45300,15721,731199600,468455897250,10020447
20220831,041960,코미팜,KOSDAQ,벤처기업부,7090,-20,-0.28,6990,7150,6990,53977,382421850,455077860840,64185876
20220831,089890,코세스,KOSDAQ,우량기업부,9110,240,2.71,8740,9110,8740,44834,400622750,151089003820,16584962
20220831,009730,코센,KOSDAQ,관리종목(소속부없음),2715,0,0.00,0,0,0,0,0,51080816355,18814297
20220831,082660,코스나인,KOSDAQ,투자주의환기종목(소속부없음),711,-6,-0.84,725,725,665,528558,366465288,35357555052,49729332
20220831,222040,코스맥스엔비티,KOSDAQ,중견기업부,5560,60,1.09,5420,5610,5420,26083,143922000,114691680000,20628000
20220831,241710,코스메카코리아,KOSDAQ,우량기업부,9150,80,0.88,9080,9170,9040,10304,93672170,97722000000,10680000
20220831,069110,코스온,KOSDAQ,투자주의환기종목(소속부없음),2630,0,0.00,0,0,0,0,0,62963935800,23940660
20220831,166480,코아스템,KOSDAQ,기술성장기업부,10500,300,2.94,10300,10650,10100,63509,659882150,167043859500,15908939
20220831,045970,코아시아,KOSDAQ,중견기업부,6980,40,0.58,6920,7130,6810,50076,349979100,183677834480,26314876
20220831,196450,코아시아옵틱스,KOSDAQ,중견기업부,1860,40,2.20,1830,1875,1825,95584,177348495,76692684360,41232626
20220831,029960,코엔텍,KOSDAQ,우량기업부,9120,140,1.56,8980,9130,8900,561169,5082852030,456000000000,50000000
20220831,102940,코오롱생명과학,KOSDAQ,관리종목(소속부없음),40400,950,2.41,39350,40400,39000,30438,1211896250,461059182400,11412356
20220831,950160,코오롱티슈진,KOSDAQ,관리종목(소속부없음),8010,0,0.00,0,0,0,0,0,520009600500,64920050
20220831,056000,코원플레이,KOSDAQ,투자주의환기종목(소속부없음),2860,0,0.00,0,0,0,0,0,56399843500,19720225
20220831,033290,코웰패션,KOSDAQ,우량기업부,6600,170,2.64,6370,6600,6370,124481,808724350,584101544400,88500234
20220831,056360,코위버,KOSDAQ,우량기업부,7540,290,4.00,7250,7700,7170,109353,818496150,73867872000,9796800
20220831,282880,코윈테크,KOSDAQ,우량기업부,27500,650,2.42,26650,27850,26650,81881,2242447300,268135257500,9750373
20220831,121850,코이즈,KOSDAQ,벤처기업부,3320,5,0.15,3330,3360,3300,232866,772928820,65119061000,19614175
20220831,015710,코콤,KOSDAQ,우량기업부,4845,65,1.36,4785,4900,4750,5554,26598060,84935272500,17530500
20220831,052330,코텍,KOSDAQ,중견기업부,9460,20,0.21,9450,9600,9410,40717,386044970,147335261920,15574552
20220831,322780,코퍼스코리아,KOSDAQ,벤처기업부,2480,40,1.64,2440,2505,2430,60280,148940090,88674071520,35755674
20220831,126600,코프라,KOSDAQ,우량기업부,6060,30,0.50,6020,6090,5970,77899,469573940,149916122040,24738634
20220831,200130,콜마비앤에이치,KOSDAQ,우량기업부,25950,650,2.57,24800,25950,24800,55456,1418598050,766655330100,29543558
20220831,294570,쿠콘,KOSDAQ,벤처기업부,31000,250,0.81,30200,31450,30050,38737,1193205700,312842235000,10091685
20220831,317690,퀀타매트릭스,KOSDAQ,기술성장기업부,9170,490,5.65,8840,9180,8840,577883,5232466950,151116198870,16479411
20220831,365270,큐라클,KOSDAQ,기술성장기업부,16700,0,0.00,16450,16900,16350,64794,1080289350,230292465600,13789968
20220831,060280,큐렉소,KOSDAQ,중견기업부,7770,-20,-0.26,7790,7800,7700,12380,95852420,302308089300,38907090
20220831,040350,큐로컴,KOSDAQ,벤처기업부,1105,0,0.00,1115,1115,1085,89056,97568995,139200686560,125973472
20220831,051780,큐로홀딩스,KOSDAQ,중견기업부,535,-6,-1.11,541,541,532,328828,175995067,66566010750,124422450
20220831,115180,큐리언트,KOSDAQ,관리종목(소속부없음),30300,0,0.00,0,0,0,0,0,269168898600,8883462
20220831,182360,큐브엔터,KOSDAQ,중견기업부,14450,50,0.35,14350,14650,14000,59124,850197350,199477727150,13804687
20220831,066310,큐에스아이,KOSDAQ,벤처기업부,12100,100,0.83,11850,12250,11850,62973,759868800,112186614100,9271621
20220831,016600,큐캐피탈,KOSDAQ,중견기업부,540,-3,-0.55,540,544,535,1184118,638898505,96253440480,178247112
20220831,096240,크레버스,KOSDAQ,우량기업부,24550,100,0.41,24200,24550,24150,10799,262209950,283399406200,11543764
20220831,043590,크로바하이텍,KOSDAQ,중견기업부,2095,80,3.97,2000,2105,1970,609169,1257529200,74908072085,35755643
20220831,114120,크루셜텍,KOSDAQ,관리종목(소속부없음),1085,0,0.00,0,0,0,0,0,24913026775,22961315
20220831,110790,크리스에프앤씨,KOSDAQ,우량기업부,30150,0,0.00,29650,30500,29550,24719,743497650,353221722000,11715480
20220831,900250,크리스탈신소재,KOSDAQ,관리종목(소속부없음),976,45,4.83,915,995,915,2854090,2722836098,70106690976,71830626
20220831,083790,크리스탈지노믹스,KOSDAQ,기술성장기업부,3655,-5,-0.14,3605,3680,3605,79527,290191350,253095906330,69246486
20220831,045520,크린앤사이언스,KOSDAQ,우량기업부,9850,-50,-0.51,9900,9940,9810,1571,15515790,64025000000,6500000
20220831,036170,클라우드에어,KOSDAQ,중견기업부,1305,5,0.38,1290,1330,1290,187312,245318630,80082141930,61365626
20220831,214150,클래시스,KOSDAQ,우량기업부,14250,150,1.06,13950,14250,13900,213950,3015850400,923068003500,64776702
20220831,352770,클리노믹스,KOSDAQ,기술성장기업부,8000,150,1.91,7800,8060,7800,19482,155561070,108961128000,13620141
20220831,237880,클리오,KOSDAQ,투자주의환기종목(소속부없음),15050,350,2.38,14550,15050,14550,31595,468304900,271973862650,18071353
20220831,139670,키네마스터,KOSDAQ,중견기업부,9680,150,1.57,9460,9740,9460,17200,165796680,131128251760,13546307
20220831,413600,키움제6호스팩,KOSDAQ,SPAC(소속부없음),2155,5,0.23,2160,2160,2135,22896,49160935,7391650000,3430000
20220831,054780,키이스트,KOSDAQ,중견기업부,8370,140,1.70,8260,8500,8210,60882,506305960,163615027410,19547793
20220831,219130,타이거일렉,KOSDAQ,중견기업부,18450,0,0.00,18400,18950,18200,119598,2218286500,116498650500,6314290
20220831,065130,탑엔지니어링,KOSDAQ,우량기업부,6340,150,2.42,6170,6390,6110,33699,213002200,101289469380,15976257
20220831,134580,탑코미디어,KOSDAQ,중견기업부,7980,-10,-0.13,7990,8090,7800,25897,204524990,104646408300,13113585
20220831,023160,태광,KOSDAQ,우량기업부,19450,-150,-0.77,19400,19700,18850,387796,7470310350,515425000000,26500000
20220831,323280,태성,KOSDAQ,벤처기업부,1740,5,0.29,1735,1755,1725,278944,484887255,42007480200,24142230
20220831,053620,태양,KOSDAQ,우량기업부,8780,60,0.69,8720,8810,8570,8161,70914870,75508000000,8600000
20220831,044490,태웅,KOSDAQ,중견기업부,13700,-200,-1.44,13700,13900,13250,135828,1831752800,274101119700,20007381
20220831,124560,태웅로직스,KOSDAQ,우량기업부,6330,270,4.46,6060,6490,5970,3852952,24338412820,243176976720,38416584
20220831,191420,테고사이언스,KOSDAQ,벤처기업부,19050,100,0.53,18950,19450,18750,4413,83563950,154473287700,8108834
20220831,073640,테라사이언스,KOSDAQ,중견기업부,1640,0,0.00,1620,1665,1620,172844,284218595,134853875720,82227973
20220831,182690,테라셈,KOSDAQ,투자주의환기종목(소속부없음),96,0,0.00,0,0,0,0,0,2031662208,21163148
20220831,066700,테라젠이텍스,KOSDAQ,우량기업부,4460,25,0.56,4380,4470,4370,21529,95260200,144835980100,32474435
20220831,095610,테스,KOSDAQ,우량기업부,19950,300,1.53,19400,20150,19400,64537,1281790100,394376108700,19768226
20220831,089030,테크윙,KOSDAQ,우량기업부,7450,280,3.91,7080,7460,7080,377967,2756326190,278284655250,37353645
20220831,054450,텔레칩스,KOSDAQ,벤처기업부,14800,300,2.07,14400,14800,14350,60881,890602350,205067482800,13855911
20220831,091440,텔레필드,KOSDAQ,벤처기업부,3880,-310,-7.40,4190,4305,3855,392168,1559625695,38697688280,9973631
20220831,200230,텔콘RF제약,KOSDAQ,중견기업부,1340,-5,-0.37,1340,1360,1325,113003,151856635,145529762000,108604300
20220831,215480,토박스코리아,KOSDAQ,중견기업부,5570,40,0.72,5540,5610,5510,52040,289497800,53555310490,9614957
20220831,051360,토비스,KOSDAQ,우량기업부,8980,60,0.67,8930,9040,8900,54389,486536450,147425180840,16417058
20220831,045340,토탈소프트,KOSDAQ,벤처기업부,5800,100,1.75,5640,5850,5590,42046,239959740,49636632000,8558040
20220831,108230,톱텍,KOSDAQ,중견기업부,8100,230,2.92,7810,8240,7750,152489,1223759890,307988284500,38023245
20220831,079970,투비소프트,KOSDAQ,투자주의환기종목(소속부없음),997,-18,-1.77,1015,1020,990,233378,232943485,44066324237,44198921
20220831,199800,툴젠,KOSDAQ,기술성장기업부,63500,0,0.00,62700,64000,62700,5378,340246800,498629114500,7852427
20220831,105550,트루윈,KOSDAQ,중견기업부,2630,-15,-0.57,2610,2670,2610,85387,225850840,116594401360,44332472
20220831,290090,트윔,KOSDAQ,벤처기업부,18250,50,0.27,17950,18250,17850,6762,122510850,134272988000,7357424
20220831,026150,특수건설,KOSDAQ,중견기업부,10950,250,2.34,10550,10950,10400,488269,5261424800,192132324450,17546331
20220831,322180,티라유텍,KOSDAQ,벤처기업부,9800,650,7.10,9150,9800,9050,13669,129281040,53814250000,5491250
20220831,117730,티로보틱스,KOSDAQ,벤처기업부,7910,-10,-0.13,7860,8030,7790,131318,1039847970,111826304030,14137333
20220831,033830,티비씨,KOSDAQ,중견기업부,1020,5,0.49,1015,1025,1000,202050,205000920,102000000000,100000000
20220831,057680,티사이언티픽,KOSDAQ,중견기업부,3060,-30,-0.97,3035,3115,3035,187911,575341200,169672272300,55448455
20220831,064760,티씨케이,KOSDAQ,우량기업부,112300,1000,0.90,109600,113000,108600,20965,2327076800,1311102500000,11675000
20220831,246710,티앤알바이오팹,KOSDAQ,기술성장기업부,17100,250,1.48,16650,17400,16650,61939,1062548100,355542584400,20791964
20220831,340570,티앤엘,KOSDAQ,벤처기업부,34950,1050,3.10,33500,34950,33500,25400,875019150,284073600000,8128000
20220831,043220,티에스넥스젠,KOSDAQ,중견기업부,1150,5,0.44,1145,1165,1125,411702,471902590,121450397150,105609041
20220831,277880,티에스아이,KOSDAQ,기술성장기업부,10450,-100,-0.95,10300,10800,10300,160184,1683375850,194823028400,18643352
20220831,131290,티에스이,KOSDAQ,우량기업부,58000,1800,3.20,55500,58100,54900,100889,5753682000,641562882000,11061429
20220831,356860,티엘비,KOSDAQ,중견기업부,43700,200,0.46,43100,44050,42900,48405,2109110000,214842965500,4916315
20220831,062860,티엘아이,KOSDAQ,벤처기업부,6830,0,0.00,6830,6880,6720,10812,73110670,67430677600,9872720
20220831,321550,티움바이오,KOSDAQ,기술성장기업부,16200,100,0.62,16000,16300,15850,25692,413497250,388414861200,23976226
20220831,104480,티케이케미칼,KOSDAQ,우량기업부,4090,10,0.25,4030,4110,4005,284663,1158133375,371762325060,90895434
20220831,081150,티플랙스,KOSDAQ,우량기업부,4690,-25,-0.53,4670,4730,4600,467662,2174505270,113818805380,24268402
20220831,130740,티피씨글로벌,KOSDAQ,중견기업부,3095,10,0.32,3075,3100,3030,46093,141235245,34901321505,11276679
20220831,084730,팅크웨어,KOSDAQ,우량기업부,16400,50,0.31,16250,16600,16100,17930,293800650,170981184800,10425682
20220831,046210,파나진,KOSDAQ,벤처기업부,3010,190,6.74,2855,3010,2790,213933,631449725,96731346600,32136660
20220831,058530,파나케이아,KOSDAQ,관리종목(소속부없음),1620,0,0.00,0,0,0,0,0,29287053360,18078428
20220831,034230,파라다이스,KOSDAQ,중견기업부,16000,200,1.27,15800,16200,15550,877660,13946553600,1455082752000,90942672
20220831,033540,파라텍,KOSDAQ,중견기업부,1295,-10,-0.77,1315,1315,1275,65246,84199830,65624615805,50675379
20220831,043200,파루,KOSDAQ,벤처기업부,1105,-5,-0.45,1095,1105,1080,163606,178697320,46193768075,41804315
20220831,214450,파마리서치,KOSDAQ,우량기업부,67500,100,0.15,66400,67800,66100,48293,3232616500,682555275000,10111930
20220831,208340,파멥신,KOSDAQ,기술성장기업부,3460,0,0.00,3455,3480,3340,59006,203201780,88848599560,25678786
20220831,177830,파버나인,KOSDAQ,벤처기업부,4115,30,0.73,4085,4130,4045,49974,204756930,58798218595,14288753
20220831,037070,파세코,KOSDAQ,우량기업부,15000,150,1.01,14750,15150,14750,181330,2713394800,300000000000,20000000
20220831,150900,파수,KOSDAQ,벤처기업부,11350,250,2.25,11250,11500,11000,126628,1426486650,132056364700,11634922
20220831,037030,파워넷,KOSDAQ,벤처기업부,4100,30,0.74,4100,4165,4000,96755,395582000,72416463200,17662552
20220831,047310,파워로직스,KOSDAQ,우량기업부,6990,760,12.20,6300,7360,6240,11133340,78845530630,240602664180,34420982
20220831,368770,파이버프로,KOSDAQ,벤처기업부,3405,5,0.15,3390,3460,3310,87363,295863335,109178686125,32064225
20220831,170790,파이오링크,KOSDAQ,벤처기업부,12250,150,1.24,12050,12250,11950,5091,61583200,83990042500,6856330
20220831,049120,파인디앤씨,KOSDAQ,중견기업부,1895,15,0.80,1875,1895,1860,18893,35541250,53397539295,28178121
20220831,038950,파인디지털,KOSDAQ,벤처기업부,5410,10,0.19,5430,5490,5370,15582,84164790,55240238650,10210765
20220831,106240,파인테크닉스,KOSDAQ,우량기업부,10400,0,0.00,0,0,0,0,0,470000637600,45192369
20220831,131760,파인텍,KOSDAQ,중견기업부,1240,10,0.81,1240,1245,1215,115580,142234480,53229223320,42926793
20220831,065690,파커스,KOSDAQ,중견기업부,2460,5,0.20,2480,2535,2460,14463,35802210,34561354260,14049331
20220831,140860,파크시스템스,KOSDAQ,우량기업부,97200,700,0.73,94400,97800,93600,15744,1521417000,675011134800,6944559
20220831,091700,파트론,KOSDAQ,우량기업부,8700,130,1.52,8510,8720,8470,282476,2441684890,512588461800,58918214
20220831,032800,판타지오,KOSDAQ,관리종목(소속부없음),672,-3,-0.44,668,675,665,180149,120586168,64543026240,96046170
20220831,318010,팜스빌,KOSDAQ,중견기업부,16150,750,4.87,15350,16500,15350,152699,2457021950,128058808700,7929338
20220831,027710,팜스토리,KOSDAQ,우량기업부,2500,-10,-0.40,2480,2520,2475,1164900,2911434720,278541500000,111416600
20220831,225590,패션플랫폼,KOSDAQ,중견기업부,1690,75,4.64,1620,1700,1615,273641,454554150,45016044970,26636713
20220831,054300,팬스타엔터프라이즈,KOSDAQ,벤처기업부,745,7,0.95,738,746,729,160059,118128015,44054848625,59134025
20220831,068050,팬엔터테인먼트,KOSDAQ,중견기업부,3695,10,0.27,3685,3705,3600,75890,278159385,102329610820,27694076
20220831,222110,팬젠,KOSDAQ,기술성장기업부,6950,-40,-0.57,6990,6990,6780,3025,20913270,74209528500,10677630
20220831,263750,펄어비스,KOSDAQ,우량기업부,56800,900,1.61,54800,56800,54600,255480,14352865400,3648596564000,64235855
20220831,251970,펌텍코리아,KOSDAQ,우량기업부,17100,350,2.09,16900,17150,16550,12990,219389650,212040000000,12400000
20220831,087010,펩트론,KOSDAQ,기술성장기업부,9350,50,0.54,9290,9530,9210,39269,368328770,192861075550,20626853
20220831,119500,포메탈,KOSDAQ,중견기업부,5500,-70,-1.26,5570,5570,5400,464520,2546278780,65159776000,11847232
20220831,389140,포바이포,KOSDAQ,벤처기업부,16850,350,2.12,16300,17000,16300,82205,1379155750,172278359750,10224235
20220831,022100,포스코 ICT,KOSDAQ,우량기업부,6640,0,0.00,6600,6730,6530,1072694,7132949470,1009510600560,152034729
20220831,009520,포스코엠텍,KOSDAQ,우량기업부,7340,280,3.97,7030,7350,6990,2177102,15751493090,305657440020,41642703
20220831,189690,포시에스,KOSDAQ,벤처기업부,7000,80,1.16,6960,7020,6890,17587,122211950,63751261000,9107323
20220831,318020,포인트모바일,KOSDAQ,관리종목(소속부없음),18100,0,0.00,0,0,0,0,0,229187123200,12662272
20220831,256630,포인트엔지니어링,KOSDAQ,벤처기업부,2510,20,0.80,2450,2510,2450,26277,65572235,145337338220,57903322
20220831,331380,포커스에이치엔에스,KOSDAQ,벤처기업부,2285,-15,-0.65,2300,2315,2250,21774,49638295,43526009870,19048582
20220831,234100,폴라리스세원,KOSDAQ,우량기업부,2500,20,0.81,2480,2520,2445,576750,1438678465,108704367500,43481747
20220831,041020,폴라리스오피스,KOSDAQ,벤처기업부,1390,-15,-1.07,1400,1405,1380,53757,74769130,66011197300,47490070
20220831,114630,폴라리스우노,KOSDAQ,벤처기업부,5120,-90,-1.73,5100,5200,4900,1775391,8997802365,80361635840,15695632
20220831,290720,푸드나무,KOSDAQ,우량기업부,22450,-550,-2.39,23000,23000,22250,8818,197459850,152795463300,6806034
20220831,005670,푸드웰,KOSDAQ,우량기업부,6460,10,0.16,6470,6530,6380,11986,77103480,64600000000,10000000
20220831,094940,푸른기술,KOSDAQ,벤처기업부,9470,-130,-1.35,9630,9850,9370,365699,3503849190,79182325420,8361386
20220831,007330,푸른저축은행,KOSDAQ,우량기업부,11800,-750,-5.98,13100,13100,11800,719378,8923053250,177977040000,15082800
20220831,093380,풍강,KOSDAQ,중견기업부,4105,55,1.36,4050,4120,4005,42202,171161490,40554579865,9879313
20220831,023900,풍국주정,KOSDAQ,중견기업부,15100,-100,-0.66,15200,15200,14900,11294,169435800,190260000000,12600000
20220831,371950,풍원정밀,KOSDAQ,기술성장기업부,18200,50,0.28,18000,18450,17600,486342,8817184150,382936881600,21040488
20220831,370090,퓨런티어,KOSDAQ,기술성장기업부,24350,1250,5.41,23100,25450,23000,505860,12451550450,193971613000,7965980
20220831,220100,퓨쳐켐,KOSDAQ,기술성장기업부,16050,450,2.88,15800,16150,15550,94284,1498926700,219756134550,13691971
20220831,035200,프럼파스트,KOSDAQ,벤처기업부,4320,10,0.23,4315,4335,4235,34552,148123965,42036148800,9730590
20220831,334970,프레스티지바이오로직스,KOSDAQ,기술성장기업부,4730,240,5.35,4500,4930,4500,1757250,8379982235,223824257470,47320139
20220831,203690,프로스테믹스,KOSDAQ,벤처기업부,1625,-75,-4.41,1690,1690,1605,227360,372352370,74595781000,45905096
20220831,321260,프로이천,KOSDAQ,벤처기업부,2675,100,3.88,2575,2860,2575,4369366,11994816895,75413824700,28192084
20220831,053610,프로텍,KOSDAQ,우량기업부,23500,750,3.30,22750,23850,22200,20558,479001650,258500000000,11000000
20220831,377220,프롬바이오,KOSDAQ,기술성장기업부,8210,70,0.86,8140,8210,7860,54992,444195270,116212550000,14155000
20220831,335810,프리시젼바이오,KOSDAQ,기술성장기업부,7950,150,1.92,7710,7970,7710,9002,70574850,92027021700,11575726
20220831,053160,프리엠스,KOSDAQ,중견기업부,8400,40,0.48,8410,8480,8270,23109,193530990,50400000000,6000000
20220831,041590,플래스크,KOSDAQ,중견기업부,1790,30,1.70,1760,1790,1710,326468,571820050,217609487340,121569546
20220831,367000,플래티어,KOSDAQ,벤처기업부,15900,-100,-0.63,15800,17000,15400,101726,1641366050,131488341300,8269707
20220831,075130,플랜티넷,KOSDAQ,벤처기업부,2735,30,1.11,2705,2735,2665,49622,133978585,45462045200,16622320
20220831,237820,플레이디,KOSDAQ,중견기업부,5690,80,1.43,5610,5690,5550,7017,39488020,72986426600,12827140
20220831,023770,플레이위드,KOSDAQ,중견기업부,7820,-10,-0.13,7740,7960,7740,26425,207625890,68556532400,8766820
20220831,300080,플리토,KOSDAQ,기술성장기업부,39250,400,1.03,38900,39350,38000,3772,145676050,204842256750,5218911
20220831,032580,피델릭스,KOSDAQ,중견기업부,1550,50,3.33,1500,1550,1485,336784,512188550,51354699200,33132064
20220831,051380,피씨디렉트,KOSDAQ,우량기업부,11250,100,0.90,11050,11250,11050,46974,524392300,86287905000,7670036
20220831,241820,피씨엘,KOSDAQ,투자주의환기종목(소속부없음),15250,250,1.67,14900,15750,14450,25837,395397050,161180269500,10569198
20220831,237750,피앤씨테크,KOSDAQ,벤처기업부,6300,60,0.96,6260,6350,6170,89928,563998900,40928580000,6496600
20220831,024850,피에스엠씨,KOSDAQ,중견기업부,1125,45,4.17,1090,1130,1090,191841,212936255,45645329250,40573626
20220831,319660,피에스케이,KOSDAQ,우량기업부,34300,700,2.08,32950,34600,32950,97005,3295620000,496779145100,14483357
20220831,031980,피에스케이홀딩스,KOSDAQ,벤처기업부,8560,60,0.71,8370,8590,8340,40157,341344970,184574101200,21562395
20220831,002230,피에스텍,KOSDAQ,투자주의환기종목(소속부없음),3945,35,0.90,3895,3945,3870,3848,15117375,77595163635,19669243
20220831,057880,피에이치씨,KOSDAQ,관리종목(소속부없음),1740,0,0.00,0,0,0,0,0,206724832500,118807375
20220831,043370,피에이치에이,KOSDAQ,우량기업부,6880,0,0.00,6880,6890,6760,21463,146422910,144480000000,21000000
20220831,239890,피엔에이치테크,KOSDAQ,기술성장기업부,16900,1100,6.96,15450,18600,15450,350444,5970807700,155592080800,9206632
20220831,347740,피엔케이피부임상연구센타,KOSDAQ,중견기업부,4265,10,0.24,4240,4315,4190,360699,1538945520,127995106640,30010576
20220831,137400,피엔티,KOSDAQ,우량기업부,50400,-400,-0.79,50300,50800,49900,127652,6416872200,1146156379200,22741198
20220831,128660,피제이메탈,KOSDAQ,우량기업부,4290,75,1.78,4190,4300,4135,96142,405576690,106406453010,24803369
20220831,006140,피제이전자,KOSDAQ,우량기업부,7250,250,3.57,7090,7250,7010,18510,131800890,108750000000,15000000
20220831,376180,피코그램,KOSDAQ,벤처기업부,77700,6700,9.44,71900,78700,71300,1071794,81756669600,243362849100,3132083
20220831,304840,피플바이오,KOSDAQ,기술성장기업부,9260,50,0.54,9210,9320,9120,11508,105927020,108829816800,11752680
20220831,062970,피피아이,KOSDAQ,벤처기업부,3040,95,3.23,2945,3090,2940,22490,67471840,28296882400,9308185
20220831,087600,픽셀플러스,KOSDAQ,벤처기업부,8050,10,0.12,7970,8060,7940,4450,35524920,65740791900,8166558
20220831,161580,필옵틱스,KOSDAQ,중견기업부,8990,180,2.04,8810,9050,8650,50915,451905900,197682071930,21989107
20220831,347770,핌스,KOSDAQ,벤처기업부,14000,400,2.94,13600,14000,13300,25707,353895850,106050910000,7575065
20220831,163730,핑거,KOSDAQ,벤처기업부,11850,100,0.85,11600,12000,11500,35833,423784000,110273042700,9305742
20220831,332710,하나금융14호스팩,KOSDAQ,관리종목(소속부없음),2025,0,0.00,2035,2035,2025,23414,47414520,8930250000,4410000
20220831,341160,하나금융15호스팩,KOSDAQ,SPAC(소속부없음),2360,45,1.94,2330,2400,2300,238477,558924075,11115600000,4710000
20220831,343510,하나금융16호스팩,KOSDAQ,SPAC(소속부없음),2150,15,0.70,2150,2150,2125,4101,8792630,8621500000,4010000
20220831,388220,하나금융19호스팩,KOSDAQ,SPAC(소속부없음),2120,10,0.47,2120,2125,2110,5457,11525750,13377200000,6310000
20220831,400560,하나금융20호스팩,KOSDAQ,SPAC(소속부없음),2225,15,0.68,2240,2240,2210,1016,2273165,6786250000,3050000
20220831,406760,하나금융21호스팩,KOSDAQ,SPAC(소속부없음),2105,-5,-0.24,2115,2115,2100,1638,3442580,15598050000,7410000
20220831,418170,하나금융22호스팩,KOSDAQ,SPAC(소속부없음),2110,-5,-0.24,2120,2120,2110,1641,3465820,12681100000,6010000
20220831,299030,하나기술,KOSDAQ,벤처기업부,71000,1000,1.43,71900,74100,69900,495470,35739542100,530595070000,7473170
20220831,067310,하나마이크론,KOSDAQ,중견기업부,12850,450,3.63,12250,12900,12150,621871,7881224400,615795823900,47921854
20220831,372290,하나머스트7호스팩,KOSDAQ,SPAC(소속부없음),2130,0,0.00,2130,2130,2115,6769,14323300,9167520000,4304000
20220831,166090,하나머티리얼즈,KOSDAQ,우량기업부,38050,450,1.20,37100,38350,36750,72238,2725695250,751589245700,19752674
20220831,136480,하림,KOSDAQ,중견기업부,2900,-10,-0.34,2890,2925,2880,494594,1432398305,308008135800,106209702
20220831,003380,하림지주,KOSDAQ,우량기업부,8350,-40,-0.48,8300,8400,8270,173349,1442374040,935246935350,112005621
20220831,365590,하이딥,KOSDAQ,기술성장기업부,1495,0,0.00,1520,1540,1490,835999,1261041655,205498741240,137457352
20220831,149980,하이로닉,KOSDAQ,벤처기업부,7150,150,2.14,6990,7190,6910,69340,490967180,100843743000,14104020
20220831,013030,하이록코리아,KOSDAQ,우량기업부,25050,-450,-1.76,25450,25700,24400,160525,3985369050,341011461600,13613232
20220831,126700,하이비젼시스템,KOSDAQ,우량기업부,17400,650,3.88,16700,17450,16500,183051,3147211500,259992748800,14942112
20220831,106080,하이소닉,KOSDAQ,관리종목(소속부없음),5650,0,0.00,0,0,0,0,0,75931762500,13439250
20220831,377400,하이제6호스팩,KOSDAQ,SPAC(소속부없음),2130,0,0.00,2130,2130,2125,9311,19823380,11517975000,5407500
20220831,400840,하이제7호스팩,KOSDAQ,SPAC(소속부없음),2115,5,0.24,2125,2125,2100,3822,8042820,10828800000,5120000
20220831,221840,하이즈항공,KOSDAQ,중견기업부,3970,40,1.02,3935,4035,3910,31567,125284165,74241227170,18700561
20220831,106190,하이텍팜,KOSDAQ,중견기업부,10400,50,0.48,10350,10450,10200,8650,89445000,73723332800,7088782
20220831,373200,하인크코리아,KOSDAQ,벤처기업부,6880,860,14.29,6010,7450,5980,5126540,36021897470,130217760000,18927000
20220831,066130,하츠,KOSDAQ,우량기업부,7150,50,0.70,7040,7180,6990,17153,122008010,91520000000,12800000
20220831,004590,한국가구,KOSDAQ,벤처기업부,5750,10,0.17,5670,5760,5660,41357,236386940,86250000000,15000000
20220831,039340,한국경제TV,KOSDAQ,우량기업부,6170,-90,-1.44,6300,6300,6170,18574,115892350,141910000000,23000000
20220831,034950,한국기업평가,KOSDAQ,우량기업부,70600,100,0.14,71000,71400,70400,1758,124150300,320560288400,4540514
20220831,222980,한국맥널티,KOSDAQ,벤처기업부,7300,-560,-7.12,7260,7350,7130,1639264,11888114100,80529825900,11031483
20220831,256840,한국비엔씨,KOSDAQ,벤처기업부,11000,250,2.33,10650,11050,10600,953356,10374556800,743407368000,67582488
20220831,025550,한국선재,KOSDAQ,우량기업부,4870,-5,-0.10,4850,4920,4785,349012,1692569885,116437794260,23909198
20220831,017890,한국알콜,KOSDAQ,우량기업부,10550,-50,-0.47,10550,10650,10500,32366,342387600,227940768000,21605760
20220831,080720,한국유니온제약,KOSDAQ,벤처기업부,7330,-60,-0.81,7390,7390,7280,4948,36235330,57934326240,7903728
20220831,063570,한국전자금융,KOSDAQ,우량기업부,5030,60,1.21,4960,5060,4955,63566,317626605,171763071840,34147728
20220831,041460,한국전자인증,KOSDAQ,중견기업부,5940,0,0.00,5870,5970,5840,134732,795817560,112860000000,19000000
20220831,101680,한국정밀기계,KOSDAQ,관리종목(소속부없음),1440,0,0.00,0,0,0,0,0,12101760000,8404000
20220831,039740,한국정보공학,KOSDAQ,중견기업부,4080,70,1.75,4010,4125,3975,35671,144247690,32715059760,8018397
20220831,053300,한국정보인증,KOSDAQ,중견기업부,5590,10,0.18,5540,5590,5520,9035,50235710,233529690290,41776331
20220831,025770,한국정보통신,KOSDAQ,우량기업부,10050,-300,-2.90,9890,11000,9720,3770682,39256462090,376314923550,37444271
20220831,409570,한국제10호스팩,KOSDAQ,SPAC(소속부없음),2145,-5,-0.23,2155,2155,2130,3392,7233575,11604450000,5410000
20220831,023760,한국캐피탈,KOSDAQ,우량기업부,807,2,0.25,805,807,800,60279,48405797,254696927832,315609576
20220831,054040,한국컴퓨터,KOSDAQ,벤처기업부,3945,20,0.51,3925,3950,3895,53523,210072245,63401239050,16071290
20220831,050540,한국코퍼레이션,KOSDAQ,투자주의환기종목(소속부없음),822,0,0.00,0,0,0,0,0,4207455498,5118559
20220831,021650,한국큐빅,KOSDAQ,중견기업부,2990,0,0.00,2990,3000,2965,22982,68544830,48888183370,16350563
20220831,053590,한국테크놀로지,KOSDAQ,중견기업부,773,-7,-0.90,781,785,760,441455,341619593,104396534836,135053732
20220831,032300,한국파마,KOSDAQ,우량기업부,31100,400,1.30,30450,31600,30350,37838,1175325700,339198401100,10906701
20220831,037230,한국팩키지,KOSDAQ,중견기업부,3400,15,0.44,3400,3450,3370,36231,123378720,101321111800,29800327
20220831,030520,한글과컴퓨터,KOSDAQ,우량기업부,16650,350,2.15,16100,16650,16050,131734,2164700700,419643769500,25203830
20220831,052600,한네트,KOSDAQ,중견기업부,7250,70,0.97,7170,7290,7100,119763,861753400,83836825000,11563700
20220831,256150,한독크린텍,KOSDAQ,벤처기업부,9950,-30,-0.30,10050,10050,9950,20154,201136250,83530250000,8395000
20220831,092460,한라IMS,KOSDAQ,우량기업부,5890,-10,-0.17,5840,5910,5710,64499,373929980,103766880630,17617467
20220831,047080,한빛소프트,KOSDAQ,중견기업부,3280,0,0.00,3250,3370,3230,56979,188366945,81417347360,24822362
20220831,070590,한솔인티큐브,KOSDAQ,중견기업부,2120,20,0.95,2100,2135,2060,63146,131960160,29424584520,13879521
20220831,226440,한송네오텍,KOSDAQ,관리종목(소속부없음),1530,0,0.00,0,0,0,0,0,90418067280,59096776
20220831,042520,한스바이오메드,KOSDAQ,벤처기업부,10100,-50,-0.49,10150,10200,10000,15368,155354700,102040108100,10102981
20220831,078350,한양디지텍,KOSDAQ,우량기업부,13200,450,3.53,12600,13300,12450,51844,669459250,201225842400,15244382
20220831,045100,한양이엔지,KOSDAQ,우량기업부,14700,-100,-0.68,14700,14850,14550,69395,1017539950,264600000000,18000000
20220831,046110,한일네트웍스,KOSDAQ,우량기업부,12650,50,0.40,12500,13000,12300,32413,404053150,151220971550,11954227
20220831,024740,한일단조,KOSDAQ,중견기업부,3315,-30,-0.90,3310,3355,3285,454313,1504925405,99089752320,29891328
20220831,005860,한일사료,KOSDAQ,중견기업부,6250,-70,-1.11,6280,6460,6100,2018730,12593954580,246273031250,39403685
20220831,123840,한일진공,KOSDAQ,중견기업부,541,-6,-1.10,544,545,530,39070,21078000,46662057713,86251493
20220831,007770,한일화학,KOSDAQ,우량기업부,22450,-500,-2.18,22600,22950,21750,116889,2615788450,78799500000,3510000
20220831,043090,한창바이오텍,KOSDAQ,중견기업부,4050,-95,-2.29,4055,4195,3900,657890,2664905755,153048459150,37789743
20220831,079170,한창산업,KOSDAQ,중견기업부,8700,0,0.00,8690,8730,8480,52132,448492360,45240000000,5200000
20220831,054920,한컴위드,KOSDAQ,벤처기업부,5280,140,2.72,5140,5290,5050,46842,243438400,148986187680,28217081
20220831,002680,한탑,KOSDAQ,중견기업부,2165,-75,-3.35,2225,2230,2115,1285376,2778344590,64938778805,29994817
20220831,386580,한화플러스제2호스팩,KOSDAQ,SPAC(소속부없음),2155,5,0.23,2150,2160,2130,34091,72948915,8964800000,4160000
20220831,034810,해성산업,KOSDAQ,우량기업부,11400,350,3.17,11050,11600,10950,34567,390267600,300461797200,26356298
20220831,03481K,해성산업1우,KOSDAQ,우량기업부,14850,250,1.71,14650,14900,14500,1835,26970700,14850000000,1000000
20220831,076610,해성옵틱스,KOSDAQ,중견기업부,673,5,0.75,671,677,660,288623,193126900,78894978362,117228794
20220831,059270,해성티피씨,KOSDAQ,기술성장기업부,6980,-20,-0.29,6990,7020,6840,53151,369124680,66030800000,9460000
20220831,220180,핸디소프트,KOSDAQ,벤처기업부,4455,-125,-2.73,4590,4640,4455,39253,176730835,86462640000,19408000
20220831,900270,헝셩그룹,KOSDAQ,외국기업(소속부없음),348,-3,-0.85,351,352,346,449334,156526420,28823050584,82824858
20220831,214180,헥토이노베이션,KOSDAQ,우량기업부,14800,300,2.07,14400,14850,14300,17684,258555150,196206338000,13257185
20220831,234340,헥토파이낸셜,KOSDAQ,우량기업부,24900,450,1.84,24350,25500,24050,48357,1199288450,235379700000,9453000
20220831,084990,헬릭스미스,KOSDAQ,기술성장기업부,16550,100,0.61,16100,16800,16050,100367,1660317350,623758345300,37689326
20220831,170030,현대공업,KOSDAQ,우량기업부,7610,-10,-0.13,7590,7720,7520,198437,1514884580,116737400000,15340000
20220831,319400,현대무벡스,KOSDAQ,우량기업부,3095,35,1.14,3035,3100,3030,158712,487192590,355198185675,114765165
20220831,048410,현대바이오,KOSDAQ,중견기업부,34550,900,2.67,34050,35350,32400,2532844,86657571300,1368311566400,39603808
20220831,052260,현대바이오랜드,KOSDAQ,중견기업부,16600,450,2.79,16650,18000,16250,1475499,25309195900,249000000000,15000000
20220831,041440,현대에버다임,KOSDAQ,중견기업부,7840,40,0.51,7770,7880,7720,217004,1690689990,140461000960,17915944
20220831,039010,현대에이치티,KOSDAQ,우량기업부,8210,10,0.12,8150,8230,8150,3264,26730720,70811250000,8625000
20220831,090850,현대이지웰,KOSDAQ,우량기업부,7450,0,0.00,7450,7530,7320,52487,390984240,176910389450,23746361
20220831,092300,현우산업,KOSDAQ,중견기업부,4570,90,2.01,4340,4570,4340,77508,348629810,85334769120,18672816
20220831,138360,협진,KOSDAQ,관리종목(소속부없음),4480,0,0.00,0,0,0,0,0,155061688320,34611984
20220831,011080,형지I&C,KOSDAQ,중견기업부,749,19,2.60,741,755,730,158954,117458061,29221223101,39013649
20220831,060560,홈센타홀딩스,KOSDAQ,우량기업부,1385,25,1.84,1370,1395,1345,413626,567622540,176822292125,127669525
20220831,064240,홈캐스트,KOSDAQ,중견기업부,3900,75,1.96,3780,3915,3730,57497,222099905,136648246800,35038012
20220831,039610,화성밸브,KOSDAQ,중견기업부,7220,320,4.64,6800,7450,6760,2174556,15694477300,75163088000,10410400
20220831,126640,화신정공,KOSDAQ,우량기업부,1775,-15,-0.84,1765,1795,1750,451122,800868740,64563649425,36373887
20220831,061250,화일약품,KOSDAQ,중견기업부,2605,40,1.56,2550,2615,2520,225346,581926400,177275475630,68052006
20220831,097870,효성오앤비,KOSDAQ,중견기업부,11350,-150,-1.30,11350,11650,11150,301106,3425303150,96361500000,8490000
20220831,290270,휴네시온,KOSDAQ,벤처기업부,4645,125,2.77,4520,4645,4520,14824,67914490,44627636440,9607672
20220831,353190,휴럼,KOSDAQ,중견기업부,1210,20,1.68,1170,1215,1170,47582,56396035,46440308200,38380420
20220831,090710,휴림로봇,KOSDAQ,중견기업부,2950,60,2.08,2875,3025,2810,9034526,26639417500,483138309100,163775698
20220831,205470,휴마시스,KOSDAQ,우량기업부,15950,700,4.59,16150,16650,15700,2971960,48033082800,545869849250,34223815
20220831,115160,휴맥스,KOSDAQ,중견기업부,4010,20,0.50,3930,4015,3930,146734,583940440,176204969890,43941389
20220831,028080,휴맥스홀딩스,KOSDAQ,중견기업부,3615,95,2.70,3635,3635,3520,48004,171367580,45467684190,12577506
20220831,032860,휴먼엔,KOSDAQ,관리종목(소속부없음),3640,0,0.00,0,0,0,0,0,65288375880,17936367
20220831,200670,휴메딕스,KOSDAQ,우량기업부,23700,-100,-0.42,23850,24000,23500,8993,213509250,236317297800,9971194
20220831,065510,휴비츠,KOSDAQ,우량기업부,9950,-100,-1.00,9990,10050,9850,152372,1510271220,118234566450,11882871
20220831,215090,휴센텍,KOSDAQ,관리종목(소속부없음),1505,0,0.00,0,0,0,0,0,120843123170,80294434
20220831,263920,휴엠앤씨,KOSDAQ,관리종목(소속부없음),4555,0,0.00,0,0,0,0,0,223400585370,49045134
20220831,243070,휴온스,KOSDAQ,우량기업부,35650,100,0.28,35450,36150,35250,11436,408578700,425502321850,11935549
20220831,084110,휴온스글로벌,KOSDAQ,우량기업부,21550,-200,-0.92,21800,21800,21500,16167,350214700,271993152600,12621492
20220831,145020,휴젤,KOSDAQ,우량기업부,122100,-1900,-1.53,122000,124200,120100,37316,4531704400,1512264055500,12385455
20220831,024060,흥구석유,KOSDAQ,우량기업부,6680,-60,-0.89,6600,6680,6540,180956,1195814670,100200000000,15000000
20220831,010240,흥국,KOSDAQ,우량기업부,6810,60,0.89,6750,6810,6700,14280,96256330,83917559760,12322696
20220831,189980,흥국에프엔비,KOSDAQ,우량기업부,2980,25,0.85,2955,2980,2910,106214,313330535,119193357580,39997771
20220831,037440,희림,KOSDAQ,우량기업부,9740,530,5.75,9420,9740,9070,3311825,31250475710,135604906500,13922475
20220831,238490,힘스,KOSDAQ,우량기업부,7150,-40,-0.56,7180,7190,7090,9926,70765650,80882487400,11312236
