BAS_DD,ISU_CD,ISU_NM,MKT_NM,SECT_TP_NM,TDD_CLSPRC,CMPPREVDD_PRC,FLUC_RT,TDD_OPNPRC,TDD_HGPRC,TDD_LWPRC,ACC_TRDVOL,ACC_TRDVAL,MKTCAP,LIST_SHRS
20210824,095570,AJ네트웍스,KOSPI,,5950,150,2.59,5750,5980,5750,52377,307861730,278592655250,46822295
20210824,006840,AK홀딩스,KOSPI,,25400,550,2.21,25350,25900,25150,41104,1050147150,336488049400,13247561
20210824,027410,BGF,KOSPI,,6140,140,2.33,6000,6170,6000,144041,881094140,587701096740,95716791
20210824,282330,BGF리테일,KOSPI,,173000,5500,3.28,168500,173000,168500,20517,3520580500,2990115738000,17283906
20210824,138930,BNK금융지주,KOSPI,,7600,210,2.84,7450,7630,7430,1087071,8240085710,2477107869600,325935246
20210824,001460,BYC,KOSPI,,400000,16000,4.17,380500,405500,380500,856,339452000,249846000000,624615
20210824,001465,BYC우,KOSPI,,173000,4500,2.67,168000,173500,168000,317,53572000,37261605000,215385
20210824,001040,CJ,KOSPI,,100500,3000,3.08,98400,101000,98200,96549,9678247800,2932288299000,29176998
20210824,079160,CJ CGV,KOSPI,,29150,1950,7.17,27850,29300,27550,672262,19444804450,1077834367500,36975450
20210824,00104K,CJ4우(전환),KOSPI,,82500,1700,2.10,81400,82900,81400,4851,399860600,348687240000,4226512
20210824,000120,CJ대한통운,KOSPI,,169000,1000,0.60,168500,169500,167500,33950,5711602500,3855286136000,22812344
20210824,011150,CJ씨푸드,KOSPI,,4145,135,3.37,4020,4185,4020,160386,662687010,148933054085,35930773
20210824,011155,CJ씨푸드1우,KOSPI,,38400,400,1.05,38400,38400,37700,349,13360850,7680000000,200000
20210824,001045,CJ우,KOSPI,,62600,800,1.29,62000,62700,61200,1698,105572300,141489959800,2260223
20210824,097950,CJ제일제당,KOSPI,,443000,13500,3.14,433000,447000,432500,41201,18240778000,6669004398000,15054186
20210824,097955,CJ제일제당 우,KOSPI,,205500,4000,1.99,202500,207000,202500,3609,739832000,272787481500,1327433
20210824,000590,CS홀딩스,KOSPI,,62900,1500,2.44,61700,63300,61500,1502,94087600,72616917800,1154482
20210824,012030,DB,KOSPI,,1055,45,4.46,1015,1060,1015,1694446,1765925775,212238499315,201173933
20210824,016610,DB금융투자,KOSPI,,6620,210,3.28,6470,6620,6440,77278,506153170,280995095180,42446389
20210824,005830,DB손해보험,KOSPI,,58500,1800,3.17,57100,58700,56900,107657,6251731100,4141800000000,70800000
20210824,000990,DB하이텍,KOSPI,,59000,800,1.37,59400,59700,58100,675467,39847866600,2619516692000,44398588
20210824,000995,DB하이텍1우,KOSPI,,116000,4000,3.57,112000,116000,112000,583,65889500,13028656000,112316
20210824,139130,DGB금융지주,KOSPI,,9140,290,3.28,8930,9200,8930,457094,4171462030,1545992913620,169145833
20210824,001530,DI동일,KOSPI,,380500,9000,2.42,374000,397000,369000,52524,20274870500,955304227500,2510655
20210824,000210,DL,KOSPI,,71400,2600,3.78,69400,71500,69200,96310,6813351900,1496250117600,20955884
20210824,001880,DL건설,KOSPI,,30550,750,2.52,30300,30900,30000,56859,1724422900,673727826200,22053284
20210824,000215,DL우,KOSPI,,42550,1000,2.41,41900,42750,41700,2477,104990800,71744193250,1686115
20210824,375500,DL이앤씨,KOSPI,,131500,3500,2.73,129000,132500,129000,98008,12883869500,2545674047000,19358738
20210824,37550K,DL이앤씨우,KOSPI,,76100,1200,1.60,75900,76700,75100,5189,394547600,160866648500,2113885
20210824,004840,DRB동일,KOSPI,,6510,50,0.77,6590,6640,6450,41313,269459790,129744300000,19930000
20210824,155660,DSR,KOSPI,,5920,190,3.32,5870,5930,5760,37217,218429240,94720000000,16000000
20210824,069730,DSR제강,KOSPI,,5720,280,5.15,5480,5720,5480,57705,324805530,82368000000,14400000
20210824,017940,E1,KOSPI,,54200,700,1.31,54000,54800,53800,7174,388909400,371812000000,6860000
20210824,365550,ESR켄달스퀘어리츠,KOSPI,,6700,-40,-0.59,6730,6900,6700,211031,1425737620,959835300000,143259000
20210824,383220,F&F,KOSPI,,701000,18000,2.64,683000,711000,668000,50136,34338226000,5370651915000,7661415
20210824,007700,F&F홀딩스,KOSPI,,48250,200,0.42,47750,48900,45550,1110233,52242600700,373386726250,7738585
20210824,114090,GKL,KOSPI,,15700,750,5.02,15150,15700,15050,376152,5844592050,971134019000,61855670
20210824,078930,GS,KOSPI,,41150,1150,2.88,40650,41300,40400,168417,6908384900,3823467804700,92915378
20210824,006360,GS건설,KOSPI,,40700,1800,4.63,39300,40900,39300,520634,21055089350,3483166643000,85581490
20210824,001250,GS글로벌,KOSPI,,2690,100,3.86,2615,2715,2615,328473,880103145,222015825160,82533764
20210824,007070,GS리테일,KOSPI,,33600,850,2.60,32950,33700,32950,458909,15362275300,3518522179200,104717922
20210824,078935,GS우,KOSPI,,35500,750,2.16,35000,35600,34900,3007,106405300,63361323000,1784826
20210824,012630,HDC,KOSPI,,11200,250,2.28,11050,11300,11000,324880,3627406950,669107275200,59741721
20210824,039570,HDC아이콘트롤스,KOSPI,,12150,50,0.41,12250,12350,12000,19706,240320000,199989000000,16460000
20210824,089470,HDC현대EP,KOSPI,,5290,220,4.34,5100,5290,5100,55430,290929890,168751000000,31900000
20210824,294870,HDC현대산업개발,KOSPI,,28700,950,3.42,28050,28750,28050,299509,8521969600,1891540371000,65907330
20210824,011200,HMM,KOSPI,,39300,1950,5.22,37750,39850,37550,6276753,245090046650,15931924739100,405392487
20210824,082740,HSD엔진,KOSPI,,7360,150,2.08,7310,7430,7230,308680,2271815620,343868370560,46721246
20210824,003560,IHQ,KOSPI,,1635,35,2.19,1600,1675,1600,1363828,2237925745,239095447980,146235748
20210824,175330,JB금융지주,KOSPI,,7920,280,3.66,7690,7940,7680,773002,6063498930,1560104520480,196982894
20210824,234080,JW생명과학,KOSPI,,16900,400,2.42,16750,16950,16750,30475,513386350,267603962600,15834554
20210824,001060,JW중외제약,KOSPI,,27650,1150,4.34,26600,27900,26600,120087,3295173100,595578953900,21539926
20210824,001067,JW중외제약2우B,KOSPI,,63200,1200,1.94,62000,63400,61500,501,31440200,5879369600,93028
20210824,001065,JW중외제약우,KOSPI,,38600,150,0.39,38800,38800,38400,503,19381450,6850959600,177486
20210824,096760,JW홀딩스,KOSPI,,4110,120,3.01,3990,4150,3990,57606,235906750,281293258020,68441182
20210824,105560,KB금융,KOSPI,,52500,1400,2.74,51500,52600,51400,1402216,73062321100,21829915800000,415807920
20210824,002380,KCC,KOSPI,,332000,42000,14.48,312000,339500,310000,251237,82109951500,2950308372000,8886471
20210824,344820,KCC글라스,KOSPI,,66700,3100,4.87,64300,67400,64100,215836,14324935400,1065233150400,15970512
20210824,009070,KCTC,KOSPI,,6920,190,2.82,6740,6960,6740,192248,1326407040,207600000000,30000000
20210824,009440,KC그린홀딩스,KOSPI,,5650,270,5.02,5410,5750,5410,230131,1294949650,126757637000,22434980
20210824,119650,KC코트렐,KOSPI,,7600,390,5.41,7280,7730,7280,280957,2123209090,133760000000,17600000
20210824,092220,KEC,KOSPI,,2170,55,2.60,2140,2195,2135,991559,2148791660,253254059800,116706940
20210824,016380,KG동부제철,KOSPI,,15000,550,3.81,14600,15150,14600,305058,4570993800,1500133455000,100008897
20210824,016385,KG동부제철우,KOSPI,,112500,3500,3.21,109000,113000,109000,609,67568000,6005812500,53385
20210824,001390,KG케미칼,KOSPI,,33250,750,2.31,33000,33650,32850,97647,3244854250,461047692000,13866096
20210824,033180,KH 필룩스,KOSPI,,2995,40,1.35,2965,3040,2950,917990,2753522945,399215041815,133293837
20210824,001940,KISCO홀딩스,KOSPI,,20100,350,1.77,19950,20200,19900,29624,594338100,371375238000,18476380
20210824,025000,KPX케미칼,KOSPI,,58900,400,0.68,58600,59300,58500,11055,652158700,285076000000,4840000
20210824,092230,KPX홀딩스,KOSPI,,65400,1900,2.99,65000,65900,64200,2609,169479400,276291848400,4224646
20210824,000040,KR모터스,KOSPI,,1100,40,3.77,1085,1115,1075,399436,439626000,105751104800,96137368
20210824,044450,KSS해운,KOSPI,,11000,250,2.33,10950,11050,10850,51845,566839750,255044680000,23185880
20210824,030200,KT,KOSPI,,32600,100,0.31,32800,33100,32550,1008205,33060419350,8512244940800,261111808
20210824,033780,KT&G,KOSPI,,81300,800,0.99,80600,81600,80500,387090,31419229300,11161880006100,137292497
20210824,030210,KTB투자증권,KOSPI,,7330,230,3.24,7150,7400,7130,465545,3388744770,442102294360,60314092
20210824,058850,KTcs,KOSPI,,2840,75,2.71,2770,2850,2765,217145,612753675,121225400000,42685000
20210824,058860,KTis,KOSPI,,2650,65,2.51,2590,2655,2590,95667,252198080,92225300000,34802000
20210824,093050,LF,KOSPI,,18400,450,2.51,18200,18850,18050,182815,3393390850,538016000000,29240000
20210824,003550,LG,KOSPI,,93300,3800,4.25,90100,93500,89700,277320,25580608000,14676182646900,157300993
20210824,034220,LG디스플레이,KOSPI,,19950,250,1.27,19900,20550,19600,4612313,92115880950,7138423215000,357815700
20210824,051900,LG생활건강,KOSPI,,1450000,34000,2.40,1438000,1458000,1425000,27045,39162514328,22646385650000,15618197
20210824,051905,LG생활건강우,KOSPI,,677000,11000,1.65,669000,677000,669000,3972,2678563000,1421494869000,2099697
20210824,003555,LG우,KOSPI,,69000,700,1.02,68300,70000,68300,12581,869400900,208491780000,3021620
20210824,032640,LG유플러스,KOSPI,,14000,50,0.36,14000,14150,13850,1688805,23648327050,6112559054000,436611361
20210824,011070,LG이노텍,KOSPI,,208000,12500,6.39,200000,210000,198500,343713,70924019500,4922758256000,23667107
20210824,066570,LG전자,KOSPI,,142000,1500,1.07,141000,144500,138500,1375732,194850900000,23237989588000,163647814
20210824,066575,LG전자우,KOSPI,,68600,1000,1.48,68100,69000,67800,80556,5508658700,1178959051200,17185992
20210824,037560,LG헬로비전,KOSPI,,7950,380,5.02,7660,8080,7570,1804648,14067628860,615702576750,77446865
20210824,051910,LG화학,KOSPI,,787000,-11000,-1.38,775000,810000,772000,895863,707992751210,55556173941000,70592343
20210824,051915,LG화학우,KOSPI,,366000,7500,2.09,356000,367500,350000,28803,10349290500,2814100800000,7688800
20210824,079550,LIG넥스원,KOSPI,,47000,-1500,-3.09,49550,49600,46800,306871,14672494900,1034000000000,22000000
20210824,006260,LS,KOSPI,,65800,1600,2.49,65200,66200,64600,89468,5863936700,2118760000000,32200000
20210824,010120,LS ELECTRIC,KOSPI,,65000,2400,3.83,62800,65200,62800,166467,10764432900,1950000000000,30000000
20210824,000680,LS네트웍스,KOSPI,,3870,130,3.48,3795,3920,3755,113157,436574555,304967671920,78803016
20210824,229640,LS전선아시아,KOSPI,,8410,230,2.81,8190,8450,8190,107835,902504570,257555232390,30624879
20210824,001120,LX인터내셔널,KOSPI,,27100,400,1.50,26800,27550,26800,134215,3654673600,1050396000000,38760000
20210824,108670,LX하우시스,KOSPI,,84800,2800,3.41,82600,85700,82500,62401,5285838600,760458416000,8967670
20210824,108675,LX하우시스우,KOSPI,,37750,1150,3.14,36600,37850,36600,2300,86499550,38970457500,1032330
20210824,383800,LX홀딩스,KOSPI,,9810,140,1.45,9650,9940,9650,401761,3955979820,748313568900,76280690
20210824,38380K,LX홀딩스1우,KOSPI,,15250,400,2.69,14900,15250,14900,8726,132657550,22345596250,1465285
20210824,023150,MH에탄올,KOSPI,,9850,350,3.68,9540,9890,9540,24754,243029780,72678481100,7378526
20210824,035420,NAVER,KOSPI,,437500,8000,1.86,435000,439000,431500,546884,237873960000,71865235312500,164263395
20210824,181710,NHN,KOSPI,,69600,900,1.31,68800,70400,68800,68706,4793744900,1361725740000,19565025
20210824,005940,NH투자증권,KOSPI,,12900,300,2.38,12700,12900,12700,546132,7009988100,3630174642300,281408887
20210824,005945,NH투자증권우,KOSPI,,11550,100,0.87,11550,11650,11450,88040,1015554150,217959680400,18870968
20210824,338100,NH프라임리츠,KOSPI,,4865,15,0.31,4930,4930,4835,26854,130592300,90780900000,18660000
20210824,034310,NICE,KOSPI,,18400,200,1.10,18300,18650,18100,166977,3057042700,697034320000,37882300
20210824,008260,NI스틸,KOSPI,,4415,175,4.13,4290,4490,4290,148288,653901770,126269516555,28600117
20210824,004250,NPC,KOSPI,,5510,-30,-0.54,5560,5650,5460,409283,2278474250,202327200000,36720000
20210824,004255,NPC우,KOSPI,,3175,110,3.59,3115,3200,3115,7559,24006360,16764000000,5280000
20210824,010060,OCI,KOSPI,,108000,2500,2.37,106000,109500,105500,223141,24098378000,2575732068000,23849371
20210824,178920,PI첨단소재,KOSPI,,58500,1100,1.92,57800,59400,57300,357468,20921023400,1717929837000,29366322
20210824,005490,POSCO,KOSPI,,320000,10500,3.39,312000,321500,312000,452228,143593245622,27899787200000,87186835
20210824,010950,S-Oil,KOSPI,,90500,1800,2.03,91800,92300,89300,288687,26187643000,10188742676000,112582792
20210824,010955,S-Oil우,KOSPI,,53900,800,1.51,54000,55000,53200,8975,485118200,216781865300,4021927
20210824,034120,SBS,KOSPI,,53000,700,1.34,53200,54100,52200,140593,7466378300,967386846000,18252582
20210824,101060,SBS미디어홀딩스,KOSPI,,2155,35,1.65,2125,2180,2120,324707,697937670,301476289450,139896190
20210824,005090,SGC에너지,KOSPI,,46100,2000,4.54,44400,46650,44300,98559,4498692700,676609884400,14677004
20210824,001380,SG글로벌,KOSPI,,2680,115,4.48,2545,2745,2545,268742,719094855,120503903240,44964143
20210824,004060,SG세계물산,KOSPI,,741,21,2.92,721,744,720,554102,408761141,149996895360,202424960
20210824,001770,SHD,KOSPI,,29400,200,0.68,29550,30000,28950,14240,418082150,35717413200,1214878
20210824,002360,SH에너지화학,KOSPI,,980,44,4.70,941,984,941,672347,651532361,108911055400,111133730
20210824,009160,SIMPAC,KOSPI,,6410,410,6.83,6020,6450,5980,476915,2971830390,419403197560,65429516
20210824,123700,SJM,KOSPI,,4495,35,0.78,4550,5000,4430,505681,2333354660,70144016510,15604898
20210824,025530,SJM홀딩스,KOSPI,,3930,160,4.24,3970,3970,3785,32207,125397205,58690651440,14934008
20210824,034730,SK,KOSPI,,265000,-5000,-1.85,273000,273500,260500,437438,116234256500,18645478705000,70360297
20210824,011790,SKC,KOSPI,,149500,-8000,-5.08,159500,164000,147000,1190615,183411946500,5661310551000,37868298
20210824,018670,SK가스,KOSPI,,114500,0,0.00,114500,115000,113500,7165,818265000,1056862938000,9230244
20210824,001740,SK네트웍스,KOSPI,,5550,160,2.97,5430,5600,5420,573580,3179216880,1377441440850,248187647
20210824,001745,SK네트웍스우,KOSPI,,105500,-1000,-0.94,108000,108000,103500,137,14393000,11989864000,113648
20210824,006120,SK디스커버리,KOSPI,,49100,-450,-0.91,49650,49850,49050,97911,4820353200,934758680500,19037855
20210824,006125,SK디스커버리우,KOSPI,,42450,-500,-1.16,42850,43100,41600,26368,1112278550,57666414750,1358455
20210824,210980,SK디앤디,KOSPI,,38050,500,1.33,38300,38300,37750,60721,2310676350,768235740200,20190164
20210824,068400,SK렌터카,KOSPI,,12150,350,2.97,11950,12500,11950,152876,1867154600,574522956000,47285840
20210824,302440,SK바이오사이언스,KOSPI,,304000,-19500,-6.03,323000,328000,299000,1531961,474784126000,23256000000000,76500000
20210824,326030,SK바이오팜,KOSPI,,117000,3000,2.63,115500,118000,114500,191438,22257322000,9162650250000,78313250
20210824,361610,SK아이이테크놀로지,KOSPI,,204000,-2000,-0.97,208000,212500,200500,410938,85130457500,14544708768000,71297592
20210824,03473K,SK우,KOSPI,,245000,-2500,-1.01,251000,253500,243000,8707,2146526500,138703075000,566135
20210824,096770,SK이노베이션,KOSPI,,238000,0,0.00,242500,243000,233000,496803,118135246000,22006804232000,92465564
20210824,096775,SK이노베이션우,KOSPI,,151500,500,0.33,154000,154000,150000,6895,1042471000,189136539000,1248426
20210824,001510,SK증권,KOSPI,,906,21,2.37,890,907,890,3547998,3201573007,428166694926,472590171
20210824,001515,SK증권우,KOSPI,,4360,70,1.63,4380,4380,4335,25036,109332125,17058561040,3912514
20210824,285130,SK케미칼,KOSPI,,278000,-17500,-5.92,298000,298500,278000,403605,113891711000,3266888088000,11751396
20210824,28513K,SK케미칼우,KOSPI,,147000,-12500,-7.84,159500,162500,146500,94911,14312486000,214424490000,1458670
20210824,017670,SK텔레콤,KOSPI,,296000,3000,1.02,293500,298000,292500,222080,65670450000,21329802328000,72060143
20210824,000660,SK하이닉스,KOSPI,,105000,2000,1.94,104500,105500,104000,4454743,467564469000,76440248325000,728002365
20210824,064960,SNT모티브,KOSPI,,53800,500,0.94,53400,54800,53400,55162,2979456500,786724716800,14623136
20210824,100840,SNT에너지,KOSPI,,19850,550,2.85,19450,19900,19400,10711,211199000,149008213350,7506711
20210824,003570,SNT중공업,KOSPI,,9650,300,3.21,9360,9710,9360,64075,611306690,320888526050,33252697
20210824,036530,SNT홀딩스,KOSPI,,18300,400,2.23,18000,18350,17950,15055,273268800,298361113800,16303886
20210824,005610,SPC삼립,KOSPI,,79400,2800,3.66,76700,80400,76700,13242,1049331400,685143314600,8629009
20210824,011810,STX,KOSPI,,5110,40,0.79,5100,5200,5050,251706,1289970810,137297013000,26868300
20210824,077970,STX엔진,KOSPI,,11350,650,6.07,10800,11400,10800,50331,559592600,261151060400,23008904
20210824,071970,STX중공업,KOSPI,,5840,190,3.36,5730,5890,5720,290896,1689468260,165657299840,28365976
20210824,002820,SUN&L,KOSPI,,5850,60,1.04,5800,5950,5780,32197,187245580,73756735650,12607989
20210824,084870,TBH글로벌,KOSPI,,2620,90,3.56,2580,2630,2565,112477,292106020,54644865780,20856819
20210824,002710,TCC스틸,KOSPI,,7890,690,9.58,7200,8500,7200,7301206,58279857720,185415000000,23500000
20210824,002900,TYM,KOSPI,,2170,40,1.88,2145,2220,2145,3438245,7490428375,306761494480,141364744
20210824,024070,WISCOM,KOSPI,,4015,135,3.48,3930,4160,3915,185770,746196485,61535648570,15326438
20210824,037270,YG PLUS,KOSPI,,7940,180,2.32,7750,8150,7560,4416956,34909122030,503629515400,63429410
20210824,000500,가온전선,KOSPI,,29600,1300,4.59,28700,29600,28550,23047,675659000,123146271200,4160347
20210824,000860,강남제비스코,KOSPI,,25200,200,0.80,25100,25350,24700,81344,2032684550,163800000000,6500000
20210824,035250,강원랜드,KOSPI,,26950,800,3.06,26450,27250,26350,1022886,27543587900,5765696475000,213940500
20210824,011420,갤럭시아에스엠,KOSPI,,2330,30,1.30,2300,2440,2275,2338623,5529400275,64190670520,27549644
20210824,002100,경농,KOSPI,,14900,100,0.68,15050,15150,14550,119191,1768023850,290886367500,19522575
20210824,009450,경동나비엔,KOSPI,,67700,1000,1.50,66700,67900,65100,95976,6397727000,921040221000,13604730
20210824,267290,경동도시가스,KOSPI,,22200,800,3.74,21500,22200,21500,10176,224657600,130878013200,5895406
20210824,012320,경동인베스트,KOSPI,,37450,800,2.18,37600,37700,37150,3443,128893700,88570111350,2365023
20210824,000050,경방,KOSPI,,13400,200,1.52,13300,13550,13200,41700,557771750,367364618000,27415270
20210824,214390,경보제약,KOSPI,,12000,500,4.35,11600,12050,11600,102734,1219452450,286882320000,23906860
20210824,012610,경인양행,KOSPI,,6790,180,2.72,6710,6900,6670,224546,1527508730,282099818350,41546365
20210824,009140,경인전자,KOSPI,,28900,850,3.03,28300,29100,28300,7890,227642200,45396033300,1570797
20210824,013580,계룡건설,KOSPI,,34500,1350,4.07,33900,34850,33450,113477,3903286450,308116291500,8930907
20210824,012200,계양전기,KOSPI,,4600,240,5.50,4430,4600,4400,344279,1558213750,149960000000,32600000
20210824,012205,계양전기우,KOSPI,,7950,60,0.76,7890,7990,7890,4011,31810320,11130000000,1400000
20210824,002140,고려산업,KOSPI,,3705,175,4.96,3530,3755,3530,286761,1054060965,92400569625,24939425
20210824,010130,고려아연,KOSPI,,508000,16000,3.25,499000,518000,497000,48360,24613213000,9585960000000,18870000
20210824,002240,고려제강,KOSPI,,23850,500,2.14,23350,24200,23350,43530,1038227050,548550000000,23000000
20210824,009290,광동제약,KOSPI,,8220,320,4.05,7990,8270,7990,133077,1086042760,430899395220,52420851
20210824,017040,광명전기,KOSPI,,2925,140,5.03,2800,2950,2800,882839,2561851620,126762523875,43337615
20210824,017900,광전자,KOSPI,,2630,100,3.95,2555,2655,2540,132135,345002655,152392096690,57943763
20210824,037710,광주신세계,KOSPI,,193000,3000,1.58,191500,193000,187000,2368,452675500,308800000000,1600000
20210824,030610,교보증권,KOSPI,,8420,230,2.81,8210,8420,8210,67769,567026300,544380752320,64653296
20210824,339770,교촌에프앤비,KOSPI,,19050,150,0.79,19050,19150,18800,78719,1494604050,475917387000,24982540
20210824,007690,국도화학,KOSPI,,65500,-300,-0.46,66000,67800,65100,50203,3326962100,380595348000,5810616
20210824,005320,국동,KOSPI,,2520,20,0.80,2570,2610,2485,1447732,3655577380,135944607960,53946273
20210824,001140,국보,KOSPI,,1290,30,2.38,1265,1320,1245,1441793,1851627675,78774547890,61065541
20210824,002720,국제약품,KOSPI,,8110,290,3.71,8000,9430,7830,19586439,170615952120,156329089900,19276090
20210824,083420,그린케미칼,KOSPI,,11100,800,7.77,10550,12000,10500,690764,7879290400,266400000000,24000000
20210824,014530,극동유화,KOSPI,,4155,115,2.85,4080,4190,4080,90863,377120380,144882440100,34869420
20210824,014280,금강공업,KOSPI,,7810,200,2.63,7600,7890,7600,107532,838084140,229062278170,29329357
20210824,014285,금강공업우,KOSPI,,15000,-50,-0.33,15000,15600,15000,12692,193268500,8848125000,589875
20210824,008870,금비,KOSPI,,74600,800,1.08,74300,75000,73700,4422,329173500,74600000000,1000000
20210824,001570,금양,KOSPI,,4815,160,3.44,4750,4950,4700,234240,1133158135,230790731040,47931616
20210824,002990,금호건설,KOSPI,,12100,450,3.86,11800,12150,11800,206739,2479630800,443270480400,36633924
20210824,002995,금호건설우,KOSPI,,32400,1550,5.02,30900,35600,30900,1464,49245200,9469418400,292266
20210824,011780,금호석유,KOSPI,,187500,7000,3.88,182500,189000,182000,342523,63694008000,5712692062500,30467691
20210824,011785,금호석유우,KOSPI,,111500,5500,5.19,107000,112500,107000,29447,3256268000,337118689000,3023486
20210824,214330,금호에이치티,KOSPI,,2170,90,4.33,2135,2190,2110,772173,1669553070,288403238060,132904718
20210824,001210,금호전기,KOSPI,,2995,25,0.84,2970,3035,2960,91833,274343895,49320165495,16467501
20210824,073240,금호타이어,KOSPI,,5940,100,1.71,5840,5970,5750,594875,3501816690,1706326104780,287260287
20210824,092440,기신정기,KOSPI,,4470,130,3.00,4340,4480,4340,51116,226375575,130524000000,29200000
20210824,000270,기아,KOSPI,,81200,1200,1.50,81200,82000,80700,1223611,99582669200,32915503776400,405363347
20210824,024110,기업은행,KOSPI,,10250,200,1.99,10100,10300,10100,1102211,11260882750,7629081016750,744300587
20210824,013700,까뮤이앤씨,KOSPI,,2325,90,4.03,2265,2365,2250,584480,1351939835,104979051000,45152280
20210824,004540,깨끗한나라,KOSPI,,5380,240,4.67,5100,5460,5100,299546,1593671550,200354928340,37240693
20210824,004545,깨끗한나라우,KOSPI,,25350,500,2.01,24850,25350,24850,1848,46714800,9282156000,366160
20210824,001260,남광토건,KOSPI,,14700,250,1.73,14600,14950,14500,29644,437101000,144484844700,9828901
20210824,008350,남선알미늄,KOSPI,,3615,140,4.03,3500,3670,3500,2019983,7279877345,398297410350,110179090
20210824,008355,남선알미우,KOSPI,,44750,1000,2.29,44500,45000,44350,1338,59895250,13778077500,307890
20210824,004270,남성,KOSPI,,3240,195,6.40,3025,3265,3025,276058,878177870,117327398400,36212160
20210824,003920,남양유업,KOSPI,,560000,-2000,-0.36,567000,570000,554000,3742,2102302000,403200000000,720000
20210824,003925,남양유업우,KOSPI,,311500,-500,-0.16,308500,312500,308000,119,36911500,51915213000,166662
20210824,025860,남해화학,KOSPI,,10900,-200,-1.80,11250,11250,10650,1180791,12902964950,541499388700,49678843
20210824,005720,넥센,KOSPI,,4855,95,2.00,4750,4890,4750,30390,147133460,259956008335,53543977
20210824,005725,넥센우,KOSPI,,3685,-5,-0.14,3645,3690,3645,5500,20155910,13268211000,3600600
20210824,002350,넥센타이어,KOSPI,,8330,230,2.84,8140,8460,8080,221037,1842879680,813573415410,97667877
20210824,002355,넥센타이어1우B,KOSPI,,3730,140,3.90,3620,3730,3620,2354,8708090,24245000000,6500000
20210824,003580,넥스트사이언스,KOSPI,,27950,500,1.82,28900,29850,26950,3499905,98415203950,1164560144150,41665837
20210824,251270,넷마블,KOSPI,,132000,3000,2.33,130000,133000,129500,185105,24334570500,11345862264000,85953502
20210824,090350,노루페인트,KOSPI,,10800,300,2.86,10600,10850,10550,95878,1030595000,216000000000,20000000
20210824,090355,노루페인트우,KOSPI,,24000,1450,6.43,23200,26750,23200,43177,1079717500,11115024000,463126
20210824,000320,노루홀딩스,KOSPI,,12500,350,2.88,12200,12800,12150,46585,582041550,166139387500,13291151
20210824,000325,노루홀딩스우,KOSPI,,60400,7900,15.05,54500,67500,54500,39165,2412464100,11189100000,185250
20210824,006280,녹십자,KOSPI,,325000,15500,5.01,316500,329000,307500,140308,45163700500,3798124850000,11686538
20210824,005250,녹십자홀딩스,KOSPI,,31200,800,2.63,30550,31550,30100,150573,4669284950,1467280152000,47028210
20210824,005257,녹십자홀딩스2우,KOSPI,,70000,0,0.00,61600,71000,61600,2407,161396200,59219300000,845990
20210824,004370,농심,KOSPI,,304500,8500,2.87,297000,307000,297000,29079,8833299500,1852164489000,6082642
20210824,072710,농심홀딩스,KOSPI,,76200,1200,1.60,75100,76200,74500,3518,265327700,353399598000,4637790
20210824,058730,다스코,KOSPI,,5760,170,3.04,5620,5930,5610,91457,526211740,93888000000,16300000
20210824,023590,다우기술,KOSPI,,26050,1050,4.20,25400,26050,25250,105450,2720837750,1168775372850,44866617
20210824,145210,다이나믹디자인,KOSPI,,592,-1,-0.17,593,614,584,1901243,1128820573,93303826480,157607815
20210824,019680,대교,KOSPI,,4270,135,3.26,4105,4270,4105,134641,569193695,361681169500,84702850
20210824,019685,대교우B,KOSPI,,3060,105,3.55,2960,3175,2945,139843,426250585,59446589400,19426990
20210824,006370,대구백화점,KOSPI,,11500,300,2.68,11450,11750,11200,18457,209953900,124448526500,10821611
20210824,008060,대덕,KOSPI,,7230,120,1.69,7140,7310,7140,278986,2022833050,245025784500,33890150
20210824,00806K,대덕1우,KOSPI,,10950,0,0.00,10850,11150,10850,23441,258714200,13275309150,1212357
20210824,353200,대덕전자,KOSPI,,17900,700,4.07,17500,18550,17250,7182733,129628877200,884562957500,49416925
20210824,35320K,대덕전자1우,KOSPI,,15300,300,2.00,15050,15600,14950,76516,1171759800,32061440700,2095519
20210824,000490,대동,KOSPI,,10800,200,1.89,10700,11100,10650,442526,4810321550,256264668000,23728210
20210824,008110,대동전자,KOSPI,,6550,350,5.65,6210,7040,6210,76735,507931260,68712427850,10490447
20210824,005750,대림B&Co,KOSPI,,7150,160,2.29,6980,7260,6980,48559,347756720,119206516000,16672240
20210824,006570,대림통상,KOSPI,,3975,170,4.47,3900,4000,3880,5373,21116820,60519375000,15225000
20210824,001680,대상,KOSPI,,25150,950,3.93,24350,25350,24350,186156,4667434700,871397828750,34648025
20210824,001685,대상우,KOSPI,,19150,200,1.06,19000,19250,19000,3781,72343450,26239770450,1370223
20210824,084690,대상홀딩스,KOSPI,,10450,400,3.98,10100,10500,10100,144308,1491842950,378421022100,36212538
20210824,084695,대상홀딩스우,KOSPI,,11700,300,2.63,11350,12400,11200,16200,189423650,10687739400,913482
20210824,128820,대성산업,KOSPI,,4380,155,3.67,4300,4390,4265,66114,287518900,198131393640,45235478
20210824,117580,대성에너지,KOSPI,,6290,90,1.45,6230,6320,6220,24142,151462660,172975000000,27500000
20210824,016710,대성홀딩스,KOSPI,,38450,-300,-0.77,39100,39100,38350,48563,1869804100,618639698550,16089459
20210824,003540,대신증권,KOSPI,,18700,200,1.08,18600,18700,18500,115835,2160596750,949462580000,50773400
20210824,003547,대신증권2우B,KOSPI,,16250,100,0.62,16200,16300,15750,29034,470206550,162500000000,10000000
20210824,003545,대신증권우,KOSPI,,16750,150,0.90,16650,16850,16650,82093,1377430300,435500000000,26000000
20210824,009190,대양금속,KOSPI,,5160,175,3.51,4965,5160,4965,451970,2310145190,159753538080,30959988
20210824,014160,대영포장,KOSPI,,2695,60,2.28,2690,2720,2645,1879629,5052873050,292123309555,108394549
20210824,047040,대우건설,KOSPI,,6830,200,3.02,6660,6880,6660,1484550,10105910710,2838702617540,415622638
20210824,009320,대우부품,KOSPI,,2405,105,4.57,2360,2415,2315,248556,592415600,114589531875,47646375
20210824,042660,대우조선해양,KOSPI,,26850,1050,4.07,26050,26950,26050,353436,9401604850,2880754462650,107290669
20210824,003090,대웅,KOSPI,,35100,1250,3.69,34500,35350,33950,163393,5681931450,2040783498000,58141980
20210824,069620,대웅제약,KOSPI,,167500,2500,1.52,167000,168500,164000,65952,10971271500,1940751312500,11586575
20210824,000430,대원강업,KOSPI,,4285,15,0.35,4350,4355,4235,252738,1083244090,265670000000,62000000
20210824,006340,대원전선,KOSPI,,2240,70,3.23,2180,2245,2180,997169,2216235660,159078006080,71016967
20210824,006345,대원전선우,KOSPI,,3805,10,0.26,3850,3890,3795,34678,133110910,9973666000,2621200
20210824,003220,대원제약,KOSPI,,24000,2050,9.34,21850,24000,21000,10420180,234003520750,509395752000,21224823
20210824,024890,대원화성,KOSPI,,2745,135,5.17,2600,2875,2600,1961735,5458289180,113228922240,41249152
20210824,002880,대유에이텍,KOSPI,,1225,30,2.51,1200,1255,1190,1660765,2022330265,137030431825,111861577
20210824,000300,대유플러스,KOSPI,,1285,35,2.80,1280,1310,1260,1080158,1391487295,155483424590,120998774
20210824,012800,대창,KOSPI,,2180,45,2.11,2150,2220,2150,2222622,4851270555,198686287820,91140499
20210824,015230,대창단조,KOSPI,,7900,220,2.86,7780,7940,7760,47519,373273880,112860308500,14286115
20210824,001070,대한방직,KOSPI,,43750,450,1.04,43800,43800,43300,1912,82930950,231875000000,5300000
20210824,006650,대한유화,KOSPI,,222000,11000,5.21,215500,224000,215500,79766,17643504000,1443000000000,6500000
20210824,001440,대한전선,KOSPI,,2445,15,0.62,2470,2490,2410,10664227,26024887490,2094076507005,856473009
20210824,084010,대한제강,KOSPI,,21850,1350,6.59,20700,21950,20700,404950,8752668700,538531137900,24646734
20210824,001790,대한제당,KOSPI,,3000,135,4.71,2905,3035,2895,419675,1254121330,269089740000,89696580
20210824,001795,대한제당우,KOSPI,,3130,135,4.51,3030,3305,3030,105224,331689865,20291038800,6482760
20210824,001130,대한제분,KOSPI,,164500,3500,2.17,161500,165500,161000,3392,555633000,278005000000,1690000
20210824,003490,대한항공,KOSPI,,29800,1100,3.83,29450,29950,29000,2929756,86837187850,10365060585000,347820825
20210824,003495,대한항공우,KOSPI,,38750,1450,3.89,38450,38850,37400,7001,269116200,43043267500,1110794
20210824,005880,대한해운,KOSPI,,2915,50,1.75,2915,2970,2885,2107737,6175124775,930402295900,319177460
20210824,003830,대한화섬,KOSPI,,129500,6500,5.28,124000,129500,124000,779,98903000,171976000000,1328000
20210824,016090,대현,KOSPI,,2475,65,2.70,2420,2500,2420,177389,438836000,109598717250,44282310
20210824,069460,대호에이엘,KOSPI,,3830,80,2.13,3715,3895,3715,195419,744797205,184617727460,48203062
20210824,192080,더블유게임즈,KOSPI,,58400,1900,3.36,56700,58700,56700,71510,4154459300,1073070916800,18374502
20210824,012510,더존비즈온,KOSPI,,80700,2700,3.46,78200,81300,78200,124493,10014933300,2448491342700,30340661
20210824,004830,덕성,KOSPI,,18250,1500,8.96,17050,18350,17000,1233108,22049169800,286160000000,15680000
20210824,004835,덕성우,KOSPI,,25950,1450,5.92,25300,26900,25100,108014,2803947600,36122400000,1392000
20210824,024900,덕양산업,KOSPI,,3055,100,3.38,3080,3135,3030,151743,468028600,99486013900,32564980
20210824,145720,덴티움,KOSPI,,85300,1100,1.31,84600,88000,83700,110093,9452205800,944171199000,11068830
20210824,002150,도화엔지니어링,KOSPI,,8340,190,2.33,8150,8430,8150,40645,338829620,281224800000,33720000
20210824,001230,동국제강,KOSPI,,19650,1400,7.67,18650,19800,18600,1674343,32442331200,1875253282050,95432737
20210824,023450,동남합성,KOSPI,,64000,0,0.00,63900,64000,63800,1810,115584600,231040000000,3610000
20210824,004140,동방,KOSPI,,5350,120,2.29,5250,5410,5250,358623,1916805240,213848948100,39971766
20210824,007590,동방아그로,KOSPI,,7400,170,2.35,7240,7520,7240,37478,277590050,100770069800,13617577
20210824,005960,동부건설,KOSPI,,13550,200,1.50,13350,13650,13300,79182,1070413150,308014927950,22731729
20210824,005965,동부건설우,KOSPI,,42000,2100,5.26,39900,42000,39900,4325,178703000,9480744000,225732
20210824,026960,동서,KOSPI,,29000,550,1.93,28600,29200,28550,72751,2108897550,2891300000000,99700000
20210824,002210,동성제약,KOSPI,,10150,100,1.00,10050,10300,9990,137399,1392665990,264924845500,26100970
20210824,102260,동성케미컬,KOSPI,,5520,140,2.60,5440,5640,5400,93911,518010840,274287298560,49689728
20210824,000640,동아쏘시오홀딩스,KOSPI,,112500,2000,1.81,110500,113000,110500,11771,1315991500,714094425000,6347506
20210824,170900,동아에스티,KOSPI,,77500,2300,3.06,75800,77500,75500,28838,2214726900,654399770000,8443868
20210824,028100,동아지질,KOSPI,,20450,550,2.76,20050,20550,19950,76322,1574616500,235175000000,11500000
20210824,282690,동아타이어,KOSPI,,12450,250,2.05,12300,12550,12250,575838,7031327600,170976036750,13733015
20210824,001520,동양,KOSPI,,1715,55,3.31,1685,1735,1660,1245780,2125170190,409343168045,238684063
20210824,001527,동양2우B,KOSPI,,16050,350,2.23,15800,16850,15800,6478,105921250,4952532450,308569
20210824,001529,동양3우B,KOSPI,,42400,1600,3.92,41400,46600,41400,9444,421051900,3804212800,89722
20210824,084670,동양고속,KOSPI,,21550,550,2.62,21100,21700,20900,11479,244063950,62399511950,2895569
20210824,082640,동양생명,KOSPI,,5310,170,3.31,5160,5330,5160,389413,2053269920,856814086350,161358585
20210824,001525,동양우,KOSPI,,8290,340,4.28,8050,8500,8050,8395,69207260,5120989990,617731
20210824,008970,동양철관,KOSPI,,1560,85,5.76,1515,1570,1500,2455749,3786287075,185461052400,118885290
20210824,092780,동양피스톤,KOSPI,,7770,580,8.07,7430,7770,7150,2484281,18411299760,102318934200,13168460
20210824,049770,동원F&B,KOSPI,,204000,7500,3.82,196500,205000,195500,6150,1245183000,787261296000,3859124
20210824,018500,동원금속,KOSPI,,985,12,1.23,978,998,978,81491,80622293,46053609005,46754933
20210824,006040,동원산업,KOSPI,,235000,2000,0.86,231500,237000,231500,3024,711161500,864245635000,3677641
20210824,030720,동원수산,KOSPI,,9330,180,1.97,9240,9400,9200,34576,322065200,43420000650,4653805
20210824,014820,동원시스템즈,KOSPI,,52400,2500,5.01,50600,55000,49900,423544,22479084200,1342409976400,25618511
20210824,014825,동원시스템즈우,KOSPI,,38050,550,1.47,39100,39100,37650,3505,135749500,10096871900,265358
20210824,163560,동일고무벨트,KOSPI,,8450,70,0.84,8380,8620,8380,49567,420295040,117455000000,13900000
20210824,004890,동일산업,KOSPI,,109500,0,0.00,110000,112000,109500,524,57877000,265561042500,2425215
20210824,002690,동일제강,KOSPI,,3940,215,5.77,3745,3945,3745,61318,238365655,59100000000,15000000
20210824,000020,동화약품,KOSPI,,15300,350,2.34,14950,15400,14900,447868,6821988300,427351491000,27931470
20210824,000150,두산,KOSPI,,90700,3500,4.01,87600,92300,87600,75816,6889934700,1498711834500,16523835
20210824,000157,두산2우B,KOSPI,,118000,3000,2.61,118500,124000,115500,2850,341483000,105378484000,893038
20210824,241560,두산밥캣,KOSPI,,42300,1200,2.92,41800,42350,41400,336031,14106058650,4240539721800,100249166
20210824,000155,두산우,KOSPI,,64900,2100,3.34,62900,66000,62900,14176,919537600,259370383800,3996462
20210824,042670,두산인프라코어,KOSPI,,14400,400,2.86,14100,14650,14100,1328258,19122007250,1127652883200,78309228
20210824,034020,두산중공업,KOSPI,,20750,950,4.80,20150,21000,20000,5868323,120705626150,10662782206500,513869022
20210824,336260,두산퓨얼셀,KOSPI,,46500,3000,6.90,44000,47150,44000,991985,45825483500,3045458259000,65493726
20210824,33626K,두산퓨얼셀1우,KOSPI,,14850,600,4.21,14300,15100,14300,37978,563797950,198458370000,13364200
20210824,33626L,두산퓨얼셀2우B,KOSPI,,20700,800,4.02,20000,21250,20000,19644,406937550,61816410000,2986300
20210824,016740,두올,KOSPI,,4960,240,5.08,4795,5130,4795,1942528,9723556980,143178732800,28866680
20210824,192650,드림텍,KOSPI,,11000,200,1.85,11000,11200,10350,525349,5701703400,718225981000,65293271
20210824,024090,디씨엠,KOSPI,,17000,400,2.41,16700,17050,16450,44223,741156100,198900000000,11700000
20210824,003160,디아이,KOSPI,,9820,450,4.80,9490,9830,9440,433230,4200787700,309298428700,31496785
20210824,092200,디아이씨,KOSPI,,5890,140,2.43,5840,6070,5810,289257,1719466150,229053671410,38888569
20210824,013570,디와이,KOSPI,,5590,270,5.08,5380,5700,5380,97597,542088600,147126748470,26319633
20210824,210540,디와이파워,KOSPI,,15200,500,3.40,14900,15250,14850,40895,617401950,167833961600,11041708
20210824,007340,디티알오토모티브,KOSPI,,46800,1450,3.20,45350,47200,44950,50107,2326351800,467719434000,9994005
20210824,026890,디피씨,KOSPI,,13750,400,3.00,13500,13850,13400,651281,8886774500,573074906250,41678175
20210824,115390,락앤락,KOSPI,,12500,450,3.73,12500,12550,12150,62757,778120200,662595475000,53007638
20210824,032350,롯데관광개발,KOSPI,,18650,1050,5.97,18000,18900,17950,748106,13905557750,1291991096300,69275662
20210824,089860,롯데렌탈,KOSPI,,49200,-1200,-2.38,50400,51200,48650,1640089,81647456700,1802395899600,36634063
20210824,330590,롯데리츠,KOSPI,,5760,20,0.35,5760,5800,5750,306660,1772370760,1399500771840,242968884
20210824,000400,롯데손해보험,KOSPI,,1785,45,2.59,1745,1805,1745,449649,801883435,553950331200,310336320
20210824,023530,롯데쇼핑,KOSPI,,106000,4000,3.92,102500,106500,102500,71468,7530927500,2998608030000,28288755
20210824,004000,롯데정밀화학,KOSPI,,66500,1800,2.78,65500,66900,65100,143246,9475349000,1715700000000,25800000
20210824,286940,롯데정보통신,KOSPI,,37950,600,1.61,37500,38150,37450,42431,1605721850,584290761450,15396331
20210824,280360,롯데제과,KOSPI,,136000,2000,1.49,137000,137500,135500,4277,584391500,872673512000,6416717
20210824,004990,롯데지주,KOSPI,,35550,1100,3.19,34700,35750,34550,145690,5157100050,3729523375350,104909237
20210824,00499K,롯데지주우,KOSPI,,54800,1500,2.81,53500,55000,53500,487,26426300,54121740400,987623
20210824,005300,롯데칠성,KOSPI,,138000,5000,3.76,133000,139500,132000,52634,7245046000,1280485992000,9278884
20210824,005305,롯데칠성우,KOSPI,,76000,2900,3.97,73200,76400,73200,1237,92864800,58923560000,775310
20210824,011170,롯데케미칼,KOSPI,,242500,6500,2.75,239500,242500,237500,140569,33817248500,8311789107500,34275419
20210824,002270,롯데푸드,KOSPI,,431500,9500,2.25,426000,432000,422000,1377,588002500,521707232500,1209055
20210824,071840,롯데하이마트,KOSPI,,31850,950,3.07,31000,32200,31000,63946,2044153150,751905627200,23607712
20210824,027740,마니커,KOSPI,,624,19,3.14,606,625,605,820903,507835636,123846898656,198472594
20210824,204320,만도,KOSPI,,60400,3000,5.23,58300,60900,58200,450177,26980557300,2836210048000,46957120
20210824,001080,만호제강,KOSPI,,21450,600,2.88,20900,21600,20900,3025,64661900,89017500000,4150000
20210824,088980,맥쿼리인프라,KOSPI,,12200,0,0.00,12200,12200,12150,790956,9634740100,4939115673400,404845547
20210824,094800,맵스리얼티1,KOSPI,,4645,15,0.32,4655,4660,4630,33166,153974330,431215467495,92834331
20210824,138040,메리츠금융지주,KOSPI,,25350,1050,4.32,24650,25500,24600,265458,6700961150,3397186302900,134011294
20210824,008560,메리츠증권,KOSPI,,5150,195,3.94,5010,5160,4990,2015657,10288556030,3510912481850,681730579
20210824,000060,메리츠화재,KOSPI,,25150,550,2.24,24800,25400,24800,283455,7126462400,3033718750000,120625000
20210824,090370,메타랩스,KOSPI,,1085,15,1.40,1085,1105,1080,291618,319024295,70941979605,65384313
20210824,017180,명문제약,KOSPI,,5490,220,4.17,5330,5780,5300,1296094,7139657310,186404462460,33953454
20210824,009900,명신산업,KOSPI,,29650,750,2.60,29450,30350,29200,1267457,37688044650,1555739443450,52470133
20210824,012690,모나리자,KOSPI,,4595,90,2.00,4530,4640,4530,137844,631697780,168044916725,36571255
20210824,005360,모나미,KOSPI,,5040,170,3.49,4860,5050,4860,183475,915957495,95242427280,18897307
20210824,204210,모두투어리츠,KOSPI,,3920,160,4.26,3860,3920,3785,10281,39923700,30681114800,7826815
20210824,009680,모토닉,KOSPI,,10400,350,3.48,10100,10400,10100,28044,288710400,343200000000,33000000
20210824,009580,무림P&P,KOSPI,,4665,145,3.21,4550,4720,4525,129551,602620410,290948231460,62368324
20210824,009200,무림페이퍼,KOSPI,,2930,90,3.17,2855,2960,2840,210943,618247420,121915278300,41609310
20210824,033920,무학,KOSPI,,7350,210,2.94,7140,7480,7140,24971,183303790,209475000000,28500000
20210824,008420,문배철강,KOSPI,,4610,210,4.77,4465,4650,4465,177109,812416050,94521158050,20503505
20210824,025560,미래산업,KOSPI,,14300,150,1.06,14250,14500,14200,36482,523297350,63663700100,4452007
20210824,007120,미래아이앤지,KOSPI,,564,16,2.92,549,575,549,853386,482726475,73029059472,129484148
20210824,357250,미래에셋맵스리츠,KOSPI,,4990,5,0.10,4975,4990,4975,21711,108105970,100299000000,20100000
20210824,085620,미래에셋생명,KOSPI,,4345,95,2.24,4295,4365,4255,171853,744748340,769135341205,177016189
20210824,006800,미래에셋증권,KOSPI,,8740,220,2.58,8600,8780,8600,1322915,11553110920,5552665405920,635316408
20210824,00680K,미래에셋증권2우B,KOSPI,,4625,65,1.43,4590,4650,4590,404095,1868012260,647500000000,140000000
20210824,006805,미래에셋증권우,KOSPI,,6040,190,3.25,6000,6070,5900,32931,198155510,85017530000,14075750
20210824,002840,미원상사,KOSPI,,206000,500,0.24,207500,207500,205000,897,184787000,1023820000000,4970000
20210824,268280,미원에스씨,KOSPI,,186000,-500,-0.27,187500,189500,185500,764,143212000,948600000000,5100000
20210824,107590,미원홀딩스,KOSPI,,129000,2500,1.98,128500,129000,126500,1320,168861000,299280000000,2320000
20210824,134380,미원화학,KOSPI,,79800,-100,-0.13,80100,80100,79800,145,11580800,175501586400,2199268
20210824,003650,미창석유,KOSPI,,79400,1400,1.79,79000,80000,78500,625,49553100,138129956800,1739672
20210824,155900,바다로19호,KOSPI,,2785,5,0.18,2795,2795,2775,21218,59088060,42332011140,15200004
20210824,003610,방림,KOSPI,,2330,80,3.56,2240,2340,2240,73766,169283515,98591829700,42314090
20210824,001340,백광산업,KOSPI,,5610,110,2.00,5590,5790,5500,669303,3769690810,251992263270,44918407
20210824,035150,백산,KOSPI,,8580,300,3.62,8300,8620,8280,543168,4578951620,207636000000,24200000
20210824,002410,범양건영,KOSPI,,8830,170,1.96,8780,9350,8650,3450816,30959600990,219266401060,24831982
20210824,096300,베트남개발1,KOSPI,,230,2,0.88,228,230,227,127494,29174810,31666448530,137680211
20210824,007210,벽산,KOSPI,,3680,130,3.66,3595,3785,3590,481021,1767389970,252300800000,68560000
20210824,002760,보락,KOSPI,,2330,115,5.19,2245,2355,2240,1292403,2993965285,139567000000,59900000
20210824,003850,보령제약,KOSPI,,17900,250,1.42,17950,17950,17500,506268,8988647100,1229551000000,68690000
20210824,000890,보해양조,KOSPI,,1020,15,1.49,1015,1030,1000,2652105,2688343045,139521698580,136785979
20210824,003000,부광약품,KOSPI,,20350,350,1.75,20100,20750,19850,2151796,43571712400,1446133047150,71063049
20210824,001270,부국증권,KOSPI,,24500,100,0.41,24400,24550,24300,2966,72426700,254062207000,10369886
20210824,001275,부국증권우,KOSPI,,22650,0,0.00,22700,22700,22650,2095,47478950,67950000000,3000000
20210824,026940,부국철강,KOSPI,,5650,180,3.29,5500,5800,5500,785272,4440376260,113000000000,20000000
20210824,015350,부산가스,KOSPI,,59300,900,1.54,58400,60100,58400,3464,205261800,652300000000,11000000
20210824,011390,부산산업,KOSPI,,133000,1000,0.76,134000,135000,131500,5666,757750000,140448000000,1056000
20210824,005030,부산주공,KOSPI,,517,7,1.37,511,521,510,280500,144541788,29391200289,56849517
20210824,002070,비비안,KOSPI,,3290,75,2.33,3235,3320,3235,162034,531700030,98022227100,29793990
20210824,100220,비상교육,KOSPI,,9990,410,4.28,9580,10000,9580,94713,934231430,129837442590,12996741
20210824,030790,비케이탑스,KOSPI,,7480,680,10.00,6700,7770,6700,357380,2631108270,109775253280,14675836
20210824,005180,빙그레,KOSPI,,57400,0,0.00,57800,58000,56200,29216,1679183500,565461233400,9851241
20210824,003960,사조대림,KOSPI,,29900,2000,7.17,28100,29950,28100,161435,4718631550,274017563300,9164467
20210824,008040,사조동아원,KOSPI,,1390,40,2.96,1380,1420,1360,1692809,2360871195,196190994000,141144600
20210824,007160,사조산업,KOSPI,,58700,1400,2.44,57100,59300,57100,25597,1496602900,293500000000,5000000
20210824,014710,사조씨푸드,KOSPI,,5580,200,3.72,5400,5610,5400,59108,327086670,96079469940,17218543
20210824,006090,사조오양,KOSPI,,10700,400,3.88,10300,10800,10300,28508,303730150,100823307300,9422739
20210824,001470,삼부토건,KOSPI,,2715,65,2.45,2665,2750,2650,1546128,4185324070,373438389120,137546368
20210824,006400,삼성SDI,KOSPI,,770000,-28000,-3.51,806000,811000,746000,522225,407101493000,52948688100000,68764530
20210824,006405,삼성SDI우,KOSPI,,423500,-5500,-1.28,434500,439000,410000,9227,3926609500,685178956000,1617896
20210824,006660,삼성공조,KOSPI,,21100,1500,7.65,19600,22800,19300,1264747,26432445150,171465225400,8126314
20210824,028260,삼성물산,KOSPI,,131500,2500,1.94,129500,132000,129500,253293,33201994000,24575651151500,186887081
20210824,02826K,삼성물산우B,KOSPI,,127500,1000,0.79,127500,128000,126000,7719,981927500,207496687500,1627425
20210824,207940,삼성바이오로직스,KOSPI,,956000,-53000,-5.25,1013000,1014000,945000,319689,307857574000,63253740000000,66165000
20210824,032830,삼성생명,KOSPI,,73900,1800,2.50,72400,74300,72200,350241,25719361000,14780000000000,200000000
20210824,018260,삼성에스디에스,KOSPI,,171500,2500,1.48,170000,173000,170000,98235,16841531000,13270292700000,77377800
20210824,028050,삼성엔지니어링,KOSPI,,21500,500,2.38,21450,21850,21250,1778739,38327491700,4214000000000,196000000
20210824,009150,삼성전기,KOSPI,,171500,3000,1.78,171500,173000,169500,395260,67880915500,12809968864000,74693696
20210824,009155,삼성전기우,KOSPI,,98000,2300,2.40,97000,98600,97000,9369,918997600,284884432000,2906984
20210824,005930,삼성전자,KOSPI,,75600,2300,3.14,73900,75700,73900,21016913,1574547628640,451315560780000,5969782550
20210824,005935,삼성전자우,KOSPI,,71000,2500,3.65,69300,71000,69100,1510163,105749570900,58424955700000,822886700
20210824,001360,삼성제약,KOSPI,,7160,260,3.77,6920,7210,6920,1304348,9275335260,480880485640,67162079
20210824,010140,삼성중공업,KOSPI,,6080,220,3.75,5900,6130,5900,3389764,20519162860,3830400000000,630000000
20210824,010145,삼성중공우,KOSPI,,261000,0,0.00,262500,268000,260000,1501,393032500,29974545000,114845
20210824,016360,삼성증권,KOSPI,,47300,1250,2.71,46350,47350,46350,458329,21562602200,4223890000000,89300000
20210824,068290,삼성출판사,KOSPI,,42000,400,0.96,42050,42700,41600,277982,11716193450,420000000000,10000000
20210824,029780,삼성카드,KOSPI,,33850,150,0.45,33750,34000,33700,135622,4595768350,3921823460350,115858891
20210824,000810,삼성화재,KOSPI,,223500,2000,0.90,223500,225000,220500,120974,26945245500,10588276069500,47374837
20210824,000815,삼성화재우,KOSPI,,167500,2500,1.52,166500,167500,165000,11763,1961749500,534660000000,3192000
20210824,006110,삼아알미늄,KOSPI,,23050,2700,13.27,20500,25200,20250,5840430,134810424650,253550000000,11000000
20210824,145990,삼양사,KOSPI,,62900,600,0.96,63000,63300,62600,12384,779529800,648715942100,10313449
20210824,145995,삼양사우,KOSPI,,44100,1100,2.56,44500,44500,43200,410,18144200,16320087000,370070
20210824,003230,삼양식품,KOSPI,,82200,1600,1.99,80600,83300,80600,24230,1993936300,619213833000,7533015
20210824,002170,삼양통상,KOSPI,,68600,-100,-0.15,69000,69200,68000,5240,359847000,205800000000,3000000
20210824,272550,삼양패키징,KOSPI,,29800,700,2.41,29150,29850,29150,21025,622861700,423452159200,14209804
20210824,000070,삼양홀딩스,KOSPI,,103000,2000,1.98,102000,104500,101500,21664,2234362000,882119913000,8564271
20210824,000075,삼양홀딩스우,KOSPI,,70300,1300,1.88,69400,70900,69000,944,66023600,21375277400,304058
20210824,002810,삼영무역,KOSPI,,16000,500,3.23,15600,16000,15600,6783,107661150,295471168000,18466948
20210824,005680,삼영전자,KOSPI,,12500,350,2.88,12750,14000,12450,911377,11916077800,250000000000,20000000
20210824,003720,삼영화학,KOSPI,,3040,90,3.05,2970,3070,2970,283206,857867365,103360000000,34000000
20210824,023000,삼원강재,KOSPI,,3260,100,3.16,3160,3260,3160,31550,101751115,130400000000,40000000
20210824,004380,삼익THK,KOSPI,,12100,200,1.68,11900,12150,11900,23265,279637850,254100000000,21000000
20210824,002450,삼익악기,KOSPI,,1890,10,0.53,1895,1910,1885,198056,375777420,171103429350,90530915
20210824,004440,삼일씨엔에스,KOSPI,,11900,250,2.15,11850,12000,11650,25070,298040350,151510169300,12731947
20210824,000520,삼일제약,KOSPI,,9310,160,1.75,9200,9340,9140,152623,1412618260,124855125220,13410862
20210824,009770,삼정펄프,KOSPI,,31200,700,2.30,30500,31200,30500,1250,38462500,77999095200,2499971
20210824,005500,삼진제약,KOSPI,,27350,800,3.01,26850,28500,26600,127354,3471738350,380165000000,13900000
20210824,004690,삼천리,KOSPI,,86700,2400,2.85,84700,88000,84300,11911,1027332700,351570667500,4055025
20210824,010960,삼호개발,KOSPI,,5420,190,3.63,5230,5420,5230,122720,660144740,135500000000,25000000
20210824,004450,삼화왕관,KOSPI,,42900,0,0.00,43400,44000,42900,372,16120600,92422859100,2154379
20210824,009470,삼화전기,KOSPI,,31300,700,2.29,30650,31600,30500,48435,1506074350,207012566000,6613820
20210824,011230,삼화전자,KOSPI,,3740,145,4.03,3630,3790,3620,27856,102343155,39112695600,10457940
20210824,001820,삼화콘덴서,KOSPI,,59000,800,1.37,58900,59300,58100,40623,2386860800,613305000000,10395000
20210824,000390,삼화페인트,KOSPI,,10250,100,0.99,10450,10450,10150,66571,685808400,278835557250,27203469
20210824,001290,상상인증권,KOSPI,,1190,25,2.15,1175,1205,1175,164178,195751615,115512269460,97069134
20210824,041650,상신브레이크,KOSPI,,4250,120,2.91,4215,4280,4155,110592,466411785,91253662500,21471450
20210824,075180,새론오토모티브,KOSPI,,6430,10,0.16,6400,6590,6350,15886,102248210,123456000000,19200000
20210824,007540,샘표,KOSPI,,46100,1050,2.33,46000,46600,45050,9217,425289600,132574380000,2875800
20210824,248170,샘표식품,KOSPI,,46000,-750,-1.60,47500,47800,45750,58123,2705901650,210141156000,4568286
20210824,007860,서연,KOSPI,,13250,1050,8.61,12400,13350,12300,471433,6114635700,311107933000,23479844
20210824,200880,서연이화,KOSPI,,7150,260,3.77,6910,7190,6910,128291,913175180,193253324550,27028437
20210824,017390,서울가스,KOSPI,,142500,-1000,-0.70,143500,146500,142000,5749,828281000,712500000000,5000000
20210824,004410,서울식품,KOSPI,,371,10,2.77,361,380,361,10199305,3788381414,137238071369,369913939
20210824,004415,서울식품우,KOSPI,,4960,10,0.20,4950,5050,4900,3580,17798150,11033520000,2224500
20210824,021050,서원,KOSPI,,2610,95,3.78,2525,2625,2525,558931,1445334225,123908679900,47474590
20210824,008490,서흥,KOSPI,,52700,400,0.76,52500,53100,52400,21678,1140433600,609692255100,11569113
20210824,007610,선도전기,KOSPI,,3710,160,4.51,3550,3715,3550,166232,607327370,66780000000,18000000
20210824,136490,선진,KOSPI,,14450,800,5.86,13950,14700,13700,603780,8593944600,343615277800,23779604
20210824,014910,성문전자,KOSPI,,2510,110,4.58,2495,2565,2455,208665,523708760,48912011070,19486857
20210824,014915,성문전자우,KOSPI,,9340,40,0.43,9500,9550,9320,2471,23321490,5604000000,600000
20210824,003080,성보화학,KOSPI,,4260,120,2.90,4140,4265,4140,72154,305793445,85285200000,20020000
20210824,004980,성신양회,KOSPI,,10000,240,2.46,9780,10050,9770,253685,2526747700,245160730000,24516073
20210824,004985,성신양회우,KOSPI,,15600,350,2.30,15000,16650,14850,109164,1713750750,11476062000,735645
20210824,011300,성안,KOSPI,,787,0,0.00,0,0,0,0,0,44747135820,56857860
20210824,000180,성창기업지주,KOSPI,,2605,65,2.56,2550,2630,2550,200625,522628485,181702918000,69751600
20210824,002420,세기상사,KOSPI,,6160,0,0.00,0,0,0,0,0,25107667200,4075920
20210824,004360,세방,KOSPI,,13450,450,3.46,13100,13450,13050,103987,1375970400,259701880500,19308690
20210824,004365,세방우,KOSPI,,8010,-30,-0.37,8000,8020,7970,2175,17397170,29550892500,3689250
20210824,004490,세방전지,KOSPI,,81500,800,0.99,81200,82500,80900,37862,3095722400,1141000000000,14000000
20210824,001430,세아베스틸,KOSPI,,28200,2150,8.25,26350,28400,26350,156205,4324523200,1011311755800,35862119
20210824,306200,세아제강,KOSPI,,105500,3000,2.93,103500,108500,103500,31038,3284894500,299229650000,2836300
20210824,003030,세아제강지주,KOSPI,,115000,8500,7.98,106500,119000,105000,103928,11793850500,476290555000,4141657
20210824,019440,세아특수강,KOSPI,,15900,550,3.58,15400,16000,15350,15923,251894000,136263000000,8570000
20210824,058650,세아홀딩스,KOSPI,,106000,3500,3.41,105500,107000,103500,2122,222772500,424000000000,4000000
20210824,013000,세우글로벌,KOSPI,,2470,0,0.00,0,0,0,0,0,70901426570,28705031
20210824,091090,세원이앤씨,KOSPI,,908,40,4.61,870,920,868,1320731,1194825298,132123162628,145510091
20210824,021820,세원정공,KOSPI,,8090,0,0.00,0,0,0,0,0,80900000000,10000000
20210824,067830,세이브존I&C,KOSPI,,3340,135,4.21,3285,3345,3240,44237,146576355,137076589300,41040895
20210824,033530,세종공업,KOSPI,,9670,210,2.22,9570,9780,9510,302694,2926980940,269028692870,27820961
20210824,075580,세진중공업,KOSPI,,6120,140,2.34,5950,6280,5950,285226,1754581770,347918670720,56849456
20210824,027970,세하,KOSPI,,1855,55,3.06,1815,1865,1810,284088,523457085,106779359435,57562997
20210824,308170,센트랄모텍,KOSPI,,23500,950,4.21,22900,23650,22700,34512,802904750,202335000000,8610000
20210824,012600,센트럴인사이트,KOSPI,,2490,0,0.00,0,0,0,0,0,33838831080,13589892
20210824,068270,셀트리온,KOSPI,,282500,-1500,-0.53,288000,288500,279500,701570,198979297500,38966557270000,137934716
20210824,336370,솔루스첨단소재,KOSPI,,61200,-900,-1.45,63400,64200,59400,470914,29032786700,1872093189600,30589758
20210824,33637K,솔루스첨단소재1우,KOSPI,,17750,50,0.28,17950,18150,17500,22079,394317250,130753600000,7366400
20210824,33637L,솔루스첨단소재2우B,KOSPI,,30600,50,0.16,31450,31450,30450,5458,167743300,50369130000,1646050
20210824,248070,솔루엠,KOSPI,,27200,1300,5.02,26300,27400,26050,648169,17348748950,1354710987200,49805551
20210824,004430,송원산업,KOSPI,,17850,600,3.48,17300,18000,17300,131961,2338450600,428400000000,24000000
20210824,017550,수산중공업,KOSPI,,3375,100,3.05,3280,3405,3260,676711,2264888220,182199925125,53985163
20210824,053210,스카이라이프,KOSPI,,10300,590,6.08,9770,10350,9770,203235,2056602340,492566249800,47821966
20210824,134790,시디즈,KOSPI,,70300,200,0.29,70300,71900,69900,1593,112114800,140600000000,2000000
20210824,016590,신대양제지,KOSPI,,91300,-2100,-2.25,92600,94800,89700,13380,1230575500,367919096600,4029782
20210824,029530,신도리코,KOSPI,,31300,800,2.62,30500,31550,30500,27583,857436800,315504907700,10080029
20210824,004970,신라교역,KOSPI,,12250,350,2.94,11900,12250,11800,21458,258325850,196000000000,16000000
20210824,011930,신성이엔지,KOSPI,,2270,50,2.25,2245,2310,2230,1670157,3795207835,463020128750,203973625
20210824,005390,신성통상,KOSPI,,3580,-30,-0.83,3610,3685,3525,1636609,5892948255,514476036200,143708390
20210824,004170,신세계,KOSPI,,262000,13000,5.22,251500,263000,251500,99034,25739128500,2579437422000,9845181
20210824,035510,신세계 I&C,KOSPI,,228500,1000,0.44,230000,234500,226000,21369,4905247000,393020000000,1720000
20210824,034300,신세계건설,KOSPI,,43000,3000,7.50,40800,44800,40350,47225,2027348500,172000000000,4000000
20210824,031430,신세계인터내셔날,KOSPI,,189500,7000,3.84,185000,193000,185000,33139,6312145500,1353030000000,7140000
20210824,031440,신세계푸드,KOSPI,,97700,2500,2.63,96300,98700,95100,20834,2023915100,378341296000,3872480
20210824,006880,신송홀딩스,KOSPI,,5910,20,0.34,5870,5990,5750,340247,1999330460,69908550780,11828858
20210824,005800,신영와코루,KOSPI,,119000,-500,-0.42,119000,119000,116500,608,71930000,107100000000,900000
20210824,001720,신영증권,KOSPI,,63400,1100,1.77,63000,63400,62600,3672,231823100,595087425800,9386237
20210824,001725,신영증권우,KOSPI,,64200,1500,2.39,64000,70300,62500,11894,781384600,452851584600,7053763
20210824,009270,신원,KOSPI,,2400,-35,-1.44,2435,2490,2355,8377379,20394656670,204101997600,85042499
20210824,009275,신원우,KOSPI,,47900,-500,-1.03,47100,48500,47100,1432,68304250,4346446000,90740
20210824,002700,신일전자,KOSPI,,1815,50,2.83,1775,1830,1775,2510064,4537487655,128951250615,71047521
20210824,019170,신풍제약,KOSPI,,66300,900,1.38,65500,68000,65500,1090117,72386442600,3512904837000,52984990
20210824,019175,신풍제약우,KOSPI,,93400,100,0.11,94500,97500,92700,42260,3981018400,205480000000,2200000
20210824,002870,신풍제지,KOSPI,,2785,150,5.69,2635,2795,2630,105340,290049535,97359979500,34958700
20210824,293940,신한알파리츠,KOSPI,,8080,30,0.37,8050,8090,8050,41943,338655830,422827393840,52330123
20210824,055550,신한지주,KOSPI,,38650,1200,3.20,37850,38650,37750,1262833,48398034113,19966572762100,516599554
20210824,004080,신흥,KOSPI,,17300,500,2.98,16900,17800,16900,42105,726769750,164350000000,9500000
20210824,102280,쌍방울,KOSPI,,727,23,3.27,711,728,707,4136852,2983943955,190904477783,262592129
20210824,003410,쌍용C&E,KOSPI,,7970,120,1.53,7880,8020,7880,645628,5137093670,4015760972150,503859595
20210824,003620,쌍용차,KOSPI,,2770,0,0.00,0,0,0,0,0,415056805540,149840002
20210824,004770,써니전자,KOSPI,,3185,80,2.58,3110,3220,3110,360268,1146341610,110981360035,34845011
20210824,015540,쎌마테라퓨틱스,KOSPI,,6410,0,0.00,0,0,0,0,0,86229499400,13452340
20210824,004920,씨아이테크,KOSPI,,1010,10,1.00,1025,1030,1000,266709,270945260,40351236190,39951719
20210824,112610,씨에스윈드,KOSPI,,72600,700,0.97,72400,73900,72000,345525,25173695000,3061643857800,42171403
20210824,008700,아남전자,KOSPI,,2665,155,6.18,2550,2710,2535,2771284,7243283400,205537645300,77124820
20210824,002790,아모레G,KOSPI,,56900,2100,3.83,55100,57400,55100,123487,7010982400,4691870442000,82458180
20210824,00279K,아모레G3우(전환),KOSPI,,39600,600,1.54,39400,39950,39000,17387,687921250,280851120000,7092200
20210824,002795,아모레G우,KOSPI,,21300,650,3.15,20650,21500,20650,12944,274006750,137252301000,6443770
20210824,090430,아모레퍼시픽,KOSPI,,225500,7500,3.44,219500,228500,219500,179541,40349156500,13182389495000,58458490
20210824,090435,아모레퍼시픽우,KOSPI,,79700,2100,2.71,77800,79900,77800,18548,1471870700,841459051000,10557830
20210824,002030,아세아,KOSPI,,128000,4000,3.23,124000,128500,124000,2581,328497000,280451072000,2191024
20210824,183190,아세아시멘트,KOSPI,,126000,3500,2.86,123500,126500,122000,10219,1276828000,490871934000,3895809
20210824,002310,아세아제지,KOSPI,,49700,2000,4.19,47650,51000,47650,51590,2545473300,445138149400,8956502
20210824,012170,아센디오,KOSPI,,2010,-95,-4.51,2085,2085,1960,384976,771339690,127653483960,63509196
20210824,267850,아시아나IDT,KOSPI,,19250,1450,8.15,18550,20000,18300,92739,1774687800,213675000000,11100000
20210824,020560,아시아나항공,KOSPI,,20100,1800,9.84,18700,20450,18550,7126062,141154262050,1495676456400,74411764
20210824,122900,아이마켓코리아,KOSPI,,11300,-50,-0.44,11400,11550,11200,268701,3052548250,377745892000,33428840
20210824,010780,아이에스동서,KOSPI,,49600,700,1.43,48900,50200,48900,57506,2857909250,1532273257600,30892606
20210824,139990,아주스틸,KOSPI,,32500,100,0.31,34200,35000,31500,3685396,123386552100,859696142500,26452189
20210824,001780,알루코,KOSPI,,4175,120,2.96,4070,4240,4070,1023385,4279427835,349382290675,83684381
20210824,018250,애경산업,KOSPI,,24150,800,3.43,23500,24200,23500,70679,1693525000,637799930250,26409935
20210824,161000,애경유화,KOSPI,,12050,100,0.84,12000,12200,11900,232422,2797125450,386082000000,32040000
20210824,011090,에넥스,KOSPI,,2515,80,3.29,2460,2530,2445,910665,2274660300,150878977115,59991641
20210824,137310,에스디바이오센서,KOSPI,,52400,1600,3.15,51200,52800,50700,1879344,97212286300,5411418897200,103271353
20210824,005850,에스엘,KOSPI,,26600,600,2.31,26000,26750,26000,222277,5878110900,1282207168200,48203277
20210824,012750,에스원,KOSPI,,81500,200,0.25,81400,81800,81300,51502,4199587300,3096933007000,37999178
20210824,023960,에쓰씨엔지니어링,KOSPI,,5070,195,4.00,4925,5230,4840,507867,2567974305,146171076090,28830587
20210824,298690,에어부산,KOSPI,,2725,115,4.41,2700,2780,2645,273366,741376920,223640750000,82070000
20210824,140910,에이리츠,KOSPI,,10700,600,5.94,10100,10700,10100,48109,501194650,45126073000,4217390
20210824,078520,에이블씨엔씨,KOSPI,,8150,310,3.95,7940,8150,7860,112053,900628070,220322690850,27033459
20210824,015260,에이엔피,KOSPI,,2260,-30,-1.31,2350,2365,2215,480069,1094629660,50480284340,22336409
20210824,007460,에이프로젠 MED,KOSPI,,2020,70,3.59,1960,2025,1955,1995065,3983553545,402293564600,199155230
20210824,003060,에이프로젠제약,KOSPI,,1135,50,4.61,1100,1140,1095,840799,944331415,452383495545,398575767
20210824,244920,에이플러스에셋,KOSPI,,11000,-50,-0.45,11050,11350,10850,361914,4016021350,248684623000,22607693
20210824,036570,엔씨소프트,KOSPI,,847000,23000,2.79,829000,853000,822000,148646,124816444625,18595056634000,21954022
20210824,138250,엔에스쇼핑,KOSPI,,14800,150,1.02,14850,15300,14500,305291,4508744150,498700800000,33696000
20210824,380440,엔에이치스팩19호,KOSPI,,2205,5,0.23,2205,2210,2200,159728,352265595,113094450000,51290000
20210824,085310,엔케이,KOSPI,,1100,35,3.29,1065,1100,1065,381539,414672375,87981687200,79983352
20210824,009810,엔케이물산,KOSPI,,717,5,0.70,712,724,708,795604,568554531,56957913570,79439210
20210824,900140,엘브이엠씨홀딩스,KOSPI,,3500,355,11.29,3190,3700,3185,9158051,32641402270,348093539500,99455297
20210824,097520,엠씨넥스,KOSPI,,43400,200,0.46,43550,44250,43250,88091,3857893250,778130838800,17929282
20210824,014440,영보화학,KOSPI,,4655,180,4.02,4490,4695,4490,371964,1713989615,93100000000,20000000
20210824,111770,영원무역,KOSPI,,41050,1400,3.53,39750,41650,39750,187653,7700829550,1818985761400,44311468
20210824,009970,영원무역홀딩스,KOSPI,,45400,900,2.02,44900,45500,44650,9673,438253550,619055876800,13635592
20210824,003520,영진약품,KOSPI,,5340,330,6.59,5030,5380,5030,929319,4870393790,976647183540,182892731
20210824,000670,영풍,KOSPI,,655000,2000,0.31,653000,668000,648000,1477,975664000,1206536200000,1842040
20210824,006740,영풍제지,KOSPI,,6940,160,2.36,6800,6980,6800,60427,417788920,154068000000,22200000
20210824,012280,영화금속,KOSPI,,1805,75,4.34,1745,1870,1745,3117936,5693515870,96377081525,53394505
20210824,012160,영흥,KOSPI,,1090,50,4.81,1045,1095,1045,568899,616136985,110428305480,101310372
20210824,015360,예스코홀딩스,KOSPI,,37400,750,2.05,36700,37650,36150,3176,116966700,224400000000,6000000
20210824,007310,오뚜기,KOSPI,,528000,21000,4.14,510000,530000,509000,6839,3572939000,1938805968000,3671981
20210824,002630,오리엔트바이오,KOSPI,,1215,65,5.65,1150,1220,1150,845043,1018625430,144078351075,118583005
20210824,271560,오리온,KOSPI,,126000,6000,5.00,121500,126500,120500,329474,41081877500,4981552632000,39536132
20210824,001800,오리온홀딩스,KOSPI,,15950,350,2.24,15650,16000,15600,105032,1667953400,999194480900,62645422
20210824,011690,와이투솔루션,KOSPI,,2440,0,0.00,0,0,0,0,0,359254954280,147235637
20210824,070960,용평리조트,KOSPI,,5300,120,2.32,5190,5350,5180,185528,978607190,255106664900,48133333
20210824,316140,우리금융지주,KOSPI,,10950,250,2.34,10800,11000,10750,2153553,23495153750,7908831128850,722267683
20210824,033660,우리금융캐피탈,KOSPI,,11500,0,0.00,0,0,0,0,0,661777735000,57545890
20210824,118000,우리들휴브레인,KOSPI,,1560,50,3.31,1515,1575,1515,367241,570753675,125890134240,80698804
20210824,010050,우리종금,KOSPI,,915,26,2.92,893,918,891,3543447,3224336397,799896116490,874203406
20210824,006980,우성사료,KOSPI,,31600,1000,3.27,30600,31900,30600,18699,589317450,97644000000,3090000
20210824,017370,우신시스템,KOSPI,,4500,180,4.17,4350,4530,4240,62924,277443995,82413243000,18314054
20210824,105840,우진,KOSPI,,7580,310,4.26,7300,7660,7300,324823,2453193480,154052994120,20323614
20210824,010400,우진아이엔에스,KOSPI,,8310,170,2.09,8230,8450,8180,15213,125760560,63338820000,7622000
20210824,049800,우진플라임,KOSPI,,4535,115,2.60,4465,4555,4435,56057,252595970,90700000000,20000000
20210824,016880,웅진,KOSPI,,2480,70,2.90,2460,2555,2425,1905444,4734117465,198219158400,79927080
20210824,095720,웅진씽크빅,KOSPI,,3515,110,3.23,3435,3520,3435,389924,1362059910,406003537275,115505985
20210824,005820,원림,KOSPI,,21300,700,3.40,20800,21300,20750,3717,78305000,48946761000,2297970
20210824,010600,웰바이오텍,KOSPI,,2255,-70,-3.01,2330,2340,2200,1445034,3247471665,132317185220,58677244
20210824,008600,윌비스,KOSPI,,2060,120,6.19,1960,2070,1960,781541,1592466530,135490138720,65771912
20210824,033270,유나이티드제약,KOSPI,,50900,1250,2.52,50200,51600,49900,116234,5892456700,826861439800,16244822
20210824,014830,유니드,KOSPI,,137000,22000,19.13,117500,141500,116500,2336961,312181750000,1217908491000,8889843
20210824,000910,유니온,KOSPI,,6610,210,3.28,6410,6650,6410,110669,727786530,103192801590,15611619
20210824,047400,유니온머티리얼,KOSPI,,3340,140,4.38,3205,3370,3205,222992,740338170,140280000000,42000000
20210824,011330,유니켐,KOSPI,,1605,35,2.23,1575,1615,1575,849024,1356467185,110280100515,68710343
20210824,077500,유니퀘스트,KOSPI,,10500,300,2.94,10250,10700,10250,129373,1358500050,286956862500,27329225
20210824,002920,유성기업,KOSPI,,3420,70,2.09,3350,3425,3350,66946,227366120,88740450000,25947500
20210824,000700,유수홀딩스,KOSPI,,5890,190,3.33,5720,5970,5720,102559,601539450,153386272680,26041812
20210824,003470,유안타증권,KOSPI,,4260,155,3.78,4130,4260,4130,474324,2006383945,850281413760,199596576
20210824,003475,유안타증권우,KOSPI,,4415,130,3.03,4285,4430,4285,56780,248561890,57007415980,12912212
20210824,072130,유엔젤,KOSPI,,4370,60,1.39,4350,4440,4310,143015,625077085,57664133980,13195454
20210824,000220,유유제약,KOSPI,,8600,350,4.24,8300,8740,8290,223386,1916690150,148198218600,17232351
20210824,000225,유유제약1우,KOSPI,,11250,100,0.90,11050,11700,11050,48880,555033800,25502962500,2266930
20210824,000227,유유제약2우B,KOSPI,,23050,800,3.60,22250,23200,22250,1179,26763000,7504158000,325560
20210824,001200,유진투자증권,KOSPI,,3960,125,3.26,3865,3980,3865,366575,1447350225,383591015280,96866418
20210824,000100,유한양행,KOSPI,,60800,200,0.33,60800,61100,60200,175489,10645296300,4254355907200,69972959
20210824,000105,유한양행우,KOSPI,,57900,300,0.52,57600,58000,57600,596,34445200,68376426000,1180940
20210824,003460,유화증권,KOSPI,,2685,70,2.68,2680,2690,2615,53448,142348865,152245984275,56702415
20210824,003465,유화증권우,KOSPI,,2745,75,2.81,2700,2750,2700,2982,8140935,47972786625,17476425
20210824,008730,율촌화학,KOSPI,,19550,550,2.89,19050,19550,19050,40223,780793250,484840000000,24800000
20210824,008250,이건산업,KOSPI,,13100,450,3.56,12800,13200,12800,220722,2874180500,143479518500,10952635
20210824,025820,이구산업,KOSPI,,3780,180,5.00,3650,3830,3650,420559,1582728655,126410760000,33442000
20210824,214320,이노션,KOSPI,,58300,1000,1.75,57600,58600,57600,36316,2115776600,1166000000000,20000000
20210824,088260,이리츠코크렙,KOSPI,,5800,20,0.35,5830,5840,5770,80517,468219290,367381222000,63341590
20210824,139480,이마트,KOSPI,,178500,6000,3.48,176000,179500,174000,279785,49770579500,4975833691500,27875819
20210824,007660,이수페타시스,KOSPI,,3990,235,6.26,3900,4100,3850,2651633,10631227610,164660908020,41268398
20210824,005950,이수화학,KOSPI,,12700,900,7.63,12200,12900,12200,866586,10913281900,355086208800,27959544
20210824,015020,이스타코,KOSPI,,4225,-130,-2.99,4430,4480,4120,4016778,17276921705,181048010000,42851600
20210824,093230,이아이디,KOSPI,,510,7,1.39,503,513,502,25531445,12971520124,426147434550,835583205
20210824,074610,이엔플러스,KOSPI,,3830,-65,-1.67,3875,3920,3775,450051,1722838510,196572011550,51324285
20210824,102460,이연제약,KOSPI,,58200,-1000,-1.69,60000,61200,58000,648775,38486117800,1047517181400,17998577
20210824,084680,이월드,KOSPI,,2855,140,5.16,2745,2880,2745,478818,1362345305,311276127680,109028416
20210824,350520,이지스레지던스리츠,KOSPI,,5030,10,0.20,5040,5040,5020,42224,212347650,103618000000,20600000
20210824,334890,이지스밸류리츠,KOSPI,,5630,0,0.00,5640,5650,5590,62217,349836820,135120000000,24000000
20210824,000760,이화산업,KOSPI,,17950,500,2.87,17600,18200,17600,5989,106524900,50260000000,2800000
20210824,014990,인디에프,KOSPI,,1575,20,1.29,1575,1595,1540,398938,626973945,92819467125,58932995
20210824,101140,인바이오젠,KOSPI,,4585,15,0.33,4570,4730,4455,3029535,13840907925,236409005245,51561397
20210824,006490,인스코비,KOSPI,,4545,150,3.41,4400,4565,4380,6629103,29704030755,489704901885,107745853
20210824,023800,인지컨트롤스,KOSPI,,14200,550,4.03,13700,14500,13700,103281,1462899650,215273817600,15160128
20210824,034590,인천도시가스,KOSPI,,27950,150,0.54,27800,27950,27800,1743,48572450,122274374300,4374754
20210824,129260,인터지스,KOSPI,,3425,170,5.22,3255,3440,3255,151459,508994380,101886468450,29747874
20210824,023810,인팩,KOSPI,,12300,450,3.80,11950,13400,11900,206551,2615189500,123000000000,10000000
20210824,249420,일동제약,KOSPI,,14350,500,3.61,13850,14400,13850,58711,833194400,341577139750,23803285
20210824,000230,일동홀딩스,KOSPI,,13400,700,5.51,12700,13400,12700,15354,201709150,154641360000,11540400
20210824,013360,일성건설,KOSPI,,3375,185,5.80,3190,3410,3190,1290546,4298538310,182333970000,54024880
20210824,003120,일성신약,KOSPI,,81100,1300,1.63,80000,81800,79500,2255,181571400,215726000000,2660000
20210824,003200,일신방직,KOSPI,,105000,2500,2.44,103000,106000,103000,5356,559332000,252000000000,2400000
20210824,007110,일신석재,KOSPI,,2630,30,1.15,2630,2665,2580,3283056,8612024565,203710884300,77456610
20210824,007570,일양약품,KOSPI,,33300,1950,6.22,31550,33600,31550,182880,6004902800,635552611200,19085664
20210824,007575,일양약품우,KOSPI,,32400,1600,5.19,31100,32500,31100,1995,63856550,14420592000,445080
20210824,008500,일정실업,KOSPI,,18200,-50,-0.27,18350,18400,18200,3039,55601400,21840000000,1200000
20210824,081000,일진다이아,KOSPI,,48800,-950,-1.91,51000,51000,48200,551701,27451700050,693105180000,14202975
20210824,020760,일진디스플,KOSPI,,4150,110,2.72,4240,4240,4115,96765,403119235,143043386900,34468286
20210824,020150,일진머티리얼즈,KOSPI,,75900,100,0.13,76000,78300,73500,382867,29194025300,3499812376500,46110835
20210824,103590,일진전기,KOSPI,,5490,230,4.37,5300,5540,5260,457457,2496291040,203571341100,37080390
20210824,015860,일진홀딩스,KOSPI,,6300,580,10.14,5810,6350,5810,2697961,16836661030,310889142900,49347483
20210824,226320,잇츠한불,KOSPI,,22400,1000,4.67,21450,22400,21450,23528,519950500,491216656000,21929315
20210824,317400,자이에스앤디,KOSPI,,9550,150,1.60,9530,9720,9390,164842,1577523890,370373066000,38782520
20210824,033240,자화전자,KOSPI,,16700,50,0.30,16500,17300,16400,356382,5937457400,298930000000,17900000
20210824,000950,전방,KOSPI,,38900,1250,3.32,37850,38900,37800,1983,76130150,65352000000,1680000
20210824,348950,제이알글로벌리츠,KOSPI,,5270,0,0.00,5260,5280,5250,444183,2337251630,872712000000,165600000
20210824,194370,제이에스코퍼레이션,KOSPI,,19650,-50,-0.25,19750,20000,19450,46945,928169000,262044559650,13335601
20210824,025620,제이준코스메틱,KOSPI,,1365,45,3.41,1270,1370,1270,1642116,2181859680,78736112910,57682134
20210824,036420,제이콘텐트리,KOSPI,,40000,1600,4.17,39000,40150,38900,147184,5829782450,705633840000,17640846
20210824,030000,제일기획,KOSPI,,23000,250,1.10,22750,23250,22750,206468,4746900300,2645948175000,115041225
20210824,271980,제일약품,KOSPI,,39350,2000,5.35,40300,44300,38850,427210,17719955600,578636713200,14704872
20210824,001560,제일연마,KOSPI,,7790,150,1.96,7680,8430,7600,127601,999706900,77900000000,10000000
20210824,002620,제일파마홀딩스,KOSPI,,19250,950,5.19,18400,21450,18400,87738,1763766750,307487083750,15973355
20210824,006220,제주은행,KOSPI,,6570,470,7.70,6120,7440,6120,2402371,16746479430,211086045180,32128774
20210824,089590,제주항공,KOSPI,,22250,1500,7.23,21150,22300,21150,165122,3629071700,856616433750,38499615
20210824,004910,조광페인트,KOSPI,,7190,180,2.57,7050,7290,7050,17228,123377470,92032000000,12800000
20210824,004700,조광피혁,KOSPI,,52500,900,1.74,51700,53000,51500,3038,158983100,349079745000,6649138
20210824,001550,조비,KOSPI,,28050,850,3.13,27350,28050,26750,314305,8598321900,145642303950,5192239
20210824,000480,조선내화,KOSPI,,87200,1100,1.28,86100,98300,86100,26228,2429982900,348800000000,4000000
20210824,120030,조선선재,KOSPI,,110000,3500,3.29,106000,110000,106000,3437,373043000,138341610000,1257651
20210824,018470,조일알미늄,KOSPI,,1430,190,15.32,1265,1470,1245,26745936,37607489340,146763361030,102631721
20210824,002600,조흥,KOSPI,,191500,500,0.26,191000,196000,191000,201,38515000,114900000000,600000
20210824,185750,종근당,KOSPI,,127000,4500,3.67,125500,128000,124000,46814,5911964000,1451114573000,11426099
20210824,063160,종근당바이오,KOSPI,,51500,2200,4.46,49450,51700,49450,47370,2408585050,282527043000,5485962
20210824,001630,종근당홀딩스,KOSPI,,93200,2100,2.31,92500,93300,91400,6521,605292200,466919045200,5009861
20210824,044380,주연테크,KOSPI,,1415,65,4.81,1350,1435,1350,837126,1177797360,77276105935,54612089
20210824,013890,지누스,KOSPI,,81300,-200,-0.25,81500,82000,79900,85211,6909051500,1284576585000,15800450
20210824,013870,지엠비코리아,KOSPI,,6360,230,3.75,6190,6400,6190,45204,284523010,121299700800,19072280
20210824,071320,지역난방공사,KOSPI,,40250,500,1.26,40000,40350,39500,5272,211675650,466044446000,11578744
20210824,010580,지코,KOSPI,,306,0,0.00,0,0,0,0,0,19761980616,64581636
20210824,035000,지투알,KOSPI,,6330,110,1.77,6280,6350,6200,28216,176908650,104871698970,16567409
20210824,088790,진도,KOSPI,,3650,80,2.24,3585,3715,3585,39778,146169095,45434265600,12447744
20210824,003780,진양산업,KOSPI,,5890,260,4.62,5700,5910,5660,284242,1649639690,76570000000,13000000
20210824,010640,진양폴리,KOSPI,,3650,80,2.24,3605,3670,3585,25651,93105015,36500000000,10000000
20210824,100250,진양홀딩스,KOSPI,,3090,60,1.98,3030,3100,3030,55039,169182160,172716452280,55895292
20210824,051630,진양화학,KOSPI,,3945,80,2.07,3900,3945,3865,31572,123822910,47340000000,12000000
20210824,272450,진에어,KOSPI,,20700,1050,5.34,20000,21000,19900,498472,10314162650,931500000000,45000000
20210824,011000,진원생명과학,KOSPI,,36100,1100,3.14,35000,36600,34400,2448694,86833298600,1632135438800,45211508
20210824,002780,진흥기업,KOSPI,,2275,95,4.36,2195,2280,2190,969819,2174487135,330948219875,145471745
20210824,002787,진흥기업2우B,KOSPI,,15850,100,0.63,16000,16000,15700,3189,50726000,4672706800,294808
20210824,002785,진흥기업우B,KOSPI,,6070,30,0.50,6080,6220,6070,2364,14556340,5203313260,857218
20210824,009310,참엔지니어링,KOSPI,,1440,55,3.97,1395,1440,1390,211627,299931305,79961132160,55528564
20210824,000650,천일고속,KOSPI,,70200,1600,2.33,68600,70800,68600,716,49961700,100331244000,1429220
20210824,033250,체시스,KOSPI,,1500,60,4.17,1500,1520,1475,110469,164542305,48000000000,32000000
20210824,035720,카카오,KOSPI,,149000,500,0.34,150000,150500,148000,2032632,302686879000,66261363860000,444707140
20210824,323410,카카오뱅크,KOSPI,,85400,-4400,-4.90,90000,90000,84700,6553145,565588294800,40573560239800,475100237
20210824,006380,카프로,KOSPI,,4070,135,3.43,3945,4125,3945,251088,1016314005,162800000000,40000000
20210824,109070,컨버즈,KOSPI,,4100,0,0.00,0,0,0,0,0,66185504600,16142806
20210824,001620,케이비아이동국실업,KOSPI,,1200,45,3.90,1195,1235,1155,1157804,1386978255,104661572400,87217977
20210824,029460,케이씨,KOSPI,,23950,1050,4.59,23050,23950,22950,42277,1001999200,324619353800,13554044
20210824,281820,케이씨텍,KOSPI,,25400,950,3.89,25000,25400,24700,88967,2240303300,529883522400,20861556
20210824,145270,케이탑리츠,KOSPI,,1480,145,10.86,1370,1505,1355,2126536,3086775340,68411707960,46224127
20210824,357120,코람코에너지리츠,KOSPI,,5980,10,0.17,5930,5990,5930,114167,680689280,416327600000,69620000
20210824,007815,코리아써우,KOSPI,,7420,30,0.41,7410,7490,7340,5928,44054470,21997999800,2964690
20210824,007810,코리아써키트,KOSPI,,14600,50,0.34,14750,15000,14300,469616,6896591200,344862964600,23620751
20210824,00781K,코리아써키트2우B,KOSPI,,8830,40,0.46,8880,8880,8800,1377,12162570,6920062170,783699
20210824,003690,코리안리,KOSPI,,9090,180,2.02,8940,9130,8940,128664,1166056620,1094155264440,120369116
20210824,192820,코스맥스,KOSPI,,124000,5000,4.20,120000,128000,120000,74906,9313199500,1407339116000,11349509
20210824,044820,코스맥스비티아이,KOSPI,,18000,750,4.35,17200,18150,17200,21734,381082750,172870578000,9603921
20210824,005070,코스모신소재,KOSPI,,43500,-3150,-6.75,46700,47150,42250,2330602,104266828750,1308779671500,30086889
20210824,005420,코스모화학,KOSPI,,19250,-850,-4.23,19850,23150,18500,15926056,333091982250,534508724750,27766687
20210824,071950,코아스,KOSPI,,1310,50,3.97,1300,1315,1280,135283,176158700,40488445100,30907210
20210824,002020,코오롱,KOSPI,,30450,900,3.05,29650,30900,29650,62959,1905139900,384474671700,12626426
20210824,003070,코오롱글로벌,KOSPI,,20850,350,1.71,20850,21100,20600,123435,2573834700,525637632300,25210438
20210824,003075,코오롱글로벌우,KOSPI,,31500,0,0.00,31550,32900,31500,1061,33693250,9853294500,312803
20210824,144620,코오롱머티리얼,KOSPI,,3075,0,0.00,0,0,0,0,0,211125302625,68658635
20210824,002025,코오롱우,KOSPI,,20000,800,4.17,19200,20000,19200,5076,100418800,21527800000,1076390
20210824,120110,코오롱인더,KOSPI,,76000,3700,5.12,73900,76700,73300,328376,24809443600,2050391840000,26978840
20210824,120115,코오롱인더우,KOSPI,,32700,1100,3.48,31900,33000,31900,16244,529609150,90509022000,2767860
20210824,138490,코오롱플라스틱,KOSPI,,7020,150,2.18,6960,7160,6920,140663,991597600,266760000000,38000000
20210824,021240,코웨이,KOSPI,,74900,400,0.54,74600,75500,74300,162918,12187353100,5527591463100,73799619
20210824,031820,콤텍시스템,KOSPI,,1065,40,3.90,1040,1075,1035,695844,737214675,72261811290,67851466
20210824,192400,쿠쿠홀딩스,KOSPI,,132000,0,0.00,0,0,0,0,0,938841684000,7112437
20210824,284740,쿠쿠홈시스,KOSPI,,41550,250,0.61,41150,42050,41150,24681,1029174150,932271061500,22437330
20210824,015590,큐로,KOSPI,,523,23,4.60,498,525,498,811562,419188018,120923686674,231211638
20210824,264900,크라운제과,KOSPI,,10850,500,4.83,10350,10850,10350,32245,344390800,135883772500,12523850
20210824,26490K,크라운제과우,KOSPI,,15450,450,3.00,15100,15700,14750,17850,274389200,11951502000,773560
20210824,005740,크라운해태홀딩스,KOSPI,,9620,320,3.44,9310,9660,9310,31753,301566330,142831478140,14847347
20210824,005745,크라운해태홀딩스우,KOSPI,,15500,350,2.31,15350,15500,15200,2067,31676650,9311253000,600726
20210824,259960,크래프톤,KOSPI,,460000,-24500,-5.06,487500,489000,455000,651528,303669472500,22493112200000,48898070
20210824,020120,키다리스튜디오,KOSPI,,14650,1050,7.72,13750,14700,13600,133296,1908406900,485527838800,33141832
20210824,039490,키움증권,KOSPI,,118500,2000,1.72,117500,119000,116500,64977,7693940000,3105886066500,26210009
20210824,014580,태경비케이,KOSPI,,5990,250,4.36,5820,6380,5740,3545396,21671888380,165222769000,27583100
20210824,015890,태경산업,KOSPI,,6170,200,3.35,6060,6220,6060,153339,942415360,180341387500,29228750
20210824,006890,태경케미컬,KOSPI,,15350,500,3.37,15250,15500,15100,197512,3025136800,178060000000,11600000
20210824,003240,태광산업,KOSPI,,1034000,12000,1.17,1019000,1055000,1019000,1117,1160027000,1151255600000,1113400
20210824,011280,태림포장,KOSPI,,4590,125,2.80,4505,4595,4505,139143,634381285,324999264600,70805940
20210824,004100,태양금속,KOSPI,,1675,-10,-0.59,1755,1800,1635,4265031,7393201545,61472500000,36700000
20210824,004105,태양금속우,KOSPI,,3515,55,1.59,3580,3775,3440,172837,635103050,11599500000,3300000
20210824,009410,태영건설,KOSPI,,11600,350,3.11,11350,11650,11300,55833,643487150,451229536800,38899098
20210824,009415,태영건설우,KOSPI,,13900,500,3.73,13500,14300,13400,16672,231870600,18099773800,1302142
20210824,001420,태원물산,KOSPI,,4995,195,4.06,5100,5100,4920,62037,310715195,37962000000,7600000
20210824,007980,태평양물산,KOSPI,,2385,25,1.06,2370,2410,2355,224267,536938185,114836764995,48149587
20210824,055490,테이팩스,KOSPI,,74500,2100,2.90,72900,78300,72800,153163,11570742200,351464925000,4717650
20210824,078000,텔코웨어,KOSPI,,11450,150,1.33,11300,11650,11300,8792,100709550,111095983700,9702706
20210824,214420,토니모리,KOSPI,,7570,330,4.56,7240,7570,7240,114522,851515910,139164767970,18383721
20210824,019180,티에이치엔,KOSPI,,3485,145,4.34,3350,3495,3350,104305,361193560,62730000000,18000000
20210824,363280,티와이홀딩스,KOSPI,,29700,750,2.59,29200,29850,29100,72083,2137969950,1193096965500,40171615
20210824,36328K,티와이홀딩스우,KOSPI,,24800,200,0.81,24950,25000,24200,4091,101533100,31132382400,1255338
20210824,091810,티웨이항공,KOSPI,,3640,240,7.06,3555,3640,3490,1202023,4290125195,401602215560,110330279
20210824,004870,티웨이홀딩스,KOSPI,,1240,60,5.08,1270,1270,1205,223479,276115425,96047297520,77457498
20210824,005690,파미셀,KOSPI,,16300,200,1.24,16300,16600,16200,593898,9737397250,977330885000,59958950
20210824,036580,팜스코,KOSPI,,6230,200,3.32,6100,6350,6100,266737,1661494250,228815084890,36727943
20210824,004720,팜젠사이언스,KOSPI,,9840,480,5.13,9350,9970,9350,267391,2594170620,144775260720,14712933
20210824,028670,팬오션,KOSPI,,8160,20,0.25,8280,8350,8030,9555908,78352047560,4362087217920,534569512
20210824,010820,퍼스텍,KOSPI,,2330,55,2.42,2275,2345,2275,201913,468553535,111983201800,48061460
20210824,016800,퍼시스,KOSPI,,37400,900,2.47,36300,37550,36300,8247,306726650,430100000000,11500000
20210824,001020,페이퍼코리아,KOSPI,,2020,100,5.21,1965,2030,1960,30458,60797750,76279912660,37762333
20210824,090080,평화산업,KOSPI,,1515,20,1.34,1500,1560,1490,346362,526202225,83176922385,54902259
20210824,010770,평화홀딩스,KOSPI,,4225,165,4.06,4060,4250,4060,25177,104552540,61792593850,14625466
20210824,058430,포스코강판,KOSPI,,64800,4900,8.18,61000,66800,60800,243008,15609936600,388800000000,6000000
20210824,047050,포스코인터내셔널,KOSPI,,21500,400,1.90,21500,22450,21400,1332689,29033936400,2652565703500,123375149
20210824,003670,포스코케미칼,KOSPI,,142000,3000,2.16,142000,144500,138000,396354,56035431500,10999777240000,77463220
20210824,007630,폴루스바이오팜,KOSPI,,1225,0,0.00,0,0,0,0,0,55134426375,45007695
20210824,017810,풀무원,KOSPI,,17150,450,2.69,16800,17300,16800,65034,1113358600,653767278150,38120541
20210824,103140,풍산,KOSPI,,34650,1200,3.59,33850,34750,33850,177779,6130204600,971041232700,28024278
20210824,005810,풍산홀딩스,KOSPI,,28200,900,3.30,27300,28200,27300,61105,1709056100,293548689600,10409528
20210824,950210,프레스티지바이오파마,KOSPI,,31100,1500,5.07,29800,31250,29750,357101,10965838400,1868990420500,60096155
20210824,086790,하나금융지주,KOSPI,,44250,1650,3.87,43650,44300,43200,1132801,49718873350,13285711243500,300242062
20210824,293480,하나제약,KOSPI,,22000,850,4.02,21450,22950,21300,284199,6282331800,391004812000,17772946
20210824,039130,하나투어,KOSPI,,74800,5300,7.63,71900,74800,71600,230297,17044977200,1042651038000,13939185
20210824,172580,하이골드12호,KOSPI,,2650,0,0.00,2650,2650,2635,17183,45415125,34567925000,13044500
20210824,153360,하이골드3호,KOSPI,,2065,65,3.25,2010,2065,2010,22144,45057905,33349316350,16149790
20210824,352820,하이브,KOSPI,,288500,5000,1.76,286000,292000,286000,132347,38325217500,11266160704500,39050817
20210824,071090,하이스틸,KOSPI,,3465,290,9.13,3180,3495,3180,1210444,4083689860,69298059600,19999440
20210824,019490,하이트론,KOSPI,,5470,140,2.63,6000,6100,5080,1183499,6693140870,40047751680,7321344
20210824,000080,하이트진로,KOSPI,,32300,1800,5.90,30900,32900,30900,533470,17190541300,2265315635300,70133611
20210824,000087,하이트진로2우B,KOSPI,,20600,800,4.04,20150,20650,20050,5186,105795250,23280842800,1130138
20210824,000140,하이트진로홀딩스,KOSPI,,14100,500,3.68,13900,14250,13800,22627,318384150,327215386500,23206765
20210824,000145,하이트진로홀딩스우,KOSPI,,17650,350,2.02,17200,17950,17200,1114,19560950,8309796500,470810
20210824,152550,한국ANKOR유전,KOSPI,,1570,5,0.32,1565,1575,1565,2688,4226245,109931400000,70020000
20210824,036460,한국가스공사,KOSPI,,35250,1400,4.14,34050,35350,34000,342894,11987152600,3254033250000,92313000
20210824,005430,한국공항,KOSPI,,50600,2850,5.97,48850,51000,47800,50425,2530245950,160217563000,3166355
20210824,071050,한국금융지주,KOSPI,,93400,2500,2.75,91900,93900,91500,204742,19019371700,5204807652800,55725992
20210824,071055,한국금융지주우,KOSPI,,70300,1900,2.78,69000,70500,68600,25833,1803427200,411835045300,5858251
20210824,010040,한국내화,KOSPI,,4190,125,3.08,4065,4280,4065,95050,397990375,172070989780,41067062
20210824,025540,한국단자,KOSPI,,79500,200,0.25,80000,80800,78300,69050,5490135000,827992500000,10415000
20210824,004090,한국석유,KOSPI,,13200,400,3.13,12950,13250,12850,39508,517776550,167562384000,12694120
20210824,002200,한국수출포장,KOSPI,,26350,800,3.13,26000,26750,26000,22424,593244200,105400000000,4000000
20210824,002960,한국쉘석유,KOSPI,,266000,3000,1.14,261500,267500,261500,2432,644227500,345800000000,1300000
20210824,000240,한국앤컴퍼니,KOSPI,,17500,100,0.57,17450,17650,17300,134544,2353122950,1661366700000,94935240
20210824,123890,한국자산신탁,KOSPI,,4420,95,2.20,4330,4450,4330,156158,686240410,547981663840,123977752
20210824,015760,한국전력,KOSPI,,24150,200,0.84,24000,24250,24000,1333512,32230825150,15503432459550,641964077
20210824,006200,한국전자홀딩스,KOSPI,,1265,35,2.85,1250,1280,1240,349252,440626240,59205967040,46803136
20210824,009540,한국조선해양,KOSPI,,119500,4000,3.46,116500,120000,116000,427675,50557126500,8457387362000,70773116
20210824,023350,한국종합기술,KOSPI,,8100,190,2.40,7920,8170,7920,64016,518425130,88695000000,10950000
20210824,025890,한국주강,KOSPI,,2665,245,10.12,2455,2850,2450,1172897,3206145415,30139175235,11309259
20210824,000970,한국주철관,KOSPI,,9860,140,1.44,9730,9880,9730,65536,644022530,224812930000,22800500
20210824,104700,한국철강,KOSPI,,9800,410,4.37,9500,9850,9480,277177,2700635410,451290000000,46050000
20210824,017960,한국카본,KOSPI,,10450,450,4.50,10150,10450,10100,325654,3367757000,459389910650,43960757
20210824,161890,한국콜마,KOSPI,,47800,1700,3.69,46500,47950,46500,109420,5199548000,1093720404000,22881180
20210824,024720,한국콜마홀딩스,KOSPI,,24050,1200,5.25,23100,24100,23050,67710,1614992700,446770091950,18576719
20210824,161390,한국타이어앤테크놀로지,KOSPI,,46150,900,1.99,45300,46250,45300,230747,10601682150,5716834434350,123875069
20210824,034830,한국토지신탁,KOSPI,,2350,45,1.95,2320,2350,2310,897029,2092853105,593349690500,252489230
20210824,007280,한국특강,KOSPI,,3550,50,1.43,3550,3585,3530,99346,353727580,189010789800,53242476
20210824,168490,한국패러랠,KOSPI,,2055,25,1.23,2030,2065,2030,17960,36562560,164441100000,80020000
20210824,010100,한국프랜지,KOSPI,,3100,185,6.35,2935,3120,2925,410753,1257852610,94396302000,30450420
20210824,047810,한국항공우주,KOSPI,,32150,850,2.72,31800,32150,31500,282249,8999847500,3133824690050,97475107
20210824,123690,한국화장품,KOSPI,,9930,350,3.65,9580,9970,9580,43657,430332080,159555240000,16068000
20210824,003350,한국화장품제조,KOSPI,,29650,750,2.60,28800,29950,28800,10987,324273000,134373800000,4532000
20210824,011500,한농화성,KOSPI,,13650,100,0.74,13950,14000,13500,151594,2093972500,213445623300,15637042
20210824,002390,한독,KOSPI,,25500,400,1.59,25400,25500,25150,20256,513244050,350970091500,13763533
20210824,014790,한라,KOSPI,,5140,210,4.26,4930,5170,4930,91348,466345275,199817201880,38874942
20210824,060980,한라홀딩스,KOSPI,,44900,1100,2.51,43850,45150,43850,41395,1848460100,470195943000,10472070
20210824,053690,한미글로벌,KOSPI,,11150,200,1.83,11000,11300,10950,90845,1015983050,122176682500,10957550
20210824,042700,한미반도체,KOSPI,,34400,1200,3.61,34300,34450,33400,449693,15320882800,1701419768800,49459877
20210824,008930,한미사이언스,KOSPI,,73800,1900,2.64,72200,74300,72000,139795,10240375200,4967080291800,67304611
20210824,128940,한미약품,KOSPI,,308500,7000,2.32,304500,311000,304000,34978,10743075000,3726149997000,12078282
20210824,009240,한샘,KOSPI,,112000,1000,0.90,111500,113500,109500,72284,8076168000,2635799936000,23533928
20210824,020000,한섬,KOSPI,,37900,1300,3.55,36700,38350,36700,64294,2430429300,933477000000,24630000
20210824,003680,한성기업,KOSPI,,7690,290,3.92,7430,7720,7430,32441,246817000,47751170350,6209515
20210824,105630,한세실업,KOSPI,,20950,900,4.49,20400,21150,20200,274273,5722660400,838000000000,40000000
20210824,069640,한세엠케이,KOSPI,,7460,360,5.07,7340,7660,7140,166054,1242133050,96303542120,12909322
20210824,016450,한세예스24홀딩스,KOSPI,,9320,270,2.98,9060,9330,9040,218971,2019984200,372800000000,40000000
20210824,010420,한솔PNS,KOSPI,,2160,55,2.61,2150,2180,2110,564333,1212404325,44264905920,20493012
20210824,009180,한솔로지스틱스,KOSPI,,4655,145,3.22,4700,4785,4515,3759089,17515448215,127907413375,27477425
20210824,213500,한솔제지,KOSPI,,17200,-150,-0.86,17550,17700,17100,281208,4880843300,409369907200,23800576
20210824,014680,한솔케미칼,KOSPI,,289500,4500,1.58,286000,295000,285500,45130,13098629500,3281538952500,11335195
20210824,004710,한솔테크닉스,KOSPI,,7240,210,2.99,7050,7320,7050,136751,989804210,232475516720,32109878
20210824,004150,한솔홀딩스,KOSPI,,4045,45,1.13,4000,4065,3995,123941,499596115,169924693965,42008577
20210824,025750,한솔홈데코,KOSPI,,1890,50,2.72,1845,1910,1845,1264392,2379276295,152268131610,80565149
20210824,004960,한신공영,KOSPI,,21450,1050,5.15,20500,21800,20500,91401,1923603850,248191557900,11570702
20210824,011700,한신기계,KOSPI,,3070,140,4.78,2995,3085,2975,903788,2744152875,99609683570,32446151
20210824,001750,한양증권,KOSPI,,19150,700,3.79,18650,19500,18450,147764,2823971700,243751426100,12728534
20210824,001755,한양증권우,KOSPI,,22450,550,2.51,21900,22650,21850,7370,164261300,11786250000,525000
20210824,018880,한온시스템,KOSPI,,15800,400,2.60,15550,15900,15500,881725,13897944600,8434040000000,533800000
20210824,009420,한올바이오파마,KOSPI,,22800,600,2.70,22450,23300,22400,525263,11962505700,1191086546400,52240638
20210824,014130,한익스프레스,KOSPI,,6570,270,4.29,6380,6570,6380,40927,265928350,78840000000,12000000
20210824,300720,한일시멘트,KOSPI,,202000,4000,2.02,197000,203000,196000,26682,5302515500,1399083108000,6926154
20210824,002220,한일철강,KOSPI,,2970,165,5.88,2830,2970,2820,147411,430826360,79291456200,26697460
20210824,006390,한일현대시멘트,KOSPI,,33050,800,2.48,32350,33350,32350,9559,315883100,587448381750,17774535
20210824,003300,한일홀딩스,KOSPI,,12900,50,0.39,12850,13100,12850,28046,363577900,371723562000,28815780
20210824,051600,한전KPS,KOSPI,,37700,850,2.31,37000,37950,37000,163528,6129983500,1696500000000,45000000
20210824,052690,한전기술,KOSPI,,47100,2500,5.61,45150,47650,45050,328156,15262234050,1800162000000,38220000
20210824,130660,한전산업,KOSPI,,12250,750,6.52,11700,12400,11700,1453593,17504665550,399350000000,32600000
20210824,002320,한진,KOSPI,,39100,650,1.69,38450,39350,38450,34230,1334610250,584452254800,14947628
20210824,097230,한진중공업,KOSPI,,8540,250,3.02,8290,8580,8240,285831,2425517550,711162359740,83274281
20210824,003480,한진중공업홀딩스,KOSPI,,4960,40,0.81,4920,5000,4760,194404,950744585,146467867520,29529812
20210824,180640,한진칼,KOSPI,,66100,3100,4.92,63200,66900,63200,146745,9607761100,4411432366500,66738765
20210824,18064K,한진칼우,KOSPI,,39050,0,0.00,40300,40300,38000,8993,349099100,20960712300,536766
20210824,005110,한창,KOSPI,,1405,30,2.18,1400,1420,1385,848581,1188153100,93840327945,66790269
20210824,009460,한창제지,KOSPI,,2235,90,4.20,2160,2245,2160,469600,1042028640,133356831210,59667486
20210824,372910,한컴라이프케어,KOSPI,,11750,-100,-0.84,11750,12050,11200,2437240,28886303050,325174270500,27674406
20210824,000880,한화,KOSPI,,32550,550,1.72,32000,32650,31850,961375,31145283550,2439906824250,74958735
20210824,00088K,한화3우B,KOSPI,,15550,150,0.97,15450,15600,15400,49111,761192950,349439600000,22472000
20210824,088350,한화생명,KOSPI,,3365,120,3.70,3255,3365,3255,2741917,9146261020,2922603450000,868530000
20210824,000370,한화손해보험,KOSPI,,4215,115,2.80,4140,4235,4140,304922,1279926960,492054526725,116738915
20210824,009830,한화솔루션,KOSPI,,38050,650,1.74,37900,38600,37750,706085,26903756900,7278146810850,191278497
20210824,009835,한화솔루션우,KOSPI,,45400,1000,2.25,44650,45900,44200,3874,175328850,51017659800,1123737
20210824,272210,한화시스템,KOSPI,,18850,400,2.17,18700,19200,18400,2300358,43242368050,3561130482650,188919389
20210824,012450,한화에어로스페이스,KOSPI,,48300,500,1.05,48000,48800,47900,285392,13788584250,2445429000000,50630000
20210824,000885,한화우,KOSPI,,41650,150,0.36,41400,41750,41400,852,35379100,19962595100,479294
20210824,003530,한화투자증권,KOSPI,,4485,85,1.93,4440,4540,4360,5412293,24070007625,962246770875,214547775
20210824,003535,한화투자증권우,KOSPI,,15900,1300,8.90,15200,16400,15050,578734,9149323400,76320000000,4800000
20210824,195870,해성디에스,KOSPI,,40950,1550,3.93,39950,40950,39600,186587,7496654700,696150000000,17000000
20210824,101530,해태제과식품,KOSPI,,8980,300,3.46,8740,8980,8700,33751,300573990,261469061560,29116822
20210824,143210,핸즈코퍼레이션,KOSPI,,5580,220,4.10,5460,5630,5460,14671,81366940,121997035440,21863268
20210824,000720,현대건설,KOSPI,,50700,1600,3.26,50000,51100,49850,586680,29731183100,5645737285500,111355765
20210824,267270,현대건설기계,KOSPI,,48800,1400,2.95,47550,49250,47550,70808,3444341650,961398698400,19700793
20210824,000725,현대건설우,KOSPI,,181500,2000,1.11,180000,182000,179000,579,104612500,17942364000,98856
20210824,005440,현대그린푸드,KOSPI,,9690,250,2.65,9470,9720,9470,285212,2753259130,946756430580,97704482
20210824,086280,현대글로비스,KOSPI,,183000,3000,1.67,180500,185000,180500,92398,16881589000,6862500000000,37500000
20210824,064350,현대로템,KOSPI,,23950,700,3.01,23900,24200,23600,1155044,27556349000,2613957917350,109142293
20210824,079430,현대리바트,KOSPI,,17350,650,3.89,16800,17500,16800,74949,1291975050,356287142700,20535282
20210824,012330,현대모비스,KOSPI,,262500,2500,0.96,264000,266000,261500,228095,60085610000,24883187175000,94793094
20210824,010620,현대미포조선,KOSPI,,77800,3600,4.85,75500,78300,75400,363372,28189850200,3107499192200,39942149
20210824,069960,현대백화점,KOSPI,,79300,1600,2.06,78500,80200,78400,123410,9789301700,1855813571300,23402441
20210824,004560,현대비앤지스틸,KOSPI,,18600,850,4.79,18050,18800,18050,128040,2371122050,280465884600,15078811
20210824,004565,현대비앤지스틸우,KOSPI,,81000,1200,1.50,79800,81600,79800,1241,100414800,8898012000,109852
20210824,004310,현대약품,KOSPI,,6260,190,3.13,6090,6290,6090,132742,826563270,200320000000,32000000
20210824,322000,현대에너지솔루션,KOSPI,,25900,700,2.78,25200,26150,25200,30848,798378000,290080000000,11200000
20210824,017800,현대엘리베이,KOSPI,,49900,750,1.53,49900,50400,49250,319669,15924116750,2036678030900,40815191
20210824,307950,현대오토에버,KOSPI,,114500,3000,2.69,113000,116000,112500,84895,9722571000,3140045939000,27423982
20210824,011210,현대위아,KOSPI,,84100,1300,1.57,84000,85500,83000,210321,17718185000,2287106480300,27195083
20210824,267260,현대일렉트릭,KOSPI,,23300,800,3.56,22700,23550,22700,315936,7351353800,839898245500,36047135
20210824,004020,현대제철,KOSPI,,47650,1650,3.59,46500,47850,46500,706089,33444868200,6358691655250,133445785
20210824,267250,현대중공업지주,KOSPI,,65800,2000,3.13,65000,66200,64900,158514,10384734300,5197744993000,78993085
20210824,005380,현대차,KOSPI,,209500,5500,2.70,206000,211000,206000,745430,155397620000,44763485176500,213668187
20210824,005387,현대차2우B,KOSPI,,98400,800,0.82,98100,99500,97700,81302,8010609600,3590168378400,36485451
20210824,005389,현대차3우B,KOSPI,,95000,1100,1.17,94300,95200,94000,13397,1270693200,230729825000,2428735
20210824,005385,현대차우,KOSPI,,98400,1000,1.03,98300,99200,97500,105762,10403498800,2396697804000,24356685
20210824,001500,현대차증권,KOSPI,,12500,300,2.46,12300,12500,12200,89981,1117991050,396407025000,31712562
20210824,011760,현대코퍼레이션,KOSPI,,18100,750,4.32,17400,18100,17400,45521,817619650,239444284600,13228966
20210824,227840,현대코퍼레이션홀딩스,KOSPI,,13700,150,1.11,13550,14050,13550,79483,1101049000,124681453200,9100836
20210824,126560,현대퓨처넷,KOSPI,,4340,165,3.95,4190,4340,4190,300864,1293059095,489884426640,112876596
20210824,001450,현대해상,KOSPI,,25850,600,2.38,25500,26050,25450,530594,13677265200,2310990000000,89400000
20210824,057050,현대홈쇼핑,KOSPI,,72900,1400,1.96,73000,73800,72200,32133,2348276000,874800000000,12000000
20210824,093240,형지엘리트,KOSPI,,4470,105,2.41,4410,4470,4360,200668,884324895,139261947060,31154798
20210824,003010,혜인,KOSPI,,5910,210,3.68,5700,5910,5700,83358,486683640,75132334770,12712747
20210824,111110,호전실업,KOSPI,,12200,350,2.95,11900,12300,11750,25454,308807200,97600000000,8000000
20210824,008770,호텔신라,KOSPI,,88600,3800,4.48,86500,89200,86400,492903,43557165400,3477383520600,39248121
20210824,008775,호텔신라우,KOSPI,,93500,2900,3.20,91600,94900,91500,11982,1119091200,70300686500,751879
20210824,002460,화성산업,KOSPI,,12150,300,2.53,11900,12250,11900,32306,389678900,151277220000,12450800
20210824,378850,화승알앤에이,KOSPI,,6100,180,3.04,6270,6530,5970,83243,512342610,115861100300,18993623
20210824,241590,화승엔터프라이즈,KOSPI,,14950,300,2.05,14650,15100,14650,107184,1598796000,905533534750,60570805
20210824,006060,화승인더,KOSPI,,6750,150,2.27,6660,6790,6640,216299,1459530510,373410000000,55320000
20210824,013520,화승코퍼레이션,KOSPI,,2760,200,7.81,2695,3080,2690,2799366,8002141025,138141455520,50051252
20210824,010690,화신,KOSPI,,8230,0,0.00,8410,8440,8120,376169,3117997290,287394974300,34920410
20210824,133820,화인베스틸,KOSPI,,2695,160,6.31,2545,2740,2545,218255,584796580,79637250000,29550000
20210824,010660,화천기계,KOSPI,,2700,120,4.65,2600,2715,2595,140015,370550310,59400000000,22000000
20210824,000850,화천기공,KOSPI,,37350,700,1.91,36850,37450,36850,7044,262426650,82170000000,2200000
20210824,016580,환인제약,KOSPI,,19700,350,1.81,19350,19850,19300,53539,1052434000,366421379000,18600070
20210824,032560,황금에스티,KOSPI,,9070,390,4.49,8700,9140,8700,166903,1499233640,145120000000,16000000
20210824,004800,효성,KOSPI,,112500,1500,1.35,112500,114500,111500,75920,8586792000,2370490312500,21071025
20210824,094280,효성ITX,KOSPI,,21750,400,1.87,21350,22050,21350,19438,424290100,251390850000,11558200
20210824,298040,효성중공업,KOSPI,,66500,1800,2.78,66100,67600,65500,78159,5191442200,620082442000,9324548
20210824,298050,효성첨단소재,KOSPI,,545000,14000,2.64,545000,561000,532000,75480,41308264000,2441571660000,4479948
20210824,298020,효성티앤씨,KOSPI,,734000,9000,1.24,730000,747000,722000,43260,31809337000,3176518588000,4327682
20210824,298000,효성화학,KOSPI,,335500,16500,5.17,322000,340000,322000,46653,15537113000,1070287273000,3190126
20210824,093370,후성,KOSPI,,14600,300,2.10,14500,15250,14350,6241121,92356995150,1352059557400,92606819
20210824,081660,휠라홀딩스,KOSPI,,45750,1600,3.62,44900,46250,44650,425379,19456322850,2779414156500,60752222
20210824,005870,휴니드,KOSPI,,7880,90,1.16,7820,8010,7750,207716,1635155900,111234198200,14116015
20210824,079980,휴비스,KOSPI,,10300,390,3.94,10150,10400,10100,89005,914735550,355350000000,34500000
20210824,005010,휴스틸,KOSPI,,14600,900,6.57,13800,14700,13800,212044,3060157550,111774169000,7655765
20210824,069260,휴켐스,KOSPI,,24050,350,1.48,23850,24400,23850,235334,5673528350,983130041400,40878588
20210824,000540,흥국화재,KOSPI,,3945,175,4.64,3770,3965,3770,92184,358008225,253437234525,64242645
20210824,000547,흥국화재2우B,KOSPI,,26700,800,3.09,26000,26950,25950,1601,42140000,4101120000,153600
20210824,000545,흥국화재우,KOSPI,,10300,640,6.63,9660,10300,9660,10471,104877290,7910400000,768000
20210824,003280,흥아해운,KOSPI,,1035,0,0.00,0,0,0,0,0,247494403980,239125028
20210824,060310,3S,KOSDAQ,중견기업부,3315,105,3.27,3230,3330,3200,269153,882475040,153390065595,46271513
20210824,054620,APS홀딩스,KOSDAQ,중견기업부,19000,-150,-0.78,19450,19650,18650,98776,1883035850,387490199000,20394221
20210824,265520,AP시스템,KOSDAQ,우량기업부,28400,1350,4.99,27300,28400,27300,200659,5628111800,411238446800,14480227
20210824,211270,AP위성,KOSDAQ,벤처기업부,14400,150,1.05,14400,14800,14400,93244,1358787250,217185177600,15082304
20210824,013720,CBI,KOSDAQ,중견기업부,4040,50,1.25,3990,4120,3940,191355,781086650,204819011000,50697775
20210824,035760,CJ ENM,KOSDAQ,우량기업부,150100,3100,2.11,149000,150800,148000,111023,16634490000,3291566015400,21929154
20210824,051500,CJ프레시웨이,KOSDAQ,중견기업부,34550,1250,3.75,33600,34600,33600,80274,2751899550,410163296300,11871586
20210824,058820,CMG제약,KOSDAQ,우량기업부,4485,120,2.75,4410,4525,4400,702790,3140598450,622931714340,138892244
20210824,023460,CNH,KOSDAQ,벤처기업부,3610,125,3.59,3535,3675,3495,122273,440279905,134292000000,37200000
20210824,056730,CNT85,KOSDAQ,관리종목(소속부없음),1550,0,0.00,0,0,0,0,0,109591063600,70703912
20210824,056000,COWON,KOSDAQ,투자주의환기종목(소속부없음),2860,0,0.00,0,0,0,0,0,56399843500,19720225
20210824,065770,CS,KOSDAQ,벤처기업부,5120,90,1.79,5110,5160,5030,252972,1287815930,99384985600,19411130
20210824,083660,CSA 코스믹,KOSDAQ,관리종목(소속부없음),1555,55,3.67,1505,1560,1505,85031,130924055,58987547270,37934114
20210824,367340,DB금융스팩8호,KOSDAQ,SPAC(소속부없음),2190,0,0.00,2195,2195,2175,27566,60023540,13249500000,6050000
20210824,367360,DB금융스팩9호,KOSDAQ,SPAC(소속부없음),2190,-5,-0.23,2210,2210,2180,37548,82165355,10599600000,4840000
20210824,068790,DMS,KOSDAQ,우량기업부,7710,320,4.33,7460,7790,7430,195090,1498345650,189458300310,24573061
20210824,241520,DSC인베스트먼트,KOSDAQ,벤처기업부,5880,60,1.03,5830,6060,5750,4538018,26789553720,163531049640,27811403
20210824,245620,EDGC,KOSDAQ,기술성장기업부,4180,135,3.34,4045,4210,4045,300513,1247669530,349817102360,83688302
20210824,037370,EG,KOSDAQ,중견기업부,11650,750,6.88,10950,12050,10950,132579,1536325400,87375000000,7500000
20210824,079190,EMW,KOSDAQ,관리종목(소속부없음),2780,0,0.00,0,0,0,0,0,88360067660,31784197
20210824,050120,ES큐브,KOSDAQ,중견기업부,4910,170,3.59,4860,4980,4795,39213,191740595,66599662260,13564086
20210824,130500,GH신소재,KOSDAQ,중견기업부,7160,200,2.87,6950,7170,6950,530398,3761361060,78760000000,11000000
20210824,900290,GRT,KOSDAQ,관리종목(소속부없음),951,0,0.00,0,0,0,0,0,64073625000,67375000
20210824,083450,GST,KOSDAQ,우량기업부,28700,1100,3.99,28350,28700,27800,168530,4772772750,267419281500,9317745
20210824,045890,GV,KOSDAQ,관리종목(소속부없음),240,0,0.00,0,0,0,0,0,20823884880,86766187
20210824,297890,HB솔루션,KOSDAQ,벤처기업부,22200,450,2.07,22100,22950,21700,117169,2619747000,364451272800,16416724
20210824,078150,HB테크놀러지,KOSDAQ,우량기업부,2870,70,2.50,2875,2970,2800,1229847,3561015255,226702522620,78990426
20210824,195940,HK이노엔,KOSDAQ,우량기업부,59100,-1200,-1.99,60800,60900,59100,566016,33844281200,1708255890900,28904499
20210824,036640,HRS,KOSDAQ,중견기업부,5460,190,3.61,5270,5460,5270,140153,758330790,89297208000,16354800
20210824,335870,IBKS제12호스팩,KOSDAQ,SPAC(소속부없음),3190,25,0.79,3135,3255,3050,597266,1891037315,9952800000,3120000
20210824,351340,IBKS제13호스팩,KOSDAQ,SPAC(소속부없음),2540,-15,-0.59,2550,2590,2505,169984,430507580,13131800000,5170000
20210824,351320,IBKS제14호스팩,KOSDAQ,SPAC(소속부없음),3905,30,0.77,3850,4070,3820,907237,3579122920,16908650000,4330000
20210824,373200,IBKS제15호스팩,KOSDAQ,SPAC(소속부없음),2350,0,0.00,0,0,0,0,0,8272000000,3520000
20210824,095340,ISC,KOSDAQ,우량기업부,27600,200,0.73,27700,28350,26550,435175,11937451800,456628641600,16544516
20210824,099520,ITX-AI,KOSDAQ,관리종목(소속부없음),1285,0,0.00,0,0,0,0,0,37652662655,29301683
20210824,950170,JTC,KOSDAQ,외국기업(소속부없음),4510,240,5.62,4255,4565,4255,71731,320158240,157874881670,35005517
20210824,067290,JW신약,KOSDAQ,중견기업부,4530,80,1.80,4475,4580,4460,116027,526238930,199033966740,43936858
20210824,035900,JYP Ent.,KOSDAQ,우량기업부,42950,2150,5.27,41450,43400,40700,1053517,44811267250,1524617281400,35497492
20210824,024840,KBI메탈,KOSDAQ,우량기업부,2245,105,4.91,2155,2265,2145,421488,939487150,73974653760,32950848
20210824,024120,KB오토시스,KOSDAQ,우량기업부,7360,190,2.65,7210,7390,7210,18155,132540810,84640000000,11500000
20210824,021320,KCC건설,KOSDAQ,우량기업부,10550,750,7.65,9930,10800,9850,221048,2322727970,225770000000,21400000
20210824,036670,KCI,KOSDAQ,우량기업부,9230,140,1.54,9140,9310,9140,19465,179962660,104022100000,11270000
20210824,044180,KD,KOSDAQ,중견기업부,1900,50,2.70,1880,1990,1865,841822,1615331260,31398184000,16525360
20210824,151860,KG ETS,KOSDAQ,우량기업부,18900,50,0.27,19250,19450,18100,2325063,43535774300,680400000000,36000000
20210824,046440,KG모빌리언스,KOSDAQ,우량기업부,9950,320,3.32,9630,10050,9630,147226,1459458370,386314401600,38825568
20210824,035600,KG이니시스,KOSDAQ,우량기업부,18750,350,1.90,18600,19100,18550,111860,2103096050,523208137500,27904434
20210824,226360,KH E&T,KOSDAQ,벤처기업부,1935,55,2.93,1885,2050,1885,874072,1708767705,107870315355,55746933
20210824,111870,KH 일렉트론,KOSDAQ,중견기업부,931,24,2.65,907,935,907,252539,234097679,94084035346,101056966
20210824,060720,KH바텍,KOSDAQ,중견기업부,24150,-250,-1.02,24800,25150,23400,2901617,70640337700,571724757450,23673903
20210824,122450,KMH,KOSDAQ,중견기업부,10350,100,0.98,10250,10600,10000,198323,2049049500,469227227400,45335964
20210824,052900,KMH하이텍,KOSDAQ,중견기업부,1815,50,2.83,1805,1850,1790,1822036,3309703785,85097180685,46885499
20210824,058400,KNN,KOSDAQ,우량기업부,1885,380,25.25,1540,1950,1540,36717756,68545401200,249630022200,132429720
20210824,114450,KPX생명과학,KOSDAQ,중견기업부,9440,240,2.61,10300,10850,9370,2017953,20358909520,141600000000,15000000
20210824,060370,KT서브마린,KOSDAQ,중견기업부,6320,140,2.27,6220,6370,6220,156497,1020495390,138408000000,21900000
20210824,108320,LX세미콘,KOSDAQ,우량기업부,112000,-900,-0.80,114500,114600,110900,280123,31521101400,1821601600000,16264300
20210824,160550,NEW,KOSDAQ,중견기업부,9400,370,4.10,9090,9500,9000,651811,6110014730,262317396400,27906106
20210824,053290,NE능률,KOSDAQ,중견기업부,15250,600,4.10,14900,15550,14850,419948,6391047550,252026181750,16526307
20210824,104200,NHN벅스,KOSDAQ,중견기업부,6240,190,3.14,6060,6250,6060,65146,401960370,92523912000,14827550
20210824,060250,NHN한국사이버결제,KOSDAQ,우량기업부,49500,800,1.64,48600,50200,48600,57210,2822018850,1212887065500,24502769
20210824,030190,NICE평가정보,KOSDAQ,우량기업부,22150,-300,-1.34,22750,22750,22000,153660,3434290650,1344833263000,60714820
20210824,078590,OQP,KOSDAQ,관리종목(소속부없음),2380,0,0.00,0,0,0,0,0,197556560040,83006958
20210824,024940,PN풍년,KOSDAQ,벤처기업부,6780,50,0.74,6740,6890,6690,267134,1813254250,67800000000,10000000
20210824,218410,RFHIC,KOSDAQ,우량기업부,33300,550,1.68,33050,33550,33050,109334,3649231200,887365746000,26647620
20210824,327260,RF머트리얼즈,KOSDAQ,벤처기업부,23400,100,0.43,23350,23750,23100,33613,783708200,93573066600,3998849
20210824,091340,S&K폴리텍,KOSDAQ,중견기업부,5570,170,3.15,5420,5600,5420,49284,272951580,65189725970,11703721
20210824,019550,SBI인베스트먼트,KOSDAQ,벤처기업부,1800,50,2.86,1775,1815,1765,1372926,2462713010,291719835000,162066575
20210824,950110,SBI핀테크솔루션즈,KOSDAQ,외국기업(소속부없음),7330,140,1.95,7260,7390,7200,14240,104242710,176272133200,24048040
20210824,046140,SBS콘텐츠허브,KOSDAQ,우량기업부,7150,40,0.56,7180,7260,7120,24021,173306010,153464418250,21463555
20210824,036120,SCI평가정보,KOSDAQ,중견기업부,3385,120,3.68,3335,3390,3265,72125,241724765,120167500000,35500000
20210824,099220,SDN,KOSDAQ,우량기업부,2535,75,3.05,2460,2550,2460,393854,991241375,134784525330,53169438
20210824,036540,SFA반도체,KOSDAQ,우량기업부,6760,410,6.46,6470,6770,6450,2114175,14036951510,1111751648280,164460303
20210824,255220,SG,KOSDAQ,중견기업부,2120,60,2.91,2070,2145,2070,205998,435251325,87641366040,41340267
20210824,040610,SG&G,KOSDAQ,중견기업부,2600,50,1.96,2545,2670,2545,128829,337208330,88626709600,34087196
20210824,049470,SGA,KOSDAQ,중견기업부,1195,40,3.46,1155,1215,1155,335662,400792380,63170387555,52862249
20210824,184230,SGA솔루션즈,KOSDAQ,벤처기업부,1365,35,2.63,1390,1390,1335,263041,357455465,63029975190,46175806
20210824,016250,SGC이테크건설,KOSDAQ,우량기업부,69000,2000,2.99,67500,69500,67400,13313,917291300,139673043000,2024247
20210824,337450,SK5호스팩,KOSDAQ,SPAC(소속부없음),2420,-5,-0.21,2390,2440,2385,94246,226851965,10430200000,4310000
20210824,340350,SK6호스팩,KOSDAQ,SPAC(소속부없음),2215,10,0.45,2205,2220,2195,106148,233780755,12647650000,5710000
20210824,036490,SK머티리얼즈,KOSDAQ,우량기업부,409800,-15200,-3.58,429100,429100,404000,134001,55123470400,4322436395400,10547673
20210824,048550,SM C&C,KOSDAQ,중견기업부,6190,1010,19.50,5230,6410,4955,77153475,464777591215,587846472800,94967120
20210824,063440,SM Life Design,KOSDAQ,중견기업부,3180,175,5.82,3000,3365,2930,23301082,75460730490,143510709720,45129154
20210824,950180,SNK,KOSDAQ,외국기업(소속부없음),19000,700,3.83,18150,19000,18150,45867,858295550,400174200000,21061800
20210824,289080,SV인베스트먼트,KOSDAQ,중견기업부,4225,225,5.63,4005,4600,3990,17508517,75776848895,224913650000,53234000
20210824,089230,THE E&M,KOSDAQ,중견기업부,875,9,1.04,863,898,863,1443422,1273856062,151768917125,173450191
20210824,161570,THE MIDONG,KOSDAQ,중견기업부,1620,75,4.85,1565,1645,1565,146621,236274560,25244184600,15582830
20210824,192410,THQ,KOSDAQ,중견기업부,3015,55,1.86,2970,3050,2960,105625,316113275,87223645485,28929899
20210824,032540,TJ미디어,KOSDAQ,중견기업부,4385,95,2.21,4330,4550,4290,71885,313847135,61090105465,13931609
20210824,048770,TPC,KOSDAQ,중견기업부,4055,110,2.79,3970,4065,3965,82140,329511120,59906834460,14773572
20210824,246690,TS인베스트먼트,KOSDAQ,중견기업부,3265,75,2.35,3190,3325,3190,332616,1088535995,127745994935,39125879
20210824,317240,TS트릴리온,KOSDAQ,벤처기업부,1120,45,4.19,1080,1130,1080,125810,138460495,102014139360,91084053
20210824,038340,UCI,KOSDAQ,투자주의환기종목(소속부없음),445,0,0.00,0,0,0,0,0,16641828315,37397367
20210824,073570,WI,KOSDAQ,중견기업부,1960,-130,-6.22,2085,2090,1940,7050715,14113135245,158573551080,80904873
20210824,057030,YBM넷,KOSDAQ,중견기업부,7420,220,3.06,7210,7480,7210,153889,1134099150,121040211740,16312697
20210824,040300,YTN,KOSDAQ,중견기업부,3500,90,2.64,3410,3595,3410,49740,173965255,147000000000,42000000
20210824,051390,YW,KOSDAQ,중견기업부,4395,180,4.27,4235,4540,4235,66728,290126540,49906842360,11355368
20210824,052220,iMBC,KOSDAQ,중견기업부,3870,420,12.17,3485,3950,3485,1336121,5100062105,89010000000,23000000
20210824,079940,가비아,KOSDAQ,우량기업부,13950,400,2.95,13600,14200,13600,170083,2358170100,188822791800,13535684
20210824,078890,가온미디어,KOSDAQ,우량기업부,17900,700,4.07,17500,17900,17200,1377521,24144955850,283749833400,15851946
20210824,036620,감성코퍼레이션,KOSDAQ,중견기업부,1465,25,1.74,1470,1530,1460,396426,592234730,110348044105,75322897
20210824,217730,강스템바이오텍,KOSDAQ,기술성장기업부,4735,215,4.76,4520,4760,4520,189561,873359080,121034592680,25561688
20210824,114190,강원,KOSDAQ,관리종목(소속부없음),2500,0,0.00,0,0,0,0,0,45387277500,18154911
20210824,094480,갤럭시아머니트리,KOSDAQ,우량기업부,5800,230,4.13,5630,5930,5630,241940,1405796210,227533060400,39229838
20210824,063080,게임빌,KOSDAQ,우량기업부,32100,250,0.78,32150,32550,31800,71723,2299582350,211705663200,6595192
20210824,039240,경남스틸,KOSDAQ,우량기업부,5660,20,0.35,6040,6690,5610,35931382,226351993450,141500000000,25000000
20210824,053950,경남제약,KOSDAQ,중견기업부,6590,240,3.78,6370,6600,6370,100465,655330750,131485584510,19952289
20210824,223310,경남제약헬스케어,KOSDAQ,관리종목(소속부없음),3320,0,0.00,0,0,0,0,0,44267239920,13333506
20210824,011040,경동제약,KOSDAQ,우량기업부,11050,550,5.24,10550,11300,10550,1008697,11101062800,339994864300,30768766
20210824,024910,경창산업,KOSDAQ,중견기업부,2600,-5,-0.19,2650,2690,2585,50667,132267810,93129413000,35819005
20210824,198440,고려시멘트,KOSDAQ,우량기업부,4035,100,2.54,3975,4065,3955,344616,1386856775,129039138600,31979960
20210824,049720,고려신용정보,KOSDAQ,중견기업부,9590,450,4.92,9250,9590,9140,146437,1383020880,137137000000,14300000
20210824,014570,고려제약,KOSDAQ,우량기업부,9890,450,4.77,9590,9900,9530,94440,921601600,108790000000,11000000
20210824,348150,고바이오랩,KOSDAQ,기술성장기업부,28700,1150,4.17,27800,28800,27750,58354,1667157200,463836284100,16161543
20210824,098460,고영,KOSDAQ,우량기업부,22850,0,0.00,23150,23250,22650,108252,2481710800,1568761151750,68654755
20210824,035290,골드앤에스,KOSDAQ,관리종목(소속부없음),1305,0,0.00,0,0,0,0,0,47272202550,36223910
20210824,038530,골드퍼시픽,KOSDAQ,중견기업부,1390,20,1.46,1400,1415,1365,2234039,3090096370,110345904770,79385543
20210824,900280,골든센츄리,KOSDAQ,외국기업(소속부없음),414,3,0.73,411,418,408,1726107,712403714,73101466674,176573591
20210824,215000,골프존,KOSDAQ,우량기업부,137600,4700,3.54,133300,138500,133300,60737,8299869500,863497104000,6275415
20210824,121440,골프존뉴딘홀딩스,KOSDAQ,중견기업부,8740,260,3.07,8500,8790,8500,151204,1319546910,374393789320,42836818
20210824,014200,광림,KOSDAQ,중견기업부,3685,-220,-5.63,3970,3970,3565,1694129,6285495985,195018432290,52922234
20210824,026910,광진실업,KOSDAQ,중견기업부,5940,200,3.48,5760,6100,5760,95084,571173590,38048105700,6405405
20210824,090150,광진윈텍,KOSDAQ,중견기업부,9540,280,3.02,9290,9600,9160,485060,4538224690,165599069220,17358393
20210824,355150,교보10호스팩,KOSDAQ,SPAC(소속부없음),2205,5,0.23,2210,2210,2185,29215,64016670,11730600000,5320000
20210824,331520,교보9호스팩,KOSDAQ,SPAC(소속부없음),2240,10,0.45,2235,2245,2230,33052,73893295,8691200000,3880000
20210824,053270,구영테크,KOSDAQ,중견기업부,3350,120,3.72,3265,3425,3240,185662,623121660,88420482900,26394174
20210824,066620,국보디자인,KOSDAQ,우량기업부,20300,600,3.05,19800,20350,19800,15518,312459500,152250000000,7500000
20210824,043650,국순당,KOSDAQ,우량기업부,8700,300,3.57,8420,8860,8420,100877,874100070,155367244800,17858304
20210824,006050,국영지앤엠,KOSDAQ,중견기업부,2230,110,5.19,2135,2230,2135,330911,727977910,77816391890,34895243
20210824,060480,국일신동,KOSDAQ,중견기업부,4120,115,2.87,4020,4155,4020,54326,223465945,45690800000,11090000
20210824,078130,국일제지,KOSDAQ,중견기업부,5320,180,3.50,5120,5370,5110,1121842,5894762790,678924956360,127617473
20210824,307750,국전약품,KOSDAQ,우량기업부,8710,1250,16.76,7640,9230,7470,21640549,187340867770,427393332990,49069269
20210824,204020,그리티,KOSDAQ,중견기업부,3330,115,3.58,3220,3540,3220,213998,721957410,67090941900,20147430
20210824,186230,그린플러스,KOSDAQ,벤처기업부,18150,150,0.83,18150,18750,18100,188795,3475738050,196386412200,10820188
20210824,900070,글로벌에스엠,KOSDAQ,외국기업(소속부없음),910,48,5.57,864,922,864,256657,231569350,48907010880,53743968
20210824,204620,글로벌텍스프리,KOSDAQ,중견기업부,3225,100,3.20,3175,3250,3140,139914,450001690,157175828475,48736691
20210824,019660,글로본,KOSDAQ,중견기업부,4115,40,0.98,4100,4140,4045,118656,485472945,134825172685,32764319
20210824,053260,금강철강,KOSDAQ,우량기업부,5500,310,5.97,5200,5900,5200,300938,1674040840,102960000000,18720000
20210824,036190,금화피에스시,KOSDAQ,우량기업부,30050,750,2.56,29300,30500,29300,4979,149318550,180300000000,6000000
20210824,049080,기가레인,KOSDAQ,중견기업부,2290,10,0.44,2250,2350,2215,606123,1390902805,181467019600,79243240
20210824,035460,기산텔레콤,KOSDAQ,벤처기업부,2945,95,3.33,2880,2945,2880,82118,239352285,42930266300,14577340
20210824,308100,까스텔바작,KOSDAQ,우량기업부,14200,350,2.53,13850,14250,13850,43685,614282650,93673140000,6596700
20210824,187790,나노,KOSDAQ,벤처기업부,2095,135,6.89,1995,2095,1995,624262,1287661980,56706821025,27067695
20210824,286750,나노브릭,KOSDAQ,기술성장기업부,6280,230,3.80,6180,6480,6110,19000,119790370,58416987040,9302068
20210824,151910,나노스,KOSDAQ,중견기업부,5660,-50,-0.88,5620,5750,5590,346605,1963079340,841219464020,148625347
20210824,121600,나노신소재,KOSDAQ,벤처기업부,36250,-950,-2.55,38000,38200,34800,394540,14517207800,393252071250,10848333
20210824,247660,나노씨엠에스,KOSDAQ,기술성장기업부,38650,-650,-1.65,38600,40300,36950,350400,13569428550,162674758000,4208920
20210824,039860,나노엔텍,KOSDAQ,중견기업부,8680,430,5.21,8280,8750,8250,791115,6736674900,232609478360,26798327
20210824,091970,나노캠텍,KOSDAQ,벤처기업부,1860,85,4.79,1780,1870,1780,127504,234108880,52229590500,28080425
20210824,051490,나라엠앤디,KOSDAQ,중견기업부,9730,200,2.10,9460,9850,9460,163055,1581496210,138166000000,14200000
20210824,190510,나무가,KOSDAQ,중견기업부,9140,260,2.93,8970,9240,8970,208469,1904459390,125603525200,13742180
20210824,242040,나무기술,KOSDAQ,기술성장기업부,2825,50,1.80,2820,2880,2750,306827,866128765,96732802500,34241700
20210824,089600,나스미디어,KOSDAQ,우량기업부,37200,1000,2.76,36200,37600,36200,31158,1156187100,357302652000,9604910
20210824,293580,나우IB,KOSDAQ,벤처기업부,11150,550,5.19,10600,11150,10600,40009,437787800,106783550000,9577000
20210824,138610,나이벡,KOSDAQ,기술성장기업부,37450,550,1.49,37500,38650,36050,116793,4372622050,370866563550,9902979
20210824,130580,나이스디앤비,KOSDAQ,우량기업부,9800,40,0.41,9900,9990,9760,44421,434890330,150920000000,15400000
20210824,036800,나이스정보통신,KOSDAQ,우량기업부,31900,400,1.27,31500,32150,31450,29414,936025050,319000000000,10000000
20210824,267320,나인테크,KOSDAQ,우량기업부,3715,145,4.06,3590,3740,3590,139263,515375595,146358198110,39396554
20210824,111710,남화산업,KOSDAQ,중견기업부,9770,300,3.17,9500,9800,9500,33141,322370220,201144760000,20588000
20210824,091590,남화토건,KOSDAQ,우량기업부,11200,400,3.70,10950,11200,10900,65871,732755800,131488000000,11740000
20210824,168330,내츄럴엔도텍,KOSDAQ,관리종목(소속부없음),2525,0,0.00,0,0,0,0,0,73623152100,29157684
20210824,094860,네오리진,KOSDAQ,벤처기업부,1565,100,6.83,1485,1585,1450,988754,1510802220,84006134165,53678041
20210824,253590,네오셈,KOSDAQ,벤처기업부,2825,100,3.67,2760,2875,2705,112807,316898610,106217423600,37599088
20210824,212560,네오오토,KOSDAQ,우량기업부,8500,300,3.66,8380,8510,8280,60819,512204950,66937185500,7874963
20210824,095660,네오위즈,KOSDAQ,우량기업부,31250,300,0.97,31350,31900,30500,958480,29995621550,688553718750,22033719
20210824,042420,네오위즈홀딩스,KOSDAQ,우량기업부,28300,50,0.18,28150,28850,27800,65751,1862249100,250649307800,8856866
20210824,950220,네오이뮨텍(Reg.S),KOSDAQ,외국기업(소속부없음),10050,200,2.03,9930,10200,9860,353069,3549021950,988839700500,98392010
20210824,311390,네오크레마,KOSDAQ,벤처기업부,13850,350,2.59,13600,13950,13450,115659,1585045550,101326530750,7315995
20210824,085910,네오티스,KOSDAQ,중견기업부,4675,95,2.07,4580,4770,4580,48427,227221195,59752385825,12781259
20210824,092730,네오팜,KOSDAQ,우량기업부,31300,1100,3.64,30400,31600,30400,40376,1260792150,256890399300,8207361
20210824,290660,네오펙트,KOSDAQ,기술성장기업부,3350,85,2.60,3265,3405,3265,107087,357008005,63336038000,18906280
20210824,306620,네온테크,KOSDAQ,벤처기업부,2955,90,3.14,2855,3000,2855,145068,428070105,117650056770,39813894
20210824,153460,네이블,KOSDAQ,벤처기업부,7800,180,2.36,7690,8000,7670,74282,581130800,50934109200,6530014
20210824,007390,네이처셀,KOSDAQ,중견기업부,24000,-2750,-10.28,26250,27050,22600,5717344,140447668600,1473754920000,61406455
20210824,033640,네패스,KOSDAQ,중견기업부,35100,1550,4.62,33800,35100,33800,212023,7369783500,809377990200,23059202
20210824,330860,네패스아크,KOSDAQ,중견기업부,45700,1900,4.34,44800,45700,43300,135835,6026938050,556810856500,12184045
20210824,089140,넥스턴바이오,KOSDAQ,벤처기업부,5440,220,4.21,5120,5630,5110,3385482,18122059800,180721500160,33220864
20210824,065170,넥스트BT,KOSDAQ,중견기업부,1440,55,3.97,1415,1465,1400,279142,399965000,127064973600,88239565
20210824,137940,넥스트아이,KOSDAQ,중견기업부,1415,55,4.04,1370,1430,1360,429166,602581350,109119384795,77116173
20210824,348210,넥스틴,KOSDAQ,기술성장기업부,54000,2900,5.68,52700,54500,52100,58495,3124846800,516423600000,9563400
20210824,041140,넥슨지티,KOSDAQ,중견기업부,11300,300,2.73,11100,11400,11100,72962,823397900,399718538600,35373322
20210824,217270,넵튠,KOSDAQ,중견기업부,21000,700,3.45,20200,21700,20200,85084,1788136900,665948262000,31711822
20210824,225570,넷게임즈,KOSDAQ,중견기업부,12050,250,2.12,11950,12300,11850,111243,1341237750,347654152350,28850967
20210824,104620,노랑풍선,KOSDAQ,중견기업부,13550,850,6.69,13300,13950,13000,1218024,16419477300,193723672500,14296950
20210824,194700,노바렉스,KOSDAQ,우량기업부,45650,0,0.00,46000,46700,45150,26628,1226502700,411020731000,9003740
20210824,285490,노바텍,KOSDAQ,벤처기업부,35000,-950,-2.64,36450,36800,34500,88203,3120371450,352861040000,10081744
20210824,278650,노터스,KOSDAQ,벤처기업부,27800,900,3.35,26750,27900,26650,57471,1584765950,211818430400,7619368
20210824,144510,녹십자랩셀,KOSDAQ,벤처기업부,98600,2600,2.71,96100,99100,95500,78145,7617299000,1040629724400,10554054
20210824,031390,녹십자셀,KOSDAQ,벤처기업부,37800,2050,5.73,35650,38000,35650,61710,2306196050,492730446600,13035197
20210824,142280,녹십자엠에스,KOSDAQ,중견기업부,9840,300,3.14,9570,9890,9450,86499,836210430,207794064720,21117283
20210824,234690,녹십자웰빙,KOSDAQ,우량기업부,10500,350,3.45,10150,10600,10100,71122,736988500,186398898000,17752276
20210824,065560,녹원씨엔아이,KOSDAQ,관리종목(소속부없음),5770,0,0.00,0,0,0,0,0,99593806250,17260625
20210824,054050,농우바이오,KOSDAQ,우량기업부,12050,200,1.69,12100,12250,11850,77696,937226850,193168260050,16030561
20210824,069140,누리플랜,KOSDAQ,벤처기업부,7710,320,4.33,7480,7900,7460,141091,1083784230,54762148530,7102743
20210824,040160,누리플렉스,KOSDAQ,중견기업부,8060,220,2.81,7840,8190,7840,50862,410075100,97167612100,12055535
20210824,126870,뉴로스,KOSDAQ,관리종목(소속부없음),2230,0,0.00,0,0,0,0,0,79475828550,35639385
20210824,060260,뉴보텍,KOSDAQ,벤처기업부,1450,15,1.05,1440,1455,1400,417504,597926775,48478937500,33433750
20210824,012340,뉴인텍,KOSDAQ,벤처기업부,3740,40,1.08,3760,3820,3650,243398,913860745,112366437480,30044502
20210824,214870,뉴지랩파마,KOSDAQ,중견기업부,10450,250,2.45,10250,10600,10100,254995,2624678050,318019384650,30432477
20210824,270870,뉴트리,KOSDAQ,우량기업부,30500,1450,4.99,29450,30500,29450,45144,1361076700,277953332000,9113224
20210824,144960,뉴파워프라즈마,KOSDAQ,우량기업부,6100,200,3.39,5950,6120,5950,311904,1891796270,266525006400,43692624
20210824,085670,뉴프렉스,KOSDAQ,중견기업부,2835,95,3.47,2800,2895,2770,273620,775206280,67038899130,23646878
20210824,119860,다나와,KOSDAQ,우량기업부,31200,0,0.00,31000,32100,30700,199384,6274141050,407934446400,13074822
20210824,064260,다날,KOSDAQ,우량기업부,6180,310,5.28,5940,6210,5940,1359469,8313708290,426105067200,68949040
20210824,093640,다믈멀티미디어,KOSDAQ,벤처기업부,3495,85,2.49,3460,3555,3430,296863,1038043790,45927361620,13140876
20210824,340360,다보링크,KOSDAQ,벤처기업부,2475,-155,-5.89,2700,2710,2475,1652996,4249858315,101252646000,40910160
20210824,039560,다산네트웍스,KOSDAQ,벤처기업부,8510,300,3.65,8260,8580,8250,197129,1670770590,309600931380,36380838
20210824,032190,다우데이타,KOSDAQ,우량기업부,13500,300,2.27,13400,13650,13300,111981,1514125950,517050000000,38300000
20210824,068240,다원시스,KOSDAQ,우량기업부,20200,-200,-0.98,20750,20750,20150,423779,8647965100,637601021400,31564407
20210824,020400,대동금속,KOSDAQ,중견기업부,10700,400,3.88,10400,10900,10400,20092,213364850,34124076200,3189166
20210824,008830,대동기어,KOSDAQ,중견기업부,7080,170,2.46,6950,7080,6940,41115,288620440,63631641600,8987520
20210824,048470,대동스틸,KOSDAQ,중견기업부,6870,190,2.84,6730,6950,6730,110216,754996690,68700000000,10000000
20210824,004780,대륙제관,KOSDAQ,우량기업부,5960,160,2.76,5850,6040,5850,166537,990242550,94783066040,15903199
20210824,017650,대림제지,KOSDAQ,우량기업부,11550,200,1.76,11650,11850,11450,49954,581916000,103950000000,9000000
20210824,007720,대명소노시즌,KOSDAQ,우량기업부,1300,65,5.26,1235,1300,1235,498142,636337830,131040585000,100800450
20210824,317850,대모,KOSDAQ,벤처기업부,5890,360,6.51,5580,6130,5580,229704,1354029270,49030833800,8324420
20210824,290670,대보마그네틱,KOSDAQ,중견기업부,35850,800,2.28,35350,36500,35000,80151,2873875450,280508325000,7824500
20210824,078140,대봉엘에스,KOSDAQ,우량기업부,9840,460,4.90,9490,9850,9490,53722,522104240,109091937360,11086579
20210824,036480,대성미생물,KOSDAQ,중견기업부,17650,700,4.13,17150,18000,17150,19670,347015550,67070000000,3800000
20210824,025440,대성엘텍,KOSDAQ,중견기업부,1050,35,3.45,1015,1060,1005,585176,607193515,106019910150,100971343
20210824,027830,대성창투,KOSDAQ,중견기업부,3700,120,3.35,3580,3740,3580,529424,1950800770,148000000000,40000000
20210824,104040,대성파인텍,KOSDAQ,벤처기업부,2260,75,3.43,2240,2305,2210,620081,1401075170,70740895060,31301281
20210824,332290,대신밸런스제7호스팩,KOSDAQ,SPAC(소속부없음),2400,0,0.00,0,0,0,0,0,12492000000,5205000
20210824,336570,대신밸런스제8호스팩,KOSDAQ,SPAC(소속부없음),2455,30,1.24,2450,2460,2435,49634,121863210,13772550000,5610000
20210824,369370,대신밸런스제9호스팩,KOSDAQ,SPAC(소속부없음),2350,0,0.00,0,0,0,0,0,9893500000,4210000
20210824,020180,대신정보통신,KOSDAQ,중견기업부,2485,65,2.69,2440,2575,2400,7806782,19345949910,95495853775,38428915
20210824,045390,대아티아이,KOSDAQ,우량기업부,6420,0,0.00,6460,6530,6350,2078275,13371697550,456792771240,71151522
20210824,108380,대양전기공업,KOSDAQ,우량기업부,17000,350,2.10,16850,17000,16650,19010,321240200,162644661000,9567333
20210824,006580,대양제지,KOSDAQ,관리종목(소속부없음),3260,0,0.00,0,0,0,0,0,87531000000,26850000
20210824,007680,대원,KOSDAQ,우량기업부,9970,250,2.57,9810,10000,9810,46132,458076530,127596887510,12798083
20210824,048910,대원미디어,KOSDAQ,벤처기업부,32800,1850,5.98,31000,33150,31000,97728,3168167950,412589428800,12578946
20210824,005710,대원산업,KOSDAQ,우량기업부,6640,50,0.76,6590,6710,6580,87824,581435910,133049664000,20037600
20210824,290380,대유,KOSDAQ,중견기업부,8010,160,2.04,7900,8110,7890,131995,1057402580,113474466000,14166600
20210824,290120,대유에이피,KOSDAQ,중견기업부,7000,80,1.16,7170,7170,6920,25740,180715840,80022796000,11431828
20210824,120240,대정화금,KOSDAQ,우량기업부,31700,100,0.32,31550,32750,31200,481844,15330086800,227935394700,7190391
20210824,003310,대주산업,KOSDAQ,중견기업부,2430,70,2.97,2365,2585,2365,4559188,11325443620,86003410500,35392350
20210824,078600,대주전자재료,KOSDAQ,벤처기업부,55100,-2000,-3.50,57800,58000,53500,501271,27966516500,852980674300,15480593
20210824,096350,대창솔루션,KOSDAQ,중견기업부,620,20,3.33,606,630,606,1653059,1025085461,101531825580,163761009
20210824,140520,대창스틸,KOSDAQ,중견기업부,3200,105,3.39,3110,3220,3110,56642,179797475,67549577600,21109243
20210824,131220,대한과학,KOSDAQ,벤처기업부,11500,400,3.60,11650,12850,11500,629799,7646479650,85726635000,7454490
20210824,010170,대한광통신,KOSDAQ,중견기업부,3010,125,4.33,2880,3055,2880,499217,1505137975,221962291250,73741625
20210824,060900,대한그린파워,KOSDAQ,관리종목(소속부없음),1970,80,4.23,1890,1985,1885,1053624,2045441015,312362681890,158559737
20210824,054670,대한뉴팜,KOSDAQ,중견기업부,10850,350,3.33,10500,10900,10500,79917,860003150,155750882000,14354920
20210824,023910,대한약품,KOSDAQ,우량기업부,30300,500,1.68,30250,30600,30050,10222,309818100,181800000000,6000000
20210824,021040,대호특수강,KOSDAQ,중견기업부,918,11,1.21,908,922,908,191984,175939903,67117574268,73112826
20210824,021045,대호특수강우,KOSDAQ,중견기업부,1490,70,4.93,1445,1490,1440,11945,17597360,6321274340,4242466
20210824,067080,대화제약,KOSDAQ,우량기업부,11000,400,3.77,10600,11050,10600,60180,652861700,204783150000,18616650
20210824,298540,더네이쳐홀딩스,KOSDAQ,우량기업부,36550,650,1.81,35900,36600,35700,106840,3857823650,265803588400,7272328
20210824,299170,더블유에스아이,KOSDAQ,중견기업부,2930,30,1.03,2955,3025,2855,30826,90593805,85667231590,29237963
20210824,213420,덕산네오룩스,KOSDAQ,우량기업부,68200,800,1.19,67700,70100,66900,161489,11057108300,1637482818400,24010012
20210824,317330,덕산테코피아,KOSDAQ,우량기업부,28950,-350,-1.19,29450,30100,28100,453651,13175226250,532026540600,18377428
20210824,077360,덕산하이메탈,KOSDAQ,우량기업부,14500,100,0.69,14500,15050,14350,70277,1031018250,329418264500,22718501
20210824,090410,덕신하우징,KOSDAQ,중견기업부,2050,85,4.33,1990,2060,1975,686365,1388947730,94472394750,46084095
20210824,263600,덕우전자,KOSDAQ,우량기업부,8030,210,2.69,7860,8080,7860,72691,580674440,127920389300,15930310
20210824,194480,데브시스터즈,KOSDAQ,벤처기업부,72600,5100,7.56,67500,73100,67500,99871,7142391200,831807240000,11457400
20210824,263800,데이타솔루션,KOSDAQ,중견기업부,5450,200,3.81,5210,5540,5210,63501,343906350,87748161000,16100580
20210824,206560,덱스터,KOSDAQ,기술성장기업부,12500,800,6.84,11950,13250,11900,4678151,59404249050,316851700000,25348136
20210824,261200,덴티스,KOSDAQ,벤처기업부,13000,1000,8.33,12100,13050,12000,190854,2380958900,191852570000,14757890
20210824,067990,도이치모터스,KOSDAQ,우량기업부,7610,190,2.56,7460,7660,7450,341365,2576492470,225436402660,29623706
20210824,006620,동구바이오제약,KOSDAQ,우량기업부,9150,490,5.66,8710,9170,8680,564720,5384963880,260454676800,28464992
20210824,100130,동국S&C,KOSDAQ,중견기업부,5530,230,4.34,5310,5610,5310,246932,1361782400,316000790000,57143000
20210824,005160,동국산업,KOSDAQ,우량기업부,3835,65,1.72,3770,3850,3770,155525,595511185,208027588470,54244482
20210824,075970,동국알앤에스,KOSDAQ,중견기업부,4615,105,2.33,4485,4655,4485,75425,348477560,84916000000,18400000
20210824,086450,동국제약,KOSDAQ,우량기업부,24150,700,2.99,23450,24500,23400,103875,2507739350,1073709000000,44460000
20210824,099410,동방선기,KOSDAQ,관리종목(소속부없음),3000,100,3.45,3020,3050,2935,63827,191367790,40623006000,13541002
20210824,033500,동성화인텍,KOSDAQ,우량기업부,10550,200,1.93,10450,10650,10400,345156,3636682250,304417823500,28854770
20210824,025950,동신건설,KOSDAQ,중견기업부,42900,1000,2.39,42300,43300,42050,37542,1601185800,360360000000,8400000
20210824,088130,동아엘텍,KOSDAQ,우량기업부,11800,350,3.06,11650,12000,11600,109930,1296791900,125822668400,10662938
20210824,041930,동아화성,KOSDAQ,우량기업부,13800,-50,-0.36,14100,14150,13550,558750,7774046150,218040000000,15800000
20210824,060380,동양에스텍,KOSDAQ,중견기업부,3970,110,2.85,4030,4030,3905,112138,443687440,78209000000,19700000
20210824,079960,동양이엔피,KOSDAQ,우량기업부,17600,0,0.00,17450,17750,17400,91475,1609384500,138336000000,7860000
20210824,228340,동양파일,KOSDAQ,중견기업부,5150,190,3.83,5010,5320,5010,87934,457279350,103000000000,20000000
20210824,088910,동우팜투테이블,KOSDAQ,우량기업부,3065,45,1.49,3045,3080,3005,91070,277483285,79174356660,25831764
20210824,094170,동운아나텍,KOSDAQ,벤처기업부,6100,240,4.10,5910,6120,5900,191474,1157327250,107222786600,17577506
20210824,013120,동원개발,KOSDAQ,우량기업부,5790,140,2.48,5720,5860,5720,166260,966014940,525778899000,90808100
20210824,109860,동일금속,KOSDAQ,우량기업부,14050,50,0.36,13900,14200,13900,8411,118602850,98350000000,7000000
20210824,032960,동일기연,KOSDAQ,벤처기업부,15850,550,3.59,15450,16400,15400,46910,749010300,55527067250,3503285
20210824,023790,동일철강,KOSDAQ,중견기업부,7260,250,3.57,7130,7340,7080,65790,476857340,53325317100,7345085
20210824,005290,동진쎄미켐,KOSDAQ,우량기업부,26500,950,3.72,25800,26500,25800,347560,9137114150,1362484091000,51414494
20210824,025900,동화기업,KOSDAQ,우량기업부,72400,-1900,-2.56,75600,75700,71900,191567,14110710200,1462565214800,20201177
20210824,073190,듀오백,KOSDAQ,중견기업부,3670,120,3.38,3550,3695,3550,71501,260166105,43922706800,11968040
20210824,030350,드래곤플라이,KOSDAQ,중견기업부,2430,40,1.67,2390,2495,2390,278855,680406785,41570964990,17107393
20210824,203650,드림시큐리티,KOSDAQ,벤처기업부,5240,70,1.35,5170,5280,5170,702873,3673746270,265174150960,50605754
20210824,223250,드림씨아이에스,KOSDAQ,중견기업부,14200,50,0.35,14350,14600,14050,20117,287855250,80358566800,5659054
20210824,060570,드림어스컴퍼니,KOSDAQ,중견기업부,5300,100,1.92,5230,5360,5230,92561,491125720,301357189100,56859847
20210824,217620,디딤,KOSDAQ,중견기업부,2130,20,0.95,2090,2185,2090,146480,310182215,81023821890,38039353
20210824,187870,디바이스이엔지,KOSDAQ,우량기업부,35050,550,1.59,34500,35100,34450,53047,1849969950,246633145450,7036609
20210824,066670,디스플레이텍,KOSDAQ,중견기업부,5780,120,2.12,5670,5850,5610,1084500,6250971670,108039286040,18691918
20210824,110990,디아이티,KOSDAQ,우량기업부,9760,230,2.41,9530,10200,9530,48805,484309630,184464000000,18900000
20210824,263690,디알젬,KOSDAQ,우량기업부,11750,350,3.07,11400,11750,11400,28178,328229200,133075917500,11325610
20210824,214680,디알텍,KOSDAQ,벤처기업부,1535,55,3.72,1480,1540,1480,331603,504443655,86855575795,56583437
20210824,263720,디앤씨미디어,KOSDAQ,벤처기업부,41900,1400,3.46,40600,42100,40600,35929,1498462600,514327150900,12275111
20210824,109740,디에스케이,KOSDAQ,우량기업부,8560,80,0.94,8580,8660,8490,47649,409265650,174236771280,20354763
20210824,033430,디에스티,KOSDAQ,관리종목(소속부없음),120,-250,-67.57,150,174,114,32521682,4564605265,8874725280,73956044
20210824,131030,디에이치피코리아,KOSDAQ,우량기업부,7500,270,3.73,7330,7520,7300,68230,507601760,124235977500,16564797
20210824,196490,디에이테크놀로지,KOSDAQ,벤처기업부,6410,330,5.43,6140,6420,6110,566346,3567170930,152959310870,23862607
20210824,066900,디에이피,KOSDAQ,우량기업부,3960,125,3.26,3875,4005,3850,83488,328785450,90068231880,22744503
20210824,127120,디엔에이링크,KOSDAQ,기술성장기업부,5280,230,4.55,5020,5280,5000,285927,1465868980,86558693760,16393692
20210824,092070,디엔에프,KOSDAQ,우량기업부,25000,100,0.40,25150,25500,24250,259080,6425560550,269045700000,10761828
20210824,134580,디엠티,KOSDAQ,중견기업부,3095,30,0.98,3140,3140,3060,27309,84036155,34818750000,11250000
20210824,039840,디오,KOSDAQ,우량기업부,49750,-850,-1.68,50800,51300,49550,187088,9396556400,784771872750,15774309
20210824,104460,디와이피엔에프,KOSDAQ,우량기업부,40100,750,1.91,39350,42000,39250,183294,7305163300,429616362500,10713625
20210824,079810,디이엔티,KOSDAQ,중견기업부,5610,290,5.45,5320,5700,5320,116023,646356750,73136778990,13036859
20210824,227100,디자인,KOSDAQ,벤처기업부,15550,100,0.65,15450,16100,15350,39818,622410950,73099321550,4700921
20210824,113810,디젠스,KOSDAQ,벤처기업부,1100,60,5.77,1055,1140,1035,1761271,1902431960,35890856100,32628051
20210824,043360,디지아이,KOSDAQ,벤처기업부,3870,80,2.11,3800,3965,3800,94357,368200555,34830000000,9000000
20210824,197140,디지캡,KOSDAQ,벤처기업부,5860,90,1.56,5800,5950,5800,33524,196755470,50438004480,8607168
20210824,106520,디지탈옵틱,KOSDAQ,관리종목(소속부없음),5480,-70,-1.26,5470,5530,5290,143541,775112430,72114060000,13159500
20210824,068930,디지털대성,KOSDAQ,우량기업부,8440,140,1.69,8350,8460,8300,57973,487297670,250946427160,29732989
20210824,033130,디지틀조선,KOSDAQ,중견기업부,3370,125,3.85,3300,3625,3255,1784545,6128492055,125078449790,37115267
20210824,105740,디케이락,KOSDAQ,우량기업부,11050,100,0.91,10950,11200,10850,42808,471087250,93371527600,8449912
20210824,263020,디케이앤디,KOSDAQ,벤처기업부,9490,150,1.61,9340,9570,9340,51624,488219230,73672786980,7763202
20210824,290550,디케이티,KOSDAQ,우량기업부,13950,350,2.57,13950,15300,13500,754043,10916106300,114827095350,8231333
20210824,187220,디티앤씨,KOSDAQ,벤처기업부,6320,60,0.96,6280,6350,6270,10874,68515750,71310399120,11283291
20210824,131180,딜리,KOSDAQ,벤처기업부,2090,90,4.50,2020,2145,2020,548811,1142513505,61341500000,29350000
20210824,315640,딥노이드,KOSDAQ,기술성장기업부,43550,2100,5.07,42250,44750,42000,373260,16152567450,186872919350,4290997
20210824,317120,라닉스,KOSDAQ,기술성장기업부,9310,360,4.02,8970,9390,8970,56472,523486060,89846155000,9650500
20210824,042510,라온시큐어,KOSDAQ,벤처기업부,4385,105,2.45,4270,4420,4270,377741,1651109885,169553681210,38666746
20210824,232680,라온테크,KOSDAQ,기술성장기업부,29050,-150,-0.51,29100,29900,28850,30548,893610850,141938445250,4886005
20210824,300120,라온피플,KOSDAQ,벤처기업부,20300,100,0.50,20500,20600,19850,90997,1833841750,213518566800,10518156
20210824,171120,라이온켐텍,KOSDAQ,중견기업부,9120,390,4.47,8880,9250,8880,54190,490909950,172309413120,18893576
20210824,069540,라이트론,KOSDAQ,관리종목(소속부없음),5420,0,0.00,0,0,0,0,0,141255801520,26061956
20210824,347700,라이프시맨틱스,KOSDAQ,기술성장기업부,11800,250,2.16,11550,12000,11350,288092,3371828700,119413286000,10119770
20210824,214260,라파스,KOSDAQ,기술성장기업부,62500,1300,2.12,61700,65000,61300,278734,17643540600,536854125000,8589666
20210824,171010,램테크놀러지,KOSDAQ,벤처기업부,5820,70,1.22,5790,5890,5750,60319,351917640,67552553760,11606968
20210824,084650,랩지노믹스,KOSDAQ,우량기업부,33200,5500,19.86,27750,35500,27700,8211595,270598246150,380143220400,11450097
20210824,217500,러셀,KOSDAQ,벤처기업부,4055,105,2.66,3940,4085,3940,107216,432219335,128997660000,31812000
20210824,141080,레고켐바이오,KOSDAQ,기술성장기업부,57500,3700,6.88,54000,57800,53300,626113,35260778800,1386660685000,24115838
20210824,060300,레드로버,KOSDAQ,관리종목(소속부없음),1830,0,0.00,0,0,0,0,0,48840480210,26688787
20210824,038390,레드캡투어,KOSDAQ,우량기업부,24400,1000,4.27,23750,24750,23750,24422,596035800,209583312000,8589480
20210824,294140,레몬,KOSDAQ,기술성장기업부,7920,220,2.86,7750,7930,7700,166839,1310750050,293040000000,37000000
20210824,228670,레이,KOSDAQ,우량기업부,33100,1300,4.09,32200,33350,31800,228510,7510578950,440446275400,13306534
20210824,228850,레이언스,KOSDAQ,우량기업부,16150,0,0.00,16400,16600,15750,151830,2459809050,267944876100,16591014
20210824,281740,레이크머티리얼즈,KOSDAQ,벤처기업부,5320,170,3.30,5200,5690,5130,19794605,107714283640,349686515360,65730548
20210824,277810,레인보우로보틱스,KOSDAQ,기술성장기업부,20700,200,0.98,20700,20900,20300,60973,1258955900,333998929800,16135214
20210824,215100,로보로보,KOSDAQ,벤처기업부,3580,205,6.07,3385,3650,3385,494516,1747303015,72847465320,20348454
20210824,090360,로보스타,KOSDAQ,중견기업부,22650,750,3.42,21950,23150,21950,84106,1901563250,220837500000,9750000
20210824,108490,로보티즈,KOSDAQ,기술성장기업부,14400,350,2.49,14050,14600,14050,48499,699364150,162014400000,11251000
20210824,900260,로스웰,KOSDAQ,외국기업(소속부없음),323,3,0.94,324,328,318,434163,140573049,58190531089,180156443
20210824,067730,로지시스,KOSDAQ,중견기업부,7910,140,1.80,7710,7990,7710,98057,772245170,76520723020,9673922
20210824,071280,로체시스템즈,KOSDAQ,벤처기업부,5010,115,2.35,4970,5060,4940,52371,262221420,76635981030,15296603
20210824,038060,루멘스,KOSDAQ,관리종목(소속부없음),1265,45,3.69,1220,1270,1220,249347,311666750,60850382285,48103069
20210824,085370,루트로닉,KOSDAQ,투자주의환기종목(소속부없음),18750,-400,-2.09,19500,19800,18450,1054180,19972444750,490114725000,26139452
20210824,08537M,루트로닉3우C,KOSDAQ,투자주의환기종목(소속부없음),26350,-1550,-5.56,28000,28000,26200,2422,63939250,9623599700,365222
20210824,060240,룽투코리아,KOSDAQ,벤처기업부,6230,440,7.60,5880,6280,5880,219476,1357162790,158424439320,25429284
20210824,058470,리노공업,KOSDAQ,우량기업부,176300,800,0.46,177900,179500,175000,37748,6681388300,2687229831000,15242370
20210824,039980,리노스,KOSDAQ,중견기업부,1325,30,2.32,1305,1345,1305,345683,459198400,57738578950,43576286
20210824,019570,리더스 기술투자,KOSDAQ,중견기업부,835,59,7.60,778,860,778,3976115,3301377167,104662619090,125344454
20210824,016100,리더스코스메틱,KOSDAQ,중견기업부,4230,185,4.57,4115,4245,4065,48048,200717440,80796781620,19100894
20210824,012700,리드코프,KOSDAQ,우량기업부,9740,0,0.00,9680,9800,9660,283485,2753640500,257585354900,26446135
20210824,302550,리메드,KOSDAQ,기술성장기업부,25300,350,1.40,25350,25750,24900,46006,1161917050,154699784800,6114616
20210824,029480,릭스솔루션,KOSDAQ,중견기업부,460,7,1.55,453,462,452,755345,346022659,38832205940,84417839
20210824,277070,린드먼아시아,KOSDAQ,중견기업부,6600,130,2.01,6470,6700,6470,63721,420112620,89344200000,13537000
20210824,042500,링네트,KOSDAQ,우량기업부,6650,270,4.23,6410,6670,6410,149517,979398550,102123238700,15356878
20210824,219420,링크제니시스,KOSDAQ,기술성장기업부,8720,340,4.06,8430,8840,8430,243421,2112367640,100014101040,11469507
20210824,195500,마니커에프앤지,KOSDAQ,중견기업부,5310,180,3.51,5210,5310,5190,91531,481409460,83728080000,15768000
20210824,222810,마이더스AI,KOSDAQ,관리종목(소속부없음),360,39,12.15,323,383,321,6597829,2380829888,50841825840,141227294
20210824,305090,마이크로디지탈,KOSDAQ,기술성장기업부,22600,-500,-2.16,23100,23500,22450,179461,4094744050,164112160000,7261600
20210824,098120,마이크로컨텍솔,KOSDAQ,벤처기업부,8570,290,3.50,8320,8760,8320,132371,1138075580,71240404620,8312766
20210824,147760,마이크로프랜드,KOSDAQ,벤처기업부,9300,250,2.76,9090,9350,9030,170869,1569834290,100624753800,10819866
20210824,038290,마크로젠,KOSDAQ,우량기업부,33150,800,2.47,32350,33750,32250,93705,3095960100,355220515650,10715551
20210824,220630,맘스터치,KOSDAQ,우량기업부,4280,110,2.64,4175,4280,4175,269307,1138622250,435779032680,101817531
20210824,267980,매일유업,KOSDAQ,우량기업부,73900,1400,1.93,72500,74000,72400,19652,1447116500,579644848200,7843638
20210824,005990,매일홀딩스,KOSDAQ,우량기업부,10100,230,2.33,9930,10200,9920,17605,177152750,138554870400,13718304
20210824,127160,매직마이크로,KOSDAQ,관리종목(소속부없음),282,0,0.00,0,0,0,0,0,24427827282,86623501
20210824,093520,매커스,KOSDAQ,중견기업부,6170,340,5.83,5890,6340,5890,167545,1029082640,99726277640,16163092
20210824,141070,맥스로텍,KOSDAQ,투자주의환기종목(소속부없음),743,0,0.00,0,0,0,0,0,26670245050,35895350
20210824,377030,맥스트,KOSDAQ,기술성장기업부,66900,-600,-0.89,67900,73000,64900,515723,35804428900,570890547900,8533491
20210824,100590,머큐리,KOSDAQ,우량기업부,9260,240,2.66,9150,9300,9060,62953,582131430,136710936000,14763600
20210824,067280,멀티캠퍼스,KOSDAQ,우량기업부,37650,2000,5.61,36400,38300,35850,15462,569836400,223143229350,5926779
20210824,072870,메가스터디,KOSDAQ,중견기업부,12900,150,1.18,12900,13100,12800,64431,833165850,153780371100,11920959
20210824,215200,메가스터디교육,KOSDAQ,우량기업부,69000,1000,1.47,68100,70300,68100,70725,4873813800,818469720000,11861880
20210824,133750,메가엠디,KOSDAQ,중견기업부,4835,235,5.11,4625,4865,4625,226315,1082318035,113173217295,23407077
20210824,235980,메드팩토,KOSDAQ,기술성장기업부,60400,2800,4.86,57100,61200,57100,162831,9791904400,1238824656800,20510342
20210824,041920,메디아나,KOSDAQ,우량기업부,11600,500,4.50,11250,11600,11150,38982,447216200,100345753600,8650496
20210824,014100,메디앙스,KOSDAQ,투자주의환기종목(소속부없음),6200,0,0.00,0,0,0,0,0,73160000000,11800000
20210824,054180,메디콕스,KOSDAQ,중견기업부,1695,20,1.19,1675,1740,1610,6497974,10844381720,125439619125,74005675
20210824,086900,메디톡스,KOSDAQ,우량기업부,188300,1000,0.53,189800,194800,186000,64339,12204466400,1177700507200,6254384
20210824,078160,메디포스트,KOSDAQ,벤처기업부,27000,800,3.05,26200,27250,26200,87736,2354394500,439133238000,16264194
20210824,065650,메디프론,KOSDAQ,중견기업부,2800,135,5.07,2675,2805,2675,263404,726359475,122124685200,43615959
20210824,021880,메이슨캐피탈,KOSDAQ,중견기업부,546,7,1.30,548,551,536,241166,131084825,82546686768,151184408
20210824,140410,메지온,KOSDAQ,중견기업부,178700,-15600,-8.03,200000,200000,176700,350331,64337577200,1590466812200,8900206
20210824,241770,메카로,KOSDAQ,투자주의환기종목(소속부없음),10400,100,0.97,10450,10600,10150,9069,94801000,105525056000,10146640
20210824,059210,메타바이오메드,KOSDAQ,벤처기업부,3185,130,4.26,3095,3215,3080,547198,1735846520,76001587935,23862351
20210824,058110,멕아이씨에스,KOSDAQ,기술성장기업부,12250,450,3.81,11800,12600,11800,109331,1334335050,196618992500,16050530
20210824,096640,멜파스,KOSDAQ,중견기업부,3820,-110,-2.80,3920,4020,3620,5668480,22003927025,136582594920,35754606
20210824,257370,명성티엔에스,KOSDAQ,투자주의환기종목(소속부없음),9210,0,0.00,0,0,0,0,0,59319850890,6440809
20210824,080420,모다이노칩,KOSDAQ,우량기업부,3415,150,4.59,3270,3420,3270,98184,330998545,272249339130,79721622
20210824,080160,모두투어,KOSDAQ,중견기업부,23600,1300,5.83,23000,23800,23000,286033,6734087450,446040000000,18900000
20210824,100030,모바일리더,KOSDAQ,중견기업부,21600,1050,5.11,20550,21600,20500,39143,828503100,70928222400,3283714
20210824,087260,모바일어플라이언스,KOSDAQ,벤처기업부,3970,115,2.98,3860,4010,3860,281573,1118326175,128875910620,32462446
20210824,101330,모베이스,KOSDAQ,중견기업부,3665,90,2.52,3590,3700,3575,98395,360805450,87806759020,23958188
20210824,012860,모베이스전자,KOSDAQ,중견기업부,2060,50,2.49,2055,2080,2020,258427,529304740,135554421020,65803117
20210824,348030,모비릭스,KOSDAQ,중견기업부,20550,0,0.00,20850,21000,20500,48677,1008024850,191197200000,9304000
20210824,250060,모비스,KOSDAQ,기술성장기업부,2505,60,2.45,2450,2585,2445,161608,403004025,80589141570,32171314
20210824,033200,모아텍,KOSDAQ,중견기업부,8360,310,3.85,8050,8360,8050,31639,261028300,119808706600,14331185
20210824,118990,모트렉스,KOSDAQ,중견기업부,6230,200,3.32,6060,6270,6060,854708,5296083880,253477623910,40686617
20210824,006920,모헨즈,KOSDAQ,중견기업부,4920,135,2.82,4870,5020,4860,68636,337634360,53726400000,10920000
20210824,001810,무림SP,KOSDAQ,우량기업부,3360,140,4.35,3235,3380,3235,66209,220118295,74382000000,22137500
20210824,279600,미디어젠,KOSDAQ,기술성장기업부,15050,-200,-1.31,15350,15600,14750,70333,1053872550,70505954050,4684781
20210824,095500,미래나노텍,KOSDAQ,우량기업부,4310,145,3.48,4220,4385,4200,300591,1296401805,124199239990,28816529
20210824,218150,미래생명자원,KOSDAQ,벤처기업부,3950,150,3.95,3800,3950,3800,71502,279768765,73752140600,18671428
20210824,353490,미래에셋대우스팩 5호,KOSDAQ,SPAC(소속부없음),2195,0,0.00,2210,2210,2190,12622,27718175,11106700000,5060000
20210824,328380,미래에셋대우스팩3호,KOSDAQ,SPAC(소속부없음),2170,5,0.23,2160,2180,2155,25688,55694170,14065940000,6482000
20210824,100790,미래에셋벤처투자,KOSDAQ,중견기업부,8820,360,4.26,8560,9000,8550,993118,8773379470,407447158860,46195823
20210824,049950,미래컴퍼니,KOSDAQ,우량기업부,30350,0,0.00,30450,30950,30150,24593,752369950,253795987100,8362306
20210824,213090,미래테크놀로지,KOSDAQ,중견기업부,11100,350,3.26,10900,11150,10800,10629,116615200,67940746800,6120788
20210824,207760,미스터블루,KOSDAQ,중견기업부,8690,420,5.08,8230,8700,8230,216806,1850407370,215178608150,24761635
20210824,059090,미코,KOSDAQ,우량기업부,13250,350,2.71,13100,13300,13000,266808,3515764900,434424106250,32786725
20210824,214610,미코바이오메드,KOSDAQ,기술성장기업부,12300,50,0.41,12200,12600,12150,144165,1775928750,224980530000,18291100
20210824,201490,미투온,KOSDAQ,중견기업부,5640,260,4.83,5470,5670,5440,193567,1080039250,176293822800,31257770
20210824,950190,미투젠,KOSDAQ,외국기업(소속부없음),20350,450,2.26,19950,20900,19950,55177,1130072800,276350802200,13579892
20210824,214180,민앤지,KOSDAQ,우량기업부,23400,1300,5.88,22450,23450,22450,315483,7286906500,289281938400,12362476
20210824,206640,바디텍메드,KOSDAQ,우량기업부,19250,550,2.94,18650,19650,18650,211320,4054281800,452116280000,23486560
20210824,018700,바른손,KOSDAQ,중견기업부,2560,125,5.13,2465,2575,2445,452987,1143648155,75447006720,29471487
20210824,035620,바른손이앤에이,KOSDAQ,중견기업부,1335,30,2.30,1310,1360,1310,248298,331478340,98107151505,73488503
20210824,064520,바른전자,KOSDAQ,관리종목(소속부없음),1005,0,0.00,0,0,0,0,0,74054909385,73686477
20210824,053030,바이넥스,KOSDAQ,우량기업부,19350,1450,8.10,18000,19450,17950,592895,11165653000,614576278800,31761048
20210824,301300,바이브컴퍼니,KOSDAQ,기술성장기업부,42600,1100,2.65,41850,43350,41850,71512,3050196250,229791642000,5394170
20210824,064550,바이오니아,KOSDAQ,기술성장기업부,68500,1300,1.93,66500,68800,65900,2484553,167192920000,1726993161500,25211579
20210824,314930,바이오다인,KOSDAQ,기술성장기업부,43600,900,2.11,42700,43850,42700,29233,1267530300,268933302000,6168195
20210824,208710,바이오로그디바이스,KOSDAQ,중견기업부,5950,-10,-0.17,5860,6150,5610,19426125,114936680720,246516901400,41431412
20210824,142760,바이오리더스,KOSDAQ,기술성장기업부,8680,380,4.58,8370,8760,8350,433600,3724322470,238501158560,27477092
20210824,086820,바이오솔루션,KOSDAQ,기술성장기업부,27000,-350,-1.28,27000,27400,26750,99302,2680400750,218468502000,8091426
20210824,038460,바이오스마트,KOSDAQ,우량기업부,6500,310,5.01,6200,6590,6200,262863,1691710090,130570700000,20087800
20210824,086040,바이오톡스텍,KOSDAQ,벤처기업부,10150,450,4.64,9880,10250,9690,136303,1357389470,148871298450,14667123
20210824,032980,바이온,KOSDAQ,중견기업부,1435,35,2.50,1410,1450,1390,1665414,2368445535,96002614995,66900777
20210824,043150,바텍,KOSDAQ,우량기업부,41750,-100,-0.24,42450,42550,41200,116986,4888400650,620165188000,14854256
20210824,323990,박셀바이오,KOSDAQ,기술성장기업부,73800,3200,4.53,70800,76700,70700,422264,31094495900,1123457400000,15223000
20210824,267790,배럴,KOSDAQ,중견기업부,8760,330,3.91,8410,8790,8410,21961,191239510,69076980000,7885500
20210824,046310,백금T&A,KOSDAQ,중견기업부,3610,110,3.14,3550,3675,3550,135378,490861905,59271294010,16418641
20210824,066410,버킷스튜디오,KOSDAQ,중견기업부,2230,145,6.95,2130,2235,2110,617632,1348717705,91899936820,41210734
20210824,206400,베노홀딩스,KOSDAQ,중견기업부,6090,0,0.00,6090,6170,6030,153381,933178840,140770155120,23114968
20210824,019010,베뉴지,KOSDAQ,중견기업부,2105,90,4.47,2045,2130,2035,171865,359326350,101461000000,48200000
20210824,177350,베셀,KOSDAQ,중견기업부,4770,330,7.43,4495,4835,4480,150430,695633920,54760067460,11480098
20210824,299910,베스파,KOSDAQ,관리종목(소속부없음),27200,50,0.18,27400,28200,26700,23683,648220800,223228115200,8206916
20210824,225530,보광산업,KOSDAQ,벤처기업부,6760,470,7.47,6460,6980,6400,300963,2026449510,245649794520,36338727
20210824,250000,보라티알,KOSDAQ,중견기업부,15650,250,1.62,15500,15900,15250,64931,1012659450,105648971450,6750733
20210824,006910,보성파워텍,KOSDAQ,중견기업부,3870,130,3.48,3820,3890,3750,1014338,3889862355,190132418880,49129824
20210824,226340,본느,KOSDAQ,중견기업부,2890,105,3.77,2790,2910,2790,152664,437559155,88721832440,30699596
20210824,014470,부방,KOSDAQ,중견기업부,2820,80,2.92,2735,2845,2735,76192,214861365,169347373200,60052260
20210824,008470,부스타,KOSDAQ,우량기업부,6410,190,3.05,6340,6460,6250,59164,377122920,53874768000,8404800
20210824,338220,뷰노,KOSDAQ,기술성장기업부,22850,500,2.24,22350,23800,22350,94069,2158983550,255203789600,11168656
20210824,100120,뷰웍스,KOSDAQ,우량기업부,41800,600,1.46,41500,42500,41200,53719,2242255350,418077957000,10001865
20210824,337930,브랜드엑스코퍼레이션,KOSDAQ,우량기업부,14500,350,2.47,14300,14900,14250,123706,1795367800,286155049500,19734831
20210824,099390,브레인즈컴퍼니,KOSDAQ,벤처기업부,48050,-1950,-3.90,49300,49900,46500,483708,23278948350,197427647800,4108796
20210824,064480,브리지텍,KOSDAQ,벤처기업부,4815,130,2.77,4685,4885,4685,233184,1117396305,57551287500,11952500
20210824,288330,브릿지바이오테라퓨틱스,KOSDAQ,기술성장기업부,12350,400,3.35,11950,12400,11950,46850,570997100,241981379900,19593634
20210824,251630,브이원텍,KOSDAQ,중견기업부,9520,80,0.85,9450,9640,9420,71290,678779960,143281521600,15050580
20210824,018290,브이티지엠피,KOSDAQ,우량기업부,8500,110,1.31,8400,8550,8400,140505,1193248110,293113090500,34483893
20210824,044480,블루베리 NFT,KOSDAQ,중견기업부,2820,0,0.00,2890,2890,2780,86313,242470210,80638850340,28595337
20210824,033560,블루콤,KOSDAQ,벤처기업부,10800,350,3.35,10500,10850,10500,54933,586983100,195350907600,18088047
20210824,126340,비나텍,KOSDAQ,벤처기업부,51200,100,0.20,51200,51900,50000,51794,2637092000,263332198400,5143207
20210824,121800,비덴트,KOSDAQ,벤처기업부,10150,-100,-0.98,10350,10400,10000,1270562,12929154950,463589120750,45673805
20210824,148140,비디아이,KOSDAQ,관리종목(소속부없음),1985,100,5.31,1945,2065,1875,1115202,2184912950,52183277925,26288805
20210824,082800,비보존 헬스케어,KOSDAQ,중견기업부,1580,55,3.61,1595,1625,1545,3583518,5640022080,267409896600,169246770
20210824,318410,비비씨,KOSDAQ,중견기업부,17100,100,0.59,17250,17400,17050,18738,322006650,94994655300,5555243
20210824,200780,비씨월드제약,KOSDAQ,우량기업부,21300,1300,6.50,19900,22000,19900,736817,15686281550,189407779200,8892384
20210824,141000,비아트론,KOSDAQ,우량기업부,10250,150,1.49,10150,10300,10150,100391,1025582750,124175777500,12114710
20210824,090460,비에이치,KOSDAQ,우량기업부,19550,300,1.56,19600,20150,19200,430063,8480693800,658692050400,33692688
20210824,083650,비에이치아이,KOSDAQ,중견기업부,4480,240,5.66,4265,4480,4265,202048,893601865,116480000000,26000000
20210824,086670,비엠티,KOSDAQ,우량기업부,11500,150,1.32,11350,11650,11250,77147,885022950,93685083500,8146529
20210824,335890,비올,KOSDAQ,벤처기업부,2330,100,4.48,2265,2330,2200,210860,472841740,130431769000,55979300
20210824,138580,비즈니스온,KOSDAQ,벤처기업부,20650,-150,-0.72,21100,21100,20600,14282,297012150,234923486000,11376440
20210824,082920,비츠로셀,KOSDAQ,우량기업부,15800,250,1.61,15600,16000,15600,62872,992487750,340318601600,21539152
20210824,054220,비츠로시스,KOSDAQ,관리종목(소속부없음),5430,0,0.00,0,0,0,0,0,132601544820,24420174
20210824,042370,비츠로테크,KOSDAQ,우량기업부,10450,150,1.46,10350,10600,10350,91948,963443650,273790261250,26200025
20210824,032850,비트컴퓨터,KOSDAQ,벤처기업부,9490,220,2.37,9350,9620,9350,234936,2225418730,157755050570,16623293
20210824,238200,비피도,KOSDAQ,기술성장기업부,14000,100,0.72,13750,14300,13750,92779,1296290750,114520000000,8180000
20210824,093190,빅솔론,KOSDAQ,우량기업부,6190,-10,-0.16,6300,6300,6120,113179,702520550,119088821950,19238905
20210824,065450,빅텍,KOSDAQ,중견기업부,6730,30,0.45,6660,6760,6650,1200447,8042947470,192833344000,28652800
20210824,072950,빛샘전자,KOSDAQ,벤처기업부,8070,160,2.02,7990,8170,7950,62644,503866940,50283032130,6230859
20210824,143240,사람인에이치알,KOSDAQ,우량기업부,49600,1200,2.48,48550,49700,48400,23858,1174788850,578299444800,11659263
20210824,100090,삼강엠앤티,KOSDAQ,중견기업부,19700,350,1.81,19600,20050,18900,1455900,28457733450,720515049600,36574368
20210824,122350,삼기,KOSDAQ,중견기업부,5820,-270,-4.43,6000,6230,5620,9641636,57753575940,223135470960,38339428
20210824,014970,삼륭물산,KOSDAQ,중견기업부,7350,190,2.65,7120,7470,7120,20843,152386230,111168750000,15125000
20210824,018310,삼목에스폼,KOSDAQ,우량기업부,15250,200,1.33,15150,15600,14900,65989,1003866100,224175000000,14700000
20210824,053700,삼보모터스,KOSDAQ,중견기업부,6440,230,3.70,6220,6480,6220,94470,604481760,121225890240,18823896
20210824,009620,삼보산업,KOSDAQ,중견기업부,1680,95,5.99,1600,1730,1600,728404,1220587730,63994973280,38092246
20210824,023600,삼보판지,KOSDAQ,우량기업부,14300,450,3.25,13900,14400,13900,51081,727120350,231231000000,16170000
20210824,380320,삼성머스트스팩5호,KOSDAQ,SPAC(소속부없음),4995,30,0.60,4965,5130,4800,76866,383397320,24025950000,4810000
20210824,377630,삼성스팩4호,KOSDAQ,SPAC(소속부없음),5430,-70,-1.27,5450,5620,5410,123733,680029470,21828600000,4020000
20210824,009300,삼아제약,KOSDAQ,우량기업부,16300,150,0.93,16150,16550,16100,14492,235409450,103831000000,6370000
20210824,225190,삼양옵틱스,KOSDAQ,중견기업부,10150,0,0.00,10200,10250,10050,14743,149588700,102604320000,10108800
20210824,361670,삼영에스앤씨,KOSDAQ,기술성장기업부,13500,600,4.65,13050,13500,12950,79687,1057795300,75021633000,5557158
20210824,054540,삼영엠텍,KOSDAQ,우량기업부,5250,70,1.35,5210,5300,5180,159929,837629290,68250000000,13000000
20210824,065570,삼영이엔씨,KOSDAQ,벤처기업부,8410,700,9.08,7710,8410,7710,142174,1158514290,80715832820,9597602
20210824,032280,삼일,KOSDAQ,중견기업부,6190,0,0.00,6500,6830,6010,19612847,126782334990,100362122100,16213590
20210824,002290,삼일기업공사,KOSDAQ,중견기업부,8930,460,5.43,8470,9310,8450,1954761,17399959200,110732000000,12400000
20210824,037460,삼지전자,KOSDAQ,우량기업부,12800,450,3.64,12500,12850,12500,107555,1370238050,208877081600,16318522
20210824,032750,삼진,KOSDAQ,우량기업부,10250,100,0.99,10150,10500,10050,35415,362889600,61500000000,6000000
20210824,054090,삼진엘앤디,KOSDAQ,중견기업부,3315,110,3.43,3210,3340,3210,333289,1100571290,82739854080,24959232
20210824,000250,삼천당제약,KOSDAQ,우량기업부,59200,0,0.00,59100,60900,58300,639763,38112385000,1347868027200,22768041
20210824,024950,삼천리자전거,KOSDAQ,중견기업부,10050,250,2.55,9890,10100,9840,176480,1766744130,133399448850,13273577
20210824,038500,삼표시멘트,KOSDAQ,우량기업부,5250,110,2.14,5260,5300,5160,251221,1314471940,563625158250,107357173
20210824,017480,삼현철강,KOSDAQ,우량기업부,6690,440,7.04,6380,7050,6360,334656,2271163170,105052334100,15702890
20210824,046390,삼화네트웍스,KOSDAQ,중견기업부,3010,285,10.46,2765,3210,2750,8283664,25559219015,129950528330,43172933
20210824,027580,상보,KOSDAQ,중견기업부,2100,110,5.53,2020,2140,2020,630312,1316832760,105109708200,50052242
20210824,038540,상상인,KOSDAQ,우량기업부,8150,-20,-0.24,8170,8320,8060,266354,2180934440,450925750950,55328313
20210824,307870,상상인이안1호스팩,KOSDAQ,SPAC(소속부없음),3650,-5,-0.14,3640,3800,3630,110790,405412450,17337500000,4750000
20210824,329560,상상인이안제2호스팩,KOSDAQ,SPAC(소속부없음),2220,0,0.00,2210,2230,2200,132493,292182320,8547000000,3850000
20210824,101000,상상인인더스트리,KOSDAQ,중견기업부,1015,39,4.00,976,1040,976,314045,319608131,72827053880,71750792
20210824,091580,상신이디피,KOSDAQ,우량기업부,17100,250,1.48,17100,17400,16650,509307,8695358750,228145823100,13341861
20210824,263810,상신전자,KOSDAQ,중견기업부,4100,145,3.67,3980,4100,3980,59010,238979810,58403343800,14244718
20210824,089980,상아프론테크,KOSDAQ,우량기업부,59900,100,0.17,60100,61600,58200,604939,36195922700,941913423500,15724765
20210824,042940,상지카일룸,KOSDAQ,중견기업부,1610,-40,-2.42,1670,1675,1580,1441341,2319461530,118645230900,73692690
20210824,042600,새로닉스,KOSDAQ,중견기업부,13850,-300,-2.12,14150,14800,13500,387317,5507864900,172066499900,12423574
20210824,252990,샘씨엔에스,KOSDAQ,기술성장기업부,7360,360,5.14,7400,7540,7030,1488789,10877614720,369132306560,50153846
20210824,263540,샘코,KOSDAQ,투자주의환기종목(소속부없음),2015,0,0.00,0,0,0,0,0,60278610145,29914943
20210824,294630,서남,KOSDAQ,기술성장기업부,3535,90,2.61,3430,3610,3430,114408,406375230,72931150600,20631160
20210824,038070,서린바이오,KOSDAQ,우량기업부,37850,-1600,-4.06,39550,42450,35750,7707951,306387570900,314180586600,8300676
20210824,006730,서부T&D,KOSDAQ,중견기업부,8670,160,1.88,8600,8770,8550,128633,1118148630,513774931770,59258931
20210824,079650,서산,KOSDAQ,중견기업부,2835,95,3.47,2770,2865,2740,56883,159676450,56700000000,20000000
20210824,100660,서암기계공업,KOSDAQ,중견기업부,6000,140,2.39,5860,6020,5860,50831,302640090,75600000000,12600000
20210824,019770,서연탑메탈,KOSDAQ,중견기업부,7190,320,4.66,6880,7210,6880,97203,694043240,83763500000,11650000
20210824,043710,서울리거,KOSDAQ,중견기업부,1070,25,2.39,1085,1085,1050,123751,131008280,41457749200,38745560
20210824,092190,서울바이오시스,KOSDAQ,우량기업부,16250,150,0.93,16150,16450,16150,125960,2053825700,621134361250,38223653
20210824,046890,서울반도체,KOSDAQ,우량기업부,16500,400,2.48,16200,16550,16050,396636,6505947650,962039100000,58305400
20210824,063170,서울옥션,KOSDAQ,중견기업부,19000,0,0.00,19150,19400,18900,266704,5091960750,321432500000,16917500
20210824,027040,서울전자통신,KOSDAQ,중견기업부,812,24,3.05,800,824,797,192668,156132984,56506143764,69588847
20210824,018680,서울제약,KOSDAQ,중견기업부,9040,340,3.91,8880,9310,8800,261716,2354493970,77061687920,8524523
20210824,093920,서원인텍,KOSDAQ,우량기업부,6760,290,4.48,6470,6810,6470,87338,587971810,125736000000,18600000
20210824,189860,서전기전,KOSDAQ,벤처기업부,10700,650,6.47,10250,11050,10150,808375,8583827850,103776946000,9698780
20210824,178320,서진시스템,KOSDAQ,우량기업부,37300,900,2.47,36400,37750,36400,130008,4850820000,700878973300,18790321
20210824,122690,서진오토모티브,KOSDAQ,관리종목(소속부없음),2655,15,0.57,2640,2755,2580,165556,438853215,51882008130,19541246
20210824,140070,서플러스글로벌,KOSDAQ,우량기업부,4815,180,3.88,4795,4865,4710,260782,1250170950,178097220000,36988000
20210824,011370,서한,KOSDAQ,우량기업부,1905,60,3.25,1860,1940,1850,1888171,3569984155,192204717825,100894865
20210824,065710,서호전기,KOSDAQ,우량기업부,20250,400,2.02,19850,20600,19800,26845,542912950,104287500000,5150000
20210824,035890,서희건설,KOSDAQ,우량기업부,2030,50,2.53,2000,2050,1990,863347,1752088410,466511167710,229808457
20210824,357550,석경에이티,KOSDAQ,기술성장기업부,19650,700,3.69,19400,19700,19150,31372,611201750,107190750000,5455000
20210824,003100,선광,KOSDAQ,우량기업부,51000,200,0.39,50800,51200,50200,12843,650376000,336600000000,6600000
20210824,123420,선데이토즈,KOSDAQ,우량기업부,21350,350,1.67,21050,21600,21050,30977,661010000,204316126700,9569842
20210824,171090,선익시스템,KOSDAQ,우량기업부,23800,200,0.85,24000,24450,23300,253982,6073631600,215151262200,9039969
20210824,086710,선진뷰티사이언스,KOSDAQ,중견기업부,18300,850,4.87,17500,18300,17500,32082,578599300,111916395000,6115650
20210824,014620,성광벤드,KOSDAQ,중견기업부,9080,380,4.37,8810,9120,8800,130175,1175170120,259688000000,28600000
20210824,037350,성도이엔지,KOSDAQ,우량기업부,5800,160,2.84,5670,5840,5670,74377,429286480,89726000000,15470000
20210824,081580,성우전자,KOSDAQ,중견기업부,3010,50,1.69,2975,3035,2975,60057,180203400,46679510430,15508143
20210824,045300,성우테크론,KOSDAQ,중견기업부,5980,200,3.46,5860,5990,5840,228853,1357471040,57328161020,9586649
20210824,015750,성우하이텍,KOSDAQ,우량기업부,6030,130,2.20,5990,6080,5950,561409,3378448890,482400000000,80000000
20210824,080470,성창오토텍,KOSDAQ,중견기업부,9100,420,4.84,8770,9150,8770,72943,657788280,66430000000,7300000
20210824,043260,성호전자,KOSDAQ,중견기업부,1655,40,2.48,1620,1675,1620,379610,627312400,88385910520,53405384
20210824,148150,세경하이테크,KOSDAQ,우량기업부,24600,650,2.71,25000,26450,24000,2488469,63123939150,288902400000,11744000
20210824,053060,세동,KOSDAQ,중견기업부,1395,30,2.20,1395,1450,1390,96555,136379455,24355314765,17459007
20210824,017510,세명전기,KOSDAQ,중견기업부,5110,170,3.44,4945,5150,4945,117511,595211495,77907060000,15246000
20210824,011560,세보엠이씨,KOSDAQ,우량기업부,6550,130,2.02,6430,6580,6430,31156,202478040,68971500000,10530000
20210824,100700,세운메디칼,KOSDAQ,우량기업부,4710,70,1.51,4620,4755,4620,212307,1001000015,206298000000,43800000
20210824,234100,세원,KOSDAQ,우량기업부,4540,115,2.60,4350,4655,4350,508155,2303814210,152007131380,33481747
20210824,024830,세원물산,KOSDAQ,관리종목(소속부없음),6280,0,0.00,0,0,0,0,0,52438000000,8350000
20210824,258830,세종메디칼,KOSDAQ,벤처기업부,31500,-1950,-5.83,33100,33300,29850,310995,9896840100,213498841500,6777741
20210824,036630,세종텔레콤,KOSDAQ,우량기업부,607,19,3.23,586,614,586,4985767,3018230204,361772000000,596000000
20210824,039310,세중,KOSDAQ,관리종목(소속부없음),4270,145,3.52,4300,4405,4205,37926,162222565,77379518090,18121667
20210824,067770,세진티에스,KOSDAQ,중견기업부,5760,160,2.86,5580,5760,5540,388237,2188740680,48364375680,8396593
20210824,053450,세코닉스,KOSDAQ,투자주의환기종목(소속부없음),6440,0,0.00,0,0,0,0,0,93069669280,14451812
20210824,234340,세틀뱅크,KOSDAQ,우량기업부,31600,600,1.94,31000,31900,31000,34181,1081014000,298146000000,9435000
20210824,252500,세화피앤씨,KOSDAQ,중견기업부,3500,105,3.09,3395,3590,3395,103837,363430535,72601182500,20743195
20210824,347000,센코,KOSDAQ,기술성장기업부,20200,400,2.02,19850,20400,19850,20742,418360900,166675128800,8251244
20210824,331920,셀레믹스,KOSDAQ,기술성장기업부,18600,1100,6.29,17900,18850,17700,77653,1431298800,151853152800,8164148
20210824,049180,셀루메드,KOSDAQ,벤처기업부,8910,-110,-1.22,9030,9080,8880,476122,4254142150,352898129430,39606973
20210824,299660,셀리드,KOSDAQ,기술성장기업부,121300,-1900,-1.54,122600,129200,119100,415786,51239315600,1177664339600,9708692
20210824,268600,셀리버리,KOSDAQ,기술성장기업부,68800,-3200,-4.44,75000,75100,65900,783743,54029962300,1148149123200,16688214
20210824,108860,셀바스AI,KOSDAQ,벤처기업부,4395,-5,-0.11,4415,4495,4310,85006,372191260,96935878275,22055945
20210824,208370,셀바스헬스케어,KOSDAQ,벤처기업부,2510,45,1.83,2500,2570,2490,32511,81988300,54418215640,21680564
20210824,068760,셀트리온제약,KOSDAQ,우량기업부,172300,-3000,-1.71,177200,177300,169500,913867,158087375200,6296910949200,36546204
20210824,091990,셀트리온헬스케어,KOSDAQ,우량기업부,120200,600,0.50,121300,121600,118300,863275,103472218200,18633304113800,155019169
20210824,290690,소룩스,KOSDAQ,벤처기업부,14050,1150,8.91,13200,14400,13000,137795,1897897500,116008644150,8256843
20210824,053110,소리바다,KOSDAQ,관리종목(소속부없음),3960,0,0.00,0,0,0,0,0,19563782040,4940349
20210824,950200,소마젠,KOSDAQ,외국기업(소속부없음),11600,300,2.65,11300,11750,11300,48805,565918550,219977214800,18963553
20210824,032680,소프트센,KOSDAQ,중견기업부,2430,120,5.19,2310,2450,2310,4333013,10365435385,86935196430,35775801
20210824,032685,소프트센우,KOSDAQ,중견기업부,31400,-200,-0.63,31250,32250,31050,2011,63167150,4485709800,142857
20210824,258790,소프트캠프,KOSDAQ,벤처기업부,3075,80,2.67,2995,3110,2995,218672,670476835,76848198300,24991284
20210824,066910,손오공,KOSDAQ,중견기업부,2675,60,2.29,2635,2690,2615,191062,507921410,71947230675,26896161
20210824,043100,솔고바이오,KOSDAQ,중견기업부,1015,15,1.50,1020,1065,995,2294536,2350566694,61670596120,60759208
20210824,154040,솔루에타,KOSDAQ,중견기업부,3030,20,0.66,3025,3045,2975,403820,1213748120,41890404480,13825216
20210824,035610,솔본,KOSDAQ,중견기업부,5960,270,4.75,5800,6080,5800,137803,822425880,162982142120,27345997
20210824,357780,솔브레인,KOSDAQ,중견기업부,280700,-1900,-0.67,285200,285900,276300,70684,19821413600,2183443476200,7778566
20210824,036830,솔브레인홀딩스,KOSDAQ,우량기업부,33600,500,1.51,33100,33950,33100,38109,1280700550,704392281600,20964056
20210824,304100,솔트룩스,KOSDAQ,기술성장기업부,30250,1100,3.77,29600,30600,29450,62960,1897885600,153697678750,5080915
20210824,086980,쇼박스,KOSDAQ,중견기업부,3895,245,6.71,3700,4060,3700,1684241,6616629075,243827000000,62600000
20210824,050960,수산아이앤티,KOSDAQ,벤처기업부,21800,1200,5.83,21000,22100,20850,79659,1721156900,147171800000,6751000
20210824,084180,수성이노베이션,KOSDAQ,중견기업부,2025,15,0.75,2090,2090,1980,372999,753240260,112220085150,55417326
20210824,253840,수젠텍,KOSDAQ,기술성장기업부,18450,1050,6.03,17300,19100,17250,441739,8144234050,283925500200,15388916
20210824,058530,슈펙스비앤피,KOSDAQ,투자주의환기종목(소속부없음),1620,0,0.00,0,0,0,0,0,21187053360,13078428
20210824,236200,슈프리마,KOSDAQ,우량기업부,25050,650,2.66,24500,25350,24500,27113,681162300,180191488650,7193273
20210824,317770,슈프리마아이디,KOSDAQ,벤처기업부,17500,400,2.34,17250,17550,17250,6122,106184000,53445350000,3054020
20210824,094840,슈프리마에이치큐,KOSDAQ,벤처기업부,8620,230,2.74,8400,8690,8400,31505,268990590,90267260800,10471840
20210824,192440,슈피겐코리아,KOSDAQ,우량기업부,50300,1000,2.03,49500,50600,49350,14017,703747800,312683058900,6216363
20210824,099440,스맥,KOSDAQ,중견기업부,1835,75,4.26,1795,1850,1780,241184,440369295,56398007515,30734609
20210824,033790,스카이문스테크놀로지,KOSDAQ,관리종목(소속부없음),829,0,0.00,0,0,0,0,0,14190075900,17117100
20210824,131100,스카이이앤엠,KOSDAQ,투자주의환기종목(소속부없음),895,0,0.00,942,946,887,934646,844194851,36946678475,41281205
20210824,159910,스킨앤스킨,KOSDAQ,투자주의환기종목(소속부없음),263,0,0.00,0,0,0,0,0,75277601849,286226623
20210824,115570,스타플렉스,KOSDAQ,중견기업부,4555,80,1.79,4500,4650,4500,33976,155915120,36369433940,7984508
20210824,253450,스튜디오드래곤,KOSDAQ,우량기업부,86800,1300,1.52,85500,87000,85400,78229,6773661000,2604377146000,30004345
20210824,204630,스튜디오산타클로스,KOSDAQ,중견기업부,3150,0,0.00,0,0,0,0,0,92779643250,29453855
20210824,013810,스페코,KOSDAQ,중견기업부,6850,150,2.24,6700,6850,6700,89893,611134450,100389969500,14655470
20210824,039670,스포츠서울,KOSDAQ,관리종목(소속부없음),7360,0,0.00,0,0,0,0,0,67797501120,9211617
20210824,049830,승일,KOSDAQ,중견기업부,14250,750,5.56,13800,14350,13800,18739,263878700,87382596000,6132112
20210824,020710,시공테크,KOSDAQ,우량기업부,6750,290,4.49,6460,6750,6410,84349,562274630,135323797500,20047970
20210824,033170,시그네틱스,KOSDAQ,중견기업부,1700,115,7.26,1635,1700,1600,2304722,3957802215,145738142300,85728319
20210824,048870,시너지이노베이션,KOSDAQ,중견기업부,4175,195,4.90,3975,4200,3970,1510054,6162950490,331923108675,79502541
20210824,025320,시노펙스,KOSDAQ,중견기업부,3555,-25,-0.70,3670,3675,3550,2960925,10665369005,260378715690,73242958
20210824,269620,시스웍,KOSDAQ,벤처기업부,2005,105,5.53,1925,2050,1915,5164926,10284581325,149975920790,74800958
20210824,131090,시큐브,KOSDAQ,벤처기업부,1440,65,4.73,1420,1440,1405,190762,271984045,60480000000,42000000
20210824,139050,시티랩스,KOSDAQ,투자주의환기종목(소속부없음),627,14,2.28,617,635,616,326220,204071352,55653141984,88760992
20210824,290520,신도기연,KOSDAQ,우량기업부,15000,0,0.00,15000,15500,14750,20248,304979150,120919200000,8061280
20210824,001000,신라섬유,KOSDAQ,중견기업부,2885,85,3.04,2800,2915,2775,558872,1598197655,70040702900,24277540
20210824,025870,신라에스지,KOSDAQ,중견기업부,16550,550,3.44,16000,16850,16000,74586,1230193950,66200000000,4000000
20210824,215600,신라젠,KOSDAQ,관리종목(소속부없음),12100,0,0.00,0,0,0,0,0,1093442212500,90367125
20210824,065350,신성델타테크,KOSDAQ,우량기업부,17350,200,1.17,17250,18550,16800,2216122,39360910500,476846497800,27483948
20210824,002800,신신제약,KOSDAQ,중견기업부,7740,120,1.57,7580,7780,7560,94143,724917150,117419670000,15170500
20210824,323280,신영스팩5호,KOSDAQ,SPAC(소속부없음),2290,-20,-0.87,2300,2330,2280,166844,383664430,8026450000,3505000
20210824,344050,신영스팩6호,KOSDAQ,SPAC(소속부없음),2300,-10,-0.43,2310,2335,2295,163803,377388110,9901500000,4305000
20210824,017000,신원종합개발,KOSDAQ,우량기업부,5920,390,7.05,5550,5960,5550,117015,683969560,69074719840,11668027
20210824,012790,신일제약,KOSDAQ,우량기업부,15700,350,2.28,15400,15900,15400,115798,1811066350,176109820200,11217186
20210824,138070,신진에스엠,KOSDAQ,중견기업부,9290,490,5.57,9130,10000,8800,199260,1872335680,83351580070,8972183
20210824,226330,신테카바이오,KOSDAQ,기술성장기업부,12650,550,4.55,12150,12700,12100,68180,849893650,170775202400,13500016
20210824,333050,신한제6호스팩,KOSDAQ,SPAC(소속부없음),2330,55,2.42,2285,2355,2270,179761,418096310,11673300000,5010000
20210824,366330,신한제7호스팩,KOSDAQ,SPAC(소속부없음),2200,0,0.00,0,0,0,0,0,10010000000,4550000
20210824,056700,신화인터텍,KOSDAQ,벤처기업부,3300,170,5.43,3135,3320,3135,164796,538466765,96145800300,29135091
20210824,187270,신화콘텍,KOSDAQ,벤처기업부,5990,710,13.45,5390,6100,5390,3855145,22415500020,60761631550,10143845
20210824,243840,신흥에스이씨,KOSDAQ,우량기업부,87500,-2100,-2.34,88800,91200,81500,615409,53729896600,658463137500,7525293
20210824,222800,심텍,KOSDAQ,우량기업부,31400,600,1.95,31000,31750,30550,808966,25324249400,1000220090200,31854143
20210824,036710,심텍홀딩스,KOSDAQ,우량기업부,3085,45,1.48,3070,3155,3045,435255,1352530940,125447141215,40663579
20210824,160980,싸이맥스,KOSDAQ,우량기업부,18250,750,4.29,18000,18250,17750,75569,1367411650,199367434750,10924243
20210824,356890,싸이버원,KOSDAQ,벤처기업부,13600,350,2.64,13300,13850,13300,36915,502018350,63115288000,4640830
20210824,217330,싸이토젠,KOSDAQ,기술성장기업부,59000,-1600,-2.64,60500,61800,59000,10590,639164100,334167976000,5663864
20210824,010280,쌍용정보통신,KOSDAQ,중견기업부,1070,15,1.42,1055,1080,1045,232396,246748815,68441516380,63964034
20210824,208640,썸에이지,KOSDAQ,관리종목(소속부없음),3480,5,0.14,3490,3615,3405,1208808,4242304325,474894775680,136464016
20210824,222420,쎄노텍,KOSDAQ,중견기업부,1960,100,5.38,1880,2015,1880,266833,524310970,78710023000,40158175
20210824,037760,쎄니트,KOSDAQ,우량기업부,2090,110,5.56,2000,2115,2000,115819,239242285,70710804890,33832921
20210824,136510,쎄미시스코,KOSDAQ,벤처기업부,34500,-1450,-4.03,36450,36800,34000,424961,14882413650,237874326000,6894908
20210824,099320,쎄트렉아이,KOSDAQ,우량기업부,53100,900,1.72,52400,53800,52400,39735,2107050300,482445731700,9085607
20210824,049960,쎌바이오텍,KOSDAQ,중견기업부,19050,150,0.79,18950,19300,18900,13409,255368900,179070000000,9400000
20210824,050890,쏠리드,KOSDAQ,중견기업부,6950,140,2.06,6910,7060,6830,566314,3937431270,418952790150,60280977
20210824,066790,씨씨에스,KOSDAQ,투자주의환기종목(소속부없음),796,156,24.38,648,831,648,6872714,5474290249,44580031740,56005065
20210824,222080,씨아이에스,KOSDAQ,중견기업부,13300,100,0.76,13700,13850,12900,4389013,58927402600,764639290800,57491676
20210824,352480,씨앤씨인터내셔널,KOSDAQ,벤처기업부,38150,-1800,-4.51,40900,40900,38000,104525,4080621750,254687912150,6675961
20210824,264660,씨앤지하이테크,KOSDAQ,우량기업부,13950,700,5.28,13650,14000,13400,82444,1131887200,117256446000,8405480
20210824,352700,씨앤투스성진,KOSDAQ,기술성장기업부,21250,-50,-0.23,21350,21450,21050,114269,2419940050,212405033750,9995531
20210824,297090,씨에스베어링,KOSDAQ,우량기업부,23100,700,3.13,22400,23350,22400,56259,1291456700,221307240000,9580400
20210824,115530,씨엔플러스,KOSDAQ,투자주의환기종목(소속부없음),839,0,0.00,0,0,0,0,0,57020957000,67963000
20210824,225330,씨엠에스에듀,KOSDAQ,우량기업부,7250,270,3.87,7050,7300,7050,186072,1343390540,135101053000,18634628
20210824,115480,씨유메디칼,KOSDAQ,벤처기업부,1230,45,3.80,1195,1240,1190,529090,642399775,51623007750,41969925
20210824,189330,씨이랩,KOSDAQ,기술성장기업부,112700,1200,1.08,110300,116700,104100,77232,8462132000,339637453400,3013642
20210824,096530,씨젠,KOSDAQ,우량기업부,65700,2900,4.62,62300,67900,62300,1715843,112240953500,3431247805800,52225994
20210824,900120,씨케이에이치,KOSDAQ,외국기업(소속부없음),239,-12,-4.78,251,253,234,3181914,767789205,27902285157,116745963
20210824,101240,씨큐브,KOSDAQ,벤처기업부,7690,40,0.52,7660,7830,7620,16854,130403440,77962634960,10138184
20210824,060590,씨티씨바이오,KOSDAQ,중견기업부,12800,150,1.19,13050,13250,12500,582841,7483650500,290231334400,22674323
20210824,260930,씨티케이,KOSDAQ,우량기업부,9790,170,1.77,9610,9950,9610,42513,417042950,189354175890,19341591
20210824,013990,아가방컴퍼니,KOSDAQ,중견기업부,5110,155,3.13,5000,5120,4985,402067,2039007315,168055308960,32887536
20210824,123860,아나패스,KOSDAQ,벤처기업부,23850,50,0.21,24200,24250,23850,66345,1586965650,270942177150,11360259
20210824,025980,아난티,KOSDAQ,중견기업부,10850,-50,-0.46,10900,11050,10650,2742597,29719349950,924754863550,85230863
20210824,050320,아래스,KOSDAQ,투자주의환기종목(소속부없음),990,0,0.00,0,0,0,0,0,45205142400,45661760
20210824,058220,아리온,KOSDAQ,투자주의환기종목(소속부없음),275,0,0.00,0,0,0,0,0,10717917100,38974244
20210824,125210,아모그린텍,KOSDAQ,기술성장기업부,10900,0,0.00,11000,11100,10700,50859,555952150,179815011000,16496790
20210824,357580,아모센스,KOSDAQ,기술성장기업부,16650,1150,7.42,15700,17000,15350,1823273,29625539650,186481265400,11200076
20210824,052710,아모텍,KOSDAQ,중견기업부,26150,550,2.15,25750,26650,25700,59894,1569643150,254790066900,9743406
20210824,074430,아미노로직스,KOSDAQ,벤처기업부,2915,85,3.00,2830,2950,2830,985009,2866648530,256015250260,87826844
20210824,092040,아미코젠,KOSDAQ,기술성장기업부,36550,100,0.27,36950,36950,36300,126032,4608764050,702473090500,19219510
20210824,083930,아바코,KOSDAQ,우량기업부,11250,550,5.14,10900,11500,10900,88477,1003291000,173393977500,15412798
20210824,149950,아바텍,KOSDAQ,우량기업부,22000,150,0.69,21600,22350,21600,21509,475356900,343365000000,15607500
20210824,036010,아비코전자,KOSDAQ,우량기업부,8840,390,4.62,8610,8850,8550,356848,3119352450,117509536560,13292934
20210824,050860,아세아텍,KOSDAQ,중견기업부,2960,90,3.14,2915,2960,2870,190359,556061935,66600000000,22500000
20210824,246720,아스타,KOSDAQ,투자주의환기종목(소속부없음),6010,10,0.17,6180,6250,5940,78413,476468510,69070063230,11492523
20210824,067390,아스트,KOSDAQ,중견기업부,7370,220,3.08,7250,7470,7210,203853,1499598920,189373940910,25695243
20210824,127710,아시아경제,KOSDAQ,중견기업부,3960,135,3.53,3845,3990,3830,400401,1573411415,101014586640,25508734
20210824,154030,아시아종묘,KOSDAQ,기술성장기업부,7250,140,1.97,7230,7300,7060,124466,896047360,76994775250,10619969
20210824,227610,아우딘퓨쳐스,KOSDAQ,중견기업부,2090,55,2.70,2055,2115,2045,25245,52738220,46353792320,22178848
20210824,143160,아이디스,KOSDAQ,우량기업부,25300,150,0.60,25450,25750,25150,25863,657858250,271124667000,10716390
20210824,054800,아이디스홀딩스,KOSDAQ,중견기업부,13800,0,0.00,13850,14100,13600,11419,158022450,142799032800,10347756
20210824,332370,아이디피,KOSDAQ,중견기업부,8140,260,3.30,7950,8210,7920,39880,322093350,54024064820,6636863
20210824,339950,아이비김영,KOSDAQ,중견기업부,4260,105,2.53,4200,4390,4175,737491,3160273310,191472750300,44946655
20210824,099190,아이센스,KOSDAQ,우량기업부,32400,750,2.37,32200,32600,31900,59853,1937209300,445086511200,13737238
20210824,289010,아이스크림에듀,KOSDAQ,우량기업부,7510,270,3.73,7250,7550,7250,98521,733026990,96608917870,12864037
20210824,214430,아이쓰리시스템,KOSDAQ,우량기업부,17650,500,2.92,17450,17650,17200,12473,218509950,125434314000,7106760
20210824,040910,아이씨디,KOSDAQ,우량기업부,14350,550,3.99,13900,14600,13900,101404,1449894350,259238676550,18065413
20210824,068940,아이씨케이,KOSDAQ,중견기업부,3410,-35,-1.02,3450,3490,3365,139760,478460445,118257852020,34679722
20210824,052860,아이앤씨,KOSDAQ,벤처기업부,4715,235,5.25,4510,4825,4510,370015,1741890275,84223356610,17862854
20210824,069920,아이에스이커머스,KOSDAQ,중견기업부,3415,65,1.94,3350,3460,3350,28839,99009890,88197026230,25826362
20210824,038880,아이에이,KOSDAQ,중견기업부,1080,10,0.93,1070,1095,1060,3529181,3799777655,318350682000,294769150
20210824,307180,아이엘사이언스,KOSDAQ,중견기업부,3835,35,0.92,3820,3910,3750,130850,498185060,81386458205,21222023
20210824,101390,아이엠,KOSDAQ,중견기업부,1255,15,1.21,1245,1285,1245,1569039,1981708620,84323303165,67189883
20210824,078860,아이오케이,KOSDAQ,중견기업부,1615,100,6.60,1525,1650,1460,1887551,3019809050,143974905020,89148548
20210824,114810,아이원스,KOSDAQ,중견기업부,9290,200,2.20,9230,9460,9090,202546,1873770310,236924486460,25503174
20210824,031310,아이즈비전,KOSDAQ,중견기업부,4185,180,4.49,4020,4205,4015,145859,604515845,68800973130,16439898
20210824,185490,아이진,KOSDAQ,기술성장기업부,43250,-1250,-2.81,44050,44600,42600,647278,28098685200,856623556250,19806325
20210824,059100,아이컴포넌트,KOSDAQ,벤처기업부,7970,160,2.05,7810,8170,7700,211141,1671756820,56354754200,7070860
20210824,262840,아이퀘스트,KOSDAQ,벤처기업부,11650,300,2.64,11550,11700,11450,50043,579493550,114869000000,9860000
20210824,175250,아이큐어,KOSDAQ,기술성장기업부,45700,3950,9.46,43700,48500,43100,1349070,62035887500,412809333900,9033027
20210824,052460,아이크래프트,KOSDAQ,중견기업부,5740,260,4.74,5600,5740,5500,82014,466619390,83849552640,14607936
20210824,119830,아이텍,KOSDAQ,중견기업부,10750,-50,-0.46,10800,11100,10500,301840,3269854650,178736939000,16626692
20210824,052770,아이톡시,KOSDAQ,관리종목(소속부없음),3180,0,0.00,0,0,0,0,0,35178772260,11062507
20210824,124500,아이티센,KOSDAQ,중견기업부,5350,200,3.88,5180,5400,5180,149264,791970300,106504231550,19907333
20210824,084850,아이티엠반도체,KOSDAQ,우량기업부,44250,150,0.34,44100,45150,44100,37876,1692171850,1023111507000,23121164
20210824,027360,아주IB투자,KOSDAQ,벤처기업부,5840,140,2.46,5660,5980,5660,882117,5174620460,696421314000,119250225
20210824,032080,아즈텍WB,KOSDAQ,중견기업부,5720,1315,29.85,4495,5720,4475,29758270,156002629260,122928685880,21491029
20210824,013310,아진산업,KOSDAQ,중견기업부,3190,100,3.24,3105,3210,3105,247923,787580155,123792996580,38806582
20210824,059120,아진엑스텍,KOSDAQ,벤처기업부,9790,180,1.87,9600,9990,9560,329287,3223405440,95438754840,9748596
20210824,158430,아톤,KOSDAQ,벤처기업부,29500,-200,-0.67,29950,30500,28950,100490,2992178900,128430521500,4353577
20210824,067160,아프리카TV,KOSDAQ,우량기업부,157000,12900,8.95,146900,163900,145400,388548,60508468400,1804678419000,11494767
20210824,001540,안국약품,KOSDAQ,우량기업부,11850,350,3.04,11650,11850,11550,23634,277225600,154552677000,13042420
20210824,053800,안랩,KOSDAQ,우량기업부,65400,1800,2.83,64000,65800,63800,65545,4263450100,654906117000,10013855
20210824,065660,안트로젠,KOSDAQ,기술성장기업부,89500,-1000,-1.10,91500,92400,88100,190268,17048474700,843255127500,9421845
20210824,297570,알로이스,KOSDAQ,벤처기업부,5010,210,4.38,4800,5070,4800,154935,771219630,86820364140,17329414
20210824,260660,알리코제약,KOSDAQ,우량기업부,9130,370,4.22,8970,9150,8840,72218,650603240,139935701730,15327021
20210824,131370,알서포트,KOSDAQ,벤처기업부,8920,120,1.36,8790,9060,8780,458321,4084268150,475142380360,53267083
20210824,140670,알에스오토메이션,KOSDAQ,중견기업부,10450,400,3.98,10250,10550,10100,178796,1843480200,95127813000,9103140
20210824,096610,알에프세미,KOSDAQ,중견기업부,4570,65,1.44,4525,4600,4475,96210,436657475,46836403620,10248666
20210824,061040,알에프텍,KOSDAQ,중견기업부,6450,190,3.04,6290,6510,6290,211461,1360677390,206975720550,32089259
20210824,148250,알엔투테크놀로지,KOSDAQ,벤처기업부,14900,500,3.47,14600,14950,14600,24996,369644450,110059162900,7386521
20210824,347860,알체라,KOSDAQ,기술성장기업부,34200,1650,5.07,32800,34250,32800,230737,7771318500,462684754800,13528794
20210824,196170,알테오젠,KOSDAQ,기술성장기업부,80000,6200,8.40,75500,81500,75300,474469,37280871400,3374348000000,42179350
20210824,123750,알톤스포츠,KOSDAQ,중견기업부,4710,160,3.52,4560,4740,4560,59742,279506790,60035058870,12746297
20210824,085810,알티캐스트,KOSDAQ,중견기업부,2725,100,3.81,2650,2745,2625,326306,882309690,80643897975,29594091
20210824,117670,알파홀딩스,KOSDAQ,중견기업부,3915,175,4.68,3805,3930,3750,111565,430159865,85362981030,21804082
20210824,291650,압타머사이언스,KOSDAQ,기술성장기업부,24400,550,2.31,24650,24800,24000,144340,3521260200,206573474400,8466126
20210824,293780,압타바이오,KOSDAQ,기술성장기업부,47600,-3100,-6.11,57200,58800,47000,1225144,63582730850,528133090800,11095233
20210824,196300,애니젠,KOSDAQ,기술성장기업부,27550,-1150,-4.01,29250,29800,27250,211012,5994447350,138470845750,5026165
20210824,310200,애니플러스,KOSDAQ,중견기업부,3270,190,6.17,3125,3325,3120,272948,887109715,96130966230,29397849
20210824,900100,애머릿지,KOSDAQ,관리종목(소속부없음),3585,0,0.00,0,0,0,0,0,109692162975,30597535
20210824,205500,액션스퀘어,KOSDAQ,중견기업부,5140,260,5.33,5000,5430,5000,569862,2975463910,212449795300,41332645
20210824,052790,액토즈소프트,KOSDAQ,벤처기업부,11800,0,0.00,11950,12350,11650,117991,1410951950,133701528400,11330638
20210824,290740,액트로,KOSDAQ,벤처기업부,8820,300,3.52,8520,8870,8520,56596,498015120,88773397020,10065011
20210824,238090,앤디포스,KOSDAQ,벤처기업부,9690,240,2.54,9450,9880,9450,139366,1348037320,230991402180,23838122
20210824,092600,앤씨앤,KOSDAQ,벤처기업부,4125,110,2.74,4050,4145,4030,161509,662870275,91566428250,22197922
20210824,129890,앱코,KOSDAQ,중견기업부,17750,200,1.14,17650,18100,17550,87541,1559080900,174544305500,9833482
20210824,174900,앱클론,KOSDAQ,기술성장기업부,19450,650,3.46,18900,19550,18900,54178,1046023100,297158442050,15278069
20210824,255440,야스,KOSDAQ,우량기업부,14150,550,4.04,13700,14250,13700,37928,533983850,184770700000,13058000
20210824,030960,양지사,KOSDAQ,중견기업부,13600,250,1.87,13100,13850,13000,591523,7987806800,217328000000,15980000
20210824,102120,어보브반도체,KOSDAQ,우량기업부,13600,900,7.09,12900,13600,12850,168503,2236122300,237451280800,17459653
20210824,238120,얼라인드,KOSDAQ,기술성장기업부,9990,320,3.31,9700,10300,9250,38964,385462250,71822585520,7189448
20210824,019990,에너토크,KOSDAQ,중견기업부,9050,400,4.62,8650,9250,8650,118802,1071717640,88292596400,9756088
20210824,270660,에브리봇,KOSDAQ,중견기업부,24600,800,3.36,24000,25100,23950,66942,1631928100,149953506600,6095671
20210824,038680,에스넷,KOSDAQ,우량기업부,7870,300,3.96,7670,7910,7590,427020,3316168660,126511942050,16075215
20210824,217480,에스디생명공학,KOSDAQ,중견기업부,4175,110,2.71,4120,4180,4070,78935,326575030,93582900550,22415066
20210824,121890,에스디시스템,KOSDAQ,투자주의환기종목(소속부없음),739,0,0.00,0,0,0,0,0,7101198800,9609200
20210824,097780,에스맥,KOSDAQ,우량기업부,1225,65,5.60,1165,1235,1165,2940383,3567946810,346993669050,283260138
20210824,042110,에스씨디,KOSDAQ,우량기업부,2110,85,4.20,2040,2125,2040,546074,1144785460,101975380040,48329564
20210824,298060,에스씨엠생명과학,KOSDAQ,기술성장기업부,27200,1600,6.25,25900,27550,25700,61717,1652841450,326994428800,12021854
20210824,065420,에스아이리소스,KOSDAQ,관리종목(소속부없음),639,0,0.00,0,0,0,0,0,43500682854,68076186
20210824,103230,에스앤더블류,KOSDAQ,관리종목(소속부없음),2505,0,0.00,0,0,0,0,0,18036000000,7200000
20210824,101490,에스앤에스텍,KOSDAQ,우량기업부,31300,1900,6.46,30100,31300,29550,259614,7902035600,671430291100,21451447
20210824,095910,에스에너지,KOSDAQ,중견기업부,3985,110,2.84,3880,4000,3880,98798,391827360,77295725965,19396669
20210824,275630,에스에스알,KOSDAQ,벤처기업부,5920,240,4.23,5760,5960,5760,20917,122855890,35105824960,5930038
20210824,031330,에스에이엠티,KOSDAQ,우량기업부,5130,385,8.11,4805,5130,4805,3919435,19700979545,512974693710,99995067
20210824,060540,에스에이티,KOSDAQ,중견기업부,2965,95,3.31,2930,3015,2895,442663,1309791810,77485252290,26133306
20210824,056190,에스에프에이,KOSDAQ,우량기업부,37650,600,1.62,37250,37750,37050,120957,4529595000,1351964814000,35908760
20210824,080000,에스엔유,KOSDAQ,우량기업부,4180,60,1.46,4130,4245,4130,111892,469571395,143469596600,34322870
20210824,214310,에스엘바이오닉스,KOSDAQ,중견기업부,756,50,7.08,708,778,707,1081401,794330260,31262802228,41352913
20210824,041510,에스엠,KOSDAQ,중견기업부,72100,4800,7.13,67900,74900,66100,2300499,165524200000,1695983137100,23522651
20210824,007820,에스엠코어,KOSDAQ,중견기업부,8450,120,1.44,8390,8600,8300,569730,4816127800,169286843700,20033946
20210824,109610,에스와이,KOSDAQ,중견기업부,3725,50,1.36,3690,3760,3690,353843,1319615055,174830040275,46934239
20210824,306040,에스제이그룹,KOSDAQ,우량기업부,24750,1750,7.61,23800,25700,23400,198138,4926298450,244179243000,9865828
20210824,080440,에스제이케이,KOSDAQ,투자주의환기종목(소속부없음),498,0,0.00,0,0,0,0,0,6636328080,13325960
20210824,096630,에스코넥,KOSDAQ,중견기업부,2010,40,2.03,1995,2045,1980,447249,901527895,132997677990,66167999
20210824,069510,에스텍,KOSDAQ,우량기업부,10600,200,1.92,10450,10650,10450,11095,117032900,115646000000,10910000
20210824,041910,에스텍파마,KOSDAQ,벤처기업부,11100,350,3.26,10800,11150,10800,35732,393741300,132070719300,11898263
20210824,234300,에스트래픽,KOSDAQ,중견기업부,7320,-170,-2.27,7500,7560,7010,454530,3334896180,152447491200,20826160
20210824,039440,에스티아이,KOSDAQ,우량기업부,16000,400,2.56,15700,16050,15700,70496,1123006850,253280000000,15830000
20210824,098660,에스티오,KOSDAQ,중견기업부,2755,70,2.61,2760,2780,2705,19150,52324335,34440188880,12500976
20210824,052020,에스티큐브,KOSDAQ,중견기업부,8740,80,0.92,8610,8820,8610,136113,1184488660,267233392220,30575903
20210824,237690,에스티팜,KOSDAQ,중견기업부,105000,1100,1.06,103900,106400,103600,116718,12238297500,1958880000000,18656000
20210824,050760,에스폴리텍,KOSDAQ,중견기업부,4190,70,1.70,4125,4220,4120,54481,227844995,68442300820,16334678
20210824,288620,에스퓨얼셀,KOSDAQ,벤처기업부,32650,1100,3.49,31800,33000,31800,37628,1226653000,224446417400,6874316
20210824,317830,에스피시스템스,KOSDAQ,벤처기업부,6750,190,2.90,6630,7520,6620,158843,1113259680,54983475000,8145700
20210824,058610,에스피지,KOSDAQ,우량기업부,10800,300,2.86,10550,10900,10500,227057,2430535050,239515488000,22177360
20210824,043340,에쎈테크,KOSDAQ,중견기업부,1320,65,5.18,1255,1320,1255,788617,1017829355,95040000000,72000000
20210824,187660,에이디엠코리아,KOSDAQ,벤처기업부,6010,280,4.89,5750,6100,5740,519295,3095323230,131235862500,21836250
20210824,054630,에이디칩스,KOSDAQ,벤처기업부,1185,165,16.18,1025,1235,1015,5430187,6085500755,62816211285,53009461
20210824,200710,에이디테크놀로지,KOSDAQ,우량기업부,22050,900,4.26,21200,22300,21200,85173,1848460050,293922795600,13329832
20210824,096690,에이루트,KOSDAQ,벤처기업부,647,-16,-2.41,662,686,633,11202175,7367341906,95776348797,148031451
20210824,298380,에이비엘바이오,KOSDAQ,기술성장기업부,19500,1150,6.27,18400,19700,18400,251586,4837685900,918903862500,47123275
20210824,195990,에이비프로바이오,KOSDAQ,중견기업부,1065,40,3.90,1045,1090,1040,3529048,3759755760,267815106960,251469584
20210824,003800,에이스침대,KOSDAQ,우량기업부,48100,-350,-0.72,47950,49100,47150,14798,715102750,533429000000,11090000
20210824,088800,에이스테크,KOSDAQ,중견기업부,16750,250,1.52,16550,17150,16500,348409,5869193600,732370316750,43723601
20210824,241840,에이스토리,KOSDAQ,중견기업부,30850,3950,14.68,26900,31450,26850,793112,23696264700,294054796000,9531760
20210824,039230,에이아이비트,KOSDAQ,관리종목(소속부없음),543,0,0.00,0,0,0,0,0,19975625532,36787524
20210824,312610,에이에프더블류,KOSDAQ,벤처기업부,6680,190,2.93,6500,6790,6480,70382,465832290,135316011840,20256888
20210824,072990,에이치시티,KOSDAQ,중견기업부,17200,650,3.93,16850,17300,16750,35977,613240300,120324509200,6995611
20210824,176440,에이치엔티,KOSDAQ,투자주의환기종목(소속부없음),1920,0,0.00,0,0,0,0,0,164619542400,85739345
20210824,028300,에이치엘비,KOSDAQ,중견기업부,48300,6700,16.11,41600,48550,41400,15407186,713466719600,5123547790200,106077594
20210824,067630,에이치엘비생명과학,KOSDAQ,중견기업부,12000,950,8.60,11100,12050,11000,6158352,71923103250,1130170872000,94180906
20210824,047920,에이치엘비제약,KOSDAQ,기술성장기업부,27850,1400,5.29,26700,27900,25950,1740804,47018733050,622665314850,22357821
20210824,043220,에이치엘비파워,KOSDAQ,중견기업부,2160,10,0.47,2165,2210,2125,2061485,4463777310,196809214320,91115377
20210824,239610,에이치엘사이언스,KOSDAQ,우량기업부,36250,950,2.69,35500,36450,35500,7628,276320600,195464168750,5392115
20210824,353070,에이치엠씨제4호스팩,KOSDAQ,SPAC(소속부없음),2170,10,0.46,2175,2175,2150,50847,109608780,9352700000,4310000
20210824,353060,에이치엠씨제5호스팩,KOSDAQ,SPAC(소속부없음),2160,-5,-0.23,2165,2165,2135,50145,107699575,11048400000,5115000
20210824,044780,에이치케이,KOSDAQ,벤처기업부,2375,85,3.71,2300,2380,2300,351301,824429605,43951244125,18505787
20210824,357230,에이치피오,KOSDAQ,중견기업부,16550,850,5.41,15850,16700,15650,220491,3619597950,329976548000,19938160
20210824,071670,에이테크솔루션,KOSDAQ,중견기업부,15800,950,6.40,14900,15800,14900,184087,2835283350,158000000000,10000000
20210824,045660,에이텍,KOSDAQ,우량기업부,31750,200,0.63,31900,32350,31550,82766,2644898500,262255000000,8260000
20210824,224110,에이텍티앤,KOSDAQ,벤처기업부,31700,500,1.60,31550,32000,31100,87233,2754542050,169278000000,5340000
20210824,230980,에이트원,KOSDAQ,벤처기업부,2240,60,2.75,2240,2325,2175,1025577,2303152895,129624490240,57868076
20210824,021080,에이티넘인베스트,KOSDAQ,벤처기업부,4620,160,3.59,4460,4620,4445,1194388,5405101125,221760000000,48000000
20210824,089530,에이티세미콘,KOSDAQ,중견기업부,2130,90,4.41,2055,2145,2040,160857,335970245,31870853460,14962842
20210824,200470,에이팩트,KOSDAQ,중견기업부,7250,230,3.28,7020,7320,7020,208582,1510456350,127264180000,17553680
20210824,262260,에이프로,KOSDAQ,우량기업부,38100,-300,-0.78,38550,39250,37600,71543,2757452650,262151850600,6880626
20210824,109960,에이프로젠 H&G,KOSDAQ,중견기업부,833,19,2.33,814,841,810,645191,535511302,148853115761,178695217
20210824,089970,에이피티씨,KOSDAQ,우량기업부,20800,250,1.22,20850,21300,20300,204326,4254315750,490143576000,23564595
20210824,230240,에치에프알,KOSDAQ,중견기업부,22000,1200,5.77,20800,22050,20800,56091,1207491400,283404440000,12882020
20210824,064510,에코마이스터,KOSDAQ,관리종목(소속부없음),550,0,0.00,0,0,0,0,0,22321778050,40585051
20210824,230360,에코마케팅,KOSDAQ,벤처기업부,22100,350,1.61,21750,22550,21750,128014,2841449100,723399940900,32733029
20210824,038870,에코바이오,KOSDAQ,중견기업부,8350,230,2.83,8200,8600,8200,79382,668235260,96951799900,11610994
20210824,128540,에코캡,KOSDAQ,벤처기업부,3745,295,8.55,3575,4085,3485,592556,2251558740,54522706000,14558800
20210824,086520,에코프로,KOSDAQ,우량기업부,95200,-4000,-4.03,102600,102900,92400,1073108,104993056000,1780372042400,18701387
20210824,247540,에코프로비엠,KOSDAQ,우량기업부,317000,-13000,-3.94,337000,338000,305400,559178,179679144200,6948470722000,21919466
20210824,383310,에코프로에이치엔,KOSDAQ,중견기업부,93400,-6100,-6.13,99300,100800,90100,1854160,174408826500,1429480648800,15304932
20210824,038110,에코플라스틱,KOSDAQ,중견기업부,3200,55,1.75,3150,3260,3150,350681,1127093570,82141984000,25669370
20210824,073540,에프알텍,KOSDAQ,벤처기업부,3940,110,2.87,3985,3985,3900,26795,105829460,44916000000,11400000
20210824,064850,에프앤가이드,KOSDAQ,벤처기업부,9150,300,3.39,8910,9270,8910,15349,139877320,110532000000,12080000
20210824,064090,에프앤리퍼블릭,KOSDAQ,투자주의환기종목(소속부없음),2985,-75,-2.45,2990,3105,2985,18920,56938315,32803385865,10989409
20210824,036810,에프에스티,KOSDAQ,우량기업부,27650,1350,5.13,26750,27750,26450,225145,6108201850,601575215850,21756789
20210824,173940,에프엔씨엔터,KOSDAQ,중견기업부,6000,130,2.21,5880,6030,5880,14111,84268620,86189280000,14364880
20210824,083500,에프엔에스테크,KOSDAQ,벤처기업부,13850,1600,13.06,12550,14300,12550,893208,12256159650,116142249700,8385722
20210824,054940,엑사이엔씨,KOSDAQ,중견기업부,1760,45,2.62,1715,1785,1715,463393,814605110,58385444480,33173548
20210824,950130,엑세스바이오,KOSDAQ,외국기업(소속부없음),17600,1600,10.00,16050,18400,15750,5129205,89201806350,639153275200,36315527
20210824,205100,엑셈,KOSDAQ,벤처기업부,4590,60,1.32,4530,4650,4515,191644,880372560,155519633070,33882273
20210824,070300,엑스큐어,KOSDAQ,벤처기업부,3595,120,3.45,3580,3645,3520,20906,74849935,26481036030,7366074
20210824,092870,엑시콘,KOSDAQ,우량기업부,14500,250,1.75,14450,14550,14250,107142,1549486100,151903841500,10476127
20210824,317870,엔바이오니아,KOSDAQ,기술성장기업부,9530,100,1.06,9450,9620,9270,26267,248405960,73124214150,7673055
20210824,067570,엔브이에이치코리아,KOSDAQ,중견기업부,4470,165,3.83,4310,4520,4310,155281,692082050,145469838360,32543588
20210824,236810,엔비티,KOSDAQ,기술성장기업부,21950,600,2.81,21400,22250,21400,48801,1067312650,186305300350,8487713
20210824,333620,엔시스,KOSDAQ,벤처기업부,20100,0,0.00,20150,20300,19950,95927,1930268350,212182514400,10556344
20210824,101400,엔시트론,KOSDAQ,관리종목(소속부없음),1315,15,1.15,1370,1370,1305,152753,201875570,42469120335,32295909
20210824,217820,엔에스,KOSDAQ,우량기업부,9700,230,2.43,9500,9730,9470,50452,483818670,111678398900,11513237
20210824,031860,엔에스엔,KOSDAQ,중견기업부,1210,35,2.98,1175,1220,1170,387548,463592980,69808540890,57693009
20210824,310840,엔에이치스팩13호,KOSDAQ,관리종목(소속부없음),2040,5,0.25,2040,2040,2035,80899,164689970,6976800000,3420000
20210824,359090,엔에이치스팩17호,KOSDAQ,SPAC(소속부없음),2155,0,0.00,0,0,0,0,0,15106550000,7010000
20210824,365590,엔에이치스팩18호,KOSDAQ,SPAC(소속부없음),2425,40,1.68,2380,2430,2365,53241,127311745,11155000000,4600000
20210824,265740,엔에프씨,KOSDAQ,벤처기업부,13700,200,1.48,13400,13850,13400,32051,438724600,122365660000,8931800
20210824,354200,엔젠바이오,KOSDAQ,기술성장기업부,22000,350,1.62,21650,22350,21250,43681,958109600,272028064000,12364912
20210824,208860,엔지스테크널러지,KOSDAQ,투자주의환기종목(소속부없음),2205,0,0.00,0,0,0,0,0,25233717915,11443863
20210824,183490,엔지켐생명과학,KOSDAQ,기술성장기업부,92800,4600,5.22,87600,94500,87600,123466,11270795500,773148816000,8331345
20210824,182400,엔케이맥스,KOSDAQ,기술성장기업부,12900,650,5.31,12150,13100,12150,179196,2269009700,453950419500,35189955
20210824,069410,엔텔스,KOSDAQ,벤처기업부,11650,100,0.87,11650,12000,11500,336986,3957562900,119352199600,10244824
20210824,227950,엔투텍,KOSDAQ,중견기업부,1730,35,2.06,1715,1790,1705,524953,907692735,123801272170,71561429
20210824,291230,엔피,KOSDAQ,중견기업부,8020,-790,-8.97,8820,9040,7640,1422295,11655738840,313179460160,39049808
20210824,198080,엔피디,KOSDAQ,우량기업부,3980,130,3.38,3865,4000,3865,80637,317451530,85710036300,21535185
20210824,048830,엔피케이,KOSDAQ,중견기업부,2355,95,4.20,2280,2375,2280,145699,342329300,44094838665,18723923
20210824,096870,엘디티,KOSDAQ,벤처기업부,5540,70,1.28,5540,5630,5490,43609,242409120,36998336000,6678400
20210824,376190,엘비루셈,KOSDAQ,중견기업부,14150,350,2.54,14000,14250,13900,227319,3197675050,348090000000,24600000
20210824,061970,엘비세미콘,KOSDAQ,우량기업부,12900,450,3.61,12500,12900,12500,348988,4449232800,564821236800,43784592
20210824,138690,엘아이에스,KOSDAQ,중견기업부,7070,-20,-0.28,7090,7470,6390,871461,6015669180,118567152200,16770460
20210824,290650,엘앤씨바이오,KOSDAQ,벤처기업부,36650,-200,-0.54,36850,37250,36100,216776,7893546000,831401255150,22684891
20210824,066970,엘앤에프,KOSDAQ,중견기업부,114600,-4900,-4.10,120900,123500,112900,939978,110192427300,3962722343400,34578729
20210824,156100,엘앤케이바이오,KOSDAQ,중견기업부,16750,900,5.68,15950,17000,15950,141307,2339151450,224328445250,13392743
20210824,073110,엘엠에스,KOSDAQ,벤처기업부,9790,140,1.45,9650,9830,9580,37801,367933480,87089441450,8895755
20210824,083310,엘오티베큠,KOSDAQ,우량기업부,15200,400,2.70,14950,15250,14750,126651,1911503450,270712501600,17810033
20210824,037950,엘컴텍,KOSDAQ,중견기업부,1370,40,3.01,1335,1385,1335,303910,412926335,115693101030,84447519
20210824,170920,엘티씨,KOSDAQ,벤처기업부,10500,250,2.44,10350,10600,10300,58131,605516700,84203311500,8019363
20210824,058630,엠게임,KOSDAQ,벤처기업부,8520,260,3.15,8300,8540,8300,366140,3094595070,166513832040,19543877
20210824,058970,엠로,KOSDAQ,기술성장기업부,25700,-250,-0.96,25600,26600,25500,99161,2574819100,139449742000,5426060
20210824,019590,엠벤처투자,KOSDAQ,중견기업부,1000,-5,-0.50,1015,1025,998,430870,432612228,67352095000,67352095
20210824,169330,엠브레인,KOSDAQ,중견기업부,8320,-10,-0.12,8330,8330,8240,29610,245543070,74617578880,8968459
20210824,179290,엠아이텍,KOSDAQ,중견기업부,5250,20,0.38,5230,5380,5100,461260,2423632910,164647077000,31361348
20210824,009780,엠에스씨,KOSDAQ,우량기업부,6550,470,7.73,6120,6580,6100,236888,1515360390,115280000000,17600000
20210824,123040,엠에스오토텍,KOSDAQ,중견기업부,6320,180,2.93,6240,6360,6210,131244,827088930,225333829840,35654087
20210824,323230,엠에프엠코리아,KOSDAQ,중견기업부,2490,140,5.96,2320,2495,2320,167570,410092950,50476433400,20271660
20210824,032790,엠젠플러스,KOSDAQ,관리종목(소속부없음),4075,0,0.00,0,0,0,0,0,120352455875,29534345
20210824,033160,엠케이전자,KOSDAQ,우량기업부,22300,0,0.00,22400,23750,21000,2963998,67381571300,486311464700,21807689
20210824,347890,엠투아이,KOSDAQ,벤처기업부,10200,260,2.62,9930,10250,9920,173359,1747904660,171341680800,16798204
20210824,033310,엠투엔,KOSDAQ,중견기업부,17250,1250,7.81,16000,17700,16000,420601,7210432250,438906947250,25443881
20210824,259630,엠플러스,KOSDAQ,우량기업부,13700,350,2.62,13400,13700,13350,162910,2211743900,156213373200,11402436
20210824,065150,엠피대산,KOSDAQ,관리종목(소속부없음),1060,174,19.64,895,1130,892,11979950,12428514597,132799349300,125282405
20210824,115960,연우,KOSDAQ,우량기업부,26300,1350,5.41,25300,26950,25300,81136,2145870600,326067400000,12398000
20210824,090740,연이비앤티,KOSDAQ,중견기업부,2170,105,5.08,2115,2215,2095,405135,875860090,41503597940,19126082
20210824,060850,영림원소프트랩,KOSDAQ,벤처기업부,10550,200,1.93,10450,10700,10400,18987,200741150,85782050000,8131000
20210824,007530,영신금속,KOSDAQ,중견기업부,2840,210,7.98,2670,2840,2665,191303,524802100,54455443680,19174452
20210824,143540,영우디에스피,KOSDAQ,벤처기업부,2570,150,6.20,2470,2640,2460,3243640,8382127350,114621730150,44599895
20210824,036560,영풍정밀,KOSDAQ,우량기업부,9300,180,1.97,9150,9370,9150,86794,803812120,146475000000,15750000
20210824,265560,영화테크,KOSDAQ,벤처기업부,19900,0,0.00,20500,20550,19100,3322044,65922837300,212734582000,10690180
20210824,036000,예림당,KOSDAQ,중견기업부,2935,110,3.89,2890,2965,2885,46660,136298530,67605602995,23034277
20210824,250930,예선테크,KOSDAQ,벤처기업부,2440,65,2.74,2400,2490,2400,342967,839287450,80521073600,33000440
20210824,053280,예스24,KOSDAQ,중견기업부,14350,950,7.09,13650,14400,13600,1465602,20450293800,358750000000,25000000
20210824,122640,예스티,KOSDAQ,벤처기업부,11900,350,3.03,11800,12150,11550,110833,1308442750,203505529500,17101305
20210824,900300,오가닉티코스메틱,KOSDAQ,외국기업(소속부없음),711,14,2.01,697,717,697,807329,571775352,56247963660,79111060
20210824,045060,오공,KOSDAQ,우량기업부,4645,155,3.45,4505,4645,4505,90414,415146065,78695469230,16941974
20210824,080520,오디텍,KOSDAQ,벤처기업부,6920,270,4.06,6870,6950,6700,244797,1667267100,81286534280,11746609
20210824,039830,오로라,KOSDAQ,우량기업부,10550,630,6.35,9970,10650,9970,159772,1663488360,113548489500,10762890
20210824,322310,오로스테크놀로지,KOSDAQ,벤처기업부,29700,850,2.95,28850,29850,28750,58322,1709964950,276493397400,9309542
20210824,046120,오르비텍,KOSDAQ,중견기업부,7180,60,0.84,7020,7250,7020,90160,645234820,179273327400,24968430
20210824,014940,오리엔탈정공,KOSDAQ,우량기업부,4200,145,3.58,4130,4235,4090,166217,696043715,191409376200,45573661
20210824,065500,오리엔트정공,KOSDAQ,투자주의환기종목(소속부없음),985,34,3.58,970,998,954,2208247,2167056984,115456343570,117214562
20210824,010470,오리콤,KOSDAQ,우량기업부,7850,180,2.35,7730,7990,7730,39216,309923770,94004142500,11975050
20210824,352910,오비고,KOSDAQ,기술성장기업부,22350,850,3.95,22600,24100,22050,2857439,66431949850,252750651900,11308754
20210824,053980,오상자이엘,KOSDAQ,중견기업부,7300,150,2.10,7200,7330,7150,24200,175001430,129559538600,17747882
20210824,052420,오성첨단소재,KOSDAQ,우량기업부,3085,80,2.66,3010,3135,3010,662729,2047093000,209433461950,67887670
20210824,241790,오션브릿지,KOSDAQ,우량기업부,14750,550,3.87,14200,14950,14200,39738,583093900,147538851500,10002634
20210824,039200,오스코텍,KOSDAQ,벤처기업부,37150,-1100,-2.88,38900,38900,32800,1824194,64371052100,1122172403750,30206525
20210824,226400,오스테오닉,KOSDAQ,기술성장기업부,4085,85,2.13,3980,4130,3980,51849,210743730,68517925590,16773054
20210824,031510,오스템,KOSDAQ,중견기업부,3100,100,3.33,3005,3145,3000,205873,633213725,86800000000,28000000
20210824,048260,오스템임플란트,KOSDAQ,우량기업부,154900,10400,7.20,145800,156400,145600,447897,68134740100,2212857563300,14285717
20210824,138080,오이솔루션,KOSDAQ,우량기업부,37950,1050,2.85,36900,38200,36900,39130,1480393000,403184405250,10624095
20210824,080580,오킨스전자,KOSDAQ,벤처기업부,20600,600,3.00,20000,20950,20000,56119,1155238650,364193538800,17679298
20210824,067170,오텍,KOSDAQ,우량기업부,11900,250,2.15,11700,12050,11700,86033,1022945300,183160099500,15391605
20210824,173130,오파스넷,KOSDAQ,중견기업부,4195,155,3.84,4080,4195,4040,68667,282669510,49754503850,11860430
20210824,049480,오픈베이스,KOSDAQ,중견기업부,4280,130,3.13,4175,4390,4175,1123508,4846288835,134487799240,31422383
20210824,309930,오하임아이엔티,KOSDAQ,중견기업부,4550,90,2.02,4570,4630,4500,194926,889512870,93309994050,20507691
20210824,244460,올리패스,KOSDAQ,기술성장기업부,13600,900,7.09,12850,13800,12750,425454,5680681150,347919334400,25582304
20210824,226950,올릭스,KOSDAQ,기술성장기업부,46300,1000,2.21,46150,46600,45500,119086,5483150650,634456308000,13703160
20210824,057540,옴니시스템,KOSDAQ,우량기업부,2320,55,2.43,2280,2335,2270,850463,1967701695,107762503600,46449355
20210824,082210,옵트론텍,KOSDAQ,중견기업부,8020,300,3.89,7800,8110,7800,530203,4250724760,195559655940,24383997
20210824,109080,옵티시스,KOSDAQ,벤처기업부,25350,100,0.40,25600,26250,24600,466223,11869068350,142872600000,5636000
20210824,153710,옵티팜,KOSDAQ,기술성장기업부,12750,500,4.08,12250,13950,12250,445767,5817694950,186015589500,14589458
20210824,321820,와이더플래닛,KOSDAQ,기술성장기업부,23500,850,3.75,23050,23700,23050,40302,944925950,162090827000,6897482
20210824,122990,와이솔,KOSDAQ,우량기업부,11800,250,2.16,11600,11900,11550,150430,1770185850,332605903800,28186941
20210824,232140,와이아이케이,KOSDAQ,우량기업부,5700,160,2.89,5600,5710,5540,374225,2121977310,467658495000,82045350
20210824,065530,와이어블,KOSDAQ,중견기업부,3785,200,5.58,3580,3800,3580,165189,618134535,200075100000,52860000
20210824,067900,와이엔텍,KOSDAQ,우량기업부,14300,50,0.35,14250,14400,14000,132676,1885218800,260255123700,18199659
20210824,155650,와이엠씨,KOSDAQ,우량기업부,8330,90,1.09,8200,8410,8200,48122,401049330,166386402140,19974358
20210824,251370,와이엠티,KOSDAQ,우량기업부,21850,550,2.58,21650,21850,21350,81710,1768424900,326766269300,14954978
20210824,066430,와이오엠,KOSDAQ,중견기업부,2390,120,5.29,2355,2480,2340,102001,243334400,37895209040,15855736
20210824,193250,와이제이엠게임즈,KOSDAQ,중견기업부,2150,85,4.12,2065,2180,2065,951564,2037603345,122944651850,57183559
20210824,273060,와이즈버즈,KOSDAQ,중견기업부,1805,-10,-0.55,1815,1835,1800,185285,336103050,87620064460,48542972
20210824,019210,와이지-원,KOSDAQ,중견기업부,9000,240,2.74,8800,9120,8800,131630,1184856730,275164371000,30573819
20210824,122870,와이지엔터테인먼트,KOSDAQ,중견기업부,60000,1800,3.09,59200,60300,57400,440385,26152168000,1106164140000,18436069
20210824,332570,와이팜,KOSDAQ,우량기업부,8030,150,1.90,7920,8140,7920,153866,1234859110,298245088680,37141356
20210824,079000,와토스코리아,KOSDAQ,중견기업부,8020,200,2.56,7970,8170,7970,29971,241390890,57744000000,7200000
20210824,032820,우리기술,KOSDAQ,벤처기업부,2135,95,4.66,2090,2155,2070,4895292,10343983490,284407850580,133212108
20210824,041190,우리기술투자,KOSDAQ,벤처기업부,8420,190,2.31,8320,8570,8180,12865167,107877875700,707280000000,84000000
20210824,115440,우리넷,KOSDAQ,벤처기업부,8740,150,1.75,8750,8960,8620,66452,583511190,79856890560,9136944
20210824,046970,우리로,KOSDAQ,관리종목(소속부없음),1910,0,0.00,0,0,0,0,0,53792275450,28163495
20210824,082850,우리바이오,KOSDAQ,중견기업부,4860,270,5.88,5310,5470,4850,7591269,39399678980,219564487080,45177878
20210824,215360,우리산업,KOSDAQ,우량기업부,20950,800,3.97,20250,20950,20250,46838,970007600,191318814850,9132163
20210824,072470,우리산업홀딩스,KOSDAQ,중견기업부,5280,100,1.93,5180,5330,5180,55199,289507210,99725160480,18887341
20210824,073560,우리손에프앤지,KOSDAQ,우량기업부,2360,75,3.28,2305,2380,2305,903072,2124316975,163400837480,69237643
20210824,153490,우리이앤엘,KOSDAQ,중견기업부,1795,0,0.00,1830,1845,1775,1102412,1992374130,92406600000,51480000
20210824,037400,우리조명,KOSDAQ,중견기업부,3215,135,4.38,3090,3230,3090,166566,531223395,84147307390,26173346
20210824,101170,우림기계,KOSDAQ,벤처기업부,4845,215,4.64,4670,4870,4670,166813,799704630,65407500000,13500000
20210824,066590,우수AMS,KOSDAQ,중견기업부,5120,155,3.12,4995,5220,4995,192564,990477310,182364672000,35618100
20210824,103840,우양,KOSDAQ,중견기업부,5140,150,3.01,5030,5150,5020,62718,320902580,73286120000,14258000
20210824,046940,우원개발,KOSDAQ,우량기업부,6340,170,2.76,6220,6370,6210,213779,1356769170,114591379000,18074350
20210824,215380,우정바이오,KOSDAQ,벤처기업부,6830,220,3.33,6610,7100,6570,110841,755094170,82594684580,12092926
20210824,065680,우주일렉트로,KOSDAQ,우량기업부,24050,450,1.91,23900,24500,23600,101528,2432733750,238917991000,9934220
20210824,018620,우진비앤지,KOSDAQ,벤처기업부,2625,25,0.96,2630,2680,2560,1201099,3132007295,75834394125,28889293
20210824,307280,원바이오젠,KOSDAQ,벤처기업부,2050,45,2.24,2005,2055,2000,127264,259498365,71212010300,34737566
20210824,053080,원방테크,KOSDAQ,우량기업부,65200,-3200,-4.68,68400,68900,64300,250959,16648436800,279978123600,4294143
20210824,032940,원익,KOSDAQ,벤처기업부,4745,145,3.15,4640,4755,4630,102712,484905415,86326876350,18193230
20210824,240810,원익IPS,KOSDAQ,우량기업부,44800,3750,9.14,41950,44850,41600,690600,29842573850,2198958764800,49083901
20210824,074600,원익QnC,KOSDAQ,우량기업부,28050,800,2.94,27700,28250,27350,422579,11783151050,737378400000,26288000
20210824,104830,원익머트리얼즈,KOSDAQ,우량기업부,31650,450,1.44,31900,32500,31200,116120,3666632950,399043200000,12608000
20210824,014190,원익큐브,KOSDAQ,중견기업부,3800,225,6.29,3610,3875,3610,1128408,4276562630,134519642800,35399906
20210824,131390,원익피앤이,KOSDAQ,우량기업부,26200,-1050,-3.85,27300,27850,25300,818854,21683201900,388255442000,14818910
20210824,030530,원익홀딩스,KOSDAQ,우량기업부,5430,200,3.82,5300,5450,5290,423606,2287261070,419402236830,77237981
20210824,012620,원일특강,KOSDAQ,우량기업부,13150,1150,9.58,12100,14500,12100,309939,4163410100,57860000000,4400000
20210824,376980,원티드랩,KOSDAQ,기술성장기업부,69400,16000,29.96,53900,69400,53700,1634517,106156385800,326392919200,4703068
20210824,008370,원풍,KOSDAQ,중견기업부,5100,170,3.45,4950,5140,4950,47919,243548910,61200000000,12000000
20210824,008290,원풍물산,KOSDAQ,투자주의환기종목(소속부없음),1500,10,0.67,1490,1520,1490,49791,74909935,61040518500,40693679
20210824,101160,월덱스,KOSDAQ,우량기업부,23250,1100,4.97,22600,23250,22550,266371,6119278850,383880587250,16510993
20210824,095270,웨이브일렉트로,KOSDAQ,관리종목(소속부없음),5040,-150,-2.89,5120,5220,5040,53026,271021830,75455130240,14971256
20210824,065950,웰크론,KOSDAQ,우량기업부,4330,130,3.10,4210,4340,4210,110282,474635880,122241537660,28231302
20210824,076080,웰크론한텍,KOSDAQ,중견기업부,3840,240,6.67,3630,3910,3630,277856,1056291115,79936304640,20816746
20210824,196700,웹스,KOSDAQ,벤처기업부,4925,175,3.68,4755,4990,4755,356019,1743182975,70743409200,14364144
20210824,069080,웹젠,KOSDAQ,우량기업부,26850,1100,4.27,26000,27150,25750,177293,4742600950,948097235400,35310884
20210824,053580,웹케시,KOSDAQ,우량기업부,32400,800,2.53,31600,32450,31600,28592,922319900,446674435200,13786248
20210824,071460,위니아딤채,KOSDAQ,중견기업부,4340,265,6.50,4080,4345,4080,126227,536232295,156098060300,35967295
20210824,044340,위닉스,KOSDAQ,우량기업부,19400,400,2.11,19250,19650,19150,56521,1100646700,346744445000,17873425
20210824,330350,위더스제약,KOSDAQ,우량기업부,13900,250,1.83,13800,14100,13750,181383,2526142100,183321845800,13188622
20210824,348350,위드텍,KOSDAQ,우량기업부,19000,400,2.15,18500,19150,18500,14479,274535600,193488400000,10183600
20210824,112040,위메이드,KOSDAQ,중견기업부,74700,-900,-1.19,75700,76400,72400,385160,28610545300,1254960000000,16800000
20210824,101730,위메이드맥스,KOSDAQ,관리종목(소속부없음),6040,-110,-1.79,6250,6250,5990,107278,647208530,95405635400,15795635
20210824,065370,위세아이텍,KOSDAQ,중견기업부,13200,50,0.38,13400,13450,13100,22018,292865800,86801536800,6575874
20210824,038620,위즈코프,KOSDAQ,중견기업부,2790,145,5.48,2670,2875,2670,3391982,9461097305,167495381730,60034187
20210824,299900,위지윅스튜디오,KOSDAQ,중견기업부,15250,550,3.74,15100,15650,14800,794264,12180284850,555759120250,36443221
20210824,036090,위지트,KOSDAQ,중견기업부,1255,20,1.62,1235,1265,1235,888316,1110200720,113240388175,90231385
20210824,136540,윈스,KOSDAQ,우량기업부,15800,200,1.28,15700,15950,15650,30176,477958150,192944275400,12211663
20210824,320000,윈텍,KOSDAQ,중견기업부,2615,55,2.15,2585,2640,2575,48955,127575435,48375272020,18499148
20210824,097800,윈팩,KOSDAQ,벤처기업부,2335,50,2.19,2290,2405,2290,361149,850865810,100195748975,42910385
20210824,192390,윈하이텍,KOSDAQ,중견기업부,4610,280,6.47,4355,4855,4355,431182,1993336870,49128290560,10656896
20210824,313760,윌링스,KOSDAQ,중견기업부,17050,1400,8.95,15900,17700,15650,178806,3022020500,82897100000,4862000
20210824,900340,윙입푸드,KOSDAQ,외국기업(소속부없음),1390,25,1.83,1365,1395,1365,137068,189563265,66683064920,47973428
20210824,036200,유니셈,KOSDAQ,우량기업부,14400,500,3.60,14300,14400,13900,392342,5552620500,441564811200,30664223
20210824,018000,유니슨,KOSDAQ,중견기업부,3315,130,4.08,3205,3340,3190,697907,2294672890,403547384565,121733751
20210824,203450,유니온커뮤니티,KOSDAQ,벤처기업부,4120,215,5.51,3950,4140,3950,108920,442829345,60477508840,14679007
20210824,011320,유니크,KOSDAQ,중견기업부,7160,240,3.47,6980,7260,6980,166672,1189098950,138336176200,19320695
20210824,086390,유니테스트,KOSDAQ,우량기업부,24950,-100,-0.40,25150,25700,24700,257024,6455419700,527296443700,21134126
20210824,241690,유니테크노,KOSDAQ,우량기업부,13800,1150,9.09,12850,14000,12700,446218,6007615950,325757142000,23605590
20210824,142210,유니트론텍,KOSDAQ,중견기업부,6640,190,2.95,6450,6680,6450,100604,662405700,83404575200,12560930
20210824,048430,유라테크,KOSDAQ,우량기업부,12350,250,2.07,12250,13850,11950,4721766,61488022600,142272000000,11520000
20210824,206650,유바이오로직스,KOSDAQ,기술성장기업부,41000,550,1.36,40150,41350,39700,604870,24507770750,1438197672000,35077992
20210824,089850,유비벨록스,KOSDAQ,우량기업부,15100,100,0.67,15250,15550,14900,65159,987867650,107447024700,7115697
20210824,032620,유비케어,KOSDAQ,우량기업부,8100,240,3.05,8070,8170,7960,106898,864084760,422796825900,52197139
20210824,264450,유비쿼스,KOSDAQ,우량기업부,22750,200,0.89,22550,23100,22450,36936,841333800,233089811500,10245706
20210824,078070,유비쿼스홀딩스,KOSDAQ,우량기업부,18450,500,2.79,17750,18800,17750,46183,853351800,344952786600,18696628
20210824,024800,유성티엔에스,KOSDAQ,우량기업부,3145,135,4.49,3055,3160,3045,45022,140509815,98371253610,31278618
20210824,054930,유신,KOSDAQ,중견기업부,23150,200,0.87,23100,23600,23050,9264,215780150,69450000000,3000000
20210824,069330,유아이디,KOSDAQ,관리종목(소속부없음),2680,5,0.19,2675,2735,2660,116096,312565465,36393654960,13579722
20210824,049520,유아이엘,KOSDAQ,중견기업부,3260,70,2.19,3195,3320,3190,56834,184085990,71018891360,21784936
20210824,313750,유안타제4호스팩,KOSDAQ,SPAC(소속부없음),2260,0,0.00,0,0,0,0,0,10509000000,4650000
20210824,336060,유안타제5호스팩,KOSDAQ,SPAC(소속부없음),2435,25,1.04,2460,2460,2405,30612,74015130,14439550000,5930000
20210824,367460,유안타제7호스팩,KOSDAQ,SPAC(소속부없음),2230,-10,-0.45,2250,2250,2200,30996,68467960,12265000000,5500000
20210824,367480,유안타제8호스팩,KOSDAQ,SPAC(소속부없음),2195,-5,-0.23,2205,2215,2165,44456,96958790,14245550000,6490000
20210824,056090,유앤아이,KOSDAQ,기술성장기업부,4605,165,3.72,4470,4605,4470,22490,102809770,42720235020,9276924
20210824,263770,유에스티,KOSDAQ,우량기업부,5300,270,5.37,5010,5300,5010,78554,409137230,125610911600,23700172
20210824,340930,유일에너테크,KOSDAQ,벤처기업부,17950,400,2.28,17900,18250,17600,60257,1081883350,190091289800,10590044
20210824,023410,유진기업,KOSDAQ,우량기업부,5070,155,3.15,4955,5080,4955,378285,1908112530,391966075410,77310863
20210824,056080,유진로봇,KOSDAQ,벤처기업부,3570,180,5.31,3440,3575,3430,177596,624966115,133918382640,37512152
20210824,321260,유진스팩4호,KOSDAQ,SPAC(소속부없음),3465,30,0.87,3425,3545,3415,81776,283922300,12092850000,3490000
20210824,331380,유진스팩5호,KOSDAQ,SPAC(소속부없음),4520,10,0.22,4510,4675,4475,76227,349600185,18125200000,4010000
20210824,373340,유진스팩6호,KOSDAQ,SPAC(소속부없음),3360,355,11.81,3050,3530,3045,1226649,4140622485,10147200000,3020000
20210824,084370,유진테크,KOSDAQ,우량기업부,43600,1900,4.56,42450,43950,42000,239798,10334333650,999139431200,22916042
20210824,178780,유테크,KOSDAQ,관리종목(소속부없음),1730,0,0.00,0,0,0,0,0,60240302320,34820984
20210824,179900,유티아이,KOSDAQ,우량기업부,12200,250,2.09,12200,12500,12050,42718,524809650,197724119000,16206895
20210824,263050,유틸렉스,KOSDAQ,기술성장기업부,29000,300,1.05,29150,29450,28650,64255,1862730700,447628108000,15435452
20210824,191410,육일씨엔에쓰,KOSDAQ,중견기업부,4460,315,7.60,4165,4500,4165,21347,90564405,41759078120,9363022
20210824,072770,율호,KOSDAQ,중견기업부,1950,-15,-0.76,1950,2065,1935,6516189,12980722200,75985657800,38967004
20210824,039020,이건홀딩스,KOSDAQ,우량기업부,4885,150,3.17,4735,4970,4735,140468,689582035,110326303465,22584709
20210824,060230,이그잭스,KOSDAQ,중견기업부,2055,-70,-3.29,2125,2145,2030,2410399,5026717885,178053578235,86644077
20210824,067920,이글루시큐리티,KOSDAQ,벤처기업부,7340,140,1.94,7340,7420,7230,39413,288931410,80711513460,10996119
20210824,044960,이글벳,KOSDAQ,중견기업부,8530,370,4.53,8300,8530,8250,155027,1303768090,107835261990,12641883
20210824,303530,이노뎁,KOSDAQ,벤처기업부,22300,-350,-1.55,23350,25650,21350,1167783,27664088300,159292267300,7143151
20210824,302430,이노메트리,KOSDAQ,벤처기업부,18250,550,3.11,17700,18400,17700,81267,1474113600,178786818500,9796538
20210824,073490,이노와이어리스,KOSDAQ,우량기업부,44250,850,1.96,43450,44600,43450,37679,1666771300,298136322000,6737544
20210824,086250,이노와이즈,KOSDAQ,관리종목(소속부없음),269,-86,-24.23,290,298,220,13671704,3513450462,8287936806,30810174
20210824,215790,이노인스트루먼트,KOSDAQ,중견기업부,2260,20,0.89,2250,2290,2240,291435,660463020,91039916740,40283149
20210824,246960,이노테라피,KOSDAQ,기술성장기업부,14050,300,2.18,13950,14200,13700,27584,384607600,70870785200,5044184
20210824,088390,이녹스,KOSDAQ,중견기업부,24650,550,2.28,24600,25700,24500,108777,2735277200,230498304600,9350844
20210824,272290,이녹스첨단소재,KOSDAQ,우량기업부,88000,6400,7.84,83400,89400,82900,763889,66222853000,864232952000,9820829
20210824,053350,이니텍,KOSDAQ,중견기업부,6410,160,2.56,6300,6530,6260,174847,1123955840,126859771560,19790916
20210824,258610,이더블유케이,KOSDAQ,벤처기업부,8680,680,8.50,8050,8980,7960,416780,3591848150,125638877000,14474525
20210824,041520,이라이콤,KOSDAQ,우량기업부,9270,370,4.16,8900,9340,8900,43791,401033240,112989527100,12188730
20210824,264850,이랜시스,KOSDAQ,중견기업부,3420,30,0.88,3420,3485,3360,89046,305723675,98331197040,28751812
20210824,054210,이랜텍,KOSDAQ,중견기업부,8160,320,4.08,7840,8280,7810,960579,7751516170,206376273600,25291210
20210824,164060,이루다,KOSDAQ,벤처기업부,14050,400,2.93,13850,14050,13550,182757,2518927250,109801593000,7815060
20210824,065440,이루온,KOSDAQ,벤처기업부,3235,145,4.69,3135,3290,3130,977047,3163917535,88234689700,27275020
20210824,115610,이미지스,KOSDAQ,관리종목(소속부없음),3060,50,1.66,3020,3065,3010,17612,53590500,23467531680,7669128
20210824,349720,이베스트스팩5호,KOSDAQ,SPAC(소속부없음),2250,-10,-0.44,2260,2260,2225,49098,109668725,8145000000,3620000
20210824,323210,이베스트이안스팩1호,KOSDAQ,SPAC(소속부없음),2230,0,0.00,2235,2240,2215,73937,164661375,7136000000,3200000
20210824,078020,이베스트투자증권,KOSDAQ,우량기업부,8650,200,2.37,8450,8680,8450,116532,1003954740,479912293500,55481190
20210824,131400,이브이첨단소재,KOSDAQ,벤처기업부,4950,180,3.77,4780,5000,4780,1089950,5351445660,114944172750,23221045
20210824,351330,이삭엔지니어링,KOSDAQ,벤처기업부,16100,150,0.94,16000,16350,15900,93574,1507752550,133445172000,8288520
20210824,080010,이상네트웍스,KOSDAQ,중견기업부,7400,160,2.21,7270,7430,7270,35964,264287750,66711000000,9015000
20210824,086890,이수앱지스,KOSDAQ,기술성장기업부,14800,600,4.23,14250,14950,13900,1071287,15511681700,491103486400,33182668
20210824,047560,이스트소프트,KOSDAQ,벤처기업부,14000,750,5.66,13300,14150,13300,222316,3071920100,156292948000,11163782
20210824,900110,이스트아시아홀딩스,KOSDAQ,외국기업(소속부없음),180,-2,-1.10,186,187,178,1120737,202727998,24594756480,136637536
20210824,067010,이씨에스,KOSDAQ,벤처기업부,6920,240,3.59,6730,6920,6680,293761,2002356410,85074480000,12294000
20210824,052190,이에스에이,KOSDAQ,투자주의환기종목(소속부없음),8850,0,0.00,0,0,0,0,0,26981756100,3048786
20210824,101360,이엔드디,KOSDAQ,우량기업부,31900,1800,5.98,30100,32300,29700,278044,8741353000,329220217700,10320383
20210824,102710,이엔에프테크놀로지,KOSDAQ,우량기업부,33050,2050,6.61,31400,33050,31400,195293,6291127050,472212979800,14287836
20210824,066980,이엔코퍼레이션,KOSDAQ,중견기업부,10750,-100,-0.92,10850,11150,10650,49981,546050800,207384420500,19291574
20210824,063760,이엘피,KOSDAQ,벤처기업부,7290,-210,-2.80,7570,7700,7210,80164,596104620,67980197700,9325130
20210824,087730,이엠네트웍스,KOSDAQ,관리종목(소속부없음),8160,0,0.00,0,0,0,0,0,26570510400,3256190
20210824,123570,이엠넷,KOSDAQ,중견기업부,6680,-110,-1.62,6710,6860,6620,104251,696130800,148804201040,22276078
20210824,083470,이엠앤아이,KOSDAQ,관리종목(소속부없음),1390,0,0.00,0,0,0,0,0,38120075850,27424515
20210824,095190,이엠코리아,KOSDAQ,중견기업부,4470,180,4.20,4345,4495,4345,160716,716855220,190337235390,42581037
20210824,091120,이엠텍,KOSDAQ,우량기업부,24850,750,3.11,24200,25100,24200,256915,6355075150,394815209600,15887936
20210824,039030,이오테크닉스,KOSDAQ,우량기업부,123800,4900,4.12,120900,125000,120000,170966,21087069800,1525160290000,12319550
20210824,294090,이오플로우,KOSDAQ,기술성장기업부,53400,2600,5.12,51500,53400,51000,41883,2188984800,612427351800,11468677
20210824,088290,이원컴포텍,KOSDAQ,중견기업부,8170,380,4.88,7900,8170,7790,170198,1362955010,184938611850,22636305
20210824,181340,이즈미디어,KOSDAQ,벤처기업부,20350,400,2.01,20250,20950,19850,92794,1896765100,144588785000,7105100
20210824,353810,이지바이오,KOSDAQ,중견기업부,6190,0,0.00,6120,6400,6120,166556,1035056600,211646746800,34191720
20210824,099750,이지케어텍,KOSDAQ,우량기업부,44650,4050,9.98,41550,44650,41000,102525,4480620600,285134900000,6386000
20210824,035810,이지홀딩스,KOSDAQ,우량기업부,4765,185,4.04,4595,4765,4595,468300,2205811450,310419951425,65145845
20210824,160600,이큐셀,KOSDAQ,관리종목(소속부없음),3100,0,0.00,0,0,0,0,0,42720312600,13780746
20210824,092130,이크레더블,KOSDAQ,중견기업부,20250,-50,-0.25,20300,20650,20250,7530,153328350,243882900000,12043600
20210824,096040,이트론,KOSDAQ,중견기업부,655,13,2.02,646,656,641,12232610,7926833894,343612179940,524598748
20210824,134060,이퓨쳐,KOSDAQ,벤처기업부,8700,530,6.49,8250,9350,8250,132768,1161347070,41492475000,4769250
20210824,001840,이화공영,KOSDAQ,중견기업부,7030,380,5.71,6660,7030,6660,136663,955146470,139234492800,19805760
20210824,024810,이화전기,KOSDAQ,중견기업부,2125,10,0.47,2125,2160,2110,1146842,2445522855,177360198875,83463623
20210824,041830,인바디,KOSDAQ,우량기업부,29450,750,2.61,29250,29500,28700,80835,2349407150,402987379900,13683782
20210824,352940,인바이오,KOSDAQ,벤처기업부,9460,310,3.39,9180,9500,9170,70890,665776980,102808725800,10867730
20210824,079950,인베니아,KOSDAQ,중견기업부,2520,75,3.07,2490,2630,2455,234788,595414555,58464000000,23200000
20210824,277410,인산가,KOSDAQ,벤처기업부,2575,30,1.18,2560,2600,2520,349209,898100970,82048252425,31863399
20210824,060150,인선이엔티,KOSDAQ,우량기업부,11800,-50,-0.42,12150,12200,11600,550789,6546300500,549450621600,46563612
20210824,033230,인성정보,KOSDAQ,중견기업부,2555,-35,-1.35,2585,2640,2490,1629212,4206245625,100195295900,39215380
20210824,037330,인지디스플레,KOSDAQ,우량기업부,2890,50,1.76,2875,2930,2865,110265,320661605,126828297360,43885224
20210824,083640,인콘,KOSDAQ,벤처기업부,2260,160,7.62,2150,2280,2145,1172329,2615995330,100928817940,44658769
20210824,216050,인크로스,KOSDAQ,중견기업부,50800,850,1.70,50900,51500,50400,21028,1072356000,409284271600,8056777
20210824,049070,인탑스,KOSDAQ,우량기업부,26150,250,0.97,25800,26750,25800,287102,7487924150,449780000000,17200000
20210824,119610,인터로조,KOSDAQ,우량기업부,27200,250,0.93,27200,27800,27050,76046,2085619450,352706398400,12967147
20210824,017250,인터엠,KOSDAQ,투자주의환기종목(소속부없음),1520,35,2.36,1490,1525,1490,17320,26138175,31989109840,21045467
20210824,035080,인터파크,KOSDAQ,중견기업부,9430,10,0.11,9350,9950,9270,31202055,300817339290,765613807090,81189163
20210824,051370,인터플렉스,KOSDAQ,중견기업부,13150,50,0.38,13150,13400,12900,152363,2005962950,306756256800,23327472
20210824,064290,인텍플러스,KOSDAQ,벤처기업부,25350,1950,8.33,23850,25500,23800,232888,5809373100,321829961700,12695462
20210824,189300,인텔리안테크,KOSDAQ,우량기업부,57500,2400,4.36,55200,58500,55200,93154,5364623000,527236935000,9169338
20210824,150840,인트로메딕,KOSDAQ,기술성장기업부,3220,-40,-1.23,3260,3295,3145,1002498,3215510525,116481976940,36174527
20210824,048530,인트론바이오,KOSDAQ,기술성장기업부,22550,900,4.16,21700,22850,21650,285816,6412910400,754828755450,33473559
20210824,175140,인포마크,KOSDAQ,관리종목(소속부없음),7650,140,1.86,7610,8060,7500,4885,37269720,38818303200,5074288
20210824,115310,인포바인,KOSDAQ,벤처기업부,25400,250,0.99,25150,25700,25050,9897,251310050,81099228200,3192883
20210824,039290,인포뱅크,KOSDAQ,중견기업부,10950,400,3.79,10650,11050,10650,57391,625067100,95199059100,8693978
20210824,071200,인피니트헬스케어,KOSDAQ,중견기업부,7840,90,1.16,7800,7970,7800,73591,579000060,191268230720,24396458
20210824,016670,인피니티엔티,KOSDAQ,투자주의환기종목(소속부없음),973,0,0.00,0,0,0,0,0,84222290362,86559394
20210824,101930,인화정공,KOSDAQ,우량기업부,10350,200,1.97,10200,10550,9940,70026,713495430,96583146750,9331705
20210824,333430,일승,KOSDAQ,중견기업부,2875,10,0.35,2895,2935,2750,66904,190913520,88339397625,30726747
20210824,068330,일신바이오,KOSDAQ,중견기업부,6160,200,3.36,6010,6230,5940,1622949,9856799750,272371422400,44216140
20210824,058450,일야,KOSDAQ,관리종목(소속부없음),685,0,0.00,0,0,0,0,0,21741900000,31740000
20210824,019540,일지테크,KOSDAQ,중견기업부,4150,210,5.33,3960,4150,3960,88272,362209595,56081025000,13513500
20210824,094820,일진파워,KOSDAQ,우량기업부,9110,190,2.13,9060,9270,9010,245388,2241321660,137367038990,15078709
20210824,950140,잉글우드랩,KOSDAQ,외국기업(소속부없음),10050,790,8.53,9390,10150,9300,1203292,11891168270,199672053300,19867866
20210824,049550,잉크테크,KOSDAQ,벤처기업부,8350,90,1.09,8520,8520,8200,20049,166350490,161939540950,19393957
20210824,254120,자비스,KOSDAQ,기술성장기업부,2435,5,0.21,2500,2555,2405,411121,1010633820,54013698395,22182217
20210824,221610,자안바이오,KOSDAQ,관리종목(소속부없음),2865,385,15.52,2520,3220,2510,6242183,18662244035,19065993405,6654797
20210824,219550,자안코스메틱,KOSDAQ,중견기업부,4310,330,8.29,4000,4535,4000,566614,2434373380,34405807660,7982786
20210824,043910,자연과환경,KOSDAQ,중견기업부,2175,115,5.58,2070,2205,2070,2220706,4821262830,134212677150,61706978
20210824,234920,자이글,KOSDAQ,벤처기업부,4180,40,0.97,4155,4290,4155,32488,136977515,56559203800,13530910
20210824,289220,자이언트스텝,KOSDAQ,기술성장기업부,81000,800,1.00,81400,83200,79800,204719,16676561400,782116965000,9655765
20210824,174880,장원테크,KOSDAQ,중견기업부,4435,5,0.11,4410,4700,4340,245489,1113447875,84780537705,19116243
20210824,049630,재영솔루텍,KOSDAQ,중견기업부,960,21,2.24,939,965,939,454527,434523688,74256293760,77350306
20210824,110020,전진바이오팜,KOSDAQ,기술성장기업부,6110,-40,-0.65,6200,6280,6080,23359,144686750,38745764590,6341369
20210824,208140,정다운,KOSDAQ,우량기업부,3460,100,2.98,3385,3480,3385,266147,914857025,112553191040,32529824
20210824,022220,정산애강,KOSDAQ,우량기업부,2380,50,2.15,2350,2405,2350,397178,944919970,123271098020,51794579
20210824,040420,정상제이엘에스,KOSDAQ,우량기업부,7200,70,0.98,7170,7240,7120,31488,226248400,112878374400,15677552
20210824,045510,정원엔시스,KOSDAQ,중견기업부,2760,135,5.14,2665,2770,2655,230802,632271160,88897645920,32209292
20210824,217190,제너셈,KOSDAQ,벤처기업부,9580,280,3.01,9260,9750,9260,80841,774134920,84008686920,8769174
20210824,095700,제넥신,KOSDAQ,기술성장기업부,86100,2200,2.62,84500,86600,83600,269041,22863311300,2153312095200,25009432
20210824,072520,제넨바이오,KOSDAQ,벤처기업부,1510,85,5.96,1435,1580,1435,7812985,12001466530,303849321160,201224716
20210824,122310,제노레이,KOSDAQ,우량기업부,9640,210,2.23,9590,9770,9470,28218,271791620,140299056160,14553844
20210824,361390,제노코,KOSDAQ,기술성장기업부,55600,-500,-0.89,56700,58200,55200,83293,4707690400,135782984000,2442140
20210824,187420,제노포커스,KOSDAQ,기술성장기업부,9490,320,3.49,9220,9570,9190,178278,1678598320,213515604900,22499010
20210824,225220,제놀루션,KOSDAQ,기술성장기업부,16450,500,3.13,16050,16600,15800,236121,3822941100,157380111000,9567180
20210824,123330,제닉,KOSDAQ,벤처기업부,6440,170,2.71,6450,6650,6390,23732,153902030,45080000000,7000000
20210824,159580,제로투세븐,KOSDAQ,중견기업부,10800,450,4.35,10500,10850,10450,144126,1536001850,216352468800,20032636
20210824,147830,제룡산업,KOSDAQ,벤처기업부,6840,40,0.59,6840,6970,6510,133928,911884460,68400000000,10000000
20210824,033100,제룡전기,KOSDAQ,벤처기업부,6100,70,1.16,6000,6160,6000,65193,397558090,97980694900,16062409
20210824,079370,제우스,KOSDAQ,우량기업부,23800,1050,4.62,23100,23900,23100,67199,1580736400,247139200000,10384000
20210824,054950,제이브이엠,KOSDAQ,우량기업부,17050,-200,-1.16,17100,17250,16900,31865,544710800,206132658600,12089892
20210824,090470,제이스텍,KOSDAQ,중견기업부,7180,230,3.31,6940,7230,6940,12719,90098420,104812261440,14597808
20210824,287410,제이시스메디칼,KOSDAQ,벤처기업부,8550,0,0.00,8630,8800,8440,1320946,11406392630,603924735600,70634472
20210824,137950,제이씨케미칼,KOSDAQ,우량기업부,10900,250,2.35,10800,11150,10700,457541,4998125000,242719172600,22267814
20210824,033320,제이씨현시스템,KOSDAQ,우량기업부,6900,170,2.53,6960,7040,6870,91671,638078530,131889580800,19114432
20210824,204270,제이앤티씨,KOSDAQ,우량기업부,8340,300,3.73,8260,8360,8040,96802,799288830,482456206440,57848466
20210824,026040,제이에스티나,KOSDAQ,중견기업부,2985,85,2.93,2925,3010,2900,112073,329741395,49263813150,16503790
20210824,126880,제이엔케이히터,KOSDAQ,벤처기업부,6140,320,5.50,5880,6190,5880,167091,1015975680,142478104420,23204903
20210824,322510,제이엘케이,KOSDAQ,기술성장기업부,6640,190,2.95,6470,6720,6470,48749,321725270,100668966960,15160989
20210824,033050,제이엠아이,KOSDAQ,중견기업부,1675,40,2.45,1635,1715,1580,1474880,2429550055,54570397850,32579342
20210824,094970,제이엠티,KOSDAQ,중견기업부,3785,160,4.41,3645,3840,3645,212472,801719910,63392088400,16748240
20210824,058420,제이웨이,KOSDAQ,투자주의환기종목(소속부없음),2160,0,0.00,0,0,0,0,0,7799412240,3610839
20210824,089790,제이티,KOSDAQ,벤처기업부,9790,-30,-0.31,9980,10250,9450,703720,6920856550,100988872270,10315513
20210824,052670,제일바이오,KOSDAQ,중견기업부,3670,100,2.80,3605,3765,3580,1007955,3678192965,106903664880,29129064
20210824,199820,제일전기공업,KOSDAQ,벤처기업부,18500,400,2.21,18250,18800,18250,30381,563718950,205535000000,11110000
20210824,023440,제일제강,KOSDAQ,중견기업부,3255,-100,-2.98,3360,3425,3250,340006,1134408680,113308079850,34810470
20210824,038010,제일테크노스,KOSDAQ,중견기업부,5720,210,3.81,5560,5810,5560,50617,289629140,51480000000,9000000
20210824,276730,제주맥주,KOSDAQ,기술성장기업부,3355,135,4.19,3220,3615,3220,1463382,5035444450,189156446655,56380461
20210824,080220,제주반도체,KOSDAQ,우량기업부,5410,560,11.55,4920,6040,4920,8916908,49963257885,186335726530,34442833
20210824,216080,제테마,KOSDAQ,기술성장기업부,33050,250,0.76,32800,33450,32700,68942,2279182400,585935484950,17728759
20210824,229000,젠큐릭스,KOSDAQ,기술성장기업부,19450,600,3.18,18900,19500,18900,20434,393645900,127561288450,6558421
20210824,082270,젬백스,KOSDAQ,벤처기업부,20450,150,0.74,20100,20550,20000,197501,4013297050,813870306550,39798059
20210824,064800,젬백스링크,KOSDAQ,벤처기업부,1640,45,2.82,1610,1665,1610,1366824,2244876040,136277038200,83095755
20210824,041590,젬백스지오,KOSDAQ,중견기업부,1015,22,2.22,995,1020,992,634418,637203626,87762883425,86465895
20210824,044060,조광ILI,KOSDAQ,벤처기업부,8570,160,1.90,8560,8620,8460,64750,553894170,118702290130,13850909
20210824,034940,조아제약,KOSDAQ,중견기업부,4440,50,1.14,4380,4575,4365,2973220,13358246160,137550431880,30979827
20210824,067000,조이시티,KOSDAQ,벤처기업부,10450,300,2.96,10350,10900,10200,400623,4198277250,472913673650,45254897
20210824,033340,좋은사람들,KOSDAQ,투자주의환기종목(소속부없음),1055,0,0.00,0,0,0,0,0,52653176320,49908224
20210824,036930,주성엔지니어링,KOSDAQ,우량기업부,12350,0,0.00,12550,12700,12000,883766,10959818100,595877768200,48249212
20210824,239340,줌인터넷,KOSDAQ,중견기업부,5840,170,3.00,5720,5870,5720,257041,1492755610,157561062560,26979634
20210824,051980,중앙디앤엠,KOSDAQ,중견기업부,1240,20,1.64,1290,1370,1185,565336,702797450,86656850680,69884557
20210824,072020,중앙백신,KOSDAQ,벤처기업부,16100,250,1.58,16000,16250,15950,46557,748873800,160356000000,9960000
20210824,000440,중앙에너비스,KOSDAQ,중견기업부,14450,1050,7.84,13950,14600,13900,42803,609153050,89982028500,6227130
20210824,078650,지나인제약,KOSDAQ,관리종목(소속부없음),605,7,1.17,596,640,583,10769816,6573236390,45245474340,74785908
20210824,228760,지노믹트리,KOSDAQ,기술성장기업부,12950,200,1.57,12750,13150,12600,23471,303323750,263241280400,20327512
20210824,314130,지놈앤컴퍼니,KOSDAQ,기술성장기업부,45700,4250,10.25,41200,45900,41200,422868,18779374650,614549150500,13447465
20210824,043610,지니뮤직,KOSDAQ,우량기업부,5800,200,3.57,5760,5870,5660,228131,1319793670,337069540400,58115438
20210824,263860,지니언스,KOSDAQ,벤처기업부,7150,350,5.15,6930,7180,6920,22948,162966210,67528890000,9444600
20210824,303030,지니틱스,KOSDAQ,벤처기업부,3005,80,2.74,3000,3035,2940,283879,849492660,107415732340,35745668
20210824,036180,지더블유바이텍,KOSDAQ,중견기업부,2750,50,1.85,2710,2765,2680,94997,258832625,81857118750,29766225
20210824,208350,지란지교시큐리티,KOSDAQ,벤처기업부,5910,60,1.03,5880,6050,5880,11241,66863510,49091657310,8306541
20210824,114570,지스마트글로벌,KOSDAQ,투자주의환기종목(소속부없음),620,0,0.00,0,0,0,0,0,7030424280,11339394
20210824,051160,지어소프트,KOSDAQ,우량기업부,26050,0,0.00,26000,26550,25700,174692,4557186400,379667157750,14574555
20210824,053050,지에스이,KOSDAQ,우량기업부,1725,55,3.29,1680,1730,1680,235214,403138480,51728604825,29987597
20210824,119850,지엔씨에너지,KOSDAQ,우량기업부,4700,170,3.75,4530,4715,4530,88291,408865780,77309872300,16448909
20210824,270520,지엔원에너지,KOSDAQ,벤처기업부,3405,145,4.45,3250,3460,3250,285344,964011405,106266331740,31208908
20210824,065060,지엔코,KOSDAQ,중견기업부,912,22,2.47,908,914,890,285291,258815696,89383336128,98008044
20210824,204840,지엘팜텍,KOSDAQ,기술성장기업부,1190,40,3.48,1170,1200,1150,362187,425707805,61745344360,51886844
20210824,111820,지유온,KOSDAQ,관리종목(소속부없음),2470,0,0.00,0,0,0,0,0,72867415660,29500978
20210824,115450,지트리비앤티,KOSDAQ,중견기업부,10350,370,3.71,10100,10600,9980,535176,5508253390,280360996650,27088019
20210824,219750,지티지웰니스,KOSDAQ,관리종목(소속부없음),2500,-95,-3.66,2590,2590,2375,650846,1599198375,43601970000,17440788
20210824,018120,진로발효,KOSDAQ,우량기업부,31050,0,0.00,31300,34400,30800,27173,874204400,205585776000,6621120
20210824,109820,진매트릭스,KOSDAQ,기술성장기업부,11700,500,4.46,11200,11800,11200,228002,2634520350,238605588000,20393640
20210824,086060,진바이오텍,KOSDAQ,중견기업부,5970,240,4.19,5730,5980,5730,69307,406791910,51405204390,8610587
20210824,036890,진성티이씨,KOSDAQ,우량기업부,13200,50,0.38,13300,13500,13000,357947,4746934950,296765937600,22482268
20210824,363250,진시스템,KOSDAQ,기술성장기업부,13950,750,5.68,13150,14300,13150,151275,2093913050,95014566000,6811080
20210824,007370,진양제약,KOSDAQ,중견기업부,8370,790,10.42,7640,9090,7520,14463908,121658027130,100440000000,12000000
20210824,085660,차바이오텍,KOSDAQ,중견기업부,24800,850,3.55,24250,24800,24000,513865,12537410600,1395261193600,56260532
20210824,158310,참존글로벌,KOSDAQ,관리종목(소속부없음),1015,0,0.00,0,0,0,0,0,48320266610,47606174
20210824,094850,참좋은여행,KOSDAQ,중견기업부,13850,750,5.73,13600,14050,13550,297724,4118692400,193900000000,14000000
20210824,004650,창해에탄올,KOSDAQ,우량기업부,13050,150,1.16,13100,13200,12900,32021,418624150,119941049250,9190885
20210824,311690,천랩,KOSDAQ,기술성장기업부,46800,1600,3.54,45900,46800,45000,41803,1928066300,182980886400,3909848
20210824,278280,천보,KOSDAQ,우량기업부,237400,-8600,-3.50,253000,254500,230400,230656,55927694300,2374000000000,10000000
20210824,096240,청담러닝,KOSDAQ,우량기업부,30350,250,0.83,30000,30650,29950,41030,1237479000,226830619100,7473826
20210824,066360,체리부로,KOSDAQ,중견기업부,1835,60,3.38,1775,1840,1775,135500,244316810,51145806290,27872374
20210824,047820,초록뱀미디어,KOSDAQ,중견기업부,2440,110,4.72,2335,2445,2335,2873757,6928088440,400523401400,164148935
20210824,052300,초록뱀컴퍼니,KOSDAQ,중견기업부,1405,40,2.93,1390,1420,1375,182735,255049565,97210217635,69188767
20210824,094360,칩스앤미디어,KOSDAQ,벤처기업부,15050,600,4.15,14650,15100,14400,202457,3002721300,145086740750,9640315
20210824,016920,카스,KOSDAQ,중견기업부,5360,80,1.52,5320,5380,5250,869899,4616754980,128343581280,23944698
20210824,284620,카이노스메드,KOSDAQ,기술성장기업부,3205,205,6.83,3065,3255,3030,501542,1588939570,337671537470,105357734
20210824,293490,카카오게임즈,KOSDAQ,우량기업부,75900,600,0.80,75600,76700,74700,1093879,82785404300,5667758877000,74674030
20210824,042000,카페24,KOSDAQ,기술성장기업부,37100,-1550,-4.01,38650,39700,36850,674969,25656564550,698768594300,18834733
20210824,317530,캐리소프트,KOSDAQ,기술성장기업부,15550,400,2.64,15350,16000,15100,216291,3344956950,107298047800,6900196
20210824,071850,캐스텍코리아,KOSDAQ,중견기업부,4825,-215,-4.27,5060,5090,4750,468228,2275055040,79946332100,16569188
20210824,180400,캔서롭,KOSDAQ,관리종목(소속부없음),7740,0,0.00,0,0,0,0,0,178624199880,23078062
20210824,050110,캠시스,KOSDAQ,벤처기업부,1940,115,6.30,1830,1945,1830,498613,954640240,143218788920,73824118
20210824,900310,컬러레이,KOSDAQ,외국기업(소속부없음),1725,35,2.07,1685,1745,1685,143172,246320455,93150000000,54000000
20210824,078340,컴투스,KOSDAQ,우량기업부,103100,1700,1.68,101600,103800,101600,67576,6962451200,1326527902000,12866420
20210824,307930,컴퍼니케이,KOSDAQ,중견기업부,8470,310,3.80,8220,8550,8140,41627,351803930,132216700000,15610000
20210824,263700,케어랩스,KOSDAQ,중견기업부,8710,180,2.11,8540,8780,8540,88070,765367160,150125838720,17236032
20210824,214370,케어젠,KOSDAQ,중견기업부,74200,-100,-0.13,75200,75300,73500,20840,1544411500,797130600000,10743000
20210824,221980,케이디켐,KOSDAQ,중견기업부,15850,650,4.28,15200,15850,15200,5587,87211400,63951580000,4034800
20210824,317030,케이비17호스팩,KOSDAQ,SPAC(소속부없음),2120,5,0.24,2105,2120,2095,108789,229068110,11577320000,5461000
20210824,323940,케이비제18호스팩,KOSDAQ,SPAC(소속부없음),2175,-5,-0.23,2190,2190,2160,4619,10064985,17012850000,7822000
20210824,330990,케이비제19호스팩,KOSDAQ,SPAC(소속부없음),2200,-15,-0.68,2230,2230,2200,37308,82131005,9462200000,4301000
20210824,342550,케이비제20호스팩,KOSDAQ,SPAC(소속부없음),2190,5,0.23,2195,2200,2175,25623,55824380,14237190000,6501000
20210824,192250,케이사인,KOSDAQ,벤처기업부,2500,15,0.60,2465,2515,2450,2674401,6648190370,176678142500,70671257
20210824,115500,케이씨에스,KOSDAQ,중견기업부,7110,10,0.14,7100,7200,7030,75296,536646060,85320000000,12000000
20210824,089150,케이씨티,KOSDAQ,중견기업부,7250,70,0.97,7210,7330,7100,158696,1147756740,124337500000,17150000
20210824,025880,케이씨피드,KOSDAQ,중견기업부,3010,210,7.50,2835,3050,2835,478444,1420476540,50314732580,16715858
20210824,093320,케이아이엔엑스,KOSDAQ,우량기업부,52400,1600,3.15,51600,53500,51500,19378,1018115600,255712000000,4880000
20210824,073010,케이에스피,KOSDAQ,벤처기업부,1945,35,1.83,1915,1995,1915,96634,188449305,70393939865,36192257
20210824,105330,케이엔더블유,KOSDAQ,벤처기업부,8920,690,8.38,8250,8920,8250,137970,1201661220,108247607440,12135382
20210824,272110,케이엔제이,KOSDAQ,중견기업부,16600,400,2.47,16350,16750,16150,31257,512059900,122556272800,7382908
20210824,039420,케이엘넷,KOSDAQ,중견기업부,4165,95,2.33,4090,4245,4090,412650,1724173560,100604450450,24154730
20210824,083550,케이엠,KOSDAQ,우량기업부,9010,270,3.09,8780,9060,8780,32551,290841600,96903577140,10755114
20210824,032500,케이엠더블유,KOSDAQ,우량기업부,46150,800,1.76,45350,46600,45350,183635,8482301350,1837733750450,39820883
20210824,225430,케이엠제약,KOSDAQ,중견기업부,2535,60,2.42,2475,2545,2475,122420,309187670,70693671750,27887050
20210824,036030,케이티알파,KOSDAQ,중견기업부,8640,190,2.25,8650,8690,8540,125568,1083151770,423526605120,49019283
20210824,064820,케이프,KOSDAQ,벤처기업부,4500,175,4.05,4360,4575,4330,211739,952039995,139057776000,30901728
20210824,347140,케이프이에스제4호,KOSDAQ,SPAC(소속부없음),2260,10,0.44,2285,2285,2250,25828,58427800,6800340000,3009000
20210824,256940,케이피에스,KOSDAQ,벤처기업부,14650,-100,-0.68,14600,15050,14550,47189,695546100,262224056450,17899253
20210824,024880,케이피에프,KOSDAQ,우량기업부,4470,35,0.79,4380,4620,4380,81356,366552545,79200577500,17718250
20210824,042040,케이피엠테크,KOSDAQ,중견기업부,2645,55,2.12,2630,2675,2590,1371319,3613801265,371032130710,140276798
20210824,054410,케이피티유,KOSDAQ,벤처기업부,7590,360,4.98,7390,7680,7390,15637,118413980,38405400000,5060000
20210824,274090,켄코아에어로스페이스,KOSDAQ,기술성장기업부,14600,100,0.69,14650,15050,14400,123410,1817518500,172047684800,11784088
20210824,217600,켐온,KOSDAQ,중견기업부,4380,230,5.54,4160,4440,4160,14947701,64888832020,279712669200,63861340
20210824,089010,켐트로닉스,KOSDAQ,우량기업부,24500,400,1.66,24500,24550,24000,145073,3520488150,364024846500,14858157
20210824,220260,켐트로스,KOSDAQ,벤처기업부,9210,360,4.07,8990,9920,8850,10106628,95663714680,244602007470,26558307
20210824,052400,코나아이,KOSDAQ,중견기업부,39000,0,0.00,39750,39750,38100,61700,2388649200,606805602000,15559118
20210824,033110,코너스톤네트웍스,KOSDAQ,관리종목(소속부없음),204,0,0.00,0,0,0,0,0,26473567764,129772391
20210824,046070,코다코,KOSDAQ,관리종목(소속부없음),1275,15,1.19,1255,1290,1255,77919,98461865,49806926400,39064256
20210824,047770,코데즈컴바인,KOSDAQ,중견기업부,3000,135,4.71,2865,3020,2850,972389,2856159005,113527806000,37842602
20210824,078940,코드네이처,KOSDAQ,중견기업부,2445,-235,-8.77,2700,2700,2340,853298,2091920515,78263337525,32009545
20210824,080530,코디,KOSDAQ,중견기업부,1995,80,4.18,1925,2005,1925,198558,391505605,56441139510,28291298
20210824,224060,코디엠,KOSDAQ,중견기업부,283,28,10.98,257,305,255,53102135,15239578579,77474104904,273760088
20210824,104540,코렌텍,KOSDAQ,기술성장기업부,15250,100,0.66,15150,15600,15150,31392,480824700,180402955500,11829702
20210824,027050,코리아나,KOSDAQ,중견기업부,4500,130,2.97,4380,4530,4375,99066,443765765,180000000000,40000000
20210824,290510,코리아센터,KOSDAQ,우량기업부,7550,280,3.85,7280,7620,7280,525156,3922869800,575314809350,76200637
20210824,190650,코리아에셋투자증권,KOSDAQ,중견기업부,14200,1650,13.15,12700,15500,12650,1774820,25530406450,90709600000,6388000
20210824,101670,코리아에스이,KOSDAQ,벤처기업부,1805,-10,-0.55,1815,1870,1775,243629,443306165,34114500000,18900000
20210824,123410,코리아에프티,KOSDAQ,우량기업부,3770,105,2.86,3680,3845,3680,270323,1020954550,104960811280,27841064
20210824,036690,코맥스,KOSDAQ,우량기업부,7270,-710,-8.90,8020,8030,7220,1897931,14469907680,111138896370,15287331
20210824,049430,코메론,KOSDAQ,우량기업부,13250,300,2.32,12900,13350,12900,45363,596609400,119886000000,9048000
20210824,183300,코미코,KOSDAQ,우량기업부,81300,1000,1.25,82400,87500,79000,115405,9586297800,814662341100,10020447
20210824,041960,코미팜,KOSDAQ,벤처기업부,10950,400,3.79,10700,11000,10650,237212,2562097200,702835342200,64185876
20210824,089890,코세스,KOSDAQ,우량기업부,13450,400,3.07,13100,13650,13050,1611578,21546237050,223067738900,16584962
20210824,009730,코센,KOSDAQ,관리종목(소속부없음),905,0,0.00,0,0,0,0,0,26398999325,29170165
20210824,082660,코스나인,KOSDAQ,투자주의환기종목(소속부없음),1475,-25,-1.67,1535,1560,1455,666873,999319580,56953735450,38612702
20210824,222040,코스맥스엔비티,KOSDAQ,중견기업부,8990,180,2.04,8830,9090,8810,111557,1001593050,185445720000,20628000
20210824,241710,코스메카코리아,KOSDAQ,우량기업부,15650,600,3.99,15100,15700,15100,67716,1048418300,167142000000,10680000
20210824,069110,코스온,KOSDAQ,투자주의환기종목(소속부없음),2630,0,0.00,0,0,0,0,0,62963935800,23940660
20210824,166480,코아스템,KOSDAQ,기술성장기업부,20950,-200,-0.95,21400,21600,20700,183441,3853874950,330093102300,15756234
20210824,045970,코아시아,KOSDAQ,중견기업부,9000,230,2.62,8890,9040,8770,113655,1015945250,236833884000,26314876
20210824,196450,코아시아옵틱스,KOSDAQ,중견기업부,2585,15,0.58,2600,2650,2560,129892,337845885,106586338210,41232626
20210824,029960,코엔텍,KOSDAQ,우량기업부,8800,20,0.23,8860,8960,8780,241412,2139313210,440000000000,50000000
20210824,102940,코오롱생명과학,KOSDAQ,관리종목(소속부없음),32800,0,0.00,33300,34250,32400,83403,2775284200,374325276800,11412356
20210824,950160,코오롱티슈진,KOSDAQ,투자주의환기종목(소속부없음),8010,0,0.00,0,0,0,0,0,489551575500,61117550
20210824,033290,코웰패션,KOSDAQ,우량기업부,8060,300,3.87,7780,8060,7770,805664,6402741190,713311886040,88500234
20210824,056360,코위버,KOSDAQ,우량기업부,9100,120,1.34,9010,9170,8960,72564,656665540,89150880000,9796800
20210824,282880,코윈테크,KOSDAQ,우량기업부,24150,200,0.84,24550,24550,23800,174938,4214013000,228822409200,9475048
20210824,121850,코이즈,KOSDAQ,벤처기업부,2515,270,12.03,2245,2620,2245,524104,1307540690,38980674110,15499274
20210824,015710,코콤,KOSDAQ,우량기업부,7590,-100,-1.30,7700,7760,7480,236776,1801334270,133056495000,17530500
20210824,052330,코텍,KOSDAQ,우량기업부,9990,190,1.94,9800,10150,9800,36237,362144240,155589774480,15574552
20210824,322780,코퍼스코리아,KOSDAQ,벤처기업부,3480,105,3.11,3380,3510,3330,252849,872199725,124429745520,35755674
20210824,126600,코프라,KOSDAQ,우량기업부,6470,50,0.78,6460,6580,6370,213871,1386410930,136618151980,21115634
20210824,200130,콜마비앤에이치,KOSDAQ,우량기업부,41000,1850,4.73,39200,41300,39200,188295,7650644350,1211285878000,29543558
20210824,294570,쿠콘,KOSDAQ,벤처기업부,81700,1700,2.13,80800,83400,79300,327338,26672566500,659896700700,8077071
20210824,317690,퀀타매트릭스,KOSDAQ,기술성장기업부,17250,900,5.50,16450,17900,16450,1485239,25695808700,256554489000,14872724
20210824,365270,큐라클,KOSDAQ,기술성장기업부,45400,-300,-0.66,47000,48100,45050,2111220,98223275700,606360947200,13355968
20210824,060280,큐렉소,KOSDAQ,중견기업부,8360,400,5.03,8010,8400,7960,84424,698070060,279536806120,33437417
20210824,040350,큐로컴,KOSDAQ,벤처기업부,1415,40,2.91,1370,1425,1370,437717,614631535,178252462880,125973472
20210824,051780,큐로홀딩스,KOSDAQ,중견기업부,585,13,2.27,575,596,575,148762,87243428,70551465075,120600795
20210824,115180,큐리언트,KOSDAQ,관리종목(소속부없음),30300,0,0.00,0,0,0,0,0,269168898600,8883462
20210824,043090,큐브앤컴퍼니,KOSDAQ,투자주의환기종목(소속부없음),2685,5,0.19,2680,2745,2560,200330,538185670,94396673880,35157048
20210824,182360,큐브엔터,KOSDAQ,중견기업부,13000,950,7.88,12200,13050,12100,393190,4997737100,179460931000,13804687
20210824,066310,큐에스아이,KOSDAQ,벤처기업부,16400,450,2.82,15950,16550,15950,111176,1800506100,139254040000,8491100
20210824,016600,큐캐피탈,KOSDAQ,벤처기업부,558,9,1.64,553,567,552,661849,371588080,95301270306,170790807
20210824,043590,크로바하이텍,KOSDAQ,투자주의환기종목(소속부없음),2485,0,0.00,0,0,0,0,0,73965137855,29764643
20210824,114120,크루셜텍,KOSDAQ,관리종목(소속부없음),1210,50,4.31,1165,1215,1165,79471,94633800,25363191150,20961315
20210824,110790,크리스에프앤씨,KOSDAQ,우량기업부,39100,150,0.39,39650,39650,38400,28008,1090024550,458075268000,11715480
20210824,900250,크리스탈신소재,KOSDAQ,외국기업(소속부없음),1430,-135,-8.63,1505,1600,1410,18337009,27439601875,96930908360,67783852
20210824,083790,크리스탈지노믹스,KOSDAQ,기술성장기업부,7120,170,2.45,6950,7150,6930,526542,3713263370,493034980320,69246486
20210824,045520,크린앤사이언스,KOSDAQ,우량기업부,19450,450,2.37,19000,19600,19000,19975,388077550,126425000000,6500000
20210824,036170,클라우드에어,KOSDAQ,중견기업부,1790,85,4.99,1710,1805,1710,746603,1321324565,100297804470,56032293
20210824,214150,클래시스,KOSDAQ,우량기업부,24750,-450,-1.79,25200,25700,24450,553150,13740233650,1601742384000,64716864
20210824,352770,클리노믹스,KOSDAQ,기술성장기업부,12400,500,4.20,11950,12600,11950,62102,767105350,165107748400,13315141
20210824,237880,클리오,KOSDAQ,우량기업부,21000,550,2.69,20650,21500,20650,206644,4360508500,365253252000,17393012
20210824,139670,키네마스터,KOSDAQ,벤처기업부,22650,1600,7.60,21100,23150,21100,512597,11458058300,306823853550,13546307
20210824,054780,키이스트,KOSDAQ,중견기업부,14550,1250,9.40,13400,14850,13300,1134123,16299869000,258088773000,17738060
20210824,219130,타이거일렉,KOSDAQ,중견기업부,13750,150,1.10,13700,13950,13400,15615,213631900,86821487500,6314290
20210824,065130,탑엔지니어링,KOSDAQ,우량기업부,7950,260,3.38,7650,8010,7650,53565,423876840,127011243150,15976257
20210824,023160,태광,KOSDAQ,우량기업부,12000,300,2.56,11800,12000,11650,147250,1751015750,318000000000,26500000
20210824,053620,태양,KOSDAQ,우량기업부,9310,130,1.42,9190,9370,9180,5849,54283330,80066000000,8600000
20210824,044490,태웅,KOSDAQ,관리종목(소속부없음),12500,0,0.00,0,0,0,0,0,250092262500,20007381
20210824,124560,태웅로직스,KOSDAQ,우량기업부,8190,150,1.87,8270,8400,8140,312097,2578618500,160006326480,19536792
20210824,191420,테고사이언스,KOSDAQ,벤처기업부,26700,950,3.69,26300,26800,26000,18921,499926600,216505867800,8108834
20210824,073640,테라사이언스,KOSDAQ,중견기업부,1875,55,3.02,1820,1900,1820,88564,163542750,134882891250,71937542
20210824,182690,테라셈,KOSDAQ,투자주의환기종목(소속부없음),1440,0,0.00,0,0,0,0,0,30474933120,21163148
20210824,066700,테라젠이텍스,KOSDAQ,우량기업부,7450,170,2.34,7270,7470,7270,108843,807575910,241934540750,32474435
20210824,095610,테스,KOSDAQ,우량기업부,28150,1850,7.03,26700,28500,26650,410082,11227129800,556475561900,19768226
20210824,131970,테스나,KOSDAQ,우량기업부,54800,2100,3.98,53500,54800,52100,477507,25477564900,808824819600,14759577
20210824,089030,테크윙,KOSDAQ,우량기업부,25450,750,3.04,25050,25450,24700,200855,5065108000,493433965600,19388368
20210824,054450,텔레칩스,KOSDAQ,벤처기업부,16400,600,3.80,16200,16600,16000,185444,3024617350,221496940400,13505911
20210824,091440,텔레필드,KOSDAQ,벤처기업부,3595,75,2.13,3555,3725,3555,58716,212577460,32987270625,9175875
20210824,200230,텔콘RF제약,KOSDAQ,중견기업부,4345,225,5.46,4280,4415,4150,742417,3183897640,380226657140,87509012
20210824,215480,토박스코리아,KOSDAQ,중견기업부,1445,50,3.58,1405,1465,1400,1255827,1808379345,69468070105,48074789
20210824,051360,토비스,KOSDAQ,우량기업부,7760,120,1.57,7640,7900,7640,218682,1706186010,129724370080,16717058
20210824,045340,토탈소프트,KOSDAQ,벤처기업부,13150,700,5.62,12600,13250,12600,115780,1508465650,112538226000,8558040
20210824,108230,톱텍,KOSDAQ,우량기업부,10100,370,3.80,9760,10150,9760,119596,1198958560,384034774500,38023245
20210824,079970,투비소프트,KOSDAQ,벤처기업부,2165,25,1.17,2145,2185,2135,85382,184274595,81220260780,37515132
20210824,105550,트루윈,KOSDAQ,벤처기업부,7680,130,1.72,7590,7770,7520,181367,1387922790,150017487360,19533527
20210824,026150,특수건설,KOSDAQ,중견기업부,12000,400,3.45,11600,12200,11600,336600,4102562850,187508712000,15625726
20210824,322180,티라유텍,KOSDAQ,벤처기업부,12100,400,3.42,11800,12200,11800,18425,221479250,66081125000,5461250
20210824,117730,티로보틱스,KOSDAQ,벤처기업부,7850,190,2.48,7680,7960,7680,82504,645753150,108699444550,13847063
20210824,033830,티비씨,KOSDAQ,중견기업부,1475,340,29.96,1385,1475,1365,7664133,10966426320,147500000000,100000000
20210824,057680,티사이언티픽,KOSDAQ,벤처기업부,3215,15,0.47,3210,3270,3190,134969,436348350,151118557655,47004217
20210824,064760,티씨케이,KOSDAQ,우량기업부,168800,3800,2.30,164700,171400,164700,26532,4460897400,1970740000000,11675000
20210824,246710,티앤알바이오팹,KOSDAQ,기술성장기업부,80700,-3600,-4.27,84500,84700,79400,165793,13536293800,683688382500,8471975
20210824,340570,티앤엘,KOSDAQ,벤처기업부,46000,2000,4.55,45050,46700,43850,346460,15715998400,373888000000,8128000
20210824,277880,티에스아이,KOSDAQ,기술성장기업부,9140,-50,-0.54,9100,9260,9050,68612,627181230,169402862200,18534230
20210824,131290,티에스이,KOSDAQ,우량기업부,70000,0,0.00,71000,73300,69000,133975,9455610700,774300030000,11061429
20210824,356860,티엘비,KOSDAQ,중견기업부,45300,1650,3.78,44500,45600,43950,137019,6139007800,222709069500,4916315
20210824,062860,티엘아이,KOSDAQ,투자주의환기종목(소속부없음),7300,420,6.10,7060,7330,6930,17169,122127110,72070856000,9872720
20210824,321550,티움바이오,KOSDAQ,기술성장기업부,20450,50,0.25,20600,20800,20250,96599,1974936650,487158386700,23821926
20210824,104480,티케이케미칼,KOSDAQ,우량기업부,6480,190,3.02,6350,6480,6320,1088501,6973434460,589002412320,90895434
20210824,081150,티플랙스,KOSDAQ,중견기업부,3835,100,2.68,3775,3890,3770,304239,1169880470,93069321670,24268402
20210824,130740,티피씨글로벌,KOSDAQ,중견기업부,4520,140,3.20,4420,4525,4395,83609,373302270,50970589080,11276679
20210824,084730,팅크웨어,KOSDAQ,우량기업부,15050,300,2.03,14850,15350,14750,44243,667827700,156906514100,10425682
20210824,046210,파나진,KOSDAQ,벤처기업부,4990,110,2.25,5020,5100,4935,76442,382312720,160361933400,32136660
20210824,034230,파라다이스,KOSDAQ,중견기업부,16400,850,5.47,15750,16400,15650,763943,12353855650,1491459820800,90942672
20210824,033540,파라텍,KOSDAQ,중견기업부,3195,90,2.90,3150,3250,3110,485803,1545012740,135657223875,42459225
20210824,043200,파루,KOSDAQ,관리종목(소속부없음),1135,35,3.18,1290,1310,1130,3352696,4100493050,44021482345,38785447
20210824,214450,파마리서치,KOSDAQ,우량기업부,98700,1500,1.54,98100,100900,95800,187515,18467166300,998047491000,10111930
20210824,208340,파멥신,KOSDAQ,기술성장기업부,9780,-40,-0.41,9770,10050,9720,161096,1580966840,139296823620,14243029
20210824,177830,파버나인,KOSDAQ,벤처기업부,5450,150,2.83,5310,5490,5310,136035,736815410,77382936800,14198704
20210824,037070,파세코,KOSDAQ,우량기업부,17350,800,4.83,16600,17650,16600,138857,2396620850,242900000000,14000000
20210824,150900,파수,KOSDAQ,벤처기업부,6790,220,3.35,6790,6840,6590,20302,137328320,75729501470,11153093
20210824,037030,파워넷,KOSDAQ,우량기업부,4785,135,2.90,4705,4840,4675,70266,335484690,78955820790,16500694
20210824,047310,파워로직스,KOSDAQ,우량기업부,9240,260,2.90,9010,9330,9010,1302588,11973732400,318049873680,34420982
20210824,170790,파이오링크,KOSDAQ,벤처기업부,16000,150,0.95,16000,16150,15800,37148,593012300,109701280000,6856330
20210824,049120,파인디앤씨,KOSDAQ,중견기업부,2450,105,4.48,2410,2495,2370,573615,1387833095,64581862800,26359944
20210824,038950,파인디지털,KOSDAQ,벤처기업부,6590,240,3.78,6380,6940,6380,105689,703190020,67288941350,10210765
20210824,106240,파인테크닉스,KOSDAQ,벤처기업부,9280,210,2.32,9400,9550,9000,2898106,26865609200,419385184320,45192369
20210824,131760,파인텍,KOSDAQ,중견기업부,1735,30,1.76,1725,1760,1685,3038429,5257099420,74477985855,42926793
20210824,065690,파커스,KOSDAQ,중견기업부,3145,105,3.45,3070,3255,3070,58240,182644395,44185145995,14049331
20210824,140860,파크시스템스,KOSDAQ,기술성장기업부,123100,1400,1.15,121700,124600,121700,22701,2797107300,823127230500,6686655
20210824,091700,파트론,KOSDAQ,우량기업부,9940,370,3.87,9650,9960,9650,344569,3401430550,538314715400,54156410
20210824,032800,판타지오,KOSDAQ,중견기업부,114,4,3.64,111,115,110,15923109,1804852441,73736187240,646808660
20210824,318010,팜스빌,KOSDAQ,벤처기업부,11350,550,5.09,11850,12200,10900,1299356,15031897800,89997986300,7929338
20210824,027710,팜스토리,KOSDAQ,우량기업부,2115,60,2.92,2085,2150,2075,2092416,4416029215,235646109000,111416600
20210824,225590,패션플랫폼,KOSDAQ,중견기업부,1725,75,4.55,1665,1745,1655,536914,928962315,45948329925,26636713
20210824,054300,팬스타엔터프라이즈,KOSDAQ,벤처기업부,940,35,3.87,928,948,915,411446,384543185,50558399140,53785531
20210824,068050,팬엔터테인먼트,KOSDAQ,벤처기업부,5390,320,6.31,5090,5440,5070,451273,2395491480,146866622980,27247982
20210824,222110,팬젠,KOSDAQ,기술성장기업부,9030,-20,-0.22,9090,9150,8890,28447,256004380,96345855900,10669530
20210824,263750,펄어비스,KOSDAQ,우량기업부,72700,300,0.41,72900,73300,70700,337472,24360963600,4814303050000,66221500
20210824,251970,펌텍코리아,KOSDAQ,우량기업부,26600,-150,-0.56,26750,27400,26100,97411,2610470200,329840000000,12400000
20210824,087010,펩트론,KOSDAQ,기술성장기업부,11500,350,3.14,11200,11600,11200,109155,1246368150,237208809500,20626853
20210824,119500,포메탈,KOSDAQ,중견기업부,4330,200,4.84,4170,4350,4170,103432,442497705,51298514560,11847232
20210824,022100,포스코 ICT,KOSDAQ,우량기업부,7180,160,2.28,7070,7290,7060,514367,3705854410,1091609354220,152034729
20210824,009520,포스코엠텍,KOSDAQ,우량기업부,7800,270,3.59,7550,7860,7550,349005,2708472350,324813083400,41642703
20210824,189690,포시에스,KOSDAQ,벤처기업부,8180,620,8.20,7610,8470,7610,155041,1253066660,70950383380,8673641
20210824,318020,포인트모바일,KOSDAQ,벤처기업부,24650,200,0.82,24600,25200,24300,138115,3415468900,312125004800,12662272
20210824,256630,포인트엔지니어링,KOSDAQ,우량기업부,3505,90,2.64,3415,3550,3415,131060,458355965,201474224235,57481947
20210824,141020,포티스,KOSDAQ,투자주의환기종목(소속부없음),108,0,0.00,0,0,0,0,0,18839533608,174440126
20210824,041020,폴라리스오피스,KOSDAQ,벤처기업부,1825,175,10.61,1655,1900,1655,673958,1208996990,70146333275,38436347
20210824,114630,폴라리스우노,KOSDAQ,중견기업부,5090,125,2.52,4975,5150,4975,99778,501536200,69091481850,13573965
20210824,123010,폴라리스웍스,KOSDAQ,기술성장기업부,1585,45,2.92,1540,1680,1535,897139,1449005325,90351630055,57004183
20210824,290720,푸드나무,KOSDAQ,우량기업부,40800,3100,8.22,37400,42500,37150,288254,11621790850,277686187200,6806034
20210824,005670,푸드웰,KOSDAQ,우량기업부,8750,1370,18.56,7780,9340,7530,4008930,35057951430,87500000000,10000000
20210824,094940,푸른기술,KOSDAQ,벤처기업부,12600,50,0.40,12500,12800,12450,171090,2157429650,105353463600,8361386
20210824,007330,푸른저축은행,KOSDAQ,우량기업부,13000,650,5.26,12450,13650,12400,76404,994349500,196076400000,15082800
20210824,093380,풍강,KOSDAQ,중견기업부,4550,260,6.06,4330,4550,4330,82630,368497745,44950874150,9879313
20210824,023900,풍국주정,KOSDAQ,중견기업부,17400,600,3.57,16800,17500,16800,15652,270112200,219240000000,12600000
20210824,214270,퓨쳐스트림네트웍스,KOSDAQ,중견기업부,1125,10,0.90,1120,1135,1115,1456877,1638673570,146889622125,130568553
20210824,220100,퓨쳐켐,KOSDAQ,기술성장기업부,22300,800,3.72,21750,22550,21500,450557,9955707150,304305153300,13645971
20210824,035200,프럼파스트,KOSDAQ,벤처기업부,7640,-480,-5.91,8160,8590,7450,1892769,15472859660,74341707600,9730590
20210824,334970,프레스티지바이오로직스,KOSDAQ,기술성장기업부,15250,250,1.67,15000,15450,14850,415556,6314985650,719897432250,47206389
20210824,203690,프로스테믹스,KOSDAQ,벤처기업부,3170,130,4.28,3090,3170,3055,88970,278968845,145049525160,45756948
20210824,053610,프로텍,KOSDAQ,우량기업부,27150,800,3.04,26400,27300,26400,80794,2178268800,298650000000,11000000
20210824,335810,프리시젼바이오,KOSDAQ,기술성장기업부,16100,1250,8.42,15100,16300,15100,225378,3575000900,182236866000,11319060
20210824,053160,프리엠스,KOSDAQ,중견기업부,20700,500,2.48,20300,20850,20150,41990,863579200,124200000000,6000000
20210824,367000,플래티어,KOSDAQ,중견기업부,34500,1050,3.14,33000,35000,32050,1327847,44602457200,285304891500,8269707
20210824,075130,플랜티넷,KOSDAQ,벤처기업부,9880,540,5.78,9340,9880,9340,151822,1474246460,88524800000,8960000
20210824,237820,플레이디,KOSDAQ,중견기업부,8700,270,3.20,8630,8840,8520,50411,438779000,111596118000,12827140
20210824,023770,플레이위드,KOSDAQ,벤처기업부,10000,240,2.46,9880,10100,9800,77058,770416120,87035290000,8703529
20210824,300080,플리토,KOSDAQ,기술성장기업부,18400,500,2.79,17750,18750,17750,25716,475784200,95860522400,5209811
20210824,032580,피델릭스,KOSDAQ,벤처기업부,1415,35,2.54,1380,1440,1355,259553,366204335,46881870560,33132064
20210824,051380,피씨디렉트,KOSDAQ,중견기업부,11800,0,0.00,11850,12000,11650,21806,256640400,90488724800,7668536
20210824,241820,피씨엘,KOSDAQ,기술성장기업부,49000,150,0.31,48950,49800,48550,49817,2444298850,494380453000,10089397
20210824,237750,피앤씨테크,KOSDAQ,중견기업부,8130,150,1.88,7990,8180,7990,33794,273988760,52817358000,6496600
20210824,024850,피에스엠씨,KOSDAQ,중견기업부,1540,0,0.00,0,0,0,0,0,62483384040,40573626
20210824,319660,피에스케이,KOSDAQ,중견기업부,39250,1900,5.09,38000,39250,37350,343352,13118178550,579527035000,14765020
20210824,031980,피에스케이홀딩스,KOSDAQ,중견기업부,12750,250,2.00,12450,12750,12400,81813,1028859950,274920536250,21562395
20210824,002230,피에스텍,KOSDAQ,중견기업부,4940,135,2.81,4815,4950,4815,19646,96186485,97166060420,19669243
20210824,057880,피에이치씨,KOSDAQ,중견기업부,1985,95,5.03,1895,2100,1820,7595031,15088764060,160402639375,80807375
20210824,043370,피에이치에이,KOSDAQ,우량기업부,10550,300,2.93,10300,10750,10200,93836,986553650,221550000000,21000000
20210824,239890,피엔에이치테크,KOSDAQ,기술성장기업부,39250,-250,-0.63,39450,39800,38750,20964,824053900,177253628000,4516016
20210824,347740,피엔케이피부임상연구센타,KOSDAQ,벤처기업부,24000,700,3.00,23500,24400,23350,50656,1216280700,180063456000,7502644
20210824,137400,피엔티,KOSDAQ,우량기업부,26400,-400,-1.49,26800,27400,25750,513312,13629493550,600367627200,22741198
20210824,128660,피제이메탈,KOSDAQ,중견기업부,3870,175,4.74,3705,3925,3705,132911,513949805,95989038030,24803369
20210824,006140,피제이전자,KOSDAQ,우량기업부,9730,-720,-6.89,10250,10400,9600,285000,2854561670,145950000000,15000000
20210824,304840,피플바이오,KOSDAQ,기술성장기업부,20650,900,4.56,19850,20750,19700,98075,1997260450,232208011000,11244940
20210824,062970,피피아이,KOSDAQ,벤처기업부,5660,230,4.24,5450,5760,5450,127159,718024650,52684327100,9308185
20210824,087600,픽셀플러스,KOSDAQ,중견기업부,8610,50,0.58,8620,8710,8520,85589,735852140,70314064380,8166558
20210824,161580,필옵틱스,KOSDAQ,중견기업부,10500,400,3.96,10200,10550,10100,81554,850262300,217145302500,20680505
20210824,347770,핌스,KOSDAQ,벤처기업부,24300,-500,-2.02,25000,25950,23650,162883,4022090700,182441265300,7507871
20210824,163730,핑거,KOSDAQ,벤처기업부,19650,800,4.24,19150,20250,19050,232461,4600038450,181546625100,9239014
20210824,332710,하나금융14호스팩,KOSDAQ,SPAC(소속부없음),2280,5,0.22,2285,2290,2255,12171,27671875,10054800000,4410000
20210824,341160,하나금융15호스팩,KOSDAQ,SPAC(소속부없음),2255,-20,-0.88,2280,2300,2250,32840,74721915,10621050000,4710000
20210824,343510,하나금융16호스팩,KOSDAQ,SPAC(소속부없음),2440,-10,-0.41,2450,2470,2435,12255,30138485,9784400000,4010000
20210824,363260,하나금융17호스팩,KOSDAQ,SPAC(소속부없음),2910,215,7.98,2695,3000,2690,1191677,3445219035,19817100000,6810000
20210824,299030,하나기술,KOSDAQ,벤처기업부,61100,1500,2.52,60700,62600,59900,93544,5704477000,453655402200,7424802
20210824,067310,하나마이크론,KOSDAQ,중견기업부,15150,650,4.48,14900,15300,14700,378909,5691062800,483813416850,31934879
20210824,372290,하나머스트7호스팩,KOSDAQ,SPAC(소속부없음),2530,20,0.80,2515,2590,2510,77614,197188030,10889120000,4304000
20210824,166090,하나머티리얼즈,KOSDAQ,우량기업부,47000,3150,7.18,44800,47200,44750,214850,9956180600,927341678000,19730674
20210824,136480,하림,KOSDAQ,중견기업부,3030,15,0.50,3015,3065,3010,1906281,5783890570,321815397060,106209702
20210824,003380,하림지주,KOSDAQ,우량기업부,10100,340,3.48,9810,10150,9800,436839,4382616430,932652382000,92341820
20210824,149980,하이로닉,KOSDAQ,중견기업부,5690,130,2.34,5610,5790,5610,72971,416390920,80228971550,14099995
20210824,013030,하이록코리아,KOSDAQ,우량기업부,15900,600,3.92,15350,16000,15350,43099,682387800,216450388800,13613232
20210824,126700,하이비젼시스템,KOSDAQ,우량기업부,17350,-450,-2.53,17950,18100,17000,625302,10916166400,259245643200,14942112
20210824,106080,하이소닉,KOSDAQ,관리종목(소속부없음),3110,0,0.00,0,0,0,0,0,67129875590,21585169
20210824,340120,하이제5호스팩,KOSDAQ,SPAC(소속부없음),2205,0,0.00,2205,2205,2180,32992,72225185,11069100000,5020000
20210824,377400,하이제6호스팩,KOSDAQ,SPAC(소속부없음),2435,25,1.04,2415,2445,2395,38814,93768445,13167262500,5407500
20210824,221840,하이즈항공,KOSDAQ,중견기업부,5480,140,2.62,5340,5530,5340,47671,259659290,96974995160,17696167
20210824,106190,하이텍팜,KOSDAQ,중견기업부,16900,300,1.81,16650,17000,16650,26202,442594900,119800415800,7088782
20210824,066130,하츠,KOSDAQ,우량기업부,10100,430,4.45,9710,10200,9710,114563,1147523160,129280000000,12800000
20210824,368770,한국9호스팩,KOSDAQ,SPAC(소속부없음),2460,0,0.00,0,0,0,0,0,11832600000,4810000
20210824,004590,한국가구,KOSDAQ,중견기업부,6250,230,3.82,6100,6290,6030,90440,559965610,93750000000,15000000
20210824,039340,한국경제TV,KOSDAQ,우량기업부,7340,130,1.80,7230,7380,7220,76159,556036770,168820000000,23000000
20210824,034950,한국기업평가,KOSDAQ,우량기업부,82200,700,0.86,82600,82700,81400,2001,164435000,373230250800,4540514
20210824,222980,한국맥널티,KOSDAQ,벤처기업부,7800,80,1.04,7860,7880,7670,68148,530849910,82171401000,10534795
20210824,318000,한국바이오젠,KOSDAQ,벤처기업부,8500,470,5.85,8140,8640,8140,141324,1193146410,69503012500,8176825
20210824,256840,한국비엔씨,KOSDAQ,벤처기업부,21150,-1700,-7.44,22300,26600,20000,15471445,367434859050,1089894101400,51531636
20210824,025550,한국선재,KOSDAQ,우량기업부,6770,110,1.65,6940,7140,6650,8297219,57644007910,166015659580,24522254
20210824,017890,한국알콜,KOSDAQ,우량기업부,13050,100,0.77,13000,13250,13000,93412,1223421100,281955168000,21605760
20210824,080720,한국유니온제약,KOSDAQ,벤처기업부,12400,600,5.08,11850,12400,11850,53384,653093850,98006227200,7903728
20210824,063570,한국전자금융,KOSDAQ,우량기업부,6400,140,2.24,6270,6480,6270,134376,859582470,218545459200,34147728
20210824,041460,한국전자인증,KOSDAQ,중견기업부,12200,50,0.41,12250,12450,11950,2465762,30054991450,261802837800,21459249
20210824,101680,한국정밀기계,KOSDAQ,관리종목(소속부없음),1440,0,0.00,0,0,0,0,0,12101760000,8404000
20210824,039740,한국정보공학,KOSDAQ,중견기업부,5770,290,5.29,5540,5770,5540,73205,414136210,46266150690,8018397
20210824,053300,한국정보인증,KOSDAQ,중견기업부,7340,100,1.38,7240,7430,7240,147816,1086992780,228751100000,31165000
20210824,025770,한국정보통신,KOSDAQ,우량기업부,9150,300,3.39,8820,9170,8820,24690,222641390,342615079650,37444271
20210824,310870,한국제8호스팩,KOSDAQ,SPAC(소속부없음),2210,0,0.00,0,0,0,0,0,7558200000,3420000
20210824,023760,한국캐피탈,KOSDAQ,우량기업부,896,24,2.75,886,897,880,436357,389104975,282786180096,315609576
20210824,054040,한국컴퓨터,KOSDAQ,중견기업부,4420,185,4.37,4245,4435,4245,150559,656162745,71035101800,16071290
20210824,050540,한국코퍼레이션,KOSDAQ,투자주의환기종목(소속부없음),282,0,0.00,0,0,0,0,0,14434337226,51185593
20210824,021650,한국큐빅,KOSDAQ,중견기업부,4800,95,2.02,4795,4875,4730,99280,477544140,78482702400,16350563
20210824,053590,한국테크놀로지,KOSDAQ,벤처기업부,1160,10,0.87,1155,1190,1140,927421,1075194980,143791073520,123957822
20210824,032300,한국파마,KOSDAQ,우량기업부,62700,-3800,-5.71,70900,71800,61700,2831870,190810736600,683850152700,10906701
20210824,037230,한국팩키지,KOSDAQ,중견기업부,4850,135,2.86,4730,4905,4730,102955,498996325,121250000000,25000000
20210824,030520,한글과컴퓨터,KOSDAQ,우량기업부,21750,400,1.87,21650,22150,21450,291329,6342392050,541864079250,24913291
20210824,052600,한네트,KOSDAQ,중견기업부,8050,260,3.34,7740,8060,7740,88043,698024600,93087785000,11563700
20210824,256150,한독크린텍,KOSDAQ,벤처기업부,14200,150,1.07,14300,14650,14100,55974,803133800,119180600000,8393000
20210824,092460,한라IMS,KOSDAQ,벤처기업부,7590,150,2.02,7450,7620,7450,34357,259775070,89144383020,11744978
20210824,047080,한빛소프트,KOSDAQ,중견기업부,5690,120,2.15,5570,5760,5570,264606,1501468640,140997266840,24779836
20210824,070590,한솔인티큐브,KOSDAQ,중견기업부,2760,95,3.56,2735,2795,2685,35945,98582625,38307477960,13879521
20210824,226440,한송네오텍,KOSDAQ,벤처기업부,1730,50,2.98,1690,1770,1690,1361202,2362853040,98967937000,57206900
20210824,042520,한스바이오메드,KOSDAQ,벤처기업부,14800,300,2.07,14600,14900,14600,52398,771652200,149524118800,10102981
20210824,078350,한양디지텍,KOSDAQ,벤처기업부,7720,290,3.90,7430,7850,7430,108922,838326380,117686629040,15244382
20210824,045100,한양이엔지,KOSDAQ,우량기업부,15850,750,4.97,15250,15850,15200,201282,3118111750,285300000000,18000000
20210824,046110,한일네트웍스,KOSDAQ,우량기업부,5940,30,0.51,5910,6010,5870,52955,315204940,71008108380,11954227
20210824,024740,한일단조,KOSDAQ,중견기업부,3250,45,1.40,3260,3385,3210,774722,2560289520,97146816000,29891328
20210824,005860,한일사료,KOSDAQ,중견기업부,2005,55,2.82,1965,2030,1965,216137,433408255,79004388425,39403685
20210824,123840,한일진공,KOSDAQ,중견기업부,1030,31,3.10,1000,1035,1000,150373,153628010,80655156310,78305977
20210824,007770,한일화학,KOSDAQ,중견기업부,15600,800,5.41,14850,15600,14850,28785,442512150,54756000000,3510000
20210824,079170,한창산업,KOSDAQ,중견기업부,9850,420,4.45,9580,10050,9580,68752,677170400,51220000000,5200000
20210824,086960,한컴MDS,KOSDAQ,우량기업부,21800,1500,7.39,20700,21900,20600,185291,3975593400,192899654400,8848608
20210824,054920,한컴위드,KOSDAQ,벤처기업부,9390,170,1.84,9240,9520,9240,78396,737850600,264958390590,28217081
20210824,002680,한탑,KOSDAQ,투자주의환기종목(소속부없음),1560,40,2.63,1520,1590,1520,79267,124173790,44101181280,28269988
20210824,066110,한프,KOSDAQ,투자주의환기종목(소속부없음),1130,0,0.00,0,0,0,0,0,86834027360,76844272
20210824,317320,한화에스비아이스팩,KOSDAQ,SPAC(소속부없음),4595,185,4.20,4420,4750,4415,534901,2464656180,20034200000,4360000
20210824,340440,한화플러스제1호스팩,KOSDAQ,SPAC(소속부없음),3350,-10,-0.30,3420,3470,3350,381049,1296177905,15778500000,4710000
20210824,386580,한화플러스제2호스팩,KOSDAQ,SPAC(소속부없음),4300,-310,-6.72,4695,4780,4155,1233951,5481869675,17888000000,4160000
20210824,034810,해성산업,KOSDAQ,우량기업부,14800,450,3.14,14500,14900,14500,44592,658258200,390073210400,26356298
20210824,076610,해성옵틱스,KOSDAQ,중견기업부,904,19,2.15,886,915,875,3339145,2992805626,73784253096,81619749
20210824,059270,해성티피씨,KOSDAQ,기술성장기업부,16250,550,3.50,15800,16650,15800,19749,319910400,75237500000,4630000
20210824,220180,핸디소프트,KOSDAQ,벤처기업부,4095,85,2.12,4030,4105,4000,19935,80602065,79475760000,19408000
20210824,900270,헝셩그룹,KOSDAQ,외국기업(소속부없음),550,6,1.10,550,558,548,257860,142584691,44000000000,80000000
20210824,084990,헬릭스미스,KOSDAQ,기술성장기업부,26350,1350,5.40,25000,27000,25000,302277,7944306300,902901563900,34265714
20210824,170030,현대공업,KOSDAQ,우량기업부,7740,360,4.88,7670,7790,7540,65606,505378900,118731600000,15340000
20210824,319400,현대무벡스,KOSDAQ,우량기업부,4660,80,1.75,4630,4705,4600,126334,619266805,474026029840,101722324
20210824,048410,현대바이오,KOSDAQ,중견기업부,33150,400,1.22,33100,33500,32250,803994,26438178650,1212437282550,36574277
20210824,052260,현대바이오랜드,KOSDAQ,우량기업부,19950,500,2.57,19350,20050,19350,43580,864244500,299250000000,15000000
20210824,016790,현대사료,KOSDAQ,중견기업부,16150,350,2.22,15850,16150,15800,25172,402377600,99330348900,6150486
20210824,041440,현대에버다임,KOSDAQ,중견기업부,6560,340,5.47,6210,6600,6210,80341,518371220,117528592640,17915944
20210824,039010,현대에이치티,KOSDAQ,우량기업부,9470,190,2.05,9330,9520,9280,18993,178583040,81678750000,8625000
20210824,090850,현대이지웰,KOSDAQ,우량기업부,10750,100,0.94,10650,11000,10600,138287,1493420000,255273380750,23746361
20210824,092300,현우산업,KOSDAQ,우량기업부,5150,190,3.83,5010,5190,5010,126662,650045090,79695621700,15474878
20210824,053660,현진소재,KOSDAQ,관리종목(소속부없음),400,0,0.00,0,0,0,0,0,21280401200,53201003
20210824,138360,협진,KOSDAQ,관리종목(소속부없음),4480,0,0.00,0,0,0,0,0,155061688320,34611984
20210824,011080,형지I&C,KOSDAQ,중견기업부,1370,50,3.79,1340,1370,1335,103588,140365680,53369265160,38955668
20210824,060560,홈센타홀딩스,KOSDAQ,중견기업부,1370,135,10.93,1325,1380,1280,10525021,14103771425,174907249250,127669525
20210824,064240,홈캐스트,KOSDAQ,중견기업부,3230,15,0.47,3210,3320,3210,54974,178713805,106896061880,33094756
20210824,039610,화성밸브,KOSDAQ,중견기업부,6510,190,3.01,6320,6510,6320,186625,1195625320,67771704000,10410400
20210824,126640,화신정공,KOSDAQ,우량기업부,2000,80,4.17,1965,2025,1950,407685,812014055,72747774000,36373887
20210824,061250,화일약품,KOSDAQ,우량기업부,3415,115,3.48,3310,3455,3305,504517,1716638330,224138583495,65633553
20210824,097870,효성오앤비,KOSDAQ,중견기업부,10000,260,2.67,9930,10100,9770,148613,1474031420,84900000000,8490000
20210824,050090,휘닉스소재,KOSDAQ,중견기업부,1090,80,7.92,1010,1180,1010,3499386,3830753190,86261446780,79138942
20210824,290270,휴네시온,KOSDAQ,벤처기업부,6370,210,3.41,6220,6370,6170,103664,649613090,61200870640,9607672
20210824,353190,휴럼,KOSDAQ,중견기업부,2105,35,1.69,2145,2160,2055,340729,719247495,76707084100,36440420
20210824,090710,휴림로봇,KOSDAQ,중견기업부,953,50,5.54,919,975,918,1320703,1258377603,119458461371,125349907
20210824,205470,휴마시스,KOSDAQ,기술성장기업부,17100,1550,9.97,15550,18500,15550,13150899,229835620350,585227236500,34223815
20210824,115160,휴맥스,KOSDAQ,중견기업부,4835,225,4.88,4745,5100,4705,3514949,17237304775,204724778750,42342250
20210824,028080,휴맥스홀딩스,KOSDAQ,중견기업부,7070,1630,29.96,6150,7070,6110,5306827,36140929210,88922967420,12577506
20210824,032860,휴먼엔,KOSDAQ,중견기업부,6680,40,0.60,6930,6930,6250,679446,4432581180,119814931560,17936367
20210824,200670,휴메딕스,KOSDAQ,우량기업부,33900,700,2.11,33550,34200,33250,88112,2977644200,338023476600,9971194
20210824,065510,휴비츠,KOSDAQ,우량기업부,9390,190,2.07,9360,9460,9250,84640,793225490,111580158690,11882871
20210824,215090,휴센텍,KOSDAQ,중견기업부,2305,-85,-3.56,2390,2455,2270,2657858,6237345280,184953538835,80240147
20210824,243070,휴온스,KOSDAQ,우량기업부,56800,1800,3.27,55500,57000,55100,35128,1982704600,616829312800,10859671
20210824,084110,휴온스글로벌,KOSDAQ,우량기업부,68500,1800,2.70,67800,69200,66700,105326,7198669000,824074796500,12030289
20210824,263920,휴온스블러썸,KOSDAQ,관리종목(소속부없음),4555,0,0.00,0,0,0,0,0,223400585370,49045134
20210824,145020,휴젤,KOSDAQ,우량기업부,226100,200,0.09,226000,230500,224500,47870,10888125800,2822961375500,12485455
20210824,024060,흥구석유,KOSDAQ,우량기업부,7190,290,4.20,7170,7250,7070,116775,835053330,107850000000,15000000
20210824,010240,흥국,KOSDAQ,우량기업부,9240,270,3.01,9050,9280,9050,63092,579080440,113861711040,12322696
20210824,189980,흥국에프엔비,KOSDAQ,중견기업부,3595,60,1.70,3550,3675,3535,499816,1804319115,138001721565,38387127
20210824,037440,희림,KOSDAQ,중견기업부,6250,260,4.34,6060,6280,6060,92395,573186960,87015468750,13922475
20210824,238490,힘스,KOSDAQ,우량기업부,10200,290,2.93,9910,10250,9910,39423,398337070,115384807200,11312236
