BAS_DD,ISU_CD,ISU_NM,MKT_NM,SECT_TP_NM,TDD_CLSPRC,CMPPREVDD_PRC,FLUC_RT,TDD_OPNPRC,TDD_HGPRC,TDD_LWPRC,ACC_TRDVOL,ACC_TRDVAL,MKTCAP,LIST_SHRS
20211207,095570,AJ네트웍스,KOSPI,,5360,80,1.52,5350,5380,5280,42951,229599820,250967501200,46822295
20211207,006840,AK홀딩스,KOSPI,,20850,100,0.48,20900,21050,20550,18980,394739450,276211646850,13247561
20211207,027410,BGF,KOSPI,,5150,50,0.98,5150,5190,5090,187458,964594410,492941473650,95716791
20211207,282330,BGF리테일,KOSPI,,153000,-500,-0.33,153000,154500,150500,21802,3313821000,2644437618000,17283906
20211207,138930,BNK금융지주,KOSPI,,8700,40,0.46,8630,8740,8590,960389,8326687060,2835636640200,325935246
20211207,001460,BYC,KOSPI,,429500,-3000,-0.69,429500,429500,426500,155,66237000,268272142500,624615
20211207,001465,BYC우,KOSPI,,168500,1000,0.60,167500,168500,166500,20,3350000,36292372500,215385
20211207,001040,CJ,KOSPI,,84900,1100,1.31,83900,85000,83200,47350,3999608100,2477127130200,29176998
20211207,079160,CJ CGV,KOSPI,,24150,450,1.90,24100,24550,23800,322540,7784268850,916416548250,37946855
20211207,00104K,CJ4우(전환),KOSPI,,72300,800,1.12,71400,72300,70900,5354,383483200,305576817600,4226512
20211207,000120,CJ대한통운,KOSPI,,131500,1500,1.15,129500,132500,129000,30366,3971455000,2999823236000,22812344
20211207,011150,CJ씨푸드,KOSPI,,3640,-30,-0.82,3670,3695,3630,229002,836614045,130788013720,35930773
20211207,011155,CJ씨푸드1우,KOSPI,,37200,-100,-0.27,37300,37300,37000,116,4303150,7440000000,200000
20211207,001045,CJ우,KOSPI,,56100,300,0.54,55800,56200,55500,424,23723600,126798510300,2260223
20211207,097950,CJ제일제당,KOSPI,,374500,12000,3.31,360500,374500,357500,47358,17526476000,5637792657000,15054186
20211207,097955,CJ제일제당 우,KOSPI,,178000,500,0.28,182500,182500,177500,5460,972205500,236283074000,1327433
20211207,000590,CS홀딩스,KOSPI,,63300,700,1.12,62600,63700,62600,1421,89560200,73078710600,1154482
20211207,012030,DB,KOSPI,,971,8,0.83,980,992,960,428213,415568233,195339888943,201173933
20211207,016610,DB금융투자,KOSPI,,7020,40,0.57,6980,7020,6970,61704,431839850,297973650780,42446389
20211207,005830,DB손해보험,KOSPI,,56300,1100,1.99,55300,56900,54700,109777,6158943700,3986040000000,70800000
20211207,000990,DB하이텍,KOSPI,,71400,2400,3.48,69200,72400,68100,1532955,108374277900,3170059183200,44398588
20211207,000995,DB하이텍1우,KOSPI,,101000,1000,1.00,100000,101500,99000,260,25878000,11343916000,112316
20211207,139130,DGB금융지주,KOSPI,,9790,100,1.03,9740,9790,9680,334646,3262863970,1655937705070,169145833
20211207,001530,DI동일,KOSPI,,252000,3000,1.20,251000,255500,247500,9184,2306372000,632685060000,2510655
20211207,000210,DL,KOSPI,,63400,300,0.48,63000,63600,62600,46090,2911710700,1328603045600,20955884
20211207,001880,DL건설,KOSPI,,27300,50,0.18,27250,27500,27250,9336,255231250,602054653200,22053284
20211207,000215,DL우,KOSPI,,37750,-150,-0.40,38800,38800,37400,3299,125494800,63650841250,1686115
20211207,375500,DL이앤씨,KOSPI,,123500,2500,2.07,122000,124000,120000,93428,11455463500,2390804143000,19358738
20211207,37550K,DL이앤씨우,KOSPI,,71800,0,0.00,71800,72000,71200,4283,306670200,151776943000,2113885
20211207,004840,DRB동일,KOSPI,,5190,30,0.58,5160,5220,5140,3962,20520880,103436700000,19930000
20211207,155660,DSR,KOSPI,,5480,80,1.48,5420,5490,5370,68631,372063530,87680000000,16000000
20211207,069730,DSR제강,KOSPI,,4730,65,1.39,4665,4750,4640,81278,381746995,68112000000,14400000
20211207,017940,E1,KOSPI,,48200,-250,-0.52,48450,48950,47850,7619,368622800,330652000000,6860000
20211207,365550,ESR켄달스퀘어리츠,KOSPI,,6380,-50,-0.78,6450,6460,6320,496548,3163057630,913992420000,143259000
20211207,383220,F&F,KOSPI,,871000,-10000,-1.14,876000,890000,864000,31918,27875586000,6673092465000,7661415
20211207,007700,F&F홀딩스,KOSPI,,37200,1900,5.38,35500,37650,35450,156147,5731286000,1455054452400,39114367
20211207,114090,GKL,KOSPI,,13050,-50,-0.38,13350,13400,12950,282053,3715865150,807216493500,61855670
20211207,078930,GS,KOSPI,,40250,600,1.51,40050,40300,39700,146384,5867257650,3739843964500,92915378
20211207,006360,GS건설,KOSPI,,40950,600,1.49,40750,41000,40450,313824,12798123800,3504562015500,85581490
20211207,001250,GS글로벌,KOSPI,,2290,0,0.00,2300,2320,2280,184291,423928385,189002319560,82533764
20211207,007070,GS리테일,KOSPI,,30850,350,1.15,30500,31050,30450,169177,5213256450,3230547893700,104717922
20211207,078935,GS우,KOSPI,,36200,150,0.42,36050,36450,36050,1593,57697750,64610701200,1784826
20211207,012630,HDC,KOSPI,,10400,50,0.48,10350,10450,10300,132735,1381992550,621313898400,59741721
20211207,039570,HDC아이콘트롤스,KOSPI,,12200,100,0.83,12200,12300,12000,11588,140674100,200812000000,16460000
20211207,089470,HDC현대EP,KOSPI,,5690,80,1.43,5660,5700,5590,74900,422013370,181511000000,31900000
20211207,294870,HDC현대산업개발,KOSPI,,23750,400,1.71,23350,24100,23250,316471,7507299300,1565299087500,65907330
20211207,011200,HMM,KOSPI,,27850,700,2.58,27300,27950,26650,3642734,99871252500,13619749963600,489039496
20211207,082740,HSD엔진,KOSPI,,7980,270,3.50,7780,8030,7720,294839,2330141920,372835543080,46721246
20211207,003560,IHQ,KOSPI,,1540,25,1.65,1525,1555,1515,1019891,1561895790,225203051920,146235748
20211207,175330,JB금융지주,KOSPI,,8510,-70,-0.82,8590,8630,8470,296239,2526665880,1676324427940,196982894
20211207,234080,JW생명과학,KOSPI,,14950,100,0.67,14950,15300,14650,49359,736111300,236726582300,15834554
20211207,001060,JW중외제약,KOSPI,,23650,1250,5.58,22550,25300,22400,477944,11373049900,509419249900,21539926
20211207,001067,JW중외제약2우B,KOSPI,,59800,0,0.00,59800,59800,59200,454,27108400,5563074400,93028
20211207,001065,JW중외제약우,KOSPI,,34500,50,0.15,34850,34850,34150,1056,36324850,6123267000,177486
20211207,096760,JW홀딩스,KOSPI,,3505,100,2.94,3415,3595,3385,89463,310624985,239886342910,68441182
20211207,105560,KB금융,KOSPI,,57400,400,0.70,56500,57500,56500,819690,46791314700,23867374608000,415807920
20211207,002380,KCC,KOSPI,,325000,4500,1.40,319500,326000,314000,47161,15173162000,2888103075000,8886471
20211207,344820,KCC글라스,KOSPI,,58300,300,0.52,58600,59500,57900,90870,5339701100,931080849600,15970512
20211207,009070,KCTC,KOSPI,,5880,20,0.34,5870,5910,5800,86935,509799560,176400000000,30000000
20211207,009440,KC그린홀딩스,KOSPI,,4360,5,0.11,4355,4390,4345,25380,110685965,97816512800,22434980
20211207,119650,KC코트렐,KOSPI,,6110,120,2.00,5990,6160,5990,46644,284066000,107536000000,17600000
20211207,092220,KEC,KOSPI,,3845,190,5.20,3660,3900,3660,28506176,108154523865,513360022700,133513660
20211207,016380,KG동부제철,KOSPI,,10950,150,1.39,10950,11050,10800,191278,2088714600,1095097422150,100008897
20211207,016385,KG동부제철우,KOSPI,,100000,1400,1.42,103500,103500,100000,77,7778500,5338500000,53385
20211207,001390,KG케미칼,KOSPI,,31400,50,0.16,31400,31900,31350,63176,1991119650,435395414400,13866096
20211207,033180,KH 필룩스,KOSPI,,2635,65,2.53,2570,2715,2570,1064863,2809574775,360284245640,136730264
20211207,001940,KISCO홀딩스,KOSPI,,15250,-50,-0.33,15450,15500,15000,33609,509820650,281764795000,18476380
20211207,025000,KPX케미칼,KOSPI,,55000,100,0.18,54900,55000,54500,1591,87301800,266200000000,4840000
20211207,092230,KPX홀딩스,KOSPI,,64100,-800,-1.23,65100,65100,63500,4668,298360700,270799808600,4224646
20211207,000040,KR모터스,KOSPI,,875,2,0.23,884,886,870,191857,167819619,84120197000,96137368
20211207,044450,KSS해운,KOSPI,,11500,0,0.00,11550,11650,11400,44329,509881350,266637620000,23185880
20211207,030200,KT,KOSPI,,30750,-150,-0.49,30900,31000,30600,690860,21244333200,8029188096000,261111808
20211207,033780,KT&G,KOSPI,,85700,900,1.06,84600,86000,84500,475712,40639539400,11765966992900,137292497
20211207,030210,KTB투자증권,KOSPI,,6240,10,0.16,6230,6340,6170,338100,2110900440,376359934080,60314092
20211207,058850,KTcs,KOSPI,,2525,25,1.00,2505,2530,2505,91462,230208515,107779625000,42685000
20211207,058860,KTis,KOSPI,,2465,5,0.20,2455,2470,2450,28081,69022140,85786930000,34802000
20211207,093050,LF,KOSPI,,17700,100,0.57,17600,17800,17550,31618,558280850,517548000000,29240000
20211207,003550,LG,KOSPI,,81900,0,0.00,82000,82400,80500,332278,27072608800,12882951326700,157300993
20211207,034220,LG디스플레이,KOSPI,,22500,550,2.51,22200,22650,21950,6110296,136772015100,8050853250000,357815700
20211207,051900,LG생활건강,KOSPI,,1183000,6000,0.51,1192000,1195000,1169000,43564,51431075304,18476327051000,15618197
20211207,051905,LG생활건강우,KOSPI,,636000,-7000,-1.09,643000,647000,631000,3224,2048009000,1335407292000,2099697
20211207,003555,LG우,KOSPI,,62100,200,0.32,62000,62300,61000,3335,206062300,187642602000,3021620
20211207,032640,LG유플러스,KOSPI,,13850,100,0.73,13750,13950,13700,1213668,16817208250,6047067349850,436611361
20211207,011070,LG이노텍,KOSPI,,283000,-11500,-3.90,294500,294500,279500,484398,137383686000,6697791281000,23667107
20211207,066570,LG전자,KOSPI,,125500,1500,1.21,124000,126000,121500,720765,89259311000,20537800657000,163647814
20211207,066575,LG전자우,KOSPI,,62100,900,1.47,61000,62100,60900,26522,1629903600,1067250103200,17185992
20211207,037560,LG헬로비전,KOSPI,,5730,60,1.06,5710,5840,5690,198695,1144678720,443770536450,77446865
20211207,051910,LG화학,KOSPI,,711000,-6000,-0.84,720000,726000,708000,173785,123962412250,50191155873000,70592343
20211207,051915,LG화학우,KOSPI,,339000,5000,1.50,336000,339000,333500,5243,1764603500,2606503200000,7688800
20211207,079550,LIG넥스원,KOSPI,,57200,-700,-1.21,58400,58500,56500,204684,11724487600,1258400000000,22000000
20211207,006260,LS,KOSPI,,54000,200,0.37,54100,54400,53500,53295,2882064700,1738800000000,32200000
20211207,010120,LS ELECTRIC,KOSPI,,54500,500,0.93,53700,54600,53700,47890,2594469800,1635000000000,30000000
20211207,000680,LS네트웍스,KOSPI,,2935,-50,-1.68,2995,3000,2930,50425,149397000,231286851960,78803016
20211207,229640,LS전선아시아,KOSPI,,7790,30,0.39,7760,7980,7650,117269,913929520,238567807410,30624879
20211207,001120,LX인터내셔널,KOSPI,,24800,200,0.81,24850,24850,24450,129539,3192528650,961248000000,38760000
20211207,108670,LX하우시스,KOSPI,,63800,1700,2.74,62600,64100,62200,107162,6796617500,572137346000,8967670
20211207,108675,LX하우시스우,KOSPI,,28550,750,2.70,28150,28550,27800,3778,107068950,29473021500,1032330
20211207,383800,LX홀딩스,KOSPI,,9790,230,2.41,9560,9850,9450,1183142,11474290190,746787955100,76280690
20211207,38380K,LX홀딩스1우,KOSPI,,14600,-50,-0.34,14350,14850,14350,9316,136075800,21393161000,1465285
20211207,023150,MH에탄올,KOSPI,,9630,-30,-0.31,9680,9790,9600,34476,333015820,71055205380,7378526
20211207,035420,NAVER,KOSPI,,391000,-1000,-0.26,390500,392500,388500,384366,149993774000,64226987445000,164263395
20211207,181710,NHN,KOSPI,,84400,-1700,-1.97,86300,87200,83800,134889,11482687000,1651288110000,19565025
20211207,400760,NH올원리츠,KOSPI,,5220,-20,-0.38,5240,5250,5210,145593,760262660,220284000000,42200000
20211207,005940,NH투자증권,KOSPI,,13200,100,0.76,13150,13200,13000,403893,5299819500,3920847308400,297033887
20211207,005945,NH투자증권우,KOSPI,,12600,50,0.40,12600,12650,12500,59992,755128600,237774196800,18870968
20211207,338100,NH프라임리츠,KOSPI,,4785,-30,-0.62,4815,4820,4775,29808,142921710,89288100000,18660000
20211207,034310,NICE,KOSPI,,16550,-100,-0.60,16650,16750,16450,80289,1328109950,626952065000,37882300
20211207,008260,NI스틸,KOSPI,,3400,20,0.59,3380,3450,3380,41152,140272260,97240397800,28600117
20211207,004250,NPC,KOSPI,,6530,-150,-2.25,6720,6980,6530,1009748,6845143130,239781600000,36720000
20211207,004255,NPC우,KOSPI,,3275,-5,-0.15,3340,3340,3275,4602,15211160,17292000000,5280000
20211207,010060,OCI,KOSPI,,112500,500,0.45,114500,117000,111000,347095,39302104500,2683054237500,23849371
20211207,178920,PI첨단소재,KOSPI,,50900,950,1.90,49850,54200,48850,602479,31214348650,1494745789800,29366322
20211207,005490,POSCO,KOSPI,,288500,1500,0.52,291500,293500,285000,398800,114946843000,25153401897500,87186835
20211207,010950,S-Oil,KOSPI,,90600,900,1.00,91300,92200,90100,367722,33479813600,10200000955200,112582792
20211207,010955,S-Oil우,KOSPI,,56700,300,0.53,56800,57300,56300,9707,552177000,228043260900,4021927
20211207,034120,SBS,KOSPI,,46500,-900,-1.90,48000,49000,46250,80000,3803331600,848745063000,18252582
20211207,101060,SBS미디어홀딩스,KOSPI,,1940,15,0.78,1925,1950,1920,282417,547715095,271398608600,139896190
20211207,005090,SGC에너지,KOSPI,,43900,100,0.23,43550,44100,43500,15891,696246350,644320475600,14677004
20211207,001380,SG글로벌,KOSPI,,1755,-30,-1.68,1800,1800,1725,110833,194447070,78912070965,44964143
20211207,004060,SG세계물산,KOSPI,,719,-8,-1.10,721,733,702,1679311,1194090038,145543546240,202424960
20211207,001770,SHD,KOSPI,,28800,0,0.00,28800,29100,28500,9128,262059700,34988486400,1214878
20211207,002360,SH에너지화학,KOSPI,,933,-1,-0.11,935,939,927,412891,384881740,103687770090,111133730
20211207,009160,SIMPAC,KOSPI,,6680,90,1.37,6660,6700,6520,105908,700777220,437069166880,65429516
20211207,123700,SJM,KOSPI,,4530,10,0.22,4520,4550,4450,25809,115663505,70690187940,15604898
20211207,025530,SJM홀딩스,KOSPI,,3620,120,3.43,3600,3620,3500,15058,53369655,54061108960,14934008
20211207,034730,SK,KOSPI,,266000,0,0.00,263000,266000,262500,124948,33049924500,18715839002000,70360297
20211207,011790,SKC,KOSPI,,181500,-4000,-2.16,187000,189500,180000,284635,52085380000,6873096087000,37868298
20211207,018670,SK가스,KOSPI,,123500,-500,-0.40,124500,125500,122500,6734,831160500,1139935134000,9230244
20211207,001740,SK네트웍스,KOSPI,,5000,0,0.00,5010,5030,4975,246625,1233029075,1240938235000,248187647
20211207,001745,SK네트웍스우,KOSPI,,85000,-100,-0.12,85200,85200,85000,208,17692200,9660080000,113648
20211207,006120,SK디스커버리,KOSPI,,46300,350,0.76,45900,46450,45700,29189,1343331550,881452686500,19037855
20211207,006125,SK디스커버리우,KOSPI,,35300,350,1.00,35100,35350,34800,2114,73925000,47953461500,1358455
20211207,210980,SK디앤디,KOSPI,,30450,200,0.66,30050,30500,30050,12268,372517950,675690493800,22190164
20211207,068400,SK렌터카,KOSPI,,10550,200,1.93,10500,10650,10450,63084,664943400,498865612000,47285840
20211207,395400,SK리츠,KOSPI,,5920,-50,-0.84,5910,5960,5900,167296,989397730,917721549440,155020532
20211207,302440,SK바이오사이언스,KOSPI,,234500,-12000,-4.87,239500,240500,234000,870194,205730034500,17939250000000,76500000
20211207,326030,SK바이오팜,KOSPI,,99100,1000,1.02,98100,99400,96800,175996,17257607100,7760843075000,78313250
20211207,402340,SK스퀘어,KOSPI,,65600,-400,-0.61,66800,68200,65500,2244270,149026490700,9280272657600,141467571
20211207,361610,SK아이이테크놀로지,KOSPI,,165500,-2000,-1.19,168500,168500,164000,264957,43871011500,11799751476000,71297592
20211207,03473K,SK우,KOSPI,,222000,0,0.00,223500,223500,219000,1032,227465500,125681970000,566135
20211207,096770,SK이노베이션,KOSPI,,203000,-1500,-0.73,205000,206500,200500,282232,57192382500,18770509492000,92465564
20211207,096775,SK이노베이션우,KOSPI,,124000,-500,-0.40,124500,125000,123000,2196,272325500,154804824000,1248426
20211207,001510,SK증권,KOSPI,,1015,15,1.50,1010,1020,999,5275170,5332865005,479679023565,472590171
20211207,001515,SK증권우,KOSPI,,4005,-15,-0.37,4035,4035,3990,2889,11563145,15669618570,3912514
20211207,285130,SK케미칼,KOSPI,,143000,-4000,-2.72,146500,146500,142000,116382,16695812000,2519771540000,17620780
20211207,28513K,SK케미칼우,KOSPI,,80000,-900,-1.11,80100,80700,79700,8097,648487700,169234320000,2115429
20211207,017670,SK텔레콤,KOSPI,,55800,100,0.18,55700,56100,55200,1226437,68355737938,12210889435200,218833144
20211207,000660,SK하이닉스,KOSPI,,121500,3000,2.53,119000,122500,118000,5112025,617725173500,88452287347500,728002365
20211207,064960,SNT모티브,KOSPI,,46800,200,0.43,47050,47250,45900,54034,2522776850,684362764800,14623136
20211207,100840,SNT에너지,KOSPI,,19700,500,2.60,19350,19700,18800,29882,570309600,147882206700,7506711
20211207,003570,SNT중공업,KOSPI,,8900,30,0.34,8930,8980,8830,11237,100067950,295949003300,33252697
20211207,036530,SNT홀딩스,KOSPI,,17650,50,0.28,17750,17750,17400,1370,24125000,287763587900,16303886
20211207,005610,SPC삼립,KOSPI,,71900,0,0.00,71500,72500,71500,2450,176090900,620425747100,8629009
20211207,011810,STX,KOSPI,,3985,-10,-0.25,3965,4015,3965,24725,98705795,114056494190,28621454
20211207,077970,STX엔진,KOSPI,,9550,-60,-0.62,9600,9780,9480,17237,164367050,219735033200,23008904
20211207,071970,STX중공업,KOSPI,,4600,70,1.55,4535,4695,4535,80947,370984630,130483489600,28365976
20211207,002820,SUN&L,KOSPI,,4850,-10,-0.21,4860,4865,4800,5999,28939080,61148746650,12607989
20211207,084870,TBH글로벌,KOSPI,,2325,-10,-0.43,2350,2385,2300,43706,101858175,48492104175,20856819
20211207,002710,TCC스틸,KOSPI,,7090,80,1.14,7060,7120,6910,89338,625570030,166615000000,23500000
20211207,002900,TYM,KOSPI,,1730,-10,-0.57,1750,1750,1710,600040,1036991895,262146159560,151529572
20211207,024070,WISCOM,KOSPI,,3690,190,5.43,3935,4100,3540,1230040,4663659505,56554556220,15326438
20211207,037270,YG PLUS,KOSPI,,8300,0,0.00,8380,8470,8210,1169340,9723104050,526464103000,63429410
20211207,000500,가온전선,KOSPI,,24850,-150,-0.60,24850,25200,24550,6699,165886500,103384622950,4160347
20211207,000860,강남제비스코,KOSPI,,22900,550,2.46,22450,23150,22400,22572,516282400,148850000000,6500000
20211207,035250,강원랜드,KOSPI,,24250,150,0.62,24500,24550,24150,917208,22279052950,5188057125000,213940500
20211207,011420,갤럭시아에스엠,KOSPI,,2735,-185,-6.34,2880,2935,2685,2187148,6106889260,75348276340,27549644
20211207,002100,경농,KOSPI,,11550,100,0.87,11450,11650,11450,34546,399391000,225485741250,19522575
20211207,009450,경동나비엔,KOSPI,,56200,700,1.26,55700,56200,54600,33290,1843864800,818754870400,14568592
20211207,267290,경동도시가스,KOSPI,,22650,350,1.57,22450,22750,22250,3307,74600350,133530945900,5895406
20211207,012320,경동인베스트,KOSPI,,35100,50,0.14,35050,35350,34750,950,33274950,83012307300,2365023
20211207,000050,경방,KOSPI,,13500,0,0.00,13500,13650,13350,11653,156915900,370106145000,27415270
20211207,214390,경보제약,KOSPI,,9130,270,3.05,8840,9190,8820,62376,566609240,218269631800,23906860
20211207,012610,경인양행,KOSPI,,6380,100,1.59,6270,6410,6240,122340,775643720,265257208700,41576365
20211207,009140,경인전자,KOSPI,,30550,350,1.16,30500,31500,30000,6628,202588450,47987848350,1570797
20211207,013580,계룡건설,KOSPI,,34550,150,0.44,34400,35050,34150,40924,1407144850,308562836850,8930907
20211207,012200,계양전기,KOSPI,,4040,65,1.64,3960,4040,3950,63371,253511205,131704000000,32600000
20211207,012205,계양전기우,KOSPI,,6620,80,1.22,6550,6620,6510,1112,7304300,9268000000,1400000
20211207,002140,고려산업,KOSPI,,2870,5,0.17,2865,2890,2860,47093,135179625,71576149750,24939425
20211207,010130,고려아연,KOSPI,,494000,-6000,-1.20,502000,503000,493000,46236,22912378000,9321780000000,18870000
20211207,002240,고려제강,KOSPI,,20950,850,4.23,20200,21050,20050,116673,2401141400,481850000000,23000000
20211207,009290,광동제약,KOSPI,,7210,-50,-0.69,7240,7350,7090,229018,1648956100,377954335710,52420851
20211207,017040,광명전기,KOSPI,,2550,20,0.79,2540,2560,2515,172981,438609070,110510918250,43337615
20211207,017900,광전자,KOSPI,,3185,45,1.43,3170,3230,3130,225403,718100035,184550885155,57943763
20211207,037710,광주신세계,KOSPI,,175000,-500,-0.28,175500,179500,174500,2084,366916500,280000000000,1600000
20211207,030610,교보증권,KOSPI,,8560,10,0.12,8570,8580,8510,27514,235174930,553432213760,64653296
20211207,339770,교촌에프앤비,KOSPI,,16050,0,0.00,16100,16150,15950,67008,1075596350,400969767000,24982540
20211207,007690,국도화학,KOSPI,,59700,200,0.34,61000,61000,59300,50236,3011773100,537933775200,9010616
20211207,005320,국동,KOSPI,,2900,55,1.93,2815,2955,2805,1583441,4576791360,157767980800,54402752
20211207,001140,국보,KOSPI,,1680,105,6.67,1580,1880,1565,9076024,15805740335,108411312240,64530543
20211207,002720,국제약품,KOSPI,,5980,740,14.12,5280,6790,5210,6340835,39593107510,115271018200,19276090
20211207,083420,그린케미칼,KOSPI,,8870,40,0.45,8830,9100,8830,85848,772038240,212880000000,24000000
20211207,014530,극동유화,KOSPI,,3735,15,0.40,3735,3765,3700,126365,470578115,130237283700,34869420
20211207,014280,금강공업,KOSPI,,8210,160,1.99,8050,8230,8050,112804,921329250,240794020970,29329357
20211207,014285,금강공업우,KOSPI,,13150,-150,-1.13,13200,13350,13150,1826,24196150,7756856250,589875
20211207,008870,금비,KOSPI,,61300,100,0.16,61200,63800,61200,498,30682700,61300000000,1000000
20211207,001570,금양,KOSPI,,4910,45,0.92,4830,5010,4830,327886,1618857740,239637479640,48806004
20211207,002990,금호건설,KOSPI,,11700,250,2.18,11500,11850,11450,134228,1570936600,428616910800,36633924
20211207,002995,금호건설우,KOSPI,,30900,0,0.00,31200,31200,30700,222,6864650,9031019400,292266
20211207,011780,금호석유,KOSPI,,180000,2000,1.12,180000,182500,177000,272940,49190790500,5484184380000,30467691
20211207,011785,금호석유우,KOSPI,,126000,2500,2.02,124500,126500,123000,47216,5905669000,380959236000,3023486
20211207,214330,금호에이치티,KOSPI,,2235,-55,-2.40,2300,2310,2235,1652444,3734181730,435814082025,194995115
20211207,001210,금호전기,KOSPI,,3300,80,2.48,3225,3335,3180,83529,272072685,63315228900,19186433
20211207,073240,금호타이어,KOSPI,,4385,10,0.23,4375,4410,4310,293424,1279727665,1259636358495,287260287
20211207,092440,기신정기,KOSPI,,4330,120,2.85,4200,4330,4200,30079,127793130,126436000000,29200000
20211207,000270,기아,KOSPI,,83300,-600,-0.72,83400,84200,82700,1436180,119925080700,33766766805100,405363347
20211207,024110,기업은행,KOSPI,,11000,100,0.92,10900,11000,10850,984565,10762236650,8187306457000,744300587
20211207,013700,까뮤이앤씨,KOSPI,,2095,25,1.21,2075,2115,2050,507435,1057370880,94594026600,45152280
20211207,004540,깨끗한나라,KOSPI,,4315,-35,-0.80,4325,4390,4250,82846,355870995,160693590295,37240693
20211207,004545,깨끗한나라우,KOSPI,,22050,200,0.92,21950,22500,21950,1077,24064950,8073828000,366160
20211207,001260,남광토건,KOSPI,,12250,100,0.82,12200,12450,11900,29167,355467950,120404037250,9828901
20211207,008350,남선알미늄,KOSPI,,2560,5,0.20,2560,2605,2540,1059674,2718924760,282058470400,110179090
20211207,008355,남선알미우,KOSPI,,22150,0,0.00,22200,22400,22050,1048,23219850,6819763500,307890
20211207,004270,남성,KOSPI,,3085,25,0.82,3065,3165,3060,140087,433794680,111714513600,36212160
20211207,003920,남양유업,KOSPI,,418500,-500,-0.12,414000,421500,413500,1048,437632000,301320000000,720000
20211207,003925,남양유업우,KOSPI,,205000,-3500,-1.68,209000,209000,205000,538,110899500,34165710000,166662
20211207,025860,남해화학,KOSPI,,10700,50,0.47,10700,10750,10450,314754,3341020350,531563620100,49678843
20211207,005720,넥센,KOSPI,,4640,40,0.87,4600,4670,4600,4472,20751955,248444053280,53543977
20211207,005725,넥센우,KOSPI,,3420,5,0.15,3390,3420,3390,139,473005,12314052000,3600600
20211207,002350,넥센타이어,KOSPI,,6770,40,0.59,6740,6850,6700,96268,650244550,661211527290,97667877
20211207,002355,넥센타이어1우B,KOSPI,,3140,-25,-0.79,3190,3190,3110,14366,45022705,20410000000,6500000
20211207,003580,넥스트사이언스,KOSPI,,20450,-50,-0.24,20000,20750,19750,768309,15551483650,860246366650,42065837
20211207,251270,넷마블,KOSPI,,120000,1500,1.27,118500,121500,117000,168673,20127316500,10314420240000,85953502
20211207,090350,노루페인트,KOSPI,,10300,0,0.00,10350,10450,10300,121893,1262869900,206000000000,20000000
20211207,090355,노루페인트우,KOSPI,,21700,-500,-2.25,21750,22500,21350,4416,95830450,10049834200,463126
20211207,000320,노루홀딩스,KOSPI,,12050,0,0.00,12050,12350,12000,14982,182259950,160158369550,13291151
20211207,000325,노루홀딩스우,KOSPI,,43500,-3850,-8.13,45350,46800,42750,9767,438886450,8058375000,185250
20211207,006280,녹십자,KOSPI,,229000,500,0.22,227500,232000,225500,49816,11390998000,2676217202000,11686538
20211207,005250,녹십자홀딩스,KOSPI,,27300,650,2.44,26500,27450,26400,75052,2031134750,1283870133000,47028210
20211207,005257,녹십자홀딩스2우,KOSPI,,59000,-200,-0.34,61000,61000,59000,479,28372400,49913410000,845990
20211207,004370,농심,KOSPI,,294500,6000,2.08,290000,295500,286000,29290,8587700000,1791338069000,6082642
20211207,072710,농심홀딩스,KOSPI,,76000,0,0.00,76300,76300,75700,599,45511700,352472040000,4637790
20211207,058730,다스코,KOSPI,,4860,0,0.00,4855,4890,4845,30078,146419625,82020086460,16876561
20211207,023590,다우기술,KOSPI,,22800,150,0.66,22750,22850,22500,72849,1653779300,1022958867600,44866617
20211207,145210,다이나믹디자인,KOSPI,,518,32,6.58,490,533,486,3808536,1959875884,81993829428,158289246
20211207,019680,대교,KOSPI,,3885,-5,-0.13,3865,3910,3850,31586,122242915,329070572250,84702850
20211207,019685,대교우B,KOSPI,,2840,5,0.18,2850,2850,2795,23873,67223500,55172651600,19426990
20211207,006370,대구백화점,KOSPI,,10100,-100,-0.98,10150,10300,10050,2854,28909650,109298271100,10821611
20211207,008060,대덕,KOSPI,,7880,0,0.00,7900,7930,7820,284943,2239839310,267054382000,33890150
20211207,00806K,대덕1우,KOSPI,,10700,150,1.42,10800,11050,10300,10429,110435950,12972219900,1212357
20211207,353200,대덕전자,KOSPI,,20000,-450,-2.20,20700,20750,19750,1013168,20398344100,988338500000,49416925
20211207,35320K,대덕전자1우,KOSPI,,14200,-200,-1.39,14500,14500,14100,6529,92995950,29756369800,2095519
20211207,000490,대동,KOSPI,,9380,-70,-0.74,9400,9510,9300,100143,943442340,222570609800,23728210
20211207,008110,대동전자,KOSPI,,8660,280,3.34,8410,8680,8370,55743,474864170,90847271020,10490447
20211207,005750,대림B&Co,KOSPI,,7380,0,0.00,7500,7500,7310,48996,362133600,123041131200,16672240
20211207,006570,대림통상,KOSPI,,3400,35,1.04,3365,3600,3325,15687,53059245,51765000000,15225000
20211207,001680,대상,KOSPI,,22800,300,1.33,22600,22800,22500,108320,2450476350,789974970000,34648025
20211207,001685,대상우,KOSPI,,16850,150,0.90,16800,17000,16700,1739,29378350,23088257550,1370223
20211207,084690,대상홀딩스,KOSPI,,9300,130,1.42,9220,9310,9120,41521,383588010,336776603400,36212538
20211207,084695,대상홀딩스우,KOSPI,,10450,-200,-1.88,10450,10950,10400,6390,67517100,9545886900,913482
20211207,128820,대성산업,KOSPI,,4235,0,0.00,4250,4290,4190,76060,322493560,191572249330,45235478
20211207,117580,대성에너지,KOSPI,,7630,10,0.13,7740,7900,7560,133339,1026538480,209825000000,27500000
20211207,016710,대성홀딩스,KOSPI,,46500,-250,-0.53,46650,47350,46350,92169,4302781700,748159843500,16089459
20211207,003540,대신증권,KOSPI,,20900,50,0.24,20850,20950,20700,74222,1549676400,1061164060000,50773400
20211207,003547,대신증권2우B,KOSPI,,17750,-50,-0.28,17900,17950,17650,17079,302854000,177500000000,10000000
20211207,003545,대신증권우,KOSPI,,18450,-50,-0.27,18550,18600,18350,51874,956587700,479700000000,26000000
20211207,009190,대양금속,KOSPI,,5040,140,2.86,4930,5100,4930,250439,1263775110,159036101280,31554782
20211207,014160,대영포장,KOSPI,,2660,-90,-3.27,2720,2735,2655,3990195,10698144380,288329500340,108394549
20211207,047040,대우건설,KOSPI,,6180,220,3.69,6000,6180,5990,1726074,10564215790,2568547902840,415622638
20211207,009320,대우부품,KOSPI,,2435,-20,-0.81,2505,2520,2410,499760,1223441645,116018923125,47646375
20211207,042660,대우조선해양,KOSPI,,25150,850,3.50,24350,25250,24350,351160,8741588700,2698360325350,107290669
20211207,003090,대웅,KOSPI,,31950,350,1.11,31500,32300,31300,86063,2750115800,1857636261000,58141980
20211207,069620,대웅제약,KOSPI,,148000,5500,3.86,142500,148500,140500,55058,8033497000,1714813100000,11586575
20211207,000430,대원강업,KOSPI,,3815,85,2.28,3720,3820,3710,171335,646274525,236530000000,62000000
20211207,006340,대원전선,KOSPI,,1740,0,0.00,1725,1775,1720,466018,813986215,123569522580,71016967
20211207,006345,대원전선우,KOSPI,,3160,-35,-1.10,3200,3200,3125,8214,25867975,8282992000,2621200
20211207,003220,대원제약,KOSPI,,16450,50,0.30,16400,16650,16100,205058,3350429100,349148338350,21224823
20211207,024890,대원화성,KOSPI,,3865,15,0.39,4135,4145,3865,3981577,16054005815,159427972480,41249152
20211207,002880,대유에이텍,KOSPI,,1345,-20,-1.47,1380,1405,1335,4645043,5840683885,154801583330,115094114
20211207,000300,대유플러스,KOSPI,,1365,-10,-0.73,1385,1385,1350,751024,1020742940,165163326510,120998774
20211207,012800,대창,KOSPI,,1790,15,0.85,1790,1805,1760,425946,759126630,163141493210,91140499
20211207,015230,대창단조,KOSPI,,7590,50,0.66,7600,7630,7500,13717,103357610,108431612850,14286115
20211207,001070,대한방직,KOSPI,,46850,-300,-0.64,47150,47450,46750,6475,303104800,248305000000,5300000
20211207,006650,대한유화,KOSPI,,207000,2000,0.98,206500,209500,202000,97451,20015236000,1345500000000,6500000
20211207,001440,대한전선,KOSPI,,1880,15,0.80,1865,1925,1855,5399236,10176041100,1610169256920,856473009
20211207,084010,대한제강,KOSPI,,16200,550,3.51,15700,16450,15700,139013,2249460400,399277090800,24646734
20211207,001790,대한제당,KOSPI,,3070,-30,-0.97,3100,3115,3065,281146,867678420,275368500600,89696580
20211207,001795,대한제당우,KOSPI,,3210,50,1.58,3250,3250,3160,25253,80795825,20809659600,6482760
20211207,001130,대한제분,KOSPI,,153000,0,0.00,153000,153500,151000,764,116297500,258570000000,1690000
20211207,003490,대한항공,KOSPI,,29450,300,1.03,29700,29900,29150,1931663,56924608850,10243323296250,347820825
20211207,003495,대한항공우,KOSPI,,36850,300,0.82,37500,37500,36700,3094,114158200,40932758900,1110794
20211207,005880,대한해운,KOSPI,,2590,20,0.78,2575,2600,2540,1083292,2791530675,826669621400,319177460
20211207,003830,대한화섬,KOSPI,,124500,-1000,-0.80,125500,125500,123500,230,28597000,165336000000,1328000
20211207,016090,대현,KOSPI,,2225,5,0.23,2240,2245,2200,123256,273593295,98528139750,44282310
20211207,069460,대호에이엘,KOSPI,,3605,-45,-1.23,3620,3670,3590,135631,489438920,179689527045,49844529
20211207,192080,더블유게임즈,KOSPI,,58600,-400,-0.68,59600,59600,57400,187852,10978790600,1076745817200,18374502
20211207,012510,더존비즈온,KOSPI,,76600,-500,-0.65,77300,77700,76500,64854,5001439000,2327321254400,30382784
20211207,004830,덕성,KOSPI,,16750,-600,-3.46,17350,17650,16600,746137,12810095500,262640000000,15680000
20211207,004835,덕성우,KOSPI,,19900,-1050,-5.01,20200,21600,19300,125541,2548079850,27700800000,1392000
20211207,024900,덕양산업,KOSPI,,3200,-5,-0.16,3205,3315,3195,74456,239034350,104207936000,32564980
20211207,145720,덴티움,KOSPI,,64500,0,0.00,65000,67500,64000,136043,8931179800,713939535000,11068830
20211207,002150,도화엔지니어링,KOSPI,,7740,-20,-0.26,7760,7810,7680,8499,65945070,260992800000,33720000
20211207,001230,동국제강,KOSPI,,16100,100,0.63,16150,16250,15750,444691,7110333450,1536467065700,95432737
20211207,023450,동남합성,KOSPI,,63000,700,1.12,62200,63200,62200,4469,281320500,227430000000,3610000
20211207,004140,동방,KOSPI,,3750,5,0.13,3685,3800,3685,241571,904641155,149894122500,39971766
20211207,007590,동방아그로,KOSPI,,7010,30,0.43,6980,7060,6980,5386,37882080,95459214770,13617577
20211207,005960,동부건설,KOSPI,,14850,0,0.00,14950,15000,14700,57180,848559200,337671833400,22738844
20211207,005965,동부건설우,KOSPI,,36600,-850,-2.27,38950,38950,36600,5998,223050950,8261791200,225732
20211207,026960,동서,KOSPI,,29600,-200,-0.67,29650,29750,29200,177912,5237428200,2951120000000,99700000
20211207,002210,동성제약,KOSPI,,8340,180,2.21,8100,8480,8100,137620,1142660720,217682089800,26100970
20211207,102260,동성케미컬,KOSPI,,5020,10,0.20,5010,5100,4975,158645,792660910,249442434560,49689728
20211207,000640,동아쏘시오홀딩스,KOSPI,,116000,-1500,-1.28,117000,117000,115000,9084,1051696000,736310696000,6347506
20211207,170900,동아에스티,KOSPI,,72300,500,0.70,71900,72600,71500,16836,1215346000,610516599900,8444213
20211207,028100,동아지질,KOSPI,,18050,50,0.28,17850,18300,17850,62400,1128817550,207575000000,11500000
20211207,282690,동아타이어,KOSPI,,12550,100,0.80,12600,12600,12350,11184,139495300,172349338250,13733015
20211207,001520,동양,KOSPI,,1500,0,0.00,1500,1515,1475,968762,1447414410,358026094500,238684063
20211207,001527,동양2우B,KOSPI,,14900,-300,-1.97,15200,15200,14900,1336,20134500,4597678100,308569
20211207,001529,동양3우B,KOSPI,,31750,-950,-2.91,32000,32100,31500,2730,86497800,2848673500,89722
20211207,084670,동양고속,KOSPI,,18150,50,0.28,18200,18250,18050,1319,23919600,52554577350,2895569
20211207,082640,동양생명,KOSPI,,6810,-50,-0.73,6900,6920,6800,102519,703281240,1098851963850,161358585
20211207,001525,동양우,KOSPI,,7530,-60,-0.79,7590,7590,7530,861,6500970,4651514430,617731
20211207,008970,동양철관,KOSPI,,1295,5,0.39,1285,1310,1280,539118,697741415,153956450550,118885290
20211207,092780,동양피스톤,KOSPI,,6410,-70,-1.08,6480,6540,6380,37950,244374530,84409828600,13168460
20211207,049770,동원F&B,KOSPI,,195000,-1500,-0.76,197000,197000,193000,4132,804220000,752529180000,3859124
20211207,018500,동원금속,KOSPI,,926,15,1.65,911,926,911,63113,57899312,43295067958,46754933
20211207,006040,동원산업,KOSPI,,222000,4000,1.83,218500,224000,215500,3626,795389500,816436302000,3677641
20211207,030720,동원수산,KOSPI,,9520,90,0.95,9430,9570,9400,17187,162728770,44304223600,4653805
20211207,014820,동원시스템즈,KOSPI,,50300,200,0.40,50500,51000,49950,42743,2149477950,1468177073300,29188411
20211207,014825,동원시스템즈우,KOSPI,,32200,550,1.74,32300,32300,31850,110,3544000,8544527600,265358
20211207,163560,동일고무벨트,KOSPI,,7190,30,0.42,7270,7280,7120,5999,43093700,99941000000,13900000
20211207,004890,동일산업,KOSPI,,139500,1000,0.72,138500,140000,137500,3372,466006500,338317492500,2425215
20211207,002690,동일제강,KOSPI,,2845,-5,-0.18,2850,2920,2830,58071,166263535,57754524200,20300360
20211207,000020,동화약품,KOSPI,,14700,300,2.08,14500,14800,14100,622238,8994256150,410592609000,27931470
20211207,000150,두산,KOSPI,,114500,-500,-0.43,115000,115000,112000,57429,6525227000,1891979107500,16523835
20211207,000157,두산2우B,KOSPI,,109000,-1000,-0.91,110000,111500,107500,1135,122826000,97341142000,893038
20211207,241560,두산밥캣,KOSPI,,43000,3050,7.63,40000,43000,39950,557670,23467712700,4310714138000,100249166
20211207,000155,두산우,KOSPI,,76300,300,0.39,75100,76500,75100,1115,84581200,304930050600,3996462
20211207,034020,두산중공업,KOSPI,,20750,0,0.00,20850,21050,20550,3436570,71413355400,10802906209500,520621986
20211207,336260,두산퓨얼셀,KOSPI,,48600,2550,5.54,46500,48750,46250,765587,36378010800,3182995083600,65493726
20211207,33626K,두산퓨얼셀1우,KOSPI,,14900,150,1.02,14600,15050,14600,23621,350469450,199126580000,13364200
20211207,33626L,두산퓨얼셀2우B,KOSPI,,17450,350,2.05,17300,17500,17000,7983,137407750,52110935000,2986300
20211207,016740,두올,KOSPI,,3990,75,1.92,3915,4025,3890,338939,1346699105,131936053200,33066680
20211207,192650,드림텍,KOSPI,,10300,200,1.98,10150,10600,10100,440004,4577675650,673035691300,65343271
20211207,024090,디씨엠,KOSPI,,31100,-200,-0.64,31350,31400,30650,48406,1496452200,363870000000,11700000
20211207,003160,디아이,KOSPI,,8000,-10,-0.12,8080,8150,7900,137429,1100273920,251974280000,31496785
20211207,092200,디아이씨,KOSPI,,4205,-30,-0.71,4235,4300,4170,122996,518355220,163526432645,38888569
20211207,377190,디앤디플랫폼리츠,KOSPI,,5320,10,0.19,5320,5340,5260,66977,355433210,342608000000,64400000
20211207,013570,디와이,KOSPI,,6540,140,2.19,6400,6540,6330,662042,4267334560,172130399820,26319633
20211207,210540,디와이파워,KOSPI,,13150,450,3.54,12800,13200,12800,97731,1276930500,145198460200,11041708
20211207,007340,디티알오토모티브,KOSPI,,57100,-600,-1.04,58000,58400,55000,25625,1460365600,570657685500,9994005
20211207,026890,디피씨,KOSPI,,14450,50,0.35,14450,14600,14350,641503,9280432350,602249628750,41678175
20211207,115390,락앤락,KOSPI,,10900,50,0.46,10900,11000,10750,215680,2347825350,561899512600,51550414
20211207,032350,롯데관광개발,KOSPI,,17100,200,1.18,17350,17350,16900,411454,7042101900,1184613820200,69275662
20211207,089860,롯데렌탈,KOSPI,,38100,700,1.87,37850,39400,37750,146591,5635515500,1395757800300,36634063
20211207,330590,롯데리츠,KOSPI,,5600,-20,-0.36,5630,5630,5550,190328,1061534060,1360625750400,242968884
20211207,000400,롯데손해보험,KOSPI,,1680,15,0.90,1675,1695,1650,109720,182703730,521365017600,310336320
20211207,023530,롯데쇼핑,KOSPI,,90300,1300,1.46,89700,91300,89300,98950,8914197400,2554474576500,28288755
20211207,004000,롯데정밀화학,KOSPI,,81200,1500,1.88,80100,81400,79600,188042,15172388900,2094960000000,25800000
20211207,286940,롯데정보통신,KOSPI,,35250,0,0.00,35400,35450,35100,28749,1013265350,542720667750,15396331
20211207,280360,롯데제과,KOSPI,,124000,3500,2.90,121500,124000,120000,2178,265250000,795672908000,6416717
20211207,004990,롯데지주,KOSPI,,30950,300,0.98,30700,30950,30550,80634,2480914450,3246940885150,104909237
20211207,00499K,롯데지주우,KOSPI,,47000,200,0.43,46800,47900,46700,230,10836600,46418281000,987623
20211207,005300,롯데칠성,KOSPI,,134000,3000,2.29,131500,134500,130500,24904,3301107000,1243370456000,9278884
20211207,005305,롯데칠성우,KOSPI,,71000,600,0.85,70400,71800,69300,1432,100126500,55047010000,775310
20211207,011170,롯데케미칼,KOSPI,,231000,-500,-0.22,233500,234500,228000,147647,34015154500,7917621789000,34275419
20211207,002270,롯데푸드,KOSPI,,349500,-4000,-1.13,354000,354000,349000,355,124297000,422564722500,1209055
20211207,071840,롯데하이마트,KOSPI,,26050,50,0.19,26000,26300,25800,70132,1829354100,614980897600,23607712
20211207,027740,마니커,KOSPI,,1475,0,0.00,1480,1490,1460,92881,136827105,58549414050,39694518
20211207,204320,만도,KOSPI,,58100,900,1.57,57400,58200,56600,257911,14795777100,2728208672000,46957120
20211207,001080,만호제강,KOSPI,,22450,450,2.05,21900,22450,21700,2445,53704400,93167500000,4150000
20211207,088980,맥쿼리인프라,KOSPI,,13750,50,0.36,13700,13800,13700,942677,12954515350,5566626271250,404845547
20211207,094800,맵스리얼티1,KOSPI,,4720,-15,-0.32,4740,4760,4710,84053,397419810,438178042320,92834331
20211207,138040,메리츠금융지주,KOSPI,,34800,-1650,-4.53,36200,36400,34550,260448,9197246500,4663593031200,134011294
20211207,008560,메리츠증권,KOSPI,,5220,-20,-0.38,5210,5250,5160,940343,4903405710,3558633622380,681730579
20211207,000060,메리츠화재,KOSPI,,32550,-100,-0.31,32650,32950,32350,142120,4652562300,3926343750000,120625000
20211207,090370,메타랩스,KOSPI,,948,4,0.42,944,958,939,157744,149503059,62886826620,66336315
20211207,017180,명문제약,KOSPI,,4825,260,5.70,4565,4870,4565,383675,1834792565,163825415550,33953454
20211207,009900,명신산업,KOSPI,,27150,-50,-0.18,27250,27450,26850,448260,12138415050,1424564110950,52470133
20211207,012690,모나리자,KOSPI,,3835,15,0.39,3795,3850,3795,47706,182384170,140250762925,36571255
20211207,005360,모나미,KOSPI,,4315,65,1.53,4215,4325,4215,61148,261751455,81541879705,18897307
20211207,204210,모두투어리츠,KOSPI,,4335,15,0.35,4350,4360,4245,5910,25528050,33929243025,7826815
20211207,009680,모토닉,KOSPI,,10250,0,0.00,10150,10300,10150,12564,128539550,338250000000,33000000
20211207,009580,무림P&P,KOSPI,,4185,-15,-0.36,4200,4240,4155,66973,280809710,261011435940,62368324
20211207,009200,무림페이퍼,KOSPI,,2510,20,0.80,2495,2510,2480,40960,102261380,104439368100,41609310
20211207,033920,무학,KOSPI,,8420,10,0.12,8400,8470,8270,45529,385103400,239970000000,28500000
20211207,008420,문배철강,KOSPI,,3765,-5,-0.13,3770,3800,3735,61136,229676045,77195696325,20503505
20211207,025560,미래산업,KOSPI,,13450,100,0.75,13350,13550,13250,26475,355044400,59879494150,4452007
20211207,007120,미래아이앤지,KOSPI,,469,0,0.00,467,472,456,446145,206586198,60728065412,129484148
20211207,396690,미래에셋글로벌리츠,KOSPI,,5240,0,0.00,5240,5250,5210,428627,2242843260,152274400000,29060000
20211207,357250,미래에셋맵스리츠,KOSPI,,4965,15,0.30,4960,4975,4935,43425,215440005,99796500000,20100000
20211207,085620,미래에셋생명,KOSPI,,4110,35,0.86,4075,4145,4075,40920,168019165,727536536790,177016189
20211207,006800,미래에셋증권,KOSPI,,9210,20,0.22,9200,9230,9110,902141,8283074740,5851264117680,635316408
20211207,00680K,미래에셋증권2우B,KOSPI,,4820,10,0.21,4825,4830,4800,120598,580388330,674800000000,140000000
20211207,006805,미래에셋증권우,KOSPI,,5700,10,0.18,5690,5770,5670,9373,53515060,80231775000,14075750
20211207,002840,미원상사,KOSPI,,203500,-500,-0.25,203500,204000,202500,2055,417331000,1011395000000,4970000
20211207,268280,미원에스씨,KOSPI,,204000,-1500,-0.73,206500,206500,203000,3061,624391000,1040400000000,5100000
20211207,107590,미원홀딩스,KOSPI,,143000,-1000,-0.69,144000,144500,141000,1107,157290500,331760000000,2320000
20211207,134380,미원화학,KOSPI,,78900,900,1.15,80000,80000,78900,381,30064300,173522245200,2199268
20211207,003650,미창석유,KOSPI,,79000,-700,-0.88,80400,80400,78100,1005,79137100,137434088000,1739672
20211207,155900,바다로19호,KOSPI,,2980,0,0.00,2990,2990,2970,8279,24657400,45296011920,15200004
20211207,003610,방림,KOSPI,,2595,15,0.58,2575,2650,2555,56505,146551640,109805063550,42314090
20211207,001340,백광산업,KOSPI,,5330,-10,-0.19,5320,5370,5290,288028,1534219560,239415109310,44918407
20211207,035150,백산,KOSPI,,8350,350,4.38,8000,8570,7920,758328,6322544060,202070000000,24200000
20211207,002410,범양건영,KOSPI,,6460,310,5.04,6190,6470,6100,589832,3699589370,160414603720,24831982
20211207,096300,베트남개발1,KOSPI,,166,2,1.22,164,167,162,496325,81568664,22854915026,137680211
20211207,007210,벽산,KOSPI,,3335,5,0.15,3345,3370,3285,451836,1507628925,228647600000,68560000
20211207,002760,보락,KOSPI,,1980,25,1.28,1965,1985,1940,155810,306207540,118602000000,59900000
20211207,003850,보령제약,KOSPI,,16500,500,3.13,16050,16650,15800,451372,7386634100,1133385000000,68690000
20211207,000890,보해양조,KOSPI,,905,17,1.91,889,905,889,396946,356687311,124903103495,138014479
20211207,003000,부광약품,KOSPI,,13100,350,2.75,12800,13150,12700,424878,5512000900,930925941900,71063049
20211207,001270,부국증권,KOSPI,,24700,50,0.20,24700,24750,24450,2990,73787400,256136184200,10369886
20211207,001275,부국증권우,KOSPI,,22900,50,0.22,22950,22950,22850,807,18455000,68700000000,3000000
20211207,026940,부국철강,KOSPI,,4165,30,0.73,4135,4190,4120,112124,465363610,83300000000,20000000
20211207,015350,부산가스,KOSPI,,84400,100,0.12,84200,84400,84200,4486,378178000,928400000000,11000000
20211207,011390,부산산업,KOSPI,,104500,2500,2.45,102000,104500,101000,2377,245667000,110352000000,1056000
20211207,005030,부산주공,KOSPI,,622,1,0.16,621,629,616,221204,137443456,35360399574,56849517
20211207,002070,비비안,KOSPI,,2985,-15,-0.50,3005,3050,2960,175796,524375960,88935060150,29793990
20211207,100220,비상교육,KOSPI,,7820,0,0.00,7860,7900,7700,24627,191605760,101634514620,12996741
20211207,030790,비케이탑스,KOSPI,,2845,50,1.79,2845,2850,2760,91424,256095055,42951135700,15097060
20211207,005180,빙그레,KOSPI,,53200,800,1.53,52500,53300,52400,8113,429713900,524086021200,9851241
20211207,003960,사조대림,KOSPI,,26750,350,1.33,26400,26750,25850,35382,931445000,245149492250,9164467
20211207,008040,사조동아원,KOSPI,,1130,15,1.35,1115,1135,1100,393338,440284010,159493398000,141144600
20211207,007160,사조산업,KOSPI,,45350,200,0.44,45100,45350,44650,155962,7071626050,226750000000,5000000
20211207,014710,사조씨푸드,KOSPI,,5350,0,0.00,5350,5380,5250,259330,1379052720,92119205050,17218543
20211207,006090,사조오양,KOSPI,,9170,10,0.11,9120,9180,9080,5640,51423410,86406516630,9422739
20211207,001470,삼부토건,KOSPI,,2180,-15,-0.68,2195,2230,2140,1350558,2937356405,299872666420,137556269
20211207,006400,삼성SDI,KOSPI,,691000,-7000,-1.00,701000,702000,684000,172060,118706519000,47516290230000,68764530
20211207,006405,삼성SDI우,KOSPI,,343000,-3000,-0.87,346500,349000,340000,2368,811151500,554938328000,1617896
20211207,006660,삼성공조,KOSPI,,15800,250,1.61,15550,15800,15450,27298,427114000,128395761200,8126314
20211207,028260,삼성물산,KOSPI,,115500,1500,1.32,114500,116000,114000,305608,35162612500,21585457855500,186887081
20211207,02826K,삼성물산우B,KOSPI,,106000,-500,-0.47,106500,107000,105500,4298,456697500,172507050000,1627425
20211207,207940,삼성바이오로직스,KOSPI,,877000,-24000,-2.66,886000,892000,849000,93704,81899924000,58026705000000,66165000
20211207,032830,삼성생명,KOSPI,,67100,600,0.90,66500,67600,66100,296365,19818123900,13420000000000,200000000
20211207,018260,삼성에스디에스,KOSPI,,156000,2500,1.63,152500,158000,152000,134854,21002759500,12070936800000,77377800
20211207,028050,삼성엔지니어링,KOSPI,,23000,500,2.22,22500,23000,22400,946091,21468250050,4508000000000,196000000
20211207,009150,삼성전기,KOSPI,,180500,1500,0.84,181000,183500,178500,647931,117289222000,13482212128000,74693696
20211207,009155,삼성전기우,KOSPI,,97900,1100,1.14,97400,98700,96800,11885,1161842500,284593733600,2906984
20211207,005930,삼성전자,KOSPI,,77400,1100,1.44,76100,77700,75600,19232453,1477888023100,462061169370000,5969782550
20211207,005935,삼성전자우,KOSPI,,70900,600,0.85,70900,71200,70100,1979792,140269743426,58342667030000,822886700
20211207,001360,삼성제약,KOSPI,,5100,70,1.39,5020,5510,5010,1067649,5531966500,342526602900,67162079
20211207,010140,삼성중공업,KOSPI,,5590,180,3.33,5420,5590,5380,4851370,26797238550,4919200000000,880000000
20211207,010145,삼성중공우,KOSPI,,233500,3500,1.52,230000,233500,230000,303,70514500,26816307500,114845
20211207,016360,삼성증권,KOSPI,,48550,-50,-0.10,48750,48950,48400,276421,13437678200,4335515000000,89300000
20211207,068290,삼성출판사,KOSPI,,34000,250,0.74,34000,35300,33400,103194,3517164700,340000000000,10000000
20211207,029780,삼성카드,KOSPI,,33800,400,1.20,33550,33800,33300,97347,3272751100,3916030515800,115858891
20211207,000810,삼성화재,KOSPI,,211500,3000,1.44,208500,211500,206500,59760,12503754500,10019778025500,47374837
20211207,000815,삼성화재우,KOSPI,,174500,500,0.29,175000,175000,173000,2801,487010000,557004000000,3192000
20211207,006110,삼아알미늄,KOSPI,,27100,150,0.56,26900,28400,26750,278632,7638357500,298100000000,11000000
20211207,145990,삼양사,KOSPI,,63000,0,0.00,63200,63600,62800,12787,806001700,649747287000,10313449
20211207,145995,삼양사우,KOSPI,,40550,-50,-0.12,40600,40600,40550,114,4628250,15006338500,370070
20211207,003230,삼양식품,KOSPI,,88900,-300,-0.34,88300,89900,86400,76881,6764293300,669685033500,7533015
20211207,002170,삼양통상,KOSPI,,59000,0,0.00,59500,59500,58500,4166,245583500,177000000000,3000000
20211207,272550,삼양패키징,KOSPI,,23850,-300,-1.24,23950,24100,23750,19544,467396050,338903825400,14209804
20211207,000070,삼양홀딩스,KOSPI,,98000,-1200,-1.21,99300,99600,97500,19226,1883966500,839298558000,8564271
20211207,000075,삼양홀딩스우,KOSPI,,69800,-200,-0.29,70900,70900,69400,165,11507900,21223248400,304058
20211207,002810,삼영무역,KOSPI,,14700,100,0.68,14600,14750,14550,5790,84842350,271464135600,18466948
20211207,005680,삼영전자,KOSPI,,11250,100,0.90,11150,11300,11100,41703,466518100,225000000000,20000000
20211207,003720,삼영화학,KOSPI,,2870,-40,-1.37,2940,2940,2865,83448,241487535,97580000000,34000000
20211207,023000,삼원강재,KOSPI,,3155,-45,-1.41,3200,3235,3155,36712,116492770,126200000000,40000000
20211207,004380,삼익THK,KOSPI,,11250,-50,-0.44,11400,11400,11100,12637,141126350,236250000000,21000000
20211207,002450,삼익악기,KOSPI,,1810,15,0.84,1800,1820,1790,242616,437765750,163860956150,90530915
20211207,004440,삼일씨엔에스,KOSPI,,9660,-10,-0.10,9650,9850,9540,13797,132860070,122990608020,12731947
20211207,000520,삼일제약,KOSPI,,8050,200,2.55,7860,8130,7790,85523,682734820,108975128150,13537283
20211207,009770,삼정펄프,KOSPI,,27300,-700,-2.50,28000,28000,27300,2210,60737350,68249208300,2499971
20211207,005500,삼진제약,KOSPI,,25600,250,0.99,25350,25600,25150,55362,1401367700,355840000000,13900000
20211207,004690,삼천리,KOSPI,,87400,0,0.00,87500,87700,87100,2010,175559000,354409185000,4055025
20211207,010960,삼호개발,KOSPI,,5010,40,0.80,4970,5010,4925,34147,169513180,125250000000,25000000
20211207,004450,삼화왕관,KOSPI,,41600,50,0.12,41750,41750,41550,1292,53700600,89622166400,2154379
20211207,009470,삼화전기,KOSPI,,31200,1050,3.48,30250,31550,29900,44203,1347752550,206351184000,6613820
20211207,011230,삼화전자,KOSPI,,4055,-25,-0.61,4100,4150,4000,48972,198289135,42406946700,10457940
20211207,001820,삼화콘덴서,KOSPI,,55300,100,0.18,55500,55700,54700,44523,2452446800,574843500000,10395000
20211207,000390,삼화페인트,KOSPI,,8670,-100,-1.14,8790,8840,8630,29011,251972810,235854076230,27203469
20211207,001290,상상인증권,KOSPI,,1095,-25,-2.23,1120,1145,1095,301479,333406605,106768867425,97505815
20211207,041650,상신브레이크,KOSPI,,3885,-20,-0.51,3905,3960,3875,29089,113328815,83416583250,21471450
20211207,075180,새론오토모티브,KOSPI,,5280,40,0.76,5240,5350,5220,9757,51287660,101376000000,19200000
20211207,007540,샘표,KOSPI,,41300,600,1.47,40700,41300,40700,1569,64300250,118770540000,2875800
20211207,248170,샘표식품,KOSPI,,43150,350,0.82,42800,43150,42500,7005,299349800,197121540900,4568286
20211207,007860,서연,KOSPI,,13750,-300,-2.14,14050,14750,13650,1144782,16327441400,322847855000,23479844
20211207,200880,서연이화,KOSPI,,7140,-90,-1.24,7240,7390,7080,276674,1991703290,192983040180,27028437
20211207,017390,서울가스,KOSPI,,162000,1000,0.62,161000,163000,160000,2040,329378500,810000000000,5000000
20211207,004410,서울식품,KOSPI,,303,1,0.33,302,306,301,2500415,758010394,112811910105,372316535
20211207,004415,서울식품우,KOSPI,,4160,140,3.48,4080,4160,4025,3124,12727545,9253920000,2224500
20211207,021050,서원,KOSPI,,1940,10,0.52,1930,1955,1920,119265,231208615,92100704600,47474590
20211207,008490,서흥,KOSPI,,42350,-200,-0.47,42550,42750,42000,16278,687046000,489951935550,11569113
20211207,007610,선도전기,KOSPI,,3675,-25,-0.68,3685,3750,3625,129139,474574690,66150000000,18000000
20211207,136490,선진,KOSPI,,11400,350,3.17,11050,11500,11050,210891,2372927200,271087485600,23779604
20211207,014910,성문전자,KOSPI,,2420,15,0.62,2405,2455,2355,76665,183170040,47158193940,19486857
20211207,014915,성문전자우,KOSPI,,8800,-150,-1.68,8930,8930,8700,3785,33148460,5280000000,600000
20211207,003080,성보화학,KOSPI,,4010,-25,-0.62,4050,4050,3950,23601,94258410,80280200000,20020000
20211207,004980,성신양회,KOSPI,,12000,150,1.27,11950,12050,11650,233146,2761643950,294192876000,24516073
20211207,004985,성신양회우,KOSPI,,14400,250,1.77,14250,14400,14050,3545,50396200,10593288000,735645
20211207,011300,성안,KOSPI,,787,0,0.00,0,0,0,0,0,44747135820,56857860
20211207,000180,성창기업지주,KOSPI,,2460,35,1.44,2570,2570,2410,169760,415558585,171588936000,69751600
20211207,002420,세기상사,KOSPI,,6160,0,0.00,0,0,0,0,0,25107667200,4075920
20211207,004360,세방,KOSPI,,11700,0,0.00,11850,11850,11600,53385,625529700,225911673000,19308690
20211207,004365,세방우,KOSPI,,7160,-30,-0.42,7170,7170,7160,4368,31287810,26415030000,3689250
20211207,004490,세방전지,KOSPI,,75700,0,0.00,75700,76500,75100,29117,2206259900,1059800000000,14000000
20211207,001430,세아베스틸,KOSPI,,20600,-50,-0.24,20900,21000,20300,68441,1411984350,738759651400,35862119
20211207,306200,세아제강,KOSPI,,98200,700,0.72,97500,99100,97500,3639,358404100,278524660000,2836300
20211207,003030,세아제강지주,KOSPI,,112000,-1000,-0.88,113000,115000,110500,9813,1102223500,463865584000,4141657
20211207,019440,세아특수강,KOSPI,,16100,50,0.31,16200,16200,15950,4853,77768550,137977000000,8570000
20211207,058650,세아홀딩스,KOSPI,,103000,500,0.49,103500,104500,102500,419,43434000,412000000000,4000000
20211207,013000,세우글로벌,KOSPI,,1835,25,1.38,1820,1935,1805,426863,794214445,52673731885,28705031
20211207,091090,세원이앤씨,KOSPI,,1220,-85,-6.51,1305,1315,1190,3412298,4288827765,177522311020,145510091
20211207,021820,세원정공,KOSPI,,8090,0,0.00,0,0,0,0,0,80900000000,10000000
20211207,067830,세이브존I&C,KOSPI,,2935,0,0.00,2920,2980,2920,28200,82938205,120455026825,41040895
20211207,033530,세종공업,KOSPI,,9100,30,0.33,9090,9150,9030,162159,1473814490,253170745100,27820961
20211207,075580,세진중공업,KOSPI,,5720,-40,-0.69,5700,5840,5660,85642,490126520,325178888320,56849456
20211207,027970,세하,KOSPI,,1700,-5,-0.29,1705,1710,1685,74368,126109235,97857094900,57562997
20211207,308170,센트랄모텍,KOSPI,,21650,-350,-1.59,22150,22250,21500,58620,1272284050,186406500000,8610000
20211207,012600,센트럴인사이트,KOSPI,,2490,0,0.00,0,0,0,0,0,33838831080,13589892
20211207,068270,셀트리온,KOSPI,,203500,-3000,-1.45,206500,206500,201000,691681,140327988000,28072240548000,137947128
20211207,336370,솔루스첨단소재,KOSPI,,93500,-1100,-1.16,95000,96600,92200,259237,24312416400,2860142373000,30589758
20211207,33637K,솔루스첨단소재1우,KOSPI,,22700,0,0.00,22700,23150,22550,15585,355218350,167217280000,7366400
20211207,33637L,솔루스첨단소재2우B,KOSPI,,28550,200,0.71,28500,29250,28400,1555,44489900,46994727500,1646050
20211207,248070,솔루엠,KOSPI,,23750,350,1.50,23650,23900,23450,166544,3933979700,1187631836250,50005551
20211207,004430,송원산업,KOSPI,,20400,-500,-2.39,21350,21500,20300,829060,17350035600,489600000000,24000000
20211207,017550,수산중공업,KOSPI,,2565,-15,-0.58,2570,2610,2555,263005,678212830,138471943095,53985163
20211207,053210,스카이라이프,KOSPI,,9250,30,0.33,9170,9350,9150,62225,577804870,442353185500,47821966
20211207,134790,시디즈,KOSPI,,60600,-100,-0.16,61200,61200,60100,2958,179039300,121200000000,2000000
20211207,016590,신대양제지,KOSPI,,85000,900,1.07,84000,85800,83600,5279,447051200,342531470000,4029782
20211207,029530,신도리코,KOSPI,,33100,150,0.46,33000,33200,32800,5877,194165850,333648959900,10080029
20211207,004970,신라교역,KOSPI,,13650,50,0.37,13550,13800,13350,5564,75269400,218400000000,16000000
20211207,011930,신성이엔지,KOSPI,,1850,15,0.82,1835,1860,1820,971592,1783439260,377519691300,204064698
20211207,005390,신성통상,KOSPI,,3575,-25,-0.69,3645,3670,3430,2194103,7753741460,513757494250,143708390
20211207,004170,신세계,KOSPI,,246500,5500,2.28,241500,248500,241000,134712,33027383500,2426837116500,9845181
20211207,035510,신세계 I&C,KOSPI,,184500,9500,5.43,176000,186000,175500,9147,1651851500,317340000000,1720000
20211207,034300,신세계건설,KOSPI,,34750,1800,5.46,33000,34750,32950,13710,462023100,139000000000,4000000
20211207,031430,신세계인터내셔날,KOSPI,,149000,500,0.34,150000,151000,148500,23083,3449816500,1063860000000,7140000
20211207,031440,신세계푸드,KOSPI,,83800,300,0.36,83700,84800,83200,3386,284472000,324513824000,3872480
20211207,006880,신송홀딩스,KOSPI,,5330,10,0.19,5340,5340,5280,16431,87270840,63047813140,11828858
20211207,005800,신영와코루,KOSPI,,117000,0,0.00,116500,117000,115500,133,15523000,105300000000,900000
20211207,001720,신영증권,KOSPI,,59400,0,0.00,60000,60000,58000,1993,118130200,557542477800,9386237
20211207,001725,신영증권우,KOSPI,,59400,500,0.85,59400,59400,58700,473,28006400,418993522200,7053763
20211207,009270,신원,KOSPI,,2605,-160,-5.79,2735,2740,2585,6166820,16301278665,248956757865,95568813
20211207,009275,신원우,KOSPI,,41600,1100,2.72,40550,42500,40250,227,9449800,3774784000,90740
20211207,002700,신일전자,KOSPI,,2055,20,0.98,2045,2065,2025,1595986,3271740545,146002655655,71047521
20211207,019170,신풍제약,KOSPI,,33200,-850,-2.50,34350,34500,32800,964251,32349968650,1759101668000,52984990
20211207,019175,신풍제약우,KOSPI,,41100,-850,-2.03,42950,42950,41050,18447,770694350,90420000000,2200000
20211207,002870,신풍제지,KOSPI,,2245,-10,-0.44,2250,2275,2230,89988,202552575,78482281500,34958700
20211207,293940,신한알파리츠,KOSPI,,7950,50,0.63,7940,7950,7880,61005,482090950,416024477850,52330123
20211207,055550,신한지주,KOSPI,,37400,350,0.94,37100,37400,36900,995132,36981975850,19320823319600,516599554
20211207,004080,신흥,KOSPI,,16000,0,0.00,16050,16050,15850,3818,60712600,152000000000,9500000
20211207,102280,쌍방울,KOSPI,,867,-29,-3.24,890,918,863,24583339,21712472616,227667375843,262592129
20211207,003410,쌍용C&E,KOSPI,,7800,20,0.26,7790,7820,7760,381514,2972885570,3930104841000,503859595
20211207,003620,쌍용차,KOSPI,,2770,0,0.00,0,0,0,0,0,415056805540,149840002
20211207,004770,써니전자,KOSPI,,3100,5,0.16,3080,3140,3080,271427,842445000,108019534100,34845011
20211207,015540,쎌마테라퓨틱스,KOSPI,,6410,0,0.00,0,0,0,0,0,86229499400,13452340
20211207,004920,씨아이테크,KOSPI,,1500,75,5.26,1425,1750,1410,12507323,19998336795,59927578500,39951719
20211207,112610,씨에스윈드,KOSPI,,59300,-300,-0.50,60400,60600,59200,126435,7552111600,2500764197900,42171403
20211207,008700,아남전자,KOSPI,,2340,10,0.43,2390,2390,2315,426385,995540475,180472078800,77124820
20211207,002790,아모레G,KOSPI,,45600,850,1.90,45000,45700,44600,93257,4223530000,3760093008000,82458180
20211207,00279K,아모레G3우(전환),KOSPI,,35650,350,0.99,35700,35800,35250,2342,83336300,252836930000,7092200
20211207,002795,아모레G우,KOSPI,,17050,250,1.49,16800,17050,16550,14030,235670950,109866278500,6443770
20211207,090430,아모레퍼시픽,KOSPI,,177000,4500,2.61,174500,177000,172500,168545,29515914500,10353218343000,58492759
20211207,090435,아모레퍼시픽우,KOSPI,,71100,1100,1.57,70300,71100,68800,11344,798890000,750661713000,10557830
20211207,002030,아세아,KOSPI,,124000,-2000,-1.59,127000,127000,122000,5801,718270500,271686976000,2191024
20211207,183190,아세아시멘트,KOSPI,,120500,1000,0.84,120500,122000,119500,10601,1280877000,469444984500,3895809
20211207,002310,아세아제지,KOSPI,,49850,-650,-1.29,50300,50600,49400,35319,1760531650,446481624700,8956502
20211207,012170,아센디오,KOSPI,,1405,-45,-3.10,1455,1490,1380,770285,1094554445,113115420380,80509196
20211207,267850,아시아나IDT,KOSPI,,17200,150,0.88,17100,17600,17100,21600,373433100,190920000000,11100000
20211207,020560,아시아나항공,KOSPI,,19850,350,1.79,20200,20200,19750,507909,10127283900,1477073515400,74411764
20211207,122900,아이마켓코리아,KOSPI,,10850,0,0.00,10950,11000,10800,60067,652653800,362702914000,33428840
20211207,010780,아이에스동서,KOSPI,,44050,350,0.80,43850,44400,43500,84611,3712375650,1360819294300,30892606
20211207,139990,아주스틸,KOSPI,,18300,-100,-0.54,18450,18600,18200,105653,1936708950,484075058700,26452189
20211207,001780,알루코,KOSPI,,3455,-15,-0.43,3450,3510,3410,267648,923363900,310228706560,89791232
20211207,018250,애경산업,KOSPI,,19550,300,1.56,19250,19600,19250,33129,644213800,516314229250,26409935
20211207,161000,애경케미칼,KOSPI,,11100,-100,-0.89,11300,11350,11050,158756,1772642600,540000669900,48648709
20211207,011090,에넥스,KOSPI,,2610,-45,-1.69,2615,2675,2610,1241389,3326941360,156578183010,59991641
20211207,137310,에스디바이오센서,KOSPI,,52100,100,0.19,51100,52200,50500,546947,28053580000,5380437491300,103271353
20211207,005850,에스엘,KOSPI,,31650,-1400,-4.24,33000,33000,31450,232299,7442217700,1525633717050,48203277
20211207,012750,에스원,KOSPI,,75800,700,0.93,74700,76100,74400,39036,2942381400,2880337692400,37999178
20211207,023960,에쓰씨엔지니어링,KOSPI,,3385,-5,-0.15,3405,3505,3310,186730,634971710,101551526635,30000451
20211207,298690,에어부산,KOSPI,,2205,10,0.46,2250,2270,2185,956943,2113191935,427593600000,193920000
20211207,140910,에이리츠,KOSPI,,9270,70,0.76,9320,9320,9200,5788,53388410,39095205300,4217390
20211207,078520,에이블씨엔씨,KOSPI,,6500,150,2.36,6350,6500,6330,38079,244014470,175717483500,27033459
20211207,015260,에이엔피,KOSPI,,2070,5,0.24,2065,2100,2040,159808,329498380,46236366630,22336409
20211207,007460,에이프로젠 MED,KOSPI,,1480,10,0.68,1475,1505,1470,1075596,1598905355,294749740400,199155230
20211207,003060,에이프로젠제약,KOSPI,,874,6,0.69,872,878,863,491707,427392294,348355220358,398575767
20211207,244920,에이플러스에셋,KOSPI,,9160,60,0.66,9130,9250,9050,108154,987432710,207086467880,22607693
20211207,036570,엔씨소프트,KOSPI,,717000,5000,0.70,723000,736000,712000,222365,160740929000,15741033774000,21954022
20211207,138250,엔에스쇼핑,KOSPI,,12800,-50,-0.39,12850,13050,12650,26714,341563900,431308800000,33696000
20211207,380440,엔에이치스팩19호,KOSPI,,2070,-5,-0.24,2070,2075,2055,218104,450686265,106170300000,51290000
20211207,085310,엔케이,KOSPI,,1020,0,0.00,1020,1030,1015,151423,154807400,81583019040,79983352
20211207,900140,엘브이엠씨홀딩스,KOSPI,,3630,10,0.28,3630,3650,3580,258430,936162525,361022728110,99455297
20211207,097520,엠씨넥스,KOSPI,,51700,-100,-0.19,51800,52000,50100,365640,18646404600,929011879400,17969282
20211207,014440,영보화학,KOSPI,,4800,-50,-1.03,4805,4845,4690,351755,1669798265,96000000000,20000000
20211207,111770,영원무역,KOSPI,,41850,1650,4.10,40350,42050,40100,158840,6588481350,1854434935800,44311468
20211207,009970,영원무역홀딩스,KOSPI,,49900,1050,2.15,49000,49900,48850,17219,854582950,680416040800,13635592
20211207,003520,영진약품,KOSPI,,5100,790,18.33,4310,5370,4295,36596657,185896431005,932752928100,182892731
20211207,000670,영풍,KOSPI,,658000,-1000,-0.15,660000,664000,647000,672,441853000,1212062320000,1842040
20211207,006740,영풍제지,KOSPI,,7240,-10,-0.14,7210,7290,7190,62282,449443280,160728000000,22200000
20211207,012280,영화금속,KOSPI,,1560,15,0.97,1545,1570,1535,274291,424497465,83295427800,53394505
20211207,012160,영흥,KOSPI,,1040,15,1.46,1035,1045,1025,137803,142743060,105362786880,101310372
20211207,015360,예스코홀딩스,KOSPI,,37300,150,0.40,37150,37600,37150,1192,44577150,223800000000,6000000
20211207,007310,오뚜기,KOSPI,,459000,4000,0.88,450500,461000,450500,2564,1169169500,1685439279000,3671981
20211207,002630,오리엔트바이오,KOSPI,,1205,-15,-1.23,1215,1235,1200,465729,565631730,142892521025,118583005
20211207,271560,오리온,KOSPI,,102500,2000,1.99,101000,103500,99900,126518,12842658500,4052453530000,39536132
20211207,001800,오리온홀딩스,KOSPI,,15650,100,0.64,15650,15650,15450,38480,598617300,980400854300,62645422
20211207,011690,와이투솔루션,KOSPI,,2440,0,0.00,0,0,0,0,0,359254954280,147235637
20211207,070960,용평리조트,KOSPI,,5030,0,0.00,5100,5210,4990,117000,589391540,242110664990,48133333
20211207,316140,우리금융지주,KOSPI,,13050,200,1.56,12900,13050,12850,1526303,19791688700,9501190164450,728060549
20211207,118000,우리들휴브레인,KOSPI,,1415,-15,-1.05,1425,1445,1410,314522,450139035,115072629395,81323413
20211207,010050,우리종금,KOSPI,,910,0,0.00,911,923,908,2512433,2291966967,795525099460,874203406
20211207,006980,우성,KOSPI,,27500,0,0.00,27250,27750,27150,3431,93672800,84975000000,3090000
20211207,017370,우신시스템,KOSPI,,4095,-15,-0.36,4290,4350,4055,500265,2089375690,74996051130,18314054
20211207,105840,우진,KOSPI,,8450,100,1.20,8370,8580,8300,512101,4346445990,171734538300,20323614
20211207,010400,우진아이엔에스,KOSPI,,7210,-110,-1.50,7240,7380,7150,5559,40145600,54954620000,7622000
20211207,049800,우진플라임,KOSPI,,4400,-30,-0.68,4430,4460,4335,49758,217351765,88000000000,20000000
20211207,016880,웅진,KOSPI,,1900,-30,-1.55,1930,1945,1885,404499,772760825,151861452000,79927080
20211207,095720,웅진씽크빅,KOSPI,,3125,-50,-1.57,3175,3205,3100,441859,1385273740,360956203125,115505985
20211207,005820,원림,KOSPI,,19400,0,0.00,19400,20200,19250,1608,31355500,44580618000,2297970
20211207,010600,웰바이오텍,KOSPI,,1610,0,0.00,1610,1635,1580,173431,277640985,94470362840,58677244
20211207,008600,윌비스,KOSPI,,1710,10,0.59,1700,1730,1680,291617,495417350,112469969520,65771912
20211207,033270,유나이티드제약,KOSPI,,48500,700,1.46,47800,49150,47400,119098,5739097800,787873867000,16244822
20211207,014830,유니드,KOSPI,,105500,-2500,-2.31,109000,109500,105000,39241,4175419500,937878436500,8889843
20211207,000910,유니온,KOSPI,,7730,1030,15.37,7110,8180,7110,13815433,108215932790,120677814870,15611619
20211207,047400,유니온머티리얼,KOSPI,,3185,235,7.97,3140,3435,3140,13756516,45334848955,133770000000,42000000
20211207,011330,유니켐,KOSPI,,1280,10,0.79,1280,1290,1270,133102,169940305,93041231360,72688462
20211207,077500,유니퀘스트,KOSPI,,10050,-50,-0.50,10150,10250,10050,76580,774566350,274721523750,27335475
20211207,002920,유성기업,KOSPI,,3065,25,0.82,3065,3075,3035,31641,96523050,79529087500,25947500
20211207,000700,유수홀딩스,KOSPI,,6230,10,0.16,6230,6270,6170,60857,378391430,162240488760,26041812
20211207,003470,유안타증권,KOSPI,,4120,-5,-0.12,4150,4155,4105,200694,827884375,822337893120,199596576
20211207,003475,유안타증권우,KOSPI,,4195,0,0.00,4200,4210,4155,5040,21079370,54166729340,12912212
20211207,072130,유엔젤,KOSPI,,5100,-100,-1.92,5170,5230,5060,267522,1370979460,67296815400,13195454
20211207,000220,유유제약,KOSPI,,8220,600,7.87,7970,9370,7960,14889066,128426967150,141649925220,17232351
20211207,000225,유유제약1우,KOSPI,,11800,1910,19.31,10450,12750,10450,1192926,14373286200,26749774000,2266930
20211207,000227,유유제약2우B,KOSPI,,26350,6050,29.80,22350,26350,22350,49265,1265565700,8578506000,325560
20211207,001200,유진투자증권,KOSPI,,3750,0,0.00,3765,3765,3730,132244,495157625,363249067500,96866418
20211207,000100,유한양행,KOSPI,,62000,1900,3.16,61200,62200,60300,312336,19149154900,4338323458000,69972959
20211207,000105,유한양행우,KOSPI,,59100,800,1.37,59200,59200,58700,540,31830600,69793554000,1180940
20211207,003460,유화증권,KOSPI,,2800,30,1.08,2760,2805,2760,43472,121397270,158766762000,56702415
20211207,003465,유화증권우,KOSPI,,2770,0,0.00,2770,2800,2770,657,1822170,48409697250,17476425
20211207,008730,율촌화학,KOSPI,,24150,-250,-1.02,24300,24600,24100,95936,2328851900,598920000000,24800000
20211207,008250,이건산업,KOSPI,,11700,100,0.86,11700,11750,11550,79859,929957150,128145829500,10952635
20211207,025820,이구산업,KOSPI,,3425,5,0.15,3445,3445,3365,136471,464394120,114538850000,33442000
20211207,214320,이노션,KOSPI,,54900,1700,3.20,53700,55100,53400,144811,7901557700,1098000000000,20000000
20211207,088260,이리츠코크렙,KOSPI,,6010,0,0.00,6010,6040,5980,39496,236771790,380682955900,63341590
20211207,139480,이마트,KOSPI,,151000,1500,1.00,150500,151000,148500,74263,11145500000,4209248669000,27875819
20211207,007660,이수페타시스,KOSPI,,5060,-70,-1.36,5180,5180,4990,1169863,5910883155,320026880140,63246419
20211207,005950,이수화학,KOSPI,,16400,-100,-0.61,16450,16850,16150,606232,9994883850,458536521600,27959544
20211207,015020,이스타코,KOSPI,,3010,15,0.50,2995,3025,2960,451045,1350516325,128983316000,42851600
20211207,093230,이아이디,KOSPI,,307,0,0.00,305,311,305,8058056,2479595001,288802545835,940724905
20211207,074610,이엔플러스,KOSPI,,3105,45,1.47,3030,3130,3030,93070,287602225,159451515225,51353145
20211207,102460,이연제약,KOSPI,,38450,-50,-0.13,38350,41650,38100,325995,12850211600,692045285650,17998577
20211207,084680,이월드,KOSPI,,2115,15,0.71,2095,2160,2090,203930,431252375,299920098195,141806193
20211207,350520,이지스레지던스리츠,KOSPI,,5300,10,0.19,5280,5310,5260,22746,120101260,109180000000,20600000
20211207,334890,이지스밸류리츠,KOSPI,,5760,-40,-0.69,5800,5800,5730,36954,213010360,138240000000,24000000
20211207,000760,이화산업,KOSPI,,15650,150,0.97,15500,15800,15500,1582,24711350,43820000000,2800000
20211207,014990,인디에프,KOSPI,,1355,-5,-0.37,1380,1380,1325,160870,215631755,79854208225,58932995
20211207,101140,인바이오젠,KOSPI,,4080,-45,-1.09,4135,4250,3995,2132684,8783112645,210370499760,51561397
20211207,006490,인스코비,KOSPI,,3315,0,0.00,3315,3370,3280,470405,1557677785,364146451500,109848100
20211207,023800,인지컨트롤스,KOSPI,,13950,-200,-1.41,14150,14300,13850,75054,1049531050,211483785600,15160128
20211207,034590,인천도시가스,KOSPI,,27650,150,0.55,27600,27850,27350,1650,45597700,120961948100,4374754
20211207,129260,인터지스,KOSPI,,3510,35,1.01,3485,3540,3465,109255,381739975,104415037740,29747874
20211207,023810,인팩,KOSPI,,11750,150,1.29,11500,11900,11500,46569,544308350,117500000000,10000000
20211207,249420,일동제약,KOSPI,,21550,4950,29.82,16700,21550,16500,11206818,228014177650,512960791750,23803285
20211207,000230,일동홀딩스,KOSPI,,15800,1800,12.86,14250,16000,13850,1159878,17659926400,182338320000,11540400
20211207,013360,일성건설,KOSPI,,6110,130,2.17,5980,6110,5790,2266850,13505884130,330092016800,54024880
20211207,003120,일성신약,KOSPI,,73000,0,0.00,73000,73200,72700,531,38775300,194180000000,2660000
20211207,003200,일신방직,KOSPI,,103000,2000,1.98,101500,103000,101000,2888,294223500,247200000000,2400000
20211207,007110,일신석재,KOSPI,,2205,-40,-1.78,2220,2265,2195,613185,1358988400,170791825050,77456610
20211207,007570,일양약품,KOSPI,,30400,1850,6.48,28650,30450,28650,360263,10773515450,580204185600,19085664
20211207,007575,일양약품우,KOSPI,,30500,1650,5.72,28850,30500,28850,6273,186028800,13574940000,445080
20211207,008500,일정실업,KOSPI,,25850,550,2.17,25700,25850,24000,12034,299928250,31020000000,1200000
20211207,081000,일진다이아,KOSPI,,32800,-150,-0.46,33400,33400,32400,81733,2667019550,465857580000,14202975
20211207,020760,일진디스플,KOSPI,,2970,130,4.58,2920,2970,2850,114808,333224915,102370809420,34468286
20211207,020150,일진머티리얼즈,KOSPI,,123000,500,0.41,123500,126500,120000,328275,40148147500,5671632705000,46110835
20211207,103590,일진전기,KOSPI,,4935,35,0.71,4915,4965,4875,75158,369510865,182991724650,37080390
20211207,271940,일진하이솔루스,KOSPI,,54900,-100,-0.18,55400,55700,53600,235834,12886325600,1993594131000,36313190
20211207,015860,일진홀딩스,KOSPI,,5440,0,0.00,5450,5500,5390,83893,455473700,268450307520,49347483
20211207,226320,잇츠한불,KOSPI,,18450,150,0.82,18400,18550,18100,19799,362177950,404595861750,21929315
20211207,317400,자이에스앤디,KOSPI,,9440,-20,-0.21,9460,9510,9290,91110,853300990,366106988800,38782520
20211207,033240,자화전자,KOSPI,,21450,850,4.13,21000,21850,20650,886513,18994973150,383955000000,17900000
20211207,000950,전방,KOSPI,,39050,550,1.43,38500,39050,38400,703,27266850,65604000000,1680000
20211207,348950,제이알글로벌리츠,KOSPI,,5370,10,0.19,5360,5370,5350,563731,3019346880,889272000000,165600000
20211207,194370,제이에스코퍼레이션,KOSPI,,21300,800,3.90,20900,21800,20400,133006,2810140000,284048301300,13335601
20211207,025620,제이준코스메틱,KOSPI,,957,11,1.16,946,973,940,251041,240095691,71222432028,74422604
20211207,036420,제이콘텐트리,KOSPI,,51900,3650,7.56,48800,53000,48800,708037,36266132450,915559907400,17640846
20211207,030000,제일기획,KOSPI,,22800,500,2.24,22300,22850,22300,221408,5021044450,2622939930000,115041225
20211207,271980,제일약품,KOSPI,,31400,1000,3.29,30200,33650,30200,138116,4407838600,461732980800,14704872
20211207,001560,제일연마,KOSPI,,8660,-220,-2.48,8900,8900,8660,11343,99754600,86600000000,10000000
20211207,002620,제일파마홀딩스,KOSPI,,15500,350,2.31,15100,16200,15100,22142,346589500,247587002500,15973355
20211207,006220,제주은행,KOSPI,,5400,50,0.93,5490,5490,5350,43642,235357840,173495379600,32128774
20211207,089590,제주항공,KOSPI,,17250,250,1.47,17350,17550,17000,260598,4497081000,858354273000,49759668
20211207,004910,조광페인트,KOSPI,,8210,-40,-0.48,8280,8280,8120,18630,153102590,105088000000,12800000
20211207,004700,조광피혁,KOSPI,,53400,0,0.00,53500,53700,52900,1018,54361500,355063969200,6649138
20211207,001550,조비,KOSPI,,20700,-50,-0.24,20750,21000,20500,19363,400025900,107479347300,5192239
20211207,000480,조선내화,KOSPI,,83000,-800,-0.95,82900,84700,82800,1901,158350400,332000000000,4000000
20211207,120030,조선선재,KOSPI,,105500,1500,1.44,105000,105500,103500,2175,227401500,132682180500,1257651
20211207,018470,조일알미늄,KOSPI,,2090,0,0.00,2075,2155,2065,1599419,3361742450,214500296890,102631721
20211207,002600,조흥,KOSPI,,193500,500,0.26,193000,193500,191500,62,11963000,116100000000,600000
20211207,185750,종근당,KOSPI,,114500,3000,2.69,112000,115000,111000,35956,4081562000,1308288335500,11426099
20211207,063160,종근당바이오,KOSPI,,38600,600,1.58,38050,39050,37700,14917,572732150,211758133200,5485962
20211207,001630,종근당홀딩스,KOSPI,,75000,200,0.27,74900,75000,73900,2315,172638500,375739575000,5009861
20211207,044380,주연테크,KOSPI,,1555,35,2.30,1525,1590,1495,34813106,53526899650,84921798395,54612089
20211207,013890,지누스,KOSPI,,80400,2700,3.47,78800,80400,77500,72738,5738137800,1270356180000,15800450
20211207,013870,지엠비코리아,KOSPI,,5730,10,0.17,5730,5780,5640,64825,369227280,109284164400,19072280
20211207,071320,지역난방공사,KOSPI,,37850,50,0.13,37800,37950,37700,1988,75188900,438255460400,11578744
20211207,010580,지코,KOSPI,,1530,0,0.00,0,0,0,0,0,100210979160,65497372
20211207,035000,지투알,KOSPI,,6800,50,0.74,6750,6840,6750,31522,214022020,112658381200,16567409
20211207,088790,진도,KOSPI,,2935,35,1.21,2900,2950,2900,29757,86705510,36534128640,12447744
20211207,003780,진양산업,KOSPI,,8040,10,0.12,8090,8300,7980,129902,1051423800,104520000000,13000000
20211207,010640,진양폴리,KOSPI,,4740,105,2.27,4680,4820,4660,69669,330318855,47400000000,10000000
20211207,100250,진양홀딩스,KOSPI,,3625,5,0.14,3620,3675,3430,211180,760194790,202620433500,55895292
20211207,051630,진양화학,KOSPI,,4670,70,1.52,4560,4875,4560,43147,202062305,56040000000,12000000
20211207,272450,진에어,KOSPI,,17400,400,2.35,17550,17650,17250,222255,3869043650,908280000000,52200000
20211207,011000,진원생명과학,KOSPI,,21550,-1200,-5.27,22750,22750,21050,1041761,22548091850,974307997400,45211508
20211207,002780,진흥기업,KOSPI,,2125,30,1.43,2080,2130,2080,675592,1424424590,309127458125,145471745
20211207,002787,진흥기업2우B,KOSPI,,14600,200,1.39,14300,14600,14300,1401,20107150,4304196800,294808
20211207,002785,진흥기업우B,KOSPI,,5930,10,0.17,6020,6020,5920,454,2700000,5083302740,857218
20211207,009310,참엔지니어링,KOSPI,,1205,20,1.69,1190,1225,1175,277430,333946750,66911919620,55528564
20211207,000650,천일고속,KOSPI,,64900,100,0.15,64500,65200,64000,242,15584000,92756378000,1429220
20211207,033250,체시스,KOSPI,,1275,5,0.39,1270,1285,1260,48997,62172845,40800000000,32000000
20211207,035720,카카오,KOSPI,,120500,-500,-0.41,121500,122000,120000,1218740,147147158500,53706638643000,445698246
20211207,323410,카카오뱅크,KOSPI,,67500,1800,2.74,65900,67900,65800,1111423,74473706900,32073248497500,475159237
20211207,377300,카카오페이,KOSPI,,194500,-7000,-3.47,201500,204000,193500,507608,99775240000,25356405812500,130367125
20211207,006380,카프로,KOSPI,,3830,45,1.19,3790,3870,3785,146922,561606495,153200000000,40000000
20211207,109070,컨버즈,KOSPI,,4100,0,0.00,0,0,0,0,0,71952027500,17549275
20211207,001620,케이비아이동국실업,KOSPI,,824,17,2.11,807,824,807,176893,143600483,71867613048,87217977
20211207,029460,케이씨,KOSPI,,22150,-50,-0.23,22200,22350,21900,21567,476921400,300222074600,13554044
20211207,281820,케이씨텍,KOSPI,,25050,-200,-0.79,25450,25700,24700,83353,2084954000,522581977800,20861556
20211207,381970,케이카,KOSPI,,36650,700,1.95,35750,39400,35000,3930184,146877496200,1762371434450,48086533
20211207,145270,케이탑리츠,KOSPI,,1450,5,0.35,1435,1450,1430,118388,170481525,67024984150,46224127
20211207,357120,코람코에너지리츠,KOSPI,,6400,0,0.00,6380,6400,6300,59380,377947390,445568000000,69620000
20211207,007815,코리아써우,KOSPI,,7820,-210,-2.62,8030,8030,7720,26164,204920360,23183875800,2964690
20211207,007810,코리아써키트,KOSPI,,23100,-2300,-9.06,25500,25550,23000,1851166,44157303850,545639348100,23620751
20211207,00781K,코리아써키트2우B,KOSPI,,9490,-160,-1.66,9770,9770,9390,2216,20986000,7437303510,783699
20211207,003690,코리안리,KOSPI,,9530,150,1.60,9500,9640,9440,183622,1750097400,1147117675480,120369116
20211207,192820,코스맥스,KOSPI,,105500,4500,4.46,102500,107000,101000,201053,21155034500,1197373199500,11349509
20211207,044820,코스맥스비티아이,KOSPI,,14150,250,1.80,13950,14300,13900,16413,230261100,135895482150,9603921
20211207,005070,코스모신소재,KOSPI,,45900,400,0.88,45100,46800,45100,556074,25650842150,1380988205100,30086889
20211207,005420,코스모화학,KOSPI,,14600,200,1.39,14500,15150,14500,388636,5730561750,406758292200,27860157
20211207,071950,코아스,KOSPI,,1115,20,1.83,1100,1115,1085,106829,117273840,34461539150,30907210
20211207,002020,코오롱,KOSPI,,32200,-350,-1.08,32550,32550,31750,61143,1963457800,406570917200,12626426
20211207,003070,코오롱글로벌,KOSPI,,23300,550,2.42,23000,23400,22650,48301,1112828100,587403205400,25210438
20211207,003075,코오롱글로벌우,KOSPI,,29900,450,1.53,29300,29900,29150,1234,36412650,9352809700,312803
20211207,002025,코오롱우,KOSPI,,20950,150,0.72,20650,20950,20450,4399,91004850,22550370500,1076390
20211207,120110,코오롱인더,KOSPI,,79200,800,1.02,80000,80400,77300,320818,25271816700,2179512007200,27519091
20211207,120115,코오롱인더우,KOSPI,,36950,650,1.79,36650,37250,36400,10044,368565450,102272427000,2767860
20211207,138490,코오롱플라스틱,KOSPI,,13000,-250,-1.89,13450,13700,12750,634950,8347577600,494000000000,38000000
20211207,021240,코웨이,KOSPI,,77200,2200,2.93,75000,77200,75000,150806,11513614300,5697330586800,73799619
20211207,031820,콤텍시스템,KOSPI,,908,0,0.00,909,916,903,477350,433630312,109914731128,121051466
20211207,192400,쿠쿠홀딩스,KOSPI,,18800,250,1.35,18550,18850,18450,34144,637282050,668569078000,35562185
20211207,284740,쿠쿠홈시스,KOSPI,,39000,1000,2.63,38050,39050,37850,54800,2104387150,875055870000,22437330
20211207,015590,큐로,KOSPI,,493,-5,-1.00,492,505,485,1077933,529117920,113987337534,231211638
20211207,264900,크라운제과,KOSPI,,9300,-60,-0.64,9400,9400,9250,22159,206043000,116471805000,12523850
20211207,26490K,크라운제과우,KOSPI,,14100,-100,-0.70,14500,14500,13700,6943,96828600,10907196000,773560
20211207,005740,크라운해태홀딩스,KOSPI,,8510,30,0.35,8540,8540,8270,10628,88819650,126350922970,14847347
20211207,005745,크라운해태홀딩스우,KOSPI,,12950,50,0.39,12850,12950,12650,1470,18801200,7779401700,600726
20211207,259960,크래프톤,KOSPI,,465000,-7500,-1.59,473500,478000,455500,321250,148519320388,22764793425000,48956545
20211207,020120,키다리스튜디오,KOSPI,,16200,300,1.89,15950,16500,15900,120820,1958362750,539408678400,33296832
20211207,039490,키움증권,KOSPI,,108000,500,0.47,107500,108500,106500,46518,5008270500,2831707404000,26219513
20211207,014580,태경비케이,KOSPI,,5000,-20,-0.40,5000,5060,4980,169597,848481135,137915500000,27583100
20211207,015890,태경산업,KOSPI,,7110,150,2.16,7060,7190,7010,461542,3283995820,207816412500,29228750
20211207,006890,태경케미컬,KOSPI,,12650,250,2.02,12500,12700,12350,50486,634757100,146740000000,11600000
20211207,003240,태광산업,KOSPI,,980000,3000,0.31,974000,988000,970000,419,410605000,1091132000000,1113400
20211207,011280,태림포장,KOSPI,,4410,-70,-1.56,4465,4475,4350,336517,1477840980,312254195400,70805940
20211207,004100,태양금속,KOSPI,,1375,15,1.10,1350,1400,1350,120674,164717145,50462500000,36700000
20211207,004105,태양금속우,KOSPI,,2500,35,1.42,2465,2540,2465,9352,23186570,8250000000,3300000
20211207,009410,태영건설,KOSPI,,10500,250,2.44,10350,10500,10250,55554,577417500,408440529000,38899098
20211207,009415,태영건설우,KOSPI,,12250,50,0.41,12200,12450,12100,4162,51212700,15951239500,1302142
20211207,001420,태원물산,KOSPI,,5330,-70,-1.30,5410,5420,5230,32655,172873030,40508000000,7600000
20211207,007980,태평양물산,KOSPI,,2340,-20,-0.85,2360,2365,2310,194382,452666190,112670033580,48149587
20211207,055490,테이팩스,KOSPI,,79100,-800,-1.00,81200,81300,77400,47889,3766448100,373166115000,4717650
20211207,078000,텔코웨어,KOSPI,,11050,0,0.00,11000,11050,10900,6534,71655200,107214901300,9702706
20211207,214420,토니모리,KOSPI,,5710,10,0.18,5660,5860,5650,46547,268401320,104971046910,18383721
20211207,019180,티에이치엔,KOSPI,,4130,60,1.47,4070,4195,4035,253966,1046352945,74340000000,18000000
20211207,363280,티와이홀딩스,KOSPI,,26800,250,0.94,26550,26950,26300,66475,1780493650,1076599282000,40171615
20211207,36328K,티와이홀딩스우,KOSPI,,23450,-200,-0.85,23550,23650,22750,2905,67905050,29437676100,1255338
20211207,091810,티웨이항공,KOSPI,,3115,55,1.80,3185,3195,3075,404048,1260130395,343678819085,110330279
20211207,004870,티웨이홀딩스,KOSPI,,885,-9,-1.01,902,915,876,338676,299578541,68562867795,77472167
20211207,005690,파미셀,KOSPI,,12900,100,0.78,12850,13000,12750,399893,5150366850,773470455000,59958950
20211207,036580,팜스코,KOSPI,,6050,90,1.51,5950,6060,5940,38508,232216280,222204055150,36727943
20211207,004720,팜젠사이언스,KOSPI,,11000,-100,-0.90,11100,11200,10800,288419,3170886350,161842263000,14712933
20211207,028670,팬오션,KOSPI,,5680,-20,-0.35,5750,5840,5620,3151619,17975368020,3036354828160,534569512
20211207,010820,퍼스텍,KOSPI,,2075,15,0.73,2070,2115,2055,85260,177888065,99727529500,48061460
20211207,016800,퍼시스,KOSPI,,38000,-1100,-2.81,38800,38900,37750,4441,169244850,437000000000,11500000
20211207,001020,페이퍼코리아,KOSPI,,1620,5,0.31,1615,1670,1595,68958,111682595,66258257580,40900159
20211207,090080,평화산업,KOSPI,,1780,25,1.42,1755,1805,1730,312172,551534455,97726021020,54902259
20211207,010770,평화홀딩스,KOSPI,,4650,30,0.65,4640,4690,4575,11856,54776060,68008416900,14625466
20211207,058430,포스코강판,KOSPI,,55300,-200,-0.36,55900,56200,55000,18570,1028879400,331800000000,6000000
20211207,047050,포스코인터내셔널,KOSPI,,20650,200,0.98,20450,20850,20200,485220,9965489500,2547696826850,123375149
20211207,003670,포스코케미칼,KOSPI,,146500,-1500,-1.01,148500,149500,145000,349578,51287419000,11348361730000,77463220
20211207,007630,폴루스바이오팜,KOSPI,,1225,0,0.00,0,0,0,0,0,55134426375,45007695
20211207,017810,풀무원,KOSPI,,16750,150,0.90,16700,16750,16550,22569,375979350,638519078500,38120542
20211207,103140,풍산,KOSPI,,30900,350,1.15,30800,31350,30650,81092,2509623850,865950190200,28024278
20211207,005810,풍산홀딩스,KOSPI,,29150,350,1.22,29250,29300,28700,25158,730686350,303437741200,10409528
20211207,950210,프레스티지바이오파마,KOSPI,,22750,200,0.89,22550,23150,22050,195105,4402671650,1367187526250,60096155
20211207,009810,플레이그램,KOSPI,,2355,30,1.29,2305,2525,2150,3335706,7641655055,211283690430,89717066
20211207,086790,하나금융지주,KOSPI,,43000,400,0.94,42600,43000,42100,698015,29799659800,12910408666000,300242062
20211207,293480,하나제약,KOSPI,,19400,150,0.78,19150,19600,19150,17050,329646600,344795152400,17772946
20211207,039130,하나투어,KOSPI,,78300,4800,6.53,76000,78400,75300,371548,28718101700,1091438185500,13939185
20211207,172580,하이골드12호,KOSPI,,2765,0,0.00,2765,2770,2765,139510,386351850,36068042500,13044500
20211207,153360,하이골드3호,KOSPI,,2600,5,0.19,2620,2620,2600,172,447745,41989454000,16149790
20211207,352820,하이브,KOSPI,,339500,4500,1.34,340000,344500,336000,215082,73106204000,13257752371500,39050817
20211207,071090,하이스틸,KOSPI,,2810,0,0.00,2820,2855,2785,63711,179594730,56198426400,19999440
20211207,019490,하이트론,KOSPI,,4930,-35,-0.70,5010,5090,4880,89632,442579200,36094225920,7321344
20211207,000080,하이트진로,KOSPI,,31200,600,1.96,30800,31200,30550,154998,4794930150,2188168663200,70133611
20211207,000087,하이트진로2우B,KOSPI,,19550,150,0.77,19350,19550,19200,1234,23968700,22094197900,1130138
20211207,000140,하이트진로홀딩스,KOSPI,,12600,150,1.20,12500,12850,12450,20543,258463250,292405239000,23206765
20211207,000145,하이트진로홀딩스우,KOSPI,,15850,600,3.93,15800,15850,15500,206,3251650,7462338500,470810
20211207,152550,한국ANKOR유전,KOSPI,,1595,0,0.00,1590,1600,1590,53214,85096740,111681900000,70020000
20211207,036460,한국가스공사,KOSPI,,37700,-200,-0.53,37900,38100,37550,178455,6729939800,3480200100000,92313000
20211207,005430,한국공항,KOSPI,,41900,-50,-0.12,42750,43400,41650,6995,294784200,132670274500,3166355
20211207,071050,한국금융지주,KOSPI,,82800,300,0.36,82600,83200,81600,132674,10959076500,4614112137600,55725992
20211207,071055,한국금융지주우,KOSPI,,68000,100,0.15,68000,68300,67300,14076,955075300,398361068000,5858251
20211207,010040,한국내화,KOSPI,,3530,45,1.29,3470,3550,3470,39317,137965710,144966728860,41067062
20211207,025540,한국단자,KOSPI,,68900,-1100,-1.57,69500,70300,68100,20817,1432816100,717593500000,10415000
20211207,004090,한국석유,KOSPI,,11200,-50,-0.44,11300,11500,11000,31223,348467800,142174144000,12694120
20211207,002200,한국수출포장,KOSPI,,25550,0,0.00,25500,25800,25500,6626,169282000,102200000000,4000000
20211207,002960,한국쉘석유,KOSPI,,276500,500,0.18,275500,277000,275500,738,203641500,359450000000,1300000
20211207,000240,한국앤컴퍼니,KOSPI,,16200,100,0.62,16250,16350,16050,66979,1084867800,1537950888000,94935240
20211207,123890,한국자산신탁,KOSPI,,4185,55,1.33,4130,4190,4130,100330,418183445,518846892120,123977752
20211207,015760,한국전력,KOSPI,,21900,250,1.15,21700,22000,21600,943397,20593932850,14059013286300,641964077
20211207,006200,한국전자홀딩스,KOSPI,,2565,310,13.75,2290,2715,2250,18511635,47170135370,120050043840,46803136
20211207,009540,한국조선해양,KOSPI,,97600,2500,2.63,95400,98000,95000,220904,21415047600,6907456121600,70773116
20211207,023350,한국종합기술,KOSPI,,6780,-10,-0.15,6790,6850,6740,14704,99983820,74241000000,10950000
20211207,025890,한국주강,KOSPI,,7680,220,2.95,7350,7880,7250,445168,3395047850,86855109120,11309259
20211207,000970,한국주철관,KOSPI,,8940,120,1.36,8820,8970,8770,49899,442587420,203836470000,22800500
20211207,104700,한국철강,KOSPI,,7780,90,1.17,7700,7860,7570,128908,989821440,358269000000,46050000
20211207,017960,한국카본,KOSPI,,10400,150,1.46,10350,10400,10250,253682,2619696750,457191872800,43960757
20211207,161890,한국콜마,KOSPI,,41150,1150,2.88,40050,41650,39900,152650,6266706350,941560557000,22881180
20211207,024720,한국콜마홀딩스,KOSPI,,20000,250,1.27,19750,20300,19750,28034,560443100,371534380000,18576719
20211207,161390,한국타이어앤테크놀로지,KOSPI,,42000,1150,2.82,40300,42000,39600,215404,8858564300,5202752898000,123875069
20211207,034830,한국토지신탁,KOSPI,,2635,75,2.93,2585,2825,2575,15805120,43046280390,665309121050,252489230
20211207,007280,한국특강,KOSPI,,2945,0,0.00,2935,2965,2910,56931,167161600,156799091820,53242476
20211207,168490,한국패러랠,KOSPI,,2130,0,0.00,2125,2130,2125,23539,50056935,170442600000,80020000
20211207,010100,한국프랜지,KOSPI,,2655,-5,-0.19,2670,2690,2640,50868,135020300,80845865100,30450420
20211207,047810,한국항공우주,KOSPI,,29000,350,1.22,28800,29200,28550,294064,8474442800,2826778103000,97475107
20211207,123690,한국화장품,KOSPI,,8940,140,1.59,9080,9080,8830,12274,109827090,143647920000,16068000
20211207,003350,한국화장품제조,KOSPI,,26500,200,0.76,26850,26900,26050,8903,234940100,120098000000,4532000
20211207,011500,한농화성,KOSPI,,16250,50,0.31,16400,16450,16100,168273,2737914300,254101932500,15637042
20211207,002390,한독,KOSPI,,22550,450,2.04,22050,22550,21850,38658,860667450,310367669150,13763533
20211207,014790,한라,KOSPI,,5390,100,1.89,5290,5410,5230,132862,710651700,204057859390,37858601
20211207,060980,한라홀딩스,KOSPI,,46000,450,0.99,45600,46250,45150,20832,951029950,481715220000,10472070
20211207,053690,한미글로벌,KOSPI,,11700,450,4.00,11250,11850,11250,151508,1770541950,128203335000,10957550
20211207,042700,한미반도체,KOSPI,,37650,0,0.00,37900,38000,37050,509717,19140934650,1862164369050,49459877
20211207,008930,한미사이언스,KOSPI,,54200,900,1.69,54200,55600,53300,71645,3890352300,3647909916200,67304611
20211207,128940,한미약품,KOSPI,,276500,11500,4.34,273000,278500,264500,81241,22016043500,3339644973000,12078282
20211207,009240,한샘,KOSPI,,91000,100,0.11,91200,92300,90700,81198,7410476000,2141587448000,23533928
20211207,020000,한섬,KOSPI,,37600,1600,4.44,36150,37750,36100,85554,3169055000,926088000000,24630000
20211207,003680,한성기업,KOSPI,,6070,30,0.50,6040,6120,6040,8745,53242530,37691756050,6209515
20211207,105630,한세실업,KOSPI,,22450,1850,8.98,20850,23100,20700,909193,20284299550,898000000000,40000000
20211207,069640,한세엠케이,KOSPI,,4400,180,4.27,4220,4450,4190,29318,125245030,56801016800,12909322
20211207,016450,한세예스24홀딩스,KOSPI,,7400,120,1.65,7280,7450,7240,27781,204323430,296000000000,40000000
20211207,010420,한솔PNS,KOSPI,,1975,-15,-0.75,1990,2035,1945,108287,213946275,40473698700,20493012
20211207,009180,한솔로지스틱스,KOSPI,,3980,50,1.27,3915,4020,3915,420055,1670648705,109360151500,27477425
20211207,213500,한솔제지,KOSPI,,13650,50,0.37,13600,13700,13500,27633,375822700,324877862400,23800576
20211207,014680,한솔케미칼,KOSPI,,310000,-3500,-1.12,312000,312000,307500,41061,12704492500,3513910450000,11335195
20211207,004710,한솔테크닉스,KOSPI,,7400,-110,-1.46,7520,7610,7390,999265,7460386290,237613097200,32109878
20211207,004150,한솔홀딩스,KOSPI,,3545,20,0.57,3565,3595,3500,70104,247569570,148920405465,42008577
20211207,025750,한솔홈데코,KOSPI,,1665,0,0.00,1675,1680,1645,660499,1098723280,134140973085,80565149
20211207,004960,한신공영,KOSPI,,16700,200,1.21,16650,16900,16450,39142,653262500,193230723400,11570702
20211207,011700,한신기계,KOSPI,,3840,40,1.05,3820,3870,3765,873001,3341029975,124593219840,32446151
20211207,001750,한양증권,KOSPI,,15750,100,0.64,15700,16000,15650,41806,662026850,200474410500,12728534
20211207,001755,한양증권우,KOSPI,,19850,300,1.53,19750,19850,19250,1380,26986800,10421250000,525000
20211207,018880,한온시스템,KOSPI,,13950,100,0.72,13900,14050,13650,764594,10578611350,7446510000000,533800000
20211207,009420,한올바이오파마,KOSPI,,20350,600,3.04,19800,20450,19600,225844,4555047900,1063096983300,52240638
20211207,014130,한익스프레스,KOSPI,,5970,330,5.85,5640,6100,5610,140570,824721350,71640000000,12000000
20211207,300720,한일시멘트,KOSPI,,21000,-200,-0.94,21200,21550,20950,191427,4065163900,1454492340000,69261540
20211207,002220,한일철강,KOSPI,,2755,0,0.00,2765,2810,2745,33869,93867485,73551502300,26697460
20211207,006390,한일현대시멘트,KOSPI,,33100,850,2.64,32050,33200,32050,20078,660696500,588337108500,17774535
20211207,003300,한일홀딩스,KOSPI,,13150,100,0.77,13100,13350,13100,15848,209787250,378927507000,28815780
20211207,051600,한전KPS,KOSPI,,40200,150,0.37,40550,40550,39900,85440,3433148050,1809000000000,45000000
20211207,052690,한전기술,KOSPI,,90200,-2000,-2.17,92900,93700,90200,445732,40780554200,3447444000000,38220000
20211207,130660,한전산업,KOSPI,,12900,-100,-0.77,13200,13250,12800,347759,4517608700,420540000000,32600000
20211207,002320,한진,KOSPI,,29500,-450,-1.50,30000,30250,29150,110919,3259683400,440955026000,14947628
20211207,097230,한진중공업,KOSPI,,8190,-190,-2.27,8490,8490,8150,31085,255896640,682016361390,83274281
20211207,003480,한진중공업홀딩스,KOSPI,,3960,55,1.41,3965,3980,3900,21185,83555630,116938055520,29529812
20211207,180640,한진칼,KOSPI,,61300,1800,3.03,59700,62300,59200,146198,8949720000,4091092914900,66738873
20211207,18064K,한진칼우,KOSPI,,35300,1800,5.37,33700,35300,33500,4059,141220850,18947839800,536766
20211207,005110,한창,KOSPI,,1175,-10,-0.84,1160,1205,1160,1212663,1436986600,78478566075,66790269
20211207,009460,한창제지,KOSPI,,2050,-5,-0.24,2055,2065,2040,178296,366036910,122318346300,59667486
20211207,372910,한컴라이프케어,KOSPI,,7860,0,0.00,7930,8020,7850,136019,1074882940,217520831160,27674406
20211207,000880,한화,KOSPI,,32000,100,0.31,31850,32100,31650,188420,6009851850,2398679520000,74958735
20211207,00088K,한화3우B,KOSPI,,16400,50,0.31,16400,16400,16200,40287,656169000,368540800000,22472000
20211207,088350,한화생명,KOSPI,,3005,35,1.18,2985,3020,2960,1288873,3863713645,2609932650000,868530000
20211207,000370,한화손해보험,KOSPI,,3765,50,1.35,3720,3765,3690,248819,926157545,439522014975,116738915
20211207,009830,한화솔루션,KOSPI,,36150,200,0.56,36250,36250,35600,497947,17904889150,6914717666550,191278497
20211207,009835,한화솔루션우,KOSPI,,35900,-300,-0.83,36050,36600,35600,2259,81171450,40342158300,1123737
20211207,272210,한화시스템,KOSPI,,14800,50,0.34,14800,14900,14600,338531,5001950700,2796006957200,188919389
20211207,012450,한화에어로스페이스,KOSPI,,44800,700,1.59,44350,44900,43900,308462,13711499950,2268224000000,50630000
20211207,000885,한화우,KOSPI,,35000,500,1.45,35200,35200,34850,576,20173500,16775290000,479294
20211207,003530,한화투자증권,KOSPI,,5600,170,3.13,5510,5690,5460,3528154,19769199060,1201467540000,214547775
20211207,003535,한화투자증권우,KOSPI,,13150,250,1.94,13000,13150,12800,31302,406681500,63120000000,4800000
20211207,195870,해성디에스,KOSPI,,46500,-450,-0.96,47300,47650,46300,131567,6145024050,790500000000,17000000
20211207,101530,해태제과식품,KOSPI,,7990,10,0.13,7900,7990,7880,5090,40417040,232643407780,29116822
20211207,143210,핸즈코퍼레이션,KOSPI,,4940,0,0.00,4940,4975,4850,6284,30903910,108004543920,21863268
20211207,000720,현대건설,KOSPI,,50800,2300,4.74,49100,50800,48900,837013,41961969500,5656872862000,111355765
20211207,267270,현대건설기계,KOSPI,,40050,800,2.04,39600,40650,39200,64558,2587557850,789016759650,19700793
20211207,000725,현대건설우,KOSPI,,77400,2300,3.06,76100,77800,76100,13668,1054174100,81633238200,1054693
20211207,005440,현대그린푸드,KOSPI,,8350,80,0.97,8340,8380,8250,193903,1609058400,815832424700,97704482
20211207,086280,현대글로비스,KOSPI,,157000,1000,0.64,156500,158500,155500,60908,9563041000,5887500000000,37500000
20211207,042670,현대두산인프라코어,KOSPI,,7010,-60,-0.85,7090,7200,7010,2391987,16945143130,577104544980,82325898
20211207,064350,현대로템,KOSPI,,20900,300,1.46,20700,21050,20450,535076,11098239700,2281073923700,109142293
20211207,079430,현대리바트,KOSPI,,15000,150,1.01,14750,15100,14750,29530,441321000,308029230000,20535282
20211207,012330,현대모비스,KOSPI,,243000,4000,1.67,238500,243000,238000,163107,39320748000,22981261842000,94573094
20211207,010620,현대미포조선,KOSPI,,74100,1000,1.37,73600,75300,72600,225169,16616158100,2959713240900,39942149
20211207,069960,현대백화점,KOSPI,,73700,500,0.68,74100,74100,73200,69434,5119028800,1724759901700,23402441
20211207,004560,현대비앤지스틸,KOSPI,,15550,50,0.32,15400,15700,15350,31269,483801050,234475511050,15078811
20211207,004565,현대비앤지스틸우,KOSPI,,74000,-900,-1.20,74800,74900,74000,422,31398000,8129048000,109852
20211207,004310,현대약품,KOSPI,,5500,320,6.18,5200,5550,5180,508324,2743146660,176000000000,32000000
20211207,322000,현대에너지솔루션,KOSPI,,20400,100,0.49,20400,20500,20050,12508,253511300,228480000000,11200000
20211207,017800,현대엘리베이,KOSPI,,42100,500,1.20,41650,42200,41550,157119,6570293400,1718319541100,40815191
20211207,307950,현대오토에버,KOSPI,,114000,-2000,-1.72,116000,116000,113000,48430,5527222000,3126333948000,27423982
20211207,011210,현대위아,KOSPI,,76000,200,0.26,75900,76300,74800,105515,7981838600,2066826308000,27195083
20211207,267260,현대일렉트릭,KOSPI,,22850,-200,-0.87,23100,23300,22750,119123,2740286700,823677034750,36047135
20211207,004020,현대제철,KOSPI,,42350,900,2.17,41950,42550,41500,731301,30818108700,5651428994750,133445785
20211207,329180,현대중공업,KOSPI,,110000,-2500,-2.22,113000,114500,109500,188247,20958200000,9765042760000,88773116
20211207,267250,현대중공업지주,KOSPI,,57500,1000,1.77,56700,57600,56600,128726,7344975100,4542102387500,78993085
20211207,005380,현대차,KOSPI,,207500,1000,0.48,206000,208000,204000,501624,103518135500,44336148802500,213668187
20211207,005387,현대차2우B,KOSPI,,100000,400,0.40,99900,101500,99300,74364,7438795700,3648545100000,36485451
20211207,005389,현대차3우B,KOSPI,,93800,100,0.11,93700,94100,93200,3305,309977000,227815343000,2428735
20211207,005385,현대차우,KOSPI,,96800,500,0.52,96500,97400,96200,33420,3236364900,2357727108000,24356685
20211207,001500,현대차증권,KOSPI,,12700,0,0.00,12750,12750,12600,64876,820573600,402749537400,31712562
20211207,011760,현대코퍼레이션,KOSPI,,16450,0,0.00,16500,16600,16350,16343,269062200,217616490700,13228966
20211207,227840,현대코퍼레이션홀딩스,KOSPI,,11950,50,0.42,11850,12000,11850,8241,98321650,108754990200,9100836
20211207,126560,현대퓨처넷,KOSPI,,4315,10,0.23,4305,4345,4260,215055,921883880,487062511740,112876596
20211207,001450,현대해상,KOSPI,,24300,0,0.00,24300,24400,24100,211381,5127912600,2172420000000,89400000
20211207,057050,현대홈쇼핑,KOSPI,,63800,600,0.95,63500,64200,62700,18159,1152349500,765600000000,12000000
20211207,093240,형지엘리트,KOSPI,,3470,-5,-0.14,3440,3495,3400,251142,868840270,108107149060,31154798
20211207,003010,혜인,KOSPI,,5710,110,1.96,5650,6290,5650,1419021,8453644230,72589785370,12712747
20211207,111110,호전실업,KOSPI,,11100,400,3.74,10750,11250,10500,155110,1698873350,104667172500,9429475
20211207,008770,호텔신라,KOSPI,,77700,1700,2.24,77000,78800,77000,464050,36039699100,3049579001700,39248121
20211207,008775,호텔신라우,KOSPI,,75200,800,1.08,74900,76000,74900,4960,373486000,56541300800,751879
20211207,002460,화성산업,KOSPI,,12000,-100,-0.83,12100,12150,11900,36778,441895450,149409600000,12450800
20211207,378850,화승알앤에이,KOSPI,,5250,20,0.38,5230,5270,5170,36879,192573060,99716520750,18993623
20211207,241590,화승엔터프라이즈,KOSPI,,17500,2150,14.01,15550,17900,15250,872911,14899329500,1059989087500,60570805
20211207,006060,화승인더,KOSPI,,6140,270,4.60,5900,6160,5800,383160,2307337020,339664800000,55320000
20211207,013520,화승코퍼레이션,KOSPI,,2090,-30,-1.42,2160,2160,2090,85089,179942950,104607116680,50051252
20211207,010690,화신,KOSPI,,8110,-30,-0.37,8200,8240,8040,136423,1105001180,283204525100,34920410
20211207,133820,화인베스틸,KOSPI,,2990,35,1.18,2925,2990,2925,64889,192447835,88354500000,29550000
20211207,010660,화천기계,KOSPI,,2425,15,0.62,2420,2440,2415,24571,59649915,53350000000,22000000
20211207,000850,화천기공,KOSPI,,33900,-250,-0.73,34650,34650,33800,1560,53103050,74580000000,2200000
20211207,016580,환인제약,KOSPI,,17300,100,0.58,17300,17350,17100,30736,528684050,321781211000,18600070
20211207,032560,황금에스티,KOSPI,,8500,-10,-0.12,8480,8600,8440,38699,330119680,136000000000,16000000
20211207,004800,효성,KOSPI,,102000,1500,1.49,101500,102500,99700,69843,7074637800,2149244550000,21071025
20211207,094280,효성ITX,KOSPI,,20150,-150,-0.74,20400,20700,20100,22299,452205450,232897730000,11558200
20211207,298040,효성중공업,KOSPI,,63100,1200,1.94,61900,63200,61700,35018,2179921800,588378978800,9324548
20211207,298050,효성첨단소재,KOSPI,,716000,50000,7.51,695000,718000,678000,181109,126929440000,3207642768000,4479948
20211207,298020,효성티앤씨,KOSPI,,632000,28000,4.64,614000,634000,601000,83211,51586838000,2735095024000,4327682
20211207,298000,효성화학,KOSPI,,344500,15500,4.71,331000,351000,320000,100667,33784300000,1098998407000,3190126
20211207,093370,후성,KOSPI,,21850,-800,-3.53,22650,23100,21650,2354127,52217413200,2023458995150,92606819
20211207,081660,휠라홀딩스,KOSPI,,37200,1100,3.05,36200,37350,35800,466681,17134149800,2259982658400,60752222
20211207,005870,휴니드,KOSPI,,7160,10,0.14,7170,7260,7100,48332,346891020,101070667400,14116015
20211207,079980,휴비스,KOSPI,,8550,100,1.18,8460,8550,8420,55223,468918170,294975000000,34500000
20211207,005010,휴스틸,KOSPI,,14850,-250,-1.66,15100,15150,14850,13704,204727550,116388582750,7837615
20211207,069260,휴켐스,KOSPI,,23400,250,1.08,23300,23500,23100,184070,4292976150,956558959200,40878588
20211207,000540,흥국화재,KOSPI,,3635,-20,-0.55,3635,3690,3615,7240,26314590,233522014575,64242645
20211207,000547,흥국화재2우B,KOSPI,,26800,-150,-0.56,26700,26850,26600,171,4572700,4116480000,153600
20211207,000545,흥국화재우,KOSPI,,8270,60,0.73,8300,8300,8070,1082,8805490,6351360000,768000
20211207,003280,흥아해운,KOSPI,,2940,140,5.00,2800,2965,2800,2080107,6032941540,706849203060,240424899
20211207,060310,3S,KOSDAQ,중견기업부,3465,-30,-0.86,3495,3520,3430,191830,663728535,160330792545,46271513
20211207,054620,APS홀딩스,KOSDAQ,중견기업부,14450,-300,-2.03,14550,14850,14300,53495,777384350,294696493450,20394221
20211207,265520,AP시스템,KOSDAQ,우량기업부,24000,250,1.05,23950,24200,23350,176076,4204726000,366754104000,15281421
20211207,211270,AP위성,KOSDAQ,벤처기업부,11900,150,1.28,11750,12100,11700,43949,521227050,179479417600,15082304
20211207,032790,BNGT,KOSDAQ,관리종목(소속부없음),4075,0,0.00,0,0,0,0,0,120352455875,29534345
20211207,013720,CBI,KOSDAQ,중견기업부,4505,-195,-4.15,4795,4965,4505,3512174,16715970395,237906955175,52809535
20211207,035760,CJ ENM,KOSDAQ,우량기업부,142600,-500,-0.35,142900,143100,139700,120041,16943719700,3127097360400,21929154
20211207,051500,CJ프레시웨이,KOSDAQ,중견기업부,28500,-150,-0.52,28650,29100,28250,28138,807200450,338340201000,11871586
20211207,058820,CMG제약,KOSDAQ,우량기업부,3695,105,2.92,3565,3715,3565,968563,3556528640,513206841580,138892244
20211207,023460,CNH,KOSDAQ,벤처기업부,2615,20,0.77,2620,2645,2605,21418,56067960,97278000000,37200000
20211207,056730,CNT85,KOSDAQ,관리종목(소속부없음),1550,0,0.00,0,0,0,0,0,109591063600,70703912
20211207,056000,COWON,KOSDAQ,투자주의환기종목(소속부없음),2860,0,0.00,0,0,0,0,0,56399843500,19720225
20211207,065770,CS,KOSDAQ,벤처기업부,3510,105,3.08,3405,3545,3375,261665,911235465,68133066300,19411130
20211207,083660,CSA 코스믹,KOSDAQ,관리종목(소속부없음),1415,0,0.00,1430,1430,1380,42070,58713855,53676771310,37934114
20211207,367340,DB금융스팩8호,KOSDAQ,SPAC(소속부없음),2125,15,0.71,2140,2140,2110,2016,4266570,12856250000,6050000
20211207,367360,DB금융스팩9호,KOSDAQ,SPAC(소속부없음),2100,0,0.00,2100,2100,2085,5619,11737855,10164000000,4840000
20211207,068790,DMS,KOSDAQ,우량기업부,6510,40,0.62,6520,6570,6480,95420,621546230,159970627110,24573061
20211207,241520,DSC인베스트먼트,KOSDAQ,벤처기업부,5500,-20,-0.36,5550,5550,5440,154875,848120870,152962716500,27811403
20211207,245620,EDGC,KOSDAQ,기술성장기업부,3250,55,1.72,3225,3270,3180,600206,1934922685,272001847000,83692876
20211207,037370,EG,KOSDAQ,중견기업부,13900,-50,-0.36,14200,14400,13850,168312,2370296300,115195930300,8287477
20211207,079190,EMW,KOSDAQ,벤처기업부,1580,25,1.61,1560,1585,1535,327591,508302920,50219031260,31784197
20211207,050120,ES큐브,KOSDAQ,중견기업부,4525,-15,-0.33,4540,4580,4460,14802,66888065,61377489150,13564086
20211207,214270,FSN,KOSDAQ,중견기업부,10950,-400,-3.52,11550,11750,10750,4740530,52968774600,289657251150,26452717
20211207,130500,GH신소재,KOSDAQ,중견기업부,6810,-160,-2.30,7060,7100,6690,846486,5806192590,99051804120,14545052
20211207,900290,GRT,KOSDAQ,외국기업(소속부없음),1260,-60,-4.55,1320,1320,1255,1319366,1675337175,84892500000,67375000
20211207,083450,GST,KOSDAQ,우량기업부,37700,450,1.21,37700,37900,36450,248254,9248064950,351278986500,9317745
20211207,045890,GV,KOSDAQ,관리종목(소속부없음),240,0,0.00,0,0,0,0,0,20823884880,86766187
20211207,297890,HB솔루션,KOSDAQ,중견기업부,20050,-50,-0.25,20200,20650,19650,121468,2452305250,334640294450,16690289
20211207,078150,HB테크놀러지,KOSDAQ,우량기업부,2510,25,1.01,2485,2515,2460,573597,1426766845,198265969260,78990426
20211207,195940,HK이노엔,KOSDAQ,중견기업부,55600,4500,8.81,51400,56300,50900,1158263,61747626000,1607090144400,28904499
20211207,036640,HRS,KOSDAQ,중견기업부,7640,320,4.37,7370,7740,7200,518608,3900381530,124950672000,16354800
20211207,335870,IBKS제12호스팩,KOSDAQ,SPAC(소속부없음),2135,0,0.00,2145,2145,2115,1090,2330375,6661200000,3120000
20211207,351340,IBKS제13호스팩,KOSDAQ,SPAC(소속부없음),2120,5,0.24,2120,2120,2105,10485,22090300,10960400000,5170000
20211207,351320,IBKS제14호스팩,KOSDAQ,SPAC(소속부없음),6090,-180,-2.87,6380,6560,5750,161459,992918280,26369700000,4330000
20211207,373200,IBKS제15호스팩,KOSDAQ,SPAC(소속부없음),2410,0,0.00,2500,2500,2375,22416,54162210,8483200000,3520000
20211207,388790,IBKS제16호스팩,KOSDAQ,SPAC(소속부없음),2175,5,0.23,2180,2180,2145,33426,72107595,7416750000,3410000
20211207,095340,ISC,KOSDAQ,우량기업부,31700,-200,-0.63,32200,32250,30450,529486,16689691400,524461157200,16544516
20211207,099520,ITX-AI,KOSDAQ,관리종목(소속부없음),1285,0,0.00,0,0,0,0,0,37652662655,29301683
20211207,950170,JTC,KOSDAQ,외국기업(소속부없음),4185,20,0.48,4220,4295,4095,26301,110808105,146498088645,35005517
20211207,067290,JW신약,KOSDAQ,중견기업부,3750,145,4.02,3605,3965,3605,414992,1574263870,164763217500,43936858
20211207,035900,JYP Ent.,KOSDAQ,우량기업부,48000,1500,3.23,47200,49000,46550,841361,40419421000,1703879616000,35497492
20211207,024840,KBI메탈,KOSDAQ,우량기업부,1930,5,0.26,1910,1970,1900,133687,256806985,63595136640,32950848
20211207,024120,KB오토시스,KOSDAQ,우량기업부,6260,40,0.64,6220,6270,6190,34209,213466100,71990000000,11500000
20211207,021320,KCC건설,KOSDAQ,우량기업부,8660,-20,-0.23,8770,8810,8620,16693,145197730,185324000000,21400000
20211207,036670,KCI,KOSDAQ,우량기업부,9210,240,2.68,9030,9210,9020,33307,304470020,103796700000,11270000
20211207,044180,KD,KOSDAQ,중견기업부,1340,-15,-1.11,1355,1480,1320,415960,575154810,29096552300,21713845
20211207,151860,KG ETS,KOSDAQ,우량기업부,14800,-300,-1.99,15250,15350,14750,275708,4108721600,532800000000,36000000
20211207,046440,KG모빌리언스,KOSDAQ,우량기업부,10950,1760,19.15,9320,11250,9300,19275342,205346011360,425139969600,38825568
20211207,035600,KG이니시스,KOSDAQ,우량기업부,18600,1250,7.20,17450,18800,17400,883646,16244779250,519022472400,27904434
20211207,226360,KH E&T,KOSDAQ,벤처기업부,1320,-65,-4.69,1370,1395,1300,895756,1184114125,89534974320,67829526
20211207,111870,KH 일렉트론,KOSDAQ,중견기업부,789,-11,-1.38,810,824,787,402812,323759219,85459110855,108313195
20211207,060720,KH바텍,KOSDAQ,중견기업부,25100,1300,5.46,24200,25150,24000,888824,21996347450,594303794200,23677442
20211207,122450,KMH,KOSDAQ,중견기업부,8050,-20,-0.25,8010,8130,7970,37538,301192980,364954510200,45335964
20211207,052900,KMH하이텍,KOSDAQ,중견기업부,1575,-5,-0.32,1565,1585,1555,165589,259905015,73844660925,46885499
20211207,058400,KNN,KOSDAQ,우량기업부,1375,40,3.00,1340,1375,1315,1375916,1890890170,182090865000,132429720
20211207,114450,KPX생명과학,KOSDAQ,중견기업부,6810,220,3.34,6590,6950,6470,174197,1183276850,102150000000,15000000
20211207,060370,KT서브마린,KOSDAQ,중견기업부,5380,290,5.70,5150,5480,5100,143436,762576630,117822000000,21900000
20211207,108320,LX세미콘,KOSDAQ,우량기업부,146500,8100,5.85,139200,150000,137200,2076190,299950080034,2382719950000,16264300
20211207,160550,NEW,KOSDAQ,중견기업부,12700,150,1.20,12800,13200,12550,532692,6814496900,354407546200,27906106
20211207,053290,NE능률,KOSDAQ,중견기업부,13000,-200,-1.52,13450,13600,12900,361753,4769574850,214841991000,16526307
20211207,104200,NHN벅스,KOSDAQ,중견기업부,14350,-600,-4.01,15650,16000,14250,9152412,138225107250,212775342500,14827550
20211207,060250,NHN한국사이버결제,KOSDAQ,우량기업부,34050,1550,4.77,32450,34100,32400,232949,7822236550,834319284450,24502769
20211207,030190,NICE평가정보,KOSDAQ,우량기업부,18000,350,1.98,17650,18050,17650,87903,1569826800,1092866760000,60714820
20211207,078590,OQP,KOSDAQ,관리종목(소속부없음),2380,0,0.00,0,0,0,0,0,197556560040,83006958
20211207,024940,PN풍년,KOSDAQ,벤처기업부,5030,-40,-0.79,5100,5360,5000,69000,350262430,50300000000,10000000
20211207,218410,RFHIC,KOSDAQ,우량기업부,35900,300,0.84,36050,36300,35200,452364,16170854900,956649558000,26647620
20211207,327260,RF머트리얼즈,KOSDAQ,벤처기업부,31950,-50,-0.16,31700,32550,30500,186698,5873229450,127763225550,3998849
20211207,091340,S&K폴리텍,KOSDAQ,중견기업부,5650,140,2.54,5510,5660,5470,46621,260458270,66126023650,11703721
20211207,019550,SBI인베스트먼트,KOSDAQ,벤처기업부,1645,0,0.00,1650,1655,1625,879461,1442954110,266599515875,162066575
20211207,950110,SBI핀테크솔루션즈,KOSDAQ,외국기업(소속부없음),6590,100,1.54,6700,6700,6450,6811,44273930,158506238600,24052540
20211207,046140,SBS콘텐츠허브,KOSDAQ,우량기업부,8200,300,3.80,7950,8250,7850,64089,519655610,176001151000,21463555
20211207,036120,SCI평가정보,KOSDAQ,중견기업부,3255,45,1.40,3280,3290,3230,36248,117996035,115552500000,35500000
20211207,099220,SDN,KOSDAQ,우량기업부,1855,-5,-0.27,1845,1880,1830,177182,329440060,98629307490,53169438
20211207,036540,SFA반도체,KOSDAQ,우량기업부,7150,70,0.99,7090,7240,6920,2412683,17154779530,1175891166450,164460303
20211207,255220,SG,KOSDAQ,중견기업부,1975,-75,-3.66,2035,2055,1970,419694,837129425,81647027325,41340267
20211207,040610,SG&G,KOSDAQ,중견기업부,2420,110,4.76,2325,2420,2280,620236,1532600200,82491014320,34087196
20211207,049470,SGA,KOSDAQ,중견기업부,1050,0,0.00,1060,1085,1025,401155,424098235,55505361450,52862249
20211207,184230,SGA솔루션즈,KOSDAQ,벤처기업부,1200,0,0.00,1200,1240,1180,192210,230009260,55410967200,46175806
20211207,016250,SGC이테크건설,KOSDAQ,우량기업부,74000,-300,-0.40,74400,75500,73000,12923,956493300,149794278000,2024247
20211207,337450,SK5호스팩,KOSDAQ,SPAC(소속부없음),2060,-5,-0.24,2065,2065,2055,21341,43948760,8878600000,4310000
20211207,340350,SK6호스팩,KOSDAQ,SPAC(소속부없음),2075,-15,-0.72,2090,2090,2070,21252,44056730,11848250000,5710000
20211207,036490,SK머티리얼즈,KOSDAQ,우량기업부,402900,0,0.00,0,0,0,0,0,4249657451700,10547673
20211207,048550,SM C&C,KOSDAQ,중견기업부,3850,10,0.26,3895,3920,3805,520956,2004394055,367717812000,95511120
20211207,063440,SM Life Design,KOSDAQ,중견기업부,2800,0,0.00,2830,2865,2785,415234,1168165540,126921631200,45329154
20211207,950180,SNK,KOSDAQ,외국기업(소속부없음),19000,250,1.33,18650,19200,18300,90902,1713941900,400174200000,21061800
20211207,289080,SV인베스트먼트,KOSDAQ,중견기업부,3105,10,0.32,3095,3115,3070,206602,638558605,165291570000,53234000
20211207,089230,THE E&M,KOSDAQ,중견기업부,690,57,9.00,633,764,632,8326789,5872174801,119680631790,173450191
20211207,161570,THE MIDONG,KOSDAQ,중견기업부,1450,5,0.35,1445,1465,1430,114695,165831030,22595103500,15582830
20211207,192410,THQ,KOSDAQ,중견기업부,2610,0,0.00,2680,2680,2565,77557,201781250,75507036390,28929899
20211207,032540,TJ미디어,KOSDAQ,중견기업부,4865,-75,-1.52,4940,4970,4825,52257,255386360,67777277785,13931609
20211207,048770,TPC,KOSDAQ,중견기업부,3235,-15,-0.46,3225,3290,3190,20155,64899165,47792505420,14773572
20211207,246690,TS인베스트먼트,KOSDAQ,중견기업부,2620,20,0.77,2615,2640,2570,123374,320824860,102509802980,39125879
20211207,317240,TS트릴리온,KOSDAQ,벤처기업부,744,6,0.81,759,759,733,249824,184783450,68953202040,92679035
20211207,038340,UCI,KOSDAQ,투자주의환기종목(소속부없음),445,0,0.00,0,0,0,0,0,16641828315,37397367
20211207,073570,WI,KOSDAQ,중견기업부,1135,5,0.44,1130,1155,1120,491421,558860220,91827030855,80904873
20211207,057030,YBM넷,KOSDAQ,중견기업부,6700,-150,-2.19,6800,6830,6640,227817,1525248150,109295069900,16312697
20211207,040300,YTN,KOSDAQ,중견기업부,3010,20,0.67,2990,3030,2965,27497,82457020,126420000000,42000000
20211207,051390,YW,KOSDAQ,중견기업부,4170,30,0.72,4140,4180,4125,16295,67694440,47351884560,11355368
20211207,052220,iMBC,KOSDAQ,중견기업부,4865,20,0.41,4905,4920,4785,132242,638843190,111895000000,23000000
20211207,079940,가비아,KOSDAQ,우량기업부,13500,-300,-2.17,13600,13900,13500,113396,1546034250,182731734000,13535684
20211207,078890,가온미디어,KOSDAQ,우량기업부,14850,100,0.68,14950,15100,14650,286319,4251425450,235401398100,15851946
20211207,036620,감성코퍼레이션,KOSDAQ,중견기업부,2210,45,2.08,2195,2240,2105,429294,929812045,172724037330,78155673
20211207,217730,강스템바이오텍,KOSDAQ,기술성장기업부,3470,40,1.17,3435,3555,3435,134542,469965330,131644599750,37937925
20211207,114190,강원에너지,KOSDAQ,관리종목(소속부없음),2500,0,0.00,0,0,0,0,0,65307595000,26123038
20211207,094480,갤럭시아머니트리,KOSDAQ,우량기업부,12350,-350,-2.76,12850,13300,11650,3359959,41642211400,484488499300,39229838
20211207,063080,게임빌,KOSDAQ,우량기업부,138000,-600,-0.43,142200,143700,129900,1001955,136280157400,910136496000,6595192
20211207,039240,경남스틸,KOSDAQ,우량기업부,3965,150,3.93,3835,4070,3795,2553791,10057749715,99125000000,25000000
20211207,053950,경남제약,KOSDAQ,중견기업부,5270,-30,-0.57,5300,5320,5130,63118,330933410,105661207550,20049565
20211207,223310,경남제약헬스케어,KOSDAQ,관리종목(소속부없음),3320,0,0.00,0,0,0,0,0,44267239920,13333506
20211207,011040,경동제약,KOSDAQ,우량기업부,12450,400,3.32,12450,13000,12050,2885032,36099847250,383071136700,30768766
20211207,024910,경창산업,KOSDAQ,중견기업부,3140,50,1.62,3055,3195,3055,79756,249165790,112471675700,35819005
20211207,198440,고려시멘트,KOSDAQ,우량기업부,3885,0,0.00,3925,3935,3870,206234,803997180,124242144600,31979960
20211207,049720,고려신용정보,KOSDAQ,중견기업부,8750,0,0.00,8790,8790,8640,14426,125588250,125125000000,14300000
20211207,014570,고려제약,KOSDAQ,우량기업부,8800,200,2.33,8600,8890,8580,48821,427059730,96800000000,11000000
20211207,348150,고바이오랩,KOSDAQ,기술성장기업부,19750,750,3.95,18900,20600,18900,286765,5668217100,321343540250,16270559
20211207,098460,고영,KOSDAQ,우량기업부,21250,-300,-1.39,21550,21700,21000,236115,4998716400,1458913543750,68654755
20211207,035290,골드앤에스,KOSDAQ,관리종목(소속부없음),1305,0,0.00,0,0,0,0,0,47272202550,36223910
20211207,038530,골드퍼시픽,KOSDAQ,중견기업부,1315,55,4.37,1265,1330,1245,1626707,2114773365,109496800635,83267529
20211207,900280,골든센츄리,KOSDAQ,외국기업(소속부없음),348,0,0.00,346,353,345,448015,155782786,61447609668,176573591
20211207,215000,골프존,KOSDAQ,우량기업부,165700,600,0.36,165600,168300,162700,44757,7369717400,1039836265500,6275415
20211207,121440,골프존뉴딘홀딩스,KOSDAQ,중견기업부,9100,10,0.11,9190,9190,8910,213982,1931616080,389815043800,42836818
20211207,014200,광림,KOSDAQ,중견기업부,2300,-5,-0.22,2300,2330,2250,498863,1142010210,171498635200,74564624
20211207,026910,광진실업,KOSDAQ,중견기업부,4555,-35,-0.76,4590,4635,4495,62262,283629900,29176619775,6405405
20211207,090150,광진윈텍,KOSDAQ,중견기업부,11600,-650,-5.31,12850,12850,11500,401626,4789733800,201357358800,17358393
20211207,355150,교보10호스팩,KOSDAQ,SPAC(소속부없음),2125,15,0.71,2145,2145,2120,7144,15179900,11305000000,5320000
20211207,331520,교보9호스팩,KOSDAQ,SPAC(소속부없음),2155,10,0.47,2160,2160,2130,5162,11023325,8361400000,3880000
20211207,053270,구영테크,KOSDAQ,중견기업부,3030,0,0.00,3030,3065,3000,66047,199489340,79974347220,26394174
20211207,066620,국보디자인,KOSDAQ,우량기업부,21000,250,1.20,20750,21050,20650,19220,400939900,157500000000,7500000
20211207,043650,국순당,KOSDAQ,우량기업부,9200,470,5.38,8790,9250,8750,160654,1457990520,164296396800,17858304
20211207,006050,국영지앤엠,KOSDAQ,중견기업부,1900,0,0.00,1910,1950,1870,136082,258117235,66300961700,34895243
20211207,060480,국일신동,KOSDAQ,중견기업부,3755,50,1.35,3705,3775,3705,28621,106903655,41642950000,11090000
20211207,078130,국일제지,KOSDAQ,중견기업부,4095,45,1.11,4030,4140,4030,430172,1764030655,522593551935,127617473
20211207,307750,국전약품,KOSDAQ,우량기업부,12850,150,1.18,12850,13900,12700,6637178,88418758200,630540106650,49069269
20211207,204020,그리티,KOSDAQ,중견기업부,2560,5,0.20,2555,2630,2550,22046,56719140,51577420800,20147430
20211207,186230,그린플러스,KOSDAQ,벤처기업부,13750,-150,-1.08,13900,14100,13750,18912,261837450,148777585000,10820188
20211207,900070,글로벌에스엠,KOSDAQ,외국기업(소속부없음),982,-1,-0.10,981,992,977,184502,181231920,52776576576,53743968
20211207,204620,글로벌텍스프리,KOSDAQ,중견기업부,2950,10,0.34,2975,3010,2920,122226,361059960,143773238450,48736691
20211207,019660,글로본,KOSDAQ,중견기업부,3545,-15,-0.42,3560,3640,3430,253437,890850900,116149510855,32764319
20211207,053260,금강철강,KOSDAQ,우량기업부,5060,10,0.20,5070,5250,5050,40191,205148810,94723200000,18720000
20211207,036190,금화피에스시,KOSDAQ,우량기업부,33900,750,2.26,32800,33900,32800,4625,154936200,203400000000,6000000
20211207,049080,기가레인,KOSDAQ,중견기업부,2370,-35,-1.46,2465,2470,2315,1959248,4663349670,187806478800,79243240
20211207,035460,기산텔레콤,KOSDAQ,벤처기업부,2595,55,2.17,2550,2600,2550,42587,109611375,37828197300,14577340
20211207,308100,까스텔바작,KOSDAQ,우량기업부,11000,100,0.92,11000,11300,10950,13352,147981700,72563700000,6596700
20211207,187790,나노,KOSDAQ,벤처기업부,1725,5,0.29,1710,1735,1680,104658,179116675,46691773875,27067695
20211207,286750,나노브릭,KOSDAQ,기술성장기업부,6600,30,0.46,6570,6770,6540,13543,89149010,61393648800,9302068
20211207,151910,나노스,KOSDAQ,중견기업부,6230,-200,-3.11,6490,6490,6220,302746,1910479300,925935911810,148625347
20211207,121600,나노신소재,KOSDAQ,벤처기업부,70500,5900,9.13,65400,78000,64500,3678340,267701658300,764807476500,10848333
20211207,247660,나노씨엠에스,KOSDAQ,기술성장기업부,83700,-900,-1.06,85000,88000,83700,143320,12242681500,358982604000,4288920
20211207,039860,나노엔텍,KOSDAQ,중견기업부,7670,200,2.68,7470,7670,7400,206677,1561757670,205543168090,26798327
20211207,091970,나노캠텍,KOSDAQ,관리종목(소속부없음),1610,0,0.00,0,0,0,0,0,45209484250,28080425
20211207,051490,나라엠앤디,KOSDAQ,중견기업부,9050,80,0.89,8970,9110,8970,56206,509314930,128510000000,14200000
20211207,190510,나무가,KOSDAQ,중견기업부,10400,100,0.97,10800,11850,10300,3244248,35970476750,142918672000,13742180
20211207,242040,나무기술,KOSDAQ,기술성장기업부,3060,220,7.75,2850,3180,2840,3592160,10993805915,104779602000,34241700
20211207,089600,나스미디어,KOSDAQ,우량기업부,32400,-600,-1.82,32850,33000,31900,59936,1935242800,311199084000,9604910
20211207,293580,나우IB,KOSDAQ,벤처기업부,9650,-40,-0.41,9690,9700,9510,4818,46203030,92418050000,9577000
20211207,138610,나이벡,KOSDAQ,기술성장기업부,27000,450,1.69,26600,27200,26100,57801,1544160900,267380433000,9902979
20211207,130580,나이스디앤비,KOSDAQ,우량기업부,9610,40,0.42,9830,9840,9550,3798,36580030,147994000000,15400000
20211207,036800,나이스정보통신,KOSDAQ,우량기업부,29800,300,1.02,30000,30000,29200,14892,440302700,298000000000,10000000
20211207,267320,나인테크,KOSDAQ,우량기업부,3155,-15,-0.47,3170,3225,3135,668016,2112237155,124296127870,39396554
20211207,111710,남화산업,KOSDAQ,중견기업부,8410,0,0.00,8500,8620,8330,19320,163317130,173145080000,20588000
20211207,091590,남화토건,KOSDAQ,우량기업부,8550,30,0.35,8580,8580,8430,15135,128646250,100377000000,11740000
20211207,168330,내츄럴엔도텍,KOSDAQ,관리종목(소속부없음),4820,35,0.73,4755,4840,4735,87229,417510640,150265885900,31175495
20211207,094860,네오리진,KOSDAQ,벤처기업부,1410,-65,-4.41,1485,1495,1405,12313733,17671533215,140730144330,99808613
20211207,253590,네오셈,KOSDAQ,벤처기업부,2810,-40,-1.40,2825,2855,2800,36454,102722335,105873777810,37677501
20211207,212560,네오오토,KOSDAQ,우량기업부,6660,-110,-1.62,6800,6850,6600,40940,274283710,52447253580,7874963
20211207,095660,네오위즈,KOSDAQ,우량기업부,28750,-2950,-9.31,32050,32300,28750,1926986,57722951950,633469421250,22033719
20211207,042420,네오위즈홀딩스,KOSDAQ,우량기업부,64000,-4000,-5.88,70000,70400,62900,584523,38154315200,566839424000,8856866
20211207,950220,네오이뮨텍(Reg.S),KOSDAQ,외국기업(소속부없음),10300,430,4.36,9930,10500,9800,1284693,13100269910,1014879703000,98532010
20211207,311390,네오크레마,KOSDAQ,벤처기업부,17550,850,5.09,16950,17750,16300,295357,5058265150,128606312250,7327995
20211207,085910,네오티스,KOSDAQ,중견기업부,5110,-40,-0.78,5150,5180,5060,32651,166810220,70162952090,13730519
20211207,092730,네오팜,KOSDAQ,우량기업부,25300,650,2.64,24650,25300,24500,23246,579021350,207646233300,8207361
20211207,290660,네오펙트,KOSDAQ,기술성장기업부,3135,105,3.47,3080,3145,3015,127541,392455660,59271187800,18906280
20211207,306620,네온테크,KOSDAQ,벤처기업부,4150,-175,-4.05,4330,4335,4090,584275,2438214945,165678408200,39922508
20211207,153460,네이블,KOSDAQ,벤처기업부,7900,-260,-3.19,8160,8430,7850,23903,193284660,51587110600,6530014
20211207,007390,네이처셀,KOSDAQ,중견기업부,18700,850,4.76,17850,18900,17750,691318,12791630450,1171127817200,62627156
20211207,033640,네패스,KOSDAQ,중견기업부,37850,1350,3.70,36750,38200,35900,506552,18930437850,872790795700,23059202
20211207,330860,네패스아크,KOSDAQ,중견기업부,51500,-600,-1.15,52100,52400,49900,266807,13733578300,627478317500,12184045
20211207,089140,넥스턴바이오,KOSDAQ,벤처기업부,7120,20,0.28,7100,7330,7080,824668,5951372520,236532551680,33220864
20211207,065170,넥스트BT,KOSDAQ,중견기업부,1340,25,1.90,1315,1350,1310,1517258,2029382695,119220549060,88970559
20211207,137940,넥스트아이,KOSDAQ,중견기업부,1410,20,1.44,1385,1430,1365,709488,988799635,110241484500,78185450
20211207,348210,넥스틴,KOSDAQ,기술성장기업부,49800,800,1.63,49000,50300,48650,41800,2061318550,482182524000,9682380
20211207,041140,넥슨지티,KOSDAQ,중견기업부,13400,-900,-6.29,14450,14650,13300,1006691,13958574800,474002514800,35373322
20211207,217270,넵튠,KOSDAQ,중견기업부,23550,-550,-2.28,24400,24600,23550,277203,6661265700,747800153100,31753722
20211207,225570,넷게임즈,KOSDAQ,중견기업부,14300,-450,-3.05,14950,15200,14250,458007,6647514350,412597428100,28852967
20211207,104620,노랑풍선,KOSDAQ,중견기업부,14600,250,1.74,15100,15250,14550,465916,6900695850,208735470000,14296950
20211207,194700,노바렉스,KOSDAQ,우량기업부,37050,2100,6.01,35750,37400,35750,146411,5383276800,333588567000,9003740
20211207,285490,노바텍,KOSDAQ,벤처기업부,39450,-650,-1.62,41400,41400,39400,133329,5376825050,397724800800,10081744
20211207,278650,노터스,KOSDAQ,벤처기업부,29000,1500,5.45,27600,29350,27600,97799,2805888800,221904172000,7651868
20211207,142280,녹십자엠에스,KOSDAQ,중견기업부,7630,-210,-2.68,7900,7950,7570,183162,1403076780,161124869290,21117283
20211207,234690,녹십자웰빙,KOSDAQ,우량기업부,10400,250,2.46,10150,10400,10050,27779,283732550,184623670400,17752276
20211207,065560,녹원씨엔아이,KOSDAQ,관리종목(소속부없음),5770,0,0.00,0,0,0,0,0,99593806250,17260625
20211207,054050,농우바이오,KOSDAQ,우량기업부,10800,150,1.41,10650,10850,10600,23617,252977250,173130058800,16030561
20211207,069140,누리플랜,KOSDAQ,벤처기업부,6910,10,0.14,6900,6970,6850,19989,138056910,49079954130,7102743
20211207,040160,누리플렉스,KOSDAQ,중견기업부,9430,630,7.16,8840,9430,8830,593861,5479027300,113683695050,12055535
20211207,126870,뉴로스,KOSDAQ,관리종목(소속부없음),2230,0,0.00,0,0,0,0,0,79475828550,35639385
20211207,060260,뉴보텍,KOSDAQ,벤처기업부,1165,10,0.87,1160,1180,1160,52910,61889980,38950318750,33433750
20211207,012340,뉴인텍,KOSDAQ,벤처기업부,3340,-10,-0.30,3360,3385,3310,103167,345625800,100348636680,30044502
20211207,214870,뉴지랩파마,KOSDAQ,중견기업부,10500,0,0.00,10550,10750,10400,168154,1772286450,325020801000,30954362
20211207,270870,뉴트리,KOSDAQ,우량기업부,22550,650,2.97,22150,22600,22000,21132,473498500,205503201200,9113224
20211207,144960,뉴파워프라즈마,KOSDAQ,우량기업부,6320,-10,-0.16,6390,6470,6310,245298,1563511750,276137383680,43692624
20211207,085670,뉴프렉스,KOSDAQ,중견기업부,5120,760,17.43,4515,5430,4445,7069511,35234883460,123953935360,24209753
20211207,119860,다나와,KOSDAQ,우량기업부,27100,800,3.04,26400,27100,26300,74651,2002727600,354327676200,13074822
20211207,064260,다날,KOSDAQ,우량기업부,15100,-2050,-11.95,17400,18000,15100,36049180,604720844200,1041130504000,68949040
20211207,093640,다믈멀티미디어,KOSDAQ,벤처기업부,4120,95,2.36,4060,4120,3945,84784,341737265,75182950680,18248289
20211207,340360,다보링크,KOSDAQ,벤처기업부,2210,-20,-0.90,2230,2280,2195,334774,739943660,90411453600,40910160
20211207,039560,다산네트웍스,KOSDAQ,벤처기업부,7530,220,3.01,7370,7760,7370,345382,2629109500,273947710140,36380838
20211207,032190,다우데이타,KOSDAQ,우량기업부,13950,150,1.09,13800,14100,13750,59070,823869050,534285000000,38300000
20211207,068240,다원시스,KOSDAQ,우량기업부,31050,150,0.49,30800,32900,30600,645815,20234391800,980074837350,31564407
20211207,020400,대동금속,KOSDAQ,중견기업부,9750,150,1.56,9600,9880,9600,4791,46438310,31094368500,3189166
20211207,008830,대동기어,KOSDAQ,중견기업부,5800,50,0.87,5880,5920,5780,7083,41126870,52127616000,8987520
20211207,048470,대동스틸,KOSDAQ,중견기업부,5990,40,0.67,5990,6060,5920,38171,228565120,59900000000,10000000
20211207,004780,대륙제관,KOSDAQ,우량기업부,5020,0,0.00,5010,5070,4950,50569,252431395,79834058980,15903199
20211207,017650,대림제지,KOSDAQ,우량기업부,11600,-150,-1.28,11750,11800,11500,21978,255391700,104400000000,9000000
20211207,007720,대명소노시즌,KOSDAQ,우량기업부,1245,55,4.62,1365,1385,1235,7833783,10238202705,125496560250,100800450
20211207,317850,대모,KOSDAQ,벤처기업부,5270,70,1.35,5230,5300,5200,14586,76694080,43869693400,8324420
20211207,290670,대보마그네틱,KOSDAQ,중견기업부,32000,-150,-0.47,32000,32350,31800,9828,314512800,250384000000,7824500
20211207,078140,대봉엘에스,KOSDAQ,우량기업부,8270,170,2.10,8110,8270,8100,34237,281129840,91686008330,11086579
20211207,036480,대성미생물,KOSDAQ,중견기업부,14550,350,2.46,14250,14850,14100,17754,258684150,55290000000,3800000
20211207,025440,대성엘텍,KOSDAQ,중견기업부,884,-3,-0.34,883,894,880,220725,195150803,89258667212,100971343
20211207,027830,대성창투,KOSDAQ,중견기업부,2755,-15,-0.54,2820,2820,2730,124853,343243465,110200000000,40000000
20211207,104040,대성파인텍,KOSDAQ,벤처기업부,2045,35,1.74,2000,2050,1980,296331,596932220,64011119645,31301281
20211207,387310,대신밸런스제10호스팩,KOSDAQ,SPAC(소속부없음),2190,-5,-0.23,2130,2205,2130,54414,118068680,11957400000,5460000
20211207,397500,대신밸런스제11호스팩,KOSDAQ,SPAC(소속부없음),2080,5,0.24,2080,2080,2075,65221,135466920,15828800000,7610000
20211207,332290,대신밸런스제7호스팩,KOSDAQ,SPAC(소속부없음),2130,10,0.47,2160,2160,2115,114975,244603990,11086650000,5205000
20211207,336570,대신밸런스제8호스팩,KOSDAQ,SPAC(소속부없음),2675,0,0.00,0,0,0,0,0,15006750000,5610000
20211207,369370,대신밸런스제9호스팩,KOSDAQ,SPAC(소속부없음),5930,-220,-3.58,6180,6400,5860,108367,654871300,24965300000,4210000
20211207,020180,대신정보통신,KOSDAQ,중견기업부,1135,20,1.79,1105,1135,1105,369739,414881430,43616818525,38428915
20211207,045390,대아티아이,KOSDAQ,우량기업부,5610,-30,-0.53,5600,5670,5540,812855,4551105320,399160038420,71151522
20211207,108380,대양전기공업,KOSDAQ,우량기업부,15200,100,0.66,15150,15300,14950,13314,201487450,145423461600,9567333
20211207,006580,대양제지,KOSDAQ,관리종목(소속부없음),3260,0,0.00,0,0,0,0,0,87531000000,26850000
20211207,007680,대원,KOSDAQ,우량기업부,9410,20,0.21,9410,9590,9330,13003,122148750,126531320340,13446474
20211207,048910,대원미디어,KOSDAQ,벤처기업부,24050,550,2.34,23650,24500,23550,97176,2336875900,302523651300,12578946
20211207,005710,대원산업,KOSDAQ,우량기업부,7080,80,1.14,6980,7080,6900,20372,142442770,141866208000,20037600
20211207,290380,대유,KOSDAQ,중견기업부,6700,120,1.82,6590,6840,6580,438210,2936154940,97004784200,14478326
20211207,290120,대유에이피,KOSDAQ,중견기업부,5980,50,0.84,5930,5990,5830,19084,112448610,68372922020,11433599
20211207,120240,대정화금,KOSDAQ,우량기업부,20800,-200,-0.95,21000,21100,20700,36949,770482950,149560132800,7190391
20211207,003310,대주산업,KOSDAQ,중견기업부,1980,0,0.00,1970,2015,1945,341249,673437245,70076853000,35392350
20211207,078600,대주전자재료,KOSDAQ,벤처기업부,107700,-400,-0.37,108200,111100,107100,266833,29000601700,1667259866100,15480593
20211207,096350,대창솔루션,KOSDAQ,중견기업부,492,0,0.00,490,505,490,500858,248647538,80570416428,163761009
20211207,140520,대창스틸,KOSDAQ,중견기업부,3115,-40,-1.27,3160,3200,3100,33972,106211965,65755291945,21109243
20211207,131220,대한과학,KOSDAQ,벤처기업부,8390,-10,-0.12,8400,8430,8280,19807,165477350,62543171100,7454490
20211207,010170,대한광통신,KOSDAQ,중견기업부,2720,80,3.03,2670,2740,2665,379519,1025387065,200577220000,73741625
20211207,060900,대한그린파워,KOSDAQ,관리종목(소속부없음),969,-11,-1.12,975,988,960,716954,693431767,167430414045,172786805
20211207,054670,대한뉴팜,KOSDAQ,중견기업부,10650,150,1.43,10600,10700,10550,49773,528505400,152879898000,14354920
20211207,023910,대한약품,KOSDAQ,우량기업부,29650,650,2.24,29250,29650,29000,11036,324011900,177900000000,6000000
20211207,021040,대호특수강,KOSDAQ,중견기업부,749,12,1.63,746,750,739,121245,90309473,56473506460,75398540
20211207,021045,대호특수강우,KOSDAQ,중견기업부,1460,50,3.55,1430,1460,1415,2509,3575350,6194000360,4242466
20211207,067080,대화제약,KOSDAQ,우량기업부,9310,320,3.56,9050,9320,9010,48950,450187360,173321011500,18616650
20211207,298540,더네이쳐홀딩스,KOSDAQ,우량기업부,30200,200,0.67,30000,30550,29350,72248,2170328900,439248611200,14544656
20211207,299170,더블유에스아이,KOSDAQ,중견기업부,2460,-10,-0.40,2465,2465,2420,14129,34663345,73868788980,30027963
20211207,213420,덕산네오룩스,KOSDAQ,우량기업부,61900,3800,6.54,59300,62900,58700,602258,36955285700,1486219742800,24010012
20211207,317330,덕산테코피아,KOSDAQ,우량기업부,29950,1000,3.45,29350,31250,29300,945251,28766723350,550403968600,18377428
20211207,077360,덕산하이메탈,KOSDAQ,우량기업부,16800,200,1.20,16600,16900,16300,237559,3950760750,381670816800,22718501
20211207,090410,덕신하우징,KOSDAQ,중견기업부,2150,45,2.14,2100,2160,2065,1484316,3263073320,99080804250,46084095
20211207,263600,덕우전자,KOSDAQ,우량기업부,7000,20,0.29,6950,7030,6900,52109,363418050,111512170000,15930310
20211207,194480,데브시스터즈,KOSDAQ,벤처기업부,95200,200,0.21,97500,97500,94000,99937,9542445200,1123988320000,11806600
20211207,263800,데이타솔루션,KOSDAQ,중견기업부,7200,1200,20.00,6030,7800,6030,5294269,38422614200,115996176000,16110580
20211207,206560,덱스터,KOSDAQ,기술성장기업부,32250,-3700,-10.29,36500,36950,31600,3209540,106737329900,818348136000,25375136
20211207,261200,덴티스,KOSDAQ,벤처기업부,9110,110,1.22,9000,9200,8900,70553,640970830,134444377900,14757890
20211207,067990,도이치모터스,KOSDAQ,우량기업부,7500,430,6.08,7040,7500,7000,527985,3854437400,222177795000,29623706
20211207,006620,동구바이오제약,KOSDAQ,우량기업부,7550,230,3.14,7320,7650,7310,110490,832325970,214910689600,28464992
20211207,100130,동국S&C,KOSDAQ,중견기업부,5150,110,2.18,5010,5180,5010,183572,940265940,294286450000,57143000
20211207,005160,동국산업,KOSDAQ,우량기업부,3410,-30,-0.87,3440,3490,3385,177889,606118660,184973683620,54244482
20211207,075970,동국알앤에스,KOSDAQ,중견기업부,4375,15,0.34,4550,4770,4370,1300959,5905879570,80500000000,18400000
20211207,086450,동국제약,KOSDAQ,우량기업부,20700,100,0.49,20550,20850,20500,76535,1588127000,920322000000,44460000
20211207,099410,동방선기,KOSDAQ,관리종목(소속부없음),2690,0,0.00,2770,2770,2645,51959,139075335,36425295380,13541002
20211207,033500,동성화인텍,KOSDAQ,우량기업부,11250,350,3.21,11250,11400,11100,242553,2729981350,326306970000,29005064
20211207,025950,동신건설,KOSDAQ,중견기업부,31300,-350,-1.11,32300,32500,31050,45386,1436705650,262920000000,8400000
20211207,088130,동아엘텍,KOSDAQ,우량기업부,9920,300,3.12,9820,9950,9760,63740,626988940,105776344960,10662938
20211207,041930,동아화성,KOSDAQ,우량기업부,12950,-50,-0.38,13000,13050,12800,107562,1390615850,204610000000,15800000
20211207,060380,동양에스텍,KOSDAQ,중견기업부,3325,35,1.06,3300,3400,3280,65996,218820435,65502500000,19700000
20211207,079960,동양이엔피,KOSDAQ,우량기업부,17950,350,1.99,17700,18350,17700,50814,914874800,141087000000,7860000
20211207,228340,동양파일,KOSDAQ,중견기업부,4590,120,2.68,4470,4620,4470,48749,222084115,91800000000,20000000
20211207,088910,동우팜투테이블,KOSDAQ,우량기업부,3085,-5,-0.16,3075,3100,3070,46043,142001560,79690991940,25831764
20211207,094170,동운아나텍,KOSDAQ,중견기업부,8420,830,10.94,7610,8480,7520,3408283,27830906390,148002600520,17577506
20211207,013120,동원개발,KOSDAQ,우량기업부,5120,40,0.79,5130,5190,5080,82333,424771470,464937472000,90808100
20211207,109860,동일금속,KOSDAQ,우량기업부,13750,-150,-1.08,13750,13950,13600,19140,263268800,125125000000,9100000
20211207,032960,동일기연,KOSDAQ,벤처기업부,14450,150,1.05,14550,14600,13950,72413,1030319700,50622468250,3503285
20211207,023790,동일철강,KOSDAQ,중견기업부,4395,-20,-0.45,4415,4600,4300,90200,398763730,64487325180,14672884
20211207,005290,동진쎄미켐,KOSDAQ,우량기업부,33550,100,0.30,34000,34600,33200,935971,31687442150,1724956273700,51414494
20211207,025900,동화기업,KOSDAQ,우량기업부,92800,-1400,-1.49,94200,95700,92300,125149,11672749400,1874669225600,20201177
20211207,073190,듀오백,KOSDAQ,중견기업부,2715,30,1.12,2690,2730,2650,52993,142991565,32493228600,11968040
20211207,030350,드래곤플라이,KOSDAQ,중견기업부,4085,-15,-0.37,4050,4180,3870,2054354,8213531530,120703408430,29547958
20211207,203650,드림시큐리티,KOSDAQ,벤처기업부,4050,50,1.25,3990,4050,3970,234431,940663455,204953303700,50605754
20211207,223250,드림씨아이에스,KOSDAQ,중견기업부,12600,-100,-0.79,12800,12850,12500,23370,295655850,71304080400,5659054
20211207,060570,드림어스컴퍼니,KOSDAQ,중견기업부,5480,-210,-3.69,5780,5830,5360,948258,5317822620,311591961560,56859847
20211207,217620,디딤,KOSDAQ,중견기업부,1505,-50,-3.22,1535,1710,1455,3908721,6202508165,57249226265,38039353
20211207,187870,디바이스이엔지,KOSDAQ,우량기업부,29650,350,1.19,29700,30200,28550,40577,1198695750,208635456850,7036609
20211207,066670,디스플레이텍,KOSDAQ,중견기업부,7030,-90,-1.26,7130,7220,6980,125835,889995130,131404183540,18691918
20211207,110990,디아이티,KOSDAQ,우량기업부,9610,-120,-1.23,9730,9940,9520,33457,323548440,181629000000,18900000
20211207,263690,디알젬,KOSDAQ,우량기업부,12000,0,0.00,12100,12100,11850,25354,303807950,135907320000,11325610
20211207,214680,디알텍,KOSDAQ,벤처기업부,1600,35,2.24,1565,1620,1545,911311,1451794950,90599342400,56624589
20211207,263720,디앤씨미디어,KOSDAQ,벤처기업부,40350,-50,-0.12,40200,40850,39700,18860,758803150,495300728850,12275111
20211207,376300,디어유,KOSDAQ,기술성장기업부,70800,-600,-0.84,71200,73800,69900,224824,16031617200,1555983352800,21977166
20211207,109740,디에스케이,KOSDAQ,우량기업부,8090,160,2.02,8040,8260,7890,49912,402227990,218631521900,27024910
20211207,131030,디에이치피코리아,KOSDAQ,우량기업부,7000,60,0.86,6910,7030,6910,30933,215772290,115953579000,16564797
20211207,196490,디에이테크놀로지,KOSDAQ,벤처기업부,8050,-50,-0.62,8260,8280,8050,448431,3647368180,193642057700,24054914
20211207,066900,디에이피,KOSDAQ,우량기업부,3575,55,1.56,3520,3580,3480,62843,221300340,81311598225,22744503
20211207,127120,디엔에이링크,KOSDAQ,기술성장기업부,3710,100,2.77,3635,3710,3535,39178,140741090,60820597320,16393692
20211207,092070,디엔에프,KOSDAQ,우량기업부,20150,-450,-2.18,20650,20650,20000,149203,3015027700,233172938700,11571858
20211207,134580,디엠티,KOSDAQ,중견기업부,8780,-220,-2.44,8970,9320,8640,764029,6849548790,98775000000,11250000
20211207,039840,디오,KOSDAQ,우량기업부,37400,150,0.40,37500,37900,36800,111193,4167413900,589959156600,15774309
20211207,219550,디와이디대양,KOSDAQ,중견기업부,3855,0,0.00,0,0,0,0,0,30773640030,7982786
20211207,104460,디와이피엔에프,KOSDAQ,우량기업부,45600,1750,3.99,43300,45950,43300,120979,5419652700,488541300000,10713625
20211207,079810,디이엔티,KOSDAQ,중견기업부,3720,-40,-1.06,3760,3790,3650,60261,223415210,50848732080,13669014
20211207,113810,디젠스,KOSDAQ,벤처기업부,886,28,3.26,854,891,848,541959,475703646,28908453186,32628051
20211207,043360,디지아이,KOSDAQ,벤처기업부,3080,-30,-0.96,3190,3190,3075,38943,121455180,27720000000,9000000
20211207,197140,디지캡,KOSDAQ,벤처기업부,4900,-230,-4.48,5170,5280,4865,489786,2459071155,43388740500,8854845
20211207,106520,디지탈옵틱,KOSDAQ,관리종목(소속부없음),3680,10,0.27,3670,3745,3650,40479,149070235,49332247360,13405502
20211207,068930,디지털대성,KOSDAQ,우량기업부,9520,230,2.48,9270,9520,9270,77840,735472120,283153255280,29742989
20211207,033130,디지틀조선,KOSDAQ,중견기업부,3015,10,0.33,3000,3050,2960,202030,605440315,111902530005,37115267
20211207,105740,디케이락,KOSDAQ,우량기업부,10800,0,0.00,10900,10900,10700,25279,272467250,91259049600,8449912
20211207,263020,디케이앤디,KOSDAQ,벤처기업부,4740,185,4.06,4555,4780,4555,188554,883377350,36797577480,7763202
20211207,290550,디케이티,KOSDAQ,우량기업부,13150,-550,-4.01,13700,13750,13150,329797,4402712450,216484057900,16462666
20211207,187220,디티앤씨,KOSDAQ,벤처기업부,6410,20,0.31,6340,6460,6330,19983,127174300,72325895310,11283291
20211207,131180,딜리,KOSDAQ,벤처기업부,1925,-20,-1.03,1960,1975,1905,78968,151995805,56498750000,29350000
20211207,315640,딥노이드,KOSDAQ,기술성장기업부,19850,-1350,-6.37,20900,20950,19600,297478,5968445700,92081629050,4638873
20211207,317120,라닉스,KOSDAQ,기술성장기업부,9150,-50,-0.54,9220,9300,8850,182145,1647423940,88302075000,9650500
20211207,042510,라온시큐어,KOSDAQ,벤처기업부,3850,-20,-0.52,3945,3970,3850,536593,2091185600,148866972100,38666746
20211207,232680,라온테크,KOSDAQ,기술성장기업부,32800,950,2.98,32500,33500,31500,75384,2444047300,160907124000,4905705
20211207,300120,라온피플,KOSDAQ,벤처기업부,17550,50,0.29,17550,17800,17300,50412,885579850,184593637800,10518156
20211207,171120,라이온켐텍,KOSDAQ,중견기업부,8330,250,3.09,8150,8430,8150,44690,368595450,157383488080,18893576
20211207,069540,라이트론,KOSDAQ,중견기업부,4585,-40,-0.86,4630,4665,4550,77649,356443305,119494068260,26061956
20211207,347700,라이프시맨틱스,KOSDAQ,기술성장기업부,10050,-550,-5.19,10550,10550,10050,460078,4698976600,101703688500,10119770
20211207,214260,라파스,KOSDAQ,기술성장기업부,47250,850,1.83,46400,48300,46400,50833,2398590350,406086156000,8594416
20211207,171010,램테크놀러지,KOSDAQ,벤처기업부,9840,870,9.70,8990,10850,8910,15663624,155891958390,114212565120,11606968
20211207,084650,랩지노믹스,KOSDAQ,우량기업부,29950,300,1.01,28800,30000,28500,1417395,41455575650,342930405150,11450097
20211207,217500,러셀,KOSDAQ,벤처기업부,3820,50,1.33,3870,3870,3735,120761,460359345,121521840000,31812000
20211207,141080,레고켐바이오,KOSDAQ,기술성장기업부,53800,-200,-0.37,53600,54800,53000,371208,20009287200,1303838588400,24234918
20211207,060300,레드로버,KOSDAQ,관리종목(소속부없음),1830,0,0.00,0,0,0,0,0,48840480210,26688787
20211207,038390,레드캡투어,KOSDAQ,우량기업부,20700,650,3.24,20550,20900,20400,27790,573357400,177802236000,8589480
20211207,294140,레몬,KOSDAQ,기술성장기업부,5860,370,6.74,5490,6700,5490,5129140,32032236720,216820000000,37000000
20211207,228670,레이,KOSDAQ,우량기업부,31200,1250,4.17,29950,31500,29250,308670,9432346250,415163860800,13306534
20211207,228850,레이언스,KOSDAQ,우량기업부,12450,150,1.22,12350,12500,12150,33346,408979150,206558124300,16591014
20211207,281740,레이크머티리얼즈,KOSDAQ,벤처기업부,4685,0,0.00,4690,4740,4660,224392,1053176465,307947617380,65730548
20211207,277810,레인보우로보틱스,KOSDAQ,기술성장기업부,18150,50,0.28,18100,18300,18000,27711,501668900,292854134100,16135214
20211207,215100,로보로보,KOSDAQ,벤처기업부,3350,30,0.90,3340,3445,3340,79272,269677650,68167320900,20348454
20211207,090360,로보스타,KOSDAQ,중견기업부,19500,300,1.56,19050,19600,19050,26209,506147150,190125000000,9750000
20211207,108490,로보티즈,KOSDAQ,기술성장기업부,12900,0,0.00,12950,13000,12700,20153,258979200,145137900000,11251000
20211207,900260,로스웰,KOSDAQ,외국기업(소속부없음),261,0,0.00,260,265,257,317004,82320776,47020831623,180156443
20211207,067730,로지시스,KOSDAQ,중견기업부,6340,100,1.60,6270,6350,6200,34101,214555570,61332665480,9673922
20211207,071280,로체시스템즈,KOSDAQ,벤처기업부,5370,60,1.13,5310,5370,5250,72638,386929680,82142758110,15296603
20211207,038060,루멘스,KOSDAQ,관리종목(소속부없음),1050,45,4.48,1010,1065,1000,287373,299158940,50508222450,48103069
20211207,085370,루트로닉,KOSDAQ,투자주의환기종목(소속부없음),18450,1000,5.73,17500,18800,17400,756296,13883527450,483337804950,26197171
20211207,08537M,루트로닉3우C,KOSDAQ,투자주의환기종목(소속부없음),26100,150,0.58,25100,27000,25100,313,8174550,8477619300,324813
20211207,060240,룽투코리아,KOSDAQ,벤처기업부,7800,-530,-6.36,8420,8610,7700,5210754,41254731300,198348415200,25429284
20211207,058470,리노공업,KOSDAQ,우량기업부,205900,900,0.44,202200,208700,202200,35990,7360691800,3138403983000,15242370
20211207,039980,리노스,KOSDAQ,중견기업부,1180,20,1.72,1165,1180,1155,80905,94381930,51420017480,43576286
20211207,019570,리더스 기술투자,KOSDAQ,중견기업부,537,25,4.88,508,546,508,1480597,784307059,69833467974,130043702
20211207,016100,리더스코스메틱,KOSDAQ,중견기업부,3500,120,3.55,3375,3560,3375,30240,105481635,66853129000,19100894
20211207,012700,리드코프,KOSDAQ,우량기업부,9160,80,0.88,9030,9180,9030,66256,604911710,242246596600,26446135
20211207,302550,리메드,KOSDAQ,기술성장기업부,28300,1300,4.81,27150,28450,26900,105131,2942232200,173043632800,6114616
20211207,377450,리파인,KOSDAQ,중견기업부,14700,-300,-2.00,15100,15100,14500,159978,2356348050,254751000000,17330000
20211207,029480,릭스솔루션,KOSDAQ,중견기업부,1600,5,0.31,1600,1635,1500,1645333,2568267410,167716472000,104822795
20211207,277070,린드먼아시아,KOSDAQ,중견기업부,5340,60,1.14,5280,5360,5280,18609,98963680,72928380000,13657000
20211207,042500,링네트,KOSDAQ,우량기업부,6340,-110,-1.71,6470,6470,6260,138956,879131180,97362606520,15356878
20211207,219420,링크제니시스,KOSDAQ,기술성장기업부,7120,40,0.56,7090,7200,7050,50884,361940080,81662889840,11469507
20211207,195500,마니커에프앤지,KOSDAQ,중견기업부,5630,-180,-3.10,5820,5820,5610,41661,236995510,88773840000,15768000
20211207,222810,마이더스AI,KOSDAQ,관리종목(소속부없음),409,-5,-1.21,417,443,404,7837684,3299248904,59305359102,145000878
20211207,305090,마이크로디지탈,KOSDAQ,기술성장기업부,17950,400,2.28,17450,17950,17450,37322,659044100,130345720000,7261600
20211207,098120,마이크로컨텍솔,KOSDAQ,벤처기업부,13550,-350,-2.52,13750,13900,13100,216870,2924905400,112637979300,8312766
20211207,147760,마이크로프랜드,KOSDAQ,벤처기업부,8500,-20,-0.23,8560,8700,8340,86585,734092010,91968861000,10819866
20211207,377480,마인즈랩,KOSDAQ,기술성장기업부,33700,50,0.15,36300,37450,33150,1397959,49726203650,170666337100,5064283
20211207,038290,마크로젠,KOSDAQ,우량기업부,29800,2800,10.37,26900,30950,26900,316860,9389204950,319323419800,10715551
20211207,220630,맘스터치,KOSDAQ,우량기업부,4880,-80,-1.61,4960,4990,4870,172658,848528665,496869551280,101817531
20211207,267980,매일유업,KOSDAQ,우량기업부,68500,100,0.15,68100,68800,68100,5215,357071200,537289203000,7843638
20211207,005990,매일홀딩스,KOSDAQ,우량기업부,9300,160,1.75,9170,9350,9120,3739,34477940,127580227200,13718304
20211207,127160,매직마이크로,KOSDAQ,관리종목(소속부없음),282,0,0.00,0,0,0,0,0,24427827282,86623501
20211207,093520,매커스,KOSDAQ,중견기업부,7820,-140,-1.76,7980,8090,7790,176067,1390020780,126395379440,16163092
20211207,377030,맥스트,KOSDAQ,기술성장기업부,61000,-2000,-3.17,64000,65300,60500,309331,19271623800,521091951000,8542491
20211207,100590,머큐리,KOSDAQ,우량기업부,7820,70,0.90,7930,7930,7740,25505,199383520,115451352000,14763600
20211207,067280,멀티캠퍼스,KOSDAQ,우량기업부,49000,10100,25.96,38600,50500,38600,859566,40745012600,290412171000,5926779
20211207,072870,메가스터디,KOSDAQ,중견기업부,13500,0,0.00,13600,13600,13400,16006,216309450,160932946500,11920959
20211207,215200,메가스터디교육,KOSDAQ,우량기업부,74800,3000,4.18,72400,75400,71800,63645,4690321500,887268624000,11861880
20211207,133750,메가엠디,KOSDAQ,중견기업부,4555,-50,-1.09,4595,4695,4525,172631,787959055,106619235735,23407077
20211207,235980,메드팩토,KOSDAQ,기술성장기업부,51600,2250,4.56,50100,52200,49550,175835,9001588300,1058333647200,20510342
20211207,041920,메디아나,KOSDAQ,우량기업부,6580,-250,-3.66,6850,6940,6450,828294,5498765740,105280000000,16000000
20211207,014100,메디앙스,KOSDAQ,투자주의환기종목(소속부없음),6200,0,0.00,0,0,0,0,0,73160000000,11800000
20211207,054180,메디콕스,KOSDAQ,중견기업부,935,0,0.00,931,944,926,317089,295252447,87304071030,93373338
20211207,086900,메디톡스,KOSDAQ,우량기업부,148500,2600,1.78,144200,149000,144200,34298,5054686700,928776024000,6254384
20211207,078160,메디포스트,KOSDAQ,벤처기업부,21150,750,3.68,20400,21250,20300,142687,2992699100,343987703100,16264194
20211207,065650,메디프론,KOSDAQ,중견기업부,2480,50,2.06,2435,2485,2420,53611,132122115,108167578320,43615959
20211207,021880,메이슨캐피탈,KOSDAQ,중견기업부,515,1,0.19,514,520,506,93262,47565545,77859970120,151184408
20211207,140410,메지온,KOSDAQ,중견기업부,179400,300,0.17,181000,184000,179000,34524,6243271200,1596696956400,8900206
20211207,241770,메카로,KOSDAQ,투자주의환기종목(소속부없음),13000,550,4.42,12450,13000,12200,22736,289420600,132504320000,10192640
20211207,059210,메타바이오메드,KOSDAQ,벤처기업부,2890,50,1.76,2845,2920,2820,253959,729601435,68962194390,23862351
20211207,058110,멕아이씨에스,KOSDAQ,기술성장기업부,11600,-1300,-10.08,13300,13450,11400,2162972,27088738850,186186148000,16050530
20211207,096640,멜파스,KOSDAQ,관리종목(소속부없음),1815,0,0.00,0,0,0,0,0,68785490730,37898342
20211207,257370,명성티엔에스,KOSDAQ,투자주의환기종목(소속부없음),9210,0,0.00,0,0,0,0,0,59319850890,6440809
20211207,080420,모다이노칩,KOSDAQ,우량기업부,3510,70,2.03,3440,3520,3440,31268,108850255,279822893220,79721622
20211207,080160,모두투어,KOSDAQ,중견기업부,21500,500,2.38,21700,21850,21050,278038,5967888950,406350000000,18900000
20211207,100030,모바일리더,KOSDAQ,중견기업부,18900,50,0.27,18850,18950,18350,4307,80201050,62062194600,3283714
20211207,087260,모바일어플라이언스,KOSDAQ,벤처기업부,3770,40,1.07,3710,3830,3690,398790,1498817495,122383421420,32462446
20211207,101330,모베이스,KOSDAQ,중견기업부,3550,-5,-0.14,3600,3610,3530,96634,344030695,85051567400,23958188
20211207,012860,모베이스전자,KOSDAQ,중견기업부,2010,5,0.25,2005,2035,1990,114396,229668480,132264265170,65803117
20211207,348030,모비릭스,KOSDAQ,중견기업부,21000,-250,-1.18,21450,21600,20800,48795,1029495050,195384000000,9304000
20211207,250060,모비스,KOSDAQ,기술성장기업부,2220,-40,-1.77,2205,2235,2190,258699,571546130,71420317080,32171314
20211207,033200,모아텍,KOSDAQ,중견기업부,5440,-50,-0.91,5500,5500,5420,20263,110351860,77961646400,14331185
20211207,118990,모트렉스,KOSDAQ,중견기업부,6090,0,0.00,6100,6180,5980,528080,3212121650,248403621480,40788772
20211207,006920,모헨즈,KOSDAQ,중견기업부,5390,10,0.19,5340,5500,5330,36483,196317640,58858800000,10920000
20211207,001810,무림SP,KOSDAQ,우량기업부,2980,0,0.00,2990,3035,2950,66832,199700980,65969750000,22137500
20211207,279600,미디어젠,KOSDAQ,기술성장기업부,16600,900,5.73,15700,17000,15550,76807,1264475300,77767364600,4684781
20211207,095500,미래나노텍,KOSDAQ,우량기업부,4310,80,1.89,4255,4350,4190,456888,1953022975,124199239990,28816529
20211207,218150,미래생명자원,KOSDAQ,벤처기업부,4160,10,0.24,4180,4300,4050,142129,593559750,77673140480,18671428
20211207,353490,미래에셋대우스팩 5호,KOSDAQ,SPAC(소속부없음),2065,-15,-0.72,2080,2080,2055,31870,65748100,10448900000,5060000
20211207,328380,미래에셋대우스팩3호,KOSDAQ,SPAC(소속부없음),2065,5,0.24,2075,2075,2050,11514,23714185,13385330000,6482000
20211207,100790,미래에셋벤처투자,KOSDAQ,중견기업부,8360,-470,-5.32,8820,8900,8340,387132,3291859220,386197080280,46195823
20211207,049950,미래컴퍼니,KOSDAQ,우량기업부,28450,-450,-1.56,29100,29150,28400,44356,1272662600,237907605700,8362306
20211207,207760,미스터블루,KOSDAQ,중견기업부,9080,530,6.20,8500,9220,8500,537248,4862338180,224835645800,24761635
20211207,059090,미코,KOSDAQ,우량기업부,13750,-50,-0.36,13900,13900,13600,216064,2959745200,450817468750,32786725
20211207,214610,미코바이오메드,KOSDAQ,기술성장기업부,9540,-380,-3.83,9870,9870,9540,275072,2658098040,174551157180,18296767
20211207,201490,미투온,KOSDAQ,중견기업부,7740,-620,-7.42,8410,8440,7740,2885501,23185530270,241935139800,31257770
20211207,950190,미투젠,KOSDAQ,외국기업(소속부없음),23000,-50,-0.22,23250,23250,22800,74789,1720170550,312337516000,13579892
20211207,214180,민앤지,KOSDAQ,우량기업부,19850,0,0.00,20050,20100,19700,37931,752538350,263155122250,13257185
20211207,206640,바디텍메드,KOSDAQ,우량기업부,15800,-100,-0.63,15750,16000,15550,182957,2881834850,371087648000,23486560
20211207,018700,바른손,KOSDAQ,중견기업부,4000,40,1.01,3970,4075,3930,577084,2304924530,117885948000,29471487
20211207,035620,바른손이앤에이,KOSDAQ,중견기업부,1395,5,0.36,1415,1420,1390,433327,608286095,102516461685,73488503
20211207,064520,바른전자,KOSDAQ,관리종목(소속부없음),944,0,0.00,0,0,0,0,0,79000034288,83686477
20211207,053030,바이넥스,KOSDAQ,우량기업부,16400,500,3.14,15800,16750,15650,616416,10002283700,520881187200,31761048
20211207,301300,바이브컴퍼니,KOSDAQ,기술성장기업부,52500,-4300,-7.57,58600,58900,51900,344825,19038693300,283193925000,5394170
20211207,064550,바이오니아,KOSDAQ,기술성장기업부,53000,6800,14.72,45600,56200,45250,9737497,508294882850,1367945423000,25810291
20211207,314930,바이오다인,KOSDAQ,기술성장기업부,31600,3550,12.66,28050,32500,28000,205835,6343688900,194914962000,6168195
20211207,208710,바이오로그디바이스,KOSDAQ,벤처기업부,3250,-30,-0.91,3330,3330,3205,1253498,4059746190,134652089000,41431412
20211207,142760,바이오리더스,KOSDAQ,기술성장기업부,8290,-220,-2.59,8490,8500,8260,479683,3997701060,237577074880,28658272
20211207,086820,바이오솔루션,KOSDAQ,기술성장기업부,21300,300,1.43,21150,21550,20900,32137,682448600,172709473800,8108426
20211207,038460,바이오스마트,KOSDAQ,우량기업부,5160,-180,-3.37,5270,5290,5110,404350,2087764610,103653048000,20087800
20211207,086040,바이오톡스텍,KOSDAQ,벤처기업부,7900,110,1.41,7760,7940,7750,55893,441876750,115870271700,14667123
20211207,099430,바이오플러스,KOSDAQ,중견기업부,24650,-50,-0.20,24600,25600,24300,179101,4463804600,354060965200,14363528
20211207,032980,바이온,KOSDAQ,중견기업부,1115,70,6.70,1055,1160,1055,1245473,1381960035,74594366355,66900777
20211207,222160,바이옵트로,KOSDAQ,기술성장기업부,8530,140,1.67,8270,8730,8150,397800,3369840020,69467176980,8143866
20211207,308080,바이젠셀,KOSDAQ,기술성장기업부,33050,1900,6.10,32200,34150,32050,252184,8362454350,312065371000,9442220
20211207,043150,바텍,KOSDAQ,우량기업부,35600,-750,-2.06,36600,36600,34450,44539,1591212500,528811513600,14854256
20211207,323990,박셀바이오,KOSDAQ,기술성장기업부,57900,2600,4.70,55400,67000,55000,1740280,107637449500,881411700000,15223000
20211207,267790,배럴,KOSDAQ,중견기업부,8370,110,1.33,8260,8450,8250,16762,139023500,66001635000,7885500
20211207,046310,백금T&A,KOSDAQ,중견기업부,3765,15,0.40,3760,3830,3740,97085,367654985,61816183365,16418641
20211207,066410,버킷스튜디오,KOSDAQ,중견기업부,6530,330,5.32,6350,7100,6290,22865704,154302585470,278757178350,42688695
20211207,206400,베노홀딩스,KOSDAQ,중견기업부,4930,10,0.20,4920,5040,4840,40438,197571800,134550531210,27292197
20211207,019010,베뉴지,KOSDAQ,중견기업부,2160,20,0.93,2145,2165,2115,124071,264952405,104112000000,48200000
20211207,177350,베셀,KOSDAQ,중견기업부,4665,0,0.00,0,0,0,0,0,53554657170,11480098
20211207,299910,베스파,KOSDAQ,관리종목(소속부없음),6300,-260,-3.96,6560,7530,6180,265637,1809890830,51703570800,8206916
20211207,225530,보광산업,KOSDAQ,벤처기업부,6700,100,1.52,6590,6940,6590,207320,1408337880,243469470900,36338727
20211207,250000,보라티알,KOSDAQ,중견기업부,13500,0,0.00,13500,13500,13250,26974,360996000,91134895500,6750733
20211207,006910,보성파워텍,KOSDAQ,중견기업부,3565,20,0.56,3610,3615,3525,425601,1514666100,175147822560,49129824
20211207,226340,본느,KOSDAQ,중견기업부,2235,35,1.59,2195,2235,2180,110936,245333990,68613597060,30699596
20211207,014470,부방,KOSDAQ,중견기업부,2375,15,0.64,2375,2410,2340,39899,94208100,142624117500,60052260
20211207,008470,부스타,KOSDAQ,우량기업부,5780,0,0.00,5780,5820,5740,22456,129741760,48579744000,8404800
20211207,338220,뷰노,KOSDAQ,기술성장기업부,18450,250,1.37,18100,18500,17800,27583,498816950,206799703200,11208656
20211207,100120,뷰웍스,KOSDAQ,우량기업부,39050,2100,5.68,37450,39900,37150,91420,3566199200,390572828250,10001865
20211207,337930,브랜드엑스코퍼레이션,KOSDAQ,우량기업부,9490,230,2.48,9170,9490,9170,106549,996521550,280642227840,29572416
20211207,099390,브레인즈컴퍼니,KOSDAQ,벤처기업부,27200,-200,-0.73,27700,28150,27200,67198,1851975350,111759251200,4108796
20211207,064480,브리지텍,KOSDAQ,벤처기업부,5190,-300,-5.46,5430,5460,5190,208579,1103048700,62033475000,11952500
20211207,288330,브릿지바이오테라퓨틱스,KOSDAQ,기술성장기업부,12250,450,3.81,11950,12350,11800,129476,1561175950,241048088750,19677395
20211207,251630,브이원텍,KOSDAQ,중견기업부,8030,60,0.75,8050,8110,7960,20532,164872040,120856157400,15050580
20211207,018290,브이티지엠피,KOSDAQ,우량기업부,7560,130,1.75,7440,7560,7430,135399,1016383630,260698231080,34483893
20211207,044480,블루베리 NFT,KOSDAQ,중견기업부,3740,-50,-1.32,3890,3930,3620,402505,1511867130,120966488940,32343981
20211207,033560,블루콤,KOSDAQ,벤처기업부,10300,200,1.98,10100,10450,10050,98396,1012616150,176130000000,17100000
20211207,126340,비나텍,KOSDAQ,벤처기업부,49100,200,0.41,49300,49400,48500,24772,1213494050,252531463700,5143207
20211207,121800,비덴트,KOSDAQ,벤처기업부,28500,-1300,-4.36,30700,31100,27450,9999869,287710183150,1301703442500,45673805
20211207,148140,비디아이,KOSDAQ,관리종목(소속부없음),1545,-45,-2.83,1590,1625,1535,408882,640393815,46401431505,30033289
20211207,082800,비보존 헬스케어,KOSDAQ,중견기업부,1090,35,3.32,1060,1110,1060,784133,857575060,185198449060,169906834
20211207,318410,비비씨,KOSDAQ,중견기업부,14000,250,1.82,13800,14000,13550,12749,175317800,77773402000,5555243
20211207,200780,비씨월드제약,KOSDAQ,우량기업부,15150,350,2.36,14700,15900,14700,107029,1625052500,134719617600,8892384
20211207,141000,비아트론,KOSDAQ,우량기업부,10250,0,0.00,10300,10300,10000,57484,578644600,124175777500,12114710
20211207,090460,비에이치,KOSDAQ,우량기업부,22700,-500,-2.16,23100,23100,22550,1027401,23380442500,764824017600,33692688
20211207,083650,비에이치아이,KOSDAQ,중견기업부,3880,5,0.13,3950,3950,3840,77646,300945105,100880000000,26000000
20211207,086670,비엠티,KOSDAQ,우량기업부,11700,0,0.00,11650,11800,11600,21499,251769050,95314389300,8146529
20211207,335890,비올,KOSDAQ,벤처기업부,2095,0,0.00,2130,2130,2075,53638,112314310,119883733205,57223739
20211207,138580,비즈니스온,KOSDAQ,벤처기업부,13600,0,0.00,13650,13850,13250,433190,5845150850,306763816800,22556163
20211207,082920,비츠로셀,KOSDAQ,우량기업부,15150,450,3.06,14850,15600,14850,132384,2019606850,326318152800,21539152
20211207,054220,비츠로시스,KOSDAQ,관리종목(소속부없음),5330,0,0.00,0,0,0,0,0,133860919270,25114619
20211207,042370,비츠로테크,KOSDAQ,우량기업부,8860,80,0.91,8780,8910,8760,63182,558783960,232132221500,26200025
20211207,307870,비투엔,KOSDAQ,벤처기업부,4155,685,19.74,3470,4360,3435,8096826,33341867975,125402886000,30181200
20211207,357880,비트나인,KOSDAQ,기술성장기업부,13700,-1050,-7.12,14850,15000,13350,938358,13107922100,141849197200,10353956
20211207,032850,비트컴퓨터,KOSDAQ,벤처기업부,9360,-40,-0.43,9410,9520,9190,632005,5904604430,155594022480,16623293
20211207,238200,비피도,KOSDAQ,기술성장기업부,10100,200,2.02,9900,10100,9790,19231,192210790,82618000000,8180000
20211207,093190,빅솔론,KOSDAQ,우량기업부,6820,290,4.44,6530,6960,6530,186200,1258577230,131209332100,19238905
20211207,065450,빅텍,KOSDAQ,중견기업부,5170,80,1.57,5090,5200,5050,238359,1225670630,148134976000,28652800
20211207,072950,빛샘전자,KOSDAQ,벤처기업부,7900,500,6.76,7430,8480,7430,1875064,15182865390,49223786100,6230859
20211207,143240,사람인에이치알,KOSDAQ,우량기업부,40000,-1400,-3.38,41000,41100,39550,33116,1331966750,466370520000,11659263
20211207,100090,삼강엠앤티,KOSDAQ,중견기업부,20950,-500,-2.33,21550,21550,20650,537796,11273021050,766233009600,36574368
20211207,122350,삼기,KOSDAQ,중견기업부,4265,-85,-1.95,4355,4415,4210,701688,3003049395,163517660420,38339428
20211207,014970,삼륭물산,KOSDAQ,중견기업부,6840,10,0.15,6830,6950,6720,12680,86497260,103455000000,15125000
20211207,018310,삼목에스폼,KOSDAQ,우량기업부,13250,-50,-0.38,13250,13500,13150,31100,413065100,194775000000,14700000
20211207,053700,삼보모터스,KOSDAQ,중견기업부,5550,10,0.18,5540,5640,5500,28073,155958060,104472622800,18823896
20211207,009620,삼보산업,KOSDAQ,중견기업부,1775,5,0.28,1770,1800,1725,1101976,1936626775,77785642175,43822897
20211207,023600,삼보판지,KOSDAQ,우량기업부,15600,-150,-0.95,15900,15900,15500,80406,1256052650,252252000000,16170000
20211207,380320,삼성머스트스팩5호,KOSDAQ,SPAC(소속부없음),3285,15,0.46,3270,3340,3250,12584,41205780,15800850000,4810000
20211207,377630,삼성스팩4호,KOSDAQ,SPAC(소속부없음),4170,5,0.12,4165,4210,4150,27462,114576705,16763400000,4020000
20211207,009300,삼아제약,KOSDAQ,우량기업부,17800,750,4.40,17250,18500,16950,72027,1268613900,113386000000,6370000
20211207,225190,삼양옵틱스,KOSDAQ,중견기업부,10800,150,1.41,10650,10850,10650,6958,74667650,109294920000,10119900
20211207,361670,삼영에스앤씨,KOSDAQ,기술성장기업부,13050,700,5.67,12450,13250,12350,333249,4294256350,73962936900,5667658
20211207,054540,삼영엠텍,KOSDAQ,우량기업부,4385,30,0.69,4355,4400,4345,21981,96170860,57005000000,13000000
20211207,065570,삼영이엔씨,KOSDAQ,벤처기업부,8020,-60,-0.74,8080,8120,8020,20708,166972650,86567960200,10794010
20211207,032280,삼일,KOSDAQ,중견기업부,2560,75,3.02,2505,2675,2500,1106134,2856567450,41506790400,16213590
20211207,002290,삼일기업공사,KOSDAQ,중견기업부,3980,15,0.38,3965,4035,3950,88237,352696375,49352000000,12400000
20211207,037460,삼지전자,KOSDAQ,우량기업부,12300,450,3.80,12000,12450,11950,100230,1225723350,200717820600,16318522
20211207,032750,삼진,KOSDAQ,우량기업부,10300,200,1.98,10250,10350,10050,13544,137888900,61800000000,6000000
20211207,054090,삼진엘앤디,KOSDAQ,중견기업부,3385,30,0.89,3365,3420,3330,235553,795837885,84487000320,24959232
20211207,000250,삼천당제약,KOSDAQ,우량기업부,45350,800,1.80,44200,45750,44200,105850,4779134300,1032530659350,22768041
20211207,024950,삼천리자전거,KOSDAQ,중견기업부,9350,20,0.21,9290,9400,9280,25058,234248290,124107944950,13273577
20211207,038500,삼표시멘트,KOSDAQ,우량기업부,4585,45,0.99,4545,4640,4545,127455,583883920,494796263010,107916306
20211207,017480,삼현철강,KOSDAQ,우량기업부,5700,-120,-2.06,5820,5910,5690,77247,446745870,89506473000,15702890
20211207,046390,삼화네트웍스,KOSDAQ,중견기업부,2830,-30,-1.05,2860,2900,2830,268633,767282175,122179400390,43172933
20211207,027580,상보,KOSDAQ,중견기업부,1940,30,1.57,1910,2000,1910,520747,1016202915,111653551380,57553377
20211207,038540,상상인,KOSDAQ,우량기업부,8050,50,0.63,7960,8150,7930,134075,1074784700,445392919650,55328313
20211207,329560,상상인이안제2호스팩,KOSDAQ,SPAC(소속부없음),2050,0,0.00,2055,2055,2035,15063,30745165,7892500000,3850000
20211207,101000,상상인인더스트리,KOSDAQ,중견기업부,955,-10,-1.04,959,970,948,92835,88451850,68522006360,71750792
20211207,091580,상신이디피,KOSDAQ,우량기업부,15600,150,0.97,15450,15700,15300,78558,1212973250,210925026000,13520835
20211207,263810,상신전자,KOSDAQ,중견기업부,4035,180,4.67,3955,4420,3900,2084304,8704431815,57477437130,14244718
20211207,089980,상아프론테크,KOSDAQ,우량기업부,61000,2900,4.99,59000,61300,58700,229432,13812309200,975331257000,15989037
20211207,042940,상지카일룸,KOSDAQ,중견기업부,1200,115,10.60,1090,1220,1085,1180245,1361692225,98201451600,81834543
20211207,042600,새로닉스,KOSDAQ,중견기업부,25600,-200,-0.78,26050,26600,25600,88444,2301372950,318043494400,12423574
20211207,252990,샘씨엔에스,KOSDAQ,기술성장기업부,5820,-30,-0.51,5870,5900,5750,280865,1631217880,291895383720,50153846
20211207,263540,샘코,KOSDAQ,투자주의환기종목(소속부없음),40300,0,0.00,0,0,0,0,0,60278604100,1495747
20211207,294630,서남,KOSDAQ,기술성장기업부,3620,175,5.08,3470,3670,3470,194877,700972535,77428759200,21389160
20211207,038070,서린바이오,KOSDAQ,우량기업부,20650,-600,-2.82,21150,21300,20500,175846,3647666850,171408959400,8300676
20211207,006730,서부T&D,KOSDAQ,중견기업부,9000,30,0.33,8970,9070,8940,135419,1217132980,533330379000,59258931
20211207,079650,서산,KOSDAQ,중견기업부,2600,15,0.58,2595,2610,2555,33735,86981115,52000000000,20000000
20211207,100660,서암기계공업,KOSDAQ,중견기업부,4985,-45,-0.89,5030,5060,4975,22098,110318515,62811000000,12600000
20211207,019770,서연탑메탈,KOSDAQ,중견기업부,7770,690,9.75,7590,8280,7300,8022725,62517017080,90520500000,11650000
20211207,043710,서울리거,KOSDAQ,중견기업부,1105,15,1.38,1090,1165,1085,369529,413269910,43218079320,39111384
20211207,092190,서울바이오시스,KOSDAQ,우량기업부,13750,400,3.00,13550,13950,13500,166626,2288967850,525575228750,38223653
20211207,046890,서울반도체,KOSDAQ,우량기업부,15000,100,0.67,14900,15100,14850,276642,4138967700,874581000000,58305400
20211207,063170,서울옥션,KOSDAQ,중견기업부,28750,-500,-1.71,29700,30000,28350,585844,17000434150,486378125000,16917500
20211207,027040,서울전자통신,KOSDAQ,중견기업부,758,18,2.43,740,760,733,325492,242781325,52748346026,69588847
20211207,018680,서울제약,KOSDAQ,중견기업부,6810,430,6.74,6380,8030,6280,1978610,14528760220,58052001630,8524523
20211207,093920,서원인텍,KOSDAQ,우량기업부,6770,-50,-0.73,6850,6880,6740,45412,308738060,125922000000,18600000
20211207,189860,서전기전,KOSDAQ,벤처기업부,8160,200,2.51,8000,8360,7870,366426,2989194330,79142044800,9698780
20211207,178320,서진시스템,KOSDAQ,우량기업부,42850,2000,4.90,41150,42900,40850,658222,27707944450,805165254850,18790321
20211207,122690,서진오토모티브,KOSDAQ,관리종목(소속부없음),2740,40,1.48,2700,2760,2670,17351,47468135,53543014040,19541246
20211207,140070,서플러스글로벌,KOSDAQ,우량기업부,4225,65,1.56,4200,4270,4120,81004,339633430,156274300000,36988000
20211207,011370,서한,KOSDAQ,우량기업부,1590,20,1.27,1575,1595,1565,386328,611097860,160422835350,100894865
20211207,065710,서호전기,KOSDAQ,우량기업부,20550,200,0.98,20300,20600,20250,9125,186569300,105832500000,5150000
20211207,035890,서희건설,KOSDAQ,우량기업부,1655,20,1.22,1645,1660,1635,429346,707487045,380332996335,229808457
20211207,357550,석경에이티,KOSDAQ,기술성장기업부,18250,-50,-0.27,18500,18650,18100,17083,312457600,99553750000,5455000
20211207,003100,선광,KOSDAQ,우량기업부,55300,-200,-0.36,55500,55700,55300,27853,1546761500,364980000000,6600000
20211207,123420,선데이토즈,KOSDAQ,우량기업부,25500,-1050,-3.95,26700,27200,25350,122093,3157795850,244030971000,9569842
20211207,171090,선익시스템,KOSDAQ,우량기업부,23350,-600,-2.51,24150,24450,23000,169141,3979774400,211314324400,9049864
20211207,086710,선진뷰티사이언스,KOSDAQ,중견기업부,13650,-100,-0.73,13650,14100,13550,20363,278651650,83478622500,6115650
20211207,014620,성광벤드,KOSDAQ,중견기업부,8040,10,0.12,8000,8090,8000,29033,233633910,229944000000,28600000
20211207,037350,성도이엔지,KOSDAQ,우량기업부,5560,150,2.77,5420,5600,5400,63805,350597070,86013200000,15470000
20211207,081580,성우전자,KOSDAQ,중견기업부,3575,5,0.14,3590,3595,3515,80936,288130930,55441611225,15508143
20211207,045300,성우테크론,KOSDAQ,중견기업부,5100,50,0.99,5050,5150,5040,49092,250032980,48891909900,9586649
20211207,015750,성우하이텍,KOSDAQ,우량기업부,5580,90,1.64,5500,5630,5500,226198,1259748030,446400000000,80000000
20211207,080470,성창오토텍,KOSDAQ,중견기업부,8140,110,1.37,8010,8160,8010,27787,225211610,59422000000,7300000
20211207,043260,성호전자,KOSDAQ,중견기업부,1530,75,5.15,1480,1540,1475,575882,873749630,81710237520,53405384
20211207,148150,세경하이테크,KOSDAQ,우량기업부,26550,150,0.57,26650,26650,26050,209822,5542095800,312872660550,11784281
20211207,053060,세동,KOSDAQ,중견기업부,1290,-10,-0.77,1300,1320,1275,149827,194349660,22522119030,17459007
20211207,017510,세명전기,KOSDAQ,중견기업부,4300,5,0.12,4305,4360,4270,34603,148990750,65557800000,15246000
20211207,011560,세보엠이씨,KOSDAQ,우량기업부,6510,60,0.93,6510,6510,6370,20276,130402760,68550300000,10530000
20211207,052190,세영디앤씨,KOSDAQ,투자주의환기종목(소속부없음),8850,0,0.00,0,0,0,0,0,26981756100,3048786
20211207,100700,세운메디칼,KOSDAQ,우량기업부,4180,-15,-0.36,4195,4255,4165,236992,994936660,183084000000,43800000
20211207,234100,세원,KOSDAQ,우량기업부,4195,-40,-0.94,4345,4400,4175,713520,3029145625,140455928665,33481747
20211207,024830,세원물산,KOSDAQ,관리종목(소속부없음),6280,0,0.00,0,0,0,0,0,52438000000,8350000
20211207,258830,세종메디칼,KOSDAQ,벤처기업부,4745,-35,-0.73,4855,4930,4695,3941747,19020235150,192962281525,40666445
20211207,036630,세종텔레콤,KOSDAQ,우량기업부,578,9,1.58,572,588,569,2556853,1479579845,344488000000,596000000
20211207,039310,세중,KOSDAQ,관리종목(소속부없음),3445,25,0.73,3430,3510,3400,57921,199472690,62429142815,18121667
20211207,067770,세진티에스,KOSDAQ,중견기업부,4955,25,0.51,4960,5080,4955,38720,193337985,41605118315,8396593
20211207,053450,세코닉스,KOSDAQ,투자주의환기종목(소속부없음),8140,-100,-1.21,8330,8450,8070,172105,1410706170,120413416420,14792803
20211207,234340,세틀뱅크,KOSDAQ,우량기업부,31150,600,1.96,30550,31350,30550,35433,1099000400,294460950000,9453000
20211207,252500,세화피앤씨,KOSDAQ,중견기업부,1530,0,0.00,1530,1545,1500,198826,303674015,63474176700,41486390
20211207,347000,센코,KOSDAQ,기술성장기업부,16400,50,0.31,16500,16750,16200,20228,331023050,135320401600,8251244
20211207,331920,셀레믹스,KOSDAQ,기술성장기업부,15950,-700,-4.20,16300,16350,15400,292576,4595978000,130218160600,8164148
20211207,049180,셀루메드,KOSDAQ,벤처기업부,6010,80,1.35,5960,6050,5880,108503,648921230,238037907730,39606973
20211207,299660,셀리드,KOSDAQ,기술성장기업부,47800,150,0.31,47650,49100,46700,190926,9144381500,465150977600,9731192
20211207,268600,셀리버리,KOSDAQ,기술성장기업부,45000,3050,7.27,42100,46050,42000,517124,22812612400,780020955000,17333799
20211207,108860,셀바스AI,KOSDAQ,벤처기업부,8450,490,6.16,8050,8850,7700,4684422,39430024050,186372735250,22055945
20211207,208370,셀바스헬스케어,KOSDAQ,벤처기업부,2880,5,0.17,2875,2930,2770,113953,322744840,62440024320,21680564
20211207,068760,셀트리온제약,KOSDAQ,우량기업부,120000,0,0.00,119600,121200,117000,144586,17239763600,4386097320000,36550811
20211207,091990,셀트리온헬스케어,KOSDAQ,우량기업부,80600,-400,-0.49,81100,81300,79700,604793,48563048100,12495296938800,155028498
20211207,290690,소룩스,KOSDAQ,벤처기업부,10250,250,2.50,10000,10550,10000,48972,503510750,84632640750,8256843
20211207,053110,소리바다,KOSDAQ,관리종목(소속부없음),3960,0,0.00,0,0,0,0,0,19563782040,4940349
20211207,950200,소마젠,KOSDAQ,외국기업(소속부없음),8900,-20,-0.22,8830,8950,8770,118567,1048186110,170288621700,19133553
20211207,032680,소프트센,KOSDAQ,중견기업부,2540,20,0.79,2535,2740,2450,10253895,26752082780,90870534540,35775801
20211207,032685,소프트센우,KOSDAQ,중견기업부,28600,350,1.24,28300,29150,28250,708,20198800,4085710200,142857
20211207,258790,소프트캠프,KOSDAQ,벤처기업부,2780,-75,-2.63,2890,2910,2750,235833,658364040,69475769520,24991284
20211207,066910,손오공,KOSDAQ,중견기업부,2365,25,1.07,2340,2370,2320,158819,372622075,63609420765,26896161
20211207,043100,솔고바이오,KOSDAQ,중견기업부,1090,15,1.40,1070,1150,1065,1845030,2032154240,66227536720,60759208
20211207,154040,솔루에타,KOSDAQ,중견기업부,3120,-45,-1.42,3120,3195,3055,89241,278402705,43134673920,13825216
20211207,035610,솔본,KOSDAQ,중견기업부,5600,-60,-1.06,5610,5740,5560,166342,933521170,153137583200,27345997
20211207,357780,솔브레인,KOSDAQ,중견기업부,279500,1500,0.54,279900,281600,277000,21536,6014742400,2174109197000,7778566
20211207,036830,솔브레인홀딩스,KOSDAQ,우량기업부,36100,300,0.84,36000,36250,35500,92265,3308117900,756802421600,20964056
20211207,304100,솔트룩스,KOSDAQ,기술성장기업부,13400,200,1.52,13250,13400,13050,51060,675170100,136697822000,10201330
20211207,086980,쇼박스,KOSDAQ,중견기업부,5510,50,0.92,5460,5840,5440,2975657,16805610400,344926000000,62600000
20211207,050960,수산아이앤티,KOSDAQ,벤처기업부,14800,0,0.00,15200,15200,14600,25940,385086700,99914800000,6751000
20211207,084180,수성이노베이션,KOSDAQ,중견기업부,1860,-20,-1.06,1875,1880,1820,450563,833306425,105667025940,56810229
20211207,253840,수젠텍,KOSDAQ,기술성장기업부,14600,-550,-3.63,14800,14900,14500,310980,4557529050,225722073600,15460416
20211207,058530,슈펙스비앤피,KOSDAQ,투자주의환기종목(소속부없음),1620,0,0.00,0,0,0,0,0,21187053360,13078428
20211207,236200,슈프리마,KOSDAQ,우량기업부,24000,250,1.05,23950,24100,23550,18706,446060800,172638552000,7193273
20211207,317770,슈프리마아이디,KOSDAQ,벤처기업부,16100,-200,-1.23,16300,16500,15750,12017,192319950,49169722000,3054020
20211207,094840,슈프리마에이치큐,KOSDAQ,중견기업부,6970,160,2.35,6810,7100,6750,43959,304616980,72988724800,10471840
20211207,192440,슈피겐코리아,KOSDAQ,우량기업부,42300,550,1.32,41750,42650,41750,30291,1278574450,262952154900,6216363
20211207,099440,스맥,KOSDAQ,중견기업부,1660,5,0.30,1650,1675,1635,50611,83590380,51019450940,30734609
20211207,033790,스카이문스테크놀로지,KOSDAQ,관리종목(소속부없음),829,0,0.00,0,0,0,0,0,14190075900,17117100
20211207,131100,스카이이앤엠,KOSDAQ,관리종목(소속부없음),4075,-240,-5.56,4370,4370,4055,109308,454358355,47443713175,11642629
20211207,159910,스킨앤스킨,KOSDAQ,투자주의환기종목(소속부없음),263,0,0.00,0,0,0,0,0,75277601849,286226623
20211207,115570,스타플렉스,KOSDAQ,중견기업부,7100,40,0.57,7220,7250,6710,116012,807084350,56690006800,7984508
20211207,253450,스튜디오드래곤,KOSDAQ,우량기업부,87600,1500,1.74,86200,88500,86200,106577,9335104200,2629242606000,30014185
20211207,204630,스튜디오산타클로스,KOSDAQ,중견기업부,2375,50,2.15,2300,2415,2300,1336789,3173941960,88370555625,37208655
20211207,013810,스페코,KOSDAQ,중견기업부,5300,10,0.19,5260,5350,5260,24321,128819290,77673991000,14655470
20211207,039670,스포츠서울,KOSDAQ,관리종목(소속부없음),7360,0,0.00,0,0,0,0,0,67797501120,9211617
20211207,049830,승일,KOSDAQ,중견기업부,14350,-250,-1.71,14700,14750,14200,41646,601139200,87995807200,6132112
20211207,020710,시공테크,KOSDAQ,우량기업부,6590,-10,-0.15,6540,6660,6450,109896,719652920,132116122300,20047970
20211207,033170,시그네틱스,KOSDAQ,중견기업부,1795,35,1.99,1760,1845,1755,2098147,3769701225,153882332605,85728319
20211207,048870,시너지이노베이션,KOSDAQ,중견기업부,5070,120,2.42,4910,5110,4780,1651599,8220611620,403240695780,79534654
20211207,025320,시노펙스,KOSDAQ,중견기업부,2865,5,0.17,2860,2890,2835,217669,621672630,209841074670,73242958
20211207,269620,시스웍,KOSDAQ,벤처기업부,1100,-15,-1.35,1120,1125,1090,3071248,3388650280,119359689900,108508809
20211207,131090,시큐브,KOSDAQ,벤처기업부,1310,0,0.00,1315,1350,1290,117284,152915045,55020000000,42000000
20211207,139050,시티랩스,KOSDAQ,투자주의환기종목(소속부없음),873,-8,-0.91,879,882,850,852857,736497615,85869146016,98360992
20211207,290520,신도기연,KOSDAQ,우량기업부,15350,200,1.32,15150,15400,15050,10227,155338450,123740648000,8061280
20211207,001000,신라섬유,KOSDAQ,중견기업부,2250,0,0.00,2275,2275,2235,61326,138029550,54624465000,24277540
20211207,025870,신라에스지,KOSDAQ,중견기업부,11700,100,0.86,11600,11900,11400,29528,343128250,46800000000,4000000
20211207,215600,신라젠,KOSDAQ,관리종목(소속부없음),12100,0,0.00,0,0,0,0,0,1244692212500,102867125
20211207,065350,신성델타테크,KOSDAQ,우량기업부,15300,200,1.32,15250,15700,15100,420110,6468586000,420504404400,27483948
20211207,002800,신신제약,KOSDAQ,중견기업부,6580,190,2.97,6340,6670,6320,58800,386319740,99821890000,15170500
20211207,323280,신영스팩5호,KOSDAQ,SPAC(소속부없음),2040,0,0.00,2035,2050,2030,43633,88891250,7150200000,3505000
20211207,344050,신영스팩6호,KOSDAQ,SPAC(소속부없음),2100,10,0.48,2130,2130,2090,2970,6224660,9040500000,4305000
20211207,017000,신원종합개발,KOSDAQ,우량기업부,17150,2050,13.58,15050,18200,15000,3497548,58445124050,200106663050,11668027
20211207,012790,신일제약,KOSDAQ,우량기업부,11700,450,4.00,11350,11950,11150,115841,1352368150,131241076200,11217186
20211207,138070,신진에스엠,KOSDAQ,중견기업부,6790,70,1.04,6720,6880,6720,30679,208487940,60921122570,8972183
20211207,226330,신테카바이오,KOSDAQ,기술성장기업부,15500,3550,29.71,14150,15500,13850,1711641,25766726250,209250248000,13500016
20211207,333050,신한제6호스팩,KOSDAQ,SPAC(소속부없음),2060,-5,-0.24,2065,2065,2060,5213,10754830,10320600000,5010000
20211207,366330,신한제7호스팩,KOSDAQ,SPAC(소속부없음),2065,-10,-0.48,2075,2075,2065,40413,83642085,9395750000,4550000
20211207,393360,신한제8호스팩,KOSDAQ,SPAC(소속부없음),2095,10,0.48,2085,2095,2085,10832,22603740,15398250000,7350000
20211207,056700,신화인터텍,KOSDAQ,벤처기업부,3030,15,0.50,3035,3040,2980,42928,128858725,88279325730,29135091
20211207,187270,신화콘텍,KOSDAQ,벤처기업부,4310,-15,-0.35,4345,4395,4285,45905,198743580,43719971950,10143845
20211207,243840,신흥에스이씨,KOSDAQ,우량기업부,58300,-200,-0.34,59200,59600,57300,44999,2601820200,452596250700,7763229
20211207,257720,실리콘투,KOSDAQ,중견기업부,20300,-700,-3.33,21050,21050,20100,153981,3154764350,203502709200,10024764
20211207,222800,심텍,KOSDAQ,우량기업부,40050,-2050,-4.87,42400,42750,39900,1003676,40758451400,1275758427150,31854143
20211207,036710,심텍홀딩스,KOSDAQ,우량기업부,4105,-145,-3.41,4280,4295,4040,557746,2306857745,166923991795,40663579
20211207,160980,싸이맥스,KOSDAQ,우량기업부,19000,300,1.60,18900,19450,18500,263238,5028759500,207560617000,10924243
20211207,356890,싸이버원,KOSDAQ,벤처기업부,12100,-200,-1.63,12250,12500,11950,47025,571542850,56154043000,4640830
20211207,217330,싸이토젠,KOSDAQ,기술성장기업부,60300,0,0.00,60100,60900,60000,10916,658181200,350486333100,5812377
20211207,010280,쌍용정보통신,KOSDAQ,중견기업부,920,15,1.66,904,923,901,145567,132767555,58846911280,63964034
20211207,208640,썸에이지,KOSDAQ,관리종목(소속부없음),2355,-25,-1.05,2385,2405,2340,477705,1126183785,321824319510,136655762
20211207,222420,쎄노텍,KOSDAQ,중견기업부,1770,75,4.42,1710,1810,1710,272176,484269480,71079969750,40158175
20211207,037760,쎄니트,KOSDAQ,우량기업부,2000,25,1.27,1995,2015,1975,75890,151414725,67665842000,33832921
20211207,099320,쎄트렉아이,KOSDAQ,우량기업부,43950,1100,2.57,43450,44450,43000,40587,1780175800,399312427650,9085607
20211207,049960,쎌바이오텍,KOSDAQ,중견기업부,19400,450,2.37,19150,19450,19050,20007,385145400,182360000000,9400000
20211207,050890,쏠리드,KOSDAQ,중견기업부,6770,140,2.11,6700,6920,6610,863491,5851831300,408102214290,60280977
20211207,066790,씨씨에스,KOSDAQ,투자주의환기종목(소속부없음),712,-4,-0.56,717,723,710,88909,63585664,39875606280,56005065
20211207,222080,씨아이에스,KOSDAQ,중견기업부,14700,-400,-2.65,15150,15250,14650,1037122,15448479900,903131044200,61437486
20211207,352480,씨앤씨인터내셔널,KOSDAQ,벤처기업부,18400,200,1.10,18250,18500,18150,9097,167008550,184256514400,10013941
20211207,264660,씨앤지하이테크,KOSDAQ,우량기업부,13100,350,2.75,12800,13100,12800,14234,184952700,110111788000,8405480
20211207,352700,씨앤투스성진,KOSDAQ,기술성장기업부,30850,-600,-1.91,31450,31800,29400,844792,25896764750,308362131350,9995531
20211207,297090,씨에스베어링,KOSDAQ,우량기업부,18250,-400,-2.14,18650,18650,18150,16609,304467150,174842300000,9580400
20211207,115530,씨엔플러스,KOSDAQ,투자주의환기종목(소속부없음),839,0,0.00,0,0,0,0,0,57020957000,67963000
20211207,225330,씨엠에스에듀,KOSDAQ,우량기업부,7150,-120,-1.65,7300,7330,7140,75310,540413670,133237590200,18634628
20211207,115480,씨유메디칼,KOSDAQ,벤처기업부,1225,25,2.08,1200,1240,1160,1599190,1925418970,55302043125,45144525
20211207,376290,씨유테크,KOSDAQ,중견기업부,6940,90,1.31,6850,7060,6830,114725,795660360,122543050000,17657500
20211207,189330,씨이랩,KOSDAQ,기술성장기업부,40700,1200,3.04,39900,42350,39400,29723,1213819750,245310458800,6027284
20211207,096530,씨젠,KOSDAQ,우량기업부,61800,-2700,-4.19,62800,63200,60400,2006885,124082686700,3227566429200,52225994
20211207,900120,씨케이에이치,KOSDAQ,외국기업(소속부없음),292,1,0.34,291,297,286,460651,133719596,35171302472,120449666
20211207,101240,씨큐브,KOSDAQ,벤처기업부,7020,20,0.29,7000,7040,6950,9351,65393160,71170051680,10138184
20211207,060590,씨티씨바이오,KOSDAQ,중견기업부,8610,340,4.11,8290,8900,8290,273913,2383025280,203398679400,23623540
20211207,260930,씨티케이,KOSDAQ,우량기업부,10400,0,0.00,10500,10600,10100,59013,613408850,201152546400,19341591
20211207,013990,아가방컴퍼니,KOSDAQ,중견기업부,5320,350,7.04,4995,5410,4930,1179488,6164620760,174961691520,32887536
20211207,123860,아나패스,KOSDAQ,벤처기업부,27100,200,0.74,26950,27250,26700,52803,1430445900,313875452000,11582120
20211207,025980,아난티,KOSDAQ,중견기업부,10500,-100,-0.94,10550,10700,10300,1393524,14599831950,894924061500,85230863
20211207,050320,아래스,KOSDAQ,투자주의환기종목(소속부없음),990,0,0.00,0,0,0,0,0,45205142400,45661760
20211207,058220,아리온,KOSDAQ,투자주의환기종목(소속부없음),275,0,0.00,0,0,0,0,0,10717917100,38974244
20211207,125210,아모그린텍,KOSDAQ,기술성장기업부,11750,300,2.62,11400,11800,11400,237166,2760891950,193837282500,16496790
20211207,357580,아모센스,KOSDAQ,기술성장기업부,17400,200,1.16,17500,18000,17050,360500,6344018400,194881322400,11200076
20211207,052710,아모텍,KOSDAQ,중견기업부,26050,2050,8.54,24750,26150,24750,180703,4617569050,253815726300,9743406
20211207,074430,아미노로직스,KOSDAQ,벤처기업부,2225,25,1.14,2195,2245,2175,212108,469382780,195414727900,87826844
20211207,092040,아미코젠,KOSDAQ,기술성장기업부,29850,450,1.53,29150,30050,29100,92873,2757674450,589588483800,19751708
20211207,083930,아바코,KOSDAQ,우량기업부,11300,150,1.35,11150,11400,11050,39460,441648800,174164617400,15412798
20211207,149950,아바텍,KOSDAQ,우량기업부,19000,-100,-0.52,19150,19500,18700,9048,171712550,296542500000,15607500
20211207,036010,아비코전자,KOSDAQ,우량기업부,10800,0,0.00,10750,10950,10600,254944,2736035450,143563687200,13292934
20211207,050860,아세아텍,KOSDAQ,중견기업부,2775,-10,-0.36,2780,2805,2755,31965,88780140,62437500000,22500000
20211207,246720,아스타,KOSDAQ,투자주의환기종목(소속부없음),4900,-40,-0.81,4920,4940,4750,23940,116009425,56313362700,11492523
20211207,067390,아스트,KOSDAQ,중견기업부,5900,230,4.06,5780,5910,5700,105098,608726800,151603414600,25695494
20211207,159010,아스플로,KOSDAQ,벤처기업부,25100,100,0.40,25400,25850,25000,121634,3090623250,111567316300,4444913
20211207,127710,아시아경제,KOSDAQ,중견기업부,3550,-175,-4.70,3695,3715,3540,854658,3079631095,107232748400,30206408
20211207,154030,아시아종묘,KOSDAQ,기술성장기업부,5560,10,0.18,5580,5600,5370,34372,190639880,59047027640,10619969
20211207,227610,아우딘퓨쳐스,KOSDAQ,중견기업부,1385,35,2.59,1355,1385,1330,134431,182656260,30717704480,22178848
20211207,143160,아이디스,KOSDAQ,우량기업부,23650,200,0.85,23450,23800,22900,18391,425624200,253442623500,10716390
20211207,054800,아이디스홀딩스,KOSDAQ,중견기업부,13550,0,0.00,13500,13600,13400,3491,47170300,140212093800,10347756
20211207,332370,아이디피,KOSDAQ,중견기업부,7890,-70,-0.88,7960,7990,7800,18130,143123960,52364849070,6636863
20211207,339950,아이비김영,KOSDAQ,중견기업부,4405,190,4.51,4250,4460,4200,1403821,6103974240,197990015275,44946655
20211207,099190,아이센스,KOSDAQ,우량기업부,30350,1100,3.76,29250,30450,29000,41426,1237604150,416925173300,13737238
20211207,289010,아이스크림에듀,KOSDAQ,우량기업부,7310,200,2.81,7280,7320,7120,131464,952745860,94036110470,12864037
20211207,214430,아이쓰리시스템,KOSDAQ,우량기업부,17200,0,0.00,17300,17350,16950,12492,213472700,122236272000,7106760
20211207,040910,아이씨디,KOSDAQ,우량기업부,12000,-50,-0.41,12050,12200,11900,68162,821472800,216784956000,18065413
20211207,068940,아이씨케이,KOSDAQ,중견기업부,2615,-70,-2.61,2710,2710,2615,33602,88805740,90687473030,34679722
20211207,052860,아이앤씨,KOSDAQ,벤처기업부,3585,85,2.43,3510,3590,3495,70577,249550545,64038331590,17862854
20211207,069920,아이에스이커머스,KOSDAQ,중견기업부,3145,-25,-0.79,3205,3205,3055,64216,199578765,81223908490,25826362
20211207,038880,아이에이,KOSDAQ,중견기업부,1015,5,0.50,1020,1040,1010,2979380,3044769555,299190687250,294769150
20211207,307180,아이엘사이언스,KOSDAQ,중견기업부,5400,70,1.31,5360,5470,5250,326260,1748501150,121155582600,22436219
20211207,101390,아이엠,KOSDAQ,중견기업부,638,0,0.00,0,0,0,0,0,42867145354,67189883
20211207,078860,아이오케이,KOSDAQ,중견기업부,1535,-15,-0.97,1555,1575,1520,2841787,4375106260,136843021180,89148548
20211207,114810,아이원스,KOSDAQ,중견기업부,10750,-1250,-10.42,11850,11850,10650,2468838,27344117450,274159120500,25503174
20211207,031310,아이즈비전,KOSDAQ,중견기업부,4085,15,0.37,4080,4140,4050,60788,248280335,67156983330,16439898
20211207,185490,아이진,KOSDAQ,기술성장기업부,18300,-150,-0.81,18200,19500,18100,572032,10707874900,391793447400,21409478
20211207,059100,아이컴포넌트,KOSDAQ,벤처기업부,7330,-10,-0.14,7360,7590,7330,38016,281962200,51829403800,7070860
20211207,262840,아이퀘스트,KOSDAQ,벤처기업부,10500,200,1.94,10300,10700,10100,23706,246126600,103530000000,9860000
20211207,175250,아이큐어,KOSDAQ,기술성장기업부,20350,-50,-0.25,20000,20550,19550,227797,4550590900,193629680200,9514972
20211207,052460,아이크래프트,KOSDAQ,중견기업부,4760,-90,-1.86,4800,4935,4735,100318,482630930,69533775360,14607936
20211207,119830,아이텍,KOSDAQ,중견기업부,8820,30,0.34,8850,8990,8630,128984,1128156370,161034448680,18257874
20211207,052770,아이톡시,KOSDAQ,관리종목(소속부없음),2085,0,0.00,0,0,0,0,0,40936750305,19633933
20211207,124500,아이티센,KOSDAQ,중견기업부,4965,25,0.51,5000,5000,4880,63676,315151565,98839908345,19907333
20211207,372800,아이티아이즈,KOSDAQ,벤처기업부,27000,-1000,-3.57,28000,28000,26300,284056,7671724950,155978460000,5776980
20211207,084850,아이티엠반도체,KOSDAQ,우량기업부,42150,-50,-0.12,42150,42350,41700,36738,1541165000,974645577600,23123264
20211207,114840,아이패밀리에스씨,KOSDAQ,벤처기업부,17200,0,0.00,17350,17350,17000,13213,226886300,70868747200,4120276
20211207,027360,아주IB투자,KOSDAQ,벤처기업부,4270,110,2.64,4165,4345,4165,815012,3449216180,515914022120,120822956
20211207,032080,아즈텍WB,KOSDAQ,중견기업부,3655,15,0.41,3645,3780,3640,285730,1055210370,78549710995,21491029
20211207,013310,아진산업,KOSDAQ,중견기업부,3095,10,0.32,3095,3135,3075,409296,1269485490,120106371290,38806582
20211207,059120,아진엑스텍,KOSDAQ,벤처기업부,9150,-70,-0.76,9310,9390,9060,133099,1226329530,89199653400,9748596
20211207,158430,아톤,KOSDAQ,벤처기업부,41850,2350,5.95,39950,43500,39600,697647,29333970300,182197197450,4353577
20211207,067160,아프리카TV,KOSDAQ,우량기업부,198200,9200,4.87,186600,199400,186600,113679,22245734100,2278262819400,11494767
20211207,001540,안국약품,KOSDAQ,우량기업부,9950,420,4.41,9540,9990,9540,31418,309179860,129772079000,13042420
20211207,053800,안랩,KOSDAQ,우량기업부,67200,0,0.00,67200,68500,67100,36757,2481892000,672931056000,10013855
20211207,065660,안트로젠,KOSDAQ,기술성장기업부,53100,1000,1.92,52200,54000,51900,55851,2964275400,500299969500,9421845
20211207,297570,알로이스,KOSDAQ,벤처기업부,2775,35,1.28,2740,2825,2740,484803,1348098285,48089123850,17329414
20211207,260660,알리코제약,KOSDAQ,우량기업부,7200,60,0.84,7150,7420,7060,37388,269954880,110354551200,15327021
20211207,361570,알비더블유,KOSDAQ,중견기업부,31200,550,1.79,30600,31450,30300,78094,2401327450,247434408000,7930590
20211207,131370,알서포트,KOSDAQ,벤처기업부,8460,-250,-2.87,8600,8710,8300,1708118,14396255870,450639522180,53267083
20211207,140670,알에스오토메이션,KOSDAQ,중견기업부,11200,250,2.28,11050,11200,10850,21616,238312550,101955168000,9103140
20211207,096610,알에프세미,KOSDAQ,중견기업부,4760,10,0.21,4800,4820,4640,112611,534013840,49858139240,10474399
20211207,061040,알에프텍,KOSDAQ,중견기업부,5840,80,1.39,5860,5900,5760,133493,777681090,187401272560,32089259
20211207,148250,알엔투테크놀로지,KOSDAQ,벤처기업부,15150,350,2.36,15000,15300,14900,35774,538767950,115753408350,7640489
20211207,347860,알체라,KOSDAQ,기술성장기업부,32450,-550,-1.67,33400,33900,32150,217711,7146396050,445223183350,13720283
20211207,196170,알테오젠,KOSDAQ,기술성장기업부,82100,100,0.12,82000,84300,81000,538167,44585171900,3469894925000,42264250
20211207,123750,알톤스포츠,KOSDAQ,중견기업부,4060,-60,-1.46,4120,4195,4030,27504,112307490,51749965820,12746297
20211207,085810,알티캐스트,KOSDAQ,중견기업부,2260,0,0.00,2255,2280,2220,88252,197907665,67089837940,29685769
20211207,117670,알파홀딩스,KOSDAQ,중견기업부,3070,-155,-4.81,3185,3230,3050,556702,1733492720,66938531740,21804082
20211207,291650,압타머사이언스,KOSDAQ,기술성장기업부,17750,800,4.72,17050,18400,16950,78413,1392561900,150273736500,8466126
20211207,293780,압타바이오,KOSDAQ,기술성장기업부,32250,-1800,-5.29,33900,34400,32000,521679,17152307950,715836028500,22196466
20211207,196300,애니젠,KOSDAQ,기술성장기업부,14900,300,2.05,14550,15300,14550,17540,258588000,83478084400,5602556
20211207,310200,애니플러스,KOSDAQ,중견기업부,5710,-430,-7.00,6060,6510,5710,6820344,41862400510,167861717790,29397849
20211207,900100,애머릿지,KOSDAQ,관리종목(소속부없음),3585,0,0.00,0,0,0,0,0,112029919965,31249629
20211207,205500,액션스퀘어,KOSDAQ,중견기업부,8010,-720,-8.25,8600,8810,7970,12824605,107209666150,332602305840,41523384
20211207,052790,액토즈소프트,KOSDAQ,벤처기업부,13750,-700,-4.84,14550,14900,13500,347782,4903717100,155796272500,11330638
20211207,290740,액트로,KOSDAQ,벤처기업부,8740,450,5.43,8290,8820,8230,55853,475168260,87968196140,10065011
20211207,238090,앤디포스,KOSDAQ,벤처기업부,8500,430,5.33,8070,8500,8050,128965,1071321120,200643741000,23605146
20211207,092600,앤씨앤,KOSDAQ,벤처기업부,4200,-20,-0.47,4185,4220,4085,104983,433724345,94385508000,22472740
20211207,129890,앱코,KOSDAQ,중견기업부,14200,750,5.58,13350,14350,13350,38599,540103050,139635444400,9833482
20211207,174900,앱클론,KOSDAQ,기술성장기업부,15650,900,6.10,14750,15850,14650,123035,1890865500,239101779850,15278069
20211207,255440,야스,KOSDAQ,우량기업부,15250,500,3.39,14750,15500,14450,209081,3152940350,199134500000,13058000
20211207,060230,얍엑스,KOSDAQ,중견기업부,1395,-55,-3.79,1460,1465,1380,1098772,1540979590,120868487415,86644077
20211207,030960,양지사,KOSDAQ,중견기업부,9250,70,0.76,9260,9260,9100,14497,132992820,147815000000,15980000
20211207,102120,어보브반도체,KOSDAQ,우량기업부,13550,0,0.00,13550,13650,13350,201419,2717463900,236578298150,17459653
20211207,238120,얼라인드,KOSDAQ,기술성장기업부,8720,220,2.59,8500,8760,8370,18397,158006180,62691986560,7189448
20211207,019990,에너토크,KOSDAQ,중견기업부,10500,-100,-0.94,10750,10800,10350,136380,1436852000,102438924000,9756088
20211207,136510,에디슨EV,KOSDAQ,벤처기업부,18400,-1600,-8.00,19500,19850,18200,3972005,75309090500,531818512000,28903180
20211207,270660,에브리봇,KOSDAQ,중견기업부,22950,-50,-0.22,23400,23400,22700,7630,174298300,139895649450,6095671
20211207,038680,에스넷,KOSDAQ,우량기업부,6920,-150,-2.12,7000,7050,6840,151312,1048223950,111240487800,16075215
20211207,217480,에스디생명공학,KOSDAQ,중견기업부,3215,140,4.55,3095,3245,3095,119918,380935810,72064437190,22415066
20211207,121890,에스디시스템,KOSDAQ,투자주의환기종목(소속부없음),739,0,0.00,0,0,0,0,0,7101198800,9609200
20211207,097780,에스맥,KOSDAQ,우량기업부,1005,21,2.13,991,1045,991,5530767,5595720141,284937851250,283520250
20211207,042110,에스씨디,KOSDAQ,우량기업부,1720,0,0.00,1730,1745,1710,103867,179174475,83126850080,48329564
20211207,298060,에스씨엠생명과학,KOSDAQ,기술성장기업부,16250,1150,7.62,15300,18000,14950,348646,5799789700,195355127500,12021854
20211207,065420,에스아이리소스,KOSDAQ,관리종목(소속부없음),639,0,0.00,0,0,0,0,0,43500682854,68076186
20211207,103230,에스앤더블류,KOSDAQ,관리종목(소속부없음),2505,0,0.00,0,0,0,0,0,18036000000,7200000
20211207,260970,에스앤디,KOSDAQ,벤처기업부,18300,-50,-0.27,18400,18550,18150,11541,211245850,74287386000,4059420
20211207,101490,에스앤에스텍,KOSDAQ,우량기업부,36550,2150,6.25,34500,37100,33800,969454,35098573500,784050387850,21451447
20211207,095910,에스에너지,KOSDAQ,중견기업부,4360,185,4.43,4220,4485,4220,389764,1720526265,84569476840,19396669
20211207,275630,에스에스알,KOSDAQ,벤처기업부,5790,10,0.17,5780,6050,5720,78843,470130210,34844156310,6017989
20211207,031330,에스에이엠티,KOSDAQ,우량기업부,4375,25,0.57,4385,4435,4340,319235,1395010405,437478418125,99995067
20211207,060540,에스에이티,KOSDAQ,중견기업부,3015,10,0.33,3005,3060,2945,494059,1483242575,78791917590,26133306
20211207,056190,에스에프에이,KOSDAQ,우량기업부,36850,150,0.41,36750,37150,36400,134380,4954509250,1323237806000,35908760
20211207,080000,에스엔유,KOSDAQ,우량기업부,3490,10,0.29,3500,3530,3440,32982,114878290,119786816300,34322870
20211207,214310,에스엘바이오닉스,KOSDAQ,중견기업부,700,0,0.00,0,0,0,0,0,32057225900,45796037
20211207,041510,에스엠,KOSDAQ,중견기업부,72500,1800,2.55,72000,73000,70700,575450,41448406200,1721273322500,23741701
20211207,007820,에스엠코어,KOSDAQ,중견기업부,6750,100,1.50,6650,6870,6620,142350,963775060,135229135500,20033946
20211207,109610,에스와이,KOSDAQ,중견기업부,3675,-55,-1.47,3730,3750,3655,413469,1525233815,172589399850,46963102
20211207,306040,에스제이그룹,KOSDAQ,우량기업부,23000,600,2.68,22400,23300,22250,56736,1295392600,226914044000,9865828
20211207,096630,에스코넥,KOSDAQ,중견기업부,1820,50,2.82,1820,1835,1795,401583,730421760,120425758180,66167999
20211207,069510,에스텍,KOSDAQ,우량기업부,9290,80,0.87,9300,9300,9190,1615,14954760,101353900000,10910000
20211207,041910,에스텍파마,KOSDAQ,중견기업부,9490,260,2.82,9230,9600,9230,47058,445627690,112914515870,11898263
20211207,234300,에스트래픽,KOSDAQ,중견기업부,5350,20,0.38,5350,5380,5280,45917,243808320,111419956000,20826160
20211207,039440,에스티아이,KOSDAQ,우량기업부,18500,-300,-1.60,19000,19050,18400,151182,2822025200,292855000000,15830000
20211207,098660,에스티오,KOSDAQ,중견기업부,2335,-45,-1.89,2385,2420,2335,19795,46756240,29189778960,12500976
20211207,052020,에스티큐브,KOSDAQ,중견기업부,8490,50,0.59,8440,8500,8350,42445,356915330,259589416470,30575903
20211207,237690,에스티팜,KOSDAQ,중견기업부,124500,-7200,-5.47,130000,130400,121200,376531,46693201100,2322672000000,18656000
20211207,050760,에스폴리텍,KOSDAQ,중견기업부,3695,15,0.41,3680,3750,3665,15832,58489400,60356635210,16334678
20211207,288620,에스퓨얼셀,KOSDAQ,벤처기업부,29950,600,2.04,29250,29950,29150,20543,606543350,205885764200,6874316
20211207,317830,에스피시스템스,KOSDAQ,벤처기업부,5530,30,0.55,5500,5580,5500,2558,14142390,45045721000,8145700
20211207,058610,에스피지,KOSDAQ,우량기업부,10400,150,1.46,10450,10550,10300,153938,1601599400,230644544000,22177360
20211207,043340,에쎈테크,KOSDAQ,중견기업부,1005,8,0.80,1000,1005,996,103829,103923857,72360000000,72000000
20211207,187660,에이디엠코리아,KOSDAQ,벤처기업부,4910,-5,-0.10,4850,4985,4850,97366,479332845,107215987500,21836250
20211207,054630,에이디칩스,KOSDAQ,벤처기업부,785,-5,-0.63,799,799,781,346395,273463881,62571926885,79709461
20211207,200710,에이디테크놀로지,KOSDAQ,우량기업부,21750,200,0.93,21450,21900,21100,65479,1413433000,289923846000,13329832
20211207,096690,에이루트,KOSDAQ,벤처기업부,583,-9,-1.52,593,604,577,1670367,985466558,87778284968,150563096
20211207,298380,에이비엘바이오,KOSDAQ,기술성장기업부,23150,200,0.87,23150,23700,22700,814355,18942535200,1090903816250,47123275
20211207,203400,에이비온,KOSDAQ,기술성장기업부,11400,-150,-1.30,11600,12000,11300,42376,486156900,213640981800,18740437
20211207,195990,에이비프로바이오,KOSDAQ,중견기업부,925,-12,-1.28,932,939,924,2531486,2355541142,232609365200,251469584
20211207,003800,에이스침대,KOSDAQ,우량기업부,42600,150,0.35,42850,42850,42050,680,28899500,472434000000,11090000
20211207,088800,에이스테크,KOSDAQ,중견기업부,15200,900,6.29,14800,15400,14450,1119768,16682126300,664598735200,43723601
20211207,241840,에이스토리,KOSDAQ,중견기업부,28750,300,1.05,28450,29200,28450,60666,1749050450,274038100000,9531760
20211207,312610,에이에프더블류,KOSDAQ,벤처기업부,6580,20,0.30,6520,6690,6480,38164,249594300,133290323040,20256888
20211207,072990,에이치시티,KOSDAQ,중견기업부,15300,300,2.00,14950,15300,14650,62578,940396500,107032848300,6995611
20211207,227100,에이치앤비디자인,KOSDAQ,벤처기업부,9860,200,2.07,9830,10200,9700,304035,3019776230,48061574140,4874399
20211207,176440,에이치엔티,KOSDAQ,투자주의환기종목(소속부없음),1920,0,0.00,0,0,0,0,0,164619542400,85739345
20211207,028300,에이치엘비,KOSDAQ,중견기업부,36500,50,0.14,36450,37050,36100,407203,14871686350,3891267336000,106610064
20211207,067630,에이치엘비생명과학,KOSDAQ,중견기업부,12300,150,1.23,12250,12550,12050,684098,8427924600,1174626396300,95498081
20211207,047920,에이치엘비제약,KOSDAQ,기술성장기업부,14200,200,1.43,14100,14350,13950,120940,1709710450,369714863600,26036258
20211207,043220,에이치엘비파워,KOSDAQ,중견기업부,1655,20,1.22,1635,1665,1590,277989,455973125,150795948935,91115377
20211207,239610,에이치엘사이언스,KOSDAQ,우량기업부,35200,250,0.72,34950,35200,34700,7295,255488100,189802448000,5392115
20211207,353070,에이치엠씨제4호스팩,KOSDAQ,SPAC(소속부없음),2075,5,0.24,2080,2080,2070,5366,11122860,8943250000,4310000
20211207,353060,에이치엠씨제5호스팩,KOSDAQ,SPAC(소속부없음),2060,-5,-0.24,2070,2070,2060,9537,19704105,10536900000,5115000
20211207,044780,에이치케이,KOSDAQ,벤처기업부,2280,-5,-0.22,2295,2320,2250,122352,278415715,42193194360,18505787
20211207,357230,에이치피오,KOSDAQ,중견기업부,14450,-350,-2.36,14700,14900,14350,43386,627913800,288106412000,19938160
20211207,071670,에이테크솔루션,KOSDAQ,중견기업부,13900,250,1.83,13800,14450,13750,218868,3102260050,139000000000,10000000
20211207,045660,에이텍,KOSDAQ,우량기업부,22250,-300,-1.33,22800,22800,21600,157729,3483988200,183785000000,8260000
20211207,224110,에이텍티앤,KOSDAQ,벤처기업부,21250,-100,-0.47,21150,21500,20850,89904,1897189650,113475000000,5340000
20211207,230980,에이트원,KOSDAQ,벤처기업부,1710,10,0.59,1700,1760,1680,296738,508595095,101088674640,59116184
20211207,021080,에이티넘인베스트,KOSDAQ,벤처기업부,4915,-40,-0.81,5020,5060,4895,709963,3515525245,235920000000,48000000
20211207,089530,에이티세미콘,KOSDAQ,중견기업부,1480,60,4.23,1430,1540,1425,448131,665353770,45825006160,30962842
20211207,200470,에이팩트,KOSDAQ,중견기업부,6150,70,1.15,6050,6160,6020,198406,1206197360,107955132000,17553680
20211207,262260,에이프로,KOSDAQ,우량기업부,29200,200,0.69,29500,29500,28700,14986,436002650,200914279200,6880626
20211207,109960,에이프로젠 H&G,KOSDAQ,중견기업부,693,9,1.32,684,696,683,295247,203483135,123835785381,178695217
20211207,089970,에이피티씨,KOSDAQ,우량기업부,17250,-200,-1.15,17700,17700,17050,134864,2320832100,408835263750,23700595
20211207,230240,에치에프알,KOSDAQ,중견기업부,35200,-250,-0.71,35100,35850,34300,287565,10053040150,453447104000,12882020
20211207,064510,에코마이스터,KOSDAQ,관리종목(소속부없음),2750,0,0.00,0,0,0,0,0,27821777500,10117010
20211207,230360,에코마케팅,KOSDAQ,벤처기업부,17550,350,2.03,17250,17550,17100,89161,1548730450,574464658950,32733029
20211207,038870,에코바이오,KOSDAQ,중견기업부,7280,50,0.69,7250,7410,7230,34140,249708510,84528036320,11610994
20211207,128540,에코캡,KOSDAQ,벤처기업부,7460,360,5.07,7790,8370,7440,3859356,30844084170,108608648000,14558800
20211207,086520,에코프로,KOSDAQ,우량기업부,116500,-3500,-2.92,120200,121500,116300,361922,42677642700,2793165788000,23975672
20211207,247540,에코프로비엠,KOSDAQ,우량기업부,502300,-1800,-0.36,507000,517400,501200,171609,87050187400,11010147771800,21919466
20211207,383310,에코프로에이치엔,KOSDAQ,중견기업부,81300,-1200,-1.45,82800,84000,80100,187692,15230414400,1244290971600,15304932
20211207,038110,에코플라스틱,KOSDAQ,중견기업부,2815,-10,-0.35,2820,2835,2780,498674,1397651675,96186776550,34169370
20211207,073540,에프알텍,KOSDAQ,벤처기업부,3675,175,5.00,3590,3685,3520,84930,307659805,41895000000,11400000
20211207,064850,에프앤가이드,KOSDAQ,벤처기업부,11400,-200,-1.72,11600,11750,11300,25273,288931000,137712000000,12080000
20211207,064090,에프앤리퍼블릭,KOSDAQ,투자주의환기종목(소속부없음),2865,660,29.93,2710,2865,2700,316848,902794645,31484656785,10989409
20211207,036810,에프에스티,KOSDAQ,우량기업부,26100,600,2.35,25500,26150,25350,147087,3812125300,567852192900,21756789
20211207,173940,에프엔씨엔터,KOSDAQ,중견기업부,8450,10,0.12,8460,8690,8310,22681,191735470,121383236000,14364880
20211207,083500,에프엔에스테크,KOSDAQ,벤처기업부,12500,50,0.40,12500,12550,12150,141229,1756175150,104821525000,8385722
20211207,054940,엑사이엔씨,KOSDAQ,중견기업부,1355,5,0.37,1355,1380,1345,80356,109246525,44950157540,33173548
20211207,950130,엑세스바이오,KOSDAQ,외국기업(소속부없음),17000,-800,-4.49,17750,17750,16900,687777,11783634650,617363959000,36315527
20211207,205100,엑셈,KOSDAQ,벤처기업부,4295,105,2.51,4200,4395,4200,390857,1686716810,150893112535,35132273
20211207,070300,엑스큐어,KOSDAQ,벤처기업부,3940,-145,-3.55,4085,4145,3900,57176,232111200,29022331560,7366074
20211207,092870,엑시콘,KOSDAQ,우량기업부,13500,-100,-0.74,13700,13750,13400,36576,494785100,141427714500,10476127
20211207,317870,엔바이오니아,KOSDAQ,기술성장기업부,10950,50,0.46,10900,11200,10900,17017,187791950,84019952250,7673055
20211207,067570,엔브이에이치코리아,KOSDAQ,중견기업부,3975,-55,-1.36,4030,4065,3950,174246,693883275,130478230200,32824712
20211207,236810,엔비티,KOSDAQ,기술성장기업부,24950,-500,-1.96,26100,26150,24600,801412,20379421400,211768439350,8487713
20211207,333620,엔시스,KOSDAQ,벤처기업부,18600,100,0.54,18500,18750,18350,41384,766002250,196347998400,10556344
20211207,101400,엔시트론,KOSDAQ,관리종목(소속부없음),1200,-5,-0.41,1205,1220,1190,79564,95670620,38755090800,32295909
20211207,217820,엔에스,KOSDAQ,우량기업부,9920,-10,-0.10,9950,9990,9820,27033,266870700,114211311040,11513237
20211207,031860,엔에스엔,KOSDAQ,중견기업부,1120,-10,-0.88,1115,1140,1110,58123,64951575,64616170080,57693009
20211207,359090,엔에이치스팩17호,KOSDAQ,SPAC(소속부없음),2450,50,2.08,2445,2450,2385,123661,298441405,17174500000,7010000
20211207,365590,엔에이치스팩18호,KOSDAQ,SPAC(소속부없음),2545,0,0.00,0,0,0,0,0,11707000000,4600000
20211207,391060,엔에이치스팩20호,KOSDAQ,SPAC(소속부없음),2065,-5,-0.24,2065,2075,2060,93455,192987220,52657500000,25500000
20211207,391710,엔에이치스팩21호,KOSDAQ,SPAC(소속부없음),2160,15,0.70,2155,2245,2135,94952,206622770,16113600000,7460000
20211207,265740,엔에프씨,KOSDAQ,벤처기업부,13700,450,3.40,13500,13950,13500,76225,1040075600,122365660000,8931800
20211207,354200,엔젠바이오,KOSDAQ,기술성장기업부,15500,400,2.65,15000,15550,14850,39765,608569100,192601636000,12425912
20211207,208860,엔지스테크널러지,KOSDAQ,투자주의환기종목(소속부없음),2205,0,0.00,0,0,0,0,0,25233717915,11443863
20211207,183490,엔지켐생명과학,KOSDAQ,기술성장기업부,59000,1100,1.90,57900,59300,57100,50043,2926989100,491549355000,8331345
20211207,182400,엔케이맥스,KOSDAQ,기술성장기업부,20850,1400,7.20,19450,21300,19450,950123,19539337750,770091184650,36934829
20211207,348370,엔켐,KOSDAQ,벤처기업부,99700,-3300,-3.20,102600,103700,99700,202844,20441676800,1515010492400,15195692
20211207,069410,엔텔스,KOSDAQ,벤처기업부,9770,70,0.72,9700,9900,9650,124944,1219907030,100091930480,10244824
20211207,227950,엔투텍,KOSDAQ,중견기업부,1620,-5,-0.31,1625,1650,1610,360152,583527280,115929514980,71561429
20211207,291230,엔피,KOSDAQ,중견기업부,15200,-1300,-7.88,16900,17100,15200,1926694,30505672000,607997081600,39999808
20211207,198080,엔피디,KOSDAQ,우량기업부,3370,25,0.75,3345,3380,3300,46728,155803970,72573573450,21535185
20211207,048830,엔피케이,KOSDAQ,중견기업부,1975,-5,-0.25,1980,1995,1960,39755,78280720,36979747925,18723923
20211207,096870,엘디티,KOSDAQ,벤처기업부,5070,-90,-1.74,5180,5250,5000,119811,611251590,33859488000,6678400
20211207,376190,엘비루셈,KOSDAQ,중견기업부,11200,50,0.45,11250,11300,11000,71585,795194750,275520000000,24600000
20211207,061970,엘비세미콘,KOSDAQ,우량기업부,13050,100,0.77,13000,13150,12850,452671,5901809150,571388925600,43784592
20211207,138690,엘아이에스,KOSDAQ,중견기업부,4610,-250,-5.14,4860,4935,4495,109972,517597010,78944364510,17124591
20211207,290650,엘앤씨바이오,KOSDAQ,벤처기업부,36050,750,2.12,35450,36900,35200,319232,11590809000,817790320550,22684891
20211207,066970,엘앤에프,KOSDAQ,중견기업부,202000,-600,-0.30,203000,207700,201500,341646,69621982500,7031673328000,34810264
20211207,156100,엘앤케이바이오,KOSDAQ,중견기업부,10700,300,2.88,10600,11000,10250,73249,781255150,143302350100,13392743
20211207,073110,엘엠에스,KOSDAQ,벤처기업부,8990,160,1.81,8880,9010,8800,25446,226501090,79972837450,8895755
20211207,083310,엘오티베큠,KOSDAQ,우량기업부,15700,500,3.29,15300,15800,15000,180432,2795718500,279617518100,17810033
20211207,037950,엘컴텍,KOSDAQ,중견기업부,1280,-15,-1.16,1295,1310,1265,165324,211813435,108092824320,84447519
20211207,170920,엘티씨,KOSDAQ,벤처기업부,9820,-20,-0.20,9850,9910,9700,16284,159361430,78750144660,8019363
20211207,058630,엠게임,KOSDAQ,벤처기업부,12700,-700,-5.22,13600,13950,12550,2576400,33576653400,248207237900,19543877
20211207,058970,엠로,KOSDAQ,기술성장기업부,36650,1350,3.82,35100,36800,34650,62491,2259255250,198865099000,5426060
20211207,019590,엠벤처투자,KOSDAQ,중견기업부,1505,-10,-0.66,1515,1540,1490,1868340,2828618725,112314086500,74627300
20211207,169330,엠브레인,KOSDAQ,중견기업부,8550,140,1.66,8410,8600,8410,33598,287060650,76680324450,8968459
20211207,179290,엠아이텍,KOSDAQ,중견기업부,5480,240,4.58,5250,5560,5200,824967,4512470310,172515978640,31481018
20211207,009780,엠에스씨,KOSDAQ,우량기업부,5830,-40,-0.68,5830,5900,5810,7101,41557310,102608000000,17600000
20211207,123040,엠에스오토텍,KOSDAQ,중견기업부,5380,0,0.00,5430,5460,5350,80853,436970700,197528211780,36715281
20211207,323230,엠에프엠코리아,KOSDAQ,중견기업부,1730,30,1.76,1715,1745,1685,636392,1093853730,35069971800,20271660
20211207,033160,엠케이전자,KOSDAQ,우량기업부,19050,150,0.79,19100,19350,18750,255110,4852403750,415436475450,21807689
20211207,347890,엠투아이,KOSDAQ,벤처기업부,8500,-30,-0.35,8330,8640,8330,26585,226018010,142784734000,16798204
20211207,033310,엠투엔,KOSDAQ,중견기업부,11450,-150,-1.29,11550,11750,11250,344430,3930786400,461918544950,40342231
20211207,259630,엠플러스,KOSDAQ,우량기업부,15350,0,0.00,15450,15950,15100,633708,9889823450,176268885250,11483315
20211207,065150,엠피대산,KOSDAQ,관리종목(소속부없음),749,-31,-3.97,788,791,734,1028289,783393237,93836521345,125282405
20211207,115960,연우,KOSDAQ,우량기업부,22500,150,0.67,22600,22700,22050,8828,198439500,278955000000,12398000
20211207,090740,연이비앤티,KOSDAQ,관리종목(소속부없음),2105,0,0.00,0,0,0,0,0,40260402610,19126082
20211207,060850,영림원소프트랩,KOSDAQ,벤처기업부,11000,50,0.46,10900,11000,10800,11821,129081850,89441000000,8131000
20211207,007530,영신금속,KOSDAQ,중견기업부,3180,105,3.41,3050,3185,3050,183368,573416060,60974757360,19174452
20211207,143540,영우디에스피,KOSDAQ,벤처기업부,2125,60,2.91,2060,2125,2035,419910,890793095,94774776875,44599895
20211207,036560,영풍정밀,KOSDAQ,우량기업부,9090,-30,-0.33,9120,9170,9000,46762,423930210,143167500000,15750000
20211207,265560,영화테크,KOSDAQ,벤처기업부,16150,100,0.62,16000,16400,15950,71290,1147695950,172646407000,10690180
20211207,036000,예림당,KOSDAQ,중견기업부,2150,0,0.00,2195,2195,2110,38114,82070605,49523695550,23034277
20211207,250930,예선테크,KOSDAQ,벤처기업부,1945,-5,-0.26,1950,1975,1925,61419,119775890,64185855800,33000440
20211207,053280,예스24,KOSDAQ,중견기업부,9070,30,0.33,9010,9160,8990,66118,599751430,226750000000,25000000
20211207,122640,예스티,KOSDAQ,벤처기업부,12900,-350,-2.64,13400,13500,12750,206357,2691188600,223055564100,17291129
20211207,900300,오가닉티코스메틱,KOSDAQ,외국기업(소속부없음),661,-1,-0.15,662,667,655,368940,244161030,79542776169,120337029
20211207,045060,오공,KOSDAQ,우량기업부,4090,5,0.12,4090,4125,4045,16732,68316580,69292673660,16941974
20211207,080520,오디텍,KOSDAQ,벤처기업부,6310,0,0.00,6310,6400,6300,33212,210498770,74121102790,11746609
20211207,039830,오로라,KOSDAQ,우량기업부,9670,120,1.26,9560,9670,9500,25817,247087530,104077146300,10762890
20211207,322310,오로스테크놀로지,KOSDAQ,벤처기업부,31250,-2100,-6.30,33200,33650,31000,199004,6358347300,292704437500,9366542
20211207,046120,오르비텍,KOSDAQ,중견기업부,6220,-80,-1.27,6280,6380,6210,65434,410667880,155303634600,24968430
20211207,014940,오리엔탈정공,KOSDAQ,우량기업부,3795,70,1.88,3750,3810,3710,125138,471465100,172952043495,45573661
20211207,065500,오리엔트정공,KOSDAQ,투자주의환기종목(소속부없음),3250,350,12.07,2950,3475,2950,1511811,4857534060,76189464000,23442912
20211207,010470,오리콤,KOSDAQ,우량기업부,6430,40,0.63,6380,6540,6330,15098,96998780,76999571500,11975050
20211207,352910,오비고,KOSDAQ,기술성장기업부,16750,300,1.82,16600,17250,16300,192664,3233529550,191700802000,11444824
20211207,053980,오상자이엘,KOSDAQ,중견기업부,7730,-130,-1.65,7880,7890,7460,54181,415578310,137191127860,17747882
20211207,052420,오성첨단소재,KOSDAQ,우량기업부,2505,5,0.20,2500,2540,2490,287824,720757330,180779126580,72167316
20211207,241790,오션브릿지,KOSDAQ,우량기업부,15050,150,1.01,15050,15050,14750,39817,593333950,150539641700,10002634
20211207,039200,오스코텍,KOSDAQ,벤처기업부,31700,1050,3.43,30800,31700,30100,257418,8059947400,957546842500,30206525
20211207,226400,오스테오닉,KOSDAQ,기술성장기업부,3775,20,0.53,3800,3800,3725,21315,80146860,63318278850,16773054
20211207,031510,오스템,KOSDAQ,중견기업부,2340,5,0.21,2320,2360,2320,42818,100034320,65520000000,28000000
20211207,048260,오스템임플란트,KOSDAQ,우량기업부,140800,7400,5.55,133400,143300,133400,442393,61687007700,2011428953600,14285717
20211207,138080,오이솔루션,KOSDAQ,우량기업부,33550,1100,3.39,33100,34000,32850,107381,3593321600,356438387250,10624095
20211207,080580,오킨스전자,KOSDAQ,벤처기업부,22750,-250,-1.09,23050,23300,22450,42623,967184900,402204029500,17679298
20211207,067170,오텍,KOSDAQ,우량기업부,10650,-200,-1.84,10900,10900,10600,212182,2275694850,163920593250,15391605
20211207,173130,오파스넷,KOSDAQ,중견기업부,3975,10,0.25,3970,4000,3920,28060,110688455,47145209250,11860430
20211207,049480,오픈베이스,KOSDAQ,중견기업부,3920,340,9.50,3620,4235,3605,26219159,105906118335,123175741360,31422383
20211207,309930,오하임아이엔티,KOSDAQ,중견기업부,4860,70,1.46,4800,5000,4800,155026,761574750,99667378260,20507691
20211207,244460,올리패스,KOSDAQ,기술성장기업부,9370,520,5.88,8850,9370,8830,133606,1231541790,241994979640,25826572
20211207,226950,올릭스,KOSDAQ,기술성장기업부,38600,900,2.39,37700,38850,37700,74962,2880873400,528941976000,13703160
20211207,057540,옴니시스템,KOSDAQ,우량기업부,2860,225,8.54,2620,2860,2580,15747527,43725373530,132845155300,46449355
20211207,082210,옵트론텍,KOSDAQ,중견기업부,8480,90,1.07,8430,8570,8310,394459,3336566340,206776294560,24383997
20211207,109080,옵티시스,KOSDAQ,벤처기업부,19900,-100,-0.50,20050,20400,19800,65333,1308518500,112156400000,5636000
20211207,153710,옵티팜,KOSDAQ,기술성장기업부,9460,340,3.73,9060,9470,9060,27356,254562410,138016272680,14589458
20211207,321820,와이더플래닛,KOSDAQ,기술성장기업부,18850,-250,-1.31,19100,19500,18750,17979,340628950,130017535700,6897482
20211207,122990,와이솔,KOSDAQ,우량기업부,10650,350,3.40,10300,10750,10300,287907,3052960400,300190921650,28186941
20211207,232140,와이아이케이,KOSDAQ,우량기업부,6030,40,0.67,6050,6060,5870,492332,2937678190,494733460500,82045350
20211207,065530,와이어블,KOSDAQ,중견기업부,3345,5,0.15,3415,3415,3260,794787,2657909165,176816700000,52860000
20211207,067900,와이엔텍,KOSDAQ,우량기업부,11000,50,0.46,11000,11000,10750,65478,712302350,200196249000,18199659
20211207,155650,와이엠씨,KOSDAQ,우량기업부,7660,160,2.13,7480,7720,7380,291456,2187059610,153003582280,19974358
20211207,273640,와이엠텍,KOSDAQ,벤처기업부,37600,100,0.27,37700,38900,37600,65863,2521819150,206160800000,5483000
20211207,251370,와이엠티,KOSDAQ,우량기업부,19700,50,0.25,19800,19800,19400,27420,535491800,294613066600,14954978
20211207,066430,와이오엠,KOSDAQ,중견기업부,2010,-30,-1.47,2040,2075,2010,40107,81326625,32984835660,16410366
20211207,193250,와이제이엠게임즈,KOSDAQ,중견기업부,3590,-360,-9.11,3915,4000,3585,9403434,35442521600,205288976810,57183559
20211207,273060,와이즈버즈,KOSDAQ,중견기업부,1770,10,0.57,1790,1790,1745,44542,78282025,85954283340,48561742
20211207,019210,와이지-원,KOSDAQ,중견기업부,7770,100,1.30,7680,7800,7490,213121,1627528430,237558573630,30573819
20211207,122870,와이지엔터테인먼트,KOSDAQ,중견기업부,56300,1900,3.49,55700,57900,54500,567217,32003075400,1038249074700,18441369
20211207,332570,와이팜,KOSDAQ,우량기업부,8110,40,0.50,8100,8170,7990,80305,648115410,301216397160,37141356
20211207,079000,와토스코리아,KOSDAQ,중견기업부,6120,60,0.99,6060,6130,6030,6834,41468950,44064000000,7200000
20211207,032820,우리기술,KOSDAQ,벤처기업부,1715,0,0.00,1715,1735,1700,876717,1500877740,245291184950,143026930
20211207,041190,우리기술투자,KOSDAQ,벤처기업부,9330,90,0.97,9360,9520,9210,2257956,21105043620,783720000000,84000000
20211207,115440,우리넷,KOSDAQ,벤처기업부,7900,230,3.00,7510,8060,7510,78874,617188790,72181857600,9136944
20211207,046970,우리로,KOSDAQ,관리종목(소속부없음),1910,0,0.00,0,0,0,0,0,61214800940,32049634
20211207,082850,우리바이오,KOSDAQ,중견기업부,4210,-195,-4.43,4255,4285,4145,748779,3156861750,194405830970,46177157
20211207,215360,우리산업,KOSDAQ,우량기업부,20900,250,1.21,20900,21100,20750,46893,979933450,190862206700,9132163
20211207,072470,우리산업홀딩스,KOSDAQ,중견기업부,6070,-20,-0.33,6160,6260,6050,178469,1096387020,114646159870,18887341
20211207,073560,우리손에프앤지,KOSDAQ,우량기업부,2175,30,1.40,2155,2185,2145,327099,708194205,150591873525,69237643
20211207,153490,우리이앤엘,KOSDAQ,중견기업부,1605,-5,-0.31,1620,1630,1600,169982,274359515,82625400000,51480000
20211207,037400,우리조명,KOSDAQ,중견기업부,2755,5,0.18,2750,2775,2720,75521,206961350,72245318230,26223346
20211207,101170,우림피티에스,KOSDAQ,벤처기업부,3775,0,0.00,3770,3815,3725,20272,76450985,50962500000,13500000
20211207,066590,우수AMS,KOSDAQ,중견기업부,4270,15,0.35,4280,4320,4240,54920,235360150,152089287000,35618100
20211207,103840,우양,KOSDAQ,중견기업부,4600,-15,-0.33,4625,4630,4415,14003,63906505,65586800000,14258000
20211207,046940,우원개발,KOSDAQ,우량기업부,5080,0,0.00,5100,5190,5050,41417,210818220,91817698000,18074350
20211207,215380,우정바이오,KOSDAQ,벤처기업부,6310,-270,-4.10,6610,6610,6200,153157,964992990,77443324100,12273110
20211207,065680,우주일렉트로,KOSDAQ,우량기업부,27950,1200,4.49,27250,28300,26550,223245,6196493700,277661449000,9934220
20211207,018620,우진비앤지,KOSDAQ,벤처기업부,2095,20,0.96,2100,2105,2065,89708,187046075,60523068835,28889293
20211207,307280,원바이오젠,KOSDAQ,벤처기업부,2125,90,4.42,2050,2125,2035,469617,972014630,77465617000,36454408
20211207,053080,원방테크,KOSDAQ,우량기업부,13900,-50,-0.36,14050,14300,13750,111570,1559105450,180697317300,12999807
20211207,032940,원익,KOSDAQ,벤처기업부,4390,-5,-0.11,4420,4430,4340,26133,114318905,79868279700,18193230
20211207,240810,원익IPS,KOSDAQ,우량기업부,43200,400,0.93,43350,43350,42450,545419,23405582750,2120424523200,49083901
20211207,074600,원익QnC,KOSDAQ,우량기업부,28650,-500,-1.72,29200,29350,28350,320766,9209308700,753151200000,26288000
20211207,104830,원익머트리얼즈,KOSDAQ,우량기업부,34500,700,2.07,34400,35300,33850,150721,5213421250,434976000000,12608000
20211207,014190,원익큐브,KOSDAQ,중견기업부,3485,-65,-1.83,3590,3600,3480,586354,2061472320,123368672410,35399906
20211207,131390,원익피앤이,KOSDAQ,우량기업부,27800,-150,-0.54,28150,28150,27250,135164,3731154350,411965698000,14818910
20211207,030530,원익홀딩스,KOSDAQ,우량기업부,4980,-10,-0.20,5000,5030,4915,246399,1224728795,384645145380,77237981
20211207,012620,원일특강,KOSDAQ,우량기업부,13500,-300,-2.17,13850,14000,13250,33269,451475500,59400000000,4400000
20211207,382840,원준,KOSDAQ,벤처기업부,86400,-2000,-2.26,89400,89900,86000,31281,2719502100,433744502400,5020191
20211207,376980,원티드랩,KOSDAQ,기술성장기업부,34600,2000,6.13,33000,34600,32850,184944,6229084250,325452305600,9406136
20211207,008370,원풍,KOSDAQ,중견기업부,5250,40,0.77,5220,5450,5210,261632,1390242100,63000000000,12000000
20211207,008290,원풍물산,KOSDAQ,투자주의환기종목(소속부없음),1355,-5,-0.37,1360,1460,1355,494346,694783295,55139935045,40693679
20211207,101160,월덱스,KOSDAQ,우량기업부,30700,250,0.82,30550,31400,29650,444198,13612497150,506887485100,16510993
20211207,095270,웨이브일렉트로,KOSDAQ,관리종목(소속부없음),5270,200,3.94,5200,5280,5010,72695,375149150,78898519120,14971256
20211207,065950,웰크론,KOSDAQ,우량기업부,4300,-20,-0.46,4265,4325,4265,115689,495635280,121394598600,28231302
20211207,076080,웰크론한텍,KOSDAQ,중견기업부,4015,-50,-1.23,4065,4085,4010,139361,562590585,83579235190,20816746
20211207,196700,웹스,KOSDAQ,벤처기업부,6040,-10,-0.17,6010,6400,5910,1687062,10317213530,86759429760,14364144
20211207,069080,웹젠,KOSDAQ,우량기업부,24900,-500,-1.97,25450,25550,24750,251300,6287187750,879241011600,35310884
20211207,053580,웹케시,KOSDAQ,우량기업부,25950,350,1.37,25600,25950,25450,9703,249892250,357753135600,13786248
20211207,071460,위니아딤채,KOSDAQ,중견기업부,3665,5,0.14,3660,3700,3600,58102,211363115,131820136175,35967295
20211207,044340,위닉스,KOSDAQ,우량기업부,20300,300,1.50,20000,20400,20000,62123,1257460800,362830527500,17873425
20211207,330350,위더스제약,KOSDAQ,우량기업부,10100,280,2.85,9730,10200,9730,42504,425070710,133205082200,13188622
20211207,348350,위드텍,KOSDAQ,우량기업부,19050,50,0.26,19000,19150,18900,9337,177560200,193997580000,10183600
20211207,112040,위메이드,KOSDAQ,중견기업부,156000,-5500,-3.41,166400,166400,151400,2502173,391171947300,5198273808000,33322268
20211207,101730,위메이드맥스,KOSDAQ,관리종목(소속부없음),44600,-6300,-12.38,52900,53300,43000,2635174,123786311050,704485321000,15795635
20211207,065370,위세아이텍,KOSDAQ,중견기업부,16000,50,0.31,16100,16100,15500,61103,968106500,105213984000,6575874
20211207,038620,위즈코프,KOSDAQ,중견기업부,2850,40,1.42,2825,2910,2750,2498864,7116197390,177342444150,62225419
20211207,299900,위지윅스튜디오,KOSDAQ,중견기업부,41750,-1200,-2.79,43500,44250,40250,1275928,53173449650,1784070226750,42732221
20211207,036090,위지트,KOSDAQ,중견기업부,1765,-95,-5.11,1895,1910,1745,19865830,36157936695,159258394525,90231385
20211207,136540,윈스,KOSDAQ,우량기업부,16800,-200,-1.18,17000,17050,16650,66392,1114614850,205155938400,12211663
20211207,320000,윈텍,KOSDAQ,중견기업부,2630,30,1.15,2600,2635,2560,27018,69939200,48652759240,18499148
20211207,097800,윈팩,KOSDAQ,벤처기업부,2065,0,0.00,2065,2090,2020,132796,271098650,102562646165,49667141
20211207,192390,윈하이텍,KOSDAQ,중견기업부,3910,-55,-1.39,3930,4045,3850,48462,190575580,41668463360,10656896
20211207,313760,윌링스,KOSDAQ,중견기업부,19150,0,0.00,19500,19800,18700,87097,1676619700,93107300000,4862000
20211207,900340,윙입푸드,KOSDAQ,외국기업(소속부없음),1140,35,3.17,1110,1160,1105,153282,171689485,54689707920,47973428
20211207,036200,유니셈,KOSDAQ,우량기업부,14750,-50,-0.34,14850,14950,14500,429905,6329873950,452297289250,30664223
20211207,018000,유니슨,KOSDAQ,중견기업부,2920,75,2.64,2860,2940,2860,527327,1532650005,355500740680,121746829
20211207,203450,유니온커뮤니티,KOSDAQ,벤처기업부,3875,-40,-1.02,3915,3945,3815,13626,52911565,56881152125,14679007
20211207,011320,유니크,KOSDAQ,중견기업부,6530,30,0.46,6500,6570,6450,61254,398748570,126164138350,19320695
20211207,086390,유니테스트,KOSDAQ,우량기업부,29350,-550,-1.84,29900,30250,29350,203032,6007030000,620286598100,21134126
20211207,241690,유니테크노,KOSDAQ,우량기업부,8640,-70,-0.80,8660,8880,8620,109452,955028460,216099921600,25011565
20211207,142210,유니트론텍,KOSDAQ,중견기업부,5940,120,2.06,5820,5950,5760,76583,448326580,74611924200,12560930
20211207,048430,유라테크,KOSDAQ,우량기업부,10800,-50,-0.46,10900,10950,10700,100363,1084752900,124416000000,11520000
20211207,206650,유바이오로직스,KOSDAQ,기술성장기업부,41000,-200,-0.49,40150,41500,40050,362361,14808986400,1485401587000,36229307
20211207,089850,유비벨록스,KOSDAQ,우량기업부,15900,100,0.63,15800,16200,15600,224165,3564481550,113139582300,7115697
20211207,032620,유비케어,KOSDAQ,우량기업부,7790,-70,-0.89,7790,7890,7630,286297,2216526020,406615712810,52197139
20211207,264450,유비쿼스,KOSDAQ,우량기업부,22150,100,0.45,22150,22350,21750,66035,1458582800,226942387900,10245706
20211207,078070,유비쿼스홀딩스,KOSDAQ,우량기업부,17150,550,3.31,16500,17150,16500,62641,1059358450,320647170200,18696628
20211207,024800,유성티엔에스,KOSDAQ,우량기업부,3105,-25,-0.80,3160,3160,3100,37229,115874545,97120108890,31278618
20211207,054930,유신,KOSDAQ,중견기업부,18250,150,0.83,18100,18250,17750,6729,121138950,54750000000,3000000
20211207,069330,유아이디,KOSDAQ,관리종목(소속부없음),2615,25,0.97,2590,2640,2575,25998,67727435,35510973030,13579722
20211207,049520,유아이엘,KOSDAQ,중견기업부,2610,-25,-0.95,2640,2650,2605,30635,80472425,56858682960,21784936
20211207,336060,유안타제5호스팩,KOSDAQ,SPAC(소속부없음),3560,-50,-1.39,3730,3730,3340,1668498,5878117780,21110800000,5930000
20211207,367460,유안타제7호스팩,KOSDAQ,SPAC(소속부없음),2155,-45,-2.05,2220,2225,2150,5050,10932430,11852500000,5500000
20211207,367480,유안타제8호스팩,KOSDAQ,SPAC(소속부없음),2140,20,0.94,2110,2145,2105,8082,17060465,13888600000,6490000
20211207,056090,유앤아이,KOSDAQ,기술성장기업부,4665,45,0.97,4620,4725,4620,6617,30770935,43276850460,9276924
20211207,263770,유에스티,KOSDAQ,우량기업부,4235,0,0.00,4235,4265,4180,22777,95828450,100370228420,23700172
20211207,340930,유일에너테크,KOSDAQ,벤처기업부,18800,50,0.27,18800,18950,18500,89715,1673002800,200685187200,10674744
20211207,023410,유진기업,KOSDAQ,우량기업부,4730,55,1.18,4685,4765,4685,192769,911162250,365680381990,77310863
20211207,056080,유진로봇,KOSDAQ,벤처기업부,3160,50,1.61,3155,3200,3110,73588,232705715,118538400320,37512152
20211207,373340,유진스팩6호,KOSDAQ,SPAC(소속부없음),2180,-20,-0.91,2200,2200,2170,10407,22657895,6583600000,3020000
20211207,388800,유진스팩7호,KOSDAQ,SPAC(소속부없음),2145,-5,-0.23,2135,2155,2130,39862,85187105,10746450000,5010000
20211207,084370,유진테크,KOSDAQ,우량기업부,50300,400,0.80,50300,50600,49300,136879,6850545850,1152676912600,22916042
20211207,178780,유테크,KOSDAQ,관리종목(소속부없음),1730,0,0.00,0,0,0,0,0,60240302320,34820984
20211207,179900,유티아이,KOSDAQ,우량기업부,14950,450,3.10,14550,15450,14350,165700,2492693900,242293080250,16206895
20211207,263050,유틸렉스,KOSDAQ,기술성장기업부,23100,3100,15.50,20450,23700,20250,426378,9561917650,357576080400,15479484
20211207,191410,육일씨엔에쓰,KOSDAQ,중견기업부,4625,180,4.05,4475,4755,4445,169236,784513195,43303976750,9363022
20211207,072770,율호,KOSDAQ,중견기업부,1875,25,1.35,1850,1915,1840,596529,1121264700,79217705625,42249443
20211207,039020,이건홀딩스,KOSDAQ,우량기업부,5200,-60,-1.14,5280,5290,5150,84259,441312730,117440486800,22584709
20211207,067920,이글루시큐리티,KOSDAQ,벤처기업부,7070,0,0.00,7070,7150,6990,5268,37034330,77742561330,10996119
20211207,044960,이글벳,KOSDAQ,중견기업부,8240,170,2.11,8070,8360,7990,191824,1569864970,104169115920,12641883
20211207,303530,이노뎁,KOSDAQ,벤처기업부,25950,-1500,-5.46,27200,27750,25800,504907,13432003450,189501146550,7302549
20211207,302430,이노메트리,KOSDAQ,벤처기업부,15200,1050,7.42,14200,15600,14150,234429,3552626700,149464761600,9833208
20211207,073490,이노와이어리스,KOSDAQ,우량기업부,46550,-50,-0.11,46850,47900,46150,106744,5009959400,313632673200,6737544
20211207,215790,이노인스트루먼트,KOSDAQ,중견기업부,1900,15,0.80,1895,1930,1880,177761,338222685,76537983100,40283149
20211207,246960,이노테라피,KOSDAQ,기술성장기업부,11650,-50,-0.43,11550,11900,11350,20663,237927300,58764743600,5044184
20211207,088390,이녹스,KOSDAQ,중견기업부,34600,-1100,-3.08,35600,38100,34000,369843,13504196100,323539202400,9350844
20211207,272290,이녹스첨단소재,KOSDAQ,우량기업부,46950,5900,14.37,41750,47550,41600,4658136,214615301300,922175843100,19641658
20211207,053350,이니텍,KOSDAQ,중견기업부,5280,200,3.94,5090,5350,5080,74838,394410210,104496036480,19790916
20211207,258610,이더블유케이,KOSDAQ,벤처기업부,5760,-90,-1.54,5880,5950,5750,22657,131951980,101569380480,17633573
20211207,041520,이라이콤,KOSDAQ,우량기업부,8130,40,0.49,8030,8170,8020,18309,148197710,99094374900,12188730
20211207,264850,이랜시스,KOSDAQ,중견기업부,2840,-65,-2.24,2920,2935,2840,32976,94402405,81655146080,28751812
20211207,054210,이랜텍,KOSDAQ,중견기업부,12050,200,1.69,12500,12850,11900,760256,9435523150,304759080500,25291210
20211207,164060,이루다,KOSDAQ,벤처기업부,12000,0,0.00,12000,12200,11750,507831,6095891450,93780720000,7815060
20211207,065440,이루온,KOSDAQ,벤처기업부,2590,100,4.02,2490,2720,2490,4239171,11044746425,70642301800,27275020
20211207,115610,이미지스,KOSDAQ,관리종목(소속부없음),2255,-10,-0.44,2265,2320,2185,306099,683736050,34565262380,15328276
20211207,349720,이베스트스팩5호,KOSDAQ,SPAC(소속부없음),2145,45,2.14,2130,2205,2100,2769,5948955,7764900000,3620000
20211207,323210,이베스트이안스팩1호,KOSDAQ,SPAC(소속부없음),2040,0,0.00,2040,2045,2035,7712,15729405,6528000000,3200000
20211207,078020,이베스트투자증권,KOSDAQ,우량기업부,8620,90,1.06,8550,8640,8540,57204,491582930,478247857800,55481190
20211207,131400,이브이첨단소재,KOSDAQ,벤처기업부,1560,20,1.30,1545,1575,1540,181764,282470490,72999048720,46794262
20211207,351330,이삭엔지니어링,KOSDAQ,벤처기업부,12050,150,1.26,11950,12350,11950,12259,149350200,99876666000,8288520
20211207,080010,이상네트웍스,KOSDAQ,중견기업부,7250,80,1.12,7210,7350,7180,13251,95983660,65358750000,9015000
20211207,086890,이수앱지스,KOSDAQ,기술성장기업부,9630,10,0.10,9500,9690,9500,143407,1375493660,319549092840,33182668
20211207,047560,이스트소프트,KOSDAQ,벤처기업부,16450,-1100,-6.27,17750,17850,16400,354357,5980437850,187120921400,11375132
20211207,900110,이스트아시아홀딩스,KOSDAQ,외국기업(소속부없음),157,1,0.64,156,157,155,417704,65268914,26613031849,169509757
20211207,067010,이씨에스,KOSDAQ,벤처기업부,6130,-150,-2.39,6260,6270,6070,465893,2854128100,75362220000,12294000
20211207,101360,이엔드디,KOSDAQ,우량기업부,29600,700,2.42,29200,29850,28800,65984,1942233350,305483336800,10320383
20211207,102710,이엔에프테크놀로지,KOSDAQ,우량기업부,30550,0,0.00,30450,31000,29950,74327,2269316350,436493389800,14287836
20211207,066980,이엔코퍼레이션,KOSDAQ,중견기업부,4765,-25,-0.52,4800,4865,4735,155279,740978205,183835000845,38580273
20211207,063760,이엘피,KOSDAQ,벤처기업부,7660,60,0.79,7610,7720,7500,67600,512871670,71430495800,9325130
20211207,123570,이엠넷,KOSDAQ,중견기업부,6270,210,3.47,6060,6270,6060,130088,800078700,139671009060,22276078
20211207,083470,이엠앤아이,KOSDAQ,관리종목(소속부없음),2775,0,0.00,0,0,0,0,0,43601513175,15712257
20211207,095190,이엠코리아,KOSDAQ,중견기업부,4125,0,0.00,4105,4170,4105,106140,437739735,175646777625,42581037
20211207,091120,이엠텍,KOSDAQ,우량기업부,24200,1500,6.61,23000,24300,23000,201765,4795772250,384488051200,15887936
20211207,039030,이오테크닉스,KOSDAQ,우량기업부,112100,-200,-0.18,112300,113400,111300,42646,4777084400,1381021555000,12319550
20211207,294090,이오플로우,KOSDAQ,기술성장기업부,45100,1350,3.09,43750,46500,43400,96334,4328305950,520663940500,11544655
20211207,088290,이원컴포텍,KOSDAQ,중견기업부,8440,230,2.80,8290,8530,8280,160922,1355133020,191050414200,22636305
20211207,181340,이즈미디어,KOSDAQ,벤처기업부,20850,-300,-1.42,21150,22000,19950,270952,5638299550,148454085000,7120100
20211207,353810,이지바이오,KOSDAQ,중견기업부,4530,15,0.33,4520,4565,4490,39723,179517340,154888491600,34191720
20211207,099750,이지케어텍,KOSDAQ,우량기업부,37800,-700,-1.82,38000,38450,37250,42813,1614719800,241390800000,6386000
20211207,035810,이지홀딩스,KOSDAQ,우량기업부,3965,45,1.15,3920,3980,3920,186810,736321010,258303275425,65145845
20211207,160600,이큐셀,KOSDAQ,관리종목(소속부없음),3100,0,0.00,0,0,0,0,0,42720312600,13780746
20211207,092130,이크레더블,KOSDAQ,중견기업부,19700,0,0.00,19850,19900,19650,3542,69999450,237258920000,12043600
20211207,096040,이트론,KOSDAQ,중견기업부,462,2,0.43,456,466,456,8091877,3728501370,242364621576,524598748
20211207,134060,이퓨쳐,KOSDAQ,벤처기업부,8190,20,0.24,8170,8240,8030,11445,92827070,39060157500,4769250
20211207,001840,이화공영,KOSDAQ,중견기업부,5650,-10,-0.18,5700,5900,5500,113449,645688710,111902544000,19805760
20211207,024810,이화전기,KOSDAQ,중견기업부,1610,5,0.31,1610,1620,1585,550513,883737475,134376433030,83463623
20211207,041830,인바디,KOSDAQ,우량기업부,23000,100,0.44,22950,23300,22750,31151,717377900,314726986000,13683782
20211207,352940,인바이오,KOSDAQ,벤처기업부,7370,150,2.08,7230,7380,7230,15990,117202030,80095170100,10867730
20211207,079950,인베니아,KOSDAQ,중견기업부,2550,20,0.79,2530,2550,2515,120875,306857600,59160000000,23200000
20211207,277410,인산가,KOSDAQ,벤처기업부,2130,20,0.95,2110,2135,2100,130407,276344490,67869039870,31863399
20211207,060150,인선이엔티,KOSDAQ,우량기업부,10800,150,1.41,10700,10900,10550,284292,3049861250,502887009600,46563612
20211207,033230,인성정보,KOSDAQ,중견기업부,3045,-60,-1.93,3080,3190,3030,2014901,6244917255,119410832100,39215380
20211207,037330,인지디스플레,KOSDAQ,우량기업부,2895,-30,-1.03,2925,2965,2895,67329,196561515,127047723480,43885224
20211207,083640,인콘,KOSDAQ,벤처기업부,1715,5,0.29,1725,1740,1690,181844,310115020,76589788835,44658769
20211207,216050,인크로스,KOSDAQ,중견기업부,47100,300,0.64,46800,47500,46250,16189,759916150,379474196700,8056777
20211207,049070,인탑스,KOSDAQ,우량기업부,27050,1050,4.04,26850,27800,26600,644038,17433249950,465260000000,17200000
20211207,119610,인터로조,KOSDAQ,우량기업부,27550,450,1.66,27600,27650,27150,26176,718321800,357244899850,12967147
20211207,017250,인터엠,KOSDAQ,투자주의환기종목(소속부없음),1355,-5,-0.37,1360,1375,1325,10254,13859780,28516607785,21045467
20211207,035080,인터파크,KOSDAQ,중견기업부,5710,50,0.88,5700,5900,5600,4067572,23513091680,463590120730,81189163
20211207,051370,인터플렉스,KOSDAQ,중견기업부,12550,-100,-0.79,12700,12750,12500,44325,557849000,292759773600,23327472
20211207,064290,인텍플러스,KOSDAQ,벤처기업부,24600,-450,-1.80,25600,25600,24500,87589,2172265650,312369865200,12697962
20211207,189300,인텔리안테크,KOSDAQ,우량기업부,79500,-1000,-1.24,79900,82400,79000,162189,13052934400,730101685500,9183669
20211207,150840,인트로메딕,KOSDAQ,기술성장기업부,7640,0,0.00,0,0,0,0,0,292107912800,38234020
20211207,048530,인트론바이오,KOSDAQ,기술성장기업부,22800,400,1.79,22200,23100,21800,417308,9401024800,763197145200,33473559
20211207,175140,인포마크,KOSDAQ,관리종목(소속부없음),8240,-20,-0.24,8260,8470,8110,9205,75863730,41812133120,5074288
20211207,115310,인포바인,KOSDAQ,벤처기업부,24650,-600,-2.38,25250,25300,24450,5372,132697300,78704565950,3192883
20211207,039290,인포뱅크,KOSDAQ,중견기업부,14050,-50,-0.35,14000,14300,13700,420409,5882164300,122150390900,8693978
20211207,071200,인피니트헬스케어,KOSDAQ,중견기업부,7050,20,0.28,7050,7080,6920,51332,359111400,171995028900,24396458
20211207,016670,인피니티엔티,KOSDAQ,투자주의환기종목(소속부없음),973,0,0.00,0,0,0,0,0,97551057352,100258024
20211207,101930,인화정공,KOSDAQ,우량기업부,12300,550,4.68,11950,12500,11650,35874,434641900,114779971500,9331705
20211207,333430,일승,KOSDAQ,중견기업부,2255,-5,-0.22,2290,2300,2245,105233,238379555,69288814485,30726747
20211207,068330,일신바이오,KOSDAQ,중견기업부,3800,60,1.60,3770,3825,3720,224800,849406985,168021332000,44216140
20211207,058450,일야,KOSDAQ,관리종목(소속부없음),685,0,0.00,0,0,0,0,0,21741900000,31740000
20211207,019540,일지테크,KOSDAQ,중견기업부,3350,-5,-0.15,3355,3405,3320,29284,97996680,45270225000,13513500
20211207,094820,일진파워,KOSDAQ,우량기업부,18350,400,2.23,18000,18800,17850,1532225,28034913250,276694310150,15078709
20211207,950140,잉글우드랩,KOSDAQ,외국기업(소속부없음),7850,370,4.95,7530,7870,7440,120412,924580620,155962748100,19867866
20211207,049550,잉크테크,KOSDAQ,벤처기업부,7520,90,1.21,7440,7670,7400,14311,107233610,145842556640,19393957
20211207,254120,자비스,KOSDAQ,기술성장기업부,2290,-10,-0.43,2320,2335,2275,76804,176524440,50797276930,22182217
20211207,221610,자안바이오,KOSDAQ,관리종목(소속부없음),2995,0,0.00,0,0,0,0,0,19931117015,6654797
20211207,043910,자연과환경,KOSDAQ,중견기업부,1555,25,1.63,1535,1570,1525,1001212,1549976035,96087639170,61792694
20211207,234920,자이글,KOSDAQ,벤처기업부,3400,-80,-2.30,3450,3480,3290,31856,106913190,46005094000,13530910
20211207,289220,자이언트스텝,KOSDAQ,기술성장기업부,119700,-6000,-4.77,127500,136300,116700,378551,47768042700,1155795070500,9655765
20211207,174880,장원테크,KOSDAQ,중견기업부,2950,-40,-1.34,2990,3060,2930,147271,436032455,56431886350,19129453
20211207,049630,재영솔루텍,KOSDAQ,중견기업부,1015,-15,-1.46,1025,1035,1010,446235,454787725,82039444585,80827039
20211207,110020,전진바이오팜,KOSDAQ,기술성장기업부,6530,-570,-8.03,7020,7110,6520,77282,525418130,41409139570,6341369
20211207,208140,정다운,KOSDAQ,우량기업부,2700,45,1.69,2655,2705,2625,168911,450408270,87830524800,32529824
20211207,022220,정산애강,KOSDAQ,우량기업부,1975,5,0.25,1985,1985,1940,160344,315568600,102294293525,51794579
20211207,040420,정상제이엘에스,KOSDAQ,우량기업부,7850,-10,-0.13,7880,7880,7830,25358,198969550,123068783200,15677552
20211207,045510,정원엔시스,KOSDAQ,중견기업부,2625,-170,-6.08,2780,2820,2600,1022402,2742294120,84549391500,32209292
20211207,217190,제너셈,KOSDAQ,벤처기업부,8130,-60,-0.73,8240,8280,8050,37894,307939850,71293384620,8769174
20211207,095700,제넥신,KOSDAQ,기술성장기업부,61200,900,1.49,60200,61800,59900,116505,7100955200,1531782878400,25029132
20211207,072520,제넨바이오,KOSDAQ,벤처기업부,899,11,1.24,887,903,878,1114873,996098851,188064365857,209192843
20211207,122310,제노레이,KOSDAQ,우량기업부,9210,240,2.68,8970,9210,8970,14288,130216200,134040903240,14553844
20211207,361390,제노코,KOSDAQ,기술성장기업부,48150,5200,12.11,43450,49500,43450,382628,17839229800,117589041000,2442140
20211207,187420,제노포커스,KOSDAQ,기술성장기업부,8810,140,1.61,8740,8880,8560,59554,519398410,198216278100,22499010
20211207,225220,제놀루션,KOSDAQ,기술성장기업부,15600,200,1.30,15400,15600,15000,183571,2825720800,149248008000,9567180
20211207,123330,제닉,KOSDAQ,벤처기업부,6210,100,1.64,6120,6360,6110,15597,96268740,43470000000,7000000
20211207,159580,제로투세븐,KOSDAQ,중견기업부,10550,450,4.46,10150,10800,9930,267655,2807676980,211344309800,20032636
20211207,147830,제룡산업,KOSDAQ,벤처기업부,3540,-25,-0.70,3550,3600,3485,80111,282214205,70800000000,20000000
20211207,033100,제룡전기,KOSDAQ,벤처기업부,5050,-30,-0.59,5050,5150,5040,22331,113076750,81115165450,16062409
20211207,079370,제우스,KOSDAQ,우량기업부,21050,250,1.20,20900,21200,20450,115804,2414312200,218583200000,10384000
20211207,054950,제이브이엠,KOSDAQ,우량기업부,14000,50,0.36,14150,14150,13700,28921,402139300,169258488000,12089892
20211207,090470,제이스텍,KOSDAQ,중견기업부,6340,50,0.79,6240,6350,6230,16409,103122160,92550102720,14597808
20211207,287410,제이시스메디칼,KOSDAQ,벤처기업부,8630,670,8.42,7900,9000,7900,8977065,76629960990,615314443360,71299472
20211207,137950,제이씨케미칼,KOSDAQ,우량기업부,8330,-80,-0.95,8410,8450,8280,137399,1144568240,185490890620,22267814
20211207,033320,제이씨현시스템,KOSDAQ,우량기업부,6620,100,1.53,6550,6680,6490,122828,809197010,126537539840,19114432
20211207,204270,제이앤티씨,KOSDAQ,우량기업부,7400,200,2.78,7210,7400,7170,60180,436535230,428078648400,57848466
20211207,026040,제이에스티나,KOSDAQ,중견기업부,3445,-185,-5.10,3600,3610,3415,118183,409364215,56855556550,16503790
20211207,126880,제이엔케이히터,KOSDAQ,벤처기업부,6110,10,0.16,6090,6180,6090,66674,408058130,141781957330,23204903
20211207,322510,제이엘케이,KOSDAQ,기술성장기업부,6270,560,9.81,5740,6290,5710,139784,852198920,95059401030,15160989
20211207,033050,제이엠아이,KOSDAQ,중견기업부,1290,10,0.78,1295,1315,1280,205067,264929545,42027351180,32579342
20211207,094970,제이엠티,KOSDAQ,중견기업부,3815,45,1.19,3770,3815,3750,95982,363270075,63894535600,16748240
20211207,058420,제이웨이,KOSDAQ,투자주의환기종목(소속부없음),2160,0,0.00,0,0,0,0,0,7799412240,3610839
20211207,089790,제이티,KOSDAQ,벤처기업부,10350,300,2.99,10100,10650,9980,850242,8819984080,106765559550,10315513
20211207,052670,제일바이오,KOSDAQ,중견기업부,3305,30,0.92,3285,3365,3250,448043,1477245530,96271556520,29129064
20211207,199820,제일전기공업,KOSDAQ,벤처기업부,18550,250,1.37,18300,18550,18200,44549,821157100,206090500000,11110000
20211207,023440,제일제강,KOSDAQ,중견기업부,2625,-15,-0.57,2625,2640,2590,130529,341775960,91393176000,34816448
20211207,038010,제일테크노스,KOSDAQ,중견기업부,8650,-110,-1.26,8670,8950,8430,949554,8208517870,77850000000,9000000
20211207,276730,제주맥주,KOSDAQ,기술성장기업부,2575,55,2.18,2515,2585,2510,183541,467334880,145627093325,56554211
20211207,080220,제주반도체,KOSDAQ,우량기업부,6650,-10,-0.15,6680,6890,6520,8898253,59845230800,229044839450,34442833
20211207,216080,제테마,KOSDAQ,기술성장기업부,22000,-50,-0.23,21950,22250,21900,29562,651303200,390851098000,17765959
20211207,229000,젠큐릭스,KOSDAQ,기술성장기업부,16900,150,0.90,17000,17200,16400,22480,376987050,110837314900,6558421
20211207,082270,젬백스,KOSDAQ,벤처기업부,17650,500,2.92,17200,17750,17100,134890,2351608650,702697031950,39812863
20211207,064800,젬백스링크,KOSDAQ,벤처기업부,1815,35,1.97,1780,1845,1775,3142950,5715399240,150968300505,83178127
20211207,041590,젬백스지오,KOSDAQ,중견기업부,1105,-45,-3.91,1185,1185,1095,3274227,3703993200,100226489025,90702705
20211207,044060,조광ILI,KOSDAQ,벤처기업부,8950,160,1.82,8930,9080,8740,83528,745118970,123965635550,13850909
20211207,034940,조아제약,KOSDAQ,중견기업부,3615,115,3.29,3490,4020,3485,3462800,13184007755,111992074605,30979827
20211207,067000,조이시티,KOSDAQ,벤처기업부,12450,-100,-0.80,12750,12900,12250,1120119,13952606400,566168605500,45475390
20211207,033340,좋은사람들,KOSDAQ,투자주의환기종목(소속부없음),1055,0,0.00,0,0,0,0,0,52653176320,49908224
20211207,036930,주성엔지니어링,KOSDAQ,우량기업부,20150,300,1.51,19700,20400,19150,3368804,67056222450,972221621800,48249212
20211207,239340,줌인터넷,KOSDAQ,중견기업부,5070,-30,-0.59,5060,5160,5000,187814,950425710,136786744380,26979634
20211207,051980,중앙디앤엠,KOSDAQ,중견기업부,1590,-65,-3.93,1665,1690,1580,648038,1039602055,165353147100,103995690
20211207,072020,중앙백신,KOSDAQ,벤처기업부,15400,150,0.98,15300,15450,15250,18035,276496400,153384000000,9960000
20211207,000440,중앙에너비스,KOSDAQ,중견기업부,15900,350,2.25,15950,16050,15450,45796,720867350,99011367000,6227130
20211207,078650,지나인제약,KOSDAQ,관리종목(소속부없음),4300,85,2.02,4220,4435,4220,141272,613735255,16078968500,3739295
20211207,228760,지노믹트리,KOSDAQ,기술성장기업부,12200,-250,-2.01,12500,12550,12100,117529,1444345150,247995646400,20327512
20211207,314130,지놈앤컴퍼니,KOSDAQ,기술성장기업부,33500,700,2.13,32850,34300,32600,67705,2264014650,452136770000,13496620
20211207,389030,지니너스,KOSDAQ,기술성장기업부,12450,0,0.00,12500,12750,12000,175200,2159103300,135322971750,10869315
20211207,043610,지니뮤직,KOSDAQ,우량기업부,5590,20,0.36,5660,5750,5540,211733,1193636590,324865298420,58115438
20211207,263860,지니언스,KOSDAQ,벤처기업부,9680,440,4.76,9250,9940,9250,327367,3180177400,91423728000,9444600
20211207,303030,지니틱스,KOSDAQ,벤처기업부,2685,35,1.32,2690,2705,2630,424164,1133111940,95977118580,35745668
20211207,036180,지더블유바이텍,KOSDAQ,중견기업부,2220,60,2.78,2160,2225,2140,202209,441091310,72344904900,32587795
20211207,208350,지란지교시큐리티,KOSDAQ,벤처기업부,6080,80,1.33,6010,6190,6000,16349,99579070,50503769280,8306541
20211207,114570,지스마트글로벌,KOSDAQ,투자주의환기종목(소속부없음),620,0,0.00,0,0,0,0,0,7030424280,11339394
20211207,144510,지씨셀,KOSDAQ,벤처기업부,101400,7100,7.53,94300,101400,94300,209761,20905001600,1602154881600,15800344
20211207,382480,지아이텍,KOSDAQ,벤처기업부,22350,300,1.36,22150,22600,22000,70916,1577766350,175926415800,7871428
20211207,382800,지앤비에스엔지니어링,KOSDAQ,벤처기업부,14200,300,2.16,13950,14450,13750,77604,1095470250,101737575600,7164618
20211207,051160,지어소프트,KOSDAQ,우량기업부,18200,-50,-0.27,18250,18650,17700,157069,2852510800,265256901000,14574555
20211207,053050,지에스이,KOSDAQ,우량기업부,2400,20,0.84,2390,2430,2375,580313,1392027010,71970232800,29987597
20211207,119850,지엔씨에너지,KOSDAQ,우량기업부,4860,35,0.73,4865,4865,4770,84205,404752550,79941697740,16448909
20211207,270520,지엔원에너지,KOSDAQ,벤처기업부,3090,-95,-2.98,3185,3245,3075,419812,1316703315,96435525720,31208908
20211207,065060,지엔코,KOSDAQ,중견기업부,702,14,2.03,697,702,691,98857,69080707,68801646888,98008044
20211207,204840,지엘팜텍,KOSDAQ,기술성장기업부,1175,170,16.92,1030,1305,1005,23748575,29145816225,60967041700,51886844
20211207,311320,지오엘리먼트,KOSDAQ,기술성장기업부,44750,10300,29.90,35200,44750,33850,1151972,44073258400,277155097500,6193410
20211207,115450,지트리비앤티,KOSDAQ,중견기업부,15950,1350,9.25,14700,16100,14600,587853,9123204350,432053903050,27088019
20211207,219750,지티지웰니스,KOSDAQ,관리종목(소속부없음),2550,-35,-1.35,2665,2680,2545,54998,141828670,44474009400,17440788
20211207,018120,진로발효,KOSDAQ,우량기업부,31200,100,0.32,31100,31250,30850,512,15891100,206578944000,6621120
20211207,109820,진매트릭스,KOSDAQ,기술성장기업부,9420,-90,-0.95,9490,9580,9370,238046,2252934210,192108088800,20393640
20211207,086060,진바이오텍,KOSDAQ,중견기업부,5420,180,3.44,5200,5490,5200,134155,721938480,46669381540,8610587
20211207,036890,진성티이씨,KOSDAQ,우량기업부,10400,250,2.46,10150,10550,10150,143963,1493863550,233815587200,22482268
20211207,363250,진시스템,KOSDAQ,기술성장기업부,11700,-200,-1.68,11800,11900,11500,55751,651732300,79689636000,6811080
20211207,007370,진양제약,KOSDAQ,중견기업부,6650,250,3.91,6420,7400,6380,1199961,8213039710,79800000000,12000000
20211207,085660,차바이오텍,KOSDAQ,중견기업부,19300,550,2.93,18700,19350,18650,291935,5568489850,1085828267600,56260532
20211207,261780,차백신연구소,KOSDAQ,기술성장기업부,10200,0,0.00,10300,10550,10150,524179,5395394800,269577452400,26429162
20211207,158310,참존글로벌,KOSDAQ,관리종목(소속부없음),1680,0,0.00,0,0,0,0,0,80373095040,47841128
20211207,094850,참좋은여행,KOSDAQ,중견기업부,13050,250,1.95,13400,13450,12900,235568,3094404250,182700000000,14000000
20211207,004650,창해에탄올,KOSDAQ,우량기업부,13600,100,0.74,13500,13600,13400,21924,295674150,124996036000,9190885
20211207,311690,천랩,KOSDAQ,기술성장기업부,40750,-50,-0.12,40500,41200,40500,17247,702577650,238989459000,5864772
20211207,278280,천보,KOSDAQ,우량기업부,328500,2100,0.64,329900,335900,325200,80432,26589987200,3285000000000,10000000
20211207,096240,청담러닝,KOSDAQ,우량기업부,35150,-700,-1.95,36100,36150,34600,212181,7470873200,264462483900,7523826
20211207,066360,체리부로,KOSDAQ,중견기업부,1395,5,0.36,1390,1400,1375,52067,72324105,65386961730,46872374
20211207,047820,초록뱀미디어,KOSDAQ,중견기업부,3240,-55,-1.67,3330,3410,3240,10357993,34413222970,696742109640,215043861
20211207,052300,초록뱀컴퍼니,KOSDAQ,중견기업부,1610,-10,-0.62,1640,1665,1600,1824348,2964310780,145073334210,90107661
20211207,094360,칩스앤미디어,KOSDAQ,벤처기업부,20550,900,4.58,19750,21000,18850,1579016,31725916100,198108473250,9640315
20211207,016920,카스,KOSDAQ,중견기업부,4210,10,0.24,4230,4320,4150,324994,1373406995,100807178580,23944698
20211207,284620,카이노스메드,KOSDAQ,기술성장기업부,2615,-5,-0.19,2630,2680,2585,200787,524134030,288210012710,110214154
20211207,293490,카카오게임즈,KOSDAQ,우량기업부,90100,-100,-0.11,91600,92200,88200,1289247,116261685200,6730407110200,74699302
20211207,042000,카페24,KOSDAQ,기술성장기업부,26100,700,2.76,25450,26500,25450,90073,2343613700,587176867800,22497198
20211207,317530,캐리소프트,KOSDAQ,기술성장기업부,13400,300,2.29,13050,13700,12600,162353,2136621150,93146026400,6951196
20211207,071850,캐스텍코리아,KOSDAQ,중견기업부,3120,30,0.97,3105,3120,3045,23846,73423445,51695866560,16569188
20211207,180400,캔서롭,KOSDAQ,관리종목(소속부없음),7740,0,0.00,0,0,0,0,0,222082929900,28692885
20211207,050110,캠시스,KOSDAQ,벤처기업부,1735,35,2.06,1700,1735,1700,375108,643523070,128084844730,73824118
20211207,900310,컬러레이,KOSDAQ,외국기업(소속부없음),1425,0,0.00,1435,1435,1415,69298,98834370,76950000000,54000000
20211207,078340,컴투스,KOSDAQ,우량기업부,136600,0,0.00,139000,141200,133000,521491,71448633800,1757552972000,12866420
20211207,307930,컴퍼니케이,KOSDAQ,중견기업부,7900,0,0.00,7940,7980,7820,22651,178918770,123319000000,15610000
20211207,263700,케어랩스,KOSDAQ,중견기업부,9690,320,3.42,9370,9900,9180,1396042,13386912400,167017150080,17236032
20211207,214370,케어젠,KOSDAQ,중견기업부,65000,100,0.15,64600,65800,64000,4165,269855800,698295000000,10743000
20211207,221980,케이디켐,KOSDAQ,중견기업부,19450,-400,-2.02,19850,19900,19200,16816,326943350,78476860000,4034800
20211207,323940,케이비제18호스팩,KOSDAQ,SPAC(소속부없음),2035,0,0.00,2035,2040,2030,61713,125435110,15917770000,7822000
20211207,330990,케이비제19호스팩,KOSDAQ,SPAC(소속부없음),2050,-15,-0.73,2110,2110,2050,3626,7440215,8817050000,4301000
20211207,342550,케이비제20호스팩,KOSDAQ,SPAC(소속부없음),2100,10,0.48,2090,2100,2080,5358,11196330,13652100000,6501000
20211207,192250,케이사인,KOSDAQ,벤처기업부,2270,-5,-0.22,2285,2305,2255,829066,1889062000,160423753390,70671257
20211207,115500,케이씨에스,KOSDAQ,중견기업부,6470,30,0.47,6440,6480,6400,24974,160607970,77640000000,12000000
20211207,089150,케이씨티,KOSDAQ,중견기업부,5760,110,1.95,5630,5760,5620,77355,440438710,98784000000,17150000
20211207,025880,케이씨피드,KOSDAQ,중견기업부,2960,20,0.68,2945,3040,2900,268800,792327525,49478939680,16715858
20211207,093320,케이아이엔엑스,KOSDAQ,우량기업부,50500,900,1.81,49600,50900,49600,11656,584992000,246440000000,4880000
20211207,073010,케이에스피,KOSDAQ,벤처기업부,1815,20,1.11,1795,1825,1775,79716,143740940,65688946455,36192257
20211207,105330,케이엔더블유,KOSDAQ,벤처기업부,13000,650,5.26,12200,13100,12200,137603,1757356100,157759966000,12135382
20211207,272110,케이엔제이,KOSDAQ,중견기업부,16600,850,5.40,15700,16750,15700,208556,3406624500,122556272800,7382908
20211207,039420,케이엘넷,KOSDAQ,중견기업부,3865,40,1.05,3830,3980,3830,114597,443476435,93358031450,24154730
20211207,083550,케이엠,KOSDAQ,우량기업부,8470,60,0.71,8360,8530,8320,25877,217848040,91095815580,10755114
20211207,032500,케이엠더블유,KOSDAQ,우량기업부,40700,2500,6.54,38650,41200,38650,749113,30173400950,1620709938100,39820883
20211207,225430,케이엠제약,KOSDAQ,중견기업부,2125,-40,-1.85,2145,2195,2125,65125,140316690,59259981250,27887050
20211207,036030,케이티알파,KOSDAQ,중견기업부,7240,60,0.84,7200,7350,7200,69477,503844580,354899608920,49019283
20211207,064820,케이프,KOSDAQ,벤처기업부,4650,165,3.68,4480,4675,4430,98783,452337775,143693035200,30901728
20211207,347140,케이프이에스제4호,KOSDAQ,SPAC(소속부없음),2075,0,0.00,2085,2085,2055,5108,10596625,6243675000,3009000
20211207,256940,케이피에스,KOSDAQ,벤처기업부,11300,100,0.89,11200,11500,11200,30559,346241050,209456698300,18535991
20211207,024880,케이피에프,KOSDAQ,우량기업부,4390,30,0.69,4360,4430,4355,28569,124918310,77783117500,17718250
20211207,042040,케이피엠테크,KOSDAQ,중견기업부,1215,65,5.65,1145,1220,1120,2801335,3354276645,176998440735,145677729
20211207,054410,케이피티유,KOSDAQ,벤처기업부,6480,-50,-0.77,6570,6630,6470,18935,123993560,32788800000,5060000
20211207,274090,켄코아에어로스페이스,KOSDAQ,기술성장기업부,12100,-50,-0.41,12250,12300,12000,25009,303746400,142587464800,11784088
20211207,217600,켐온,KOSDAQ,중견기업부,2920,45,1.57,2875,3035,2850,700511,2056608685,186475112800,63861340
20211207,089010,켐트로닉스,KOSDAQ,우량기업부,26700,-100,-0.37,26900,27700,26550,228939,6207361550,396712791900,14858157
20211207,220260,켐트로스,KOSDAQ,벤처기업부,12500,100,0.81,12500,13150,12300,973218,12347872550,331978837500,26558307
20211207,052400,코나아이,KOSDAQ,중견기업부,27950,-1900,-6.37,30000,30000,27650,258149,7274342400,434877348100,15559118
20211207,046070,코다코,KOSDAQ,관리종목(소속부없음),1250,-10,-0.79,1260,1275,1235,105314,131334065,48830320000,39064256
20211207,047770,코데즈컴바인,KOSDAQ,중견기업부,2570,15,0.59,2555,2595,2540,105920,270906315,97255487140,37842602
20211207,078940,코드네이처,KOSDAQ,중견기업부,2400,-35,-1.44,2390,2465,2375,51311,123008130,77884850400,32452021
20211207,080530,코디,KOSDAQ,중견기업부,1525,-15,-0.97,1535,1570,1505,67922,103581390,43144229450,28291298
20211207,224060,코디엠,KOSDAQ,중견기업부,212,2,0.95,213,214,210,1366922,288898543,58037138656,273760088
20211207,104540,코렌텍,KOSDAQ,기술성장기업부,12950,200,1.57,12850,13000,12750,18311,235764900,153194640900,11829702
20211207,027050,코리아나,KOSDAQ,중견기업부,3880,55,1.44,3885,3885,3795,66553,254710945,155200000000,40000000
20211207,290510,코리아센터,KOSDAQ,우량기업부,6890,-10,-0.14,6860,6960,6860,150493,1040423540,525022388930,76200637
20211207,190650,코리아에셋투자증권,KOSDAQ,중견기업부,10550,-50,-0.47,10600,10750,10450,17532,185329950,67393400000,6388000
20211207,101670,코리아에스이,KOSDAQ,벤처기업부,1465,-30,-2.01,1525,1525,1455,71313,105624230,27688500000,18900000
20211207,123410,코리아에프티,KOSDAQ,우량기업부,3190,30,0.95,3155,3195,3145,87618,277681600,88812994160,27841064
20211207,036690,코맥스,KOSDAQ,우량기업부,5160,50,0.98,5100,5180,5050,45699,233622190,78882627960,15287331
20211207,049430,코메론,KOSDAQ,우량기업부,10800,0,0.00,10800,11000,10650,19311,208934000,97718400000,9048000
20211207,183300,코미코,KOSDAQ,우량기업부,69500,-1500,-2.11,71600,72100,69100,65756,4614207000,696421066500,10020447
20211207,041960,코미팜,KOSDAQ,벤처기업부,8700,360,4.32,8380,8830,8220,355513,3038461750,558417121200,64185876
20211207,089890,코세스,KOSDAQ,우량기업부,12200,0,0.00,12300,12600,12150,328702,4051120950,202336536400,16584962
20211207,009730,코센,KOSDAQ,관리종목(소속부없음),2715,0,0.00,0,0,0,0,0,26398998420,9723388
20211207,082660,코스나인,KOSDAQ,투자주의환기종목(소속부없음),1200,15,1.27,1170,1225,1170,153275,182618130,57542919600,47952433
20211207,222040,코스맥스엔비티,KOSDAQ,중견기업부,6280,-40,-0.63,6380,6380,6100,29359,184493890,129543840000,20628000
20211207,241710,코스메카코리아,KOSDAQ,우량기업부,13550,600,4.63,13200,13600,13050,51558,687077550,144714000000,10680000
20211207,069110,코스온,KOSDAQ,투자주의환기종목(소속부없음),2630,0,0.00,0,0,0,0,0,62963935800,23940660
20211207,166480,코아스템,KOSDAQ,기술성장기업부,17350,300,1.76,17100,17500,16900,34984,603378950,275305792150,15867769
20211207,045970,코아시아,KOSDAQ,중견기업부,10000,10,0.10,10100,10100,9960,85948,859381200,263148760000,26314876
20211207,196450,코아시아옵틱스,KOSDAQ,중견기업부,2330,-30,-1.27,2365,2445,2280,332091,778242295,96072018580,41232626
20211207,029960,코엔텍,KOSDAQ,우량기업부,8880,40,0.45,8800,8900,8790,97389,863002230,444000000000,50000000
20211207,102940,코오롱생명과학,KOSDAQ,관리종목(소속부없음),35700,-550,-1.52,36450,36650,35100,95451,3395642400,407421109200,11412356
20211207,950160,코오롱티슈진,KOSDAQ,투자주의환기종목(소속부없음),8010,0,0.00,0,0,0,0,0,489551575500,61117550
20211207,033290,코웰패션,KOSDAQ,우량기업부,7760,170,2.24,7620,7860,7570,401962,3112957500,686761815840,88500234
20211207,056360,코위버,KOSDAQ,우량기업부,7580,130,1.74,7450,7600,7450,33065,249619020,74259744000,9796800
20211207,282880,코윈테크,KOSDAQ,우량기업부,28600,0,0.00,28650,29500,28300,102429,2935088900,270986372800,9475048
20211207,121850,코이즈,KOSDAQ,벤처기업부,1995,0,0.00,2010,2060,1915,457535,906318180,32264484630,16172674
20211207,015710,코콤,KOSDAQ,우량기업부,6560,140,2.18,6430,6590,6430,21952,143008480,115000080000,17530500
20211207,052330,코텍,KOSDAQ,우량기업부,9710,10,0.10,9760,9900,9630,41359,401917890,151228899920,15574552
20211207,322780,코퍼스코리아,KOSDAQ,벤처기업부,3240,-20,-0.61,3265,3300,3220,154987,503077555,115848383760,35755674
20211207,126600,코프라,KOSDAQ,우량기업부,10850,50,0.46,10950,11400,10800,830153,9189853900,229104628900,21115634
20211207,200130,콜마비앤에이치,KOSDAQ,우량기업부,32600,1450,4.65,31150,32700,31100,110041,3552487150,963119990800,29543558
20211207,294570,쿠콘,KOSDAQ,벤처기업부,76500,-1700,-2.17,78100,78500,75900,64741,4963446600,617895931500,8077071
20211207,317690,퀀타매트릭스,KOSDAQ,기술성장기업부,11150,450,4.21,10600,11700,10600,146078,1642616950,183716442650,16476811
20211207,365270,큐라클,KOSDAQ,기술성장기업부,23150,900,4.04,22350,23600,21950,188263,4315557000,314445709200,13582968
20211207,060280,큐렉소,KOSDAQ,중견기업부,6660,10,0.15,6600,6680,6540,41826,276038940,222769467540,33448869
20211207,040350,큐로컴,KOSDAQ,벤처기업부,1205,-15,-1.23,1225,1235,1150,556903,673168365,151798033760,125973472
20211207,051780,큐로홀딩스,KOSDAQ,중견기업부,567,4,0.71,575,581,560,236798,133945622,70547529150,124422450
20211207,115180,큐리언트,KOSDAQ,관리종목(소속부없음),30300,0,0.00,0,0,0,0,0,269168898600,8883462
20211207,182360,큐브엔터,KOSDAQ,중견기업부,22050,-300,-1.34,22800,23100,21700,206187,4585968600,304393348350,13804687
20211207,066310,큐에스아이,KOSDAQ,벤처기업부,17400,400,2.35,17000,17800,16850,284990,4989435000,154535698800,8881362
20211207,016600,큐캐피탈,KOSDAQ,벤처기업부,549,-13,-2.31,567,577,549,4648841,2613699861,97665781302,177897598
20211207,043590,크로바하이텍,KOSDAQ,투자주의환기종목(소속부없음),2485,0,0.00,0,0,0,0,0,76427772855,30755643
20211207,114120,크루셜텍,KOSDAQ,관리종목(소속부없음),1360,40,3.03,1340,1380,1305,108466,146046275,28507388400,20961315
20211207,110790,크리스에프앤씨,KOSDAQ,우량기업부,44950,950,2.16,43750,45350,43400,36661,1617995050,526610826000,11715480
20211207,900250,크리스탈신소재,KOSDAQ,외국기업(소속부없음),1370,15,1.11,1360,1405,1355,1494641,2060329435,92863877240,67783852
20211207,083790,크리스탈지노믹스,KOSDAQ,기술성장기업부,6910,310,4.70,6640,6980,6570,1218539,8348252180,478493218260,69246486
20211207,045520,크린앤사이언스,KOSDAQ,우량기업부,20450,100,0.49,20300,20700,20300,17626,360737800,132925000000,6500000
20211207,036170,클라우드에어,KOSDAQ,중견기업부,1545,10,0.65,1555,1565,1525,259872,400272740,86569892685,56032293
20211207,214150,클래시스,KOSDAQ,우량기업부,20250,900,4.65,19300,20550,19250,678284,13577017900,1310516496000,64716864
20211207,352770,클리노믹스,KOSDAQ,기술성장기업부,11900,300,2.59,11600,12150,11550,54751,650136250,160294677900,13470141
20211207,237880,클리오,KOSDAQ,우량기업부,18900,250,1.34,18900,18950,18500,87150,1630998650,329875742700,17453743
20211207,139670,키네마스터,KOSDAQ,벤처기업부,22300,-700,-3.04,22800,23850,22050,905566,20653310150,302082646100,13546307
20211207,054780,키이스트,KOSDAQ,중견기업부,12500,0,0.00,12700,12700,12400,139849,1750292400,226599975000,18127998
20211207,219130,타이거일렉,KOSDAQ,중견기업부,16800,100,0.60,17000,17450,16500,80421,1357039700,106080072000,6314290
20211207,065130,탑엔지니어링,KOSDAQ,우량기업부,8250,130,1.60,8120,8290,8120,138293,1135484840,131804120250,15976257
20211207,023160,태광,KOSDAQ,우량기업부,10650,-150,-1.39,10850,10900,10550,79607,850758750,282225000000,26500000
20211207,053620,태양,KOSDAQ,우량기업부,8750,100,1.16,8630,8750,8590,6604,57196240,75250000000,8600000
20211207,044490,태웅,KOSDAQ,관리종목(소속부없음),12500,0,0.00,0,0,0,0,0,250092262500,20007381
20211207,124560,태웅로직스,KOSDAQ,우량기업부,8110,150,1.88,7890,8160,7890,247501,1991887560,158443383120,19536792
20211207,191420,테고사이언스,KOSDAQ,벤처기업부,20850,750,3.73,20100,21000,20100,14265,293963100,169069188900,8108834
20211207,073640,테라사이언스,KOSDAQ,중견기업부,1970,-50,-2.48,2050,2050,1960,229260,456487970,144509176640,73354912
20211207,182690,테라셈,KOSDAQ,투자주의환기종목(소속부없음),1440,0,0.00,0,0,0,0,0,30474933120,21163148
20211207,066700,테라젠이텍스,KOSDAQ,우량기업부,6530,-90,-1.36,6630,6630,6450,196860,1280577810,212058060550,32474435
20211207,095610,테스,KOSDAQ,우량기업부,29250,350,1.21,29250,29350,28700,165043,4796580700,578220610500,19768226
20211207,131970,테스나,KOSDAQ,우량기업부,50500,950,1.92,49900,50700,48600,338570,16902010550,745358638500,14759577
20211207,089030,테크윙,KOSDAQ,우량기업부,22000,-100,-0.45,22350,22800,21900,188779,4207757950,426544096000,19388368
20211207,054450,텔레칩스,KOSDAQ,벤처기업부,16300,500,3.16,15900,16400,15600,377320,6018529750,220146349300,13505911
20211207,091440,텔레필드,KOSDAQ,벤처기업부,2755,35,1.29,2720,2800,2700,24562,67196680,25279535625,9175875
20211207,200230,텔콘RF제약,KOSDAQ,중견기업부,2945,190,6.90,2740,2955,2740,1428035,4144972400,257714040340,87509012
20211207,215480,토박스코리아,KOSDAQ,중견기업부,1385,40,2.97,1340,1500,1325,3516427,5016289760,66583582765,48074789
20211207,051360,토비스,KOSDAQ,우량기업부,7980,80,1.01,7970,8080,7880,97629,777768530,133402122840,16717058
20211207,045340,토탈소프트,KOSDAQ,벤처기업부,8550,-120,-1.38,8760,8800,8510,42489,364691520,73171242000,8558040
20211207,108230,톱텍,KOSDAQ,우량기업부,8480,-50,-0.59,8550,8950,8440,307884,2674770640,322437117600,38023245
20211207,079970,투비소프트,KOSDAQ,벤처기업부,2150,-5,-0.23,2180,2185,2130,147398,317151810,87831026000,40851640
20211207,105550,트루윈,KOSDAQ,벤처기업부,8350,-20,-0.24,8370,8400,8290,143725,1200116340,166007652600,19881156
20211207,290090,트윔,KOSDAQ,벤처기업부,30700,1600,5.50,30250,31850,29950,415069,12862522350,222725245800,7254894
20211207,026150,특수건설,KOSDAQ,중견기업부,10600,-50,-0.47,10750,10750,10400,155376,1643938450,185991108600,17546331
20211207,322180,티라유텍,KOSDAQ,벤처기업부,10950,50,0.46,10750,11000,10450,2814,30123000,59855437500,5466250
20211207,117730,티로보틱스,KOSDAQ,벤처기업부,7790,0,0.00,7790,8150,7750,198957,1581832370,109974024070,14117333
20211207,033830,티비씨,KOSDAQ,중견기업부,1545,305,24.60,1275,1590,1275,72501674,107530689730,154500000000,100000000
20211207,057680,티사이언티픽,KOSDAQ,벤처기업부,5320,-40,-0.75,5480,5540,5170,8569812,45902015400,250610101840,47107162
20211207,064760,티씨케이,KOSDAQ,우량기업부,147000,-400,-0.27,148200,149600,145100,41872,6128428900,1716225000000,11675000
20211207,246710,티앤알바이오팹,KOSDAQ,기술성장기업부,58300,2100,3.74,57200,59500,56900,144572,8452718700,602821533600,10339992
20211207,340570,티앤엘,KOSDAQ,벤처기업부,43000,-750,-1.71,43750,44900,42450,83551,3653422450,349504000000,8128000
20211207,277880,티에스아이,KOSDAQ,기술성장기업부,10350,-100,-0.96,10600,10650,10250,107704,1113778400,191829280500,18534230
20211207,131290,티에스이,KOSDAQ,우량기업부,69500,-400,-0.57,69900,71000,67200,110859,7656965800,768769315500,11061429
20211207,356860,티엘비,KOSDAQ,중견기업부,37950,-350,-0.91,39000,39000,37850,29186,1118368450,186574154250,4916315
20211207,062860,티엘아이,KOSDAQ,투자주의환기종목(소속부없음),6370,100,1.59,6290,6370,6170,7592,47438310,62889226400,9872720
20211207,321550,티움바이오,KOSDAQ,기술성장기업부,18700,650,3.60,18150,18700,18100,67736,1251233550,445470016200,23821926
20211207,104480,티케이케미칼,KOSDAQ,우량기업부,4900,-85,-1.71,5050,5050,4865,749460,3686785985,445387626600,90895434
20211207,081150,티플랙스,KOSDAQ,중견기업부,4385,180,4.28,4365,4500,4295,5283947,23263126235,106416942770,24268402
20211207,130740,티피씨글로벌,KOSDAQ,중견기업부,3345,-155,-4.43,3500,3555,3345,92221,313354070,37720491255,11276679
20211207,084730,팅크웨어,KOSDAQ,우량기업부,20150,-150,-0.74,20250,20450,19850,210666,4236423950,210077492300,10425682
20211207,046210,파나진,KOSDAQ,벤처기업부,3620,130,3.72,3530,3710,3530,91039,330814450,116334709200,32136660
20211207,034230,파라다이스,KOSDAQ,중견기업부,15000,200,1.35,15150,15250,14900,476149,7176315550,1364140080000,90942672
20211207,033540,파라텍,KOSDAQ,중견기업부,2485,5,0.20,2500,2525,2450,98276,243235030,124585800535,50135131
20211207,043200,파루,KOSDAQ,관리종목(소속부없음),1055,-20,-1.86,1090,1090,1040,123889,131514365,44103552325,41804315
20211207,214450,파마리서치,KOSDAQ,우량기업부,79600,1400,1.79,78100,80000,77900,73609,5833213900,804909628000,10111930
20211207,208340,파멥신,KOSDAQ,기술성장기업부,6930,330,5.00,6600,7140,6540,291379,2004100240,177953986980,25678786
20211207,177830,파버나인,KOSDAQ,벤처기업부,4390,15,0.34,4335,4400,4335,50590,221200365,62332310560,14198704
20211207,037070,파세코,KOSDAQ,우량기업부,20750,50,0.24,20750,20950,20450,52644,1086017150,290500000000,14000000
20211207,150900,파수,KOSDAQ,벤처기업부,10500,-300,-2.78,10750,10900,10300,208294,2198120100,117107476500,11153093
20211207,037030,파워넷,KOSDAQ,우량기업부,5430,50,0.93,5390,5460,5320,416141,2244303940,93903395490,17293443
20211207,047310,파워로직스,KOSDAQ,우량기업부,7470,110,1.49,7380,7510,7370,141918,1055288450,257124735540,34420982
20211207,170790,파이오링크,KOSDAQ,벤처기업부,16200,100,0.62,16350,16350,16050,29292,474480850,111072546000,6856330
20211207,049120,파인디앤씨,KOSDAQ,중견기업부,2145,5,0.23,2140,2165,2130,23571,50582745,60200002005,28065269
20211207,038950,파인디지털,KOSDAQ,벤처기업부,6350,290,4.79,6130,6360,6130,47633,299185880,64838357750,10210765
20211207,106240,파인테크닉스,KOSDAQ,벤처기업부,11800,300,2.61,11550,11850,11250,1643696,19103533850,533269954200,45192369
20211207,131760,파인텍,KOSDAQ,중견기업부,1515,0,0.00,1530,1540,1500,338967,513978485,65034091395,42926793
20211207,065690,파커스,KOSDAQ,중견기업부,2980,10,0.34,3000,3025,2955,129390,384604115,41867006380,14049331
20211207,140860,파크시스템스,KOSDAQ,기술성장기업부,143700,1200,0.84,143800,145500,141400,26812,3830747500,961274683500,6689455
20211207,091700,파트론,KOSDAQ,우량기업부,12000,-300,-2.44,12300,12350,11900,1943047,23452034100,649876920000,54156410
20211207,032800,판타지오,KOSDAQ,중견기업부,91,4,4.60,88,92,87,40085344,3595660117,58859588060,646808660
20211207,318010,팜스빌,KOSDAQ,벤처기업부,11100,100,0.91,10950,11100,10900,36901,405721350,88015651800,7929338
20211207,027710,팜스토리,KOSDAQ,우량기업부,2245,35,1.58,2215,2385,2205,6008934,13741912935,250130267000,111416600
20211207,225590,패션플랫폼,KOSDAQ,중견기업부,1815,-20,-1.09,1855,1885,1765,534035,974161255,48345634095,26636713
20211207,054300,팬스타엔터프라이즈,KOSDAQ,벤처기업부,895,6,0.67,889,909,882,374972,333459751,52029952375,58134025
20211207,068050,팬엔터테인먼트,KOSDAQ,벤처기업부,5090,-20,-0.39,5080,5260,5050,457337,2350235910,138692228380,27247982
20211207,222110,팬젠,KOSDAQ,기술성장기업부,7800,90,1.17,7780,7980,7680,10979,85022030,83241054000,10671930
20211207,263750,펄어비스,KOSDAQ,우량기업부,118100,-900,-0.76,122000,125000,117000,631424,75522930800,7820759150000,66221500
20211207,251970,펌텍코리아,KOSDAQ,우량기업부,18550,400,2.20,18350,19600,18350,57742,1086422100,230020000000,12400000
20211207,087010,펩트론,KOSDAQ,기술성장기업부,10100,120,1.20,9910,10250,9910,72774,732223640,208331215300,20626853
20211207,119500,포메탈,KOSDAQ,중견기업부,4010,15,0.38,4015,4040,3965,31182,124731680,47507400320,11847232
20211207,022100,포스코 ICT,KOSDAQ,우량기업부,6390,100,1.59,6320,6400,6250,262177,1658632460,971501918310,152034729
20211207,009520,포스코엠텍,KOSDAQ,우량기업부,7270,140,1.96,7140,7450,7140,505145,3697761680,302742450810,41642703
20211207,189690,포시에스,KOSDAQ,벤처기업부,7340,-20,-0.27,7360,7460,7310,16663,122629230,63664524940,8673641
20211207,318020,포인트모바일,KOSDAQ,벤처기업부,17100,800,4.91,16400,17200,16300,55682,932729400,216524851200,12662272
20211207,256630,포인트엔지니어링,KOSDAQ,우량기업부,3210,-30,-0.93,3190,3290,3175,118776,381812480,185100066120,57663572
20211207,331380,포커스에이치엔에스,KOSDAQ,벤처기업부,2700,0,0.00,2750,2750,2655,74930,201611720,48758171400,18058582
20211207,141020,포티스,KOSDAQ,투자주의환기종목(소속부없음),108,0,0.00,0,0,0,0,0,18839533608,174440126
20211207,041020,폴라리스오피스,KOSDAQ,벤처기업부,2480,-30,-1.20,2520,2625,2455,1053206,2676294120,100863345920,40670704
20211207,114630,폴라리스우노,KOSDAQ,중견기업부,4580,-135,-2.86,4730,4740,4580,30366,140316370,62168759700,13573965
20211207,123010,폴라리스웍스,KOSDAQ,기술성장기업부,1520,-20,-1.30,1540,1540,1500,223720,341286470,87433219600,57521855
20211207,290720,푸드나무,KOSDAQ,우량기업부,31700,1200,3.93,30450,31950,29800,9621,300361250,215751277800,6806034
20211207,005670,푸드웰,KOSDAQ,우량기업부,6710,70,1.05,6640,6770,6640,19633,131512570,67100000000,10000000
20211207,094940,푸른기술,KOSDAQ,벤처기업부,9420,-80,-0.84,9500,9530,9360,28058,264016250,78764256120,8361386
20211207,007330,푸른저축은행,KOSDAQ,우량기업부,12250,200,1.66,12150,12450,12150,38439,472560800,184764300000,15082800
20211207,093380,풍강,KOSDAQ,중견기업부,4280,30,0.71,4270,4380,4245,39365,167986975,42283459640,9879313
20211207,023900,풍국주정,KOSDAQ,중견기업부,15350,50,0.33,15300,15400,15200,10445,159770050,193410000000,12600000
20211207,220100,퓨쳐켐,KOSDAQ,기술성장기업부,17500,250,1.45,17350,17550,17000,55735,962702500,238804492500,13645971
20211207,035200,프럼파스트,KOSDAQ,벤처기업부,6520,-10,-0.15,6600,6640,6460,128208,835611060,63443446800,9730590
20211207,334970,프레스티지바이오로직스,KOSDAQ,기술성장기업부,10350,300,2.99,10000,10350,9970,182884,1847674520,488586126150,47206389
20211207,203690,프로스테믹스,KOSDAQ,벤처기업부,2835,225,8.62,2625,2950,2625,673503,1897756025,129720947580,45756948
20211207,321260,프로이천,KOSDAQ,벤처기업부,3090,0,0.00,3130,3195,3055,159931,495343255,83220139560,26932084
20211207,053610,프로텍,KOSDAQ,우량기업부,25150,250,1.00,25150,25150,24750,48575,1214922350,276650000000,11000000
20211207,377220,프롬바이오,KOSDAQ,기술성장기업부,10500,200,1.94,10450,10650,10300,97433,1019031600,148627500000,14155000
20211207,335810,프리시젼바이오,KOSDAQ,기술성장기업부,12150,1300,11.98,11400,14000,11250,958316,12075361550,137745279000,11337060
20211207,053160,프리엠스,KOSDAQ,중견기업부,12700,-100,-0.78,12800,13150,12650,53803,689029800,76200000000,6000000
20211207,367000,플래티어,KOSDAQ,중견기업부,23350,-1650,-6.60,25050,25500,23050,271613,6497555100,193097658450,8269707
20211207,075130,플랜티넷,KOSDAQ,벤처기업부,8580,0,0.00,8690,8890,8500,139456,1205577420,76876800000,8960000
20211207,237820,플레이디,KOSDAQ,중견기업부,6380,-60,-0.93,6570,6570,6340,15582,99723590,81837153200,12827140
20211207,023770,플레이위드,KOSDAQ,벤처기업부,13700,-800,-5.52,14100,14500,13500,786154,10913933850,119238347300,8703529
20211207,300080,플리토,KOSDAQ,기술성장기업부,31150,1150,3.83,30200,32400,30200,93124,2914553500,162285612650,5209811
20211207,032580,피델릭스,KOSDAQ,벤처기업부,1555,-15,-0.96,1570,1590,1520,254575,396467570,51520359520,33132064
20211207,051380,피씨디렉트,KOSDAQ,중견기업부,15450,0,0.00,15450,15950,15200,45220,704368350,118478881200,7668536
20211207,241820,피씨엘,KOSDAQ,기술성장기업부,38750,400,1.04,37800,38750,37700,26421,1011036350,397939133750,10269397
20211207,237750,피앤씨테크,KOSDAQ,중견기업부,6980,80,1.16,6950,7000,6830,17061,118227260,45346268000,6496600
20211207,024850,피에스엠씨,KOSDAQ,중견기업부,1280,45,3.64,1255,1320,1240,495727,638553920,51934241280,40573626
20211207,319660,피에스케이,KOSDAQ,중견기업부,48100,-1600,-3.22,49800,49900,48100,317335,15482602750,710197462000,14765020
20211207,031980,피에스케이홀딩스,KOSDAQ,중견기업부,12500,-350,-2.72,12800,12900,12300,145402,1812814050,269529937500,21562395
20211207,002230,피에스텍,KOSDAQ,중견기업부,5010,135,2.77,4885,5050,4875,24663,123009215,98542907430,19669243
20211207,057880,피에이치씨,KOSDAQ,중견기업부,1005,-25,-2.43,1020,1045,999,3614633,3686692421,119401411875,118807375
20211207,043370,피에이치에이,KOSDAQ,우량기업부,9850,80,0.82,9810,9900,9790,34851,342607060,206850000000,21000000
20211207,239890,피엔에이치테크,KOSDAQ,기술성장기업부,44150,250,0.57,44000,45750,42600,53934,2392787400,201631548900,4566966
20211207,347740,피엔케이피부임상연구센타,KOSDAQ,벤처기업부,18250,250,1.39,17950,18500,17850,20592,374249100,136923253000,7502644
20211207,137400,피엔티,KOSDAQ,우량기업부,45850,0,0.00,45850,46350,44500,416304,18868405800,1042683928300,22741198
20211207,128660,피제이메탈,KOSDAQ,중견기업부,5160,-20,-0.39,5180,5340,5120,238400,1242839200,127985384040,24803369
20211207,006140,피제이전자,KOSDAQ,우량기업부,7940,0,0.00,7950,8170,7850,13511,108160350,119100000000,15000000
20211207,376180,피코그램,KOSDAQ,중견기업부,15100,400,2.72,14800,15350,14600,99505,1488003800,46229827800,3061578
20211207,304840,피플바이오,KOSDAQ,기술성장기업부,15000,-50,-0.33,15250,15900,14850,82501,1268262600,168674100000,11244940
20211207,062970,피피아이,KOSDAQ,벤처기업부,4460,335,8.12,4120,4505,4085,347212,1513319525,41514505100,9308185
20211207,087600,픽셀플러스,KOSDAQ,중견기업부,10450,100,0.97,10250,10500,10000,41049,418198400,85340531100,8166558
20211207,161580,필옵틱스,KOSDAQ,중견기업부,10500,100,0.96,10400,10600,10400,46714,489280100,217334302500,20698505
20211207,347770,핌스,KOSDAQ,벤처기업부,27300,550,2.06,27150,27600,26450,130010,3529272250,206799274500,7575065
20211207,163730,핑거,KOSDAQ,벤처기업부,22800,-1200,-5.00,24000,24350,22400,830009,19288316000,210649519200,9239014
20211207,332710,하나금융14호스팩,KOSDAQ,SPAC(소속부없음),2105,0,0.00,2160,2160,2105,2205,4653915,9283050000,4410000
20211207,341160,하나금융15호스팩,KOSDAQ,SPAC(소속부없음),2135,5,0.23,2135,2140,2100,2647,5595905,10055850000,4710000
20211207,343510,하나금융16호스팩,KOSDAQ,SPAC(소속부없음),2130,10,0.47,2120,2130,2110,7466,15787835,8541300000,4010000
20211207,363260,하나금융17호스팩,KOSDAQ,SPAC(소속부없음),2810,0,0.00,0,0,0,0,0,19136100000,6810000
20211207,388220,하나금융19호스팩,KOSDAQ,SPAC(소속부없음),2100,5,0.24,2105,2105,2090,11698,24475400,13251000000,6310000
20211207,299030,하나기술,KOSDAQ,벤처기업부,51900,300,0.58,51600,52600,51600,21374,1112238200,387857523000,7473170
20211207,067310,하나마이크론,KOSDAQ,중견기업부,22850,-700,-2.97,23750,23750,22450,945302,21741266150,729711985150,31934879
20211207,372290,하나머스트7호스팩,KOSDAQ,SPAC(소속부없음),2160,30,1.41,2130,2165,2125,41597,89085500,9296640000,4304000
20211207,166090,하나머티리얼즈,KOSDAQ,우량기업부,63500,2500,4.10,61400,64200,61000,166791,10510108200,1253342299000,19737674
20211207,136480,하림,KOSDAQ,중견기업부,2805,10,0.36,2810,2815,2780,221753,618736900,297918214110,106209702
20211207,003380,하림지주,KOSDAQ,우량기업부,9470,-20,-0.21,9490,9530,9360,146694,1382032820,874477035400,92341820
20211207,149980,하이로닉,KOSDAQ,중견기업부,7170,370,5.44,6960,7220,6730,572362,4033209930,101096964150,14099995
20211207,013030,하이록코리아,KOSDAQ,우량기업부,16550,300,1.85,16350,16550,16250,48687,798651100,225298989600,13613232
20211207,126700,하이비젼시스템,KOSDAQ,우량기업부,19200,-50,-0.26,19250,19450,19050,192633,3704328400,286888550400,14942112
20211207,106080,하이소닉,KOSDAQ,관리종목(소속부없음),3110,0,0.00,0,0,0,0,0,76719035000,24668500
20211207,340120,하이제5호스팩,KOSDAQ,SPAC(소속부없음),2350,25,1.08,2350,2355,2305,31283,73157285,11797000000,5020000
20211207,377400,하이제6호스팩,KOSDAQ,SPAC(소속부없음),2110,5,0.24,2110,2190,2100,28731,60837235,11409825000,5407500
20211207,221840,하이즈항공,KOSDAQ,중견기업부,4665,45,0.97,4630,4715,4590,38468,177700585,82552619055,17696167
20211207,106190,하이텍팜,KOSDAQ,중견기업부,13400,150,1.13,13250,13400,13150,4769,63487700,94989678800,7088782
20211207,066130,하츠,KOSDAQ,우량기업부,9110,0,0.00,9130,9250,8940,49352,450566880,116608000000,12800000
20211207,368770,한국9호스팩,KOSDAQ,SPAC(소속부없음),2865,-85,-2.88,2970,2980,2770,233933,679707135,13780650000,4810000
20211207,004590,한국가구,KOSDAQ,중견기업부,6370,20,0.31,6340,6410,6280,165842,1076247670,95550000000,15000000
20211207,039340,한국경제TV,KOSDAQ,우량기업부,7100,150,2.16,6970,7100,6920,66311,466650190,163300000000,23000000
20211207,034950,한국기업평가,KOSDAQ,우량기업부,80600,0,0.00,80300,80900,80100,823,66340700,365965428400,4540514
20211207,222980,한국맥널티,KOSDAQ,벤처기업부,6720,70,1.05,6660,6800,6660,33478,224756640,70793822400,10534795
20211207,318000,한국바이오젠,KOSDAQ,벤처기업부,8680,10,0.12,8630,8990,8260,92155,797540740,70974841000,8176825
20211207,256840,한국비엔씨,KOSDAQ,벤처기업부,21500,-1900,-8.12,24050,25950,21500,11632077,276177632500,1107930174000,51531636
20211207,025550,한국선재,KOSDAQ,우량기업부,4535,50,1.11,4525,4615,4465,805400,3653243890,111208421890,24522254
20211207,017890,한국알콜,KOSDAQ,우량기업부,11950,50,0.42,11900,12100,11900,64734,773372350,258188832000,21605760
20211207,080720,한국유니온제약,KOSDAQ,벤처기업부,9830,440,4.69,9440,9870,9400,47110,457391560,77693646240,7903728
20211207,063570,한국전자금융,KOSDAQ,우량기업부,5180,70,1.37,5110,5210,5110,56965,294939000,176885231040,34147728
20211207,041460,한국전자인증,KOSDAQ,중견기업부,7920,340,4.49,7610,7930,7580,206724,1610139640,150480000000,19000000
20211207,101680,한국정밀기계,KOSDAQ,관리종목(소속부없음),1440,0,0.00,0,0,0,0,0,12101760000,8404000
20211207,039740,한국정보공학,KOSDAQ,중견기업부,5310,180,3.51,5140,5350,5140,49349,257311190,42577688070,8018397
20211207,053300,한국정보인증,KOSDAQ,중견기업부,6450,20,0.31,6390,6500,6370,69143,444113090,269457334950,41776331
20211207,025770,한국정보통신,KOSDAQ,우량기업부,8980,-110,-1.21,9010,9100,8980,22469,202761310,336249553580,37444271
20211207,310870,한국제8호스팩,KOSDAQ,SPAC(소속부없음),3105,5,0.16,3250,3250,3070,30581,96025960,10619100000,3420000
20211207,023760,한국캐피탈,KOSDAQ,우량기업부,859,17,2.02,842,869,841,186525,159717710,271108625784,315609576
20211207,054040,한국컴퓨터,KOSDAQ,중견기업부,4570,20,0.44,4560,4580,4465,123188,558674770,73445795300,16071290
20211207,050540,한국코퍼레이션,KOSDAQ,투자주의환기종목(소속부없음),2820,0,0.00,0,0,0,0,0,14434336380,5118559
20211207,021650,한국큐빅,KOSDAQ,중견기업부,3960,100,2.59,3860,3965,3840,42741,166617650,64748229480,16350563
20211207,053590,한국테크놀로지,KOSDAQ,벤처기업부,999,-1,-0.10,1010,1010,991,575345,574707687,123833864178,123957822
20211207,032300,한국파마,KOSDAQ,우량기업부,47500,-350,-0.73,47900,48400,47500,89401,4285465700,518068297500,10906701
20211207,037230,한국팩키지,KOSDAQ,중견기업부,4550,-75,-1.62,4620,4640,4500,222799,1012306870,113750000000,25000000
20211207,030520,한글과컴퓨터,KOSDAQ,우량기업부,29900,-3100,-9.39,33450,33900,29650,3646538,114760012550,753594517000,25203830
20211207,052600,한네트,KOSDAQ,중견기업부,6790,150,2.26,6650,6790,6600,80152,537925840,78517523000,11563700
20211207,256150,한독크린텍,KOSDAQ,벤처기업부,11400,50,0.44,11350,11550,11250,23034,263605650,95680200000,8393000
20211207,092460,한라IMS,KOSDAQ,벤처기업부,5030,10,0.20,5090,5150,4990,17494,88405045,88615859010,17617467
20211207,047080,한빛소프트,KOSDAQ,중견기업부,5570,-80,-1.42,5700,5800,5530,245442,1382525730,138023686520,24779836
20211207,070590,한솔인티큐브,KOSDAQ,중견기업부,2905,75,2.65,2860,2930,2845,83984,242979330,40320008505,13879521
20211207,226440,한송네오텍,KOSDAQ,벤처기업부,1530,5,0.33,1535,1555,1500,565181,861031810,88263582480,57688616
20211207,042520,한스바이오메드,KOSDAQ,벤처기업부,11950,-100,-0.83,12050,12100,11800,20739,246598350,120730622950,10102981
20211207,078350,한양디지텍,KOSDAQ,벤처기업부,15350,-300,-1.92,15700,15750,14900,236394,3603382900,234001263700,15244382
20211207,045100,한양이엔지,KOSDAQ,우량기업부,15600,-150,-0.95,15600,15750,15400,68876,1069519400,280800000000,18000000
20211207,046110,한일네트웍스,KOSDAQ,우량기업부,7200,-30,-0.41,7210,7280,7140,68367,492511150,86070434400,11954227
20211207,024740,한일단조,KOSDAQ,중견기업부,2365,20,0.85,2450,2450,2310,184526,432793245,70692990720,29891328
20211207,005860,한일사료,KOSDAQ,중견기업부,1955,5,0.26,1950,1960,1930,104090,202253505,77034204175,39403685
20211207,123840,한일진공,KOSDAQ,중견기업부,723,-2,-0.28,721,729,706,130122,93655987,56615221371,78305977
20211207,007770,한일화학,KOSDAQ,중견기업부,15900,100,0.63,15850,16050,15550,9165,144193000,55809000000,3510000
20211207,043090,한주케미칼앤홀딩스,KOSDAQ,투자주의환기종목(소속부없음),1780,25,1.42,1760,1845,1755,47533,85238025,66261795840,37225728
20211207,079170,한창산업,KOSDAQ,중견기업부,8070,-30,-0.37,8100,8180,8060,38758,314443580,41964000000,5200000
20211207,086960,한컴MDS,KOSDAQ,우량기업부,25000,-1650,-6.19,26800,27350,24650,487364,12597063700,221215200000,8848608
20211207,054920,한컴위드,KOSDAQ,벤처기업부,9430,-620,-6.17,10250,10300,9410,704695,6861060020,266087073830,28217081
20211207,002680,한탑,KOSDAQ,투자주의환기종목(소속부없음),1295,0,0.00,1295,1315,1280,21108,27302795,36609634460,28269988
20211207,066110,한프,KOSDAQ,투자주의환기종목(소속부없음),1130,0,0.00,0,0,0,0,0,86834027360,76844272
20211207,340440,한화플러스제1호스팩,KOSDAQ,SPAC(소속부없음),3025,175,6.14,2910,3190,2830,449061,1366653165,14247750000,4710000
20211207,386580,한화플러스제2호스팩,KOSDAQ,SPAC(소속부없음),2455,0,0.00,2430,2515,2430,102852,255066690,10212800000,4160000
20211207,034810,해성산업,KOSDAQ,우량기업부,13650,-150,-1.09,13800,14100,13600,53722,742838950,359763467700,26356298
20211207,03481K,해성산업1우,KOSDAQ,우량기업부,15200,-650,-4.10,15500,18350,15000,952264,15954806900,15200000000,1000000
20211207,076610,해성옵틱스,KOSDAQ,중견기업부,1150,-65,-5.35,1225,1230,1115,4134380,4774879340,93862711350,81619749
20211207,059270,해성티피씨,KOSDAQ,기술성장기업부,6690,-30,-0.45,6750,6780,6650,17234,115669700,63287400000,9460000
20211207,220180,핸디소프트,KOSDAQ,벤처기업부,3835,-45,-1.16,3850,3880,3800,8240,31501330,74429680000,19408000
20211207,900270,헝셩그룹,KOSDAQ,외국기업(소속부없음),439,4,0.92,441,441,434,149727,65393837,35120000000,80000000
20211207,084990,헬릭스미스,KOSDAQ,기술성장기업부,24300,700,2.97,23500,24350,23450,140688,3386595250,832656850200,34265714
20211207,170030,현대공업,KOSDAQ,우량기업부,6780,40,0.59,6700,6820,6700,19062,129365410,104005200000,15340000
20211207,319400,현대무벡스,KOSDAQ,우량기업부,3025,25,0.83,3050,3050,2980,51776,155770835,317934530100,105102324
20211207,048410,현대바이오,KOSDAQ,중견기업부,26550,-4700,-15.04,31050,32950,26350,11421973,332917559200,1025908567200,38640624
20211207,052260,현대바이오랜드,KOSDAQ,우량기업부,17400,200,1.16,17100,17750,17100,25154,441184450,261000000000,15000000
20211207,016790,현대사료,KOSDAQ,중견기업부,14550,450,3.19,14100,14700,14100,12607,182541800,89489571300,6150486
20211207,041440,현대에버다임,KOSDAQ,중견기업부,5300,50,0.95,5260,5310,5200,25236,132500850,94954503200,17915944
20211207,039010,현대에이치티,KOSDAQ,우량기업부,9050,90,1.00,8970,9050,8950,11798,106050480,78056250000,8625000
20211207,090850,현대이지웰,KOSDAQ,우량기업부,11450,-100,-0.87,11500,11600,11400,145389,1665742350,271895833450,23746361
20211207,092300,현우산업,KOSDAQ,우량기업부,4670,160,3.55,4545,4760,4485,410843,1898054315,80630912400,17265720
20211207,053660,현진소재,KOSDAQ,관리종목(소속부없음),400,0,0.00,0,0,0,0,0,21280401200,53201003
20211207,138360,협진,KOSDAQ,관리종목(소속부없음),4480,0,0.00,0,0,0,0,0,155061688320,34611984
20211207,011080,형지I&C,KOSDAQ,중견기업부,1560,5,0.32,1520,1635,1505,3043254,4780223370,60861292440,39013649
20211207,060560,홈센타홀딩스,KOSDAQ,중견기업부,1280,35,2.81,1240,1305,1235,2746722,3489552525,163416992000,127669525
20211207,064240,홈캐스트,KOSDAQ,중견기업부,3660,300,8.93,3380,3770,3365,394345,1424618600,121126806960,33094756
20211207,039610,화성밸브,KOSDAQ,중견기업부,5560,30,0.54,5550,5600,5490,33395,184718040,57881824000,10410400
20211207,126640,화신정공,KOSDAQ,우량기업부,1885,5,0.27,1880,1920,1875,217355,412548570,68564776995,36373887
20211207,061250,화일약품,KOSDAQ,우량기업부,2570,60,2.39,2500,2585,2500,327044,834765385,168678231210,65633553
20211207,097870,효성오앤비,KOSDAQ,중견기업부,8460,0,0.00,8460,8540,8370,71212,601238110,71825400000,8490000
20211207,050090,휘닉스소재,KOSDAQ,중견기업부,888,-4,-0.45,892,916,887,496186,447324568,70275380496,79138942
20211207,290270,휴네시온,KOSDAQ,벤처기업부,6250,20,0.32,6230,6360,6170,65857,413348130,60047950000,9607672
20211207,353190,휴럼,KOSDAQ,중견기업부,1680,35,2.13,1645,1705,1645,109392,183303420,61219905600,36440420
20211207,090710,휴림로봇,KOSDAQ,중견기업부,759,9,1.20,750,760,745,370305,279512235,95140579413,125349907
20211207,205470,휴마시스,KOSDAQ,기술성장기업부,17550,50,0.29,17150,17700,16900,1757547,30457057550,600627953250,34223815
20211207,115160,휴맥스,KOSDAQ,중견기업부,4490,60,1.35,4430,4495,4405,132699,592006850,190955335720,42529028
20211207,028080,휴맥스홀딩스,KOSDAQ,중견기업부,4125,-5,-0.12,4180,4180,4110,16842,69583270,51882212250,12577506
20211207,032860,휴먼엔,KOSDAQ,중견기업부,4610,15,0.33,4610,4745,4595,103674,483717960,82686651870,17936367
20211207,200670,휴메딕스,KOSDAQ,우량기업부,23900,200,0.84,23700,24150,23400,22390,532460450,238311536600,9971194
20211207,065510,휴비츠,KOSDAQ,우량기업부,9280,-40,-0.43,9320,9420,9250,24413,227409280,110273042880,11882871
20211207,215090,휴센텍,KOSDAQ,중견기업부,2015,75,3.87,2020,2090,2000,1876380,3832910760,161793284510,80294434
20211207,243070,휴온스,KOSDAQ,우량기업부,50000,700,1.42,49400,50000,48450,21858,1081434750,542983550000,10859671
20211207,084110,휴온스글로벌,KOSDAQ,우량기업부,39400,-600,-1.50,39750,40200,38750,56954,2246010600,473993386600,12030289
20211207,263920,휴온스블러썸,KOSDAQ,관리종목(소속부없음),4555,0,0.00,0,0,0,0,0,223400585370,49045134
20211207,145020,휴젤,KOSDAQ,우량기업부,149500,3300,2.26,145200,150300,145200,40892,6090896600,1866575522500,12485455
20211207,024060,흥구석유,KOSDAQ,우량기업부,6830,10,0.15,6890,6910,6750,77558,530292740,102450000000,15000000
20211207,010240,흥국,KOSDAQ,우량기업부,7340,130,1.80,7210,7350,7190,59783,434690770,90448588640,12322696
20211207,189980,흥국에프엔비,KOSDAQ,중견기업부,3410,-55,-1.59,3470,3525,3410,793953,2748673510,130900103070,38387127
20211207,037440,희림,KOSDAQ,중견기업부,7470,0,0.00,7450,7810,7350,962760,7277544530,104000888250,13922475
20211207,238490,힘스,KOSDAQ,우량기업부,9870,540,5.79,9330,9910,9330,91708,894249700,111651769320,11312236
