BAS_DD,ISU_CD,ISU_NM,MKT_NM,SECT_TP_NM,TDD_CLSPRC,CMPPREVDD_PRC,FLUC_RT,TDD_OPNPRC,TDD_HGPRC,TDD_LWPRC,ACC_TRDVOL,ACC_TRDVAL,MKTCAP,LIST_SHRS
20200214,095570,AJ네트웍스,KOSPI,,5100,-40,-0.78,5130,5180,5050,31173,158151820,238793704500,46822295
20200214,006840,AK홀딩스,KOSPI,,30200,-200,-0.66,30100,30450,30100,13980,422704650,400076342200,13247561
20200214,027410,BGF,KOSPI,,5260,-90,-1.68,5310,5360,5260,118278,625403340,503470320660,95716791
20200214,282330,BGF리테일,KOSPI,,169000,4500,2.74,164000,171000,162500,45288,7600330500,2920980114000,17283906
20200214,138930,BNK금융지주,KOSPI,,6800,-50,-0.73,6850,6870,6800,522483,3565094490,2216359672800,325935246
20200214,001460,BYC,KOSPI,,225000,4500,2.04,222000,225000,221500,462,103170000,140538375000,624615
20200214,001465,BYC우,KOSPI,,122500,3500,2.94,120000,124500,119500,491,59691000,26384662500,215385
20200214,001040,CJ,KOSPI,,95500,100,0.10,95600,97700,93600,135926,12960647300,2786403309000,29176998
20200214,079160,CJ CGV,KOSPI,,28800,-650,-2.21,29500,29650,28650,237567,6875198900,609445814400,21161313
20200214,00104K,CJ4우(전환),KOSPI,,70300,-200,-0.28,70500,71800,68900,16540,1155348500,297123793600,4226512
20200214,000120,CJ대한통운,KOSPI,,143500,-4500,-3.04,147000,147500,143500,50615,7348713500,3273571364000,22812344
20200214,011150,CJ씨푸드,KOSPI,,3280,365,12.52,3225,3655,3210,37230185,129680468680,117852935440,35930773
20200214,011155,CJ씨푸드1우,KOSPI,,47450,10950,30.00,42200,47450,41700,86250,3936920350,9490000000,200000
20200214,001045,CJ우,KOSPI,,47200,-6000,-11.28,53200,62000,47000,601822,33014707400,106682525600,2260223
20200214,097950,CJ제일제당,KOSPI,,276000,500,0.18,275500,279000,267000,64161,17535497000,4154955336000,15054186
20200214,097955,CJ제일제당 우,KOSPI,,116500,-500,-0.43,118500,119500,113000,7932,925696500,154645944500,1327433
20200214,000590,CS홀딩스,KOSPI,,57000,400,0.71,56800,57200,56000,515,29232500,65805474000,1154482
20200214,012030,DB,KOSPI,,808,3,0.37,805,813,804,261530,211419427,162548537864,201173933
20200214,016610,DB금융투자,KOSPI,,3970,-35,-0.87,4005,4050,3960,35838,142673360,168512164330,42446389
20200214,005830,DB손해보험,KOSPI,,43500,-700,-1.58,43950,44600,43500,214234,9410262900,3079800000000,70800000
20200214,000990,DB하이텍,KOSPI,,30150,300,1.01,29900,30200,29350,525526,15713624600,1338617428200,44398588
20200214,000995,DB하이텍1우,KOSPI,,51400,-300,-0.58,51500,51700,50900,2141,109400900,5773042400,112316
20200214,139130,DGB금융지주,KOSPI,,6630,60,0.91,6610,6670,6580,643158,4254577410,1121436872790,169145833
20200214,001530,DI동일,KOSPI,,79100,-500,-0.63,79100,79800,77100,2903,228609700,191534322000,2421420
20200214,004840,DRB동일,KOSPI,,5320,40,0.76,5330,5330,5160,16289,84842840,106027600000,19930000
20200214,155660,DSR,KOSPI,,4640,25,0.54,4570,4660,4535,65002,298401210,74240000000,16000000
20200214,069730,DSR제강,KOSPI,,4510,-15,-0.33,4485,4550,4480,28581,128433430,64944000000,14400000
20200214,017940,E1,KOSPI,,45000,800,1.81,44550,45650,44250,25170,1126373100,308700000000,6860000
20200214,007700,F&F,KOSPI,,105000,-1500,-1.41,106000,107500,104500,46546,4902365000,1617000000000,15400000
20200214,114090,GKL,KOSPI,,19450,-150,-0.77,19400,19850,19350,243023,4756419550,1203092781500,61855670
20200214,078930,GS,KOSPI,,46050,50,0.11,45700,46250,45500,139337,6394461350,4278753156900,92915378
20200214,006360,GS건설,KOSPI,,29300,-550,-1.84,29850,29900,29050,410401,12009132200,2346865657200,80097804
20200214,001250,GS글로벌,KOSPI,,2035,-25,-1.21,2060,2070,2025,150764,308228165,167956209740,82533764
20200214,007070,GS리테일,KOSPI,,38650,-100,-0.26,38750,39150,38550,79916,3107419250,2976050000000,77000000
20200214,078935,GS우,KOSPI,,35050,100,0.29,35050,35100,34950,1438,50356600,62558151300,1784826
20200214,012630,HDC,KOSPI,,10550,-150,-1.40,10650,10700,10500,240038,2543374750,630275156550,59741721
20200214,039570,HDC아이콘트롤스,KOSPI,,9560,-90,-0.93,9560,9650,9460,46413,442471400,157357600000,16460000
20200214,089470,HDC현대EP,KOSPI,,4275,-50,-1.16,4305,4335,4250,45644,195007310,136372500000,31900000
20200214,294870,HDC현대산업개발,KOSPI,,21500,-450,-2.05,21950,22050,21500,211314,4568497750,944671730000,43938220
20200214,082740,HSD엔진,KOSPI,,4135,-65,-1.55,4200,4245,4095,122305,507127325,136236432170,32947142
20200214,003560,IHQ,KOSPI,,1740,10,0.58,1720,1780,1710,1602360,2794130130,254450201520,146235748
20200214,175330,JB금융지주,KOSPI,,5260,0,0.00,5260,5310,5200,316930,1672849760,1036130022440,196982894
20200214,234080,JW생명과학,KOSPI,,18700,-200,-1.06,18850,18900,18500,67848,1264814300,296106159800,15834554
20200214,001060,JW중외제약,KOSPI,,27600,-200,-0.72,27800,27900,27450,81818,2263366050,577393490400,20920054
20200214,001067,JW중외제약2우B,KOSPI,,45000,50,0.11,44000,45300,44000,822,36825500,4066830000,90374
20200214,001065,JW중외제약우,KOSPI,,28550,550,1.96,27550,28700,27550,3960,111648050,4920906550,172361
20200214,096760,JW홀딩스,KOSPI,,5840,330,5.99,5570,5840,5510,529214,3028004850,388080585200,66452155
20200214,105560,KB금융,KOSPI,,42750,0,0.00,42500,43000,42250,1304244,55796280530,17775788580000,415807920
20200214,002380,KCC,KOSPI,,209000,-18000,-7.93,224000,224000,208500,109990,23343578500,1857272439000,8886471
20200214,009070,KCTC,KOSPI,,2730,-10,-0.36,2755,2760,2715,32403,88397500,81900000000,30000000
20200214,009440,KC그린홀딩스,KOSPI,,5120,40,0.79,5080,5140,4955,43473,221078860,114867097600,22434980
20200214,119650,KC코트렐,KOSPI,,7190,10,0.14,7230,7250,7130,63302,454810460,93470000000,13000000
20200214,092220,KEC,KOSPI,,1100,15,1.38,1090,1110,1080,792503,867408160,128377634000,116706940
20200214,001390,KG케미칼,KOSPI,,13900,-100,-0.71,14000,14150,13800,148536,2074532200,180883924800,13013232
20200214,001940,KISCO홀딩스,KOSPI,,11350,50,0.44,11300,11350,11150,10762,121082750,209706913000,18476380
20200214,025000,KPX케미칼,KOSPI,,52600,-500,-0.94,52900,52900,51500,6906,359439700,254584000000,4840000
20200214,092230,KPX홀딩스,KOSPI,,50100,-100,-0.20,50300,50300,49750,1062,52952500,211654764600,4224646
20200214,000040,KR모터스,KOSPI,,250,0,0.00,0,0,0,0,0,47361018750,189444075
20200214,044450,KSS해운,KOSPI,,7700,10,0.13,7680,7720,7550,36813,281629540,178531276000,23185880
20200214,030200,KT,KOSPI,,25000,-200,-0.79,25200,25300,25000,548736,13772731550,6527795200000,261111808
20200214,033780,KT&G,KOSPI,,90400,-1800,-1.95,91600,92000,90300,774541,70403206600,12411241728800,137292497
20200214,030210,KTB투자증권,KOSPI,,2375,-35,-1.45,2405,2415,2365,163326,389087970,143245968500,60314092
20200214,058850,KTcs,KOSPI,,2175,5,0.23,2180,2180,2135,87927,189709100,92839875000,42685000
20200214,058860,KTis,KOSPI,,2250,35,1.58,2205,2260,2190,136920,306683565,78304500000,34802000
20200214,093050,LF,KOSPI,,14650,-400,-2.66,15050,15100,14600,129683,1915749300,428366000000,29240000
20200214,003550,LG,KOSPI,,76900,-2100,-2.66,77600,78500,76200,354833,27308951100,13269643373900,172557131
20200214,034220,LG디스플레이,KOSPI,,15800,-100,-0.63,15950,16000,15700,1721399,27203017250,5653488060000,357815700
20200214,001120,LG상사,KOSPI,,13200,0,0.00,13100,13400,12950,200201,2637711250,511632000000,38760000
20200214,051900,LG생활건강,KOSPI,,1389000,-14000,-1.00,1402000,1406000,1386000,42012,58629357000,21693675633000,15618197
20200214,051905,LG생활건강우,KOSPI,,854000,5000,0.59,849000,856000,840000,3876,3299772000,1793141238000,2099697
20200214,003555,LG우,KOSPI,,51200,-400,-0.78,52000,52000,50300,7879,402220300,169711462400,3314677
20200214,032640,LG유플러스,KOSPI,,14400,0,0.00,14300,14500,14150,2382759,34281310150,6287203598400,436611361
20200214,011070,LG이노텍,KOSPI,,155000,1000,0.65,156000,159000,153500,187280,29175262000,3668401585000,23667107
20200214,066570,LG전자,KOSPI,,67000,-100,-0.15,67200,67600,66700,354348,23802470800,10964403538000,163647814
20200214,066575,LG전자우,KOSPI,,26500,-250,-0.93,26900,26900,26400,41676,1105135900,455428788000,17185992
20200214,108670,LG하우시스,KOSPI,,51500,200,0.39,51300,51800,50600,35741,1827351900,461835005000,8967670
20200214,108675,LG하우시스우,KOSPI,,24050,100,0.42,24000,24200,23700,2713,64658400,24827536500,1032330
20200214,037560,LG헬로비전,KOSPI,,5370,220,4.27,5210,5610,5180,508714,2738197480,415889665050,77446865
20200214,051910,LG화학,KOSPI,,413500,2000,0.49,416500,420000,412000,301730,125089718800,29189933830500,70592343
20200214,051915,LG화학우,KOSPI,,211000,-500,-0.24,213000,214500,210000,24883,5268220500,1622336800000,7688800
20200214,079550,LIG넥스원,KOSPI,,28650,0,0.00,28450,28800,28400,43385,1239457700,630300000000,22000000
20200214,006260,LS,KOSPI,,41950,150,0.36,41800,42200,41650,75264,3150862750,1350790000000,32200000
20200214,000680,LS네트웍스,KOSPI,,2395,0,0.00,2425,2435,2365,9972,23833590,188733223320,78803016
20200214,010120,LS산전,KOSPI,,48600,-550,-1.12,49000,49350,48600,71864,3501767700,1458000000000,30000000
20200214,229640,LS전선아시아,KOSPI,,8010,-50,-0.62,8060,8100,8010,36281,291950560,245305280790,30624879
20200214,023150,MH에탄올,KOSPI,,6100,-30,-0.49,6060,6150,6050,21193,128953950,45009008600,7378526
20200214,035420,NAVER,KOSPI,,186500,2000,1.08,184000,187500,184000,659429,122491407500,30737698167500,164813395
20200214,181710,NHN,KOSPI,,71300,-800,-1.11,72900,72900,71000,117792,8424032300,1394986282500,19565025
20200214,005940,NH투자증권,KOSPI,,11250,100,0.90,11150,11300,11100,466411,5232501550,3165849978750,281408887
20200214,005945,NH투자증권우,KOSPI,,8490,-10,-0.12,8540,8540,8470,88718,753637720,160214518320,18870968
20200214,338100,NH프라임리츠,KOSPI,,5810,-40,-0.68,5860,5860,5790,54176,314750620,108414600000,18660000
20200214,034310,NICE,KOSPI,,22550,-150,-0.66,22700,22850,22550,35634,807315950,854245865000,37882300
20200214,008260,NI스틸,KOSPI,,2085,5,0.24,2080,2090,2065,68148,141518755,59631243945,28600117
20200214,004250,NPC,KOSPI,,3755,-55,-1.44,3825,3825,3750,2856,10780550,137883600000,36720000
20200214,004255,NPC우,KOSPI,,2295,0,0.00,2310,2330,2280,2932,6705610,12117600000,5280000
20200214,010060,OCI,KOSPI,,62100,-1700,-2.66,63700,63900,61200,374545,23277698000,1481045939100,23849371
20200214,005490,POSCO,KOSPI,,219500,-1500,-0.68,219000,220000,217500,217419,47589037500,19137510282500,87186835
20200214,100840,S&TC,KOSPI,,18550,100,0.54,18600,18800,18200,26560,492393800,139249489050,7506711
20200214,064960,S&T모티브,KOSPI,,45300,1450,3.31,43650,46850,43650,121056,5537033300,662428060800,14623136
20200214,003570,S&T중공업,KOSPI,,6470,40,0.62,6450,6520,6310,34182,219658970,215144949590,33252697
20200214,036530,S&T홀딩스,KOSPI,,15050,-50,-0.33,15400,15500,14900,12194,184782800,245373484300,16303886
20200214,010950,S-Oil,KOSPI,,76200,-1400,-1.80,77100,77300,76100,304735,23288818200,8578808750400,112582792
20200214,010955,S-Oil우,KOSPI,,45500,-150,-0.33,45650,45700,45300,3847,175138250,182997678500,4021927
20200214,034120,SBS,KOSPI,,24450,750,3.16,23700,24600,23350,142158,3448013050,446275629900,18252582
20200214,101060,SBS미디어홀딩스,KOSPI,,2080,0,0.00,2100,2100,2060,40537,83966865,290984075200,139896190
20200214,004060,SG세계물산,KOSPI,,926,-1,-0.11,930,937,922,381456,354063878,187445512960,202424960
20200214,001380,SG충방,KOSPI,,1660,-10,-0.60,1665,1675,1655,78336,130149825,74640477380,44964143
20200214,002360,SH에너지화학,KOSPI,,1090,-20,-1.80,1110,1115,1085,1888671,2069148625,121135765700,111133730
20200214,009160,SIMPAC,KOSPI,,2865,150,5.52,2850,2995,2805,691204,1982696835,187455563340,65429516
20200214,123700,SJM,KOSPI,,3445,10,0.29,3375,3475,3360,9553,32649000,53758873610,15604898
20200214,025530,SJM홀딩스,KOSPI,,3155,-10,-0.32,3165,3170,3125,9360,29356795,47116795240,14934008
20200214,034730,SK,KOSPI,,232000,-2000,-0.85,233000,236000,231500,104123,24256826000,16323588904000,70360297
20200214,011790,SKC,KOSPI,,57000,1000,1.79,56000,57200,55500,352583,19851601300,2139469635000,37534555
20200214,018670,SK가스,KOSPI,,80800,-900,-1.10,82700,82700,80600,8263,674194700,738655904800,9141781
20200214,001740,SK네트웍스,KOSPI,,4800,-90,-1.84,4875,4875,4785,1301065,6277062805,1191300705600,248187647
20200214,001745,SK네트웍스우,KOSPI,,79900,500,0.63,78600,79900,78600,1190,94320000,9080475200,113648
20200214,006120,SK디스커버리,KOSPI,,24900,-300,-1.19,25200,25600,24850,69643,1751553000,474042589500,19037855
20200214,006125,SK디스커버리우,KOSPI,,16950,-300,-1.74,17350,17500,16850,18736,320154500,23025812250,1358455
20200214,210980,SK디앤디,KOSPI,,29350,-350,-1.18,29500,29750,29300,13790,406446400,557361313400,18990164
20200214,068400,SK렌터카,KOSPI,,11100,-100,-0.89,11300,11300,11000,82034,908259200,396993054000,35765140
20200214,03473K,SK우,KOSPI,,174500,-1000,-0.57,174500,176000,173500,8227,1433930500,98790557500,566135
20200214,096770,SK이노베이션,KOSPI,,137500,-1000,-0.72,140000,140000,137500,373925,51852021000,12714015050000,92465564
20200214,096775,SK이노베이션우,KOSPI,,93300,-1600,-1.69,95700,95700,93200,9295,873368400,116478145800,1248426
20200214,001510,SK증권,KOSPI,,600,0,0.00,600,603,594,519662,311311269,283554102600,472590171
20200214,001515,SK증권우,KOSPI,,2745,-15,-0.54,2760,2805,2740,19339,53323255,10739850930,3912514
20200214,285130,SK케미칼,KOSPI,,68900,-1100,-1.57,70400,70400,68800,121750,8430186800,808982184400,11741396
20200214,28513K,SK케미칼우,KOSPI,,30050,-250,-0.83,30000,30400,29800,34126,1027535650,43833033500,1458670
20200214,017670,SK텔레콤,KOSPI,,227500,-1000,-0.44,228500,231000,226500,183907,42046554500,18369649252500,80745711
20200214,000660,SK하이닉스,KOSPI,,104500,2500,2.45,101500,105000,101000,1893163,196317446500,76076247142500,728002365
20200214,005610,SPC삼립,KOSPI,,78400,-200,-0.25,79000,79500,78000,6086,478532100,676514305600,8629009
20200214,011810,STX,KOSPI,,7840,50,0.64,7670,7860,7660,11794,91449970,154658911680,19726902
20200214,077970,STX엔진,KOSPI,,6420,20,0.31,6490,6490,6360,4986,31828860,147717163680,23008904
20200214,071970,STX중공업,KOSPI,,2655,-5,-0.19,2660,2690,2620,47943,126791090,75311666280,28365976
20200214,084870,TBH글로벌,KOSPI,,2320,5,0.22,2315,2350,2280,50156,115529505,48387820080,20856819
20200214,002710,TCC스틸,KOSPI,,2520,-40,-1.56,2545,2575,2500,103894,262193770,56303100000,22342500
20200214,024070,WISCOM,KOSPI,,2675,-10,-0.37,2675,2695,2655,13996,37383545,40998221650,15326438
20200214,037270,YG PLUS,KOSPI,,1500,15,1.01,1495,1515,1460,933147,1397133600,87256056000,58170704
20200214,000500,가온전선,KOSPI,,21100,200,0.96,21000,21350,20700,2748,58147100,87783321700,4160347
20200214,000860,강남제비스코,KOSPI,,18650,-150,-0.80,19000,19000,18600,5574,104080900,121225000000,6500000
20200214,035250,강원랜드,KOSPI,,26650,-200,-0.74,26650,26950,26500,317412,8470028600,5701514325000,213940500
20200214,011420,갤럭시아에스엠,KOSPI,,1975,-60,-2.95,2050,2050,1910,122162,240737605,54410546900,27549644
20200214,002100,경농,KOSPI,,11050,100,0.91,10900,11150,10900,20155,222555050,239693837500,21691750
20200214,009450,경동나비엔,KOSPI,,42700,-700,-1.61,43400,44000,42550,51371,2206942000,543977077000,12739510
20200214,267290,경동도시가스,KOSPI,,19000,-100,-0.52,19300,19300,18650,12244,231664650,112012714000,5895406
20200214,012320,경동인베스트,KOSPI,,37100,-250,-0.67,37350,37550,36900,2778,103121400,87742353300,2365023
20200214,000050,경방,KOSPI,,9500,70,0.74,9430,9550,9360,19740,187054110,260445065000,27415270
20200214,214390,경보제약,KOSPI,,8090,-70,-0.86,8150,8160,8060,28682,232339550,193406497400,23906860
20200214,012610,경인양행,KOSPI,,8630,180,2.13,8520,8700,8400,472368,4048576190,351986329950,40786365
20200214,009140,경인전자,KOSPI,,18900,0,0.00,18900,18950,18750,1525,28815050,29688063300,1570797
20200214,013580,계룡건설,KOSPI,,19000,150,0.80,19000,19200,18750,4188,79477350,169687233000,8930907
20200214,012200,계양전기,KOSPI,,3390,50,1.50,3325,3480,3300,1619094,5500435310,110514000000,32600000
20200214,012205,계양전기우,KOSPI,,8080,-360,-4.27,8400,8860,7820,375119,3163561090,11312000000,1400000
20200214,004200,고려개발,KOSPI,,8250,-50,-0.60,8300,8500,8200,3629,30066600,125560413000,15219444
20200214,002140,고려산업,KOSPI,,3145,0,0.00,3120,3190,3120,268369,847260730,78434491625,24939425
20200214,010130,고려아연,KOSPI,,430500,8500,2.01,421000,434000,418500,56123,24029043000,8123535000000,18870000
20200214,002240,고려제강,KOSPI,,18250,50,0.27,18100,18250,17950,14826,267680750,365000000000,20000000
20200214,009290,광동제약,KOSPI,,6550,100,1.55,6450,6600,6450,146563,959222340,343356574050,52420851
20200214,017040,광명전기,KOSPI,,2215,20,0.91,2195,2250,2165,432757,960620025,95992817225,43337615
20200214,017900,광전자,KOSPI,,2110,-10,-0.47,2120,2130,2070,114326,239610160,122261339930,57943763
20200214,037710,광주신세계,KOSPI,,168000,4000,2.44,164000,169500,164000,1484,247857500,268800000000,1600000
20200214,030610,교보증권,KOSPI,,8700,-80,-0.91,8780,8800,8660,55961,486841060,313200000000,36000000
20200214,007690,국도화학,KOSPI,,42800,0,0.00,43000,43000,42250,8742,371488650,248694364800,5810616
20200214,005320,국동,KOSPI,,1170,10,0.86,1160,1175,1150,108593,126191065,32287502520,27596156
20200214,002720,국제약품,KOSPI,,5240,-70,-1.32,5410,5530,5230,1247082,6682913880,96418724800,18400520
20200214,083420,그린케미칼,KOSPI,,3420,0,0.00,3405,3445,3375,62271,211316495,82080000000,24000000
20200214,014530,극동유화,KOSPI,,3590,15,0.42,3580,3590,3530,315550,1123064545,125181217800,34869420
20200214,014280,금강공업,KOSPI,,3585,-95,-2.58,3670,3670,3560,66335,238829710,87551862615,24421719
20200214,014285,금강공업우,KOSPI,,10600,-500,-4.50,10950,11500,10550,69478,763728300,6252675000,589875
20200214,008870,금비,KOSPI,,61600,-400,-0.65,62000,62000,61500,322,19839300,61600000000,1000000
20200214,001570,금양,KOSPI,,2680,-45,-1.65,2720,2770,2600,322145,858786565,118049001800,44048135
20200214,002990,금호산업,KOSPI,,9430,-110,-1.15,9540,9590,9370,134620,1272426230,339813341070,36035349
20200214,002995,금호산업우,KOSPI,,32650,50,0.15,32700,33500,32600,4837,159839450,9542484900,292266
20200214,011780,금호석유,KOSPI,,67500,-700,-1.03,68200,69000,66900,125128,8453779400,2056569142500,30467691
20200214,011785,금호석유우,KOSPI,,29750,-50,-0.17,29900,29950,29550,4933,146410250,89948708500,3023486
20200214,214330,금호에이치티,KOSPI,,4340,30,0.70,4280,4390,4280,90380,390218645,111730613540,25744381
20200214,001210,금호전기,KOSPI,,3515,20,0.57,3495,3520,3420,80959,280877700,36087309900,10266660
20200214,073240,금호타이어,KOSPI,,3980,5,0.13,3900,3980,3900,348323,1376366340,1143295942260,287260287
20200214,092440,기신정기,KOSPI,,3875,-15,-0.39,3890,3905,3860,28387,109895895,113150000000,29200000
20200214,000270,기아차,KOSPI,,41650,400,0.97,41000,42300,40650,984696,41166092500,16883383402550,405363347
20200214,024110,기업은행,KOSPI,,10200,-200,-1.92,10400,10450,10150,3166171,32501604750,5887001185800,577156979
20200214,013700,까뮤이앤씨,KOSPI,,1485,40,2.77,1450,1490,1430,1918472,2809853490,67051135800,45152280
20200214,004540,깨끗한나라,KOSPI,,2730,-70,-2.50,2820,2970,2710,943723,2647519040,101667091890,37240693
20200214,004545,깨끗한나라우,KOSPI,,19850,-100,-0.50,19900,20700,19500,32643,650741450,7268276000,366160
20200214,074610,나노메딕스,KOSPI,,7110,-260,-3.53,7970,7980,7110,2949190,22010478640,264647829870,37221917
20200214,001260,남광토건,KOSPI,,10300,-100,-0.96,10400,10400,10150,18411,188930050,101234693300,9828611
20200214,008350,남선알미늄,KOSPI,,4635,20,0.43,4595,4680,4550,7420625,34241843940,510680082150,110179090
20200214,008355,남선알미우,KOSPI,,38800,-400,-1.02,38400,39250,38400,25311,981534300,11946132000,307890
20200214,004270,남성,KOSPI,,3335,10,0.30,3305,3405,3290,1202111,4024140180,120767553600,36212160
20200214,003920,남양유업,KOSPI,,404500,-4000,-0.98,408000,408000,402500,1284,518613000,291240000000,720000
20200214,003925,남양유업우,KOSPI,,134500,500,0.37,134000,135000,133500,95,12811000,22416039000,166662
20200214,002070,남영비비안,KOSPI,,1375,-50,-3.51,1400,1425,1355,3489776,4799114855,94434243750,68679450
20200214,025860,남해화학,KOSPI,,8040,-20,-0.25,8040,8100,7940,101516,813559700,399417897720,49678843
20200214,005720,넥센,KOSPI,,5970,-30,-0.50,6000,6030,5910,20287,120941910,319657542690,53543977
20200214,005725,넥센우,KOSPI,,3395,-5,-0.15,3325,3395,3325,192,640440,12224037000,3600600
20200214,002350,넥센타이어,KOSPI,,7770,-20,-0.26,7750,7800,7720,118832,921081800,758879404290,97667877
20200214,002355,넥센타이어1우B,KOSPI,,3200,0,0.00,3200,3200,3185,5627,17944085,20800000000,6500000
20200214,003580,넥스트사이언스,KOSPI,,7550,-230,-2.96,7700,7820,7510,412678,3146393620,215909969850,28597347
20200214,251270,넷마블,KOSPI,,97700,4300,4.60,93000,98400,92200,540815,52085085800,8377514531800,85747334
20200214,090350,노루페인트,KOSPI,,8080,-40,-0.49,8130,8180,7950,164718,1325209630,161600000000,20000000
20200214,090355,노루페인트우,KOSPI,,15050,-450,-2.90,15300,17600,14850,368371,5934361100,6970046300,463126
20200214,000320,노루홀딩스,KOSPI,,11600,150,1.31,11500,12000,11250,41313,479722450,154177351600,13291151
20200214,000325,노루홀딩스우,KOSPI,,20550,1000,5.12,19550,23000,19550,37390,799862750,3806887500,185250
20200214,006280,녹십자,KOSPI,,118500,-500,-0.42,119500,120000,117500,40280,4782504500,1384854753000,11686538
20200214,005250,녹십자홀딩스,KOSPI,,20300,100,0.50,20000,20800,20000,48167,984570350,954672663000,47028210
20200214,005257,녹십자홀딩스2우,KOSPI,,17500,150,0.86,17550,17550,17300,825,14327100,14804825000,845990
20200214,004370,농심,KOSPI,,257000,-500,-0.19,257500,262000,255000,33829,8738062500,1563238994000,6082642
20200214,072710,농심홀딩스,KOSPI,,78300,-400,-0.51,78700,79800,78300,1862,146542100,363138957000,4637790
20200214,058730,다스코,KOSPI,,6190,0,0.00,6150,6230,6130,24141,148654020,95326000000,15400000
20200214,023590,다우기술,KOSPI,,18250,-250,-1.35,18500,18550,18200,154724,2832955750,818815760250,44866617
20200214,019680,대교,KOSPI,,5540,-60,-1.07,5580,5610,5540,65790,365742190,469253789000,84702850
20200214,019685,대교우B,KOSPI,,3700,-30,-0.80,3710,3790,3690,18609,68871650,71879863000,19426990
20200214,006370,대구백화점,KOSPI,,6540,-140,-2.10,6670,6780,6540,6475,43064210,70773335940,10821611
20200214,008060,대덕전자,KOSPI,,10200,100,0.99,10150,10350,10100,1089652,11156582200,795671114400,78006972
20200214,00806K,대덕전자1우,KOSPI,,6310,-40,-0.63,6350,6370,6240,23195,146245260,20872697560,3307876
20200214,000490,대동공업,KOSPI,,6120,20,0.33,6110,6170,6030,99059,602856700,145216645200,23728210
20200214,008110,대동전자,KOSPI,,3750,35,0.94,3715,3755,3640,3981,14880935,39339176250,10490447
20200214,005750,대림B&Co,KOSPI,,3940,-50,-1.25,3990,3990,3940,12585,49635495,65688625600,16672240
20200214,000210,대림산업,KOSPI,,80800,-2200,-2.65,83000,83200,80700,170016,13858397400,2811840000000,34800000
20200214,000215,대림산업우,KOSPI,,37550,-400,-1.05,38000,38200,37500,4510,170681000,142690000000,3800000
20200214,004440,대림씨엔에스,KOSPI,,6720,-10,-0.15,6720,6770,6670,45972,307537460,85558683840,12731947
20200214,006570,대림통상,KOSPI,,3960,0,0.00,3960,3960,3910,274,1081460,60291000000,15225000
20200214,001680,대상,KOSPI,,21750,150,0.69,21750,22100,21450,168358,3680042900,753594543750,34648025
20200214,001685,대상우,KOSPI,,13000,50,0.39,13000,13050,12800,4483,57961000,17812899000,1370223
20200214,084690,대상홀딩스,KOSPI,,6200,60,0.98,6160,6270,6130,98051,609701470,224517735600,36212538
20200214,084695,대상홀딩스우,KOSPI,,6340,240,3.93,6180,6460,6180,32853,208196310,5791475880,913482
20200214,128820,대성산업,KOSPI,,3460,-10,-0.29,3420,3500,3420,75759,261644990,156514753880,45235478
20200214,117580,대성에너지,KOSPI,,5010,0,0.00,5010,5030,5000,16158,81025890,137775000000,27500000
20200214,016710,대성홀딩스,KOSPI,,8110,10,0.12,8100,8120,8050,4474,36141840,130485512490,16089459
20200214,003540,대신증권,KOSPI,,10650,-100,-0.93,10650,10800,10550,111605,1189289500,540736710000,50773400
20200214,003547,대신증권2우B,KOSPI,,7800,-50,-0.64,7850,7860,7770,13481,105145110,78000000000,10000000
20200214,003545,대신증권우,KOSPI,,8400,-80,-0.94,8440,8490,8400,80300,676870270,218400000000,26000000
20200214,009190,대양금속,KOSPI,,3500,-350,-9.09,3805,3840,3395,2477152,8846268510,73639762000,21039932
20200214,014160,대영포장,KOSPI,,1235,-15,-1.20,1245,1280,1220,4908988,6130763895,133867268015,108394549
20200214,047040,대우건설,KOSPI,,4475,-110,-2.40,4535,4575,4475,945040,4256980850,1859911305050,415622638
20200214,009320,대우부품,KOSPI,,2605,0,0.00,2590,2675,2575,4192989,11013997480,124118806875,47646375
20200214,042660,대우조선해양,KOSPI,,25500,200,0.79,25800,25800,25200,97587,2483982800,2733746676000,107205752
20200214,003090,대웅,KOSPI,,11850,200,1.72,11650,11850,11600,37693,443660450,688982463000,58141980
20200214,069620,대웅제약,KOSPI,,119500,2500,2.14,117000,121500,117000,41880,5006583500,1384595712500,11586575
20200214,000430,대원강업,KOSPI,,3500,30,0.86,3545,3545,3470,12482,43594860,217000000000,62000000
20200214,006340,대원전선,KOSPI,,1090,5,0.46,1090,1120,1085,646265,710486885,74236816390,68107171
20200214,006345,대원전선우,KOSPI,,3030,30,1.00,3045,3065,2990,70240,211863655,7942236000,2621200
20200214,003220,대원제약,KOSPI,,15700,200,1.29,15400,15700,15400,47534,741556200,308704028900,19662677
20200214,024890,대원화성,KOSPI,,1470,45,3.16,1425,1475,1425,104448,151809425,60636253440,41249152
20200214,002880,대유에이텍,KOSPI,,880,-6,-0.68,888,890,877,87436,77043743,94086068560,106915987
20200214,000300,대유플러스,KOSPI,,774,11,1.44,763,775,759,227269,174169826,82529103726,106626749
20200214,012800,대창,KOSPI,,1335,-5,-0.37,1335,1345,1310,800978,1065416525,121672566165,91140499
20200214,015230,대창단조,KOSPI,,28300,0,0.00,28300,28500,28050,2904,81917000,80859410900,2857223
20200214,001070,대한방직,KOSPI,,20200,100,0.50,20300,20300,19850,685,13796350,107060000000,5300000
20200214,006650,대한유화,KOSPI,,99400,-1100,-1.09,99600,100500,98500,22191,2209212500,646100000000,6500000
20200214,001440,대한전선,KOSPI,,608,-5,-0.82,616,617,603,547991,334818228,520735589472,856473009
20200214,084010,대한제강,KOSPI,,5660,-20,-0.35,5650,5680,5570,43891,246398930,139500514440,24646734
20200214,001790,대한제당,KOSPI,,18750,300,1.63,18550,19000,18450,10026,186840400,165750037500,8840002
20200214,001799,대한제당3우B,KOSPI,,25000,200,0.81,24700,25500,24700,563,14129700,3241400000,129656
20200214,001795,대한제당우,KOSPI,,12750,0,0.00,12750,12850,12700,2311,29492450,8265519000,648276
20200214,001130,대한제분,KOSPI,,137000,0,0.00,136500,137500,135000,1001,136272000,231530000000,1690000
20200214,003490,대한항공,KOSPI,,25650,-400,-1.54,26050,26150,25600,425300,10951329400,2432764862100,94844634
20200214,003495,대한항공우,KOSPI,,26100,-850,-3.15,27500,27700,25500,151146,3980085800,28991723400,1110794
20200214,005880,대한해운,KOSPI,,20150,-100,-0.49,20200,20350,19950,84038,1685508000,492206246350,24427109
20200214,003830,대한화섬,KOSPI,,85000,-600,-0.70,85900,85900,84400,1110,93997000,112880000000,1328000
20200214,016090,대현,KOSPI,,2365,-5,-0.21,2370,2405,2335,69127,163980650,104727663150,44282310
20200214,069460,대호에이엘,KOSPI,,3275,-115,-3.39,3385,3395,3255,468862,1528257365,88866597725,27134839
20200214,192080,더블유게임즈,KOSPI,,46400,-900,-1.90,47250,47250,46250,163308,7600886700,847287292800,18260502
20200214,012510,더존비즈온,KOSPI,,97900,1400,1.45,96900,98200,96000,84832,8269060000,2904957330000,29672700
20200214,004830,덕성,KOSPI,,3740,-225,-5.67,3905,4115,3620,1127485,4377103715,58643200000,15680000
20200214,004835,덕성우,KOSPI,,10250,-4100,-28.57,18650,18650,10100,2692947,36277303600,14268000000,1392000
20200214,024900,덕양산업,KOSPI,,1320,5,0.38,1305,1340,1300,249234,329297290,42985773600,32564980
20200214,145720,덴티움,KOSPI,,47600,-100,-0.21,47700,48250,47300,24388,1162791700,526876308000,11068830
20200214,002150,도화엔지니어링,KOSPI,,8400,-90,-1.06,8530,8540,8340,82656,694612740,283248000000,33720000
20200214,001230,동국제강,KOSPI,,5370,-50,-0.92,5370,5460,5250,250083,1336601670,512473797690,95432737
20200214,023450,동남합성,KOSPI,,24500,150,0.62,24600,24600,24350,198,4839400,88733806000,3621788
20200214,004140,동방,KOSPI,,1715,15,0.88,1695,1735,1645,836230,1404986495,57393483420,33465588
20200214,007590,동방아그로,KOSPI,,6540,10,0.15,6530,6560,6530,5316,34787390,89058953580,13617577
20200214,005960,동부건설,KOSPI,,8560,-40,-0.47,8630,8670,8450,16325,139515020,186853355280,21828663
20200214,005965,동부건설우,KOSPI,,21700,50,0.23,21650,22550,21300,917,19887400,4898384400,225732
20200214,016380,동부제철,KOSPI,,7250,20,0.28,7220,7370,7200,5486,39608040,725064503250,100008897
20200214,016385,동부제철우,KOSPI,,71200,900,1.28,71700,71700,70300,21,1498100,3801012000,53385
20200214,083370,동북아12호,KOSPI,,5000,0,0.00,0,0,0,0,0,7928300000,1585660
20200214,083380,동북아13호,KOSPI,,5000,0,0.00,0,0,0,0,0,7928300000,1585660
20200214,026960,동서,KOSPI,,16850,100,0.60,16650,17000,16450,58560,986068400,1679945000000,99700000
20200214,002210,동성제약,KOSPI,,14400,-200,-1.37,14500,14650,14300,174843,2524372050,375418771200,26070748
20200214,102260,동성코퍼레이션,KOSPI,,4595,35,0.77,4560,4615,4515,59144,271026260,208819637150,45444970
20200214,005190,동성화학,KOSPI,,16850,-200,-1.17,17050,17050,16650,11639,195861000,89904253400,5335564
20200214,000640,동아쏘시오홀딩스,KOSPI,,93300,-100,-0.11,93300,94400,92600,5959,556026200,572703110100,6138297
20200214,170900,동아에스티,KOSPI,,95900,-1200,-1.24,96300,98500,95600,27317,2632913700,809766941200,8443868
20200214,028100,동아지질,KOSPI,,16500,100,0.61,16400,16550,16150,89434,1470089750,189750000000,11500000
20200214,282690,동아타이어,KOSPI,,11100,100,0.91,11050,11100,10800,13969,152453150,152436466500,13733015
20200214,001520,동양,KOSPI,,1105,-5,-0.45,1110,1120,1100,531662,589362575,263745889615,238684063
20200214,001527,동양2우B,KOSPI,,9250,-40,-0.43,9130,9310,9130,15,138700,2854263250,308569
20200214,001529,동양3우B,KOSPI,,27350,-450,-1.62,27750,27750,26950,698,18947150,2453896700,89722
20200214,084670,동양고속,KOSPI,,27050,0,0.00,27000,27100,26400,4954,132496300,78325141450,2895569
20200214,030790,동양네트웍스,KOSPI,,317,0,0.00,0,0,0,0,0,47017465043,148320079
20200214,002900,동양물산,KOSPI,,1135,0,0.00,1130,1140,1115,1253339,1413711375,143015232350,126004610
20200214,082640,동양생명,KOSPI,,3700,30,0.82,3665,3720,3655,49100,180890735,597026764500,161358585
20200214,001525,동양우,KOSPI,,6200,0,0.00,6200,6240,6160,156,969510,3829932200,617731
20200214,008970,동양철관,KOSPI,,1065,-15,-1.39,1080,1085,1055,491642,523533180,126612833850,118885290
20200214,092780,동양피스톤,KOSPI,,5310,-10,-0.19,5350,5370,5250,55466,294094450,69924522600,13168460
20200214,049770,동원F&B,KOSPI,,223000,-1000,-0.45,223000,225000,222500,3126,698767000,860584652000,3859124
20200214,018500,동원금속,KOSPI,,1000,82,8.93,940,1060,932,2147927,2144228686,46754933000,46754933
20200214,006040,동원산업,KOSPI,,201000,-3000,-1.47,202000,207500,200500,3063,625107500,739205841000,3677641
20200214,030720,동원수산,KOSPI,,11000,-100,-0.90,11400,11850,11000,482613,5524044900,51191855000,4653805
20200214,014820,동원시스템즈,KOSPI,,25250,200,0.80,25100,25500,24850,32382,814430350,646867402750,25618511
20200214,014825,동원시스템즈우,KOSPI,,30950,50,0.16,30400,30950,30400,178,5498750,8212830100,265358
20200214,163560,동일고무벨트,KOSPI,,6130,-30,-0.49,6120,6160,6080,8981,54786500,81835500000,13350000
20200214,004890,동일산업,KOSPI,,52700,-200,-0.38,52300,53900,52000,971,50845900,127808830500,2425215
20200214,002690,동일제강,KOSPI,,2475,-5,-0.20,2485,2500,2465,49885,122897090,37125000000,15000000
20200214,000020,동화약품,KOSPI,,7590,10,0.13,7600,7700,7550,100164,764785850,211999857300,27931470
20200214,000150,두산,KOSPI,,63700,100,0.16,63700,64600,63500,32175,2059411100,1052568289500,16523835
20200214,000157,두산2우B,KOSPI,,57000,-200,-0.35,57200,57800,56300,2603,147369300,50903166000,893038
20200214,011160,두산건설,KOSPI,,1375,40,3.00,1350,1415,1350,204482,284643660,453608526250,329897110
20200214,241560,두산밥캣,KOSPI,,29950,-700,-2.28,30700,30750,29950,178572,5390258100,3002462521700,100249166
20200214,336370,두산솔루스,KOSPI,,28150,900,3.30,27500,28650,27250,681268,19148392200,861101687700,30589758
20200214,33637K,두산솔루스1우,KOSPI,,10950,1260,13.00,9800,11500,9600,1017962,11007789440,80662080000,7366400
20200214,33637L,두산솔루스2우B,KOSPI,,25300,1000,4.12,24950,26550,24500,135515,3463678250,41645065000,1646050
20200214,000155,두산우,KOSPI,,57600,0,0.00,58000,58100,57600,1663,96315800,230196211200,3996462
20200214,042670,두산인프라코어,KOSPI,,4905,-60,-1.21,5020,5040,4890,1505464,7424180250,1021031073495,208161279
20200214,034020,두산중공업,KOSPI,,5690,270,4.98,5460,5800,5450,2734795,15526627910,1150215718750,202146875
20200214,336260,두산퓨얼셀,KOSPI,,7780,20,0.26,7760,7840,7600,522495,4020559430,431741188280,55493726
20200214,33626K,두산퓨얼셀1우,KOSPI,,4095,5,0.12,4060,4130,4015,33906,137698715,54726399000,13364200
20200214,33626L,두산퓨얼셀2우B,KOSPI,,10100,-50,-0.49,10150,10450,10000,45347,460132900,30161630000,2986300
20200214,016740,두올,KOSPI,,3465,-20,-0.57,3535,3535,3445,271004,940856585,93786046200,27066680
20200214,192650,드림텍,KOSPI,,6750,20,0.30,6820,6860,6710,445910,3027478760,412189539750,61065117
20200214,024090,디씨엠,KOSPI,,11850,50,0.42,11900,11900,11750,4494,52939050,138645000000,11700000
20200214,003160,디아이,KOSPI,,3485,55,1.60,3430,3500,3430,134740,468400055,109766295725,31496785
20200214,092200,디아이씨,KOSPI,,1945,-15,-0.77,1955,1955,1925,101207,196341720,75638266705,38888569
20200214,013570,디와이,KOSPI,,5200,-30,-0.57,5210,5250,5170,50478,262336980,136862091600,26319633
20200214,210540,디와이파워,KOSPI,,10050,0,0.00,10050,10400,9890,85825,860855190,110969165400,11041708
20200214,007340,디티알오토모티브,KOSPI,,28250,-400,-1.40,28550,28650,28100,8627,244416750,282330641250,9994005
20200214,026890,디피씨,KOSPI,,10100,2300,29.49,7870,10100,7790,49032923,451509718190,420949567500,41678175
20200214,115390,락앤락,KOSPI,,14450,-200,-1.37,14700,14850,14400,165501,2424399250,782996370000,54186600
20200214,032350,롯데관광개발,KOSPI,,14050,-150,-1.06,14000,14100,13900,103516,1448821800,973323051100,69275662
20200214,330590,롯데리츠,KOSPI,,5610,-70,-1.23,5600,5630,5510,1427961,7959441940,964745439240,171968884
20200214,000400,롯데손해보험,KOSPI,,1745,0,0.00,1750,1760,1720,113581,197887825,541536878400,310336320
20200214,023530,롯데쇼핑,KOSPI,,116500,-5000,-4.12,119000,121000,115000,224033,26351303500,3295639957500,28288755
20200214,004000,롯데정밀화학,KOSPI,,40900,500,1.24,40350,41250,40350,85729,3508307650,1055220000000,25800000
20200214,286940,롯데정보통신,KOSPI,,37950,-450,-1.17,38650,38950,37850,50602,1938685250,584290761450,15396331
20200214,280360,롯데제과,KOSPI,,144000,-500,-0.35,145000,145000,141000,4756,675123000,924007248000,6416717
20200214,004990,롯데지주,KOSPI,,34100,-900,-2.57,34650,34900,34000,289250,9897090950,3577404981700,104909237
20200214,00499K,롯데지주우,KOSPI,,62800,-2200,-3.38,65000,65800,62800,16579,1060130300,62022724400,987623
20200214,005300,롯데칠성,KOSPI,,125000,-1500,-1.19,127500,127500,124500,12960,1623373500,999182500000,7993460
20200214,005305,롯데칠성우,KOSPI,,62600,-400,-0.63,63200,63200,62200,717,44926300,48534406000,775310
20200214,011170,롯데케미칼,KOSPI,,207000,-1000,-0.48,207000,208500,205500,92441,19130374000,7095011733000,34275419
20200214,002270,롯데푸드,KOSPI,,375000,500,0.13,372000,379000,372000,1904,716367000,424451250000,1131870
20200214,071840,롯데하이마트,KOSPI,,25850,-500,-1.90,26000,26250,25800,61274,1593542350,610259355200,23607712
20200214,027740,마니커,KOSPI,,833,4,0.48,821,847,816,10626140,8866229275,132007670802,158472594
20200214,204320,만도,KOSPI,,35100,-350,-0.99,35450,35700,34850,294399,10368311700,1648194912000,46957120
20200214,001080,만호제강,KOSPI,,14350,-100,-0.69,14450,14450,14250,708,10150150,59552500000,4150000
20200214,088980,맥쿼리인프라,KOSPI,,11450,-50,-0.43,11550,11550,11450,503633,5783112500,3996557647200,349044336
20200214,094800,맵스리얼티1,KOSPI,,4720,-65,-1.36,4800,4800,4680,177172,837092455,438178042320,92834331
20200214,015540,메디파트너생명공학,KOSPI,,4625,-90,-1.91,4790,4790,4550,105993,493447925,43184207750,9337126
20200214,138040,메리츠금융지주,KOSPI,,9990,-10,-0.10,10000,10050,9970,112374,1125126430,1400840896860,140224314
20200214,008560,메리츠종금증권,KOSPI,,3635,-10,-0.27,3615,3680,3615,1246783,4549825845,2243924398135,617310701
20200214,000060,메리츠화재,KOSPI,,15250,-200,-1.29,15400,15500,15250,144399,2216984700,1733620000000,113680000
20200214,090370,메타랩스,KOSPI,,1220,-15,-1.21,1235,1245,1195,340780,412742965,63816962920,52308986
20200214,017180,명문제약,KOSPI,,4985,0,0.00,5330,5370,4970,1352006,6975741845,122759518285,24625781
20200214,012690,모나리자,KOSPI,,4770,65,1.38,4685,5060,4650,4329372,21071901135,174444886350,36571255
20200214,005360,모나미,KOSPI,,3710,-210,-5.36,3865,3930,3680,4652957,17481792840,70109008970,18897307
20200214,204210,모두투어리츠,KOSPI,,3130,50,1.62,3080,3130,3080,12672,39331555,24497930950,7826815
20200214,009680,모토닉,KOSPI,,9300,100,1.09,9200,9480,9060,38181,354587850,306900000000,33000000
20200214,009580,무림P&P,KOSPI,,4010,-55,-1.35,4065,4075,3975,128311,515545255,250096979240,62368324
20200214,009200,무림페이퍼,KOSPI,,2695,-15,-0.55,2655,2720,2640,197763,528801305,112137090450,41609310
20200214,033920,무학,KOSPI,,7990,-30,-0.37,8060,8060,7960,22751,181963760,227715000000,28500000
20200214,008420,문배철강,KOSPI,,2425,10,0.41,2420,2430,2400,60341,145832310,49720999625,20503505
20200214,025560,미래산업,KOSPI,,125,-1,-0.79,126,127,125,6273762,788100541,105402300000,843218400
20200214,007120,미래아이앤지,KOSPI,,332,0,0.00,330,337,330,667049,221377685,42988737136,129484148
20200214,006800,미래에셋대우,KOSPI,,7010,10,0.14,6990,7080,6990,1403982,9861859990,4614798020080,658316408
20200214,00680K,미래에셋대우2우B,KOSPI,,3830,-10,-0.26,3840,3845,3825,53220,203971595,536200000000,140000000
20200214,006805,미래에셋대우우,KOSPI,,4205,10,0.24,4220,4220,4200,8009,33733090,59188528750,14075750
20200214,085620,미래에셋생명,KOSPI,,4165,-10,-0.24,4155,4200,4115,123019,511846295,737272427185,177016189
20200214,002840,미원상사,KOSPI,,59000,-200,-0.34,59600,59600,59000,1343,79493700,300192000000,5088000
20200214,268280,미원에스씨,KOSPI,,72900,100,0.14,72800,73000,72300,263,19112600,384029253900,5267891
20200214,107590,미원홀딩스,KOSPI,,41050,250,0.61,41100,41150,40850,2164,88839950,95719322700,2331774
20200214,134380,미원화학,KOSPI,,44850,250,0.56,44800,44850,44700,66,2958450,98637169800,2199268
20200214,003650,미창석유,KOSPI,,76400,400,0.53,76800,76800,74600,695,52363000,132910940800,1739672
20200214,155900,바다로19호,KOSPI,,2880,5,0.17,2875,2880,2875,6373,18323835,43776011520,15200004
20200214,003610,방림,KOSPI,,1965,0,0.00,1975,1985,1960,42791,84205715,83147186850,42314090
20200214,001340,백광산업,KOSPI,,2635,-15,-0.57,2680,2690,2605,994665,2627065685,118360002445,44918407
20200214,014580,백광소재,KOSPI,,4250,55,1.31,4190,4265,4185,499781,2109964370,117228175000,27583100
20200214,035150,백산,KOSPI,,7050,-20,-0.28,7070,7100,6970,179770,1263803000,170610000000,24200000
20200214,002410,범양건영,KOSPI,,3305,-110,-3.22,3390,3405,3245,830510,2751000645,82069138660,24831812
20200214,096300,베트남개발1,KOSPI,,327,-6,-1.80,334,334,326,152991,50406166,42310848171,129390973
20200214,007210,벽산,KOSPI,,1795,-5,-0.28,1790,1805,1775,138596,247548040,123065200000,68560000
20200214,002760,보락,KOSPI,,2080,-25,-1.19,2100,2145,2075,1513542,3192521155,124592000000,59900000
20200214,003850,보령제약,KOSPI,,13650,100,0.74,13500,13750,13400,146310,1997354950,603330000000,44200000
20200214,000890,보해양조,KOSPI,,1055,5,0.48,1050,1060,1045,913004,960251535,134459088515,127449373
20200214,003000,부광약품,KOSPI,,13850,-200,-1.42,14050,14100,13800,137688,1911465750,879909432950,63531367
20200214,001270,부국증권,KOSPI,,19800,-50,-0.25,19800,19900,19750,1541,30528400,205323742800,10369886
20200214,001275,부국증권우,KOSPI,,18200,0,0.00,18200,18200,18100,152,2762250,54600000000,3000000
20200214,026940,부국철강,KOSPI,,4920,20,0.41,4900,4930,4835,156895,766474735,98400000000,20000000
20200214,015350,부산가스,KOSPI,,34300,0,0.00,34300,34300,34000,3821,130505250,377300000000,11000000
20200214,011390,부산산업,KOSPI,,133000,-1000,-0.75,134500,136000,132500,8707,1166115000,140448000000,1056000
20200214,005030,부산주공,KOSPI,,437,8,1.86,425,437,422,55452,23829622,18527752948,42397604
20200214,100220,비상교육,KOSPI,,7390,-60,-0.81,7450,7470,7350,28863,213297400,96045915990,12996741
20200214,101140,비티원,KOSPI,,2755,-80,-2.82,2840,2875,2740,105212,291962280,109267683205,39661591
20200214,005180,빙그레,KOSPI,,55200,-100,-0.18,54700,56000,54700,8802,487360500,543788503200,9851241
20200214,003960,사조대림,KOSPI,,15700,300,1.95,15400,15850,15250,17592,273999600,143882131900,9164467
20200214,008040,사조동아원,KOSPI,,996,0,0.00,990,1005,990,242674,241795723,140580021600,141144600
20200214,007160,사조산업,KOSPI,,33650,-150,-0.44,33400,34150,33400,3485,118002950,168250000000,5000000
20200214,014710,사조씨푸드,KOSPI,,4785,10,0.21,4805,4925,4740,139615,674387775,82390728255,17218543
20200214,006090,사조오양,KOSPI,,8110,130,1.63,8110,8340,8080,299666,2462323370,76418413290,9422739
20200214,005090,삼광글라스,KOSPI,,29700,200,0.68,29500,29950,29450,3410,101349600,144176214600,4854418
20200214,001470,삼부토건,KOSPI,,670,0,0.00,665,677,664,280586,187852847,92156066560,137546368
20200214,006400,삼성SDI,KOSPI,,337000,500,0.15,337500,340000,334000,370649,124951900000,23173646610000,68764530
20200214,006405,삼성SDI우,KOSPI,,166500,-6500,-3.76,170000,172500,165000,74469,12525684000,269379684000,1617896
20200214,006660,삼성공조,KOSPI,,7440,10,0.13,7480,7480,7430,2029,15095180,60459776160,8126314
20200214,028260,삼성물산,KOSPI,,119500,1000,0.84,118500,120000,117500,310446,36931703250,22667960138500,189690043
20200214,02826K,삼성물산우B,KOSPI,,91500,200,0.22,91300,92000,90500,12217,1116000800,148910760000,1627440
20200214,207940,삼성바이오로직스,KOSPI,,529000,-1000,-0.19,530000,533000,528000,77388,40981995000,35001285000000,66165000
20200214,032830,삼성생명,KOSPI,,68000,0,0.00,67500,68400,67100,186773,12655745300,13600000000000,200000000
20200214,018260,삼성에스디에스,KOSPI,,200000,2000,1.01,196000,201000,195500,77990,15503942000,15475560000000,77377800
20200214,028050,삼성엔지니어링,KOSPI,,16250,-200,-1.22,16400,16450,16250,1080174,17641475350,3185000000000,196000000
20200214,009150,삼성전기,KOSPI,,142500,0,0.00,143500,144000,141500,458841,65510727500,10643851680000,74693696
20200214,009155,삼성전기우,KOSPI,,63500,-300,-0.47,63800,64400,62500,51187,3240243500,184593484000,2906984
20200214,005930,삼성전자,KOSPI,,61800,1100,1.81,60900,61900,60200,13276067,814138135400,368932561590000,5969782550
20200214,005935,삼성전자우,KOSPI,,52700,1300,2.53,51600,52800,51400,3009997,157332069500,43366129090000,822886700
20200214,001360,삼성제약,KOSPI,,4525,25,0.56,4600,4745,4525,6233039,28848045635,266948438250,58994130
20200214,010140,삼성중공업,KOSPI,,6660,-20,-0.30,6690,6730,6630,1761327,11751949830,4195800000000,630000000
20200214,010145,삼성중공우,KOSPI,,68500,-4000,-5.52,71700,73000,68000,3094,217755500,7866882500,114845
20200214,016360,삼성증권,KOSPI,,35250,-50,-0.14,35050,35700,35000,265367,9368831250,3147825000000,89300000
20200214,068290,삼성출판사,KOSPI,,21750,-150,-0.68,21900,22100,21500,117977,2569598100,217500000000,10000000
20200214,029780,삼성카드,KOSPI,,36850,0,0.00,36450,37350,36300,81180,3003648600,4269400133350,115858891
20200214,000810,삼성화재,KOSPI,,211500,500,0.24,211500,213500,210000,65672,13912543500,10019778025500,47374837
20200214,000815,삼성화재우,KOSPI,,148000,-2000,-1.33,149000,151000,146500,13830,2045451000,472416000000,3192000
20200214,006110,삼아알미늄,KOSPI,,4660,-75,-1.58,4735,4735,4625,35213,163883555,51260000000,11000000
20200214,145990,삼양사,KOSPI,,41700,-350,-0.83,41900,42050,41700,16277,680412600,429084785100,10289803
20200214,145995,삼양사우,KOSPI,,29300,-400,-1.35,29900,29950,29050,1989,58638000,10843051000,370070
20200214,003230,삼양식품,KOSPI,,99700,-800,-0.80,100500,101000,99100,29263,2928209900,751041595500,7533015
20200214,002170,삼양통상,KOSPI,,60800,100,0.16,60300,61000,59500,6355,384404700,182400000000,3000000
20200214,272550,삼양패키징,KOSPI,,16700,150,0.91,16550,16700,16400,13124,217641400,237303726800,14209804
20200214,000070,삼양홀딩스,KOSPI,,56000,-1000,-1.75,56600,57100,55800,9612,539750200,479599176000,8564271
20200214,000075,삼양홀딩스우,KOSPI,,40000,100,0.25,40000,40500,39800,652,26074700,12162320000,304058
20200214,002810,삼영무역,KOSPI,,15850,-150,-0.94,16000,16100,15650,8415,132990550,279065973100,17606686
20200214,005680,삼영전자,KOSPI,,8540,-40,-0.47,8640,8640,8530,8712,74604530,170800000000,20000000
20200214,003720,삼영화학,KOSPI,,1255,-25,-1.95,1265,1285,1230,119092,149091580,42670000000,34000000
20200214,023000,삼원강재,KOSPI,,2855,10,0.35,2865,2865,2830,16544,47066625,114200000000,40000000
20200214,004380,삼익THK,KOSPI,,14000,50,0.36,13950,14150,13800,61830,867267850,294000000000,21000000
20200214,002450,삼익악기,KOSPI,,1855,-5,-0.27,1865,1865,1840,265898,491198415,167934847325,90530915
20200214,000520,삼일제약,KOSPI,,20200,-200,-0.98,20400,20400,20100,45292,915366350,131300000000,6500000
20200214,009770,삼정펄프,KOSPI,,30200,-600,-1.95,30800,30800,30150,1313,39706450,75499124200,2499971
20200214,005500,삼진제약,KOSPI,,25350,500,2.01,24950,25650,24900,65309,1656127450,352365000000,13900000
20200214,004690,삼천리,KOSPI,,83400,200,0.24,82700,83700,82500,5955,495337400,338189085000,4055025
20200214,001880,삼호,KOSPI,,17700,-150,-0.84,17850,18150,17650,2378,42250550,268681858200,15179766
20200214,010960,삼호개발,KOSPI,,4280,-50,-1.15,4330,4345,4210,45453,194404430,107000000000,25000000
20200214,004450,삼화왕관,KOSPI,,43950,-50,-0.11,43950,43950,43800,33,1449650,94684957050,2154379
20200214,009470,삼화전기,KOSPI,,18550,400,2.20,18150,18550,17950,132929,2419839600,122686361000,6613820
20200214,011230,삼화전자,KOSPI,,3155,15,0.48,3140,3210,3095,161975,508864205,32994800700,10457940
20200214,001820,삼화콘덴서,KOSPI,,68300,2200,3.33,66500,68500,65700,313459,21115834100,709978500000,10395000
20200214,000390,삼화페인트,KOSPI,,4960,-20,-0.40,4980,5000,4945,9990,49518600,131136204960,26438751
20200214,001290,상상인증권,KOSPI,,1275,-20,-1.54,1295,1295,1270,44686,57176910,122538257175,96108437
20200214,041650,상신브레이크,KOSPI,,3490,-5,-0.14,3490,3490,3430,27722,95749060,74935360500,21471450
20200214,075180,새론오토모티브,KOSPI,,4315,-65,-1.48,4420,4520,4200,32208,138105580,82848000000,19200000
20200214,007540,샘표,KOSPI,,38700,-450,-1.15,39000,39300,38600,7051,273258900,111293460000,2875800
20200214,248170,샘표식품,KOSPI,,31650,150,0.48,31500,32000,31200,15739,498395050,144586251900,4568286
20200214,007860,서연,KOSPI,,5000,600,13.64,4400,5420,4300,16328973,82934268810,117399220000,23479844
20200214,200880,서연이화,KOSPI,,5130,60,1.18,5070,5280,4995,180777,924670050,138655881810,27028437
20200214,017390,서울가스,KOSPI,,70200,800,1.15,69400,70300,69400,151,10555500,351000000000,5000000
20200214,004410,서울식품,KOSPI,,162,0,0.00,159,163,158,1059781,170711682,54660420000,337410000
20200214,004415,서울식품우,KOSPI,,3490,30,0.87,3455,3550,3420,63319,220193095,7763505000,2224500
20200214,021050,서원,KOSPI,,3125,-165,-5.02,3245,3320,3085,6908247,21848289135,148358093750,47474590
20200214,008490,서흥,KOSPI,,39550,1050,2.73,38300,39750,38000,42824,1671618200,457558419150,11569113
20200214,007610,선도전기,KOSPI,,3120,100,3.31,3035,3155,3000,306041,944249635,56160000000,18000000
20200214,136490,선진,KOSPI,,8460,-100,-1.17,8510,8550,8230,88707,739374430,201175449840,23779604
20200214,002820,선창산업,KOSPI,,4100,0,0.00,4180,4180,4060,6881,28195190,51692754900,12607989
20200214,014910,성문전자,KOSPI,,2335,60,2.64,2260,2340,2255,307159,707435815,45501811095,19486857
20200214,014915,성문전자우,KOSPI,,15800,300,1.94,15200,16500,14800,155568,2413123800,9480000000,600000
20200214,003080,성보화학,KOSPI,,4190,15,0.36,4185,4195,4165,4982,20831310,83883800000,20020000
20200214,004980,성신양회,KOSPI,,6540,-30,-0.46,6630,6630,6510,61719,405184190,160335117420,24516073
20200214,004985,성신양회우,KOSPI,,9500,-50,-0.52,9550,9780,9440,20136,194486030,6988627500,735645
20200214,011300,성안,KOSPI,,596,-12,-1.97,605,605,572,154945,92101773,33887284560,56857860
20200214,000180,성창기업지주,KOSPI,,1550,-15,-0.96,1550,1565,1545,31280,48632470,108114980000,69751600
20200214,002420,세기상사,KOSPI,,57300,-900,-1.55,58100,58200,56000,2893,164505300,23355021600,407592
20200214,004360,세방,KOSPI,,10350,-100,-0.96,10450,10500,10300,17618,183308000,199844941500,19308690
20200214,004365,세방우,KOSPI,,5960,-70,-1.16,6030,6030,5960,1723,10329420,21987930000,3689250
20200214,004490,세방전지,KOSPI,,34300,-200,-0.58,34450,34750,34050,16216,559014050,480200000000,14000000
20200214,001430,세아베스틸,KOSPI,,12700,-250,-1.93,12900,12950,12700,30878,395045500,455448911300,35862119
20200214,306200,세아제강,KOSPI,,53800,-600,-1.10,54400,54400,53100,3392,181977400,152592940000,2836300
20200214,003030,세아제강지주,KOSPI,,38900,-700,-1.77,39600,39600,38900,7541,294748100,161110457300,4141657
20200214,019440,세아특수강,KOSPI,,12700,50,0.40,12650,12750,12500,7358,93129050,108839000000,8570000
20200214,058650,세아홀딩스,KOSPI,,70600,0,0.00,71000,71000,70600,31,2190100,282400000000,4000000
20200214,013000,세우글로벌,KOSPI,,2035,30,1.50,1995,2045,1985,915583,1839745845,58414738085,28705031
20200214,091090,세원셀론텍,KOSPI,,2710,5,0.18,2700,2750,2700,57577,156443545,165285046320,60990792
20200214,021820,세원정공,KOSPI,,8090,0,0.00,0,0,0,0,0,80900000000,10000000
20200214,067830,세이브존I&C,KOSPI,,2850,-10,-0.35,2910,2910,2845,38489,109856530,116966550750,41040895
20200214,033530,세종공업,KOSPI,,4865,45,0.93,4770,4955,4730,107677,516045880,109727214380,22554412
20200214,075580,세진중공업,KOSPI,,3970,50,1.28,3905,3970,3905,122131,479364065,152339698400,38372720
20200214,027970,세하,KOSPI,,2375,5,0.21,2405,2465,2360,239745,575402050,70212117875,29562997
20200214,145210,세화아이엠씨,KOSPI,,2990,0,0.00,0,0,0,0,0,87912180330,29402067
20200214,308170,센트랄모텍,KOSPI,,41650,-550,-1.30,43050,43100,41200,342316,14355133950,349860000000,8400000
20200214,068270,셀트리온,KOSPI,,181000,2500,1.40,178000,182000,177500,645545,116496187500,23229151393000,128337853
20200214,004430,송원산업,KOSPI,,13300,-250,-1.85,13450,13550,13200,139794,1860684350,319200000000,24000000
20200214,017550,수산중공업,KOSPI,,1930,-15,-0.77,1950,1975,1865,851159,1634120100,104191364590,53985163
20200214,002200,수출포장,KOSPI,,20300,-350,-1.69,20600,20650,20100,8117,165026200,81200000000,4000000
20200214,053210,스카이라이프,KOSPI,,8490,50,0.59,8480,8540,8420,39975,339618310,406008491340,47821966
20200214,134790,시디즈,KOSPI,,42600,-600,-1.39,44150,44150,42550,784,33607300,85200000000,2000000
20200214,016590,신대양제지,KOSPI,,60300,-500,-0.82,61300,61300,60100,15145,915149900,242995854600,4029782
20200214,029530,신도리코,KOSPI,,33350,-600,-1.77,33500,33950,33300,9316,312423300,336168967150,10080029
20200214,004970,신라교역,KOSPI,,11150,-50,-0.45,11200,11250,11150,15852,177307800,178400000000,16000000
20200214,011930,신성이엔지,KOSPI,,970,-3,-0.31,981,991,960,401148,389334359,168518279450,173730185
20200214,005390,신성통상,KOSPI,,1370,-40,-2.84,1420,1450,1365,6266214,8778681205,196880494300,143708390
20200214,004170,신세계,KOSPI,,293000,0,0.00,293000,296000,290000,45622,13374174000,2884638033000,9845181
20200214,035510,신세계 I&C,KOSPI,,108000,-4000,-3.57,111500,112500,108000,22296,2434226500,185760000000,1720000
20200214,034300,신세계건설,KOSPI,,24750,0,0.00,25100,25100,24550,4975,122948350,99000000000,4000000
20200214,031430,신세계인터내셔날,KOSPI,,209500,-5000,-2.33,216500,216500,209000,70224,14809479500,1495830000000,7140000
20200214,031440,신세계푸드,KOSPI,,68200,-1100,-1.59,68700,69300,68100,8980,614055000,264103136000,3872480
20200214,006880,신송홀딩스,KOSPI,,3725,40,1.09,3705,3745,3685,9797,36281635,44062496050,11828858
20200214,005800,신영와코루,KOSPI,,96000,400,0.42,96300,96800,95900,152,14693100,86400000000,900000
20200214,001720,신영증권,KOSPI,,52600,0,0.00,52600,52800,52500,3008,158226800,493716066200,9386237
20200214,001725,신영증권우,KOSPI,,52600,100,0.19,52500,52700,52500,515,27110000,371027933800,7053763
20200214,009270,신원,KOSPI,,1715,-15,-0.87,1720,1745,1695,639033,1099722050,145847885785,85042499
20200214,009275,신원우,KOSPI,,42300,150,0.36,42600,42600,42250,42,1781300,3838302000,90740
20200214,002700,신일산업,KOSPI,,1890,-10,-0.53,1900,1905,1880,1049209,1981299465,134279814690,71047521
20200214,019170,신풍제약,KOSPI,,6900,0,0.00,6910,7130,6810,3510738,24423426990,365596431000,52984990
20200214,019175,신풍제약우,KOSPI,,9930,-1220,-10.94,10900,12700,9850,1159084,13012863030,21846000000,2200000
20200214,002870,신풍제지,KOSPI,,1485,10,0.68,1455,1490,1455,62505,92495310,51913669500,34958700
20200214,005450,신한,KOSPI,,4945,0,0.00,0,0,0,0,0,34727938855,7022839
20200214,293940,신한알파리츠,KOSPI,,7460,-70,-0.93,7550,7570,7340,167347,1236189480,355320717580,47630123
20200214,055550,신한지주,KOSPI,,37750,-150,-0.40,37600,38250,37600,1047254,39729146250,18211826610750,482432493
20200214,001770,신화실업,KOSPI,,20900,0,0.00,0,0,0,0,0,25390950200,1214878
20200214,004080,신흥,KOSPI,,9400,0,0.00,9300,9400,9300,1297,12141160,90240000000,9600000
20200214,102280,쌍방울,KOSPI,,1035,-10,-0.96,1045,1060,1030,3900474,4058781065,133643560455,129124213
20200214,003410,쌍용양회,KOSPI,,4885,-55,-1.11,4930,4935,4875,1222736,5982954545,2461354121575,503859595
20200214,003415,쌍용양회우,KOSPI,,10850,100,0.93,10600,10850,10600,2019,21608600,16748982250,1543685
20200214,003620,쌍용차,KOSPI,,2010,20,1.01,1990,2055,1950,548392,1098744555,301178404020,149840002
20200214,004770,써니전자,KOSPI,,4530,55,1.23,4470,4580,4455,1523324,6866826515,152775359850,33725245
20200214,004920,씨아이테크,KOSPI,,375,-4,-1.06,379,385,373,234773,88468118,20329618500,54212316
20200214,112610,씨에스윈드,KOSPI,,38750,200,0.52,38400,39150,38150,41853,1617030150,669821456250,17285715
20200214,008700,아남전자,KOSPI,,2120,45,2.17,2125,2155,2090,655524,1390173700,163504618400,77124820
20200214,002790,아모레G,KOSPI,,71800,300,0.42,71000,72500,70600,72838,5223789200,5920497324000,82458180
20200214,00279K,아모레G3우(전환),KOSPI,,48150,150,0.31,48700,48800,47950,6877,331720750,341489430000,7092200
20200214,002795,아모레G우,KOSPI,,29350,-100,-0.34,29800,29800,28950,10049,294101800,189124649500,6443770
20200214,090430,아모레퍼시픽,KOSPI,,190500,1500,0.79,187500,191500,187000,200811,38140633500,11136342345000,58458490
20200214,090435,아모레퍼시픽우,KOSPI,,89000,-300,-0.34,89300,89300,87000,9405,833659500,939646870000,10557830
20200214,002030,아세아,KOSPI,,101000,0,0.00,100500,101500,100000,1340,134424500,221293424000,2191024
20200214,183190,아세아시멘트,KOSPI,,70000,-1500,-2.10,71500,71500,69700,6925,485892600,272706630000,3895809
20200214,002310,아세아제지,KOSPI,,33050,-550,-1.64,33800,33900,32850,41479,1373779100,296012391100,8956502
20200214,267850,아시아나IDT,KOSPI,,18200,-400,-2.15,18650,18800,18150,49819,915477200,202020000000,11100000
20200214,020560,아시아나항공,KOSPI,,4970,-25,-0.50,4990,4990,4930,572647,2834278450,1109479411180,223235294
20200214,122900,아이마켓코리아,KOSPI,,9550,170,1.81,9450,9690,9380,33103,317630110,343258897000,35943340
20200214,010780,아이에스동서,KOSPI,,29250,-700,-2.34,29850,30300,29100,87489,2569323600,903608725500,30892606
20200214,033660,아주캐피탈,KOSPI,,12700,-600,-4.51,13250,13250,12450,93122,1193451050,730832803000,57545890
20200214,001780,알루코,KOSPI,,2550,-55,-2.11,2605,2635,2515,170746,437001660,190036460100,74524102
20200214,018250,애경산업,KOSPI,,31450,200,0.64,31150,31650,30950,71980,2264378350,830592455750,26409935
20200214,161000,애경유화,KOSPI,,7950,60,0.76,7880,7960,7800,76178,602001590,254718000000,32040000
20200214,011090,에넥스,KOSPI,,1270,-15,-1.17,1270,1290,1255,382525,485369170,76189384070,59991641
20200214,005850,에스엘,KOSPI,,17100,0,0.00,17050,17250,16950,45857,783953750,824276036700,48203277
20200214,012750,에스원,KOSPI,,88800,-500,-0.56,89100,89700,88800,48312,4305079400,3374327006400,37999178
20200214,023960,에쓰씨엔지니어링,KOSPI,,1335,-15,-1.11,1360,1370,1310,21845,29211905,33397143645,25016587
20200214,298690,에어부산,KOSPI,,4995,-95,-1.87,5080,5080,4990,326548,1639407680,260089650000,52070000
20200214,140910,에이리츠,KOSPI,,6070,-130,-2.10,6210,6210,6050,46487,282449890,22312767630,3675909
20200214,078520,에이블씨엔씨,KOSPI,,11850,-150,-1.25,12050,12150,11850,74449,888511200,320346489150,27033459
20200214,015260,에이엔피,KOSPI,,342,25,7.89,319,387,315,9339571,3413088493,28312424856,82784868
20200214,007460,에이프로젠 KIC,KOSPI,,3020,75,2.55,2995,3090,2940,18052832,54437105325,464343361600,153756080
20200214,003060,에이프로젠제약,KOSPI,,1520,10,0.66,1505,1565,1495,8374690,12795195735,367320658560,241658328
20200214,036570,엔씨소프트,KOSPI,,657000,28000,4.45,635000,661000,630000,157977,102922168527,14423792454000,21954022
20200214,138250,엔에스쇼핑,KOSPI,,8560,-120,-1.38,8500,8640,8500,22993,196640660,288437760000,33696000
20200214,085310,엔케이,KOSPI,,1100,-10,-0.90,1110,1115,1085,265709,291251620,87981687200,79983352
20200214,009810,엔케이물산,KOSPI,,908,-36,-3.81,945,961,882,4971464,4568151163,75889212624,83578428
20200214,900140,엘브이엠씨홀딩스,KOSPI,,5130,440,9.38,4660,5180,4660,1077914,5390938680,262247852070,51120439
20200214,014440,영보화학,KOSPI,,3255,-15,-0.46,3295,3295,3250,5420,17649575,65100000000,20000000
20200214,111770,영원무역,KOSPI,,30550,-650,-2.08,30900,31250,30450,98706,3028524700,1353715347400,44311468
20200214,009970,영원무역홀딩스,KOSPI,,41050,-250,-0.61,41100,41700,40450,4817,197841350,559741051600,13635592
20200214,003520,영진약품,KOSPI,,5720,-10,-0.17,5690,5770,5680,427981,2448022690,1046146421320,182892731
20200214,000670,영풍,KOSPI,,634000,4000,0.63,628000,640000,625000,1258,795747000,1167853360000,1842040
20200214,006740,영풍제지,KOSPI,,3490,-45,-1.27,3570,3570,3420,86337,300671800,77478000000,22200000
20200214,012280,영화금속,KOSPI,,1605,-50,-3.02,1670,1830,1605,2281696,3886328545,72948864630,45451006
20200214,012160,영흥철강,KOSPI,,1110,-20,-1.77,1125,1125,1100,177500,196839020,95267424990,85826509
20200214,015360,예스코홀딩스,KOSPI,,35550,-550,-1.52,36200,37900,35000,23136,824390700,213300000000,6000000
20200214,007310,오뚜기,KOSPI,,531000,1000,0.19,531000,534000,527000,3696,1963998000,1914380847000,3605237
20200214,002630,오리엔트바이오,KOSPI,,306,0,0.00,0,0,0,0,0,69931741824,228535104
20200214,271560,오리온,KOSPI,,108500,-1500,-1.36,108500,109500,108000,54337,5896507000,4289670322000,39536132
20200214,001800,오리온홀딩스,KOSPI,,16250,-100,-0.61,16200,16550,16150,52305,853871600,1017988107500,62645422
20200214,070960,용평리조트,KOSPI,,5510,60,1.10,5500,5600,5470,100154,554997300,265214664830,48133333
20200214,316140,우리금융지주,KOSPI,,10200,-100,-0.97,10300,10450,10200,1600077,16518071300,7367130366600,722267683
20200214,004720,우리들제약,KOSPI,,6330,0,0.00,6330,6440,6200,71360,450861400,74077160490,11702553
20200214,118000,우리들휴브레인,KOSPI,,3360,115,3.54,3240,3400,3190,4469909,14760651505,118042508640,35131699
20200214,010050,우리종금,KOSPI,,627,11,1.79,619,633,613,1546872,967931654,422725535562,674203406
20200214,006980,우성사료,KOSPI,,3250,20,0.62,3190,3300,3190,489105,1586644245,100425000000,30900000
20200214,017370,우신시스템,KOSPI,,4630,-45,-0.96,4675,4675,4610,5795,26897700,84794070020,18314054
20200214,105840,우진,KOSPI,,4015,0,0.00,3975,4100,3975,97012,390661185,81111969510,20202234
20200214,010400,우진아이엔에스,KOSPI,,9030,-60,-0.66,9240,9240,8980,26888,242752130,68826660000,7622000
20200214,049800,우진플라임,KOSPI,,3670,-40,-1.08,3710,3710,3600,21975,80103800,36700000000,10000000
20200214,016880,웅진,KOSPI,,1250,10,0.81,1240,1270,1230,280165,348626660,99222912500,79378330
20200214,095720,웅진씽크빅,KOSPI,,2660,5,0.19,2655,2670,2635,430003,1141798020,356900839680,134173248
20200214,103130,웅진에너지,KOSPI,,914,0,0.00,0,0,0,0,0,28285852308,30947322
20200214,021240,웅진코웨이,KOSPI,,90400,200,0.22,90700,91100,89200,123612,11168138900,6671485557600,73799619
20200214,005820,원림,KOSPI,,18550,150,0.82,18600,18600,18300,533,9786050,40810000000,2200000
20200214,010600,웰바이오텍,KOSPI,,2250,-5,-0.22,2260,2320,2250,177127,404097765,96772738500,43010106
20200214,008600,윌비스,KOSPI,,1555,10,0.65,1545,1570,1545,684373,1062596435,98183231810,63140342
20200214,033270,유나이티드제약,KOSPI,,17200,-250,-1.43,17300,17450,17200,16475,284728700,279187338400,16231822
20200214,014830,유니드,KOSPI,,41100,-300,-0.72,41400,41450,40500,26735,1091627750,365372547300,8889843
20200214,000910,유니온,KOSPI,,3670,40,1.10,3670,3720,3600,72284,266204395,57294641730,15611619
20200214,047400,유니온머티리얼,KOSPI,,2375,-45,-1.86,2400,2440,2360,359231,858847525,99750000000,42000000
20200214,011330,유니켐,KOSPI,,1880,-10,-0.53,1880,1905,1870,235524,442788450,126471890160,67272282
20200214,077500,유니퀘스트,KOSPI,,7000,190,2.79,6810,7080,6810,274064,1909446960,190660575000,27237225
20200214,002920,유성기업,KOSPI,,2600,0,0.00,2600,2615,2580,51119,132605925,67463500000,25947500
20200214,000700,유수홀딩스,KOSPI,,6530,140,2.19,6390,6540,6370,46206,296717920,170053032360,26041812
20200214,003470,유안타증권,KOSPI,,2795,-5,-0.18,2800,2820,2755,99082,276224270,557872429920,199596576
20200214,003475,유안타증권우,KOSPI,,2275,0,0.00,2280,2505,2200,202980,473434205,29375282300,12912212
20200214,011690,유양디앤유,KOSPI,,4170,30,0.72,4160,4170,3995,226153,919898685,242669818170,58194201
20200214,072130,유엔젤,KOSPI,,5130,90,1.79,5050,5140,5000,188742,956121555,67692679020,13195454
20200214,000220,유유제약,KOSPI,,11400,-50,-0.44,11450,11800,11400,68290,787689250,72601891800,6368587
20200214,000225,유유제약1우,KOSPI,,7490,20,0.27,7470,7790,7450,27979,212350770,8489652850,1133465
20200214,000227,유유제약2우B,KOSPI,,19500,300,1.56,19400,19550,19250,197,3817950,3199560000,164080
20200214,001200,유진투자증권,KOSPI,,2360,-5,-0.21,2360,2365,2330,85699,200777910,228604746480,96866418
20200214,000100,유한양행,KOSPI,,221500,-3500,-1.56,224500,225000,221500,27488,6124472500,2961756683000,13371362
20200214,000105,유한양행우,KOSPI,,207000,500,0.24,206500,207000,206500,2,413500,48890916000,236188
20200214,003460,유화증권,KOSPI,,11400,-100,-0.87,11450,11550,11400,2704,30883750,129281506200,11340483
20200214,003465,유화증권우,KOSPI,,12400,-100,-0.80,12500,12500,12400,32,397250,43341534000,3495285
20200214,008730,율촌화학,KOSPI,,13450,-100,-0.74,13600,13650,13400,44511,601722000,333560000000,24800000
20200214,008250,이건산업,KOSPI,,6620,-30,-0.45,6700,6840,6610,28039,187191440,72506443700,10952635
20200214,025820,이구산업,KOSPI,,1700,-15,-0.87,1715,1720,1690,74072,125878830,56851400000,33442000
20200214,214320,이노션,KOSPI,,73200,0,0.00,73200,73600,72300,39257,2862484500,1464000000000,20000000
20200214,088260,이리츠코크렙,KOSPI,,6020,-180,-2.90,6200,6240,6010,229590,1389014980,381316371800,63341590
20200214,139480,이마트,KOSPI,,109500,-3000,-2.67,112500,113000,109500,239841,26524776500,3052402180500,27875819
20200214,007660,이수페타시스,KOSPI,,4250,90,2.16,4120,4250,4120,325698,1363775925,175390691500,41268398
20200214,005950,이수화학,KOSPI,,9230,10,0.11,9290,9290,9150,15191,139800110,141015940000,15278000
20200214,015020,이스타코,KOSPI,,777,17,2.24,756,790,756,444044,344150821,33295693200,42851600
20200214,093230,이아이디,KOSPI,,242,26,12.04,264,265,232,93201987,23119788775,132698895164,548342542
20200214,102460,이연제약,KOSPI,,13650,-250,-1.80,13950,14050,13450,40792,559680650,228910500000,16770000
20200214,084680,이월드,KOSPI,,5000,20,0.40,5050,5100,4970,521830,2619960590,452549485000,90509897
20200214,000760,이화산업,KOSPI,,14350,-100,-0.69,14450,14450,14050,817,11540150,40180000000,2800000
20200214,014990,인디에프,KOSPI,,2040,-25,-1.21,2065,2100,1990,599383,1225014165,120223309800,58932995
20200214,006490,인스코비,KOSPI,,3240,30,0.93,3175,3280,3170,814631,2627719640,315047591640,97236911
20200214,023800,인지컨트롤스,KOSPI,,5060,-60,-1.17,5120,5130,4985,38981,196361900,76710247680,15160128
20200214,034590,인천도시가스,KOSPI,,27350,-50,-0.18,27250,27700,27250,913,24988200,119649521900,4374754
20200214,129260,인터지스,KOSPI,,2035,-10,-0.49,2045,2045,2010,26054,52707835,60536923590,29747874
20200214,023810,인팩,KOSPI,,3730,60,1.63,3670,3745,3610,11887,43411035,37300000000,10000000
20200214,249420,일동제약,KOSPI,,15900,0,0.00,15900,16000,15800,64277,1020532100,360460186800,22670452
20200214,000230,일동홀딩스,KOSPI,,9960,-140,-1.39,10100,10100,9910,27125,270307580,109585766520,11002587
20200214,013360,일성건설,KOSPI,,1215,5,0.41,1210,1240,1195,216807,263440925,65640229200,54024880
20200214,003120,일성신약,KOSPI,,83100,-700,-0.84,83000,85000,82800,1559,131208300,221046000000,2660000
20200214,003200,일신방직,KOSPI,,66400,0,0.00,66400,66500,65200,3507,230369900,159360000000,2400000
20200214,007110,일신석재,KOSPI,,2450,65,2.73,2435,2470,2405,1254155,3055382915,189768694500,77456610
20200214,007570,일양약품,KOSPI,,22200,-100,-0.45,22150,22600,22150,60217,1345125650,423701740800,19085664
20200214,007575,일양약품우,KOSPI,,17450,-50,-0.29,17200,17500,17200,1889,32706500,7766646000,445080
20200214,008500,일정실업,KOSPI,,16700,0,0.00,16700,16700,16700,236,3941200,20040000000,1200000
20200214,081000,일진다이아,KOSPI,,28500,-250,-0.87,29100,29100,28500,76135,2186382050,404784787500,14202975
20200214,020760,일진디스플,KOSPI,,5110,360,7.58,4710,5250,4600,1607042,8071347910,144686788400,28314440
20200214,020150,일진머티리얼즈,KOSPI,,52800,600,1.15,52800,53000,52100,306011,16093455500,2434652088000,46110835
20200214,103590,일진전기,KOSPI,,3170,5,0.16,3150,3195,3130,63414,199544230,117544836300,37080390
20200214,015860,일진홀딩스,KOSPI,,4815,-10,-0.21,4830,4875,4765,156619,753081060,237608130645,49347483
20200214,226320,잇츠한불,KOSPI,,18350,150,0.82,18200,18450,18000,18224,332231100,402402930250,21929315
20200214,317400,자이에스앤디,KOSPI,,5900,-150,-2.48,5990,6040,5890,136172,808127290,158016868000,26782520
20200214,033240,자화전자,KOSPI,,11150,800,7.73,10500,11200,10400,382583,4197051200,199585000000,17900000
20200214,000950,전방,KOSPI,,14250,-50,-0.35,14250,14250,13950,477,6719950,23940000000,1680000
20200214,194370,제이에스코퍼레이션,KOSPI,,11950,50,0.42,11950,12200,11600,12830,151853000,159360431950,13335601
20200214,025620,제이준코스메틱,KOSPI,,4075,-60,-1.45,4080,4140,4070,226892,927662110,121861224625,29904595
20200214,036420,제이콘텐트리,KOSPI,,42550,250,0.59,42400,43450,42150,170715,7299837050,613013509900,14406898
20200214,030000,제일기획,KOSPI,,21550,-150,-0.69,21550,21900,21450,358437,7780757000,2479138398750,115041225
20200214,271980,제일약품,KOSPI,,32350,400,1.25,32350,32350,31750,9583,307738350,475702609200,14704872
20200214,001560,제일연마,KOSPI,,6520,-10,-0.15,6500,6580,6460,7124,46281540,65200000000,10000000
20200214,002620,제일파마홀딩스,KOSPI,,16350,300,1.87,16100,16350,15850,4850,78294050,261164354250,15973355
20200214,006220,제주은행,KOSPI,,3675,-35,-0.94,3730,3740,3670,44004,162099435,118073244450,32128774
20200214,089590,제주항공,KOSPI,,22850,-350,-1.51,23200,23200,22800,58314,1335549200,602251920300,26356758
20200214,004910,조광페인트,KOSPI,,5580,50,0.90,5570,5580,5460,9818,54333650,71424000000,12800000
20200214,004700,조광피혁,KOSPI,,37350,0,0.00,37350,37350,37100,713,26555300,248345304300,6649138
20200214,001550,조비,KOSPI,,14650,-250,-1.68,14900,15050,14550,12069,178110350,76066301350,5192239
20200214,000480,조선내화,KOSPI,,79000,-300,-0.38,79300,79600,78700,968,76634800,316000000000,4000000
20200214,120030,조선선재,KOSPI,,80500,200,0.25,80000,80900,79600,1271,101865400,101240905500,1257651
20200214,018470,조일알미늄,KOSPI,,731,-4,-0.54,734,737,721,109740,79901845,51283710705,70155555
20200214,002600,조흥,KOSPI,,135500,-1000,-0.73,136500,136500,134000,152,20486000,81300000000,600000
20200214,185750,종근당,KOSPI,,93600,-1400,-1.47,95000,95000,93600,19048,1795095900,1018900116000,10885685
20200214,063160,종근당바이오,KOSPI,,34200,500,1.48,33850,34900,33500,54193,1861710600,187619900400,5485962
20200214,001630,종근당홀딩스,KOSPI,,113000,-3000,-2.59,116000,117000,111500,76980,8705638000,566114293000,5009861
20200214,044380,주연테크,KOSPI,,804,-5,-0.62,802,815,790,2544584,2038664601,85828601568,106751992
20200214,013890,지누스,KOSPI,,107500,3500,3.37,104000,108000,102000,77547,8236724500,1527225517500,14206749
20200214,013870,지엠비코리아,KOSPI,,5870,60,1.03,5760,5920,5760,107104,627370630,111954283600,19072280
20200214,071320,지역난방공사,KOSPI,,43600,-500,-1.13,44100,44100,43500,4307,188418400,504833238400,11578744
20200214,010580,지코,KOSPI,,478,-20,-4.02,479,495,433,15472616,7124234141,30870022008,64581636
20200214,035000,지투알,KOSPI,,6000,-20,-0.33,6020,6050,5930,20833,124307190,99404454000,16567409
20200214,088790,진도,KOSPI,,3370,0,0.00,3375,3375,3305,13140,43749785,41948897280,12447744
20200214,003780,진양산업,KOSPI,,4350,-200,-4.40,4670,4840,4205,830959,3723121010,56550000000,13000000
20200214,010640,진양폴리,KOSPI,,4095,-240,-5.54,4585,4885,3940,2467027,10858499660,40950000000,10000000
20200214,100250,진양홀딩스,KOSPI,,2525,5,0.20,2520,2540,2505,37244,93847310,141135612300,55895292
20200214,051630,진양화학,KOSPI,,5340,-240,-4.30,5750,5810,5260,445767,2440750010,64080000000,12000000
20200214,272450,진에어,KOSPI,,14700,-100,-0.68,14650,14850,14550,59711,874315200,441000000000,30000000
20200214,011000,진원생명과학,KOSPI,,2865,20,0.70,3000,3100,2845,3789728,11240723115,94333439805,32926157
20200214,002780,진흥기업,KOSPI,,2380,5,0.21,2395,2515,2380,1002280,2447309120,346222753100,145471745
20200214,002787,진흥기업2우B,KOSPI,,15500,-150,-0.96,15900,16650,15500,42466,678301150,4569524000,294808
20200214,002785,진흥기업우B,KOSPI,,5680,-240,-4.05,6000,6240,5660,165748,985261130,4868998240,857218
20200214,009310,참엔지니어링,KOSPI,,1585,50,3.26,1560,1590,1525,210727,330687805,84702422190,53440014
20200214,000650,천일고속,KOSPI,,64000,-700,-1.08,64700,64900,64000,610,39370400,91470080000,1429220
20200214,012600,청호컴넷,KOSPI,,3275,35,1.08,3265,3280,3100,42844,137077485,28087549525,8576351
20200214,033250,체시스,KOSPI,,2630,40,1.54,2585,2645,2580,673983,1758981960,63120000000,24000000
20200214,001140,카리스국보,KOSPI,,1840,-10,-0.54,1840,1865,1800,203944,372745750,44098369200,23966505
20200214,035720,카카오,KOSPI,,180000,1000,0.56,181000,184500,179000,948085,172063591790,15561199620000,86451109
20200214,006380,카프로,KOSPI,,3370,35,1.05,3335,3370,3295,180295,601394555,134800000000,40000000
20200214,109070,컨버즈,KOSPI,,1100,0,0.00,0,0,0,0,0,33860649900,30782409
20200214,001620,케이비아이동국실업,KOSPI,,700,-2,-0.28,709,709,694,70118,49036239,46229450400,66042072
20200214,029460,케이씨,KOSPI,,17800,350,2.01,17600,17900,17350,80921,1432187400,241261983200,13554044
20200214,344820,케이씨씨글라스,KOSPI,,35250,-1200,-3.29,36150,36350,34550,262188,9223373850,294344902500,8350210
20200214,281820,케이씨텍,KOSPI,,23000,1250,5.75,21950,23200,21800,273394,6189501750,456304820000,19839340
20200214,145270,케이탑리츠,KOSPI,,929,-14,-1.48,943,951,922,485424,452498091,41894970863,45096847
20200214,007815,코리아써우,KOSPI,,4265,0,0.00,4240,4265,4200,7462,31707310,12644402850,2964690
20200214,007810,코리아써키트,KOSPI,,12950,-100,-0.77,12950,13050,12650,362536,4643989650,305888725450,23620751
20200214,00781K,코리아써키트2우B,KOSPI,,5670,-40,-0.70,5640,5780,5640,926,5299760,4443573330,783699
20200214,152330,코리아오토글라스,KOSPI,,15000,350,2.39,14650,15150,14650,44811,668224500,300000000000,20000000
20200214,003690,코리안리,KOSPI,,8670,-60,-0.69,8770,8950,8670,314454,2756983300,1043600235720,120369116
20200214,192820,코스맥스,KOSPI,,75400,-100,-0.13,75500,75900,74600,63425,4772890500,757732978600,10049509
20200214,044820,코스맥스비티아이,KOSPI,,13050,0,0.00,13050,13150,12800,9338,121818800,125331169050,9603921
20200214,005070,코스모신소재,KOSPI,,11250,50,0.45,11300,11300,10950,412720,4602661450,329039606250,29247965
20200214,005420,코스모화학,KOSPI,,10350,350,3.50,10100,10400,9910,1021515,10358312610,270247038750,26110825
20200214,071950,코아스,KOSPI,,1285,10,0.78,1275,1290,1270,80101,102351750,39715764850,30907210
20200214,002020,코오롱,KOSPI,,16000,0,0.00,16100,16150,15750,13566,216616300,202022816000,12626426
20200214,003070,코오롱글로벌,KOSPI,,8690,50,0.58,8640,8690,8510,44020,376726450,219078706220,25210438
20200214,003075,코오롱글로벌우,KOSPI,,17550,-500,-2.77,18050,18050,17550,713,12625250,5489692650,312803
20200214,144620,코오롱머티리얼,KOSPI,,1865,25,1.36,1860,1880,1820,147493,272843990,128048354275,68658635
20200214,002025,코오롱우,KOSPI,,9480,-50,-0.52,9590,9590,9470,1668,15843640,10204177200,1076390
20200214,120110,코오롱인더,KOSPI,,43700,600,1.39,43000,43900,42900,57567,2507695400,1178975308000,26978840
20200214,120115,코오롱인더우,KOSPI,,21250,350,1.67,20650,21300,20650,7711,162590250,58817025000,2767860
20200214,138490,코오롱플라스틱,KOSPI,,4275,5,0.12,4325,4325,4260,14739,62956945,162450000000,38000000
20200214,031820,콤텍시스템,KOSPI,,1595,5,0.31,1590,1615,1585,979311,1563916475,108223088270,67851466
20200214,192400,쿠쿠홀딩스,KOSPI,,101000,0,0.00,100500,102000,100500,2844,287272000,718356137000,7112437
20200214,284740,쿠쿠홈시스,KOSPI,,39350,350,0.90,39000,39650,39000,20472,805533400,882908935500,22437330
20200214,015590,큐로,KOSPI,,1065,-100,-8.58,1135,1160,1060,4089396,4540471455,160395935280,150606512
20200214,264900,크라운제과,KOSPI,,8640,360,4.35,8380,9420,8380,1602659,14445907770,108206064000,12523850
20200214,26490K,크라운제과우,KOSPI,,7980,300,3.91,7700,8950,7700,590457,4969238910,6173008800,773560
20200214,005740,크라운해태홀딩스,KOSPI,,10400,150,1.46,10350,10750,10350,85878,903609300,154412408800,14847347
20200214,005745,크라운해태홀딩스우,KOSPI,,12800,0,0.00,12800,13900,12800,129657,1735060900,7689292800,600726
20200214,020120,키다리스튜디오,KOSPI,,4020,160,4.15,3880,4090,3830,55221,218393485,68176249320,16959266
20200214,039490,키움증권,KOSPI,,74900,-500,-0.66,74900,75300,74600,32192,2409249600,1655270526000,22099740
20200214,012170,키위미디어그룹,KOSPI,,150,0,0.00,0,0,0,0,0,29592697500,197284650
20200214,015890,태경산업,KOSPI,,5460,-110,-1.97,5510,5570,5410,38876,212555510,159588975000,29228750
20200214,006890,태경화학,KOSPI,,5020,-30,-0.59,5050,5130,5010,44823,226105740,58232000000,11600000
20200214,003240,태광산업,KOSPI,,930000,-6000,-0.64,930000,939000,923000,375,348473000,1035462000000,1113400
20200214,011280,태림포장,KOSPI,,4025,-60,-1.47,4065,4080,4010,376438,1519935200,284993908500,70805940
20200214,004100,태양금속,KOSPI,,1540,-20,-1.28,1535,1580,1490,2594339,3978333195,56518000000,36700000
20200214,004105,태양금속우,KOSPI,,4135,-680,-14.12,4575,4645,3890,442551,1906953610,13645500000,3300000
20200214,009410,태영건설,KOSPI,,14400,-200,-1.37,14650,14650,14350,178522,2581264400,1100160000000,76400000
20200214,009415,태영건설우,KOSPI,,7990,-140,-1.72,8110,8130,7850,85620,682467040,20434265200,2557480
20200214,001420,태원물산,KOSPI,,4075,-25,-0.61,4100,4110,4045,16809,68370160,30970000000,7600000
20200214,007980,태평양물산,KOSPI,,2370,-25,-1.04,2395,2395,2310,164164,386482355,118290828540,49911742
20200214,055490,테이팩스,KOSPI,,22400,550,2.52,21850,22450,21800,12553,278767000,105675360000,4717650
20200214,078000,텔코웨어,KOSPI,,12700,150,1.20,12550,12700,12450,11173,140284850,123224366200,9702706
20200214,214420,토니모리,KOSPI,,11750,-100,-0.84,11950,11950,11650,111652,1313946850,207270000000,17640000
20200214,019180,티에이치엔,KOSPI,,4095,90,2.25,4005,4115,4005,216358,880917420,73710000000,18000000
20200214,091810,티웨이항공,KOSPI,,4840,10,0.21,4830,4860,4765,185156,887825930,227358090080,46974812
20200214,004870,티웨이홀딩스,KOSPI,,1590,-60,-3.64,1640,1650,1570,764660,1219369005,121922559450,76680855
20200214,005690,파미셀,KOSPI,,8740,90,1.04,8660,8850,8630,523059,4569686570,524041223000,59958950
20200214,036580,팜스코,KOSPI,,4145,-30,-0.72,4180,4215,4050,157029,645731870,152237323735,36727943
20200214,028670,팬오션,KOSPI,,4040,20,0.50,3995,4045,3985,583932,2349328365,2159659596280,534569207
20200214,010820,퍼스텍,KOSPI,,2240,10,0.45,2240,2250,2200,260047,579456875,104753241600,46764840
20200214,016800,퍼시스,KOSPI,,28800,0,0.00,28550,28900,28550,746,21387700,331200000000,11500000
20200214,001020,페이퍼코리아,KOSPI,,552,5,0.91,549,565,548,457935,253952786,49637229384,89922517
20200214,090080,평화산업,KOSPI,,1320,-10,-0.75,1330,1340,1305,456511,601283295,72470981880,54902259
20200214,010770,평화홀딩스,KOSPI,,3865,-45,-1.15,3895,3925,3835,33657,129972960,56527426090,14625466
20200214,058430,포스코강판,KOSPI,,14050,-350,-2.43,14600,14600,14000,31216,440197600,84300000000,6000000
20200214,047050,포스코인터내셔널,KOSPI,,18650,400,2.19,18550,19250,18500,520826,9804185250,2300946528850,123375149
20200214,003670,포스코케미칼,KOSPI,,63500,200,0.32,63700,64200,62900,354968,22498066000,3872751970000,60988220
20200214,007630,폴루스바이오팜,KOSPI,,1225,0,0.00,0,0,0,0,0,48156675700,39311572
20200214,017810,풀무원,KOSPI,,11300,-200,-1.74,11650,11650,11300,51456,587715400,430427735000,38090950
20200214,103140,풍산,KOSPI,,22950,400,1.77,22400,23650,22400,205784,4740103450,643157180100,28024278
20200214,005810,풍산홀딩스,KOSPI,,32050,-100,-0.31,32150,32300,31550,4570,145991200,251117102350,7835167
20200214,033180,필룩스,KOSPI,,6530,-60,-0.91,6550,6690,6460,1651881,10854130200,529530838360,81092012
20200214,086790,하나금융지주,KOSPI,,33900,-400,-1.17,34050,34600,33900,683324,23359059394,10178205901800,300242062
20200214,099340,하나니켈1호,KOSPI,,475,7,1.50,471,490,466,378445,180855706,10809195000,22756200
20200214,099350,하나니켈2호,KOSPI,,1230,35,2.93,1195,1310,1180,2159135,2677393655,4039320000,3284000
20200214,293480,하나제약,KOSPI,,24450,800,3.38,23750,24500,23600,138682,3356919000,396090000000,16200000
20200214,039130,하나투어,KOSPI,,50500,-900,-1.75,50900,51300,50500,69139,3505723100,586617342500,11616185
20200214,172580,하이골드12호,KOSPI,,2495,0,0.00,2495,2500,2475,36012,89669420,32546027500,13044500
20200214,153360,하이골드3호,KOSPI,,1630,-5,-0.31,1665,1665,1615,318,518340,26324157700,16149790
20200214,159650,하이골드8호,KOSPI,,2125,-10,-0.47,2135,2135,2120,2292,4860665,31675099125,14905929
20200214,071090,하이스틸,KOSPI,,19200,200,1.05,19450,19450,19050,6887,131894250,38398924800,1999944
20200214,019490,하이트론,KOSPI,,2940,5,0.17,2905,2950,2905,11466,33410355,16260360900,5530735
20200214,000080,하이트진로,KOSPI,,29500,100,0.34,29200,29900,29200,220440,6533419800,2068941524500,70133611
20200214,000087,하이트진로2우B,KOSPI,,17150,-50,-0.29,17200,17300,16900,4457,75973250,19381866700,1130138
20200214,000140,하이트진로홀딩스,KOSPI,,13950,0,0.00,13800,14100,13750,18695,260603850,323734371750,23206765
20200214,000145,하이트진로홀딩스우,KOSPI,,16050,-50,-0.31,16100,16250,15700,22224,353034700,7556500500,470810
20200214,152550,한국ANKOR유전,KOSPI,,1765,-15,-0.84,1770,1780,1765,39713,70155240,123585300000,70020000
20200214,036460,한국가스공사,KOSPI,,32650,-750,-2.25,33150,33350,32450,263578,8643099500,3014019450000,92313000
20200214,005430,한국공항,KOSPI,,40250,-150,-0.37,39800,40300,39800,1216,48839950,127445788750,3166355
20200214,071050,한국금융지주,KOSPI,,68800,-300,-0.43,68600,69600,68600,133882,9248086300,3833948249600,55725992
20200214,071055,한국금융지주우,KOSPI,,39800,-400,-1.00,39900,40400,39800,7666,306276650,233158389800,5858251
20200214,010040,한국내화,KOSPI,,3740,-55,-1.45,3770,3835,3730,87108,327595935,85509983680,22863632
20200214,025540,한국단자,KOSPI,,37500,-400,-1.06,37650,37900,37350,31298,1174857250,390562500000,10415000
20200214,004090,한국석유,KOSPI,,105500,-500,-0.47,106000,106500,104000,3913,410969000,69123600000,655200
20200214,002960,한국쉘석유,KOSPI,,284500,-500,-0.18,285000,288500,284500,1885,539231000,369850000000,1300000
20200214,123890,한국자산신탁,KOSPI,,2820,-65,-2.25,2885,2885,2805,201644,571362275,318246167820,112853251
20200214,015760,한국전력,KOSPI,,25600,-100,-0.39,25550,25700,25450,960357,24519126550,16434280371200,641964077
20200214,006200,한국전자홀딩스,KOSPI,,710,1,0.14,709,711,702,84506,59791884,33230226560,46803136
20200214,002300,한국제지,KOSPI,,17650,250,1.44,17600,17800,17550,10302,181650850,88337349850,5004949
20200214,009540,한국조선해양,KOSPI,,116500,0,0.00,116000,117500,115500,162908,18958208500,8245068014000,70773116
20200214,023350,한국종합기술,KOSPI,,3955,10,0.25,3945,3960,3920,13172,51800090,43307250000,10950000
20200214,025890,한국주강,KOSPI,,1650,-45,-2.65,1680,1690,1625,34260,56401735,18660277350,11309259
20200214,000970,한국주철관,KOSPI,,10000,-150,-1.48,10100,10150,10000,20165,202701250,228005000000,22800500
20200214,104700,한국철강,KOSPI,,4300,-10,-0.23,4320,4340,4280,69610,299028985,198015000000,46050000
20200214,017960,한국카본,KOSPI,,8910,410,4.82,8770,9140,8570,2462650,21856135690,391690344870,43960757
20200214,161890,한국콜마,KOSPI,,47650,0,0.00,47950,47950,47000,118219,5615293300,1090288227000,22881180
20200214,024720,한국콜마홀딩스,KOSPI,,23750,-300,-1.25,23750,24000,23600,63813,1513532650,426050442500,17938966
20200214,161390,한국타이어앤테크놀로지,KOSPI,,27700,-1400,-4.81,28750,28900,27450,957658,26604798537,3431339411300,123875069
20200214,000240,한국테크놀로지그룹,KOSPI,,12950,-250,-1.89,13100,13100,12850,82295,1067182700,1204611240350,93020173
20200214,034830,한국토지신탁,KOSPI,,2010,0,0.00,2005,2010,1985,639130,1276664800,507503352300,252489230
20200214,007280,한국특수형강,KOSPI,,1485,-30,-1.98,1515,1610,1470,63891,96716235,48044932650,32353490
20200214,168490,한국패러랠,KOSPI,,2220,0,0.00,2225,2225,2215,11508,25505630,177644400000,80020000
20200214,010100,한국프랜지,KOSPI,,2195,15,0.69,2160,2200,2145,211393,459200180,66838671900,30450420
20200214,047810,한국항공우주,KOSPI,,30550,-250,-0.81,31200,31250,30550,313029,9627958650,2977864518850,97475107
20200214,123690,한국화장품,KOSPI,,14650,50,0.34,14400,14650,14350,352598,5115591200,235396200000,16068000
20200214,003350,한국화장품제조,KOSPI,,33100,100,0.30,33000,33200,32700,17456,574650650,150009200000,4532000
20200214,011500,한농화성,KOSPI,,4275,-85,-1.95,4310,4370,4275,32442,139463260,66848354550,15637042
20200214,002390,한독,KOSPI,,24150,150,0.63,23850,24150,23700,46644,1113977200,332389321950,13763533
20200214,014790,한라,KOSPI,,2820,-25,-0.88,2880,2880,2815,32255,91263885,109627336440,38874942
20200214,060980,한라홀딩스,KOSPI,,39950,-300,-0.75,40350,40550,39950,31480,1264882350,418359196500,10472070
20200214,053690,한미글로벌,KOSPI,,8730,-110,-1.24,8800,8800,8690,28771,251188940,95659411500,10957550
20200214,042700,한미반도체,KOSPI,,9860,-30,-0.30,9830,9880,9630,520448,5077787410,507804799860,51501501
20200214,008930,한미사이언스,KOSPI,,34850,-450,-1.27,35000,35250,34800,76168,2663056000,2300488542650,66011149
20200214,128940,한미약품,KOSPI,,292500,-3500,-1.18,294000,296000,291500,36094,10578380500,3464085982500,11843029
20200214,009240,한샘,KOSPI,,69300,-1800,-2.53,70800,71100,69100,118067,8266294500,1630901210400,23533928
20200214,020000,한섬,KOSPI,,27650,-900,-3.15,28250,28450,27650,74250,2081193500,681019500000,24630000
20200214,003680,한성기업,KOSPI,,5140,80,1.58,5120,5210,5060,49012,252568430,31717685840,6170756
20200214,105630,한세실업,KOSPI,,15550,-200,-1.27,15750,15800,15500,69484,1085443200,622000000000,40000000
20200214,069640,한세엠케이,KOSPI,,3830,-75,-1.92,3900,3910,3810,28694,110180785,49442703260,12909322
20200214,016450,한세예스24홀딩스,KOSPI,,6350,60,0.95,6330,6430,6260,42090,267228880,254000000000,40000000
20200214,010420,한솔PNS,KOSPI,,1915,-75,-3.77,1990,1990,1915,250361,486101680,39244117980,20493012
20200214,009180,한솔로지스틱스,KOSPI,,1720,25,1.47,1710,1745,1690,253226,433754260,47261171000,27477425
20200214,213500,한솔제지,KOSPI,,14400,0,0.00,14350,14450,14300,31768,456533650,342728294400,23800576
20200214,014680,한솔케미칼,KOSPI,,108500,1000,0.93,107000,109500,106500,45008,4867175500,1225528657500,11295195
20200214,004710,한솔테크닉스,KOSPI,,8930,190,2.17,8720,8940,8700,448572,3953487270,286741210540,32109878
20200214,004150,한솔홀딩스,KOSPI,,3675,20,0.55,3675,3680,3630,41999,154065065,173400020325,47183679
20200214,025750,한솔홈데코,KOSPI,,1095,-10,-0.90,1105,1115,1095,253566,279626905,88218838155,80565149
20200214,004960,한신공영,KOSPI,,15100,-500,-3.21,15350,15500,14900,24592,372857250,174717600200,11570702
20200214,011700,한신기계,KOSPI,,1550,-20,-1.27,1565,1585,1535,148582,230208975,50291534050,32446151
20200214,001750,한양증권,KOSPI,,8690,-150,-1.70,8830,8830,8630,28400,247371070,110610960460,12728534
20200214,001755,한양증권우,KOSPI,,9550,70,0.74,9370,9550,9130,921,8651760,5013750000,525000
20200214,018880,한온시스템,KOSPI,,10950,-200,-1.79,11050,11100,10800,1234719,13544943250,5845110000000,533800000
20200214,009420,한올바이오파마,KOSPI,,25400,-150,-0.59,25400,25900,24950,225085,5733893300,1326912205200,52240638
20200214,014130,한익스프레스,KOSPI,,5070,-50,-0.98,5110,5230,5000,72916,373663610,60840000000,12000000
20200214,300720,한일시멘트,KOSPI,,81000,-2300,-2.76,81700,83300,80800,4513,367676100,335742570000,4144970
20200214,002220,한일철강,KOSPI,,1950,20,1.04,1930,1975,1925,11071,21390420,43528543500,22322330
20200214,006390,한일현대시멘트,KOSPI,,28100,-500,-1.75,28500,28650,27900,35176,992424000,472678249000,16821290
20200214,003300,한일홀딩스,KOSPI,,38950,0,0.00,38550,39300,38550,3361,130570750,233480166200,5994356
20200214,051600,한전KPS,KOSPI,,36150,-350,-0.96,36400,36500,35650,200288,7216191850,1626750000000,45000000
20200214,052690,한전기술,KOSPI,,20200,350,1.76,20500,20600,20000,99429,2008533750,772044000000,38220000
20200214,130660,한전산업,KOSPI,,3300,30,0.92,3300,3300,3240,35570,116511040,107580000000,32600000
20200214,002320,한진,KOSPI,,36300,-900,-2.42,37000,37550,36100,121960,4460516300,434680012800,11974656
20200214,097230,한진중공업,KOSPI,,4815,0,0.00,4820,4970,4770,40849,196501335,400965663015,83274281
20200214,003480,한진중공업홀딩스,KOSPI,,2715,10,0.37,2705,2755,2665,18317,49590990,80173439580,29529812
20200214,180640,한진칼,KOSPI,,48050,50,0.10,48600,50000,47200,2867179,139734939750,2843140506900,59170458
20200214,18064K,한진칼우,KOSPI,,71300,-4100,-5.44,75500,76200,71200,158859,11686283400,38271415800,536766
20200214,005110,한창,KOSPI,,3025,35,1.17,3020,3080,2985,1998295,6054798140,105240563725,34790269
20200214,009460,한창제지,KOSPI,,4045,255,6.73,3880,4260,3625,33366951,133034368595,241354980870,59667486
20200214,000880,한화,KOSPI,,22900,-250,-1.08,22950,23150,22700,130426,2991209500,1716555031500,74958735
20200214,00088K,한화3우B,KOSPI,,13000,-100,-0.76,13150,13150,13000,8361,108807800,292136000000,22472000
20200214,027390,한화갤러리아타임월드,KOSPI,,23050,0,0.00,23050,23100,23050,3596,82889100,138303019550,6000131
20200214,088350,한화생명,KOSPI,,2115,-10,-0.47,2115,2135,2115,887073,1881291005,1836940950000,868530000
20200214,000370,한화손해보험,KOSPI,,2420,-15,-0.62,2435,2450,2415,93760,227474195,282508174300,116738915
20200214,009830,한화솔루션,KOSPI,,18350,-250,-1.34,18550,18750,18300,542510,9984253400,2963144971500,161479290
20200214,009835,한화솔루션우,KOSPI,,12000,-50,-0.41,12050,12050,11850,3699,44162350,13484844000,1123737
20200214,272210,한화시스템,KOSPI,,9220,20,0.22,9200,9250,9180,129902,1196201600,1016324186580,110230389
20200214,012450,한화에어로스페이스,KOSPI,,33300,-250,-0.75,33300,33750,32900,160314,5322226000,1716948000000,51560000
20200214,000885,한화우,KOSPI,,30250,-150,-0.49,30200,30450,29500,11763,351932850,14498643500,479294
20200214,003530,한화투자증권,KOSPI,,2000,-10,-0.50,2020,2020,2000,171069,343204935,429095550000,214547775
20200214,003535,한화투자증권우,KOSPI,,2000,5,0.25,2010,2010,1990,5940,11867140,9600000000,4800000
20200214,195870,해성디에스,KOSPI,,18850,150,0.80,18600,19100,18550,81739,1542447450,320450000000,17000000
20200214,101530,해태제과식품,KOSPI,,7290,270,3.85,7040,7510,7010,113053,821467880,212261632380,29116822
20200214,143210,핸즈코퍼레이션,KOSPI,,7730,0,0.00,7730,7940,7600,40550,314824300,169003061640,21863268
20200214,000720,현대건설,KOSPI,,38950,-350,-0.89,39200,39400,38750,490248,19124341900,4337307046750,111355765
20200214,267270,현대건설기계,KOSPI,,24500,-350,-1.41,24900,24950,24250,125357,3065274400,482669428500,19700793
20200214,000725,현대건설우,KOSPI,,121500,1000,0.83,120000,122000,120000,569,69274000,12011004000,98856
20200214,005440,현대그린푸드,KOSPI,,10000,0,0.00,10000,10100,9980,102154,1024500560,977044820000,97704482
20200214,086280,현대글로비스,KOSPI,,143500,500,0.35,142000,146000,142000,47190,6821286000,5381250000000,37500000
20200214,064350,현대로템,KOSPI,,15700,300,1.95,15400,15750,15400,311303,4848492800,1334500000000,85000000
20200214,079430,현대리바트,KOSPI,,10500,-50,-0.47,10600,10600,10450,91554,963850700,215620461000,20535282
20200214,012330,현대모비스,KOSPI,,237000,-2000,-0.84,234500,240500,234000,186275,44222809500,22587686478000,95306694
20200214,010620,현대미포조선,KOSPI,,41250,-300,-0.72,41550,41950,41100,148335,6127035650,1647613646250,39942149
20200214,069960,현대백화점,KOSPI,,79200,-1900,-2.34,80200,81100,79200,62910,5020038800,1853473327200,23402441
20200214,004560,현대비앤지스틸,KOSPI,,8520,0,0.00,8470,8520,8320,31561,265220240,128471469720,15078811
20200214,004565,현대비앤지스틸우,KOSPI,,60400,-400,-0.66,61100,62000,60100,282,17176300,6635060800,109852
20200214,011760,현대상사,KOSPI,,16550,-50,-0.30,16350,16700,16350,32999,546949850,218939387300,13228966
20200214,011200,현대상선,KOSPI,,3825,10,0.26,3815,3850,3760,907607,3463632680,1210812145875,316552195
20200214,004310,현대약품,KOSPI,,5080,-10,-0.20,5120,5150,5050,207533,1056577330,162560000000,32000000
20200214,322000,현대에너지솔루션,KOSPI,,20700,-100,-0.48,21000,21000,20000,211917,4335771300,231840000000,11200000
20200214,126560,현대에이치씨엔,KOSPI,,3740,-70,-1.84,3800,3845,3740,214880,812419895,422158469040,112876596
20200214,017800,현대엘리베이,KOSPI,,61800,700,1.15,61500,62100,60700,298745,18305185400,1680918841200,27199334
20200214,307950,현대오토에버,KOSPI,,44200,-500,-1.12,45150,45150,44050,46400,2060641500,928200000000,21000000
20200214,011210,현대위아,KOSPI,,45050,450,1.01,44450,45200,44150,69073,3099588950,1225138489150,27195083
20200214,267260,현대일렉트릭,KOSPI,,10950,150,1.39,10850,11050,10750,127561,1390854600,394716128250,36047135
20200214,004020,현대제철,KOSPI,,29050,-600,-2.02,29650,29650,28850,425929,12378599450,3876600054250,133445785
20200214,267250,현대중공업지주,KOSPI,,293500,-7000,-2.33,298000,300000,293500,47879,14153202500,4780122089500,16286617
20200214,005380,현대차,KOSPI,,133500,500,0.38,132500,135000,131500,591584,79206672500,28524702964500,213668187
20200214,005387,현대차2우B,KOSPI,,86500,-200,-0.23,86800,87600,86300,1508923,125548397500,3155991511500,36485451
20200214,005389,현대차3우B,KOSPI,,74800,0,0.00,74600,75100,74300,4480,335301000,181669378000,2428735
20200214,005385,현대차우,KOSPI,,77200,-200,-0.26,77300,77700,76500,51569,3979173500,1880336082000,24356685
20200214,001500,현대차증권,KOSPI,,9290,-80,-0.85,9370,9380,9290,61597,573714260,272541761190,29337111
20200214,227840,현대코퍼레이션홀딩스,KOSPI,,11050,-50,-0.45,11200,11200,10950,18517,204083200,100564237800,9100836
20200214,001450,현대해상,KOSPI,,22350,-150,-0.67,22350,22650,22250,155730,3490541600,1998090000000,89400000
20200214,057050,현대홈쇼핑,KOSPI,,81300,0,0.00,80600,82100,80500,33554,2729369400,975600000000,12000000
20200214,093240,형지엘리트,KOSPI,,1480,-25,-1.66,1500,1515,1475,209372,311718540,46109101040,31154798
20200214,003010,혜인,KOSPI,,4510,15,0.33,4495,4530,4460,72395,325731870,57334488970,12712747
20200214,111110,호전실업,KOSPI,,13650,0,0.00,13650,13950,13550,2004,27329350,109200000000,8000000
20200214,008770,호텔신라,KOSPI,,96800,0,0.00,96000,97300,95800,467931,45239168100,3799218112800,39248121
20200214,008775,호텔신라우,KOSPI,,59100,-1000,-1.66,60100,60100,58200,24218,1433201700,44436048900,751879
20200214,002460,화성산업,KOSPI,,10450,-200,-1.88,10650,10650,10400,43143,451881850,130110860000,12450800
20200214,013520,화승알앤에이,KOSPI,,2125,25,1.19,2100,2125,2070,41745,87235265,137192571250,64561210
20200214,241590,화승엔터프라이즈,KOSPI,,17050,300,1.79,16900,17050,16250,98321,1653363350,1032150223500,60536670
20200214,006060,화승인더,KOSPI,,12900,300,2.38,12550,12950,12500,460746,5905219150,713628000000,55320000
20200214,010690,화신,KOSPI,,3275,-200,-5.76,3475,3580,3200,247958,819649100,114364342750,34920410
20200214,133820,화인베스틸,KOSPI,,2590,-70,-2.63,2660,2675,2545,670638,1737034360,76534500000,29550000
20200214,010660,화천기계,KOSPI,,2910,-30,-1.02,2930,2965,2900,850241,2490331340,64020000000,22000000
20200214,000850,화천기공,KOSPI,,39850,-500,-1.24,40350,40500,39450,11116,442383500,87670000000,2200000
20200214,016580,환인제약,KOSPI,,15350,-50,-0.32,15400,15450,15200,16031,245586000,285511074500,18600070
20200214,032560,황금에스티,KOSPI,,7280,-170,-2.28,7400,7440,7200,70384,514850020,101920000000,14000000
20200214,004800,효성,KOSPI,,74900,-500,-0.66,74600,75500,74600,29544,2219967100,1578219772500,21071025
20200214,094280,효성ITX,KOSPI,,14700,800,5.76,13900,15000,13800,172082,2505475700,169905540000,11558200
20200214,298040,효성중공업,KOSPI,,24400,-100,-0.41,24550,24750,24300,33718,824323550,227518971200,9324548
20200214,298050,효성첨단소재,KOSPI,,100000,-1000,-0.99,101500,101500,99700,20765,2078331400,447994800000,4479948
20200214,298020,효성티앤씨,KOSPI,,173000,-1500,-0.86,174500,174500,172000,7183,1242257000,748688986000,4327682
20200214,298000,효성화학,KOSPI,,120000,-1500,-1.23,121500,121500,118500,14215,1702572500,382815120000,3190126
20200214,093370,후성,KOSPI,,9010,-90,-0.99,9100,9170,8860,2842149,25463493330,834387439190,92606819
20200214,081660,휠라홀딩스,KOSPI,,43500,-900,-2.03,44050,44400,43500,470828,20622601700,2658505545000,61115070
20200214,005870,휴니드,KOSPI,,6490,20,0.31,6490,6510,6400,50714,326702570,91612937350,14116015
20200214,079980,휴비스,KOSPI,,5850,-170,-2.82,6050,6070,5830,530976,3139964870,201825000000,34500000
20200214,005010,휴스틸,KOSPI,,9100,-10,-0.11,9110,9140,9100,7253,66009420,69357178800,7621668
20200214,069260,휴켐스,KOSPI,,19400,100,0.52,19200,19650,19200,54995,1071450100,793044607200,40878588
20200214,000540,흥국화재,KOSPI,,2850,-60,-2.06,2925,2930,2850,54273,155964715,183091538250,64242645
20200214,000547,흥국화재2우B,KOSPI,,20050,450,2.30,19600,23000,19600,38643,821061700,3079680000,153600
20200214,000545,흥국화재우,KOSPI,,5600,-350,-5.88,5800,6540,5600,322590,1967722740,4300800000,768000
20200214,003280,흥아해운,KOSPI,,410,-3,-0.73,417,421,407,2112414,871061241,45966080720,112112392
20200214,060310,3S,KOSDAQ,중견기업부,2855,-40,-1.38,2900,2920,2845,89527,257282735,127824468265,44772143
20200214,054620,APS홀딩스,KOSDAQ,우량기업부,13350,350,2.69,12900,13750,12800,607869,8083362250,272262850350,20394221
20200214,265520,AP시스템,KOSDAQ,우량기업부,31600,550,1.77,31100,31650,30750,214634,6710891800,457575173200,14480227
20200214,211270,AP위성,KOSDAQ,벤처기업부,7280,0,0.00,7330,7340,7200,5821,42244800,109307773120,15014804
20200214,035760,CJ ENM,KOSDAQ,우량기업부,152800,-11700,-7.11,165400,165600,152800,594427,93460908500,3350774731200,21929154
20200214,051500,CJ프레시웨이,KOSDAQ,중견기업부,25700,-50,-0.19,25550,26350,25500,34008,882881100,305099760200,11871586
20200214,058820,CMG제약,KOSDAQ,벤처기업부,4170,-15,-0.36,4190,4270,4145,2254460,9482827755,579180657480,138892244
20200214,023460,CNH,KOSDAQ,중견기업부,2000,-25,-1.23,2000,2020,1980,99484,198833060,74400000000,37200000
20200214,065770,CS,KOSDAQ,벤처기업부,2720,45,1.68,2675,2750,2620,83706,226139355,51231608000,18835150
20200214,083660,CSA 코스믹,KOSDAQ,관리종목(소속부없음),4170,0,0.00,0,0,0,0,0,82347662970,19747641
20200214,322780,DB금융스팩7호,KOSDAQ,SPAC(소속부없음),2035,5,0.25,2035,2060,2025,39162,79699405,9259250000,4550000
20200214,068790,DMS,KOSDAQ,우량기업부,5180,130,2.57,5070,5210,5070,239671,1236182520,119360082660,23042487
20200214,241520,DSC인베스트먼트,KOSDAQ,벤처기업부,3290,-55,-1.64,3295,3400,3245,77353,255121675,59612770070,18119383
20200214,245620,EDGC,KOSDAQ,기술성장기업부,5010,-40,-0.79,5060,5100,4980,120654,605491130,181226429400,36172940
20200214,037370,EG,KOSDAQ,중견기업부,9400,70,0.75,9330,9460,9250,35943,337269440,70500000000,7500000
20200214,079190,EMW,KOSDAQ,투자주의환기종목(소속부없음),2780,0,0.00,0,0,0,0,0,88360067660,31784197
20200214,130500,GH신소재,KOSDAQ,중견기업부,3350,-40,-1.18,3390,3410,3330,178368,599044785,36850000000,11000000
20200214,900290,GRT,KOSDAQ,외국기업(소속부없음),2200,-60,-2.65,2260,2290,2200,163777,365442935,148225000000,67375000
20200214,083450,GST,KOSDAQ,우량기업부,17300,-500,-2.81,18000,18350,16550,918653,15757736700,161196988500,9317745
20200214,028150,GS홈쇼핑,KOSDAQ,우량기업부,137400,400,0.29,137100,139300,135400,13782,1899666900,901687500000,6562500
20200214,045890,GV,KOSDAQ,벤처기업부,2820,-115,-3.92,2900,2935,2740,504082,1423830070,107856207240,38246882
20200214,078150,HB테크놀러지,KOSDAQ,우량기업부,2825,5,0.18,2830,2880,2805,1311795,3707494715,223147953450,78990426
20200214,036640,HRS,KOSDAQ,중견기업부,2550,-15,-0.58,2545,2610,2540,257694,661841225,41704740000,16354800
20200214,299170,IBKS제10호스팩,KOSDAQ,SPAC(소속부없음),2055,-5,-0.24,2065,2065,2055,1686,3466880,8898150000,4330000
20200214,335890,IBKS제11호스팩,KOSDAQ,SPAC(소속부없음),2015,0,0.00,2020,2030,2015,4506,9128720,9651850000,4790000
20200214,335870,IBKS제12호스팩,KOSDAQ,SPAC(소속부없음),2080,15,0.73,2075,2110,2060,11916,24837955,6489600000,3120000
20200214,276920,IBKS제7호스팩,KOSDAQ,SPAC(소속부없음),2095,0,0.00,2095,2095,2095,1,2095,7646750000,3650000
20200214,095340,ISC,KOSDAQ,우량기업부,14700,1250,9.29,13500,14800,13200,718175,10232456000,207894867600,14142508
20200214,099520,ITX엠투엠,KOSDAQ,벤처기업부,1405,-20,-1.40,1420,1460,1405,138274,197876545,23134914055,16466131
20200214,950170,JTC,KOSDAQ,외국기업(소속부없음),7590,-20,-0.26,7600,7610,7460,121272,913598380,265691874030,35005517
20200214,067290,JW신약,KOSDAQ,중견기업부,4550,-25,-0.55,4600,4630,4525,159686,731584770,189585605300,41667166
20200214,035900,JYP Ent.,KOSDAQ,우량기업부,25100,50,0.20,25050,25400,25000,258927,6515377300,890924299200,35494992
20200214,024840,KBI메탈,KOSDAQ,우량기업부,1780,45,2.59,1735,1780,1725,1183402,2072505490,58652509440,32950848
20200214,024120,KB오토시스,KOSDAQ,우량기업부,5850,-20,-0.34,5770,5860,5770,3427,19941080,67275000000,11500000
20200214,021320,KCC건설,KOSDAQ,우량기업부,6110,-80,-1.29,6240,6270,6090,27468,169430070,130754000000,21400000
20200214,036670,KCI,KOSDAQ,중견기업부,10000,410,4.28,9730,10300,9730,237172,2380497330,112700000000,11270000
20200214,044180,KD,KOSDAQ,관리종목(소속부없음),495,0,0.00,0,0,0,0,0,38784885480,78353304
20200214,151860,KG ETS,KOSDAQ,우량기업부,3245,-40,-1.22,3270,3335,3230,222169,729405490,116820000000,36000000
20200214,046440,KG모빌리언스,KOSDAQ,우량기업부,5840,-30,-0.51,5830,5940,5810,91570,534594750,174656628880,29906957
20200214,035600,KG이니시스,KOSDAQ,우량기업부,20100,400,2.03,19600,20500,19550,422235,8513430850,560879123400,27904434
20200214,060720,KH바텍,KOSDAQ,중견기업부,23850,1700,7.67,22500,24300,22000,3392028,78601620900,553107925800,23191108
20200214,083470,KJ프리텍,KOSDAQ,투자주의환기종목(소속부없음),387,0,0.00,0,0,0,0,0,9560730123,24704729
20200214,122450,KMH,KOSDAQ,중견기업부,5750,-10,-0.17,5740,5810,5640,56724,323687700,131493846250,22868495
20200214,052900,KMH하이텍,KOSDAQ,중견기업부,1265,25,2.02,1240,1280,1230,388255,486265195,59310156235,46885499
20200214,058400,KNN,KOSDAQ,우량기업부,1290,-35,-2.64,1310,1330,1290,3681324,4803484110,170834338800,132429720
20200214,114450,KPX생명과학,KOSDAQ,중견기업부,7190,10,0.14,7190,7570,7120,326955,2403063480,107850000000,15000000
20200214,036030,KTH,KOSDAQ,중견기업부,6740,-1270,-15.86,8300,9700,6520,23935809,196823930510,240719248280,35715022
20200214,060370,KT서브마린,KOSDAQ,우량기업부,4570,-25,-0.54,4540,4655,4530,103950,476479180,100083000000,21900000
20200214,065150,MP그룹,KOSDAQ,투자주의환기종목(소속부없음),1315,0,0.00,0,0,0,0,0,106263055205,80808407
20200214,219550,MP한강,KOSDAQ,우량기업부,982,-10,-1.01,992,999,972,503910,494785280,55808307140,56831270
20200214,160550,NEW,KOSDAQ,중견기업부,4720,-180,-3.67,4850,4865,4655,1081533,5117338950,131716820320,27906106
20200214,053290,NE능률,KOSDAQ,벤처기업부,3445,45,1.32,3450,3455,3355,87444,298003550,49108330310,14254958
20200214,104200,NHN벅스,KOSDAQ,중견기업부,5350,0,0.00,5370,5390,5270,25292,134866420,79327392500,14827550
20200214,060250,NHN한국사이버결제,KOSDAQ,우량기업부,28050,0,0.00,28050,28850,27700,386119,10911480400,644347573650,22971393
20200214,030190,NICE평가정보,KOSDAQ,우량기업부,17000,-500,-2.86,17300,17400,16800,475468,8084869700,1032151940000,60714820
20200214,024940,PN풍년,KOSDAQ,벤처기업부,2235,-25,-1.11,2260,2290,2215,27466,61667595,22350000000,10000000
20200214,218410,RFHIC,KOSDAQ,우량기업부,33950,250,0.74,32850,34350,32800,581341,19566642300,809626699000,23847620
20200214,091340,S&K폴리텍,KOSDAQ,중견기업부,8410,70,0.84,8360,8480,8280,122235,1027665780,98428293610,11703721
20200214,019550,SBI인베스트먼트,KOSDAQ,중견기업부,699,-1,-0.14,708,709,694,371495,260154434,113284535925,162066575
20200214,950110,SBI핀테크솔루션즈,KOSDAQ,외국기업(소속부없음),10550,-200,-1.86,10700,10750,10450,123731,1306699900,260126497000,24656540
20200214,046140,SBS콘텐츠허브,KOSDAQ,중견기업부,6080,50,0.83,6030,6080,5910,15186,91442900,130498414400,21463555
20200214,036120,SCI평가정보,KOSDAQ,중견기업부,2945,-65,-2.16,2980,2995,2905,704276,2071225640,104547500000,35500000
20200214,099220,SDN,KOSDAQ,벤처기업부,2670,-15,-0.56,2680,2725,2630,1120715,2980896305,123634830600,46305180
20200214,036540,SFA반도체,KOSDAQ,우량기업부,6100,-100,-1.61,6180,6230,6100,3838829,23628840990,867982871400,142292274
20200214,255220,SG,KOSDAQ,우량기업부,1970,15,0.77,1955,1970,1925,81806,159451325,72338453190,36720027
20200214,040610,SG&G,KOSDAQ,우량기업부,1835,-5,-0.27,1825,1850,1795,41424,75182875,62550004660,34087196
20200214,049470,SGA,KOSDAQ,벤처기업부,711,-9,-1.25,712,725,711,69357,49844151,34385559039,48362249
20200214,184230,SGA솔루션즈,KOSDAQ,벤처기업부,1185,-45,-3.66,1285,1285,1175,577223,701835890,43461099105,36676033
20200214,307070,SK4호스팩,KOSDAQ,SPAC(소속부없음),2040,-5,-0.24,2050,2050,2035,6140,12525600,10526400000,5160000
20200214,337450,SK5호스팩,KOSDAQ,SPAC(소속부없음),2010,0,0.00,2010,2010,2005,89640,179753715,8663100000,4310000
20200214,057500,SKC 솔믹스,KOSDAQ,우량기업부,3605,20,0.56,3585,3650,3540,325530,1168509220,221686014200,61494040
20200214,178920,SKC코오롱PI,KOSDAQ,우량기업부,39950,1200,3.10,39200,41050,39150,808062,32575626700,1173184563900,29366322
20200214,036490,SK머티리얼즈,KOSDAQ,우량기업부,168000,0,0.00,168000,170000,167000,45579,7683081700,1772009064000,10547673
20200214,052260,SK바이오랜드,KOSDAQ,우량기업부,23350,-250,-1.06,23600,23800,23000,562127,13154066800,350250000000,15000000
20200214,048550,SM C&C,KOSDAQ,중견기업부,1515,5,0.33,1495,1530,1485,172752,260363530,142502454390,94061026
20200214,063440,SM Life Design,KOSDAQ,중견기업부,1910,-220,-10.33,2045,2090,1885,16267276,32100985170,86005684140,45029154
20200214,950180,SNK,KOSDAQ,외국기업(소속부없음),16900,-50,-0.29,16800,16900,16700,21351,358641100,355944420000,21061800
20200214,289080,SV인베스트먼트,KOSDAQ,벤처기업부,1860,10,0.54,1850,1900,1805,1332209,2478052870,99015240000,53234000
20200214,089230,THE E&M,KOSDAQ,벤처기업부,822,6,0.74,814,824,808,441339,360248447,97551316074,118675567
20200214,161570,THE MIDONG,KOSDAQ,중견기업부,2385,200,9.15,2180,2655,2125,4296046,10523817020,32893409610,13791786
20200214,032540,TJ미디어,KOSDAQ,중견기업부,3455,15,0.44,3575,3575,3355,41491,142493690,48133709095,13931609
20200214,048770,TPC,KOSDAQ,중견기업부,4050,-35,-0.86,4040,4080,3990,34591,138819570,54389952900,13429618
20200214,246690,TS인베스트먼트,KOSDAQ,벤처기업부,2580,0,0.00,2590,2665,2555,56972,146575725,57846190320,22421004
20200214,038340,UCI,KOSDAQ,중견기업부,3965,0,0.00,4060,4060,3890,46389,183221800,131302644265,33115421
20200214,073570,WI,KOSDAQ,중견기업부,9780,370,3.93,9420,10100,9410,205277,2002053020,139284119400,14241730
20200214,052300,W홀딩컴퍼니,KOSDAQ,벤처기업부,327,6,1.87,318,360,318,24340585,8289546126,56354003454,172336402
20200214,057030,YBM넷,KOSDAQ,중견기업부,3420,-50,-1.44,3525,3525,3380,53062,182932465,55789423740,16312697
20200214,040300,YTN,KOSDAQ,중견기업부,2070,-10,-0.48,2080,2080,2060,10741,22197600,86940000000,42000000
20200214,051390,YW,KOSDAQ,중견기업부,4035,20,0.50,4015,4050,3960,33042,132342625,45818909880,11355368
20200214,052220,iMBC,KOSDAQ,중견기업부,2700,0,0.00,2700,2780,2675,119535,326759380,62100000000,23000000
20200214,079940,가비아,KOSDAQ,벤처기업부,10200,290,2.93,10100,10500,10000,355541,3629171460,138063976800,13535684
20200214,078890,가온미디어,KOSDAQ,우량기업부,7760,90,1.17,7600,7790,7600,146605,1133079610,114728379600,14784585
20200214,192410,감마누,KOSDAQ,관리종목(소속부없음),408,0,0.00,0,0,0,0,0,9969806400,24435800
20200214,217730,강스템바이오텍,KOSDAQ,기술성장기업부,6480,-150,-2.26,6600,6680,6440,214417,1403527430,135233951760,20869437
20200214,114190,강원,KOSDAQ,중견기업부,3380,-90,-2.59,3555,3555,3305,42940,144956095,58959618120,17443674
20200214,094480,갤럭시아컴즈,KOSDAQ,우량기업부,3500,-20,-0.57,3520,3535,3440,90167,314992985,137304433000,39229838
20200214,063080,게임빌,KOSDAQ,우량기업부,26150,-500,-1.88,26800,26800,25900,61863,1621823750,172464270800,6595192
20200214,039240,경남스틸,KOSDAQ,우량기업부,1745,10,0.58,1735,1745,1725,33124,57286720,43625000000,25000000
20200214,053950,경남제약,KOSDAQ,투자주의환기종목(소속부없음),8500,100,1.19,8330,8600,8300,264454,2231013310,144954427000,17053462
20200214,011040,경동제약,KOSDAQ,우량기업부,8000,-50,-0.62,8000,8060,7950,16204,129569570,212400000000,26550000
20200214,024910,경창산업,KOSDAQ,중견기업부,1105,5,0.45,1095,1130,1080,71552,78965505,39580000525,35819005
20200214,198440,고려시멘트,KOSDAQ,우량기업부,2965,-25,-0.84,2975,3015,2950,198056,587759595,94820581400,31979960
20200214,049720,고려신용정보,KOSDAQ,중견기업부,4970,-10,-0.20,4985,5000,4970,21791,108548590,71071000000,14300000
20200214,014570,고려제약,KOSDAQ,중견기업부,7780,-50,-0.64,7880,8090,7690,489924,3854023460,85580000000,11000000
20200214,098460,고영,KOSDAQ,우량기업부,103700,-4200,-3.89,107100,107100,102600,118504,12327597300,1423692218700,13728951
20200214,038530,골드퍼시픽,KOSDAQ,중견기업부,1365,-15,-1.09,1370,1370,1330,91731,123836800,46217479035,33858959
20200214,900280,골든센츄리,KOSDAQ,외국기업(소속부없음),349,8,2.35,339,350,335,7986309,2737221592,55414220000,158780000
20200214,215000,골프존,KOSDAQ,중견기업부,55900,-500,-0.89,56000,56900,55800,5339,300005300,350795698500,6275415
20200214,121440,골프존뉴딘홀딩스,KOSDAQ,중견기업부,3625,20,0.55,3610,3630,3545,20350,73321730,155283465250,42836818
20200214,014200,광림,KOSDAQ,중견기업부,1870,-30,-1.58,1900,1900,1855,108842,203415340,98964577580,52922234
20200214,026910,광진실업,KOSDAQ,중견기업부,3830,0,0.00,3805,3890,3750,52653,202042390,24532701150,6405405
20200214,090150,광진윈텍,KOSDAQ,중견기업부,3190,-70,-2.15,3260,3260,3180,25164,80732500,30810273670,9658393
20200214,267320,교보7호스팩,KOSDAQ,SPAC(소속부없음),2180,-20,-0.91,2200,2270,2160,69801,153316730,8763600000,4020000
20200214,307280,교보8호스팩,KOSDAQ,SPAC(소속부없음),2060,0,0.00,2055,2060,2035,1049,2157215,7663200000,3720000
20200214,331520,교보9호스팩,KOSDAQ,SPAC(소속부없음),2040,10,0.49,2010,2040,2010,66157,133313485,7915200000,3880000
20200214,053270,구영테크,KOSDAQ,중견기업부,1920,35,1.86,1890,1920,1865,377297,713391770,50676814080,26394174
20200214,066620,국보디자인,KOSDAQ,우량기업부,16250,100,0.62,16150,16250,15950,2483,40081850,121875000000,7500000
20200214,043650,국순당,KOSDAQ,관리종목(소속부없음),3595,0,0.00,0,0,0,0,0,64200602880,17858304
20200214,006050,국영지앤엠,KOSDAQ,중견기업부,2860,55,1.96,2770,2920,2745,3820610,10798472335,99800394980,34895243
20200214,060480,국일신동,KOSDAQ,중견기업부,6690,-50,-0.74,6750,6910,6510,930465,6238654580,74192100000,11090000
20200214,078130,국일제지,KOSDAQ,중견기업부,5490,-20,-0.36,5480,5570,5460,2401696,13195540710,676118298330,123154517
20200214,204020,그리티,KOSDAQ,우량기업부,2650,-50,-1.85,2675,2705,2580,147748,388898700,53390689500,20147430
20200214,186230,그린플러스,KOSDAQ,벤처기업부,10350,150,1.47,10200,10500,10100,28326,292266700,49927064850,4823871
20200214,900070,글로벌에스엠,KOSDAQ,외국기업(소속부없음),699,-1,-0.14,699,704,690,41110,28491647,37567033632,53743968
20200214,204620,글로벌텍스프리,KOSDAQ,중견기업부,3570,-30,-0.83,3565,3625,3540,149900,535727285,132997558260,37254218
20200214,019660,글로본,KOSDAQ,중견기업부,2670,-25,-0.93,2720,2720,2620,61129,161848520,77651973120,29083136
20200214,032860,글로스퍼랩스,KOSDAQ,중견기업부,312,2,0.65,310,314,303,619846,190883531,22950358080,73558840
20200214,053260,금강철강,KOSDAQ,우량기업부,3475,-10,-0.29,3450,3510,3450,1263,4386075,65052000000,18720000
20200214,036190,금화피에스시,KOSDAQ,우량기업부,27200,-100,-0.37,27550,27550,26950,1853,50139350,163200000000,6000000
20200214,049080,기가레인,KOSDAQ,중견기업부,1570,20,1.29,1560,1590,1535,317710,497328770,82073508400,52276120
20200214,035460,기산텔레콤,KOSDAQ,벤처기업부,2845,655,29.91,2185,2845,2165,5422870,14208221015,41472532300,14577340
20200214,308100,까스텔바작,KOSDAQ,중견기업부,12550,-50,-0.40,12500,12750,12400,102605,1287309950,82788585000,6596700
20200214,187790,나노,KOSDAQ,벤처기업부,2085,10,0.48,2075,2095,2050,156323,324717530,53788527675,25797855
20200214,286750,나노브릭,KOSDAQ,기술성장기업부,11950,-50,-0.42,11900,12000,11700,49138,580671350,54493230850,4560103
20200214,151910,나노스,KOSDAQ,중견기업부,3795,-35,-0.91,3790,3820,3695,122991,459355985,564033191865,148625347
20200214,121600,나노신소재,KOSDAQ,벤처기업부,18750,0,0.00,18800,19100,18450,78917,1475435350,203406243750,10848333
20200214,039860,나노엔텍,KOSDAQ,중견기업부,6120,-40,-0.65,6160,6260,6090,182165,1122016450,162380778840,26532807
20200214,091970,나노캠텍,KOSDAQ,중견기업부,2360,-160,-6.35,2445,2495,2315,1639956,3950290435,60664104440,25705129
20200214,051490,나라엠앤디,KOSDAQ,중견기업부,5090,-200,-3.78,5200,5270,4960,206722,1043651515,72278000000,14200000
20200214,190510,나무가,KOSDAQ,중견기업부,21700,400,1.88,21700,22800,21500,145109,3166014450,74521814500,3434185
20200214,242040,나무기술,KOSDAQ,기술성장기업부,3735,270,7.79,3470,3790,3470,2478213,9043857490,108829757700,29137820
20200214,089600,나스미디어,KOSDAQ,우량기업부,40850,50,0.12,40450,41350,39450,92279,3732235200,357629127350,8754691
20200214,293580,나우IB,KOSDAQ,중견기업부,5500,-40,-0.72,5540,5870,5300,455715,2548760230,52140000000,9480000
20200214,138610,나이벡,KOSDAQ,기술성장기업부,11450,-100,-0.87,11550,11850,11350,228059,2633153400,113389109550,9902979
20200214,130580,나이스디앤비,KOSDAQ,벤처기업부,8860,290,3.38,8550,9370,8550,83188,730933100,136444000000,15400000
20200214,036800,나이스정보통신,KOSDAQ,우량기업부,32600,1400,4.49,31500,33100,30900,88820,2883590350,326000000000,10000000
20200214,082660,나인컴플렉스,KOSDAQ,중견기업부,2135,75,3.64,2040,2150,2035,419352,875816515,45658755590,21385834
20200214,111710,남화산업,KOSDAQ,중견기업부,14400,0,0.00,14400,14700,14100,145754,2082630000,296467200000,20588000
20200214,091590,남화토건,KOSDAQ,우량기업부,14950,-100,-0.66,15050,15300,14650,148596,2220302900,175513000000,11740000
20200214,168330,내츄럴엔도텍,KOSDAQ,관리종목(소속부없음),2525,-80,-3.07,2555,2585,2360,755821,1878084985,52181200550,20665822
20200214,253590,네오셈,KOSDAQ,벤처기업부,1750,35,2.04,1720,1785,1690,1478990,2578438620,65688679000,37536388
20200214,212560,네오오토,KOSDAQ,우량기업부,4770,15,0.32,4755,4785,4740,19788,94112065,37563573510,7874963
20200214,095660,네오위즈,KOSDAQ,우량기업부,17900,-300,-1.65,18200,18200,17550,220833,3946296650,392278643200,21915008
20200214,042420,네오위즈홀딩스,KOSDAQ,중견기업부,15050,-200,-1.31,15250,15250,14950,14949,225420050,133295833300,8856866
20200214,311390,네오크레마,KOSDAQ,벤처기업부,8670,-150,-1.70,8740,8870,8570,90496,782497910,63221561970,7291991
20200214,085910,네오티스,KOSDAQ,중견기업부,3875,65,1.71,3810,3880,3760,13904,52981940,42678002250,11013678
20200214,092730,네오팜,KOSDAQ,우량기업부,37500,-850,-2.22,38350,38350,37450,77983,2950824950,307776037500,8207361
20200214,290660,네오펙트,KOSDAQ,기술성장기업부,4870,-15,-0.31,4855,4960,4855,20996,102554180,58104189150,11931045
20200214,306620,네온테크,KOSDAQ,벤처기업부,2165,-25,-1.14,2170,2210,2150,116267,252770105,73465490580,33933252
20200214,153460,네이블,KOSDAQ,벤처기업부,6400,-500,-7.25,6700,6800,6230,355729,2289739530,41792089600,6530014
20200214,007390,네이처셀,KOSDAQ,중견기업부,8770,30,0.34,8670,8980,8500,2310737,20135689170,536639799230,61190399
20200214,033640,네패스,KOSDAQ,우량기업부,27950,1450,5.47,26250,28850,26250,2727986,76117153500,644504695900,23059202
20200214,089140,넥스턴,KOSDAQ,벤처기업부,11100,300,2.78,10800,11500,10700,276106,3075036600,131496372000,11846520
20200214,065170,넥스트BT,KOSDAQ,중견기업부,1610,-160,-9.04,1715,1715,1600,4646529,7712389815,99668700250,61906025
20200214,137940,넥스트아이,KOSDAQ,중견기업부,1410,-5,-0.35,1405,1425,1400,168828,237785700,108733803930,77116173
20200214,041140,넥슨지티,KOSDAQ,중견기업부,6640,-60,-0.90,6700,6700,6610,93885,624265060,234878858080,35373322
20200214,217270,넵튠,KOSDAQ,중견기업부,7000,10,0.14,7000,7020,6840,82868,579591200,163591022000,23370146
20200214,225570,넷게임즈,KOSDAQ,관리종목(소속부없음),7720,360,4.89,7360,7780,7360,155559,1177871620,222635783040,28838832
20200214,104620,노랑풍선,KOSDAQ,중견기업부,14300,0,0.00,14300,14500,14050,15605,222652900,68148795000,4765650
20200214,194700,노바렉스,KOSDAQ,중견기업부,23400,-450,-1.89,23850,23900,23000,79700,1862172850,210687516000,9003740
20200214,285490,노바텍,KOSDAQ,벤처기업부,16350,150,0.93,16300,16600,16200,24330,398135500,82017126300,5016338
20200214,278650,노터스,KOSDAQ,중견기업부,19800,150,0.76,19700,20100,19650,69212,1374615400,146064996000,7377020
20200214,144510,녹십자랩셀,KOSDAQ,중견기업부,32450,-200,-0.61,32100,32900,32100,16231,528358050,342479052300,10554054
20200214,031390,녹십자셀,KOSDAQ,벤처기업부,39500,-200,-0.50,39650,40250,39200,60455,2401446450,478390425000,12111150
20200214,142280,녹십자엠에스,KOSDAQ,중견기업부,4555,-40,-0.87,4700,4750,4535,301112,1387123400,96189224065,21117283
20200214,234690,녹십자웰빙,KOSDAQ,중견기업부,9580,200,2.13,9400,9710,9400,147728,1412443090,170066804080,17752276
20200214,065560,녹원씨엔아이,KOSDAQ,관리종목(소속부없음),5500,0,0.00,0,0,0,0,0,88764137000,16138934
20200214,054050,농우바이오,KOSDAQ,우량기업부,10800,-150,-1.37,10950,10950,10650,33571,361127700,173130058800,16030561
20200214,040160,누리텔레콤,KOSDAQ,벤처기업부,5900,-20,-0.34,5810,5910,5810,23952,140473360,71127656500,12055535
20200214,069140,누리플랜,KOSDAQ,벤처기업부,6050,200,3.42,5990,6060,5670,183318,1077798430,33113616250,5473325
20200214,126870,뉴로스,KOSDAQ,벤처기업부,3925,15,0.38,3870,3970,3870,179530,703630450,88946183400,22661448
20200214,060260,뉴보텍,KOSDAQ,벤처기업부,1265,-25,-1.94,1290,1290,1260,78485,99960190,42293693750,33433750
20200214,012340,뉴인텍,KOSDAQ,벤처기업부,1935,-15,-0.77,1975,1990,1915,353065,687910920,58136111370,30044502
20200214,214870,뉴지랩,KOSDAQ,중견기업부,11000,100,0.92,10800,11100,10700,193343,2102245100,272587161000,24780651
20200214,270870,뉴트리,KOSDAQ,중견기업부,19950,300,1.53,19600,19950,19150,188971,3692347550,181000843800,9072724
20200214,144960,뉴파워프라즈마,KOSDAQ,우량기업부,4830,165,3.54,4680,4830,4600,895728,4223779750,199245638550,41251685
20200214,900100,뉴프라이드,KOSDAQ,외국기업(소속부없음),900,-12,-1.32,912,919,899,1272193,1150053911,92105109900,102339011
20200214,085670,뉴프렉스,KOSDAQ,중견기업부,2175,-5,-0.23,2185,2200,2160,133466,290444635,46014384825,21156039
20200214,119860,다나와,KOSDAQ,벤처기업부,25100,100,0.40,24900,25200,24700,50227,1251959800,328178032200,13074822
20200214,064260,다날,KOSDAQ,우량기업부,3320,10,0.30,3500,3595,3295,7072576,24440588205,205055533800,61763715
20200214,093640,다믈멀티미디어,KOSDAQ,벤처기업부,3995,20,0.50,4015,4015,3940,65321,259176960,43140151320,10798536
20200214,039560,다산네트웍스,KOSDAQ,중견기업부,8830,180,2.08,8570,8860,8530,628978,5493619250,283251283040,32078288
20200214,032190,다우데이타,KOSDAQ,우량기업부,8360,130,1.58,8240,8400,8220,159750,1331591690,320188000000,38300000
20200214,068240,다원시스,KOSDAQ,우량기업부,17550,-400,-2.23,17850,17950,17550,229845,4068097900,472659811650,26932183
20200214,020400,대동금속,KOSDAQ,중견기업부,10650,-50,-0.47,10800,10900,10550,2462,26229100,27444400350,2576939
20200214,008830,대동기어,KOSDAQ,중견기업부,3045,-40,-1.30,3130,3140,3030,11933,36505845,27366998400,8987520
20200214,048470,대동스틸,KOSDAQ,우량기업부,6400,90,1.43,6240,6450,6200,361134,2285217970,64000000000,10000000
20200214,004780,대륙제관,KOSDAQ,우량기업부,4050,50,1.25,4020,4140,4010,56138,227409050,64407955950,15903199
20200214,017650,대림제지,KOSDAQ,우량기업부,1510,-20,-1.31,1530,1545,1495,1120716,1698184665,67950000000,45000000
20200214,007720,대명코퍼레이션,KOSDAQ,중견기업부,1475,-5,-0.34,1480,1505,1460,326984,485733170,148680663750,100800450
20200214,317850,대모,KOSDAQ,벤처기업부,6040,-70,-1.15,6040,6110,6000,44951,271812900,50279496800,8324420
20200214,290670,대보마그네틱,KOSDAQ,중견기업부,30550,1250,4.27,29650,31200,29300,131367,4005168900,197147581800,6453276
20200214,078140,대봉엘에스,KOSDAQ,우량기업부,7400,-50,-0.67,7420,7530,7350,39730,295519680,82040684600,11086579
20200214,036480,대성미생물,KOSDAQ,중견기업부,15550,-100,-0.64,15650,15800,15550,29428,459778650,59090000000,3800000
20200214,025440,대성엘텍,KOSDAQ,중견기업부,1000,-20,-1.96,1015,1050,999,1194117,1211015871,99661343000,99661343
20200214,027830,대성창투,KOSDAQ,중견기업부,2045,-35,-1.68,2075,2130,2035,243723,503059715,81800000000,40000000
20200214,104040,대성파인텍,KOSDAQ,벤처기업부,1410,25,1.81,1365,1425,1355,1113274,1552981640,44134806210,31301281
20200214,307750,대신밸런스제6호스팩,KOSDAQ,SPAC(소속부없음),2040,5,0.25,2040,2040,2030,7259,14796210,10220400000,5010000
20200214,332290,대신밸런스제7호스팩,KOSDAQ,SPAC(소속부없음),2020,0,0.00,2020,2020,2010,3360,6785450,10514100000,5205000
20200214,336570,대신밸런스제8호스팩,KOSDAQ,SPAC(소속부없음),2005,-5,-0.25,2005,2010,2005,79423,159243140,11248050000,5610000
20200214,020180,대신정보통신,KOSDAQ,중견기업부,1305,5,0.38,1290,1315,1275,530666,684986185,50149734075,38428915
20200214,045390,대아티아이,KOSDAQ,우량기업부,4955,30,0.61,4930,5010,4930,671725,3331126610,352555791510,71151522
20200214,108380,대양전기공업,KOSDAQ,우량기업부,13400,0,0.00,13400,13650,13200,10147,135728750,128202262200,9567333
20200214,006580,대양제지,KOSDAQ,우량기업부,3350,-65,-1.90,3425,3425,3335,184191,617847860,89947500000,26850000
20200214,007680,대원,KOSDAQ,우량기업부,15350,550,3.72,14800,15450,14750,100274,1517144900,170038059300,11077398
20200214,048910,대원미디어,KOSDAQ,벤처기업부,6850,50,0.74,6810,6910,6780,55526,380466820,86165780100,12578946
20200214,005710,대원산업,KOSDAQ,우량기업부,5570,20,0.36,5580,5620,5460,5314,29623120,111609432000,20037600
20200214,290380,대유,KOSDAQ,중견기업부,12100,-1500,-11.03,13650,13800,11900,665589,8441562850,109534040000,9052400
20200214,290120,대유에이피,KOSDAQ,중견기업부,8540,340,4.15,8200,8640,8190,172304,1440937810,92949360000,10884000
20200214,120240,대정화금,KOSDAQ,우량기업부,14900,-250,-1.65,15050,15200,14850,98568,1481086050,105795825900,7100391
20200214,003310,대주산업,KOSDAQ,중견기업부,1435,5,0.35,1430,1445,1405,184691,263790890,50788022250,35392350
20200214,078600,대주전자재료,KOSDAQ,벤처기업부,21050,100,0.48,21150,21300,20800,152524,3208246250,306303286250,14551225
20200214,096350,대창솔루션,KOSDAQ,벤처기업부,391,-21,-5.10,412,423,385,6159540,2468181022,62727593157,160428627
20200214,140520,대창스틸,KOSDAQ,중견기업부,2340,-15,-0.64,2380,2380,2330,14247,33407620,46800000000,20000000
20200214,131220,대한과학,KOSDAQ,벤처기업부,7030,160,2.33,6840,7100,6840,187014,1309465850,52405064700,7454490
20200214,010170,대한광통신,KOSDAQ,우량기업부,3205,20,0.63,3185,3240,3175,550884,1766172370,236341908125,73741625
20200214,054670,대한뉴팜,KOSDAQ,중견기업부,11400,200,1.79,11300,11550,11250,132372,1507553450,163646088000,14354920
20200214,023910,대한약품,KOSDAQ,우량기업부,31100,350,1.14,30750,31400,30750,28139,876125450,186600000000,6000000
20200214,021040,대호피앤씨,KOSDAQ,우량기업부,990,0,0.00,997,997,984,213581,210865710,72381697740,73112826
20200214,021045,대호피앤씨우,KOSDAQ,우량기업부,1520,30,2.01,1490,1540,1475,164287,247253090,6448548320,4242466
20200214,067080,대화제약,KOSDAQ,우량기업부,11700,350,3.08,11350,11750,11350,66393,766696850,213232195800,18224974
20200214,035290,더블유에프엠,KOSDAQ,관리종목(소속부없음),11750,0,0.00,0,0,0,0,0,30199109750,2570137
20200214,213420,덕산네오룩스,KOSDAQ,우량기업부,31750,950,3.08,30750,32250,30750,322624,10220985950,762317881000,24010012
20200214,317330,덕산테코피아,KOSDAQ,중견기업부,19700,1300,7.07,18450,19700,18250,276315,5304368400,362035331600,18377428
20200214,077360,덕산하이메탈,KOSDAQ,중견기업부,8240,60,0.73,8130,8410,7990,204164,1683838870,187200448240,22718501
20200214,090410,덕신하우징,KOSDAQ,중견기업부,1690,-65,-3.70,1735,1755,1670,2306375,3919787820,70246580560,41566024
20200214,263600,덕우전자,KOSDAQ,우량기업부,9180,430,4.91,8800,9200,8760,949688,8586543830,146240245800,15930310
20200214,194480,데브시스터즈,KOSDAQ,벤처기업부,7800,-80,-1.02,7800,7960,7790,9059,70737480,87394086000,11204370
20200214,263800,데이타솔루션,KOSDAQ,중견기업부,4975,85,1.74,4880,4975,4775,180885,888459670,78448685500,15768580
20200214,139050,데일리블록체인,KOSDAQ,중견기업부,733,-13,-1.74,755,755,728,453681,335113977,36203924787,49391439
20200214,206560,덱스터,KOSDAQ,기술성장기업부,8610,-1180,-12.05,10150,10350,8470,22551203,215823359830,212301324690,24657529
20200214,067990,도이치모터스,KOSDAQ,우량기업부,8730,560,6.85,8230,8850,8190,2756408,23837032490,244766021850,28037345
20200214,006620,동구바이오제약,KOSDAQ,우량기업부,16900,400,2.42,16600,17100,16450,86961,1463351950,162307600000,9604000
20200214,100130,동국S&C,KOSDAQ,우량기업부,2665,-5,-0.19,2650,2700,2620,217753,582502740,152286095000,57143000
20200214,005160,동국산업,KOSDAQ,우량기업부,2535,-10,-0.39,2545,2545,2515,33396,84291435,137509761870,54244482
20200214,075970,동국알앤에스,KOSDAQ,중견기업부,2565,70,2.81,2510,2575,2490,282556,718111050,47196000000,18400000
20200214,086450,동국제약,KOSDAQ,우량기업부,95200,1800,1.93,92400,97700,92400,31991,3063736400,846518400000,8892000
20200214,099410,동방선기,KOSDAQ,중견기업부,2945,35,1.20,2945,3000,2850,122961,359955655,39878250890,13541002
20200214,281740,동부스팩5호,KOSDAQ,SPAC(소속부없음),2185,10,0.46,2225,2225,2175,114320,249445140,10575400000,4840000
20200214,033500,동성화인텍,KOSDAQ,중견기업부,11000,50,0.46,11100,11300,10800,452191,4995402100,296819699000,26983609
20200214,025950,동신건설,KOSDAQ,중견기업부,6170,-40,-0.64,6120,6170,6110,2196,13485810,51828000000,8400000
20200214,088130,동아엘텍,KOSDAQ,우량기업부,7940,180,2.32,7750,8000,7750,55981,441305860,84663727720,10662938
20200214,041930,동아화성,KOSDAQ,우량기업부,5290,20,0.38,5270,5340,5230,130859,689880230,83582000000,15800000
20200214,060380,동양에스텍,KOSDAQ,중견기업부,2965,0,0.00,2990,2990,2925,1895,5612955,29650000000,10000000
20200214,079960,동양이엔피,KOSDAQ,우량기업부,17250,100,0.58,16950,17300,16800,28272,483231300,135585000000,7860000
20200214,228340,동양파일,KOSDAQ,우량기업부,3095,-50,-1.59,3085,3140,3085,34054,105699400,61900000000,20000000
20200214,104460,동양피엔에프,KOSDAQ,중견기업부,12500,100,0.81,12550,12600,12300,17448,217449650,133920312500,10713625
20200214,088910,동우팜투테이블,KOSDAQ,우량기업부,3410,0,0.00,3395,3500,3395,128747,442758720,88086315240,25831764
20200214,094170,동운아나텍,KOSDAQ,벤처기업부,8020,110,1.39,7990,8110,7950,452494,3631857800,123946276960,15454648
20200214,013120,동원개발,KOSDAQ,우량기업부,3815,0,0.00,3815,3830,3790,110890,422271090,346432901500,90808100
20200214,109860,동일금속,KOSDAQ,우량기업부,11750,0,0.00,11850,11850,11650,7286,85152600,82250000000,7000000
20200214,032960,동일기연,KOSDAQ,벤처기업부,11200,-450,-3.86,11650,11650,10950,50132,559797800,36783555200,3284246
20200214,023790,동일철강,KOSDAQ,중견기업부,3260,-40,-1.21,3300,3330,3250,24154,79459540,23944977100,7345085
20200214,005290,동진쎄미켐,KOSDAQ,우량기업부,17950,550,3.16,17250,18150,17250,1485690,26537902800,922890167300,51414494
20200214,025900,동화기업,KOSDAQ,우량기업부,20250,750,3.85,19900,20700,19900,184473,3740422550,409017235500,20198382
20200214,078590,두올산업,KOSDAQ,중견기업부,1750,95,5.74,1655,1790,1640,3363863,5838943710,101931424000,58246528
20200214,073190,듀오백,KOSDAQ,중견기업부,2470,10,0.41,2460,2490,2440,23600,57870200,29561058800,11968040
20200214,030350,드래곤플라이,KOSDAQ,중견기업부,2900,-30,-1.02,2960,2990,2865,51626,149930375,46424623900,16008491
20200214,203650,드림시큐리티,KOSDAQ,벤처기업부,2840,5,0.18,2840,2890,2825,1494916,4269594455,143720341360,50605754
20200214,060570,드림어스컴퍼니,KOSDAQ,중견기업부,6240,270,4.52,5970,6270,5820,501618,3059512390,354805445280,56859847
20200214,217620,디딤,KOSDAQ,우량기업부,1695,5,0.30,1690,1730,1670,107131,181700295,62718228975,37001905
20200214,187870,디바이스이엔지,KOSDAQ,벤처기업부,17700,100,0.57,18100,18450,17400,85127,1510225650,120041400000,6782000
20200214,066670,디스플레이텍,KOSDAQ,우량기업부,3610,5,0.14,3605,3645,3600,5242,18899595,67477823980,18691918
20200214,110990,디아이티,KOSDAQ,우량기업부,10100,100,1.00,10000,10100,9970,90559,908336500,190890000000,18900000
20200214,263690,디알젬,KOSDAQ,중견기업부,7390,10,0.14,7330,7470,7330,22483,166482880,83696257900,11325610
20200214,214680,디알텍,KOSDAQ,벤처기업부,1850,5,0.27,1845,1870,1835,1090070,2017424305,93573183150,50580099
20200214,263720,디앤씨미디어,KOSDAQ,벤처기업부,23950,850,3.68,23200,24400,22800,204311,4846082650,293988908450,12275111
20200214,109740,디에스케이,KOSDAQ,벤처기업부,9550,250,2.69,9300,9650,9250,79135,753656070,194387986650,20354763
20200214,033430,디에스티,KOSDAQ,중견기업부,855,-14,-1.61,873,875,830,314983,267627838,54883521315,64191253
20200214,131030,디에이치피코리아,KOSDAQ,중견기업부,8300,-100,-1.19,8400,8430,8260,58029,482723790,137487815100,16564797
20200214,196490,디에이테크놀로지,KOSDAQ,벤처기업부,1615,95,6.25,1545,1645,1500,8273929,13045292325,92806818030,57465522
20200214,066900,디에이피,KOSDAQ,우량기업부,3380,45,1.35,3375,3390,3290,89586,301149755,76876420140,22744503
20200214,127120,디엔에이링크,KOSDAQ,기술성장기업부,3355,-30,-0.89,3420,3420,3260,70624,232963435,39823786255,11869981
20200214,092070,디엔에프,KOSDAQ,우량기업부,10450,150,1.46,10300,10550,10200,133483,1389954450,112461102600,10761828
20200214,134580,디엠티,KOSDAQ,중견기업부,2505,-95,-3.65,2590,2595,2400,41067,103541235,28181250000,11250000
20200214,039840,디오,KOSDAQ,우량기업부,38450,-300,-0.77,38250,39000,38250,61802,2388297400,596882496900,15523602
20200214,196450,디오스텍,KOSDAQ,중견기업부,660,5,0.76,648,707,648,5726516,3889276818,89740685100,135970735
20200214,079810,디이엔티,KOSDAQ,중견기업부,4730,-20,-0.42,4790,4865,4625,137826,656805025,58769942550,12424935
20200214,227100,디자인,KOSDAQ,중견기업부,7650,0,0.00,7740,7740,7540,8540,65376930,20355961500,2660910
20200214,113810,디젠스,KOSDAQ,투자주의환기종목(소속부없음),602,-14,-2.27,619,621,592,711387,431145855,19642086702,32628051
20200214,043360,디지아이,KOSDAQ,벤처기업부,2695,0,0.00,2680,2720,2670,13430,36091225,24255000000,9000000
20200214,197140,디지캡,KOSDAQ,벤처기업부,4170,-55,-1.30,4205,4245,4070,36382,151257880,30823480740,7391722
20200214,106520,디지탈옵틱,KOSDAQ,관리종목(소속부없음),824,2,0.24,821,832,807,1068073,874217589,75365196408,91462617
20200214,068930,디지털대성,KOSDAQ,우량기업부,7550,50,0.67,7590,7590,7490,7670,57568810,170307033650,22557223
20200214,033130,디지틀조선,KOSDAQ,중견기업부,2295,15,0.66,2370,2375,2295,368339,855344865,85179537765,37115267
20200214,033310,디케이디앤아이,KOSDAQ,중견기업부,3800,110,2.98,3645,3925,3640,909563,3483873985,83495161800,21972411
20200214,105740,디케이락,KOSDAQ,중견기업부,9300,-40,-0.43,9370,9440,9260,32993,307414430,78584181600,8449912
20200214,263020,디케이앤디,KOSDAQ,벤처기업부,4855,-25,-0.51,4890,4930,4820,44200,214399475,37690345710,7763202
20200214,290550,디케이티,KOSDAQ,중견기업부,13400,850,6.77,12550,13400,12450,284505,3679188300,110299862200,8231333
20200214,187220,디티앤씨,KOSDAQ,벤처기업부,7180,-30,-0.42,7110,7240,7100,15934,114143070,78631820260,10951507
20200214,131180,딜리,KOSDAQ,벤처기업부,1870,-10,-0.53,1870,1890,1820,206456,384122615,54884500000,29350000
20200214,317120,라닉스,KOSDAQ,기술성장기업부,9170,370,4.20,8710,9200,8700,1045144,9462486020,86523535000,9435500
20200214,042510,라온시큐어,KOSDAQ,벤처기업부,2895,40,1.40,2880,2895,2830,563339,1634369925,92088826740,31809612
20200214,300120,라온피플,KOSDAQ,벤처기업부,23700,-1300,-5.20,24600,24600,23450,407296,9775472350,244317517200,10308756
20200214,036170,라이브파이낸셜,KOSDAQ,중견기업부,2020,45,2.28,1995,2050,1980,250269,504693860,79014501800,39116090
20200214,050120,라이브플렉스,KOSDAQ,중견기업부,793,-1,-0.13,800,800,789,299482,237358952,65888986215,83088255
20200214,171120,라이온켐텍,KOSDAQ,우량기업부,7590,-10,-0.13,7810,7810,7590,19253,147493150,139341303420,18358538
20200214,069540,라이트론,KOSDAQ,투자주의환기종목(소속부없음),5420,0,0.00,0,0,0,0,0,88155665860,16264883
20200214,214260,라파스,KOSDAQ,기술성장기업부,20000,-300,-1.48,20150,20350,19750,78503,1571304400,166868320000,8343416
20200214,171010,램테크놀러지,KOSDAQ,벤처기업부,7340,-60,-0.81,7410,7470,7290,79192,584333070,84935030200,11571530
20200214,084650,랩지노믹스,KOSDAQ,벤처기업부,7200,200,2.86,7000,7470,7000,1502053,10870295340,74955470400,10410482
20200214,217500,러셀,KOSDAQ,벤처기업부,2265,20,0.89,2250,2470,2210,4564464,10683099990,72054180000,31812000
20200214,033600,럭슬,KOSDAQ,관리종목(소속부없음),179,0,0.00,0,0,0,0,0,7308230437,40828103
20200214,141080,레고켐바이오,KOSDAQ,기술성장기업부,47500,1250,2.70,46200,48150,45350,116999,5533915400,509292102500,10721939
20200214,060300,레드로버,KOSDAQ,관리종목(소속부없음),610,0,0.00,0,0,0,0,0,33938995780,55637698
20200214,038390,레드캡투어,KOSDAQ,우량기업부,15300,-150,-0.97,15500,15800,15150,15321,237489800,131419044000,8589480
20200214,228670,레이,KOSDAQ,벤처기업부,46250,350,0.76,45500,46300,45450,88183,4058735250,307713598750,6653267
20200214,228850,레이언스,KOSDAQ,우량기업부,14200,-150,-1.05,14350,14400,14000,36199,513627050,235592398800,16591014
20200214,238120,로고스바이오,KOSDAQ,기술성장기업부,14750,-750,-4.84,15600,15650,14600,41370,623798350,53022179000,3594724
20200214,215100,로보로보,KOSDAQ,벤처기업부,4200,15,0.36,4230,4230,4165,142830,597409800,74753506800,17798454
20200214,090360,로보스타,KOSDAQ,우량기업부,17600,-200,-1.12,17800,17850,17400,37490,658568350,171600000000,9750000
20200214,108490,로보티즈,KOSDAQ,기술성장기업부,12300,-50,-0.40,12200,12450,12100,36867,454566650,138387300000,11251000
20200214,900260,로스웰,KOSDAQ,외국기업(소속부없음),504,-22,-4.18,523,542,482,26336490,13416807499,71457750000,141781250
20200214,067730,로지시스,KOSDAQ,중견기업부,3380,95,2.89,3285,3380,3285,21790,72537260,31572316360,9340922
20200214,071280,로체시스템즈,KOSDAQ,벤처기업부,6630,310,4.91,6320,6660,6270,384911,2507831640,101416477890,15296603
20200214,038060,루멘스,KOSDAQ,중견기업부,2855,105,3.82,2740,2880,2725,1612984,4517646600,136237031250,47718750
20200214,082800,루미마이크로,KOSDAQ,중견기업부,1820,10,0.55,1825,1930,1810,6076309,11325847955,225307540640,123795352
20200214,085370,루트로닉,KOSDAQ,벤처기업부,7830,-190,-2.37,7960,8020,7820,80327,634325460,200353781610,25587967
20200214,08537M,루트로닉3우C,KOSDAQ,벤처기업부,11600,100,0.87,11700,11700,11600,2,23300,8715010400,751294
20200214,060240,룽투코리아,KOSDAQ,중견기업부,5160,30,0.58,5110,5240,5110,226828,1170337610,131215105440,25429284
20200214,058470,리노공업,KOSDAQ,우량기업부,83000,0,0.00,81800,84800,81800,79811,6687715900,1265116710000,15242370
20200214,039980,리노스,KOSDAQ,우량기업부,1705,85,5.25,1630,1705,1585,3132959,5188373005,67520903615,39601703
20200214,019570,리더스 기술투자,KOSDAQ,중견기업부,544,0,0.00,546,549,540,307514,167155523,32154189504,59106966
20200214,016100,리더스코스메틱,KOSDAQ,중견기업부,5020,10,0.20,4965,5080,4910,51169,256235550,91300818280,18187414
20200214,197210,리드,KOSDAQ,관리종목(소속부없음),753,0,0.00,0,0,0,0,0,18870304998,25060166
20200214,012700,리드코프,KOSDAQ,우량기업부,6040,-130,-2.11,6170,6200,5970,169633,1027420680,159734655400,26446135
20200214,302550,리메드,KOSDAQ,기술성장기업부,30500,1800,6.27,28600,31200,28000,183082,5484087900,177600158000,5822956
20200214,277070,린드먼아시아,KOSDAQ,중견기업부,4445,35,0.79,4410,4460,4350,27995,123802855,60007500000,13500000
20200214,042500,링네트,KOSDAQ,중견기업부,4300,-25,-0.58,4350,4350,4255,49228,211209535,65432575400,15216878
20200214,219420,링크제니시스,KOSDAQ,기술성장기업부,7780,-10,-0.13,7860,7860,7500,51603,399091750,77800000000,10000000
20200214,195500,마니커에프앤지,KOSDAQ,중견기업부,10200,300,3.03,10100,11000,10000,3779724,39723800100,105855600000,10378000
20200214,305090,마이크로디지탈,KOSDAQ,기술성장기업부,15250,-50,-0.33,15400,15650,15250,27236,418750100,55369700000,3630800
20200214,098120,마이크로컨텍솔,KOSDAQ,벤처기업부,4790,40,0.84,4670,4815,4670,54959,261513930,39818149140,8312766
20200214,227950,마이크로텍,KOSDAQ,중견기업부,1810,-65,-3.47,1890,1910,1780,293577,532606550,46242819390,25548519
20200214,147760,마이크로프랜드,KOSDAQ,벤처기업부,5180,40,0.78,5140,5250,5070,102364,530033560,56046905880,10819866
20200214,038290,마크로젠,KOSDAQ,우량기업부,23300,-150,-0.64,23300,23550,23000,42252,981831400,247107078200,10605454
20200214,267980,매일유업,KOSDAQ,우량기업부,84400,-1800,-2.09,86400,86400,84400,26745,2268604500,662003047200,7843638
20200214,005990,매일홀딩스,KOSDAQ,우량기업부,10500,0,0.00,10600,10600,10450,2384,25108400,144042192000,13718304
20200214,127160,매직마이크로,KOSDAQ,중견기업부,670,-17,-2.47,681,692,660,501057,336855772,41198516410,61490323
20200214,093520,매커스,KOSDAQ,중견기업부,3960,15,0.38,3945,4015,3930,62340,247710255,64005844320,16163092
20200214,141070,맥스로텍,KOSDAQ,벤처기업부,1535,35,2.33,1485,1590,1475,2543215,3883723730,45416778730,29587478
20200214,100590,머큐리,KOSDAQ,중견기업부,10650,-50,-0.47,10700,10850,10600,206625,2205474000,157232340000,14763600
20200214,067280,멀티캠퍼스,KOSDAQ,우량기업부,38500,1650,4.48,36900,38700,36900,26809,1018589100,228180991500,5926779
20200214,072870,메가스터디,KOSDAQ,중견기업부,11000,-400,-3.51,11400,11450,11000,82868,926311150,131130549000,11920959
20200214,215200,메가스터디교육,KOSDAQ,우량기업부,44800,100,0.22,44400,46450,44350,49868,2273102550,529620224000,11821880
20200214,133750,메가엠디,KOSDAQ,중견기업부,3420,-20,-0.58,3430,3600,3420,1132500,3965762210,78992003340,23097077
20200214,235980,메드팩토,KOSDAQ,기술성장기업부,41700,850,2.08,40150,41900,40150,187674,7757388750,421062455700,10097421
20200214,041920,메디아나,KOSDAQ,벤처기업부,8640,60,0.70,8600,8640,8460,102053,875079570,74740285440,8650496
20200214,014100,메디앙스,KOSDAQ,우량기업부,9250,-170,-1.80,9300,9580,9200,329231,3069629820,109150000000,11800000
20200214,086900,메디톡스,KOSDAQ,우량기업부,339600,-7900,-2.27,345000,346800,339400,22949,7839071800,1974804564000,5815090
20200214,078160,메디포스트,KOSDAQ,벤처기업부,32900,-100,-0.30,33400,33600,32850,83988,2781556300,513827001800,15617842
20200214,065650,메디프론,KOSDAQ,중견기업부,4235,-105,-2.42,4340,4390,4210,105973,453430630,124674643555,29439113
20200214,021880,메이슨캐피탈,KOSDAQ,중견기업부,313,4,1.29,310,316,309,166152,51929194,31044719704,99184408
20200214,140410,메지온,KOSDAQ,중견기업부,173000,-2700,-1.54,177700,177700,172900,53950,9410301400,1506129696000,8705952
20200214,241770,메카로,KOSDAQ,우량기업부,15150,350,2.36,14900,15150,14600,30587,458254850,153032271000,10101140
20200214,059210,메타바이오메드,KOSDAQ,벤처기업부,2950,10,0.34,2955,2960,2885,123180,359651380,70393935450,23862351
20200214,327260,메탈라이프,KOSDAQ,벤처기업부,23850,600,2.58,23000,24050,22200,266968,6220108900,82647118800,3465288
20200214,058110,멕아이씨에스,KOSDAQ,기술성장기업부,4460,-290,-6.11,4645,4730,4440,255947,1165438005,23912290000,5361500
20200214,096640,멜파스,KOSDAQ,중견기업부,1905,185,10.76,1720,1920,1720,912967,1689886855,43194968220,22674524
20200214,257370,명성티엔에스,KOSDAQ,벤처기업부,14050,-150,-1.06,14150,14550,13700,444535,6274600400,89498500000,6370000
20200214,149940,모다,KOSDAQ,투자주의환기종목(소속부없음),155,0,0.00,0,0,0,0,0,3279863395,21160409
20200214,080420,모다이노칩,KOSDAQ,우량기업부,3505,80,2.34,3425,3575,3385,502809,1761936165,279424285110,79721622
20200214,080160,모두투어,KOSDAQ,우량기업부,16100,-250,-1.53,16400,16400,16000,104030,1683514300,304290000000,18900000
20200214,100030,모바일리더,KOSDAQ,중견기업부,19100,-100,-0.52,19200,19200,18900,15898,302084250,62718937400,3283714
20200214,087260,모바일어플라이언스,KOSDAQ,벤처기업부,4865,120,2.53,4745,4960,4715,110095,533095270,72975000000,15000000
20200214,101330,모베이스,KOSDAQ,중견기업부,4430,80,1.84,4360,4485,4335,501700,2216529140,106134772840,23958188
20200214,012860,모베이스전자,KOSDAQ,중견기업부,1950,100,5.41,1865,2050,1810,20696459,40336641285,101400000000,52000000
20200214,250060,모비스,KOSDAQ,기술성장기업부,2235,-25,-1.11,2240,2255,2150,715474,1579149445,71902886790,32171314
20200214,033200,모아텍,KOSDAQ,중견기업부,4660,-70,-1.48,4725,4725,4645,1502,7025905,66783322100,14331185
20200214,118990,모트렉스,KOSDAQ,우량기업부,3575,795,28.60,2805,3610,2760,25953194,87624257455,97420698375,27250545
20200214,006920,모헨즈,KOSDAQ,중견기업부,4835,-65,-1.33,4745,4890,4745,41927,202381685,52798200000,10920000
20200214,001810,무림SP,KOSDAQ,우량기업부,2450,-20,-0.81,2495,2570,2395,533349,1318574590,54236875000,22137500
20200214,279600,미디어젠,KOSDAQ,기술성장기업부,6750,60,0.90,6620,6840,6570,38273,256469430,31308396750,4638281
20200214,028040,미래SCI,KOSDAQ,관리종목(소속부없음),279,0,0.00,0,0,0,0,0,12549281058,44979502
20200214,095500,미래나노텍,KOSDAQ,우량기업부,3350,40,1.21,3330,3390,3330,60155,201803670,81079755200,24202912
20200214,218150,미래생명자원,KOSDAQ,벤처기업부,3315,50,1.53,3235,3350,3225,134458,443002965,61895783820,18671428
20200214,328380,미래에셋대우스팩3호,KOSDAQ,SPAC(소속부없음),2025,5,0.25,2000,2030,1995,63575,127632715,13126050000,6482000
20200214,333430,미래에셋대우스팩4호,KOSDAQ,SPAC(소속부없음),2020,5,0.25,2015,2025,2015,26395,53306265,8867800000,4390000
20200214,100790,미래에셋벤처투자,KOSDAQ,중견기업부,3210,-5,-0.16,3215,3230,3165,108065,345951170,147662641830,46000823
20200214,049950,미래컴퍼니,KOSDAQ,우량기업부,29950,-350,-1.16,30300,30350,29850,10345,310736700,243919748400,8144232
20200214,213090,미래테크놀로지,KOSDAQ,중견기업부,8480,30,0.36,8450,8590,8400,4680,39786880,51904282240,6120788
20200214,207760,미스터블루,KOSDAQ,중견기업부,8700,-290,-3.23,9170,9460,8700,6019579,54806197930,213193534800,24505004
20200214,059090,미코,KOSDAQ,우량기업부,6780,440,6.94,6330,6820,6300,6145071,40787149650,212326568340,31316603
20200214,201490,미투온,KOSDAQ,중견기업부,6060,30,0.50,6190,6210,6010,555067,3387420670,189422086200,31257770
20200214,214180,민앤지,KOSDAQ,중견기업부,15050,0,0.00,15000,15200,14850,79711,1196531200,190871263800,12682476
20200214,206640,바디텍메드,KOSDAQ,벤처기업부,10600,-300,-2.75,11050,11300,10500,547817,5922789900,248766545200,23468542
20200214,018700,바른손,KOSDAQ,중견기업부,6030,270,4.69,6940,7480,5660,7448680,48589079110,98996710950,16417365
20200214,035620,바른손이앤에이,KOSDAQ,중견기업부,4055,-900,-18.16,5450,6440,3980,21777516,106528959910,286332787290,70612278
20200214,064520,바른전자,KOSDAQ,투자주의환기종목(소속부없음),1210,0,0.00,0,0,0,0,0,62020450910,51256571
20200214,029480,바른테크놀로지,KOSDAQ,중견기업부,694,-18,-2.53,712,717,690,393191,274352591,42233567790,60855285
20200214,053030,바이넥스,KOSDAQ,중견기업부,7880,-130,-1.62,8000,8080,7870,151541,1203189200,250119458240,31741048
20200214,064550,바이오니아,KOSDAQ,기술성장기업부,6600,20,0.30,6610,6760,6560,269370,1793523690,149303352000,22621720
20200214,208710,바이오로그디바이스,KOSDAQ,벤처기업부,1880,0,0.00,1880,1900,1855,122579,229892380,54276271160,28870357
20200214,142760,바이오리더스,KOSDAQ,기술성장기업부,6860,-120,-1.72,6940,7030,6840,115482,797456810,121305277100,17682985
20200214,065940,바이오빌,KOSDAQ,투자주의환기종목(소속부없음),1635,0,0.00,0,0,0,0,0,71919049110,43987186
20200214,086820,바이오솔루션,KOSDAQ,기술성장기업부,29350,100,0.34,29100,29900,29100,64393,1897571050,235844155600,8035576
20200214,038460,바이오스마트,KOSDAQ,우량기업부,4200,0,0.00,4205,4225,4175,19352,81104765,84061294800,20014594
20200214,044480,바이오제네틱스,KOSDAQ,중견기업부,6070,170,2.88,6030,6500,5940,333035,2033727180,78519814330,12935719
20200214,086040,바이오톡스텍,KOSDAQ,벤처기업부,6780,0,0.00,6780,6920,6740,164937,1125143190,98904083940,14587623
20200214,032980,바이온,KOSDAQ,중견기업부,1300,-20,-1.52,1320,1335,1285,284454,371613660,69265859000,53281430
20200214,043150,바텍,KOSDAQ,우량기업부,30400,-100,-0.33,30150,30950,30150,38341,1170960500,451569382400,14854256
20200214,267790,배럴,KOSDAQ,벤처기업부,12950,-100,-0.77,13000,13150,12850,48171,626066600,101244395000,7818100
20200214,046310,백금T&A,KOSDAQ,벤처기업부,3135,-20,-0.63,3155,3220,3115,386338,1221933425,48552086715,15487109
20200214,036620,버추얼텍,KOSDAQ,중견기업부,978,0,0.00,978,989,939,300909,288931046,55571096436,56821162
20200214,066410,버킷스튜디오,KOSDAQ,중견기업부,1780,-45,-2.47,1825,1860,1760,210151,376541270,55010558240,30904808
20200214,019010,베뉴지,KOSDAQ,우량기업부,1815,5,0.28,1810,1835,1795,16577,29897550,87483000000,48200000
20200214,177350,베셀,KOSDAQ,벤처기업부,3370,-35,-1.03,3405,3570,3370,197631,684044710,37718280160,11192368
20200214,299910,베스파,KOSDAQ,중견기업부,12250,-100,-0.81,12150,12300,12050,18998,231381800,98202382250,8016521
20200214,225530,보광산업,KOSDAQ,중견기업부,4815,5,0.10,4820,4890,4800,48622,235297105,173873660895,36110833
20200214,250000,보라티알,KOSDAQ,중견기업부,11400,200,1.79,11250,11650,11100,88687,1013410300,76958356200,6750733
20200214,006910,보성파워텍,KOSDAQ,중견기업부,2015,-20,-0.98,2035,2060,1995,226492,457606825,92837213885,46073059
20200214,226340,본느,KOSDAQ,벤처기업부,4040,40,1.00,4000,4140,4000,406372,1648290900,124026367840,30699596
20200214,014470,부방,KOSDAQ,우량기업부,2720,20,0.74,2690,2755,2690,326383,889331420,163342147200,60052260
20200214,008470,부스타,KOSDAQ,우량기업부,5350,0,0.00,5340,5440,5310,13517,72143440,44965680000,8404800
20200214,100120,뷰웍스,KOSDAQ,우량기업부,36500,1400,3.99,34400,36550,34400,95308,3419499900,365068072500,10001865
20200214,066980,브레인콘텐츠,KOSDAQ,중견기업부,670,-2,-0.30,667,684,662,437250,293570788,106140248270,158418281
20200214,064480,브리지텍,KOSDAQ,벤처기업부,3150,-80,-2.48,3230,3245,3130,33569,106343855,37650375000,11952500
20200214,288330,브릿지바이오테라퓨틱스,KOSDAQ,기술성장기업부,52600,200,0.38,52000,53600,52000,41525,2189513200,328227050800,6240058
20200214,251630,브이원텍,KOSDAQ,벤처기업부,9510,-40,-0.42,9560,9590,9390,98854,935983550,143131015800,15050580
20200214,018290,브이티지엠피,KOSDAQ,벤처기업부,10000,-50,-0.50,9980,10150,9900,313291,3129508570,332460260000,33246026
20200214,263920,블러썸엠앤씨,KOSDAQ,중견기업부,6700,-840,-11.14,8400,9390,6620,7386765,61661887650,84244104900,12573747
20200214,033560,블루콤,KOSDAQ,우량기업부,4805,165,3.56,4640,4905,4640,344998,1651538140,86913065835,18088047
20200214,121800,비덴트,KOSDAQ,벤처기업부,7200,-80,-1.10,7240,7300,7170,268392,1937500450,244738965600,33991523
20200214,148140,비디아이,KOSDAQ,벤처기업부,8300,220,2.72,8100,8430,8020,82943,679941070,65742225000,7920750
20200214,200780,비씨월드제약,KOSDAQ,우량기업부,14000,-300,-2.10,14350,14400,13900,42924,602609500,112116452000,8008318
20200214,141000,비아트론,KOSDAQ,우량기업부,9990,370,3.85,9640,10100,9630,141086,1398601780,121025952900,12114710
20200214,090460,비에이치,KOSDAQ,우량기업부,23150,1000,4.51,22400,23200,22350,1186928,27167367600,760498103500,32850890
20200214,083650,비에이치아이,KOSDAQ,중견기업부,2445,5,0.20,2470,2475,2400,14247,34516775,63570000000,26000000
20200214,086670,비엠티,KOSDAQ,벤처기업부,8730,-30,-0.34,8720,8800,8670,51869,452374900,71119198170,8146529
20200214,138580,비즈니스온,KOSDAQ,벤처기업부,12450,50,0.40,12250,12600,12250,29535,365280150,118834503000,9544940
20200214,082920,비츠로셀,KOSDAQ,우량기업부,16200,350,2.21,15900,16200,15700,87424,1397573850,348934262400,21539152
20200214,054220,비츠로시스,KOSDAQ,투자주의환기종목(소속부없음),485,0,0.00,0,0,0,0,0,25363340295,52295547
20200214,042370,비츠로테크,KOSDAQ,우량기업부,6850,40,0.59,6850,6880,6780,52786,360266750,153124030050,22353873
20200214,032850,비트컴퓨터,KOSDAQ,벤처기업부,5990,100,1.70,5890,6200,5840,585142,3545447300,99573525070,16623293
20200214,238200,비피도,KOSDAQ,기술성장기업부,23900,-100,-0.42,23950,24150,23500,15202,362133700,97751000000,4090000
20200214,093190,빅솔론,KOSDAQ,우량기업부,5360,-10,-0.19,5300,5370,5260,10211,54186670,103120530800,19238905
20200214,065450,빅텍,KOSDAQ,벤처기업부,3345,25,0.75,3315,3375,3285,1084790,3617791010,92759803635,27730883
20200214,072950,빛샘전자,KOSDAQ,벤처기업부,5890,50,0.86,5900,5960,5810,32498,191361730,35340000000,6000000
20200214,143240,사람인에이치알,KOSDAQ,우량기업부,28300,-350,-1.22,28650,28700,28050,36422,1031232300,329957142900,11659263
20200214,100090,삼강엠앤티,KOSDAQ,우량기업부,3965,-5,-0.13,4070,4070,3950,29420,116723050,110478460300,27863420
20200214,122350,삼기오토모티브,KOSDAQ,우량기업부,2700,60,2.27,2655,2795,2645,1027315,2795606625,84514830300,31301789
20200214,014970,삼륭물산,KOSDAQ,중견기업부,9430,100,1.07,9380,9630,9370,236438,2244592620,142628750000,15125000
20200214,018310,삼목에스폼,KOSDAQ,우량기업부,7550,30,0.40,7570,7580,7460,11882,89306970,110985000000,14700000
20200214,053700,삼보모터스,KOSDAQ,우량기업부,5900,140,2.43,5760,5910,5700,152963,891557270,94117124500,15952055
20200214,009620,삼보산업,KOSDAQ,중견기업부,909,-9,-0.98,918,934,900,1216349,1108024206,34625851614,38092246
20200214,023600,삼보판지,KOSDAQ,우량기업부,8340,-150,-1.77,8490,8490,8250,139986,1161702240,134857800000,16170000
20200214,111870,삼본전자,KOSDAQ,중견기업부,2525,-20,-0.79,2540,2565,2505,629514,1592424850,157787050525,62489921
20200214,309930,삼성머스트스팩3호,KOSDAQ,SPAC(소속부없음),2070,-5,-0.24,2080,2080,2070,556,1151200,9501300000,4590000
20200214,291230,삼성스팩2호,KOSDAQ,SPAC(소속부없음),2035,-5,-0.25,2040,2040,2025,2781,5655660,15364250000,7550000
20200214,009300,삼아제약,KOSDAQ,우량기업부,15750,100,0.64,15700,15950,15650,5656,88947100,100327500000,6370000
20200214,225190,삼양옵틱스,KOSDAQ,우량기업부,11300,-100,-0.88,11350,11400,11250,29428,332620400,114017000000,10090000
20200214,054540,삼영엠텍,KOSDAQ,중견기업부,3915,-60,-1.51,3980,3985,3890,88699,348267890,50895000000,13000000
20200214,065570,삼영이엔씨,KOSDAQ,중견기업부,6530,330,5.32,6150,6530,6150,128581,827126000,57464000000,8800000
20200214,073640,삼원테크,KOSDAQ,중견기업부,1575,0,0.00,1570,1600,1520,71573,110987600,87248668500,55395980
20200214,032280,삼일,KOSDAQ,중견기업부,2070,15,0.73,2055,2070,2040,34924,71620600,33562131300,16213590
20200214,002290,삼일기업공사,KOSDAQ,벤처기업부,3140,-10,-0.32,3150,3170,3105,63059,197292805,38936000000,12400000
20200214,037460,삼지전자,KOSDAQ,벤처기업부,10450,100,0.97,10300,10550,10250,134885,1407171400,170528554900,16318522
20200214,032750,삼진,KOSDAQ,중견기업부,11900,200,1.71,11700,11950,11250,154437,1796267050,71400000000,6000000
20200214,054090,삼진엘앤디,KOSDAQ,벤처기업부,2670,75,2.89,2595,2690,2595,470114,1249792940,66641149440,24959232
20200214,000250,삼천당제약,KOSDAQ,우량기업부,36000,500,1.41,35600,36150,35050,197104,7043808250,795809268000,22105813
20200214,024950,삼천리자전거,KOSDAQ,중견기업부,5690,0,0.00,5690,5700,5600,32105,181507940,75526653130,13273577
20200214,038500,삼표시멘트,KOSDAQ,우량기업부,3320,-50,-1.48,3335,3390,3320,128667,429560545,356425814360,107357173
20200214,017480,삼현철강,KOSDAQ,우량기업부,3835,-15,-0.39,3850,3890,3800,10605,40557165,60220583150,15702890
20200214,046390,삼화네트웍스,KOSDAQ,중견기업부,1585,5,0.32,1600,1610,1560,364333,575773840,68262673805,43067933
20200214,027580,상보,KOSDAQ,중견기업부,1035,20,1.97,1010,1035,1010,473543,485340530,48314960235,46681121
20200214,038540,상상인,KOSDAQ,우량기업부,8770,0,0.00,8800,9030,8610,363277,3197579220,485229305010,55328313
20200214,307870,상상인이안1호스팩,KOSDAQ,SPAC(소속부없음),2045,0,0.00,2040,2045,2040,1002,2044135,9713750000,4750000
20200214,329560,상상인이안제2호스팩,KOSDAQ,SPAC(소속부없음),2010,5,0.25,2005,2015,2000,13647,27404525,7738500000,3850000
20200214,101000,상상인인더스트리,KOSDAQ,중견기업부,1180,5,0.43,1165,1185,1155,49346,57946255,74496781880,63132866
20200214,091580,상신이디피,KOSDAQ,우량기업부,9960,90,0.91,9870,9970,9790,158256,1567109170,126143898000,12665050
20200214,263810,상신전자,KOSDAQ,중견기업부,3715,-10,-0.27,3705,3745,3620,44860,164923170,52919127370,14244718
20200214,089980,상아프론테크,KOSDAQ,우량기업부,17750,150,0.85,17550,17800,17450,157844,2780995800,271787432000,15311968
20200214,042940,상지카일룸,KOSDAQ,중견기업부,1730,125,7.79,1610,1770,1610,1492889,2540297305,73624222420,42557354
20200214,042600,새로닉스,KOSDAQ,우량기업부,3490,-10,-0.29,3550,3885,3455,55238,199960290,43358273260,12423574
20200214,263540,샘코,KOSDAQ,기술성장기업부,5980,-70,-1.16,6080,6080,5950,80875,484654270,48826371100,8164945
20200214,038070,서린바이오,KOSDAQ,중견기업부,9120,-100,-1.08,9240,9300,9110,105787,971397140,68406165120,7500676
20200214,006730,서부T&D,KOSDAQ,중견기업부,7400,10,0.14,7360,7440,7320,83520,618300950,410247734200,55438883
20200214,079650,서산,KOSDAQ,중견기업부,3270,-10,-0.30,3305,3305,3235,52842,172352835,65400000000,20000000
20200214,100660,서암기계공업,KOSDAQ,중견기업부,5120,-30,-0.58,5100,5210,5100,31640,162509000,64512000000,12600000
20200214,019770,서연탑메탈,KOSDAQ,중견기업부,3165,110,3.60,3040,3270,3040,406373,1285982910,36872250000,11650000
20200214,043710,서울리거,KOSDAQ,중견기업부,1415,10,0.71,1390,1460,1385,65464,92803590,47424160820,33515308
20200214,046890,서울반도체,KOSDAQ,우량기업부,18800,1300,7.43,18000,19200,17650,6319106,115981477350,1096141520000,58305400
20200214,063170,서울옥션,KOSDAQ,중견기업부,5900,-100,-1.67,6000,6020,5900,103026,613973440,99813250000,16917500
20200214,027040,서울전자통신,KOSDAQ,중견기업부,1115,-5,-0.45,1125,1130,1110,278803,311636860,77591564405,69588847
20200214,018680,서울제약,KOSDAQ,벤처기업부,6800,10,0.15,6790,6900,6750,40920,277874550,57701393200,8485499
20200214,093920,서원인텍,KOSDAQ,우량기업부,7040,110,1.59,6930,7080,6860,103128,720015400,130944000000,18600000
20200214,189860,서전기전,KOSDAQ,벤처기업부,5500,-160,-2.83,5650,5650,5500,346851,1931192880,53343290000,9698780
20200214,178320,서진시스템,KOSDAQ,벤처기업부,31600,0,0.00,31150,32300,31100,579683,18372127000,571981045600,18100666
20200214,122690,서진오토모티브,KOSDAQ,중견기업부,2050,20,0.99,2040,2060,2015,8991,18345075,40059554300,19541246
20200214,140070,서플러스글로벌,KOSDAQ,우량기업부,2500,40,1.63,2460,2530,2410,67739,167797645,92470000000,36988000
20200214,011370,서한,KOSDAQ,우량기업부,1165,-25,-2.10,1190,1190,1165,133993,156820275,117542517725,100894865
20200214,065710,서호전기,KOSDAQ,중견기업부,23800,50,0.21,23800,23950,23650,13892,329801150,122570000000,5150000
20200214,035890,서희건설,KOSDAQ,우량기업부,1090,-10,-0.91,1095,1105,1090,696555,763964490,225718494920,207081188
20200214,003100,선광,KOSDAQ,우량기업부,16300,300,1.88,16000,16450,15850,6107,98230150,107580000000,6600000
20200214,123420,선데이토즈,KOSDAQ,우량기업부,19900,-150,-0.75,20100,20250,19800,34241,684030100,190439855800,9569842
20200214,171090,선익시스템,KOSDAQ,우량기업부,6900,60,0.88,6800,6950,6800,21091,144844510,62095135500,8999295
20200214,014620,성광벤드,KOSDAQ,중견기업부,9270,-170,-1.80,9460,9460,9250,112819,1051230410,265122000000,28600000
20200214,037350,성도이엔지,KOSDAQ,우량기업부,3765,-25,-0.66,3790,3790,3705,74882,280038235,58244550000,15470000
20200214,081580,성우전자,KOSDAQ,우량기업부,2930,-25,-0.85,2955,2955,2900,16194,47392155,45438858990,15508143
20200214,045300,성우테크론,KOSDAQ,중견기업부,4000,-125,-3.03,4125,4125,3965,17720,71229875,36912376000,9228094
20200214,015750,성우하이텍,KOSDAQ,우량기업부,3750,15,0.40,3705,3775,3700,185876,695706025,300000000000,80000000
20200214,080470,성창오토텍,KOSDAQ,중견기업부,9000,180,2.04,8820,9110,8820,220099,1977567450,65700000000,7300000
20200214,043260,성호전자,KOSDAQ,벤처기업부,814,9,1.12,800,816,800,32229,26119809,28976807002,35598043
20200214,148150,세경하이테크,KOSDAQ,벤처기업부,36700,1700,4.86,35200,36800,34650,983094,35206861750,427261400000,11642000
20200214,053060,세동,KOSDAQ,중견기업부,837,-12,-1.41,849,852,828,43094,36017242,17921007000,21411000
20200214,017510,세명전기,KOSDAQ,벤처기업부,4540,185,4.25,4355,5140,4355,512342,2425708550,69216840000,15246000
20200214,214310,세미콘라이트,KOSDAQ,중견기업부,3370,15,0.45,3350,3420,3250,407697,1355429220,60033581030,17814119
20200214,011560,세보엠이씨,KOSDAQ,우량기업부,7180,-40,-0.55,7220,7280,7120,10722,76664600,75605400000,10530000
20200214,100700,세운메디칼,KOSDAQ,우량기업부,3435,110,3.31,3325,3445,3325,192887,654108830,150453000000,43800000
20200214,234100,세원,KOSDAQ,벤처기업부,3210,-110,-3.31,3645,3720,3195,10556921,36585201150,71849381850,22382985
20200214,024830,세원물산,KOSDAQ,관리종목(소속부없음),6280,0,0.00,0,0,0,0,0,52438000000,8350000
20200214,258830,세종메디칼,KOSDAQ,벤처기업부,8430,250,3.06,8220,8590,8130,85275,717986990,57136356630,6777741
20200214,036630,세종텔레콤,KOSDAQ,중견기업부,341,4,1.19,334,362,333,10515312,3664431725,204711208966,600326126
20200214,039310,세중,KOSDAQ,중견기업부,2880,0,0.00,2865,2895,2860,24369,70148315,52190400960,18121667
20200214,067770,세진티에스,KOSDAQ,중견기업부,2955,-20,-0.67,2975,3005,2765,146040,426771515,24811932315,8396593
20200214,053450,세코닉스,KOSDAQ,중견기업부,7300,30,0.41,7290,7390,7210,130987,954831490,86163951300,11803281
20200214,234340,세틀뱅크,KOSDAQ,중견기업부,31900,800,2.57,31000,31950,31000,130443,4118662800,295617300000,9267000
20200214,252500,세화피앤씨,KOSDAQ,중견기업부,3250,-70,-2.11,3340,3410,3240,135774,445567795,67415383750,20743195
20200214,051980,센트럴바이오,KOSDAQ,관리종목(소속부없음),589,41,7.48,548,670,526,2396534,1427753898,27273580210,46304890
20200214,049180,셀루메드,KOSDAQ,관리종목(소속부없음),5980,0,0.00,0,0,0,0,0,145526284020,24335499
20200214,299660,셀리드,KOSDAQ,기술성장기업부,22850,400,1.78,22350,23800,22250,83749,1912521250,218873112200,9578692
20200214,268600,셀리버리,KOSDAQ,기술성장기업부,75200,-800,-1.05,75800,77000,74500,369163,27916562500,588072046400,7820107
20200214,108860,셀바스AI,KOSDAQ,관리종목(소속부없음),3780,0,0.00,0,0,0,0,0,83371472100,22055945
20200214,208370,셀바스헬스케어,KOSDAQ,관리종목(소속부없음),2450,-45,-1.80,2500,2555,2400,281111,697694810,53084490550,21667139
20200214,068760,셀트리온제약,KOSDAQ,중견기업부,43850,50,0.11,43700,44200,43350,243455,10669773850,1494807254250,34089105
20200214,091990,셀트리온헬스케어,KOSDAQ,우량기업부,65200,1500,2.35,64100,65200,63400,1237009,80034436400,9385330773200,143946791
20200214,053110,소리바다,KOSDAQ,벤처기업부,931,-43,-4.41,1030,1130,911,17318343,17543701478,66896119619,71854049
20200214,032680,소프트센,KOSDAQ,중견기업부,2035,-10,-0.49,2020,2070,2020,618303,1259393690,68326755035,33575801
20200214,032685,소프트센우,KOSDAQ,중견기업부,40800,750,1.87,40400,40950,38900,12263,489976850,5828565600,142857
20200214,258790,소프트캠프,KOSDAQ,벤처기업부,1970,0,0.00,1965,1995,1915,86060,166849330,45173114550,22930515
20200214,066910,손오공,KOSDAQ,중견기업부,1730,20,1.17,1690,1755,1670,697826,1199221030,46530358530,26896161
20200214,043100,솔고바이오,KOSDAQ,관리종목(소속부없음),140,0,0.00,138,142,137,1696095,236794096,22641609900,161725785
20200214,154040,솔루에타,KOSDAQ,중견기업부,2900,70,2.47,2815,2900,2795,31057,88462625,37642423400,12980146
20200214,035610,솔본,KOSDAQ,중견기업부,4215,65,1.57,4155,4225,4150,42051,175881305,115263377355,27345997
20200214,036830,솔브레인,KOSDAQ,우량기업부,98300,700,0.72,97700,98500,96500,103889,10153409900,1710250039300,17398271
20200214,230980,솔트웍스,KOSDAQ,투자주의환기종목(소속부없음),5490,-220,-3.85,5620,5790,5450,87927,487830450,70774005600,12891440
20200214,086980,쇼박스,KOSDAQ,우량기업부,4020,-15,-0.37,4055,4110,3905,1724810,6861452905,251652000000,62600000
20200214,050960,수산아이앤티,KOSDAQ,벤처기업부,6250,170,2.80,6110,6260,6110,11535,71634900,42193750000,6751000
20200214,084180,수성,KOSDAQ,관리종목(소속부없음),1940,-55,-2.76,1940,2000,1895,154225,298094245,25552155160,13171214
20200214,253840,수젠텍,KOSDAQ,기술성장기업부,6320,-310,-4.68,6510,6690,6320,789095,5124360380,81692357920,12926006
20200214,058530,슈펙스비앤피,KOSDAQ,중견기업부,281,-7,-2.43,288,289,278,4881735,1368154906,31017984366,110384286
20200214,236200,슈프리마,KOSDAQ,벤처기업부,41450,2450,6.28,39150,41550,38900,406321,16383283200,298161165850,7193273
20200214,317770,슈프리마아이디,KOSDAQ,중견기업부,18750,0,0.00,18750,18750,18450,10748,199798600,56109750000,2992520
20200214,094840,슈프리마에이치큐,KOSDAQ,벤처기업부,5980,10,0.17,6090,6090,5910,23086,137657400,62621603200,10471840
20200214,192440,슈피겐코리아,KOSDAQ,우량기업부,50400,-100,-0.20,50500,51100,49850,44125,2236865150,313304695200,6216363
20200214,099440,스맥,KOSDAQ,중견기업부,2160,-15,-0.69,2175,2185,2125,104689,225071570,61422466320,28436327
20200214,033790,스카이문스테크놀로지,KOSDAQ,관리종목(소속부없음),829,0,0.00,0,0,0,0,0,14190075900,17117100
20200214,159910,스킨앤스킨,KOSDAQ,투자주의환기종목(소속부없음),348,4,1.16,344,361,344,707210,251137058,46839968280,134597610
20200214,158310,스타모빌리티,KOSDAQ,투자주의환기종목(소속부없음),1800,40,2.27,1760,1820,1760,87235,156436835,21728955600,12071642
20200214,115570,스타플렉스,KOSDAQ,중견기업부,7700,110,1.45,7790,7800,7570,28382,217473480,49693751800,6453734
20200214,253450,스튜디오드래곤,KOSDAQ,우량기업부,84000,-2000,-2.33,83500,84700,82700,289740,24185948000,2360095080000,28096370
20200214,013810,스페코,KOSDAQ,중견기업부,3815,20,0.53,3795,3885,3770,229545,877653645,55910618050,14655470
20200214,049830,승일,KOSDAQ,우량기업부,9440,-150,-1.56,9580,9890,9380,94619,912051370,57887137280,6132112
20200214,020710,시공테크,KOSDAQ,우량기업부,4990,0,0.00,4960,5000,4950,15349,76464605,100039370300,20047970
20200214,033170,시그네틱스,KOSDAQ,중견기업부,1120,25,2.28,1115,1140,1105,1314411,1478161120,96015717280,85728319
20200214,048870,시너지이노베이션,KOSDAQ,중견기업부,1890,25,1.34,1880,1905,1850,77227,145324595,123250024170,65211653
20200214,025320,시노펙스,KOSDAQ,중견기업부,2710,30,1.12,2660,2820,2650,2769554,7629998270,196640656880,72561128
20200214,269620,시스웍,KOSDAQ,벤처기업부,2545,0,0.00,2520,2580,2510,72418,183905420,45810000000,18000000
20200214,131090,시큐브,KOSDAQ,벤처기업부,1510,5,0.33,1490,1520,1490,170717,257948855,57380000000,38000000
20200214,001000,신라섬유,KOSDAQ,중견기업부,2255,15,0.67,2255,2270,2195,256004,569229990,54745852700,24277540
20200214,025870,신라에스지,KOSDAQ,중견기업부,11000,800,7.84,10600,12150,10450,4068134,45961228200,44000000000,4000000
20200214,215600,신라젠,KOSDAQ,기술성장기업부,12400,-450,-3.50,12850,12950,12250,1981059,24830314900,887246350000,71552125
20200214,065350,신성델타테크,KOSDAQ,우량기업부,3600,15,0.42,3585,3615,3535,35785,127902385,87037563600,24177101
20200214,056000,신스타임즈,KOSDAQ,중견기업부,4015,15,0.38,3950,4030,3860,437369,1722951750,56758449000,14136600
20200214,002800,신신제약,KOSDAQ,우량기업부,6420,-30,-0.47,6450,6500,6400,74713,480621250,97394610000,15170500
20200214,323280,신영스팩5호,KOSDAQ,SPAC(소속부없음),2055,5,0.24,2050,2080,2050,11930,24574830,7202775000,3505000
20200214,344050,신영스팩6호,KOSDAQ,SPAC(소속부없음),2015,5,0.25,2010,2015,2010,135257,271883060,8674575000,4305000
20200214,017000,신원종합개발,KOSDAQ,우량기업부,3810,50,1.33,3760,3835,3735,35426,133089150,38359182870,10068027
20200214,012790,신일제약,KOSDAQ,우량기업부,7460,-60,-0.80,7480,7670,7450,56179,423813770,81328920000,10902000
20200214,138070,신진에스엠,KOSDAQ,중견기업부,5260,-70,-1.31,5380,5390,5200,23952,125696010,47193682580,8972183
20200214,226330,신테카바이오,KOSDAQ,기술성장기업부,11800,-100,-0.84,11800,12000,11600,190316,2249110300,155448904800,13173636
20200214,277480,신한제4호스팩,KOSDAQ,SPAC(소속부없음),2060,5,0.24,2050,2060,2045,8001,16407795,12380600000,6010000
20200214,323230,신한제5호스팩,KOSDAQ,SPAC(소속부없음),2050,35,1.74,2015,2060,2015,36140,73792025,8835500000,4310000
20200214,333050,신한제6호스팩,KOSDAQ,SPAC(소속부없음),2025,15,0.75,2015,2030,2015,51081,103564650,10145250000,5010000
20200214,056700,신화인터텍,KOSDAQ,중견기업부,3170,55,1.77,3115,3370,3080,779233,2515531885,92358238470,29135091
20200214,187270,신화콘텍,KOSDAQ,벤처기업부,2790,45,1.64,2745,2790,2700,23701,65056475,28301327550,10143845
20200214,243840,신흥에스이씨,KOSDAQ,우량기업부,46300,0,0.00,46050,46600,45700,74095,3419138100,304295684300,6572261
20200214,108320,실리콘웍스,KOSDAQ,우량기업부,38300,-200,-0.52,38450,38450,37750,102448,3898934500,622922690000,16264300
20200214,222800,심텍,KOSDAQ,우량기업부,14150,-100,-0.70,14400,14550,13900,267670,3782112700,321954369850,22752959
20200214,036710,심텍홀딩스,KOSDAQ,중견기업부,1670,-15,-0.89,1685,1690,1640,91306,151859830,63108804010,37789703
20200214,160980,싸이맥스,KOSDAQ,우량기업부,12900,250,1.98,12550,12950,12500,103539,1320396500,136434192600,10576294
20200214,217330,싸이토젠,KOSDAQ,기술성장기업부,11300,100,0.89,11300,11950,11150,249545,2870537900,63662663200,5633864
20200214,010280,쌍용정보통신,KOSDAQ,중견기업부,1645,-15,-0.90,1665,1710,1640,120551,201239485,66563335930,40464034
20200214,208640,썸에이지,KOSDAQ,중견기업부,610,1,0.16,610,615,599,317817,193405703,76202255910,124921731
20200214,222420,쎄노텍,KOSDAQ,중견기업부,1950,-10,-0.51,1955,1980,1930,83594,162841310,78308441250,40158175
20200214,037760,쎄니트,KOSDAQ,우량기업부,2050,0,0.00,2045,2080,2010,331366,678787080,69357488050,33832921
20200214,136510,쎄미시스코,KOSDAQ,벤처기업부,7560,-20,-0.26,7580,7740,7450,21836,164268740,40824000000,5400000
20200214,099320,쎄트렉아이,KOSDAQ,벤처기업부,23200,150,0.65,23250,23500,22700,185736,4291066400,168628898400,7268487
20200214,049960,쎌바이오텍,KOSDAQ,우량기업부,18000,200,1.12,17750,18200,17600,23976,431376850,169200000000,9400000
20200214,050890,쏠리드,KOSDAQ,중견기업부,6730,450,7.17,6210,6740,6200,7415795,48413138350,351206227750,52185175
20200214,066790,씨씨에스,KOSDAQ,관리종목(소속부없음),423,0,0.00,0,0,0,0,0,38895837705,91952335
20200214,222080,씨아이에스,KOSDAQ,중견기업부,4660,95,2.08,4515,4755,4510,5525205,25622228530,249891125300,53624705
20200214,264660,씨앤지하이테크,KOSDAQ,벤처기업부,10400,600,6.12,9930,10450,9820,346979,3525271080,87416992000,8405480
20200214,297090,씨에스베어링,KOSDAQ,벤처기업부,7720,30,0.39,7800,8060,7680,94677,743034250,73042008000,9461400
20200214,115530,씨엔플러스,KOSDAQ,투자주의환기종목(소속부없음),839,0,0.00,0,0,0,0,0,50419474275,60094725
20200214,225330,씨엠에스에듀,KOSDAQ,투자주의환기종목(소속부없음),5010,10,0.20,5010,5050,4980,20782,103968650,93359486280,18634628
20200214,115480,씨유메디칼,KOSDAQ,벤처기업부,2520,-15,-0.59,2535,2550,2485,97678,245821000,47404541520,18811326
20200214,096530,씨젠,KOSDAQ,우량기업부,31150,-300,-0.95,31450,32000,31150,231147,7268599750,817189723000,26234020
20200214,900120,씨케이에이치,KOSDAQ,외국기업(소속부없음),298,-4,-1.32,302,302,296,322804,95939420,32900528186,110404457
20200214,101240,씨큐브,KOSDAQ,벤처기업부,9950,350,3.65,9600,10050,9570,135734,1344268480,100874930800,10138184
20200214,047920,씨트리,KOSDAQ,기술성장기업부,5500,-10,-0.18,5600,5680,5470,186412,1034833130,76166051500,13848373
20200214,060590,씨티씨바이오,KOSDAQ,중견기업부,5780,60,1.05,5700,5800,5680,108728,622587770,111614817160,19310522
20200214,260930,씨티케이코스메틱스,KOSDAQ,우량기업부,13250,50,0.38,13200,13350,13100,4415,58311150,134118500750,10122151
20200214,013990,아가방컴퍼니,KOSDAQ,중견기업부,4215,-100,-2.32,4320,4330,4180,576177,2443678170,138620964240,32887536
20200214,123860,아나패스,KOSDAQ,벤처기업부,30750,950,3.19,29150,31100,29150,134542,4078866500,311426775000,10127700
20200214,025980,아난티,KOSDAQ,벤처기업부,9520,60,0.63,9460,9570,9420,758116,7183223940,805820438080,84645004
20200214,058220,아리온,KOSDAQ,중견기업부,1450,45,3.20,1395,1460,1355,414694,587923575,52532373350,36229223
20200214,125210,아모그린텍,KOSDAQ,기술성장기업부,16000,100,0.63,15800,16050,15450,402181,6350400450,263948640000,16496790
20200214,052710,아모텍,KOSDAQ,우량기업부,30200,200,0.67,29650,30450,29650,69347,2091077400,294250861200,9743406
20200214,074430,아미노로직스,KOSDAQ,벤처기업부,1810,-25,-1.36,1840,1850,1800,115279,209261040,158966587640,87826844
20200214,092040,아미코젠,KOSDAQ,기술성장기업부,25050,-450,-1.76,25400,25800,25050,55452,1405599000,481135600500,19207010
20200214,083930,아바코,KOSDAQ,우량기업부,6340,230,3.76,6160,6400,6130,257369,1606858320,101417841700,15996505
20200214,149950,아바텍,KOSDAQ,우량기업부,7870,140,1.81,7720,7980,7690,37904,295848560,122831025000,15607500
20200214,036010,아비코전자,KOSDAQ,우량기업부,6500,400,6.56,6120,6510,6000,566306,3595836020,86404071000,13292934
20200214,050860,아세아텍,KOSDAQ,우량기업부,4795,-5,-0.10,4800,5020,4625,3391907,16315998000,83912500000,17500000
20200214,246720,아스타,KOSDAQ,기술성장기업부,5010,-90,-1.76,5100,5200,4995,54875,276546260,57527440230,11482523
20200214,067390,아스트,KOSDAQ,우량기업부,8160,-120,-1.45,8330,8330,8130,165091,1351643180,209545960320,25679652
20200214,127710,아시아경제,KOSDAQ,중견기업부,2075,-55,-2.58,2130,2150,2065,109435,229628250,52930623050,25508734
20200214,154030,아시아종묘,KOSDAQ,기술성장기업부,4840,-10,-0.21,4805,4865,4805,34743,167719955,44603208760,9215539
20200214,227610,아우딘퓨쳐스,KOSDAQ,우량기업부,8280,-210,-2.47,8660,8730,8140,419838,3520916010,82800000000,10000000
20200214,143160,아이디스,KOSDAQ,우량기업부,23300,-2250,-8.81,24650,24800,23150,443727,10511210400,249691887000,10716390
20200214,054800,아이디스홀딩스,KOSDAQ,중견기업부,10700,-650,-5.73,11350,11350,10700,15550,169723550,110720989200,10347756
20200214,099190,아이센스,KOSDAQ,우량기업부,23200,-150,-0.64,23500,23650,22950,22444,520895650,318703921600,13737238
20200214,289010,아이스크림에듀,KOSDAQ,중견기업부,8050,40,0.50,7970,8110,7970,23848,191576510,103555497850,12864037
20200214,214430,아이쓰리시스템,KOSDAQ,우량기업부,20650,250,1.23,20350,21000,20200,110661,2280685300,146754594000,7106760
20200214,040910,아이씨디,KOSDAQ,우량기업부,18850,1150,6.50,17750,19050,17700,1300553,24312558150,331166620850,17568521
20200214,068940,아이씨케이,KOSDAQ,중견기업부,1615,35,2.22,1580,1615,1565,104181,165880705,50355251030,31179722
20200214,052860,아이앤씨,KOSDAQ,벤처기업부,5280,90,1.73,5200,5320,5150,360084,1885186420,92730285120,17562554
20200214,069920,아이에스이커머스,KOSDAQ,벤처기업부,4200,55,1.33,4165,4335,4000,8746,36390495,108470720400,25826362
20200214,038880,아이에이,KOSDAQ,중견기업부,519,7,1.37,515,522,510,1247770,644871128,125295568839,241417281
20200214,123010,아이에이네트웍스,KOSDAQ,기술성장기업부,5510,-30,-0.54,5550,5550,5450,15925,87365480,38014355070,6899157
20200214,307180,아이엘사이언스,KOSDAQ,벤처기업부,2025,10,0.50,2010,2045,2010,44087,89160175,39694602825,19602273
20200214,101390,아이엠,KOSDAQ,중견기업부,1065,15,1.43,1065,1085,1055,431388,461794720,44967676050,42223170
20200214,226350,아이엠텍,KOSDAQ,관리종목(소속부없음),751,-67,-8.19,817,818,750,1407684,1099794473,28841253800,38403800
20200214,078860,아이오케이,KOSDAQ,중견기업부,1610,-45,-2.72,1660,1660,1590,302797,490628240,81708372620,50750542
20200214,114810,아이원스,KOSDAQ,우량기업부,6940,-10,-0.14,6950,7080,6740,69228,476505300,93106477860,13415919
20200214,031310,아이즈비전,KOSDAQ,중견기업부,4955,-135,-2.65,5090,5200,4940,744625,3753470065,78153104170,15772574
20200214,185490,아이진,KOSDAQ,기술성장기업부,8760,-380,-4.16,9100,9100,8670,313956,2766152040,100639741800,11488555
20200214,059100,아이컴포넌트,KOSDAQ,벤처기업부,4735,-20,-0.42,4750,4755,4720,4571,21627005,33480522100,7070860
20200214,175250,아이큐어,KOSDAQ,기술성장기업부,30400,-550,-1.78,30950,31200,30150,40957,1256471600,195972688000,6446470
20200214,052460,아이크래프트,KOSDAQ,중견기업부,3935,0,0.00,3905,4245,3900,3544320,14421752545,57482228160,14607936
20200214,119830,아이텍,KOSDAQ,중견기업부,7400,460,6.63,6940,7400,6850,286297,2032221930,76066775600,10279294
20200214,124500,아이티센,KOSDAQ,중견기업부,6050,-50,-0.82,6100,6150,6050,60578,368994660,112569869500,18606590
20200214,084850,아이티엠반도체,KOSDAQ,중견기업부,64500,3700,6.09,60200,64600,59300,537369,33393178100,1472663935500,22831999
20200214,027360,아주IB투자,KOSDAQ,중견기업부,1415,-10,-0.70,1420,1420,1385,1801152,2521952080,167980380750,118714050
20200214,032080,아즈텍WB,KOSDAQ,벤처기업부,2100,-30,-1.41,2105,2155,2050,411463,865477705,45131160900,21491029
20200214,013310,아진산업,KOSDAQ,우량기업부,2720,70,2.64,2650,2750,2620,507676,1377546755,99572187840,36607422
20200214,059120,아진엑스텍,KOSDAQ,벤처기업부,8060,0,0.00,8180,8180,7950,40302,323830940,55984074900,6945915
20200214,158430,아톤,KOSDAQ,벤처기업부,30300,1450,5.03,28250,30350,28250,191232,5687900800,123866551500,4088005
20200214,067160,아프리카TV,KOSDAQ,우량기업부,62300,400,0.65,62200,63100,61600,137365,8567183700,716123984100,11494767
20200214,001540,안국약품,KOSDAQ,우량기업부,10850,-50,-0.46,10900,11000,10800,10062,109185100,141510257000,13042420
20200214,053800,안랩,KOSDAQ,우량기업부,68300,300,0.44,66600,68600,66600,84658,5742302200,683946296500,10013855
20200214,065660,안트로젠,KOSDAQ,기술성장기업부,36250,-650,-1.76,36900,37450,36200,36215,1329353250,313572541250,8650277
20200214,297570,알로이스,KOSDAQ,중견기업부,2660,-15,-0.56,2635,2770,2615,176717,474752720,46096241240,17329414
20200214,260660,알리코제약,KOSDAQ,우량기업부,13350,200,1.52,13050,13800,13050,222619,3004939450,130303676250,9760575
20200214,131370,알서포트,KOSDAQ,벤처기업부,2920,-45,-1.52,3000,3020,2870,855385,2505263055,155539882360,53267083
20200214,140670,알에스오토메이션,KOSDAQ,우량기업부,8900,-50,-0.56,8990,8990,8780,49134,435349620,81017946000,9103140
20200214,096610,알에프세미,KOSDAQ,중견기업부,6190,-320,-4.92,6450,6550,6130,1365014,8620774350,50268804300,8120970
20200214,061040,알에프텍,KOSDAQ,우량기업부,8840,470,5.62,8370,8850,8300,894371,7722056150,194132605680,21960702
20200214,148250,알엔투테크놀로지,KOSDAQ,벤처기업부,12950,800,6.58,12050,13000,12050,147525,1885865850,91133255150,7037317
20200214,131100,알이피,KOSDAQ,벤처기업부,2930,-30,-1.01,2985,2985,2860,709263,2060029230,85758416120,29269084
20200214,196170,알테오젠,KOSDAQ,기술성장기업부,98500,11300,12.96,87500,98700,87500,2163910,205969507100,1368829875000,13896750
20200214,123750,알톤스포츠,KOSDAQ,관리종목(소속부없음),1160,0,0.00,0,0,0,0,0,14785704520,12746297
20200214,085810,알티캐스트,KOSDAQ,중견기업부,1860,-10,-0.53,1870,1920,1800,106045,194460620,39475077600,21223160
20200214,117670,알파홀딩스,KOSDAQ,중견기업부,6690,-100,-1.47,6790,6830,6660,115540,775160130,110496575820,16516678
20200214,293780,압타바이오,KOSDAQ,기술성장기업부,25700,-100,-0.39,25800,26200,25600,148162,3831637450,279660538100,10881733
20200214,196300,애니젠,KOSDAQ,기술성장기업부,10250,0,0.00,10250,10400,10150,16098,164839500,51415691250,5016165
20200214,310200,애니플러스,KOSDAQ,중견기업부,2160,-15,-0.69,2160,2190,2145,188482,407241870,48304159920,22363037
20200214,205500,액션스퀘어,KOSDAQ,관리종목(소속부없음),1090,-25,-2.24,1080,1215,1075,396893,449505255,45052583050,41332645
20200214,052790,액토즈소프트,KOSDAQ,중견기업부,11100,-300,-2.63,11350,11350,11000,24985,278771600,125770081800,11330638
20200214,131400,액트,KOSDAQ,벤처기업부,4850,0,0.00,4800,4880,4800,62736,303626785,101072850550,20839763
20200214,290740,액트로,KOSDAQ,벤처기업부,13700,650,4.98,13150,13800,12850,505850,6798676800,137411150700,10030011
20200214,238090,앤디포스,KOSDAQ,우량기업부,4185,-25,-0.59,4170,4250,4170,196749,824690090,213013436580,50899268
20200214,092600,앤씨앤,KOSDAQ,벤처기업부,2755,30,1.10,2695,2850,2600,2126533,5817907180,57710362500,20947500
20200214,174900,앱클론,KOSDAQ,기술성장기업부,32950,50,0.15,32700,33800,32700,66803,2224706500,236449200000,7176000
20200214,255440,야스,KOSDAQ,우량기업부,18050,-200,-1.10,18250,18550,18050,77136,1409587200,235696900000,13058000
20200214,030960,양지사,KOSDAQ,투자주의환기종목(소속부없음),10750,-50,-0.46,10800,10800,10600,14869,158662950,171785000000,15980000
20200214,102120,어보브반도체,KOSDAQ,우량기업부,9610,300,3.22,9310,10300,9300,3097623,30408034880,167787265330,17459653
20200214,019990,에너토크,KOSDAQ,중견기업부,3355,-60,-1.76,3435,3435,3300,43908,146598015,32731675240,9756088
20200214,041440,에버다임,KOSDAQ,우량기업부,4240,-10,-0.24,4275,4275,4210,9891,41910980,75963602560,17915944
20200214,038680,에스넷,KOSDAQ,벤처기업부,7340,0,0.00,7340,7370,7210,147913,1082830460,117992078100,16075215
20200214,217480,에스디생명공학,KOSDAQ,우량기업부,5120,-180,-3.40,5310,5340,5120,297784,1547473220,114765137920,22415066
20200214,121890,에스디시스템,KOSDAQ,벤처기업부,1410,-105,-6.93,1330,1450,1320,606412,834403625,12757084980,9047578
20200214,030270,에스마크,KOSDAQ,투자주의환기종목(소속부없음),998,0,0.00,0,0,0,0,0,7547575598,7562701
20200214,097780,에스맥,KOSDAQ,우량기업부,1160,30,2.65,1120,1205,1110,12556547,14681680010,274694868360,236805921
20200214,073070,에스모,KOSDAQ,우량기업부,1305,-55,-4.04,1360,1365,1300,4675089,6139782665,132443634375,101489375
20200214,087730,에스모 머티리얼즈,KOSDAQ,벤처기업부,645,-40,-5.84,682,683,637,4712825,3094504981,31460716080,48776304
20200214,042110,에스씨디,KOSDAQ,우량기업부,1285,-15,-1.15,1300,1300,1280,98985,127585030,62103489740,48329564
20200214,065420,에스아이리소스,KOSDAQ,관리종목(소속부없음),639,0,0.00,0,0,0,0,0,41281932996,64603964
20200214,103230,에스앤더블류,KOSDAQ,중견기업부,2620,-55,-2.06,2675,2675,2515,152562,393355830,18864000000,7200000
20200214,900080,에스앤씨엔진그룹,KOSDAQ,외국기업(소속부없음),435,-4,-0.91,447,447,431,105095,45773230,53835422955,123759593
20200214,101490,에스앤에스텍,KOSDAQ,우량기업부,19200,150,0.79,18900,19300,18500,473495,8953638800,378918355200,19735331
20200214,095910,에스에너지,KOSDAQ,중견기업부,3850,5,0.13,3845,3880,3790,17098,65474895,51452635850,13364321
20200214,275630,에스에스알,KOSDAQ,벤처기업부,7400,530,7.71,6950,7500,6810,668384,4855584380,42879751400,5794561
20200214,031330,에스에이엠티,KOSDAQ,우량기업부,2490,10,0.40,2480,2550,2470,840616,2098910815,248987716830,99995067
20200214,060540,에스에이티,KOSDAQ,벤처기업부,2410,-35,-1.43,2470,2480,2315,1022499,2453342040,62981267460,26133306
20200214,112240,에스에프씨,KOSDAQ,투자주의환기종목(소속부없음),1815,0,0.00,0,0,0,0,0,79827028710,43981834
20200214,056190,에스에프에이,KOSDAQ,우량기업부,41850,-200,-0.48,41900,42400,41750,75095,3156741000,1502781606000,35908760
20200214,080000,에스엔유,KOSDAQ,벤처기업부,3365,290,9.43,3095,3590,3075,1936233,6531834175,115496457550,34322870
20200214,160600,에스엔텍비엠,KOSDAQ,벤처기업부,1325,45,3.52,1320,1325,1270,291610,376703495,39930468975,30136203
20200214,041510,에스엠,KOSDAQ,우량기업부,33950,-50,-0.15,34250,34250,33600,101552,3437281350,796029078950,23447101
20200214,007820,에스엠코어,KOSDAQ,중견기업부,10000,10,0.10,10050,10150,9830,157084,1570139570,200339460000,20033946
20200214,109610,에스와이,KOSDAQ,벤처기업부,4185,-65,-1.53,4250,4265,4150,51825,217312825,104413008825,24949345
20200214,306040,에스제이그룹,KOSDAQ,벤처기업부,57100,-1800,-3.06,58900,58900,56200,41449,2355565900,188121660000,3294600
20200214,080440,에스제이케이,KOSDAQ,관리종목(소속부없음),498,0,0.00,0,0,0,0,0,6636328080,13325960
20200214,096630,에스코넥,KOSDAQ,우량기업부,2610,170,6.97,2400,2635,2400,6833453,17413828470,170343539640,65265724
20200214,069510,에스텍,KOSDAQ,우량기업부,11050,-50,-0.45,11150,11150,10950,8770,96294250,120555500000,10910000
20200214,041910,에스텍파마,KOSDAQ,벤처기업부,11050,150,1.38,10900,11300,10800,275284,3055566050,131475806150,11898263
20200214,234300,에스트래픽,KOSDAQ,우량기업부,6040,-20,-0.33,6090,6230,6000,20007,121542350,72003927200,11921180
20200214,039440,에스티아이,KOSDAQ,우량기업부,20150,1100,5.77,19200,20250,18950,357056,7027422800,318974500000,15830000
20200214,098660,에스티오,KOSDAQ,중견기업부,2430,-35,-1.42,2465,2535,2400,25512,62257755,30377371680,12500976
20200214,052020,에스티큐브,KOSDAQ,중견기업부,10300,0,0.00,10550,10600,10200,159285,1650428650,279651499300,27150631
20200214,237690,에스티팜,KOSDAQ,우량기업부,30000,-300,-0.99,30150,30450,29650,72246,2160922450,559680000000,18656000
20200214,050760,에스폴리텍,KOSDAQ,중견기업부,4545,-105,-2.26,4610,4730,4495,202854,923470945,74241111510,16334678
20200214,288620,에스퓨얼셀,KOSDAQ,중견기업부,20950,250,1.21,20750,21300,20450,114948,2408676650,120343420200,5744316
20200214,317830,에스피시스템스,KOSDAQ,벤처기업부,6710,-290,-4.14,6840,6900,6710,95855,651338980,54657647000,8145700
20200214,058610,에스피지,KOSDAQ,우량기업부,7090,170,2.46,6920,7100,6870,104402,730741720,148017752750,20876975
20200214,043340,에쎈테크,KOSDAQ,중견기업부,1000,-5,-0.50,1005,1010,997,63955,63964123,72000000000,72000000
20200214,054630,에이디칩스,KOSDAQ,벤처기업부,1210,10,0.83,1200,1235,1160,4928195,5908299525,53705614050,44384805
20200214,200710,에이디테크놀로지,KOSDAQ,중견기업부,28000,550,2.00,27650,28150,26700,499003,13728101950,259322924000,9261533
20200214,298380,에이비엘바이오,KOSDAQ,기술성장기업부,18950,0,0.00,18900,19250,18750,433394,8220777650,858498482500,45303350
20200214,195990,에이비프로바이오,KOSDAQ,중견기업부,698,0,0.00,700,710,690,651089,454803582,123381094708,176763746
20200214,003800,에이스침대,KOSDAQ,우량기업부,45950,500,1.10,45450,46450,45300,4280,195798600,509585500000,11090000
20200214,088800,에이스테크,KOSDAQ,중견기업부,9520,200,2.15,9170,9550,9160,1270615,11976820960,369928369440,38858022
20200214,241840,에이스토리,KOSDAQ,중견기업부,10700,-100,-0.93,10900,10900,10550,198407,2118654800,99705168000,9318240
20200214,138360,에이씨티,KOSDAQ,관리종목(소속부없음),4480,0,0.00,0,0,0,0,0,122161688320,27268234
20200214,039230,에이아이비트,KOSDAQ,관리종목(소속부없음),279,64,29.77,216,279,211,32213315,8313105947,29117157867,104362573
20200214,050320,에이앤티앤,KOSDAQ,투자주의환기종목(소속부없음),1385,0,0.00,0,0,0,0,0,43851537600,31661760
20200214,312610,에이에프더블류,KOSDAQ,중견기업부,16350,250,1.55,16050,16450,15650,235287,3788350800,165600059400,10128444
20200214,072990,에이치시티,KOSDAQ,중견기업부,11200,100,0.90,11200,11200,10900,23558,260667600,76940091200,6869651
20200214,176440,에이치엔티,KOSDAQ,중견기업부,2025,20,1.00,2005,2075,1995,857224,1736601110,173622173625,85739345
20200214,028300,에이치엘비,KOSDAQ,중견기업부,100200,-2700,-2.62,101000,104400,99100,797490,80721099700,4317441748200,43088241
20200214,067630,에이치엘비생명과학,KOSDAQ,중견기업부,24200,-800,-3.20,24650,25400,23800,1032347,25223495800,1138790362600,47057453
20200214,043220,에이치엘비파워,KOSDAQ,관리종목(소속부없음),1415,-40,-2.75,1440,1465,1395,2566942,3640986435,128928258455,91115377
20200214,239610,에이치엘사이언스,KOSDAQ,벤처기업부,49050,-150,-0.30,48750,50400,48150,65556,3224117100,252222359400,5142148
20200214,044780,에이치케이,KOSDAQ,벤처기업부,1465,0,0.00,1460,1480,1450,26394,38612735,27110977955,18505787
20200214,071670,에이테크솔루션,KOSDAQ,중견기업부,7580,120,1.61,7450,7720,7450,56262,428528180,75800000000,10000000
20200214,045660,에이텍,KOSDAQ,벤처기업부,9040,-10,-0.11,9050,9050,8920,68637,616647990,74670400000,8260000
20200214,224110,에이텍티앤,KOSDAQ,벤처기업부,8440,-40,-0.47,8480,8530,8310,30327,256388840,45069600000,5340000
20200214,021080,에이티넘인베스트,KOSDAQ,벤처기업부,1970,20,1.03,1950,1975,1945,164344,322383835,94560000000,48000000
20200214,089530,에이티세미콘,KOSDAQ,중견기업부,780,-13,-1.64,805,805,775,121501,95096215,64838808840,83126678
20200214,109960,에이프로젠 H&G,KOSDAQ,중견기업부,800,-3,-0.37,797,816,791,1596951,1283048066,142956173600,178695217
20200214,089970,에이피티씨,KOSDAQ,벤처기업부,9490,-30,-0.32,9510,9550,9310,75627,714476680,220496306550,23234595
20200214,230240,에치에프알,KOSDAQ,우량기업부,39000,2250,6.12,36350,39150,36350,1392041,53128809400,467298780000,11982020
20200214,064510,에코마이스터,KOSDAQ,기술성장기업부,3870,-10,-0.26,3925,3970,3670,108628,420659600,51707391210,13361083
20200214,230360,에코마케팅,KOSDAQ,벤처기업부,29950,0,0.00,30050,30500,29650,161747,4858729050,485158163150,16198937
20200214,038870,에코바이오,KOSDAQ,중견기업부,5070,60,1.20,5080,5150,4985,129798,656344175,58867739580,11610994
20200214,128540,에코캡,KOSDAQ,벤처기업부,3180,5,0.16,3140,3225,3125,97101,306330580,46296984000,14558800
20200214,086520,에코프로,KOSDAQ,우량기업부,27650,-300,-1.07,28150,28650,27500,655972,18317660450,610793781150,22090191
20200214,247540,에코프로비엠,KOSDAQ,벤처기업부,88500,-1000,-1.12,90700,93200,86900,949836,84611389300,1819202991000,20555966
20200214,038110,에코플라스틱,KOSDAQ,중견기업부,1680,-5,-0.30,1685,1685,1660,22217,37070845,43124541600,25669370
20200214,073540,에프알텍,KOSDAQ,벤처기업부,5370,200,3.87,5060,5370,5050,158145,835034130,61218000000,11400000
20200214,064090,에프앤리퍼블릭,KOSDAQ,벤처기업부,740,-1,-0.13,744,747,732,117802,86828302,49386175500,66738075
20200214,036810,에프에스티,KOSDAQ,우량기업부,9450,230,2.49,9200,9500,9160,517766,4828653440,191209542300,20233814
20200214,173940,에프엔씨엔터,KOSDAQ,중견기업부,7890,20,0.25,7940,7940,7800,16969,133767640,113338903200,14364880
20200214,083500,에프엔에스테크,KOSDAQ,벤처기업부,12000,250,2.13,11800,12050,11600,114872,1354375100,89100744000,7425062
20200214,054940,엑사이엔씨,KOSDAQ,중견기업부,1530,-15,-0.97,1540,1570,1520,391282,602207670,50755528440,33173548
20200214,950130,엑세스바이오,KOSDAQ,외국기업(소속부없음),2150,-10,-0.46,2155,2210,2145,248983,539477000,72191966850,33577659
20200214,205100,엑셈,KOSDAQ,벤처기업부,3255,85,2.68,3170,3345,3130,461996,1494536205,110286798615,33882273
20200214,092870,엑시콘,KOSDAQ,우량기업부,8880,130,1.49,8820,8970,8660,66803,591274580,78885480000,8883500
20200214,317870,엔바이오니아,KOSDAQ,기술성장기업부,7520,-160,-2.08,7610,7670,7500,167863,1267745980,55952973600,7440555
20200214,067570,엔브이에이치코리아,KOSDAQ,우량기업부,3170,-160,-4.80,3280,3330,3070,552599,1758463900,91049443740,28722222
20200214,101400,엔시트론,KOSDAQ,중견기업부,358,-12,-3.24,372,372,356,600462,218722499,48471939840,135396480
20200214,217820,엔에스,KOSDAQ,벤처기업부,7990,50,0.63,7970,8130,7850,185452,1481762550,78302000000,9800000
20200214,031860,엔에스엔,KOSDAQ,중견기업부,1740,-60,-3.33,1780,1805,1715,186088,326080310,45360578520,26069298
20200214,273060,엔에이치스팩12호,KOSDAQ,SPAC(소속부없음),2050,0,0.00,0,0,0,0,0,15395500000,7510000
20200214,310840,엔에이치스팩13호,KOSDAQ,SPAC(소속부없음),2045,-10,-0.49,2055,2060,2045,3176,6515120,6993900000,3420000
20200214,319400,엔에이치스팩14호,KOSDAQ,SPAC(소속부없음),2040,10,0.49,2020,2055,2020,8580,17453790,17584800000,8620000
20200214,339950,엔에이치스팩15호,KOSDAQ,SPAC(소속부없음),2010,0,0.00,2010,2015,2005,35688,71589730,13145400000,6540000
20200214,208860,엔지스테크널러지,KOSDAQ,벤처기업부,4625,25,0.54,4625,4710,4590,12459,57648225,46465358500,10046564
20200214,183490,엔지켐생명과학,KOSDAQ,기술성장기업부,60700,-1100,-1.78,61100,62100,59700,42090,2561137600,477057203400,7859262
20200214,182400,엔케이맥스,KOSDAQ,기술성장기업부,10150,-100,-0.98,10250,10300,9970,134692,1360610970,316995299600,31231064
20200214,206400,엔터메이트,KOSDAQ,관리종목(소속부없음),789,-3,-0.38,792,812,781,330539,262071177,65735231235,83314615
20200214,069410,엔텔스,KOSDAQ,벤처기업부,10700,50,0.47,10700,10800,10450,79144,840774900,73821728900,6899227
20200214,048830,엔피케이,KOSDAQ,중견기업부,1895,5,0.26,1875,1905,1870,37811,71431390,35481834085,18723923
20200214,096870,엘디티,KOSDAQ,벤처기업부,3120,100,3.31,3020,3180,3020,104661,326288695,20836608000,6678400
20200214,061970,엘비세미콘,KOSDAQ,우량기업부,9230,640,7.45,8580,9340,8550,10757213,97697142310,404131784160,43784592
20200214,138690,엘아이에스,KOSDAQ,중견기업부,10300,50,0.49,10300,10350,10150,26980,276615000,165077801300,16026971
20200214,290650,엘앤씨바이오,KOSDAQ,벤처기업부,45300,-2200,-4.63,47300,49650,45200,171275,8003554150,333377739600,7359332
20200214,066970,엘앤에프,KOSDAQ,우량기업부,24950,200,0.81,24900,25100,24500,277808,6909703950,617730288550,24758729
20200214,156100,엘앤케이바이오,KOSDAQ,관리종목(소속부없음),7010,0,0.00,0,0,0,0,0,75558939360,10778736
20200214,073110,엘엠에스,KOSDAQ,벤처기업부,14750,-100,-0.67,14750,15100,14550,123793,1828762650,131212386250,8895755
20200214,083310,엘오티베큠,KOSDAQ,우량기업부,12350,200,1.65,12050,12650,11850,435841,5361485950,163739461600,13258256
20200214,037950,엘컴텍,KOSDAQ,우량기업부,1780,-55,-3.00,1835,1835,1780,1556784,2808141735,150316583820,84447519
20200214,170920,엘티씨,KOSDAQ,벤처기업부,11700,0,0.00,11700,11750,11550,40084,466217400,87983333100,7519943
20200214,058630,엠게임,KOSDAQ,벤처기업부,4150,95,2.34,4000,4185,4000,614703,2531570650,81107089550,19543877
20200214,019590,엠벤처투자,KOSDAQ,관리종목(소속부없음),1160,0,0.00,0,0,0,0,0,69764928800,60142180
20200214,097520,엠씨넥스,KOSDAQ,중견기업부,40500,4700,13.13,35800,41200,35750,2759345,107482608500,723471021000,17863482
20200214,179290,엠아이텍,KOSDAQ,중견기업부,4115,10,0.24,4100,4180,4100,102499,422699145,125192941170,30423558
20200214,009780,엠에스씨,KOSDAQ,우량기업부,4725,35,0.75,4740,4740,4640,17634,82634610,83160000000,17600000
20200214,123040,엠에스오토텍,KOSDAQ,우량기업부,6290,150,2.44,6140,6300,6050,1123163,6944854170,213976182590,34018471
20200214,032790,엠젠플러스,KOSDAQ,관리종목(소속부없음),4075,0,0.00,0,0,0,0,0,69550547425,17067619
20200214,033160,엠케이전자,KOSDAQ,우량기업부,8150,20,0.25,8130,8210,8030,96310,784675180,177732665350,21807689
20200214,259630,엠플러스,KOSDAQ,벤처기업부,24850,50,0.20,24600,25450,24600,63161,1576671950,128417668050,5167713
20200214,115960,연우,KOSDAQ,우량기업부,22200,50,0.23,22100,22450,21750,53402,1178047400,275235600000,12398000
20200214,090740,연이정보통신,KOSDAQ,중견기업부,6400,220,3.56,6180,6470,6170,51336,324415980,120950726400,18898551
20200214,007530,영신금속,KOSDAQ,투자주의환기종목(소속부없음),1870,10,0.54,1860,1910,1850,125914,236213530,23997650160,12832968
20200214,143540,영우디에스피,KOSDAQ,벤처기업부,2320,75,3.34,2215,2345,2215,960638,2212433685,70048936240,30193507
20200214,036180,영인프런티어,KOSDAQ,중견기업부,3990,-20,-0.50,4015,4040,3970,175940,703135540,70225360590,17600341
20200214,036560,영풍정밀,KOSDAQ,우량기업부,8400,40,0.48,8440,8450,8310,107630,900130400,132300000000,15750000
20200214,265560,영화테크,KOSDAQ,벤처기업부,12650,2890,29.61,9900,12650,9820,864905,10306447920,67615388500,5345090
20200214,036000,예림당,KOSDAQ,중견기업부,3535,-55,-1.53,3590,3590,3530,79486,281873230,81426169195,23034277
20200214,250930,예선테크,KOSDAQ,벤처기업부,3395,-40,-1.16,3410,3445,3345,328371,1112518145,112036493800,33000440
20200214,053280,예스24,KOSDAQ,투자주의환기종목(소속부없음),6290,-140,-2.18,6350,6470,6290,52193,330074530,108188000000,17200000
20200214,122640,예스티,KOSDAQ,벤처기업부,10750,450,4.37,10250,10800,10150,206751,2185327700,150535776000,14003328
20200214,900300,오가닉티코스메틱,KOSDAQ,외국기업(소속부없음),1300,-40,-2.99,1350,1355,1295,2568463,3381196890,74002500000,56925000
20200214,045060,오공,KOSDAQ,우량기업부,6900,290,4.39,6560,7550,6380,20684478,146795682010,116899620600,16941974
20200214,080520,오디텍,KOSDAQ,벤처기업부,5230,130,2.55,5070,5260,5070,93844,488371570,61434765070,11746609
20200214,039830,오로라,KOSDAQ,우량기업부,12150,0,0.00,12150,12350,12050,99885,1217652850,130769113500,10762890
20200214,046120,오르비텍,KOSDAQ,우량기업부,3375,45,1.35,3310,3375,3310,70061,234504580,80293183875,23790573
20200214,014940,오리엔탈정공,KOSDAQ,중견기업부,861,-2,-0.23,863,867,852,138953,119371231,39238922121,45573661
20200214,065500,오리엔트정공,KOSDAQ,중견기업부,396,-3,-0.75,399,415,392,214742,85394465,46416966552,117214562
20200214,010470,오리콤,KOSDAQ,우량기업부,4880,25,0.51,4855,4900,4815,29883,145420630,57115764000,11704050
20200214,053980,오상자이엘,KOSDAQ,중견기업부,6270,0,0.00,6210,6340,6140,10513,65301440,111279220140,17747882
20200214,052420,오성첨단소재,KOSDAQ,중견기업부,2435,-35,-1.42,2470,2500,2435,721257,1771258530,150887757875,61966225
20200214,241790,오션브릿지,KOSDAQ,벤처기업부,12150,150,1.25,12000,12250,11800,103154,1237195400,121532003100,10002634
20200214,039200,오스코텍,KOSDAQ,벤처기업부,20950,-100,-0.48,21000,21200,20750,97090,2031801150,611746515450,29200311
20200214,226400,오스테오닉,KOSDAQ,기술성장기업부,3800,-20,-0.52,3795,3855,3705,44370,167637160,32142170800,8458466
20200214,031510,오스템,KOSDAQ,중견기업부,2285,-40,-1.72,2305,2370,2280,1076420,2492591135,59410000000,26000000
20200214,048260,오스템임플란트,KOSDAQ,우량기업부,40650,-100,-0.25,40400,41150,40400,98003,3991092950,580714396050,14285717
20200214,138080,오이솔루션,KOSDAQ,벤처기업부,47950,200,0.42,47000,48600,46550,439971,20962504650,509425355250,10624095
20200214,080580,오킨스전자,KOSDAQ,벤처기업부,4025,-115,-2.78,4140,4180,3960,66950,269998045,27929563550,6939022
20200214,067170,오텍,KOSDAQ,우량기업부,12000,-100,-0.83,12150,12150,11950,45120,541305650,184699260000,15391605
20200214,173130,오파스넷,KOSDAQ,관리종목(소속부없음),7760,-10,-0.13,7830,7850,7600,10551,81283610,31240999520,4025902
20200214,049480,오픈베이스,KOSDAQ,중견기업부,3410,35,1.04,3350,3465,3350,720236,2460745800,107150326030,31422383
20200214,244460,올리패스,KOSDAQ,기술성장기업부,17400,250,1.46,17250,17550,16900,52350,897238300,277860617400,15969001
20200214,226950,올릭스,KOSDAQ,기술성장기업부,35300,-650,-1.81,35800,36200,35050,57152,2032552600,230513271300,6530121
20200214,057540,옴니시스템,KOSDAQ,우량기업부,1960,20,1.03,1950,1975,1940,221727,433623490,79730869400,40679015
20200214,057680,옴니텔,KOSDAQ,관리종목(소속부없음),1720,30,1.78,1700,1735,1665,216811,371767935,69650978600,40494755
20200214,082210,옵트론텍,KOSDAQ,우량기업부,7440,560,8.14,6900,7440,6900,1368777,9891247390,176149075440,23675951
20200214,109080,옵티시스,KOSDAQ,벤처기업부,8140,-20,-0.25,8160,8320,8140,20175,164783460,45877040000,5636000
20200214,153710,옵티팜,KOSDAQ,기술성장기업부,8140,-60,-0.73,8200,8200,8110,36392,296520480,117034950120,14377758
20200214,052770,와이디온라인,KOSDAQ,관리종목(소속부없음),4460,0,0.00,0,0,0,0,0,32518212340,7291079
20200214,122990,와이솔,KOSDAQ,우량기업부,14300,200,1.42,14100,14350,14050,239917,3411502350,402858756300,28171941
20200214,232140,와이아이케이,KOSDAQ,우량기업부,4445,-15,-0.34,4400,4470,4275,765262,3350017835,274649686920,61788456
20200214,067900,와이엔텍,KOSDAQ,우량기업부,11000,-200,-1.79,11200,11200,10850,320879,3531029900,200196249000,18199659
20200214,155650,와이엠씨,KOSDAQ,우량기업부,10150,310,3.15,9900,10300,9730,425965,4286385760,202739733700,19974358
20200214,251370,와이엠티,KOSDAQ,벤처기업부,31450,500,1.62,30950,31800,30650,65446,2056292600,232893540000,7405200
20200214,066430,와이오엠,KOSDAQ,중견기업부,3250,-1390,-29.96,4500,4560,3250,6988811,25052658920,48208049500,14833246
20200214,193250,와이제이엠게임즈,KOSDAQ,중견기업부,1995,55,2.84,1925,2035,1915,1313297,2604970785,108023733825,54147235
20200214,019210,와이지-원,KOSDAQ,우량기업부,6610,-120,-1.78,6670,6740,6610,99672,663134790,202092943590,30573819
20200214,122870,와이지엔터테인먼트,KOSDAQ,우량기업부,32650,-550,-1.66,33200,33250,32450,114880,3755869850,594354363850,18203809
20200214,079000,와토스코리아,KOSDAQ,중견기업부,5300,20,0.38,5290,5400,5280,1966,10423090,38160000000,7200000
20200214,114630,우노앤컴퍼니,KOSDAQ,중견기업부,3670,10,0.27,3610,3675,3570,10744,38662265,49816451550,13573965
20200214,032820,우리기술,KOSDAQ,벤처기업부,968,-4,-0.41,965,979,962,687477,666464694,96973907976,100179657
20200214,041190,우리기술투자,KOSDAQ,벤처기업부,2820,-55,-1.91,2865,2865,2805,1017742,2882623510,236880000000,84000000
20200214,115440,우리넷,KOSDAQ,벤처기업부,10450,100,0.97,10350,10550,10300,95300,992253350,95481064800,9136944
20200214,046970,우리로,KOSDAQ,벤처기업부,2180,-5,-0.23,2180,2200,2150,199430,432703255,58591657260,26876907
20200214,082850,우리바이오,KOSDAQ,중견기업부,1170,-45,-3.70,1210,1225,1160,574086,679710580,52553917260,44917878
20200214,215360,우리산업,KOSDAQ,우량기업부,25600,300,1.19,25300,26300,25200,355790,9146794300,233783372800,9132163
20200214,072470,우리산업홀딩스,KOSDAQ,우량기업부,6700,340,5.35,6410,7250,6380,2491409,17074182460,126545184700,18887341
20200214,073560,우리손에프앤지,KOSDAQ,우량기업부,1900,20,1.06,1870,1935,1870,681087,1296187005,131551521700,69237643
20200214,153490,우리이앤엘,KOSDAQ,중견기업부,1150,-55,-4.56,1185,1185,1110,1011992,1157795040,57385000000,49900000
20200214,037400,우리조명,KOSDAQ,중견기업부,1375,-50,-3.51,1395,1420,1340,279525,382648190,34269600750,24923346
20200214,101170,우림기계,KOSDAQ,벤처기업부,3210,-35,-1.08,3220,3250,3170,102138,326066055,43335000000,13500000
20200214,066590,우수AMS,KOSDAQ,우량기업부,4530,-10,-0.22,4525,4865,4450,15036333,70384057515,111865192590,24694303
20200214,103840,우양,KOSDAQ,벤처기업부,3995,-35,-0.87,4060,4060,3940,92248,367491310,51367710000,12858000
20200214,046940,우원개발,KOSDAQ,중견기업부,7370,-210,-2.77,7580,7620,7350,355597,2650093700,133207959500,18074350
20200214,215380,우정바이오,KOSDAQ,벤처기업부,5290,-70,-1.31,5360,5400,5280,179340,955243350,58691872880,11094872
20200214,065680,우주일렉트로,KOSDAQ,우량기업부,13800,450,3.37,13150,14000,13150,235798,3208267050,137092236000,9934220
20200214,018620,우진비앤지,KOSDAQ,중견기업부,2660,55,2.11,2630,2685,2570,992004,2601158935,69072254580,25967013
20200214,032940,원익,KOSDAQ,중견기업부,4010,100,2.56,3930,4010,3865,33515,132081135,72954852300,18193230
20200214,240810,원익IPS,KOSDAQ,우량기업부,36800,1250,3.52,35750,36950,35650,512198,18746145950,1806287556800,49083901
20200214,074600,원익QnC,KOSDAQ,우량기업부,17000,150,0.89,16900,17350,16800,384695,6568788050,446896000000,26288000
20200214,104830,원익머트리얼즈,KOSDAQ,우량기업부,27300,500,1.87,26650,27600,26650,88826,2429430950,344198400000,12608000
20200214,014190,원익큐브,KOSDAQ,중견기업부,1960,-20,-1.01,1980,1990,1940,123034,240842780,69383815760,35399906
20200214,030530,원익홀딩스,KOSDAQ,우량기업부,5350,80,1.52,5260,5420,5240,316617,1693535860,413223198350,77237981
20200214,012620,원일특강,KOSDAQ,우량기업부,8750,-60,-0.68,8810,8810,8650,8315,72377730,38500000000,4400000
20200214,008370,원풍,KOSDAQ,우량기업부,4020,15,0.37,3980,4050,3980,14716,59330660,48240000000,12000000
20200214,008290,원풍물산,KOSDAQ,중견기업부,3125,-50,-1.57,3185,3185,3075,121618,381023290,127167746875,40693679
20200214,101160,월덱스,KOSDAQ,우량기업부,8720,260,3.07,8500,8970,8450,423878,3720364010,143975858960,16510993
20200214,095270,웨이브일렉트로,KOSDAQ,벤처기업부,20100,-550,-2.66,20500,20650,19950,72107,1456230950,221253041400,11007614
20200214,065950,웰크론,KOSDAQ,중견기업부,5180,90,1.77,5090,5540,5090,14183522,75125179600,146238144360,28231302
20200214,076080,웰크론한텍,KOSDAQ,중견기업부,1805,-5,-0.28,1815,1820,1800,72020,130006650,36064084110,19980102
20200214,196700,웹스,KOSDAQ,벤처기업부,1935,-45,-2.27,1970,1980,1935,37767,73833820,26506551060,13698476
20200214,069080,웹젠,KOSDAQ,우량기업부,16250,100,0.62,16150,16500,16100,127405,2076428250,573801865000,35310884
20200214,053580,웹케시,KOSDAQ,벤처기업부,45900,-550,-1.18,47100,47300,45400,35243,1623247450,310451764500,6763655
20200214,071460,위니아딤채,KOSDAQ,중견기업부,3230,35,1.10,3360,3675,3200,1185249,4041029345,116174362850,35967295
20200214,044340,위닉스,KOSDAQ,우량기업부,27800,-200,-0.71,27800,28250,26900,415970,11505189900,496881215000,17873425
20200214,112040,위메이드,KOSDAQ,중견기업부,32250,-850,-2.57,33250,33350,32150,81054,2644634950,541800000000,16800000
20200214,065370,위세아이텍,KOSDAQ,기술성장기업부,12500,-150,-1.19,12850,13000,12450,366938,4672708100,53656250000,4292500
20200214,038620,위즈코프,KOSDAQ,중견기업부,1235,20,1.65,1215,1235,1215,168639,206855805,47956003420,38830772
20200214,299900,위지윅스튜디오,KOSDAQ,중견기업부,5120,-230,-4.30,5400,5430,5030,676476,3536058470,147025198080,28715859
20200214,036090,위지트,KOSDAQ,중견기업부,852,-4,-0.47,863,863,849,299314,255569150,70566180912,82824156
20200214,136540,윈스,KOSDAQ,우량기업부,15800,-150,-0.94,15950,16200,15700,167871,2668447850,191805095400,12139563
20200214,097800,윈팩,KOSDAQ,중견기업부,2075,40,1.97,2020,2090,1990,352809,724619590,77295586375,37250885
20200214,192390,윈하이텍,KOSDAQ,벤처기업부,3600,-20,-0.55,3600,3620,3540,23485,84104995,38364825600,10656896
20200214,313760,윌링스,KOSDAQ,벤처기업부,11700,0,0.00,11700,11950,11550,40977,479096650,56885400000,4862000
20200214,900340,윙입푸드,KOSDAQ,외국기업(소속부없음),1940,30,1.57,1910,1955,1900,750871,1446609050,87760819840,45237536
20200214,215090,유니맥스글로벌,KOSDAQ,중견기업부,1800,50,2.86,1810,1900,1685,3362690,6057119905,36448381800,20249101
20200214,036200,유니셈,KOSDAQ,우량기업부,7100,500,7.58,6650,7120,6650,2249826,15673383360,217715983300,30664223
20200214,018000,유니슨,KOSDAQ,중견기업부,995,-4,-0.40,999,1005,987,274873,273758284,93132602970,93600606
20200214,203450,유니온커뮤니티,KOSDAQ,벤처기업부,2920,-10,-0.34,2945,2945,2895,24648,71684990,42862700440,14679007
20200214,011320,유니크,KOSDAQ,우량기업부,6710,80,1.21,6610,6820,6610,439418,2953400060,129641863450,19320695
20200214,086390,유니테스트,KOSDAQ,우량기업부,17350,1150,7.10,16300,17350,16100,851909,14385023350,366677086100,21134126
20200214,241690,유니테크노,KOSDAQ,우량기업부,13450,-150,-1.10,13650,13650,13200,19540,262759650,160425144000,11927520
20200214,142210,유니트론텍,KOSDAQ,중견기업부,5990,-100,-1.64,6090,6190,5980,56175,341796060,63804623430,10651857
20200214,048430,유라테크,KOSDAQ,우량기업부,6620,-260,-3.78,6880,6920,6520,237638,1593030190,76262400000,11520000
20200214,206650,유바이오로직스,KOSDAQ,기술성장기업부,7030,-90,-1.26,7090,7130,6980,129401,909588120,188351225790,26792493
20200214,089850,유비벨록스,KOSDAQ,벤처기업부,6590,140,2.17,6370,6630,6370,35283,229928900,46892443230,7115697
20200214,032620,유비케어,KOSDAQ,우량기업부,5440,-40,-0.73,5480,5550,5420,218727,1198070710,283952436160,52197139
20200214,264450,유비쿼스,KOSDAQ,우량기업부,32850,250,0.77,32250,33050,31900,48463,1585441500,168321921750,5123955
20200214,078070,유비쿼스홀딩스,KOSDAQ,우량기업부,34500,200,0.58,34000,34750,33800,96518,3312207300,645033666000,18696628
20200214,024800,유성티엔에스,KOSDAQ,우량기업부,2675,0,0.00,2675,2695,2600,40109,106810410,72796326500,27213580
20200214,054930,유신,KOSDAQ,중견기업부,18600,150,0.81,18450,18800,18350,5745,106530900,55800000000,3000000
20200214,069330,유아이디,KOSDAQ,관리종목(소속부없음),1055,0,0.00,0,0,0,0,0,12541620560,11887792
20200214,049520,유아이엘,KOSDAQ,우량기업부,4985,65,1.32,4950,5050,4920,62283,310856550,108597905960,21784936
20200214,287410,유안타제3호스팩,KOSDAQ,SPAC(소속부없음),2085,0,0.00,2065,2085,2065,1892,3914075,8829975000,4235000
20200214,313750,유안타제4호스팩,KOSDAQ,SPAC(소속부없음),2035,-5,-0.25,2040,2045,2035,6689,13644185,9462750000,4650000
20200214,336060,유안타제5호스팩,KOSDAQ,SPAC(소속부없음),2010,0,0.00,2010,2015,2010,21341,42895420,11919300000,5930000
20200214,340360,유안타제6호스팩,KOSDAQ,SPAC(소속부없음),2015,0,0.00,2010,2015,2010,8802,17692030,13792675000,6845000
20200214,056090,유앤아이,KOSDAQ,기술성장기업부,6110,70,1.16,6040,6170,5970,60667,369527210,47443502340,7764894
20200214,263770,유에스티,KOSDAQ,우량기업부,4800,-10,-0.21,4820,5090,4775,1127194,5551943565,113760825600,23700172
20200214,023410,유진기업,KOSDAQ,우량기업부,4225,-5,-0.12,4205,4245,4205,229683,968554930,326638396175,77310863
20200214,056080,유진로봇,KOSDAQ,벤처기업부,2845,-35,-1.22,2880,2900,2845,41438,118636710,106722072440,37512152
20200214,321260,유진스팩4호,KOSDAQ,SPAC(소속부없음),2045,5,0.25,2040,2060,2040,22119,45387860,7137050000,3490000
20200214,331380,유진스팩5호,KOSDAQ,SPAC(소속부없음),2030,10,0.50,2020,2030,2005,17850,36178760,8140300000,4010000
20200214,084370,유진테크,KOSDAQ,우량기업부,19950,50,0.25,19950,20000,19500,162102,3214980100,457175037900,22916042
20200214,178780,유테크,KOSDAQ,관리종목(소속부없음),2900,-210,-6.75,3170,3170,2620,1597359,4679369585,71249435900,24568771
20200214,179900,유티아이,KOSDAQ,벤처기업부,18950,750,4.12,18400,19550,18350,502975,9556179800,300639760250,15864895
20200214,263050,유틸렉스,KOSDAQ,기술성장기업부,53700,-500,-0.92,53700,55100,53100,34725,1874786800,397958778600,7410778
20200214,191410,육일씨엔에쓰,KOSDAQ,벤처기업부,2580,5,0.19,2575,2595,2540,16648,42538345,24156596760,9363022
20200214,072770,율호,KOSDAQ,중견기업부,1260,25,2.02,1250,1295,1250,314523,399294920,45306472680,35957518
20200214,039020,이건홀딩스,KOSDAQ,우량기업부,2570,55,2.19,2530,2725,2515,346946,905725885,58042702130,22584709
20200214,060230,이그잭스,KOSDAQ,중견기업부,1545,0,0.00,1545,1555,1480,898006,1359964025,110617080720,71596816
20200214,067920,이글루시큐리티,KOSDAQ,벤처기업부,4370,20,0.46,4340,4480,4300,9333,40867475,48053040030,10996119
20200214,044960,이글벳,KOSDAQ,중견기업부,7240,110,1.54,7120,7340,7090,831374,6000250480,91527232920,12641883
20200214,302430,이노메트리,KOSDAQ,벤처기업부,17300,-400,-2.26,17500,17800,17000,254032,4394690500,166948736800,9650216
20200214,073490,이노와이어리스,KOSDAQ,벤처기업부,44700,1150,2.64,42050,45500,42000,694547,30500211700,268311750000,6002500
20200214,215790,이노인스트루먼트,KOSDAQ,중견기업부,3270,255,8.46,3295,3740,3020,7982214,26874263530,66325897230,20283149
20200214,246960,이노테라피,KOSDAQ,기술성장기업부,11200,-200,-1.75,11350,11600,11150,18803,211277150,56494860800,5044184
20200214,088390,이녹스,KOSDAQ,우량기업부,5620,-10,-0.18,5580,5750,5550,8996,50585640,52551743280,9350844
20200214,272290,이녹스첨단소재,KOSDAQ,우량기업부,50500,1450,2.96,49300,51900,49250,276664,14011367150,466237210000,9232420
20200214,053350,이니텍,KOSDAQ,우량기업부,5810,0,0.00,5810,5870,5770,34016,197883690,114985221960,19790916
20200214,258610,이더블유케이,KOSDAQ,벤처기업부,13800,-3000,-17.86,16250,16500,13400,866250,12926976000,133486627200,9672944
20200214,041520,이라이콤,KOSDAQ,중견기업부,4820,-20,-0.41,4840,4885,4785,43958,212191130,58749678600,12188730
20200214,264850,이랜시스,KOSDAQ,중견기업부,2150,-50,-2.27,2165,2215,2140,58868,127617025,58161395800,27051812
20200214,054210,이랜텍,KOSDAQ,중견기업부,5490,100,1.86,5430,5590,5420,368156,2030473850,120700021680,21985432
20200214,065440,이루온,KOSDAQ,벤처기업부,1650,120,7.84,1530,1650,1520,1185219,1897212990,45003783000,27275020
20200214,036260,이매진아시아,KOSDAQ,관리종목(소속부없음),2220,0,0.00,0,0,0,0,0,97187539620,43778171
20200214,115610,이미지스,KOSDAQ,벤처기업부,3050,-5,-0.16,3015,3055,3015,14850,45085200,23390840400,7669128
20200214,323210,이베스트이안스팩1호,KOSDAQ,SPAC(소속부없음),2045,5,0.25,2025,2055,2020,12377,25238905,6544000000,3200000
20200214,078020,이베스트투자증권,KOSDAQ,중견기업부,5200,-20,-0.38,5220,5230,5160,103766,539209890,288502188000,55481190
20200214,080010,이상네트웍스,KOSDAQ,중견기업부,7200,40,0.56,7160,7220,7110,1504,10784760,64908000000,9015000
20200214,086890,이수앱지스,KOSDAQ,기술성장기업부,6280,-40,-0.63,6320,6370,6200,67637,423635340,167206833760,26625292
20200214,047560,이스트소프트,KOSDAQ,벤처기업부,7050,20,0.28,7030,7130,6980,18465,129800770,69790770000,9899400
20200214,900110,이스트아시아홀딩스,KOSDAQ,관리종목(소속부없음),230,0,0.00,0,0,0,0,0,25070157780,109000686
20200214,067010,이씨에스,KOSDAQ,벤처기업부,4855,10,0.21,4800,4900,4800,7679,37377175,32000227450,6591190
20200214,223310,이에스브이,KOSDAQ,관리종목(소속부없음),139,-1,-0.71,139,141,135,2029858,281034373,18237900324,131207916
20200214,052190,이에스에이,KOSDAQ,중견기업부,1275,0,0.00,1265,1275,1220,2140037,2672159325,58396923975,45801509
20200214,226360,이엑스티,KOSDAQ,벤처기업부,3020,-5,-0.17,2980,3090,2970,180383,545059940,88643115500,29352025
20200214,102710,이엔에프테크놀로지,KOSDAQ,우량기업부,29250,800,2.81,28700,29750,28550,198154,5799587000,416164203000,14227836
20200214,094190,이엘케이,KOSDAQ,투자주의환기종목(소속부없음),787,0,0.00,0,0,0,0,0,56922108455,72327965
20200214,063760,이엘피,KOSDAQ,벤처기업부,10350,300,2.99,10000,10350,10000,18074,183841900,50823675000,4910500
20200214,123570,이엠넷,KOSDAQ,중견기업부,4180,35,0.84,4150,4185,4095,168488,698544725,93114006040,22276078
20200214,095190,이엠코리아,KOSDAQ,중견기업부,4080,5,0.12,4050,4180,4045,549664,2260224475,148237432320,36332704
20200214,091120,이엠텍,KOSDAQ,우량기업부,9530,450,4.96,9110,9550,9070,315040,2952309370,153060720080,16060936
20200214,039030,이오테크닉스,KOSDAQ,우량기업부,111300,1300,1.18,110600,112400,108900,53789,5960352400,1371165915000,12319550
20200214,088290,이원컴포텍,KOSDAQ,중견기업부,12600,550,4.56,12200,13150,11900,221055,2793380550,214803111600,17047866
20200214,181340,이즈미디어,KOSDAQ,벤처기업부,5420,40,0.74,5350,5490,5350,153332,830493710,38184442000,7045100
20200214,035810,이지바이오,KOSDAQ,우량기업부,4995,45,0.91,4940,5040,4885,355798,1777719605,289347118245,57927351
20200214,090850,이지웰페어,KOSDAQ,벤처기업부,12050,-150,-1.23,12250,12400,11850,155416,1869721950,134612080350,11171127
20200214,099750,이지케어텍,KOSDAQ,벤처기업부,17100,150,0.88,17000,17600,16750,56481,965907800,109200600000,6386000
20200214,092130,이크레더블,KOSDAQ,중견기업부,19000,50,0.26,18950,19000,18700,13585,255447800,228828400000,12043600
20200214,016250,이테크건설,KOSDAQ,우량기업부,62700,0,0.00,62600,63300,62100,4591,287273300,175560000000,2800000
20200214,096040,이트론,KOSDAQ,중견기업부,217,3,1.40,223,225,214,4882044,1062694160,75862928316,349598748
20200214,134060,이퓨쳐,KOSDAQ,벤처기업부,6290,30,0.48,6320,6490,6260,22007,139784310,29998582500,4769250
20200214,001840,이화공영,KOSDAQ,중견기업부,4455,5,0.11,4430,4465,4405,41676,184695715,88234660800,19805760
20200214,024810,이화전기,KOSDAQ,중견기업부,209,1,0.48,213,217,209,6635312,1401596243,150127214688,718312032
20200214,041830,인바디,KOSDAQ,우량기업부,21500,-150,-0.69,21650,21800,21400,42983,927552500,294201313000,13683782
20200214,079950,인베니아,KOSDAQ,중견기업부,2565,0,0.00,2535,2585,2515,37567,95669605,59508000000,23200000
20200214,277410,인산가,KOSDAQ,벤처기업부,1695,-15,-0.88,1690,1710,1680,141368,238706490,44930807445,26507851
20200214,060150,인선이엔티,KOSDAQ,우량기업부,7940,10,0.13,7910,8060,7910,373863,2986784400,304826779080,38391282
20200214,033230,인성정보,KOSDAQ,중견기업부,2420,0,0.00,2420,2435,2350,44162,105778345,46363015820,19158271
20200214,037330,인지디스플레,KOSDAQ,우량기업부,2095,35,1.70,2065,2110,2060,492481,1028199045,91939544280,43885224
20200214,083640,인콘,KOSDAQ,벤처기업부,1545,-25,-1.59,1570,1590,1495,1781304,2746265655,122589412410,79345898
20200214,216050,인크로스,KOSDAQ,중견기업부,28850,-650,-2.20,29650,30050,28300,88694,2570014400,232438016450,8056777
20200214,049070,인탑스,KOSDAQ,우량기업부,13500,550,4.25,13150,13750,12850,529004,7053929400,232200000000,17200000
20200214,119610,인터로조,KOSDAQ,우량기업부,28100,-150,-0.53,28200,28750,27800,61366,1743683150,318781012000,11344520
20200214,017250,인터엠,KOSDAQ,중견기업부,2795,5,0.18,2805,2905,2720,603599,1703942305,58822080265,21045467
20200214,108790,인터파크,KOSDAQ,중견기업부,4875,75,1.56,4815,4925,4765,37033,179844730,161632965000,33155480
20200214,035080,인터파크홀딩스,KOSDAQ,중견기업부,2115,0,0.00,2110,2135,2100,202886,430453620,123727500000,58500000
20200214,051370,인터플렉스,KOSDAQ,중견기업부,15800,350,2.27,15450,15900,15350,304583,4761500400,368574057600,23327472
20200214,064290,인텍플러스,KOSDAQ,벤처기업부,7760,330,4.44,7400,7900,7390,628506,4799207420,97193705120,12524962
20200214,189300,인텔리안테크,KOSDAQ,우량기업부,35300,0,0.00,35100,35900,34650,158625,5608334950,266179720600,7540502
20200214,150840,인트로메딕,KOSDAQ,기술성장기업부,2705,-85,-3.05,2780,2795,2670,528345,1440818315,67860075320,25086904
20200214,048530,인트론바이오,KOSDAQ,기술성장기업부,12400,-100,-0.80,12400,12650,12350,139542,1742364450,372133238000,30010745
20200214,175140,인포마크,KOSDAQ,벤처기업부,9410,0,0.00,9410,9490,9300,3294,30887230,34377138960,3653256
20200214,115310,인포바인,KOSDAQ,벤처기업부,21000,300,1.45,20850,21350,20800,3237,68107350,67050543000,3192883
20200214,039290,인포뱅크,KOSDAQ,중견기업부,6720,-20,-0.30,6740,6830,6620,69836,471321490,58423532160,8693978
20200214,041020,인프라웨어,KOSDAQ,벤처기업부,1375,5,0.36,1355,1390,1345,141722,193839160,51511845000,37463160
20200214,071200,인피니트헬스케어,KOSDAQ,중견기업부,6200,-140,-2.21,6330,6380,6130,149121,929985160,151258039600,24396458
20200214,101930,인화정공,KOSDAQ,중견기업부,5130,40,0.79,5080,5130,4975,5181,26006730,47871646650,9331705
20200214,068330,일신바이오,KOSDAQ,중견기업부,2165,25,1.17,2140,2175,2135,546168,1177095240,95727943100,44216140
20200214,058450,일야,KOSDAQ,벤처기업부,1450,-10,-0.68,1445,1525,1430,607163,890902650,23055000000,15900000
20200214,019540,일지테크,KOSDAQ,우량기업부,3460,215,6.63,3280,3935,3170,4074182,14710327910,46756710000,13513500
20200214,094820,일진파워,KOSDAQ,우량기업부,4915,-10,-0.20,4925,4950,4855,57017,279543210,74111854735,15078709
20200214,950140,잉글우드랩,KOSDAQ,외국기업(소속부없음),4790,70,1.48,4790,4795,4710,18918,89685835,95167078140,19867866
20200214,049550,잉크테크,KOSDAQ,벤처기업부,3200,-65,-1.99,3280,3510,3075,175759,558733760,51263782400,16019932
20200214,254120,자비스,KOSDAQ,기술성장기업부,2670,-100,-3.61,2770,2770,2530,960136,2531971385,49812198180,18656254
20200214,043910,자연과환경,KOSDAQ,중견기업부,1080,-5,-0.46,1075,1095,1070,734813,793650210,57401305560,53149357
20200214,234920,자이글,KOSDAQ,우량기업부,5010,-10,-0.20,5020,5150,4985,28886,145029300,67789859100,13530910
20200214,174880,장원테크,KOSDAQ,중견기업부,2850,-45,-1.55,2895,2920,2825,653988,1875992900,91852675650,32229009
20200214,049630,재영솔루텍,KOSDAQ,중견기업부,1040,0,0.00,1040,1050,1035,335146,349042340,75706713680,72794917
20200214,110020,전진바이오팜,KOSDAQ,기술성장기업부,6290,70,1.13,6230,6540,6230,11491,73254570,30166387120,4795928
20200214,065530,전파기지국,KOSDAQ,우량기업부,4235,60,1.44,4120,4245,4085,1489500,6225158375,223862100000,52860000
20200214,208140,정다운,KOSDAQ,벤처기업부,2500,60,2.46,2500,2605,2445,2164316,5487587695,51324560000,20529824
20200214,022220,정산애강,KOSDAQ,우량기업부,2090,-40,-1.88,2135,2135,2075,180193,379040280,108250670110,51794579
20200214,040420,정상제이엘에스,KOSDAQ,우량기업부,7350,0,0.00,7350,7390,7290,20538,150511270,115230007200,15677552
20200214,045510,정원엔시스,KOSDAQ,중견기업부,1730,-15,-0.86,1775,1775,1715,24414,42340745,55722075160,32209292
20200214,065620,제낙스,KOSDAQ,벤처기업부,6420,-210,-3.17,6630,6980,6180,464986,3021789390,144364896480,22486744
20200214,217190,제너셈,KOSDAQ,벤처기업부,4160,-35,-0.83,4175,4265,4050,137638,571169950,36479763840,8769174
20200214,095700,제넥신,KOSDAQ,기술성장기업부,54200,-200,-0.37,54000,54800,53800,77560,4212080700,1287862297400,23761297
20200214,072520,제넨바이오,KOSDAQ,중견기업부,1635,0,0.00,1625,1650,1590,558543,898583590,148971231405,91113903
20200214,122310,제노레이,KOSDAQ,벤처기업부,34350,200,0.59,34000,34900,33750,76182,2608625250,169014434700,4920362
20200214,187420,제노포커스,KOSDAQ,기술성장기업부,5560,40,0.72,5520,5570,5460,67675,373194340,121420742280,21838263
20200214,123330,제닉,KOSDAQ,벤처기업부,4755,-30,-0.63,4715,4870,4715,18119,86673690,33285000000,7000000
20200214,159580,제로투세븐,KOSDAQ,중견기업부,10800,50,0.47,10650,10900,10550,72571,781276500,216352468800,20032636
20200214,147830,제룡산업,KOSDAQ,벤처기업부,5260,0,0.00,5250,5350,5080,27509,144425790,52600000000,10000000
20200214,033100,제룡전기,KOSDAQ,벤처기업부,5790,-10,-0.17,5800,5890,5760,59813,347612980,93001348110,16062409
20200214,079370,제우스,KOSDAQ,우량기업부,14150,-150,-1.05,14150,14500,14100,37186,530566950,146933600000,10384000
20200214,054950,제이브이엠,KOSDAQ,우량기업부,26950,-400,-1.46,27100,27300,26600,11712,314806650,170617970600,6330908
20200214,096690,제이스테판,KOSDAQ,벤처기업부,1400,0,0.00,1395,1450,1375,394090,555902440,54124918400,38660656
20200214,090470,제이스텍,KOSDAQ,우량기업부,12950,750,6.15,12350,13100,12200,297934,3818048300,189041613600,14597808
20200214,137950,제이씨케미칼,KOSDAQ,우량기업부,5520,40,0.73,5440,5570,5400,155015,853434210,122595435360,22209318
20200214,033320,제이씨현시스템,KOSDAQ,우량기업부,5140,-20,-0.39,5190,5190,5090,149016,765836140,98248180480,19114432
20200214,026040,제이에스티나,KOSDAQ,중견기업부,3515,-35,-0.99,3545,3570,3480,47742,167857855,58010821850,16503790
20200214,126880,제이엔케이히터,KOSDAQ,중견기업부,4505,0,0.00,4460,4590,4460,133127,602589385,97942736480,21740896
20200214,322510,제이엘케이인스펙션,KOSDAQ,기술성장기업부,7880,-110,-1.38,8000,8020,7820,239297,1887034820,117937887560,14966737
20200214,033050,제이엠아이,KOSDAQ,중견기업부,1460,95,6.96,1395,1485,1350,1323645,1885617135,47565839320,32579342
20200214,094970,제이엠티,KOSDAQ,중견기업부,3360,30,0.90,3310,3365,3295,50151,166825495,56274086400,16748240
20200214,058420,제이웨이,KOSDAQ,중견기업부,1695,45,2.73,1640,1700,1620,208820,350063200,34941085950,20614210
20200214,089790,제이티,KOSDAQ,벤처기업부,7800,50,0.65,7790,7910,7550,297171,2289842300,80461001400,10315513
20200214,052670,제일바이오,KOSDAQ,중견기업부,8900,480,5.70,8420,9540,8420,7176184,64629877260,133500000000,15000000
20200214,023440,제일제강,KOSDAQ,중견기업부,2210,0,0.00,2210,2220,2135,111529,243964100,65178188530,29492393
20200214,038010,제일테크노스,KOSDAQ,우량기업부,3985,30,0.76,3955,4025,3950,13153,52459930,35865000000,9000000
20200214,080220,제주반도체,KOSDAQ,우량기업부,4015,25,0.63,4000,4105,3975,584756,2352886970,114959543710,28632514
20200214,216080,제테마,KOSDAQ,기술성장기업부,25750,-250,-0.96,26000,26950,25600,97425,2508278950,209062576250,8118935
20200214,082270,젬백스,KOSDAQ,중견기업부,34600,200,0.58,34050,35250,34050,607674,21082131500,1354077470200,39135187
20200214,041590,젬백스지오,KOSDAQ,중견기업부,1135,0,0.00,1125,1170,1125,671606,765570735,76545940195,67441357
20200214,044060,조광ILI,KOSDAQ,중견기업부,6510,-130,-1.96,6690,6690,6500,45191,294823120,64355620560,9885656
20200214,034940,조아제약,KOSDAQ,중견기업부,3850,-105,-2.65,3980,3980,3845,524965,2044908205,110239668000,28633680
20200214,101730,조이맥스,KOSDAQ,중견기업부,3200,25,0.79,3285,3285,3160,12386,39456610,27216748800,8505234
20200214,067000,조이시티,KOSDAQ,벤처기업부,11750,-100,-0.84,11800,11850,11500,29408,342830700,154617204250,13158911
20200214,033340,좋은사람들,KOSDAQ,중견기업부,2645,-30,-1.12,2640,2690,2640,281134,747950260,79107252480,29908224
20200214,036930,주성엔지니어링,KOSDAQ,우량기업부,7550,60,0.80,7480,7630,7440,384314,2905030900,364281550600,48249212
20200214,239340,줌인터넷,KOSDAQ,중견기업부,4650,45,0.98,4645,4680,4535,283932,1314448255,124560094050,26787117
20200214,072020,중앙백신,KOSDAQ,벤처기업부,18000,100,0.56,17850,18200,17850,104252,1875403950,179280000000,9960000
20200214,000440,중앙에너비스,KOSDAQ,중견기업부,11600,-50,-0.43,11750,12100,11350,107204,1255760750,72234708000,6227130
20200214,054180,중앙오션,KOSDAQ,중견기업부,1505,35,2.38,1560,1625,1475,748419,1142092170,42161781865,28014473
20200214,228760,지노믹트리,KOSDAQ,기술성장기업부,18450,-1200,-6.11,19500,19550,18350,244876,4648742500,368745666750,19986215
20200214,043610,지니뮤직,KOSDAQ,우량기업부,3235,-65,-1.97,3400,3575,3215,1129575,3799040240,188003441930,58115438
20200214,263860,지니언스,KOSDAQ,벤처기업부,5250,-30,-0.57,5280,5360,5250,21933,115857250,49584150000,9444600
20200214,303030,지니틱스,KOSDAQ,벤처기업부,3285,170,5.46,3160,3400,3150,6516593,21500460845,114196865625,34763125
20200214,208350,지란지교시큐리티,KOSDAQ,벤처기업부,6070,90,1.51,6030,6140,5920,34885,210920940,47191415310,7774533
20200214,114570,지스마트글로벌,KOSDAQ,우량기업부,194,0,0.00,196,206,193,3960105,782730571,21998426106,113393949
20200214,051160,지어소프트,KOSDAQ,중견기업부,5800,-90,-1.53,5950,6370,5360,908147,5320566390,84532419000,14574555
20200214,053050,지에스이,KOSDAQ,중견기업부,1800,20,1.12,1785,1800,1750,339504,602885155,53977674600,29987597
20200214,119850,지엔씨에너지,KOSDAQ,우량기업부,4330,0,0.00,4365,4365,4290,27625,119515095,70560935240,16295828
20200214,065060,지엔코,KOSDAQ,중견기업부,1635,-210,-11.38,1870,2240,1605,132701969,255419364705,160243151940,98008044
20200214,204840,지엘팜텍,KOSDAQ,기술성장기업부,1060,-40,-3.64,1095,1095,1040,539642,577093655,47365382380,44684323
20200214,111820,지와이커머스,KOSDAQ,투자주의환기종목(소속부없음),2250,0,0.00,0,0,0,0,0,46253270250,20557009
20200214,115450,지트리비앤티,KOSDAQ,중견기업부,28000,-600,-2.10,28200,28500,27900,191750,5391415200,700309232000,25011044
20200214,219750,지티지웰니스,KOSDAQ,벤처기업부,3295,-75,-2.23,3360,3390,3240,105895,349775395,40582096470,12316266
20200214,018120,진로발효,KOSDAQ,우량기업부,30100,-50,-0.17,30200,30250,30000,7421,222941250,199295712000,6621120
20200214,109820,진매트릭스,KOSDAQ,기술성장기업부,2640,-60,-2.22,2725,2760,2570,390447,1046382975,48736419600,18460765
20200214,086060,진바이오텍,KOSDAQ,중견기업부,5930,230,4.04,5700,6090,5700,743658,4401954510,51060780910,8610587
20200214,036890,진성티이씨,KOSDAQ,우량기업부,6310,50,0.80,6300,6310,6220,46300,289997470,141863111080,22482268
20200214,007370,진양제약,KOSDAQ,중견기업부,4580,-60,-1.29,4650,4740,4555,254381,1180413515,54960000000,12000000
20200214,085660,차바이오텍,KOSDAQ,투자주의환기종목(소속부없음),15100,50,0.33,15000,15250,14900,236222,3556171500,792456516400,52480564
20200214,900040,차이나그레이트,KOSDAQ,관리종목(소속부없음),518,0,0.00,0,0,0,0,0,65198876526,125866557
20200214,094850,참좋은여행,KOSDAQ,우량기업부,6260,10,0.16,6250,6280,6180,62815,391331060,87640000000,14000000
20200214,004650,창해에탄올,KOSDAQ,우량기업부,12350,-150,-1.20,12500,12650,12250,136837,1699013250,113507429750,9190885
20200214,311690,천랩,KOSDAQ,기술성장기업부,31400,-100,-0.32,31400,31700,31300,10989,345551350,120009167200,3821948
20200214,278280,천보,KOSDAQ,벤처기업부,77800,-1000,-1.27,78900,79900,77400,129461,10126791600,778000000000,10000000
20200214,096240,청담러닝,KOSDAQ,중견기업부,17600,250,1.44,17500,17650,17250,12796,223338000,135073857600,7674651
20200214,013720,청보산업,KOSDAQ,중견기업부,2630,0,0.00,2625,2670,2580,48000,125450110,21510167730,8178771
20200214,066360,체리부로,KOSDAQ,우량기업부,2570,60,2.39,2550,2950,2530,5966559,16238718050,71631988330,27872369
20200214,047820,초록뱀,KOSDAQ,중견기업부,1350,55,4.25,1295,1405,1285,15898705,21659501515,113073819750,83758385
20200214,094360,칩스앤미디어,KOSDAQ,벤처기업부,11850,-50,-0.42,11900,12150,11600,424053,5043318550,87875179950,7415627
20200214,016920,카스,KOSDAQ,중견기업부,1630,-30,-1.81,1660,1680,1625,727003,1193835430,36441036320,22356464
20200214,042000,카페24,KOSDAQ,기술성장기업부,50100,300,0.60,49700,50500,49150,77480,3865201400,472472909700,9430597
20200214,317530,캐리소프트,KOSDAQ,기술성장기업부,7380,50,0.68,7290,7700,7290,212863,1601331400,49897626480,6761196
20200214,071850,캐스텍코리아,KOSDAQ,우량기업부,2905,80,2.83,2820,2905,2770,173484,489672875,48133491140,16569188
20200214,180400,캔서롭,KOSDAQ,투자주의환기종목(소속부없음),7740,0,0.00,0,0,0,0,0,171289543680,22130432
20200214,050110,캠시스,KOSDAQ,중견기업부,3590,165,4.82,3480,3725,3465,10804939,39017922310,230833661300,64299070
20200214,900310,컬러레이,KOSDAQ,외국기업(소속부없음),1820,5,0.28,1805,1825,1800,213446,386632065,98280000000,54000000
20200214,078340,컴투스,KOSDAQ,우량기업부,103800,-2500,-2.35,106300,106300,103800,69794,7285935600,1335534396000,12866420
20200214,307930,컴퍼니케이,KOSDAQ,중견기업부,9550,-3300,-25.68,13050,15150,9550,25834632,331770491600,149075500000,15610000
20200214,263700,케어랩스,KOSDAQ,벤처기업부,15550,-450,-2.81,16050,16150,15550,67333,1057789650,99913026250,6425275
20200214,214370,케어젠,KOSDAQ,투자주의환기종목(소속부없음),76500,0,0.00,0,0,0,0,0,821839500000,10743000
20200214,221980,케이디켐,KOSDAQ,중견기업부,12250,100,0.82,12200,12350,12150,953,11652150,49426300000,4034800
20200214,043290,케이맥,KOSDAQ,벤처기업부,11950,300,2.58,11650,12050,11500,47217,558222950,85341295450,7141531
20200214,317030,케이비17호스팩,KOSDAQ,SPAC(소속부없음),2035,-50,-2.40,2120,2145,2035,1474181,3058083000,11113135000,5461000
20200214,323940,케이비제18호스팩,KOSDAQ,SPAC(소속부없음),2025,5,0.25,2010,2030,2010,24215,48918630,15839550000,7822000
20200214,330990,케이비제19호스팩,KOSDAQ,SPAC(소속부없음),2035,5,0.25,2030,2035,2030,19167,38954845,8752535000,4301000
20200214,342550,케이비제20호스팩,KOSDAQ,SPAC(소속부없음),2005,0,0.00,2005,2010,2000,234457,469962900,13034505000,6501000
20200214,192250,케이사인,KOSDAQ,벤처기업부,1355,-60,-4.24,1395,1395,1340,3653756,4991090785,87629553235,64671257
20200214,115500,케이씨에스,KOSDAQ,중견기업부,4020,-40,-0.99,4075,4075,4000,21033,84583095,48240000000,12000000
20200214,089150,케이씨티,KOSDAQ,중견기업부,2300,10,0.44,2290,2300,2260,50667,115481605,39445000000,17150000
20200214,025880,케이씨피드,KOSDAQ,중견기업부,2495,20,0.81,2455,2525,2455,79315,197053440,41706065710,16715858
20200214,093320,케이아이엔엑스,KOSDAQ,중견기업부,48350,750,1.58,47650,48350,46650,51441,2430803400,235948000000,4880000
20200214,060900,케이알피앤이,KOSDAQ,중견기업부,989,4,0.41,987,991,954,575228,559862897,121876557779,123232111
20200214,073010,케이에스피,KOSDAQ,관리종목(소속부없음),1930,15,0.78,1895,2040,1875,133362,259552955,69851056010,36192257
20200214,105330,케이엔더블유,KOSDAQ,벤처기업부,4550,-10,-0.22,4560,4785,4540,8767,40294170,25759128850,5661347
20200214,272110,케이엔제이,KOSDAQ,중견기업부,9690,-210,-2.12,10150,10150,9620,70423,687595120,60905836080,6285432
20200214,039420,케이엘넷,KOSDAQ,중견기업부,2500,-20,-0.79,2520,2540,2450,501040,1246617650,60386825000,24154730
20200214,083550,케이엠,KOSDAQ,우량기업부,9360,80,0.86,9270,9670,9180,1187066,11148490970,94930711200,10142170
20200214,032500,케이엠더블유,KOSDAQ,중견기업부,59200,3000,5.34,54800,59300,54500,2868638,165146538100,2357396273600,39820883
20200214,225430,케이엠제약,KOSDAQ,중견기업부,3025,-35,-1.14,3060,3140,3000,1436607,4400854680,64695826250,21387050
20200214,064820,케이프,KOSDAQ,중견기업부,2765,-55,-1.95,2870,3490,2695,16041257,49893106850,74546465455,26960747
20200214,256940,케이피에스,KOSDAQ,벤처기업부,26500,500,1.92,24550,28950,23750,876089,22381054950,113569195000,4285630
20200214,024880,케이피에프,KOSDAQ,우량기업부,4280,-45,-1.04,4340,4380,4265,59181,255104150,74683247960,17449357
20200214,042040,케이피엠테크,KOSDAQ,중견기업부,955,32,3.47,921,955,921,1305583,1224526554,91599236605,95915431
20200214,054410,케이피티유,KOSDAQ,벤처기업부,4690,80,1.74,4610,4705,4540,2535,11729365,23731400000,5060000
20200214,217600,켐온,KOSDAQ,벤처기업부,1415,-5,-0.35,1415,1435,1400,396537,563657515,90363796100,63861340
20200214,089010,켐트로닉스,KOSDAQ,중견기업부,18450,850,4.83,17650,18750,17500,858448,15583088500,268858842750,14572295
20200214,220260,켐트로스,KOSDAQ,벤처기업부,3475,170,5.14,3295,3530,3290,2746077,9458678270,91472623075,26323057
20200214,052400,코나아이,KOSDAQ,중견기업부,16300,850,5.50,15500,16300,15450,238126,3821413700,253613623400,15559118
20200214,033110,코너스톤네트웍스,KOSDAQ,투자주의환기종목(소속부없음),760,37,5.12,726,904,723,6049449,4902708381,95131017160,125172391
20200214,094860,코닉글로리,KOSDAQ,벤처기업부,1220,25,2.09,1200,1230,1200,233671,284117555,61783965900,50642595
20200214,046070,코다코,KOSDAQ,투자주의환기종목(소속부없음),2195,0,0.00,0,0,0,0,0,85746041920,39064256
20200214,047770,코데즈컴바인,KOSDAQ,벤처기업부,2685,-25,-0.92,2710,2740,2630,165124,439745440,101607386370,37842602
20200214,078940,코드네이처,KOSDAQ,관리종목(소속부없음),2980,0,0.00,0,0,0,0,0,89851791840,30151608
20200214,080530,코디,KOSDAQ,관리종목(소속부없음),3590,0,0.00,0,0,0,0,0,54664452530,15226867
20200214,224060,코디엠,KOSDAQ,중견기업부,355,-27,-7.07,384,385,352,3146144,1147546162,51878562225,146136795
20200214,078650,코렌,KOSDAQ,중견기업부,1805,15,0.84,1810,1815,1790,412538,743861690,79276785885,43920657
20200214,104540,코렌텍,KOSDAQ,투자주의환기종목(소속부없음),5630,0,0.00,0,0,0,0,0,59606729830,10587341
20200214,027050,코리아나,KOSDAQ,중견기업부,5090,-40,-0.78,5080,5150,5040,615418,3122709990,203600000000,40000000
20200214,290510,코리아센터,KOSDAQ,벤처기업부,15950,450,2.90,15400,16200,15400,132077,2097967350,383295215600,24031048
20200214,190650,코리아에셋투자증권,KOSDAQ,중견기업부,9130,-110,-1.19,9240,9240,9050,9590,87283520,58322440000,6388000
20200214,101670,코리아에스이,KOSDAQ,벤처기업부,1525,-50,-3.17,1570,1570,1510,70970,109001005,28822500000,18900000
20200214,123410,코리아에프티,KOSDAQ,우량기업부,3075,30,0.99,3040,3135,3025,684796,2111294245,85611271800,27841064
20200214,036690,코맥스,KOSDAQ,중견기업부,3975,10,0.25,3995,3995,3935,12611,49992965,57881298675,14561333
20200214,049430,코메론,KOSDAQ,우량기업부,8180,-70,-0.85,8210,8300,8150,7917,64962470,74012640000,9048000
20200214,183300,코미코,KOSDAQ,우량기업부,30050,1350,4.70,29100,30600,29050,204280,6125552550,263688750000,8775000
20200214,041960,코미팜,KOSDAQ,벤처기업부,13950,250,1.82,13700,14150,13650,368279,5138651550,891745031250,63924375
20200214,089890,코세스,KOSDAQ,벤처기업부,8380,190,2.32,8190,8660,8150,411502,3462208060,141219441560,16851962
20200214,009730,코센,KOSDAQ,중견기업부,991,1,0.10,995,1025,983,1029300,1029668191,72023572952,72677672
20200214,222040,코스맥스엔비티,KOSDAQ,우량기업부,6460,90,1.41,6350,6520,6330,97706,628282340,133256880000,20628000
20200214,241710,코스메카코리아,KOSDAQ,우량기업부,12050,-200,-1.63,12250,12450,11750,53159,640486450,128694000000,10680000
20200214,069110,코스온,KOSDAQ,중견기업부,6620,-70,-1.05,6730,6830,6590,61761,412947470,123775205820,18697161
20200214,204990,코썬바이오,KOSDAQ,관리종목(소속부없음),1225,0,0.00,0,0,0,0,0,39130080675,31942923
20200214,166480,코아스템,KOSDAQ,기술성장기업부,11750,400,3.52,11200,12200,11050,639341,7473000700,184679920000,15717440
20200214,045970,코아시아,KOSDAQ,중견기업부,7880,380,5.07,8100,8100,7660,205361,1612789410,199346356680,25297761
20200214,029960,코엔텍,KOSDAQ,우량기업부,9460,230,2.49,9230,9650,9160,481774,4578814590,473000000000,50000000
20200214,102940,코오롱생명과학,KOSDAQ,관리종목(소속부없음),17700,-250,-1.39,17850,17900,17500,48371,853778200,201998701200,11412356
20200214,950160,코오롱티슈진,KOSDAQ,외국기업(소속부없음),8010,0,0.00,0,0,0,0,0,489551575500,61117550
20200214,033290,코웰패션,KOSDAQ,우량기업부,5150,-110,-2.09,5240,5250,5140,325809,1686093170,466076205100,90500234
20200214,056360,코위버,KOSDAQ,우량기업부,10700,550,5.42,10200,10750,9990,400054,4165441640,104825760000,9796800
20200214,282880,코윈테크,KOSDAQ,중견기업부,29300,-200,-0.68,29450,29600,28600,417597,12130183000,267147057100,9117647
20200214,121850,코이즈,KOSDAQ,벤처기업부,1365,-10,-0.73,1375,1400,1330,57290,78315365,21036720705,15411517
20200214,015710,코콤,KOSDAQ,우량기업부,6530,70,1.08,6430,6570,6430,39053,253558850,114474165000,17530500
20200214,052330,코텍,KOSDAQ,우량기업부,11850,-150,-1.25,12000,12000,11800,19277,229199200,184558441200,15574552
20200214,126600,코프라,KOSDAQ,우량기업부,3660,-95,-2.53,3720,3750,3610,172500,629454520,77283220440,21115634
20200214,200130,콜마비앤에이치,KOSDAQ,우량기업부,27800,-150,-0.54,27650,28100,27500,50183,1396613050,821310912400,29543558
20200214,060280,큐렉소,KOSDAQ,중견기업부,5300,-30,-0.56,5370,5400,5250,36704,193813900,176793440900,33357253
20200214,040350,큐로컴,KOSDAQ,벤처기업부,2780,-75,-2.63,2980,2985,2745,2489638,7096541630,304853913180,109659681
20200214,051780,큐로홀딩스,KOSDAQ,중견기업부,1115,-65,-5.51,1185,1225,1100,3740829,4362844690,88479068875,79353425
20200214,115180,큐리언트,KOSDAQ,기술성장기업부,22000,-850,-3.72,22700,22900,21500,124780,2741460850,189762452000,8625566
20200214,043090,큐브앤컴퍼니,KOSDAQ,벤처기업부,2490,20,0.81,2470,2520,2440,79360,196985895,75907781970,30485053
20200214,182360,큐브엔터,KOSDAQ,중견기업부,3960,80,2.06,3930,3970,3800,238660,925838225,105232117320,26573767
20200214,066310,큐에스아이,KOSDAQ,벤처기업부,21700,2100,10.71,19450,22300,19450,258534,5430072350,179637591000,8278230
20200214,016600,큐캐피탈,KOSDAQ,중견기업부,980,-125,-11.31,1195,1420,952,232178933,274239953381,137198355560,139998322
20200214,043590,크로바하이텍,KOSDAQ,투자주의환기종목(소속부없음),1490,0,0.00,0,0,0,0,0,34717000000,23300000
20200214,114120,크루셜텍,KOSDAQ,중견기업부,950,2,0.21,950,953,926,301769,285830961,62479497400,65767892
20200214,110790,크리스에프앤씨,KOSDAQ,우량기업부,16600,-650,-3.77,16750,17000,16550,1316,22046200,194476968000,11715480
20200214,083790,크리스탈,KOSDAQ,기술성장기업부,12900,-100,-0.77,12950,13100,12800,342090,4419024550,537156232200,41640018
20200214,900250,크리스탈신소재,KOSDAQ,외국기업(소속부없음),1685,5,0.30,1680,1710,1660,516547,869131815,114215790620,67783852
20200214,045520,크린앤사이언스,KOSDAQ,우량기업부,29000,-250,-0.85,29300,29450,28550,156687,4535067200,188500000000,6500000
20200214,214150,클래시스,KOSDAQ,벤처기업부,14050,0,0.00,14050,14150,13800,213028,2977009700,909163810400,64709168
20200214,237880,클리오,KOSDAQ,우량기업부,24900,-1000,-3.86,26000,26100,24850,136002,3423259200,422500585500,16967895
20200214,139670,키네마스터,KOSDAQ,벤처기업부,8600,-40,-0.46,8700,8870,8210,164178,1385162670,60345434600,7016911
20200214,311270,키움제5호스팩,KOSDAQ,SPAC(소속부없음),2050,5,0.24,2025,2050,2025,9662,19764030,7380000000,3600000
20200214,054780,키이스트,KOSDAQ,중견기업부,3950,610,18.26,3360,4015,3340,57952764,215874395370,337159482450,85356831
20200214,219130,타이거일렉,KOSDAQ,중견기업부,6990,180,2.64,6820,7190,6750,170988,1196467770,44136887100,6314290
20200214,065130,탑엔지니어링,KOSDAQ,우량기업부,11500,100,0.88,11550,12100,11050,1932937,22230287950,183726955500,15976257
20200214,023160,태광,KOSDAQ,중견기업부,10000,-150,-1.48,10200,10200,9990,128812,1293044970,265000000000,26500000
20200214,053620,태양,KOSDAQ,우량기업부,8140,40,0.49,8140,8160,8040,4891,39567400,70004000000,8600000
20200214,044490,태웅,KOSDAQ,중견기업부,7540,-140,-1.82,7650,7650,7510,32717,247528190,150855652740,20007381
20200214,124560,태웅로직스,KOSDAQ,중견기업부,5290,170,3.32,5200,5490,4945,6294361,32958377730,93368500000,17650000
20200214,191420,테고사이언스,KOSDAQ,벤처기업부,20800,-250,-1.19,20850,21150,20650,33885,708270550,168181187200,8085634
20200214,182690,테라셈,KOSDAQ,관리종목(소속부없음),2055,-5,-0.24,2060,2095,2025,143886,296604920,43490269140,21163148
20200214,066700,테라젠이텍스,KOSDAQ,중견기업부,8200,-40,-0.49,8250,8330,8160,122410,1007533570,254445647400,31029957
20200214,095610,테스,KOSDAQ,우량기업부,25950,150,0.58,25600,26200,25350,364241,9417932150,512985464700,19768226
20200214,131970,테스나,KOSDAQ,벤처기업부,70000,-1000,-1.41,71400,71400,68700,194158,13513915000,479500000000,6850000
20200214,089030,테크윙,KOSDAQ,우량기업부,17500,150,0.86,17350,17700,17100,549196,9547208800,338078755000,19318786
20200214,054450,텔레칩스,KOSDAQ,우량기업부,10100,50,0.50,10050,10200,9960,387899,3898329660,136409701100,13505911
20200214,091440,텔레필드,KOSDAQ,벤처기업부,4500,225,5.26,4275,4600,4240,303140,1351663880,40936711500,9097047
20200214,200230,텔콘RF제약,KOSDAQ,중견기업부,5160,-10,-0.19,5170,5220,5090,756963,3904996010,440029464480,85277028
20200214,215480,토박스코리아,KOSDAQ,중견기업부,1385,5,0.36,1365,1410,1365,1091031,1511167875,56680331395,40924427
20200214,051360,토비스,KOSDAQ,우량기업부,8350,-170,-2.00,8500,8530,8350,129087,1084582630,139587434300,16717058
20200214,045340,토탈소프트,KOSDAQ,벤처기업부,3165,-50,-1.56,3210,3215,3110,25911,81742325,27086196600,8558040
20200214,108230,톱텍,KOSDAQ,우량기업부,11400,150,1.33,11250,11600,11100,423299,4814424750,419477295600,36796254
20200214,079970,투비소프트,KOSDAQ,벤처기업부,2015,-210,-9.44,2240,2245,1950,1044441,2134023565,53806514775,26702985
20200214,105550,트루윈,KOSDAQ,벤처기업부,5500,-90,-1.61,5590,5590,5420,52988,291949250,65840835500,11971061
20200214,026150,특수건설,KOSDAQ,중견기업부,6160,-60,-0.96,6220,6300,6140,160158,990564840,93663526880,15205118
20200214,322180,티라유텍,KOSDAQ,벤처기업부,15050,200,1.35,14850,15300,14800,29194,438353050,81777937500,5433750
20200214,117730,티로보틱스,KOSDAQ,벤처기업부,10200,0,0.00,10200,10300,10000,36371,369069950,56910175800,5579429
20200214,033830,티비씨,KOSDAQ,중견기업부,1315,20,1.54,1295,1335,1260,2351948,3050108650,131500000000,100000000
20200214,064760,티씨케이,KOSDAQ,우량기업부,73600,2600,3.66,72100,74500,72000,90103,6604071800,859280000000,11675000
20200214,246710,티앤알바이오팹,KOSDAQ,기술성장기업부,10650,-400,-3.62,11050,11100,10650,116075,1258022450,88909288500,8348290
20200214,131290,티에스이,KOSDAQ,우량기업부,15050,200,1.35,14800,15200,14700,112676,1682138950,166474506450,11061429
20200214,062860,티엘아이,KOSDAQ,벤처기업부,4910,0,0.00,4910,4910,4845,8511,41567000,48475055200,9872720
20200214,321550,티움바이오,KOSDAQ,기술성장기업부,13050,-350,-2.61,13500,13650,13050,371556,4917600350,306150729300,23459826
20200214,104480,티케이케미칼,KOSDAQ,우량기업부,2525,35,1.41,2475,2545,2475,1233556,3104775515,229510970850,90895434
20200214,081150,티플랙스,KOSDAQ,중견기업부,2340,-35,-1.47,2365,2375,2340,116291,273748295,56788060680,24268402
20200214,130740,티피씨글로벌,KOSDAQ,중견기업부,2500,5,0.20,2480,2520,2480,12505,31202910,25811197500,10324479
20200214,084730,팅크웨어,KOSDAQ,중견기업부,7380,60,0.82,7350,7940,7300,108362,820150420,76941533160,10425682
20200214,046210,파나진,KOSDAQ,중견기업부,1850,5,0.27,1845,1855,1795,110942,200493210,59452821000,32136660
20200214,034230,파라다이스,KOSDAQ,우량기업부,19550,200,1.03,19300,19850,19150,796451,15600172600,1777929237600,90942672
20200214,033540,파라텍,KOSDAQ,우량기업부,4500,50,1.12,4475,4500,4440,43140,192812475,76426605000,16983690
20200214,043200,파루,KOSDAQ,벤처기업부,2730,-5,-0.18,2725,2800,2710,3314246,9121900125,105110069610,38501857
20200214,214450,파마리서치프로덕트,KOSDAQ,우량기업부,39700,1200,3.12,38400,39850,37950,48155,1885334800,379325083600,9554788
20200214,208340,파멥신,KOSDAQ,기술성장기업부,32900,-300,-0.90,33200,33500,32750,34214,1128627000,227365616100,6910809
20200214,177830,파버나인,KOSDAQ,벤처기업부,4675,-80,-1.68,4680,4780,4605,87591,409327655,52474724500,11224540
20200214,037070,파세코,KOSDAQ,벤처기업부,9590,250,2.68,9340,9630,9260,297510,2823924750,134260000000,14000000
20200214,150900,파수닷컴,KOSDAQ,벤처기업부,4095,15,0.37,4080,4125,4000,19688,79800885,39341549520,9607216
20200214,037030,파워넷,KOSDAQ,중견기업부,4650,10,0.22,4620,4700,4595,163499,762217165,55844705100,12009614
20200214,047310,파워로직스,KOSDAQ,우량기업부,10300,320,3.21,10100,10400,10000,1339808,13716995650,354536114600,34420982
20200214,170790,파이오링크,KOSDAQ,벤처기업부,9440,20,0.21,9420,9580,9300,37200,351480210,64723755200,6856330
20200214,123260,파인넥스,KOSDAQ,투자주의환기종목(소속부없음),701,0,0.00,0,0,0,0,0,16834861995,24015495
20200214,049120,파인디앤씨,KOSDAQ,중견기업부,2145,20,0.94,2100,2155,2095,216237,458942960,56542079880,26359944
20200214,038950,파인디지털,KOSDAQ,중견기업부,3900,15,0.39,3885,3930,3845,8382,32694380,39821983500,10210765
20200214,106240,파인테크닉스,KOSDAQ,투자주의환기종목(소속부없음),4245,110,2.66,4115,4325,3995,1793487,7501212160,181870148100,42843380
20200214,131760,파인텍,KOSDAQ,중견기업부,2240,-40,-1.75,2265,2295,2230,1415450,3184068870,96149901120,42924063
20200214,065690,파커스,KOSDAQ,중견기업부,2685,5,0.19,2700,2700,2665,16292,43586975,37492021665,13963509
20200214,140860,파크시스템스,KOSDAQ,기술성장기업부,44250,250,0.57,44000,44500,42900,14099,613675050,294928683750,6665055
20200214,091700,파트론,KOSDAQ,우량기업부,11600,200,1.75,11550,11850,11450,2010668,23386067500,628214356000,54156410
20200214,194510,파티게임즈,KOSDAQ,투자주의환기종목(소속부없음),536,0,0.00,0,0,0,0,0,13125755600,24488350
20200214,038160,팍스넷,KOSDAQ,중견기업부,3380,-55,-1.60,3400,3460,3340,226667,766406250,41372470880,12240376
20200214,032800,판타지오,KOSDAQ,중견기업부,710,0,0.00,715,722,699,239702,169009445,51619799530,72703943
20200214,318010,팜스빌,KOSDAQ,중견기업부,13650,-200,-1.44,13750,14000,13450,124608,1711655400,108235463700,7929338
20200214,027710,팜스토리,KOSDAQ,우량기업부,1075,5,0.47,1070,1100,1070,338119,366158640,119772845000,111416600
20200214,225590,패션플랫폼,KOSDAQ,중견기업부,1295,5,0.39,1295,1310,1285,111820,144660905,34494543335,26636713
20200214,054300,팬스타엔터프라이즈,KOSDAQ,벤처기업부,1005,6,0.60,1000,1005,986,695763,693905511,52579557840,52317968
20200214,068050,팬엔터테인먼트,KOSDAQ,중견기업부,4505,-225,-4.76,4730,4730,4460,259525,1176910950,61912201485,13742997
20200214,222110,팬젠,KOSDAQ,기술성장기업부,7870,10,0.13,7900,8320,7730,65767,526172630,75880816470,9641781
20200214,263750,펄어비스,KOSDAQ,우량기업부,181000,-10400,-5.43,187000,190000,180100,170192,31159938700,2357163000000,13023000
20200214,251970,펌텍코리아,KOSDAQ,중견기업부,16200,-250,-1.52,16600,16650,16100,67798,1101597550,200880000000,12400000
20200214,087010,펩트론,KOSDAQ,기술성장기업부,13900,750,5.70,13050,13900,13050,247700,3380023750,213038350000,15326500
20200214,043370,평화정공,KOSDAQ,우량기업부,8400,-30,-0.36,8450,8540,8300,41462,349176380,176400000000,21000000
20200214,119500,포메탈,KOSDAQ,중견기업부,2935,-30,-1.01,2960,2995,2935,106896,316890145,34771625920,11847232
20200214,016670,포비스티앤씨,KOSDAQ,중견기업부,1610,20,1.26,1590,1615,1575,451631,721399745,64525673380,40078058
20200214,056730,포스링크,KOSDAQ,투자주의환기종목(소속부없음),1460,0,0.00,0,0,0,0,0,67399247280,46163868
20200214,022100,포스코 ICT,KOSDAQ,우량기업부,5070,20,0.40,5060,5100,5000,347587,1753406210,770816076030,152034729
20200214,009520,포스코엠텍,KOSDAQ,우량기업부,4480,-5,-0.11,4485,4515,4460,107355,480847800,186559309440,41642703
20200214,189690,포시에스,KOSDAQ,벤처기업부,6520,-10,-0.15,6470,6570,6450,16782,109362030,51379705960,7880323
20200214,256630,포인트엔지니어링,KOSDAQ,벤처기업부,3130,-5,-0.16,3080,3150,3030,791503,2449078460,171726470310,54864687
20200214,141020,포티스,KOSDAQ,중견기업부,333,13,4.06,323,349,315,17037834,5649490726,33001532100,99103700
20200214,290720,푸드나무,KOSDAQ,중견기업부,16350,0,0.00,16350,16700,16250,25318,416407150,111278655900,6806034
20200214,005670,푸드웰,KOSDAQ,중견기업부,5960,-70,-1.16,5970,6080,5930,27151,161900880,59600000000,10000000
20200214,094940,푸른기술,KOSDAQ,벤처기업부,14750,100,0.68,14850,15100,14650,191501,2844003150,96969479500,6574202
20200214,007330,푸른저축은행,KOSDAQ,우량기업부,7680,0,0.00,7680,7700,7650,6329,48557020,115835904000,15082800
20200214,093380,풍강,KOSDAQ,중견기업부,3040,-20,-0.65,3040,3060,3015,50473,153335390,30033111520,9879313
20200214,023900,풍국주정,KOSDAQ,우량기업부,17000,50,0.29,16800,17150,16800,49021,831706150,214200000000,12600000
20200214,195440,퓨전,KOSDAQ,관리종목(소속부없음),3720,-370,-9.05,3730,3800,3650,335838,1248004435,14285302200,3840135
20200214,214270,퓨쳐스트림네트웍스,KOSDAQ,중견기업부,1240,10,0.81,1215,1270,1180,7279014,8912973840,120504511920,97181058
20200214,220100,퓨쳐켐,KOSDAQ,기술성장기업부,15700,-200,-1.26,15550,15900,15350,11921,184704350,90261482300,5749139
20200214,035200,프럼파스트,KOSDAQ,벤처기업부,3365,75,2.28,3290,3440,3290,142397,478872440,32743435350,9730590
20200214,203690,프로스테믹스,KOSDAQ,벤처기업부,3255,-45,-1.36,3280,3325,3200,185418,602172355,148690095855,45680521
20200214,053610,프로텍,KOSDAQ,우량기업부,18750,750,4.17,18150,18800,18000,230490,4266280000,206250000000,11000000
20200214,053160,프리엠스,KOSDAQ,중견기업부,5700,10,0.18,5620,5710,5620,5036,28621010,34200000000,6000000
20200214,075130,플랜티넷,KOSDAQ,벤처기업부,4565,135,3.05,4430,4765,4430,82139,377330820,40902400000,8960000
20200214,023770,플레이위드,KOSDAQ,중견기업부,16200,-150,-0.92,16200,16600,16050,24768,404619100,69066059400,4263337
20200214,300080,플리토,KOSDAQ,기술성장기업부,15900,-900,-5.36,16600,16850,15900,119570,1944270850,82422594900,5183811
20200214,032580,피델릭스,KOSDAQ,벤처기업부,1540,-20,-1.28,1550,1555,1525,48795,75309730,40501793640,26299866
20200214,051380,피씨디렉트,KOSDAQ,중견기업부,11100,650,6.22,10400,11100,10300,122459,1320211900,85120749600,7668536
20200214,241820,피씨엘,KOSDAQ,기술성장기업부,7850,-250,-3.09,8080,8080,7620,167461,1313376040,74798701450,9528497
20200214,237750,피앤씨테크,KOSDAQ,중견기업부,5750,-70,-1.20,5860,5940,5710,27932,161994530,37355450000,6496600
20200214,131390,피앤이솔루션,KOSDAQ,우량기업부,16050,50,0.31,16050,16550,16000,351519,5702594700,229194000000,14280000
20200214,054340,피앤텔,KOSDAQ,투자주의환기종목(소속부없음),6680,0,0.00,0,0,0,0,0,26927340520,4031039
20200214,024850,피에스엠씨,KOSDAQ,중견기업부,993,-12,-1.19,1015,1050,986,140106,140486008,39736407339,40016523
20200214,319660,피에스케이,KOSDAQ,중견기업부,27950,50,0.18,27600,28850,27550,321739,9074611000,412682309000,14765020
20200214,031980,피에스케이홀딩스,KOSDAQ,우량기업부,9270,0,0.00,9240,9350,9120,43542,403297080,51602233680,5566584
20200214,002230,피에스텍,KOSDAQ,우량기업부,3970,5,0.13,3965,3990,3955,40543,160890220,78086894710,19669243
20200214,137400,피엔티,KOSDAQ,우량기업부,11600,100,0.87,11400,11750,11200,1189932,13703010850,226450003200,19521552
20200214,128660,피제이메탈,KOSDAQ,벤처기업부,2315,10,0.43,2310,2330,2290,42247,97366230,57419799235,24803369
20200214,006140,피제이전자,KOSDAQ,우량기업부,4780,0,0.00,4810,4810,4730,1338,6390490,71700000000,15000000
20200214,062970,피피아이,KOSDAQ,중견기업부,10750,-150,-1.38,10800,11500,10600,1447443,16048257350,100062988750,9308185
20200214,087600,픽셀플러스,KOSDAQ,중견기업부,3910,120,3.17,3790,3990,3780,29154,112791880,31931241780,8166558
20200214,057880,필로시스헬스케어,KOSDAQ,중견기업부,1465,25,1.74,1440,1495,1420,369170,540759225,66852848960,45633344
20200214,064800,필링크,KOSDAQ,벤처기업부,1500,-5,-0.33,1505,1520,1490,715930,1076318100,108167938500,72111959
20200214,161580,필옵틱스,KOSDAQ,우량기업부,13400,1050,8.50,12250,13450,12150,1523918,19864601100,251211073000,18747095
20200214,270520,하나금융10호스팩,KOSDAQ,SPAC(소속부없음),2095,0,0.00,2140,2140,2085,75535,158673405,9641190000,4602000
20200214,284620,하나금융11호스팩,KOSDAQ,SPAC(소속부없음),3185,735,30.00,2450,3185,2250,6471868,17486160960,17202185000,5401000
20200214,320000,하나금융13호스팩,KOSDAQ,SPAC(소속부없음),2075,0,0.00,0,0,0,0,0,7057075000,3401000
20200214,332710,하나금융14호스팩,KOSDAQ,SPAC(소속부없음),2015,0,0.00,0,0,0,0,0,8886150000,4410000
20200214,341160,하나금융15호스팩,KOSDAQ,SPAC(소속부없음),2060,45,2.23,2015,2090,2015,136002,277337570,9702600000,4710000
20200214,261200,하나금융9호스팩,KOSDAQ,SPAC(소속부없음),2105,0,0.00,0,0,0,0,0,8967300000,4260000
20200214,067310,하나마이크론,KOSDAQ,벤처기업부,6640,110,1.68,6530,6800,6450,655591,4373237250,183943351680,27702312
20200214,307160,하나머스트제6호스팩,KOSDAQ,SPAC(소속부없음),2080,20,0.97,2050,2085,2050,14361,29680025,9547200000,4590000
20200214,166090,하나머티리얼즈,KOSDAQ,우량기업부,20000,850,4.44,19050,20100,18900,561824,11049984700,392553480000,19627674
20200214,136480,하림,KOSDAQ,우량기업부,2815,20,0.72,2795,2875,2785,962376,2719817635,244752815470,86945938
20200214,003380,하림지주,KOSDAQ,우량기업부,7830,-120,-1.51,7900,7960,7830,100790,794842170,732764270340,93584198
20200214,149980,하이로닉,KOSDAQ,벤처기업부,6010,40,0.67,5930,6050,5920,66155,396239570,84740969950,14099995
20200214,013030,하이록코리아,KOSDAQ,우량기업부,15750,-200,-1.25,15950,16250,15750,26173,416379300,214408404000,13613232
20200214,126700,하이비젼시스템,KOSDAQ,우량기업부,14250,150,1.06,14350,14600,13850,1356540,19336360450,212925096000,14942112
20200214,200470,하이셈,KOSDAQ,벤처기업부,6970,20,0.29,6960,7020,6810,138162,958737950,122349149600,17553680
20200214,106080,하이소닉,KOSDAQ,관리종목(소속부없음),3330,0,0.00,0,0,0,0,0,49158652140,14762358
20200214,317240,하이제4호스팩,KOSDAQ,SPAC(소속부없음),2060,10,0.49,2050,2060,2050,7247,14906540,9064000000,4400000
20200214,340120,하이제5호스팩,KOSDAQ,SPAC(소속부없음),2015,-5,-0.25,2020,2030,2015,4574,9261950,10115300000,5020000
20200214,221840,하이즈항공,KOSDAQ,중견기업부,5480,0,0.00,5500,5500,5360,54507,295196930,96974995160,17696167
20200214,106190,하이텍팜,KOSDAQ,우량기업부,10550,-100,-0.94,10550,10600,10350,33626,352602600,74786650100,7088782
20200214,066130,하츠,KOSDAQ,우량기업부,7940,-20,-0.25,7960,8000,7850,107536,852057700,101632000000,12800000
20200214,004590,한국가구,KOSDAQ,중견기업부,4180,40,0.97,4140,4190,4090,4002,16617090,62700000000,15000000
20200214,039340,한국경제TV,KOSDAQ,우량기업부,4435,10,0.23,4470,4470,4400,48099,213019070,102005000000,23000000
20200214,034950,한국기업평가,KOSDAQ,중견기업부,60000,500,0.84,59500,60000,59100,4207,251124600,272430840000,4540514
20200214,222980,한국맥널티,KOSDAQ,벤처기업부,6650,-20,-0.30,6620,6720,6570,67767,450589690,66167500000,9950000
20200214,318000,한국바이오젠,KOSDAQ,벤처기업부,6450,140,2.22,6350,6450,6260,89756,569358220,52437371250,8129825
20200214,256840,한국비엔씨,KOSDAQ,벤처기업부,2400,125,5.49,2270,2400,2265,1850831,4357328555,110913520800,46213967
20200214,025550,한국선재,KOSDAQ,우량기업부,2960,-5,-0.17,2995,2995,2920,89615,263600405,72585871840,24522254
20200214,023890,한국아트라스비엑스,KOSDAQ,우량기업부,50400,-600,-1.18,51000,51000,50300,1460,73625200,461160000000,9150000
20200214,017890,한국알콜,KOSDAQ,우량기업부,8120,20,0.25,8100,8230,8000,294970,2398194180,175438771200,21605760
20200214,080720,한국유니온제약,KOSDAQ,벤처기업부,12300,-300,-2.38,12700,12800,12250,97315,1210786200,72615854400,5903728
20200214,063570,한국전자금융,KOSDAQ,우량기업부,7940,30,0.38,7920,7980,7800,204001,1603215900,271132960320,34147728
20200214,041460,한국전자인증,KOSDAQ,중견기업부,4430,5,0.11,4410,4490,4410,69944,311479415,95064473070,21459249
20200214,101680,한국정밀기계,KOSDAQ,관리종목(소속부없음),2515,0,0.00,0,0,0,0,0,21136060000,8404000
20200214,039740,한국정보공학,KOSDAQ,중견기업부,3170,20,0.63,3205,3205,3140,7413,23469270,25418318490,8018397
20200214,053300,한국정보인증,KOSDAQ,중견기업부,3690,-10,-0.27,3700,3745,3665,26441,97530270,114998850000,31165000
20200214,025770,한국정보통신,KOSDAQ,우량기업부,7770,10,0.13,7810,7840,7660,43248,334594730,295371903540,38014402
20200214,271740,한국제5호스팩,KOSDAQ,관리종목(소속부없음),2055,0,0.00,2055,2060,2050,39123,80385150,8220000000,4000000
20200214,281410,한국제6호스팩,KOSDAQ,SPAC(소속부없음),2050,-10,-0.49,2065,2065,2050,963,1982790,9245500000,4510000
20200214,291210,한국제7호스팩,KOSDAQ,SPAC(소속부없음),2060,-10,-0.48,2050,2070,2050,1920,3948020,10423600000,5060000
20200214,310870,한국제8호스팩,KOSDAQ,SPAC(소속부없음),2055,10,0.49,2045,2055,2045,247,506940,7028100000,3420000
20200214,023760,한국캐피탈,KOSDAQ,우량기업부,523,-4,-0.76,526,528,518,124034,64899282,165063808248,315609576
20200214,054040,한국컴퓨터,KOSDAQ,중견기업부,3005,25,0.84,2995,3020,2935,62604,186373815,48294226450,16071290
20200214,050540,한국코퍼레이션,KOSDAQ,중견기업부,1745,10,0.58,1740,1760,1690,58644,101528050,67680859785,38785593
20200214,021650,한국큐빅,KOSDAQ,중견기업부,2830,45,1.62,2780,2830,2735,94953,263054110,46272093290,16350563
20200214,053590,한국테크놀로지,KOSDAQ,중견기업부,1840,-5,-0.27,1845,1850,1800,298551,546514745,137636811600,74802615
20200214,037230,한국팩키지,KOSDAQ,중견기업부,2350,10,0.43,2340,2370,2325,172026,404176430,58750000000,25000000
20200214,030520,한글과컴퓨터,KOSDAQ,우량기업부,10450,0,0.00,10500,10600,10350,109438,1145092350,255401333550,24440319
20200214,052600,한네트,KOSDAQ,중견기업부,3330,25,0.76,3285,3405,3285,103978,347237595,38507121000,11563700
20200214,256150,한독크린텍,KOSDAQ,벤처기업부,17950,100,0.56,17800,18000,17650,52170,931176300,72176950000,4021000
20200214,092460,한라IMS,KOSDAQ,벤처기업부,7090,-70,-0.98,7190,7190,7040,6787,48004500,83271894020,11744978
20200214,222810,한류AI센터,KOSDAQ,관리종목(소속부없음),815,5,0.62,820,828,788,820683,662298981,23896524535,29320889
20200214,039670,한류타임즈,KOSDAQ,투자주의환기종목(소속부없음),917,0,0.00,0,0,0,0,0,54949071884,59922652
20200214,047080,한빛소프트,KOSDAQ,중견기업부,2960,-50,-1.66,3000,3035,2900,90513,268426875,73348314560,24779836
20200214,070300,한솔시큐어,KOSDAQ,중견기업부,7190,120,1.70,7150,7200,6970,83823,595141040,52962072060,7366074
20200214,221610,한솔씨앤피,KOSDAQ,중견기업부,13400,300,2.29,13000,13550,13000,66705,882118700,53515218200,3993673
20200214,070590,한솔인티큐브,KOSDAQ,중견기업부,3040,25,0.83,3015,3080,2985,13047,39170065,42193743840,13879521
20200214,226440,한송네오텍,KOSDAQ,중견기업부,1320,-30,-2.22,1335,1365,1300,1326300,1755325260,52827118080,40020544
20200214,042520,한스바이오메드,KOSDAQ,벤처기업부,25700,-450,-1.72,26200,26500,25100,182533,4707321700,254493067800,9902454
20200214,078350,한양디지텍,KOSDAQ,중견기업부,5330,110,2.11,5300,5400,5170,79967,420990710,53300000000,10000000
20200214,045100,한양이엔지,KOSDAQ,우량기업부,11550,50,0.43,11500,11700,11400,128131,1483564700,207900000000,18000000
20200214,046110,한일네트웍스,KOSDAQ,중견기업부,4565,140,3.16,4425,4590,4390,126084,572169635,54571046255,11954227
20200214,024740,한일단조,KOSDAQ,중견기업부,1695,0,0.00,1685,1700,1665,402506,678000375,50665800960,29891328
20200214,005860,한일사료,KOSDAQ,중견기업부,1840,5,0.27,1845,1875,1835,213477,395113575,72502780400,39403685
20200214,123840,한일진공,KOSDAQ,벤처기업부,921,-6,-0.65,928,932,911,239050,220099194,51765704817,56205977
20200214,007770,한일화학,KOSDAQ,우량기업부,11550,-100,-0.86,11650,11700,11450,7015,80874800,40540500000,3510000
20200214,079170,한창산업,KOSDAQ,중견기업부,5600,50,0.90,5550,5630,5500,7412,41071960,29120000000,5200000
20200214,086960,한컴MDS,KOSDAQ,우량기업부,11550,150,1.32,11500,11600,11350,27576,316900950,101970422400,8828608
20200214,054920,한컴위드,KOSDAQ,중견기업부,3000,-45,-1.48,3045,3095,2995,88084,265585380,84651243000,28217081
20200214,002680,한탑,KOSDAQ,중견기업부,2040,-5,-0.24,2095,2095,2030,49796,102109300,42432000000,20800000
20200214,066110,한프,KOSDAQ,중견기업부,512,-1,-0.19,517,517,505,138221,70400030,27033395200,52799600
20200214,317320,한화에스비아이스팩,KOSDAQ,SPAC(소속부없음),3810,680,21.73,3090,4020,3070,11121300,40910700650,16611600000,4360000
20200214,279410,한화에이스스팩4호,KOSDAQ,SPAC(소속부없음),2060,10,0.49,2040,2080,2040,121377,249473320,7199700000,3495000
20200214,340440,한화플러스제1호스팩,KOSDAQ,SPAC(소속부없음),2025,10,0.50,2015,2035,2010,99095,199837950,9537750000,4710000
20200214,102210,해덕파워웨이,KOSDAQ,관리종목(소속부없음),1100,0,0.00,0,0,0,0,0,81066045500,73696405
20200214,220630,해마로푸드서비스,KOSDAQ,우량기업부,3120,70,2.30,3050,3120,2970,491967,1499503110,302021279040,96801692
20200214,034810,해성산업,KOSDAQ,중견기업부,9810,130,1.34,9640,9830,9600,30379,295055110,95941800000,9780000
20200214,076610,해성옵틱스,KOSDAQ,중견기업부,2120,35,1.68,2110,2125,2075,262710,550912690,65697869320,30989561
20200214,220180,핸디소프트,KOSDAQ,관리종목(소속부없음),2230,-85,-3.67,2320,2320,2220,50861,114994875,43262000000,19400000
20200214,008800,행남사,KOSDAQ,관리종목(소속부없음),1770,0,0.00,0,0,0,0,0,80762168880,45628344
20200214,900270,헝셩그룹,KOSDAQ,외국기업(소속부없음),984,-5,-0.51,989,996,979,870630,857596185,78720000000,80000000
20200214,084990,헬릭스미스,KOSDAQ,기술성장기업부,69500,-9600,-12.14,77000,84600,69400,2882949,216374246400,1488348616000,21415088
20200214,170030,현대공업,KOSDAQ,우량기업부,4940,-100,-1.98,5160,5370,4910,3993233,20517948250,75779600000,15340000
20200214,048410,현대바이오,KOSDAQ,중견기업부,12950,0,0.00,12900,13100,12850,346125,4493743550,465110607150,35915877
20200214,016790,현대사료,KOSDAQ,우량기업부,13000,-150,-1.14,13200,13350,12800,57564,750470900,79956318000,6150486
20200214,039010,현대통신,KOSDAQ,우량기업부,7590,90,1.20,7440,7690,7440,18463,139778700,65463750000,8625000
20200214,092300,현우산업,KOSDAQ,우량기업부,3525,-5,-0.14,3530,3530,3465,96951,338342985,53941407675,15302527
20200214,053660,현진소재,KOSDAQ,중견기업부,802,-8,-0.99,817,818,799,631776,507726924,42667204406,53201003
20200214,011080,형지I&C,KOSDAQ,중견기업부,561,3,0.54,559,565,554,20501,11495242,21854129748,38955668
20200214,060560,홈센타홀딩스,KOSDAQ,중견기업부,1310,-10,-0.76,1325,1335,1300,75908,99607400,111498052270,85113017
20200214,064240,홈캐스트,KOSDAQ,중견기업부,4720,270,6.07,4465,4745,4435,450207,2093755190,156207248320,33094756
20200214,039610,화성밸브,KOSDAQ,중견기업부,6620,20,0.30,6540,6650,6520,126167,830295390,68916848000,10410400
20200214,126640,화신정공,KOSDAQ,중견기업부,1325,40,3.11,1290,1335,1270,881695,1153066600,48195400275,36373887
20200214,086250,화신테크,KOSDAQ,중견기업부,3850,-100,-2.53,4095,4095,3730,1027176,4022975640,53795110600,13972756
20200214,204630,화이브라더스코리아,KOSDAQ,중견기업부,2440,-20,-0.81,2460,2515,2410,96555,237619605,69816879000,28613475
20200214,061250,화일약품,KOSDAQ,우량기업부,6720,-160,-2.33,6860,6920,6710,244107,1656764870,116209961280,17293149
20200214,134780,화진,KOSDAQ,투자주의환기종목(소속부없음),3060,0,0.00,0,0,0,0,0,73560710880,24039448
20200214,097870,효성오앤비,KOSDAQ,중견기업부,6340,-50,-0.78,6390,6420,6320,7779,49270310,53826600000,8490000
20200214,050090,휘닉스소재,KOSDAQ,중견기업부,643,-12,-1.83,655,655,635,295463,189727253,44456339706,69138942
20200214,290270,휴네시온,KOSDAQ,벤처기업부,4955,130,2.69,4830,4990,4805,97863,480976505,47606014760,9607672
20200214,090710,휴림로봇,KOSDAQ,중견기업부,955,-8,-0.83,955,970,946,721374,688669324,79311932520,83049144
20200214,205470,휴마시스,KOSDAQ,기술성장기업부,1345,30,2.28,1320,1360,1320,225244,301740870,37961047315,28223827
20200214,115160,휴맥스,KOSDAQ,중견기업부,5190,20,0.39,5180,5240,5130,78365,406570220,124102231620,23911798
20200214,028080,휴맥스홀딩스,KOSDAQ,중견기업부,3255,-5,-0.15,3225,3275,3225,2089,6787770,40939782030,12577506
20200214,200670,휴메딕스,KOSDAQ,우량기업부,21150,-250,-1.17,21400,21700,20950,18272,386375350,210890753100,9971194
20200214,065510,휴비츠,KOSDAQ,우량기업부,9900,-200,-1.98,10100,10350,9830,131084,1310053080,117640422900,11882871
20200214,243070,휴온스,KOSDAQ,우량기업부,49250,-400,-0.81,49500,49850,49150,16501,816860300,442450032250,8983757
20200214,084110,휴온스글로벌,KOSDAQ,우량기업부,31050,-450,-1.43,31250,31600,31050,14917,465417950,339108290100,10921362
20200214,145020,휴젤,KOSDAQ,우량기업부,411500,-4400,-1.06,410800,417000,409000,8433,3476983300,1777583297500,4319765
20200214,024060,흥구석유,KOSDAQ,중견기업부,6520,130,2.03,6400,6600,6350,679474,4381807800,97800000000,15000000
20200214,010240,흥국,KOSDAQ,벤처기업부,4045,-25,-0.61,4055,4080,4025,25843,104465335,49845305320,12322696
20200214,189980,흥국에프엔비,KOSDAQ,중견기업부,1670,-5,-0.30,1670,1695,1650,52741,87709775,61299779850,36706455
20200214,037440,희림,KOSDAQ,중견기업부,4150,0,0.00,4150,4215,4120,13349,55654735,57778271250,13922475
20200214,238490,힘스,KOSDAQ,벤처기업부,24450,550,2.30,23750,24600,23700,83242,2017725800,138292085100,5656118
