BAS_DD,ISU_CD,ISU_NM,MKT_NM,SECT_TP_NM,TDD_CLSPRC,CMPPREVDD_PRC,FLUC_RT,TDD_OPNPRC,TDD_HGPRC,TDD_LWPRC,ACC_TRDVOL,ACC_TRDVAL,MKTCAP,LIST_SHRS
20260728,095570,AJ네트웍스,KOSPI,,4200,-70,-1.64,4270,4275,4105,333871,1397388792,190061587800,45252759
20260728,006840,AK홀딩스,KOSPI,,6390,-110,-1.69,6500,6650,6310,23346,151846460,84651914790,13247561
20260728,027410,BGF,KOSPI,,3850,-190,-4.70,4040,4040,3840,90999,354706813,368509645350,95716791
20260728,282330,BGF리테일,KOSPI,,124000,-1500,-1.20,125000,127900,122700,45208,5623448000,2143204344000,17283906
20260728,138930,BNK금융지주,KOSPI,,17270,-850,-4.69,18030,18050,16990,1096233,19073821040,5359347859910,310327033
20260728,001460,BYC,KOSPI,,30650,-2000,-6.13,32500,34300,30500,6003,187304350,191444497500,6246150
20260728,001465,BYC우,KOSPI,,21200,-2250,-9.59,23550,23550,21150,4422,95351750,45661620000,2153850
20260728,001040,CJ,KOSPI,,125400,-8500,-6.35,131400,131400,123800,74868,9438702550,3658795549200,29176998
20260728,079160,CJ CGV,KOSPI,,4805,-195,-3.90,5000,5030,4790,453100,2202583110,795623960550,165582510
20260728,00104K,CJ4우(전환),KOSPI,,124900,-6900,-5.24,128000,131700,121700,8731,1084571350,527891348800,4226512
20260728,000120,CJ대한통운,KOSPI,,73100,-1900,-2.53,74500,74700,72400,39664,2898491050,1667582346400,22812344
20260728,011150,CJ씨푸드,KOSPI,,1958,-67,-3.31,2005,2020,1956,72398,144084934,70352453534,35930773
20260728,011155,CJ씨푸드1우,KOSPI,,6920,1590,29.83,6100,6920,6100,17398,118577860,1384000000,200000
20260728,001045,CJ우,KOSPI,,67600,-1900,-2.73,69500,69500,66500,7011,470672850,152791074800,2260223
20260728,097950,CJ제일제당,KOSPI,,187300,-7300,-3.75,192000,193900,186300,45366,8557356850,2819649037800,15054186
20260728,097955,CJ제일제당 우,KOSPI,,121700,-3300,-2.64,125000,125000,120000,7503,910093550,161548596100,1327433
20260728,000480,CR홀딩스,KOSPI,,4625,-60,-1.28,4685,4685,4610,37554,173968755,216868516250,46890490
20260728,000590,CS홀딩스,KOSPI,,62800,-3700,-5.56,66700,66700,60600,4322,271311850,72501469600,1154482
20260728,012030,DB,KOSPI,,1436,-114,-7.35,1525,1550,1423,626871,917063434,288885767788,201173933
20260728,005830,DB손해보험,KOSPI,,159000,-4400,-2.69,161800,163900,158000,237504,38083219800,10414555491000,65500349
20260728,016610,DB증권,KOSPI,,8400,-470,-5.30,8660,8860,8300,87626,739957610,356549667600,42446389
20260728,000990,DB하이텍,KOSPI,,84800,-13900,-14.08,92900,93900,83500,496626,42829140000,3689189062400,43504588
20260728,000300,DH오토넥스,KOSPI,,4200,0,0.00,0,0,0,0,0,174035631000,41437055
20260728,001530,DI동일,KOSPI,,23650,-750,-3.07,24350,24350,22750,51587,1227725450,489924436650,20715621
20260728,015590,DKME,KOSPI,,1759,-81,-4.40,1840,1840,1727,96135,169509117,93924105772,53396308
20260728,000210,DL,KOSPI,,44700,-3750,-7.74,47700,47700,44100,40863,1845996625,936728014800,20955884
20260728,000215,DL우,KOSPI,,21050,-750,-3.44,20900,21500,20300,9607,199661850,35492720750,1686115
20260728,375500,DL이앤씨,KOSPI,,57500,-6400,-10.02,62200,62200,56700,277538,16320031100,2224883322500,38693623
20260728,37550L,DL이앤씨2우(전환),KOSPI,,38500,-4000,-9.41,41000,41000,37800,7380,284958400,81310113500,2111951
20260728,37550K,DL이앤씨우,KOSPI,,21950,-1200,-5.18,23100,23100,21400,7079,153317150,46399775750,2113885
20260728,007340,DN오토모티브,KOSPI,,36650,-1700,-4.43,37550,37850,36300,126906,4694197100,2144423202250,58510865
20260728,004840,DRB동일,KOSPI,,4275,-125,-2.84,4365,4400,4235,6824,29216375,82389356100,19272364
20260728,155660,DSR,KOSPI,,4380,-185,-4.05,4565,4570,4300,68243,300550660,70080000000,16000000
20260728,069730,DSR제강,KOSPI,,5540,-240,-4.15,5780,5780,5370,57642,320944710,79776000000,14400000
20260728,017860,DS단석,KOSPI,,11000,-320,-2.83,11070,11660,10330,266136,2851304345,195350529000,17759139
20260728,092780,DYP,KOSPI,,3180,-110,-3.34,3310,3310,3130,19582,62067740,41875702800,13168460
20260728,017940,E1,KOSPI,,87000,-2900,-3.23,89900,90800,86700,11909,1042558200,596820000000,6860000
20260728,365550,ESR켄달스퀘어리츠,KOSPI,,3335,-20,-0.60,3395,3470,3270,413302,1370694375,820706815000,246089000
20260728,383220,F&F,KOSPI,,76700,-1100,-1.41,76100,78600,75700,41017,3153316150,2938152652500,38307075
20260728,007700,F&F홀딩스,KOSPI,,13300,-740,-5.27,13900,13910,13280,33026,445042760,520221081100,39114367
20260728,114090,GKL,KOSPI,,9320,-380,-3.92,9560,9630,9280,166295,1563598395,576494844400,61855670
20260728,078930,GS,KOSPI,,87500,-4100,-4.48,90400,92100,86800,362822,32020555450,8128355812500,92895495
20260728,006360,GS건설,KOSPI,,25500,-3600,-12.37,27900,27900,25200,2575789,67198203050,2182327995000,85581490
20260728,001250,GS글로벌,KOSPI,,2495,-205,-7.59,2640,2700,2480,919596,2318866861,205921741180,82533764
20260728,007070,GS리테일,KOSPI,,24500,-1000,-3.92,25550,25550,24150,164109,4058529825,2048381667500,83607415
20260728,078935,GS우,KOSPI,,54500,-3300,-5.71,57100,57100,54200,6474,360024650,96992342000,1779676
20260728,499790,GS피앤엘,KOSPI,,35400,-2550,-6.72,37700,38350,35250,50088,1802060700,702011771400,19830841
20260728,012630,HDC,KOSPI,,20050,-1550,-7.18,21550,21550,19930,58654,1195143855,1197821506050,59741721
20260728,039570,HDC랩스,KOSPI,,7330,-220,-2.91,7450,7530,7210,51757,377019100,190269215330,25957601
20260728,089470,HDC현대EP,KOSPI,,3700,-80,-2.12,3720,3775,3650,80670,297860775,118030000000,31900000
20260728,267270,HD건설기계,KOSPI,,122800,-11800,-8.77,131100,131100,121400,244487,30616741650,5884808951600,47921897
20260728,009540,HD한국조선해양,KOSPI,,354000,-24500,-6.47,365500,374000,351500,200941,71856974500,25053683064000,70773116
20260728,267250,HD현대,KOSPI,,194600,-15900,-7.55,203000,207500,193100,165010,32542097650,15372054341000,78993085
20260728,443060,HD현대마린솔루션,KOSPI,,192000,-14000,-6.80,201000,201000,190000,84933,16395161000,8608024320000,44833460
20260728,071970,HD현대마린엔진,KOSPI,,54700,-10900,-16.62,63600,64300,52400,352663,20157092100,1855505776500,33921495
20260728,322000,HD현대에너지솔루션,KOSPI,,111700,-23100,-17.14,125900,132600,111700,425217,49709495000,1251040000000,11200000
20260728,267260,HD현대일렉트릭,KOSPI,,705000,-92000,-11.54,764000,764000,690000,199093,142170902000,25413230175000,36047135
20260728,329180,HD현대중공업,KOSPI,,451000,-35500,-7.30,476000,476000,445500,357603,163731347000,47337512475000,104961225
20260728,097230,HJ중공업,KOSPI,,14550,-1610,-9.96,15510,15890,14400,413157,6160414060,1313797255200,90295344
20260728,014790,HL D&I,KOSPI,,2375,-120,-4.81,2465,2495,2350,70940,169452380,89914177375,37858601
20260728,003580,HLB글로벌,KOSPI,,1166,-49,-4.03,1228,1228,1166,121875,143989536,59073646830,50663505
20260728,204320,HL만도,KOSPI,,40900,-4000,-8.91,43700,43700,40350,508264,21018067200,1920546208000,46957120
20260728,060980,HL홀딩스,KOSPI,,36600,-1450,-3.81,37650,38000,36100,23752,868010900,332285800200,9078847
20260728,011200,HMM,KOSPI,,20000,-650,-3.15,20200,20500,19800,1142467,22828985510,18864759400000,943237970
20260728,035000,HS애드,KOSPI,,6150,-80,-1.28,6290,6290,6110,51911,320329510,99677010600,16207644
20260728,002460,HS화성,KOSPI,,10710,-320,-2.90,11030,11130,10570,9962,107260590,108706500000,10150000
20260728,487570,HS효성,KOSPI,,42250,-1650,-3.76,44250,44250,41000,5193,216400850,157420415750,3725927
20260728,298050,HS효성첨단소재,KOSPI,,152500,-8700,-5.40,159100,160000,151000,13477,2066021300,683192070000,4479948
20260728,015360,INVENI,KOSPI,,13900,-470,-3.27,14700,14700,13900,30912,436657005,378775000000,27250000
20260728,294870,IPARK현대산업개발,KOSPI,,19950,-1000,-4.77,20700,20950,19930,251847,5073642410,1314851233500,65907330
20260728,175330,JB금융지주,KOSPI,,27300,-1450,-5.04,28250,28950,27100,344717,9622867075,5092045795200,186521824
20260728,234080,JW생명과학,KOSPI,,10720,-480,-4.29,11240,11240,10650,25151,274657450,169746418880,15834554
20260728,001060,JW중외제약,KOSPI,,23100,-900,-3.75,23900,23900,22850,42601,984661800,537904983000,23285930
20260728,001067,JW중외제약2우B,KOSPI,,43350,-150,-0.34,41500,43350,41500,63,2657050,9102329550,209973
20260728,001065,JW중외제약우,KOSPI,,21000,-200,-0.94,21200,21400,21000,69,1452800,7180971000,341951
20260728,096760,JW홀딩스,KOSPI,,3715,-135,-3.51,3850,3880,3640,119683,444487498,274631159530,73924942
20260728,008970,KBI동양철관,KOSPI,,1043,-59,-5.35,1090,1090,1035,647797,680739491,108228884001,103766907
20260728,105560,KB금융,KOSPI,,165200,-7400,-4.29,171000,174200,163700,1297643,217007522300,58594413656800,354687734
20260728,415640,KB발해인프라,KOSPI,,10670,-80,-0.74,10860,10930,10620,126891,1364462740,1307560997160,122545548
20260728,432320,KB스타리츠,KOSPI,,1432,-65,-4.34,1494,1497,1420,638447,923378266,215894456120,150764285
20260728,002380,KCC,KOSPI,,380500,-36500,-8.75,405000,405000,377000,24896,9603622250,3269596928000,8592896
20260728,344820,KCC글라스,KOSPI,,21900,-850,-3.74,22700,22750,21900,11020,243820700,349754212800,15970512
20260728,009070,KCTC,KOSPI,,3705,-210,-5.36,3880,3880,3695,131971,496933015,111150000000,30000000
20260728,009440,KC그린홀딩스,KOSPI,,756,0,0.00,0,0,0,0,0,17568790596,23239141
20260728,119650,KC코트렐,KOSPI,,918,0,0.00,0,0,0,0,0,100782913662,109785309
20260728,092220,KEC,KOSPI,,2390,-160,-6.27,2550,2550,2370,304047,734057358,95964780920,40152628
20260728,003620,KG모빌리티,KOSPI,,2640,-190,-6.71,2770,2820,2625,841437,2272342798,534269767680,202374912
20260728,016380,KG스틸,KOSPI,,5060,-130,-2.50,5100,5190,5030,283805,1437108810,506045018820,100008897
20260728,001390,KG케미칼,KOSPI,,3995,-135,-3.27,4075,4095,3925,252588,1007918636,268595954850,67233030
20260728,001940,KISCO홀딩스,KOSPI,,25950,-50,-0.19,25400,26050,25400,25819,668728625,367877061000,14176380
20260728,025000,KPX케미칼,KOSPI,,48900,-1000,-2.00,49850,49850,48650,6641,325123550,214118870100,4378709
20260728,092230,KPX홀딩스,KOSPI,,83300,-2000,-2.34,85500,85500,81900,5347,443856600,351913011800,4224646
20260728,000040,KR모터스,KOSPI,,1047,-288,-21.57,1010,1281,953,254693,273341463,18086962692,17275036
20260728,044450,KSS해운,KOSPI,,9630,-160,-1.63,9790,9820,9500,48227,463226615,222317024400,23085880
20260728,030200,KT,KOSPI,,53900,-500,-0.92,53500,54000,52900,677129,36336525594,13583968821500,252021685
20260728,033780,KT&G,KOSPI,,181700,-900,-0.49,183100,184900,180300,279802,51002411800,18862359855200,103810456
20260728,058850,KTcs,KOSPI,,2200,-45,-2.00,2235,2245,2185,139468,306685801,91089790000,41404450
20260728,058860,KTis,KOSPI,,2470,-95,-3.70,2565,2565,2465,31681,78953652,85960940000,34802000
20260728,093050,LF,KOSPI,,22150,-450,-1.99,22400,22950,21350,15450,344440600,647666000000,29240000
20260728,003550,LG,KOSPI,,93100,-4600,-4.71,96000,96400,91600,343771,32130816450,14075975572400,151192004
20260728,034220,LG디스플레이,KOSPI,,9000,-660,-6.83,9390,9410,8870,4975805,45059096765,4500000000000,500000000
20260728,051900,LG생활건강,KOSPI,,255500,-500,-0.20,254000,262500,253500,68483,17641473250,3826246126500,14975523
20260728,051905,LG생활건강우,KOSPI,,99500,-2300,-2.26,101600,102500,98800,9169,918863400,208577770500,2096259
20260728,064400,LG씨엔에스,KOSPI,,61800,-5200,-7.76,64500,65800,61600,842519,53077078250,5987551586400,96885948
20260728,373220,LG에너지솔루션,KOSPI,,314000,-19000,-5.71,328000,328500,308000,338100,106200303500,73476000000000,234000000
20260728,003555,LG우,KOSPI,,62700,-2300,-3.54,65000,65000,62500,8644,545191150,188802177300,3011199
20260728,032640,LG유플러스,KOSPI,,14620,-90,-0.61,14580,14890,14430,743175,10886488195,6205133441840,424427732
20260728,011070,LG이노텍,KOSPI,,514000,-100000,-16.29,574000,575000,504000,280740,146746231500,12164892998000,23667107
20260728,066570,LG전자,KOSPI,,157500,-14800,-8.59,165100,167900,155300,949737,151212728600,25654330485000,162884638
20260728,066575,LG전자우,KOSPI,,56000,-6100,-9.82,59600,60300,55700,118293,6787920000,962152744000,17181299
20260728,037560,LG헬로비전,KOSPI,,1538,-65,-4.05,1566,1599,1515,162639,249849680,119113278370,77446865
20260728,051910,LG화학,KOSPI,,240500,-19500,-7.50,253000,254500,236500,223661,54226076000,16977458491500,70592343
20260728,051915,LG화학우,KOSPI,,112300,-8200,-6.80,119600,119600,111000,20016,2272132600,863452240000,7688800
20260728,079550,LIG디펜스앤에어로스페이스,KOSPI,,697000,1000,0.14,680000,707000,657000,147002,100213609500,15334000000000,22000000
20260728,006260,LS,KOSPI,,268000,-37000,-12.13,292000,295000,263500,147308,39795807250,8361600000000,31200000
20260728,010120,LS ELECTRIC,KOSPI,,175500,-24500,-12.25,188500,188900,174600,785630,140127367800,26325000000000,150000000
20260728,000680,LS네트웍스,KOSPI,,2845,-135,-4.53,2890,2940,2820,118162,338195515,224194580520,78803016
20260728,229640,LS에코에너지,KOSPI,,39500,-5250,-11.73,43200,43500,39200,117365,4737083625,1209682720500,30624879
20260728,108320,LX세미콘,KOSPI,,33950,-4050,-10.66,36700,37500,33750,117238,4094601300,552172985000,16264300
20260728,001120,LX인터내셔널,KOSPI,,36600,-1100,-2.92,37650,37700,35750,105297,3809063600,1418616000000,38760000
20260728,108670,LX하우시스,KOSPI,,32050,-1150,-3.46,33250,33250,31700,22270,723523100,287413823500,8967670
20260728,108675,LX하우시스우,KOSPI,,16300,-370,-2.22,16210,16300,16010,3491,56226020,16826979000,1032330
20260728,383800,LX홀딩스,KOSPI,,7680,-190,-2.41,7700,7860,7640,83989,647388350,585835699200,76280690
20260728,38380K,LX홀딩스1우,KOSPI,,7030,-70,-0.99,7350,7350,7000,1219,8571080,10300953550,1465285
20260728,023150,MH에탄올,KOSPI,,3935,-65,-1.63,4000,4065,3895,4674,18382920,29034499810,7378526
20260728,035420,NAVER,KOSPI,,210000,-15000,-6.67,218500,232000,208500,2281917,496680892750,32958290820000,156944242
20260728,036570,NC,KOSPI,,225000,-7500,-3.23,229500,231500,221500,58116,13069934500,4847404950000,21544022
20260728,181710,NHN,KOSPI,,36150,-3950,-9.85,39200,40300,35200,169159,6232526250,1184025974850,32753139
20260728,400760,NH올원리츠,KOSPI,,3010,-20,-0.66,3030,3045,2970,74382,222976719,165337117750,54929275
20260728,005940,NH투자증권,KOSPI,,27500,-1750,-5.98,28700,28800,26900,938493,25702794475,10153167887500,369206105
20260728,005945,NH투자증권우,KOSPI,,24200,-1000,-3.97,24900,25100,23650,149209,3592482475,456677425600,18870968
20260728,338100,NH프라임리츠,KOSPI,,3795,-40,-1.04,3835,3875,3775,60186,229047825,70814700000,18660000
20260728,034310,NICE,KOSPI,,12630,-210,-1.64,12840,12940,12520,62318,791362860,464242892910,36757157
20260728,030190,NICE평가정보,KOSPI,,14100,-350,-2.42,14750,14750,14080,56319,803719790,830652530700,58911527
20260728,008260,NI스틸,KOSPI,,3105,-65,-2.05,3170,3285,3060,66023,205396131,88803363285,28600117
20260728,004250,NPC,KOSPI,,2860,-110,-3.70,2975,2975,2830,36893,105764490,105019200000,36720000
20260728,004255,NPC우,KOSPI,,1889,-67,-3.43,1916,1940,1861,14877,27977485,9973920000,5280000
20260728,456040,OCI,KOSPI,,66900,-5300,-7.34,70100,70900,65600,69855,4731220650,598921915500,8952495
20260728,010060,OCI홀딩스,KOSPI,,184500,-21500,-10.44,195600,199400,180300,291117,54231461200,3444657804000,18670232
20260728,178920,PI첨단소재,KOSPI,,18040,-1040,-5.45,19880,19880,17510,196948,3583572400,529768448880,29366322
20260728,001340,PKC,KOSPI,,4505,-255,-5.36,4640,4815,4460,282714,1286711277,202851540945,45028089
20260728,005490,POSCO홀딩스,KOSPI,,299000,-17000,-5.38,309000,310000,293000,367586,109979201750,23693216573000,79241527
20260728,010950,S-Oil,KOSPI,,129500,-6900,-5.06,136000,138550,127200,346010,45174190200,14579471564000,112582792
20260728,010955,S-Oil우,KOSPI,,62600,-1900,-2.95,64100,65200,61600,19930,1249476700,251772630200,4021927
20260728,034120,SBS,KOSPI,,11290,-300,-2.59,11390,11610,11130,11744,132925385,209443477020,18551238
20260728,003080,SB성보,KOSPI,,2185,-25,-1.13,2195,2210,2150,17960,38981445,43743700000,20020000
20260728,005090,SGC에너지,KOSPI,,39850,-3700,-8.50,42300,42350,37450,282114,11042297475,574211920050,14409333
20260728,001380,SG글로벌,KOSPI,,1318,-31,-2.30,1359,1365,1288,36421,47771282,29631369578,22482071
20260728,004060,SG세계물산,KOSPI,,2480,140,5.98,2370,2755,2315,494444,1236434424,50201390080,20242496
20260728,001770,SHD,KOSPI,,5940,-610,-9.31,6110,6630,5600,2242,13405600,7216375320,1214878
20260728,002360,SH에너지화학,KOSPI,,1989,-31,-1.53,2000,2035,1935,40146,79493309,22104498897,11113373
20260728,009160,SIMPAC,KOSPI,,4670,-160,-3.31,4830,4830,4525,145342,680585055,305282420560,65370968
20260728,033530,SJG세종,KOSPI,,5850,-330,-5.34,6130,6130,5800,68393,403302980,162752621850,27820961
20260728,123700,SJM,KOSPI,,3290,-105,-3.09,3400,3400,3225,35172,115132445,51340114420,15604898
20260728,025530,SJM홀딩스,KOSPI,,3450,-85,-2.40,3535,3535,3365,7330,25061660,51522327600,14934008
20260728,034730,SK,KOSPI,,541000,-82000,-13.16,581000,583000,521000,289456,155607136000,39223962323000,72502703
20260728,011790,SKC,KOSPI,,71800,-9700,-11.90,78600,78800,71500,270918,19858088400,3561157796400,49598298
20260728,018670,SK가스,KOSPI,,229000,-13500,-5.57,236000,239500,226500,13339,3069360500,2119908876000,9257244
20260728,001740,SK네트웍스,KOSPI,,6970,-840,-10.76,7510,7560,6940,1281213,9114539490,1398139406330,200593889
20260728,006120,SK디스커버리,KOSPI,,49750,-2150,-4.14,51500,51500,47950,40696,1990103050,866334112250,17413751
20260728,006125,SK디스커버리우,KOSPI,,37200,-500,-1.33,37900,37900,36350,5202,191912500,45819426000,1231705
20260728,210980,SK디앤디,KOSPI,,5540,-120,-2.12,5720,5720,5450,66065,360712650,103140296280,18617382
20260728,395400,SK리츠,KOSPI,,5600,-60,-1.06,5660,5790,5500,347135,1960370830,1685698672000,301017620
20260728,302440,SK바이오사이언스,KOSPI,,33800,-1050,-3.01,34200,34800,33000,62322,2105911475,2651831491400,78456553
20260728,326030,SK바이오팜,KOSPI,,79500,-2400,-2.93,80600,81500,78000,111172,8811757300,6225903375000,78313250
20260728,402340,SK스퀘어,KOSPI,,925000,-171000,-15.60,1007000,1018000,916000,1326609,1253292943164,122061507050000,131958386
20260728,361610,SK아이이테크놀로지,KOSPI,,13450,-790,-5.55,13800,13960,13270,131957,1783382750,1100036495000,81787100
20260728,100090,SK오션플랜트,KOSPI,,12630,-2200,-14.83,14140,14460,12600,2509056,32730180445,789098769270,62478129
20260728,03473K,SK우,KOSPI,,321500,-33500,-9.44,335000,335000,313500,3387,1090264500,182012402500,566135
20260728,096770,SK이노베이션,KOSPI,,112700,-4000,-3.43,114000,118700,110100,702722,80226790900,19052249207600,169052788
20260728,096775,SK이노베이션우,KOSPI,,59700,-2400,-3.86,62100,62200,59400,2911,177370700,74531032200,1248426
20260728,475150,SK이터닉스,KOSPI,,48700,-8400,-14.71,54900,57300,46250,7358875,370244056425,1659063094800,34067004
20260728,001510,SK증권,KOSPI,,1930,-225,-10.44,2085,2090,1920,2535161,5014463807,446399514050,231295085
20260728,001515,SK증권우,KOSPI,,3715,-300,-7.47,4015,4015,3715,8196,31341460,7267494755,1956257
20260728,285130,SK케미칼,KOSPI,,37950,-2100,-5.24,39550,40050,37600,53928,2066585100,656488169700,17298766
20260728,28513K,SK케미칼우,KOSPI,,21050,-700,-3.22,21150,21650,20750,21998,464536650,44529780450,2115429
20260728,017670,SK텔레콤,KOSPI,,82200,-15700,-16.04,92100,92100,80600,2492935,208528077350,17655742356600,214790053
20260728,000660,SK하이닉스,KOSPI,,1550000,-266000,-14.65,1662000,1674000,1550000,8120587,12904516356126,1104688665750000,712702365
20260728,003570,SNT다이내믹스,KOSPI,,31600,-2000,-5.95,33050,33900,31000,53131,1682147600,1050785225200,33252697
20260728,064960,SNT모티브,KOSPI,,25500,-1500,-5.56,26700,27050,25350,85349,2213468075,676776936000,26540272
20260728,100840,SNT에너지,KOSPI,,23950,-2250,-8.59,25300,25400,23750,75417,1834790275,495304752850,20680783
20260728,036530,SNT홀딩스,KOSPI,,47950,-800,-1.64,48650,49250,47100,19410,923659625,781771333700,16303886
20260728,000390,SP삼화,KOSPI,,5760,-230,-3.84,5900,5910,5750,115286,667896410,156691981440,27203469
20260728,011810,STX,KOSPI,,3530,0,0.00,0,0,0,0,0,109493282310,31017927
20260728,465770,STX그린로지스,KOSPI,,2450,-605,-19.80,2910,3290,2295,2171697,6228614850,17685031000,7218380
20260728,077970,STX엔진,KOSPI,,21850,-2700,-11.00,23600,23650,21600,211331,4722989800,877235176550,40148063
20260728,002820,SUN&L,KOSPI,,2215,-75,-3.28,2275,2330,2210,11877,26558870,27926695635,12607989
20260728,002170,SYTS,KOSPI,,54600,-100,-0.18,54600,54800,53600,4637,251205600,163800000000,3000000
20260728,084870,TBH글로벌,KOSPI,,1850,-19,-1.02,1833,1907,1810,22269,41098989,37847773600,20458256
20260728,002710,TCC스틸,KOSPI,,8120,-740,-8.35,8510,8750,8060,60305,498909010,212855219640,26213697
20260728,069260,TKG휴켐스,KOSPI,,14640,-530,-3.49,15130,15130,14560,105814,1566485130,598462528320,40878588
20260728,007980,TP,KOSPI,,1625,-76,-4.47,1676,1701,1609,224693,367087190,76208193750,46897350
20260728,002900,TYM,KOSPI,,5970,-490,-7.59,6450,6450,5930,291000,1767546080,247158000000,41400000
20260728,024070,WISCOM,KOSPI,,1962,-12,-0.61,1852,2020,1852,25620,49937323,30070471356,15326438
20260728,037270,YG PLUS,KOSPI,,3145,-140,-4.26,3200,3265,3110,333351,1059784479,200220480950,63663110
20260728,139130,iM금융지주,KOSPI,,16750,-1340,-7.41,18000,18050,16350,690428,11644995040,2652587084000,158363408
20260728,000500,가온전선,KOSPI,,151800,-30800,-16.87,174000,174000,149000,268232,41633309950,4520240742600,29777607
20260728,000860,강남제비스코,KOSPI,,12060,-390,-3.13,12430,12450,11920,11066,133434630,156780000000,13000000
20260728,035250,강원랜드,KOSPI,,14350,-140,-0.97,14480,14550,14280,442112,6360883570,3070046175000,213940500
20260728,011420,갤럭시아에스엠,KOSPI,,1400,-58,-3.98,1450,1479,1400,55996,80005393,38569501600,27549644
20260728,002100,경농,KOSPI,,9040,-130,-1.42,9100,9210,8980,40030,362363280,176484078000,19522575
20260728,009450,경동나비엔,KOSPI,,61300,-2900,-4.52,63200,63600,60900,26930,1671381000,893054689600,14568592
20260728,267290,경동도시가스,KOSPI,,19860,-390,-1.93,19850,20550,19850,30760,613964155,117082763160,5895406
20260728,012320,경동인베스트,KOSPI,,43500,-900,-2.03,44100,44100,41500,9853,415787975,102878500500,2365023
20260728,000050,경방,KOSPI,,8120,-350,-4.13,8400,8480,8080,29363,241265230,222611992400,27415270
20260728,214390,경보제약,KOSPI,,5010,-130,-2.53,5020,5160,5000,39535,200688540,119773368600,23906860
20260728,012610,경인양행,KOSPI,,2715,-185,-6.38,2870,2870,2710,283673,783046383,112988430975,41616365
20260728,009140,경인전자,KOSPI,,21850,-350,-1.58,22400,22400,21600,935,20296150,34321914450,1570797
20260728,013580,계룡건설,KOSPI,,17830,-1320,-6.89,18790,18790,17780,89006,1612144530,159238071810,8930907
20260728,012200,계양전기,KOSPI,,3630,-380,-9.48,3900,3990,3595,189307,699587574,98818869270,27222829
20260728,012205,계양전기우,KOSPI,,6300,-520,-7.62,6580,6580,6290,8796,55869620,7365197700,1169079
20260728,002140,고려산업,KOSPI,,1928,-117,-5.72,2000,2350,1926,11304572,24570692356,48083211400,24939425
20260728,010130,고려아연,KOSPI,,950000,-79000,-7.68,1007000,1007000,933000,17637,16751408000,19829320550000,20872969
20260728,002240,고려제강,KOSPI,,16350,-510,-3.02,16360,16930,16190,21846,357900820,441450000000,27000000
20260728,009290,광동제약,KOSPI,,5920,-130,-2.15,5970,6050,5800,189023,1115938865,294814863360,49799808
20260728,017040,광명전기,KOSPI,,932,0,0.00,0,0,0,0,0,40390657180,43337615
20260728,017900,광전자,KOSPI,,5120,-550,-9.70,5490,5490,5070,434870,2255464635,296672066560,57943763
20260728,037710,광주신세계,KOSPI,,34700,-2200,-5.96,36100,36400,34700,89506,3158261250,264662868400,7627172
20260728,030610,교보증권,KOSPI,,9030,-750,-7.67,9450,9690,9030,83200,764992710,1029085537830,113962961
20260728,339770,교촌에프앤비,KOSPI,,3530,-165,-4.47,3635,3710,3530,50475,181151972,176376732400,49965080
20260728,007690,국도화학,KOSPI,,36550,-2250,-5.80,37950,38000,36050,32359,1197332600,338483409600,9260832
20260728,002720,국제약품,KOSPI,,3185,-115,-3.48,3270,3270,3140,39556,125712714,67394064920,21159832
20260728,083420,그린케미칼,KOSPI,,4450,-240,-5.12,4655,4740,4425,22062,99690134,106800000000,24000000
20260728,014530,극동유화,KOSPI,,3060,-95,-3.01,3155,3155,3045,92804,285452594,106700425200,34869420
20260728,014280,금강공업,KOSPI,,4005,5,0.13,3900,4005,3885,51565,202664955,117464074785,29329357
20260728,014285,금강공업우,KOSPI,,5360,-80,-1.47,5420,5420,5250,478,2568640,3161730000,589875
20260728,008870,금비,KOSPI,,39400,-600,-1.50,40000,40050,38050,152,5946900,39400000000,1000000
20260728,001570,금양,KOSPI,,9900,0,0.00,0,0,0,0,0,633275240400,63967196
20260728,002990,금호건설,KOSPI,,8090,-1360,-14.39,8900,8990,8060,2370824,19895728535,301433189660,37259974
20260728,002995,금호건설우,KOSPI,,16010,-1710,-9.65,17210,17210,15730,16393,265213300,4679178660,292266
20260728,011780,금호석유화학,KOSPI,,115400,-6100,-5.02,120000,120000,114000,63177,7327954050,2903155305000,25157325
20260728,011785,금호석유화학우,KOSPI,,48650,-1950,-3.85,50300,50400,48600,3740,184030075,147092593900,3023486
20260728,214330,금호에이치티,KOSPI,,4865,-235,-4.61,4970,5200,4840,93512,461611595,50872959585,10456929
20260728,001210,금호전기,KOSPI,,894,0,0.00,0,0,0,0,0,55320794202,61880083
20260728,073240,금호타이어,KOSPI,,5920,-240,-3.90,5880,6230,5820,2563975,15429169895,1700580899040,287260287
20260728,092440,기신정기,KOSPI,,1854,-28,-1.49,1882,1882,1827,39869,73472914,54136800000,29200000
20260728,000270,기아,KOSPI,,121800,-8600,-6.60,126000,127300,121100,1115783,137120934400,47552303156400,390412998
20260728,024110,기업은행,KOSPI,,20400,-950,-4.45,20950,21150,20200,1605710,33138306325,16267487727600,797425869
20260728,013700,까뮤이앤씨,KOSPI,,1385,-30,-2.12,1415,1425,1357,149290,206548707,82754899550,59750830
20260728,004540,깨끗한나라,KOSPI,,1156,-61,-5.01,1217,1218,1130,133558,155363734,43050241108,37240693
20260728,004545,깨끗한나라우,KOSPI,,4675,-90,-1.89,4765,5010,4645,12326,60128575,1711798000,366160
20260728,001260,남광토건,KOSPI,,7000,-350,-4.76,7350,7350,6920,87841,618952105,68828004000,9832572
20260728,008350,남선알미늄,KOSPI,,997,-54,-5.14,1022,1050,996,1098159,1111026016,128691852730,129079090
20260728,008355,남선알미우,KOSPI,,7150,150,2.14,7000,7800,7000,2532,18931230,2201413500,307890
20260728,004270,남성,KOSPI,,6270,0,0.00,6330,6330,6000,4849,29855860,22705024320,3621216
20260728,003920,남양유업,KOSPI,,41850,-1150,-2.67,42600,42800,41400,5077,213185550,251100000000,6000000
20260728,003925,남양유업우,KOSPI,,30000,-1100,-3.54,31250,31250,29950,3049,92018750,60000000000,2000000
20260728,025860,남해화학,KOSPI,,5530,-200,-3.49,5660,5700,5490,453779,2513976380,274724001790,49678843
20260728,005720,넥센,KOSPI,,6000,-240,-3.85,6280,6280,5910,20679,123607260,315263862000,52543977
20260728,005725,넥센우,KOSPI,,4345,45,1.05,4375,4375,4285,91,394755,15644607000,3600600
20260728,002350,넥센타이어,KOSPI,,6760,-60,-0.88,6820,6840,6690,86513,584373630,660234848520,97667877
20260728,002355,넥센타이어1우B,KOSPI,,3815,-85,-2.18,3850,3885,3800,8967,34338125,24797500000,6500000
20260728,092790,넥스틸,KOSPI,,11000,-750,-6.38,11460,11840,10770,311589,3455500010,286022000000,26002000
20260728,251270,넷마블,KOSPI,,36750,-600,-1.61,36600,37400,36350,101408,3733817550,3011095484250,81934571
20260728,090350,노루페인트,KOSPI,,7320,-170,-2.27,7430,7450,7240,48253,351930400,146400000000,20000000
20260728,090355,노루페인트우,KOSPI,,10250,-330,-3.12,10600,10600,10250,58,603850,4747041500,463126
20260728,000320,노루홀딩스,KOSPI,,15490,-830,-5.09,16110,16420,15450,11507,180142870,205879928990,13291151
20260728,000325,노루홀딩스우,KOSPI,,24350,-100,-0.41,25000,25000,24350,21,517150,5930661650,243559
20260728,006280,녹십자,KOSPI,,120600,-3200,-2.58,121600,123700,118900,19206,2307245800,1409396482800,11686538
20260728,005250,녹십자홀딩스,KOSPI,,9320,-360,-3.72,9730,9740,9290,70979,668765380,438302917200,47028210
20260728,005257,녹십자홀딩스2우,KOSPI,,15100,-580,-3.70,15520,15520,15100,582,8854760,12774449000,845990
20260728,004370,농심,KOSPI,,377000,500,0.13,373500,385000,361000,40165,15155565750,2293156034000,6082642
20260728,072710,농심홀딩스,KOSPI,,88700,-2800,-3.06,90900,90900,87900,4980,444141800,411371973000,4637790
20260728,058730,다스코,KOSPI,,3230,-320,-9.01,3380,3490,3180,1413104,4638611452,65411540730,20251251
20260728,030210,다올투자증권,KOSPI,,3290,-140,-4.08,3420,3435,3240,70837,234092310,200397538740,60911106
20260728,023590,다우기술,KOSPI,,34950,-3200,-8.39,37800,37800,34800,72165,2555634800,1512891554400,43287312
20260728,145210,다이나믹디자인,KOSPI,,2240,0,0.00,0,0,0,0,0,9461011840,4223666
20260728,483650,달바글로벌,KOSPI,,256000,-3500,-1.35,255000,260000,239500,232897,58417896122,3198442240000,12493915
20260728,019680,대교,KOSPI,,909,-18,-1.94,919,920,890,6507,5866932,73145139300,80467700
20260728,019685,대교우B,KOSPI,,666,-45,-6.33,656,714,656,23487,16053621,12938375340,19426990
20260728,006370,대구백화점,KOSPI,,5050,-400,-7.34,5400,5410,5020,42341,216272840,54649135550,10821611
20260728,008060,대덕,KOSPI,,12800,-1350,-9.54,13950,13950,12800,75739,992155750,400474854400,31287098
20260728,00806K,대덕1우,KOSPI,,10440,-210,-1.97,10650,10650,10240,1379,14302870,12657007080,1212357
20260728,353200,대덕전자,KOSPI,,91300,-18100,-16.54,99900,102600,90000,993688,92815026350,4511765252500,49416925
20260728,35320K,대덕전자1우,KOSPI,,19780,-2570,-11.50,21600,21600,19470,7353,147359795,41449365820,2095519
20260728,000490,대동,KOSPI,,6240,-560,-8.24,6520,7330,6030,409794,2719715365,179879637600,28826865
20260728,005750,대림바스,KOSPI,,4060,-115,-2.75,4150,4160,3995,47997,194153184,67364494400,16592240
20260728,006570,대림통상,KOSPI,,2075,10,0.48,2120,2160,1990,7629,15567783,31591875000,15225000
20260728,001680,대상,KOSPI,,17520,-400,-2.23,17880,17970,17310,53544,940357955,607033398000,34648025
20260728,001685,대상우,KOSPI,,13880,-250,-1.77,14100,14340,13850,2930,40976215,19018695240,1370223
20260728,084690,대상홀딩스,KOSPI,,7300,-230,-3.05,7470,7540,7230,61054,448869140,264351527400,36212538
20260728,084695,대상홀딩스우,KOSPI,,10990,-740,-6.31,12060,12060,10660,7934,86088070,10039167180,913482
20260728,128820,대성산업,KOSPI,,3835,-185,-4.60,3950,4010,3815,236520,918210603,173478058130,45235478
20260728,117580,대성에너지,KOSPI,,6690,-330,-4.70,6900,6990,6660,156027,1051729410,183975000000,27500000
20260728,016710,대성홀딩스,KOSPI,,6870,-130,-1.86,7000,7000,6760,31736,217454660,110534583330,16089459
20260728,0030R0,대신밸류리츠,KOSPI,,3650,-60,-1.62,3785,3785,3640,10665,39227704,218197000000,59780000
20260728,003540,대신증권,KOSPI,,24400,-1600,-6.15,25700,25850,24250,133259,3304467800,1163053474400,47666126
20260728,003547,대신증권2우B,KOSPI,,18410,-740,-3.86,19050,19150,18390,32736,606648790,176858721060,9606666
20260728,003545,대신증권우,KOSPI,,18980,-760,-3.85,19680,19690,18910,173826,3338102585,462795679320,24383334
20260728,009190,대양금속,KOSPI,,1660,-47,-2.75,1707,1712,1623,202865,339792825,73017216500,43986275
20260728,014160,대영포장,KOSPI,,668,-22,-3.19,684,694,659,349742,233737574,72407558732,108394549
20260728,047040,대우건설,KOSPI,,13430,-1750,-11.53,14450,14500,13180,2974779,40359640250,5518489578340,410907638
20260728,003090,대웅,KOSPI,,16630,-340,-2.00,16790,17260,16280,36065,597644570,966901127400,58141980
20260728,069620,대웅제약,KOSPI,,125900,-2400,-1.87,128200,129800,123700,12425,1557204850,1458749792500,11586575
20260728,000430,대원강업,KOSPI,,3375,-180,-5.06,3555,3555,3365,100801,343734540,209250000000,62000000
20260728,006340,대원전선,KOSPI,,13600,-380,-2.72,13070,14400,12890,14181751,195889215670,1066436057600,78414416
20260728,006345,대원전선우,KOSPI,,9920,-590,-5.61,10140,10350,9790,83601,839460405,26002304000,2621200
20260728,003220,대원제약,KOSPI,,7500,-250,-3.23,7730,7730,7410,25145,189216800,168206872500,22427583
20260728,024890,대원화성,KOSPI,,2870,-20,-0.69,2890,2890,2705,11273,31508860,23677012100,8249830
20260728,012800,대창,KOSPI,,1074,-41,-3.68,1100,1105,1057,386154,412604508,97884895926,91140499
20260728,015230,대창단조,KOSPI,,5510,-250,-4.34,5600,5660,5440,56427,310600735,149561346200,27143620
20260728,001070,대한방직,KOSPI,,6070,-240,-3.80,6360,6360,5920,19051,116733060,32171000000,5300000
20260728,006650,대한유화,KOSPI,,91400,-5600,-5.77,95400,95600,89600,23797,2185763850,594100000000,6500000
20260728,001440,대한전선,KOSPI,,25150,-3350,-11.75,27100,27100,24650,1837498,46911104450,4929213789400,195992596
20260728,084010,대한제강,KOSPI,,7530,-340,-4.32,7850,7850,7500,41306,312335450,258818117880,34371596
20260728,001790,대한제당,KOSPI,,2570,-30,-1.15,2605,2620,2540,358652,924251389,221641721550,86241915
20260728,001795,대한제당우,KOSPI,,2030,-20,-0.98,2055,2080,2010,23157,47233970,13160002800,6482760
20260728,001130,대한제분,KOSPI,,11130,-240,-2.11,11200,11340,11010,20639,229118070,188097000000,16900000
20260728,439260,대한조선,KOSPI,,46350,-3850,-7.67,49500,49500,46350,70276,3342659900,1765412635500,38088730
20260728,003490,대한항공,KOSPI,,25250,-1200,-4.54,26200,26350,25000,2248339,57301258600,9297571690250,368220661
20260728,003495,대한항공우,KOSPI,,21150,-550,-2.53,21700,21700,21000,1700,36084900,23493293100,1110794
20260728,005880,대한해운,KOSPI,,1718,-88,-4.87,1761,1777,1697,3345825,5757055781,554479930120,322747340
20260728,003830,대한화섬,KOSPI,,110200,-2400,-2.13,109200,110200,104200,349,37456300,146345600000,1328000
20260728,016090,대현,KOSPI,,1460,-33,-2.21,1478,1492,1440,174050,253493720,64652172600,44282310
20260728,069460,대호에이엘,KOSPI,,2660,0,0.00,0,0,0,0,0,46322277400,17414390
20260728,475560,더본코리아,KOSPI,,13570,-440,-3.14,14000,14030,13520,10955,150373015,201215552900,14827970
20260728,192080,더블유게임즈,KOSPI,,60100,-1100,-1.80,59500,61100,59300,42274,2529730000,1272525426800,21173468
20260728,004830,덕성,KOSPI,,3090,-185,-5.65,3210,3270,3070,100042,312741748,48451200000,15680000
20260728,004835,덕성우,KOSPI,,3735,-240,-6.04,3975,3975,3610,18426,69774322,5199120000,1392000
20260728,145720,덴티움,KOSPI,,38050,-1900,-4.76,40000,40200,37600,15296,588570575,328139052550,8623891
20260728,002150,도화엔지니어링,KOSPI,,4860,-130,-2.61,4990,4995,4835,84723,412851445,163879200000,33720000
20260728,460850,동국씨엠,KOSPI,,4970,-270,-5.15,5100,5180,4950,96528,485583515,148596320320,29898656
20260728,460860,동국제강,KOSPI,,8710,-480,-5.22,9100,9110,8650,171161,1509960020,432085828070,49608017
20260728,001230,동국홀딩스,KOSPI,,1678,-96,-5.41,1731,1767,1660,341298,574804650,260941945770,155507715
20260728,023450,동남합성,KOSPI,,28150,-350,-1.23,28500,28700,28100,910,25842525,98525000000,3500000
20260728,004140,동방,KOSPI,,1749,-78,-4.27,1795,1825,1742,187086,329623795,83902618734,47971766
20260728,007590,동방아그로,KOSPI,,5480,-100,-1.79,5550,5570,5430,19079,104677700,74624321960,13617577
20260728,005960,동부건설,KOSPI,,6340,-420,-6.21,6750,6750,6270,41692,266017460,145481843420,22946663
20260728,005965,동부건설우,KOSPI,,16000,-90,-0.56,16000,16400,16000,700,11241700,3611712000,225732
20260728,026960,동서,KOSPI,,26050,-550,-2.07,26400,26850,25650,229713,6099663875,2597185000000,99700000
20260728,002210,동성제약,KOSPI,,973,0,0.00,0,0,0,0,0,94010780311,96619507
20260728,102260,동성케미컬,KOSPI,,3370,-115,-3.30,3450,3480,3340,102811,347227705,170756521670,50669591
20260728,000640,동아쏘시오홀딩스,KOSPI,,87900,-100,-0.11,85700,91900,85700,58512,5251602600,591789123300,6732527
20260728,170900,동아에스티,KOSPI,,35850,-1100,-2.98,37000,37100,35300,11956,429331850,348742311150,9727819
20260728,028100,동아지질,KOSPI,,16560,-110,-0.66,16660,16920,16010,53275,881364850,221730153120,13389502
20260728,001520,동양,KOSPI,,1035,-60,-5.48,1095,1095,1020,404495,421184225,110871303120,107122032
20260728,001527,동양2우B,KOSPI,,7680,330,4.49,8000,9250,7650,23106,196510410,1579814400,205705
20260728,084670,동양고속,KOSPI,,21700,-1800,-7.66,23400,23450,21200,32668,711163750,62833847300,2895569
20260728,082640,동양생명,KOSPI,,7950,-330,-3.99,8180,8300,7810,107661,869875300,1240697518950,156062581
20260728,001525,동양우,KOSPI,,8520,470,5.84,8470,9020,7580,5522,47113660,2237479800,262615
20260728,018500,동원모빌리티,KOSPI,,1380,-4,-0.29,1379,1391,1332,93145,127209431,64521807540,46754933
20260728,006040,동원산업,KOSPI,,34950,-200,-0.57,35000,35400,34200,39871,1386658350,1542721624050,44140819
20260728,030720,동원수산,KOSPI,,5520,-190,-3.33,5830,5830,5470,49449,274915700,25689003600,4653805
20260728,014820,동원시스템즈,KOSPI,,19640,-460,-2.29,19860,19890,19240,24375,478646240,569388778480,28991282
20260728,014825,동원시스템즈우,KOSPI,,13200,-360,-2.65,13500,13500,13200,50,669000,3486265200,264111
20260728,111380,동인기연,KOSPI,,12320,-390,-3.07,12610,12610,12200,4007,49363595,75496960000,6128000
20260728,163560,동일고무벨트,KOSPI,,5540,-230,-3.99,5710,5730,5470,10126,56528500,77006000000,13900000
20260728,004890,동일산업,KOSPI,,34500,-450,-1.29,34800,34800,33650,317,10800800,83669917500,2425215
20260728,002690,동일제강,KOSPI,,1479,-57,-3.71,1538,1538,1461,32512,48385008,30024232440,20300360
20260728,000020,동화약품,KOSPI,,4780,-150,-3.04,4915,4915,4715,243958,1169794639,133512426600,27931470
20260728,000150,두산,KOSPI,,1046000,-151000,-12.61,1129000,1196000,1023000,139994,147917478500,16938751410000,16193835
20260728,000157,두산2우B,KOSPI,,299500,-44000,-12.81,341500,341500,297500,624,190762250,267464881000,893038
20260728,454910,두산로보틱스,KOSPI,,60400,-5800,-8.76,63700,64600,59500,478600,29090612700,3915126792000,64819980
20260728,241560,두산밥캣,KOSPI,,60400,-3800,-5.92,63200,63200,59600,178069,10782843750,5789706326000,95856065
20260728,034020,두산에너빌리티,KOSPI,,64700,-6200,-8.74,68700,68900,64000,2148321,141332811450,41444306146200,640561146
20260728,000155,두산우,KOSPI,,370000,-48000,-11.48,389500,400000,365500,10246,3857426000,1478690940000,3996462
20260728,336260,두산퓨얼셀,KOSPI,,23550,-6450,-21.50,29900,29900,22450,2211528,53841044850,1542377247300,65493726
20260728,33626K,두산퓨얼셀1우,KOSPI,,4050,-510,-11.18,4560,4620,3950,52155,214493525,54125010000,13364200
20260728,33626L,두산퓨얼셀2우B,KOSPI,,6060,-210,-3.35,6300,6300,5690,4356,25514415,18096978000,2986300
20260728,016740,두올,KOSPI,,3315,-95,-2.79,3410,3410,3280,33513,110814450,95054389560,28674024
20260728,192650,드림텍,KOSPI,,3940,-330,-7.73,4115,4240,3920,436550,1747398210,259594106260,65886829
20260728,024090,디씨엠,KOSPI,,10820,-130,-1.19,10850,11000,10710,9690,104337600,123348000000,11400000
20260728,003160,디아이,KOSPI,,18100,-2850,-13.60,19950,19950,18010,265446,4913372850,512230000000,28300000
20260728,092200,디아이씨,KOSPI,,4120,-480,-10.43,4400,4490,4050,293501,1235036558,160220904280,38888569
20260728,377190,디앤디플랫폼리츠,KOSPI,,2020,-45,-2.18,2050,2070,2010,150319,305994030,178568000000,88400000
20260728,013570,디와이,KOSPI,,3825,-10,-0.26,3760,3855,3735,303888,1156565290,100672596225,26319633
20260728,024900,디와이덕양,KOSPI,,1729,-90,-4.95,1810,1818,1729,205915,361834819,56304850420,32564980
20260728,002880,디와이에이,KOSPI,,732,-39,-5.06,786,797,723,371904,276191214,34238564340,46773995
20260728,210540,디와이파워,KOSPI,,10560,-440,-4.00,10800,10920,10460,49821,528039120,116600436480,11041708
20260728,032350,롯데관광개발,KOSPI,,11350,-600,-5.02,11800,11900,11290,450985,5220722380,904883948300,79725458
20260728,089860,롯데렌탈,KOSPI,,38950,-1050,-2.63,39200,39450,38500,58952,2286892950,1414250662600,36309388
20260728,330590,롯데리츠,KOSPI,,3645,5,0.14,3640,3745,3550,272360,1004424443,1053291582180,288968884
20260728,000400,롯데손해보험,KOSPI,,2050,-75,-3.53,2100,2195,2035,958411,2009891576,636189456000,310336320
20260728,023530,롯데쇼핑,KOSPI,,122700,-6500,-5.03,124800,128500,120400,51233,6269850200,3471030238500,28288755
20260728,020150,롯데에너지머티리얼즈,KOSPI,,26550,-2850,-9.69,28250,28500,26050,274954,7309671375,1390303042650,52365463
20260728,280360,롯데웰푸드,KOSPI,,100800,-2700,-2.61,102700,103700,100000,9248,936719400,927821059200,9204574
20260728,286940,롯데이노베이트,KOSPI,,16890,-490,-2.82,17320,17320,16500,16882,283550530,255535008630,15129367
20260728,004000,롯데정밀화학,KOSPI,,44550,-1650,-3.57,45700,45900,44200,45832,2049795950,1149390000000,25800000
20260728,004990,롯데지주,KOSPI,,22650,-800,-3.41,23050,23450,22400,113301,2575170650,2257384526400,99663776
20260728,00499K,롯데지주우,KOSPI,,22150,-450,-1.99,24000,24000,21800,235,5211350,17844106450,805603
20260728,005300,롯데칠성,KOSPI,,99700,-1200,-1.19,100900,100900,98400,13414,1334983650,925104734800,9278884
20260728,005305,롯데칠성우,KOSPI,,68100,-1200,-1.73,69300,70200,67500,3540,243231600,52798611000,775310
20260728,011170,롯데케미칼,KOSPI,,57200,-3500,-5.77,59200,59300,56700,77961,4493610150,2446753966800,42775419
20260728,071840,롯데하이마트,KOSPI,,6210,-290,-4.46,6500,6500,6190,16218,101334420,146603891520,23607712
20260728,027740,마니커,KOSPI,,977,4,0.41,984,1020,967,464141,461370341,31025234878,31755614
20260728,357430,마스턴프리미어리츠,KOSPI,,717,-7,-0.97,724,725,653,43498,29517193,21872305119,30505307
20260728,001080,만호제강,KOSPI,,4040,-60,-1.46,4275,4280,3875,27339,108489370,167660000000,41500000
20260728,088980,맥쿼리인프라,KOSPI,,9990,-140,-1.38,10120,10120,9960,1716496,17167935460,4784430710070,478921993
20260728,094800,맵스리얼티,KOSPI,,5850,-430,-6.85,6050,6280,5810,126364,767590480,543080836350,92834331
20260728,138040,메리츠금융지주,KOSPI,,118100,-7500,-5.97,124500,124500,117100,250263,29841278050,19763712941300,167347273
20260728,090370,메타랩스,KOSPI,,1012,-48,-4.53,1041,1100,980,114005,115823831,27632345268,27304689
20260728,118000,메타케어,KOSPI,,1270,-30,-2.31,1297,1429,1260,60409,80082839,28010846950,22055785
20260728,017180,명문제약,KOSPI,,1139,-56,-4.69,1184,1184,1109,204744,233425413,38672984106,33953454
20260728,009900,명신산업,KOSPI,,6400,-420,-6.16,6680,6800,6350,154902,1001515250,335808851200,52470133
20260728,317450,명인제약,KOSPI,,40800,-2000,-4.67,42450,42550,40800,16234,669252650,595680000000,14600000
20260728,012690,모나리자,KOSPI,,1390,-108,-7.21,1475,1539,1380,1718785,2525597720,50834044450,36571255
20260728,005360,모나미,KOSPI,,1590,-128,-7.45,1684,1804,1545,2598444,4351414820,30046718130,18897307
20260728,070960,모나용평,KOSPI,,2080,-100,-4.59,2215,2215,2065,90455,190284890,100117332640,48133333
20260728,009680,모토닉,KOSPI,,9940,-50,-0.50,9930,9940,9670,24638,239965610,216026954360,21733094
20260728,009580,무림P&P,KOSPI,,1595,-54,-3.27,1635,1657,1577,82801,133211645,99477476780,62368324
20260728,009200,무림페이퍼,KOSPI,,1427,-24,-1.65,1430,1455,1418,57023,81751557,59376485370,41609310
20260728,033920,무학,KOSPI,,7280,-180,-2.41,7460,7490,7270,44076,322996135,207480000000,28500000
20260728,008420,문배철강,KOSPI,,2040,-55,-2.63,2090,2095,2010,59169,120393435,41827150200,20503505
20260728,025560,미래산업,KOSPI,,7150,-3060,-29.97,9800,9800,7150,2611768,21027488955,181997101000,25454140
20260728,007120,미래아이앤지,KOSPI,,1072,-58,-5.13,1120,1144,1048,45775,49952724,29290378208,27323114
20260728,396690,미래에셋글로벌리츠,KOSPI,,1637,-57,-3.36,1700,1700,1627,82705,136386266,64834923780,39605940
20260728,357250,미래에셋맵스리츠,KOSPI,,1813,-43,-2.32,1856,1856,1802,71368,129934685,45316125365,24995105
20260728,085620,미래에셋생명,KOSPI,,14930,-1470,-8.96,16350,16350,14920,155073,2375125145,2018237400000,135180000
20260728,006800,미래에셋증권,KOSPI,,33050,-4000,-10.80,35250,35350,32500,1859322,61980341375,18493685384000,559566880
20260728,00680K,미래에셋증권2우B,KOSPI,,10610,-1520,-12.53,11850,11890,10350,362939,3915580080,1448265000000,136500000
20260728,006805,미래에셋증권우,KOSPI,,11660,-1630,-12.26,12520,12970,11590,33956,406154350,164123245000,14075750
20260728,081660,미스토홀딩스,KOSPI,,44150,-150,-0.34,43550,45200,42850,122704,5392571425,2344004736000,53091840
20260728,002840,미원상사,KOSPI,,123500,-2400,-1.91,125900,127400,122000,3018,375886100,586625000000,4750000
20260728,268280,미원에스씨,KOSPI,,119700,-300,-0.25,119900,120000,116900,2395,284190350,598500000000,5000000
20260728,107590,미원홀딩스,KOSPI,,54500,-300,-0.55,54800,54800,54100,125,6800600,126440000000,2320000
20260728,134380,미원화학,KOSPI,,10110,-20,-0.20,10130,10150,10110,1470,14899100,222345994800,21992680
20260728,003650,미창석유,KOSPI,,140700,-500,-0.35,141200,144300,138500,3193,448581750,244771850400,1739672
20260728,377740,바이오노트,KOSPI,,4405,-225,-4.86,4600,4630,4375,68973,305696898,448808041440,101886048
20260728,003610,방림,KOSPI,,5280,-130,-2.40,5400,5400,5240,50591,267951920,169544907840,32110778
20260728,035150,백산,KOSPI,,9650,-350,-3.50,9850,9960,9470,28865,279496760,190790912350,19771079
20260728,002410,범양건영,KOSPI,,1935,0,0.00,0,0,0,0,0,53173451700,27479820
20260728,007210,벽산,KOSPI,,1403,-57,-3.90,1441,1444,1389,123997,174391620,91700080000,65360000
20260728,002760,보락,KOSPI,,960,-34,-3.42,994,1008,960,106306,103635300,57504000000,59900000
20260728,003850,보령,KOSPI,,7970,-230,-2.80,8080,8170,7870,103698,830991320,683724039790,85787207
20260728,000890,보해양조,KOSPI,,1333,-48,-3.48,1380,1380,1309,517928,687943747,36822825325,27624025
20260728,003000,부광약품,KOSPI,,3855,-220,-5.40,3950,4075,3800,417755,1620329260,380352306705,98664671
20260728,001270,부국증권,KOSPI,,50700,-3300,-6.11,52000,53000,50500,11355,584701550,525753220200,10369886
20260728,001275,부국증권우,KOSPI,,29850,-800,-2.61,30450,30450,29850,5062,151944400,89550000000,3000000
20260728,026940,부국철강,KOSPI,,1849,-94,-4.84,1935,1935,1821,291746,544615393,36980000000,20000000
20260728,011390,부산산업,KOSPI,,38400,-1850,-4.60,40250,40250,38000,2598,100080375,40550400000,1056000
20260728,005030,부산주공,KOSPI,,486,0,0.00,0,0,0,0,0,45092532168,92782988
20260728,006740,블루산업개발,KOSPI,,969,-17,-1.72,990,1008,960,70449,68923614,23003890425,23739825
20260728,002070,비비안,KOSPI,,8090,-260,-3.11,8680,8680,7550,44620,358954685,19451142960,2404344
20260728,100220,비상교육,KOSPI,,5080,-170,-3.24,5220,5270,4965,36489,186115233,66023444280,12996741
20260728,090460,비에이치,KOSPI,,14730,-1520,-9.35,15750,15850,14460,384152,5709821895,496570954740,33711538
20260728,005180,빙그레,KOSPI,,66600,-600,-0.89,67000,67800,66400,24264,1626539650,617317464600,9269031
20260728,003960,사조대림,KOSPI,,29450,-800,-2.64,30400,30400,29050,7364,216665850,269893553150,9164467
20260728,008040,사조동아원,KOSPI,,750,-38,-4.82,788,788,743,374051,282129322,105858450000,141144600
20260728,007160,사조산업,KOSPI,,46200,-1800,-3.75,47650,48150,46000,6419,296788275,231000000000,5000000
20260728,014710,사조씨푸드,KOSPI,,9540,40,0.42,9430,9540,9350,9568,90107400,164264900220,17218543
20260728,006090,사조오양,KOSPI,,8190,-130,-1.56,8130,8350,8020,9508,76808050,77172232410,9422739
20260728,062040,산일전기,KOSPI,,145800,-20600,-12.38,158500,159700,143100,214656,31807327420,4463790930000,30615850
20260728,005610,삼립,KOSPI,,39050,-650,-1.64,39850,39850,38600,3096,120796350,336962801450,8629009
20260728,001470,삼부토건,KOSPI,,347,0,0.00,0,0,0,0,0,79699592928,229681824
20260728,028050,삼성E&A,KOSPI,,44150,-3500,-7.35,46650,47150,43800,2011830,90480344500,8653400000000,196000000
20260728,448730,삼성FN리츠,KOSPI,,5550,-20,-0.36,5570,5630,5480,72357,405166440,505327500000,91050000
20260728,006400,삼성SDI,KOSPI,,382000,-49000,-11.37,412000,416500,378500,469337,182892405750,30783672460000,80585530
20260728,006405,삼성SDI우,KOSPI,,166500,-18600,-10.05,182100,182100,166100,8270,1405097550,269379684000,1617896
20260728,006660,삼성공조,KOSPI,,11080,-1130,-9.25,11940,12450,11000,366054,4204273240,90039559120,8126314
20260728,028260,삼성물산,KOSPI,,305000,-34500,-10.16,320500,320500,295500,639206,193176148250,49461112205000,162167581
20260728,02826K,삼성물산우B,KOSPI,,187900,-15600,-7.67,191600,202000,181800,11847,2215417550,275760161000,1467590
20260728,207940,삼성바이오로직스,KOSPI,,1549000,4000,0.26,1533000,1575000,1512000,155654,240554307500,71704683099000,46290951
20260728,032830,삼성생명,KOSPI,,285000,-26500,-8.51,296000,296000,276000,442214,125509088634,57000000000000,200000000
20260728,018260,삼성에스디에스,KOSPI,,200500,-17000,-7.82,210500,214000,198600,319894,64736005300,15514248900000,77377800
20260728,0126Z0,삼성에피스홀딩스,KOSPI,,367000,-25000,-6.38,384000,389500,363000,52458,19399802750,9132078983000,24883049
20260728,009150,삼성전기,KOSPI,,1114000,-211000,-15.92,1211000,1226000,1085000,1198287,1344705808500,83208777344000,74693696
20260728,009155,삼성전기우,KOSPI,,387500,-66500,-14.65,422500,422500,378500,48926,19223387000,1126456300000,2906984
20260728,005930,삼성전자,KOSPI,,220000,-34000,-13.39,238500,240000,218500,41639623,9401020869850,1286181293760000,5846278608
20260728,005935,삼성전자우,KOSPI,,158200,-21600,-12.01,167100,170900,157000,5777392,928377405396,126935124314600,802371203
20260728,001360,삼성제약,KOSPI,,1249,-43,-3.33,1292,1297,1229,391497,489240627,117608436671,94162079
20260728,010140,삼성중공업,KOSPI,,20700,-1950,-8.61,21850,22050,20000,3471198,72762779875,18216000000000,880000000
20260728,016360,삼성증권,KOSPI,,93000,-8400,-8.28,98600,99600,91200,784562,73335606750,8304900000000,89300000
20260728,068290,삼성출판사,KOSPI,,6140,-10,-0.16,6080,6160,5940,15215,92180120,61400000000,10000000
20260728,029780,삼성카드,KOSPI,,47450,-2750,-5.48,49600,49600,47200,98524,4732259275,5497504377950,115858891
20260728,000810,삼성화재,KOSPI,,609000,-36000,-5.58,634000,635000,607000,94760,58375942500,27190311057000,44647473
20260728,000815,삼성화재우,KOSPI,,383500,-11500,-2.91,392000,392000,381000,8546,3287866500,1153192170000,3007020
20260728,006110,삼아알미늄,KOSPI,,29900,-2500,-7.72,31250,31250,29200,130979,3959719900,452191304500,15123455
20260728,0120G0,삼양바이오팜,KOSPI,,38000,-3700,-8.87,40000,41350,37850,24481,952168250,282563060000,7435870
20260728,145990,삼양사,KOSPI,,43500,-900,-2.03,43100,44400,42850,9918,431344500,448635031500,10313449
20260728,145995,삼양사우,KOSPI,,33100,-650,-1.93,33900,33900,33050,71,2351850,12249317000,370070
20260728,003230,삼양식품,KOSPI,,1183000,-37000,-3.03,1221000,1227000,1155000,63824,75250113500,8911556745000,7533015
20260728,272550,삼양패키징,KOSPI,,8640,-240,-2.70,8960,8960,8590,26520,230399990,130191027840,15068406
20260728,000070,삼양홀딩스,KOSPI,,56500,-2300,-3.91,58200,58200,56000,11341,646485800,438620291500,7763191
20260728,003720,삼영,KOSPI,,6060,-250,-3.96,6140,6190,5810,368191,2192169190,206040000000,34000000
20260728,002810,삼영무역,KOSPI,,23200,-300,-1.28,23350,23900,22800,47020,1101156650,428433193600,18466948
20260728,005680,삼영전자,KOSPI,,12650,-370,-2.84,13120,13120,12320,41172,519167680,253000000000,20000000
20260728,023000,삼원강재,KOSPI,,2205,-10,-0.45,2215,2220,2170,27232,59697308,87626602980,39739956
20260728,004380,삼익THK,KOSPI,,7580,-440,-5.49,8000,8000,7480,46208,350107795,156906000000,20700000
20260728,002450,삼익악기,KOSPI,,1089,-38,-3.37,1117,1117,1081,193406,211436597,98588166435,90530915
20260728,004440,삼일씨엔에스,KOSPI,,4835,-315,-6.12,4955,5100,4820,24549,119543950,61558963745,12731947
20260728,000520,삼일제약,KOSPI,,6230,-370,-5.61,6600,6720,6150,93501,587328465,135139982530,21691811
20260728,009770,삼정펄프,KOSPI,,26750,-450,-1.65,27200,27200,26200,7039,187757075,66874224250,2499971
20260728,005500,삼진제약,KOSPI,,17540,-380,-2.12,18060,18060,17420,59591,1047266600,233632800000,13320000
20260728,004690,삼천리,KOSPI,,114900,-3100,-2.63,116900,117000,113600,8858,1014466200,416716677300,3626777
20260728,010960,삼호개발,KOSPI,,3010,-55,-1.79,3020,3040,2975,275616,826315663,72601200000,24120000
20260728,004450,삼화왕관,KOSPI,,25050,-750,-2.91,25400,25800,24650,661,16474875,53967193950,2154379
20260728,009470,삼화전기,KOSPI,,20750,-2250,-9.78,22400,22400,20500,59791,1258479550,137236765000,6613820
20260728,011230,삼화전자,KOSPI,,2680,-235,-8.06,2770,2850,2630,541976,1458219009,51364303800,19165785
20260728,001820,삼화콘덴서,KOSPI,,68100,-14400,-17.45,75800,77700,66600,589668,41126227050,707899500000,10395000
20260728,001290,상상인증권,KOSPI,,660,-58,-8.08,718,718,647,206632,137343717,71502499200,108337120
20260728,041650,상신브레이크,KOSPI,,2040,-75,-3.55,2100,2100,2000,34969,71203075,43801758000,21471450
20260728,075180,새론오토모티브,KOSPI,,2790,-100,-3.46,2950,2950,2715,38031,106679540,53568000000,19200000
20260728,007540,샘표,KOSPI,,43000,-950,-2.16,43950,43950,42500,5149,221510300,123659400000,2875800
20260728,248170,샘표식품,KOSPI,,22500,-500,-2.17,23000,23000,22150,11457,257322000,102786435000,4568286
20260728,007860,서연,KOSPI,,7110,-410,-5.45,7370,7500,7110,47255,339178615,166941690840,23479844
20260728,200880,서연이화,KOSPI,,10340,-500,-4.61,10680,10890,10180,41392,429104755,279474038580,27028437
20260728,017390,서울가스,KOSPI,,53300,-1300,-2.38,54600,54600,52900,3235,172498300,263835000000,4950000
20260728,031210,서울보증보험,KOSPI,,41700,-1250,-2.91,43050,43050,41350,36080,1507685400,2911560636600,69821598
20260728,004410,서울식품,KOSPI,,974,-20,-2.01,996,996,963,288185,281708197,38429182662,39455013
20260728,004415,서울식품우,KOSPI,,5800,990,20.58,4720,6250,4720,38427,226950960,1290210000,222450
20260728,021050,서원,KOSPI,,969,-41,-4.06,1000,1010,969,329314,323599313,46002877710,47474590
20260728,008490,서흥,KOSPI,,20100,-700,-3.37,20650,20750,19970,31229,636069270,232539171300,11569113
20260728,007610,선도전기,KOSPI,,3795,-355,-8.55,4000,4000,3720,274350,1050773043,68310000000,18000000
20260728,136490,선진,KOSPI,,9250,-390,-4.05,9500,9590,9120,76188,705725450,219961337000,23779604
20260728,014910,성문전자,KOSPI,,1575,-226,-12.55,1785,1785,1575,394723,647824156,34425179775,21857257
20260728,014915,성문전자우,KOSPI,,4475,-55,-1.21,4650,4650,4450,14079,63101595,2685000000,600000
20260728,004980,성신양회,KOSPI,,7510,-380,-4.82,7770,7880,7390,104520,785719550,184115708230,24516073
20260728,004985,성신양회우,KOSPI,,8290,-240,-2.81,8520,8520,8090,3946,32342920,6098497050,735645
20260728,000180,성창기업지주,KOSPI,,5160,-230,-4.27,5320,5330,5080,8990,46660950,71983651200,13950320
20260728,002420,세기상사,KOSPI,,5230,60,1.16,5170,5490,5110,11521,60196225,31222828040,5969948
20260728,004360,세방,KOSPI,,12770,-330,-2.52,13000,13000,12600,18385,234035690,244106250310,19115603
20260728,004365,세방우,KOSPI,,8980,-380,-4.06,9300,9470,8980,7203,67727990,33129465000,3689250
20260728,004490,세방전지,KOSPI,,49600,-2800,-5.34,51500,51500,49050,39387,1968051000,687456000000,13860000
20260728,001430,세아베스틸지주,KOSPI,,33900,-2300,-6.35,35250,35400,33300,83915,2843283700,1215725834100,35862119
20260728,306200,세아제강,KOSPI,,128100,-7300,-5.39,132100,132100,126100,6068,780383450,363330030000,2836300
20260728,003030,세아제강지주,KOSPI,,103600,-4300,-3.99,103100,106100,101400,19119,1967000650,429075665200,4141657
20260728,058650,세아홀딩스,KOSPI,,116400,-3700,-3.08,121800,122400,115100,997,116689500,493796270400,4242236
20260728,013000,세우글로벌,KOSPI,,1200,-50,-4.00,1233,1251,1197,21592,26072535,34446037200,28705031
20260728,021820,세원정공,KOSPI,,9530,-450,-4.51,9980,9980,9430,10116,96428600,95300000000,10000000
20260728,067830,세이브존I&C,KOSPI,,2185,-40,-1.80,2215,2220,2130,55528,120071265,89674355575,41040895
20260728,075580,세진중공업,KOSPI,,10360,-1410,-11.98,11270,11350,10360,215796,2345183835,588960364160,56849456
20260728,068270,셀트리온,KOSPI,,177400,-1300,-0.73,178000,186400,176000,1306161,236369436900,41255027444400,232553706
20260728,336370,솔루스첨단소재,KOSPI,,6370,-620,-8.87,6740,6850,6360,242706,1570446175,447284481280,70217344
20260728,33637K,솔루스첨단소재1우,KOSPI,,1420,-114,-7.43,1534,1534,1384,30633,43350262,24010447720,16908766
20260728,33637L,솔루스첨단소재2우B,KOSPI,,1870,-165,-8.11,2020,2020,1870,6862,13096402,7065413520,3778296
20260728,248070,솔루엠,KOSPI,,13430,-1040,-7.19,13940,14180,13150,215854,2928005530,642172049480,47816236
20260728,004430,송원산업,KOSPI,,12280,-450,-3.53,12710,12900,11770,205203,2505715915,294720000000,24000000
20260728,017550,수산세보틱스,KOSPI,,1552,-87,-5.31,1611,1635,1534,333242,520735039,96843449760,62399130
20260728,126720,수산인더스트리,KOSPI,,20850,-1150,-5.23,21650,21650,20750,24899,523248175,297863100000,14286000
20260728,053210,스카이라이프,KOSPI,,4030,-80,-1.95,4110,4120,4000,39670,159600712,191517508650,47522955
20260728,026890,스틱인베스트먼트,KOSPI,,7850,-100,-1.26,7900,8000,7750,74912,588845200,304351070450,38770837
20260728,134790,시디즈,KOSPI,,19330,-370,-1.88,19600,19750,18750,1337,25914120,38660000000,2000000
20260728,462870,시프트업,KOSPI,,30100,-450,-1.47,30050,30950,29750,66291,2004474150,1768130889000,58741890
20260728,016590,신대양제지,KOSPI,,10000,-390,-3.75,10310,10350,9780,14496,144737170,402978200000,40297820
20260728,029530,신도리코,KOSPI,,40500,-900,-2.17,41800,41850,39900,10501,427214875,393487024500,9715729
20260728,004970,신라교역,KOSPI,,9300,-20,-0.21,9310,9340,9060,11781,107581320,148800000000,16000000
20260728,011930,신성이엔지,KOSPI,,13660,-1630,-10.66,14530,14820,13500,257662,3589865280,277382446120,20306182
20260728,004170,신세계,KOSPI,,465500,-51500,-9.96,502000,505000,445000,130392,60203303250,4396731755500,9445181
20260728,035510,신세계 I&C,KOSPI,,11980,-820,-6.41,12800,12970,11800,89655,1092265300,167491182000,13980900
20260728,031430,신세계인터내셔날,KOSPI,,10880,-460,-4.06,11340,11380,10660,79069,858024095,380647680000,34986000
20260728,031440,신세계푸드,KOSPI,,38150,0,0.00,0,0,0,0,0,147735112000,3872480
20260728,006880,신송홀딩스,KOSPI,,4440,-315,-6.62,4720,4745,4440,29320,132475370,52520129520,11828858
20260728,005800,신영와코루,KOSPI,,13000,-150,-1.14,13250,13250,12660,3646,46635880,117000000000,9000000
20260728,001720,신영증권,KOSPI,,133700,-12700,-8.67,141300,143800,132900,10343,1412815050,2198028000000,16440000
20260728,009270,신원,KOSPI,,1000,-32,-3.10,1020,1045,986,473809,473670012,114770393000,114770393
20260728,002700,신일전자,KOSPI,,1058,-50,-4.51,1126,1150,1050,4105873,4505558642,72523277218,68547521
20260728,002870,신풍,KOSPI,,1003,-19,-1.86,1050,1050,989,135769,135603401,35063576100,34958700
20260728,019170,신풍제약,KOSPI,,7630,-200,-2.55,7780,7780,7500,61801,470400570,399953322860,52418522
20260728,019175,신풍제약우,KOSPI,,11540,-520,-4.31,12070,12070,11300,2634,30326490,22978794200,1991230
20260728,481850,신한글로벌액티브리츠,KOSPI,,981,-20,-2.00,1004,1010,970,27975,27509052,42651588384,43477664
20260728,404990,신한서부티엔디리츠,KOSPI,,3845,-35,-0.90,3880,3920,3790,57757,223884545,236152075425,61417965
20260728,293940,신한알파리츠,KOSPI,,5240,-90,-1.69,5250,5380,5220,234234,1237567790,633726244520,120940123
20260728,055550,신한지주,KOSPI,,100900,-4100,-3.90,102500,105400,99700,1253310,127580680850,47892625024900,474654361
20260728,004080,신흥,KOSPI,,14040,30,0.21,14010,14050,14000,3472,48714350,130572000000,9300000
20260728,004770,써니전자,KOSPI,,1584,-29,-1.80,1591,1612,1570,268051,426172852,56243781792,35507438
20260728,403550,쏘카,KOSPI,,9340,-410,-4.21,9790,9790,9110,53788,502063710,354359058280,37939942
20260728,004920,씨아이테크,KOSPI,,967,-32,-3.20,943,999,921,150646,144605654,50457936224,52179872
20260728,112610,씨에스윈드,KOSPI,,37650,-2400,-5.99,39200,39350,37000,412577,15591366325,1587753322950,42171403
20260728,480370,씨케이솔루션,KOSPI,,1191,-99,-7.67,1290,1290,1180,48466,58699701,38685356928,32481408
20260728,308170,씨티알모빌리티,KOSPI,,3980,65,1.66,4045,4050,3785,15408,60511880,34267800000,8610000
20260728,008700,아남전자,KOSPI,,1175,-10,-0.84,1185,1228,1155,779725,922169710,90621663500,77124820
20260728,090430,아모레퍼시픽,KOSPI,,118800,-4700,-3.81,121500,123800,117500,149915,17943925750,6948939769200,58492759
20260728,090435,아모레퍼시픽우,KOSPI,,40100,-2500,-5.87,42000,42400,40100,14159,579404400,423368983000,10557830
20260728,002790,아모레퍼시픽홀딩스,KOSPI,,24250,-650,-2.61,24500,25150,23600,85955,2070588450,1854110865000,76458180
20260728,00279K,아모레퍼시픽홀딩스3우C,KOSPI,,20150,-750,-3.59,20900,20900,20000,3729,75549325,142907830000,7092200
20260728,002795,아모레퍼시픽홀딩스우,KOSPI,,10570,-300,-2.76,10900,11000,10420,15913,170585370,67448988040,6381172
20260728,002030,아세아,KOSPI,,191700,200,0.10,187700,195000,185400,2303,436549050,394681928400,2058852
20260728,183190,아세아시멘트,KOSPI,,8880,-380,-4.10,9170,9330,8870,47314,425222450,319487055360,35978272
20260728,002310,아세아제지,KOSPI,,7300,-260,-3.44,7490,7590,7140,142977,1040013310,287981423000,39449510
20260728,012170,아센디오,KOSPI,,640,-61,-8.70,701,701,610,109846,71057715,12960124160,20250194
20260728,267850,아시아나IDT,KOSPI,,9010,-340,-3.64,9330,9330,8960,11948,108426225,100011000000,11100000
20260728,020560,아시아나항공,KOSPI,,6880,-230,-3.23,7100,7100,6800,119387,822988385,1417216091680,205990711
20260728,122900,아이마켓코리아,KOSPI,,7190,-140,-1.91,7280,7280,7130,50615,363686760,240353359600,33428840
20260728,010780,아이에스동서,KOSPI,,17970,-930,-4.92,18520,18890,17870,41703,753434695,542459958720,30186976
20260728,031820,아이티센씨티에스,KOSPI,,5220,-300,-5.43,5520,5520,5150,27631,144706985,63188862120,12105146
20260728,139990,아주스틸,KOSPI,,2055,-75,-3.52,2115,2120,2025,43293,89002435,79642375770,38755414
20260728,009320,아진전자부품,KOSPI,,1000,9,0.91,991,1017,957,114085,112063156,49299770000,49299770
20260728,001780,알루코,KOSPI,,1560,-69,-4.24,1613,1617,1557,404252,636395774,151055005920,96830132
20260728,018250,애경산업,KOSPI,,11190,-380,-3.28,11360,11570,11000,37090,416972635,295527172650,26409935
20260728,161000,애경케미칼,KOSPI,,8120,-740,-8.35,8610,8610,8050,155596,1285524300,395027517080,48648709
20260728,011090,에넥스,KOSPI,,1430,39,2.80,1442,1460,1350,356767,502268831,16955587220,11857054
20260728,137310,에스디바이오센서,KOSPI,,6110,-140,-2.24,6220,6250,5850,109171,662969490,737777013220,120749102
20260728,005850,에스엘,KOSPI,,51600,-3400,-6.18,53600,53900,51000,63661,3314877650,2396743632000,46448520
20260728,010580,에스엠벡셀,KOSPI,,1451,-85,-5.53,1507,1545,1385,186817,269637832,161426303760,111251760
20260728,012750,에스원,KOSPI,,72300,-1000,-1.36,72500,73400,71700,63833,4611067900,2747340569400,37999178
20260728,023960,에쓰씨엔지니어링,KOSPI,,981,-15,-1.51,981,985,935,90276,87094098,37313291475,38035975
20260728,298690,에어부산,KOSPI,,1489,1,0.07,1499,1499,1401,209276,301385462,242580244408,162914872
20260728,078520,에이블씨엔씨,KOSPI,,10060,-620,-5.81,10610,10690,10010,150997,1569135740,261702459660,26014161
20260728,015260,에이엔피,KOSPI,,406,-12,-2.87,409,535,396,4332785,2052436975,19129458964,47116894
20260728,007460,에이프로젠,KOSPI,,2175,-140,-6.05,2230,2305,2130,117043,255661807,51318979275,23594933
20260728,003060,에이프로젠바이오로직스,KOSPI,,2045,-45,-2.15,2080,2080,2005,48758,98674145,29473304830,14412374
20260728,244920,에이플러스에셋,KOSPI,,10960,-290,-2.58,11250,11470,10600,50818,561681040,247780315280,22607693
20260728,278470,에이피알,KOSPI,,333500,-21000,-5.92,351500,352000,329500,189500,63762330250,12485624692500,37438155
20260728,450080,에코프로머티,KOSPI,,31550,-3350,-9.60,33700,33950,31050,331711,10667409725,2234177598500,70813870
20260728,019490,엑시큐어하이트론,KOSPI,,541,0,0.00,0,0,0,0,0,41349858070,76432270
20260728,085310,엔케이,KOSPI,,7990,-190,-2.32,8160,8160,7790,35700,280716180,59270411260,7418074
20260728,900140,엘브이엠씨홀딩스,KOSPI,,1161,-42,-3.49,1192,1201,1144,627779,728658047,224352141552,193240432
20260728,066970,엘앤에프,KOSPI,,71600,-9900,-12.15,75700,77000,70000,334099,24213081350,2912921416000,40683260
20260728,097520,엠씨넥스,KOSPI,,17300,-910,-5.00,18190,18190,17160,58326,1015779310,301045950000,17401500
20260728,484870,엠앤씨솔루션,KOSPI,,16110,-2420,-13.06,17760,18050,16090,84471,1423298245,147469329000,9153900
20260728,014440,영보화학,KOSPI,,4470,-45,-1.00,4515,4525,4460,15751,70548110,89400000000,20000000
20260728,111770,영원무역,KOSPI,,86400,-400,-0.46,86300,87000,83800,41726,3584643000,3828510835200,44311468
20260728,009970,영원무역홀딩스,KOSPI,,201000,-2500,-1.23,199500,204500,196200,8915,1782764050,2603717217000,12953817
20260728,003520,영진약품,KOSPI,,1179,-40,-3.28,1211,1224,1175,210712,249830609,215630529849,182892731
20260728,000670,영풍,KOSPI,,33300,-1650,-4.72,34250,34300,32850,19569,649307650,613075743900,18410683
20260728,012280,영화금속,KOSPI,,800,-16,-1.96,807,821,788,133637,106596903,39619604000,49524505
20260728,012160,영흥,KOSPI,,2370,70,3.04,2300,2600,2235,128047,302412115,37021066110,15620703
20260728,007310,오뚜기,KOSPI,,316000,-1500,-0.47,319000,323000,309000,6484,2063497500,1266474280000,4007830
20260728,002630,오리엔트바이오,KOSPI,,911,-68,-6.95,970,974,900,152621,141796893,54014558322,59291502
20260728,271560,오리온,KOSPI,,129900,-100,-0.08,130500,133400,126800,120786,15732859150,5134789561200,39528788
20260728,001800,오리온홀딩스,KOSPI,,25400,-550,-2.12,25750,26150,25100,61345,1566208775,1527978960800,60156652
20260728,005320,온타이드,KOSPI,,655,-129,-16.45,775,791,622,202738,135094195,22393038475,34187845
20260728,011690,와이투솔루션,KOSPI,,2935,-210,-6.68,3005,3190,2920,174620,518892390,107727396390,36704394
20260728,316140,우리금융지주,KOSPI,,31750,-1350,-4.08,32600,33550,31350,3233142,104145230400,23116847403500,728089682
20260728,006980,우성,KOSPI,,15760,-250,-1.56,16050,16250,15650,1092,17265935,48698400000,3090000
20260728,011300,우성머티리얼스,KOSPI,,2855,185,6.93,2670,3050,2670,253999,741564790,48009888415,16816073
20260728,017370,우신시스템,KOSPI,,3845,-125,-3.15,3940,3990,3820,25873,100376295,70417537630,18314054
20260728,105840,우진,KOSPI,,12510,-1620,-11.46,13510,13800,12440,206002,2625905010,252672851700,20197670
20260728,010400,우진아이엔에스,KOSPI,,4875,-475,-8.88,5290,5360,4655,59801,296283642,37157250000,7622000
20260728,049800,우진플라임,KOSPI,,1709,-88,-4.90,1790,1790,1699,19065,32600099,34180000000,20000000
20260728,016880,웅진,KOSPI,,1892,-128,-6.34,2020,2070,1875,224239,430105367,151222035360,79927080
20260728,095720,웅진씽크빅,KOSPI,,1151,-24,-2.04,1160,1185,1136,43622,50120185,65407974835,56827085
20260728,005820,원림,KOSPI,,13180,-310,-2.30,13550,13550,12950,3616,47557440,30287244600,2297970
20260728,008600,윌비스,KOSPI,,2620,0,0.00,0,0,0,0,0,17615839860,6723603
20260728,033270,유나이티드제약,KOSPI,,17300,-210,-1.20,17600,17680,17080,37633,648390810,275256407500,15910775
20260728,014830,유니드,KOSPI,,59700,-2700,-4.33,61500,62400,58800,18058,1079391500,404025720000,6767600
20260728,446070,유니드비티플러스,KOSPI,,3130,-65,-2.03,3130,3205,3075,39086,122633273,33213102950,10611215
20260728,000910,유니온,KOSPI,,2685,-110,-3.94,2795,2795,2680,60537,163857967,41917197015,15611619
20260728,047400,유니온머티리얼,KOSPI,,905,-56,-5.83,953,979,904,107316,98570233,38010000000,42000000
20260728,011330,유니켐,KOSPI,,3995,-70,-1.72,3985,4155,3800,36157,142294475,36030038085,9018783
20260728,077500,유니퀘스트,KOSPI,,4850,-540,-10.02,5210,5210,4655,203114,1003254182,104760494700,21600102
20260728,002920,유성기업,KOSPI,,1750,-2,-0.11,1700,1750,1700,20180,34731899,45408125000,25947500
20260728,000700,유수홀딩스,KOSPI,,6000,-120,-1.96,6110,6120,5920,47814,286343365,156250872000,26041812
20260728,003470,유안타증권,KOSPI,,4170,-325,-7.23,4420,4480,4140,606632,2562603081,803476025340,192680102
20260728,003475,유안타증권우,KOSPI,,4000,-210,-4.99,4180,4180,3965,55463,224785058,51245480000,12811370
20260728,072130,유엔젤,KOSPI,,4620,-100,-2.12,4720,4775,4600,32400,150261265,58652997480,12695454
20260728,000220,유유제약,KOSPI,,3540,-90,-2.48,3600,3605,3490,61528,217326272,55746015480,15747462
20260728,000225,유유제약1우,KOSPI,,3695,-40,-1.07,3735,3740,3550,16161,58410065,8376306350,2266930
20260728,000227,유유제약2우B,KOSPI,,6680,10,0.15,7090,7090,6620,17802,121744280,2157372800,322960
20260728,001200,유진투자증권,KOSPI,,3890,-365,-8.58,4180,4180,3850,983521,3910173409,376810366020,96866418
20260728,000100,유한양행,KOSPI,,70700,-1300,-1.81,71000,71900,69500,229612,16167683300,5631085390700,79647601
20260728,000105,유한양행우,KOSPI,,60800,-400,-0.65,61200,61300,59200,1880,113228800,71801152000,1180940
20260728,003460,유화증권,KOSPI,,2985,-105,-3.40,3090,3090,2975,69917,210400975,169256708775,56702415
20260728,003465,유화증권우,KOSPI,,2990,-5,-0.17,2995,2995,2985,858,2562795,52254510750,17476425
20260728,008730,율촌화학,KOSPI,,13070,-670,-4.88,13400,13530,13000,40728,536026435,324136000000,24800000
20260728,008250,이건산업,KOSPI,,2780,-135,-4.63,2800,2885,2700,32681,89601497,30448325300,10952635
20260728,025820,이구산업,KOSPI,,3700,-185,-4.76,3780,3880,3685,325616,1212178941,123735400000,33442000
20260728,214320,이노션,KOSPI,,18950,-320,-1.66,19290,19410,18850,61343,1165714600,758000000000,40000000
20260728,088260,이리츠코크렙,KOSPI,,3010,-130,-4.14,3140,3145,3000,69075,209454136,190658185900,63341590
20260728,139480,이마트,KOSPI,,79300,-3400,-4.11,81900,82300,78500,75848,6054552200,2188348446700,27595819
20260728,457190,이수스페셜티케미컬,KOSPI,,52100,-5300,-9.23,55200,55500,51000,93420,4915971800,1574403231200,30218872
20260728,007660,이수페타시스,KOSPI,,71400,-14400,-16.78,80400,81300,70800,934493,69328416500,5241418236600,73409219
20260728,005950,이수화학,KOSPI,,12250,-1370,-10.06,13100,13340,12150,419886,5266726465,322103570250,26294169
20260728,015020,이스타코,KOSPI,,928,0,0.00,0,0,0,0,0,19883142400,21425800
20260728,074610,이엔플러스,KOSPI,,5110,0,0.00,0,0,0,0,0,44815400070,8770137
20260728,102460,이연제약,KOSPI,,9860,-90,-0.90,9800,9900,9650,40478,394992090,183265956460,18586811
20260728,084680,이월드,KOSPI,,547,-35,-6.01,563,577,532,480409,263387799,77567987571,141806193
20260728,350520,이지스레지던스리츠,KOSPI,,3275,-65,-1.95,3310,3340,3230,101197,332788457,120736811550,36866202
20260728,334890,이지스밸류플러스리츠,KOSPI,,3620,-30,-0.82,3650,3680,3450,284056,1007295985,251404232460,69448683
20260728,000760,이화산업,KOSPI,,12030,-420,-3.37,12200,12260,11320,435,5141820,33684000000,2800000
20260728,014990,인디에프,KOSPI,,1807,-56,-3.01,1860,1866,1778,9720,17561310,27145836393,15022599
20260728,101140,인바이오젠,KOSPI,,5220,-100,-1.88,5520,5520,4990,4424,22577430,52430807520,10044216
20260728,023800,인지컨트롤스,KOSPI,,5180,-170,-3.18,5200,5370,5040,158866,820395830,81891640460,15809197
20260728,034590,인천도시가스,KOSPI,,26100,-200,-0.76,26150,26150,25900,5354,139423775,114181079400,4374754
20260728,129260,인터지스,KOSPI,,1879,-66,-3.39,1930,1930,1850,58518,109860043,55896255246,29747874
20260728,023810,인팩,KOSPI,,4745,25,0.53,4685,4745,4600,29036,134457420,47450000000,10000000
20260728,249420,일동제약,KOSPI,,13170,-890,-6.33,13820,14010,13020,123614,1638241325,416675778840,31638252
20260728,000230,일동홀딩스,KOSPI,,5970,-260,-4.17,6180,6280,5900,9744,59012825,68896188000,11540400
20260728,013360,일성건설,KOSPI,,1280,-81,-5.95,1377,1377,1260,269605,347199446,69151846400,54024880
20260728,003120,일성아이에스,KOSPI,,20900,0,0.00,20750,21050,20550,5513,114569550,277970000000,13300000
20260728,003200,일신방직,KOSPI,,9880,-230,-2.27,10050,10350,9740,30660,302505610,226844800000,22960000
20260728,007110,일신석재,KOSPI,,750,-38,-4.82,761,786,744,493007,373831336,58092457500,77456610
20260728,007570,일양약품,KOSPI,,8270,-240,-2.82,8500,8500,8050,39512,322928345,157838441280,19085664
20260728,007575,일양약품우,KOSPI,,7150,-150,-2.05,7400,7400,7090,71,505280,3182322000,445080
20260728,081000,일진다이아,KOSPI,,8250,-460,-5.28,8640,8800,8090,28261,232471940,117174543750,14202975
20260728,020760,일진디스플,KOSPI,,902,0,0.00,0,0,0,0,0,50984432422,56523761
20260728,103590,일진전기,KOSPI,,55000,-7500,-12.00,60000,60200,54100,202195,11331079450,2622696450000,47685390
20260728,271940,일진하이솔루스,KOSPI,,9870,-850,-7.93,10630,10630,9730,47543,469214475,358411185300,36313190
20260728,015860,일진홀딩스,KOSPI,,5380,-350,-6.11,5610,5620,5270,152121,815877230,265489458540,49347483
20260728,226320,잇츠한불,KOSPI,,9120,-310,-3.29,9330,9420,9100,12824,117973420,199995352800,21929315
20260728,317400,자이에스앤디,KOSPI,,5940,-1110,-15.74,6760,7000,5520,1922588,11590980380,230368168800,38782520
20260728,033240,자화전자,KOSPI,,21450,-2550,-10.63,23200,23350,21150,79771,1735138500,463438017900,21605502
20260728,000950,전방,KOSPI,,27400,700,2.62,26050,27400,25550,1251,32821700,46032000000,1680000
20260728,079900,전진건설로봇,KOSPI,,29250,-2750,-8.59,30850,31400,28900,37753,1124481125,426831941250,14592545
20260728,348950,제이알글로벌리츠,KOSPI,,1182,0,0.00,0,0,0,0,0,233298432000,197376000
20260728,194370,제이에스코퍼레이션,KOSPI,,11990,-470,-3.77,12460,12640,11750,79366,967085135,347910928420,29016758
20260728,030000,제일기획,KOSPI,,18820,-310,-1.62,19130,19210,18710,280967,5303591250,2165075854500,115041225
20260728,271980,제일약품,KOSPI,,9510,-190,-1.96,9690,9700,9110,22088,205084090,139843332720,14704872
20260728,001560,제일연마,KOSPI,,8470,-30,-0.35,8500,8500,8290,5126,42869645,64372000000,7600000
20260728,002620,제일파마홀딩스,KOSPI,,6930,-270,-3.75,7200,7200,6500,2864,19622820,110695350150,15973355
20260728,006220,제주은행,KOSPI,,9050,-430,-4.54,9340,9470,9020,129869,1187404560,342076940850,37798557
20260728,089590,제주항공,KOSPI,,4145,-100,-2.36,4250,4260,4120,121586,505537664,334256882825,80640985
20260728,004910,조광페인트,KOSPI,,3385,-75,-2.17,3460,3460,3360,10515,35698660,43328000000,12800000
20260728,004700,조광피혁,KOSPI,,64200,200,0.31,63200,64500,61700,4196,264486300,426874659600,6649138
20260728,001550,조비,KOSPI,,9560,-540,-5.35,9960,10000,9400,61549,596093190,49637804840,5192239
20260728,462520,조선내화,KOSPI,,13820,-370,-2.61,14190,14330,13620,20242,278358470,163838421760,11855168
20260728,120030,조선선재,KOSPI,,82300,-2900,-3.40,84000,85000,77900,980,80646200,103504677300,1257651
20260728,018470,조일알미늄,KOSPI,,990,30,3.13,975,1072,950,3886146,3864567040,125365403790,126631721
20260728,002600,조흥,KOSPI,,136100,-900,-0.66,136300,138400,136000,16,2180800,81660000000,600000
20260728,185750,종근당,KOSPI,,67500,-1100,-1.60,67500,68600,66500,12983,874237400,931687650000,13802780
20260728,063160,종근당바이오,KOSPI,,13020,-280,-2.11,13120,13490,12770,5115,66129760,71427225240,5485962
20260728,001630,종근당홀딩스,KOSPI,,38200,-1050,-2.68,39200,39200,37200,7653,289478000,191376690200,5009861
20260728,109070,주성코퍼레이션,KOSPI,,1332,-25,-1.84,1357,1397,1270,130092,168980604,70343226360,52810230
20260728,044380,주연테크,KOSPI,,846,-54,-6.00,899,902,818,388296,329923638,10910283336,12896316
20260728,013890,지누스,KOSPI,,8820,-30,-0.34,8650,8850,8630,21294,185822240,193385670660,21925813
20260728,013870,지엠비코리아,KOSPI,,3705,-90,-2.37,3795,3795,3700,24181,90331642,70662797400,19072280
20260728,071320,지역난방공사,KOSPI,,61800,-4100,-6.22,65200,65700,61300,34004,2128221600,715566379200,11578744
20260728,088790,진도,KOSPI,,2330,-100,-4.12,2300,2365,2215,37497,85732700,29003243520,12447744
20260728,003780,진양산업,KOSPI,,3970,-110,-2.70,4005,4075,3895,97563,386846104,51610000000,13000000
20260728,010640,진양폴리,KOSPI,,1660,-74,-4.27,1700,1700,1642,35914,59580171,27722000000,16700000
20260728,100250,진양홀딩스,KOSPI,,2905,-55,-1.86,2970,2970,2895,46260,134609739,185629500000,63900000
20260728,051630,진양화학,KOSPI,,993,-112,-10.14,1105,1105,987,292902,299104312,21051600000,21200000
20260728,272450,진에어,KOSPI,,5000,-240,-4.58,5300,5300,4980,65182,330182485,261000000000,52200000
20260728,011000,진원생명과학,KOSPI,,2670,0,0.00,0,0,0,0,0,48531471270,18176581
20260728,002780,진흥기업,KOSPI,,747,-20,-2.61,763,850,740,5928237,4740586687,108667393515,145471745
20260728,002787,진흥기업2우B,KOSPI,,3945,910,29.98,3450,3945,3450,39942,155475360,1163017560,294808
20260728,002785,진흥기업우B,KOSPI,,1862,429,29.94,1569,1862,1569,160127,294093648,1596139916,857218
20260728,025620,차AI헬스케어,KOSPI,,4080,-270,-6.21,4480,4480,3950,24652,101405145,74272209840,18203973
20260728,009310,참엔지니어링,KOSPI,,5330,0,0.00,0,0,0,0,0,23329484620,4377014
20260728,000650,천일고속,KOSPI,,135300,-10000,-6.88,145300,145300,133100,3097,421263000,193373466000,1429220
20260728,033250,체시스,KOSPI,,3880,5,0.13,3810,3980,3765,52532,202533060,24832000000,6400000
20260728,035720,카카오,KOSPI,,35650,-1400,-3.78,36400,37100,35250,2003037,71655640500,15792275145500,442981070
20260728,323410,카카오뱅크,KOSPI,,21300,-850,-3.84,22000,22150,20800,618144,13228027825,10162665308100,477120437
20260728,377300,카카오페이,KOSPI,,41950,-2800,-6.26,42950,44250,41250,258015,10874365500,5674581743750,135270125
20260728,006380,카프로,KOSPI,,3660,0,0.00,0,0,0,0,0,618539985360,168999996
20260728,279570,케이뱅크,KOSPI,,5780,-220,-3.67,5900,5960,5730,1196464,6956226500,2344917972780,405695151
20260728,001620,케이비아이동국실업,KOSPI,,2075,-60,-2.81,2140,2140,2045,15941,33096324,46186607450,22258606
20260728,029460,케이씨,KOSPI,,28400,-200,-0.70,28350,29000,28000,57362,1629590200,312983194000,11020535
20260728,281820,케이씨텍,KOSPI,,65200,-11300,-14.77,70100,71500,64600,201725,13444632900,1290872697200,19798661
20260728,381970,케이카,KOSPI,,7190,-360,-4.77,7550,7550,7120,118168,852548545,351021897120,48820848
20260728,145270,케이탑리츠,KOSPI,,790,-23,-2.83,815,823,785,54072,43588638,37968011460,48060774
20260728,417310,코람코더원리츠,KOSPI,,10800,10,0.09,10790,10850,10730,185321,2004749030,436320000000,40400000
20260728,357120,코람코라이프인프라리츠,KOSPI,,4130,-20,-0.48,4150,4220,4115,119276,498425270,401995012020,97335354
20260728,007815,코리아써우,KOSPI,,12500,-3230,-20.53,15650,15650,12210,1796,22801740,37058625000,2964690
20260728,007810,코리아써키트,KOSPI,,47300,-9300,-16.43,52400,53300,46800,262694,12879360850,1134377926000,23982620
20260728,00781K,코리아써키트2우B,KOSPI,,11000,-1220,-9.98,12060,12060,11000,674,7494290,8620689000,783699
20260728,003690,코리안리,KOSPI,,13600,-350,-2.51,13700,14050,13400,448890,6116830510,2403406021600,176721031
20260728,192820,코스맥스,KOSPI,,184600,-7900,-4.10,189800,197500,181200,81186,15305199650,2095119361400,11349509
20260728,044820,코스맥스비티아이,KOSPI,,19630,-820,-4.01,20300,20350,18890,56439,1096673250,188524969230,9603921
20260728,005070,코스모신소재,KOSPI,,31300,-3800,-10.83,33700,34100,30900,131289,4213200000,1039616072300,33214571
20260728,005420,코스모화학,KOSPI,,8480,-700,-7.63,8840,8990,8360,120413,1032625270,325701773440,38408228
20260728,071950,코아스,KOSPI,,1505,-53,-3.40,1558,1558,1477,31730,47938147,18751088475,12459195
20260728,002020,코오롱,KOSPI,,23250,-2250,-8.82,24600,24650,22700,168992,3941430400,300103560000,12907680
20260728,003070,코오롱글로벌,KOSPI,,8720,-300,-3.33,8990,8990,8570,22591,195698775,221696922480,25423959
20260728,003075,코오롱글로벌우,KOSPI,,12120,-50,-0.41,11830,12170,11590,181,2121680,8977732440,740737
20260728,002025,코오롱우,KOSPI,,12600,-790,-5.90,13300,13300,12500,2345,29708880,14621506200,1160437
20260728,120110,코오롱인더,KOSPI,,50100,-4200,-7.73,53200,53600,49200,165065,8320007650,1500296203200,29946032
20260728,120115,코오롱인더우,KOSPI,,23400,-600,-2.50,24000,24000,22600,12657,289756575,64767924000,2767860
20260728,021240,코웨이,KOSPI,,91200,-1100,-1.19,91500,93500,89800,197217,18104806750,6453989251200,70767426
20260728,036420,콘텐트리중앙,KOSPI,,1457,-40,-2.67,1480,1480,1400,159293,227355319,28065182756,19262308
20260728,024720,콜마홀딩스,KOSPI,,8520,-310,-3.51,8850,8960,8330,71395,613812585,292204126680,34296259
20260728,192400,쿠쿠홀딩스,KOSPI,,25900,0,0.00,25600,26200,25300,19914,511723400,921060591500,35562185
20260728,284740,쿠쿠홈시스,KOSPI,,21350,-800,-3.61,22000,22350,21350,20500,448156450,479036995500,22437330
20260728,264900,크라운제과,KOSPI,,7930,-170,-2.10,8110,8140,7870,18306,145906140,99314130500,12523850
20260728,26490K,크라운제과우,KOSPI,,7210,-190,-2.57,7490,7490,7200,185,1340810,5577367600,773560
20260728,005740,크라운해태홀딩스,KOSPI,,5510,-240,-4.17,5710,5710,5450,24594,135814910,81808881970,14847347
20260728,005745,크라운해태홀딩스우,KOSPI,,5160,60,1.18,5100,5180,5000,398,2032900,3099746160,600726
20260728,259960,크래프톤,KOSPI,,244000,-4000,-1.61,243500,249500,239500,101373,24783921500,11257631252000,46137833
20260728,020120,키다리스튜디오,KOSPI,,3430,-190,-5.25,3630,3630,3425,103607,361610865,127128717380,37063766
20260728,039490,키움증권,KOSPI,,272000,-28000,-9.33,288500,291000,264500,164361,44503773250,7134101952000,26228316
20260728,014580,태경비케이,KOSPI,,3940,-65,-1.62,3980,4005,3895,65097,256249336,108677414000,27583100
20260728,015890,태경산업,KOSPI,,4560,-85,-1.83,4650,4650,4560,55342,253520347,133283100000,29228750
20260728,006890,태경케미컬,KOSPI,,5300,-500,-8.62,5760,5760,5300,74066,399450650,61480000000,11600000
20260728,003240,태광산업,KOSPI,,843000,-52000,-5.81,878000,883000,831000,1053,892691000,938596200000,1113400
20260728,011280,태림포장,KOSPI,,1593,-52,-3.16,1601,1695,1550,83374,131622674,112793862420,70805940
20260728,004100,태양금속,KOSPI,,2265,-130,-5.43,2355,2385,2245,491334,1121787413,83125500000,36700000
20260728,004105,태양금속우,KOSPI,,2790,-130,-4.45,2900,2900,2665,33634,92019324,9207000000,3300000
20260728,009410,태영건설,KOSPI,,1625,-68,-4.02,1680,1680,1610,345666,562985847,483583876750,297590078
20260728,009415,태영건설우,KOSPI,,6110,-470,-7.14,6580,6580,6110,2530,15855330,3971341140,649974
20260728,001420,태원물산,KOSPI,,2655,-130,-4.67,2785,2820,2550,19901,52899580,20178000000,7600000
20260728,055490,테이팩스,KOSPI,,11500,-1320,-10.30,12670,12670,11500,68910,817607285,55046475000,4786650
20260728,078000,텔코웨어,KOSPI,,12550,-90,-0.71,12640,12740,12210,5665,69627270,115962966350,9240077
20260728,214420,토니모리,KOSPI,,4785,-335,-6.54,5130,5130,4780,56650,278889398,115102213215,24054799
20260728,091810,트리니티항공,KOSPI,,553,-23,-3.99,576,580,548,535808,297263821,282323343827,510530459
20260728,019180,티에이치엔,KOSPI,,5500,-260,-4.51,5600,5670,5410,184358,1021126165,99000000000,18000000
20260728,217590,티엠씨,KOSPI,,10930,-1340,-10.92,12000,12000,10820,323254,3613199875,263349879250,24094225
20260728,363280,티와이홀딩스,KOSPI,,1784,-27,-1.49,1818,1818,1725,12871,22834899,81167242072,45497333
20260728,36328K,티와이홀딩스우,KOSPI,,2360,-80,-3.28,2430,2430,2255,3927,9212675,2772879640,1174949
20260728,004870,티웨이홀딩스,KOSPI,,833,-94,-10.14,927,931,825,119339,101928089,18853037434,22632698
20260728,034230,파라다이스,KOSPI,,9910,-420,-4.07,10260,10270,9780,390982,3882090380,917957175620,92629382
20260728,005690,파미셀,KOSPI,,9770,-930,-8.69,10200,10550,9690,633591,6318575955,586239216780,60004014
20260728,036580,팜스코,KOSPI,,2425,-185,-7.09,2590,2590,2420,24926,61782440,89065261775,36727943
20260728,004720,팜젠사이언스,KOSPI,,3275,-175,-5.07,3430,3430,3210,42533,139667465,74193045375,22654365
20260728,028670,팬오션,KOSPI,,5060,-180,-3.44,5150,5200,4980,1182269,5965402595,2704921730720,534569512
20260728,010820,퍼스텍,KOSPI,,5070,-430,-7.82,5350,5360,4985,834318,4250096620,247273725660,48771938
20260728,016800,퍼시스,KOSPI,,25900,-750,-2.81,26600,26600,24350,1889,47263400,297850000000,11500000
20260728,001020,페이퍼코리아,KOSPI,,1855,-95,-4.87,1894,1989,1855,5343,10416265,66031808010,35596662
20260728,090080,평화산업,KOSPI,,981,-5,-0.51,988,993,967,390550,382684623,53859116079,54902259
20260728,010770,평화홀딩스,KOSPI,,3825,-130,-3.29,3925,3945,3600,36892,140698435,55942407450,14625466
20260728,022100,포스코DX,KOSPI,,18020,-1520,-7.78,18900,19190,17930,254178,4660703580,2739665816580,152034729
20260728,058430,포스코스틸리온,KOSPI,,4070,-330,-7.50,4210,4305,4010,293659,1212445382,244200000000,60000000
20260728,047050,포스코인터내셔널,KOSPI,,50400,-2300,-4.36,51100,52000,49900,295601,14948578500,8866508515200,175922788
20260728,003670,포스코퓨처엠,KOSPI,,132900,-10700,-7.45,139800,140300,131500,224077,30111388400,11820952638000,88946220
20260728,017810,풀무원,KOSPI,,8780,-210,-2.34,8920,9200,8710,36410,319546900,334698358760,38120542
20260728,103140,풍산,KOSPI,,60100,-3900,-6.09,62000,63400,59500,119380,7218231250,1684259107800,28024278
20260728,005810,풍산홀딩스,KOSPI,,33300,-1300,-3.76,33600,35600,33100,24454,816773850,480095823600,14417292
20260728,950210,프레스티지바이오파마,KOSPI,,5550,-60,-1.07,5610,5670,5230,76681,414210280,333533660250,60096155
20260728,006490,프리티,KOSPI,,972,-48,-4.71,981,1019,950,42960,41597296,28749060756,29577223
20260728,009810,플레이그램,KOSPI,,1853,-38,-2.01,1863,1899,1751,17014,30556151,28144753750,15188750
20260728,086790,하나금융지주,KOSPI,,123000,-7600,-5.82,126900,129500,121100,1214425,150948946600,33747233004000,274367748
20260728,293480,하나제약,KOSPI,,8330,-300,-3.48,8590,8590,8310,37661,316966055,148048640180,17772946
20260728,039130,하나투어,KOSPI,,29900,-1150,-3.70,30950,31300,29850,30544,923425875,463148966800,15489932
20260728,352820,하이브,KOSPI,,188800,-36200,-16.09,223000,231500,187400,536454,111199648750,8138570636800,43106836
20260728,071090,하이스틸,KOSPI,,2800,-125,-4.27,2900,2930,2770,122486,342994354,56536118800,20191471
20260728,000080,하이트진로,KOSPI,,15230,-60,-0.39,15230,15420,15010,122293,1862081960,1068134895530,70133611
20260728,000087,하이트진로2우B,KOSPI,,12200,-100,-0.81,12300,12300,12150,1265,15484130,13787683600,1130138
20260728,000140,하이트진로홀딩스,KOSPI,,8050,-300,-3.59,8270,8300,7970,27902,225850940,186814458250,23206765
20260728,000145,하이트진로홀딩스우,KOSPI,,9420,-60,-0.63,9470,9470,9420,5,47250,4435030200,470810
20260728,036460,한국가스공사,KOSPI,,34050,-1050,-2.99,34600,34900,33750,128727,4398790625,3143257650000,92313000
20260728,005430,한국공항,KOSPI,,79600,-1200,-1.49,80600,80600,76500,22139,1739389450,252041858000,3166355
20260728,071050,한국금융지주,KOSPI,,193700,-18800,-8.85,206000,207000,190000,247178,48131609000,10794124650400,55725992
20260728,071055,한국금융지주우,KOSPI,,136200,-11200,-7.60,146200,146200,135800,38368,5347462750,797893786200,5858251
20260728,010040,한국내화,KOSPI,,1426,-31,-2.13,1499,1499,1373,20576,29004220,58561630412,41067062
20260728,025540,한국단자,KOSPI,,60000,-3200,-5.06,62000,62300,59500,24534,1477039500,606900000000,10115000
20260728,010100,한국무브넥스,KOSPI,,3405,-155,-4.35,3500,3525,3375,133688,458185529,103683680100,30450420
20260728,004090,한국석유,KOSPI,,10250,-660,-6.05,10600,10770,10130,219425,2274162065,130114730000,12694120
20260728,002200,한국수출포장,KOSPI,,2290,-25,-1.08,2300,2350,2250,97887,222273975,76714864890,33499941
20260728,002960,한국쉘석유,KOSPI,,502000,-6000,-1.18,507000,509000,494500,2610,1307376000,652600000000,1300000
20260728,000240,한국앤컴퍼니,KOSPI,,24950,-100,-0.40,24800,25150,24500,84897,2111078200,2368634238000,94935240
20260728,123890,한국자산신탁,KOSPI,,2200,-70,-3.08,2270,2270,2190,174947,386863797,269222637200,122373926
20260728,015760,한국전력,KOSPI,,33650,-2550,-7.04,35650,35800,33150,1447961,49252776175,21602091191050,641964077
20260728,006200,한국전자홀딩스,KOSPI,,2135,-175,-7.58,2315,2315,2035,41047,88609835,19984938645,9360627
20260728,027970,한국제지,KOSPI,,536,0,0.00,0,0,0,0,0,101920785920,190150720
20260728,023350,한국종합기술,KOSPI,,3945,-90,-2.23,4030,4100,3925,24393,96761609,43197750000,10950000
20260728,025890,한국주강,KOSPI,,2220,-35,-1.55,2265,2265,2195,20213,44698065,24741047520,11144616
20260728,000970,한국주철관,KOSPI,,6640,-20,-0.30,6660,6690,6470,50812,335025450,151395320000,22800500
20260728,104700,한국철강,KOSPI,,9520,-10,-0.10,9420,9640,9310,63432,596572180,347004000000,36450000
20260728,017960,한국카본,KOSPI,,20200,-2500,-11.01,22050,22100,20000,447696,9254154225,1043865017200,51676486
20260728,161890,한국콜마,KOSPI,,98900,-3600,-3.51,102100,104800,96600,221545,21965976200,2334542115300,23605077
20260728,161390,한국타이어앤테크놀로지,KOSPI,,66700,-3100,-4.44,69600,69600,65900,278573,18791513950,8262467102300,123875069
20260728,034830,한국토지신탁,KOSPI,,1108,-25,-2.21,1129,1133,1098,255801,284429266,279758066840,252489230
20260728,007280,한국특강,KOSPI,,1822,-88,-4.61,1915,1950,1811,28223,52389309,52193995880,28646540
20260728,047810,한국항공우주,KOSPI,,143000,-3200,-2.19,140800,148500,140600,356618,51661108950,13938940301000,97475107
20260728,123690,한국화장품,KOSPI,,5770,-280,-4.63,5900,6070,5740,68163,400233725,92712360000,16068000
20260728,003350,한국화장품제조,KOSPI,,7920,-340,-4.12,8190,8520,7640,126527,1014843160,179467200000,22660000
20260728,011500,한농화성,KOSPI,,11140,-1000,-8.24,11690,11900,11040,83291,940990855,174196647880,15637042
20260728,002390,한독,KOSPI,,8750,-250,-2.78,8930,9030,8500,25488,225083995,120430913750,13763533
20260728,053690,한미글로벌,KOSPI,,15440,-2170,-12.32,17160,17540,15350,215368,3437791860,169184572000,10957550
20260728,042700,한미반도체,KOSPI,,179500,-25000,-12.22,190600,192700,178600,705041,129239935000,17108539900000,95312200
20260728,008930,한미사이언스,KOSPI,,33950,-1550,-4.37,35150,35250,32850,137128,4624617000,2321893122500,68391550
20260728,128940,한미약품,KOSPI,,374500,-16000,-4.10,386000,392000,365000,51038,19037563750,4797716129500,12810991
20260728,009240,한샘,KOSPI,,38100,-600,-1.55,38250,38550,37500,51580,1960461675,896642656800,23533928
20260728,020000,한섬,KOSPI,,19830,-920,-4.43,20750,20750,19710,40263,803912260,425888791020,21476994
20260728,003680,한성기업,KOSPI,,6520,-530,-7.52,6760,7810,6010,1730677,12177902990,40486037800,6209515
20260728,105630,한세실업,KOSPI,,9060,-270,-2.89,9340,9340,8740,54559,498287755,362400000000,40000000
20260728,069640,한세엠케이,KOSPI,,1015,5,0.50,1010,1029,990,21640,21843575,22061513215,21735481
20260728,016450,한세예스24홀딩스,KOSPI,,4300,-50,-1.15,4310,4375,4285,16279,70238845,172000000000,40000000
20260728,009180,한솔로지스틱스,KOSPI,,2690,-70,-2.54,2760,2775,2640,89337,241556017,75739169250,28155825
20260728,213500,한솔제지,KOSPI,,6680,-220,-3.19,6930,6930,6650,61364,413921990,158987847680,23800576
20260728,014680,한솔케미칼,KOSPI,,198800,-26700,-11.84,215000,215500,194200,56445,11342312500,2189364321200,11012899
20260728,004710,한솔테크닉스,KOSPI,,6350,-1110,-14.88,7030,7100,6120,1159579,7451290810,257997432950,40629517
20260728,004150,한솔홀딩스,KOSPI,,2980,-105,-3.40,3070,3070,2950,216056,644913055,122259327600,41026620
20260728,025750,한솔홈데코,KOSPI,,1840,-69,-3.61,1893,1896,1825,14902,27516036,29647973360,16113029
20260728,004960,한신공영,KOSPI,,9580,-680,-6.63,10150,10150,9510,97257,945397470,110847325160,11570702
20260728,011700,한신기계,KOSPI,,2140,-180,-7.76,2240,2285,2130,203391,446263134,69434763140,32446151
20260728,001750,한양증권,KOSPI,,18950,-850,-4.29,19650,19970,18320,39756,762404150,241205719300,12728534
20260728,001755,한양증권우,KOSPI,,19240,-720,-3.61,20600,20600,19100,883,17061640,9098018800,472870
20260728,018880,한온시스템,KOSPI,,3355,-240,-6.68,3485,3500,3285,4291827,14349965238,3443110861960,1026262552
20260728,009420,한올바이오파마,KOSPI,,45200,-2300,-4.84,47500,48000,44150,179614,8090615600,2361276837600,52240638
20260728,014130,한익스프레스,KOSPI,,2440,-180,-6.87,2600,2600,2405,23064,57159903,28835634520,11817883
20260728,300720,한일시멘트,KOSPI,,13880,-300,-2.12,14140,14140,13630,98352,1355228360,1020807500920,73545209
20260728,002220,한일철강,KOSPI,,2635,-375,-12.46,2960,2960,2585,524704,1416793413,70347807100,26697460
20260728,003300,한일홀딩스,KOSPI,,17300,-540,-3.03,18200,18200,17080,22442,393543210,533383981200,30831444
20260728,051600,한전KPS,KOSPI,,44250,-2300,-4.94,46000,46000,43650,85624,3803832025,1991250000000,45000000
20260728,052690,한전기술,KOSPI,,88800,-8300,-8.55,94200,95800,87400,97316,8760945700,3393936000000,38220000
20260728,130660,한전산업,KOSPI,,10000,-1100,-9.91,10630,10940,10000,148692,1524932645,326000000000,32600000
20260728,002320,한진,KOSPI,,14660,-490,-3.23,15030,15130,14570,13700,200715485,227502910560,15518616
20260728,003480,한진중공업홀딩스,KOSPI,,4450,-220,-4.71,4645,4645,4440,27660,124938950,131407663400,29529812
20260728,180640,한진칼,KOSPI,,109000,-1700,-1.54,109500,110200,104300,93494,10044299750,7277088411000,66762279
20260728,18064K,한진칼우,KOSPI,,27000,-1350,-4.76,28300,28300,26550,2463,66442050,14492682000,536766
20260728,005110,한창,KOSPI,,1254,0,0.00,0,0,0,0,0,26467434378,21106407
20260728,009460,한창제지,KOSPI,,3015,-75,-2.43,3140,3140,2940,20697,61872914,35979493455,11933497
20260728,372910,한컴라이프케어,KOSPI,,1679,-6,-0.36,1680,1680,1612,57841,94990584,46465327674,27674406
20260728,000880,한화,KOSPI,,86800,-7000,-7.46,91000,91900,85700,124311,10840799950,6120087369200,70507919
20260728,00088K,한화3우B,KOSPI,,30500,-3050,-9.09,32550,32700,30300,36249,1131244000,591835450500,19404441
20260728,452260,한화갤러리아,KOSPI,,1784,-121,-6.35,1840,1890,1756,933049,1678560372,345845544240,193859610
20260728,45226K,한화갤러리아우,KOSPI,,2745,-1175,-29.97,3920,3920,2745,5006,15888170,7972770150,2904470
20260728,451800,한화리츠,KOSPI,,4990,175,3.63,4815,5030,4700,198157,983466964,896204000000,179600000
20260728,489790,한화비전,KOSPI,,37050,-4700,-11.26,40000,40300,36550,315070,11835569500,1870594849500,50488390
20260728,088350,한화생명,KOSPI,,4295,-260,-5.71,4490,4500,4270,2678651,11624952329,3730336350000,868530000
20260728,000370,한화손해보험,KOSPI,,5540,-330,-5.62,5800,5800,5480,457983,2560808100,646733589100,116738915
20260728,009830,한화솔루션,KOSPI,,23950,-2250,-8.59,25250,25950,23650,2735595,66432160375,4116826237200,171892536
20260728,009835,한화솔루션우,KOSPI,,15460,-960,-5.85,16420,16540,15180,8202,127699270,39814895540,2575349
20260728,272210,한화시스템,KOSPI,,61200,-1800,-2.86,60500,63200,56700,967808,58092707400,11561866606800,188919389
20260728,012450,한화에어로스페이스,KOSPI,,875000,-24000,-2.67,876000,900000,857000,172897,150851251000,45117975875000,51563401
20260728,082740,한화엔진,KOSPI,,42750,-4750,-10.00,45450,45700,42300,760903,33475731800,3567365320500,83447142
20260728,042660,한화오션,KOSPI,,81000,-7800,-8.78,85100,85100,80400,1481045,121646908100,24819484914000,306413394
20260728,003530,한화투자증권,KOSPI,,3930,-380,-8.82,4185,4215,3900,1424950,5706338536,843172755750,214547775
20260728,003535,한화투자증권우,KOSPI,,5090,-260,-4.86,5230,5300,4850,21474,108145730,24432000000,4800000
20260728,195870,해성디에스,KOSPI,,46100,-6800,-12.85,49600,50000,45650,161743,7616761900,783700000000,17000000
20260728,101530,해태제과식품,KOSPI,,5550,-90,-1.60,5660,5660,5480,65675,363430900,161598362100,29116822
20260728,143210,핸즈코퍼레이션,KOSPI,,1199,0,0.00,0,0,0,0,0,33571739817,27999783
20260728,000720,현대건설,KOSPI,,94300,-9300,-8.98,99200,99700,92600,331845,31542639700,10500848639500,111355765
20260728,000725,현대건설우,KOSPI,,46550,-2850,-5.77,49300,49300,46550,3489,164405975,49095959150,1054693
20260728,453340,현대그린푸드,KOSPI,,18440,-150,-0.81,18550,18820,18210,32264,597094820,598776064280,32471587
20260728,086280,현대글로비스,KOSPI,,190800,-13700,-6.70,197200,200000,189000,156535,30064554250,14310000000000,75000000
20260728,064350,현대로템,KOSPI,,122600,-9900,-7.47,127600,128700,120500,950984,116350691300,13380845121800,109142293
20260728,079430,현대리바트,KOSPI,,5490,-240,-4.19,5700,5710,5410,56775,312177355,110426968980,20114202
20260728,012330,현대모비스,KOSPI,,440000,-23500,-5.07,443500,447000,420500,386385,167556301000,39922336520000,90732583
20260728,069960,현대백화점,KOSPI,,127400,-9700,-7.08,135900,135900,125200,92096,11858242450,2747369788800,21564912
20260728,004560,현대비앤지스틸,KOSPI,,10630,-600,-5.34,11060,11060,10500,60119,641421770,160287760930,15078811
20260728,004310,현대약품,KOSPI,,5290,-480,-8.32,5770,6300,5290,2067904,12094576465,169280000000,32000000
20260728,017800,현대엘리베이터,KOSPI,,68000,-3000,-4.23,69800,70300,67300,144722,9891959500,2658282180000,39092385
20260728,307950,현대오토에버,KOSPI,,341500,-52500,-13.32,375500,378000,340000,75537,26457021250,9365289853000,27423982
20260728,011210,현대위아,KOSPI,,53300,-2700,-4.82,54400,54900,52100,136810,7241765500,1449497923900,27195083
20260728,004020,현대제철,KOSPI,,25800,-1950,-7.03,27100,27250,25500,446530,11591315750,3442901253000,133445785
20260728,005440,현대지에프홀딩스,KOSPI,,11720,-670,-5.41,12030,12130,11490,366581,4278672840,2149415172280,183397199
20260728,005380,현대차,KOSPI,,364000,-39000,-9.68,386500,390500,359000,898415,331413813000,74531826824000,204757766
20260728,005387,현대차2우B,KOSPI,,182200,-13800,-7.04,191000,192900,182000,211353,39154436150,6370428046000,34963930
20260728,005389,현대차3우B,KOSPI,,179500,-11300,-5.92,188000,189400,178600,15402,2793131900,417777634000,2327452
20260728,005385,현대차우,KOSPI,,181600,-14500,-7.39,191800,191800,180600,141618,26135896800,4238718336000,23340960
20260728,001500,현대차증권,KOSPI,,7300,-670,-8.41,7790,7790,7150,396897,2932161480,451381221200,61833044
20260728,011760,현대코퍼레이션,KOSPI,,22150,-1050,-4.53,23000,23000,21900,25276,560456350,293021596900,13228966
20260728,227840,현대코퍼레이션홀딩스,KOSPI,,12000,-200,-1.64,12140,12200,11940,10600,127467150,109210032000,9100836
20260728,126560,현대퓨처넷,KOSPI,,2900,-95,-3.17,2970,2995,2870,114192,331622315,316683016000,109201040
20260728,001450,현대해상,KOSPI,,38450,-1300,-3.27,39250,39850,37200,717922,27907997100,3277795212500,85248250
20260728,093240,형지엘리트,KOSPI,,409,-16,-3.76,411,434,398,887479,363102573,25108615931,61390259
20260728,003010,혜인,KOSPI,,4245,-245,-5.46,4430,4435,4135,101930,437145295,53965611015,12712747
20260728,111110,호전실업,KOSPI,,6600,-170,-2.51,6770,6780,6500,21057,138625900,59835600000,9066000
20260728,008770,호텔신라,KOSPI,,46400,-1200,-2.52,47050,48200,45750,175098,8185243175,1821112814400,39248121
20260728,008775,호텔신라우,KOSPI,,28600,-900,-3.05,29650,29800,28550,981,28349150,21503739400,751879
20260728,378850,화승알앤에이,KOSPI,,2735,-80,-2.84,2815,2815,2665,28983,78890950,51947558905,18993623
20260728,241590,화승엔터프라이즈,KOSPI,,3090,-30,-0.96,3095,3120,2970,49764,150580195,187220862840,60589276
20260728,006060,화승인더,KOSPI,,2415,-65,-2.62,2550,2550,2385,115902,281723870,133597800000,55320000
20260728,013520,화승코퍼레이션,KOSPI,,2425,-105,-4.15,2515,2515,2370,117413,282827410,121374286100,50051252
20260728,010690,화신,KOSPI,,7130,-680,-8.71,7530,7790,7050,321858,2333885560,248982523300,34920410
20260728,133820,화인베스틸,KOSPI,,1018,-54,-5.04,1004,1056,1001,33994,34280799,37782563036,37114502
20260728,010660,화천기계,KOSPI,,2585,-125,-4.61,2665,2680,2570,149890,389992594,56870000000,22000000
20260728,000850,화천기공,KOSPI,,30850,-1250,-3.89,31700,31700,30050,16346,500868975,67870000000,2200000
20260728,016580,환인제약,KOSPI,,9770,-100,-1.01,9830,9860,9650,44143,428384690,181722683900,18600070
20260728,032560,황금에스티,KOSPI,,5210,-110,-2.07,5280,5290,5150,22622,117269190,88570000000,17000000
20260728,004800,효성,KOSPI,,139300,-12800,-8.42,146300,148500,137200,28611,3997744000,2331938695100,16740407
20260728,094280,효성ITX,KOSPI,,11850,-300,-2.47,12150,12150,11760,24102,287609550,136964670000,11558200
20260728,298040,효성중공업,KOSPI,,2324000,-301000,-11.47,2490000,2502000,2280000,39547,93105202500,21670249552000,9324548
20260728,298020,효성티앤씨,KOSPI,,312500,-12000,-3.70,312000,321000,305000,27385,8604234500,1352400625000,4327682
20260728,298000,효성화학,KOSPI,,60000,-5300,-8.12,64300,64700,59400,57475,3519588950,227508660000,3791811
20260728,093370,후성,KOSPI,,8100,-1870,-18.76,9410,9490,7990,5119977,43310096225,868768173000,107255330
20260728,005870,휴니드,KOSPI,,4165,-225,-5.13,4380,4380,4045,65043,270901128,58793202475,14116015
20260728,079980,휴비스,KOSPI,,1927,-3,-0.16,1872,1928,1865,103668,195092275,66481500000,34500000
20260728,005010,휴스틸,KOSPI,,3510,-185,-5.01,3600,3655,3475,376477,1327473993,197220143250,56188075
20260728,000540,흥국화재,KOSPI,,3065,-140,-4.37,3155,3160,3060,59263,183019355,196903706925,64242645
20260728,000545,흥국화재우,KOSPI,,5200,-200,-3.70,5470,5470,5150,313,1636270,3993600000,768000
20260728,003280,흥아해운,KOSPI,,1584,-116,-6.82,1631,1677,1580,5973148,9597515054,380833040016,240424899
20260728,060310,3S,KOSDAQ,벤처기업부,974,-62,-5.98,1030,1030,960,295236,289941353,51679504960,53059040
20260728,054620,APS,KOSDAQ,중견기업부,4150,-50,-1.19,4150,4270,3900,37997,151606400,76336017150,18394221
20260728,079810,APS이노베이션,KOSDAQ,우량기업부,2660,-195,-6.83,2840,2840,2650,114731,310483926,57264730040,21528094
20260728,265520,AP시스템,KOSDAQ,우량기업부,17720,-1440,-7.52,18680,18700,17560,87915,1579899240,266700548120,15050821
20260728,211270,AP위성,KOSDAQ,우량기업부,6800,-670,-8.97,7450,7450,6800,96490,674075890,102559667200,15082304
20260728,126600,BGF에코머티리얼즈,KOSDAQ,우량기업부,2705,-170,-5.91,2855,2870,2700,105564,289697337,169784461795,62766899
20260728,083790,CG인바이츠,KOSDAQ,벤처기업부,777,-32,-3.96,810,810,753,93688,71684177,59746779414,76894182
20260728,035760,CJ ENM,KOSDAQ,중견기업부,30650,-1050,-3.31,31100,31550,30100,48270,1486392825,672128570100,21929154
20260728,311690,CJ 바이오사이언스,KOSDAQ,기술성장기업부,3410,-115,-3.26,3495,3655,3410,20329,71178654,44553225420,13065462
20260728,051500,CJ프레시웨이,KOSDAQ,우량기업부,21950,-250,-1.13,22050,22300,21600,4833,106300825,260581312700,11871586
20260728,058820,CMG제약,KOSDAQ,중견기업부,730,-70,-8.75,768,794,720,588340,434910910,108130195880,148123556
20260728,056730,CNT85,KOSDAQ,중견기업부,1471,-51,-3.35,1522,1522,1410,1505,2162415,21803510627,14822237
20260728,065770,CS,KOSDAQ,벤처기업부,1443,-83,-5.44,1526,1526,1401,123652,179400674,14005130295,9705565
20260728,083660,CSA 코스믹,KOSDAQ,중견기업부,230,0,0.00,0,0,0,0,0,24526966090,106638983
20260728,477760,DB금융스팩12호,KOSDAQ,SPAC(소속부없음),2055,0,0.00,2060,2060,2050,5074,10427030,12001200000,5840000
20260728,099520,DGI,KOSDAQ,관리종목(소속부없음),1284,0,0.00,0,0,0,0,0,58141862016,45281824
20260728,290120,DH오토리드,KOSDAQ,중견기업부,2360,45,1.94,2315,2360,2210,13667,30708895,37347417720,15825177
20260728,025440,DH오토웨어,KOSDAQ,투자주의환기종목(소속부없음),3395,-55,-1.59,3450,3450,3120,5454,18180760,33122448380,9756244
20260728,068790,DMS,KOSDAQ,우량기업부,7370,-210,-2.77,7520,7570,7010,257842,1892389350,166342550880,22570224
20260728,241520,DSC인베스트먼트,KOSDAQ,중견기업부,7080,-770,-9.81,7580,7800,7060,187008,1362308915,188328000000,26600000
20260728,180400,DXVX,KOSDAQ,관리종목(소속부없음),2155,-80,-3.58,2220,2220,2080,97007,206727415,212115425960,98429432
20260728,418620,E8,KOSDAQ,기술성장기업부,710,9,1.28,698,771,698,355906,260565231,14093838670,19850477
20260728,245620,EDGC,KOSDAQ,관리종목(소속부없음),741,0,0.00,0,0,0,0,0,167118555474,225531114
20260728,037370,EG,KOSDAQ,벤처기업부,2900,-30,-1.02,2930,3090,2850,19833,58486254,25012418800,8624972
20260728,050120,ES큐브,KOSDAQ,중견기업부,2940,-20,-0.68,2825,2940,2815,7641,21838670,39878412840,13564086
20260728,214270,FSN,KOSDAQ,중견기업부,1327,-35,-2.57,1355,1369,1274,41466,54273315,60052834295,45254585
20260728,032620,GC메디아이,KOSDAQ,우량기업부,2860,-105,-3.54,2905,2970,2855,102256,295304475,149283817540,52197139
20260728,130500,GH신소재,KOSDAQ,중견기업부,1750,-86,-4.68,1795,1816,1746,20434,36062661,25453841000,14545052
20260728,900290,GRT,KOSDAQ,외국기업(소속부없음),2960,90,3.14,3000,3205,2860,1064636,3195997969,242128000000,81800000
20260728,083450,GST,KOSDAQ,우량기업부,38200,-5800,-13.18,41000,41450,37300,166927,6473258050,704026000000,18430000
20260728,297890,HB솔루션,KOSDAQ,우량기업부,1580,-115,-6.78,1650,1652,1559,254561,403246900,115562644120,73140914
20260728,440290,HB인베스트먼트,KOSDAQ,중견기업부,1683,-1,-0.06,1700,1710,1661,45242,76131790,46293321690,27506430
20260728,078150,HB테크놀러지,KOSDAQ,우량기업부,1769,-120,-6.35,1805,1875,1759,948066,1692159683,164014455404,92715916
20260728,225530,HC보광산업,KOSDAQ,우량기업부,1787,-76,-4.08,1870,1871,1737,62854,112573771,64937305149,36338727
20260728,060560,HC홈센타,KOSDAQ,중견기업부,1780,-28,-1.55,1850,1850,1745,10987,19492850,45190641780,25388001
20260728,376270,HEM파마,KOSDAQ,기술성장기업부,37800,-2050,-5.14,40750,40750,36450,14166,530212550,272507268600,7209187
20260728,195940,HK이노엔,KOSDAQ,우량기업부,38100,-1050,-2.68,38800,39350,37500,99324,3774068425,1079368847100,28329891
20260728,028300,HLB,KOSDAQ,중견기업부,30400,-1050,-3.34,31000,31150,29800,574078,17371245975,4049225979200,133198223
20260728,278650,HLB바이오스텝,KOSDAQ,중견기업부,1706,-94,-5.22,1800,1801,1655,65286,112648603,29739667576,17432396
20260728,067630,HLB생명과학,KOSDAQ,투자주의환기종목(소속부없음),2035,-165,-7.50,2250,2250,2030,206440,433391545,248101213030,121917058
20260728,024850,HLB이노베이션,KOSDAQ,중견기업부,7990,-230,-2.80,8210,8230,7750,152758,1209939600,253710816560,31753544
20260728,187420,HLB제넥스,KOSDAQ,기술성장기업부,1520,-92,-5.71,1612,1639,1510,113371,174993243,49620319440,32644947
20260728,047920,HLB제약,KOSDAQ,기술성장기업부,8340,-280,-3.25,8820,8820,8210,215370,1814861110,273546629040,32799356
20260728,115450,HLB테라퓨틱스,KOSDAQ,중견기업부,1591,-109,-6.41,1700,1700,1588,365305,589282554,140930953419,88580109
20260728,046210,HLB파나진,KOSDAQ,벤처기업부,1021,-30,-2.85,1051,1052,985,335165,340581508,46484047160,45527960
20260728,196300,HLB펩,KOSDAQ,관리종목(소속부없음),3880,-100,-2.51,3980,4065,3735,15231,57872070,36380583320,9376439
20260728,403870,HPSP,KOSDAQ,우량기업부,32700,-4800,-12.80,34750,35100,32250,1859110,61891691425,2691210000000,82300000
20260728,036640,HRS,KOSDAQ,우량기업부,4705,-90,-1.88,4820,4820,4650,66143,310539180,76949334000,16354800
20260728,469480,IBKS제24호스팩,KOSDAQ,SPAC(소속부없음),2130,0,0.00,0,0,0,0,0,9009900000,4230000
20260728,0099X0,IBKS제25호스팩,KOSDAQ,SPAC(소속부없음),2180,0,0.00,0,0,0,0,0,13036400000,5980000
20260728,095340,ISC,KOSDAQ,우량기업부,121000,-16000,-11.68,129500,131700,118400,174415,21241850800,2564844018000,21197058
20260728,950170,JTC,KOSDAQ,외국기업(소속부없음),4990,-100,-1.96,5090,5110,4875,64371,323337925,258214276520,51746348
20260728,067290,JW신약,KOSDAQ,중견기업부,1691,-115,-6.37,1754,1929,1660,4310712,7750607228,94758741173,56037103
20260728,035900,JYP Ent.,KOSDAQ,우량기업부,45000,-2000,-4.26,46350,47250,44250,226109,10278185825,1598962140000,35532492
20260728,318000,KBG,KOSDAQ,벤처기업부,2880,-45,-1.54,2820,2940,2820,15217,43252245,25171842240,8740223
20260728,024840,KBI메탈,KOSDAQ,중견기업부,3890,-470,-10.78,4070,4195,3850,1616808,6428606750,167891964320,43159888
20260728,024120,KB오토시스,KOSDAQ,중견기업부,3125,-65,-2.04,3205,3205,3100,14535,45478615,35937500000,11500000
20260728,478390,KB제29호스팩,KOSDAQ,SPAC(소속부없음),2040,0,0.00,2035,2042,2030,9072,18498987,12688800000,6220000
20260728,486630,KB제30호스팩,KOSDAQ,SPAC(소속부없음),2025,0,0.00,2015,2030,2015,5219,10562450,10752750000,5310000
20260728,492220,KB제31호스팩,KOSDAQ,SPAC(소속부없음),2010,0,0.00,2000,2015,2000,6823,13672558,12482100000,6210000
20260728,0037T0,KB제32호스팩,KOSDAQ,SPAC(소속부없음),1991,-6,-0.30,1997,1997,1976,5783,11479757,12603030000,6330000
20260728,0072Z0,KB제33호스팩,KOSDAQ,SPAC(소속부없음),1975,0,0.00,1971,1997,1970,5467,10792608,15572875000,7885000
20260728,021320,KCC건설,KOSDAQ,우량기업부,5130,-310,-5.70,5300,5350,5080,9726,50314175,109782000000,21400000
20260728,044180,KD,KOSDAQ,관리종목(소속부없음),205,0,0.00,0,0,0,0,0,5477148795,26717799
20260728,151860,KG에코솔루션,KOSDAQ,우량기업부,5250,-170,-3.14,5330,5450,5180,72614,380972165,249915760500,47603002
20260728,035600,KG이니시스,KOSDAQ,우량기업부,9250,-240,-2.53,9450,9450,9180,92433,860387955,254878514500,27554434
20260728,046440,KG파이낸셜,KOSDAQ,우량기업부,3830,-135,-3.40,3890,3935,3790,119356,457541590,145581371660,38010802
20260728,060720,KH바텍,KOSDAQ,중견기업부,9440,-910,-8.79,10000,10160,9240,394131,3750684285,223515052480,23677442
20260728,058400,KNN,KOSDAQ,우량기업부,4710,-730,-13.42,5190,5490,4630,46846,226587523,62374398120,13242972
20260728,101000,KS인더스트리,KOSDAQ,중견기업부,311,0,0.00,0,0,0,0,0,12328645828,39641948
20260728,089600,KT나스미디어,KOSDAQ,우량기업부,10100,-230,-2.23,10260,10300,10050,17467,177328040,116838446300,11568163
20260728,418470,KT밀리의서재,KOSDAQ,우량기업부,10030,-410,-3.93,10500,10550,9990,28455,291273710,85914863670,8565789
20260728,043610,KT지니뮤직,KOSDAQ,중견기업부,1355,-51,-3.63,1419,1419,1285,35933,48356982,78746418490,58115438
20260728,122450,KX,KOSDAQ,중견기업부,2460,-110,-4.28,2570,2570,2415,87552,216840849,110256791640,44819834
20260728,052900,KX하이텍,KOSDAQ,우량기업부,926,-102,-9.92,1008,1008,910,1715900,1620740654,70994651340,76668090
20260728,036560,KZ정밀,KOSDAQ,우량기업부,11850,-170,-1.41,11930,12240,11800,6941,82703400,186637500000,15750000
20260728,061970,LB세미콘,KOSDAQ,중견기업부,3900,-300,-7.14,4050,4190,3850,229459,900774939,226523723400,58083006
20260728,309960,LB인베스트먼트,KOSDAQ,중견기업부,4190,5,0.12,4090,4190,3950,36679,148378334,97280231410,23217239
20260728,073490,LIG아큐버,KOSDAQ,우량기업부,25700,-2650,-9.35,27000,28000,25550,56197,1480753350,195418842200,7603846
20260728,225190,LK삼양,KOSDAQ,중견기업부,563,-54,-8.75,612,618,551,280832,161752997,39673731720,70468440
20260728,091970,LSK아이로봇,KOSDAQ,중견기업부,3975,-30,-0.75,3975,4155,3855,88727,349181628,29950750500,7534780
20260728,060370,LS마린솔루션,KOSDAQ,우량기업부,27600,-2400,-8.00,29000,29500,26850,120640,3344131200,1441792370400,52238854
20260728,417200,LS머트리얼즈,KOSDAQ,중견기업부,10490,-1180,-10.11,11210,11210,10250,565850,5999256515,709676392910,67652659
20260728,078020,LS증권,KOSDAQ,우량기업부,6070,-290,-4.56,6290,6320,5950,130412,787758870,336770823300,55481190
20260728,322180,LS티라유텍,KOSDAQ,벤처기업부,3650,-310,-7.83,4000,4000,3605,132126,489143750,78460786900,21496106
20260728,476080,M83,KOSDAQ,중견기업부,3730,65,1.77,3540,4280,3450,651761,2512491294,30127210000,8077000
20260728,086960,MDS테크,KOSDAQ,우량기업부,1746,-120,-6.43,1825,1850,1725,255801,450281495,74255057820,42528670
20260728,160550,NEW,KOSDAQ,중견기업부,1045,-83,-7.36,1135,1135,1034,38406,40610283,29161880770,27906106
20260728,053290,NE능률,KOSDAQ,중견기업부,1649,-83,-4.79,1731,1796,1647,48468,82370145,27251880243,16526307
20260728,060250,NHN KCP,KOSDAQ,우량기업부,11700,-920,-7.29,12350,12530,11520,408638,4859248850,469879148700,40160611
20260728,104200,NHN벅스,KOSDAQ,중견기업부,2485,-120,-4.61,2550,2600,2375,32061,78601025,36846461750,14827550
20260728,054050,NH농우바이오,KOSDAQ,우량기업부,6720,-180,-2.61,6880,6890,6685,29841,201815215,107725369920,16030561
20260728,063570,NICE인프라,KOSDAQ,우량기업부,3095,-70,-2.21,3140,3155,3040,32996,101405140,105687218160,34147728
20260728,024940,PN풍년,KOSDAQ,벤처기업부,1947,-53,-2.65,1985,2000,1901,99515,193026844,19470000000,10000000
20260728,332570,PS일렉트로닉스,KOSDAQ,우량기업부,7540,290,4.00,6970,7840,6920,7873728,59247646510,352205185020,46711563
20260728,218410,RFHIC,KOSDAQ,우량기업부,40000,-5450,-11.99,43950,43950,39500,245102,9951847000,1062137680000,26553442
20260728,327260,RF머트리얼즈,KOSDAQ,벤처기업부,20900,-2800,-11.81,22800,24500,20200,221695,4749111050,187998321500,8995135
20260728,474610,RF시스템즈,KOSDAQ,벤처기업부,5570,-470,-7.78,6060,6060,5390,91375,507785875,80292775400,14415220
20260728,091340,S&K폴리텍,KOSDAQ,중견기업부,2005,-105,-4.98,2110,2110,1996,21195,42797709,23465960605,11703721
20260728,419530,SAMG엔터,KOSDAQ,기술성장기업부,26100,-1650,-5.95,27250,27450,25600,74646,1969213325,266411495700,10207337
20260728,019550,SBI인베스트먼트,KOSDAQ,중견기업부,985,-45,-4.37,1029,1029,966,482450,475143818,79817787695,81033287
20260728,246960,SCL사이언스,KOSDAQ,기술성장기업부,1562,-98,-5.90,1650,1692,1558,49109,78468179,53134627414,34017047
20260728,099220,SDN,KOSDAQ,중견기업부,605,-89,-12.82,694,694,597,332595,206760928,38081331750,62944350
20260728,056190,SFA,KOSDAQ,우량기업부,19420,-1280,-6.18,20250,20250,19200,93271,1817687765,697348119200,35908760
20260728,222080,SFA넥셀,KOSDAQ,우량기업부,6490,-610,-8.59,6770,6870,6400,591725,3883820915,504793134560,77780144
20260728,036540,SFA반도체,KOSDAQ,중견기업부,4520,-760,-14.39,4980,5020,4465,1892987,8835692012,743360569560,164460303
20260728,255220,SG,KOSDAQ,중견기업부,1126,-62,-5.22,1180,1180,1110,826364,936423766,123368278052,109563302
20260728,040610,SG&G,KOSDAQ,중견기업부,2955,-85,-2.80,3075,3075,2895,44109,129595777,50363832090,17043598
20260728,184230,SGA솔루션즈,KOSDAQ,벤처기업부,1763,-1,-0.06,1764,1837,1713,53013,93239956,33299506977,18887979
20260728,016250,SGC E&C,KOSDAQ,중견기업부,11210,-850,-7.05,12150,12150,10500,16210,179846115,56464613060,5036986
20260728,357880,SKAI,KOSDAQ,기술성장기업부,2200,-50,-2.22,2230,2445,2050,1995971,4493912870,116468105600,52940048
20260728,048550,SM C&C,KOSDAQ,중견기업부,1557,-21,-1.33,1577,1579,1526,277701,430051914,150584663340,96714620
20260728,063440,SM Life Design,KOSDAQ,중견기업부,1102,-43,-3.76,1135,1143,1096,75288,83377542,49941939128,45319364
20260728,067160,SOOP,KOSDAQ,우량기업부,47900,-1850,-3.72,49000,49650,47050,38673,1867631900,550599339300,11494767
20260728,289080,SV인베스트먼트,KOSDAQ,중견기업부,1698,-103,-5.72,1745,1747,1656,295549,500908578,102114719634,60138233
20260728,041930,SY동아,KOSDAQ,우량기업부,4320,-150,-3.36,4470,4470,4300,37455,163291612,65664000000,15200000
20260728,089230,THE E&M,KOSDAQ,중견기업부,1296,-48,-3.57,1333,1351,1220,167274,215366617,49794074784,38421354
20260728,032540,TJ미디어,KOSDAQ,우량기업부,3395,-60,-1.74,3405,3445,3355,1385,4698875,70946717135,20897413
20260728,048770,TPC로보틱스,KOSDAQ,벤처기업부,2730,-190,-6.51,2855,2855,2650,113592,308909865,42855515430,15697991
20260728,246690,TS인베스트먼트,KOSDAQ,중견기업부,1482,-102,-6.44,1583,1583,1480,123233,186579015,35239253868,23778174
20260728,317240,TS트릴리온,KOSDAQ,벤처기업부,1000,-27,-2.63,1028,1040,960,355810,353646797,29176711000,29176711
20260728,057030,YBM넷,KOSDAQ,중견기업부,2095,-40,-1.87,2145,2145,2000,43107,88057480,34175100215,16312697
20260728,040300,YTN,KOSDAQ,중견기업부,1870,-190,-9.22,2005,2015,1870,62609,120965650,89155952600,47676980
20260728,051390,YW,KOSDAQ,중견기업부,3927,82,2.13,3870,3955,3720,4013,15528198,44592530136,11355368
20260728,052220,iMBC,KOSDAQ,중견기업부,1729,-84,-4.63,1801,1819,1705,48833,84720934,39767000000,23000000
20260728,079940,가비아,KOSDAQ,우량기업부,47450,-100,-0.21,47550,47600,47400,29938,1420619700,636811455800,13420684
20260728,078890,가온그룹,KOSDAQ,중견기업부,3550,-280,-7.31,3780,3780,3490,104131,371858699,65408547650,18424943
20260728,399720,가온칩스,KOSDAQ,벤처기업부,48400,-2500,-4.91,46200,49800,43050,370657,17209052925,573968049600,11858844
20260728,036620,감성코퍼레이션,KOSDAQ,우량기업부,4150,-320,-7.16,4425,4425,4075,338636,1409346820,372931217600,89862944
20260728,198440,강동씨앤엘,KOSDAQ,중견기업부,1019,-74,-6.77,1087,1087,1000,580313,594251631,62089602024,60931896
20260728,217730,강스템바이오텍,KOSDAQ,기술성장기업부,1949,-311,-13.76,2260,2275,1600,2539935,4712595914,183311536401,94054149
20260728,114190,강원에너지,KOSDAQ,중견기업부,7350,-800,-9.82,7870,7900,7350,82491,620832245,192004329300,26123038
20260728,094480,갤럭시아머니트리,KOSDAQ,우량기업부,4765,-275,-5.46,4950,5240,4750,316844,1567665940,186930178070,39229838
20260728,039240,경남스틸,KOSDAQ,우량기업부,1888,-64,-3.28,1925,1943,1869,62769,118843612,50937492352,26979604
20260728,053950,경남제약,KOSDAQ,중견기업부,1531,-65,-4.07,1600,1620,1490,64795,100391405,30037682619,19619649
20260728,011040,경동제약,KOSDAQ,중견기업부,4915,-95,-1.90,4995,5000,4870,15281,75120976,151228484890,30768766
20260728,024910,경창산업,KOSDAQ,중견기업부,1376,-81,-5.56,1455,1455,1350,42879,59719702,49286950880,35819005
20260728,049720,고려신용정보,KOSDAQ,우량기업부,9450,-130,-1.36,10020,10320,9400,1169208,11512758495,135135000000,14300000
20260728,014570,고려제약,KOSDAQ,중견기업부,3295,-80,-2.37,3350,3370,3255,9036,29997635,36245000000,11000000
20260728,348150,고바이오랩,KOSDAQ,기술성장기업부,3095,-175,-5.35,3195,3195,3010,26623,81692975,60101461455,19418889
20260728,950190,고스트스튜디오,KOSDAQ,외국기업(소속부없음),10160,-50,-0.49,10100,10200,10050,55358,561045495,132253319440,13017059
20260728,098460,고영,KOSDAQ,우량기업부,24250,-3400,-12.30,26300,26350,24150,1103577,27417106550,1653952165250,68204213
20260728,035290,골드앤에스,KOSDAQ,관리종목(소속부없음),1466,-64,-4.18,1530,1530,1450,10822,15958921,6989371968,4767648
20260728,215000,골프존,KOSDAQ,우량기업부,38650,-1050,-2.64,39050,40050,38400,11276,437592050,242544789750,6275415
20260728,121440,골프존홀딩스,KOSDAQ,우량기업부,6660,0,0.00,6660,6680,6650,382742,2550113495,285293207880,42836818
20260728,029480,광무,KOSDAQ,중견기업부,1276,-89,-6.52,1355,1360,1273,137159,178671843,76201612432,59719132
20260728,026910,광진실업,KOSDAQ,중견기업부,4690,30,0.64,4650,4835,4325,55147,249799340,37183848940,7928326
20260728,465320,교보15호스팩,KOSDAQ,SPAC(소속부없음),2335,0,0.00,0,0,0,0,0,8896350000,3810000
20260728,482520,교보16호스팩,KOSDAQ,SPAC(소속부없음),2035,5,0.25,2025,2035,2025,24088,48919635,12413500000,6100000
20260728,489210,교보17호스팩,KOSDAQ,SPAC(소속부없음),2025,0,0.00,2015,2025,2015,4036,8132585,10489500000,5180000
20260728,0041B0,교보18호스팩,KOSDAQ,SPAC(소속부없음),2010,-15,-0.74,2020,2025,2005,1669,3366430,10130400000,5040000
20260728,0098T0,교보19호스팩,KOSDAQ,SPAC(소속부없음),1997,-1,-0.05,1998,2000,1997,8108,16211017,10783800000,5400000
20260728,0132G0,교보20호스팩,KOSDAQ,SPAC(소속부없음),1997,-1,-0.05,1998,1998,1990,1347,2682484,11922090000,5970000
20260728,053270,구영테크,KOSDAQ,우량기업부,1790,-51,-2.77,1841,1852,1785,64393,116426370,49064624950,27410405
20260728,066620,국보디자인,KOSDAQ,우량기업부,23200,-350,-1.49,23550,23600,22700,15695,362847275,174000000000,7500000
20260728,043650,국순당,KOSDAQ,중견기업부,3540,-60,-1.67,3620,3645,3460,47158,165242815,63218396160,17858304
20260728,006050,국영지앤엠,KOSDAQ,중견기업부,505,-9,-1.75,481,585,481,560701,297650803,17622097715,34895243
20260728,060480,국일신동,KOSDAQ,중견기업부,1001,-259,-20.56,1237,1282,950,146330,157368099,11101090000,11090000
20260728,078130,국일제지,KOSDAQ,중견기업부,3900,-140,-3.47,3980,3990,3805,89892,349232875,439688289300,112740587
20260728,307750,국전,KOSDAQ,중견기업부,1957,-78,-3.83,2035,2035,1920,136609,267295174,105651165616,53986288
20260728,035080,그래디언트,KOSDAQ,중견기업부,9060,-190,-2.05,9180,9250,8920,16357,148348055,103567433040,11431284
20260728,318060,그래피,KOSDAQ,기술성장기업부,17520,-640,-3.52,17810,18160,16700,71055,1237429890,195754061040,11173177
20260728,453450,그리드위즈,KOSDAQ,중견기업부,12040,-1250,-9.41,12510,12900,11900,76774,933272360,95630710000,7942750
20260728,204020,그리티,KOSDAQ,우량기업부,1912,-23,-1.19,1935,1939,1855,10162,19298104,37189990784,19450832
20260728,0015G0,그린광학,KOSDAQ,기술성장기업부,13430,-1520,-10.17,14540,14650,13350,95233,1303625835,157165125630,11702541
20260728,402490,그린리소스,KOSDAQ,기술성장기업부,6040,-690,-10.25,6500,6600,6000,189124,1167092220,102288710680,16935217
20260728,114450,그린생명과학,KOSDAQ,벤처기업부,2240,35,1.59,2205,2285,2135,258051,571386095,44800000000,20000000
20260728,186230,그린플러스,KOSDAQ,벤처기업부,3080,-15,-0.48,3095,3095,2910,23392,70257745,33634179040,10920188
20260728,900070,글로벌에스엠,KOSDAQ,외국기업(소속부없음),1000,12,1.21,990,1000,926,79299,77131938,26871984000,26871984
20260728,204620,글로벌텍스프리,KOSDAQ,우량기업부,4230,-185,-4.19,4375,4415,4115,654640,2760482056,297298485900,70283330
20260728,019660,글로본,KOSDAQ,중견기업부,1785,-15,-0.83,1830,1830,1645,15962,26873944,24890634405,13944333
20260728,053260,금강철강,KOSDAQ,우량기업부,4490,-85,-1.86,4410,4550,4370,12834,56930295,84052800000,18720000
20260728,282720,금양그린파워,KOSDAQ,중견기업부,6970,-530,-7.07,7010,7260,6810,53551,373607630,84472915000,12119500
20260728,036190,금화피에스시,KOSDAQ,우량기업부,31000,-1350,-4.17,32050,32050,30950,4753,148699625,186000000000,6000000
20260728,049080,기가레인,KOSDAQ,벤처기업부,6680,-790,-10.58,7360,7360,6540,362144,2439966350,56702071120,8488334
20260728,420770,기가비스,KOSDAQ,우량기업부,100000,-15600,-13.49,107000,109400,97100,128488,12991530550,1267575800000,12675758
20260728,035460,기산텔레콤,KOSDAQ,벤처기업부,1919,-161,-7.74,2050,2055,1908,136532,268297291,28632132460,14920340
20260728,407400,꿈비,KOSDAQ,벤처기업부,2025,-40,-1.94,1986,2080,1986,108737,219525298,29634931350,14634534
20260728,187790,나노,KOSDAQ,벤처기업부,2500,-435,-14.82,2885,2885,2485,450675,1177101560,77102075000,30840830
20260728,121600,나노신소재,KOSDAQ,우량기업부,38450,-3900,-9.21,41200,41400,37700,77885,3035461850,471481243950,12262191
20260728,286750,나노실리칸첨단소재,KOSDAQ,투자주의환기종목(소속부없음),1668,-61,-3.53,1729,1795,1600,143399,242044202,53424133476,32028857
20260728,247660,나노씨엠에스,KOSDAQ,기술성장기업부,3925,905,29.97,3495,3925,3300,165549,626053225,17049886000,4343920
20260728,039860,나노엔텍,KOSDAQ,중견기업부,3515,-415,-10.56,3820,3890,3450,498286,1802424559,133897081295,38093053
20260728,417010,나노팀,KOSDAQ,벤처기업부,3810,-375,-8.96,4070,4165,3785,128407,500161965,76858093680,20172728
20260728,405920,나라셀라,KOSDAQ,중견기업부,1708,-74,-4.15,1799,1800,1700,9979,17153445,21995753808,12878076
20260728,478340,나라스페이스테크놀로지,KOSDAQ,기술성장기업부,9250,-940,-9.22,9970,10160,9070,72627,683992350,107023730250,11570133
20260728,051490,나라엠앤디,KOSDAQ,우량기업부,2600,-100,-3.70,2610,2710,2520,20223,51666658,36920000000,14200000
20260728,137080,나래나노텍,KOSDAQ,중견기업부,5020,-120,-2.33,5100,5110,5010,4257,21493960,53763943980,10709949
20260728,190510,나무가,KOSDAQ,우량기업부,13100,-800,-5.76,13740,13740,12980,47717,627990560,184517652700,14085317
20260728,242040,나무기술,KOSDAQ,기술성장기업부,3500,-300,-7.89,3760,3760,3440,352966,1246480109,121121924000,34606264
20260728,293580,나우IB,KOSDAQ,중견기업부,1262,-78,-5.82,1320,1325,1237,239017,302363451,119801596900,94929950
20260728,459510,나우로보틱스,KOSDAQ,기술성장기업부,12000,-1260,-9.50,12650,13000,12000,33854,413607315,155740584000,12978382
20260728,138610,나이벡,KOSDAQ,기술성장기업부,13290,-810,-5.74,13830,14010,13100,26094,348161080,151077968970,11367793
20260728,130580,나이스디앤비,KOSDAQ,우량기업부,5380,-50,-0.92,5530,5530,5300,19774,107370430,82852000000,15400000
20260728,036800,나이스정보통신,KOSDAQ,우량기업부,28150,-1450,-4.90,29250,29400,27750,20970,596950050,256165000000,9100000
20260728,366030,나인앤컴퍼니,KOSDAQ,중견기업부,4885,130,2.73,4755,4990,4500,103003,493348511,110664057250,22653850
20260728,267320,나인테크,KOSDAQ,벤처기업부,1805,-120,-6.23,1900,1900,1771,314372,569516353,103634607475,57415295
20260728,111710,남화산업,KOSDAQ,중견기업부,2835,-175,-5.81,3000,3000,2820,84578,243217394,58366980000,20588000
20260728,091590,남화토건,KOSDAQ,중견기업부,4405,-535,-10.83,4920,4920,4315,270986,1222530704,51714700000,11740000
20260728,168330,내츄럴엔도텍,KOSDAQ,투자주의환기종목(소속부없음),1858,61,3.39,1812,1858,1730,20141,35138722,59000604200,31754900
20260728,094860,네오리진,KOSDAQ,중견기업부,1200,-90,-6.98,1213,1300,1200,113237,141548988,63732016800,53110014
20260728,0218L0,네오뷰,KOSDAQ,중견기업부,14820,-3130,-17.44,17280,18890,14640,2271130,38081842625,78192913500,5276175
20260728,253590,네오셈,KOSDAQ,우량기업부,8240,-1190,-12.62,8930,9060,8140,342940,2886896755,361481911360,43869164
20260728,212560,네오오토,KOSDAQ,우량기업부,10090,-1240,-10.94,11330,11330,9800,135560,1409012510,136077251320,13486348
20260728,095660,네오위즈,KOSDAQ,우량기업부,17950,-330,-1.81,18150,18240,17510,76038,1360559200,388374439050,21636459
20260728,042420,네오위즈홀딩스,KOSDAQ,우량기업부,22950,-550,-2.34,23350,23750,22450,10918,251453500,186865394850,8142283
20260728,950220,네오이뮨텍,KOSDAQ,기술성장기업부,1318,-42,-3.09,1326,1387,1294,68970,91435236,45091205120,34211840
20260728,311390,네오크레마,KOSDAQ,벤처기업부,2305,-15,-0.65,2305,2330,2230,27032,61260005,29166983645,12653789
20260728,085910,네오티스,KOSDAQ,중견기업부,14300,-1260,-8.10,15000,15180,13800,67307,980755815,197265897400,13794818
20260728,092730,네오팜,KOSDAQ,우량기업부,18920,-380,-1.97,19280,19300,18760,66648,1262708500,303249551880,16027989
20260728,153460,네이블,KOSDAQ,중견기업부,6330,0,0.00,6330,6400,5950,9316,57926905,41334988620,6530014
20260728,007390,네이처셀,KOSDAQ,중견기업부,23250,-900,-3.73,23400,23600,22600,286897,6601684075,1498115052000,64435056
20260728,033640,네패스,KOSDAQ,중견기업부,14810,-3160,-17.58,16760,16990,14520,345417,5260456830,341506781620,23059202
20260728,330860,네패스아크,KOSDAQ,중견기업부,23600,-4400,-15.71,26500,26700,23000,203762,4908624950,287543462000,12184045
20260728,351320,넥사다이내믹스,KOSDAQ,중견기업부,917,1,0.11,915,993,850,70089,62052896,27233654714,29698642
20260728,089140,넥스턴앤롤코리아,KOSDAQ,벤처기업부,2115,-265,-11.13,2385,2385,2090,148878,319889530,32393834910,15316234
20260728,389650,넥스트바이오메디컬,KOSDAQ,기술성장기업부,34350,-2700,-7.29,37200,37650,33850,31193,1093418550,284324774100,8277286
20260728,137940,넥스트아이,KOSDAQ,중견기업부,1890,-200,-9.57,2090,2100,1744,97136,180209858,16134739110,8536899
20260728,396270,넥스트칩,KOSDAQ,벤처기업부,1906,-134,-6.57,2015,2020,1856,235183,450112311,62683443486,32887431
20260728,348210,넥스틴,KOSDAQ,우량기업부,29100,-5300,-15.41,32500,32550,28700,111488,3347677100,304880845500,10477005
20260728,225570,넥슨게임즈,KOSDAQ,중견기업부,8720,-230,-2.57,8760,9000,8500,102787,895453390,574300717280,65860174
20260728,205500,넥써쓰,KOSDAQ,중견기업부,1480,-93,-5.91,1573,1589,1480,143810,216978602,120449866600,81385045
20260728,217270,넵튠,KOSDAQ,중견기업부,2320,-35,-1.49,2355,2390,2280,32057,74027673,108426691760,46735643
20260728,104620,노랑풍선,KOSDAQ,중견기업부,3000,-130,-4.15,3130,3440,2995,203573,645877615,50431656000,16810552
20260728,473980,노머스,KOSDAQ,기술성장기업부,10320,-970,-8.59,10910,11180,10280,22845,241296960,114132203040,11059322
20260728,194700,노바렉스,KOSDAQ,우량기업부,12670,-460,-3.50,12950,13260,12510,52581,674439270,231288924160,18254848
20260728,285490,노바텍,KOSDAQ,벤처기업부,10550,-510,-4.61,10790,11090,10490,33080,350740500,111575017050,10575831
20260728,145170,노브랜드,KOSDAQ,중견기업부,2790,-125,-4.29,2865,2925,2720,101297,281580880,47174449950,16908405
20260728,376930,노을,KOSDAQ,기술성장기업부,581,-43,-6.89,624,640,568,316760,190692681,29800258663,51291323
20260728,486990,노타,KOSDAQ,기술성장기업부,19710,-2340,-10.61,20850,21050,19180,232498,4644585605,421644795300,21392430
20260728,142280,녹십자엠에스,KOSDAQ,중견기업부,2530,-145,-5.42,2635,2635,2500,114020,289947004,60626468430,23963031
20260728,234690,녹십자웰빙,KOSDAQ,우량기업부,7800,-310,-3.82,8010,8040,7550,69964,539006740,140113662000,17963290
20260728,069140,누리플랜,KOSDAQ,벤처기업부,1700,-130,-7.10,1830,1830,1676,25765,44239339,25662866800,15095804
20260728,040160,누리플렉스,KOSDAQ,중견기업부,4735,-220,-4.44,5050,5050,4500,39103,183938545,57082958225,12055535
20260728,332290,누보,KOSDAQ,벤처기업부,759,-17,-2.19,780,798,705,162349,123434957,30287442636,39904404
20260728,348340,뉴로메카,KOSDAQ,기술성장기업부,25450,-2450,-8.78,27300,27550,25000,144436,3718411300,315812892950,12409151
20260728,380550,뉴로핏,KOSDAQ,기술성장기업부,7070,-740,-9.48,7420,7570,7000,59551,429677635,86245982620,12198866
20260728,060260,뉴보텍,KOSDAQ,벤처기업부,1200,-118,-8.95,1311,1312,1200,48971,60710555,16010827200,13342356
20260728,463020,뉴엔AI,KOSDAQ,기술성장기업부,9550,2200,29.93,7960,9550,7610,1272902,11466161380,84796360000,8879200
20260728,123840,뉴온,KOSDAQ,투자주의환기종목(소속부없음),1963,92,4.92,1871,2050,1871,15257,30003771,30530637150,15553050
20260728,012340,뉴인텍,KOSDAQ,투자주의환기종목(소속부없음),814,-36,-4.24,835,848,797,145807,118343108,15222053968,18700312
20260728,462310,뉴키즈온,KOSDAQ,중견기업부,3585,-10,-0.28,3565,3670,3480,8931,31715295,28316498925,7898605
20260728,270870,뉴트리,KOSDAQ,중견기업부,4545,-170,-3.61,4355,4695,4355,61996,278883500,41815018080,9200224
20260728,144960,뉴파워프라즈마,KOSDAQ,우량기업부,8350,-2170,-20.63,10050,10180,8330,1654504,14825594210,364833410400,43692624
20260728,085670,뉴프렉스,KOSDAQ,우량기업부,2660,-335,-11.19,2905,3000,2650,289159,795998250,65172024260,24500761
20260728,064260,다날,KOSDAQ,중견기업부,4155,-435,-9.48,4495,4890,4150,5743241,26101366475,314306873835,75645457
20260728,340360,다보링크,KOSDAQ,투자주의환기종목(소속부없음),767,-59,-7.14,826,828,652,651620,450378198,39932146124,52062772
20260728,039560,다산네트웍스,KOSDAQ,중견기업부,2210,-175,-7.34,2355,2400,2210,193610,438126062,94783514280,42888468
20260728,208860,다산디엠씨,KOSDAQ,벤처기업부,999,37,3.85,954,999,844,176970,162062563,33916023027,33949973
20260728,154040,다산솔루에타,KOSDAQ,중견기업부,780,-18,-2.26,798,799,759,40758,31876008,16860178920,21615614
20260728,032190,다우데이타,KOSDAQ,우량기업부,17460,-1120,-6.03,18500,18500,17340,96143,1684978320,668718000000,38300000
20260728,323350,다원넥스뷰,KOSDAQ,기술성장기업부,6800,-1080,-13.71,7880,7880,6650,62386,431556725,54473249600,8010772
20260728,068240,다원시스,KOSDAQ,관리종목(소속부없음),2530,0,0.00,0,0,0,0,0,96553495610,38163437
20260728,290660,다이나믹솔루션,KOSDAQ,기술성장기업부,1795,129,7.74,1700,1895,1628,1597311,2818503782,76894008960,42837888
20260728,464580,닷밀,KOSDAQ,기술성장기업부,1450,-10,-0.68,1430,1484,1320,24787,33668000,26688829050,18406089
20260728,020400,대동금속,KOSDAQ,중견기업부,2690,-70,-2.54,2740,2800,2660,26517,71486854,17157713080,6378332
20260728,008830,대동기어,KOSDAQ,중견기업부,8190,-780,-8.70,8720,8750,8130,77087,642312010,73607788800,8987520
20260728,048470,대동스틸,KOSDAQ,중견기업부,2425,-120,-4.72,2695,2695,2425,21760,53333302,23401250000,9650000
20260728,004780,대륙제관,KOSDAQ,우량기업부,4125,-75,-1.79,4230,4250,4095,87131,361595884,65600695875,15903199
20260728,017650,대림제지,KOSDAQ,우량기업부,9150,-70,-0.76,9300,9300,9110,6242,57269020,80382750000,8785000
20260728,389260,대명에너지,KOSDAQ,우량기업부,12210,-1370,-10.09,13000,13280,12060,271370,3366331725,218758328250,17916325
20260728,317850,대모,KOSDAQ,벤처기업부,5380,-340,-5.94,5520,5620,5340,44111,239406050,44785379600,8324420
20260728,290670,대보마그네틱,KOSDAQ,중견기업부,4320,-465,-9.72,4750,4785,4320,14172,63032797,33945091200,7857660
20260728,078140,대봉엘에스,KOSDAQ,우량기업부,7420,-360,-4.63,7780,7820,7280,37382,281025170,82262416180,11086579
20260728,065150,대산F&B,KOSDAQ,중견기업부,1560,-201,-11.41,1763,1764,1560,105734,170621688,24863654400,15938240
20260728,036480,대성미생물,KOSDAQ,중견기업부,6220,-300,-4.60,6720,6750,6220,7800,49028670,23636000000,3800000
20260728,027830,대성창투,KOSDAQ,중견기업부,906,-39,-4.13,938,969,897,118171,107551712,48924000000,54000000
20260728,129920,대성하이텍,KOSDAQ,벤처기업부,3815,-390,-9.27,4200,4200,3805,69353,269876367,61988775240,16248696
20260728,471050,대신밸런스제17호스팩,KOSDAQ,관리종목(소속부없음),2100,0,0.00,2095,2100,2095,27216,57042490,12726000000,6060000
20260728,482690,대신밸런스제19호스팩,KOSDAQ,SPAC(소속부없음),2070,-10,-0.48,2085,2085,2065,1764,3644425,11623050000,5615000
20260728,0134X0,대신밸런스제20호스팩,KOSDAQ,SPAC(소속부없음),1976,0,0.00,1973,1980,1973,16032,31666270,13318240000,6740000
20260728,020180,대신정보통신,KOSDAQ,중견기업부,836,0,0.00,0,0,0,0,0,32126572940,38428915
20260728,045390,대아티아이,KOSDAQ,우량기업부,2390,-110,-4.40,2440,2490,2360,728902,1745034892,168431371030,70473377
20260728,108380,대양전기공업,KOSDAQ,우량기업부,15790,-1410,-8.20,16700,16980,15750,66804,1078116765,151068188070,9567333
20260728,007680,대원,KOSDAQ,중견기업부,3320,0,0.00,3320,3620,3165,59462,192011474,43899490160,13222738
20260728,048910,대원미디어,KOSDAQ,우량기업부,4400,-220,-4.76,4585,4665,4310,31675,141488665,55347362400,12578946
20260728,005710,대원산업,KOSDAQ,우량기업부,10820,-70,-0.64,10890,10900,10570,10099,108102115,216806832000,20037600
20260728,120240,대정화금,KOSDAQ,우량기업부,14440,-320,-2.17,14760,14770,14100,25277,364543465,103829246040,7190391
20260728,003310,대주산업,KOSDAQ,우량기업부,1540,-105,-6.38,1616,1618,1520,552960,862517490,54504219000,35392350
20260728,078600,대주전자재료,KOSDAQ,우량기업부,67600,-8100,-10.70,71800,72600,66500,140153,9619626600,1061599728800,15704138
20260728,393970,대진첨단소재,KOSDAQ,관리종목(소속부없음),2825,0,0.00,0,0,0,0,0,50428566500,17850820
20260728,096350,대창솔루션,KOSDAQ,벤처기업부,1621,-88,-5.15,1709,1710,1605,125315,207416229,59741569202,36854762
20260728,140520,대창스틸,KOSDAQ,중견기업부,1915,-45,-2.30,1954,1954,1910,35575,68275355,40424200345,21109243
20260728,131220,대한과학,KOSDAQ,벤처기업부,3660,-90,-2.40,3750,3755,3530,6790,24510860,27283433400,7454490
20260728,010170,대한광통신,KOSDAQ,중견기업부,8450,-1290,-13.24,9100,9320,8320,4750672,41293491820,1313853827000,155485660
20260728,054670,대한뉴팜,KOSDAQ,우량기업부,5480,-70,-1.26,5550,5550,5380,23738,128880195,78664961600,14354920
20260728,023910,대한약품,KOSDAQ,우량기업부,26100,0,0.00,26350,26700,25600,16086,416577125,156600000000,6000000
20260728,021040,대호특수강,KOSDAQ,중견기업부,900,-20,-2.17,937,937,891,26809,24451297,19534296600,21704774
20260728,021045,대호특수강우,KOSDAQ,중견기업부,2465,-35,-1.40,2500,2900,2300,12400,33096025,2091532780,848492
20260728,067080,대화제약,KOSDAQ,중견기업부,8530,-540,-5.95,8890,8900,8470,57243,493674360,158800024500,18616650
20260728,298540,더네이쳐홀딩스,KOSDAQ,우량기업부,6500,-210,-3.13,6660,6660,6330,14731,95109420,94161509000,14486386
20260728,032860,더라미,KOSDAQ,중견기업부,659,0,0.00,640,665,601,22538,14387707,26620873717,40395863
20260728,393890,더블유씨피,KOSDAQ,기술성장기업부,6580,-630,-8.74,6970,7000,6430,205244,1358330950,222687887520,33843144
20260728,299170,더블유에스아이,KOSDAQ,중견기업부,1190,-66,-5.25,1256,1256,1175,180734,215535204,49398432720,41511288
20260728,462860,더즌,KOSDAQ,벤처기업부,1832,-120,-6.15,1888,1979,1823,117122,218866151,131457950136,71756523
20260728,224060,더코디,KOSDAQ,투자주의환기종목(소속부없음),3480,-205,-5.56,3685,3695,3350,15631,55080605,17959312560,5160722
20260728,043090,더테크놀로지,KOSDAQ,투자주의환기종목(소속부없음),1140,0,0.00,0,0,0,0,0,4718944500,4139425
20260728,403850,더핑크퐁컴퍼니,KOSDAQ,중견기업부,10850,-250,-2.25,10730,11280,10730,64031,701617080,155708458500,14351010
20260728,213420,덕산네오룩스,KOSDAQ,우량기업부,27950,-2350,-7.76,29050,29600,27800,118130,3356231950,694031453050,24831179
20260728,317330,덕산테코피아,KOSDAQ,중견기업부,9430,-520,-5.23,9600,9760,9220,46687,439459295,193094187120,20476584
20260728,077360,덕산하이메탈,KOSDAQ,벤처기업부,7780,-1110,-12.49,8340,8600,7610,634371,5048785295,353499875560,45437002
20260728,090410,덕신이피씨,KOSDAQ,우량기업부,635,-52,-7.57,652,686,624,245040,156399508,29263400325,46084095
20260728,0001A0,덕양에너젠,KOSDAQ,중견기업부,7470,-600,-7.43,7990,8000,7350,93178,706308870,190253146140,25468962
20260728,263600,덕우전자,KOSDAQ,중견기업부,3155,-85,-2.62,3215,3220,3025,25746,79238060,50260128050,15930310
20260728,194480,데브시스터즈,KOSDAQ,중견기업부,16810,-490,-2.83,16930,17500,16510,66082,1110406140,203891011500,12129150
20260728,373160,데이원컴퍼니,KOSDAQ,기술성장기업부,2935,-415,-12.39,3350,3350,2935,1571,4801545,40524921515,13807469
20260728,263800,데이타솔루션,KOSDAQ,중견기업부,5100,-530,-9.41,5370,5540,5020,905616,4720226855,82749438000,16225380
20260728,206560,덱스터,KOSDAQ,기술성장기업부,1085,0,0.00,0,0,0,0,0,27571733560,25411736
20260728,261200,덴티스,KOSDAQ,중견기업부,2485,-25,-1.00,2440,2510,2345,25752,62627421,39287104500,15809700
20260728,484120,도우인시스,KOSDAQ,중견기업부,14210,-1880,-11.68,15980,15980,14200,25766,382955730,155704966620,10957422
20260728,067990,도이치모터스,KOSDAQ,우량기업부,3810,-170,-4.27,3975,3980,3800,105754,408659747,111181705500,29181550
20260728,006620,동구바이오제약,KOSDAQ,우량기업부,3705,-105,-2.76,3800,3845,3655,58638,217449513,105462795360,28464992
20260728,100130,동국S&C,KOSDAQ,중견기업부,1492,-58,-3.74,1550,1551,1451,94749,140077122,85257356000,57143000
20260728,005160,동국산업,KOSDAQ,중견기업부,2320,-95,-3.93,2415,2445,2320,37045,86743779,125847198240,54244482
20260728,303810,동국생명과학,KOSDAQ,중견기업부,2345,-65,-2.70,2405,2405,2295,38062,89036931,75002808300,31984140
20260728,075970,동국알앤에스,KOSDAQ,중견기업부,1615,-38,-2.30,1650,1657,1570,26910,43360480,29716000000,18400000
20260728,086450,동국제약,KOSDAQ,우량기업부,17460,-1120,-6.03,18300,18340,17290,261030,4602654150,789723133200,45230420
20260728,240550,동방메디컬,KOSDAQ,중견기업부,5050,-250,-4.72,5150,5200,4955,60711,306718475,105716397000,20933940
20260728,099410,동방선기,KOSDAQ,벤처기업부,2755,-245,-8.17,2975,3215,2755,237842,704652625,38570000000,14000000
20260728,033500,동성화인텍,KOSDAQ,우량기업부,15790,-940,-5.62,16150,16460,15380,103113,1619792330,473534110260,29989494
20260728,025950,동신건설,KOSDAQ,우량기업부,9790,-430,-4.21,10100,10100,9610,51401,503378650,82236000000,8400000
20260728,088130,동아엘텍,KOSDAQ,우량기업부,4660,-500,-9.69,4910,4980,4600,103543,490039325,81481563240,17485314
20260728,060380,동양에스텍,KOSDAQ,중견기업부,1179,-2,-0.17,1174,1184,1140,7138,8267229,23226300000,19700000
20260728,079960,동양이엔피,KOSDAQ,우량기업부,19170,-980,-4.86,20000,20000,19000,43041,829185785,150676200000,7860000
20260728,228340,동양파일,KOSDAQ,중견기업부,2410,-270,-10.07,2680,2680,2315,235787,572833710,48200000000,20000000
20260728,088910,동우팜투테이블,KOSDAQ,우량기업부,2085,-90,-4.14,2170,2170,2070,154318,323956135,53629877940,25721764
20260728,094170,동운아나텍,KOSDAQ,우량기업부,26700,-2600,-8.87,28400,28950,25300,139534,3711268500,558295291200,20909936
20260728,013120,동원개발,KOSDAQ,우량기업부,2080,-75,-3.48,2135,2140,2055,264155,548293104,188880848000,90808100
20260728,109860,동일금속,KOSDAQ,우량기업부,7430,10,0.13,7320,7490,7200,7838,57247310,67613000000,9100000
20260728,032960,동일기연,KOSDAQ,관리종목(소속부없음),1950,-75,-3.70,2010,2010,1926,8224,15997285,34306301250,17592975
20260728,023790,동일스틸럭스,KOSDAQ,중견기업부,1629,89,5.78,1541,1844,1485,2044889,3418746188,21290717232,13069808
20260728,005290,동진쎄미켐,KOSDAQ,우량기업부,36500,-6000,-14.12,40100,40200,35800,470205,17400805675,1860409599000,50970126
20260728,025900,동화기업,KOSDAQ,중견기업부,5430,-420,-7.18,5650,5880,5290,84592,463810735,274526057550,50557285
20260728,131970,두산테스나,KOSDAQ,우량기업부,66400,-14600,-18.02,75200,76600,63500,672711,45020263000,1283328603200,19327238
20260728,073190,듀오백,KOSDAQ,관리종목(소속부없음),1075,85,8.59,1040,1140,882,117954,118043217,12865643000,11968040
20260728,176750,듀켐바이오,KOSDAQ,기술성장기업부,6080,-1220,-16.71,6950,6950,6080,132423,861149145,173211417600,28488720
20260728,030350,드래곤플라이,KOSDAQ,관리종목(소속부없음),973,0,0.00,0,0,0,0,0,15171092867,15592079
20260728,203650,드림시큐리티,KOSDAQ,중견기업부,1712,-127,-6.91,1950,2140,1680,7290110,13651811249,174118076608,101704484
20260728,223250,드림씨아이에스,KOSDAQ,벤처기업부,2760,-185,-6.28,2940,2945,2675,74928,205468800,67897225440,24600444
20260728,060570,드림어스컴퍼니,KOSDAQ,중견기업부,858,-5,-0.58,850,865,766,50049,41971570,63579149634,74101573
20260728,362990,드림인사이트,KOSDAQ,벤처기업부,1209,-28,-2.26,1230,1230,1175,35431,42410254,20311893966,16800574
20260728,016670,디모아,KOSDAQ,중견기업부,2555,-75,-2.85,2615,2615,2370,11524,28527695,26046267870,10194234
20260728,187870,디바이스,KOSDAQ,우량기업부,10150,-1550,-13.25,11220,11570,10010,196217,2017081530,139766109000,13770060
20260728,489730,디비금융제13호스팩,KOSDAQ,SPAC(소속부없음),2020,-5,-0.25,2010,2025,2010,5280,10651053,12790640000,6332000
20260728,0004Y0,디비금융제14호스팩,KOSDAQ,SPAC(소속부없음),2005,0,0.00,2000,2005,2000,3224,6449558,10656575000,5315000
20260728,110990,디아이티,KOSDAQ,우량기업부,14240,-2400,-14.42,16030,16030,14080,86641,1266870760,269136000000,18900000
20260728,263690,디알젬,KOSDAQ,우량기업부,4915,-80,-1.60,4945,4990,4850,26743,131586575,55665373150,11325610
20260728,214680,디알텍,KOSDAQ,벤처기업부,836,-44,-5.00,846,880,820,218837,184823554,69786818816,83477056
20260728,347850,디앤디파마텍,KOSDAQ,기술성장기업부,55500,-3500,-5.93,56800,58100,52500,844502,45752570600,2543987299500,45837609
20260728,263720,디앤씨미디어,KOSDAQ,우량기업부,6650,-280,-4.04,6900,6900,6480,19328,128596500,82543730150,12412591
20260728,376300,디어유,KOSDAQ,우량기업부,19700,-1000,-4.83,20250,20850,19170,125306,2482816060,467646598200,23738406
20260728,104040,디에스엠,KOSDAQ,벤처기업부,2600,-130,-4.76,2660,2735,2510,37455,98414785,69715269000,26813565
20260728,109740,디에스케이,KOSDAQ,벤처기업부,4470,-120,-2.61,4420,4550,4160,65547,283148340,114925443300,25710390
20260728,031860,디에이치엑스컴퍼니,KOSDAQ,관리종목(소속부없음),693,0,0.00,0,0,0,0,0,18714758139,27005423
20260728,196490,디에이테크놀로지,KOSDAQ,투자주의환기종목(소속부없음),6090,0,0.00,0,0,0,0,0,69131518050,11351645
20260728,066900,디에이피,KOSDAQ,관리종목(소속부없음),1760,-78,-4.24,1799,1802,1751,34425,61523631,40030325280,22744503
20260728,092070,디엔에프,KOSDAQ,중견기업부,11050,-1390,-11.17,12430,12430,10980,33952,384471835,127869030900,11571858
20260728,039840,디오,KOSDAQ,중견기업부,12010,-510,-4.07,12530,12530,11800,35141,421906360,161124094280,13415828
20260728,219550,디와이디,KOSDAQ,관리종목(소속부없음),1310,-25,-1.87,1335,1398,1210,58097,73922412,50661965360,38673256
20260728,310870,디와이씨,KOSDAQ,벤처기업부,1299,-42,-3.13,1341,1367,1275,126136,163967710,28477459998,21922602
20260728,104460,디와이피엔에프,KOSDAQ,우량기업부,8350,-400,-4.57,8740,8740,8200,18508,154182870,87826143350,10518101
20260728,113810,디젠스,KOSDAQ,중견기업부,1950,-375,-16.13,2320,2320,1948,99387,202925157,12724939500,6525610
20260728,043360,디지아이,KOSDAQ,벤처기업부,2150,25,1.18,1991,2220,1991,16216,34018677,19350000000,9000000
20260728,197140,디지캡,KOSDAQ,벤처기업부,2025,-65,-3.11,2090,2090,2005,26506,53908830,26351636850,13013154
20260728,068930,디지털대성,KOSDAQ,우량기업부,7260,-140,-1.89,7340,7440,7100,22955,166338880,200922982920,27675342
20260728,033130,디지틀조선,KOSDAQ,중견기업부,1874,-75,-3.85,1933,1949,1870,307335,584059740,69554010358,37115267
20260728,105740,디케이락,KOSDAQ,우량기업부,6710,-330,-4.69,7040,7050,6660,43408,297854325,68230722230,10168513
20260728,263020,디케이앤디,KOSDAQ,벤처기업부,2985,-50,-1.65,3030,3030,2915,47470,141108940,41300895810,13836146
20260728,290550,디케이티,KOSDAQ,우량기업부,18280,-2720,-12.95,20300,20300,17700,358337,6595018970,365622484400,20001230
20260728,066670,디티씨,KOSDAQ,중견기업부,2520,-65,-2.51,2595,2595,2430,16030,40708020,47103633360,18691918
20260728,187220,디티앤씨,KOSDAQ,중견기업부,2200,-135,-5.78,2335,2335,2200,12810,28520869,25354852600,11524933
20260728,383930,디티앤씨알오,KOSDAQ,중견기업부,1704,-58,-3.29,1771,1799,1627,34823,58434706,21784154112,12784128
20260728,131180,딜리,KOSDAQ,벤처기업부,3625,-65,-1.76,3690,3690,3565,3633,13100860,21278750000,5870000
20260728,315640,딥노이드,KOSDAQ,기술성장기업부,1269,-78,-5.79,1344,1347,1210,81490,102689428,37273362408,29372232
20260728,900110,딥커머스,KOSDAQ,외국기업(소속부없음),1100,0,0.00,1075,1116,1033,81725,87335057,13520739100,12291581
20260728,317120,라닉스,KOSDAQ,기술성장기업부,1296,-12,-0.92,1315,1371,1236,36216,46156834,19776960000,15260000
20260728,462510,라메디텍,KOSDAQ,기술성장기업부,2605,-200,-7.13,2860,2860,2560,14757,39442420,22931723825,8802965
20260728,232680,라온로보틱스,KOSDAQ,기술성장기업부,8350,-350,-4.02,8300,8550,7970,209452,1732104150,110700125000,13257500
20260728,042510,라온시큐어,KOSDAQ,벤처기업부,7400,-260,-3.39,7850,7910,7050,186677,1366729970,82183127200,11105828
20260728,418420,라온텍,KOSDAQ,기술성장기업부,3000,-340,-10.18,3270,3270,2980,187424,575126357,92323674000,30774558
20260728,300120,라온피플,KOSDAQ,벤처기업부,491,-2,-0.41,498,511,477,161332,79350618,24306471856,49504016
20260728,171120,라이온켐텍,KOSDAQ,우량기업부,1996,-24,-1.19,2025,2025,1972,55981,111177183,71659912960,35901760
20260728,388790,라이콤,KOSDAQ,벤처기업부,3400,-300,-8.11,3560,3700,3275,315955,1083270615,104088144000,30614160
20260728,214260,라파스,KOSDAQ,기술성장기업부,8470,-370,-4.19,9100,9120,8260,31272,265799250,75573261610,8922463
20260728,171010,램테크놀러지,KOSDAQ,벤처기업부,2760,-50,-1.78,2795,2795,2685,41611,113485294,39464555520,14298752
20260728,084650,랩지노믹스,KOSDAQ,중견기업부,610,-18,-2.87,612,643,609,408140,250536259,45286393900,74239990
20260728,217500,러셀,KOSDAQ,벤처기업부,1404,-69,-4.68,1465,1465,1342,66617,91437974,44664048000,31812000
20260728,038390,레드캡투어,KOSDAQ,우량기업부,9660,-260,-2.62,9900,9900,9650,13349,129452530,161523140520,16720822
20260728,387690,레메디,KOSDAQ,기술성장기업부,7350,-2240,-23.36,8910,9250,7170,974583,7871012740,56049563850,7625791
20260728,294140,레몬,KOSDAQ,관리종목(소속부없음),1790,-136,-7.06,1910,1952,1790,25537,47054268,44597524220,24914818
20260728,365660,레몬헬스케어,KOSDAQ,기술성장기업부,3880,-725,-15.74,4600,4665,3830,782789,3187093322,51804048920,13351559
20260728,443250,레뷰코퍼레이션,KOSDAQ,벤처기업부,5680,-260,-4.38,5640,5970,5600,13083,74255820,61399760560,10809817
20260728,228670,레이,KOSDAQ,벤처기업부,4540,-155,-3.30,4695,4695,4380,78902,351396095,71005695340,15640021
20260728,228850,레이언스,KOSDAQ,우량기업부,5900,-200,-3.28,6100,6100,5560,26191,152939010,97886982600,16591014
20260728,412350,레이저쎌,KOSDAQ,기술성장기업부,3295,-405,-10.95,3480,3570,3250,232366,774693075,48117026685,14603043
20260728,199550,레이저옵텍,KOSDAQ,벤처기업부,2545,15,0.59,2510,2650,2400,33928,85447005,37782538095,14845791
20260728,281740,레이크머티리얼즈,KOSDAQ,우량기업부,10710,-1070,-9.08,11300,11620,10510,295521,3216933255,703974169080,65730548
20260728,277810,레인보우로보틱스,KOSDAQ,기술성장기업부,400500,-45500,-10.20,420500,431500,394500,136694,55245324750,7769643129000,19399858
20260728,215100,로보로보,KOSDAQ,벤처기업부,3460,-390,-10.13,3775,3825,3445,164384,585950283,70405650840,20348454
20260728,090360,로보스타,KOSDAQ,중견기업부,57200,-6500,-10.20,61400,63600,56700,91913,5374274800,557700000000,9750000
20260728,108490,로보티즈,KOSDAQ,기술성장기업부,180600,-20400,-10.15,193300,198350,177600,124563,22900401850,2647781656800,14661028
20260728,900260,로스웰,KOSDAQ,외국기업(소속부없음),1653,48,2.99,1659,1659,1601,37527,61682376,76087104018,46029706
20260728,033290,로젠,KOSDAQ,우량기업부,1552,-44,-2.76,1596,1596,1506,8244,12795719,87154579152,56156301
20260728,067730,로지시스,KOSDAQ,중견기업부,2090,-120,-5.43,2190,2190,2055,17099,35962172,20218496980,9673922
20260728,071280,로체시스템즈,KOSDAQ,우량기업부,6010,-810,-11.88,6640,6640,5960,75690,466149750,91932584030,15296603
20260728,376900,로킷헬스케어,KOSDAQ,기술성장기업부,39150,-3550,-8.31,41350,41950,38000,185930,7512661800,621458839350,15873789
20260728,214610,롤링스톤,KOSDAQ,관리종목(소속부없음),2290,0,0.00,0,0,0,0,0,19197807380,8383322
20260728,328130,루닛,KOSDAQ,기술성장기업부,9170,-440,-4.58,9440,9830,9000,264774,2440787955,682781510600,74458180
20260728,038060,루멘스,KOSDAQ,중견기업부,649,-20,-2.99,669,672,624,54393,35152839,31218891781,48103069
20260728,474170,루미르,KOSDAQ,기술성장기업부,5380,-400,-6.92,5780,5780,5300,48930,268179860,95859204480,17817696
20260728,195990,루트K,KOSDAQ,관리종목(소속부없음),630,0,0.00,0,0,0,0,0,20522721240,32575748
20260728,141080,리가켐바이오,KOSDAQ,기술성장기업부,90600,-7000,-7.17,94300,96300,87400,263640,23644303600,3353959270800,37019418
20260728,058470,리노공업,KOSDAQ,우량기업부,61600,-8200,-11.75,67100,67100,60700,548718,34283847500,4694649960000,76211850
20260728,016100,리더스코스메틱,KOSDAQ,중견기업부,1026,-11,-1.06,1037,1073,995,28124,28672435,19597517244,19100894
20260728,012700,리드코프,KOSDAQ,우량기업부,3000,-25,-0.83,3075,3075,2925,135695,402637855,78584556000,26194852
20260728,302550,리메드,KOSDAQ,기술성장기업부,2710,-20,-0.73,2700,2740,2550,100662,264400909,83758376500,30907150
20260728,491000,리브스메드,KOSDAQ,기술성장기업부,34500,-3150,-8.37,37200,37250,34300,150419,5251838825,862651489500,25004391
20260728,394420,리센스메디컬,KOSDAQ,기술성장기업부,9930,-1070,-9.73,10720,10720,9690,97775,974085540,109227030930,10999701
20260728,073570,리튬포어스,KOSDAQ,관리종목(소속부없음),1598,-42,-2.56,1637,1645,1526,22394,35599877,19235650144,12037328
20260728,377450,리파인,KOSDAQ,우량기업부,11270,-510,-4.33,11780,11810,11160,32754,371821435,195309100000,17330000
20260728,277070,린드먼아시아,KOSDAQ,중견기업부,3085,-105,-3.29,3165,3210,2960,3853,11719675,42239820000,13692000
20260728,042500,링네트,KOSDAQ,우량기업부,4145,-45,-1.07,4100,4220,4100,185733,769808113,92396791880,22291144
20260728,193250,링크드,KOSDAQ,중견기업부,1721,-89,-4.92,1810,1810,1721,27209,47685304,23007933693,13368933
20260728,474650,링크솔루션,KOSDAQ,기술성장기업부,18980,-1720,-8.31,20300,20300,18560,23667,450524800,109173567360,5752032
20260728,219420,링크제니시스,KOSDAQ,기술성장기업부,3215,-195,-5.72,3315,3320,3150,35396,113395140,36874465005,11469507
20260728,439090,마녀공장,KOSDAQ,우량기업부,15830,400,2.59,16020,16130,15290,322290,5062849220,259505305800,16393260
20260728,195500,마니커에프앤지,KOSDAQ,중견기업부,1584,-4,-0.25,1561,1596,1550,69351,108890243,25309152000,15978000
20260728,377480,마음AI,KOSDAQ,기술성장기업부,11350,1860,19.60,10020,12320,9650,2025100,22762974115,80701621250,7110275
20260728,305090,마이크로디지탈,KOSDAQ,기술성장기업부,1880,-78,-3.98,1791,2090,1791,66837,127058883,35007199880,18620851
20260728,098120,마이크로컨텍솔,KOSDAQ,우량기업부,20200,-2150,-9.62,21350,21450,19500,53886,1072928380,167917873200,8312766
20260728,424980,마이크로투나노,KOSDAQ,기술성장기업부,5680,-520,-8.39,6200,6200,5520,58700,339180150,33619295200,5918890
20260728,038290,마크로젠,KOSDAQ,중견기업부,11340,-10,-0.09,11340,11350,10800,26555,295005650,122941476000,10841400
20260728,477850,마키나락스,KOSDAQ,기술성장기업부,23500,-3250,-12.15,25800,28250,22800,2989841,77721071950,417236296000,17754736
20260728,0039P0,매드업,KOSDAQ,기술성장기업부,4560,-480,-9.52,4800,4990,4560,402418,1871834135,85761744000,18807400
20260728,267980,매일유업,KOSDAQ,우량기업부,33100,-450,-1.34,33550,33700,32800,3167,105157950,253666417800,7663638
20260728,005990,매일홀딩스,KOSDAQ,우량기업부,10670,-180,-1.66,10770,10900,10250,4156,44215485,141892903680,13298304
20260728,093520,매커스,KOSDAQ,우량기업부,19010,-790,-3.99,19470,19540,18820,23131,439601040,226253921370,11901837
20260728,100590,머큐리,KOSDAQ,중견기업부,2920,-240,-7.59,3160,3160,2890,151930,448309145,50047471400,17139545
20260728,067280,멀티캠퍼스,KOSDAQ,우량기업부,24300,-450,-1.82,24700,24700,23750,12152,293218625,144020729700,5926779
20260728,072870,메가스터디,KOSDAQ,우량기업부,12890,-130,-1.00,13030,13070,12600,25737,327677010,153661161510,11920959
20260728,215200,메가스터디교육,KOSDAQ,우량기업부,40400,-850,-2.06,40350,41500,39600,27740,1114483300,418754726400,10365216
20260728,133750,메가엠디,KOSDAQ,중견기업부,1347,29,2.20,1306,1428,1280,41444,54563983,31529332719,23407077
20260728,446540,메가터치,KOSDAQ,중견기업부,5490,-650,-10.59,5720,6030,5420,202479,1143189100,159644319390,29079111
20260728,235980,메드팩토,KOSDAQ,기술성장기업부,3480,800,29.85,2640,3480,2555,564293,1871593430,119277421080,34275121
20260728,041920,메디아나,KOSDAQ,우량기업부,9000,-750,-7.69,9510,9550,8740,63935,575659730,167384007000,18598223
20260728,014100,메디앙스,KOSDAQ,중견기업부,1863,-18,-0.96,1881,1900,1695,71953,129521121,21983400000,11800000
20260728,054180,메디콕스,KOSDAQ,관리종목(소속부없음),2295,0,0.00,0,0,0,0,0,12686716395,5527981
20260728,086900,메디톡스,KOSDAQ,우량기업부,71300,-2200,-2.99,70200,73900,70200,19207,1365679850,520382836100,7298497
20260728,078160,메디포스트,KOSDAQ,벤처기업부,8070,-330,-3.93,8330,8380,7850,68761,549595040,316381146210,39204603
20260728,0088D0,메리츠제1호스팩,KOSDAQ,SPAC(소속부없음),2100,-10,-0.47,2110,2110,2070,27320,57011460,12169500000,5795000
20260728,0165X0,메리츠제2호스팩,KOSDAQ,SPAC(소속부없음),1946,-2,-0.10,1943,1948,1940,66586,129324739,14089040000,7240000
20260728,408920,메쎄이상,KOSDAQ,우량기업부,2830,-85,-2.92,2980,2980,2830,10885,31133980,122347847650,43232455
20260728,021880,메이슨캐피탈,KOSDAQ,중견기업부,1148,-72,-5.90,1230,1230,1120,79934,92183618,24358769120,21218440
20260728,0088M0,메쥬,KOSDAQ,기술성장기업부,11710,-600,-4.87,12310,12410,11380,53172,624220110,115715292500,9881750
20260728,140410,메지온,KOSDAQ,투자주의환기종목(소속부없음),56900,-3700,-6.11,60500,60500,53000,179805,10090079350,1741481058600,30605994
20260728,241770,메카로,KOSDAQ,우량기업부,34000,-1700,-4.76,34800,35700,30750,20716,660475300,346549760000,10192640
20260728,059210,메타바이오메드,KOSDAQ,우량기업부,3620,-225,-5.85,3840,3840,3605,65117,238955445,98360630900,27171445
20260728,058110,멕아이씨에스,KOSDAQ,기술성장기업부,1589,-86,-5.13,1675,1695,1507,72018,114388656,25504292170,16050530
20260728,072770,멤레이비티,KOSDAQ,중견기업부,899,-31,-3.33,958,958,857,67461,60017495,37319376102,41512098
20260728,434480,모니터랩,KOSDAQ,기술성장기업부,2130,-115,-5.12,2170,2360,2125,40489,87767685,26220939000,12310300
20260728,080420,모다이노칩,KOSDAQ,중견기업부,1368,11,0.81,1494,1529,1327,5291,7385663,109059178896,79721622
20260728,417970,모델솔루션,KOSDAQ,우량기업부,10060,-730,-6.77,10210,10610,9910,15578,157369430,64350802000,6396700
20260728,080160,모두투어,KOSDAQ,우량기업부,8520,-240,-2.74,8690,8870,8520,74635,648366330,161028000000,18900000
20260728,087260,모바일어플라이언스,KOSDAQ,벤처기업부,247,0,0.00,0,0,0,0,0,8040556667,32552861
20260728,101330,모베이스,KOSDAQ,중견기업부,3160,-160,-4.82,3320,3320,3140,93450,298869640,73144611640,23147029
20260728,012860,모베이스전자,KOSDAQ,우량기업부,2110,-190,-8.26,2240,2255,2110,355775,766567539,154522594270,73233457
20260728,363260,모비데이즈,KOSDAQ,벤처기업부,735,-26,-3.42,780,780,689,71896,52386974,23640370215,32163769
20260728,348030,모비릭스,KOSDAQ,중견기업부,3025,-95,-3.04,3115,3135,2950,74754,228374015,29051495000,9603800
20260728,250060,모비스,KOSDAQ,기술성장기업부,2450,-125,-4.85,2570,2570,2435,203179,502023738,78819719300,32171314
20260728,288980,모아데이타,KOSDAQ,기술성장기업부,739,-6,-0.81,742,780,717,124001,91312935,26885839081,36381379
20260728,142760,모아라이프플러스,KOSDAQ,기술성장기업부,390,24,6.56,375,467,374,1836885,786666189,16445122200,42166980
20260728,033200,모아텍,KOSDAQ,투자주의환기종목(소속부없음),2460,-80,-3.15,2540,2540,2430,9862,24286803,22643141340,9204529
20260728,118990,모트렉스,KOSDAQ,우량기업부,4815,-315,-6.14,5130,5130,4810,72841,358327614,118147441365,24537371
20260728,463480,모티브링크,KOSDAQ,중견기업부,3805,-165,-4.16,3770,3875,3680,20478,77124842,47145312190,12390358
20260728,006920,모헨즈,KOSDAQ,중견기업부,2985,-160,-5.09,3000,3080,2930,203960,609892620,32596200000,10920000
20260728,001810,무림SP,KOSDAQ,중견기업부,1114,-21,-1.85,1133,1167,1100,14496,16419684,24661175000,22137500
20260728,279600,미디어젠,KOSDAQ,벤처기업부,3955,120,3.13,3775,3995,3750,4047,15518350,18528308855,4684781
20260728,095500,미래나노텍,KOSDAQ,우량기업부,6440,-380,-5.57,6580,6630,6340,155251,1000999220,199704393560,31009999
20260728,254490,미래반도체,KOSDAQ,우량기업부,12740,-2090,-14.09,14130,14410,12700,81212,1073412780,183940120000,14438000
20260728,218150,미래생명자원,KOSDAQ,벤처기업부,1921,-209,-9.81,2085,2290,1900,2204861,4660706164,39218755642,20415802
20260728,100790,미래에셋벤처투자,KOSDAQ,우량기업부,11990,-1510,-11.19,12550,12960,11500,273609,3320699135,636915730220,53120578
20260728,0097F0,미래에셋비전스팩10호,KOSDAQ,SPAC(소속부없음),1991,-6,-0.30,1990,1999,1978,5463,10842208,12941500000,6500000
20260728,0099W0,미래에셋비전스팩11호,KOSDAQ,SPAC(소속부없음),1994,2,0.10,1987,1996,1981,9077,18014400,13958000000,7000000
20260728,477380,미래에셋비전스팩4호,KOSDAQ,SPAC(소속부없음),2065,0,0.00,2065,2070,2055,3242,6679425,16726500000,8100000
20260728,477470,미래에셋비전스팩5호,KOSDAQ,SPAC(소속부없음),2070,0,0.00,2075,2075,2050,2687,5515725,11343600000,5480000
20260728,478440,미래에셋비전스팩6호,KOSDAQ,SPAC(소속부없음),2045,0,0.00,2040,2050,2030,7701,15705887,14171850000,6930000
20260728,482680,미래에셋비전스팩7호,KOSDAQ,SPAC(소속부없음),2055,0,0.00,0,0,0,0,0,16881825000,8215000
20260728,0093G0,미래에셋비전스팩8호,KOSDAQ,SPAC(소속부없음),1979,-17,-0.85,1980,1997,1973,6654,13162673,12665600000,6400000
20260728,0096D0,미래에셋비전스팩9호,KOSDAQ,SPAC(소속부없음),1983,-13,-0.65,1974,1992,1974,12461,24659159,10906500000,5500000
20260728,049950,미래컴퍼니,KOSDAQ,중견기업부,9230,-740,-7.42,9970,9970,9190,24889,233791860,81389069320,8817884
20260728,207760,미스터블루,KOSDAQ,중견기업부,391,-13,-3.22,386,480,386,1004001,430916285,32484195153,83079783
20260728,059090,미코,KOSDAQ,벤처기업부,13380,-1910,-12.49,14580,14850,13260,270945,3716457995,447116489640,33416778
20260728,201490,미투온,KOSDAQ,중견기업부,1988,-102,-4.88,2065,2150,1978,263152,531316152,65054767288,32723726
20260728,475460,미트박스,KOSDAQ,벤처기업부,5480,-110,-1.97,5260,5640,5260,19318,106086290,30942957000,5646525
20260728,452200,민테크,KOSDAQ,기술성장기업부,1196,-103,-7.93,1261,1298,1172,100841,120780889,29102028800,24332800
20260728,206640,바디텍메드,KOSDAQ,우량기업부,11230,-120,-1.06,11350,11440,11010,130017,1462103420,246025952830,21907921
20260728,035620,바른손이앤에이,KOSDAQ,중견기업부,801,81,11.25,727,934,716,1518872,1280555554,14906544318,18609918
20260728,053030,바이넥스,KOSDAQ,중견기업부,6480,-230,-3.43,6640,6790,6370,88479,572376425,211793538240,32684188
20260728,301300,바이브컴퍼니,KOSDAQ,기술성장기업부,1656,67,4.22,1589,1859,1538,120597,201587624,21784203072,13154712
20260728,064550,바이오니아,KOSDAQ,중견기업부,6260,-230,-3.54,6260,6520,6110,46319,288811510,161572421660,25810291
20260728,314930,바이오다인,KOSDAQ,기술성장기업부,8100,-460,-5.37,8500,8500,7910,16250,131047710,241089234300,29764103
20260728,489460,바이오비쥬,KOSDAQ,벤처기업부,9170,150,1.66,8960,9270,8690,153938,1379514350,135287641790,14753287
20260728,086820,바이오솔루션,KOSDAQ,기술성장기업부,6200,-180,-2.82,6400,6580,6020,57957,363308255,160729327000,25924085
20260728,038460,바이오스마트,KOSDAQ,우량기업부,2620,-150,-5.42,2750,2750,2585,142949,377209995,66219300040,25274542
20260728,251120,바이오에프디엔씨,KOSDAQ,기술성장기업부,7310,-610,-7.70,7900,7900,7210,27112,200894175,63565567000,8695700
20260728,199730,바이오인프라,KOSDAQ,벤처기업부,2645,610,29.98,2645,2645,2645,70133,185501785,12866250715,4864367
20260728,086040,바이오톡스텍,KOSDAQ,벤처기업부,2135,-70,-3.17,2200,2210,2015,4380,9393895,34070857345,15958247
20260728,188040,바이오포트,KOSDAQ,벤처기업부,4405,-130,-2.87,4535,4535,4275,13400,58834725,20612351740,4679308
20260728,099430,바이오플러스,KOSDAQ,우량기업부,3515,-120,-3.30,3605,3620,3430,227512,795360265,216667137830,61640722
20260728,308080,바이젠셀,KOSDAQ,기술성장기업부,4815,-375,-7.23,5060,5080,4755,147689,722036495,98703936900,20499260
20260728,043150,바텍,KOSDAQ,우량기업부,16760,-810,-4.61,17560,17560,16690,37048,627304660,248957330560,14854256
20260728,323990,박셀바이오,KOSDAQ,기술성장기업부,3845,-115,-2.90,3915,4005,3770,126042,481680385,89424491525,23257345
20260728,267790,배럴,KOSDAQ,중견기업부,3205,-150,-4.47,3355,3355,3070,7261,22821895,24644235345,7689309
20260728,046310,백금T&A,KOSDAQ,우량기업부,2030,-150,-6.88,2175,2175,1990,74337,152638524,33329841230,16418641
20260728,331520,밸로프,KOSDAQ,중견기업부,2160,25,1.17,2130,2165,2035,29001,60455810,21973416480,10172878
20260728,199480,뱅크웨어글로벌,KOSDAQ,기술성장기업부,2520,-155,-5.79,2675,2675,2500,19791,50542857,25695401760,10196588
20260728,438700,버넥트,KOSDAQ,기술성장기업부,1778,-61,-3.32,1839,1839,1719,28398,50236769,19815614420,11144890
20260728,066410,버킷스튜디오,KOSDAQ,투자주의환기종목(소속부없음),1153,0,0.00,0,0,0,0,0,159637252154,138453818
20260728,382900,범한퓨얼셀,KOSDAQ,벤처기업부,14110,-1430,-9.20,15000,15010,14020,36798,532152875,123617710000,8761000
20260728,206400,베노티앤알,KOSDAQ,중견기업부,857,14,1.66,843,883,826,108986,93307580,32146205406,37510158
20260728,019010,베뉴지,KOSDAQ,중견기업부,3900,-240,-5.80,4055,4055,3760,112285,430503345,187980000000,48200000
20260728,177350,베셀,KOSDAQ,투자주의환기종목(소속부없음),695,0,0.00,0,0,0,0,0,13783032890,19831702
20260728,457600,벡트,KOSDAQ,벤처기업부,3385,60,1.80,3300,3540,3165,203169,677214814,46399887500,13707500
20260728,424760,벨로크,KOSDAQ,벤처기업부,2250,120,5.63,2315,2345,2065,120891,270203597,22622328000,10054368
20260728,250000,보라티알,KOSDAQ,우량기업부,5250,-40,-0.76,5290,5290,4975,25984,131940255,35441348250,6750733
20260728,310210,보로노이,KOSDAQ,기술성장기업부,117100,-8800,-6.99,122000,123800,110000,94342,10794916700,2157093127900,18420949
20260728,006910,보성파워텍,KOSDAQ,우량기업부,5790,-670,-10.37,6190,6230,5730,813862,4813224980,284461680960,49129824
20260728,0010F0,보원케미칼,KOSDAQ,벤처기업부,2070,-140,-6.33,2115,2180,2050,69295,146374617,23067254070,11143601
20260728,226340,본느,KOSDAQ,중견기업부,1410,-64,-4.34,1436,1500,1380,17196,24485449,11830582440,8390484
20260728,014470,부방,KOSDAQ,벤처기업부,925,-6,-0.64,922,959,814,196419,175658890,55548340500,60052260
20260728,008470,부스타,KOSDAQ,벤처기업부,1746,-4,-0.23,1795,1795,1662,52480,89666904,14674780800,8404800
20260728,338220,뷰노,KOSDAQ,기술성장기업부,7210,-580,-7.45,7640,7890,7210,40012,294552685,100953143830,14001823
20260728,100120,뷰웍스,KOSDAQ,우량기업부,21600,-1150,-5.05,22550,22550,21200,36870,797189600,193782477600,8971411
20260728,406820,뷰티스킨,KOSDAQ,벤처기업부,1639,-81,-4.71,1752,1886,1603,457558,790347005,23169161323,14136157
20260728,099390,브레인즈컴퍼니,KOSDAQ,벤처기업부,2950,-215,-6.79,3165,3175,2850,81926,250349995,24214434850,8208283
20260728,064480,브리지텍,KOSDAQ,벤처기업부,2585,-100,-3.72,2665,2725,2450,64039,167488885,30897212500,11952500
20260728,365900,브이씨,KOSDAQ,벤처기업부,2500,-260,-9.42,2720,2800,2460,15240,38743795,18275750000,7310300
20260728,089970,브이엠,KOSDAQ,우량기업부,62900,-12000,-16.02,67500,68300,60900,768639,48569257400,1655953518500,26326765
20260728,251630,브이원텍,KOSDAQ,벤처기업부,3475,-160,-4.40,3635,3845,3340,21431,73696510,55401528850,15942886
20260728,018290,브이티,KOSDAQ,우량기업부,11420,-550,-4.59,11690,12090,11210,143046,1648801800,399035789960,34941838
20260728,478560,블랙야크아이앤씨,KOSDAQ,벤처기업부,2470,-30,-1.20,2425,2525,2365,46111,111078139,63800836060,25830298
20260728,439580,블루엠텍,KOSDAQ,기술성장기업부,1650,-45,-2.65,1635,1694,1624,105321,174039109,55846802550,33846547
20260728,033560,블루콤,KOSDAQ,중견기업부,4630,-220,-4.54,4850,4950,4575,99501,470843996,79173000000,17100000
20260728,369370,블리츠웨이엔터테인먼트,KOSDAQ,벤처기업부,750,0,0.00,0,0,0,0,0,37403933250,49871911
20260728,126340,비나텍,KOSDAQ,벤처기업부,51600,-9000,-14.85,56800,58000,51500,92506,4931584850,370509362400,7180414
20260728,121800,비덴트,KOSDAQ,관리종목(소속부없음),3320,0,0.00,0,0,0,0,0,256309348520,77201611
20260728,082800,비보존 제약,KOSDAQ,중견기업부,2220,-80,-3.48,2300,2305,2150,242716,536564335,134797658520,60719666
20260728,318410,비비씨,KOSDAQ,중견기업부,5580,-140,-2.45,5620,5710,5380,11556,63365305,30998255940,5555243
20260728,419540,비스토스,KOSDAQ,벤처기업부,2410,-235,-8.88,2515,2610,2380,17871,43674390,14359389730,5958253
20260728,146320,비씨엔씨,KOSDAQ,벤처기업부,8480,-980,-10.36,8980,9350,8430,37687,324786270,108526387040,12797923
20260728,200780,비씨월드제약,KOSDAQ,중견기업부,3150,-20,-0.63,3160,3160,2940,10955,33060725,33596832150,10665661
20260728,413640,비아이매트릭스,KOSDAQ,벤처기업부,5990,-270,-4.31,6260,6290,5810,12640,75115210,43169570600,7206940
20260728,141000,비아트론,KOSDAQ,벤처기업부,7280,-770,-9.57,7950,7950,7140,83376,612868800,88195088800,12114710
20260728,083650,비에이치아이,KOSDAQ,우량기업부,39850,-4550,-10.25,42600,43100,39400,149436,6049376000,1233133343750,30944375
20260728,0068Y0,비엔케이제3호스팩,KOSDAQ,SPAC(소속부없음),1982,-8,-0.40,1984,1984,1981,1224,2427918,8542420000,4310000
20260728,065170,비엘팜텍,KOSDAQ,투자주의환기종목(소속부없음),2355,-165,-6.55,2530,2820,2300,1376154,3476629016,65736982515,27913793
20260728,086670,비엠티,KOSDAQ,우량기업부,14430,-590,-3.93,14700,14910,14110,31952,457835100,143230520550,9925885
20260728,488900,비츠로넥스텍,KOSDAQ,기술성장기업부,7010,-780,-10.01,7500,7560,6970,55217,392068575,203124865430,28976443
20260728,082920,비츠로셀,KOSDAQ,우량기업부,29600,-1000,-3.27,29900,30400,28650,276134,8114974675,1342048519200,45339477
20260728,054220,비츠로시스,KOSDAQ,벤처기업부,1388,-106,-7.10,1482,1523,1388,52607,74468906,17475775008,12590616
20260728,042370,비츠로테크,KOSDAQ,우량기업부,7290,-640,-8.07,7830,7830,7220,166995,1233511265,190998182250,26200025
20260728,050090,비케이홀딩스,KOSDAQ,투자주의환기종목(소속부없음),346,-39,-10.13,380,454,346,429942,166254463,8143018310,23534735
20260728,148780,비큐AI,KOSDAQ,기술성장기업부,457,0,0.00,0,0,0,0,0,14370696325,31445725
20260728,307870,비투엔,KOSDAQ,벤처기업부,795,1,0.13,792,804,738,285941,221120950,59067931575,74299285
20260728,377030,비트맥스,KOSDAQ,관리종목(소속부없음),1480,30,2.07,1449,1504,1350,23889,34089307,21151718960,14291702
20260728,032850,비트컴퓨터,KOSDAQ,벤처기업부,3845,-130,-3.27,3985,3985,3835,37107,143899335,63916561585,16623293
20260728,049470,비트플래닛,KOSDAQ,중견기업부,1341,-4,-0.30,1345,1352,1267,48829,63895837,31573709559,23544899
20260728,238200,비피도,KOSDAQ,벤처기업부,2450,5,0.20,2685,2685,2390,10958,27035920,20041000000,8180000
20260728,093190,빅솔론,KOSDAQ,우량기업부,8700,100,1.16,8510,8700,7960,128045,1082286980,167378473500,19238905
20260728,065450,빅텍,KOSDAQ,벤처기업부,2820,-125,-4.24,2930,2930,2775,442599,1252077158,83178164460,29495803
20260728,044480,빌리언스,KOSDAQ,중견기업부,831,0,0.00,762,837,737,114223,89422042,27631511196,33250916
20260728,069540,빛과전자,KOSDAQ,벤처기업부,1950,-205,-9.51,2025,2060,1902,3543521,6989378243,219749199150,112691897
20260728,072950,빛샘전자,KOSDAQ,벤처기업부,6630,-330,-4.74,6730,6880,6360,139730,909607090,53388804300,8052610
20260728,451250,삐아,KOSDAQ,벤처기업부,6640,-440,-6.21,6830,7070,6540,24931,166457700,67899823280,10225877
20260728,143240,사람인,KOSDAQ,우량기업부,16090,-320,-1.95,16430,16690,16000,21463,347792265,172689641790,10732731
20260728,466410,사이냅소프트,KOSDAQ,벤처기업부,7480,-300,-3.86,7750,7750,7200,8059,59775730,37676932040,5037023
20260728,223310,사토시홀딩스,KOSDAQ,중견기업부,4015,-180,-4.29,4150,4600,3925,13572,55415385,20896637630,5204642
20260728,452430,사피엔반도체,KOSDAQ,기술성장기업부,23850,-3700,-13.43,27200,27200,23700,34553,848190175,196891790850,8255421
20260728,419120,산돌,KOSDAQ,중견기업부,2170,-145,-6.26,2280,2300,2130,40316,87804460,30864103130,14223089
20260728,122350,삼기,KOSDAQ,중견기업부,1496,-125,-7.71,1570,1574,1460,1402951,2120714404,57355784288,38339428
20260728,419050,삼기에너지솔루션즈,KOSDAQ,중견기업부,1170,-94,-7.44,1228,1253,1161,513260,611153901,66919600800,57196240
20260728,014970,삼륭물산,KOSDAQ,중견기업부,4020,-195,-4.63,4215,4255,3995,126775,519138365,59596500000,14825000
20260728,018310,삼목에스폼,KOSDAQ,우량기업부,13420,-970,-6.74,14020,14240,13350,16151,219861810,197274000000,14700000
20260728,012210,삼미금속,KOSDAQ,중견기업부,5730,-410,-6.68,5890,6800,5500,134421,790907970,132085547670,23051579
20260728,053700,삼보모터스,KOSDAQ,우량기업부,3840,-60,-1.54,3865,3870,3720,251107,951139130,102588506880,26715757
20260728,009620,삼보산업,KOSDAQ,투자주의환기종목(소속부없음),808,7,0.87,788,817,741,168971,134522112,14118222784,17473048
20260728,023600,삼보판지,KOSDAQ,우량기업부,8270,-210,-2.48,8500,8500,8100,5402,44291530,132388641000,16008300
20260728,0044K0,삼성스팩10호,KOSDAQ,SPAC(소속부없음),1987,-5,-0.25,1991,1991,1978,13108,25957097,14942240000,7520000
20260728,0071M0,삼성스팩11호,KOSDAQ,SPAC(소속부없음),1995,1,0.05,1979,1997,1978,13303,26403693,11491200000,5760000
20260728,0096B0,삼성스팩12호,KOSDAQ,SPAC(소속부없음),1974,-13,-0.65,1976,1986,1971,60771,120030595,12988920000,6580000
20260728,0115H0,삼성스팩13호,KOSDAQ,SPAC(소속부없음),1986,7,0.35,1979,1998,1971,63631,126539535,14597100000,7350000
20260728,009300,삼아제약,KOSDAQ,우량기업부,12300,-190,-1.52,12470,12470,12230,3130,38401730,78351000000,6370000
20260728,482630,삼양엔씨켐,KOSDAQ,중견기업부,10750,-1630,-13.17,11900,12010,10700,186990,2069625955,235299010000,21888280
20260728,484590,삼양컴텍,KOSDAQ,벤처기업부,5670,-450,-7.35,5900,6000,5600,279908,1598016395,233663251500,41210450
20260728,036670,삼양케이씨아이,KOSDAQ,우량기업부,5020,-90,-1.76,5110,5150,4995,10694,53706870,54016204000,10760200
20260728,361670,삼영에스앤씨,KOSDAQ,기술성장기업부,3160,-270,-7.87,3430,3430,3120,4594,15060395,17909799280,5667658
20260728,054540,삼영엠텍,KOSDAQ,우량기업부,6440,-360,-5.29,6530,7970,6350,2072566,14932482370,83720000000,13000000
20260728,065570,삼영이엔씨,KOSDAQ,관리종목(소속부없음),764,0,0.00,0,0,0,0,0,12295692232,16093838
20260728,014950,삼익제약,KOSDAQ,벤처기업부,4270,-405,-8.66,4590,4930,4210,335292,1511716290,42732400760,10007588
20260728,032280,삼일,KOSDAQ,중견기업부,1323,12,0.92,1327,1355,1279,54857,72269689,21450579570,16213590
20260728,002290,삼일기업공사,KOSDAQ,우량기업부,3120,-75,-2.35,3195,3255,3115,22086,69958422,38688000000,12400000
20260728,037460,삼지전자,KOSDAQ,우량기업부,32150,-2600,-7.48,33350,33700,31900,86447,2809573425,524640482300,16318522
20260728,032750,삼진,KOSDAQ,우량기업부,2920,-45,-1.52,2945,3010,2875,11906,34592782,26370876240,9031122
20260728,0013V0,삼진식품,KOSDAQ,중견기업부,4680,-235,-4.78,4945,4945,4665,23938,114468935,46419310080,9918656
20260728,054090,삼진엘앤디,KOSDAQ,중견기업부,949,-2,-0.21,951,951,906,72549,66978999,23686311168,24959232
20260728,000250,삼천당제약,KOSDAQ,중견기업부,139500,-9900,-6.63,143600,146600,133400,221729,30560009100,3272317344000,23457472
20260728,024950,삼천리자전거,KOSDAQ,중견기업부,3215,-175,-5.16,3300,3375,3210,17669,57296380,39866000000,12400000
20260728,038500,삼표시멘트,KOSDAQ,우량기업부,6740,-680,-9.16,7190,7190,6640,497546,3400427490,727355902440,107916306
20260728,437730,삼현,KOSDAQ,기술성장기업부,30650,-2750,-8.23,33500,34650,30300,176703,5645498625,971836928550,31707567
20260728,017480,삼현철강,KOSDAQ,우량기업부,4675,-80,-1.68,4750,4750,4505,15882,73474345,72195510750,15442890
20260728,046390,삼화네트웍스,KOSDAQ,중견기업부,1908,-28,-1.45,1920,1922,1800,68870,127459735,32949582084,17269173
20260728,027580,상보,KOSDAQ,중견기업부,1386,-94,-6.35,1480,1500,1347,33515,47571133,16405049430,11836255
20260728,038540,상상인,KOSDAQ,중견기업부,1910,-3,-0.16,1856,1925,1851,48641,92665823,105677077830,55328313
20260728,091580,상신이디피,KOSDAQ,우량기업부,12960,-1270,-8.92,13610,14150,12610,132080,1710082275,172733718240,13328219
20260728,263810,상신전자,KOSDAQ,중견기업부,2530,-70,-2.69,2600,2635,2470,44395,113169730,40289807250,15924825
20260728,089980,상아프론테크,KOSDAQ,우량기업부,12830,-990,-7.16,13650,13650,12680,38765,499738680,205139344710,15989037
20260728,042940,상지건설,KOSDAQ,중견기업부,5410,-420,-7.20,5820,5820,5410,60242,330454310,36943331920,6828712
20260728,042600,새로닉스,KOSDAQ,중견기업부,7630,-1040,-12.00,8400,8400,7630,13600,107091100,94791869620,12423574
20260728,107600,새빗켐,KOSDAQ,벤처기업부,11390,-1050,-8.44,12050,12410,11390,10910,126906570,64354115060,5650054
20260728,411080,샌즈랩,KOSDAQ,기술성장기업부,3590,-190,-5.03,3630,3770,3485,35595,128449720,54810820420,15267638
20260728,252990,샘씨엔에스,KOSDAQ,우량기업부,11210,-1550,-12.15,12070,12160,10730,946823,10660671700,675042535690,60217889
20260728,378800,샤페론,KOSDAQ,기술성장기업부,464,-32,-6.45,496,496,449,683814,317206492,21456766384,46243031
20260728,294630,서남,KOSDAQ,기술성장기업부,2510,-160,-5.99,2650,2690,2460,178700,451423060,66512939290,26499179
20260728,038070,서린바이오,KOSDAQ,중견기업부,4340,-50,-1.14,4225,4580,4210,28951,124987695,40364933840,9300676
20260728,006730,서부T&D,KOSDAQ,우량기업부,9510,-620,-6.12,9880,10080,9410,330033,3168963470,611273537730,64276923
20260728,079650,서산,KOSDAQ,중견기업부,3490,-420,-10.74,3800,3980,3420,1492766,5461444266,69800000000,20000000
20260728,100660,서암기계공업,KOSDAQ,중견기업부,2790,-50,-1.76,2820,2825,2705,43663,120552601,35154000000,12600000
20260728,019770,서연탑메탈,KOSDAQ,우량기업부,3025,-40,-1.31,2950,3065,2935,34586,102526220,35241250000,11650000
20260728,092190,서울바이오시스,KOSDAQ,투자주의환기종목(소속부없음),4720,-600,-11.28,5170,5170,4715,116792,561793213,216498767760,45868383
20260728,046890,서울반도체,KOSDAQ,중견기업부,8100,-780,-8.78,8500,8550,8080,217283,1782777945,472273740000,58305400
20260728,063170,서울옥션,KOSDAQ,중견기업부,4775,-125,-2.55,4775,4860,4750,62101,297561259,84872124925,17774267
20260728,027040,서울전자통신,KOSDAQ,중견기업부,1780,-40,-2.20,1805,1805,1710,70993,123988773,24773628820,13917769
20260728,018680,서울제약,KOSDAQ,벤처기업부,1988,-112,-5.33,2100,2175,1938,33967,66902732,23178726172,11659319
20260728,036120,서울평가정보,KOSDAQ,중견기업부,1537,-64,-4.00,1628,1659,1530,436914,699174293,54017865000,35145000
20260728,093920,서원인텍,KOSDAQ,우량기업부,4740,-135,-2.77,4860,4860,4665,13914,65908360,88164000000,18600000
20260728,189860,서전기전,KOSDAQ,벤처기업부,3645,-390,-9.67,3955,4000,3630,61547,230210130,35352053100,9698780
20260728,178320,서진시스템,KOSDAQ,중견기업부,33050,-6750,-16.96,37550,37550,31850,922018,30965709150,2103656857850,63650737
20260728,122690,서진오토모티브,KOSDAQ,중견기업부,1630,-70,-4.12,1700,1745,1601,26295,43262131,37619040580,23079166
20260728,140070,서플러스글로벌,KOSDAQ,벤처기업부,1516,-109,-6.71,1612,1612,1495,49330,75388890,56073808000,36988000
20260728,011370,서한,KOSDAQ,우량기업부,744,-17,-2.23,778,778,730,143477,106216608,75065779560,100894865
20260728,065710,서호전기,KOSDAQ,우량기업부,41600,-1450,-3.37,43050,43050,41400,12452,522915100,214240000000,5150000
20260728,035890,서희건설,KOSDAQ,중견기업부,1920,-75,-3.76,1995,2020,1915,294489,571609156,441232237440,229808457
20260728,357550,석경에이티,KOSDAQ,기술성장기업부,33450,-2350,-6.56,35700,35700,32700,7679,256875250,182469750000,5455000
20260728,003100,선광,KOSDAQ,우량기업부,19390,-960,-4.72,20350,20450,19190,29893,582870780,127974000000,6600000
20260728,067370,선바이오,KOSDAQ,기술성장기업부,5900,-390,-6.20,6330,6330,5850,25443,151670330,72061661900,12213841
20260728,171090,선익시스템,KOSDAQ,우량기업부,54800,-8800,-13.84,62100,62100,53100,79612,4492718050,553623904800,10102626
20260728,086710,선진뷰티사이언스,KOSDAQ,우량기업부,7440,-300,-3.88,7710,7730,7310,47145,355858700,90792403200,12203280
20260728,014620,성광벤드,KOSDAQ,우량기업부,26300,-1500,-5.40,27250,28400,25800,130507,3510461700,698458673200,26557364
20260728,037350,성도이엔지,KOSDAQ,우량기업부,6900,-990,-12.55,7550,7660,6830,203232,1434087010,104949000000,15210000
20260728,458650,성우,KOSDAQ,벤처기업부,7500,-570,-7.06,8010,8010,7300,23673,176922820,112842525000,15045670
20260728,081580,성우전자,KOSDAQ,중견기업부,2305,-105,-4.36,2420,2420,2290,37618,87695595,35746269615,15508143
20260728,045300,성우테크론,KOSDAQ,중견기업부,2250,-160,-6.64,2400,2405,2250,28253,65342225,23730777000,10547012
20260728,015750,성우하이텍,KOSDAQ,우량기업부,5510,-260,-4.51,5680,5690,5460,294425,1633697185,440800000000,80000000
20260728,340930,성원에너텍,KOSDAQ,관리종목(소속부없음),806,0,0.00,0,0,0,0,0,55513882710,68875785
20260728,365340,성일하이텍,KOSDAQ,기술성장기업부,27150,-2350,-7.97,29400,30500,26550,50577,1378647325,350808272250,12921115
20260728,080470,성창오토텍,KOSDAQ,벤처기업부,2770,-115,-3.99,2885,2885,2770,8125,22718705,20221000000,7300000
20260728,043260,성호전자,KOSDAQ,우량기업부,15020,-2490,-14.22,16650,16650,14700,967133,14815641220,1074774814920,71556246
20260728,148150,세경하이테크,KOSDAQ,우량기업부,2900,-145,-4.76,2980,3055,2870,80790,235382532,103074172200,35542818
20260728,061090,세나테크놀로지,KOSDAQ,중견기업부,39350,-3450,-8.06,41400,42000,38800,28212,1119804425,215148092500,5467550
20260728,188260,세니젠,KOSDAQ,투자주의환기종목(소속부없음),1993,67,3.48,1999,2080,1805,31741,59434362,27705326774,13901318
20260728,053060,세동,KOSDAQ,중견기업부,1358,-25,-1.81,1381,1395,1358,57043,78451266,23978775002,17657419
20260728,340440,세림B&G,KOSDAQ,벤처기업부,855,1,0.12,850,879,815,462082,389182568,24263501220,28378364
20260728,017510,세명전기,KOSDAQ,벤처기업부,5980,-580,-8.84,6400,6400,5860,148328,895847645,91171080000,15246000
20260728,0017J0,세미티에스,KOSDAQ,벤처기업부,2725,-445,-14.04,3020,3075,2670,659269,1884475992,82122297675,30136623
20260728,490470,세미파이브,KOSDAQ,기술성장기업부,15160,-2550,-14.40,16940,16940,14810,284813,4384410755,515825670400,34025440
20260728,011560,세보엠이씨,KOSDAQ,우량기업부,20100,-1900,-8.64,21300,21500,19510,36525,733100920,202705927200,10084872
20260728,396300,세아메카닉스,KOSDAQ,우량기업부,3815,320,9.16,3385,4340,3295,13555890,53709836843,101057442500,26489500
20260728,100700,세운메디칼,KOSDAQ,우량기업부,2285,-75,-3.18,2345,2350,2280,58619,135232137,100083000000,43800000
20260728,024830,세원물산,KOSDAQ,중견기업부,8520,-110,-1.27,9190,9200,8330,1779,15111900,71142000000,8350000
20260728,258830,세종메디칼,KOSDAQ,관리종목(소속부없음),412,0,0.00,0,0,0,0,0,31223976612,75786351
20260728,036630,세종텔레콤,KOSDAQ,우량기업부,7080,-240,-3.28,7320,7320,6970,14959,105627100,70800000000,10000000
20260728,039310,세중,KOSDAQ,중견기업부,1105,1,0.09,1142,1142,1050,38226,41332534,20024442035,18121667
20260728,067770,세진티에스,KOSDAQ,관리종목(소속부없음),1860,-40,-2.11,1899,1899,1768,11486,21110640,15617662980,8396593
20260728,053450,세코닉스,KOSDAQ,우량기업부,3310,-235,-6.63,3520,3525,3280,91909,310973855,48964177930,14792803
20260728,252500,세화피앤씨,KOSDAQ,중견기업부,464,-23,-4.72,500,502,460,42342,19845722,19249684960,41486390
20260728,321370,센서뷰,KOSDAQ,기술성장기업부,1168,-57,-4.65,1190,1213,1106,518144,593531957,60344610208,51664906
20260728,347000,센코,KOSDAQ,기술성장기업부,1627,-109,-6.28,1700,1717,1624,71239,117552413,61518246442,37810846
20260728,331920,셀레믹스,KOSDAQ,기술성장기업부,10700,1410,15.18,9290,11100,8500,109878,1096270920,119642638500,11181555
20260728,352770,셀레스트라,KOSDAQ,관리종목(소속부없음),5250,0,0.00,0,0,0,0,0,13610136750,2592407
20260728,471820,셀로맥스사이언스,KOSDAQ,벤처기업부,3985,-130,-3.16,4140,4140,3985,1342,5383670,45041972815,11302879
20260728,049180,셀루메드,KOSDAQ,투자주의환기종목(소속부없음),1009,0,0.00,0,0,0,0,0,83975227728,83226192
20260728,299660,셀리드,KOSDAQ,기술성장기업부,1777,410,29.99,1440,1777,1440,1886952,3199143522,52426790129,29502977
20260728,108860,셀바스AI,KOSDAQ,벤처기업부,9020,960,11.91,8830,9670,8420,5697448,51778326375,242771405800,26914790
20260728,208370,셀바스헬스케어,KOSDAQ,벤처기업부,2680,85,3.28,2605,2840,2440,452933,1185556775,68984711520,25740564
20260728,318160,셀바이오휴먼텍,KOSDAQ,벤처기업부,5700,-370,-6.10,5940,5950,5620,13206,75878870,53223824100,9337513
20260728,308430,셀비온,KOSDAQ,기술성장기업부,11590,-940,-7.50,12370,12500,11000,29977,348046755,149571859090,12905251
20260728,068760,셀트리온제약,KOSDAQ,우량기업부,39900,-950,-2.33,40250,41250,38700,77453,3094104250,1771653046800,44402332
20260728,068940,셀피글로벌,KOSDAQ,관리종목(소속부없음),778,0,0.00,0,0,0,0,0,35720093048,45912716
20260728,007720,소노스퀘어,KOSDAQ,중견기업부,1250,-33,-2.57,1264,1290,1221,21954,27188723,25200112500,20160090
20260728,950200,소마젠,KOSDAQ,외국기업(소속부없음),2640,-25,-0.94,2715,2715,2510,22850,59128845,50783179920,19236053
20260728,032680,소프트센,KOSDAQ,중견기업부,899,-79,-8.08,995,995,850,69348,61752852,18749437019,20855881
20260728,032685,소프트센우,KOSDAQ,중견기업부,15240,3510,29.92,15240,15240,15240,6984,106429140,1087556880,71362
20260728,258790,소프트캠프,KOSDAQ,벤처기업부,4190,-125,-2.90,4630,4630,4135,11519,49484020,20942692640,4998256
20260728,066910,손오공,KOSDAQ,중견기업부,2005,-95,-4.52,2020,2075,1820,148179,286270438,26840197160,13386632
20260728,215090,솔디펜스,KOSDAQ,벤처기업부,1316,-55,-4.01,1364,1364,1255,111307,145419815,30472849876,23155661
20260728,035610,솔본,KOSDAQ,투자주의환기종목(소속부없음),4620,-50,-1.07,4635,4670,4515,72512,332939195,126338506140,27345997
20260728,357780,솔브레인,KOSDAQ,우량기업부,248000,-29500,-10.63,263500,266000,242000,44300,10981706750,1929084368000,7778566
20260728,036830,솔브레인홀딩스,KOSDAQ,우량기업부,29250,-2400,-7.58,30650,30750,28750,38861,1143397025,599741444250,20503981
20260728,304100,솔트룩스,KOSDAQ,기술성장기업부,12830,-80,-0.62,13920,14510,12150,866718,11329158530,161579159650,12593855
20260728,328380,솔트웨어,KOSDAQ,벤처기업부,2970,40,1.37,2930,2995,2745,24385,70243555,20352088350,6852555
20260728,086980,쇼박스,KOSDAQ,중견기업부,1867,-93,-4.74,1960,1962,1867,100159,190371742,116571746000,62438000
20260728,050960,수산아이앤티,KOSDAQ,벤처기업부,8170,110,1.36,7560,8190,7560,6543,52613760,55155670000,6751000
20260728,084180,수성웹툰,KOSDAQ,관리종목(소속부없음),519,-20,-3.71,537,578,490,199366,104718801,9380552877,18074283
20260728,253840,수젠텍,KOSDAQ,중견기업부,3870,-130,-3.25,3970,4155,3785,91042,352890860,64796184000,16743200
20260728,298830,슈어소프트테크,KOSDAQ,우량기업부,3510,-270,-7.14,3700,3750,3460,262002,933184040,187639331490,53458499
20260728,236200,슈프리마,KOSDAQ,우량기업부,46900,-1250,-2.60,47550,48400,46550,21301,1006262850,327095185900,6974311
20260728,094840,슈프리마에이치큐,KOSDAQ,벤처기업부,13030,-60,-0.46,13090,13110,12770,21124,273759500,127773600270,9806109
20260728,192440,슈피겐코리아,KOSDAQ,우량기업부,28900,-1650,-5.40,30550,30650,28900,4798,141210400,179652890700,6216363
20260728,424960,스마트레이더시스템,KOSDAQ,기술성장기업부,3300,-200,-5.71,3500,3500,3255,38209,126855861,54400863000,16485110
20260728,099440,스맥,KOSDAQ,중견기업부,3210,-395,-10.96,3510,3765,3120,1347570,4627262975,219061294740,68243394
20260728,066590,스모트로닉,KOSDAQ,중견기업부,2470,-280,-10.18,2660,2770,2405,925892,2358250337,95534504390,38677937
20260728,276040,스코넥,KOSDAQ,관리종목(소속부없음),327,0,0.00,0,0,0,0,0,7073119545,21630335
20260728,115570,스타플렉스,KOSDAQ,중견기업부,2335,-150,-6.04,2455,2465,2290,12929,29986331,18643826180,7984508
20260728,330730,스톤브릿지벤처스,KOSDAQ,벤처기업부,4460,-90,-1.98,4420,4570,4380,61294,274865437,81251521800,18217830
20260728,352090,스톰테크,KOSDAQ,우량기업부,3430,-105,-2.97,3500,3535,3420,53427,185028434,92174383140,26872998
20260728,253450,스튜디오드래곤,KOSDAQ,우량기업부,20950,-700,-3.23,21200,21550,20400,43569,916588575,629725533100,30058498
20260728,408900,스튜디오미르,KOSDAQ,중견기업부,993,-31,-3.03,977,1035,972,49556,48744075,32523658497,32752929
20260728,415380,스튜디오삼익,KOSDAQ,중견기업부,1762,-111,-5.93,1899,1899,1742,60785,108880222,20162521950,11442975
20260728,475040,스트라드비젼,KOSDAQ,기술성장기업부,2615,-430,-14.12,3000,3005,2600,1056372,2914459188,139262185870,53255138
20260728,013810,스페코,KOSDAQ,중견기업부,1629,-91,-5.29,1720,1758,1629,44017,73583404,23873760630,14655470
20260728,347700,스피어,KOSDAQ,기술성장기업부,14810,-2150,-12.68,16320,16320,14670,858658,13067293210,763475671220,51551362
20260728,049830,승일,KOSDAQ,중견기업부,6250,-50,-0.79,6480,6480,6150,577,3611020,38325700000,6132112
20260728,020710,시공테크,KOSDAQ,우량기업부,3380,-110,-3.15,3450,3490,3360,69900,237759300,67762138600,20047970
20260728,033170,시그네틱스,KOSDAQ,중견기업부,375,-13,-3.35,388,477,374,1675850,706499699,32148119625,85728319
20260728,048870,시너지이노베이션,KOSDAQ,중견기업부,1538,4,0.26,1516,1555,1490,478100,724829070,135508509094,88106963
20260728,025320,시노펙스,KOSDAQ,우량기업부,3435,-200,-5.50,3525,3555,3310,863759,2948519628,316578026055,92162453
20260728,340810,시선AI,KOSDAQ,기술성장기업부,2750,180,7.00,2605,3020,2545,1063689,2996808483,37523684000,13644976
20260728,269620,시스웍,KOSDAQ,관리종목(소속부없음),889,0,0.00,0,0,0,0,0,132090012299,148582691
20260728,056090,시지메드텍,KOSDAQ,벤처기업부,932,-63,-6.33,944,995,910,741534,696461517,96237421552,103259036
20260728,429270,시지트로닉스,KOSDAQ,기술성장기업부,3195,-265,-7.66,3460,3460,3045,63031,199336391,20605293045,6449231
20260728,418250,시큐레터,KOSDAQ,관리종목(소속부없음),6550,0,0.00,0,0,0,0,0,47629012750,7271605
20260728,131090,시큐브,KOSDAQ,벤처기업부,3780,-40,-1.05,3815,3830,3750,10265,38901065,28948075380,7658221
20260728,290520,신도기연,KOSDAQ,벤처기업부,1759,16,0.92,1788,1790,1701,12916,22747866,27679912476,15736164
20260728,001000,신라섬유,KOSDAQ,중견기업부,582,-168,-22.40,790,845,573,1761909,1219595403,14129528280,24277540
20260728,025870,신라에스지,KOSDAQ,관리종목(소속부없음),2445,-10,-0.41,2410,2910,2305,156227,414054104,9780000000,4000000
20260728,215600,신라젠,KOSDAQ,중견기업부,1935,-75,-3.73,2005,2040,1919,590407,1153545044,268101146340,138553564
20260728,065350,신성델타테크,KOSDAQ,우량기업부,25950,-2200,-7.82,27050,27550,25400,114002,2983152425,713208450600,27483948
20260728,416180,신성에스티,KOSDAQ,벤처기업부,16250,-1750,-9.72,17790,17960,16250,25821,435352180,146896392500,9039778
20260728,162300,신스틸,KOSDAQ,우량기업부,1442,-64,-4.25,1506,1512,1420,14737,21311097,59801732844,41471382
20260728,002800,신신제약,KOSDAQ,우량기업부,4180,-165,-3.80,4245,4365,4100,25258,106219950,63412690000,15170500
20260728,472220,신영스팩10호,KOSDAQ,SPAC(소속부없음),2095,0,0.00,2095,2095,2090,84053,175697151,9825550000,4690000
20260728,0091W0,신영스팩11호,KOSDAQ,SPAC(소속부없음),2010,5,0.25,2005,2015,2005,15420,31005870,12196680000,6068000
20260728,017000,신원종합개발,KOSDAQ,우량기업부,2130,-110,-4.91,2225,2250,2120,92466,199094449,24852897510,11668027
20260728,012790,신일제약,KOSDAQ,우량기업부,5130,-100,-1.91,5230,5230,5100,16215,83453805,61490308950,11986415
20260728,138070,신진에스엠,KOSDAQ,중견기업부,1510,-8,-0.53,1517,1530,1404,49285,71271941,26429838040,17503204
20260728,226330,신테카바이오,KOSDAQ,기술성장기업부,1545,-38,-2.40,1568,1637,1421,254818,386901708,37479343875,24258475
20260728,474660,신한제12호스팩,KOSDAQ,SPAC(소속부없음),2065,-5,-0.24,2065,2070,2065,6674,13782369,11398800000,5520000
20260728,474930,신한제13호스팩,KOSDAQ,SPAC(소속부없음),2085,-5,-0.24,2105,2105,2080,1605,3338475,7547700000,3620000
20260728,487360,신한제14호스팩,KOSDAQ,SPAC(소속부없음),2010,-5,-0.25,2005,2015,2005,8285,16652692,11336400000,5640000
20260728,487830,신한제15호스팩,KOSDAQ,SPAC(소속부없음),2025,5,0.25,2010,2025,2010,5984,12086685,8808750000,4350000
20260728,496070,신한제16호스팩,KOSDAQ,SPAC(소속부없음),2000,0,0.00,1994,2000,1980,5727,11381125,11240000000,5620000
20260728,0130D0,신한제17호스팩,KOSDAQ,SPAC(소속부없음),1977,-8,-0.40,1975,1989,1971,6306,12462077,10557180000,5340000
20260728,0129K0,신한제18호스팩,KOSDAQ,SPAC(소속부없음),1984,-1,-0.05,1975,1988,1973,10869,21487064,11150080000,5620000
20260728,056700,신화인터텍,KOSDAQ,중견기업부,1465,-14,-0.95,1479,1480,1400,108029,155338752,42682908315,29135091
20260728,187270,신화콘텍,KOSDAQ,벤처기업부,2635,-180,-6.39,2795,2795,2605,9734,25838185,26729031575,10143845
20260728,095190,신화프리텍,KOSDAQ,중견기업부,1979,-116,-5.54,2015,2085,1956,114386,225899299,129150454298,65260462
20260728,243840,신흥에스이씨,KOSDAQ,우량기업부,3910,-340,-8.00,4180,4180,3850,201544,797913201,150762698850,38558235
20260728,257720,실리콘투,KOSDAQ,우량기업부,36500,-1900,-4.95,37700,38450,36100,458364,16838176775,2393533198000,65576252
20260728,222800,심텍,KOSDAQ,중견기업부,75500,-16800,-18.20,84300,85500,73300,798196,61202665250,2828526790500,37463931
20260728,036710,심텍홀딩스,KOSDAQ,중견기업부,2985,-305,-9.27,3150,3150,2770,286049,836283975,157690845690,52827754
20260728,444530,심플랫폼,KOSDAQ,기술성장기업부,4250,-195,-4.39,4445,4445,4005,19832,83521235,27279237000,6418644
20260728,234030,싸이닉솔루션,KOSDAQ,중견기업부,2835,-280,-8.99,2995,3065,2800,94471,271115612,66920175000,23605000
20260728,160980,싸이맥스,KOSDAQ,우량기업부,25100,-7300,-22.53,30200,30950,23300,520630,13100981675,274198499300,10924243
20260728,356890,싸이버원,KOSDAQ,벤처기업부,2160,-55,-2.48,2080,2280,2050,49158,105382195,25820262000,11953825
20260728,217330,싸이토젠,KOSDAQ,기술성장기업부,3025,-85,-2.73,3090,3090,2970,67250,202241827,69966879675,23129547
20260728,208640,썸에이지,KOSDAQ,중견기업부,1248,91,7.87,1146,1504,1120,6645987,9142328015,17377183200,13924025
20260728,222420,쎄노텍,KOSDAQ,벤처기업부,801,-61,-7.08,880,880,795,112649,91970225,38783236923,48418523
20260728,037760,쎄니트,KOSDAQ,중견기업부,2400,-15,-0.62,2430,2430,2335,5729,13596380,81199010400,33832921
20260728,081180,쎄크,KOSDAQ,기술성장기업부,5170,-580,-10.09,5700,5700,5130,75343,393703055,45628015950,8825535
20260728,099320,쎄트렉아이,KOSDAQ,우량기업부,68600,-6600,-8.78,71000,72200,67700,53595,3704174550,751257670800,10951278
20260728,049960,쎌바이오텍,KOSDAQ,벤처기업부,14960,-140,-0.93,15110,15290,14790,9440,141129720,140624000000,9400000
20260728,088280,쏘닉스,KOSDAQ,기술성장기업부,2460,-95,-3.72,2545,2700,2300,67501,163135816,42573965400,17306490
20260728,050890,쏠리드,KOSDAQ,우량기업부,8470,-800,-8.63,9080,9090,8290,677962,5812504810,514607842980,60756534
20260728,394800,쓰리빌리언,KOSDAQ,기술성장기업부,5170,-560,-9.77,5510,5690,5090,150092,788196245,164522599010,31822553
20260728,177900,쓰리에이로직스,KOSDAQ,기술성장기업부,3775,-225,-5.63,3980,3980,3735,44127,168534675,36344190000,9627600
20260728,475400,씨메스로보틱스,KOSDAQ,기술성장기업부,15160,-1260,-7.67,16030,16300,14900,26740,410005765,178992513040,11806894
20260728,109670,씨싸이트,KOSDAQ,중견기업부,3435,-335,-8.89,3675,3745,3330,7476,26085455,20048727870,5836602
20260728,066790,씨씨에스,KOSDAQ,관리종목(소속부없음),1493,0,0.00,0,0,0,0,0,97271994227,65152039
20260728,352480,씨앤씨인터내셔널,KOSDAQ,우량기업부,18000,-890,-4.71,18360,18860,17580,26556,479002595,245338218000,13629901
20260728,264660,씨앤지하이테크,KOSDAQ,우량기업부,11350,-940,-7.65,11800,12250,11280,56389,648083440,110335302200,9721172
20260728,352700,씨앤투스,KOSDAQ,벤처기업부,1381,-19,-1.36,1382,1382,1356,27299,37252138,36288397519,26276899
20260728,458870,씨어스,KOSDAQ,기술성장기업부,25150,-2200,-8.04,26550,26750,24250,166854,4193106925,957202461000,38059740
20260728,297090,씨에스베어링,KOSDAQ,투자주의환기종목(소속부없음),3390,-260,-7.12,3520,3620,3350,165358,565644697,92445300000,27270000
20260728,900120,씨엑스아이,KOSDAQ,외국기업(소속부없음),1011,-157,-13.44,1165,1165,952,100344,106185321,11292526260,11169660
20260728,359090,씨엔알리서치,KOSDAQ,중견기업부,1899,-70,-3.56,1960,1968,1898,6853,13106369,21827377557,11494143
20260728,115530,씨엔플러스,KOSDAQ,중견기업부,1726,-92,-5.06,1818,1878,1726,9531,16937217,13608441606,7884381
20260728,388210,씨엠티엑스,KOSDAQ,벤처기업부,69400,-13500,-16.28,76800,80100,68500,71336,5101606750,670017997200,9654438
20260728,115480,씨유메디칼,KOSDAQ,중견기업부,1752,-27,-1.52,1779,1800,1685,14355,24731504,21242844072,12124911
20260728,376290,씨유테크,KOSDAQ,벤처기업부,2460,-135,-5.20,2635,2695,2415,7753,19399415,43437450000,17657500
20260728,189330,씨이랩,KOSDAQ,기술성장기업부,9250,-600,-6.09,9400,9790,8800,241423,2223854715,86786127000,9382284
20260728,096530,씨젠,KOSDAQ,우량기업부,26200,-2000,-7.09,27800,28150,25750,224379,5938829650,1368321042800,52225994
20260728,101240,씨큐브,KOSDAQ,우량기업부,2995,-70,-2.28,3035,3100,2950,9552,28552825,34014370740,11357052
20260728,060590,씨티씨바이오,KOSDAQ,중견기업부,2855,-120,-4.03,2995,2995,2775,60444,173965060,69036812100,24181020
20260728,260930,씨티케이,KOSDAQ,중견기업부,2515,-150,-5.63,2680,2680,2455,21245,53513420,48644101365,19341591
20260728,413630,씨피시스템,KOSDAQ,벤처기업부,4200,135,3.32,4160,5100,4030,56477972,259241390326,153033741000,36436605
20260728,013990,아가방컴퍼니,KOSDAQ,우량기업부,4160,20,0.48,4005,4225,4005,225185,928278675,136812149760,32887536
20260728,175140,아고스,KOSDAQ,투자주의환기종목(소속부없음),2180,-10,-0.46,2190,2210,2040,36083,75538970,54378471540,24944253
20260728,123860,아나패스,KOSDAQ,우량기업부,11680,-250,-2.10,11560,11800,11430,15512,179068230,141601487200,12123415
20260728,025980,아난티,KOSDAQ,우량기업부,3525,-155,-4.21,3570,3640,3475,653809,2307384203,342985989750,97300990
20260728,0015N0,아로마티카,KOSDAQ,벤처기업부,4760,-400,-7.75,5080,5260,4720,102183,502640646,59866148720,12576922
20260728,261780,아리바이오랩,KOSDAQ,기술성장기업부,2120,-130,-5.78,2230,2450,2115,286109,635029700,59389495560,28013913
20260728,290690,아리바이오홀딩스,KOSDAQ,중견기업부,4010,-120,-2.91,4135,4660,3970,1385921,5919785374,210924436100,52599610
20260728,125210,아모그린텍,KOSDAQ,우량기업부,5310,-330,-5.85,5560,5560,5070,103340,541796760,87597954900,16496790
20260728,357580,아모센스,KOSDAQ,기술성장기업부,4795,-655,-12.02,5210,5380,4760,124255,612264457,56531908790,11789762
20260728,052710,아모텍,KOSDAQ,중견기업부,12390,-2450,-16.51,14700,14700,12150,239003,3084244550,181049444940,14612546
20260728,074430,아미노로직스,KOSDAQ,중견기업부,1032,-21,-1.99,1044,1044,1009,127075,129653092,90960812304,88140322
20260728,092040,아미코젠,KOSDAQ,기술성장기업부,1115,-26,-2.28,1141,1155,1088,634555,702930807,78780756505,70655387
20260728,083930,아바코,KOSDAQ,우량기업부,9980,-570,-5.40,10440,10440,9920,60476,608662800,146478945020,14677249
20260728,149950,아바텍,KOSDAQ,우량기업부,7650,-1150,-13.07,8470,8610,7600,157901,1255183920,104557927950,13667703
20260728,036010,아비코전자,KOSDAQ,중견기업부,5020,-800,-13.75,5650,5730,5010,179823,939136570,66730528680,13292934
20260728,050860,아세아텍,KOSDAQ,우량기업부,1633,-65,-3.83,1694,1694,1633,11833,19618356,36742500000,22500000
20260728,136410,아셈스,KOSDAQ,벤처기업부,4500,-230,-4.86,4735,4735,4435,13817,61940790,49585977000,11019106
20260728,246720,아스타,KOSDAQ,관리종목(소속부없음),6070,0,0.00,0,0,0,0,0,99434491000,16381300
20260728,450950,아스테라시스,KOSDAQ,벤처기업부,5560,-30,-0.54,5490,5590,5060,33799,182152160,209209411520,37627592
20260728,067390,아스트,KOSDAQ,중견기업부,449,-25,-5.27,470,471,436,1607519,725021402,189099752971,421157579
20260728,159010,아스플로,KOSDAQ,벤처기업부,12160,-1840,-13.14,13900,13900,11910,243973,3006830105,162150426240,13334739
20260728,127710,아시아경제,KOSDAQ,중견기업부,1026,-11,-1.06,1037,1041,952,15044,14925666,45194489460,44049210
20260728,154030,아시아종묘,KOSDAQ,벤처기업부,1600,-20,-1.23,1624,1655,1548,35407,57277989,19298987200,12061867
20260728,227610,아우딘퓨쳐스,KOSDAQ,벤처기업부,1449,-19,-1.29,1468,1518,1391,40736,58795527,28073753379,19374571
20260728,331740,아우토크립트,KOSDAQ,기술성장기업부,5950,-390,-6.15,6030,6220,5600,13597,80043750,58018396450,9750991
20260728,143160,아이디스,KOSDAQ,우량기업부,15800,-10,-0.06,15810,16000,15610,16389,258107390,169318962000,10716390
20260728,054800,아이디스홀딩스,KOSDAQ,중견기업부,14390,-430,-2.90,14420,14800,13830,2023,29028050,148904208840,10347756
20260728,332370,아이디피,KOSDAQ,벤처기업부,5200,-50,-0.95,5250,5250,5050,7076,36328030,69023375200,13273726
20260728,066430,아이로보틱스,KOSDAQ,중견기업부,1810,-159,-8.08,1935,1935,1790,752222,1376716114,70867791560,39153476
20260728,339950,아이비김영,KOSDAQ,우량기업부,2720,-105,-3.72,2830,2835,2720,99369,273305700,122254901600,44946655
20260728,469750,아이비젼웍스,KOSDAQ,벤처기업부,565,-14,-2.42,579,580,551,120899,67938927,19467911765,34456481
20260728,460470,아이빔테크놀로지,KOSDAQ,기술성장기업부,2725,-170,-5.87,2895,2985,2705,40175,110407850,41200283250,15119370
20260728,099190,아이센스,KOSDAQ,중견기업부,16630,-870,-4.97,17000,17320,16310,89874,1499130350,478234048670,28757309
20260728,461300,아이스크림미디어,KOSDAQ,벤처기업부,15750,-580,-3.55,16330,16330,15700,8987,142630460,209851944750,13323933
20260728,289010,아이스크림에듀,KOSDAQ,중견기업부,878,-19,-2.12,898,899,860,57576,50672715,12243934768,13945256
20260728,214430,아이쓰리시스템,KOSDAQ,우량기업부,58900,-5400,-8.40,61700,63200,56500,44779,2628649950,430394963500,7307215
20260728,040910,아이씨디,KOSDAQ,중견기업부,3850,-170,-4.23,3975,3980,3730,26014,98590971,69970958750,18174275
20260728,368600,아이씨에이치,KOSDAQ,기술성장기업부,1342,309,29.91,1167,1342,1136,2389705,3055640462,34617446930,25795415
20260728,456010,아이씨티케이,KOSDAQ,기술성장기업부,13030,-1120,-7.92,14850,15080,12700,760293,10525456625,188965620500,14502350
20260728,052860,아이앤씨,KOSDAQ,벤처기업부,3810,-330,-7.97,4140,4140,3795,11885,46466325,68072713740,17866854
20260728,464500,아이언디바이스,KOSDAQ,기술성장기업부,1538,-115,-6.96,1634,1669,1504,62847,100974748,21521638494,13993263
20260728,212710,아이에스티이,KOSDAQ,기술성장기업부,7120,-1090,-13.28,7950,7980,7050,190541,1386582070,69170643360,9714978
20260728,038880,아이에이,KOSDAQ,투자주의환기종목(소속부없음),3500,45,1.30,3430,3850,3105,26794,88680630,26300480500,7514423
20260728,307180,아이엘,KOSDAQ,벤처기업부,4215,-345,-7.57,4560,4560,4145,267631,1140032163,155599574340,36915676
20260728,493280,아이엠바이오로직스,KOSDAQ,기술성장기업부,15980,-1680,-9.51,17400,17780,15730,75870,1236838995,237088053020,14836549
20260728,461030,아이엠비디엑스,KOSDAQ,기술성장기업부,2895,-215,-6.91,3195,3195,2850,29995,87792015,41498426715,14334517
20260728,451220,아이엠티,KOSDAQ,기술성장기업부,7680,-1050,-12.03,8410,8460,7440,64199,501105720,60477012480,7874611
20260728,078860,아이오케이이엔엠,KOSDAQ,투자주의환기종목(소속부없음),2800,60,2.19,2735,2945,2735,8660,24382390,17296126400,6177188
20260728,090150,아이윈,KOSDAQ,중견기업부,499,0,0.00,0,0,0,0,0,20895771207,41875293
20260728,031310,아이즈비전,KOSDAQ,중견기업부,889,-36,-3.89,907,927,878,77468,69650540,26444772739,29746651
20260728,462980,아이지넷,KOSDAQ,기술성장기업부,1390,-3,-0.22,1373,1410,1321,14264,19148461,25345867430,18234437
20260728,185490,아이진,KOSDAQ,벤처기업부,1440,-21,-1.44,1449,1482,1417,101851,146566266,62250888960,43229784
20260728,059100,아이컴포넌트,KOSDAQ,벤처기업부,4780,-125,-2.55,5000,5000,4645,19844,93604165,33798710800,7070860
20260728,262840,아이퀘스트,KOSDAQ,벤처기업부,2795,-170,-5.73,2910,3045,2770,25202,70833305,29534630840,10566952
20260728,175250,아이큐어,KOSDAQ,관리종목(소속부없음),2170,0,0.00,0,0,0,0,0,81501658560,37558368
20260728,052460,아이크래프트,KOSDAQ,벤처기업부,3620,-800,-18.10,4470,4575,3430,2476807,10001869963,52880728320,14607936
20260728,119830,아이텍,KOSDAQ,중견기업부,4790,-260,-5.15,4985,4985,4695,164755,789518970,127119587440,26538536
20260728,052770,아이톡시,KOSDAQ,관리종목(소속부없음),312,0,0.00,0,0,0,0,0,4545457488,14568774
20260728,124500,아이티센글로벌,KOSDAQ,우량기업부,19920,-2030,-9.25,20650,21100,19510,163446,3290785105,462234177840,23204527
20260728,010280,아이티센엔텍,KOSDAQ,우량기업부,4510,-250,-5.25,4760,4775,4400,15557,69856070,58741654070,13024757
20260728,232830,아이티센피엔에스,KOSDAQ,벤처기업부,1353,-62,-4.38,1437,1437,1325,80072,110601130,22370131278,16533726
20260728,372800,아이티아이즈,KOSDAQ,벤처기업부,2950,50,1.72,2900,2995,2770,46420,133373610,20759707550,7037189
20260728,084850,아이티엠반도체,KOSDAQ,중견기업부,7530,-250,-3.21,7500,7990,7310,34624,257560350,170802493020,22682934
20260728,309710,아이티켐,KOSDAQ,관리종목(소속부없음),21000,0,0.00,0,0,0,0,0,268443021000,12783001
20260728,114840,아이패밀리에스씨,KOSDAQ,우량기업부,7780,-620,-7.38,8310,8340,7760,51210,405475410,129781175300,16681385
20260728,027360,아주IB투자,KOSDAQ,중견기업부,2965,-280,-8.63,3180,3185,2890,719521,2138184158,359196128790,121145406
20260728,032080,아즈텍WB,KOSDAQ,중견기업부,1034,-20,-1.90,1012,1110,1012,31770,33065540,22221723986,21491029
20260728,013310,아진산업,KOSDAQ,우량기업부,2415,-95,-3.78,2495,2495,2375,181195,438544629,93717895530,38806582
20260728,059120,아진엑스텍,KOSDAQ,벤처기업부,6290,-250,-3.82,6370,7350,6110,4662899,31463572095,115170315140,18310066
20260728,0007C0,아크릴,KOSDAQ,기술성장기업부,13740,-2690,-16.37,15910,15910,13600,104750,1526988835,110336651760,8030324
20260728,158430,아톤,KOSDAQ,벤처기업부,3735,-235,-5.92,3970,4060,3710,272459,1052748472,91440613620,24482092
20260728,297570,아틀라스링크,KOSDAQ,벤처기업부,795,-98,-10.97,901,901,764,151507,121629531,27523868310,34621218
20260728,200350,아티스트스튜디오,KOSDAQ,기술성장기업부,1749,-75,-4.11,1702,1856,1702,14353,25198056,17483047725,9996025
20260728,321820,아티스트컴퍼니,KOSDAQ,기술성장기업부,2270,-20,-0.87,2290,2345,2160,36342,80701740,35392423520,15591376
20260728,001540,안국약품,KOSDAQ,우량기업부,10540,-640,-5.72,11100,11100,10380,108202,1152935595,137467106800,13042420
20260728,053800,안랩,KOSDAQ,우량기업부,53000,-1500,-2.75,54200,54500,52100,36358,1929952350,589704818000,11126506
20260728,065660,안트로젠,KOSDAQ,기술성장기업부,15790,-450,-2.77,16440,16440,15130,35457,550579620,157996319000,10006100
20260728,260660,알리코제약,KOSDAQ,중견기업부,2305,-45,-1.91,2310,2355,2220,30073,68342350,35328783405,15327021
20260728,354320,알멕,KOSDAQ,기술성장기업부,23550,-2450,-9.42,25100,25100,23100,57207,1362944850,150517022550,6391381
20260728,361570,알비더블유,KOSDAQ,중견기업부,1396,-4,-0.29,1330,1400,1330,30300,40843576,40125634236,28743291
20260728,131370,알서포트,KOSDAQ,벤처기업부,1416,-34,-2.34,1401,1448,1401,128089,180590544,75426189528,53267083
20260728,140670,알에스오토메이션,KOSDAQ,중견기업부,8140,-790,-8.85,8790,8790,8100,63125,528339570,104516297600,12839840
20260728,096610,알에프세미,KOSDAQ,투자주의환기종목(소속부없음),2965,0,0.00,0,0,0,0,0,51550708615,17386411
20260728,061040,알에프텍,KOSDAQ,중견기업부,6010,-370,-5.80,6290,6290,5870,11607,70041050,54379820230,9048223
20260728,148250,알엔투테크놀로지,KOSDAQ,벤처기업부,1960,-120,-5.77,2060,2060,1903,71091,137827466,26676979840,13610704
20260728,123010,알엔티엑스,KOSDAQ,기술성장기업부,2770,-355,-11.36,3125,3175,2705,171174,496229230,48194861590,17398867
20260728,476830,알지노믹스,KOSDAQ,기술성장기업부,24150,-2650,-9.89,25500,26350,23550,199011,4855376400,677538779400,28055436
20260728,347860,알체라,KOSDAQ,중견기업부,1406,-76,-5.13,1440,1527,1380,324873,461761377,59268027682,42153647
20260728,196170,알테오젠,KOSDAQ,우량기업부,296500,-15500,-4.97,305500,318500,287500,307992,91993750000,15888350699500,53586343
20260728,123750,알톤,KOSDAQ,중견기업부,1922,-128,-6.24,2050,2050,1830,29518,57095002,26560615798,13819259
20260728,459550,알트,KOSDAQ,중견기업부,1361,-66,-4.63,1427,1618,1330,5001788,7473938323,34325455721,25220761
20260728,085810,알티캐스트,KOSDAQ,중견기업부,1641,4,0.24,1659,1659,1492,8088,12813036,23198739873,14136953
20260728,043100,알파AI,KOSDAQ,관리종목(소속부없음),520,0,0.00,0,0,0,0,0,10457241600,20110080
20260728,117670,알파칩스,KOSDAQ,벤처기업부,8810,-1370,-13.46,10100,10100,8640,26468,240643870,58689947020,6661742
20260728,314140,알피바이오,KOSDAQ,우량기업부,5600,80,1.45,5470,5690,5360,44139,243079030,48531621600,8666361
20260728,291650,압타머사이언스,KOSDAQ,기술성장기업부,950,0,0.00,0,0,0,0,0,57987279900,61039242
20260728,293780,압타바이오,KOSDAQ,기술성장기업부,4485,-150,-3.24,4590,4670,4360,54361,242133519,125998921425,28093405
20260728,310200,애니플러스,KOSDAQ,중견기업부,2655,-150,-5.35,2800,2805,2650,176597,475872770,138492329580,52162836
20260728,179530,애드바이오텍,KOSDAQ,기술성장기업부,1815,17,0.95,1797,1945,1772,110578,204728734,48914792685,26950299
20260728,397810,애드포러스,KOSDAQ,벤처기업부,4310,-150,-3.36,4095,4480,4000,31285,131742589,22242918700,5160770
20260728,0011A0,액스비스,KOSDAQ,벤처기업부,8090,-800,-9.00,8710,8720,7990,45472,372786970,75509956600,9333740
20260728,052790,액토즈소프트,KOSDAQ,중견기업부,4000,-150,-3.61,4145,4145,3960,12576,50340822,43698188000,10924547
20260728,290740,액트로,KOSDAQ,벤처기업부,6940,-650,-8.56,7600,7600,6800,43064,300835130,69851176340,10065011
20260728,238090,앤디포스,KOSDAQ,벤처기업부,2045,-125,-5.76,2145,2170,2000,11144,22978530,62352949800,30490440
20260728,138360,앤로보틱스,KOSDAQ,벤처기업부,1772,-202,-10.23,1943,1946,1765,666643,1207818704,160375278192,90505236
20260728,092600,앤씨앤,KOSDAQ,벤처기업부,2730,630,30.00,2100,2730,1997,456263,1125628589,13695599190,5016703
20260728,129890,앱코,KOSDAQ,벤처기업부,904,-25,-2.69,929,952,890,131208,118248779,41173224208,45545602
20260728,174900,앱클론,KOSDAQ,벤처기업부,18520,-1240,-6.28,19720,19720,18000,126482,2334795535,369513429080,19952129
20260728,109960,앱토크롬,KOSDAQ,투자주의환기종목(소속부없음),1598,-29,-1.78,1627,1627,1571,6116,9745605,24181308334,15132233
20260728,270520,앱튼,KOSDAQ,투자주의환기종목(소속부없음),3200,45,1.43,3155,3260,2780,273279,843146180,62908524800,19658914
20260728,255440,야스,KOSDAQ,벤처기업부,5210,-2230,-29.97,6220,6230,5210,944653,5371333010,68032180000,13058000
20260728,030960,양지사,KOSDAQ,중견기업부,4305,-360,-7.72,4860,4860,4305,150046,687411197,68793900000,15980000
20260728,102120,어보브반도체,KOSDAQ,벤처기업부,6290,-690,-9.89,6810,6810,6290,191178,1228590485,111840936370,17780753
20260728,238120,얼라인드,KOSDAQ,기술성장기업부,2790,-225,-7.46,3015,3020,2720,44031,122756530,39668984460,14218274
20260728,019990,에너토크,KOSDAQ,중견기업부,4390,-415,-8.64,4700,4800,4365,48691,216463094,42829226320,9756088
20260728,435570,에르코스,KOSDAQ,벤처기업부,6620,-220,-3.22,6690,6850,6560,4953,33234480,50424427460,7616983
20260728,270660,에브리봇,KOSDAQ,벤처기업부,11170,-1530,-12.05,11800,12230,11020,118227,1370146260,141753812110,12690583
20260728,038680,에스넷,KOSDAQ,우량기업부,3460,-110,-3.08,3495,3545,3410,131581,454894850,68897741320,19912642
20260728,217480,에스디생명공학,KOSDAQ,투자주의환기종목(소속부없음),499,0,0.00,0,0,0,0,0,54756837359,109733141
20260728,121890,에스디시스템,KOSDAQ,중견기업부,1984,-16,-0.80,1921,2125,1900,74373,143137405,26370228864,13291446
20260728,304360,에스바이오메딕스,KOSDAQ,벤처기업부,16000,-1310,-7.57,17260,17260,15740,38043,613371020,198162048000,12385128
20260728,389500,에스비비테크,KOSDAQ,기술성장기업부,28500,-3450,-10.80,31250,31750,28250,65455,1906267350,189908952000,6663472
20260728,042110,에스씨디,KOSDAQ,우량기업부,1139,-85,-6.94,1230,1268,1139,1017670,1207436344,55047373396,48329564
20260728,065420,에스아이리소스,KOSDAQ,중견기업부,114,-12,-9.52,118,142,111,13368242,1676249014,8159812086,71577299
20260728,103230,에스앤더블류,KOSDAQ,중견기업부,2440,-240,-8.96,2680,2680,2315,34245,83267150,17568000000,7200000
20260728,260970,에스앤디,KOSDAQ,우량기업부,46700,-3250,-6.51,48800,49800,46100,19935,946252525,135091611800,2892754
20260728,101490,에스앤에스텍,KOSDAQ,우량기업부,39500,-1450,-3.54,42250,42750,38900,409371,16441751300,842727720500,21334879
20260728,095910,에스에너지,KOSDAQ,중견기업부,690,-55,-7.38,740,740,685,322159,226005235,25734867210,37296909
20260728,275630,에스에스알,KOSDAQ,벤처기업부,3490,-180,-4.90,3670,3670,3420,7972,27899320,18335789920,5253808
20260728,031330,에스에이엠티,KOSDAQ,우량기업부,8920,-1210,-11.94,9650,9650,8900,1191410,10898760080,891955997640,99995067
20260728,060540,에스에이티,KOSDAQ,중견기업부,1100,-63,-5.42,1163,1167,1085,42116,47404518,28746227400,26132934
20260728,0008Z0,에스엔시스,KOSDAQ,벤처기업부,20950,-1550,-6.89,22200,22200,20950,30147,641297625,197696015800,9436564
20260728,246250,에스엘에스바이오,KOSDAQ,관리종목(소속부없음),1969,0,0.00,0,0,0,0,0,30220617614,15348206
20260728,041510,에스엠,KOSDAQ,우량기업부,70100,-4300,-5.78,73400,76200,69000,106499,7682221300,1604917769000,22894690
20260728,460870,에스엠씨지,KOSDAQ,벤처기업부,2690,10,0.37,2610,3220,2555,675845,1949934016,53997187760,20073304
20260728,464080,에스오에스랩,KOSDAQ,기술성장기업부,7300,-730,-9.09,7800,7870,7230,115448,856391230,131013428500,17947045
20260728,109610,에스와이,KOSDAQ,중견기업부,1710,-115,-6.30,1824,1825,1701,312202,544723635,83631654000,48907400
20260728,365330,에스와이스틸텍,KOSDAQ,우량기업부,1312,-113,-7.93,1383,1389,1301,651300,870213645,65824352000,50171000
20260728,306040,에스제이그룹,KOSDAQ,중견기업부,1626,-106,-6.12,1732,1732,1590,72956,119354092,16041836328,9865828
20260728,398120,에스지헬스케어,KOSDAQ,벤처기업부,1902,-123,-6.07,1924,1981,1857,28902,54663435,22522553922,11841511
20260728,472230,에스케이증권제11호스팩,KOSDAQ,SPAC(소속부없음),2085,5,0.24,2080,2085,2080,24762,51547637,8663175000,4155000
20260728,473000,에스케이증권제12호스팩,KOSDAQ,SPAC(소속부없음),2060,5,0.24,2055,2060,2050,432,886205,6818600000,3310000
20260728,473950,에스케이증권제13호스팩,KOSDAQ,SPAC(소속부없음),2030,-10,-0.49,2030,2040,2025,7668,15575865,8972600000,4420000
20260728,475660,에스켐,KOSDAQ,기술성장기업부,3010,-325,-9.75,3395,3395,3005,9067,28253560,23868803350,7929835
20260728,096630,에스코넥,KOSDAQ,우량기업부,1765,-65,-3.55,1831,1831,1725,33987,59570957,28021710095,15876323
20260728,069510,에스텍,KOSDAQ,우량기업부,12000,-630,-4.99,12620,12630,12000,7558,92235270,130920000000,10910000
20260728,488280,에스투더블유,KOSDAQ,기술성장기업부,10210,470,4.83,10500,10590,9280,269998,2700327245,110303592060,10803486
20260728,234300,에스트래픽,KOSDAQ,우량기업부,2810,-75,-2.60,2805,2885,2730,63005,174462860,76453861800,27207780
20260728,039440,에스티아이,KOSDAQ,우량기업부,20850,-2150,-9.35,21850,21850,20550,139171,2931234650,323321929950,15507047
20260728,098660,에스티오,KOSDAQ,중견기업부,1723,8,0.47,1755,1755,1654,26602,45010988,21539181648,12500976
20260728,052020,에스티큐브,KOSDAQ,투자주의환기종목(소속부없음),7000,-590,-7.77,7400,7590,6780,277395,1957718910,475883037000,67983291
20260728,237690,에스티팜,KOSDAQ,우량기업부,98500,-1400,-1.40,99300,100300,95400,156906,15269971350,2056348843000,20876638
20260728,458350,에스팀,KOSDAQ,중견기업부,3670,-355,-8.82,4075,4075,3645,24967,92987272,31867344000,8683200
20260728,050760,에스폴리텍,KOSDAQ,중견기업부,1098,41,3.88,1056,1113,991,490705,509415855,17935476444,16334678
20260728,288620,에스프리즘,KOSDAQ,벤처기업부,3980,-525,-11.65,4460,4540,3960,27948,113266585,27777677680,6979316
20260728,443670,에스피소프트,KOSDAQ,중견기업부,2840,-190,-6.27,2960,3150,2815,156979,463680470,68190001760,24010564
20260728,317830,에스피시스템스,KOSDAQ,벤처기업부,4275,-405,-8.65,4350,4620,4125,36054,153535625,46058071950,10773818
20260728,058610,에스피지,KOSDAQ,우량기업부,68000,-7000,-9.33,73500,76300,66500,319018,22406558400,1508060480000,22177360
20260728,043340,에쎈테크,KOSDAQ,중견기업부,836,14,1.70,799,849,785,73139,60005206,39710000000,47500000
20260728,163280,에어레인,KOSDAQ,기술성장기업부,3130,-205,-6.15,3260,3270,3080,74831,234954910,42577634140,13603078
20260728,200710,에이디테크놀로지,KOSDAQ,중견기업부,26600,-2650,-9.06,26850,27450,26000,155712,4146154900,358089386200,13462007
20260728,475580,에이럭스,KOSDAQ,벤처기업부,6280,-550,-8.05,6750,6830,6150,87264,554048495,85564372000,13624900
20260728,096690,에이루트,KOSDAQ,중견기업부,5100,-180,-3.41,5240,5380,5040,1432,7420820,20516494200,4022842
20260728,298380,에이비엘바이오,KOSDAQ,기술성장기업부,68800,-3800,-5.23,70900,72600,67000,305173,21034657200,3851937454400,55987463
20260728,203400,에이비온,KOSDAQ,기술성장기업부,771,-53,-6.43,822,827,724,824513,640055519,69468105384,90101304
20260728,003800,에이스침대,KOSDAQ,우량기업부,32050,-650,-1.99,33250,33250,31600,4929,157392100,355434500000,11090000
20260728,088800,에이스테크,KOSDAQ,중견기업부,1644,-116,-6.59,1759,1759,1615,96488,159687726,124132577496,75506434
20260728,241840,에이스토리,KOSDAQ,중견기업부,2250,-50,-2.17,2285,2290,2165,18879,41594479,21464986500,9539994
20260728,364950,에이아이코리아,KOSDAQ,벤처기업부,3765,-250,-6.23,3805,3970,3700,26140,99214740,31236115425,8296445
20260728,453860,에이에스텍,KOSDAQ,벤처기업부,9240,-210,-2.22,9440,9450,9000,10521,96129260,59546468520,6444423
20260728,312610,에이에프더블류,KOSDAQ,관리종목(소속부없음),380,-31,-7.54,390,413,365,84935,32910396,7697617440,20256888
20260728,172670,에이엘티,KOSDAQ,벤처기업부,8110,-1060,-11.56,8720,8970,7920,106891,884048895,72667700490,8960259
20260728,481070,에이유브랜즈,KOSDAQ,중견기업부,16360,-1240,-7.05,17370,17500,16020,8675,143872110,234442890000,14330250
20260728,060900,에이전트AI,KOSDAQ,중견기업부,4335,-135,-3.02,4465,4465,4175,12750,55476570,17301301455,3991073
20260728,445090,에이직랜드,KOSDAQ,벤처기업부,17630,-2240,-11.27,18580,19090,17560,56672,1017892820,192619350540,10925658
20260728,295310,에이치브이엠,KOSDAQ,기술성장기업부,35750,-4350,-10.85,38150,38500,35100,79095,2870604950,430665270750,12046581
20260728,072990,에이치시티,KOSDAQ,우량기업부,3205,-245,-7.10,3425,3425,3155,19463,63019595,46466750230,14498206
20260728,044990,에이치엔에스하이텍,KOSDAQ,기술성장기업부,10110,-680,-6.30,10670,10770,10110,17865,183541140,77699646750,7685425
20260728,239610,에이치엘사이언스,KOSDAQ,벤처기업부,5270,-250,-4.53,5480,5520,5270,9281,49259030,28416446050,5392115
20260728,0156T0,에이치엘지노믹스,KOSDAQ,중견기업부,10840,-2640,-19.58,12980,13200,10660,1178997,13890971750,84358625240,7782161
20260728,036170,에이치엠넥스,KOSDAQ,중견기업부,2410,-230,-8.71,2510,2560,2260,439285,1058231954,147891158660,61365626
20260728,477340,에이치엠씨제7호스팩,KOSDAQ,SPAC(소속부없음),2045,0,0.00,2040,2045,2040,37312,76276710,15357950000,7510000
20260728,148930,에이치와이티씨,KOSDAQ,중견기업부,3355,-80,-2.33,3430,3430,3310,22557,76364450,34137839615,10175213
20260728,044780,에이치케이,KOSDAQ,벤처기업부,1291,-14,-1.07,1310,1310,1276,37318,48114327,23890971017,18505787
20260728,357230,에이치피오,KOSDAQ,우량기업부,2080,-65,-3.03,2170,2170,2065,35068,73156620,85890430080,41293476
20260728,355690,에이텀,KOSDAQ,기술성장기업부,4380,-100,-2.23,4480,4555,4255,68646,299686511,41918303820,9570389
20260728,071670,에이테크솔루션,KOSDAQ,중견기업부,4740,-320,-6.32,5060,5060,4640,27112,128363259,47400000000,10000000
20260728,045660,에이텍,KOSDAQ,우량기업부,8000,0,0.00,7910,8050,7710,61025,484017645,66080000000,8260000
20260728,224110,에이텍모빌리티,KOSDAQ,벤처기업부,8010,-190,-2.32,8120,8220,7970,14560,116793690,40693891860,5080386
20260728,021080,에이티넘인베스트,KOSDAQ,우량기업부,2020,-150,-6.91,2150,2150,2020,499428,1028136825,96960000000,48000000
20260728,200470,에이팩트,KOSDAQ,중견기업부,4005,-680,-14.51,4460,4460,4005,497096,2050785883,169660182465,42362093
20260728,262260,에이프로,KOSDAQ,우량기업부,2490,-225,-8.29,2655,2680,2460,136820,343658067,37543373400,15077660
20260728,397030,에이프릴바이오,KOSDAQ,기술성장기업부,22850,-2200,-8.78,24400,24850,22400,100721,2328989950,535005924100,23413826
20260728,0009K0,에임드바이오,KOSDAQ,기술성장기업부,19900,-2100,-9.55,21200,21550,19450,120189,2410164745,1286956103900,64671161
20260728,230240,에치에프알,KOSDAQ,중견기업부,14210,-2160,-13.19,15760,15760,14130,151492,2205875305,189120890000,13309000
20260728,159910,에코글로우,KOSDAQ,중견기업부,3190,50,1.59,3115,3200,3020,11248,35063600,33390039430,10467097
20260728,097780,에코볼트,KOSDAQ,중견기업부,1215,-56,-4.41,1271,1290,1211,23634,29382680,24656103135,20293089
20260728,038870,에코심플렉스,KOSDAQ,중견기업부,1808,-197,-9.83,2000,2005,1802,21922,40327238,25339027792,14014949
20260728,448280,에코아이,KOSDAQ,중견기업부,6790,-260,-3.69,6740,6810,6500,14449,96176090,201195365910,29631129
20260728,101360,에코앤드림,KOSDAQ,벤처기업부,6060,-720,-10.62,6420,6630,5990,57472,353936170,107783850840,17786114
20260728,128540,에코캡,KOSDAQ,우량기업부,1174,-72,-5.78,1254,1254,1161,29358,34905770,31334600040,26690460
20260728,086520,에코프로,KOSDAQ,중견기업부,72700,-7900,-9.80,77800,78200,71900,658093,48734077000,9870926250400,135776152
20260728,247540,에코프로비엠,KOSDAQ,중견기업부,101800,-8700,-7.87,106400,107800,99600,319884,32679939700,9959138181200,97830434
20260728,383310,에코프로에이치엔,KOSDAQ,우량기업부,22750,-2100,-8.45,24400,24400,22700,165625,3873518475,477179703000,20974932
20260728,038110,에코플라스틱,KOSDAQ,우량기업부,1846,-100,-5.14,1900,1940,1830,363360,680408671,75998657020,41169370
20260728,073540,에프알텍,KOSDAQ,벤처기업부,2160,-10,-0.46,2125,2160,2025,54347,112465795,24624000000,11400000
20260728,064850,에프앤가이드,KOSDAQ,벤처기업부,17030,-1650,-8.83,18400,18680,17000,57261,1005121510,194317953960,11410332
20260728,036810,에프에스티,KOSDAQ,중견기업부,17890,-2460,-12.09,19470,19470,17640,113131,2071263395,387314725210,21649789
20260728,173940,에프엔씨엔터,KOSDAQ,중견기업부,2300,-60,-2.54,2340,2340,2190,34488,77126545,35403458400,15392808
20260728,083500,에프엔에스테크,KOSDAQ,우량기업부,11330,-1010,-8.18,11860,12080,11080,82669,943898295,94111251410,8306377
20260728,317530,에피소드컴퍼니,KOSDAQ,기술성장기업부,2640,-105,-3.83,2700,2700,2430,15235,38925715,46186488480,17494882
20260728,054940,엑사이엔씨,KOSDAQ,중견기업부,760,0,0.00,0,0,0,0,0,25211896480,33173548
20260728,950130,엑세스바이오,KOSDAQ,외국기업(소속부없음),2120,-100,-4.50,2145,2250,2100,79714,171823399,74568528080,35173834
20260728,373110,엑셀세라퓨틱스,KOSDAQ,기술성장기업부,1122,-60,-5.08,1204,1204,1116,92458,104751697,19404310068,17294394
20260728,205100,엑셈,KOSDAQ,벤처기업부,1435,-20,-1.37,1466,1466,1337,144386,205599707,101435017005,70686423
20260728,356680,엑스게이트,KOSDAQ,벤처기업부,9800,-720,-6.84,11560,12380,9800,5183989,58490640085,279726221600,28543492
20260728,070300,엑스큐어,KOSDAQ,벤처기업부,1535,-71,-4.42,1605,1649,1462,216307,330153745,54530459015,35524729
20260728,317770,엑스페릭스,KOSDAQ,벤처기업부,2500,260,11.61,2220,2670,2165,846587,2132309240,91610360000,36644144
20260728,373200,엑스플러스,KOSDAQ,벤처기업부,1582,-8,-0.50,1580,1609,1510,139749,218115840,39618400934,25043237
20260728,069920,엑시온그룹,KOSDAQ,관리종목(소속부없음),1230,-5,-0.40,1280,1500,1200,1342334,1839086442,11434720830,9296521
20260728,092870,엑시콘,KOSDAQ,우량기업부,12600,-1800,-12.50,13560,13590,12340,190324,2416486375,164440042200,13050797
20260728,317870,엔바이오니아,KOSDAQ,기술성장기업부,3850,50,1.32,3790,3970,3660,17286,65475040,34041295750,8841895
20260728,067570,엔브이에이치코리아,KOSDAQ,중견기업부,1714,0,0.00,1714,1714,1648,124959,208003885,72279380000,42170000
20260728,0004V0,엔비알모션,KOSDAQ,기술성장기업부,5290,-520,-8.95,5600,5610,5120,132423,709620360,58244931360,11010384
20260728,236810,엔비티,KOSDAQ,기술성장기업부,1139,-10,-0.87,1149,1149,1035,54095,59189342,19335010214,16975426
20260728,333620,엔시스,KOSDAQ,벤처기업부,5180,-170,-3.18,5080,5350,5010,14067,71636650,56969173800,10997910
20260728,101400,엔시트론,KOSDAQ,중견기업부,1519,-91,-5.65,1627,1627,1450,76824,115956189,17835775972,11741788
20260728,475230,엔알비,KOSDAQ,벤처기업부,6530,-820,-11.16,7010,7260,6500,50040,338579900,71168399990,10898683
20260728,481890,엔에이치스팩31호,KOSDAQ,SPAC(소속부없음),2075,5,0.24,2075,2080,2065,7199,14900495,13165875000,6345000
20260728,0054V0,엔에이치스팩32호,KOSDAQ,SPAC(소속부없음),2010,0,0.00,2010,2020,2005,21293,42766378,12495165000,6216500
20260728,0130H0,엔에이치스팩33호,KOSDAQ,SPAC(소속부없음),1997,-3,-0.15,1990,2005,1989,13542,27033614,15376900000,7700000
20260728,265740,엔에프씨,KOSDAQ,벤처기업부,5340,-190,-3.44,5510,5510,5160,108051,574604370,95391624000,17863600
20260728,354200,엔젠바이오,KOSDAQ,기술성장기업부,1745,-460,-20.86,2060,2135,1670,359631,676379204,15594337335,8936583
20260728,455900,엔젤로보틱스,KOSDAQ,기술성장기업부,15900,-1770,-10.02,16720,17550,15830,33214,540324820,244748397900,15392981
20260728,419080,엔젯,KOSDAQ,기술성장기업부,4325,-365,-7.78,4670,4690,4205,42068,183910750,47020608525,10871817
20260728,183490,엔지켐생명과학,KOSDAQ,관리종목(소속부없음),990,0,0.00,0,0,0,0,0,83793832650,84640235
20260728,182400,엔케이젠바이오텍코리아,KOSDAQ,관리종목(소속부없음),3670,0,0.00,0,0,0,0,0,265496721770,72342431
20260728,348370,엔켐,KOSDAQ,중견기업부,16470,-2160,-11.59,18110,18350,16120,170626,2866977805,360874054710,21910993
20260728,069410,엔텔스,KOSDAQ,벤처기업부,2690,-100,-3.58,2760,2785,2600,14919,39967535,27558576560,10244824
20260728,227950,엔투텍,KOSDAQ,벤처기업부,1065,-56,-5.00,1115,1115,1052,40564,43599111,36751242585,34508209
20260728,291230,엔피,KOSDAQ,중견기업부,588,0,0.00,0,0,0,0,0,25928315700,44095775
20260728,048830,엔피케이,KOSDAQ,중견기업부,1013,-9,-0.88,1013,1047,981,64538,65464915,18967333999,18723923
20260728,096870,엘디티,KOSDAQ,벤처기업부,2310,-95,-3.95,2385,2400,2310,23413,54840590,19283877690,8347999
20260728,290650,엘앤씨바이오,KOSDAQ,우량기업부,52600,-5500,-9.47,55900,57900,51700,187422,9987624050,1418606430400,26969704
20260728,156100,엘앤케이바이오,KOSDAQ,벤처기업부,3985,-5,-0.13,3985,4100,3885,153923,610158215,89069344705,22351153
20260728,0041J0,엘에스스팩1호,KOSDAQ,SPAC(소속부없음),1988,-2,-0.10,1985,1999,1985,3434,6831187,8170680000,4110000
20260728,073110,엘엠에스,KOSDAQ,벤처기업부,4820,-165,-3.31,4985,4985,4820,3984,19301305,42877539100,8895755
20260728,083310,엘오티베큠,KOSDAQ,우량기업부,7190,-810,-10.13,7690,7870,7150,85652,632254880,128054137270,17810033
20260728,037950,엘컴텍,KOSDAQ,중견기업부,2705,-225,-7.68,2750,2890,2705,23701,65270025,45686105615,16889503
20260728,489500,엘케이켐,KOSDAQ,벤처기업부,17260,-1670,-8.82,18350,18490,16900,37273,649634815,110312767880,6391238
20260728,170920,엘티씨,KOSDAQ,벤처기업부,33200,-7100,-17.62,37050,39000,31550,616553,20508132150,350728983200,10564126
20260728,058630,엠게임,KOSDAQ,우량기업부,4180,-65,-1.53,4185,4260,4095,35138,147523310,80266759320,19202574
20260728,226590,엠디바이스,KOSDAQ,기술성장기업부,9960,-1340,-11.86,11000,11070,9880,55754,565996430,106739168640,10716784
20260728,058970,엠로,KOSDAQ,기술성장기업부,13440,-1690,-11.17,14710,15180,13300,50253,696233055,166155951360,12362794
20260728,169330,엠브레인,KOSDAQ,중견기업부,1374,-75,-5.18,1366,1387,1309,17752,23766892,25167445332,18316918
20260728,373170,엠아이큐브솔루션,KOSDAQ,벤처기업부,1642,20,1.23,1616,1798,1608,31152,51019467,24816843180,15113790
20260728,179290,엠아이텍,KOSDAQ,우량기업부,4515,-185,-3.94,4700,4700,4400,129469,583189025,146131036170,32365678
20260728,009780,엠에스씨,KOSDAQ,우량기업부,5990,-60,-0.99,6020,6090,5890,21818,130824130,105424000000,17600000
20260728,123040,엠에스오토텍,KOSDAQ,중견기업부,1500,-91,-5.72,1507,1591,1480,113646,171809781,93942448500,62628299
20260728,432980,엠에프씨,KOSDAQ,기술성장기업부,2640,-5,-0.19,2620,2640,2365,11058,27923565,22682198880,8591742
20260728,007820,엠엑스로보틱스,KOSDAQ,중견기업부,2745,-230,-7.73,2955,2955,2730,51633,144258842,54993181770,20033946
20260728,347890,엠엑스온,KOSDAQ,벤처기업부,4310,-40,-0.92,4175,4350,4140,36758,155938050,73326909240,17013204
20260728,413390,엠오티,KOSDAQ,중견기업부,5900,-400,-6.35,6010,6280,5830,27022,163245210,68323062000,11580180
20260728,032790,엠젠솔루션,KOSDAQ,벤처기업부,1030,-60,-5.50,1090,1090,1000,84866,87186950,26450509180,25680106
20260728,033160,엠케이전자,KOSDAQ,중견기업부,13700,-1620,-10.57,14620,14650,13500,456190,6340430655,331464184200,24194466
20260728,033310,엠투엔,KOSDAQ,중견기업부,1295,-19,-1.45,1303,1318,1266,54354,69404911,51764330520,39972456
20260728,259630,엠플러스,KOSDAQ,우량기업부,8610,-400,-4.44,8990,8990,8590,81535,712709555,105234829560,12222396
20260728,105550,엣지파운드리,KOSDAQ,중견기업부,397,0,0.00,0,0,0,0,0,31087899247,78307051
20260728,060850,영림원소프트랩,KOSDAQ,벤처기업부,4920,-210,-4.09,5080,5080,4905,8293,40878700,40004520000,8131000
20260728,143540,영우디에스피,KOSDAQ,벤처기업부,948,-40,-4.05,981,987,880,182168,170158058,42280700460,44599895
20260728,265560,영화테크,KOSDAQ,우량기업부,6700,-260,-3.74,6960,6960,6630,14095,95117380,71624206000,10690180
20260728,036000,예림당,KOSDAQ,중견기업부,2745,-115,-4.02,2825,2860,2650,57177,155072105,63229090365,23034277
20260728,250930,예선테크,KOSDAQ,벤처기업부,1850,-79,-4.10,1837,1928,1758,20159,36345118,12210162800,6600088
20260728,053280,예스24,KOSDAQ,중견기업부,3160,-100,-3.07,3310,3310,3145,11573,36715054,79000000000,25000000
20260728,122640,예스티,KOSDAQ,벤처기업부,19310,-2690,-12.23,20550,20800,18910,485157,9474464505,417184343250,21604575
20260728,476040,오가노이드사이언스,KOSDAQ,기술성장기업부,7480,-760,-9.22,7440,7940,7440,23488,179666625,49261484800,6585760
20260728,900300,오가닉티코스메틱,KOSDAQ,외국기업(소속부없음),1561,-151,-8.82,1712,1712,1541,61795,99427176,12144731417,7780097
20260728,045060,오공,KOSDAQ,우량기업부,2190,-15,-0.68,2205,2205,2140,21249,46059639,37102923060,16941974
20260728,192410,오늘이엔엠,KOSDAQ,중견기업부,4140,-105,-2.47,4250,4350,3950,295910,1186354975,104269663260,25185909
20260728,080520,오디텍,KOSDAQ,벤처기업부,2820,-50,-1.74,2870,2870,2620,28462,76632277,31929215940,11322417
20260728,039830,오로라,KOSDAQ,우량기업부,17510,-1830,-9.46,19340,19340,16850,56165,988764810,188458203900,10762890
20260728,322310,오로스테크놀로지,KOSDAQ,벤처기업부,14220,-1940,-12.00,15360,15530,13880,140981,2031059710,133192227240,9366542
20260728,046120,오르비텍,KOSDAQ,중견기업부,4045,-405,-9.10,4340,4390,3990,174235,717285309,136945226485,33855433
20260728,475830,오름테라퓨틱,KOSDAQ,기술성장기업부,43750,-3700,-7.80,45650,47000,40350,68757,2993404250,950232062500,21719590
20260728,014940,오리엔탈정공,KOSDAQ,우량기업부,4130,-395,-8.73,4400,5160,4075,5688076,26973052979,188219219930,45573661
20260728,065500,오리엔트정공,KOSDAQ,중견기업부,1094,-40,-3.53,1105,1129,1070,98179,107329795,36367745728,33242912
20260728,010470,오리콤,KOSDAQ,우량기업부,4695,-155,-3.20,4845,4845,4600,13477,63016690,56222859750,11975050
20260728,417860,오브젠,KOSDAQ,벤처기업부,8610,680,8.58,8030,10300,8010,2560374,23929467225,40526460660,4706906
20260728,352910,오비고,KOSDAQ,기술성장기업부,3575,-135,-3.64,3710,3845,3440,14600,52258680,45180142150,12637802
20260728,053980,오상자이엘,KOSDAQ,우량기업부,2445,-50,-2.00,2465,2500,2415,45830,112339045,46412904435,18982783
20260728,036220,오상헬스케어,KOSDAQ,우량기업부,6000,-110,-1.80,6070,6090,5710,4709,27642150,85856496000,14309416
20260728,052420,오성첨단소재,KOSDAQ,우량기업부,8400,-610,-6.77,8940,8940,8180,39118,336806260,81832875600,9742009
20260728,052300,오션인더블유,KOSDAQ,중견기업부,1406,-46,-3.17,1452,1569,1406,96424,142050727,22839243968,16244128
20260728,039200,오스코텍,KOSDAQ,벤처기업부,30250,-1350,-4.27,31150,31750,29550,101883,3085236200,1157309824000,38258176
20260728,226400,오스테오닉,KOSDAQ,기술성장기업부,4635,-165,-3.44,4795,4800,4500,81124,378296769,95766520635,20661601
20260728,031510,오스템,KOSDAQ,중견기업부,1067,-41,-3.70,1110,1110,1060,35670,38352449,29876000000,28000000
20260728,342870,오아,KOSDAQ,중견기업부,3810,-300,-7.30,4110,4400,3810,10753,42554060,20765250570,5450197
20260728,368970,오에스피,KOSDAQ,관리종목(소속부없음),2260,-15,-0.66,2280,2280,2135,54343,120078720,23045140900,10196965
20260728,138080,오이솔루션,KOSDAQ,벤처기업부,16010,-2380,-12.94,18000,18000,15920,155707,2562781115,198167905580,12377758
20260728,080580,오킨스전자,KOSDAQ,벤처기업부,10070,-1650,-14.08,11240,11240,9880,202259,2089436670,212385916850,21090955
20260728,067170,오텍,KOSDAQ,중견기업부,1978,-157,-7.35,2155,2250,1968,329883,668487935,54315448796,27459782
20260728,353590,오토앤,KOSDAQ,중견기업부,1504,-23,-1.51,1527,1580,1476,61032,92137913,19364857280,12875570
20260728,173130,오파스넷,KOSDAQ,중견기업부,5820,-390,-6.28,6140,6210,5820,115100,684382085,75930472860,13046473
20260728,440320,오픈놀,KOSDAQ,기술성장기업부,1955,-150,-7.13,2125,2165,1875,45608,89990571,19510900000,9980000
20260728,049480,오픈베이스,KOSDAQ,우량기업부,1744,-104,-5.63,1805,1829,1730,233987,413390077,54800635952,31422383
20260728,394280,오픈엣지테크놀로지,KOSDAQ,기술성장기업부,9270,-960,-9.38,9930,9930,9130,72096,676352545,244232333100,26346530
20260728,476060,온코닉테라퓨틱스,KOSDAQ,기술성장기업부,10310,-780,-7.03,10730,10900,10030,324710,3357978960,468154830400,45407840
20260728,382150,온코크로스,KOSDAQ,기술성장기업부,2975,-325,-9.85,3135,3185,2975,50132,153188260,38812903150,13046354
20260728,244460,올리패스,KOSDAQ,관리종목(소속부없음),1651,0,0.00,0,0,0,0,0,13415218661,8125511
20260728,226950,올릭스,KOSDAQ,기술성장기업부,107000,-6700,-5.89,110500,116300,103100,204483,22184071300,2253724950000,21062850
20260728,057540,옴니시스템,KOSDAQ,중견기업부,929,-11,-1.17,922,953,906,1169727,1083687758,55177274972,59394268
20260728,131030,옵투스제약,KOSDAQ,우량기업부,5150,-230,-4.28,5330,5360,5100,109886,573165760,90879938500,17646590
20260728,082210,옵트론텍,KOSDAQ,중견기업부,2075,-65,-3.04,2140,2205,2010,230415,489127417,72548909750,34963330
20260728,109080,옵티시스,KOSDAQ,벤처기업부,7750,-440,-5.37,8130,8130,7720,17593,136978530,43679000000,5636000
20260728,380540,옵티코어,KOSDAQ,관리종목(소속부없음),8450,0,0.00,0,0,0,0,0,206658126350,24456583
20260728,153710,옵티팜,KOSDAQ,기술성장기업부,4555,-80,-1.73,4685,4695,4425,10258,46131385,66821658690,14669958
20260728,432430,와이랩,KOSDAQ,기술성장기업부,1930,-90,-4.46,2025,2045,1930,14692,28802286,31861057600,16508320
20260728,338840,와이바이오로직스,KOSDAQ,기술성장기업부,8620,-710,-7.61,9300,9300,8300,74608,645930015,132460790220,15366681
20260728,122990,와이솔,KOSDAQ,중견기업부,5820,-270,-4.43,6080,6080,5820,94234,557581620,155039451420,26639081
20260728,232140,와이씨,KOSDAQ,우량기업부,8180,-1330,-13.99,9120,9230,7610,825007,6877167425,671130963000,82045350
20260728,112290,와이씨켐,KOSDAQ,기술성장기업부,8380,-620,-6.89,8900,8900,8200,162855,1369325415,169452734200,20221090
20260728,065530,와이어블,KOSDAQ,우량기업부,1116,-84,-7.00,1200,1200,1110,119467,136279094,53388055044,47838759
20260728,067900,와이엔텍,KOSDAQ,우량기업부,5670,-280,-4.71,5950,5950,5650,47618,272681500,103192066530,18199659
20260728,007530,와이엠,KOSDAQ,중견기업부,1569,-25,-1.57,1667,1667,1532,17147,26867820,34916888439,22254231
20260728,155650,와이엠씨,KOSDAQ,우량기업부,2765,-15,-0.54,2690,2775,2600,47089,125647000,52464099870,18974358
20260728,273640,와이엠텍,KOSDAQ,벤처기업부,4645,-375,-7.47,4950,5060,4620,36139,172759070,50937070000,10966000
20260728,251370,와이엠티,KOSDAQ,벤처기업부,7720,-580,-6.99,7920,8340,7500,123135,956987135,139062004360,18013213
20260728,209640,와이제이링크,KOSDAQ,중견기업부,2840,-265,-8.53,3010,3035,2805,191569,554673848,80778534640,28443146
20260728,096250,와이즈넛,KOSDAQ,기술성장기업부,5760,-270,-4.48,6240,6360,5610,44291,258780265,75494067840,13106609
20260728,273060,와이즈버즈,KOSDAQ,중견기업부,812,-30,-3.56,850,850,781,70813,57266711,39905155360,49144280
20260728,019210,와이지-원,KOSDAQ,우량기업부,18060,-2140,-10.59,19690,19980,17600,644342,11905175110,671718727680,37193728
20260728,122870,와이지엔터테인먼트,KOSDAQ,우량기업부,39250,-2300,-5.54,40400,41400,38550,86388,3429763900,733623673250,18691049
20260728,079000,와토스코리아,KOSDAQ,중견기업부,4165,-175,-4.03,4305,4335,4150,23430,99160971,29988000000,7200000
20260728,403490,우듬지팜,KOSDAQ,벤처기업부,480,-18,-3.61,490,508,480,77139,37691991,22047582720,45932464
20260728,032820,우리기술,KOSDAQ,벤처기업부,9030,-1100,-10.86,9820,9820,8860,1981402,18147250195,1549594829580,171605186
20260728,041190,우리기술투자,KOSDAQ,우량기업부,4325,-260,-5.67,4365,4535,4220,433187,1877484851,363300000000,84000000
20260728,115440,우리넷,KOSDAQ,우량기업부,6200,-490,-7.32,6710,7000,6130,96849,619989745,66924610400,10794292
20260728,046970,우리로,KOSDAQ,벤처기업부,3890,-235,-5.70,4000,4100,3780,642713,2514449875,170479246110,43824999
20260728,082850,우리바이오,KOSDAQ,중견기업부,1001,-73,-6.80,1077,1077,987,195077,195290691,48505034578,48456578
20260728,215360,우리산업,KOSDAQ,우량기업부,6050,-350,-5.47,6350,6480,6030,8695,53048110,55249586150,9132163
20260728,072470,우리산업홀딩스,KOSDAQ,중견기업부,2350,-10,-0.42,2345,2350,2290,18401,42359675,44385251350,18887341
20260728,073560,우리손에프앤지,KOSDAQ,우량기업부,1454,-41,-2.74,1480,1487,1440,292879,426656195,100671532922,69237643
20260728,037400,우리엔터프라이즈,KOSDAQ,중견기업부,676,-43,-5.98,719,719,673,46494,31938817,17726981896,26223346
20260728,153490,우리이앤엘하루틴,KOSDAQ,우량기업부,405,-14,-3.34,415,419,390,65473,26168854,20849400000,51480000
20260728,101170,우림피티에스,KOSDAQ,벤처기업부,6750,-580,-7.91,7170,7170,6740,42220,291081930,91125000000,13500000
20260728,103840,우양,KOSDAQ,중견기업부,1785,-114,-6.00,1883,1949,1750,58566,105249361,29214073980,16366428
20260728,101970,우양에이치씨,KOSDAQ,중견기업부,9540,-220,-2.25,9800,9990,9270,9184,88548310,141096685860,14790009
20260728,046940,우원개발,KOSDAQ,우량기업부,2780,-110,-3.81,2820,2885,2730,244971,683061397,50246693000,18074350
20260728,065680,우주일렉트로,KOSDAQ,우량기업부,22950,-2250,-8.93,25000,25050,22950,10153,237641900,212068809450,9240471
20260728,018620,우진비앤지,KOSDAQ,벤처기업부,2520,-20,-0.79,2540,2550,2350,11804,28839765,17471114640,6932982
20260728,457550,우진엔텍,KOSDAQ,중견기업부,13760,-970,-6.59,14430,14430,13430,26412,363146035,128228862080,9318958
20260728,396470,워트,KOSDAQ,중견기업부,4900,-400,-7.55,5140,5190,4850,70456,350520862,78988000000,16120000
20260728,307280,원바이오젠,KOSDAQ,벤처기업부,5310,-190,-3.45,5500,5560,5310,13448,73297310,37672469370,7094627
20260728,032940,원익,KOSDAQ,우량기업부,4870,-510,-9.48,5340,5340,4835,137514,681054465,88601030100,18193230
20260728,240810,원익IPS,KOSDAQ,우량기업부,89500,-16500,-15.57,95200,96000,88400,1021792,93197500450,4393009139500,49083901
20260728,074600,원익QnC,KOSDAQ,우량기업부,22950,-3800,-14.21,25350,25600,22250,487683,11300115150,603309600000,26288000
20260728,104830,원익머트리얼즈,KOSDAQ,우량기업부,29500,-3300,-10.06,31400,31900,29050,67272,2014072575,371936000000,12608000
20260728,014190,원익큐브,KOSDAQ,우량기업부,1070,-48,-4.29,1087,1115,1049,110710,118726627,37872725970,35395071
20260728,217820,원익피앤이,KOSDAQ,중견기업부,1675,-121,-6.74,1796,1796,1655,305383,522969342,79486386325,47454559
20260728,030530,원익홀딩스,KOSDAQ,중견기업부,14920,-2040,-12.03,16000,16180,14730,496491,7602339710,1152390676520,77237981
20260728,012620,원일특강,KOSDAQ,우량기업부,6740,-110,-1.61,6800,6880,6630,8272,55456550,29656000000,4400000
20260728,136150,원일티엔아이,KOSDAQ,벤처기업부,6490,-720,-9.99,7100,7170,6490,15241,102716790,54392884700,8381030
20260728,382840,원준,KOSDAQ,중견기업부,4230,-200,-4.51,4185,4495,4085,44230,183947465,64598787630,15271581
20260728,336570,원텍,KOSDAQ,우량기업부,4795,-295,-5.80,5000,5070,4765,678539,3295306308,428100697570,89280646
20260728,376980,원티드랩,KOSDAQ,기술성장기업부,2565,-180,-6.56,2660,2825,2565,40128,108758035,25050800610,9766394
20260728,008370,원풍,KOSDAQ,우량기업부,4720,-35,-0.74,4870,4870,4680,3949,18672115,56640000000,12000000
20260728,008290,원풍물산,KOSDAQ,관리종목(소속부없음),325,-68,-17.30,397,397,304,882092,297987795,6612722675,20346839
20260728,101160,월덱스,KOSDAQ,우량기업부,28650,-1850,-6.07,29350,29350,28200,100486,2873027050,473039949450,16510993
20260728,336060,웨이버스,KOSDAQ,벤처기업부,590,0,0.00,0,0,0,0,0,28411568000,48155200
20260728,095270,웨이브일렉트로,KOSDAQ,벤처기업부,3765,-75,-1.95,3805,3990,3730,50485,190557252,54112108590,14372406
20260728,289930,웨이비스,KOSDAQ,기술성장기업부,6480,-540,-7.69,6880,6900,6310,118015,769562790,85205584800,13149010
20260728,065950,웰크론,KOSDAQ,중견기업부,970,-31,-3.10,992,992,953,96847,93263586,27384362940,28231302
20260728,076080,웰크론한텍,KOSDAQ,중견기업부,999,-3,-0.30,1005,1005,960,51073,50167102,22571561844,22594156
20260728,043590,웰킵스하이텍,KOSDAQ,중견기업부,1090,-91,-7.71,1170,1175,1051,61240,67741296,14789535290,13568381
20260728,196700,웹스,KOSDAQ,벤처기업부,1233,-62,-4.79,1275,1275,1215,56168,69634459,17710989552,14364144
20260728,069080,웹젠,KOSDAQ,우량기업부,12010,-330,-2.67,12050,12330,11670,60669,727143820,371908565750,30966575
20260728,053580,웹케시,KOSDAQ,우량기업부,6250,-350,-5.30,6590,6610,6240,39185,250967630,80965225000,12954436
20260728,479960,위너스일렉,KOSDAQ,중견기업부,5570,-520,-8.54,5910,6090,5550,5948,34236190,39691820000,7126000
20260728,044340,위닉스,KOSDAQ,중견기업부,5290,-110,-2.04,5750,6320,4995,8321093,49072928630,94550418250,17873425
20260728,330350,위더스제약,KOSDAQ,우량기업부,6320,-90,-1.40,6360,6690,6180,130524,833109575,83421977600,13199680
20260728,348350,위드텍,KOSDAQ,벤처기업부,8490,-800,-8.61,8600,8690,8090,89274,746895755,84718314000,9978600
20260728,112040,위메이드,KOSDAQ,중견기업부,14870,-740,-4.74,15250,15440,14360,122859,1818314540,504813942210,33948483
20260728,101730,위메이드맥스,KOSDAQ,중견기업부,3395,-270,-7.37,3560,3605,3290,147636,506461720,284512155970,83803286
20260728,123420,위메이드플레이,KOSDAQ,우량기업부,5690,-240,-4.05,5760,5930,5510,33097,186033640,59181923290,10401041
20260728,065370,위세아이텍,KOSDAQ,벤처기업부,3005,-25,-0.83,3000,3025,2910,12882,38190980,22188781770,7383954
20260728,038620,위즈코프,KOSDAQ,벤처기업부,1863,-167,-8.23,2030,2030,1860,27402,52398855,28216798659,15145893
20260728,299900,위지윅스튜디오,KOSDAQ,중견기업부,233,0,0.00,0,0,0,0,0,39854389972,171048884
20260728,036090,위지트,KOSDAQ,중견기업부,1120,-150,-11.81,1230,1230,1107,469893,539231443,47656575680,42550514
20260728,459100,위츠,KOSDAQ,중견기업부,3790,-255,-6.30,3905,4020,3715,36976,141124236,51036519000,13466100
20260728,136540,윈스테크넷,KOSDAQ,우량기업부,10210,-190,-1.83,10400,10440,10110,14324,146342190,125376206660,12279746
20260728,097800,윈팩,KOSDAQ,중견기업부,1685,-116,-6.44,1801,1801,1676,56435,96289992,45983725825,27290045
20260728,192390,윈하이텍,KOSDAQ,벤처기업부,1795,60,3.46,1733,1825,1721,24357,42833682,19802851055,11032229
20260728,335870,윙스풋,KOSDAQ,중견기업부,994,11,1.12,983,1020,972,79846,78046378,16649970162,16750473
20260728,900340,윙입푸드,KOSDAQ,외국기업(소속부없음),1090,-89,-7.55,1150,1183,1080,56135,63239138,13715177880,12582732
20260728,036200,유니셈,KOSDAQ,우량기업부,6980,-780,-10.05,7410,7410,6900,145542,1031226270,214036276540,30664223
20260728,018000,유니슨,KOSDAQ,중견기업부,721,-80,-9.99,790,791,715,1960944,1438623822,187098262764,259498284
20260728,203450,유니온바이오메트릭스,KOSDAQ,벤처기업부,2485,-115,-4.42,2600,2665,2415,26682,66155966,34986332395,14079007
20260728,011320,유니크,KOSDAQ,우량기업부,3720,20,0.54,3700,3815,3650,48148,179782440,71872985400,19320695
20260728,086390,유니테스트,KOSDAQ,중견기업부,7520,-1130,-13.06,8190,8190,7320,438049,3332310775,158928627520,21134126
20260728,241690,유니테크노,KOSDAQ,우량기업부,2465,-50,-1.99,2520,2520,2300,64673,158341341,60320290290,24470706
20260728,142210,유니트론텍,KOSDAQ,우량기업부,5030,-310,-5.81,5190,5230,4975,268535,1353811145,104379557090,20751403
20260728,389680,유디엠텍,KOSDAQ,기술성장기업부,1603,8,0.50,1516,1610,1465,43446,65657618,13338070879,8320693
20260728,088340,유라클,KOSDAQ,벤처기업부,6530,-200,-2.97,6660,6660,6250,14281,90653520,28499323040,4364368
20260728,048430,유라테크,KOSDAQ,우량기업부,5340,-290,-5.15,5530,5550,5340,27823,150075830,61516800000,11520000
20260728,206650,유바이오로직스,KOSDAQ,우량기업부,7850,-220,-2.73,7900,8040,7760,128381,1006869885,288505609950,36752307
20260728,089850,유비벨록스,KOSDAQ,우량기업부,4195,-145,-3.34,4255,4350,4100,15650,66279125,61793184805,14730199
20260728,084440,유비온,KOSDAQ,기술성장기업부,1032,0,0.00,1000,1042,969,42631,43464112,19744658472,19132421
20260728,264450,유비쿼스,KOSDAQ,우량기업부,9500,-290,-2.96,9780,9790,9260,25944,245029920,139322183500,14665493
20260728,078070,유비쿼스홀딩스,KOSDAQ,중견기업부,8100,-410,-4.82,8450,8450,7880,65435,525287560,138176628300,17058843
20260728,024800,유성티엔에스,KOSDAQ,우량기업부,4110,-100,-2.38,4210,4210,4010,25208,101972440,152282947320,37051812
20260728,054930,유신,KOSDAQ,우량기업부,15450,-1190,-7.15,16540,16620,15450,18308,291439460,46350000000,3000000
20260728,069330,유아이디,KOSDAQ,벤처기업부,1058,-14,-1.31,1072,1072,1003,20330,20996719,17935823292,16952574
20260728,049520,유아이엘,KOSDAQ,우량기업부,3575,-155,-4.16,3730,3735,3530,103836,374086146,110262384375,30842625
20260728,473050,유안타제15호스팩,KOSDAQ,SPAC(소속부없음),2080,0,0.00,2080,2085,2080,14696,30567738,14580800000,7010000
20260728,474490,유안타제16호스팩,KOSDAQ,SPAC(소속부없음),2055,-5,-0.24,2060,2060,2055,7649,15756320,11323050000,5510000
20260728,493790,유안타제17호스팩,KOSDAQ,SPAC(소속부없음),2020,5,0.25,2015,2020,2010,49803,100354596,10726200000,5310000
20260728,263770,유에스티,KOSDAQ,우량기업부,1572,0,0.00,1559,1572,1500,14040,21501884,37256670384,23700172
20260728,388720,유일로보틱스,KOSDAQ,벤처기업부,58800,-4600,-7.26,61500,62300,57200,33719,1991399050,692743086000,11781345
20260728,023410,유진기업,KOSDAQ,중견기업부,3180,-125,-3.78,3265,3290,3150,424349,1355917919,245848544340,77310863
20260728,056080,유진로봇,KOSDAQ,중견기업부,10580,-1420,-11.83,11500,11600,10210,278430,3005009795,404531441880,38235486
20260728,468760,유진스팩10호,KOSDAQ,SPAC(소속부없음),2080,0,0.00,0,0,0,0,0,8819200000,4240000
20260728,488060,유진스팩11호,KOSDAQ,SPAC(소속부없음),2035,0,0.00,2035,2035,2030,1853,3770850,9605200000,4720000
20260728,0105P0,유진스팩12호,KOSDAQ,SPAC(소속부없음),1991,-9,-0.45,2000,2000,1991,1168,2325505,11269060000,5660000
20260728,084370,유진테크,KOSDAQ,우량기업부,100100,-12200,-10.86,104100,105900,98000,171373,17255860650,2293895804200,22916042
20260728,240600,유진테크놀로지,KOSDAQ,벤처기업부,2505,-135,-5.11,2460,2600,2400,45542,113677700,17355018255,6928151
20260728,179900,유티아이,KOSDAQ,투자주의환기종목(소속부없음),2790,-20,-0.71,2810,2875,2470,173748,458922097,55215249480,19790412
20260728,263050,유틸렉스,KOSDAQ,관리종목(소속부없음),959,0,0.00,0,0,0,0,0,35324626904,36834856
20260728,191410,육일씨엔에쓰,KOSDAQ,관리종목(소속부없음),1228,25,2.08,1205,1245,1180,180247,217411195,13758825140,11204255
20260728,372170,윤성에프앤씨,KOSDAQ,우량기업부,13680,-1330,-8.86,14500,14800,13620,20615,290106825,109153376640,7979048
20260728,146060,율촌,KOSDAQ,중견기업부,1016,-73,-6.70,1018,1087,1009,76528,78949911,24399844520,24015595
20260728,039020,이건홀딩스,KOSDAQ,중견기업부,2415,-95,-3.78,2490,2495,2390,52544,127561705,54542072235,22584709
20260728,067920,이글루,KOSDAQ,우량기업부,5130,-70,-1.35,5150,5160,5030,12420,63278800,56410090470,10996119
20260728,044960,이글벳,KOSDAQ,중견기업부,2975,-40,-1.33,3005,3015,2935,23482,69538835,37609601925,12641883
20260728,303530,이노뎁,KOSDAQ,벤처기업부,2515,-75,-2.90,2570,2580,2385,17916,44298165,18458336985,7339299
20260728,302430,이노메트리,KOSDAQ,벤처기업부,5120,-280,-5.19,5210,5390,5010,34432,176154385,50346024960,9833208
20260728,462350,이노스페이스,KOSDAQ,기술성장기업부,5630,-440,-7.25,6100,6100,5600,209014,1197433435,190358621140,33811478
20260728,274400,이노시뮬레이션,KOSDAQ,기술성장기업부,1852,-243,-11.60,1980,2020,1738,24194,44747925,16828185036,9086493
20260728,296640,이노에이엑스,KOSDAQ,벤처기업부,4470,-135,-2.93,4645,4645,4315,11909,52887496,23146786440,5178252
20260728,215790,이노인스트루먼트,KOSDAQ,중견기업부,789,-38,-4.59,815,815,750,796358,623673429,31783404561,40283149
20260728,344860,이노진,KOSDAQ,기술성장기업부,1318,-31,-2.30,1280,1352,1261,14341,18396129,15855540000,12030000
20260728,333050,이노테나,KOSDAQ,벤처기업부,5000,-250,-4.76,5200,5200,4810,9121,45146975,24622100000,4924420
20260728,469610,이노테크,KOSDAQ,중견기업부,11400,-1200,-9.52,12050,12120,11300,60005,695719120,101949060000,8942900
20260728,088390,이녹스,KOSDAQ,중견기업부,6490,-410,-5.94,7030,7030,6420,13660,89671220,60914127560,9385844
20260728,272290,이녹스첨단소재,KOSDAQ,우량기업부,18850,-1650,-8.05,19810,20050,18680,129028,2467375695,375822044650,19937509
20260728,053350,이니텍,KOSDAQ,중견기업부,3870,-15,-0.39,3875,3960,3780,71651,278622120,85221521550,22021065
20260728,452400,이닉스,KOSDAQ,우량기업부,5710,0,0.00,5480,5900,5250,28912,158115970,51797853880,9071428
20260728,264850,이랜시스,KOSDAQ,중견기업부,4860,-440,-8.30,5000,5580,4700,2525352,12987332795,147231814320,30294612
20260728,054210,이랜텍,KOSDAQ,우량기업부,6460,-490,-7.05,6810,6810,6430,164062,1068380700,163381216600,25291210
20260728,009730,이렘,KOSDAQ,투자주의환기종목(소속부없음),1468,-35,-2.33,1528,1528,1429,25811,37675753,11708038404,7975503
20260728,065440,이루온,KOSDAQ,벤처기업부,1292,-81,-5.90,1369,1371,1250,251539,325053551,35239325840,27275020
20260728,424870,이뮨온시아,KOSDAQ,기술성장기업부,2625,-175,-6.25,2750,2760,2550,224926,592432058,239589706125,91272269
20260728,115610,이미지스,KOSDAQ,벤처기업부,1479,-162,-9.87,1635,1635,1459,84923,129991847,17479959351,11818769
20260728,478110,이베스트스팩6호,KOSDAQ,SPAC(소속부없음),2035,-10,-0.49,2040,2040,2030,5407,11021755,10215700000,5020000
20260728,131400,이브이첨단소재,KOSDAQ,벤처기업부,656,-41,-5.88,672,692,646,553936,363680113,39092274592,59591882
20260728,351330,이삭엔지니어링,KOSDAQ,벤처기업부,3630,-150,-3.97,3655,3760,3505,19909,71597515,30087327600,8288520
20260728,080010,이상네트웍스,KOSDAQ,중견기업부,7520,-210,-2.72,7660,7740,7300,5058,37892830,73959733920,9835071
20260728,086890,이수앱지스,KOSDAQ,중견기업부,3080,-235,-7.09,3290,3310,3025,165230,519668083,125586821360,40774942
20260728,047560,이스트소프트,KOSDAQ,중견기업부,7630,-280,-3.54,7860,8380,7100,47762,371975950,89676015660,11753082
20260728,239340,이스트에이드,KOSDAQ,중견기업부,642,-7,-1.08,674,674,570,109733,69921062,17320925028,26979634
20260728,067010,이씨에스,KOSDAQ,벤처기업부,1989,-96,-4.60,2070,2085,1935,21867,43831546,21657226500,10888500
20260728,456070,이엔셀,KOSDAQ,기술성장기업부,5590,-320,-5.41,5800,5890,5320,101646,559010890,61655000030,11029517
20260728,102710,이엔에프테크놀로지,KOSDAQ,우량기업부,38700,-4900,-11.24,42100,42100,37900,95085,3689802125,552939253200,14287836
20260728,041520,이엘씨,KOSDAQ,투자주의환기종목(소속부없음),8840,-460,-4.95,9300,9300,8800,13628,121169660,107748373200,12188730
20260728,063760,이엘피,KOSDAQ,벤처기업부,2445,-155,-5.96,2600,2600,2330,20416,50218750,22799942850,9325130
20260728,123570,이엠넷,KOSDAQ,중견기업부,1699,-3,-0.18,1702,1710,1640,3069,5165269,37847056522,22276078
20260728,083470,이엠앤아이,KOSDAQ,벤처기업부,684,1,0.15,683,717,642,317556,220735081,14596785036,21340329
20260728,091120,이엠텍,KOSDAQ,중견기업부,3795,-230,-5.71,3835,3915,3745,39846,152510920,65019492120,17132936
20260728,039030,이오테크닉스,KOSDAQ,우량기업부,270000,-39000,-12.62,288500,289000,257000,134902,36438976750,3326278500000,12319550
20260728,294090,이오플로우,KOSDAQ,관리종목(소속부없음),1490,0,0.00,0,0,0,0,0,62295566450,41809105
20260728,088290,이원컴포텍,KOSDAQ,관리종목(소속부없음),2300,115,5.26,2150,2390,2030,15608,34797060,18344965600,7976072
20260728,353810,이지바이오,KOSDAQ,우량기업부,6000,-160,-2.60,6120,6120,5930,115830,694655275,198491520000,33081920
20260728,261520,이지스,KOSDAQ,기술성장기업부,3880,-370,-8.71,4130,4390,3805,73281,290561104,39877864000,10277800
20260728,099750,이지케어텍,KOSDAQ,벤처기업부,6450,-400,-5.84,6850,6990,6370,27555,182153110,88101665850,13659173
20260728,377330,이지트로닉스,KOSDAQ,기술성장기업부,2670,-95,-3.44,2765,2765,2490,3015,7924655,21733677180,8139954
20260728,035810,이지홀딩스,KOSDAQ,우량기업부,4160,-215,-4.91,4320,4320,4120,239710,1005011147,268387329600,64516185
20260728,092130,이크레더블,KOSDAQ,중견기업부,14050,-290,-2.02,14360,14360,13500,4887,68608350,169212580000,12043600
20260728,134060,이퓨쳐,KOSDAQ,벤처기업부,4835,-45,-0.92,4855,4885,4790,3275,15900540,23059323750,4769250
20260728,001840,이화공영,KOSDAQ,관리종목(소속부없음),2215,0,0.00,0,0,0,0,0,62588831935,28256809
20260728,041830,인바디,KOSDAQ,우량기업부,50300,-200,-0.40,49400,51600,48600,74777,3768956100,678088364600,13480882
20260728,352940,인바이오,KOSDAQ,벤처기업부,2015,-10,-0.49,2005,2025,1950,7255,14475194,21898475950,10867730
20260728,079950,인베니아,KOSDAQ,관리종목(소속부없음),1288,123,10.56,1145,1299,1051,315046,375526217,17773240800,13799100
20260728,0007J0,인벤테라,KOSDAQ,기술성장기업부,6950,-390,-5.31,7340,7340,6660,28095,192384090,54666712300,7865714
20260728,389470,인벤티지랩,KOSDAQ,기술성장기업부,27500,-1800,-6.14,28900,29300,26400,37056,1012800650,365961970000,13307708
20260728,277410,인산가,KOSDAQ,벤처기업부,5510,-230,-4.01,5740,5760,5460,1871,10392870,21164736500,3841150
20260728,060150,인선이엔티,KOSDAQ,중견기업부,2940,-120,-3.92,3035,3055,2905,130109,385716263,133957019280,45563612
20260728,033230,인성정보,KOSDAQ,중견기업부,990,-21,-2.08,1000,1020,980,155091,154515274,50010226200,50515380
20260728,450520,인스웨이브,KOSDAQ,벤처기업부,1769,-77,-4.17,1846,1900,1720,8642,15458294,26012398482,14704578
20260728,465480,인스피언,KOSDAQ,벤처기업부,3210,-155,-4.61,3235,3315,3105,9017,28610095,32542248120,10137772
20260728,037330,인지디스플레,KOSDAQ,우량기업부,852,-37,-4.16,881,889,810,46746,38671619,37390210848,43885224
20260728,100030,인지소프트,KOSDAQ,중견기업부,16430,-570,-3.35,17170,17170,16230,1778,29183990,53951421020,3283714
20260728,211050,인카금융서비스,KOSDAQ,우량기업부,9460,-440,-4.44,9630,9900,9310,125551,1190838090,466034195220,49263657
20260728,083640,인콘,KOSDAQ,벤처기업부,1089,-60,-5.22,1175,1175,1078,62835,68843329,25001635527,22958343
20260728,064090,인크레더블버즈,KOSDAQ,관리종목(소속부없음),798,0,0.00,0,0,0,0,0,39694710510,49742745
20260728,216050,인크로스,KOSDAQ,중견기업부,4745,-180,-3.65,4910,4910,4695,29777,141586670,57882461390,12198622
20260728,049070,인탑스,KOSDAQ,우량기업부,17490,-1510,-7.95,18400,18480,17460,66689,1189131440,287965976430,16464607
20260728,119610,인터로조,KOSDAQ,우량기업부,13600,-820,-5.69,14360,14360,13410,68944,941308140,155226959200,11413747
20260728,017250,인터엠,KOSDAQ,중견기업부,904,-84,-8.50,1000,1005,777,400291,335782585,19025102168,21045467
20260728,051370,인터플렉스,KOSDAQ,우량기업부,6220,-440,-6.61,6590,6590,6220,74869,472423010,145096875840,23327472
20260728,064290,인텍플러스,KOSDAQ,중견기업부,27100,-4100,-13.14,29500,29600,25850,447721,12171600650,348982363800,12877578
20260728,189300,인텔리안테크,KOSDAQ,우량기업부,56000,-5500,-8.94,60000,60000,54800,58821,3330189400,601299832000,10737497
20260728,287840,인투셀,KOSDAQ,기술성장기업부,16510,-2890,-14.90,18010,18760,16450,112778,1931855810,248012559600,15021960
20260728,048530,인트론바이오,KOSDAQ,기술성장기업부,2415,-30,-1.23,2400,2440,2350,84650,202126710,74603595570,30891758
20260728,070590,인티큐브,KOSDAQ,중견기업부,1670,43,2.64,1613,1671,1580,21164,34296391,23178800070,13879521
20260728,115310,인포바인,KOSDAQ,벤처기업부,6990,-210,-2.92,7100,7140,6710,7725,52849525,103672527510,14831549
20260728,039290,인포뱅크,KOSDAQ,중견기업부,3235,-285,-8.10,3410,3410,3225,3834,12640515,28125018830,8693978
20260728,071200,인피니트헬스케어,KOSDAQ,중견기업부,7740,-580,-6.97,8320,8320,7740,34561,274172160,188828584920,24396458
20260728,101930,인화정공,KOSDAQ,우량기업부,6400,-620,-8.83,6670,6940,6320,22741,148609120,292445894400,45694671
20260728,333430,일승,KOSDAQ,중견기업부,3525,-225,-6.00,3725,4680,3410,12471784,53032872996,108311783175,30726747
20260728,068330,일신바이오,KOSDAQ,중견기업부,928,-16,-1.69,944,952,926,86574,80696051,41032577920,44216140
20260728,178780,일월지엠엘,KOSDAQ,벤처기업부,2200,-45,-2.00,2250,2250,2130,7916,17295107,41006229000,18639195
20260728,019540,일지테크,KOSDAQ,우량기업부,5990,-230,-3.70,6070,6170,5850,46142,275062285,80945865000,13513500
20260728,094820,일진파워,KOSDAQ,우량기업부,10290,-860,-7.71,10860,11050,10150,120629,1253496210,155159915610,15078709
20260728,950140,잉글우드랩,KOSDAQ,외국기업(소속부없음),8000,-380,-4.53,8380,8390,7880,17659,142031930,158942928000,19867866
20260728,049550,잉크테크,KOSDAQ,우량기업부,3125,-45,-1.42,3170,3170,3020,891479,2785860245,61269615625,19606277
20260728,389020,자람테크놀로지,KOSDAQ,기술성장기업부,17100,-2480,-12.67,18830,18900,17000,37909,671459725,118076902200,6905082
20260728,254120,자비스,KOSDAQ,기술성장기업부,723,-34,-4.49,757,766,705,47254,34605203,22235337210,30754270
20260728,043910,자연과환경,KOSDAQ,벤처기업부,3065,-120,-3.77,3185,3185,2965,26631,80618837,34754479425,11339145
20260728,234920,자이글,KOSDAQ,관리종목(소속부없음),5310,0,0.00,0,0,0,0,0,71849132100,13530910
20260728,289220,자이언트스텝,KOSDAQ,기술성장기업부,1276,2,0.16,1263,1316,1221,77577,99126915,28470393996,22312221
20260728,049630,재영솔루텍,KOSDAQ,우량기업부,5580,-480,-7.92,5850,6050,5500,177585,1000872455,130377475620,23365139
20260728,417840,저스템,KOSDAQ,벤처기업부,8510,-1770,-17.22,9500,9730,8350,1082739,9376095565,194618432310,22869381
20260728,110020,전진바이오팜,KOSDAQ,기술성장기업부,1800,-133,-6.88,2045,2045,1701,13637,24852637,16305771600,9058762
20260728,208140,정다운,KOSDAQ,우량기업부,2155,-55,-2.49,2210,2210,2135,78811,170642003,70434550130,32684246
20260728,040420,정상제이엘에스,KOSDAQ,우량기업부,5770,-40,-0.69,5810,5830,5700,29137,167642755,90459475040,15677552
20260728,045510,정원엔시스,KOSDAQ,중견기업부,1015,-22,-2.12,1037,1089,950,411156,420606595,32692431380,32209292
20260728,217190,제너셈,KOSDAQ,벤처기업부,4800,-340,-6.61,5130,5130,4695,125505,605850998,63138052800,13153761
20260728,095700,제넥신,KOSDAQ,기술성장기업부,2350,-90,-3.69,2455,2455,2315,101287,238357594,107020160900,45540494
20260728,122310,제노레이,KOSDAQ,우량기업부,3450,-100,-2.82,3550,3550,3200,5531,18921415,50210761800,14553844
20260728,361390,제노코,KOSDAQ,벤처기업부,11470,-880,-7.13,12330,12330,11400,45225,526418850,111676290070,9736381
20260728,225220,제놀루션,KOSDAQ,벤처기업부,1288,-67,-4.94,1344,1344,1244,19790,25297396,24716747048,19190021
20260728,123330,제닉,KOSDAQ,우량기업부,22900,-1850,-7.47,24750,25650,22600,120383,2840525325,182482772000,7968680
20260728,381620,제닉스로보틱스,KOSDAQ,중견기업부,5100,-650,-11.30,5500,5680,5100,132280,707621310,66901392000,13117920
20260728,159580,제로투세븐,KOSDAQ,중견기업부,2000,-90,-4.31,2055,2085,1980,36774,73602640,40065272000,20032636
20260728,147830,제룡산업,KOSDAQ,벤처기업부,5790,-520,-8.24,6170,6180,5740,214716,1269164675,115800000000,20000000
20260728,033100,제룡전기,KOSDAQ,우량기업부,41900,-3400,-7.51,43000,43350,41050,94917,3982875900,673014937100,16062409
20260728,079370,제우스,KOSDAQ,우량기업부,7930,-980,-11.00,8520,8850,7870,285634,2335206375,245964730700,31016990
20260728,054950,제이브이엠,KOSDAQ,우량기업부,21450,-700,-3.16,22000,22100,21250,11788,254232050,259328183400,12089892
20260728,090470,제이스로보틱스,KOSDAQ,벤처기업부,3750,-165,-4.21,3915,3920,3600,47367,178145685,65537227500,17476594
20260728,023440,제이스코홀딩스,KOSDAQ,관리종목(소속부없음),521,0,0.00,0,0,0,0,0,46964378481,90142761
20260728,137950,제이씨케미칼,KOSDAQ,우량기업부,2850,-245,-7.92,2930,3055,2795,166768,476037600,63463269900,22267814
20260728,033320,제이씨현시스템,KOSDAQ,벤처기업부,2665,-130,-4.65,2750,2795,2660,39818,107162879,50939961280,19114432
20260728,417500,제이아이테크,KOSDAQ,우량기업부,2890,-215,-6.92,2950,3060,2835,144830,420477020,94747910160,32784744
20260728,204270,제이앤티씨,KOSDAQ,중견기업부,12560,-1410,-10.09,13360,13500,12240,337437,4270700675,726576732960,57848466
20260728,127120,제이에스링크,KOSDAQ,벤처기업부,32200,-1100,-3.30,32950,32950,30650,90026,2824372575,1119038807600,34752758
20260728,026040,제이에스티나,KOSDAQ,중견기업부,1639,-133,-7.51,1730,1840,1595,47685,80326751,27049711810,16503790
20260728,452160,제이엔비,KOSDAQ,중견기업부,3130,-45,-1.42,3195,3220,3070,26630,82495175,30102859510,9617527
20260728,126880,제이엔케이글로벌,KOSDAQ,우량기업부,2620,-95,-3.50,2715,2720,2575,76686,200894637,60796845860,23204903
20260728,322510,제이엘케이,KOSDAQ,기술성장기업부,5080,-60,-1.17,4915,5230,4700,117421,593391367,130687531360,25725892
20260728,033050,제이엠아이,KOSDAQ,중견기업부,868,23,2.72,838,868,785,29722,24828680,27636536704,31839328
20260728,094970,제이엠티,KOSDAQ,벤처기업부,2450,-125,-4.85,2535,2535,2405,153390,375963690,41033188000,16748240
20260728,418550,제이오,KOSDAQ,기술성장기업부,3695,-275,-6.93,3830,3965,3650,118716,442675430,118305301735,32017673
20260728,060230,제이케이시냅스,KOSDAQ,중견기업부,1460,-81,-5.26,1541,1560,1351,143987,209013041,16439743080,11260098
20260728,420570,제이투케이바이오,KOSDAQ,벤처기업부,9290,-10,-0.11,9390,10050,8810,107604,1030338560,54323117070,5847483
20260728,089790,제이티,KOSDAQ,벤처기업부,3580,-345,-8.79,3810,3870,3560,64613,236247047,36929536540,10315513
20260728,0010V0,제이피아이헬스케어,KOSDAQ,벤처기업부,7860,-160,-2.00,7960,8200,7860,12757,102676380,40128444000,5105400
20260728,412540,제일엠앤에스,KOSDAQ,관리종목(소속부없음),3935,0,0.00,0,0,0,0,0,81063616775,20600665
20260728,199820,제일일렉트릭,KOSDAQ,우량기업부,6280,-620,-8.99,6590,6700,6170,179250,1134896155,139541600000,22220000
20260728,038010,제일테크노스,KOSDAQ,우량기업부,5220,-240,-4.40,5420,5450,5220,18651,98574930,46980000000,9000000
20260728,080220,제주반도체,KOSDAQ,우량기업부,62400,-11600,-15.68,68500,69100,61600,1547096,99639979400,2149232779200,34442833
20260728,216080,제테마,KOSDAQ,벤처기업부,4280,80,1.90,4165,4300,3980,162323,661767640,159588783720,37287099
20260728,337930,젝시믹스,KOSDAQ,우량기업부,2850,-115,-3.88,2985,2990,2840,84577,243098601,84577953750,29676475
20260728,229000,젠큐릭스,KOSDAQ,기술성장기업부,1479,-93,-5.92,1572,1572,1454,89401,131888342,34650256035,23428165
20260728,082270,젬백스,KOSDAQ,벤처기업부,9830,-640,-6.11,10360,10360,9610,171046,1681129775,435166265490,44269203
20260728,153890,져스텍,KOSDAQ,기술성장기업부,5960,-960,-13.87,6650,6720,5960,201744,1242095325,71819817800,12050305
20260728,034940,조아제약,KOSDAQ,중견기업부,636,11,1.76,635,768,615,4118270,2833575576,19703169972,30979827
20260728,067000,조이시티,KOSDAQ,중견기업부,1109,-38,-3.31,1121,1145,1096,278680,311399305,77522921614,69903446
20260728,309930,조이웍스앤코,KOSDAQ,중견기업부,852,32,3.90,820,868,774,62801,51966207,16406017428,19255889
20260728,018700,졸스,KOSDAQ,투자주의환기종목(소속부없음),1432,-318,-18.17,1750,1750,1432,295651,460377066,16763831152,11706586
20260728,033340,좋은사람들,KOSDAQ,중견기업부,312,-31,-9.04,343,344,310,698870,224708319,30248574096,96950558
20260728,036930,주성엔지니어링,KOSDAQ,우량기업부,128800,-21100,-14.08,137600,138100,128800,1058019,139723051850,5986768384800,46481121
20260728,072020,중앙백신,KOSDAQ,벤처기업부,9050,-150,-1.63,9050,9210,8560,21467,194303800,83773868050,9256781
20260728,000440,중앙에너비스,KOSDAQ,중견기업부,11800,-920,-7.23,12720,12730,11790,34266,415720420,73480134000,6227130
20260728,051980,중앙첨단소재,KOSDAQ,중견기업부,875,-74,-7.80,912,947,860,561548,494028155,97205245375,111091709
20260728,221800,지구홀딩스,KOSDAQ,투자주의환기종목(소속부없음),4215,-285,-6.33,4360,4425,4110,43501,184567505,68783956965,16318851
20260728,228760,지노믹트리,KOSDAQ,기술성장기업부,11250,-900,-7.41,12140,12140,11010,76740,866487100,279666022500,24859202
20260728,314130,지놈앤컴퍼니,KOSDAQ,기술성장기업부,3565,-235,-6.18,3795,3795,3510,220374,789978900,161334620445,45255153
20260728,389030,지니너스,KOSDAQ,기술성장기업부,1955,-90,-4.40,2045,2070,1920,334967,654074367,77011889805,39392271
20260728,263860,지니언스,KOSDAQ,벤처기업부,12310,-490,-3.83,12800,12900,12250,31753,396261370,111769876000,9079600
20260728,303030,지니틱스,KOSDAQ,벤처기업부,1674,-96,-5.42,1848,1848,1619,58293,98747583,15329614824,9157476
20260728,208350,지란지교시큐리티,KOSDAQ,벤처기업부,2960,-85,-2.79,3060,3080,2905,14866,43941700,23980647200,8101570
20260728,446840,지슨,KOSDAQ,기술성장기업부,2900,-55,-1.86,2955,2955,2815,27860,79843165,31948186400,11016616
20260728,144510,지씨셀,KOSDAQ,중견기업부,12900,-410,-3.08,13210,13380,12700,29289,375629860,203824437600,15800344
20260728,340450,지씨지놈,KOSDAQ,기술성장기업부,4745,-240,-4.81,4830,4915,4600,65662,308753075,112223012785,23650793
20260728,306620,지아이에스,KOSDAQ,벤처기업부,1460,-161,-9.93,1610,1610,1430,303277,452726857,69995588640,47942184
20260728,358570,지아이이노베이션,KOSDAQ,기술성장기업부,7620,-360,-4.51,7910,7970,7360,312815,2363961335,491611965720,64516006
20260728,382480,지아이텍,KOSDAQ,벤처기업부,1685,-71,-4.04,1751,1751,1660,90186,151497453,66316780900,39357140
20260728,382800,지앤비에스 에코,KOSDAQ,우량기업부,3810,-335,-8.08,4000,4075,3765,319353,1239267982,121276266210,31831041
20260728,051160,지어소프트,KOSDAQ,중견기업부,7720,80,1.05,7630,7855,7320,155592,1205353965,119462599600,15474430
20260728,053050,지에스이,KOSDAQ,우량기업부,1762,-105,-5.62,1852,1884,1759,145220,259311564,52838145914,29987597
20260728,388610,지에프씨생명과학,KOSDAQ,기술성장기업부,5570,-330,-5.59,5900,5990,5520,7741,43832770,29662383310,5325383
20260728,493330,지에프아이,KOSDAQ,벤처기업부,8740,-410,-4.48,9430,9430,8670,13661,121204590,68517343620,7839513
20260728,119850,지엔씨에너지,KOSDAQ,우량기업부,32000,-5400,-14.44,35750,35950,30150,1228495,39756646525,526365088000,16448909
20260728,065060,지엔코,KOSDAQ,중견기업부,3360,250,8.04,3115,3400,2980,24069,77100380,20127696960,5990386
20260728,204840,지엘팜텍,KOSDAQ,기술성장기업부,814,0,0.00,0,0,0,0,0,63124890884,77549006
20260728,311320,지오엘리먼트,KOSDAQ,기술성장기업부,6170,-1100,-15.13,7300,7300,6020,222597,1390398735,77831835200,12614560
20260728,456160,지투지바이오,KOSDAQ,기술성장기업부,27450,-3150,-10.29,30000,30200,26650,72698,2018441400,456477743700,16629426
20260728,388050,지투파워,KOSDAQ,우량기업부,6370,-560,-8.08,6770,6910,6300,220780,1427715880,119179113690,18709437
20260728,018120,진로발효,KOSDAQ,우량기업부,16380,-170,-1.03,16860,16860,16350,1536,25268180,108453945600,6621120
20260728,109820,진매트릭스,KOSDAQ,기술성장기업부,1462,-107,-6.82,1556,1558,1452,25927,38590686,29815501680,20393640
20260728,086060,진바이오텍,KOSDAQ,중견기업부,5060,10,0.20,5050,5100,4910,41853,210448490,43569570220,8610587
20260728,036890,진성티이씨,KOSDAQ,우량기업부,12620,-1040,-7.61,13460,13460,12530,100884,1283162225,278051702260,22032623
20260728,363250,진시스템,KOSDAQ,기술성장기업부,4555,545,13.59,4050,5200,4050,181685,866425502,38755680010,8508382
20260728,007370,진양제약,KOSDAQ,우량기업부,3800,-105,-2.69,3820,3910,3685,18087,67560805,53711430600,14134587
20260728,285800,진영,KOSDAQ,벤처기업부,729,-69,-8.65,809,809,700,504241,372582022,12740929830,17477270
20260728,085660,차바이오텍,KOSDAQ,중견기업부,8460,-500,-5.58,8880,8960,8220,303583,2591481050,786550277160,92972846
20260728,351870,차이커뮤니케이션,KOSDAQ,중견기업부,1800,54,3.09,1763,1849,1663,10507,18738289,20089155600,11160642
20260728,094850,참좋은여행,KOSDAQ,우량기업부,4140,-195,-4.50,4335,4440,4100,14471,61316180,57960000000,14000000
20260728,004650,창해에탄올,KOSDAQ,우량기업부,9260,-120,-1.28,9280,9370,9100,23354,215775300,85107595100,9190885
20260728,0011T0,채비,KOSDAQ,기술성장기업부,4345,-475,-9.85,4730,4730,4160,241752,1050738185,203995972895,46949591
20260728,278280,천보,KOSDAQ,중견기업부,31400,-2100,-6.27,31850,32650,30200,27597,859521350,384744985000,12253025
20260728,362320,청담글로벌,KOSDAQ,중견기업부,4655,-105,-2.21,4605,4815,4400,72451,337992188,98459254950,21151290
20260728,013720,청보,KOSDAQ,중견기업부,1750,-350,-16.67,2100,2100,1644,123044,219660041,21289849000,12165628
20260728,066360,체리부로,KOSDAQ,우량기업부,643,1,0.16,640,697,629,160343,104887573,30833145645,47952015
20260728,047820,초록뱀미디어,KOSDAQ,중견기업부,2940,-170,-5.47,3110,3110,2930,29287,87539310,71894554200,24453930
20260728,094360,칩스앤미디어,KOSDAQ,벤처기업부,9490,-910,-8.75,9990,10160,9430,85513,826009900,202661550260,21355274
20260728,0082N0,카나프테라퓨틱스,KOSDAQ,기술성장기업부,11060,-1610,-12.71,12210,12580,10960,85574,980772615,146711784800,13265080
20260728,016920,카스,KOSDAQ,중견기업부,1008,-2,-0.20,1010,1010,983,141451,140965757,26705486304,26493538
20260728,284620,카이노스메드,KOSDAQ,투자주의환기종목(소속부없음),1087,0,0.00,0,0,0,0,0,35965517911,33086953
20260728,293490,카카오게임즈,KOSDAQ,중견기업부,7480,-430,-5.44,7650,7910,7330,301344,2269954825,802194582200,107245265
20260728,140430,카티스,KOSDAQ,중견기업부,1754,-62,-3.41,1801,1849,1631,59814,103510228,18749395278,10689507
20260728,042000,카페24,KOSDAQ,우량기업부,17230,-570,-3.20,17640,18250,16830,75683,1308568560,416589851870,24178169
20260728,313760,캐리,KOSDAQ,관리종목(소속부없음),468,0,0.00,0,0,0,0,0,5244963048,11207186
20260728,071850,캐스텍코리아,KOSDAQ,투자주의환기종목(소속부없음),1372,-58,-4.06,1482,1482,1344,2550,3492223,33286006936,24260938
20260728,198080,캐프,KOSDAQ,우량기업부,2090,-95,-4.35,2170,2170,2050,54912,114759872,45008536650,21535185
20260728,210120,캔버스엔,KOSDAQ,중견기업부,930,0,0.00,0,0,0,0,0,22540854540,24237478
20260728,050110,캠시스,KOSDAQ,중견기업부,836,-56,-6.28,879,886,825,294207,249472500,24431952028,29224823
20260728,452300,캡스톤파트너스,KOSDAQ,중견기업부,1960,-215,-9.89,2155,2190,1926,192575,382855661,27772229800,14169505
20260728,451760,컨텍,KOSDAQ,기술성장기업부,6700,-600,-8.22,7050,7130,6630,94142,640614375,110602085800,16507774
20260728,900310,컬러레이,KOSDAQ,외국기업(소속부없음),1715,-226,-11.64,1900,2000,1715,22030,40792109,21966294525,12808335
20260728,078340,컴투스,KOSDAQ,중견기업부,26550,-550,-2.03,26850,26850,25800,31970,847479750,321024360150,12091313
20260728,063080,컴투스홀딩스,KOSDAQ,중견기업부,11720,-320,-2.66,11340,12310,11330,8398,96949730,77295650240,6595192
20260728,307930,컴퍼니케이,KOSDAQ,중견기업부,5620,-370,-6.18,5900,5900,5510,88862,505875475,87728200000,15610000
20260728,079190,케스피온,KOSDAQ,벤처기업부,1045,-42,-3.86,1087,1195,1001,55969,61656861,10020377510,9588878
20260728,263700,케어랩스,KOSDAQ,중견기업부,1830,-70,-3.68,1927,1932,1735,41083,73727437,35527986000,19414200
20260728,214370,케어젠,KOSDAQ,벤처기업부,54800,-4900,-8.21,58900,59200,52700,72145,3942693000,2943582000000,53715000
20260728,221980,케이디켐,KOSDAQ,우량기업부,9390,-130,-1.37,9460,9460,9330,580,5427290,37886772000,4034800
20260728,038530,케이바이오랩스,KOSDAQ,중견기업부,780,-43,-5.22,822,828,760,62490,49877679,18051437820,23142869
20260728,192250,케이사인,KOSDAQ,벤처기업부,7270,170,2.39,7050,7300,6920,32333,228572560,51377998750,7067125
20260728,431190,케이쓰리아이,KOSDAQ,기술성장기업부,2285,-95,-3.99,2345,2355,2115,26305,59317295,17106519970,7486442
20260728,115500,케이씨에스,KOSDAQ,중견기업부,7380,-440,-5.63,8600,8600,7200,332842,2655635175,88560000000,12000000
20260728,089150,케이씨티,KOSDAQ,벤처기업부,1750,-76,-4.16,1811,1821,1720,34715,60757929,30012500000,17150000
20260728,025880,케이씨피드,KOSDAQ,우량기업부,2485,-95,-3.68,2585,2585,2445,37491,94051160,41538907130,16715858
20260728,093320,케이아이엔엑스,KOSDAQ,우량기업부,136400,-6800,-4.75,143100,144000,129000,7391,1020941750,665632000000,4880000
20260728,093640,케이알엠,KOSDAQ,벤처기업부,3265,-180,-5.22,3445,3445,3200,43806,144007945,107234732740,32843716
20260728,073010,케이에스피,KOSDAQ,우량기업부,2460,-205,-7.69,2600,2655,2435,229769,576154903,98870475000,40191250
20260728,105330,케이엔더블유,KOSDAQ,중견기업부,6450,-10,-0.15,6460,6550,6120,23111,144931330,103325904000,16019520
20260728,053080,케이엔솔,KOSDAQ,중견기업부,7870,-780,-9.02,8490,8490,7800,72101,577722640,102308481090,12999807
20260728,199430,케이엔알시스템,KOSDAQ,기술성장기업부,17600,3330,23.34,18000,18500,15000,1595193,27054586180,197067956800,11197043
20260728,432470,케이엔에스,KOSDAQ,벤처기업부,7060,-560,-7.35,7550,8030,6970,73329,531418710,61927185360,8771556
20260728,272110,케이엔제이,KOSDAQ,우량기업부,23100,-3500,-13.16,25100,25800,22150,131520,3055824675,185386624500,8025395
20260728,039420,케이엘넷,KOSDAQ,중견기업부,2610,-10,-0.38,2600,2670,2560,54798,143266840,59891654340,22946994
20260728,083550,케이엠,KOSDAQ,중견기업부,2420,-180,-6.92,2580,2605,2420,16144,40466254,32805919300,13556165
20260728,032500,케이엠더블유,KOSDAQ,중견기업부,14550,-1130,-7.21,15650,15650,14010,203502,2984145815,613889249550,42191701
20260728,225430,케이엠제약,KOSDAQ,관리종목(소속부없음),1455,-14,-0.95,1501,1524,1331,40888,59104429,8115131550,5577410
20260728,102370,케이옥션,KOSDAQ,기술성장기업부,2800,-30,-1.06,2810,2850,2690,90386,248107245,72487212000,25888290
20260728,068100,케이웨더,KOSDAQ,기술성장기업부,2340,-70,-2.90,2405,2405,2210,15490,35619811,27910434240,11927536
20260728,106080,케이이엠텍,KOSDAQ,관리종목(소속부없음),1650,0,0.00,0,0,0,0,0,9506998050,5761817
20260728,455180,케이지에이,KOSDAQ,벤처기업부,1724,-15,-0.86,1760,1760,1632,44516,75748966,24064136784,13958316
20260728,036030,케이티알파,KOSDAQ,우량기업부,4440,-90,-1.99,4520,4525,4390,63971,284359745,217644986040,49019141
20260728,064820,케이프,KOSDAQ,우량기업부,7900,-1060,-11.83,8610,8830,7480,215443,1767149685,243795698500,30860215
20260728,024880,케이피에프,KOSDAQ,우량기업부,3650,-180,-4.70,3815,3815,3590,69764,254506181,73594052100,20162754
20260728,042040,케이피엠테크,KOSDAQ,중견기업부,3780,-450,-10.64,4230,4230,3720,22525,87353785,32776345980,8670991
20260728,054410,케이피티유,KOSDAQ,중견기업부,3705,5,0.14,3710,3755,3680,20371,75405565,21216475020,5726444
20260728,288180,케이피항공산업,KOSDAQ,중견기업부,6920,-770,-10.01,7630,7660,6860,40587,288422790,51161373040,7393262
20260728,258610,케일럼,KOSDAQ,중견기업부,992,-58,-5.52,1044,1044,992,36979,37046313,36193182496,36485063
20260728,274090,켄코아에어로스페이스,KOSDAQ,기술성장기업부,8380,-740,-8.11,8800,9090,8280,202300,1720578505,115427854660,13774207
20260728,089010,켐트로닉스,KOSDAQ,우량기업부,18680,-2270,-10.84,20250,20250,18610,108408,2085027310,313264104360,16770027
20260728,220260,켐트로스,KOSDAQ,벤처기업부,3075,-225,-6.82,3165,3215,3055,153877,478742820,98621569125,32072055
20260728,052400,코나아이,KOSDAQ,우량기업부,37650,-3350,-8.17,40400,40450,36650,72033,2713836950,548307906150,14563291
20260728,402030,코난테크놀로지,KOSDAQ,기술성장기업부,13460,430,3.30,15150,15900,11750,405794,5541379955,168485388480,12517488
20260728,391710,코닉오토메이션,KOSDAQ,벤처기업부,1117,-81,-6.76,1198,1199,1037,76950,84682156,47607064990,42620470
20260728,046070,코다코,KOSDAQ,관리종목(소속부없음),10280,0,0.00,0,0,0,0,0,159196994920,15486089
20260728,047770,코데즈컴바인,KOSDAQ,중견기업부,2355,-200,-7.83,2505,2545,2340,401620,970750130,89119327710,37842602
20260728,080530,코디,KOSDAQ,중견기업부,2335,-80,-3.31,2415,2415,2200,6803,15690805,25852382140,11071684
20260728,104540,코렌텍,KOSDAQ,기술성장기업부,3970,-190,-4.57,4130,4150,3830,21533,86120853,53227417700,13407410
20260728,027050,코리아나,KOSDAQ,중견기업부,1357,-35,-2.51,1312,1389,1312,132378,176903910,54280000000,40000000
20260728,190650,코리아에셋투자증권,KOSDAQ,우량기업부,6600,-190,-2.80,6740,6740,6400,6918,45352070,42160800000,6388000
20260728,123410,코리아에프티,KOSDAQ,우량기업부,5080,-250,-4.69,5310,5310,4990,68696,348817115,141432605120,27841064
20260728,036690,코맥스,KOSDAQ,관리종목(소속부없음),2885,0,0.00,0,0,0,0,0,125692107675,43567455
20260728,049430,코메론,KOSDAQ,우량기업부,19100,-40,-0.21,18690,19280,18690,21820,416954780,172816800000,9048000
20260728,183300,코미코,KOSDAQ,우량기업부,54400,-9100,-14.33,60100,60100,53000,207113,11416467300,1117664864000,20545310
20260728,041960,코미팜,KOSDAQ,벤처기업부,6780,-210,-3.00,6920,6940,6670,177148,1200318070,500950436100,73886495
20260728,089890,코세스,KOSDAQ,우량기업부,18930,-4220,-18.23,21500,21550,18600,246955,4769503615,313953330660,16584962
20260728,360350,코셈,KOSDAQ,기술성장기업부,6110,-660,-9.75,6770,6770,6110,19787,123872720,33225996700,5437970
20260728,082660,코스나인,KOSDAQ,관리종목(소속부없음),480,0,0.00,0,0,0,0,0,47827617120,99640869
20260728,043710,코스리거글로벌,KOSDAQ,중견기업부,2945,-85,-2.81,3030,3030,2845,1675,4932345,50985318390,17312502
20260728,222040,코스맥스엔비티,KOSDAQ,중견기업부,7400,-670,-8.30,8070,8100,7160,125599,937238790,152647200000,20628000
20260728,241710,코스메카코리아,KOSDAQ,우량기업부,83200,-3300,-3.82,86200,88700,81800,68448,5811794700,888576000000,10680000
20260728,439960,코스모로보틱스,KOSDAQ,기술성장기업부,15120,800,5.59,14000,17070,13550,11078500,171075141280,490653465120,32450626
20260728,355150,코스텍시스,KOSDAQ,벤처기업부,14350,-1920,-11.80,15750,15770,14060,55390,807736345,111891972500,7797350
20260728,166480,코아스템켐온,KOSDAQ,벤처기업부,1787,-12,-0.67,1784,1809,1692,158694,274340667,94479361912,52870376
20260728,045970,코아시아,KOSDAQ,중견기업부,2450,-250,-9.26,2600,2690,2445,89762,223224030,64471446200,26314876
20260728,196450,코아시아씨엠,KOSDAQ,중견기업부,840,-37,-4.22,869,875,826,31193,26049144,38068800000,45320000
20260728,384470,코어라인소프트,KOSDAQ,기술성장기업부,2750,-180,-6.14,2925,2925,2675,68537,188834260,49353403000,17946692
20260728,102940,코오롱생명과학,KOSDAQ,중견기업부,15630,-1550,-9.02,16910,17020,15410,218484,3454692020,204606124890,13090603
20260728,950160,코오롱티슈진,KOSDAQ,외국기업(소속부없음),14560,-1350,-8.49,15910,16310,13880,5094740,75188800945,1237165529600,84970160
20260728,056360,코위버,KOSDAQ,벤처기업부,4490,-380,-7.80,4875,5000,4450,70559,324120232,43987632000,9796800
20260728,282880,코윈테크,KOSDAQ,우량기업부,8630,-600,-6.50,9050,9230,8600,42841,375197625,100919927660,11694082
20260728,121850,코이즈,KOSDAQ,관리종목(소속부없음),1370,-30,-2.14,1537,1537,1261,23316,31798032,6928088630,5056999
20260728,448710,코츠테크놀로지,KOSDAQ,벤처기업부,10130,-530,-4.97,10570,10770,10010,40642,413523940,53540007960,5285292
20260728,126730,코칩,KOSDAQ,벤처기업부,11340,-1320,-10.43,12010,12500,11050,53481,610949600,99453228840,8770126
20260728,015710,코콤,KOSDAQ,우량기업부,2540,-130,-4.87,2610,2665,2535,18794,48290290,44527470000,17530500
20260728,052330,코텍,KOSDAQ,우량기업부,11660,-240,-2.02,12100,12100,11500,22387,258847970,207100127740,17761589
20260728,322780,코퍼스코리아,KOSDAQ,중견기업부,1974,-101,-4.87,1953,2130,1950,96366,192327561,17716314420,8974830
20260728,215380,콜마바이오텍,KOSDAQ,벤처기업부,2440,-40,-1.61,2485,2555,2245,137925,323202402,41064165440,16829576
20260728,200130,콜마비앤에이치,KOSDAQ,우량기업부,8230,-250,-2.95,8420,8660,8100,26413,219319330,242090042340,29415558
20260728,294570,쿠콘,KOSDAQ,우량기업부,17080,-1400,-7.58,17930,18180,17010,12220,213214910,172366782560,10091732
20260728,464490,쿼드메디슨,KOSDAQ,기술성장기업부,5480,-550,-9.12,5750,6130,5360,35265,194376910,62921979240,11482113
20260728,317690,퀀타매트릭스,KOSDAQ,기술성장기업부,2125,-160,-7.00,2285,2285,2120,40139,86574482,42786936625,20135029
20260728,432720,퀄리타스반도체,KOSDAQ,기술성장기업부,6900,-970,-12.33,7410,7650,6790,151667,1064085660,97894246800,14187572
20260728,365270,큐라클,KOSDAQ,기술성장기업부,7980,-660,-7.64,8250,8570,7790,99009,794460680,176812796160,22156992
20260728,348080,큐라티스,KOSDAQ,중견기업부,1936,-58,-2.91,1994,2190,1906,54781,110441223,24834529808,12827753
20260728,060280,큐렉소,KOSDAQ,중견기업부,7770,-620,-7.39,8120,8250,7650,173157,1355220965,320588568300,41259790
20260728,372320,큐로셀,KOSDAQ,기술성장기업부,22700,-1650,-6.78,23900,23900,22150,35172,799885550,345656350400,15227152
20260728,051780,큐로홀딩스,KOSDAQ,중견기업부,2595,-125,-4.60,2720,2752,2475,34330,88105821,16440920925,6335615
20260728,115180,큐리언트,KOSDAQ,벤처기업부,16920,-1050,-5.84,17660,17730,16480,63249,1061167900,634709824920,37512401
20260728,494120,큐리오시스,KOSDAQ,기술성장기업부,9270,-1020,-9.91,10000,10090,9210,90304,854346165,70729006140,7629882
20260728,445680,큐리옥스바이오시스템즈,KOSDAQ,기술성장기업부,38350,-1600,-4.01,39050,39700,36800,83021,3148842875,659744829250,17203255
20260728,182360,큐브엔터,KOSDAQ,우량기업부,5270,-320,-5.72,5590,5590,5050,26032,137792090,81947704230,15549849
20260728,405100,큐알티,KOSDAQ,중견기업부,9670,-710,-6.84,10060,10120,9450,67525,660025390,118837540670,12289301
20260728,066310,큐에스아이,KOSDAQ,벤처기업부,6330,-630,-9.05,6900,6950,6290,73024,474943120,58689360930,9271621
20260728,377460,큐에이드,KOSDAQ,관리종목(소속부없음),4080,0,0.00,0,0,0,0,0,253187202960,62055687
20260728,016600,큐캐피탈,KOSDAQ,중견기업부,2250,-155,-6.44,2400,2400,2210,57350,129912819,31413602250,13961601
20260728,355390,크라우드웍스,KOSDAQ,기술성장기업부,1601,-78,-4.65,1679,1709,1551,93482,150688012,25414824744,15874344
20260728,096240,크레버스,KOSDAQ,우량기업부,8400,-360,-4.11,8720,8750,8390,20041,170399380,86000712000,10238180
20260728,040350,크레오에스지,KOSDAQ,벤처기업부,6610,-800,-10.80,7380,7410,6360,46060,311011760,131249455560,19856196
20260728,110790,크리스에프앤씨,KOSDAQ,우량기업부,2690,-280,-9.43,2950,2955,2690,16150,44364196,63029282400,23430960
20260728,900250,크리스탈신소재,KOSDAQ,외국기업(소속부없음),995,-50,-4.78,1045,1045,990,152444,153153264,35635925995,35815001
20260728,045520,크린앤사이언스,KOSDAQ,중견기업부,2545,-155,-5.74,2720,2720,2500,10411,26580185,16542500000,6500000
20260728,214150,클래시스,KOSDAQ,우량기업부,43200,-2200,-4.85,44900,45650,42450,115800,5008227725,2818180468800,65235659
20260728,466100,클로봇,KOSDAQ,기술성장기업부,23400,-1900,-7.51,25800,26250,23050,324605,7913973550,595746192600,25459239
20260728,237880,클리오,KOSDAQ,우량기업부,10010,-470,-4.48,10280,10510,10000,29133,296092405,180894243530,18071353
20260728,139670,키네마스터,KOSDAQ,중견기업부,1586,74,4.89,1512,1590,1470,27643,42465935,22392432660,14118810
20260728,475430,키스트론,KOSDAQ,중견기업부,3945,-375,-8.68,4160,4270,3930,282016,1136798698,70410793950,17848110
20260728,487720,키움제10호스팩,KOSDAQ,SPAC(소속부없음),2020,0,0.00,2020,2020,2010,588,1182700,8544600000,4230000
20260728,489480,키움제11호스팩,KOSDAQ,SPAC(소속부없음),2025,-5,-0.25,2025,2030,2025,1604,3250620,13365000000,6600000
20260728,466690,키움히어로제1호스팩,KOSDAQ,SPAC(소속부없음),2010,0,0.00,2005,2010,2005,10305,20663202,10240950000,5095000
20260728,0131D0,키움히어로제2호스팩,KOSDAQ,SPAC(소속부없음),1968,-3,-0.15,1965,1970,1960,43538,85408227,12418080000,6310000
20260728,054780,키이스트,KOSDAQ,중견기업부,1203,-28,-2.27,1221,1231,1191,25179,30528374,23648324979,19657793
20260728,256940,킵스파마,KOSDAQ,벤처기업부,5820,-240,-3.96,5990,6110,5750,57920,340454140,116854815540,20078147
20260728,219130,타이거일렉,KOSDAQ,벤처기업부,60700,-6200,-9.27,63800,64600,58000,44775,2712985700,383277403000,6314290
20260728,336680,탑런토탈솔루션,KOSDAQ,중견기업부,2440,-105,-4.13,2525,2535,2400,6406,15653624,95515161520,39145558
20260728,360070,탑머티리얼,KOSDAQ,중견기업부,7400,-650,-8.07,7780,8120,7370,32425,244018230,60621118200,8192043
20260728,065130,탑엔지니어링,KOSDAQ,중견기업부,2620,-250,-8.71,2790,2830,2620,58025,156852212,41930480000,16004000
20260728,134580,탑코미디어,KOSDAQ,중견기업부,1010,-109,-9.74,1119,1129,1010,25319,27017752,49787090490,49294149
20260728,023160,태광,KOSDAQ,우량기업부,21250,-1550,-6.80,22250,22700,21050,66473,1433324650,549678892500,25867242
20260728,323280,태성,KOSDAQ,중견기업부,29250,-3850,-11.63,30950,31350,28750,297669,8788799900,893235915000,30537980
20260728,053620,태양,KOSDAQ,우량기업부,6410,-60,-0.93,6490,6490,6310,6996,44396120,55126000000,8600000
20260728,044490,태웅,KOSDAQ,우량기업부,23800,-2250,-8.64,25200,25550,23350,91845,2199211425,476175667800,20007381
20260728,124560,태웅로직스,KOSDAQ,우량기업부,1797,-55,-2.97,1759,1852,1693,147717,263374941,69581297367,38720811
20260728,191420,테고사이언스,KOSDAQ,벤처기업부,6050,-170,-2.73,6170,6220,5850,13740,81419730,49058445700,8108834
20260728,950250,테라뷰,KOSDAQ,기술성장기업부,2090,-230,-9.91,2215,2300,2090,180831,388585895,74232057790,35517731
20260728,073640,테라사이언스,KOSDAQ,관리종목(소속부없음),654,0,0.00,0,0,0,0,0,76111715580,116378770
20260728,066700,테라젠이텍스,KOSDAQ,중견기업부,2155,145,7.21,2015,2480,1975,1739810,3883204270,80063370280,37152376
20260728,095610,테스,KOSDAQ,우량기업부,122100,-20000,-14.07,125300,126000,119000,512512,62282956150,2363856000000,19360000
20260728,064520,테크엘,KOSDAQ,중견기업부,1473,-59,-3.85,1527,1527,1436,10420,15296756,32923114326,22351062
20260728,089030,테크윙,KOSDAQ,중견기업부,38950,-5600,-12.57,40900,42000,38300,708146,27898252850,1443239472750,37053645
20260728,054450,텔레칩스,KOSDAQ,중견기업부,8360,-910,-9.82,9140,9140,8250,134525,1147386935,126605787880,15144233
20260728,200230,텔콘RF제약,KOSDAQ,중견기업부,1984,-61,-2.98,2195,2210,1944,27007,54125469,18812821696,9482269
20260728,393210,토마토시스템,KOSDAQ,기술성장기업부,2075,-85,-3.94,2215,2215,2070,52038,109987770,32400178800,15614544
20260728,475960,토모큐브,KOSDAQ,기술성장기업부,31450,-3100,-8.97,33200,34550,30600,54109,1721763900,420903967300,13383274
20260728,215480,토박스코리아,KOSDAQ,중견기업부,1920,0,0.00,1933,1976,1920,39519,76859985,20620800000,10740000
20260728,051360,토비스,KOSDAQ,우량기업부,8650,-360,-4.00,8910,8940,8410,315581,2726675275,83400428200,9641668
20260728,045340,토탈소프트,KOSDAQ,벤처기업부,6220,-140,-2.20,6170,6450,5940,42391,263222860,53231008800,8558040
20260728,108230,톱텍,KOSDAQ,우량기업부,2785,-95,-3.30,2860,2880,2720,64347,178338295,105894737325,38023245
20260728,079970,투비소프트,KOSDAQ,관리종목(소속부없음),596,0,0.00,0,0,0,0,0,7646223464,12829234
20260728,199800,툴젠,KOSDAQ,기술성장기업부,38800,-3600,-8.49,41250,41250,38150,15309,599591650,349108005200,8997629
20260728,417790,트루엔,KOSDAQ,벤처기업부,5440,-210,-3.72,5680,5680,5370,8980,49177145,56948047040,10468391
20260728,290090,트윔,KOSDAQ,벤처기업부,3905,-135,-3.34,4040,4090,3600,8510,31791875,29055418040,7440568
20260728,026150,특수건설,KOSDAQ,중견기업부,3470,-170,-4.67,3640,3640,3440,69505,244877011,60885768570,17546331
20260728,464280,티디에스팜,KOSDAQ,중견기업부,5000,-350,-6.54,5210,5340,4780,12852,65146260,27650000000,5530000
20260728,117730,티로보틱스,KOSDAQ,벤처기업부,11970,-910,-7.07,12300,12480,11600,61823,736856495,270019774710,22558043
20260728,033830,티비씨,KOSDAQ,중견기업부,1569,-24,-1.51,1550,1592,1550,29224,45834399,29665286970,18907130
20260728,057680,티사이언티픽,KOSDAQ,벤처기업부,1580,-70,-4.24,1650,1650,1521,21602,33830950,24952796220,15792909
20260728,204610,티쓰리,KOSDAQ,벤처기업부,2860,-55,-1.89,2905,2915,2810,150100,428896170,158905089200,55561220
20260728,125020,티씨머티리얼즈,KOSDAQ,중견기업부,4790,-410,-7.88,5060,5290,4790,492800,2448167295,167834654500,35038550
20260728,064760,티씨케이,KOSDAQ,우량기업부,166400,-30000,-15.27,184500,186100,165000,68634,11788518750,1860254822400,11179416
20260728,246710,티앤알바이오팹,KOSDAQ,기술성장기업부,2355,-115,-4.66,2470,2480,2320,237754,568463040,112249906920,47664504
20260728,340570,티앤엘,KOSDAQ,우량기업부,57200,-3100,-5.14,59500,60800,57000,54691,3159026300,464921600000,8128000
20260728,043220,티에스넥스젠,KOSDAQ,관리종목(소속부없음),1710,0,0.00,0,0,0,0,0,28191099330,16486023
20260728,277880,티에스아이,KOSDAQ,우량기업부,2885,-205,-6.63,3080,3080,2830,72675,211780925,57247666620,19843212
20260728,131290,티에스이,KOSDAQ,우량기업부,176400,-32600,-15.60,191200,191800,170900,215510,38195922050,1951236075600,11061429
20260728,425420,티에프이,KOSDAQ,우량기업부,30750,-3150,-9.29,31800,32600,30600,58998,1851714450,379675815750,12347181
20260728,484810,티엑스알로보틱스,KOSDAQ,벤처기업부,11130,-2310,-17.19,12110,12310,10950,254477,2930035780,171968683950,15450915
20260728,131100,티엔엔터테인먼트,KOSDAQ,중견기업부,484,-12,-2.42,515,531,420,395323,189693780,15607414416,32246724
20260728,356860,티엘비,KOSDAQ,우량기업부,24050,-5050,-17.35,26800,27100,23300,355269,8805211300,286330401500,11905630
20260728,321550,티움바이오,KOSDAQ,기술성장기업부,3995,-100,-2.44,4095,4095,3820,120561,472307825,120003707625,30038475
20260728,425040,티이엠씨,KOSDAQ,우량기업부,7750,-950,-10.92,8340,8580,7600,225892,1775380015,169902459500,21922898
20260728,241790,티이엠씨씨엔에스,KOSDAQ,우량기업부,4505,-245,-5.16,4715,4715,4395,54494,244446570,45061866170,10002634
20260728,022220,티케이지애강,KOSDAQ,중견기업부,534,-14,-2.55,550,553,534,24587,13162070,27658305186,51794579
20260728,104480,티케이케미칼,KOSDAQ,중견기업부,1490,-44,-2.87,1501,1523,1454,241042,356842013,135434196660,90895434
20260728,081150,티플랙스,KOSDAQ,중견기업부,2585,-65,-2.45,2605,2650,2515,68966,176796930,62733819170,24268402
20260728,130740,티피씨글로벌,KOSDAQ,중견기업부,1905,-100,-4.99,1999,2000,1833,33034,63236080,21482073495,11276679
20260728,084730,팅크웨어,KOSDAQ,중견기업부,6020,-380,-5.94,6280,6280,6020,7138,43442330,66878732480,11109424
20260728,440110,파두,KOSDAQ,기술성장기업부,56300,-8600,-13.25,60800,61100,55100,1076792,61856234200,2820710340100,50101427
20260728,290560,파라택시스이더리움,KOSDAQ,벤처기업부,963,-65,-6.32,1030,1110,955,124858,126800810,21535308990,22362730
20260728,288330,파라택시스코리아,KOSDAQ,관리종목(소속부없음),416,0,0.00,0,0,0,0,0,44129674368,106080948
20260728,033540,파라텍,KOSDAQ,중견기업부,787,0,0.00,0,0,0,0,0,41117862497,52246331
20260728,388870,파로스아이바이오,KOSDAQ,기술성장기업부,4715,-405,-7.91,5090,5090,4565,61038,288175866,61040069380,12945932
20260728,043200,파루,KOSDAQ,벤처기업부,552,6,1.10,545,558,532,250342,136346137,23075981880,41804315
20260728,214450,파마리서치,KOSDAQ,우량기업부,375500,5500,1.49,364000,384500,355000,369146,138179289000,3901312824000,10389648
20260728,177830,파버나인,KOSDAQ,벤처기업부,2395,-5,-0.21,2310,2400,2310,8892,20850000,27125753235,11325993
20260728,037070,파세코,KOSDAQ,중견기업부,6720,-480,-6.67,7550,7940,6470,2683435,19667349565,134400000000,20000000
20260728,150900,파수AI,KOSDAQ,벤처기업부,3250,-65,-1.96,3315,3380,3120,43631,141097975,38037746500,11703922
20260728,037030,파워넷,KOSDAQ,우량기업부,3175,-470,-12.89,3510,3510,3120,466472,1509886121,81003749600,25512992
20260728,047310,파워로직스,KOSDAQ,우량기업부,2775,-185,-6.25,2910,2940,2750,234164,656792910,101594845125,36610755
20260728,368770,파이버프로,KOSDAQ,벤처기업부,11040,-1200,-9.80,12000,12000,10800,93124,1047389485,362710644000,32854225
20260728,170790,파이오링크,KOSDAQ,우량기업부,7790,-350,-4.30,8150,8160,7790,29498,235582750,49835239650,6397335
20260728,900100,파이온엑스,KOSDAQ,외국기업(소속부없음),3525,810,29.83,2950,3525,2755,866110,2886098949,18598076250,5276050
20260728,049120,파인디앤씨,KOSDAQ,벤처기업부,1892,-50,-2.57,1943,1943,1851,18767,35216992,20058346396,10601663
20260728,038950,파인디지털,KOSDAQ,중견기업부,2945,25,0.86,2920,2980,2900,18729,54447580,30070702925,10210765
20260728,387570,파인메딕스,KOSDAQ,기술성장기업부,4100,-55,-1.32,4195,4220,3965,9368,38717210,23066190000,5625900
20260728,441270,파인엠텍,KOSDAQ,벤처기업부,6160,-570,-8.47,6670,6700,6040,181447,1134530900,258991329520,42044047
20260728,106240,파인테크닉스,KOSDAQ,벤처기업부,1160,-70,-5.69,1241,1244,1127,87943,101290369,27697714400,23877340
20260728,131760,파인텍,KOSDAQ,벤처기업부,1587,-338,-17.56,1865,1946,1550,810807,1407365948,13785183492,8686316
20260728,065690,파커스,KOSDAQ,투자주의환기종목(소속부없음),1435,15,1.06,1425,1435,1381,171101,242547406,20160789985,14049331
20260728,140860,파크시스템스,KOSDAQ,우량기업부,254000,-5500,-2.12,253000,256500,248000,33663,8484964750,1778627126000,7002469
20260728,091700,파트론,KOSDAQ,우량기업부,5550,-280,-4.80,5850,5850,5540,169338,953913250,277500000000,50000000
20260728,032800,판타지오,KOSDAQ,중견기업부,1554,92,6.29,1451,1749,1413,398232,651131588,19365205188,12461522
20260728,318010,팜스빌,KOSDAQ,벤처기업부,3460,-185,-5.08,3660,3660,3455,4798,16697920,27435509480,7929338
20260728,027710,팜스토리,KOSDAQ,우량기업부,1017,-45,-4.24,1062,1062,1015,440588,454750204,113310682200,111416600
20260728,225590,패션플랫폼,KOSDAQ,우량기업부,2980,-215,-6.73,3180,3290,2970,30081,91434050,15261700480,5121376
20260728,054300,팬스타엔터프라이즈,KOSDAQ,벤처기업부,900,1,0.11,891,918,872,82949,73520807,52083850500,57870945
20260728,068050,팬엔터테인먼트,KOSDAQ,중견기업부,1116,-47,-4.04,1161,1173,1073,57783,64404881,30906588816,27694076
20260728,222110,팬젠,KOSDAQ,기술성장기업부,4780,-120,-2.45,4890,4945,4675,2970,14098450,64599353020,13514509
20260728,271830,팸텍,KOSDAQ,벤처기업부,911,-66,-6.76,976,976,904,174920,160208928,26865574022,29490202
20260728,263750,펄어비스,KOSDAQ,우량기업부,33450,-1800,-5.11,34800,35350,33000,304365,10367720475,2102128789500,62843910
20260728,251970,펌텍코리아,KOSDAQ,우량기업부,47550,-1050,-2.16,48100,49500,46350,70524,3334098575,589620000000,12400000
20260728,187660,페니트리움바이오,KOSDAQ,중견기업부,4140,-630,-13.21,4745,4745,4095,404180,1746336213,229630287420,55466253
20260728,0015S0,페스카로,KOSDAQ,기술성장기업부,6350,-640,-9.16,6930,6930,6250,34014,218987615,62653735500,9866730
20260728,168360,펨트론,KOSDAQ,벤처기업부,11190,-1950,-14.84,12370,12420,10890,111660,1262738980,250572712830,22392557
20260728,087010,펩트론,KOSDAQ,기술성장기업부,143000,14100,10.94,124800,148200,116700,271574,35192097150,3334381050000,23317350
20260728,064800,포니링크,KOSDAQ,중견기업부,1940,-43,-2.17,1982,2000,1795,40863,77702625,49589230460,25561459
20260728,119500,포메탈,KOSDAQ,중견기업부,2335,-130,-5.27,2405,2490,2300,24563,57922189,27663286720,11847232
20260728,389140,포바이포,KOSDAQ,벤처기업부,4700,-230,-4.67,5040,5160,4660,84754,413247649,67067754500,14269735
20260728,105760,포스뱅크,KOSDAQ,우량기업부,3635,-130,-3.45,3680,3715,3560,18706,67674580,37043874245,10190887
20260728,009520,포스코엠텍,KOSDAQ,중견기업부,9860,-780,-7.33,10430,10440,9660,105705,1050312150,410597051580,41642703
20260728,189690,포시에스,KOSDAQ,벤처기업부,1502,-47,-3.03,1522,1560,1471,29326,43836459,41037597438,27321969
20260728,318020,포인트모바일,KOSDAQ,벤처기업부,1993,-57,-2.78,2050,2050,1973,13338,26657655,24516435096,12301272
20260728,256630,포인트엔지니어링,KOSDAQ,벤처기업부,4170,-35,-0.83,4250,4250,4020,4990,20307360,48369556380,11599414
20260728,331380,포커스에이아이,KOSDAQ,투자주의환기종목(소속부없음),2015,-25,-1.23,2010,2075,1974,81458,163170196,73670144990,36560866
20260728,208710,포톤,KOSDAQ,중견기업부,2340,540,30.00,1870,2340,1820,811242,1854467878,30841508880,13180132
20260728,472850,폰드그룹,KOSDAQ,중견기업부,3910,-105,-2.62,4045,4045,3860,72255,283409490,225105159320,57571652
20260728,039980,폴라리스AI,KOSDAQ,중견기업부,5250,385,7.91,5010,6100,4765,7071197,38582259369,75501373500,14381214
20260728,041910,폴라리스AI파마,KOSDAQ,우량기업부,5180,-150,-2.81,5340,5580,5000,97686,516686780,68807753000,13283350
20260728,234100,폴라리스세원,KOSDAQ,우량기업부,2500,-200,-7.41,2710,2720,2485,22110,56384945,36504090000,14601636
20260728,041020,폴라리스오피스,KOSDAQ,벤처기업부,2735,-210,-7.13,2995,3085,2720,1329691,3865661581,135885173855,49683793
20260728,114630,폴라리스우노,KOSDAQ,우량기업부,1456,-13,-0.88,1455,1465,1382,96044,135537413,25094521088,17235248
20260728,487580,폴레드,KOSDAQ,벤처기업부,3210,-220,-6.41,3395,3395,3150,213164,691394140,80836983810,25182861
20260728,290720,푸드나무,KOSDAQ,중견기업부,3020,-90,-2.89,3085,3155,2940,62026,189453535,107088448020,35459751
20260728,005670,푸드웰,KOSDAQ,우량기업부,6040,-210,-3.36,6060,6170,5960,21020,126977400,60400000000,10000000
20260728,094940,푸른로보틱스,KOSDAQ,벤처기업부,5320,-250,-4.49,5530,5540,5240,68054,363228535,44482573520,8361386
20260728,007330,푸른저축은행,KOSDAQ,투자주의환기종목(소속부없음),9890,-160,-1.59,10140,10140,9720,17037,168820750,149168892000,15082800
20260728,093380,풍강,KOSDAQ,중견기업부,2665,5,0.19,2660,2665,2630,14512,38356625,26328369145,9879313
20260728,023900,풍국주정,KOSDAQ,우량기업부,6990,-180,-2.51,7170,7170,6940,10954,76887760,88074000000,12600000
20260728,371950,풍원정밀,KOSDAQ,기술성장기업부,4535,-365,-7.45,4895,5280,4275,56342,253835460,102774655180,22662548
20260728,298060,풍전약품,KOSDAQ,관리종목(소속부없음),2550,-95,-3.59,2645,2645,2500,15296,38612380,24575489850,9637447
20260728,370090,퓨런티어,KOSDAQ,기술성장기업부,5730,-410,-6.68,6050,6120,5670,31223,181326450,49030635900,8556830
20260728,445180,퓨릿,KOSDAQ,우량기업부,6670,-690,-9.38,7150,7150,6600,72659,489861190,114651883960,17189188
20260728,220100,퓨쳐켐,KOSDAQ,기술성장기업부,7460,-300,-3.87,7800,7800,7330,28442,212967720,167308553200,22427420
20260728,035200,프럼파스트,KOSDAQ,벤처기업부,2680,-120,-4.29,2700,2785,2615,28063,75078620,24709549080,9219981
20260728,334970,프레스티지바이오로직스,KOSDAQ,기술성장기업부,1798,-6,-0.33,1810,1810,1715,163260,285922477,139799241326,77752637
20260728,321260,프로이천,KOSDAQ,벤처기업부,1479,-116,-7.27,1616,1623,1465,223748,340008297,41696092236,28192084
20260728,053610,프로텍,KOSDAQ,우량기업부,57200,-7600,-11.73,61700,61700,52400,97847,5358675200,514800000000,9000000
20260728,468530,프로티나,KOSDAQ,기술성장기업부,18830,-1670,-8.15,20000,20000,18310,40362,761839825,207792966640,11035208
20260728,303360,프로티아,KOSDAQ,기술성장기업부,4945,-125,-2.47,5070,5090,4760,25140,124232785,63690190675,12879715
20260728,377220,프롬바이오,KOSDAQ,기술성장기업부,513,0,0.00,0,0,0,0,0,14523030000,28310000
20260728,335810,프리시젼바이오,KOSDAQ,기술성장기업부,1320,-50,-3.65,1370,1370,1210,27124,34660802,28973347920,21949506
20260728,053160,프리엠스,KOSDAQ,중견기업부,8920,-370,-3.98,9200,9200,8920,12250,110179240,53520000000,6000000
20260728,405000,플라즈맵,KOSDAQ,벤처기업부,4700,-400,-7.84,5140,5340,4655,10966,55041650,18040686800,3838444
20260728,041590,플래스크,KOSDAQ,관리종목(소속부없음),2370,0,0.00,0,0,0,0,0,116064014460,48972158
20260728,367000,플래티어,KOSDAQ,벤처기업부,2885,40,1.41,2845,2885,2620,10016,26902100,24199977195,8388207
20260728,075130,플랜티넷,KOSDAQ,벤처기업부,1981,-17,-0.85,2000,2000,1921,16404,32140668,31938315920,16122320
20260728,237820,플레이디,KOSDAQ,중견기업부,2665,-225,-7.79,2810,2815,2565,18235,48624237,34184328100,12827140
20260728,023770,플레이위드,KOSDAQ,중견기업부,2335,35,1.52,2345,2380,2270,14810,34079170,20890065825,8946495
20260728,019570,플루토스,KOSDAQ,중견기업부,481,0,0.00,0,0,0,0,0,22955735101,47725021
20260728,300080,플리토,KOSDAQ,기술성장기업부,7450,-620,-7.68,7820,7890,7410,137407,1043665640,122965609950,16505451
20260728,033790,피노,KOSDAQ,중견기업부,5190,-420,-7.49,5330,5540,5040,539618,2788293150,432440593530,83321887
20260728,032580,피델릭스,KOSDAQ,중견기업부,3525,-645,-15.47,3805,3920,3410,1071946,3850540970,116790525600,33132064
20260728,0117P0,피스피스스튜디오,KOSDAQ,중견기업부,5150,-280,-5.16,5470,5540,5080,218199,1152615570,72969891650,14168911
20260728,051380,피씨디렉트,KOSDAQ,중견기업부,1570,-53,-3.27,1532,1621,1532,43296,67598942,24083913040,15340072
20260728,241820,피씨엘,KOSDAQ,관리종목(소속부없음),6040,0,0.00,0,0,0,0,0,16803871920,2782098
20260728,452450,피아이이,KOSDAQ,벤처기업부,2745,-230,-7.73,2915,2975,2630,172394,479782666,98898232500,36028500
20260728,237750,피앤씨테크,KOSDAQ,벤처기업부,3590,-210,-5.53,3800,3800,3590,11837,42977425,23322794000,6496600
20260728,460940,피앤에스로보틱스,KOSDAQ,기술성장기업부,4010,-465,-10.39,4220,4330,3990,69582,287761595,53955672800,13455280
20260728,319660,피에스케이,KOSDAQ,우량기업부,125500,-20500,-14.04,134000,134200,122000,452239,57089814200,3635322607000,28966714
20260728,031980,피에스케이홀딩스,KOSDAQ,우량기업부,94200,-17300,-15.52,102000,103700,92700,176267,16915536050,2031177609000,21562395
20260728,002230,피에스텍,KOSDAQ,우량기업부,4480,-300,-6.28,4780,4780,4470,91897,416724674,82526393600,18421070
20260728,043370,피에이치에이,KOSDAQ,우량기업부,10430,-160,-1.51,10420,10530,10160,23480,241553505,219030000000,21000000
20260728,239890,피엔에이치테크,KOSDAQ,기술성장기업부,3185,-365,-10.28,3210,3450,3160,48794,157255200,31645379675,9935755
20260728,347740,피엔케이피부임상연구센타,KOSDAQ,벤처기업부,1697,-41,-2.36,1703,1735,1686,11380,19298543,50927947472,30010576
20260728,137400,피엔티,KOSDAQ,우량기업부,27650,-2500,-8.29,29400,29850,27000,125627,3512911350,655048629200,23690728
20260728,257370,피엔티엠에스,KOSDAQ,벤처기업부,2010,-120,-5.63,2130,2135,1931,16590,32597684,25134770610,12504861
20260728,147760,피엠티,KOSDAQ,벤처기업부,2905,-475,-14.05,3370,3370,2770,203873,591959765,58100000000,20000000
20260728,128660,피제이메탈,KOSDAQ,우량기업부,2625,-45,-1.69,2670,2670,2580,49968,130219365,65108843625,24803369
20260728,006140,피제이전자,KOSDAQ,우량기업부,4500,-165,-3.54,4750,4750,4420,75563,340997650,66892500000,14865000
20260728,376180,피코그램,KOSDAQ,벤처기업부,1311,-79,-5.68,1304,1370,1304,32991,43780327,24333520818,18561038
20260728,304840,피플바이오,KOSDAQ,벤처기업부,715,5,0.70,733,885,678,573709,439445030,17389271900,24320660
20260728,087600,픽셀플러스,KOSDAQ,벤처기업부,4030,-165,-3.93,4195,4195,3855,1836,7328560,32911228740,8166558
20260728,291810,핀텔,KOSDAQ,관리종목(소속부없음),1042,240,29.93,797,1042,746,1551213,1504959856,11846197904,11368712
20260728,378340,필에너지,KOSDAQ,중견기업부,9190,-850,-8.47,9570,10620,9000,94185,878712410,198907275580,21643882
20260728,161580,필옵틱스,KOSDAQ,중견기업부,23250,-3400,-12.76,25000,25300,22700,144756,3424072200,545032242750,23442247
20260728,347770,핌스,KOSDAQ,중견기업부,982,-48,-4.66,1013,1020,950,65871,64329524,22445615244,22857042
20260728,163730,핑거,KOSDAQ,벤처기업부,7340,-900,-10.92,8000,8000,7190,72575,542734560,88195362780,12015717
20260728,417180,핑거스토리,KOSDAQ,중견기업부,3810,-90,-2.31,3760,3995,3670,8870,33784055,13372048440,3509724
20260728,469880,하나30호스팩,KOSDAQ,관리종목(소속부없음),2110,0,0.00,2110,2110,2110,45484,95971240,15413550000,7305000
20260728,469900,하나31호스팩,KOSDAQ,SPAC(소속부없음),2075,-5,-0.24,2080,2080,2075,3609,7491185,11630375000,5605000
20260728,475240,하나32호스팩,KOSDAQ,SPAC(소속부없음),2090,0,0.00,2080,2090,2075,4959,10319955,6688000000,3200000
20260728,475250,하나33호스팩,KOSDAQ,SPAC(소속부없음),2060,-5,-0.24,2060,2060,2060,8317,17133020,7622000000,3700000
20260728,484130,하나34호스팩,KOSDAQ,SPAC(소속부없음),2035,5,0.25,2020,2040,2020,6549,13290080,9198200000,4520000
20260728,0041L0,하나35호스팩,KOSDAQ,SPAC(소속부없음),2005,-5,-0.25,2010,2010,1995,11028,22030140,12090150000,6030000
20260728,0101C0,하나36호스팩,KOSDAQ,SPAC(소속부없음),1988,-5,-0.25,1973,1997,1973,6139,12155572,15387120000,7740000
20260728,299030,하나기술,KOSDAQ,벤처기업부,10870,-1300,-10.68,12080,12080,10790,55982,625991685,86904671700,7994910
20260728,067310,하나마이크론,KOSDAQ,중견기업부,30050,-5150,-14.63,32850,32950,29250,1693725,51709907650,1998050613450,66490869
20260728,166090,하나머티리얼즈,KOSDAQ,우량기업부,48150,-7950,-14.17,52000,54000,47900,157295,7871157375,952295003100,19777674
20260728,136480,하림,KOSDAQ,우량기업부,2605,-70,-2.62,2640,2670,2600,432836,1134991716,276676273710,106209702
20260728,003380,하림지주,KOSDAQ,우량기업부,9240,-460,-4.74,9530,9580,9010,445917,4132487845,1034931938040,112005621
20260728,450330,하스,KOSDAQ,기술성장기업부,4065,-250,-5.79,4145,4330,4005,5273,21592555,33279516795,8186843
20260728,101670,하이드로리튬,KOSDAQ,중견기업부,785,-63,-7.43,835,835,765,446726,350741260,44570091795,56777187
20260728,365590,하이딥,KOSDAQ,기술성장기업부,820,-82,-9.09,922,1172,820,807356,811624213,30187931000,36814550
20260728,149980,하이로닉,KOSDAQ,중견기업부,4785,45,0.95,4510,4795,4510,27738,129474640,82297435110,17199046
20260728,013030,하이록코리아,KOSDAQ,우량기업부,30800,-850,-2.69,31200,31400,30300,59364,1828576575,362458835200,11768144
20260728,126700,하이비젼시스템,KOSDAQ,우량기업부,9020,-1100,-10.87,9960,10020,8930,111690,1030630225,134777850240,14942112
20260728,160190,하이젠알앤엠,KOSDAQ,투자주의환기종목(소속부없음),14490,-1710,-10.56,16000,16000,14300,82457,1221751350,447567120000,30888000
20260728,221840,하이즈항공,KOSDAQ,중견기업부,1919,-70,-3.52,2005,2005,1889,3664,7111781,35886376559,18700561
20260728,106190,하이텍팜,KOSDAQ,우량기업부,10240,-520,-4.83,10300,10550,10020,32830,334471030,108883691520,10633173
20260728,065650,하이퍼코퍼레이션,KOSDAQ,중견기업부,1851,-119,-6.04,1931,1970,1800,6846,12907183,20261021937,10945987
20260728,066130,하츠,KOSDAQ,우량기업부,3255,-85,-2.54,3315,3375,3210,20630,67530361,41664000000,12800000
20260728,004590,한국가구,KOSDAQ,중견기업부,5010,-220,-4.21,5150,5150,4975,33583,169168573,75150000000,15000000
20260728,039340,한국경제TV,KOSDAQ,우량기업부,4760,-50,-1.04,4730,4780,4635,9034,42394175,104720000000,22000000
20260728,034950,한국기업평가,KOSDAQ,우량기업부,100500,-1000,-0.99,100100,101500,100100,2887,290679000,456321657000,4540514
20260728,222980,한국맥널티,KOSDAQ,벤처기업부,2195,45,2.09,2080,2210,2075,35291,76864825,24214105185,11031483
20260728,256840,한국비엔씨,KOSDAQ,우량기업부,2320,-110,-4.53,2400,2450,2305,284697,670234896,158676135520,68394886
20260728,219750,한국비티비,KOSDAQ,중견기업부,1910,-50,-2.55,2175,2175,1800,6513,12366409,24993070070,13085377
20260728,025550,한국선재,KOSDAQ,중견기업부,2030,-105,-4.92,2105,2150,2010,148981,304422351,51793428120,25514004
20260728,017890,한국알콜,KOSDAQ,우량기업부,13120,-550,-4.02,13670,13670,13000,81594,1081518685,271236398720,20673506
20260728,080720,한국유니온제약,KOSDAQ,관리종목(소속부없음),2725,0,0.00,0,0,0,0,0,21562456300,7912828
20260728,041460,한국전자인증,KOSDAQ,중견기업부,3310,-180,-5.16,3490,3495,3275,118323,396664168,62890000000,19000000
20260728,101680,한국정밀기계,KOSDAQ,중견기업부,2415,-10,-0.41,2405,2435,2300,75739,181481571,20295660000,8404000
20260728,039740,한국정보공학,KOSDAQ,벤처기업부,2890,-195,-6.32,3085,3085,2825,15799,46424310,23173167330,8018397
20260728,053300,한국정보인증,KOSDAQ,우량기업부,4125,-180,-4.18,4245,4325,4065,83558,346385945,167438271000,40591096
20260728,025770,한국정보통신,KOSDAQ,우량기업부,7540,-260,-3.33,7800,7800,7400,56235,422781500,282329803340,37444271
20260728,479880,한국제15호스팩,KOSDAQ,SPAC(소속부없음),2050,0,0.00,2050,2050,2040,13311,27241063,14083500000,6870000
20260728,0164H0,한국제16호스팩,KOSDAQ,SPAC(소속부없음),1949,-3,-0.15,1955,1955,1946,27624,53811026,13155750000,6750000
20260728,062970,한국첨단소재,KOSDAQ,중견기업부,1162,0,0.00,0,0,0,0,0,66336969468,57088614
20260728,023760,한국캐피탈,KOSDAQ,우량기업부,666,-32,-4.58,699,699,635,291544,194455718,210195977616,315609576
20260728,054040,한국컴퓨터,KOSDAQ,우량기업부,4830,-145,-2.91,4975,4975,4820,11424,55962431,77624330700,16071290
20260728,021650,한국큐빅,KOSDAQ,중견기업부,2095,-125,-5.63,2220,2220,2095,3707,7923610,34254429485,16350563
20260728,032300,한국파마,KOSDAQ,중견기업부,7170,-280,-3.76,7570,7590,7170,15076,109746880,78201046170,10906701
20260728,037230,한국팩키지,KOSDAQ,우량기업부,1327,-55,-3.98,1369,1397,1318,188266,253344877,39545033929,29800327
20260728,448900,한국피아이엠,KOSDAQ,기술성장기업부,51300,-1700,-3.21,53800,55700,50200,172269,9095963700,311619644100,6074457
20260728,052600,한네트,KOSDAQ,중견기업부,3015,-85,-2.74,3070,3095,2950,20165,60594997,34864555500,11563700
20260728,256150,한독크린텍,KOSDAQ,벤처기업부,4410,-80,-1.78,4510,4510,4340,2004,8820562,37021950000,8395000
20260728,092460,한라IMS,KOSDAQ,우량기업부,16750,0,0.00,16030,18990,15560,119815,1969892750,286587140000,17109680
20260728,125490,한라캐스트,KOSDAQ,벤처기업부,6910,-770,-10.03,7410,7450,6810,414802,2917886890,252231252320,36502352
20260728,452190,한빛레이저,KOSDAQ,벤처기업부,3085,-350,-10.19,3305,3345,3055,134743,424945480,73794918345,23920557
20260728,047080,한빛소프트,KOSDAQ,중견기업부,960,-37,-3.71,997,1000,920,153133,145022130,23829467520,24822362
20260728,452280,한선엔지니어링,KOSDAQ,우량기업부,9570,-1360,-12.44,10500,10920,9550,146128,1437837190,184200201900,19247670
20260728,066980,한성크린텍,KOSDAQ,벤처기업부,1302,-175,-11.85,1426,1426,1275,780299,1040076138,68481784854,52597377
20260728,114810,한솔아이원스,KOSDAQ,우량기업부,8800,-1650,-15.79,9970,10180,8610,881541,7896084290,247659931200,28143174
20260728,042520,한스바이오메드,KOSDAQ,벤처기업부,18670,-430,-2.25,18570,19300,17910,175326,3255853000,266259721890,14261367
20260728,430690,한싹,KOSDAQ,벤처기업부,2140,-140,-6.14,2275,2620,2115,319698,750137761,23315950560,10895304
20260728,078350,한양디지텍,KOSDAQ,우량기업부,17350,-2750,-13.68,19020,19610,17160,181460,3273380680,264490027700,15244382
20260728,045100,한양이엔지,KOSDAQ,우량기업부,29450,-2600,-8.11,30100,30900,29150,69112,2056571600,515375000000,17500000
20260728,320000,한울반도체,KOSDAQ,중견기업부,11310,-1100,-8.86,11510,11800,11100,206369,2340921520,76172171400,6734940
20260728,091440,한울소재과학,KOSDAQ,투자주의환기종목(소속부없음),2685,-255,-8.67,2785,2840,2635,225239,607458325,89748541500,33425900
20260728,276730,한울앤제주,KOSDAQ,투자주의환기종목(소속부없음),11470,250,2.23,11220,12280,10100,17952,194360700,27204729520,2371816
20260728,024740,한일단조,KOSDAQ,우량기업부,1974,-66,-3.24,2000,2025,1941,271908,536481376,64938774726,32897049
20260728,005860,한일사료,KOSDAQ,우량기업부,2225,-145,-6.12,2310,2435,2200,1670909,3855944022,87673199125,39403685
20260728,007770,한일화학,KOSDAQ,중견기업부,6520,50,0.77,6450,6550,6250,2172,13908370,22885200000,3510000
20260728,198940,한주라이트메탈,KOSDAQ,중견기업부,1262,-48,-3.66,1299,1420,1216,38995,48882684,25126117120,19909760
20260728,058450,한주에이알티,KOSDAQ,투자주의환기종목(소속부없음),4080,-230,-5.34,4310,4345,3915,5794,23655660,20454557760,5013372
20260728,107640,한중엔시에스,KOSDAQ,기술성장기업부,27550,-2650,-8.77,28850,29300,27300,82430,2299358025,249739262300,9064946
20260728,079170,한창산업,KOSDAQ,우량기업부,4675,-85,-1.79,4750,4750,4505,8322,38743755,24310000000,5200000
20260728,030520,한컴,KOSDAQ,우량기업부,16290,-590,-3.50,16510,16980,16060,66424,1089958020,393888029760,24179744
20260728,054920,한컴위드,KOSDAQ,중견기업부,3340,-60,-1.76,3420,3545,3265,694350,2353214811,94245050540,28217081
20260728,457370,한켐,KOSDAQ,중견기업부,6320,-190,-2.92,6340,6390,6200,174510,1089540400,50984286880,8067134
20260728,002680,한탑,KOSDAQ,중견기업부,1784,9,0.51,1775,2150,1775,702338,1379921001,11530632456,6463359
20260728,098070,한텍,KOSDAQ,중견기업부,23950,-2300,-8.76,25300,25600,23400,42525,1028309500,266351326950,11121141
20260728,408470,한패스,KOSDAQ,중견기업부,5080,-510,-9.12,5530,5530,5040,71524,367519370,53705760000,10572000
20260728,498390,한화플러스제5호스팩,KOSDAQ,SPAC(소속부없음),2035,0,0.00,0,0,0,0,0,10093600000,4960000
20260728,034810,해성산업,KOSDAQ,중견기업부,6000,-140,-2.28,6130,6200,5910,51185,310388385,189480912000,31580152
20260728,03481K,해성산업1우,KOSDAQ,중견기업부,5680,-40,-0.70,5710,5710,5500,1209,6714020,7823933040,1377453
20260728,059270,해성에어로보틱스,KOSDAQ,기술성장기업부,5000,-420,-7.75,5420,5420,4910,85488,436296690,55826495000,11165299
20260728,076610,해성옵틱스,KOSDAQ,벤처기업부,1063,-87,-7.57,1140,1140,1016,920666,971817336,62968059340,59236180
20260728,220180,핸디소프트,KOSDAQ,벤처기업부,1314,-64,-4.64,1378,1378,1304,4123,5453777,31445126388,23930842
20260728,900270,헝셩그룹,KOSDAQ,외국기업(소속부없음),420,0,0.00,0,0,0,0,0,10735805220,25561441
20260728,214180,헥토이노베이션,KOSDAQ,우량기업부,13180,-660,-4.77,13890,13890,13000,58516,774178750,171252577060,12993367
20260728,234340,헥토파이낸셜,KOSDAQ,우량기업부,16070,-1230,-7.11,16710,17800,15840,227676,3764288860,224508441920,13970656
20260728,084990,헬릭스미스,KOSDAQ,기술성장기업부,3095,-120,-3.73,3215,3290,3015,199882,619118143,142657206715,46092797
20260728,170030,현대공업,KOSDAQ,우량기업부,4540,-160,-3.40,4665,4750,4500,34060,155310510,69643600000,15340000
20260728,319400,현대무벡스,KOSDAQ,우량기업부,20850,-1000,-4.58,21550,22050,20000,1909331,39871037000,2322190413150,111376039
20260728,048410,현대바이오,KOSDAQ,중견기업부,5790,-370,-6.01,6010,6070,5600,890945,5170107370,558767261880,96505572
20260728,052260,현대바이오랜드,KOSDAQ,우량기업부,3265,-90,-2.68,3285,3355,3200,46401,150403302,97950000000,30000000
20260728,016790,현대사료,KOSDAQ,관리종목(소속부없음),994,0,0.00,0,0,0,0,0,187340898626,188471729
20260728,041440,현대에버다임,KOSDAQ,우량기업부,5820,-320,-5.21,6090,6110,5750,151242,885241600,103838763840,17841712
20260728,039010,현대에이치티,KOSDAQ,우량기업부,6170,-210,-3.29,6190,6490,6000,31001,189686540,53216250000,8625000
20260728,090850,현대이지웰,KOSDAQ,우량기업부,6250,0,0.00,6250,6340,6150,85599,533354510,140486893750,22477903
20260728,460930,현대힘스,KOSDAQ,우량기업부,14080,40,0.28,14580,16630,13760,5491560,84972789415,499990247680,35510671
20260728,092300,현우산업,KOSDAQ,우량기업부,2180,-140,-6.03,2280,2320,2150,106439,233892285,43926718780,20149871
20260728,011080,형지I&C,KOSDAQ,중견기업부,1435,-610,-29.83,1533,1573,1435,989367,1448592831,6165135970,4296262
20260728,308100,형지글로벌,KOSDAQ,중견기업부,401,-53,-11.67,445,467,380,438177,180701461,10353819198,25819998
20260728,064240,홈캐스트,KOSDAQ,벤처기업부,1391,-66,-4.53,1420,1433,1353,54293,75486387,48259703141,34694251
20260728,039610,화성밸브,KOSDAQ,우량기업부,5000,-290,-5.48,5250,5250,4945,50370,253127490,52052000000,10410400
20260728,126640,화신정공,KOSDAQ,우량기업부,3780,-425,-10.11,4090,4170,3765,971555,3843927664,132511339800,35055910
20260728,127980,화인써키트,KOSDAQ,중견기업부,2955,-25,-0.84,2980,3055,2905,11048,32552585,34989221220,11840684
20260728,061250,화일약품,KOSDAQ,우량기업부,8830,-210,-2.32,8750,9050,8710,12557,112013020,74327266720,8417584
20260728,097870,효성오앤비,KOSDAQ,중견기업부,4605,-225,-4.66,4720,4815,4500,15057,69170968,39096450000,8490000
20260728,290270,휴네시온,KOSDAQ,벤처기업부,2665,-105,-3.79,2775,2775,2505,19480,52908535,25604445880,9607672
20260728,353190,휴럼,KOSDAQ,중견기업부,2795,-145,-4.93,2940,2940,2755,6780,18923150,22012536780,7875684
20260728,090710,휴림로봇,KOSDAQ,중견기업부,6200,-510,-7.60,6520,6520,6050,1342234,8310309940,741265979800,119559029
20260728,078590,휴림에이텍,KOSDAQ,중견기업부,2895,-545,-15.84,3205,3495,2820,432989,1365653186,28926316005,9991819
20260728,205470,휴마시스,KOSDAQ,중견기업부,2020,-65,-3.12,2085,2190,1999,36306,73960403,49843502020,24675001
20260728,115160,휴맥스,KOSDAQ,중견기업부,5760,-240,-4.00,6000,6000,5350,23118,128100860,24837937920,4312142
20260728,028080,휴맥스홀딩스,KOSDAQ,중견기업부,5300,-530,-9.09,5800,5800,5300,1608,8805450,13422382500,2532525
20260728,200670,휴메딕스,KOSDAQ,우량기업부,24250,-800,-3.19,24350,24850,23700,32998,794195100,272325802500,11229930
20260728,065510,휴비츠,KOSDAQ,우량기업부,6580,-240,-3.52,6820,6820,6490,50386,330813265,71576549100,10877895
20260728,263920,휴엠앤씨,KOSDAQ,중견기업부,3730,-245,-6.16,3945,3995,3730,2357,9042000,36587666980,9809026
20260728,243070,휴온스,KOSDAQ,우량기업부,24800,-50,-0.20,24500,24950,24050,24447,596955125,297095692000,11979665
20260728,084110,휴온스글로벌,KOSDAQ,우량기업부,22400,-1850,-7.63,24150,24150,21950,53930,1214315525,283579788800,12659812
20260728,145020,휴젤,KOSDAQ,우량기업부,237500,-5500,-2.26,237000,246000,234000,37256,8901005500,2972353587500,12515173
20260728,024060,흥구석유,KOSDAQ,중견기업부,9990,-1000,-9.10,10490,10770,9760,1330523,13407389245,149850000000,15000000
20260728,010240,흥국,KOSDAQ,우량기업부,5270,-160,-2.95,5510,5520,5270,33026,178210920,61690620000,11706000
20260728,189980,흥국에프엔비,KOSDAQ,우량기업부,1098,-28,-2.49,1115,1150,1064,98765,107175822,44071334046,40137827
20260728,037440,희림,KOSDAQ,우량기업부,3530,-165,-4.47,3645,3650,3500,163266,578368920,49146336750,13922475
20260728,238490,힘스,KOSDAQ,벤처기업부,2275,-25,-1.09,2340,2350,2190,11548,26256855,25735336900,11312236
