BAS_DD,ISU_CD,ISU_NM,MKT_NM,SECT_TP_NM,TDD_CLSPRC,CMPPREVDD_PRC,FLUC_RT,TDD_OPNPRC,TDD_HGPRC,TDD_LWPRC,ACC_TRDVOL,ACC_TRDVAL,MKTCAP,LIST_SHRS
20181123,095570,AJ네트웍스,KOSPI,,4790,45,0.95,4740,4880,4705,39514,188069780,224278793050,46822295
20181123,068400,AJ렌터카,KOSPI,,13600,-350,-2.51,13950,14200,13550,231502,3188554100,301189680000,22146300
20181123,006840,AK홀딩스,KOSPI,,51000,-400,-0.78,51500,52200,50600,20137,1030423600,675625611000,13247561
20181123,027410,BGF,KOSPI,,7960,-120,-1.49,8050,8140,7880,133172,1063804500,759138664840,95369179
20181123,282330,BGF리테일,KOSPI,,183000,-6500,-3.43,192500,193500,180000,19471,3543064000,3162954798000,17283906
20181123,138930,BNK금융지주,KOSPI,,7860,-20,-0.25,7880,7910,7740,492882,3846510750,2561851033560,325935246
20181123,001460,BYC,KOSPI,,247000,-4000,-1.59,251000,251000,246500,119,29429500,154279905000,624615
20181123,001465,BYC우,KOSPI,,112000,2000,1.82,109500,112000,108000,73,7951000,24123120000,215385
20181123,001040,CJ,KOSPI,,127000,-1000,-0.78,128500,130000,126000,36276,4613774000,3705478746000,29176998
20181123,079160,CJ CGV,KOSPI,,39700,-300,-0.75,40050,40300,39500,98830,3940154850,840104126100,21161313
20181123,000120,CJ대한통운,KOSPI,,145500,0,0.00,144000,146500,144000,30666,4448742000,3319196052000,22812344
20181123,011150,CJ씨푸드,KOSPI,,2345,-5,-0.21,2350,2370,2330,26137,61351725,84257662685,35930773
20181123,011155,CJ씨푸드1우,KOSPI,,29350,-450,-1.51,29800,31000,29000,1752,52059900,5870000000,200000
20181123,001045,CJ우,KOSPI,,57000,200,0.35,56800,57100,56600,734,41726800,128832711000,2260223
20181123,097950,CJ제일제당,KOSPI,,347000,0,0.00,346500,349500,340500,31417,10809979500,5223802542000,15054186
20181123,097955,CJ제일제당 우,KOSPI,,129000,-1000,-0.77,130000,130000,126000,1554,198525000,171238857000,1327433
20181123,037560,CJ헬로,KOSPI,,9300,-190,-2.00,9530,9560,9280,143864,1356523490,720255844500,77446865
20181123,000590,CS홀딩스,KOSPI,,61900,200,0.32,61600,62000,61600,452,27896400,71462435800,1154482
20181123,012030,DB,KOSPI,,850,-2,-0.23,852,861,844,390324,331913001,170997843050,201173933
20181123,016610,DB금융투자,KOSPI,,4390,-10,-0.23,4345,4435,4345,37244,163296685,186339647710,42446389
20181123,005830,DB손해보험,KOSPI,,71600,-1300,-1.78,72900,73000,70500,85708,6110373100,5069280000000,70800000
20181123,000990,DB하이텍,KOSPI,,11450,-350,-2.97,11750,11950,11300,266211,3064895850,508363832600,44398588
20181123,000995,DB하이텍1우,KOSPI,,37850,-800,-2.07,38950,38950,37500,563,21478500,4251160600,112316
20181123,139130,DGB금융지주,KOSPI,,8740,10,0.11,8730,8740,8650,368304,3197378500,1478334580420,169145833
20181123,004840,DRB동일,KOSPI,,6410,0,0.00,6410,6410,6320,1916,12181230,124866800000,19480000
20181123,155660,DSR,KOSPI,,3440,-5,-0.15,3470,3475,3370,16503,56610300,55040000000,16000000
20181123,069730,DSR제강,KOSPI,,3770,-75,-1.95,3840,3865,3725,39582,149403940,54288000000,14400000
20181123,017940,E1,KOSPI,,59300,-300,-0.50,59500,60000,58700,4714,279357900,406798000000,6860000
20181123,007700,F&F,KOSPI,,54500,-1500,-2.68,57000,57100,54100,99191,5499671500,839300000000,15400000
20181123,114090,GKL,KOSPI,,24100,200,0.84,23950,24300,23850,156031,3771448450,1490721647000,61855670
20181123,078930,GS,KOSPI,,51100,-800,-1.54,51900,52000,50500,81280,4146133700,4747975815800,92915378
20181123,006360,GS건설,KOSPI,,39350,0,0.00,39600,40050,38700,648784,25449431100,3119127685150,79266269
20181123,001250,GS글로벌,KOSPI,,2515,10,0.40,2505,2545,2495,184685,464419665,207572416460,82533764
20181123,007070,GS리테일,KOSPI,,36200,-350,-0.96,36600,37050,35800,76231,2761238800,2787400000000,77000000
20181123,078935,GS우,KOSPI,,36900,-100,-0.27,37000,37000,36600,1157,42730150,65860079400,1784826
20181123,012630,HDC,KOSPI,,17650,-100,-0.56,17800,18050,17350,194356,3425260000,1054441375650,59741721
20181123,039570,HDC아이콘트롤스,KOSPI,,9540,-100,-1.04,9640,9680,9510,10745,103063300,157028400000,16460000
20181123,089470,HDC현대EP,KOSPI,,4040,-65,-1.58,4095,4095,4010,26327,106307435,128876000000,31900000
20181123,294870,HDC현대산업개발,KOSPI,,41000,350,0.86,40850,41800,40650,59743,2450910750,1801467020000,43938220
20181123,082740,HSD엔진,KOSPI,,4470,-110,-2.40,4610,4610,4390,212494,948858290,147273724740,32947142
20181123,003560,IHQ,KOSPI,,1855,-100,-5.12,1895,1935,1855,709296,1347883675,271267312540,146235748
20181123,175330,JB금융지주,KOSPI,,5640,-40,-0.70,5700,5710,5580,179749,1012743360,1110983522160,196982894
20181123,234080,JW생명과학,KOSPI,,23850,-450,-1.85,24400,24700,23800,29822,725131950,377654112900,15834554
20181123,001060,JW중외제약,KOSPI,,36800,-700,-1.87,37650,37650,36700,48219,1789352900,728840928000,19805460
20181123,001067,JW중외제약2우B,KOSPI,,44400,300,0.68,45050,45050,43750,1637,72086100,3822751200,86098
20181123,001065,JW중외제약우,KOSPI,,27250,700,2.64,26700,27400,26550,1125,30347350,4472024750,164111
20181123,096760,JW홀딩스,KOSPI,,7080,-60,-0.84,7140,7170,7040,58188,413206140,447870583560,63258557
20181123,105560,KB금융,KOSPI,,46850,-50,-0.11,47000,47200,46650,422526,19814738910,19588525508450,418111537
20181123,002380,KCC,KOSPI,,268500,-1500,-0.56,268000,273000,265500,9163,2455360000,2834423740500,10556513
20181123,009070,KCTC,KOSPI,,2430,0,0.00,2380,2440,2380,24450,58942465,72900000000,30000000
20181123,009440,KC그린홀딩스,KOSPI,,3675,-45,-1.21,3720,3775,3670,5320,19609690,82448551500,22434980
20181123,119650,KC코트렐,KOSPI,,3875,-65,-1.65,3875,3940,3800,41437,159747515,50375000000,13000000
20181123,092220,KEC,KOSPI,,968,-26,-2.62,998,998,967,526698,517587771,108853169128,112451621
20181123,001390,KG케미칼,KOSPI,,17250,-500,-2.82,18000,18000,17150,59893,1042250300,214857823500,12455526
20181123,001940,KISCO홀딩스,KOSPI,,11550,0,0.00,11550,11750,11450,1458,16817100,213402189000,18476380
20181123,025000,KPX케미칼,KOSPI,,49450,-250,-0.50,49700,50300,48950,3144,155783700,239338000000,4840000
20181123,092230,KPX홀딩스,KOSPI,,62700,300,0.48,62200,63200,61900,36,2241000,264885304200,4224646
20181123,000040,KR모터스,KOSPI,,506,-2,-0.39,508,515,505,59838,30346159,65264937540,128982090
20181123,044450,KSS해운,KOSPI,,6980,-30,-0.43,7010,7130,6980,3497,24527520,161837442400,23185880
20181123,030200,KT,KOSPI,,30200,-350,-1.15,30650,30700,30100,302961,9189344800,7885576601600,261111808
20181123,033780,KT&G,KOSPI,,101000,-500,-0.49,101500,102000,100500,173282,17537587500,13866542197000,137292497
20181123,030210,KTB투자증권,KOSPI,,3170,-90,-2.76,3260,3295,3170,107755,346366765,191195671640,60314092
20181123,058850,KTcs,KOSPI,,2445,-60,-2.40,2505,2510,2430,121919,299885495,104364825000,42685000
20181123,093050,LF,KOSPI,,24650,-500,-1.99,25050,25150,24400,38280,941137050,720766000000,29240000
20181123,003550,LG,KOSPI,,69900,-800,-1.13,70700,71400,69500,158476,11100207600,12061743456900,172557131
20181123,034220,LG디스플레이,KOSPI,,16900,-600,-3.43,17500,17600,16750,1492419,25408470150,6047085330000,357815700
20181123,001120,LG상사,KOSPI,,16500,-300,-1.79,16800,16950,16500,60156,1000458050,639540000000,38760000
20181123,051900,LG생활건강,KOSPI,,1141000,-28000,-2.40,1169000,1176000,1136000,17671,20356996000,17820362777000,15618197
20181123,051905,LG생활건강우,KOSPI,,681000,-4000,-0.58,682000,688000,681000,520,355814000,1429893657000,2099697
20181123,003555,LG우,KOSPI,,41950,-350,-0.83,42350,42400,41750,1450,60957600,139050700150,3314677
20181123,032640,LG유플러스,KOSPI,,16100,0,0.00,16150,16250,15950,1228422,19753193400,7029442912100,436611361
20181123,011070,LG이노텍,KOSPI,,94000,-700,-0.74,95000,95600,93900,154850,14633221600,2224708058000,23667107
20181123,066570,LG전자,KOSPI,,69400,200,0.29,69500,70100,68900,290959,20195553400,11357158291600,163647814
20181123,066575,LG전자우,KOSPI,,28300,-150,-0.53,28450,28700,28000,7195,203668250,486363573600,17185992
20181123,108670,LG하우시스,KOSPI,,52700,200,0.38,53000,53200,52100,20605,1087030600,472596209000,8967670
20181123,108675,LG하우시스우,KOSPI,,31450,-100,-0.32,31600,31600,31050,426,13374150,32466778500,1032330
20181123,051910,LG화학,KOSPI,,328500,-9500,-2.81,338000,343000,327500,147880,49110578000,23189584675500,70592343
20181123,051915,LG화학우,KOSPI,,193000,-3500,-1.78,196500,197000,191000,7580,1464092000,1483938400000,7688800
20181123,079550,LIG넥스원,KOSPI,,37400,-700,-1.84,38250,38850,37250,66382,2524821650,822800000000,22000000
20181123,006260,LS,KOSPI,,52300,-400,-0.76,52600,53000,52000,46429,2430379300,1684060000000,32200000
20181123,000680,LS네트웍스,KOSPI,,2620,5,0.19,2650,2650,2565,2909,7597300,206463901920,78803016
20181123,010120,LS산전,KOSPI,,50300,450,0.90,49800,51100,49800,108175,5482011650,1509000000000,30000000
20181123,229640,LS전선아시아,KOSPI,,5440,-70,-1.27,5400,5520,5400,36927,201379450,166599341760,30624879
20181123,023150,MH에탄올,KOSPI,,5210,10,0.19,5200,5240,5200,2271,11852190,38442120460,7378526
20181123,035420,NAVER,KOSPI,,114000,4500,4.11,110000,115500,109500,691736,79052265000,18788727030000,164813395
20181123,181710,NHN엔터테인먼트,KOSPI,,54900,-2100,-3.68,56600,56800,54600,74331,4106119800,1074119872500,19565025
20181123,005940,NH투자증권,KOSPI,,13400,-250,-1.83,13600,13700,13300,433800,5843567500,3770879085800,281408887
20181123,005945,NH투자증권우,KOSPI,,9210,-10,-0.11,9280,9280,9170,22628,208245870,173801615280,18870968
20181123,034310,NICE,KOSPI,,17700,0,0.00,17700,18350,17600,24100,434968300,670516710000,37882300
20181123,008260,NI스틸,KOSPI,,2480,15,0.61,2480,2505,2435,30548,75660560,70928290160,28600117
20181123,004250,NPC,KOSPI,,3695,-5,-0.14,3640,3715,3625,1874,6867680,135680400000,36720000
20181123,004255,NPC우,KOSPI,,2165,-5,-0.23,2160,2170,2160,1423,3084985,11431200000,5280000
20181123,010060,OCI,KOSPI,,96100,-2100,-2.14,98800,99900,95800,78710,7680938000,2291924553100,23849371
20181123,005490,POSCO,KOSPI,,247000,-7000,-2.76,252500,255000,245500,318280,79107821500,21535148245000,87186835
20181123,100840,S&TC,KOSPI,,11500,150,1.32,11350,11650,11250,4766,54476800,83917225000,7297150
20181123,064960,S&T모티브,KOSPI,,27100,800,3.04,26350,27300,26150,54592,1464059750,396286985600,14623136
20181123,003570,S&T중공업,KOSPI,,6760,0,0.00,6710,6780,6710,5744,38752980,219520447640,32473439
20181123,036530,S&T홀딩스,KOSPI,,11400,-150,-1.30,11550,11550,11350,1075,12304550,185864300400,16303886
20181123,010950,S-Oil,KOSPI,,109000,-1000,-0.91,110000,110500,108500,91919,10027819500,12271524328000,112582792
20181123,010955,S-Oil우,KOSPI,,79900,-1100,-1.36,81000,81000,79400,11354,910363200,321351967300,4021927
20181123,034120,SBS,KOSPI,,20900,-50,-0.24,20800,21000,20650,12093,252655200,381478963800,18252582
20181123,101060,SBS미디어홀딩스,KOSPI,,2320,-20,-0.85,2325,2340,2310,19539,45339765,324559160800,139896190
20181123,004060,SG세계물산,KOSPI,,666,-17,-2.49,683,685,664,468299,314251011,134815023360,202424960
20181123,001380,SG충방,KOSPI,,1680,-10,-0.59,1695,1715,1655,109395,183676910,75539760240,44964143
20181123,002360,SH에너지화학,KOSPI,,1025,-5,-0.49,1025,1040,1025,179737,185139805,113912073250,111133730
20181123,009160,SIMPAC,KOSPI,,2370,-45,-1.86,2400,2435,2330,48232,114865255,155067952920,65429516
20181123,123700,SJM,KOSPI,,3025,-20,-0.66,3010,3045,2935,15100,44763635,47204816450,15604898
20181123,025530,SJM홀딩스,KOSPI,,3285,10,0.31,3275,3340,3160,931,3045425,49058216280,14934008
20181123,034730,SK,KOSPI,,270500,-1500,-0.55,271000,272500,266500,42001,11277618500,19032460338500,70360297
20181123,011790,SKC,KOSPI,,34450,-300,-0.86,34700,34950,34250,51503,1782875000,1293065419750,37534555
20181123,018670,SK가스,KOSPI,,74300,-1000,-1.33,74000,75300,74000,8497,632772000,672724608100,9054167
20181123,001740,SK네트웍스,KOSPI,,4830,-40,-0.82,4865,4920,4800,573094,2778176865,1198746335010,248187647
20181123,001745,SK네트웍스우,KOSPI,,52100,1500,2.96,50600,52800,50600,363,18805400,5921060800,113648
20181123,006120,SK디스커버리,KOSPI,,28500,-650,-2.23,28800,29300,28300,35505,1017259000,542578867500,19037855
20181123,006125,SK디스커버리우,KOSPI,,15350,0,0.00,15550,15550,15150,351,5376900,20852284250,1358455
20181123,210980,SK디앤디,KOSPI,,23950,-1150,-4.58,25100,25200,23850,76409,1858068850,386912250000,16155000
20181123,03473K,SK우,KOSPI,,141500,-1500,-1.05,143000,143500,140000,620,87649000,80108102500,566135
20181123,096770,SK이노베이션,KOSPI,,200500,-5000,-2.43,204000,205500,198500,123024,24617889500,18539345582000,92465564
20181123,096775,SK이노베이션우,KOSPI,,129000,-1500,-1.15,130500,130500,127500,3718,478819500,161046954000,1248426
20181123,001510,SK증권,KOSPI,,703,-3,-0.42,706,711,702,927605,654970131,250605560213,356480171
20181123,001515,SK증권우,KOSPI,,2565,10,0.39,2560,2685,2500,49364,128361675,10035598410,3912514
20181123,285130,SK케미칼,KOSPI,,78500,-600,-0.76,78600,79900,77500,40293,3186693400,909018382000,11579852
20181123,28513K,SK케미칼우,KOSPI,,25700,-500,-1.91,26000,26250,25500,4429,114934500,37487819000,1458670
20181123,017670,SK텔레콤,KOSPI,,284000,-2500,-0.87,286500,288000,283000,79464,22608458500,22931781924000,80745711
20181123,000660,SK하이닉스,KOSPI,,69300,0,0.00,69500,69700,68400,1499166,103455071100,50450563894500,728002365
20181123,005610,SPC삼립,KOSPI,,132000,-2000,-1.49,134500,134500,131000,9732,1286095500,1139029188000,8629009
20181123,011810,STX,KOSPI,,14400,0,0.00,14400,14550,14100,19444,278346800,265764988800,18455902
20181123,077970,STX엔진,KOSPI,,6860,-100,-1.44,6970,7200,6860,8302,58282790,157841081440,23008904
20181123,071970,STX중공업,KOSPI,,1135,0,0.00,0,0,0,0,0,28189820210,24836846
20181123,084870,TBH글로벌,KOSPI,,3280,40,1.23,3225,3310,3225,19237,62692510,68410366320,20856819
20181123,002710,TCC동양,KOSPI,,1900,5,0.26,1925,1930,1895,40416,77346600,42450750000,22342500
20181123,024070,WISCOM,KOSPI,,2775,25,0.91,2750,2785,2695,4636,12687560,41696928000,15025920
20181123,037270,YG PLUS,KOSPI,,2250,-20,-0.88,2310,2310,2230,111457,251871295,130884084000,58170704
20181123,000500,가온전선,KOSPI,,17900,150,0.85,17600,17950,17550,4592,81600150,74470211300,4160347
20181123,000860,강남제비스코,KOSPI,,24450,-100,-0.41,24150,24600,24150,1312,32074100,158925000000,6500000
20181123,035250,강원랜드,KOSPI,,30150,-450,-1.47,30600,30750,29900,286092,8641987950,6450306075000,213940500
20181123,011420,갤럭시아에스엠,KOSPI,,1565,15,0.97,1545,1650,1540,97577,156360635,43115192860,27549644
20181123,002100,경농,KOSPI,,9340,0,0.00,9460,9670,9250,374988,3546126030,202600945000,21691750
20181123,009450,경동나비엔,KOSPI,,46750,1900,4.24,45000,47050,44200,167437,7743909450,595572092500,12739510
20181123,267290,경동도시가스,KOSPI,,34750,50,0.14,35000,35000,34300,4565,157971500,163917939250,4717063
20181123,012320,경동인베스트,KOSPI,,38550,350,0.92,38050,38750,38000,2740,104673150,91171636650,2365023
20181123,000050,경방,KOSPI,,11050,-400,-3.49,11550,11600,10950,46816,522474500,302938733500,27415270
20181123,214390,경보제약,KOSPI,,10050,-150,-1.47,10200,10400,10000,49646,503694050,240263943000,23906860
20181123,012610,경인양행,KOSPI,,5700,-150,-2.56,5890,5920,5670,189819,1102698350,230259280500,40396365
20181123,009140,경인전자,KOSPI,,23050,200,0.88,22950,23050,22700,376,8643700,36206870850,1570797
20181123,013580,계룡건설,KOSPI,,21000,-200,-0.94,21150,21800,20800,6838,145754500,187549047000,8930907
20181123,012200,계양전기,KOSPI,,3160,-5,-0.16,3190,3190,3140,13533,42790825,103016000000,32600000
20181123,012205,계양전기우,KOSPI,,9420,250,2.73,9180,9710,9170,153295,1451747710,13188000000,1400000
20181123,004200,고려개발,KOSPI,,4990,60,1.22,4995,5000,4880,6020,29768635,151890056110,30438889
20181123,002140,고려산업,KOSPI,,2150,-75,-3.37,2225,2245,2150,53129,116763165,53619763750,24939425
20181123,010130,고려아연,KOSPI,,439000,-1500,-0.34,441000,443500,432500,18924,8247659000,8283930000000,18870000
20181123,002240,고려제강,KOSPI,,21150,0,0.00,21150,21600,21050,7502,159025750,423000000000,20000000
20181123,001290,골든브릿지증권,KOSPI,,2185,185,9.25,1945,2575,1870,1157584,2585909660,110765491965,50693589
20181123,009290,광동제약,KOSPI,,6520,-70,-1.06,6620,6750,6510,165875,1102268430,341783948520,52420851
20181123,017040,광명전기,KOSPI,,2555,-60,-2.29,2625,2710,2520,440559,1162456920,110727606325,43337615
20181123,017900,광전자,KOSPI,,1935,-55,-2.76,2005,2010,1930,79483,155426190,112121181405,57943763
20181123,037710,광주신세계,KOSPI,,174500,1000,0.58,174000,176500,173500,571,99934500,279200000000,1600000
20181123,030610,교보증권,KOSPI,,9260,40,0.43,9220,9310,9100,49461,454672180,333360000000,36000000
20181123,007690,국도화학,KOSPI,,46150,-650,-1.39,46500,46650,46050,4548,210704950,268159928400,5810616
20181123,005320,국동,KOSPI,,2270,-85,-3.61,2335,2380,2245,112301,256381115,31190889600,13740480
20181123,001140,국보,KOSPI,,11700,-150,-1.27,12200,13050,11700,124721,1546508550,19682956800,1682304
20181123,002720,국제약품,KOSPI,,4400,-105,-2.33,4610,4620,4370,119167,532633420,79451270800,18057107
20181123,083420,그린케미칼,KOSPI,,3760,15,0.40,3745,3775,3735,7136,26772445,75200000000,20000000
20181123,014530,극동유화,KOSPI,,3320,-10,-0.30,3355,3355,3310,9054,30062020,115766474400,34869420
20181123,014280,금강공업,KOSPI,,21350,100,0.47,20950,21450,20950,1670,35612050,103674831400,4855964
20181123,014285,금강공업우,KOSPI,,38250,700,1.86,37150,38250,37050,452,17137300,4512543750,117975
20181123,008870,금비,KOSPI,,65700,200,0.31,66300,66300,64700,1454,94446800,65700000000,1000000
20181123,001570,금양,KOSPI,,2440,-20,-0.81,2500,2500,2410,18186,44343740,105358204480,43179592
20181123,002990,금호산업,KOSPI,,11600,200,1.75,11400,11700,11300,57003,657798250,418010048400,36035349
20181123,002995,금호산업우,KOSPI,,26700,900,3.49,26050,27800,25650,14295,384408100,7803502200,292266
20181123,011780,금호석유,KOSPI,,88900,-400,-0.45,88800,90400,88000,45682,4050634379,2708577729900,30467691
20181123,011785,금호석유우,KOSPI,,32250,350,1.10,31700,32250,31700,12931,414558950,97507423500,3023486
20181123,214330,금호에이치티,KOSPI,,7400,-280,-3.65,7680,7690,7230,361383,2689808670,73591978800,9944862
20181123,001210,금호전기,KOSPI,,6460,-90,-1.37,6550,6630,6340,2715,17485290,45068629280,6976568
20181123,073240,금호타이어,KOSPI,,5240,30,0.58,5250,5260,5200,236272,1236241570,1505243903880,287260287
20181123,092440,기신정기,KOSPI,,3420,-5,-0.15,3460,3460,3340,3661,12368540,99864000000,29200000
20181123,000270,기아차,KOSPI,,27750,250,0.91,27500,27750,27300,483649,13360213150,11248832879250,405363347
20181123,024110,기업은행,KOSPI,,15050,0,0.00,15050,15100,15000,342016,5144733550,8427681165750,559978815
20181123,013700,까뮤이앤씨,KOSPI,,1010,-25,-2.42,1040,1040,1010,68350,70127410,45603802800,45152280
20181123,004540,깨끗한나라,KOSPI,,3245,-100,-2.99,3345,3360,3245,60954,199398800,120846048785,37240693
20181123,004545,깨끗한나라우,KOSPI,,20600,-250,-1.20,20900,21300,19850,15271,311078350,7542896000,366160
20181123,074610,나노메딕스,KOSPI,,8200,-250,-2.96,8360,8750,8080,322462,2686187740,228002025000,27805125
20181123,001260,남광토건,KOSPI,,14600,150,1.04,14600,15300,14450,53612,798155000,143460695000,9826075
20181123,008350,남선알미늄,KOSPI,,1590,-15,-0.93,1620,1650,1540,10482008,16815481925,175184753100,110179090
20181123,008355,남선알미우,KOSPI,,35600,3500,10.90,32150,40350,30500,573762,20610716400,10960884000,307890
20181123,004270,남성,KOSPI,,1340,-30,-2.19,1355,1380,1330,98069,131881705,48524294400,36212160
20181123,003920,남양유업,KOSPI,,644000,-1000,-0.16,644000,649000,642000,550,354771000,463680000000,720000
20181123,003925,남양유업우,KOSPI,,195500,2500,1.30,193000,195500,190500,12,2311500,32582421000,166662
20181123,002070,남영비비안,KOSPI,,6000,40,0.67,6080,6080,5900,810,4827770,41207670000,6867945
20181123,025860,남해화학,KOSPI,,11450,50,0.44,11550,11750,11250,143057,1640689050,568822752350,49678843
20181123,005720,넥센,KOSPI,,5670,-30,-0.53,5700,5700,5630,892169,5058541440,303594349590,53543977
20181123,005725,넥센우,KOSPI,,3645,0,0.00,3645,3650,3600,139,502095,13124187000,3600600
20181123,002350,넥센타이어,KOSPI,,8610,-260,-2.93,8870,8870,8560,79984,692076440,840920420970,97667877
20181123,002355,넥센타이어1우B,KOSPI,,3975,0,0.00,3980,3980,3975,1092,4343505,25837500000,6500000
20181123,003580,넥스트사이언스,KOSPI,,7840,-270,-3.33,7970,8200,7740,177902,1412495570,176478564640,22510021
20181123,251270,넷마블,KOSPI,,123500,1500,1.23,123000,126500,122000,217497,26999838500,10530027677000,85263382
20181123,090350,노루페인트,KOSPI,,8230,-160,-1.91,8460,8460,8230,71253,592328800,164600000000,20000000
20181123,090355,노루페인트우,KOSPI,,9000,180,2.04,8750,9250,8750,1456,13151220,4168134000,463126
20181123,000320,노루홀딩스,KOSPI,,11650,50,0.43,11600,11700,11500,3357,38917500,154841909150,13291151
20181123,000325,노루홀딩스우,KOSPI,,18100,-100,-0.55,17800,18100,17800,48,867650,3353025000,185250
20181123,006280,녹십자,KOSPI,,138000,-3000,-2.13,141000,142000,137500,36964,5124175500,1612742244000,11686538
20181123,005250,녹십자홀딩스,KOSPI,,23700,-550,-2.27,24050,24300,23600,47871,1140502050,1114568577000,47028210
20181123,005257,녹십자홀딩스2우,KOSPI,,17800,-350,-1.93,18500,18500,17600,255,4522950,15058622000,845990
20181123,004370,농심,KOSPI,,247500,0,0.00,248500,249500,243000,14050,3444736500,1505453895000,6082642
20181123,072710,농심홀딩스,KOSPI,,69500,-600,-0.86,70400,70400,69000,1579,109407300,322326405000,4637790
20181123,058730,다스코,KOSPI,,6920,20,0.29,6930,7100,6820,87678,611618120,106568000000,15400000
20181123,023590,다우기술,KOSPI,,19900,-150,-0.75,20000,20200,19900,36645,734069250,892845678300,44866617
20181123,019680,대교,KOSPI,,6770,-10,-0.15,6780,6800,6710,10771,72634160,573438294500,84702850
20181123,019685,대교우B,KOSPI,,4685,5,0.11,4680,4685,4660,334,1560000,91015448150,19426990
20181123,006370,대구백화점,KOSPI,,8760,-60,-0.68,8700,8830,8700,786,6881300,94797312360,10821611
20181123,004130,대덕GDS,KOSPI,,13550,-450,-3.21,14000,14000,13350,195447,2646606450,278799556150,20575613
20181123,004135,대덕GDS우,KOSPI,,8070,-10,-0.12,8080,8080,8010,9901,79819060,17431200000,2160000
20181123,008060,대덕전자,KOSPI,,8670,-280,-3.13,8980,8980,8610,296797,2586045130,423063921000,48796300
20181123,000490,대동공업,KOSPI,,5430,-40,-0.73,5420,5520,5410,16564,90494680,128844180300,23728210
20181123,008110,대동전자,KOSPI,,3410,-5,-0.15,3410,3495,3380,3756,12811180,35772424270,10490447
20181123,005750,대림B&Co,KOSPI,,4070,-20,-0.49,4075,4135,4015,8460,34307585,67856016800,16672240
20181123,000210,대림산업,KOSPI,,87900,800,0.92,87000,88000,86200,121021,10546139100,3058920000000,34800000
20181123,000215,대림산업우,KOSPI,,35700,50,0.14,35900,36250,35550,56205,2008485800,135660000000,3800000
20181123,004440,대림씨엔에스,KOSPI,,10650,100,0.95,10550,11250,10500,35469,382880750,135595235550,12731947
20181123,006570,대림통상,KOSPI,,3925,-100,-2.48,3915,4025,3915,259,1015365,59758125000,15225000
20181123,001680,대상,KOSPI,,23150,-50,-0.22,23100,23600,23100,63831,1486383500,802101778750,34648025
20181123,001685,대상우,KOSPI,,12500,-150,-1.19,12500,12750,12500,1949,24553950,17127787500,1370223
20181123,084690,대상홀딩스,KOSPI,,7550,70,0.94,7480,7570,7440,31678,237276030,273404661900,36212538
20181123,084695,대상홀딩스우,KOSPI,,5800,-20,-0.34,5800,5810,5750,36,207220,5298195600,913482
20181123,128820,대성산업,KOSPI,,4360,-30,-0.68,4390,4490,4290,37863,167325365,197226684080,45235478
20181123,117580,대성에너지,KOSPI,,5400,-20,-0.37,5430,5430,5400,5975,32318120,148500000000,27500000
20181123,016710,대성홀딩스,KOSPI,,6430,-20,-0.31,6500,6500,6380,974,6241580,103455221370,16089459
20181123,003540,대신증권,KOSPI,,11850,-50,-0.42,11850,12050,11800,136055,1621458900,601664790000,50773400
20181123,003547,대신증권2우B,KOSPI,,8670,0,0.00,8710,8710,8630,3424,29683940,86700000000,10000000
20181123,003545,대신증권우,KOSPI,,9300,-60,-0.64,9400,9400,9290,32691,304964620,241800000000,26000000
20181123,009190,대양금속,KOSPI,,4105,-15,-0.36,4195,4195,4000,1789,7294040,50565114965,12317933
20181123,014160,대영포장,KOSPI,,921,5,0.55,920,928,911,167660,154075117,99831379629,108394549
20181123,047040,대우건설,KOSPI,,4660,25,0.54,4610,4715,4555,1006231,4652141960,1936801493080,415622638
20181123,009320,대우부품,KOSPI,,1590,-30,-1.85,1620,1645,1580,176682,282984095,75757736250,47646375
20181123,042660,대우조선해양,KOSPI,,35000,350,1.01,34700,35450,34450,350338,12234074400,3752201320000,107205752
20181123,003090,대웅,KOSPI,,16050,-100,-0.62,16400,16400,16000,18143,291739150,933178779000,58141980
20181123,069620,대웅제약,KOSPI,,181500,-3000,-1.63,184500,186000,180500,19985,3639914000,2102963362500,11586575
20181123,000430,대원강업,KOSPI,,3660,120,3.39,3510,3850,3510,27987,101720880,226920000000,62000000
20181123,006340,대원전선,KOSPI,,1595,-25,-1.54,1640,1700,1590,2439430,4040216630,108630937745,68107171
20181123,006345,대원전선우,KOSPI,,3910,10,0.26,3920,4360,3700,444611,1820521900,10248892000,2621200
20181123,003220,대원제약,KOSPI,,16350,-550,-3.25,16800,16800,16250,83223,1369867050,312262208100,19098606
20181123,024890,대원화성,KOSPI,,1415,-15,-1.05,1430,1445,1400,21983,31173110,58367550080,41249152
20181123,002880,대유에이텍,KOSPI,,1070,10,0.94,1060,1075,1030,4414154,4691049630,110543353150,103311545
20181123,000300,대유플러스,KOSPI,,898,-16,-1.75,922,922,892,220578,199414174,90412849080,100682460
20181123,012800,대창,KOSPI,,898,-18,-1.97,908,918,897,248798,224820824,81844168102,91140499
20181123,015230,대창단조,KOSPI,,40300,-150,-0.37,40850,40850,40250,1061,43028700,80600000000,2000000
20181123,001070,대한방직,KOSPI,,13750,-50,-0.36,14100,14100,13500,14133,192926400,72875000000,5300000
20181123,006650,대한유화,KOSPI,,162000,-5000,-2.99,165000,168500,161000,29062,4777120500,1053000000000,6500000
20181123,001440,대한전선,KOSPI,,1060,0,0.00,1060,1085,1055,225954,241077790,907861389540,856473009
20181123,084010,대한제강,KOSPI,,5100,-20,-0.39,5120,5120,5070,15245,77716550,125698343400,24646734
20181123,001790,대한제당,KOSPI,,19000,-500,-2.56,19650,19800,19000,4720,90343850,167960038000,8840002
20181123,001799,대한제당3우B,KOSPI,,27800,-400,-1.42,27600,28150,27400,1680,46520050,3604436800,129656
20181123,001795,대한제당우,KOSPI,,12650,-50,-0.39,12700,13000,12650,3500,44464300,8200691400,648276
20181123,001130,대한제분,KOSPI,,180000,-500,-0.28,181000,182500,177500,545,97573500,304200000000,1690000
20181123,003490,대한항공,KOSPI,,32550,50,0.15,32500,32750,31850,503042,16190593100,3087192836700,94844634
20181123,003495,대한항공우,KOSPI,,16900,-1800,-9.63,19600,20000,15800,632786,11189414400,18772418600,1110794
20181123,005880,대한해운,KOSPI,,21050,-150,-0.71,21250,21350,20900,63519,1336752950,514177909200,24426504
20181123,003830,대한화섬,KOSPI,,109000,-3000,-2.68,112500,112500,109000,227,24944000,144752000000,1328000
20181123,016090,대현,KOSPI,,2180,50,2.35,2175,2245,2145,300609,656331110,98715435800,45282310
20181123,069460,대호에이엘,KOSPI,,5420,0,0.00,0,0,0,0,0,147070827380,27134839
20181123,012510,더존비즈온,KOSPI,,44250,150,0.34,44100,44600,44000,26346,1165920800,1313016975000,29672700
20181123,004830,덕성,KOSPI,,3565,165,4.85,3400,3670,3185,765521,2718854610,55899200000,15680000
20181123,004835,덕성우,KOSPI,,4900,60,1.24,4805,5080,4550,383576,1873528410,6820800000,1392000
20181123,024900,덕양산업,KOSPI,,1200,-15,-1.23,1235,1235,1200,32290,39118395,39077976000,32564980
20181123,145720,덴티움,KOSPI,,70100,-1100,-1.54,73800,75100,70100,76871,5572516400,775924983000,11068830
20181123,002150,도화엔지니어링,KOSPI,,6970,300,4.50,6740,7070,6640,227588,1575086150,235028400000,33720000
20181123,001620,동국실업,KOSPI,,791,0,0.00,791,818,745,354565,278840871,42169848952,53312072
20181123,001230,동국제강,KOSPI,,7400,-220,-2.89,7650,7710,7370,290357,2169708920,706202253800,95432737
20181123,023450,동남합성,KOSPI,,59900,-400,-0.66,60300,60300,59900,27,1620100,78765684700,1314953
20181123,004140,동방,KOSPI,,1465,-15,-1.01,1500,1530,1460,105836,158456745,49027086420,33465588
20181123,007590,동방아그로,KOSPI,,6680,-40,-0.60,6800,6810,6640,7896,52757300,90965414360,13617577
20181123,005960,동부건설,KOSPI,,7180,-120,-1.64,7300,7500,7010,12971,93314440,149826151360,20867152
20181123,005965,동부건설우,KOSPI,,16500,0,0.00,16450,17500,16300,1596,26677750,3724578000,225732
20181123,016380,동부제철,KOSPI,,6890,-60,-0.86,6810,7250,6810,15394,108723390,187638291360,27233424
20181123,016385,동부제철우,KOSPI,,41950,-750,-1.76,42700,43350,40300,725,30019500,6718544200,160156
20181123,083370,동북아12호,KOSPI,,5010,0,0.00,0,0,0,0,0,7944156600,1585660
20181123,083380,동북아13호,KOSPI,,5010,0,0.00,0,0,0,0,0,7944156600,1585660
20181123,026960,동서,KOSPI,,17300,-700,-3.89,18000,18100,17250,213357,3717134400,1724810000000,99700000
20181123,002210,동성제약,KOSPI,,24550,50,0.20,24800,26200,24250,2016923,50790911000,607773891700,24756574
20181123,102260,동성코퍼레이션,KOSPI,,5440,-30,-0.55,5470,5470,5360,25895,139754690,247220636800,45444970
20181123,005190,동성화학,KOSPI,,13300,-250,-1.85,13400,13600,13200,929,12372450,70963001200,5335564
20181123,000640,동아쏘시오홀딩스,KOSPI,,98700,-2300,-2.28,100000,101000,98100,4255,422361000,605849617800,6138294
20181123,170900,동아에스티,KOSPI,,100000,-1000,-0.99,101500,102000,99300,13911,1393108000,844386800000,8443868
20181123,028100,동아지질,KOSPI,,15450,1500,10.75,14200,16000,14200,930466,14208833100,177675000000,11500000
20181123,282690,동아타이어,KOSPI,,13100,-50,-0.38,13100,13200,13000,957,12478100,179902496500,13733015
20181123,001520,동양,KOSPI,,1890,5,0.27,1910,1915,1890,153073,290218980,451112879070,238684063
20181123,001527,동양2우B,KOSPI,,11350,-150,-1.30,11500,11600,11200,3004,34019250,3502258150,308569
20181123,001529,동양3우B,KOSPI,,30350,-100,-0.33,30250,31000,30150,4478,135854000,2723062700,89722
20181123,084670,동양고속,KOSPI,,29450,50,0.17,29400,29500,29000,5105,149537150,88330710250,2999345
20181123,030790,동양네트웍스,KOSPI,,2220,-120,-5.13,2305,2370,2205,650839,1478313920,209426923440,94336452
20181123,002900,동양물산,KOSPI,,1700,5,0.29,1700,1750,1695,276681,474856435,111161130000,65388900
20181123,082640,동양생명,KOSPI,,5630,-80,-1.40,5720,5750,5620,42714,241877840,908448833550,161358585
20181123,001525,동양우,KOSPI,,10200,50,0.49,10300,10400,10150,1299,13331500,6300856200,617731
20181123,008970,동양철관,KOSPI,,1520,-30,-1.94,1570,1645,1500,5260110,8263055785,135105640800,88885290
20181123,092780,동양피스톤,KOSPI,,4280,-25,-0.58,4310,4395,4220,30262,130223480,56361008800,13168460
20181123,049770,동원F&B,KOSPI,,291000,-9000,-3.00,300500,302500,289500,3327,971634500,1123005084000,3859124
20181123,018500,동원금속,KOSPI,,821,-9,-1.08,831,845,814,79224,65351807,38385799993,46754933
20181123,006040,동원산업,KOSPI,,199000,-1500,-0.75,199500,201000,198500,2188,436440000,669276800000,3363200
20181123,030720,동원수산,KOSPI,,9200,-120,-1.29,9220,9440,9140,25314,234434370,42596331200,4630036
20181123,014820,동원시스템즈,KOSPI,,28000,350,1.27,27600,28000,27250,11981,333047500,717318308000,25618511
20181123,014825,동원시스템즈우,KOSPI,,21950,200,0.92,21950,21950,21950,2,43900,5824608100,265358
20181123,163560,동일고무벨트,KOSPI,,6290,-60,-0.94,6450,6450,6200,3901,24416730,81770000000,13000000
20181123,001530,동일방직,KOSPI,,65000,-1000,-1.52,66000,67000,64000,7455,486837100,154590085000,2378309
20181123,004890,동일산업,KOSPI,,59500,-500,-0.83,60400,60400,58900,1444,85749800,144300292500,2425215
20181123,002690,동일제강,KOSPI,,3000,-40,-1.32,3040,3170,2930,76333,234627515,45000000000,15000000
20181123,000020,동화약품,KOSPI,,9480,-110,-1.15,9590,9630,9410,40882,390380890,264790335600,27931470
20181123,000150,두산,KOSPI,,126000,-2000,-1.56,128500,130000,125500,33603,4277467000,2298000852000,18238102
20181123,000157,두산2우B,KOSPI,,79700,-300,-0.38,79700,79700,78600,187,14900900,78559094500,985685
20181123,011160,두산건설,KOSPI,,1540,0,0.00,1555,1555,1495,47744,72753840,112922177060,73326089
20181123,241560,두산밥캣,KOSPI,,36300,-500,-1.36,36650,36850,35850,79439,2882089550,3639044725800,100249166
20181123,000155,두산우,KOSPI,,79000,-200,-0.25,79300,79500,78600,607,47967300,348474846000,4411074
20181123,042670,두산인프라코어,KOSPI,,8310,20,0.24,8300,8400,8250,586829,4883301640,1729786415100,208157210
20181123,034020,두산중공업,KOSPI,,10850,-100,-0.91,11000,11050,10800,362017,3944939800,1271042812550,117146803
20181123,016740,두올,KOSPI,,2815,-70,-2.43,2855,2895,2780,140415,397201120,76192704200,27066680
20181123,024090,디씨엠,KOSPI,,11800,50,0.43,11750,11850,11700,2065,24295500,138060000000,11700000
20181123,003160,디아이,KOSPI,,3730,55,1.50,3675,3775,3675,115268,429812980,117483008050,31496785
20181123,092200,디아이씨,KOSPI,,5610,50,0.90,5560,5680,5470,31560,175579670,126042170100,22467410
20181123,013570,디와이,KOSPI,,5190,-120,-2.26,5310,5350,5100,95193,494450450,136598895270,26319633
20181123,210540,디와이파워,KOSPI,,13300,-300,-2.21,13700,13700,13300,68926,926726550,146854716400,11041708
20181123,007340,디티알오토모티브,KOSPI,,30300,-150,-0.49,30500,30850,30200,2411,73012950,302818351500,9994005
20181123,026890,디피씨,KOSPI,,6750,-650,-8.78,7400,7430,6720,9309427,65467710040,281327681250,41678175
20181123,115390,락앤락,KOSPI,,19650,-50,-0.25,19550,19800,19100,210213,4091321450,1080750000000,55000000
20181123,032350,롯데관광개발,KOSPI,,13900,300,2.21,13800,14050,12850,665640,8988653950,897470180000,64566200
20181123,000400,롯데손해보험,KOSPI,,2620,-20,-0.76,2615,2640,2555,226956,589293530,351813600000,134280000
20181123,023530,롯데쇼핑,KOSPI,,223500,1500,0.68,222000,225500,220000,31155,6935962000,6322536742500,28288755
20181123,004000,롯데정밀화학,KOSPI,,41600,-1250,-2.92,42900,42900,41450,118289,4975333850,1073280000000,25800000
20181123,286940,롯데정보통신,KOSPI,,33000,100,0.30,32450,33400,32350,47421,1564471400,471438000000,14286000
20181123,280360,롯데제과,KOSPI,,156500,1500,0.97,154500,158500,154000,841,131095500,658724463000,4209102
20181123,004990,롯데지주,KOSPI,,55600,200,0.36,55400,56300,54900,93892,5209283900,6481082777200,116566237
20181123,00499K,롯데지주우,KOSPI,,55200,0,0.00,55200,56500,55100,1602,88879600,54516789600,987623
20181123,005300,롯데칠성,KOSPI,,1427000,-13000,-0.90,1439000,1443000,1421000,980,1402802000,1140666742000,799346
20181123,005305,롯데칠성우,KOSPI,,642000,-1000,-0.16,643000,643000,639000,4,2563000,49774902000,77531
20181123,011170,롯데케미칼,KOSPI,,277500,-7000,-2.46,284500,288000,276000,73661,20704692500,9511428772500,34275419
20181123,002270,롯데푸드,KOSPI,,660000,-4000,-0.60,663000,671000,652000,448,295637000,747034200000,1131870
20181123,071840,롯데하이마트,KOSPI,,53300,400,0.76,53400,53800,52700,18213,972724400,1258291049600,23607712
20181123,027740,마니커,KOSPI,,775,-11,-1.40,792,792,775,1771624,1383104351,103122688075,133061533
20181123,204320,만도,KOSPI,,26650,50,0.19,26550,26900,26200,400585,10612626850,1251407248000,46957120
20181123,001080,만호제강,KOSPI,,17350,-50,-0.29,17400,17550,16900,1422,24350200,72002500000,4150000
20181123,088980,맥쿼리인프라,KOSPI,,9340,-20,-0.21,9350,9360,9340,900161,8319806700,3260074098240,349044336
20181123,094800,맵스리얼티1,KOSPI,,3840,0,0.00,3845,3845,3840,44138,169582275,356483831040,92834331
20181123,015540,메디플란트,KOSPI,,8020,-140,-1.72,8290,8520,7850,57064,459047830,43608469300,5437465
20181123,138040,메리츠금융지주,KOSPI,,12000,-250,-2.04,12200,12450,11900,35975,433162300,1682691768000,140224314
20181123,008560,메리츠종금증권,KOSPI,,4315,15,0.35,4325,4365,4290,734996,3178998525,2613341225680,605641072
20181123,000060,메리츠화재,KOSPI,,22000,-600,-2.65,22500,22800,21800,158674,3535389100,2500960000000,113680000
20181123,090370,메타랩스,KOSPI,,2865,-130,-4.34,2930,2970,2800,412140,1182398450,127635154080,44549792
20181123,017180,명문제약,KOSPI,,5510,-100,-1.78,5800,5840,5510,531217,3021741320,135215400000,24540000
20181123,012690,모나리자,KOSPI,,3690,-40,-1.07,3710,3840,3660,670393,2510515540,134947930950,36571255
20181123,005360,모나미,KOSPI,,2585,-10,-0.39,2620,2620,2510,16270,41668570,48849538595,18897307
20181123,204210,모두투어리츠,KOSPI,,3150,30,0.96,3150,3170,3145,479,1511390,24654467250,7826815
20181123,009680,모토닉,KOSPI,,8550,-90,-1.04,8550,8630,8550,4851,41566770,282150000000,33000000
20181123,009580,무림P&P,KOSPI,,6700,-10,-0.15,6700,6770,6650,174852,1171130980,417867770800,62368324
20181123,009200,무림페이퍼,KOSPI,,3035,-55,-1.78,3095,3120,3025,81089,247477810,126284255850,41609310
20181123,033920,무학,KOSPI,,11500,-600,-4.96,12000,12100,11500,19845,233281200,327750000000,28500000
20181123,008420,문배철강,KOSPI,,2980,-25,-0.83,3025,3135,2970,331951,1013105870,61100444900,20503505
20181123,025560,미래산업,KOSPI,,184,-1,-0.54,183,187,183,1563637,288300036,116806585600,634818400
20181123,007120,미래아이앤지,KOSPI,,474,1,0.21,479,483,459,325643,152361456,49100389206,103587319
20181123,006800,미래에셋대우,KOSPI,,6650,-60,-0.89,6660,6750,6600,1259409,8378896120,4377804113200,658316408
20181123,00680K,미래에셋대우2우B,KOSPI,,3665,25,0.69,3640,3665,3625,107790,392074150,513100000000,140000000
20181123,006805,미래에셋대우우,KOSPI,,4055,-15,-0.37,4025,4085,4025,5228,21214150,57077166250,14075750
20181123,085620,미래에셋생명,KOSPI,,4360,-45,-1.02,4400,4435,4360,50180,219972735,771790584040,177016189
20181123,002840,미원상사,KOSPI,,242000,-2000,-0.82,242000,242000,242000,9,2178000,191890996000,792938
20181123,268280,미원에스씨,KOSPI,,65000,-200,-0.31,65200,65500,64500,1033,66705600,338337675000,5205195
20181123,107590,미원홀딩스,KOSPI,,36100,-200,-0.55,36050,36300,36000,417,15062800,84177041400,2331774
20181123,134380,미원화학,KOSPI,,41850,-50,-0.12,41950,42250,41350,340,14293650,91449783000,2185180
20181123,003650,미창석유,KOSPI,,77300,200,0.26,76900,77300,76900,1054,81161200,134476645600,1739672
20181123,155900,바다로19호,KOSPI,,2885,15,0.52,2875,2885,2875,6034,17375405,43852011540,15200004
20181123,003610,방림,KOSPI,,24650,0,0.00,24650,25250,24450,3650,89697100,104304231850,4231409
20181123,001340,백광산업,KOSPI,,2500,-5,-0.20,2505,2525,2450,90146,223889535,112296017500,44918407
20181123,014580,백광소재,KOSPI,,2660,0,0.00,2675,2690,2630,15415,40885365,73371046000,27583100
20181123,035150,백산,KOSPI,,5230,-50,-0.95,5300,5350,5200,19395,102069660,126566000000,24200000
20181123,002410,범양건영,KOSPI,,1570,0,0.00,1595,1600,1560,56892,89914965,38985944840,24831812
20181123,096300,베트남개발1,KOSPI,,375,-3,-0.79,374,379,373,148875,55834368,46592010000,124245360
20181123,007210,벽산,KOSPI,,2180,-30,-1.36,2230,2255,2165,175881,387667105,149460800000,68560000
20181123,002760,보락,KOSPI,,2310,-90,-3.75,2390,2415,2285,767504,1791985450,138369000000,59900000
20181123,003850,보령제약,KOSPI,,10500,-250,-2.33,10750,10850,10400,152987,1625106500,464100000000,44200000
20181123,000890,보해양조,KOSPI,,1220,-80,-6.15,1290,1305,1220,6023523,7479700500,117816066120,96570546
20181123,003000,부광약품,KOSPI,,26350,-550,-2.04,26900,27150,26350,107651,2868842450,1287731957050,48870283
20181123,001270,부국증권,KOSPI,,22800,-50,-0.22,22800,22800,22550,543,12324300,236433400800,10369886
20181123,001275,부국증권우,KOSPI,,19850,0,0.00,19800,19850,19800,283,5616100,59550000000,3000000
20181123,026940,부국철강,KOSPI,,2750,-55,-1.96,2800,2860,2740,156448,436901860,55000000000,20000000
20181123,015350,부산가스,KOSPI,,37350,-150,-0.40,37400,37500,37100,930,34687800,410850000000,11000000
20181123,011390,부산산업,KOSPI,,191500,28000,17.13,172500,203000,171000,418259,79535552000,202224000000,1056000
20181123,005030,부산주공,KOSPI,,508,-5,-0.97,513,517,499,69047,34998137,21513560224,42349528
20181123,100220,비상교육,KOSPI,,6900,-50,-0.72,6880,6980,6870,7625,52695430,89677512900,12996741
20181123,005180,빙그레,KOSPI,,72900,0,0.00,74200,74200,72200,15119,1101208300,718155468900,9851241
20181123,003960,사조대림,KOSPI,,23700,-100,-0.42,23800,24000,23200,5215,123316600,141265627500,5960575
20181123,008040,사조동아원,KOSPI,,1205,-15,-1.23,1235,1235,1195,69346,84086180,170079243000,141144600
20181123,007160,사조산업,KOSPI,,53500,600,1.13,52900,53900,52200,8461,451099500,267500000000,5000000
20181123,014710,사조씨푸드,KOSPI,,6290,10,0.16,6320,6320,6180,9756,60983240,108304635470,17218543
20181123,006090,사조오양,KOSPI,,9890,-110,-1.10,9960,10050,9790,9787,96407860,93190888710,9422739
20181123,079660,사조해표,KOSPI,,10250,-300,-2.84,10650,10700,10250,26674,278824300,73390000000,7160000
20181123,005090,삼광글라스,KOSPI,,28000,-450,-1.58,28450,28850,27650,5223,146364500,135923704000,4854418
20181123,001470,삼부토건,KOSPI,,4920,-120,-2.38,4990,5060,4855,95724,477022195,122031404520,24803131
20181123,006400,삼성SDI,KOSPI,,201500,-7000,-3.36,208000,209500,200000,485282,98239997500,13856052795000,68764530
20181123,006405,삼성SDI우,KOSPI,,84800,-2100,-2.42,86900,86900,84600,4517,385897200,137197580800,1617896
20181123,006660,삼성공조,KOSPI,,8920,110,1.25,8880,8930,8820,686,6089480,72486720880,8126314
20181123,028260,삼성물산,KOSPI,,99200,2800,2.90,96900,100500,96900,447778,44440317200,18817252265600,189690043
20181123,02826K,삼성물산우B,KOSPI,,67900,700,1.04,66600,68200,66600,1606,108686700,110503176000,1627440
20181123,207940,삼성바이오로직스,KOSPI,,334500,0,0.00,0,0,0,0,0,22132192500000,66165000
20181123,032830,삼성생명,KOSPI,,84600,-1700,-1.97,86400,86600,83900,340628,28840345300,16920000000000,200000000
20181123,018260,삼성에스디에스,KOSPI,,181000,-2000,-1.09,183000,184000,180000,68967,12494307000,14005381800000,77377800
20181123,028050,삼성엔지니어링,KOSPI,,17800,-450,-2.47,18250,18450,17700,695272,12472954600,3488800000000,196000000
20181123,009150,삼성전기,KOSPI,,112000,0,0.00,113000,116000,111000,987069,111697720500,8365693952000,74693696
20181123,009155,삼성전기우,KOSPI,,46000,100,0.22,46300,46700,45850,4549,210342150,133721264000,2906984
20181123,005930,삼성전자,KOSPI,,42400,-50,-0.12,42450,42600,41900,5192638,219016162650,272179367280000,6419324700
20181123,005935,삼성전자우,KOSPI,,34250,100,0.29,34050,34350,33850,729683,24933994725,30949293250000,903629000
20181123,001360,삼성제약,KOSPI,,2740,-115,-4.03,2855,2875,2720,193662,539891675,159564028780,58235047
20181123,010140,삼성중공업,KOSPI,,7600,-30,-0.39,7680,7690,7560,1608048,12227907410,4788000000000,630000000
20181123,010145,삼성중공우,KOSPI,,46850,-300,-0.64,46950,47700,46500,761,35806050,5380488250,114845
20181123,016360,삼성증권,KOSPI,,28100,-600,-2.09,28700,28750,28000,261231,7370124850,2509330000000,89300000
20181123,068290,삼성출판사,KOSPI,,12150,-100,-0.82,12300,12450,12150,74563,917196600,121500000000,10000000
20181123,029780,삼성카드,KOSPI,,32600,-250,-0.76,32800,32950,32400,62122,2025762750,3776999846600,115858891
20181123,000810,삼성화재,KOSPI,,280500,-3000,-1.06,283500,284500,276000,41939,11711013000,13288641778500,47374837
20181123,000815,삼성화재우,KOSPI,,180500,-1500,-0.82,182500,182500,179500,8254,1487162000,576156000000,3192000
20181123,006110,삼아알미늄,KOSPI,,3930,-120,-2.96,4185,4195,3900,126397,502980330,43230000000,11000000
20181123,145990,삼양사,KOSPI,,57500,-2600,-4.33,60400,60400,57500,12940,753538000,591663672500,10289803
20181123,145995,삼양사우,KOSPI,,38750,100,0.26,38750,38750,38700,50,1937200,14340212500,370070
20181123,003230,삼양식품,KOSPI,,56000,-500,-0.88,56500,57000,55700,18088,1015320100,421848840000,7533015
20181123,002170,삼양통상,KOSPI,,42000,-300,-0.71,42300,42550,41750,1837,77307050,126000000000,3000000
20181123,272550,삼양패키징,KOSPI,,15650,-350,-2.19,16000,16200,15550,17176,270301700,222383432600,14209804
20181123,000070,삼양홀딩스,KOSPI,,88800,-100,-0.11,89000,89900,87300,12133,1071777600,760507264800,8564271
20181123,000075,삼양홀딩스우,KOSPI,,49350,-50,-0.10,49000,49350,48550,53,2595300,15005262300,304058
20181123,002810,삼영무역,KOSPI,,14950,100,0.67,14850,15050,14750,688,10231100,246176013850,16466623
20181123,005680,삼영전자,KOSPI,,12200,-100,-0.81,12350,12400,12000,19145,233487850,244000000000,20000000
20181123,003720,삼영화학,KOSPI,,720,-5,-0.69,722,735,719,32943,23775469,24480000000,34000000
20181123,023000,삼원강재,KOSPI,,2775,-55,-1.94,2830,2840,2755,9082,25291665,111000000000,40000000
20181123,004380,삼익THK,KOSPI,,10500,-350,-3.23,10850,11050,10500,56207,599636950,220500000000,21000000
20181123,002450,삼익악기,KOSPI,,1720,5,0.29,1715,1765,1700,192443,331177400,155713173800,90530915
20181123,000520,삼일제약,KOSPI,,24400,-700,-2.79,24950,25700,24350,86860,2153849500,158600000000,6500000
20181123,009770,삼정펄프,KOSPI,,33450,-200,-0.59,33500,33500,32800,298,9865000,83624029950,2499971
20181123,005500,삼진제약,KOSPI,,43150,950,2.25,42650,44700,41800,95667,4173442900,599785000000,13900000
20181123,004690,삼천리,KOSPI,,92900,-200,-0.21,93300,93600,92800,609,56760700,376711822500,4055025
20181123,001880,삼호,KOSPI,,13600,500,3.82,13100,13650,13100,4314,57536900,206444817600,15179766
20181123,010960,삼호개발,KOSPI,,4815,-15,-0.31,4830,4920,4730,72070,346670475,120375000000,25000000
20181123,004450,삼화왕관,KOSPI,,43300,0,0.00,42800,43300,42600,12,514450,93284610700,2154379
20181123,009470,삼화전기,KOSPI,,19700,-600,-2.96,20400,20800,19600,91873,1839931300,130292254000,6613820
20181123,011230,삼화전자,KOSPI,,2500,-30,-1.19,2580,2580,2465,32379,80602675,26144850000,10457940
20181123,001820,삼화콘덴서,KOSPI,,58100,-1000,-1.69,59200,60800,57700,232003,13652754200,603949500000,10395000
20181123,000390,삼화페인트,KOSPI,,6420,50,0.78,6420,6460,6370,39794,255529780,169736781420,26438751
20181123,041650,상신브레이크,KOSPI,,3700,-150,-3.90,3850,3850,3700,98404,369062550,79444365000,21471450
20181123,075180,새론오토모티브,KOSPI,,4490,35,0.79,4490,4555,4415,14457,64493115,86208000000,19200000
20181123,007540,샘표,KOSPI,,38650,-950,-2.40,39500,40600,38500,36621,1443789750,111149670000,2875800
20181123,248170,샘표식품,KOSPI,,28650,-450,-1.55,29100,29100,28500,7556,216678850,130881393900,4568286
20181123,007860,서연,KOSPI,,3560,-75,-2.06,3650,3665,3450,19262,67733395,83588244640,23479844
20181123,200880,서연이화,KOSPI,,3880,-70,-1.77,3955,3955,3845,95679,371212250,104870335560,27028437
20181123,017390,서울가스,KOSPI,,87500,-100,-0.11,86700,87800,86700,23,2013100,437500000000,5000000
20181123,004410,서울식품,KOSPI,,198,-8,-3.88,204,209,197,6571884,1325745819,66807180000,337410000
20181123,004415,서울식품우,KOSPI,,4610,-75,-1.60,4685,4700,4420,339678,1540372015,10254945000,2224500
20181123,021050,서원,KOSPI,,1045,-20,-1.88,1065,1065,1035,22938,23886515,49610946550,47474590
20181123,008490,서흥,KOSPI,,23200,-400,-1.69,23600,23600,23100,15787,366788150,268403421600,11569113
20181123,007610,선도전기,KOSPI,,4145,-95,-2.24,4260,4365,4110,310951,1320420645,74610000000,18000000
20181123,136490,선진,KOSPI,,11550,-50,-0.43,11450,11600,11450,4179,47993100,274654426200,23779604
20181123,002820,선창산업,KOSPI,,5390,-60,-1.10,5350,5470,5350,7447,40344860,67957060710,12607989
20181123,014910,성문전자,KOSPI,,2300,-100,-4.17,2365,2425,2300,430401,1003912095,44819771100,19486857
20181123,014915,성문전자우,KOSPI,,9610,-340,-3.42,9810,9840,9280,107984,1031589730,5766000000,600000
20181123,003080,성보화학,KOSPI,,6150,20,0.33,6130,6170,6060,12561,76750410,123123000000,20020000
20181123,004980,성신양회,KOSPI,,10450,-400,-3.69,11000,11300,10350,717384,7799731800,250888636900,24008482
20181123,004987,성신양회2우B,KOSPI,,17200,1000,6.17,16150,19100,16150,93467,1632230250,3795919600,220693
20181123,004989,성신양회3우B,KOSPI,,10500,200,1.94,10550,10700,10250,1853,19506150,3012429000,286898
20181123,004985,성신양회우,KOSPI,,10850,50,0.46,11000,12050,10800,100978,1135881150,7981748250,735645
20181123,011300,성안,KOSPI,,581,3,0.52,586,587,566,41190,23722278,33034416660,56857860
20181123,000180,성창기업지주,KOSPI,,2105,-20,-0.94,2130,2165,2100,43727,92572500,146827118000,69751600
20181123,002420,세기상사,KOSPI,,76400,-100,-0.13,76300,76500,75100,120,9062200,31140028800,407592
20181123,004360,세방,KOSPI,,12150,-150,-1.22,12250,12300,12000,3248,39577650,234600583500,19308690
20181123,004365,세방우,KOSPI,,6370,-20,-0.31,6390,6390,6290,913,5774000,23500522500,3689250
20181123,004490,세방전지,KOSPI,,36450,-150,-0.41,36600,36650,35800,7554,273876000,510300000000,14000000
20181123,001430,세아베스틸,KOSPI,,15950,-200,-1.24,16250,16250,15800,21818,349207350,572000798050,35862119
20181123,306200,세아제강,KOSPI,,58200,100,0.17,58100,58700,58100,3933,229497400,165072660000,2836300
20181123,003030,세아제강지주,KOSPI,,50700,0,0.00,51500,51500,50300,7323,371007700,160399590000,3163700
20181123,019440,세아특수강,KOSPI,,15150,-200,-1.30,15450,15450,15050,6228,94521600,129835500000,8570000
20181123,058650,세아홀딩스,KOSPI,,102500,-1500,-1.44,102500,103000,101500,425,43528000,410000000000,4000000
20181123,013000,세우글로벌,KOSPI,,1485,-55,-3.57,1560,1595,1475,1436774,2184209470,35180696925,23690705
20181123,091090,세원셀론텍,KOSPI,,4220,-120,-2.76,4310,4355,4210,523686,2219286420,257381142240,60990792
20181123,021820,세원정공,KOSPI,,7330,0,0.00,7400,7560,7240,12964,94926020,73300000000,10000000
20181123,067830,세이브존I&C,KOSPI,,3475,-70,-1.97,3485,3530,3475,2803,9774605,142617110125,41040895
20181123,033530,세종공업,KOSPI,,4945,-30,-0.60,4870,4970,4800,41466,202491530,99169156350,20054430
20181123,075580,세진중공업,KOSPI,,4005,50,1.26,3965,4075,3955,76875,307898490,153682743600,38372720
20181123,027970,세하,KOSPI,,1265,0,0.00,1265,1320,1250,39134,49718495,37397191205,29562997
20181123,145210,세화아이엠씨,KOSPI,,2990,0,0.00,0,0,0,0,0,87912180330,29402067
20181123,068270,셀트리온,KOSPI,,221000,-2000,-0.90,223000,227000,220000,414857,92596088000,27725805393000,125456133
20181123,004430,송원산업,KOSPI,,19250,100,0.52,19250,19400,18850,123178,2360156000,462000000000,24000000
20181123,017550,수산중공업,KOSPI,,1535,-10,-0.65,1545,1610,1515,732778,1142836405,82867225205,53985163
20181123,002200,수출포장,KOSPI,,20700,-150,-0.72,21000,21300,20600,16427,342526650,82800000000,4000000
20181123,053210,스카이라이프,KOSPI,,11150,-150,-1.33,11200,11250,11050,14806,164665750,533214920900,47821966
20181123,134790,시디즈,KOSPI,,42300,-550,-1.28,42900,43500,41550,671,28284200,84600000000,2000000
20181123,016590,신대양제지,KOSPI,,63100,-2100,-3.22,65200,65700,62700,30932,1984102300,254279244200,4029782
20181123,029530,신도리코,KOSPI,,46600,-650,-1.38,47250,47600,46600,3088,144890400,469729351400,10080029
20181123,004970,신라교역,KOSPI,,12600,0,0.00,12500,12600,12450,5040,63023000,201600000000,16000000
20181123,011930,신성이엔지,KOSPI,,1105,-10,-0.90,1140,1140,1095,348929,390072410,191158052865,172993713
20181123,005390,신성통상,KOSPI,,990,-9,-0.90,1010,1010,969,675562,665675824,142271306100,143708390
20181123,004170,신세계,KOSPI,,299000,13000,4.55,280500,308500,280500,158351,47333284500,2943709119000,9845181
20181123,035510,신세계 I&C,KOSPI,,123500,-1500,-1.20,125500,128500,122000,3515,437942000,212420000000,1720000
20181123,034300,신세계건설,KOSPI,,27800,400,1.46,27400,28000,27400,2793,77368550,111200000000,4000000
20181123,031430,신세계인터내셔날,KOSPI,,181500,3000,1.68,180000,193000,176000,101213,18830714500,1295910000000,7140000
20181123,031440,신세계푸드,KOSPI,,93100,200,0.22,92900,95200,91500,17098,1594094200,360527888000,3872480
20181123,006880,신송홀딩스,KOSPI,,4325,-50,-1.14,4260,4460,4260,12115,52283065,51159810850,11828858
20181123,005800,신영와코루,KOSPI,,131000,500,0.38,132500,134500,130000,55,7216500,117900000000,900000
20181123,001720,신영증권,KOSPI,,58300,100,0.17,57900,58300,57900,448,26083700,547217617100,9386237
20181123,001725,신영증권우,KOSPI,,54000,0,0.00,54000,54200,53700,2973,160434100,380903202000,7053763
20181123,009270,신원,KOSPI,,1830,0,0.00,1850,1890,1815,849315,1571128280,140430818160,76738152
20181123,009275,신원우,KOSPI,,51300,900,1.79,50400,52000,50200,1062,54255900,4654962000,90740
20181123,002700,신일산업,KOSPI,,1310,-15,-1.13,1320,1330,1295,649142,849680855,93072252510,71047521
20181123,019170,신풍제약,KOSPI,,6990,-100,-1.41,7090,7180,6990,245634,1732718940,370365080100,52984990
20181123,019175,신풍제약우,KOSPI,,6670,-30,-0.45,6710,6860,6670,9248,62019650,14674000000,2200000
20181123,002870,신풍제지,KOSPI,,1250,0,0.00,1265,1290,1245,128012,162161450,43698375000,34958700
20181123,005450,신한,KOSPI,,3795,-55,-1.43,3870,3880,3760,11085,42175880,26651674005,7022839
20181123,293940,신한알파리츠,KOSPI,,5570,0,0.00,5570,5570,5510,20680,114348720,212251105110,38106123
20181123,055550,신한지주,KOSPI,,42600,-150,-0.35,42750,42800,42350,428583,18218726150,20200902406200,474199587
20181123,001770,신화실업,KOSPI,,19900,0,0.00,19900,20550,19300,1403,27469900,24176072200,1214878
20181123,004080,신흥,KOSPI,,10600,150,1.44,10450,10600,10350,474,4950850,101760000000,9600000
20181123,102280,쌍방울,KOSPI,,1010,-25,-2.42,1035,1035,1010,438532,447312530,130415455130,129124213
20181123,003410,쌍용양회,KOSPI,,5850,-100,-1.68,5990,6170,5790,1334898,7929861830,2947578630750,503859595
20181123,003415,쌍용양회우,KOSPI,,5360,120,2.29,5280,5500,5240,96687,520248160,8274151600,1543685
20181123,003620,쌍용차,KOSPI,,3770,-130,-3.33,3935,3935,3760,73238,279261720,520069222920,137949396
20181123,004770,써니전자,KOSPI,,2005,-105,-4.98,2110,2135,2005,369990,761112815,60102842400,29976480
20181123,004920,씨아이테크,KOSPI,,527,-2,-0.38,524,539,519,111689,58354978,25934890532,49212316
20181123,112610,씨에스윈드,KOSPI,,31000,-250,-0.80,31250,31450,30600,37385,1160329650,535857165000,17285715
20181123,008700,아남전자,KOSPI,,2560,-120,-4.48,2680,2695,2560,2157235,5643123245,197439539200,77124820
20181123,002790,아모레G,KOSPI,,61000,-2700,-4.24,63600,63600,60500,165815,10225542400,5029948980000,82458180
20181123,002795,아모레G우,KOSPI,,27350,-750,-2.67,28250,28250,27100,8864,244717400,176237109500,6443770
20181123,090430,아모레퍼시픽,KOSPI,,153000,-4500,-2.86,159000,159000,152000,338372,52576173000,8944148970000,58458490
20181123,090435,아모레퍼시픽우,KOSPI,,84600,-1900,-2.20,86500,86500,84100,8345,707748200,893192418000,10557830
20181123,002030,아세아,KOSPI,,115500,0,0.00,115500,116500,114500,559,64513000,253063272000,2191024
20181123,183190,아세아시멘트,KOSPI,,106500,0,0.00,107000,110500,105500,7022,759865500,414903658500,3895809
20181123,002310,아세아제지,KOSPI,,31100,-1100,-3.42,32400,32550,30900,33222,1047647000,278547212200,8956502
20181123,267850,아시아나IDT,KOSPI,,12450,-1850,-12.94,14300,16150,12400,3505346,50154824100,138195000000,11100000
20181123,020560,아시아나항공,KOSPI,,4265,-15,-0.35,4300,4350,4195,782109,3363396445,875328528910,205235294
20181123,122900,아이마켓코리아,KOSPI,,7620,10,0.13,7580,7820,7500,120336,924240610,273888250800,35943340
20181123,010780,아이에스동서,KOSPI,,29600,-100,-0.34,29400,30150,29400,34232,1016222300,913258597600,30853331
20181123,033660,아주캐피탈,KOSPI,,8400,-50,-0.59,8520,8520,8370,44965,377851070,483385476000,57545890
20181123,101140,아티스,KOSPI,,3570,-95,-2.59,3695,3695,3570,152695,550655335,84399123270,23641211
20181123,001780,알루코,KOSPI,,2795,45,1.64,2755,2845,2755,177865,500057195,208294865090,74524102
20181123,002250,알보젠코리아,KOSPI,,28450,-150,-0.52,28700,28700,27950,4573,128969200,337357880900,11857922
20181123,018250,애경산업,KOSPI,,50300,-1200,-2.33,51800,52400,50300,103335,5283696500,1321186590500,26266135
20181123,161000,애경유화,KOSPI,,7930,-150,-1.86,8070,8120,7900,64879,517440150,254077200000,32040000
20181123,011090,에넥스,KOSPI,,1075,-5,-0.46,1085,1095,1030,127590,135240135,64491014075,59991641
20181123,005850,에스엘,KOSPI,,15450,-50,-0.32,15300,15750,15300,35526,551390350,523215640500,33865090
20181123,012750,에스원,KOSPI,,97400,-2600,-2.60,99300,99300,96900,34177,3338983500,3701119937200,37999178
20181123,023960,에쓰씨엔지니어링,KOSPI,,1690,-30,-1.74,1770,1770,1670,20180,34122560,42278032030,25016587
20181123,140910,에이리츠,KOSPI,,4780,0,0.00,4750,4815,4700,26384,124772605,17570845020,3675909
20181123,078520,에이블씨엔씨,KOSPI,,12950,-50,-0.38,12900,13100,12450,1456617,18669027900,321459960850,24823163
20181123,015260,에이엔피,KOSPI,,412,-3,-0.72,415,418,409,207255,85686524,34107365616,82784868
20181123,007460,에이프로젠 KIC,KOSPI,,8710,-180,-2.02,8930,9040,8630,107652,946394740,433538386060,49774786
20181123,003060,에이프로젠제약,KOSPI,,2780,-80,-2.80,2920,2920,2775,205197,580450755,299912499320,107882194
20181123,036570,엔씨소프트,KOSPI,,474000,-5000,-1.04,470000,478500,470000,95835,45465801500,10399096428000,21939022
20181123,138250,엔에스쇼핑,KOSPI,,12400,250,2.06,12100,12650,11900,95993,1183004100,417830400000,33696000
20181123,085310,엔케이,KOSPI,,1150,-55,-4.56,1210,1230,1140,345170,407684585,91980854800,79983352
20181123,009810,엔케이물산,KOSPI,,710,-3,-0.42,710,721,705,645845,459376971,57679493330,81238723
20181123,900140,엘브이엠씨홀딩스,KOSPI,,2355,-55,-2.28,2410,2465,2305,166255,395044700,112732691340,47869508
20181123,014440,영보화학,KOSPI,,3610,20,0.56,3580,3620,3565,6495,23297430,72200000000,20000000
20181123,111770,영원무역,KOSPI,,39600,-850,-2.10,40500,41000,39150,96619,3858485650,1754734132800,44311468
20181123,009970,영원무역홀딩스,KOSPI,,67500,3500,5.47,65000,67500,64300,5780,378593800,920402460000,13635592
20181123,003520,영진약품,KOSPI,,6030,-160,-2.58,6190,6210,6020,419033,2556587430,1102843167930,182892731
20181123,000670,영풍,KOSPI,,728000,-2000,-0.27,734000,735000,723000,459,334259000,1341005120000,1842040
20181123,006740,영풍제지,KOSPI,,3365,-65,-1.90,3430,3455,3315,30961,104460840,74703000000,22200000
20181123,012280,영화금속,KOSPI,,1230,-10,-0.81,1230,1255,1210,309729,380689815,55904737380,45451006
20181123,012160,영흥철강,KOSPI,,1040,5,0.48,1035,1070,1035,218106,228535545,89259569360,85826509
20181123,015360,예스코홀딩스,KOSPI,,41100,150,0.37,41200,41200,40550,331,13537500,246600000000,6000000
20181123,007310,오뚜기,KOSPI,,730000,2000,0.27,729000,733000,723000,3550,2585102000,2631823010000,3605237
20181123,079440,오렌지라이프,KOSPI,,30350,-1050,-3.34,31150,31400,29050,193710,5922389475,2488700000000,82000000
20181123,002630,오리엔트바이오,KOSPI,,734,-28,-3.67,760,767,730,1271029,943446398,123704766336,168535104
20181123,271560,오리온,KOSPI,,112000,2000,1.82,111000,112000,110000,152627,16959062000,4427803632000,39533961
20181123,001800,오리온홀딩스,KOSPI,,17000,-100,-0.58,16900,17100,16800,55542,942156450,1064952981000,62644293
20181123,070960,용평리조트,KOSPI,,5460,-70,-1.27,5600,5710,5440,172586,965239870,262807998180,48133333
20181123,004720,우리들제약,KOSPI,,7020,-160,-2.23,7170,7290,6980,45637,322461460,81223674480,11570324
20181123,118000,우리들휴브레인,KOSPI,,2480,-65,-2.55,2525,2580,2460,137823,341340390,60259087120,24298019
20181123,000030,우리은행,KOSPI,,16050,50,0.31,16000,16050,15900,755783,12071246750,10849800000000,676000000
20181123,010050,우리종금,KOSPI,,811,-23,-2.76,830,839,794,10288696,8382682940,546778962266,674203406
20181123,006980,우성사료,KOSPI,,2450,-30,-1.21,2485,2670,2450,166957,423190785,75705000000,30900000
20181123,017370,우신시스템,KOSPI,,6300,100,1.61,6240,6480,6170,2741,17086190,115378540200,18314054
20181123,105840,우진,KOSPI,,4880,-260,-5.06,5110,5140,4850,119375,591104655,85610459760,17543127
20181123,010400,우진아이엔에스,KOSPI,,11100,-400,-3.48,11400,11550,11050,89292,1000243300,84604200000,7622000
20181123,049800,우진플라임,KOSPI,,4770,-230,-4.60,5010,5060,4770,65009,316128860,47700000000,10000000
20181123,016880,웅진,KOSPI,,2145,-60,-2.72,2190,2205,2135,421554,909793210,155892609015,72677207
20181123,095720,웅진씽크빅,KOSPI,,3870,-20,-0.51,3930,3930,3835,96661,373876405,133983908550,34621165
20181123,103130,웅진에너지,KOSPI,,1580,-55,-3.36,1635,1675,1570,256360,412125595,46926690460,29700437
20181123,005820,원림,KOSPI,,17800,-100,-0.56,17900,18000,17600,730,12938150,39160000000,2200000
20181123,010600,웰바이오텍,KOSPI,,7290,-90,-1.22,7380,7510,7100,122064,884027160,168875576460,23165374
20181123,008600,윌비스,KOSPI,,1135,10,0.89,1125,1145,1105,222083,250889220,64695000000,57000000
20181123,033270,유나이티드제약,KOSPI,,22600,400,1.80,22300,22600,21900,86567,1937321250,366285477200,16207322
20181123,014830,유니드,KOSPI,,40450,750,1.89,40150,41300,39900,32672,1333657150,359594149350,8889843
20181123,000910,유니온,KOSPI,,3770,-25,-0.66,3820,3855,3720,73586,279648705,58855803630,15611619
20181123,047400,유니온머티리얼,KOSPI,,1700,-50,-2.86,1760,1790,1685,473359,817344220,71400000000,42000000
20181123,011330,유니켐,KOSPI,,1520,-10,-0.65,1535,1550,1505,247628,377292070,90623085520,59620451
20181123,077500,유니퀘스트,KOSPI,,6210,-230,-3.57,6410,6470,6170,137035,862779450,168728252310,27170411
20181123,002920,유성기업,KOSPI,,2790,10,0.36,2785,2795,2765,5091,14090775,72393525000,25947500
20181123,000700,유수홀딩스,KOSPI,,5870,-180,-2.98,6150,6150,5870,30803,182740080,152865436440,26041812
20181123,003470,유안타증권,KOSPI,,3405,-60,-1.73,3450,3495,3405,134161,460590690,679626341280,199596576
20181123,003475,유안타증권우,KOSPI,,2165,-15,-0.69,2185,2185,2150,5253,11339500,27954938980,12912212
20181123,011690,유양디앤유,KOSPI,,6980,-20,-0.29,7070,7200,6830,141186,987505590,394730181960,56551602
20181123,072130,유엔젤,KOSPI,,3330,25,0.76,3265,3590,3265,81865,278357615,43940861820,13195454
20181123,000220,유유제약,KOSPI,,11400,-500,-4.20,12050,12050,11200,35886,418197400,72601891800,6368587
20181123,000225,유유제약1우,KOSPI,,7340,-110,-1.48,7450,7580,7300,3907,28820760,8319633100,1133465
20181123,000227,유유제약2우B,KOSPI,,17850,50,0.28,17750,17850,17650,805,14260400,2928828000,164080
20181123,001200,유진투자증권,KOSPI,,2470,-25,-1.00,2505,2515,2465,130493,323863710,239260052460,96866418
20181123,000100,유한양행,KOSPI,,236000,-2500,-1.05,238500,241000,234000,79960,18916877000,2881407544000,12209354
20181123,000105,유한양행우,KOSPI,,211000,-1000,-0.47,212000,213500,206000,1109,233958500,49835668000,236188
20181123,003460,유화증권,KOSPI,,13750,-50,-0.36,13700,13750,13600,762,10398950,155931641250,11340483
20181123,003465,유화증권우,KOSPI,,13250,-150,-1.12,13350,13350,13250,58,768700,46312526250,3495285
20181123,008730,율촌화학,KOSPI,,12350,0,0.00,12500,12500,12300,10577,131064000,306280000000,24800000
20181123,008250,이건산업,KOSPI,,10100,-100,-0.98,10350,10700,10050,196313,2032002800,106102722000,10505220
20181123,025820,이구산업,KOSPI,,1825,15,0.83,1810,1850,1795,71734,131076670,61031650000,33442000
20181123,214320,이노션,KOSPI,,59200,-800,-1.33,59500,60600,59100,26281,1575108000,1184000000000,20000000
20181123,088260,이리츠코크렙,KOSPI,,4735,0,0.00,4770,4770,4735,3870,18338555,299922428650,63341590
20181123,139480,이마트,KOSPI,,186500,0,0.00,186500,188000,185000,53648,9977158500,5198840243500,27875819
20181123,007660,이수페타시스,KOSPI,,6190,-50,-0.80,6300,6300,6120,523931,3251387920,255451383620,41268398
20181123,005950,이수화학,KOSPI,,10350,-50,-0.48,10450,10450,10200,18022,185813250,158127300000,15278000
20181123,015020,이스타코,KOSPI,,637,-7,-1.09,646,646,630,44174,28035491,27296469200,42851600
20181123,093230,이아이디,KOSPI,,202,-10,-4.72,210,213,202,386897,79973646,48922116592,242188696
20181123,102460,이연제약,KOSPI,,17200,0,0.00,17100,17500,16700,7584,129381750,288444000000,16770000
20181123,084680,이월드,KOSPI,,1880,-20,-1.05,1930,1950,1880,659542,1257072345,170158606360,90509897
20181123,000760,이화산업,KOSPI,,20400,0,0.00,20100,21800,20100,141,2914050,57120000000,2800000
20181123,014990,인디에프,KOSPI,,2240,60,2.75,2205,2350,2185,1832388,4165178505,132009908800,58932995
20181123,006490,인스코비,KOSPI,,6460,-150,-2.27,6680,6750,6450,876003,5762444980,579613577440,89723464
20181123,023800,인지컨트롤스,KOSPI,,4945,-5,-0.10,5050,5050,4910,14371,70971145,74966832960,15160128
20181123,034590,인천도시가스,KOSPI,,30000,-50,-0.17,30050,30050,29950,760,22781350,131242620000,4374754
20181123,129260,인터지스,KOSPI,,2285,-10,-0.44,2295,2320,2240,9656,21844620,67973892090,29747874
20181123,023810,인팩,KOSPI,,3100,-50,-1.59,3160,3165,3030,22935,70079150,31000000000,10000000
20181123,249420,일동제약,KOSPI,,21000,150,0.72,21200,21200,20850,19472,408561300,453419673000,21591413
20181123,000230,일동홀딩스,KOSPI,,13000,0,0.00,13200,13200,12800,2044,26398900,136373848000,10490296
20181123,013360,일성건설,KOSPI,,1195,25,2.14,1175,1290,1175,421358,512115165,64559731600,54024880
20181123,003120,일성신약,KOSPI,,107500,-15000,-12.24,118500,121500,107000,11670,1328523000,285950000000,2660000
20181123,003200,일신방직,KOSPI,,95500,-200,-0.21,95800,96000,94900,742,70861700,229200000000,2400000
20181123,007110,일신석재,KOSPI,,1630,-15,-0.91,1685,1710,1610,809596,1348178330,126254274300,77456610
20181123,007570,일양약품,KOSPI,,29800,-250,-0.83,30050,30450,29750,24168,724962550,567570323200,19045984
20181123,007575,일양약품우,KOSPI,,19850,-200,-1.00,20100,20100,19800,288,5720800,8834838000,445080
20181123,008500,일정실업,KOSPI,,17700,1000,5.99,16800,17900,16800,1176,20295350,21240000000,1200000
20181123,081000,일진다이아,KOSPI,,19900,-1100,-5.24,21100,21200,19800,109471,2218505900,224431702500,11277975
20181123,020760,일진디스플,KOSPI,,3510,-145,-3.97,3685,3685,3495,114068,406587950,99383684400,28314440
20181123,020150,일진머티리얼즈,KOSPI,,40950,-4750,-10.39,45700,45800,40000,3009075,125223070500,1888238693250,46110835
20181123,103590,일진전기,KOSPI,,3120,-5,-0.16,3150,3170,3095,18920,58936210,115690816800,37080390
20181123,015860,일진홀딩스,KOSPI,,2920,5,0.17,2955,2960,2895,30756,89803430,144094650360,49347483
20181123,226320,잇츠한불,KOSPI,,27800,-250,-0.89,28300,28700,27550,163521,4590120300,609634957000,21929315
20181123,033240,자화전자,KOSPI,,13000,-200,-1.52,13100,13250,12800,122564,1593820600,232700000000,17900000
20181123,000950,전방,KOSPI,,17350,-100,-0.57,17750,17750,17200,745,12966900,29148000000,1680000
20181123,194370,제이에스코퍼레이션,KOSPI,,12650,150,1.20,12600,12750,12450,6935,87155000,168695352650,13335601
20181123,025620,제이준코스메틱,KOSPI,,12250,-550,-4.30,12750,12900,12100,830379,10341548550,324899767500,26522430
20181123,030000,제일기획,KOSPI,,23000,100,0.44,23100,23150,22650,88578,2024026600,2645948175000,115041225
20181123,271980,제일약품,KOSPI,,48500,-500,-1.02,48850,51000,48400,86859,4311669750,713186292000,14704872
20181123,001560,제일연마,KOSPI,,5940,-20,-0.34,5910,6090,5890,1445,8556830,59400000000,10000000
20181123,002620,제일파마홀딩스,KOSPI,,29400,1650,5.95,27900,32500,27750,202402,6136101450,127757905800,4345507
20181123,006220,제주은행,KOSPI,,4915,-35,-0.71,4980,5000,4915,33438,164879255,108762924210,22128774
20181123,089590,제주항공,KOSPI,,38150,1450,3.95,37000,38400,35800,152949,5798662050,1005510317700,26356758
20181123,004910,조광페인트,KOSPI,,6040,-10,-0.17,6040,6090,5990,12526,75622400,77312000000,12800000
20181123,004700,조광피혁,KOSPI,,36100,300,0.84,35900,36350,35800,593,21295150,240033881800,6649138
20181123,001550,조비,KOSPI,,24450,250,1.03,24500,25150,23750,156528,3848212200,126950243550,5192239
20181123,000480,조선내화,KOSPI,,85400,-200,-0.23,86100,86100,84400,423,35876900,341600000000,4000000
20181123,120030,조선선재,KOSPI,,80000,1400,1.78,78600,81100,78100,4117,329097000,100612080000,1257651
20181123,018470,조일알미늄,KOSPI,,946,-5,-0.53,955,962,946,40910,38959780,65841600000,69600000
20181123,002600,조흥,KOSPI,,186000,5000,2.76,182000,186000,182000,6,1103000,111600000000,600000
20181123,185750,종근당,KOSPI,,100000,-2000,-1.96,102000,103000,99900,11549,1164394300,987923600000,9879236
20181123,063160,종근당바이오,KOSPI,,21000,350,1.69,20550,21500,20450,32609,684716850,109819269000,5229489
20181123,001630,종근당홀딩스,KOSPI,,59600,-400,-0.67,60700,60800,58700,3361,201213500,298587715600,5009861
20181123,044380,주연테크,KOSPI,,355,0,0.00,355,370,349,597269,216201647,35064510850,98773270
20181123,013870,지엠비코리아,KOSPI,,5800,-360,-5.84,6220,6240,5800,61413,367939040,110619224000,19072280
20181123,071320,지역난방공사,KOSPI,,57700,-500,-0.86,58200,58800,57700,2376,137731400,668093528800,11578744
20181123,010580,지코,KOSPI,,709,6,0.85,710,724,705,26401,18783362,35819682526,50521414
20181123,035000,지투알,KOSPI,,7420,-70,-0.93,7500,7540,7420,16990,127266980,122930174780,16567409
20181123,088790,진도,KOSPI,,4805,-20,-0.41,4805,4850,4750,6059,29046670,59811409920,12447744
20181123,003780,진양산업,KOSPI,,3270,-200,-5.76,3425,3480,3235,285480,947629565,42510000000,13000000
20181123,010640,진양폴리,KOSPI,,1890,-5,-0.26,1895,1900,1855,8176,15267065,18900000000,10000000
20181123,100250,진양홀딩스,KOSPI,,2390,-20,-0.83,2400,2400,2370,17672,42101865,133589747880,55895292
20181123,051630,진양화학,KOSPI,,3045,30,1.00,3020,3050,2915,102864,305372970,36540000000,12000000
20181123,272450,진에어,KOSPI,,20900,500,2.45,20300,21100,20150,135121,2790238350,627000000000,30000000
20181123,011000,진원생명과학,KOSPI,,4880,-120,-2.40,5050,5080,4880,85552,424611765,103329427440,21174063
20181123,002780,진흥기업,KOSPI,,1970,-20,-1.01,1975,2025,1945,120942,238740555,286345571540,145353082
20181123,002787,진흥기업2우B,KOSPI,,11650,50,0.43,11450,12350,10750,84803,984455000,3434513200,294808
20181123,002785,진흥기업우B,KOSPI,,4355,-45,-1.02,4470,4490,4105,106766,463316545,3733184390,857218
20181123,009310,참엔지니어링,KOSPI,,1780,-15,-0.84,1805,1805,1770,113583,202294645,87558125240,49189958
20181123,000650,천일고속,KOSPI,,83600,0,0.00,83600,83800,83100,696,58082800,119482792000,1429220
20181123,012600,청호컴넷,KOSPI,,2890,-40,-1.37,2935,2935,2855,5851,16879700,24207657280,8376352
20181123,033250,체시스,KOSPI,,938,14,1.52,918,944,918,127189,118615787,22512000000,24000000
20181123,035720,카카오,KOSPI,,108000,1500,1.41,107000,109500,106000,242633,26229238000,9005717484000,83386273
20181123,006380,카프로,KOSPI,,4960,-110,-2.17,5140,5230,4960,282779,1433791290,198400000000,40000000
20181123,109070,컨버즈,KOSPI,,5800,-200,-3.33,5950,6060,5700,134834,786727000,68290290400,11774188
20181123,029460,케이씨,KOSPI,,13550,-450,-3.21,14000,14050,13450,23737,323576850,183657296200,13554044
20181123,281820,케이씨텍,KOSPI,,10350,-250,-2.36,10600,10650,10200,64251,670013900,205337169000,19839340
20181123,145270,케이탑리츠,KOSPI,,950,-14,-1.45,964,964,950,203307,194156001,42002039350,44212673
20181123,058860,케이티스,KOSPI,,2350,-30,-1.26,2385,2390,2325,108791,255701180,81784700000,34802000
20181123,007815,코리아써우,KOSPI,,2685,-5,-0.19,0,0,0,0,0,7960192650,2964690
20181123,007810,코리아써키트,KOSPI,,5180,-10,-0.19,5170,5230,5080,40832,210210330,122355490180,23620751
20181123,00781K,코리아써키트2우B,KOSPI,,4475,-35,-0.78,4510,4600,4475,360,1623895,3507053025,783699
20181123,152330,코리아오토글라스,KOSPI,,12400,-50,-0.40,12450,12600,12300,18102,224585400,248000000000,20000000
20181123,003690,코리안리,KOSPI,,9050,-80,-0.88,9160,9170,9010,275233,2491067840,1089340499800,120369116
20181123,192820,코스맥스,KOSPI,,130500,-3500,-2.61,134000,135500,130000,56983,7531257500,1311460924500,10049509
20181123,044820,코스맥스비티아이,KOSPI,,19850,-200,-1.00,20100,20550,19700,23714,475002200,190637831850,9603921
20181123,005070,코스모신소재,KOSPI,,18950,-1150,-5.72,20200,20300,18750,565052,10806529300,374223936750,19747965
20181123,005420,코스모화학,KOSPI,,15000,-800,-5.06,16100,16100,14950,223194,3416479600,237607470000,15840498
20181123,071950,코아스,KOSPI,,1265,5,0.40,1300,1315,1245,96906,123318545,39097620650,30907210
20181123,002020,코오롱,KOSPI,,36100,-300,-0.82,36900,37250,36000,24028,879347700,455813978600,12626426
20181123,003070,코오롱글로벌,KOSPI,,7120,510,7.72,6610,8260,6600,2052575,15795125450,179498318560,25210438
20181123,003075,코오롱글로벌우,KOSPI,,15300,900,6.25,14400,18700,14400,542123,9610581150,4785885900,312803
20181123,144620,코오롱머티리얼,KOSPI,,2385,-30,-1.24,2395,2465,2340,162909,388869145,107325000000,45000000
20181123,002025,코오롱우,KOSPI,,19200,200,1.05,18850,19300,18850,1560,29792250,20666688000,1076390
20181123,120110,코오롱인더,KOSPI,,51900,-1400,-2.63,53500,53500,51200,162468,8442688300,1400201796000,26978840
20181123,120115,코오롱인더우,KOSPI,,24100,-600,-2.43,24600,24900,23800,4056,98155500,66705426000,2767860
20181123,138490,코오롱플라스틱,KOSPI,,5660,-40,-0.70,5700,5740,5620,22477,126833500,215080000000,38000000
20181123,021240,코웨이,KOSPI,,75400,-200,-0.26,74700,76400,74400,118663,8976613600,5564491272600,73799619
20181123,031820,콤텍시스템,KOSPI,,1310,-25,-1.87,1330,1360,1300,418102,553527345,62685420460,47851466
20181123,192400,쿠쿠홀딩스,KOSPI,,146500,1000,0.69,145500,148500,144000,3159,462193500,1041972020500,7112437
20181123,284740,쿠쿠홈시스,KOSPI,,170500,-4000,-2.29,174000,177000,170500,3305,575698000,765112953000,4487466
20181123,015590,큐로,KOSPI,,600,46,8.30,554,684,543,7727793,4838106063,74839587600,124732646
20181123,264900,크라운제과,KOSPI,,10050,0,0.00,10150,10150,9960,17172,171887410,125864692500,12523850
20181123,26490K,크라운제과우,KOSPI,,7850,-60,-0.76,7910,8090,7750,10669,83843110,6072446000,773560
20181123,005740,크라운해태홀딩스,KOSPI,,11600,0,0.00,11600,11850,11400,34411,397248450,172229225200,14847347
20181123,005745,크라운해태홀딩스우,KOSPI,,13350,100,0.75,13150,14200,12950,114439,1545441250,8019692100,600726
20181123,020120,키다리스튜디오,KOSPI,,2325,-165,-6.63,2475,2590,2315,90169,217165960,36810676425,15832549
20181123,039490,키움증권,KOSPI,,76800,-3200,-4.00,79800,80900,76700,87500,6813870500,1697260032000,22099740
20181123,012170,키위미디어그룹,KOSPI,,354,-2,-0.56,351,360,350,593667,210223290,66298766100,187284650
20181123,015890,태경산업,KOSPI,,5560,0,0.00,5510,5590,5510,20015,111371510,162511850000,29228750
20181123,006890,태경화학,KOSPI,,4280,-10,-0.23,4290,4320,4250,12876,55268395,49648000000,11600000
20181123,003240,태광산업,KOSPI,,1383000,15000,1.10,1393000,1396000,1371000,404,558667000,1539832200000,1113400
20181123,011280,태림포장,KOSPI,,3315,-35,-1.04,3355,3450,3310,152314,512724475,234721691100,70805940
20181123,004100,태양금속,KOSPI,,1025,-15,-1.44,1040,1045,1015,172098,177675530,37617500000,36700000
20181123,004105,태양금속우,KOSPI,,3530,100,2.92,3435,3630,3400,167326,590215165,11649000000,3300000
20181123,009410,태영건설,KOSPI,,10350,-150,-1.43,10550,10700,10300,286222,2992199950,790740000000,76400000
20181123,009415,태영건설우,KOSPI,,5470,-10,-0.18,5480,5600,5390,51951,283285050,13989415600,2557480
20181123,001420,태원물산,KOSPI,,4130,20,0.49,4130,4150,4040,18256,74759645,31388000000,7600000
20181123,007980,태평양물산,KOSPI,,2770,-45,-1.60,2840,2840,2750,136967,381742435,138255525340,49911742
20181123,055490,테이팩스,KOSPI,,21950,-950,-4.15,22700,23100,21800,20071,447582050,103552417500,4717650
20181123,078000,텔코웨어,KOSPI,,13400,-250,-1.83,13750,13750,13350,16838,227164400,130016260400,9702706
20181123,214420,토니모리,KOSPI,,14500,350,2.47,13950,15250,13600,1616358,23285472850,255780000000,17640000
20181123,140890,트러스제7호,KOSPI,,2800,0,0.00,2800,2800,2800,400,1120000,27120800000,9686000
20181123,019180,티에이치엔,KOSPI,,2090,-80,-3.69,2170,2180,2085,61692,130746830,37620000000,18000000
20181123,091810,티웨이항공,KOSPI,,8450,140,1.68,8350,8550,8340,308325,2618494280,396937161400,46974812
20181123,004870,티웨이홀딩스,KOSPI,,2510,-30,-1.18,2565,2605,2510,152961,392299025,189347055740,75437074
20181123,005690,파미셀,KOSPI,,14050,-400,-2.77,14350,14750,13850,450526,6446128050,842423247500,59958950
20181123,036580,팜스코,KOSPI,,8720,-110,-1.25,8830,8910,8690,35755,315491720,320267662960,36727943
20181123,028670,팬오션,KOSPI,,4240,-70,-1.62,4315,4345,4225,1118565,4766137135,2266573437680,534569207
20181123,010820,퍼스텍,KOSPI,,3090,-80,-2.52,3200,3265,3060,500230,1586283580,144503355600,46764840
20181123,016800,퍼시스,KOSPI,,30300,200,0.66,29950,30500,29900,685,20558200,348450000000,11500000
20181123,001020,페이퍼코리아,KOSPI,,835,-24,-2.79,868,868,830,116203,98343749,45271166610,54216966
20181123,090080,평화산업,KOSPI,,2010,-115,-5.41,2135,2150,2000,451453,931774460,75181726440,37403844
20181123,010770,평화홀딩스,KOSPI,,3800,-195,-4.88,4090,4090,3800,24097,94991205,55576770800,14625466
20181123,058430,포스코강판,KOSPI,,18900,50,0.27,18650,18950,18650,1894,35715150,113400000000,6000000
20181123,047050,포스코대우,KOSPI,,19450,-250,-1.27,19750,20050,19400,127244,2486342100,2399646648050,123375149
20181123,007630,폴루스바이오팜,KOSPI,,8030,-40,-0.50,8250,8320,7950,160531,1301150520,254028768950,31634965
20181123,017810,풀무원,KOSPI,,88100,-500,-0.56,89000,89300,87600,3589,317033600,335581269500,3809095
20181123,103140,풍산,KOSPI,,26850,-50,-0.19,26900,27200,26700,44376,1197775950,752451864300,28024278
20181123,005810,풍산홀딩스,KOSPI,,34700,-750,-2.12,35650,35650,34600,15003,523166000,271880294900,7835167
20181123,033180,필룩스,KOSPI,,14150,250,1.80,13900,14200,13800,1397196,19815664250,761650564250,53826895
20181123,086790,하나금융지주,KOSPI,,38300,-550,-1.42,38900,39000,38100,381169,14606316500,11499270974600,300242062
20181123,099340,하나니켈1호,KOSPI,,1100,-5,-0.45,1110,1110,1070,49841,54978665,25031820000,22756200
20181123,099350,하나니켈2호,KOSPI,,1525,-40,-2.56,1585,1610,1525,12661,19728225,5008100000,3284000
20181123,293480,하나제약,KOSPI,,21900,-200,-0.90,22300,22350,21700,124509,2741206300,354780000000,16200000
20181123,039130,하나투어,KOSPI,,71400,-2100,-2.86,73700,73900,71400,63591,4613825000,829395609000,11616185
20181123,172580,하이골드12호,KOSPI,,2745,0,0.00,2775,2775,2725,2502,6836710,35807152500,13044500
20181123,153360,하이골드3호,KOSPI,,1800,-5,-0.28,1805,1805,1770,19167,34142370,29069622000,16149790
20181123,159650,하이골드8호,KOSPI,,1125,-5,-0.44,1140,1140,1120,15677,17642175,16769170125,14905929
20181123,071090,하이스틸,KOSPI,,26950,-50,-0.19,27250,28100,26450,16152,443706600,53898490800,1999944
20181123,019490,하이트론,KOSPI,,3520,35,1.00,3530,3530,3380,657,2261150,19468187200,5530735
20181123,000080,하이트진로,KOSPI,,17550,-50,-0.28,17700,17850,17400,211219,3717534800,1230844873050,70133611
20181123,000087,하이트진로2우B,KOSPI,,14800,0,0.00,14800,14850,14550,1519,22255500,16726042400,1130138
20181123,000140,하이트진로홀딩스,KOSPI,,7220,80,1.12,7030,7250,7030,11259,80611160,167552843300,23206765
20181123,000145,하이트진로홀딩스우,KOSPI,,7920,0,0.00,7920,7920,7920,3,23760,3728815200,470810
20181123,152550,한국ANKOR유전,KOSPI,,1835,0,0.00,1835,1835,1830,1328,2433880,128486700000,70020000
20181123,036460,한국가스공사,KOSPI,,50600,500,1.00,50100,50600,49750,99132,4990823450,4671037800000,92313000
20181123,005430,한국공항,KOSPI,,42600,-100,-0.23,42900,42900,42450,1204,51202750,134886723000,3166355
20181123,071050,한국금융지주,KOSPI,,64400,-1000,-1.53,65800,66100,63900,108903,7035743600,3588753884800,55725992
20181123,071055,한국금융지주우,KOSPI,,36450,-450,-1.22,36900,37400,36350,7194,262662250,213533248950,5858251
20181123,010040,한국내화,KOSPI,,4715,-80,-1.67,4830,4985,4715,1128149,5482108400,107802024880,22863632
20181123,025540,한국단자,KOSPI,,40900,850,2.12,40100,41850,40100,17464,717830150,425973500000,10415000
20181123,004090,한국석유,KOSPI,,135500,1000,0.74,135500,142500,134500,11831,1637403000,88779600000,655200
20181123,002960,한국쉘석유,KOSPI,,349500,-1500,-0.43,351000,354500,348000,415,144970500,454350000000,1300000
20181123,002000,한국유리,KOSPI,,79300,0,0.00,0,0,0,0,0,799317038000,10079660
20181123,002005,한국유리우,KOSPI,,95000,0,0.00,0,0,0,0,0,43202865000,454767
20181123,123890,한국자산신탁,KOSPI,,4515,35,0.78,4500,4535,4470,62687,282086575,463870598835,102739889
20181123,015760,한국전력,KOSPI,,27600,-600,-2.13,28200,28250,27300,768736,21227425100,17718208525200,641964077
20181123,006200,한국전자홀딩스,KOSPI,,761,-19,-2.44,782,785,761,21365,16554916,35617186496,46803136
20181123,002300,한국제지,KOSPI,,16450,-200,-1.20,16650,16950,16400,5202,86605700,82331411050,5004949
20181123,023350,한국종합기술,KOSPI,,3985,-15,-0.38,3980,4080,3980,36241,145892350,43635750000,10950000
20181123,025890,한국주강,KOSPI,,1700,-100,-5.56,1780,1795,1700,106067,183586610,19225740300,11309259
20181123,000970,한국주철관,KOSPI,,9580,-10,-0.10,9610,9730,9380,69909,667262620,218428790000,22800500
20181123,104700,한국철강,KOSPI,,5430,-80,-1.45,5510,5600,5420,41895,229143440,250051500000,46050000
20181123,017960,한국카본,KOSPI,,7390,30,0.41,7370,7520,7280,354942,2628094140,324869994230,43960757
20181123,161890,한국콜마,KOSPI,,63700,-200,-0.31,63300,64700,62400,126388,8066908200,1423484662600,22346698
20181123,024720,한국콜마홀딩스,KOSPI,,29950,-700,-2.28,30350,30400,29500,91618,2736834600,537272031700,17938966
20181123,161390,한국타이어,KOSPI,,41900,50,0.12,42200,43100,41500,185260,7761645628,5190365391100,123875069
20181123,000240,한국타이어월드와이드,KOSPI,,16400,100,0.61,16250,16500,15800,58355,944109750,1525530837200,93020173
20181123,034830,한국토지신탁,KOSPI,,2490,-10,-0.40,2500,2520,2480,261432,652287105,628698182700,252489230
20181123,007280,한국특수형강,KOSPI,,2700,15,0.56,2675,2725,2600,119766,323783225,48656370600,18020878
20181123,168490,한국패러랠,KOSPI,,2550,0,0.00,2560,2560,2530,12707,32152750,204051000000,80020000
20181123,010100,한국프랜지,KOSPI,,1435,-20,-1.37,1440,1465,1410,39720,56923145,43696352700,30450420
20181123,047810,한국항공우주,KOSPI,,31450,-550,-1.72,31950,32100,31300,362300,11431392950,3065592115150,97475107
20181123,123690,한국화장품,KOSPI,,11800,-400,-3.28,12200,12300,11750,107861,1293969450,189602400000,16068000
20181123,003350,한국화장품제조,KOSPI,,39100,-950,-2.37,40400,40400,39000,73361,2902448800,177201200000,4532000
20181123,011500,한농화성,KOSPI,,3790,-100,-2.57,3830,3880,3790,20428,77974115,59264389180,15637042
20181123,002390,한독,KOSPI,,25650,300,1.18,25500,25800,25150,19117,488048550,353034621450,13763533
20181123,014790,한라,KOSPI,,4070,5,0.12,4100,4155,4055,131821,540548140,158221013940,38874942
20181123,060980,한라홀딩스,KOSPI,,42650,-850,-1.95,43400,44000,42350,11926,510807250,460734771150,10802691
20181123,053690,한미글로벌,KOSPI,,9170,-80,-0.86,9330,9370,9100,55055,508247930,100480733500,10957550
20181123,042700,한미반도체,KOSPI,,7770,-170,-2.14,7940,7970,7750,140462,1098591900,444629625300,57223890
20181123,008930,한미사이언스,KOSPI,,71400,-1200,-1.65,72600,73000,70800,29672,2130640500,4533847663800,63499267
20181123,128940,한미약품,KOSPI,,428500,-4000,-0.92,433500,436500,426000,21361,9190768500,4878768593500,11385691
20181123,009240,한샘,KOSPI,,53800,-1400,-2.54,55300,55500,53400,162418,8762270200,1266125326400,23533928
20181123,020000,한섬,KOSPI,,38000,-400,-1.04,38450,38650,37700,24575,938406300,935940000000,24630000
20181123,003680,한성기업,KOSPI,,6070,10,0.17,6090,6100,6020,7067,42863790,36018596970,5933871
20181123,105630,한세실업,KOSPI,,19800,-100,-0.50,20200,20200,19500,205022,4065725650,792000000000,40000000
20181123,069640,한세엠케이,KOSPI,,7870,160,2.08,7710,7870,7700,13095,102426210,101596364140,12909322
20181123,016450,한세예스24홀딩스,KOSPI,,9770,-220,-2.20,10200,10200,9680,63748,631817870,390800000000,40000000
20181123,010420,한솔PNS,KOSPI,,1250,5,0.40,1245,1260,1235,71540,89291395,25616265000,20493012
20181123,009180,한솔로지스틱스,KOSPI,,1330,15,1.14,1310,1345,1265,1469516,1918619470,36544975250,27477425
20181123,213500,한솔제지,KOSPI,,17550,0,0.00,17550,17650,17350,26654,467363500,417700108800,23800576
20181123,014680,한솔케미칼,KOSPI,,78300,-1100,-1.39,79400,80400,77900,14433,1130967600,884413768500,11295195
20181123,004710,한솔테크닉스,KOSPI,,7030,-170,-2.36,7210,7260,7010,62082,440745280,155432442340,22109878
20181123,004150,한솔홀딩스,KOSPI,,5210,10,0.19,5230,5290,5150,76648,399615820,241534927910,46359871
20181123,025750,한솔홈데코,KOSPI,,1380,20,1.47,1370,1405,1370,895528,1241754105,111179905620,80565149
20181123,004960,한신공영,KOSPI,,15550,100,0.65,15550,15700,15350,11942,184936950,179924416100,11570702
20181123,011700,한신기계,KOSPI,,2290,105,4.81,2210,2340,2185,500306,1133910840,74301685790,32446151
20181123,001750,한양증권,KOSPI,,6990,-30,-0.43,7070,7070,6910,2076,14427370,88972452660,12728534
20181123,001755,한양증권우,KOSPI,,8480,140,1.68,8500,8500,8480,3,25460,4452000000,525000
20181123,018880,한온시스템,KOSPI,,10300,50,0.49,10250,10400,10200,844784,8721699150,5498140000000,533800000
20181123,009420,한올바이오파마,KOSPI,,29400,-450,-1.51,29800,30550,29100,266015,7936622450,1535874757200,52240638
20181123,014130,한익스프레스,KOSPI,,4400,-55,-1.23,4385,4455,4280,18796,82137600,52800000000,12000000
20181123,300720,한일시멘트,KOSPI,,122000,2500,2.09,120000,123000,120000,1388,169518000,505686340000,4144970
20181123,002220,한일철강,KOSPI,,19050,-100,-0.52,19200,19200,18700,2277,42940050,42524038650,2232233
20181123,006390,한일현대시멘트,KOSPI,,46700,-1300,-2.71,48950,51200,46200,205659,9981415550,782624004800,16758544
20181123,003300,한일홀딩스,KOSPI,,60600,100,0.17,60300,61600,59300,5369,324606200,379960666800,6269978
20181123,051600,한전KPS,KOSPI,,29400,-100,-0.34,29700,30250,29300,156622,4646415300,1323000000000,45000000
20181123,052690,한전기술,KOSPI,,20850,0,0.00,20800,21250,20500,47112,979064750,796887000000,38220000
20181123,130660,한전산업,KOSPI,,3555,-10,-0.28,3580,3580,3510,33460,118441030,115893000000,32600000
20181123,002320,한진,KOSPI,,48800,550,1.14,48000,48950,46550,317141,15214863000,584363212800,11974656
20181123,097230,한진중공업,KOSPI,,1720,-5,-0.29,1715,1765,1705,452754,778997675,182410313760,106052508
20181123,003480,한진중공업홀딩스,KOSPI,,3145,30,0.96,3115,3200,3090,23786,75178155,92871258740,29529812
20181123,180640,한진칼,KOSPI,,29000,-950,-3.17,30250,30450,28700,1393676,40928588250,1715943282000,59170458
20181123,18064K,한진칼우,KOSPI,,31950,-850,-2.59,31750,31950,27000,224716,6802453200,17149673700,536766
20181123,005110,한창,KOSPI,,1765,-120,-6.37,1895,1900,1750,1759835,3202051805,60819409585,34458589
20181123,009460,한창제지,KOSPI,,1635,15,0.93,1590,1660,1550,3149249,5016633815,97556339610,59667486
20181123,000880,한화,KOSPI,,29500,-250,-0.84,29700,29950,29250,95873,2830003250,2211282682500,74958735
20181123,00088K,한화3우B,KOSPI,,13900,-50,-0.36,13900,14000,13800,32311,448096800,312360800000,22472000
20181123,027390,한화갤러리아타임월드,KOSPI,,28450,-50,-0.18,28250,28900,28100,11352,322437800,170703726950,6000131
20181123,088350,한화생명,KOSPI,,4305,-85,-1.94,4390,4400,4270,1109065,4780935265,3739021650000,868530000
20181123,000370,한화손해보험,KOSPI,,5760,-370,-6.04,6150,6160,5760,227575,1338203570,672416150400,116738915
20181123,012450,한화에어로스페이스,KOSPI,,32200,-700,-2.13,32700,32900,31750,281667,9068020750,1675688000000,52040000
20181123,000885,한화우,KOSPI,,21550,0,0.00,21350,21800,21150,6523,139796550,10328785700,479294
20181123,009830,한화케미칼,KOSPI,,17900,-200,-1.10,18200,18500,17850,645558,11710087400,2919676052600,163110394
20181123,009835,한화케미칼우,KOSPI,,11500,-50,-0.43,11550,11750,11300,7174,82359400,12922975500,1123737
20181123,003530,한화투자증권,KOSPI,,2080,-60,-2.80,2135,2155,2075,235057,494805335,358680422880,172442511
20181123,003535,한화투자증권우,KOSPI,,2095,-65,-3.01,2165,2175,2095,17184,36345730,10056000000,4800000
20181123,195870,해성디에스,KOSPI,,15350,-150,-0.97,15350,15600,15350,16769,260153400,260950000000,17000000
20181123,101530,해태제과식품,KOSPI,,9840,130,1.34,9720,9900,9720,18329,179973890,286509528480,29116822
20181123,143210,핸즈코퍼레이션,KOSPI,,6100,10,0.16,6090,6270,6030,9120,55576830,133365934800,21863268
20181123,000720,현대건설,KOSPI,,52600,100,0.19,53100,54700,52400,714327,38070500800,5857313239000,111355765
20181123,267270,현대건설기계,KOSPI,,42450,1600,3.92,40950,43200,40650,176856,7441679450,419248722750,9876295
20181123,000725,현대건설우,KOSPI,,174000,14500,9.09,163000,185000,161500,18611,3242089500,17200944000,98856
20181123,005440,현대그린푸드,KOSPI,,13150,-50,-0.38,13200,13300,12900,120922,1589986700,1284813938300,97704482
20181123,086280,현대글로비스,KOSPI,,112000,-500,-0.44,112000,115000,111500,58951,6636077500,4200000000000,37500000
20181123,064350,현대로템,KOSPI,,26850,850,3.27,26700,28700,26400,4666816,127719626550,2282250000000,85000000
20181123,079430,현대리바트,KOSPI,,18100,-100,-0.55,18100,18300,17950,51742,936140650,371688604200,20535282
20181123,012330,현대모비스,KOSPI,,167000,-2000,-1.18,168500,170000,165000,326300,54490656500,16256425121000,97343863
20181123,010620,현대미포조선,KOSPI,,107500,1500,1.42,106000,108000,104500,88616,9423986500,2150000000000,20000000
20181123,069960,현대백화점,KOSPI,,91500,0,0.00,91000,92400,90900,45893,4196005700,2141323351500,23402441
20181123,004560,현대비앤지스틸,KOSPI,,9150,10,0.11,9150,9330,9100,28450,262698820,137971120650,15078811
20181123,004565,현대비앤지스틸우,KOSPI,,63900,11500,21.95,53000,68000,53000,59006,3730668500,7019542800,109852
20181123,011760,현대상사,KOSPI,,29000,1450,5.26,28000,29600,28000,461476,13335603700,383640014000,13228966
20181123,011200,현대상선,KOSPI,,4000,-40,-0.99,4060,4125,4000,514052,2081121960,1247223308000,311805827
20181123,004310,현대약품,KOSPI,,5000,-390,-7.24,5750,5750,4995,4421738,23880453775,160000000000,32000000
20181123,126560,현대에이치씨엔,KOSPI,,4280,-235,-5.20,4530,4530,4170,91765,396665410,483111830880,112876596
20181123,017800,현대엘리베이,KOSPI,,93000,-200,-0.21,94400,97200,91500,730223,68656664900,2525718738000,27158266
20181123,011210,현대위아,KOSPI,,30000,-200,-0.66,30300,30650,30000,91008,2748819300,815852490000,27195083
20181123,267260,현대일렉트릭,KOSPI,,22150,-250,-1.12,22900,23000,21300,191426,4245219500,226058093450,10205783
20181123,004020,현대제철,KOSPI,,42700,-200,-0.47,43000,43500,42250,202447,8658044700,5698135019500,133445785
20181123,009540,현대중공업,KOSPI,,134000,-1500,-1.11,135500,137000,132000,139212,18621327500,9268167084000,69165426
20181123,267250,현대중공업지주,KOSPI,,390000,3500,0.91,386000,390000,383500,19034,7381662000,6351780630000,16286617
20181123,005380,현대차,KOSPI,,93700,900,0.97,92800,94000,92600,558490,52133868200,20020709121900,213668187
20181123,005387,현대차2우B,KOSPI,,61600,-1100,-1.75,61700,63000,61500,76699,4767664600,2247503781600,36485451
20181123,005389,현대차3우B,KOSPI,,56200,-400,-0.71,56600,56900,56000,5689,320485500,136494907000,2428735
20181123,005385,현대차우,KOSPI,,58000,200,0.35,57400,58400,57300,50232,2904729500,1412687730000,24356685
20181123,001500,현대차증권,KOSPI,,8840,-230,-2.54,9070,9090,8720,49150,439111720,259340061240,29337111
20181123,227840,현대코퍼레이션홀딩스,KOSPI,,16450,-250,-1.50,16600,17000,16450,104876,1750882150,149708752200,9100836
20181123,001450,현대해상,KOSPI,,43000,-1050,-2.38,44050,44350,42750,199586,8600627900,3844200000000,89400000
20181123,057050,현대홈쇼핑,KOSPI,,96200,1100,1.16,96500,98000,95600,20505,1988969600,1154400000000,12000000
20181123,093240,형지엘리트,KOSPI,,2855,-25,-0.87,2870,2940,2830,32501,93008705,54686948290,19154798
20181123,003010,혜인,KOSPI,,5570,70,1.27,5570,5760,5480,228651,1287314920,70810000790,12712747
20181123,111110,호전실업,KOSPI,,9070,-120,-1.31,9200,9300,9070,18695,170949110,72560000000,8000000
20181123,008770,호텔신라,KOSPI,,84300,1200,1.44,83000,86400,81600,898573,76076137800,3308616600300,39248121
20181123,008775,호텔신라우,KOSPI,,49850,1350,2.78,48100,53800,48100,41833,2145171050,37481168150,751879
20181123,002460,화성산업,KOSPI,,14300,100,0.70,14250,14400,14200,21120,301672100,178046440000,12450800
20181123,013520,화승알앤에이,KOSPI,,1715,-45,-2.56,1760,1790,1700,69350,120455795,110722475150,64561210
20181123,241590,화승엔터프라이즈,KOSPI,,11100,50,0.45,11050,11450,10950,86694,976263450,671957037000,60536670
20181123,006060,화승인더,KOSPI,,6250,-60,-0.95,6300,6440,6210,201016,1274740250,345750000000,55320000
20181123,010690,화신,KOSPI,,2100,-30,-1.41,2120,2160,2050,12715,26896735,73332861000,34920410
20181123,133820,화인베스틸,KOSPI,,2530,-130,-4.89,2680,2695,2530,712370,1837624180,74761500000,29550000
20181123,010660,화천기계,KOSPI,,18400,-100,-0.54,18150,18400,18150,137,2503900,40480000000,2200000
20181123,000850,화천기공,KOSPI,,40800,100,0.25,41500,41500,40400,416,16877500,89760000000,2200000
20181123,016580,환인제약,KOSPI,,19400,50,0.26,19150,19500,19150,22039,428059850,360841358000,18600070
20181123,032560,황금에스티,KOSPI,,8020,0,0.00,7970,8370,7970,61149,501129840,112280000000,14000000
20181123,004800,효성,KOSPI,,48400,100,0.21,48300,48750,48100,74594,3606583000,667685308400,13795151
20181123,094280,효성ITX,KOSPI,,10000,-150,-1.48,10200,10400,9990,12155,122203290,115582000000,11558200
20181123,298040,효성중공업,KOSPI,,42800,0,0.00,42500,43050,42450,16603,710074550,399090654400,9324548
20181123,298050,효성첨단소재,KOSPI,,103500,-2000,-1.90,105500,106500,103000,11761,1227616500,463674618000,4479948
20181123,298020,효성티앤씨,KOSPI,,182500,-1000,-0.54,184000,184500,182000,6072,1113795500,789801965000,4327682
20181123,298000,효성화학,KOSPI,,125500,-1500,-1.18,126000,129000,125500,13962,1771068500,400360813000,3190126
20181123,093370,후성,KOSPI,,8120,-600,-6.88,8730,8800,8010,1722430,14310470780,751967370280,92606819
20181123,081660,휠라코리아,KOSPI,,55600,200,0.36,55500,56100,54400,430598,23869586100,3397997892000,61115070
20181123,005870,휴니드,KOSPI,,8310,-200,-2.35,8640,8640,8230,11437,95882800,117304084650,14116015
20181123,079980,휴비스,KOSPI,,7400,-40,-0.54,7480,7530,7360,56180,416120510,255300000000,34500000
20181123,005010,휴스틸,KOSPI,,11400,-50,-0.44,11450,11600,11350,9020,103745150,85897267200,7534848
20181123,069260,휴켐스,KOSPI,,24600,-250,-1.01,24850,25200,24350,58536,1454749950,1005613264800,40878588
20181123,000540,흥국화재,KOSPI,,4995,-75,-1.48,5100,5100,4995,17792,89548170,320892011775,64242645
20181123,000547,흥국화재2우B,KOSPI,,34750,50,0.14,34700,34900,33900,5133,177100400,5337600000,153600
20181123,000545,흥국화재우,KOSPI,,6120,-150,-2.39,6320,6340,6050,7910,48555350,4700160000,768000
20181123,003280,흥아해운,KOSPI,,421,-2,-0.47,424,427,419,507769,213837650,73945884030,175643430
20181123,060310,3S,KOSDAQ,중견기업부,2190,20,0.92,2210,2550,2185,835083,1974494800,97226972820,44395878
20181123,054620,APS홀딩스,KOSDAQ,우량기업부,4455,-65,-1.44,4485,4520,4350,38960,172288740,90856254555,20394221
20181123,265520,AP시스템,KOSDAQ,우량기업부,24100,-550,-2.23,24800,25100,24000,218116,5314830800,339798215100,14099511
20181123,211270,AP위성,KOSDAQ,벤처기업부,6890,100,1.47,6860,7020,6790,12746,87974270,103451999560,15014804
20181123,035760,CJ ENM,KOSDAQ,우량기업부,211900,-3300,-1.53,213800,215500,210500,31430,6690343600,4646200769600,21926384
20181123,051500,CJ프레시웨이,KOSDAQ,중견기업부,22450,-800,-3.44,23100,23200,22300,40457,914689300,266517105700,11871586
20181123,058820,CMG제약,KOSDAQ,중견기업부,4545,-155,-3.30,4650,4725,4545,820263,3802431415,494892523980,108887244
20181123,023460,CNH,KOSDAQ,중견기업부,1350,-5,-0.37,1355,1365,1335,27460,36869620,50220000000,37200000
20181123,065770,CS,KOSDAQ,벤처기업부,1930,20,1.05,1910,1950,1860,23922,45472195,36351839500,18835150
20181123,083660,CSA 코스믹,KOSDAQ,중견기업부,5000,-20,-0.40,5000,5120,4880,349174,1746352935,98738205000,19747641
20181123,306620,DB금융스팩6호,KOSDAQ,SPAC(소속부없음),2025,0,0.00,2025,2030,2020,17095,34617220,9801000000,4840000
20181123,045890,DB라이텍,KOSDAQ,벤처기업부,3500,95,2.79,3340,3540,3270,633449,2160937920,93051801500,26586229
20181123,068790,DMS,KOSDAQ,우량기업부,5000,0,0.00,5000,5050,4930,96274,479155465,115162435000,23032487
20181123,241520,DSC인베스트먼트,KOSDAQ,벤처기업부,4650,-140,-2.92,4830,4830,4640,83941,395036775,81375000000,17500000
20181123,245620,EDGC,KOSDAQ,기술성장기업부,5830,-170,-2.83,6010,6140,5700,158103,930142470,210888240200,36172940
20181123,037370,EG,KOSDAQ,중견기업부,9140,-200,-2.14,9310,9500,9100,64259,597407740,68550000000,7500000
20181123,079190,EMW,KOSDAQ,관리종목(소속부없음),2780,0,0.00,0,0,0,0,0,88360067660,31784197
20181123,130500,GH신소재,KOSDAQ,중견기업부,2465,-85,-3.33,2550,2550,2415,65514,160530485,27115000000,11000000
20181123,032860,GMR 머티리얼즈,KOSDAQ,중견기업부,634,8,1.28,626,635,624,170314,107121980,42832304560,67558840
20181123,900290,GRT,KOSDAQ,외국기업(소속부없음),2065,-20,-0.96,2085,2095,2020,45469,93434775,139129375000,67375000
20181123,083450,GST,KOSDAQ,우량기업부,4780,-165,-3.34,4945,4945,4695,28259,135161830,44538821100,9317745
20181123,028150,GS홈쇼핑,KOSDAQ,우량기업부,193800,800,0.41,191700,194100,191700,6539,1262428100,1271812500000,6562500
20181123,078150,HB테크놀러지,KOSDAQ,우량기업부,2520,-105,-4.00,2615,2660,2515,1174156,2994137280,199055873520,78990426
20181123,036640,HRS,KOSDAQ,우량기업부,2800,30,1.08,2770,2825,2770,19896,55552845,45793440000,16354800
20181123,299170,IBKS제10호스팩,KOSDAQ,SPAC(소속부없음),2070,-15,-0.72,2075,2090,2065,22452,46493890,8963100000,4330000
20181123,254120,IBKS제5호스팩,KOSDAQ,SPAC(소속부없음),2095,5,0.24,2090,2095,2090,650,1361740,9427500000,4500000
20181123,264850,IBKS제6호스팩,KOSDAQ,SPAC(소속부없음),2090,-35,-1.65,0,0,0,0,0,9018350000,4315000
20181123,276920,IBKS제7호스팩,KOSDAQ,SPAC(소속부없음),2215,0,0.00,2225,2225,2190,5116,11224255,8084750000,3650000
20181123,297570,IBKS제9호스팩,KOSDAQ,SPAC(소속부없음),2365,-35,-1.46,2475,2475,2355,2345,5567660,6527400000,2760000
20181123,095340,ISC,KOSDAQ,우량기업부,8830,-180,-2.00,9000,9060,8820,43958,394061120,122470810820,13869854
20181123,099520,ITX엠투엠,KOSDAQ,벤처기업부,1260,-30,-2.33,1290,1345,1250,35110,44896155,20747325060,16466131
20181123,950170,JTC,KOSDAQ,외국기업(소속부없음),6960,110,1.61,6820,6960,6800,120876,835101710,243638398320,35005517
20181123,067290,JW신약,KOSDAQ,중견기업부,6960,-190,-2.66,7150,7230,6940,251172,1779687710,290003475360,41667166
20181123,035900,JYP Ent.,KOSDAQ,우량기업부,32050,-700,-2.14,32450,33150,32000,407339,13198626500,1132218619700,35326634
20181123,024120,KB오토시스,KOSDAQ,우량기업부,5220,-30,-0.57,5270,5280,5160,1391,7256850,60030000000,11500000
20181123,021320,KCC건설,KOSDAQ,중견기업부,7130,0,0.00,7150,7310,7110,64104,461000200,152582000000,21400000
20181123,036670,KCI,KOSDAQ,중견기업부,8140,0,0.00,8140,8200,8050,19717,160408930,91737800000,11270000
20181123,044180,KD건설,KOSDAQ,투자주의환기종목(소속부없음),125,3,2.46,122,134,121,63756838,8162102661,44461464250,355691714
20181123,151860,KG ETS,KOSDAQ,우량기업부,3145,-25,-0.79,3165,3170,3135,37709,118598180,113220000000,36000000
20181123,046440,KG모빌리언스,KOSDAQ,우량기업부,7520,-100,-1.31,7620,7710,7490,31423,238502430,224900316640,29906957
20181123,035600,KG이니시스,KOSDAQ,중견기업부,14950,-150,-0.99,15100,15300,14800,95564,1432371700,417171288300,27904434
20181123,060720,KH바텍,KOSDAQ,중견기업부,8010,-180,-2.20,8200,8220,7860,142912,1146446150,162293854050,20261405
20181123,083470,KJ프리텍,KOSDAQ,관리종목(소속부없음),835,0,0.00,0,0,0,0,0,20628448715,24704729
20181123,122450,KMH,KOSDAQ,중견기업부,7700,0,0.00,7650,7850,7650,63240,488941550,167730894100,21783233
20181123,052900,KMH하이텍,KOSDAQ,중견기업부,909,-13,-1.41,925,925,909,129045,118218683,42618918591,46885499
20181123,058400,KNN,KOSDAQ,우량기업부,788,-2,-0.25,797,797,780,27623,21736112,104354619360,132429720
20181123,114450,KPX생명과학,KOSDAQ,중견기업부,4260,-110,-2.52,4390,4435,4230,87055,376613630,63900000000,15000000
20181123,036030,KTH,KOSDAQ,우량기업부,4890,-90,-1.81,4980,5040,4730,23557,114574160,174646457580,35715022
20181123,060370,KT서브마린,KOSDAQ,우량기업부,3280,-25,-0.76,3345,3345,3235,39107,128037450,71832000000,21900000
20181123,065150,MP그룹,KOSDAQ,관리종목(소속부없음),1315,0,0.00,0,0,0,0,0,106263055205,80808407
20181123,219550,MP한강,KOSDAQ,벤처기업부,2710,60,2.26,2620,2755,2585,1523942,4094844480,154012741700,56831270
20181123,160550,NEW,KOSDAQ,중견기업부,4805,-215,-4.28,5150,5320,4805,443794,2238017020,134088839330,27906106
20181123,053290,NE능률,KOSDAQ,중견기업부,2780,-20,-0.71,2740,2795,2740,2056,5669685,37524000760,13497842
20181123,104200,NHN벅스,KOSDAQ,중견기업부,6570,-50,-0.76,6550,6630,6450,14203,93047800,97417003500,14827550
20181123,060250,NHN한국사이버결제,KOSDAQ,우량기업부,11900,-200,-1.65,12150,12200,11900,77137,924757400,260818166700,21917493
20181123,030190,NICE평가정보,KOSDAQ,우량기업부,11450,-300,-2.55,11800,11800,11450,73749,851623350,695184689000,60714820
20181123,024940,PN풍년,KOSDAQ,벤처기업부,2180,-35,-1.58,2215,2220,2165,7946,17393660,21800000000,10000000
20181123,218410,RFHIC,KOSDAQ,벤처기업부,26750,-100,-0.37,26800,27150,26400,228055,6120934750,600429403250,22445959
20181123,091340,S&K폴리텍,KOSDAQ,중견기업부,3800,-55,-1.43,3810,3895,3800,48439,185064505,44474139800,11703721
20181123,019550,SBI인베스트먼트,KOSDAQ,중견기업부,742,-1,-0.13,742,832,731,4654902,3656230081,120253398650,162066575
20181123,950110,SBI핀테크솔루션즈,KOSDAQ,외국기업(소속부없음),13650,1700,14.23,12100,15000,12100,2326645,31991538100,336561771000,24656540
20181123,046140,SBS콘텐츠허브,KOSDAQ,중견기업부,5310,-190,-3.45,5520,5520,5300,113125,600639450,113971477050,21463555
20181123,036120,SCI평가정보,KOSDAQ,중견기업부,2155,-25,-1.15,2160,2225,2155,67083,146618560,76502500000,35500000
20181123,099220,SDN,KOSDAQ,중견기업부,1495,-55,-3.55,1540,1580,1480,683072,1038837970,59768613970,39979006
20181123,036540,SFA반도체,KOSDAQ,중견기업부,1410,-30,-2.08,1430,1465,1410,184613,262346360,198981499710,141121631
20181123,255220,SG,KOSDAQ,벤처기업부,9130,60,0.66,9240,9750,9130,44200,412761810,114179999120,12506024
20181123,040610,SG&G,KOSDAQ,우량기업부,1950,-10,-0.51,1985,1985,1930,69906,136716650,66470032200,34087196
20181123,049470,SGA,KOSDAQ,벤처기업부,494,1,0.20,494,543,487,488875,247263947,47781902506,96724499
20181123,184230,SGA솔루션즈,KOSDAQ,벤처기업부,1455,35,2.46,1420,1720,1390,5711632,8987390695,49331917590,33905098
20181123,232330,SK3호스팩,KOSDAQ,SPAC(소속부없음),2075,-5,-0.24,2075,2075,2065,1901,3934580,7470000000,3600000
20181123,057500,SKC 솔믹스,KOSDAQ,중견기업부,2910,-65,-2.18,2960,2960,2885,127431,370700300,178947656400,61494040
20181123,178920,SKC코오롱PI,KOSDAQ,우량기업부,31450,-1500,-4.55,32950,32950,31350,513414,16343001300,923570826900,29366322
20181123,036490,SK머티리얼즈,KOSDAQ,우량기업부,162100,-1700,-1.04,162100,164000,159300,32320,5210686000,1709777793300,10547673
20181123,052260,SK바이오랜드,KOSDAQ,우량기업부,13800,-400,-2.82,14200,14200,13800,35179,491792550,207000000000,15000000
20181123,048550,SM C&C,KOSDAQ,중견기업부,2040,-115,-5.34,2155,2175,2040,477893,994248850,191884493040,94061026
20181123,063440,SM Life Design,KOSDAQ,중견기업부,1590,-20,-1.24,1650,1650,1575,128692,206005605,70262462520,44190228
20181123,123260,STC,KOSDAQ,벤처기업부,1235,5,0.41,1200,1245,1200,69456,85424375,29659136325,24015495
20181123,289080,SV인베스트먼트,KOSDAQ,중견기업부,4450,-295,-6.22,4705,4760,4450,1935931,8896770530,118445650000,26617000
20181123,089230,THE E&M,KOSDAQ,중견기업부,892,7,0.79,888,920,888,622151,559988109,81939994160,91860980
20181123,161570,THE MIDONG,KOSDAQ,중견기업부,3575,-155,-4.16,3805,3815,3520,1190230,4368367330,49305634950,13791786
20181123,032540,TJ미디어,KOSDAQ,중견기업부,3190,0,0.00,3190,3215,3115,4157,13064315,44441832710,13931609
20181123,048770,TPC,KOSDAQ,중견기업부,3580,-30,-0.83,3605,3700,3580,4369,15814270,46182000000,12900000
20181123,038340,UCI,KOSDAQ,관리종목(소속부없음),3600,0,0.00,0,0,0,0,0,48364030800,13434453
20181123,052300,W홀딩컴퍼니,KOSDAQ,벤처기업부,567,-17,-2.91,580,584,561,948515,541777465,75017329632,132305696
20181123,040300,YTN,KOSDAQ,중견기업부,1950,5,0.26,1945,1985,1930,61171,119282120,81900000000,42000000
20181123,051390,YW,KOSDAQ,벤처기업부,3755,-95,-2.47,3770,3890,3735,19063,71775255,42639406840,11355368
20181123,052220,iMBC,KOSDAQ,중견기업부,2200,-125,-5.38,2310,2310,2200,61601,140043090,50600000000,23000000
20181123,079940,가비아,KOSDAQ,벤처기업부,6450,30,0.47,6420,6510,6320,19573,125595870,87305161800,13535684
20181123,078890,가온미디어,KOSDAQ,우량기업부,5800,-40,-0.68,5800,5860,5740,16677,96559010,84185845800,14514801
20181123,192410,감마누,KOSDAQ,투자주의환기종목(소속부없음),408,0,0.00,0,0,0,0,0,9969806400,24435800
20181123,024840,갑을메탈,KOSDAQ,중견기업부,1740,-65,-3.60,1805,1810,1715,106098,186819515,54360203040,31241496
20181123,217730,강스템바이오텍,KOSDAQ,기술성장기업부,20050,-1200,-5.65,21250,21350,19450,487870,9953628650,417098886850,20802937
20181123,094480,갤럭시아컴즈,KOSDAQ,우량기업부,3075,100,3.36,2975,3540,2975,230263,732165825,120631751850,39229838
20181123,063080,게임빌,KOSDAQ,우량기업부,54600,700,1.30,53700,56100,53700,36754,2030470000,360097483200,6595192
20181123,039240,경남스틸,KOSDAQ,우량기업부,1895,-20,-1.04,1920,1930,1895,28424,54333340,47375000000,25000000
20181123,053950,경남제약,KOSDAQ,중견기업부,17200,0,0.00,0,0,0,0,0,193472067200,11248376
20181123,011040,경동제약,KOSDAQ,우량기업부,12050,-100,-0.82,12150,12250,12000,4812,58171400,319927500000,26550000
20181123,024910,경창산업,KOSDAQ,중견기업부,1470,-50,-3.29,1505,1545,1470,147008,218461830,52653937350,35819005
20181123,198440,고려시멘트,KOSDAQ,우량기업부,2560,10,0.39,2600,2745,2505,1346067,3560818560,81868697600,31979960
20181123,049720,고려신용정보,KOSDAQ,중견기업부,3995,85,2.17,3910,4160,3890,100662,402620825,57128500000,14300000
20181123,014570,고려제약,KOSDAQ,중견기업부,7460,-20,-0.27,8260,8490,7460,1263596,10066918070,82060000000,11000000
20181123,098460,고영,KOSDAQ,우량기업부,81800,-800,-0.97,83200,84000,81800,36467,3015875700,1119674391800,13687951
20181123,038530,골드퍼시픽,KOSDAQ,중견기업부,1670,-85,-4.84,1760,1765,1600,908339,1495728040,28617694480,17136344
20181123,900280,골든센츄리,KOSDAQ,외국기업(소속부없음),888,-20,-2.20,903,918,885,933242,838712673,82939200000,93400000
20181123,215000,골프존,KOSDAQ,우량기업부,33950,-200,-0.59,34150,34150,33550,4036,136201650,213050339250,6275415
20181123,121440,골프존뉴딘홀딩스,KOSDAQ,우량기업부,3910,-85,-2.13,3995,4035,3910,42822,169129985,167491958380,42836818
20181123,014200,광림,KOSDAQ,중견기업부,2570,-5,-0.19,2575,2630,2525,100958,258203365,124641109020,48498486
20181123,026910,광진실업,KOSDAQ,중견기업부,3355,5,0.15,3305,3395,3305,15978,53347135,21490133775,6405405
20181123,090150,광진윈텍,KOSDAQ,중견기업부,2095,-5,-0.24,2175,2175,2095,6052,12715920,20234333335,9658393
20181123,267320,교보7호스팩,KOSDAQ,SPAC(소속부없음),2075,10,0.48,2065,2075,2065,399,824445,8341500000,4020000
20181123,242040,교보비엔케이스팩,KOSDAQ,SPAC(소속부없음),1670,-55,-3.19,1725,1735,1650,21529,36242400,11873700000,7110000
20181123,053270,구영테크,KOSDAQ,중견기업부,1375,-55,-3.85,1430,1470,1370,172094,243434885,36291989250,26394174
20181123,066620,국보디자인,KOSDAQ,우량기업부,14350,0,0.00,14050,14500,14050,6490,93468250,107625000000,7500000
20181123,043650,국순당,KOSDAQ,중견기업부,3970,-30,-0.75,4025,4025,3960,16334,65321065,70897466880,17858304
20181123,006050,국영지앤엠,KOSDAQ,벤처기업부,1425,-15,-1.04,1445,1600,1390,12475175,18761938935,49725721275,34895243
20181123,060480,국일신동,KOSDAQ,중견기업부,3990,-290,-6.78,4250,4255,3990,301561,1241039470,44249100000,11090000
20181123,078130,국일제지,KOSDAQ,중견기업부,812,-20,-2.40,835,852,808,1288253,1068607246,94509496872,116391006
20181123,019010,그랜드백화점,KOSDAQ,우량기업부,17250,-250,-1.43,17450,17450,17100,7994,137950000,83145000000,4820000
20181123,900070,글로벌에스엠,KOSDAQ,외국기업(소속부없음),762,-29,-3.67,779,797,762,144306,111674760,40952903616,53743968
20181123,204620,글로벌텍스프리,KOSDAQ,벤처기업부,6400,-60,-0.93,6450,6500,6280,65921,420005720,124534892800,19458577
20181123,019660,글로본,KOSDAQ,중견기업부,4140,60,1.47,4070,4220,4065,66148,274045790,115924334580,28001047
20181123,053260,금강철강,KOSDAQ,우량기업부,3615,25,0.70,3590,3735,3520,22623,81352015,67672800000,18720000
20181123,036190,금화피에스시,KOSDAQ,우량기업부,27700,-50,-0.18,27750,28000,27500,4361,120584750,166200000000,6000000
20181123,049080,기가레인,KOSDAQ,중견기업부,2260,-75,-3.21,2310,2345,2225,394562,897577475,113887389000,50392650
20181123,035460,기산텔레콤,KOSDAQ,벤처기업부,2250,0,0.00,2215,2290,2215,17611,39477070,32799015000,14577340
20181123,187790,나노,KOSDAQ,벤처기업부,1980,-30,-1.49,2005,2040,1975,188566,376101365,47226197700,23851615
20181123,151910,나노스,KOSDAQ,중견기업부,5910,-220,-3.59,6120,6190,5870,114995,688036900,637162395360,107810896
20181123,121600,나노신소재,KOSDAQ,벤처기업부,13250,-600,-4.33,13950,14000,13200,100177,1344560250,143740412250,10848333
20181123,039860,나노엔텍,KOSDAQ,중견기업부,4615,-90,-1.91,4705,4740,4615,15597,72743380,121341225850,26292790
20181123,091970,나노캠텍,KOSDAQ,중견기업부,6190,-100,-1.59,6300,6360,6060,143208,880612310,131240602840,21202036
20181123,051490,나라엠앤디,KOSDAQ,중견기업부,4545,-185,-3.91,4715,4760,4515,90862,416912985,64539000000,14200000
20181123,190510,나무가,KOSDAQ,중견기업부,18750,-50,-0.27,18800,18900,18600,4743,88725350,64312875000,3430020
20181123,089600,나스미디어,KOSDAQ,우량기업부,31000,-550,-1.74,31950,31950,30000,57303,1763376200,271395421000,8754691
20181123,293580,나우아이비캐피탈,KOSDAQ,중견기업부,4740,60,1.28,4710,4760,4610,59834,279902605,44935200000,9480000
20181123,138610,나이벡,KOSDAQ,기술성장기업부,8690,-20,-0.23,8800,8840,8500,22181,191731540,55337555020,6367958
20181123,130580,나이스디앤비,KOSDAQ,중견기업부,7190,-60,-0.83,7250,7250,7030,4115,29209970,110726000000,15400000
20181123,036800,나이스정보통신,KOSDAQ,우량기업부,19000,0,0.00,19150,19150,18800,9014,171236650,190000000000,10000000
20181123,091590,남화토건,KOSDAQ,우량기업부,11550,0,0.00,11850,12100,11500,163536,1920851950,135597000000,11740000
20181123,168330,내츄럴엔도텍,KOSDAQ,벤처기업부,14700,-200,-1.34,14800,15000,14450,105655,1555812950,303787583400,20665822
20181123,072770,네오디안테크놀로지,KOSDAQ,중견기업부,1700,-15,-0.87,1740,1740,1650,330100,556109090,60237728600,35433958
20181123,212560,네오오토,KOSDAQ,우량기업부,3960,5,0.13,4000,4000,3900,7410,29082910,31184853480,7874963
20181123,095660,네오위즈,KOSDAQ,중견기업부,12950,-300,-2.26,13250,13450,12700,260729,3393370950,283799353600,21915008
20181123,042420,네오위즈홀딩스,KOSDAQ,우량기업부,11400,-100,-0.87,11500,11550,11100,7957,89936350,100968272400,8856866
20181123,085910,네오티스,KOSDAQ,중견기업부,3885,25,0.65,3860,3935,3820,3644,14137010,42788139030,11013678
20181123,092730,네오팜,KOSDAQ,벤처기업부,45400,-400,-0.87,45400,46400,45000,12193,553907000,338740159800,7461237
20181123,153460,네이블,KOSDAQ,벤처기업부,3400,-240,-6.59,3645,3700,3400,66588,234077215,22202047600,6530014
20181123,007390,네이처셀,KOSDAQ,중견기업부,12850,-1000,-7.22,13850,14050,12750,2899615,38454384300,681774727150,53056399
20181123,033640,네패스,KOSDAQ,우량기업부,9970,-380,-3.67,10400,10500,9970,256720,2605967500,229036233770,22972541
20181123,087730,네패스신소재,KOSDAQ,벤처기업부,71700,1200,1.70,71000,71900,69700,64975,4589210200,252078342900,3515737
20181123,089140,넥스턴,KOSDAQ,벤처기업부,11800,-50,-0.42,11800,11950,11700,26712,315407600,139788936000,11846520
20181123,065170,넥스트BT,KOSDAQ,중견기업부,1660,-60,-3.49,1700,1730,1650,168074,283454460,102234522920,61587062
20181123,139670,넥스트리밍,KOSDAQ,벤처기업부,3000,-100,-3.23,2950,3070,2935,4922,14577000,21050733000,7016911
20181123,137940,넥스트아이,KOSDAQ,중견기업부,2430,10,0.41,2390,2465,2325,224619,537359720,166407845850,68480595
20181123,092600,넥스트칩,KOSDAQ,벤처기업부,6830,-360,-5.01,7260,7290,6750,663726,4637148990,91846425000,13447500
20181123,041140,넥슨지티,KOSDAQ,우량기업부,7750,-440,-5.37,7790,7950,7650,682571,5319152490,274143245500,35373322
20181123,217270,넵튠,KOSDAQ,중견기업부,10650,50,0.47,10550,10700,10500,24216,256695300,227669363250,21377405
20181123,225570,넷게임즈,KOSDAQ,벤처기업부,7950,90,1.15,7740,8100,7710,14462,114295840,190704218400,23987952
20181123,194700,노바렉스,KOSDAQ,중견기업부,16250,-1050,-6.07,17200,17700,16250,324233,5497388200,146310775000,9003740
20181123,285490,노바텍,KOSDAQ,벤처기업부,18950,650,3.55,18100,19150,18100,227294,4241074450,87677860000,4626800
20181123,144510,녹십자랩셀,KOSDAQ,중견기업부,47950,-1150,-2.34,48850,49900,47850,53657,2611260050,506066889300,10554054
20181123,031390,녹십자셀,KOSDAQ,벤처기업부,52500,-1700,-3.14,53600,54800,52400,215078,11493460500,614036797500,11695939
20181123,142280,녹십자엠에스,KOSDAQ,중견기업부,14300,-350,-2.39,14750,15100,14150,257222,3763692000,136708000000,9560000
20181123,065560,녹원씨엔아이,KOSDAQ,중견기업부,9800,-90,-0.91,9870,9940,9700,82717,812535250,139701685200,14255274
20181123,054050,농우바이오,KOSDAQ,우량기업부,10700,-50,-0.47,10800,11000,10600,93693,1011871950,171527002700,16030561
20181123,040160,누리텔레콤,KOSDAQ,벤처기업부,6530,-100,-1.51,6700,6920,6510,16857,111282250,78722643550,12055535
20181123,069140,누리플랜,KOSDAQ,벤처기업부,5700,-80,-1.38,5780,5960,5700,52130,302440220,27082985700,4751401
20181123,126870,뉴로스,KOSDAQ,벤처기업부,4805,175,3.78,4640,4990,4635,557909,2708336960,92026666960,19152272
20181123,060260,뉴보텍,KOSDAQ,벤처기업부,1535,-45,-2.85,1580,1630,1520,418489,654763540,41236115665,26863919
20181123,012340,뉴인텍,KOSDAQ,중견기업부,680,-1,-0.15,689,689,643,198086,132257873,33405108800,49125160
20181123,222040,뉴트리바이오텍,KOSDAQ,우량기업부,15450,-400,-2.52,15900,15900,15350,47257,736979900,318702600000,20628000
20181123,144960,뉴파워프라즈마,KOSDAQ,우량기업부,13000,-350,-2.62,13400,13400,12850,15098,196974100,107254381000,8250337
20181123,900100,뉴프라이드,KOSDAQ,외국기업(소속부없음),3210,25,0.78,3190,3550,3095,15688069,52074415570,275849295600,85934360
20181123,085670,뉴프렉스,KOSDAQ,중견기업부,2690,-100,-3.58,2750,2825,2665,672382,1835184970,56909744910,21156039
20181123,119860,다나와,KOSDAQ,벤처기업부,16600,0,0.00,16800,16800,16100,56303,924265250,217042045200,13074822
20181123,064260,다날,KOSDAQ,우량기업부,3560,-30,-0.84,3580,3635,3540,105208,376514300,193573768240,54374654
20181123,093640,다믈멀티미디어,KOSDAQ,벤처기업부,5450,-190,-3.37,5520,5740,5450,28355,158728920,40353680250,7404345
20181123,039560,다산네트웍스,KOSDAQ,중견기업부,6600,40,0.61,6610,6640,6530,69919,460819350,192697256400,29196554
20181123,032190,다우데이타,KOSDAQ,우량기업부,9100,10,0.11,9090,9320,9050,18532,170192170,348530000000,38300000
20181123,068240,다원시스,KOSDAQ,우량기업부,15850,-50,-0.31,15950,16550,15850,286535,4655161650,412204784350,26006611
20181123,020400,대동금속,KOSDAQ,중견기업부,39100,-100,-0.26,37200,39400,37200,215,8248050,18768000000,480000
20181123,008830,대동기어,KOSDAQ,중견기업부,25250,-150,-0.59,25600,25600,25000,1896,48059750,22693488000,898752
20181123,048470,대동스틸,KOSDAQ,중견기업부,10550,-150,-1.40,10850,11200,10450,515296,5595309900,105500000000,10000000
20181123,004780,대륙제관,KOSDAQ,우량기업부,4685,-40,-0.85,4710,4820,4685,10131,47887865,74506487315,15903199
20181123,017650,대림제지,KOSDAQ,벤처기업부,1750,-25,-1.41,1790,1790,1705,222641,388775460,78750000000,45000000
20181123,007720,대명코퍼레이션,KOSDAQ,중견기업부,1995,-50,-2.44,2045,2085,1995,267860,543608180,201096897750,100800450
20181123,290670,대보마그네틱,KOSDAQ,중견기업부,64400,3400,5.57,60600,70000,60600,229461,15174479200,208179440000,3232600
20181123,078140,대봉엘에스,KOSDAQ,우량기업부,6510,-270,-3.98,6830,6830,6510,37898,249980600,72173629290,11086579
20181123,036480,대성미생물,KOSDAQ,중견기업부,19500,50,0.26,19300,21700,18650,675171,13626815700,74100000000,3800000
20181123,025440,대성엘텍,KOSDAQ,중견기업부,750,0,0.00,759,810,740,467236,360841060,74746007250,99661343
20181123,027830,대성창투,KOSDAQ,중견기업부,1580,-30,-1.86,1615,1640,1560,93448,148769560,63200000000,40000000
20181123,104040,대성파인텍,KOSDAQ,벤처기업부,1590,-20,-1.24,1610,1665,1580,429509,697293850,49769036790,31301281
20181123,253590,대신밸런스제3호스팩,KOSDAQ,SPAC(소속부없음),2085,5,0.24,2055,2105,2055,24832,51601490,11488350000,5510000
20181123,262830,대신밸런스제4호스팩,KOSDAQ,SPAC(소속부없음),2055,0,0.00,0,0,0,0,0,10295550000,5010000
20181123,303030,대신밸런스제5호스팩,KOSDAQ,SPAC(소속부없음),2070,0,0.00,0,0,0,0,0,8507700000,4110000
20181123,020180,대신정보통신,KOSDAQ,중견기업부,1085,-35,-3.13,1120,1125,1080,859234,943818925,41695372775,38428915
20181123,045390,대아티아이,KOSDAQ,우량기업부,7870,610,8.40,7610,8450,7500,26480896,212056522160,559962478140,71151522
20181123,108380,대양전기공업,KOSDAQ,우량기업부,11500,-550,-4.56,12050,12050,11500,25565,298718500,110024329500,9567333
20181123,006580,대양제지,KOSDAQ,중견기업부,3680,-60,-1.60,3740,3810,3680,32199,120486610,98808000000,26850000
20181123,007680,대원,KOSDAQ,중견기업부,11600,-150,-1.28,11750,11800,11600,8543,99790050,128180000000,11050000
20181123,048910,대원미디어,KOSDAQ,벤처기업부,9200,-230,-2.44,9480,9550,9150,96598,900358550,115726303200,12578946
20181123,005710,대원산업,KOSDAQ,우량기업부,5410,-110,-1.99,5570,5570,5410,5432,29656070,108403416000,20037600
20181123,290380,대유,KOSDAQ,중견기업부,20800,-300,-1.42,21350,22350,20700,594946,12793445300,188289920000,9052400
20181123,071460,대유위니아,KOSDAQ,우량기업부,2365,5,0.21,2435,2435,2345,40430,96128060,85062652675,35967295
20181123,120240,대정화금,KOSDAQ,우량기업부,13000,-300,-2.26,13300,13450,12950,68182,891433450,92305083000,7100391
20181123,003310,대주산업,KOSDAQ,중견기업부,1355,0,0.00,1590,1590,1355,4540344,6686758680,47956634250,35392350
20181123,078600,대주전자재료,KOSDAQ,중견기업부,16450,-1050,-6.00,17600,17600,16350,135328,2255596300,239367651250,14551225
20181123,065690,대진디엠피,KOSDAQ,중견기업부,3335,0,0.00,3380,3380,3250,14584,48140150,46568302515,13963509
20181123,096350,대창솔루션,KOSDAQ,중견기업부,670,-6,-0.89,679,702,660,958019,653476198,72665061050,108455315
20181123,140520,대창스틸,KOSDAQ,중견기업부,2660,-45,-1.66,2750,2750,2655,34705,93453795,53200000000,20000000
20181123,131220,대한과학,KOSDAQ,벤처기업부,4350,-65,-1.47,4390,4480,4350,52536,230863755,32427031500,7454490
20181123,010170,대한광통신,KOSDAQ,중견기업부,4855,-95,-1.92,4975,4995,4845,898588,4394953195,358015589375,73741625
20181123,054670,대한뉴팜,KOSDAQ,중견기업부,10300,-300,-2.83,10750,10800,10300,94387,988096500,147855676000,14354920
20181123,023910,대한약품,KOSDAQ,우량기업부,40450,50,0.12,40600,41100,39950,11192,456834750,242700000000,6000000
20181123,021040,대호피앤씨,KOSDAQ,중견기업부,1040,-35,-3.26,1085,1100,1040,2253796,2420721175,76037339040,73112826
20181123,021045,대호피앤씨우,KOSDAQ,중견기업부,1505,-55,-3.53,1560,1595,1505,73553,113869785,6384911330,4242466
20181123,067080,대화제약,KOSDAQ,우량기업부,21450,-750,-3.38,22300,22600,21300,125893,2766816450,390925692300,18224974
20181123,192080,더블유게임즈,KOSDAQ,우량기업부,59700,0,0.00,60200,60700,58200,77303,4598565800,1089363690600,18247298
20181123,035290,더블유에프엠,KOSDAQ,투자주의환기종목(소속부없음),2930,10,0.34,2980,3020,2860,42744,124834600,64969453750,22173875
20181123,213420,덕산네오룩스,KOSDAQ,우량기업부,13600,-300,-2.16,13800,13950,13500,90660,1238649400,326536163200,24010012
20181123,077360,덕산하이메탈,KOSDAQ,중견기업부,5250,-50,-0.94,5330,5360,5250,3248,17167450,119272130250,22718501
20181123,090410,덕신하우징,KOSDAQ,중견기업부,1265,-5,-0.39,1260,1270,1250,60066,75603355,50675900000,40060000
20181123,263600,덕우전자,KOSDAQ,우량기업부,9430,-140,-1.46,9660,9890,9310,13940,132153310,76477922380,8110066
20181123,194480,데브시스터즈,KOSDAQ,벤처기업부,9170,-90,-0.97,9330,9340,9140,4442,40864170,102721698100,11201930
20181123,263800,데이타솔루션,KOSDAQ,벤처기업부,2680,25,0.94,2685,2705,2620,15818,41930035,42125794400,15718580
20181123,139050,데일리블록체인,KOSDAQ,벤처기업부,1780,-40,-2.20,1820,1845,1780,381665,687227630,51607034480,28992716
20181123,017680,데코앤이,KOSDAQ,관리종목(소속부없음),342,-7,-2.01,349,355,340,1160017,401087757,35521803324,103864922
20181123,206560,덱스터,KOSDAQ,기술성장기업부,5380,0,0.00,5460,5490,5330,97708,527578500,132549906020,24637529
20181123,067990,도이치모터스,KOSDAQ,벤처기업부,5550,0,0.00,5530,5580,5480,91003,503639230,145761359400,26263308
20181123,006620,동구바이오제약,KOSDAQ,벤처기업부,20000,50,0.25,20050,20200,19850,35043,699703150,192080000000,9604000
20181123,100130,동국S&C,KOSDAQ,우량기업부,2875,-95,-3.20,2960,2980,2875,243016,709004445,164286125000,57143000
20181123,005160,동국산업,KOSDAQ,우량기업부,2430,-5,-0.21,2420,2450,2415,5395,13101970,131814091260,54244482
20181123,075970,동국알앤에스,KOSDAQ,중견기업부,2090,-40,-1.88,2125,2135,2060,69903,146337910,38456000000,18400000
20181123,086450,동국제약,KOSDAQ,우량기업부,59900,400,0.67,59500,60200,58800,16193,968135900,532630800000,8892000
20181123,099410,동방선기,KOSDAQ,중견기업부,1655,-30,-1.78,1685,1730,1650,51491,86071515,22410358310,13541002
20181123,281740,동부스팩5호,KOSDAQ,SPAC(소속부없음),2045,0,0.00,2045,2045,2045,4410,9018450,9897800000,4840000
20181123,033500,동성화인텍,KOSDAQ,중견기업부,8310,110,1.34,8200,8450,8080,153548,1279428410,224233790790,26983609
20181123,025950,동신건설,KOSDAQ,우량기업부,5580,-20,-0.36,5600,5750,5570,7359,41466250,46872000000,8400000
20181123,088130,동아엘텍,KOSDAQ,우량기업부,9130,-20,-0.22,9150,9230,9050,42754,389783020,101802202480,11150296
20181123,041930,동아화성,KOSDAQ,우량기업부,3150,0,0.00,3150,3160,3100,34051,107031135,49770000000,15800000
20181123,060380,동양에스텍,KOSDAQ,중견기업부,2895,-20,-0.69,2915,2950,2890,14769,42930605,28950000000,10000000
20181123,079960,동양이엔피,KOSDAQ,우량기업부,9590,-20,-0.21,9630,9630,9510,2745,26311280,75377400000,7860000
20181123,228340,동양파일,KOSDAQ,우량기업부,5840,-110,-1.85,5950,6170,5500,560411,3331557840,116800000000,20000000
20181123,104460,동양피엔에프,KOSDAQ,중견기업부,4590,-100,-2.13,4690,4770,4490,48851,222044045,49175538750,10713625
20181123,088910,동우팜투테이블,KOSDAQ,우량기업부,3565,-35,-0.97,3600,3640,3565,31819,114036935,92090238660,25831764
20181123,094170,동운아나텍,KOSDAQ,벤처기업부,5900,60,1.03,5840,5940,5760,124750,730126710,73648773700,12482843
20181123,013120,동원개발,KOSDAQ,우량기업부,4020,10,0.25,3980,4045,3980,64156,257617395,365048562000,90808100
20181123,109860,동일금속,KOSDAQ,우량기업부,10700,-50,-0.47,10750,10750,10500,11318,120028850,74900000000,7000000
20181123,032960,동일기연,KOSDAQ,벤처기업부,12800,100,0.79,12600,12900,12600,10256,130855200,78715942400,6149683
20181123,023790,동일철강,KOSDAQ,중견기업부,3915,-50,-1.26,3915,4080,3880,4799,18815825,28756007775,7345085
20181123,005290,동진쎄미켐,KOSDAQ,우량기업부,7950,-180,-2.21,8100,8150,7910,168627,1346657980,408745227300,51414494
20181123,025900,동화기업,KOSDAQ,우량기업부,26150,50,0.19,26150,26350,25850,4105,106768300,375429169400,14356756
20181123,078590,두올산업,KOSDAQ,중견기업부,3925,-215,-5.19,4185,4250,3925,598210,2403986095,76016554375,19367275
20181123,073190,듀오백,KOSDAQ,중견기업부,1910,60,3.24,1850,1925,1850,18059,33877025,22858956400,11968040
20181123,030350,드래곤플라이,KOSDAQ,중견기업부,3045,-80,-2.56,3125,3125,2990,71200,216513540,48745855095,16008491
20181123,203650,드림시큐리티,KOSDAQ,벤처기업부,3315,-365,-9.92,3635,3680,3315,886357,3119869880,118696074510,35805754
20181123,217620,디딤,KOSDAQ,중견기업부,2780,-5,-0.18,2785,2845,2765,43544,121540730,102865295900,37001905
20181123,187870,디바이스이엔지,KOSDAQ,벤처기업부,8530,-50,-0.58,8500,8550,8370,13919,117943530,57850460000,6782000
20181123,066670,디스플레이텍,KOSDAQ,우량기업부,3850,10,0.26,3830,3860,3810,9847,37662985,71963884300,18691918
20181123,110990,디아이티,KOSDAQ,중견기업부,6570,-20,-0.30,6630,6690,6480,39387,258380600,124173000000,18900000
20181123,263690,디알젬,KOSDAQ,중견기업부,6450,-310,-4.59,6650,6810,6390,1137596,7464493430,73050184500,11325610
20181123,214680,디알텍,KOSDAQ,벤처기업부,1390,-25,-1.77,1415,1430,1390,112421,158108715,61450518340,44209006
20181123,263720,디앤씨미디어,KOSDAQ,벤처기업부,14950,-600,-3.86,15550,15800,14800,73312,1119574350,180018077850,12041343
20181123,109740,디에스케이,KOSDAQ,관리종목(소속부없음),7230,20,0.28,7210,7300,7120,58102,419282910,147164936490,20354763
20181123,033430,디에스티,KOSDAQ,중견기업부,1115,-40,-3.46,1140,1170,1115,272427,309563125,58152910855,52155077
20181123,090710,디에스티로봇,KOSDAQ,벤처기업부,1165,-125,-9.69,1300,1325,1155,9451466,11653229190,81408092515,69878191
20181123,131030,디에이치피코리아,KOSDAQ,중견기업부,9220,-260,-2.74,9600,9640,9220,85214,804088440,152727428340,16564797
20181123,196490,디에이테크놀로지,KOSDAQ,벤처기업부,4645,-155,-3.23,4715,4775,4540,442468,2045803770,48579528120,10458456
20181123,066900,디에이피,KOSDAQ,우량기업부,2355,-115,-4.66,2500,2500,2340,123640,297616885,53563304565,22744503
20181123,127120,디엔에이링크,KOSDAQ,기술성장기업부,4450,-115,-2.52,4620,4785,4405,38274,174036340,47783210000,10737800
20181123,092070,디엔에프,KOSDAQ,우량기업부,7950,-40,-0.50,8020,8170,7890,35026,280108850,85556532600,10761828
20181123,101000,디엠씨,KOSDAQ,관리종목(소속부없음),1575,0,0.00,0,0,0,0,0,63066896550,40042474
20181123,134580,디엠티,KOSDAQ,중견기업부,3980,640,19.16,3340,4300,3330,591737,2321428525,44775000000,11250000
20181123,039840,디오,KOSDAQ,우량기업부,29000,1200,4.32,27800,29350,27800,88693,2556977350,439970687000,15171403
20181123,079810,디이엔티,KOSDAQ,중견기업부,2260,-10,-0.44,2255,2285,2160,11468,25626460,20293737800,8979530
20181123,227100,디자인,KOSDAQ,중견기업부,12000,-600,-4.76,12450,13050,11850,415646,5185918300,31930920000,2660910
20181123,113810,디젠스,KOSDAQ,관리종목(소속부없음),515,-19,-3.56,538,538,515,115203,60034824,16803446265,32628051
20181123,043360,디지아이,KOSDAQ,벤처기업부,2710,-30,-1.09,2710,2740,2680,3980,10749420,24390000000,9000000
20181123,197140,디지캡,KOSDAQ,벤처기업부,3810,-290,-7.07,4100,4190,3810,57018,225143800,13453548150,3531115
20181123,106520,디지탈옵틱,KOSDAQ,중견기업부,1155,95,8.96,1055,1190,1040,1892793,2135756665,58322697510,50495842
20181123,068930,디지털대성,KOSDAQ,중견기업부,4620,30,0.65,4735,4735,4585,46600,216297345,103694620260,22444723
20181123,033130,디지틀조선,KOSDAQ,중견기업부,1795,30,1.70,1770,1845,1755,179503,323067475,66621904265,37115267
20181123,033310,디케이디앤아이,KOSDAQ,중견기업부,1720,-90,-4.97,1810,1815,1720,328419,578981440,37792546920,21972411
20181123,105740,디케이락,KOSDAQ,중견기업부,8200,-180,-2.15,8400,8720,8080,127385,1070861420,67509878400,8232912
20181123,263020,디케이앤디,KOSDAQ,벤처기업부,5340,10,0.19,5330,5850,5260,2363314,13025161490,40589473500,7601025
20181123,187220,디티앤씨,KOSDAQ,벤처기업부,8380,-110,-1.30,8450,8490,8330,11372,95526370,82576972520,9854054
20181123,131180,딜리,KOSDAQ,벤처기업부,1910,40,2.14,1880,1910,1830,325167,622381825,56058500000,29350000
20181123,042510,라온시큐어,KOSDAQ,벤처기업부,2370,-35,-1.46,2405,2440,2350,44050,105090230,75388780440,31809612
20181123,050120,라이브플렉스,KOSDAQ,중견기업부,774,-19,-2.40,800,800,768,253073,196835870,64430123796,83243054
20181123,171120,라이온켐텍,KOSDAQ,우량기업부,9900,-300,-2.94,10300,10300,9870,8720,87046530,152321449500,15386005
20181123,069540,라이트론,KOSDAQ,중견기업부,8670,60,0.70,8800,8970,8570,135974,1196663160,122836707390,14168017
20181123,171010,램테크놀러지,KOSDAQ,벤처기업부,3455,-30,-0.86,3410,3510,3390,27304,93155510,39479303780,11426716
20181123,084650,랩지노믹스,KOSDAQ,벤처기업부,6220,-170,-2.66,6390,6550,6110,26538,165855970,56622494900,9103295
20181123,217500,러셀,KOSDAQ,벤처기업부,1670,-90,-5.11,1780,1780,1665,108209,185568565,53126040000,31812000
20181123,141080,레고켐바이오,KOSDAQ,기술성장기업부,55800,-3500,-5.90,59900,59900,54300,191163,10857510200,590915415600,10589882
20181123,060300,레드로버,KOSDAQ,중견기업부,2510,-125,-4.74,2625,2705,2470,733669,1910534095,114028541980,45429698
20181123,038390,레드캡투어,KOSDAQ,우량기업부,15750,0,0.00,15750,15750,15650,1000,15699500,135284310000,8589480
20181123,228850,레이언스,KOSDAQ,우량기업부,14100,-100,-0.70,14100,14350,14000,15609,220643300,233933297400,16591014
20181123,238120,로고스바이오,KOSDAQ,기술성장기업부,13200,-800,-5.71,13900,14300,13200,27812,379126850,47450356800,3594724
20181123,215100,로보로보,KOSDAQ,벤처기업부,2185,-45,-2.02,2235,2300,2165,46322,102534785,38889621990,17798454
20181123,090360,로보스타,KOSDAQ,우량기업부,26200,-450,-1.69,26650,27050,25850,44110,1154549050,255450000000,9750000
20181123,108490,로보티즈,KOSDAQ,기술성장기업부,15950,-1000,-5.90,16900,17000,15850,139443,2267668850,179453450000,11251000
20181123,900260,로스웰,KOSDAQ,외국기업(소속부없음),1085,0,0.00,1095,1105,1055,234540,254152015,98497656250,90781250
20181123,067730,로지시스,KOSDAQ,중견기업부,2730,-170,-5.86,2900,3000,2730,41477,117136815,25500717060,9340922
20181123,071280,로체시스템즈,KOSDAQ,벤처기업부,3120,-180,-5.45,3300,3300,3060,117197,367944570,47725401360,15296603
20181123,038060,루멘스,KOSDAQ,중견기업부,2450,-10,-0.41,2425,2475,2425,59401,145850465,115828120800,47276784
20181123,082800,루미마이크로,KOSDAQ,중견기업부,1745,-40,-2.24,1800,1800,1720,308829,540400025,122863075055,70408639
20181123,085370,루트로닉,KOSDAQ,벤처기업부,9060,-240,-2.58,9370,9450,8980,91007,835041030,228426708660,25212661
20181123,08537M,루트로닉3우C,KOSDAQ,벤처기업부,13100,-150,-1.13,13000,13250,12950,3727,48963900,13285587700,1014167
20181123,060240,룽투코리아,KOSDAQ,벤처기업부,3940,-80,-1.99,4085,4085,3910,16504,65713295,95253964020,24176133
20181123,058470,리노공업,KOSDAQ,우량기업부,48150,-50,-0.10,48200,48950,47800,36658,1774957950,733920115500,15242370
20181123,039980,리노스,KOSDAQ,우량기업부,2015,20,1.00,1995,2085,1990,374961,764184405,76076312910,37754994
20181123,016100,리더스코스메틱,KOSDAQ,우량기업부,12550,-150,-1.18,12650,13100,12250,127680,1601280300,228038695700,18170414
20181123,197210,리드,KOSDAQ,중견기업부,13800,-500,-3.50,14500,14550,13650,183958,2582694900,203604786000,14753970
20181123,012700,리드코프,KOSDAQ,우량기업부,5940,-60,-1.00,6050,6060,5930,17329,103632160,158890426200,26749230
20181123,131100,리켐,KOSDAQ,관리종목(소속부없음),17650,0,0.00,17900,17900,17350,4106,72233900,80377482250,4553965
20181123,277070,린드먼아시아,KOSDAQ,중견기업부,5200,-80,-1.52,5400,5400,5190,26285,137772740,70200000000,13500000
20181123,042500,링네트,KOSDAQ,벤처기업부,3550,10,0.28,3570,3590,3515,47085,166816110,53025916900,14936878
20181123,219420,링크제니시스,KOSDAQ,기술성장기업부,6900,-360,-4.96,7280,7280,6900,48570,343781650,69000000000,10000000
20181123,098120,마이크로컨텍솔,KOSDAQ,벤처기업부,2630,-15,-0.57,2655,2740,2580,86617,228233685,21862574580,8312766
20181123,227950,마이크로텍,KOSDAQ,중견기업부,1550,-25,-1.59,1570,1600,1525,104082,162845940,29451438400,19000928
20181123,147760,마이크로프랜드,KOSDAQ,벤처기업부,3735,-335,-8.23,4070,4070,3735,406481,1562297140,40412199510,10819866
20181123,035480,마제스타,KOSDAQ,투자주의환기종목(소속부없음),1475,0,0.00,0,0,0,0,0,67155378250,45529070
20181123,038290,마크로젠,KOSDAQ,우량기업부,29500,-1300,-4.22,30800,31050,29450,94807,2847349500,312860893000,10605454
20181123,267980,매일유업,KOSDAQ,우량기업부,73600,-1700,-2.26,75400,75400,73500,28139,2082125400,577291756800,7843638
20181123,005990,매일홀딩스,KOSDAQ,우량기업부,11000,100,0.92,11150,11150,10800,7916,86487350,150901344000,13718304
20181123,127160,매직마이크로,KOSDAQ,중견기업부,3720,5,0.13,3785,4010,3485,1627799,5978449840,218820730440,58822777
20181123,093520,매커스,KOSDAQ,중견기업부,4180,-50,-1.18,4200,4250,4165,22645,94813010,67561724560,16163092
20181123,141070,맥스로텍,KOSDAQ,벤처기업부,1090,-45,-3.96,1135,1150,1085,139228,153406990,27104438130,24866457
20181123,067280,멀티캠퍼스,KOSDAQ,우량기업부,43750,1100,2.58,43050,44150,42900,10763,469215800,259296581250,5926779
20181123,072870,메가스터디,KOSDAQ,중견기업부,10800,-100,-0.92,11000,11000,10700,9249,100329100,128746357200,11920959
20181123,215200,메가스터디교육,KOSDAQ,우량기업부,27600,100,0.36,27450,28100,26200,88209,2385055450,324627888000,11761880
20181123,133750,메가엠디,KOSDAQ,중견기업부,2435,-130,-5.07,2540,2590,2415,205758,511255845,54467523955,22368593
20181123,041920,메디아나,KOSDAQ,벤처기업부,6700,-270,-3.87,6860,6930,6560,109930,739794770,57958323200,8650496
20181123,086900,메디톡스,KOSDAQ,우량기업부,561400,-17600,-3.04,578300,590600,560800,24554,14014873400,3175578749000,5656535
20181123,078160,메디포스트,KOSDAQ,벤처기업부,80000,-800,-0.99,81200,82400,79800,40975,3317156500,629473680000,7868421
20181123,065650,메디프론,KOSDAQ,중견기업부,5100,-140,-2.67,5370,5370,5100,119766,627546960,150139476300,29439113
20181123,021880,메이슨캐피탈,KOSDAQ,중견기업부,399,-2,-0.50,397,401,394,176493,70032642,39574578792,99184408
20181123,140410,메지온,KOSDAQ,중견기업부,90800,-2500,-2.68,94300,94300,89400,82380,7534330700,782530653200,8618179
20181123,241770,메카로,KOSDAQ,벤처기업부,15950,-200,-1.24,16300,16300,15850,42906,685330700,159199183000,9981140
20181123,059210,메타바이오메드,KOSDAQ,벤처기업부,3100,-30,-0.96,3165,3200,3070,67036,208512135,73973288100,23862351
20181123,058110,멕아이씨에스,KOSDAQ,기술성장기업부,3555,-5,-0.14,3580,3640,3415,9290,32580270,19060132500,5361500
20181123,096640,멜파스,KOSDAQ,중견기업부,2300,-100,-4.17,2415,2415,2255,30943,72374360,48891447300,21257151
20181123,257370,명성티엔에스,KOSDAQ,벤처기업부,16700,-1100,-6.18,17800,17950,16700,171310,2953263900,106379000000,6370000
20181123,149940,모다,KOSDAQ,투자주의환기종목(소속부없음),155,0,0.00,0,0,0,0,0,3279863395,21160409
20181123,080420,모다이노칩,KOSDAQ,우량기업부,8230,-130,-1.56,8400,8400,8200,44524,367634090,328054474530,39860811
20181123,080160,모두투어,KOSDAQ,우량기업부,26150,-1300,-4.74,27500,27650,25950,274486,7302283950,494235000000,18900000
20181123,100030,모바일리더,KOSDAQ,중견기업부,9630,110,1.16,9370,9630,9370,3774,35914790,31622165820,3283714
20181123,087260,모바일어플라이언스,KOSDAQ,우량기업부,5080,-160,-3.05,5210,5310,5040,88392,454663190,76200000000,15000000
20181123,101330,모베이스,KOSDAQ,우량기업부,3695,5,0.14,3675,3715,3615,18673,68519455,88525504660,23958188
20181123,250060,모비스,KOSDAQ,기술성장기업부,4440,-30,-0.67,4490,4490,4200,348421,1528062870,142840634160,32171314
20181123,033200,모아텍,KOSDAQ,중견기업부,4445,-35,-0.78,4500,4510,4370,2725,11985565,63702117325,14331185
20181123,118990,모트렉스,KOSDAQ,우량기업부,4180,-170,-3.91,4320,4325,4140,303515,1276934455,113907278100,27250545
20181123,006920,모헨즈,KOSDAQ,중견기업부,5450,110,2.06,5420,5650,5360,176540,972849280,59514000000,10920000
20181123,001810,무림SP,KOSDAQ,우량기업부,2495,-15,-0.60,2510,2560,2495,19059,48084785,55233062500,22137500
20181123,028040,미래SCI,KOSDAQ,중견기업부,3800,-195,-4.88,4070,4070,3800,205195,801322510,117086960400,30812358
20181123,095500,미래나노텍,KOSDAQ,우량기업부,3390,-310,-8.38,3650,3650,3360,153958,534844620,78951516870,23289533
20181123,218150,미래생명자원,KOSDAQ,벤처기업부,3300,-240,-6.78,3585,3620,3295,1111658,3883672070,61615712400,18671428
20181123,265480,미래에셋대우스팩1호,KOSDAQ,SPAC(소속부없음),2045,0,0.00,0,0,0,0,0,9897800000,4840000
20181123,239340,미래에셋제5호스팩,KOSDAQ,SPAC(소속부없음),2085,0,0.00,0,0,0,0,0,10008000000,4800000
20181123,049950,미래컴퍼니,KOSDAQ,우량기업부,54400,0,0.00,54600,55500,52600,38654,2081907100,427830976000,7864540
20181123,213090,미래테크놀로지,KOSDAQ,중견기업부,8400,20,0.24,8480,8480,8380,1868,15757090,51414619200,6120788
20181123,207760,미스터블루,KOSDAQ,벤처기업부,2530,-5,-0.20,2535,2600,2500,41831,107059520,61744660120,24405004
20181123,059090,미코,KOSDAQ,우량기업부,3390,75,2.26,3335,3455,3315,393336,1332596350,106163284170,31316603
20181123,201490,미투온,KOSDAQ,벤처기업부,6160,-190,-2.99,6410,6440,6060,271606,1688536400,192547863200,31257770
20181123,214180,민앤지,KOSDAQ,벤처기업부,18650,-100,-0.53,18800,19350,18600,61665,1168166500,221685612200,11886628
20181123,206640,바디텍메드,KOSDAQ,벤처기업부,11850,-450,-3.66,12300,12350,11800,46733,562673100,277507186800,23418328
20181123,018700,바른손,KOSDAQ,중견기업부,2140,-10,-0.47,2175,2250,2135,78527,169917345,35133161100,16417365
20181123,035620,바른손이앤에이,KOSDAQ,중견기업부,1360,5,0.37,1385,1395,1335,113323,155017870,95699498080,70367278
20181123,064520,바른전자,KOSDAQ,중견기업부,579,-14,-2.36,593,597,575,619585,361872678,38456896869,66419511
20181123,029480,바른테크놀로지,KOSDAQ,중견기업부,672,-4,-0.59,673,682,642,61665,40932772,22038431520,32795285
20181123,053030,바이넥스,KOSDAQ,중견기업부,9970,-230,-2.25,10200,10350,9970,158309,1600417070,316358548560,31731048
20181123,084990,바이로메드,KOSDAQ,기술성장기업부,189200,-5700,-2.92,195000,197000,188400,103391,19854994500,3018924392000,15956260
20181123,064550,바이오니아,KOSDAQ,기술성장기업부,9080,-280,-2.99,9420,9420,9060,68980,631701090,187271077440,20624568
20181123,222810,바이오닉스진,KOSDAQ,벤처기업부,6040,-100,-1.63,6200,6290,6000,88081,535324820,96600957440,15993536
20181123,208710,바이오로그디바이스,KOSDAQ,벤처기업부,2015,45,2.28,1970,2055,1915,4003424,7937166765,55544696090,27565606
20181123,142760,바이오리더스,KOSDAQ,기술성장기업부,12350,-350,-2.76,12850,12950,12250,110686,1387268550,197109828500,15960310
20181123,065940,바이오빌,KOSDAQ,중견기업부,2735,-195,-6.66,2870,3140,2735,9507746,27814735145,101899812235,37257701
20181123,086820,바이오솔루션,KOSDAQ,기술성장기업부,37000,-2150,-5.49,39000,39950,37000,148894,5734146750,290343662000,7847126
20181123,038460,바이오스마트,KOSDAQ,벤처기업부,4070,-65,-1.57,4120,4270,4040,155188,645992670,81314285800,19978940
20181123,044480,바이오제네틱스,KOSDAQ,관리종목(소속부없음),7620,70,0.93,7550,7740,7430,9772,73912090,83475400740,10954777
20181123,086040,바이오톡스텍,KOSDAQ,벤처기업부,8910,-160,-1.76,9130,9130,8800,57072,508211280,129770790930,14564623
20181123,032980,바이온,KOSDAQ,중견기업부,1880,10,0.53,1880,1915,1850,178837,334295615,87622088720,46607494
20181123,043150,바텍,KOSDAQ,우량기업부,21950,-350,-1.57,22450,22800,21900,38033,850231500,326050919200,14854256
20181123,267790,배럴,KOSDAQ,중견기업부,11350,250,2.25,11150,13100,11150,1063716,12939414800,88090755000,7761300
20181123,046310,백금T&A,KOSDAQ,중견기업부,2530,35,1.40,2500,2530,2425,312013,814987820,38487007680,15212256
20181123,036620,버추얼텍,KOSDAQ,중견기업부,860,-26,-2.93,885,915,860,241492,213166083,25464762540,29610189
20181123,177350,베셀,KOSDAQ,벤처기업부,4025,30,0.75,3920,4080,3920,90484,362183785,45049281200,11192368
20181123,225530,보광산업,KOSDAQ,중견기업부,3845,55,1.45,3775,4000,3775,66712,259125300,132537150000,34470000
20181123,250000,보라티알,KOSDAQ,벤처기업부,6830,30,0.44,6680,6870,6680,13229,89161620,46107506390,6750733
20181123,014100,보령메디앙스,KOSDAQ,우량기업부,9910,-140,-1.39,10100,10150,9800,44058,438951740,116938000000,11800000
20181123,006910,보성파워텍,KOSDAQ,중견기업부,2455,0,0.00,2465,2710,2455,2410245,6194473580,112573335145,45854719
20181123,226340,본느,KOSDAQ,중견기업부,2060,-85,-3.96,2130,2175,2010,1057044,2215550765,59941253760,29097696
20181123,014470,부방,KOSDAQ,우량기업부,1985,-45,-2.22,2030,2055,1985,27987,56447140,93877577650,47293490
20181123,008470,부스타,KOSDAQ,벤처기업부,5800,130,2.29,5870,6240,5420,496041,2874247770,48747840000,8404800
20181123,100120,뷰웍스,KOSDAQ,우량기업부,35100,-700,-1.96,35550,36050,34800,36458,1279949800,351065461500,10001865
20181123,066980,브레인콘텐츠,KOSDAQ,중견기업부,901,-11,-1.21,913,930,901,411809,376057453,142734871181,158418281
20181123,064480,브리지텍,KOSDAQ,벤처기업부,3135,-240,-7.11,3365,3380,3120,280621,902435715,37471087500,11952500
20181123,251630,브이원텍,KOSDAQ,벤처기업부,20950,-1800,-7.91,22750,23000,20950,135922,2939951450,157462085500,7516090
20181123,033560,블루콤,KOSDAQ,우량기업부,4020,-270,-6.29,4300,4360,4020,130640,547075065,72713948940,18088047
20181123,121800,비덴트,KOSDAQ,중견기업부,9500,-240,-2.46,9700,9730,9380,343060,3263534610,238417263000,25096554
20181123,148140,비디아이,KOSDAQ,벤처기업부,7700,-300,-3.75,7950,8080,7460,46470,359985970,60989775000,7920750
20181123,200780,비씨월드제약,KOSDAQ,벤처기업부,23750,-300,-1.25,23850,24200,23400,17634,416375000,190197552500,8008318
20181123,141000,비아트론,KOSDAQ,우량기업부,10400,-100,-0.95,10500,10650,10350,80369,842378850,125992984000,12114710
20181123,090460,비에이치,KOSDAQ,우량기업부,14500,150,1.05,14500,15100,14400,543785,8003573400,453991752000,31309776
20181123,083650,비에이치아이,KOSDAQ,중견기업부,3640,840,30.00,2760,3640,2760,8539346,28829812190,94640000000,26000000
20181123,086670,비엠티,KOSDAQ,벤처기업부,7610,-250,-3.18,7890,7910,7550,209051,1605606020,61995085690,8146529
20181123,138580,비즈니스온,KOSDAQ,벤처기업부,16200,500,3.18,15700,16200,15250,200785,3150106450,154628028000,9544940
20181123,082920,비츠로셀,KOSDAQ,벤처기업부,12000,-150,-1.23,12000,12350,11900,46991,572719600,235085172000,19590431
20181123,054220,비츠로시스,KOSDAQ,벤처기업부,1460,-15,-1.02,1485,1535,1455,1128300,1683680015,68138804440,46670414
20181123,042370,비츠로테크,KOSDAQ,우량기업부,7570,90,1.20,7580,7790,7420,589701,4476046980,169218818610,22353873
20181123,032850,비트컴퓨터,KOSDAQ,벤처기업부,4775,-200,-4.02,4970,5070,4775,87876,431704955,79376224075,16623293
20181123,093190,빅솔론,KOSDAQ,우량기업부,6370,-30,-0.47,6400,6450,6290,21341,136464820,122551824850,19238905
20181123,065450,빅텍,KOSDAQ,벤처기업부,2360,-65,-2.68,2425,2445,2310,664085,1577677030,57820000000,24500000
20181123,072950,빛샘전자,KOSDAQ,벤처기업부,5580,-10,-0.18,5550,5940,5530,123752,707263420,33480000000,6000000
20181123,143240,사람인에이치알,KOSDAQ,우량기업부,19250,-100,-0.52,19750,19750,19250,16573,323925400,223959562750,11634263
20181123,100090,삼강엠앤티,KOSDAQ,우량기업부,6100,-40,-0.65,6200,6270,6080,242950,1499816550,158725184200,26020522
20181123,122350,삼기오토모티브,KOSDAQ,우량기업부,2450,-130,-5.04,2560,2575,2450,262690,658384110,75526777200,30827256
20181123,014970,삼륭물산,KOSDAQ,중견기업부,4100,-90,-2.15,4195,4285,4080,19645,81767920,62012500000,15125000
20181123,018310,삼목에스폼,KOSDAQ,우량기업부,10900,-100,-0.91,11100,11200,10900,27572,302635700,160230000000,14700000
20181123,053700,삼보모터스,KOSDAQ,우량기업부,6310,-230,-3.52,6530,6660,6250,47457,304882540,89913303850,14249335
20181123,009620,삼보산업,KOSDAQ,중견기업부,5910,40,0.68,5870,5950,5810,1007,5906980,24378750000,4125000
20181123,023600,삼보판지,KOSDAQ,우량기업부,9580,-170,-1.74,9750,9840,9450,44009,421940010,140826000000,14700000
20181123,111870,삼본정밀전자,KOSDAQ,우량기업부,3810,-130,-3.30,3910,4040,3780,3073829,12054401170,173629320000,45572000
20181123,291230,삼성스팩2호,KOSDAQ,SPAC(소속부없음),2050,0,0.00,2055,2055,2035,61013,125076575,15477500000,7550000
20181123,009300,삼아제약,KOSDAQ,우량기업부,16550,-250,-1.49,16800,16800,16300,7747,128526950,105423500000,6370000
20181123,225190,삼양옵틱스,KOSDAQ,우량기업부,13950,0,0.00,13950,13950,13800,2123,29474550,140038470000,10038600
20181123,054540,삼영엠텍,KOSDAQ,중견기업부,3010,-60,-1.95,3080,3135,3000,171888,527929870,39130000000,13000000
20181123,065570,삼영이엔씨,KOSDAQ,중견기업부,5200,20,0.39,5220,5240,5080,26631,136939640,45760000000,8800000
20181123,082660,삼우엠스,KOSDAQ,벤처기업부,778,-32,-3.95,803,841,778,801879,649970748,32122097454,41288043
20181123,073640,삼원테크,KOSDAQ,관리종목(소속부없음),1980,-10,-0.50,2020,2020,1965,69616,137861105,100863473040,50941148
20181123,032280,삼일,KOSDAQ,중견기업부,2015,-15,-0.74,2030,2065,1995,62964,126850760,32670383850,16213590
20181123,002290,삼일기업공사,KOSDAQ,중견기업부,3130,-110,-3.40,3240,3240,3085,84213,265208255,38812000000,12400000
20181123,037460,삼지전자,KOSDAQ,벤처기업부,8470,0,0.00,8470,8660,8400,53072,452411370,138217881340,16318522
20181123,032750,삼진,KOSDAQ,중견기업부,7090,640,9.92,6340,7840,6340,1340035,9868122340,42540000000,6000000
20181123,054090,삼진엘앤디,KOSDAQ,벤처기업부,2130,-130,-5.75,2260,2270,2095,332026,721452910,53163164160,24959232
20181123,000250,삼천당제약,KOSDAQ,우량기업부,37150,-400,-1.07,37800,39500,37100,285087,10902790250,821230952950,22105813
20181123,024950,삼천리자전거,KOSDAQ,우량기업부,5810,-300,-4.91,6250,6250,5810,22957,136991690,77119482370,13273577
20181123,038500,삼표시멘트,KOSDAQ,우량기업부,3860,55,1.45,3880,3925,3770,216075,833616610,414398687780,107357173
20181123,017480,삼현철강,KOSDAQ,우량기업부,4500,-70,-1.53,4585,4755,4475,71654,329613885,70663005000,15702890
20181123,046390,삼화네트웍스,KOSDAQ,벤처기업부,1440,-20,-1.37,1460,1475,1430,80860,116421035,61873823520,42967933
20181123,027580,상보,KOSDAQ,중견기업부,1765,10,0.57,1790,1800,1750,66840,118471180,50017602525,28338585
20181123,038540,상상인,KOSDAQ,우량기업부,16950,-500,-2.87,17400,17550,16700,152417,2596318850,809335329150,47748397
20181123,091580,상신이디피,KOSDAQ,벤처기업부,12350,-950,-7.14,13250,13450,12200,519616,6541769200,156413367500,12665050
20181123,263810,상신전자,KOSDAQ,중견기업부,6840,-180,-2.56,7020,7100,6760,55712,381650540,27761289120,4058668
20181123,089980,상아프론테크,KOSDAQ,우량기업부,11050,-300,-2.64,11300,11450,11000,81924,911805100,157612072800,14263536
20181123,042940,상지카일룸,KOSDAQ,중견기업부,2270,-10,-0.44,2215,2350,2215,191911,438315290,83627835120,36840456
20181123,042600,새로닉스,KOSDAQ,우량기업부,4140,-85,-2.01,4255,4255,4030,32772,134834425,51433596360,12423574
20181123,263540,샘코,KOSDAQ,기술성장기업부,4415,-315,-6.66,4790,4790,4415,34442,157205075,35040446615,7936681
20181123,038070,서린바이오,KOSDAQ,중견기업부,9590,10,0.10,9600,9710,9500,10144,96943320,66175948440,6900516
20181123,006730,서부T&D,KOSDAQ,중견기업부,9000,-160,-1.75,9190,9200,9000,45046,409788700,466840863000,51871207
20181123,079650,서산,KOSDAQ,중견기업부,3125,-10,-0.32,3170,3230,3100,47423,150100095,62500000000,20000000
20181123,100660,서암기계공업,KOSDAQ,중견기업부,4030,100,2.54,4000,4295,3935,357866,1469434130,50778000000,12600000
20181123,012860,서연전자,KOSDAQ,중견기업부,1315,-35,-2.59,1345,1360,1310,33298,44159500,35505000000,27000000
20181123,019770,서연탑메탈,KOSDAQ,중견기업부,2620,-70,-2.60,2680,2765,2570,83304,220519670,30523000000,11650000
20181123,043710,서울리거,KOSDAQ,중견기업부,2680,-130,-4.63,2810,2810,2670,39359,106666730,67309025440,25115308
20181123,046890,서울반도체,KOSDAQ,우량기업부,20700,100,0.49,20600,21000,20550,319028,6617665600,1206921780000,58305400
20181123,063170,서울옥션,KOSDAQ,중견기업부,13350,100,0.75,13200,13600,12850,316490,4210383700,225848625000,16917500
20181123,027040,서울전자통신,KOSDAQ,중견기업부,1270,-140,-9.93,1410,1540,1270,10557635,15423893445,82250643220,64764286
20181123,018680,서울제약,KOSDAQ,벤처기업부,7130,-360,-4.81,7380,7490,7100,24033,173406920,60501607870,8485499
20181123,093920,서원인텍,KOSDAQ,우량기업부,5160,70,1.38,5130,5170,5090,10862,55712860,95976000000,18600000
20181123,189860,서전기전,KOSDAQ,벤처기업부,4495,-25,-0.55,4550,4625,4415,357447,1617364955,43596016100,9698780
20181123,178320,서진시스템,KOSDAQ,벤처기업부,30450,-200,-0.65,31150,31800,30150,237384,7364990450,275582639850,9050333
20181123,122690,서진오토모티브,KOSDAQ,중견기업부,2085,-60,-2.80,2055,2175,2055,98317,204147815,40743497910,19541246
20181123,140070,서플러스글로벌,KOSDAQ,우량기업부,2830,-75,-2.58,2905,2915,2830,45179,128858995,104676040000,36988000
20181123,011370,서한,KOSDAQ,우량기업부,1810,10,0.56,1800,1840,1790,315861,570614250,182619705650,100894865
20181123,065710,서호전기,KOSDAQ,중견기업부,12000,0,0.00,12000,12100,11950,5842,70131850,61800000000,5150000
20181123,035890,서희건설,KOSDAQ,우량기업부,1205,-25,-2.03,1235,1255,1200,2997323,3672977550,209028632725,173467745
20181123,003100,선광,KOSDAQ,우량기업부,17500,-150,-0.85,17500,17700,17350,2775,48495900,115500000000,6600000
20181123,123420,선데이토즈,KOSDAQ,우량기업부,23450,400,1.74,23150,23700,22400,280634,6487573250,224412794900,9569842
20181123,171090,선익시스템,KOSDAQ,우량기업부,7860,-160,-2.00,8100,8140,7830,93122,737943540,70734458700,8999295
20181123,014620,성광벤드,KOSDAQ,중견기업부,10900,-300,-2.68,11100,11300,10800,65490,722878850,311740000000,28600000
20181123,037350,성도이엔지,KOSDAQ,우량기업부,4800,-40,-0.83,4890,4890,4735,36611,175558440,74256000000,15470000
20181123,081580,성우전자,KOSDAQ,우량기업부,2980,0,0.00,2980,3000,2960,22571,67165245,46214266140,15508143
20181123,045300,성우테크론,KOSDAQ,벤처기업부,4225,-120,-2.76,4305,4410,4205,61145,263312565,38253382375,9054055
20181123,015750,성우하이텍,KOSDAQ,우량기업부,3335,-55,-1.62,3400,3405,3335,137195,460836135,266800000000,80000000
20181123,080470,성창오토텍,KOSDAQ,중견기업부,7020,-110,-1.54,7120,7210,7020,82033,581064050,51246000000,7300000
20181123,043260,성호전자,KOSDAQ,벤처기업부,880,-21,-2.33,896,907,867,48507,42670895,27203097680,30912611
20181123,053060,세동,KOSDAQ,중견기업부,524,-1,-0.19,515,527,515,132338,68733510,11219364000,21411000
20181123,017510,세명전기,KOSDAQ,벤처기업부,7040,210,3.07,7030,7390,6870,781435,5556097940,107331840000,15246000
20181123,214310,세미콘라이트,KOSDAQ,투자주의환기종목(소속부없음),1530,140,10.07,1380,1540,1335,2679019,3897398045,99971243460,65340682
20181123,011560,세보엠이씨,KOSDAQ,우량기업부,8500,-130,-1.51,8790,8790,8380,51182,436674750,89505000000,10530000
20181123,100700,세운메디칼,KOSDAQ,우량기업부,3495,-15,-0.43,3510,3565,3495,97944,345044780,153081000000,43800000
20181123,234100,세원,KOSDAQ,벤처기업부,2050,-90,-4.21,2115,2205,2005,160892,340003740,45885119250,22382985
20181123,024830,세원물산,KOSDAQ,우량기업부,5260,60,1.15,5200,5260,5160,6049,31489640,43921000000,8350000
20181123,258830,세종메디칼,KOSDAQ,벤처기업부,12150,-350,-2.80,12500,12800,12150,12654,156370400,82349553150,6777741
20181123,036630,세종텔레콤,KOSDAQ,중견기업부,436,-7,-1.58,446,449,433,2399616,1052572670,261742190936,600326126
20181123,039310,세중,KOSDAQ,우량기업부,3310,-120,-3.50,3460,3490,3295,124504,418400550,59982717770,18121667
20181123,067770,세진티에스,KOSDAQ,중견기업부,3090,-20,-0.64,3105,3105,2910,33739,102446900,25945472370,8396593
20181123,053450,세코닉스,KOSDAQ,우량기업부,6910,-90,-1.29,7040,7040,6870,44105,304858360,77729975010,11248911
20181123,252500,세화피앤씨,KOSDAQ,중견기업부,3670,-170,-4.43,3825,3895,3520,649091,2392055715,76127525650,20743195
20181123,049180,셀루메드,KOSDAQ,벤처기업부,8550,-80,-0.93,8640,8770,8530,71777,620475170,174659494050,20428011
20181123,268600,셀리버리,KOSDAQ,기술성장기업부,23100,-2000,-7.97,25400,25500,23100,372818,9035083650,165126215100,7148321
20181123,108860,셀바스AI,KOSDAQ,벤처기업부,4125,-15,-0.36,4190,4190,4045,103349,424596430,90980773125,22055945
20181123,208370,셀바스헬스케어,KOSDAQ,벤처기업부,3650,-150,-3.95,3760,3870,3640,65928,247987260,47986809150,13147071
20181123,068760,셀트리온제약,KOSDAQ,벤처기업부,64700,-400,-0.61,64600,69300,64600,724797,48433804700,2202938402900,34048507
20181123,091990,셀트리온헬스케어,KOSDAQ,우량기업부,78900,-1100,-1.38,79800,82000,78900,866479,69611872500,11087544716100,140526549
20181123,053110,소리바다,KOSDAQ,벤처기업부,1005,-35,-3.37,1030,1055,998,492092,497766675,56638857360,56357072
20181123,032680,소프트센,KOSDAQ,중견기업부,1425,-30,-2.06,1455,1460,1400,114870,163479765,46639336575,32729359
20181123,032685,소프트센우,KOSDAQ,중견기업부,25850,300,1.17,25850,26800,25500,2259,58412500,3692853450,142857
20181123,066910,손오공,KOSDAQ,중견기업부,2460,-10,-0.40,2455,2490,2430,72439,177582720,53864556060,21896161
20181123,043100,솔고바이오,KOSDAQ,중견기업부,404,-9,-2.18,413,417,403,955545,391110378,65337217140,161725785
20181123,154040,솔루에타,KOSDAQ,중견기업부,3940,-210,-5.06,4105,4160,3910,46533,185645850,47621148840,12086586
20181123,035610,솔본,KOSDAQ,중견기업부,5100,-20,-0.39,5100,5200,4995,73370,372972345,139464584700,27345997
20181123,036830,솔브레인,KOSDAQ,우량기업부,52000,800,1.56,51300,52400,50600,87994,4550656000,904710092000,17398271
20181123,230980,솔트웍스,KOSDAQ,벤처기업부,4990,65,1.32,4900,5060,4900,93572,466302040,53020775940,10625406
20181123,086980,쇼박스,KOSDAQ,우량기업부,3790,-5,-0.13,3870,3870,3780,82758,314986040,237254000000,62600000
20181123,050960,수산아이앤티,KOSDAQ,벤처기업부,6770,70,1.04,6750,6820,6600,3015,20190600,45704270000,6751000
20181123,084180,수성,KOSDAQ,관리종목(소속부없음),5820,0,0.00,0,0,0,0,0,63269452800,10871040
20181123,058530,슈펙스비앤피,KOSDAQ,중견기업부,993,5,0.51,999,1080,988,238164,242026348,58375804788,58787316
20181123,236200,슈프리마,KOSDAQ,벤처기업부,22300,100,0.45,22500,23450,21500,215164,4820131550,157890087900,7080273
20181123,094840,슈프리마에이치큐,KOSDAQ,벤처기업부,6250,-170,-2.65,6450,6710,6200,63053,407006800,65449000000,10471840
20181123,192440,슈피겐코리아,KOSDAQ,우량기업부,45500,-1400,-2.99,46450,48000,45300,6154,287057050,282844516500,6216363
20181123,099440,스맥,KOSDAQ,중견기업부,3165,-85,-2.62,3250,3250,3100,51239,162240055,86152831860,27220484
20181123,033790,스카이문스테크놀로지,KOSDAQ,벤처기업부,2560,10,0.39,2600,2600,2370,23760,58764095,43819776000,17117100
20181123,159910,스킨앤스킨,KOSDAQ,관리종목(소속부없음),670,36,5.68,631,670,631,687847,447437579,68839843450,102746035
20181123,115570,스타플렉스,KOSDAQ,중견기업부,4830,30,0.63,4755,4830,4755,7216,34757690,31171535220,6453734
20181123,253450,스튜디오드래곤,KOSDAQ,중견기업부,103600,-2100,-1.99,105800,106700,102700,93250,9729757400,2904658064000,28037240
20181123,013810,스페코,KOSDAQ,중견기업부,3950,25,0.64,3950,4175,3950,716429,2912686185,57889106500,14655470
20181123,039670,스포츠서울,KOSDAQ,중견기업부,1490,-80,-5.10,1600,1615,1400,721561,1084844005,52891784580,35497842
20181123,049830,승일,KOSDAQ,우량기업부,8020,-250,-3.02,8230,8270,8020,15893,128840070,49179538240,6132112
20181123,020710,시공테크,KOSDAQ,우량기업부,6200,120,1.97,6100,6210,6060,6714,41200120,124297414000,20047970
20181123,033170,시그네틱스,KOSDAQ,중견기업부,790,-10,-1.25,802,803,780,83539,66072841,67725372010,85728319
20181123,048870,시너지이노베이션,KOSDAQ,중견기업부,2460,70,2.93,2395,2460,2360,251847,606036875,141046911780,57336143
20181123,025320,시노펙스,KOSDAQ,중견기업부,2620,-50,-1.87,2680,2730,2590,506285,1342347485,183784872760,70146898
20181123,269620,시스웍,KOSDAQ,벤처기업부,2020,-60,-2.88,2060,2090,1990,42659,86772175,36360000000,18000000
20181123,131090,시큐브,KOSDAQ,벤처기업부,1515,-20,-1.30,1500,1615,1495,2011361,3154514275,54540000000,36000000
20181123,001000,신라섬유,KOSDAQ,중견기업부,2370,-45,-1.86,2400,2455,2335,123145,291856135,57537769800,24277540
20181123,025870,신라에스지,KOSDAQ,중견기업부,4905,-185,-3.63,5020,5170,4900,18741,92660435,19620000000,4000000
20181123,215600,신라젠,KOSDAQ,기술성장기업부,70800,-800,-1.12,71600,73700,70500,1063366,76469720000,4943045936400,69817033
20181123,065350,신성델타테크,KOSDAQ,우량기업부,3170,-85,-2.61,3270,3275,3160,78029,248383900,70020693990,22088547
20181123,056000,신스타임즈,KOSDAQ,중견기업부,2100,20,0.96,2245,2700,2100,519033,1273013490,29434860000,14016600
20181123,002800,신신제약,KOSDAQ,우량기업부,7910,-240,-2.94,8400,8690,7900,717277,5954651250,119998655000,15170500
20181123,017000,신원종합개발,KOSDAQ,벤처기업부,3410,-5,-0.15,3385,3445,3385,24319,82973720,34331972070,10068027
20181123,012790,신일제약,KOSDAQ,중견기업부,9620,-260,-2.63,9880,9940,9580,50219,487726410,75998000000,7900000
20181123,138070,신진에스엠,KOSDAQ,중견기업부,5600,10,0.18,5630,5630,5530,11543,64231870,50244224800,8972183
20181123,257730,신한제3호스팩,KOSDAQ,SPAC(소속부없음),2095,-5,-0.24,2100,2100,2095,36,75550,7342975000,3505000
20181123,277480,신한제4호스팩,KOSDAQ,SPAC(소속부없음),2040,0,0.00,2045,2045,2040,3044,6210010,12260400000,6010000
20181123,056700,신화인터텍,KOSDAQ,중견기업부,1600,-10,-0.62,1625,1625,1570,33972,54061510,46616145600,29135091
20181123,187270,신화콘텍,KOSDAQ,벤처기업부,2925,-20,-0.68,2900,3010,2895,27533,80619780,29670746625,10143845
20181123,243840,신흥에스이씨,KOSDAQ,우량기업부,36700,-1900,-4.92,39200,39450,36200,85378,3145153600,240446766100,6551683
20181123,108320,실리콘웍스,KOSDAQ,우량기업부,34550,-1450,-4.03,35550,36150,34550,68134,2386486950,561931565000,16264300
20181123,222800,심텍,KOSDAQ,우량기업부,7170,60,0.84,7070,7180,7030,52708,375589750,163138716030,22752959
20181123,036710,심텍홀딩스,KOSDAQ,우량기업부,1885,-65,-3.33,1965,1965,1885,53894,102788665,65778645205,34895833
20181123,160980,싸이맥스,KOSDAQ,우량기업부,7510,60,0.81,7450,7530,7340,50874,377687600,79427967940,10576294
20181123,217330,싸이토젠,KOSDAQ,기술성장기업부,13900,-1700,-10.90,15700,16050,13900,821812,12153847550,78310709600,5633864
20181123,010280,쌍용정보통신,KOSDAQ,관리종목(소속부없음),1175,25,2.17,1160,1185,1140,460009,532945625,47545239950,40464034
20181123,122800,썬텍,KOSDAQ,관리종목(소속부없음),1000,0,0.00,0,0,0,0,0,35153085000,35153085
20181123,208640,썸에이지,KOSDAQ,중견기업부,1335,-50,-3.61,1365,1395,1320,890337,1197760305,101834049645,76280187
20181123,222420,쎄노텍,KOSDAQ,중견기업부,2170,-30,-1.36,2180,2240,2170,632330,1390402055,85029095550,39183915
20181123,037760,쎄니트,KOSDAQ,중견기업부,2025,-45,-2.17,2115,2170,2015,697818,1463843670,68511665025,33832921
20181123,136510,쎄미시스코,KOSDAQ,벤처기업부,8000,10,0.13,8110,8180,7990,22921,184812010,43200000000,5400000
20181123,099320,쎄트렉아이,KOSDAQ,벤처기업부,26050,0,0.00,25900,26550,25600,13463,350853400,95342739500,3659990
20181123,049960,쎌바이오텍,KOSDAQ,우량기업부,30000,300,1.01,29700,31100,29400,128710,3912787900,282000000000,9400000
20181123,050890,쏠리드,KOSDAQ,중견기업부,3280,15,0.46,3245,3370,3205,322779,1060042925,125944321520,38397659
20181123,066790,씨씨에스,KOSDAQ,관리종목(소속부없음),423,0,0.00,0,0,0,0,0,36193713705,85564335
20181123,222080,씨아이에스,KOSDAQ,벤처기업부,2330,-55,-2.31,2400,2425,2315,366198,864857520,124945562650,53624705
20181123,264660,씨앤지하이테크,KOSDAQ,벤처기업부,9750,-350,-3.47,10100,10100,9750,24101,237232010,40976715000,4202740
20181123,115530,씨엔플러스,KOSDAQ,관리종목(소속부없음),839,0,0.00,0,0,0,0,0,35809930359,42681681
20181123,225330,씨엠에스에듀,KOSDAQ,우량기업부,6750,-30,-0.44,6770,6780,6710,6938,46859890,127897434000,18947768
20181123,115480,씨유메디칼,KOSDAQ,벤처기업부,2500,-95,-3.66,2575,2595,2480,67373,169161950,39727447500,15890979
20181123,096530,씨젠,KOSDAQ,우량기업부,16700,-500,-2.91,17250,17450,16700,154455,2625781200,438108134000,26234020
20181123,900120,씨케이에이치,KOSDAQ,외국기업(소속부없음),418,-27,-6.07,440,444,403,331166,141467376,46149063026,110404457
20181123,101240,씨큐브,KOSDAQ,벤처기업부,6010,-140,-2.28,6200,6340,5980,30343,183729340,48383150410,8050441
20181123,047920,씨트리,KOSDAQ,기술성장기업부,4610,-45,-0.97,4825,4900,4610,389370,1849778200,63840999530,13848373
20181123,060590,씨티씨바이오,KOSDAQ,중견기업부,8670,-30,-0.34,8720,8820,8620,15225,132163080,167422225740,19310522
20181123,036170,씨티젠,KOSDAQ,중견기업부,3540,-15,-0.42,3600,3600,3455,84940,298601590,92942080500,26254825
20181123,260930,씨티케이코스메틱스,KOSDAQ,벤처기업부,22100,-700,-3.07,23350,23350,22050,6341,141032950,223699537100,10122151
20181123,013990,아가방컴퍼니,KOSDAQ,중견기업부,3900,-95,-2.38,4030,4030,3900,110026,433720460,128261390400,32887536
20181123,123860,아나패스,KOSDAQ,벤처기업부,18700,-450,-2.35,19250,19400,18400,43822,823155400,189387990000,10127700
20181123,025980,아난티,KOSDAQ,우량기업부,9510,-170,-1.76,9770,10100,9500,2775349,27144357070,782871901650,82320915
20181123,058220,아리온,KOSDAQ,중견기업부,1110,20,1.83,1090,1115,1080,557106,609285275,99306860400,89465640
20181123,052710,아모텍,KOSDAQ,우량기업부,18500,0,0.00,18650,19350,18350,59292,1111445050,180253011000,9743406
20181123,074430,아미노로직스,KOSDAQ,벤처기업부,1840,-50,-2.65,1870,1910,1840,188539,349798000,161601392960,87826844
20181123,092040,아미코젠,KOSDAQ,기술성장기업부,34500,-650,-1.85,34950,35500,34050,173245,6012690000,662107095000,19191510
20181123,083930,아바코,KOSDAQ,우량기업부,6140,-110,-1.76,6260,6290,6090,25227,155354360,98218540700,15996505
20181123,149950,아바텍,KOSDAQ,우량기업부,5470,-130,-2.32,5670,5670,5470,20482,113294670,85373025000,15607500
20181123,036010,아비코전자,KOSDAQ,우량기업부,6050,-280,-4.42,6300,6350,6050,90585,557811670,80422250700,13292934
20181123,050860,아세아텍,KOSDAQ,우량기업부,2880,0,0.00,2880,3000,2865,20510,59477955,50400000000,17500000
20181123,246720,아스타,KOSDAQ,기술성장기업부,8740,0,0.00,8780,9000,8630,18502,163165670,100357251020,11482523
20181123,067390,아스트,KOSDAQ,우량기업부,10650,0,0.00,10850,11250,10600,241448,2626581250,167365783050,15715097
20181123,127710,아시아경제,KOSDAQ,중견기업부,2295,-25,-1.08,2290,2330,2260,28954,66379370,57935048850,25244030
20181123,154030,아시아종묘,KOSDAQ,기술성장기업부,6000,-10,-0.17,6020,6280,5950,689949,4220461530,55293234000,9215539
20181123,227610,아우딘퓨쳐스,KOSDAQ,벤처기업부,16000,0,0.00,16000,16300,15700,47542,761380650,160000000000,10000000
20181123,143160,아이디스,KOSDAQ,우량기업부,23100,-550,-2.33,23950,24300,22950,68192,1604871650,247548609000,10716390
20181123,054800,아이디스홀딩스,KOSDAQ,우량기업부,13400,50,0.37,13550,13550,13250,6537,87558000,138659930400,10347756
20181123,060570,아이리버,KOSDAQ,중견기업부,6790,-180,-2.58,7010,7050,6710,129307,885792660,377240714410,55558279
20181123,099190,아이센스,KOSDAQ,우량기업부,20800,-350,-1.65,21250,21650,20800,61421,1297835350,285734550400,13737238
20181123,214430,아이쓰리시스템,KOSDAQ,우량기업부,18300,-500,-2.66,18800,19200,18200,19106,351643800,130053708000,7106760
20181123,040910,아이씨디,KOSDAQ,우량기업부,7880,0,0.00,7820,7920,7770,58366,458169460,131647196360,16706497
20181123,068940,아이씨케이,KOSDAQ,중견기업부,1390,-25,-1.77,1420,1430,1390,127999,180056035,43339813580,31179722
20181123,052860,아이앤씨,KOSDAQ,벤처기업부,3610,55,1.55,3555,3755,3555,18469,67413390,57020087180,15795038
20181123,069920,아이에스이커머스,KOSDAQ,벤처기업부,3915,25,0.64,3845,3960,3650,35261,133374650,99887674095,25514093
20181123,038880,아이에이,KOSDAQ,벤처기업부,2660,10,0.38,2635,2665,2620,43446,115037865,109826239600,41288060
20181123,101390,아이엠,KOSDAQ,중견기업부,1370,15,1.11,1355,1440,1345,831081,1156401940,51473652330,37572009
20181123,226350,아이엠텍,KOSDAQ,중견기업부,1560,-70,-4.29,1610,1650,1560,116204,184996330,31941040560,20475026
20181123,078860,아이오케이,KOSDAQ,중견기업부,1920,-5,-0.26,1940,1970,1870,47366,90667965,76315520640,39747667
20181123,114810,아이원스,KOSDAQ,우량기업부,8260,-270,-3.17,8530,8550,8200,44407,370064800,110815490940,13415919
20181123,031310,아이즈비전,KOSDAQ,중견기업부,4545,-380,-7.72,4930,4945,4520,511789,2395926655,71686348830,15772574
20181123,185490,아이진,KOSDAQ,기술성장기업부,19200,-550,-2.78,19550,20150,19200,57033,1117576000,211067366400,10993092
20181123,059100,아이컴포넌트,KOSDAQ,벤처기업부,6550,-220,-3.25,6910,6910,6530,21315,141477540,46314133000,7070860
20181123,175250,아이큐어,KOSDAQ,기술성장기업부,36850,-1000,-2.64,37900,38500,36850,98447,3674372400,225651638300,6123518
20181123,052460,아이크래프트,KOSDAQ,중견기업부,2440,-40,-1.61,2525,2525,2425,73598,182018150,35643363840,14607936
20181123,119830,아이텍반도체,KOSDAQ,중견기업부,15600,-150,-0.95,15700,16150,15150,48505,756515800,99544317600,6381046
20181123,124500,아이티센,KOSDAQ,중견기업부,4360,75,1.75,4205,4360,4100,101886,427584090,68454973520,15700682
20181123,027360,아주IB투자,KOSDAQ,중견기업부,1275,70,5.81,1200,1340,1185,19116595,24212515600,151360413750,118714050
20181123,032080,아즈텍WB,KOSDAQ,중견기업부,1775,80,4.72,1705,1775,1635,31413,53089355,37127114100,20916684
20181123,013310,아진산업,KOSDAQ,우량기업부,1820,-65,-3.45,1885,1900,1770,200185,363046765,54113304700,29732585
20181123,059120,아진엑스텍,KOSDAQ,벤처기업부,8270,10,0.12,8350,8520,8190,57127,475002320,57442717050,6945915
20181123,066410,아컴스튜디오,KOSDAQ,투자주의환기종목(소속부없음),660,-31,-4.49,689,695,648,620616,414910312,44375695980,67235903
20181123,023890,아트라스BX,KOSDAQ,우량기업부,52200,-500,-0.95,52700,53000,52100,781,40925100,477630000000,9150000
20181123,067160,아프리카TV,KOSDAQ,우량기업부,39000,-1850,-4.53,40500,41050,38500,198208,7833173800,448295913000,11494767
20181123,001540,안국약품,KOSDAQ,우량기업부,10200,-100,-0.97,10300,10450,10050,28597,292070850,133032684000,13042420
20181123,053800,안랩,KOSDAQ,우량기업부,42650,-400,-0.93,43000,43250,42500,23478,1005575650,427090915750,10013855
20181123,065660,안트로젠,KOSDAQ,기술성장기업부,72500,-1500,-2.03,74000,74800,71400,46667,3405762600,611881947500,8439751
20181123,260660,알리코제약,KOSDAQ,중견기업부,13350,-200,-1.48,13500,14150,13350,136245,1877797300,128100926250,9595575
20181123,131370,알서포트,KOSDAQ,벤처기업부,2080,-45,-2.12,2085,2160,2080,349145,735426220,110795532640,53267083
20181123,140670,알에스오토메이션,KOSDAQ,우량기업부,11000,-150,-1.35,11100,11350,10850,234372,2593823900,100134540000,9103140
20181123,096610,알에프세미,KOSDAQ,중견기업부,6360,-560,-8.09,6850,6990,6360,1454581,9710717600,51649369200,8120970
20181123,061040,알에프텍,KOSDAQ,우량기업부,5960,360,6.43,5480,6150,5470,1666988,9908276070,113538000000,19050000
20181123,148250,알엔투테크놀로지,KOSDAQ,중견기업부,9100,-390,-4.11,9490,9590,9040,39646,363077150,57593372200,6328942
20181123,196170,알테오젠,KOSDAQ,기술성장기업부,29700,-650,-2.14,30200,30900,29600,49043,1476889900,375503931000,12643230
20181123,123750,알톤스포츠,KOSDAQ,중견기업부,4425,-170,-3.70,4690,4690,4350,26032,118189420,56402364225,12746297
20181123,085810,알티캐스트,KOSDAQ,중견기업부,3270,-30,-0.91,3300,3300,3210,38582,125745325,69399733200,21223160
20181123,117670,알파홀딩스,KOSDAQ,중견기업부,11150,0,0.00,11150,11400,11050,123362,1385358950,146560506000,13144440
20181123,196300,애니젠,KOSDAQ,기술성장기업부,14000,-400,-2.78,14350,14800,14000,53472,770465250,70226310000,5016165
20181123,205500,액션스퀘어,KOSDAQ,중견기업부,2855,-130,-4.36,3045,3045,2825,409176,1189607535,75616048255,26485481
20181123,052790,액토즈소프트,KOSDAQ,중견기업부,10300,-200,-1.90,10400,10650,10250,65192,674891300,116705571400,11330638
20181123,131400,액트,KOSDAQ,중견기업부,2970,50,1.71,2945,2990,2800,52240,151393710,51579286110,17366763
20181123,290740,액트로,KOSDAQ,벤처기업부,12750,200,1.59,12800,12800,12500,12154,153888700,63750688500,5000054
20181123,238090,앤디포스,KOSDAQ,우량기업부,16700,-900,-5.11,17350,18000,15900,1138286,19044887900,251651715500,15068965
20181123,174900,앱클론,KOSDAQ,기술성장기업부,42850,-1750,-3.92,44650,44800,42750,76370,3226341500,304642075000,7109500
20181123,255440,야스,KOSDAQ,우량기업부,16150,-700,-4.15,17200,17200,16050,81598,1337711900,210886700000,13058000
20181123,030960,양지사,KOSDAQ,중견기업부,8960,-240,-2.61,9200,9280,8880,83276,751409540,143180800000,15980000
20181123,102120,어보브반도체,KOSDAQ,벤처기업부,4575,15,0.33,4510,4645,4510,29203,133985130,79877912475,17459653
20181123,041590,에너전트,KOSDAQ,중견기업부,1980,110,5.88,2185,2185,1935,1116755,2301818675,88060084200,44474790
20181123,019990,에너토크,KOSDAQ,중견기업부,4175,65,1.58,4115,4195,4060,82827,340760055,40731667400,9756088
20181123,041440,에버다임,KOSDAQ,우량기업부,5940,-110,-1.82,6120,6120,5880,66940,401594710,106420707360,17915944
20181123,038680,에스넷,KOSDAQ,중견기업부,3890,-20,-0.51,3910,3940,3865,20497,79995720,62532586350,16075215
20181123,217480,에스디생명공학,KOSDAQ,우량기업부,10150,50,0.50,10200,10450,9950,507909,5157914780,227512919900,22415066
20181123,121890,에스디시스템,KOSDAQ,벤처기업부,1940,-15,-0.77,1900,2170,1825,71802,145112825,16999595320,8762678
20181123,030270,에스마크,KOSDAQ,투자주의환기종목(소속부없음),90,1,1.12,89,91,88,3452900,308531963,13612862340,151254026
20181123,097780,에스맥,KOSDAQ,중견기업부,1090,-35,-3.11,1125,1140,1090,1783158,1985300165,240822718660,220938274
20181123,073070,에스모,KOSDAQ,우량기업부,7650,-30,-0.39,7660,7840,7560,555070,4278992810,669439068750,87508375
20181123,042110,에스씨디,KOSDAQ,우량기업부,1055,-5,-0.47,1060,1065,1035,56280,59245410,50987690020,48329564
20181123,065420,에스아이리소스,KOSDAQ,중견기업부,597,-3,-0.50,600,612,590,305620,183251328,31540104015,52830995
20181123,103230,에스앤더블류,KOSDAQ,중견기업부,15000,-900,-5.66,15900,16050,14350,130262,1989997950,108000000000,7200000
20181123,900080,에스앤씨엔진그룹,KOSDAQ,외국기업(소속부없음),689,1,0.15,688,690,684,51833,35589514,79400132630,115239670
20181123,101490,에스앤에스텍,KOSDAQ,우량기업부,3575,-65,-1.79,3665,3665,3405,44468,156147760,70553808325,19735331
20181123,095910,에스에너지,KOSDAQ,중견기업부,5350,-40,-0.74,5390,5460,5280,13137,70175650,71499117350,13364321
20181123,275630,에스에스알,KOSDAQ,벤처기업부,10050,-350,-3.37,10350,10550,10000,57688,586417350,56908798350,5662567
20181123,031330,에스에이엠티,KOSDAQ,우량기업부,1670,-45,-2.62,1715,1720,1670,330606,556734170,166991761890,99995067
20181123,060540,에스에이티,KOSDAQ,벤처기업부,1930,-60,-3.02,1980,1995,1925,62331,122251980,50437280580,26133306
20181123,112240,에스에프씨,KOSDAQ,중견기업부,3650,-140,-3.69,3790,3870,3615,394870,1473342255,160533694100,43981834
20181123,056190,에스에프에이,KOSDAQ,우량기업부,38200,-1050,-2.68,39650,39650,37750,123658,4742922700,1371714632000,35908760
20181123,080000,에스엔유,KOSDAQ,벤처기업부,2470,-135,-5.18,2600,2645,2470,489151,1235826290,84777488900,34322870
20181123,160600,에스엔텍,KOSDAQ,벤처기업부,5750,-220,-3.69,5970,5970,5750,61660,357729250,67591623750,11755065
20181123,263920,에스엔피월드,KOSDAQ,중견기업부,11850,750,6.76,11300,12450,10800,177143,2075644800,93337473000,7876580
20181123,041510,에스엠,KOSDAQ,우량기업부,52800,-900,-1.68,53600,54700,52400,182081,9686855400,1215120772800,23013651
20181123,007820,에스엠코어,KOSDAQ,중견기업부,10250,570,5.89,9680,10700,9680,313146,3214178990,205347946500,20033946
20181123,109610,에스와이패널,KOSDAQ,우량기업부,5580,-140,-2.45,5720,5860,5550,122505,702013730,139217250240,24949328
20181123,080440,에스제이케이,KOSDAQ,투자주의환기종목(소속부없음),3030,-80,-2.57,3295,3295,2910,45897,136832275,21804879900,7196330
20181123,096630,에스코넥,KOSDAQ,우량기업부,1495,-15,-0.99,1510,1535,1485,111501,168066090,97572257380,65265724
20181123,069510,에스텍,KOSDAQ,우량기업부,10550,150,1.44,10400,10550,10400,5757,60362650,115100500000,10910000
20181123,041910,에스텍파마,KOSDAQ,중견기업부,8880,-120,-1.33,8970,9160,8850,51912,466412780,105656575440,11898263
20181123,234300,에스트래픽,KOSDAQ,중견기업부,12100,2180,21.98,10250,12700,10200,4282083,50590217000,144246278000,11921180
20181123,039440,에스티아이,KOSDAQ,우량기업부,9400,-190,-1.98,9600,9600,9380,29472,278970530,148802000000,15830000
20181123,098660,에스티오,KOSDAQ,중견기업부,2745,50,1.86,2690,2750,2670,2471,6705000,23209370280,8455144
20181123,052020,에스티큐브,KOSDAQ,중견기업부,21000,-100,-0.47,21000,21250,20250,193652,4025676800,560923461000,26710641
20181123,237690,에스티팜,KOSDAQ,우량기업부,21350,-700,-3.17,22100,22100,21200,66097,1420063000,398305600000,18656000
20181123,050760,에스폴리텍,KOSDAQ,중견기업부,1760,-15,-0.85,1775,1780,1730,38498,67360785,28749033280,16334678
20181123,288620,에스퓨얼셀,KOSDAQ,중견기업부,20850,-150,-0.71,21000,21500,20500,55187,1157993700,119768988600,5744316
20181123,058610,에스피지,KOSDAQ,우량기업부,7360,-70,-0.94,7370,7550,7300,132639,987733060,153654536000,20876975
20181123,043340,에쎈테크,KOSDAQ,중견기업부,916,3,0.33,913,929,894,243492,221324845,65952000000,72000000
20181123,054630,에이디칩스,KOSDAQ,벤처기업부,1700,10,0.59,1690,1855,1685,2921441,5146824700,41976687300,24692169
20181123,200710,에이디테크놀로지,KOSDAQ,벤처기업부,12400,-100,-0.80,12600,12800,12250,488356,6130306250,114734459600,9252779
20181123,003800,에이스침대,KOSDAQ,중견기업부,23200,-100,-0.43,23450,23450,22850,2006,46377200,257288000000,11090000
20181123,088800,에이스테크,KOSDAQ,중견기업부,4170,-75,-1.77,4200,4280,4130,178189,747299415,142284378180,34120954
20181123,138360,에이씨티,KOSDAQ,벤처기업부,5540,0,0.00,5600,5620,5390,163280,897014400,151066016360,27268234
20181123,039230,에이아이비트,KOSDAQ,중견기업부,1325,85,6.85,1240,1370,1240,2004520,2649424560,70855396575,53475771
20181123,050320,에이앤티앤,KOSDAQ,관리종목(소속부없음),3220,0,0.00,0,0,0,0,0,72970870420,22661761
20181123,072990,에이치시티,KOSDAQ,중견기업부,10000,-100,-0.99,10050,10450,9970,4875,49055490,45799340000,4579934
20181123,176440,에이치엔티,KOSDAQ,벤처기업부,3280,-75,-2.24,3355,3420,3215,33509,111426105,43959216000,13402200
20181123,028300,에이치엘비,KOSDAQ,중견기업부,88600,100,0.11,88700,92000,87400,787655,70933268700,3464459350000,39102250
20181123,067630,에이치엘비생명과학,KOSDAQ,중견기업부,17600,50,0.28,17700,18150,17250,370112,6557758850,638855800000,36298625
20181123,043220,에이치엘비파워,KOSDAQ,중견기업부,981,-13,-1.31,994,997,965,106908,104738217,58586187204,59720884
20181123,239610,에이치엘사이언스,KOSDAQ,벤처기업부,39400,250,0.64,39150,40400,38750,41735,1676086050,202600631200,5142148
20181123,044780,에이치케이,KOSDAQ,벤처기업부,1330,-30,-2.21,1350,1360,1320,67013,90130155,24546196710,18455787
20181123,033600,에이코넬,KOSDAQ,중견기업부,2120,-145,-6.40,2240,2255,2100,1002301,2151545810,30643942800,14454690
20181123,071670,에이테크솔루션,KOSDAQ,중견기업부,7410,-240,-3.14,7750,7750,7390,57769,432429000,74100000000,10000000
20181123,045660,에이텍,KOSDAQ,벤처기업부,5900,-90,-1.50,6020,6030,5890,63959,380290630,48734000000,8260000
20181123,224110,에이텍티앤,KOSDAQ,벤처기업부,7630,70,0.93,7610,7800,7390,15113,112591380,40744200000,5340000
20181123,021080,에이티넘인베스트,KOSDAQ,벤처기업부,2060,-75,-3.51,2110,2145,2060,292122,611061505,98880000000,48000000
20181123,089530,에이티세미콘,KOSDAQ,투자주의환기종목(소속부없음),610,8,1.33,599,616,598,262588,159364133,40475438580,66353178
20181123,182400,에이티젠,KOSDAQ,기술성장기업부,13650,-400,-2.85,13800,14050,13650,48335,667585700,338313762150,24784891
20181123,109960,에이프로젠 H&G,KOSDAQ,중견기업부,930,6,0.65,935,959,917,312303,291107089,166186551810,178695217
20181123,089970,에이피티씨,KOSDAQ,벤처기업부,4765,-105,-2.16,5100,5100,4765,76978,379147630,110712845175,23234595
20181123,214870,에치디프로,KOSDAQ,중견기업부,4105,10,0.24,4005,4140,4005,201778,822811375,59749949840,14555408
20181123,230240,에치에프알,KOSDAQ,중견기업부,2230,20,0.90,2210,2230,2145,465025,1017873465,131369531920,58910104
20181123,064510,에코마이스터,KOSDAQ,기술성장기업부,11450,750,7.01,11150,12250,11000,3121119,36124433500,144947920150,12659207
20181123,230360,에코마케팅,KOSDAQ,중견기업부,12500,-50,-0.40,12550,12700,12400,51363,641650750,202486712500,16198937
20181123,038870,에코바이오,KOSDAQ,중견기업부,5140,-60,-1.15,5300,5300,4935,30352,154309235,59251308880,11527492
20181123,086520,에코프로,KOSDAQ,중견기업부,32150,-1200,-3.60,33600,33800,31600,966282,31233266700,710199640650,22090191
20181123,038110,에코플라스틱,KOSDAQ,중견기업부,1045,-25,-2.34,1080,1080,1040,146085,155220625,26824491650,25669370
20181123,073540,에프알텍,KOSDAQ,벤처기업부,2630,35,1.35,2595,2660,2590,13710,35843275,29982000000,11400000
20181123,064090,에프앤리퍼블릭,KOSDAQ,중견기업부,1890,-80,-4.06,1965,1980,1890,432980,831300255,112952895930,59763437
20181123,036810,에프에스티,KOSDAQ,우량기업부,4080,-130,-3.09,4200,4210,4075,88657,364216715,82553961120,20233814
20181123,173940,에프엔씨엔터,KOSDAQ,중견기업부,8080,490,6.46,7690,8600,7620,924240,7543647130,116068230400,14364880
20181123,083500,에프엔에스테크,KOSDAQ,벤처기업부,3925,-75,-1.88,3990,4040,3850,5773,22616170,27535778625,7015485
20181123,065160,에프티이앤이,KOSDAQ,투자주의환기종목(소속부없음),87,0,0.00,0,0,0,0,0,5915212737,67990951
20181123,054940,엑사이엔씨,KOSDAQ,벤처기업부,1190,0,0.00,1200,1205,1180,45113,53769435,39476522120,33173548
20181123,950130,엑세스바이오,KOSDAQ,외국기업(소속부없음),4080,-60,-1.45,4190,4190,4020,32012,130013395,110424914400,27064930
20181123,205100,엑셈,KOSDAQ,벤처기업부,2975,-65,-2.14,3035,3035,2950,18704,55676300,98916851950,33249362
20181123,092870,엑시콘,KOSDAQ,우량기업부,5940,80,1.37,5860,5970,5780,34029,199660670,52767990000,8883500
20181123,067570,엔브이에이치코리아,KOSDAQ,우량기업부,2275,-10,-0.44,2295,2340,2260,7734,17637065,65343055050,28722222
20181123,101400,엔시트론,KOSDAQ,벤처기업부,672,-10,-1.47,682,684,665,273142,183524570,69540845472,103483401
20181123,217820,엔에스,KOSDAQ,벤처기업부,9610,-370,-3.71,9980,10100,9510,22984,223048750,47089000000,4900000
20181123,031860,엔에스엔,KOSDAQ,중견기업부,1590,-30,-1.85,1610,1640,1555,56883,90541085,33505440360,21072604
20181123,256630,엔에이치스팩10호,KOSDAQ,SPAC(소속부없음),2040,0,0.00,2040,2040,2035,4765,9702780,14280000000,7000000
20181123,256840,엔에이치스팩11호,KOSDAQ,SPAC(소속부없음),2045,5,0.25,2045,2045,2045,25001,51127045,13967350000,6830000
20181123,273060,엔에이치스팩12호,KOSDAQ,SPAC(소속부없음),2045,0,0.00,0,0,0,0,0,15357950000,7510000
20181123,208860,엔지스테크널러지,KOSDAQ,벤처기업부,6900,-170,-2.40,7070,7290,6820,16313,112871310,64732626000,9381540
20181123,183490,엔지켐생명과학,KOSDAQ,기술성장기업부,107700,-1900,-1.73,108500,109900,106600,37514,4070419400,826891736400,7677732
20181123,206400,엔터메이트,KOSDAQ,중견기업부,2330,-25,-1.06,2360,2400,2250,291716,682192320,102980042190,44197443
20181123,069410,엔텔스,KOSDAQ,벤처기업부,11000,100,0.92,11100,11100,10700,13312,145036450,75891497000,6899227
20181123,048830,엔피케이,KOSDAQ,중견기업부,1775,-25,-1.39,1800,1845,1755,149304,269698050,33234963325,18723923
20181123,096870,엘디티,KOSDAQ,벤처기업부,3320,-85,-2.50,3495,3495,3200,61371,203208720,22172288000,6678400
20181123,061970,엘비세미콘,KOSDAQ,우량기업부,3490,-110,-3.06,3600,3635,3485,983820,3503999290,152808226080,43784592
20181123,138690,엘아이에스,KOSDAQ,중견기업부,12500,0,0.00,12550,12600,12200,52749,651184550,192809800000,15424784
20181123,290650,엘앤씨바이오,KOSDAQ,벤처기업부,17200,-1150,-6.27,18500,18700,17100,325768,5812155950,124430510400,7234332
20181123,066970,엘앤에프,KOSDAQ,우량기업부,33400,-2200,-6.18,35650,36000,33100,533367,18150836450,826906345000,24757675
20181123,156100,엘앤케이바이오,KOSDAQ,중견기업부,8200,-90,-1.09,8370,8410,8150,30026,247038860,88385635200,10778736
20181123,073110,엘엠에스,KOSDAQ,벤처기업부,5690,-190,-3.23,5860,5860,5620,51122,291693620,50616845950,8895755
20181123,083310,엘오티베큠,KOSDAQ,우량기업부,7470,60,0.81,7470,7480,7330,29909,222328570,99039172320,13258256
20181123,037950,엘컴텍,KOSDAQ,우량기업부,1795,75,4.36,1720,1830,1685,5678415,10052150235,151583296605,84447519
20181123,170920,엘티씨,KOSDAQ,벤처기업부,10050,-450,-4.29,10650,10650,10000,70934,725980000,75575427150,7519943
20181123,058630,엠게임,KOSDAQ,벤처기업부,2560,-70,-2.66,2620,2695,2560,32107,84122720,50032325120,19543877
20181123,019590,엠벤처투자,KOSDAQ,투자주의환기종목(소속부없음),587,0,0.00,0,0,0,0,0,69547815765,118480095
20181123,097520,엠씨넥스,KOSDAQ,중견기업부,13900,150,1.09,13900,14250,13700,205822,2862069800,191744731500,13794585
20181123,009780,엠에스씨,KOSDAQ,우량기업부,7040,-120,-1.68,7330,7330,6910,5248,37396230,123904000000,17600000
20181123,123040,엠에스오토텍,KOSDAQ,우량기업부,1745,-70,-3.86,1870,1870,1730,69669,124816280,47472763390,27205022
20181123,032790,엠젠플러스,KOSDAQ,벤처기업부,8210,10,0.12,8200,8650,8170,137686,1151186420,119628254820,14571042
20181123,033160,엠케이전자,KOSDAQ,우량기업부,8450,-10,-0.12,8460,8460,8190,48733,406045960,184274972050,21807689
20181123,204020,엠코르셋,KOSDAQ,중견기업부,9140,-200,-2.14,9270,9380,9080,33479,309583320,92073755100,10073715
20181123,259630,엠플러스,KOSDAQ,벤처기업부,15800,-650,-3.95,16450,16650,15800,17210,276170000,80767862000,5111890
20181123,115960,연우,KOSDAQ,우량기업부,20100,-350,-1.71,20500,21000,19900,53410,1094683650,249199800000,12398000
20181123,090740,연이정보통신,KOSDAQ,중견기업부,2240,-25,-1.10,2275,2275,2205,8306,18479935,35840000000,16000000
20181123,007530,영신금속,KOSDAQ,중견기업부,1465,-65,-4.25,1545,1560,1465,115001,172414445,18800298120,12832968
20181123,143540,영우디에스피,KOSDAQ,벤처기업부,1990,-30,-1.49,2025,2025,1930,33011,65265155,24266987340,12194466
20181123,036180,영인프런티어,KOSDAQ,중견기업부,5480,190,3.59,5280,5520,5280,210742,1145110430,96449868680,17600341
20181123,036560,영풍정밀,KOSDAQ,우량기업부,7310,-20,-0.27,7350,7380,7310,12723,93457380,115132500000,15750000
20181123,265560,영화테크,KOSDAQ,벤처기업부,8090,-60,-0.74,8260,8260,7950,16353,132180330,43241778100,5345090
20181123,036000,예림당,KOSDAQ,중견기업부,5650,-50,-0.88,5700,5800,5630,96499,546826210,130143665050,23034277
20181123,053280,예스24,KOSDAQ,중견기업부,4735,35,0.74,4735,4735,4660,20455,96286875,81442000000,17200000
20181123,122640,예스티,KOSDAQ,우량기업부,7170,-270,-3.63,7440,7480,7170,45848,331871810,78883156950,11001835
20181123,900300,오가닉티코스메틱,KOSDAQ,외국기업(소속부없음),2970,-95,-3.10,3055,3070,2955,336271,1005798470,169067250000,56925000
20181123,045060,오공,KOSDAQ,중견기업부,3275,25,0.77,3280,3365,3270,176524,585059815,55484964850,16941974
20181123,080520,오디텍,KOSDAQ,우량기업부,5270,-70,-1.31,5310,5420,5160,20045,105907450,61904629430,11746609
20181123,039830,오로라,KOSDAQ,우량기업부,8450,-200,-2.31,8600,8720,8450,13557,115797420,90946420500,10762890
20181123,046120,오르비텍,KOSDAQ,벤처기업부,4080,20,0.49,4085,4170,4010,488805,1999475260,97065537840,23790573
20181123,014940,오리엔탈정공,KOSDAQ,중견기업부,755,-2,-0.26,755,755,738,52851,39277483,34408114055,45573661
20181123,065500,오리엔트정공,KOSDAQ,중견기업부,432,-7,-1.59,437,451,432,332847,145845932,50636690784,117214562
20181123,010470,오리콤,KOSDAQ,우량기업부,5050,90,1.81,4925,5170,4910,80992,408588570,58068687500,11498750
20181123,053980,오상자이엘,KOSDAQ,중견기업부,7120,20,0.28,7100,7200,6900,4946,35115810,126364919840,17747882
20181123,052420,오성첨단소재,KOSDAQ,중견기업부,2305,5,0.22,2290,2480,2260,2311630,5466577885,114599757195,49717899
20181123,241790,오션브릿지,KOSDAQ,벤처기업부,7990,40,0.50,7950,8020,7800,6844,54031390,72908590200,9124980
20181123,039200,오스코텍,KOSDAQ,벤처기업부,27200,-500,-1.81,27750,28300,27100,379419,10495984850,741221406400,27250787
20181123,226400,오스테오닉,KOSDAQ,기술성장기업부,4425,-70,-1.56,4495,4585,4400,18240,80999265,37428712050,8458466
20181123,031510,오스템,KOSDAQ,우량기업부,4745,-80,-1.66,4870,4995,4725,263792,1286420955,123370000000,26000000
20181123,048260,오스템임플란트,KOSDAQ,우량기업부,52800,-1200,-2.22,54000,54200,52500,47700,2540127200,754285857600,14285717
20181123,138080,오이솔루션,KOSDAQ,벤처기업부,15400,-700,-4.35,16000,16250,15050,301679,4667969850,119188792800,7739532
20181123,080580,오킨스전자,KOSDAQ,벤처기업부,2910,-20,-0.68,2910,2980,2910,11158,32664855,18042000000,6200000
20181123,067170,오텍,KOSDAQ,우량기업부,9550,-250,-2.55,9760,9890,9520,73122,704375570,146989827750,15391605
20181123,173130,오파스넷,KOSDAQ,기술성장기업부,7940,-510,-6.04,8330,8500,7910,93515,761647390,31965661880,4025902
20181123,049480,오픈베이스,KOSDAQ,중견기업부,2045,-70,-3.31,2130,2140,2045,233368,486473955,64258773235,31422383
20181123,226950,올릭스,KOSDAQ,기술성장기업부,69200,-500,-0.72,69400,71600,66700,239053,16578039400,450071333200,6503921
20181123,057540,옴니시스템,KOSDAQ,우량기업부,1965,-35,-1.75,2000,2020,1950,67534,133623020,79934264475,40679015
20181123,057680,옴니텔,KOSDAQ,중견기업부,1780,-35,-1.93,1810,1880,1750,660167,1201801120,59983579200,33698640
20181123,123010,옵토팩,KOSDAQ,기술성장기업부,3550,-30,-0.84,3500,3605,3500,13023,45974715,17705301950,4987409
20181123,082210,옵트론텍,KOSDAQ,우량기업부,4320,10,0.23,4350,4350,4300,49701,214696095,97461908640,22560627
20181123,109080,옵티시스,KOSDAQ,벤처기업부,6480,-40,-0.61,6520,6560,6400,26714,172167850,36521280000,5636000
20181123,153710,옵티팜,KOSDAQ,기술성장기업부,10550,450,4.46,10050,10900,9910,865146,9009913210,149992071900,14217258
20181123,052770,와이디온라인,KOSDAQ,투자주의환기종목(소속부없음),2160,0,0.00,2165,2195,2120,112270,240187935,67874531040,31423394
20181123,057030,와이비엠넷,KOSDAQ,중견기업부,1930,10,0.52,1940,1950,1890,20010,38565085,31483505210,16312697
20181123,122990,와이솔,KOSDAQ,우량기업부,15550,-550,-3.42,16050,16250,15400,251442,3947171100,375407182550,24141941
20181123,232140,와이아이케이,KOSDAQ,우량기업부,2985,30,1.02,2970,3095,2960,164678,496714395,184438541160,61788456
20181123,067900,와이엔텍,KOSDAQ,우량기업부,4640,-220,-4.53,4900,4915,4620,216874,1023547865,84446417760,18199659
20181123,155650,와이엠씨,KOSDAQ,우량기업부,8380,-140,-1.64,8470,8630,8300,291714,2463786940,167385120040,19974358
20181123,251370,와이엠티,KOSDAQ,벤처기업부,17850,-100,-0.56,17850,18350,17500,26525,475033950,132182820000,7405200
20181123,066430,와이오엠,KOSDAQ,관리종목(소속부없음),9300,-670,-6.72,10150,10150,9250,262699,2502082700,107540866200,11563534
20181123,193250,와이제이엠게임즈,KOSDAQ,중견기업부,1870,-30,-1.58,1905,1920,1865,244587,461658295,85340432650,45636595
20181123,019210,와이지-원,KOSDAQ,우량기업부,9580,90,0.95,9510,9870,9510,216666,2104112550,292251292840,30506398
20181123,122870,와이지엔터테인먼트,KOSDAQ,우량기업부,39150,-500,-1.26,39250,40050,39050,148803,5863783000,711970507350,18185709
20181123,079000,와토스코리아,KOSDAQ,중견기업부,5460,50,0.92,5440,5480,5400,3225,17555170,39312000000,7200000
20181123,114630,우노앤컴퍼니,KOSDAQ,중견기업부,4295,5,0.12,4205,4505,4205,1062,4558230,58300179675,13573965
20181123,032820,우리기술,KOSDAQ,벤처기업부,1125,-5,-0.44,1145,1190,1115,1497250,1729217175,96074991000,85399992
20181123,041190,우리기술투자,KOSDAQ,벤처기업부,2770,-110,-3.82,2880,2900,2725,1239278,3477535950,232680000000,84000000
20181123,115440,우리넷,KOSDAQ,벤처기업부,5110,0,0.00,5250,5290,5020,24229,124380090,32528778100,6365710
20181123,046970,우리로,KOSDAQ,벤처기업부,2075,5,0.24,2095,2120,2065,28883,60283935,51441571925,24791119
20181123,215360,우리산업,KOSDAQ,우량기업부,31150,-1250,-3.86,32300,32800,30850,250245,7861857800,284466877450,9132163
20181123,072470,우리산업홀딩스,KOSDAQ,우량기업부,4190,40,0.96,4195,4195,4055,1909,7891095,79137958790,18887341
20181123,073560,우리손에프앤지,KOSDAQ,우량기업부,1620,-35,-2.11,1670,1670,1615,171526,280510570,112164981660,69237643
20181123,153490,우리이앤엘,KOSDAQ,중견기업부,684,2,0.29,682,689,671,13654,9270904,34131600000,49900000
20181123,082850,우리이티아이,KOSDAQ,중견기업부,785,-20,-2.48,806,820,780,18200,14382458,32592117485,41518621
20181123,037400,우리조명,KOSDAQ,중견기업부,1005,9,0.90,999,1010,996,9487,9499562,25047962730,24923346
20181123,101170,우림기계,KOSDAQ,벤처기업부,3380,-20,-0.59,3375,3460,3345,41582,140789375,45630000000,13500000
20181123,066590,우수AMS,KOSDAQ,중견기업부,3450,-290,-7.75,3750,3790,3415,916604,3224276045,85195345350,24694303
20181123,046940,우원개발,KOSDAQ,중견기업부,3790,0,0.00,3865,3980,3690,192191,740727455,62153998880,16399472
20181123,215380,우정바이오,KOSDAQ,벤처기업부,2315,-10,-0.43,2325,2555,2305,1218315,2957957755,58128980965,25109711
20181123,065680,우주일렉트로,KOSDAQ,우량기업부,8180,30,0.37,8180,8200,8040,1173,9483480,81261919600,9934220
20181123,018620,우진비앤지,KOSDAQ,벤처기업부,2510,-565,-18.37,3040,3225,2510,793718,2236212470,40704702630,16217013
20181123,032940,원익,KOSDAQ,중견기업부,4430,-115,-2.53,4505,4550,4365,104223,462859475,79449533760,17934432
20181123,240810,원익IPS,KOSDAQ,우량기업부,20000,-100,-0.50,20200,20250,19800,379459,7623082350,825468720000,41273436
20181123,074600,원익QnC,KOSDAQ,우량기업부,12000,500,4.35,11450,12050,11450,150438,1790674100,315456000000,26288000
20181123,104830,원익머트리얼즈,KOSDAQ,우량기업부,25450,0,0.00,25100,25850,25100,22491,575992800,320873600000,12608000
20181123,014190,원익큐브,KOSDAQ,중견기업부,2515,-150,-5.63,2680,2710,2490,626424,1616493095,89030763590,35399906
20181123,123100,원익테라세미콘,KOSDAQ,우량기업부,14450,-200,-1.37,14600,14700,14350,42451,614410500,163340488000,11303840
20181123,030530,원익홀딩스,KOSDAQ,우량기업부,3855,-85,-2.16,3920,3980,3855,137836,539331450,297752416755,77237981
20181123,012620,원일특강,KOSDAQ,우량기업부,9790,200,2.09,9850,9850,9570,3397,33028760,43076000000,4400000
20181123,008370,원풍,KOSDAQ,우량기업부,3575,-15,-0.42,3590,3630,3535,15948,56894880,42900000000,12000000
20181123,008290,원풍물산,KOSDAQ,중견기업부,3130,-105,-3.25,3260,3260,3130,134928,428346110,120166274530,38391781
20181123,101160,월덱스,KOSDAQ,벤처기업부,5160,-10,-0.19,5170,5240,5100,38467,199232260,85196723880,16510993
20181123,095270,웨이브일렉트로,KOSDAQ,벤처기업부,22450,-100,-0.44,23050,23050,22300,13549,304332800,242434586600,10798868
20181123,065950,웰크론,KOSDAQ,벤처기업부,3185,15,0.47,3165,3250,3165,304859,978249245,81187232945,25490497
20181123,114190,웰크론강원,KOSDAQ,중견기업부,3240,-55,-1.67,3395,3410,3185,53668,177043440,49419817200,15253030
20181123,076080,웰크론한텍,KOSDAQ,중견기업부,2015,-55,-2.66,2100,2100,1965,33226,67601515,39015584595,19362573
20181123,196700,웹스,KOSDAQ,벤처기업부,2130,-25,-1.16,2190,2310,2130,3091635,6929504660,29177753880,13698476
20181123,069080,웹젠,KOSDAQ,우량기업부,16400,-550,-3.24,16750,17250,16400,165401,2774885250,579098497600,35310884
20181123,044340,위닉스,KOSDAQ,중견기업부,14550,-200,-1.36,14800,14800,14300,137407,1994955650,260058333750,17873425
20181123,112040,위메이드,KOSDAQ,중견기업부,25350,-300,-1.17,25250,25950,24900,88506,2248173300,425880000000,16800000
20181123,038620,위즈코프,KOSDAQ,벤처기업부,1035,-15,-1.43,1050,1070,1020,233653,243236075,38457569520,37157072
20181123,036090,위지트,KOSDAQ,중견기업부,1040,-25,-2.35,1070,1090,1030,395284,414820850,75659285520,72749313
20181123,136540,윈스,KOSDAQ,우량기업부,11300,0,0.00,11300,11450,11100,14324,160908550,136595111900,12088063
20181123,097800,윈팩,KOSDAQ,중견기업부,1545,-50,-3.13,1590,1615,1520,395048,611560290,52670931810,34091218
20181123,192390,윈하이텍,KOSDAQ,중견기업부,4020,-85,-2.07,4090,4200,4020,38111,155604330,39649617780,9863089
20181123,036200,유니셈,KOSDAQ,우량기업부,3670,-110,-2.91,3760,3815,3645,306829,1137282015,112537698410,30664223
20181123,018000,유니슨,KOSDAQ,중견기업부,1620,-20,-1.22,1640,1650,1605,494863,804114875,151632981720,93600606
20181123,203450,유니온커뮤니티,KOSDAQ,벤처기업부,2585,-25,-0.96,2610,2610,2540,33838,86831220,37945233095,14679007
20181123,011320,유니크,KOSDAQ,우량기업부,3615,-135,-3.60,3795,3815,3555,127720,466726135,69844312425,19320695
20181123,086390,유니테스트,KOSDAQ,우량기업부,11500,-50,-0.43,11550,11850,11450,172852,2010511600,243042449000,21134126
20181123,241690,유니테크노,KOSDAQ,우량기업부,14800,-300,-1.99,14900,15600,14700,15702,235096850,176527296000,11927520
20181123,142210,유니트론텍,KOSDAQ,벤처기업부,4790,45,0.95,4760,4860,4695,24914,118789610,47574040500,9931950
20181123,048430,유라테크,KOSDAQ,우량기업부,5460,-80,-1.44,5550,5550,5450,43869,240783270,62899200000,11520000
20181123,206650,유바이오로직스,KOSDAQ,기술성장기업부,5420,40,0.74,5380,5470,5350,28804,155526210,137063594120,25288486
20181123,089850,유비벨록스,KOSDAQ,벤처기업부,5720,10,0.18,5710,5750,5620,23591,134291520,40701786840,7115697
20181123,032620,유비케어,KOSDAQ,우량기업부,4120,-5,-0.12,4095,4160,4065,121425,500903680,215052212680,52197139
20181123,264450,유비쿼스,KOSDAQ,우량기업부,35700,-1100,-2.99,36700,36950,34250,70834,2514980000,182925193500,5123955
20181123,078070,유비쿼스홀딩스,KOSDAQ,우량기업부,6170,-130,-2.06,6300,6300,6090,11282,69746390,115358194760,18696628
20181123,024800,유성티엔에스,KOSDAQ,우량기업부,2645,-45,-1.67,2740,2740,2565,70869,185673940,71979919100,27213580
20181123,054930,유신,KOSDAQ,중견기업부,15200,700,4.83,14700,16350,14500,89898,1396230950,45600000000,3000000
20181123,069330,유아이디,KOSDAQ,벤처기업부,1670,-65,-3.75,1720,1725,1660,73809,124863330,19852612640,11887792
20181123,049520,유아이엘,KOSDAQ,우량기업부,4440,-55,-1.22,4495,4495,4415,18684,82926400,96725115840,21784936
20181123,287410,유안타제3호스팩,KOSDAQ,SPAC(소속부없음),2065,0,0.00,2070,2070,2050,611,1264210,8745275000,4235000
20181123,056090,유앤아이,KOSDAQ,기술성장기업부,11100,350,3.26,10750,11600,10750,29311,326374550,85943326200,7742642
20181123,263770,유에스티,KOSDAQ,중견기업부,5920,-30,-0.50,6020,6110,5700,169010,1005248290,140305018240,23700172
20181123,195990,유지인트,KOSDAQ,중견기업부,624,-16,-2.50,636,647,620,264024,166258352,49848307392,79885108
20181123,023410,유진기업,KOSDAQ,우량기업부,5720,-40,-0.69,5820,5980,5690,701663,4089514020,441138223240,77122067
20181123,056080,유진로봇,KOSDAQ,벤처기업부,4015,-35,-0.86,4010,4095,3950,42005,170319445,150611290280,37512152
20181123,084370,유진테크,KOSDAQ,우량기업부,11500,-350,-2.95,11850,11900,11500,75003,871776600,263534483000,22916042
20181123,178780,유테크,KOSDAQ,중견기업부,3500,-200,-5.41,3740,3875,3500,373241,1379153585,59868301500,17105229
20181123,179900,유티아이,KOSDAQ,벤처기업부,5250,-310,-5.58,5300,5400,5130,380924,2002424610,27993761250,5332145
20181123,191410,육일씨엔에쓰,KOSDAQ,중견기업부,3310,-205,-5.83,3590,3590,3310,28104,95344625,30991602820,9363022
20181123,039020,이건홀딩스,KOSDAQ,중견기업부,2470,-40,-1.59,2550,2550,2450,11085,27449830,55784231230,22584709
20181123,060230,이그잭스,KOSDAQ,벤처기업부,1765,-15,-0.84,1765,1810,1750,54471,95839140,89526084410,50722994
20181123,067920,이글루시큐리티,KOSDAQ,벤처기업부,4430,45,1.03,4395,4430,4335,5721,25080735,48712807170,10996119
20181123,044960,이글벳,KOSDAQ,중견기업부,3995,-15,-0.37,4010,4010,3955,24182,96145020,50504322585,12641883
20181123,073490,이노와이어리스,KOSDAQ,벤처기업부,20550,-200,-0.96,20750,21200,20350,43795,900425950,123351375000,6002500
20181123,215790,이노인스트루먼트,KOSDAQ,중견기업부,4720,680,16.83,4070,5250,3975,1746422,8398430075,95736463280,20283149
20181123,088390,이녹스,KOSDAQ,우량기업부,8710,-10,-0.11,8760,8760,8500,12128,104102130,81445851240,9350844
20181123,272290,이녹스첨단소재,KOSDAQ,우량기업부,40050,1100,2.82,39000,40300,38950,93452,3716228000,359228715300,8969506
20181123,053350,이니텍,KOSDAQ,우량기업부,5750,70,1.23,5630,5830,5540,19887,113490170,113797767000,19790916
20181123,258610,이더블유케이,KOSDAQ,벤처기업부,3970,-175,-4.22,4115,4135,3925,14152,57004650,29302347680,7380944
20181123,033110,이디,KOSDAQ,투자주의환기종목(소속부없음),705,-25,-3.42,733,733,705,477352,341347273,44636347440,63313968
20181123,041520,이라이콤,KOSDAQ,우량기업부,5090,-120,-2.30,5200,5340,5000,74146,377606830,62040635700,12188730
20181123,054210,이랜텍,KOSDAQ,우량기업부,2535,-70,-2.69,2555,2595,2525,27262,69602635,51912252210,20478206
20181123,065440,이루온,KOSDAQ,벤처기업부,1355,-35,-2.52,1385,1415,1355,233681,323269250,36957652100,27275020
20181123,036260,이매진아시아,KOSDAQ,중견기업부,2400,55,2.35,2320,2460,2320,206609,496106340,85629878400,35679116
20181123,115610,이미지스,KOSDAQ,벤처기업부,4350,175,4.19,4145,4350,4140,59460,253695435,33360706800,7669128
20181123,078020,이베스트투자증권,KOSDAQ,우량기업부,9370,0,0.00,9290,9370,9190,895,8273320,379308750300,40481190
20181123,080010,이상네트웍스,KOSDAQ,중견기업부,8030,30,0.38,8020,8180,7910,3478,27703080,72390450000,9015000
20181123,086890,이수앱지스,KOSDAQ,기술성장기업부,6610,-150,-2.22,6900,6900,6600,44497,298076050,175993180120,26625292
20181123,047560,이스트소프트,KOSDAQ,벤처기업부,6440,-60,-0.92,6570,6570,6380,12027,77361030,63752136000,9899400
20181123,900110,이스트아시아홀딩스,KOSDAQ,외국기업(소속부없음),276,-2,-0.72,288,289,275,354563,99329292,30084189336,109000686
20181123,067010,이씨에스,KOSDAQ,벤처기업부,4100,-25,-0.61,4130,4215,4090,11843,48798680,30750000000,7500000
20181123,223310,이에스브이,KOSDAQ,중견기업부,866,-10,-1.14,870,888,861,555559,487346587,96684635816,111645076
20181123,052190,이에스에이,KOSDAQ,관리종목(소속부없음),2075,5,0.24,2070,2075,2000,51946,105452405,57493429775,27707677
20181123,226360,이엑스티,KOSDAQ,벤처기업부,2275,-35,-1.52,2320,2360,2215,126854,289432210,61476355850,27022574
20181123,102710,이엔에프테크놀로지,KOSDAQ,우량기업부,12100,-400,-3.20,12500,12550,11950,164489,1998483550,172156815600,14227836
20181123,094190,이엘케이,KOSDAQ,중견기업부,1030,15,1.48,1005,1030,992,480409,484168138,71179981340,69106778
20181123,063760,이엘피,KOSDAQ,벤처기업부,12750,-300,-2.30,13150,13150,12500,15873,201455650,62545125000,4905500
20181123,123570,이엠넷,KOSDAQ,중견기업부,2190,-10,-0.45,2200,2270,2100,38766,84923865,48784610820,22276078
20181123,095190,이엠코리아,KOSDAQ,중견기업부,3945,-55,-1.38,3975,4080,3880,540369,2151506445,143332517280,36332704
20181123,091120,이엠텍,KOSDAQ,우량기업부,16700,250,1.52,16350,17200,16050,923789,15411261950,253820193800,15198814
20181123,039030,이오테크닉스,KOSDAQ,우량기업부,46500,-300,-0.64,47000,47850,46300,33405,1573620100,571049109000,12280626
20181123,088290,이원컴포텍,KOSDAQ,중견기업부,1120,10,0.90,1110,1125,1080,13895,15466525,15957609920,14247866
20181123,181340,이즈미디어,KOSDAQ,벤처기업부,5660,-120,-2.08,5800,5800,5560,11404,64251990,39875266000,7045100
20181123,035810,이지바이오,KOSDAQ,우량기업부,5860,-100,-1.68,5960,6030,5860,381765,2264360550,339454276860,57927351
20181123,090850,이지웰페어,KOSDAQ,벤처기업부,6950,-160,-2.25,7110,7150,6900,23135,161561200,70007475100,10073018
20181123,092130,이크레더블,KOSDAQ,중견기업부,16100,200,1.26,16100,16100,15800,3763,60222450,193901960000,12043600
20181123,016250,이테크건설,KOSDAQ,우량기업부,79200,-2400,-2.94,81000,81700,79100,3730,297951900,221760000000,2800000
20181123,096040,이트론,KOSDAQ,중견기업부,179,-3,-1.65,182,184,176,988110,177842267,42950983054,239949626
20181123,134060,이퓨쳐,KOSDAQ,벤처기업부,3870,85,2.25,3755,3875,3695,19120,72030245,18456997500,4769250
20181123,001840,이화공영,KOSDAQ,벤처기업부,6850,80,1.18,6880,7110,6790,415450,2882054430,135669456000,19805760
20181123,024810,이화전기,KOSDAQ,중견기업부,261,-5,-1.88,266,269,259,2974186,785998793,157130603343,602032963
20181123,041830,인바디,KOSDAQ,우량기업부,22850,-250,-1.08,23550,24400,22750,290432,6848618200,312674418700,13683782
20181123,079950,인베니아,KOSDAQ,벤처기업부,3300,-60,-1.79,3400,3400,3200,6190,20525020,76560000000,23200000
20181123,277410,인산가,KOSDAQ,벤처기업부,1650,-50,-2.94,1700,1725,1635,385205,641824375,38847136350,23543719
20181123,060150,인선이엔티,KOSDAQ,중견기업부,6320,-20,-0.32,6350,6490,6280,259314,1656857350,231308132160,36599388
20181123,033230,인성정보,KOSDAQ,중견기업부,3200,-145,-4.33,3395,3400,3200,37521,122168350,61306467200,19158271
20181123,037330,인지디스플레,KOSDAQ,우량기업부,1600,5,0.31,1595,1635,1565,175552,281472940,56965033600,35603146
20181123,083640,인콘,KOSDAQ,벤처기업부,1570,-10,-0.63,1595,1645,1555,6822132,10917203270,198255298200,126277260
20181123,216050,인크로스,KOSDAQ,중견기업부,16550,0,0.00,16700,17000,16400,13732,228426600,132595207250,8011795
20181123,049070,인탑스,KOSDAQ,우량기업부,11800,200,1.72,11500,12000,11350,317819,3730728350,202960000000,17200000
20181123,119610,인터로조,KOSDAQ,우량기업부,19550,-50,-0.26,19600,19800,19050,48537,944735700,214790942950,10986749
20181123,158310,인터불스,KOSDAQ,중견기업부,3630,-40,-1.09,3420,3890,3380,1155177,4171384185,31443633540,8662158
20181123,017250,인터엠,KOSDAQ,중견기업부,2710,-40,-1.45,2750,2820,2690,202083,551869210,57033215570,21045467
20181123,108790,인터파크,KOSDAQ,우량기업부,5220,40,0.77,5230,5240,5150,90295,468474970,172967205600,33135480
20181123,035080,인터파크홀딩스,KOSDAQ,중견기업부,2260,-45,-1.95,2305,2310,2260,227402,517382300,132210000000,58500000
20181123,051370,인터플렉스,KOSDAQ,중견기업부,11050,-300,-2.64,11250,11450,11000,134121,1495510750,257768565600,23327472
20181123,064290,인텍플러스,KOSDAQ,벤처기업부,4230,-45,-1.05,4275,4350,4160,18381,78480295,46713933090,11043483
20181123,189300,인텔리안테크,KOSDAQ,우량기업부,14350,250,1.77,14100,14700,13950,40774,579833450,103907546400,7240944
20181123,150840,인트로메딕,KOSDAQ,기술성장기업부,7940,-460,-5.48,8400,8400,7890,159395,1284411400,122169254640,15386556
20181123,048530,인트론바이오,KOSDAQ,기술성장기업부,46800,500,1.08,46500,48000,45500,962313,45206134100,703800021600,15038462
20181123,175140,인포마크,KOSDAQ,벤처기업부,10100,-300,-2.88,10250,10450,10100,2776,28302900,36644900800,3628208
20181123,115310,인포바인,KOSDAQ,벤처기업부,22900,250,1.10,22800,22950,22600,905,20606400,73117020700,3192883
20181123,039290,인포뱅크,KOSDAQ,중견기업부,6730,-300,-4.27,6950,7040,6730,121205,831805460,58510471940,8693978
20181123,041020,인프라웨어,KOSDAQ,벤처기업부,1430,-10,-0.69,1425,1480,1390,51459,73281590,53572318800,37463160
20181123,071200,인피니트헬스케어,KOSDAQ,중견기업부,6000,-130,-2.12,6100,6290,6000,124278,757141560,146378748000,24396458
20181123,101930,인화정공,KOSDAQ,중견기업부,5720,20,0.35,5760,5760,5500,4644,26264170,53377352600,9331705
20181123,078940,일경산업개발,KOSDAQ,관리종목(소속부없음),1210,80,7.08,1145,1275,1130,601672,728017680,54184015380,44780178
20181123,068330,일신바이오,KOSDAQ,중견기업부,1985,-20,-1.00,1995,2015,1980,123046,244996375,87769037900,44216140
20181123,058450,일야,KOSDAQ,벤처기업부,1305,-60,-4.40,1370,1400,1295,1498612,1998491480,12762900000,9780000
20181123,019540,일지테크,KOSDAQ,우량기업부,2265,-45,-1.95,2310,2320,2240,10584,23922695,30608077500,13513500
20181123,094820,일진파워,KOSDAQ,우량기업부,5150,0,0.00,5130,5210,5120,24176,124804490,77655351350,15078709
20181123,950140,잉글우드랩,KOSDAQ,외국기업(소속부없음),7620,-80,-1.04,7610,7700,7410,198025,1496331710,151393138920,19867866
20181123,049550,잉크테크,KOSDAQ,벤처기업부,3280,-20,-0.61,3300,3330,3250,12315,40557890,52545376960,16019932
20181123,043910,자연과환경,KOSDAQ,중견기업부,1790,-20,-1.10,1825,1870,1765,497345,898313640,60769349030,33949357
20181123,234920,자이글,KOSDAQ,우량기업부,6300,-40,-0.63,6240,6390,6210,13771,86266920,85244733000,13530910
20181123,174880,장원테크,KOSDAQ,중견기업부,9420,-260,-2.69,9650,9840,9230,29102,276116550,56943900000,6045000
20181123,049630,재영솔루텍,KOSDAQ,투자주의환기종목(소속부없음),1015,-20,-1.93,1050,1065,1005,385731,397309895,46380989340,45695556
20181123,065530,전파기지국,KOSDAQ,우량기업부,2400,-20,-0.83,2435,2505,2340,1118043,2695466210,126864000000,52860000
20181123,208140,정다운,KOSDAQ,중견기업부,2705,-135,-4.75,2840,2850,2685,274856,753487495,55533173920,20529824
20181123,022220,정산애강,KOSDAQ,우량기업부,1900,-30,-1.55,1925,1950,1900,95461,183152175,98409700100,51794579
20181123,040420,정상제이엘에스,KOSDAQ,우량기업부,7320,20,0.27,7320,7330,7270,4982,36324060,114759680640,15677552
20181123,045510,정원엔시스,KOSDAQ,중견기업부,1975,-15,-0.75,1955,1985,1955,2325,4571690,63613351700,32209292
20181123,065620,제낙스,KOSDAQ,벤처기업부,18350,-200,-1.08,18800,18800,18150,61627,1134390900,412631752400,22486744
20181123,217190,제너셈,KOSDAQ,벤처기업부,1980,-100,-4.81,2115,2115,1955,34637,69871220,17362964520,8769174
20181123,095700,제넥신,KOSDAQ,기술성장기업부,76400,-1200,-1.55,77500,78800,75800,116354,9007473600,1560636857600,20427184
20181123,122310,제노레이,KOSDAQ,벤처기업부,21950,-700,-3.09,22550,23000,21750,19017,425794250,91690769200,4177256
20181123,187420,제노포커스,KOSDAQ,기술성장기업부,7470,-300,-3.86,7730,7820,7420,57383,434792650,156863164950,20999085
20181123,123330,제닉,KOSDAQ,벤처기업부,7800,-370,-4.53,8110,8150,7720,85405,672604220,54600000000,7000000
20181123,159580,제로투세븐,KOSDAQ,중견기업부,8560,80,0.94,8710,8800,8300,408825,3531301050,171479364160,20032636
20181123,147830,제룡산업,KOSDAQ,벤처기업부,6800,20,0.29,6870,7050,6720,81560,561236780,68000000000,10000000
20181123,033100,제룡전기,KOSDAQ,벤처기업부,7820,50,0.64,7900,8180,7730,383771,3052386180,125608038380,16062409
20181123,019570,제미니투자,KOSDAQ,중견기업부,601,1,0.17,600,603,592,147943,88275291,24040000000,40000000
20181123,079370,제우스,KOSDAQ,우량기업부,11750,-100,-0.84,11850,11950,11500,35942,419867450,122012000000,10384000
20181123,054950,제이브이엠,KOSDAQ,우량기업부,31450,-650,-2.02,31550,32150,31450,11500,363794850,199107056600,6330908
20181123,096690,제이스테판,KOSDAQ,중견기업부,250,0,0.00,249,253,242,2488861,615702558,65192482250,260769929
20181123,090470,제이스텍,KOSDAQ,우량기업부,6270,-520,-7.66,6730,6790,6270,115534,747529220,91528256160,14597808
20181123,137950,제이씨케미칼,KOSDAQ,벤처기업부,3260,-25,-0.76,3315,3390,3255,39844,131834635,63058180000,19343000
20181123,033320,제이씨현시스템,KOSDAQ,우량기업부,5430,-120,-2.16,5540,5600,5260,123626,667671620,103791365760,19114432
20181123,026040,제이에스티나,KOSDAQ,중견기업부,5580,-10,-0.18,5620,5720,5500,37581,210979630,92091148200,16503790
20181123,126880,제이엔케이히터,KOSDAQ,중견기업부,3700,40,1.09,3670,3740,3625,43412,159623820,62052463200,16770936
20181123,033050,제이엠아이,KOSDAQ,중견기업부,1125,0,0.00,1125,1150,1080,147172,162047880,36651759750,32579342
20181123,094970,제이엠티,KOSDAQ,중견기업부,2750,15,0.55,2765,2765,2650,93926,255241840,46057660000,16748240
20181123,058420,제이웨이,KOSDAQ,중견기업부,1525,-30,-1.93,1555,1555,1500,71800,109110295,22972920250,15064210
20181123,036420,제이콘텐트리,KOSDAQ,우량기업부,4720,10,0.21,4710,4815,4670,649331,3092197445,680005595040,144068982
20181123,089790,제이티,KOSDAQ,벤처기업부,2625,-25,-0.94,2815,2815,2620,34354,91449690,26294176125,10016829
20181123,052670,제일바이오,KOSDAQ,중견기업부,3995,45,1.14,3940,4100,3925,200801,801194105,59925000000,15000000
20181123,023440,제일제강,KOSDAQ,중견기업부,1405,-40,-2.77,1450,1465,1390,310076,439815265,36575219925,26032185
20181123,038010,제일테크노스,KOSDAQ,우량기업부,3855,-80,-2.03,3940,3990,3855,18811,73596180,34695000000,9000000
20181123,080220,제주반도체,KOSDAQ,중견기업부,4030,20,0.50,4030,4075,3955,112998,454176480,115098968140,28560538
20181123,082270,젬백스,KOSDAQ,중견기업부,12300,100,0.82,12200,12800,12050,221980,2765717750,422430634200,34343954
20181123,044060,조광ILI,KOSDAQ,중견기업부,5170,-30,-0.58,5220,5390,5060,88744,463316430,51108841520,9885656
20181123,034940,조아제약,KOSDAQ,중견기업부,4655,-150,-3.12,4850,4865,4655,188142,893589145,131784125305,28310231
20181123,101730,조이맥스,KOSDAQ,중견기업부,5730,-60,-1.04,5600,5790,5590,8513,48429460,48734990820,8505234
20181123,067000,조이시티,KOSDAQ,벤처기업부,11200,-50,-0.44,11400,11400,11050,6880,76959550,131974024000,11783395
20181123,033340,좋은사람들,KOSDAQ,중견기업부,4320,-10,-0.23,4380,4480,4270,1193752,5231472820,129203527680,29908224
20181123,036930,주성엔지니어링,KOSDAQ,우량기업부,6860,-140,-2.00,7040,7040,6860,144201,995198780,330989594320,48249212
20181123,051980,중앙리빙테크,KOSDAQ,중견기업부,1145,85,8.02,1070,1150,1050,1034701,1144008760,25872524195,22596091
20181123,072020,중앙백신,KOSDAQ,벤처기업부,17800,-650,-3.52,18350,18650,17700,220825,3974407650,177288000000,9960000
20181123,000440,중앙에너비스,KOSDAQ,중견기업부,45450,-1550,-3.30,46300,47400,45250,1798,82435900,56604611700,1245426
20181123,054180,중앙오션,KOSDAQ,중견기업부,3305,-5,-0.15,3300,3365,3180,300652,983910710,82237462310,24882742
20181123,043610,지니뮤직,KOSDAQ,벤처기업부,4720,-90,-1.87,4795,4840,4695,171064,809839975,274304867360,58115438
20181123,263860,지니언스,KOSDAQ,벤처기업부,4660,70,1.53,4575,4780,4530,29439,134893560,44011836000,9444600
20181123,208350,지란지교시큐리티,KOSDAQ,벤처기업부,1310,-50,-3.68,1360,1410,1310,145915,198162185,47435346280,36210188
20181123,114570,지스마트글로벌,KOSDAQ,우량기업부,2690,-30,-1.10,2750,2765,2680,416727,1130190550,58623473970,21793113
20181123,051160,지어소프트,KOSDAQ,중견기업부,2360,-40,-1.67,2350,2590,2225,1215688,2917624870,32925964800,13951680
20181123,053050,지에스이,KOSDAQ,중견기업부,1525,-10,-0.65,1535,1540,1515,26518,40405085,45731085425,29987597
20181123,119850,지엔씨에너지,KOSDAQ,벤처기업부,3860,-45,-1.15,3920,3955,3850,29403,114477085,62901896080,16295828
20181123,065060,지엔코,KOSDAQ,중견기업부,1730,-115,-6.23,1830,1845,1710,5581797,9950895450,169553916120,98008044
20181123,204840,지엘팜텍,KOSDAQ,기술성장기업부,4040,175,4.53,3875,4190,3875,737675,2993664375,144096954520,35667563
20181123,018290,지엠피,KOSDAQ,벤처기업부,9460,-100,-1.05,9540,9630,9370,210568,1995005770,257310751280,27199868
20181123,111820,지와이커머스,KOSDAQ,관리종목(소속부없음),2250,0,0.00,0,0,0,0,0,46253270250,20557009
20181123,106080,지투하이소닉,KOSDAQ,중견기업부,2440,110,4.72,2330,2550,2280,121354,295587695,50375468960,20645684
20181123,115450,지트리비앤티,KOSDAQ,중견기업부,22200,-400,-1.77,22350,23250,22000,139754,3153061150,543718781400,24491837
20181123,219750,지티지웰니스,KOSDAQ,벤처기업부,6600,-260,-3.79,6870,6900,6600,46924,313804310,41250442200,6250067
20181123,018120,진로발효,KOSDAQ,우량기업부,29600,-250,-0.84,29850,29850,29600,701,20788200,222710400000,7524000
20181123,109820,진매트릭스,KOSDAQ,기술성장기업부,3190,-10,-0.31,3240,3300,3155,15707,50777845,48880082900,15322910
20181123,086060,진바이오텍,KOSDAQ,중견기업부,4390,-70,-1.57,4470,4535,4375,29635,130795215,37800476930,8610587
20181123,036890,진성티이씨,KOSDAQ,우량기업부,8270,-30,-0.36,8290,8450,8130,85101,703035530,185928356360,22482268
20181123,007370,진양제약,KOSDAQ,중견기업부,3870,-5,-0.13,3900,3940,3830,29820,115671630,46440000000,12000000
20181123,085660,차바이오텍,KOSDAQ,관리종목(소속부없음),22100,250,1.14,21900,22250,21400,615049,13461937500,1159595044400,52470364
20181123,900040,차이나그레이트,KOSDAQ,외국기업(소속부없음),379,-4,-1.04,387,397,363,4775367,1799194834,47703425103,125866557
20181123,900090,차이나하오란,KOSDAQ,관리종목(소속부없음),773,0,0.00,0,0,0,0,0,72662000000,94000000
20181123,094850,참좋은여행,KOSDAQ,우량기업부,8500,-200,-2.30,8700,8780,8500,32783,283477460,119000000000,14000000
20181123,004650,창해에탄올,KOSDAQ,우량기업부,12900,-50,-0.39,13100,13100,12800,21777,281717550,118562416500,9190885
20181123,096240,청담러닝,KOSDAQ,중견기업부,18850,-250,-1.31,19250,19550,18600,82445,1569068300,144667171350,7674651
20181123,013720,청보산업,KOSDAQ,중견기업부,3260,-30,-0.91,3280,3375,3160,53003,171799580,26662793460,8178771
20181123,066360,체리부로,KOSDAQ,중견기업부,2605,395,17.87,2350,2860,2350,9381678,24879040385,72607521245,27872369
20181123,047820,초록뱀,KOSDAQ,중견기업부,2145,85,4.13,2070,2190,2030,9707093,20560701340,142440945075,66406035
20181123,094360,칩스앤미디어,KOSDAQ,벤처기업부,6470,-230,-3.43,6640,6750,6470,22252,146081680,47979106690,7415627
20181123,016920,카스,KOSDAQ,중견기업부,1350,0,0.00,1350,1420,1330,131838,182045895,28990051200,21474112
20181123,042000,카페24,KOSDAQ,기술성장기업부,93800,-2100,-2.19,95900,96000,93400,65060,6133587900,884589998600,9430597
20181123,071850,캐스텍코리아,KOSDAQ,우량기업부,3450,-100,-2.82,3525,3575,3450,53532,188355305,49756579650,14422197
20181123,180400,캔서롭,KOSDAQ,기술성장기업부,6930,-140,-1.98,7090,7200,6650,138190,957333920,131130457920,18922144
20181123,050110,캠시스,KOSDAQ,중견기업부,1635,-15,-0.91,1650,1680,1620,82981,135755615,94526709135,57814501
20181123,900310,컬러레이,KOSDAQ,외국기업(소속부없음),1945,-20,-1.02,1970,2045,1945,166054,329838835,105030000000,54000000
20181123,078340,컴투스,KOSDAQ,우량기업부,133600,1800,1.37,131400,136200,131400,51111,6873325300,1718953712000,12866420
20181123,263700,케어랩스,KOSDAQ,중견기업부,22150,-900,-3.90,22750,23600,21700,44425,993170400,136627291250,6168275
20181123,214370,케어젠,KOSDAQ,벤처기업부,77900,-1800,-2.26,80700,80700,77900,31851,2509598400,836879700000,10743000
20181123,072520,케이디 네이쳐 엔 바이오,KOSDAQ,투자주의환기종목(소속부없음),1570,-10,-0.63,1610,1610,1530,396663,616982750,86332739420,54989006
20181123,221980,케이디켐,KOSDAQ,중견기업부,12350,-150,-1.20,12500,12500,12250,11590,143067850,49829780000,4034800
20181123,043290,케이맥,KOSDAQ,벤처기업부,9800,90,0.93,9790,9800,9610,6476,62579470,68935120800,7034196
20181123,250930,케이비제10호스팩,KOSDAQ,SPAC(소속부없음),2050,-5,-0.24,2050,2055,2050,2800,5740070,10680500000,5210000
20181123,258790,케이비제11호스팩,KOSDAQ,SPAC(소속부없음),2080,0,0.00,2080,2080,2080,600,1248000,6676800000,3210000
20181123,192250,케이사인,KOSDAQ,벤처기업부,1035,-55,-5.05,1085,1085,1035,161529,170296170,66934750995,64671257
20181123,115500,케이씨에스,KOSDAQ,벤처기업부,3920,-45,-1.13,3970,3970,3840,24328,94741835,47040000000,12000000
20181123,089150,케이씨티,KOSDAQ,중견기업부,1865,-5,-0.27,1870,1920,1835,24241,44848480,31984750000,17150000
20181123,025880,케이씨피드,KOSDAQ,중견기업부,2080,-15,-0.72,2100,2130,2070,36718,76654830,34768984640,16715858
20181123,093320,케이아이엔엑스,KOSDAQ,중견기업부,22950,350,1.55,22900,23650,22650,10514,242624450,111996000000,4880000
20181123,073010,케이에스피,KOSDAQ,관리종목(소속부없음),3760,0,0.00,0,0,0,0,0,28358927680,7542268
20181123,105330,케이엔더블유,KOSDAQ,벤처기업부,4355,5,0.11,4300,4490,4230,9522,41222785,24655166185,5661347
20181123,039420,케이엘넷,KOSDAQ,중견기업부,2560,-45,-1.73,2580,2650,2545,53546,138087320,61836108800,24154730
20181123,083550,케이엠,KOSDAQ,우량기업부,7600,10,0.13,7650,7890,7500,22914,173767290,76033158800,10004363
20181123,032500,케이엠더블유,KOSDAQ,중견기업부,23450,200,0.86,23500,23700,23400,51637,1217541450,377545000000,16100000
20181123,225430,케이엠제약,KOSDAQ,중견기업부,3400,-200,-5.56,3650,3710,3355,992708,3546681080,67615970000,19887050
20181123,064820,케이프,KOSDAQ,중견기업부,2065,-20,-0.96,2100,2100,2045,44100,91165230,52716503245,25528573
20181123,256940,케이피에스,KOSDAQ,벤처기업부,8170,-130,-1.57,8300,8370,8030,14616,119271910,34885900000,4270000
20181123,024880,케이피에프,KOSDAQ,우량기업부,4110,110,2.75,4100,4155,4070,27745,113612955,64635027240,15726284
20181123,042040,케이피엠테크,KOSDAQ,중견기업부,1235,-15,-1.20,1250,1275,1235,645524,806792915,109154904430,88384538
20181123,054410,케이피티유,KOSDAQ,벤처기업부,4660,0,0.00,4660,4675,4610,1518,7068440,23579600000,5060000
20181123,217600,켐온,KOSDAQ,중견기업부,1780,-85,-4.56,1880,1880,1775,376408,684243690,113673185200,63861340
20181123,089010,켐트로닉스,KOSDAQ,중견기업부,5280,-140,-2.58,5410,5470,5260,13988,74401660,66656161440,12624273
20181123,220260,켐트로스,KOSDAQ,벤처기업부,2215,-65,-2.85,2285,2300,2210,157888,354242625,53260024970,24045158
20181123,052400,코나아이,KOSDAQ,중견기업부,10750,-350,-3.15,11150,11150,10350,650529,6967111100,167260518500,15559118
20181123,094860,코닉글로리,KOSDAQ,벤처기업부,520,1,0.19,523,530,503,287057,148749804,24779592240,47653062
20181123,046070,코다코,KOSDAQ,우량기업부,2365,0,0.00,2390,2390,2350,77218,182813600,92386965440,39064256
20181123,047770,코데즈컴바인,KOSDAQ,중견기업부,2945,55,1.90,2920,2945,2865,72673,211205640,111446462890,37842602
20181123,080530,코디,KOSDAQ,투자주의환기종목(소속부없음),3590,0,0.00,0,0,0,0,0,42585046700,11862130
20181123,224060,코디엠,KOSDAQ,중견기업부,830,-25,-2.92,855,865,830,1116238,936795926,117497702510,141563497
20181123,078650,코렌,KOSDAQ,관리종목(소속부없음),1320,-20,-1.49,1340,1345,1305,20213,26552365,39694341720,30071471
20181123,104540,코렌텍,KOSDAQ,기술성장기업부,6660,30,0.45,6780,6780,6550,1318,8755540,66181438980,9937153
20181123,027050,코리아나,KOSDAQ,우량기업부,4685,-150,-3.10,4900,4905,4650,323623,1538006825,187400000000,40000000
20181123,101670,코리아에스이,KOSDAQ,벤처기업부,1695,-95,-5.31,1905,1960,1625,6611626,11845559120,32035500000,18900000
20181123,123410,코리아에프티,KOSDAQ,우량기업부,2570,-185,-6.72,2740,2780,2570,614488,1634470960,71551534480,27841064
20181123,036690,코맥스,KOSDAQ,우량기업부,3885,-110,-2.75,4000,4045,3820,39502,154479535,55477664025,14279965
20181123,049430,코메론,KOSDAQ,우량기업부,7050,50,0.71,7000,7150,6930,7550,52849420,63788400000,9048000
20181123,183300,코미코,KOSDAQ,우량기업부,21800,750,3.56,21050,21900,21050,25861,553476850,191295000000,8775000
20181123,041960,코미팜,KOSDAQ,벤처기업부,22250,-350,-1.55,22650,22700,21900,102328,2280918100,1230832798000,55318328
20181123,089890,코세스,KOSDAQ,중견기업부,5300,-160,-2.93,5460,5550,5170,113773,610375260,89315398600,16851962
20181123,009730,코센,KOSDAQ,중견기업부,1020,-10,-0.97,1035,1045,1010,224878,230161020,42567034740,41732387
20181123,241710,코스메카코리아,KOSDAQ,우량기업부,32300,-250,-0.77,32500,32550,31700,77629,2497035650,344964000000,10680000
20181123,069110,코스온,KOSDAQ,우량기업부,11000,-250,-2.22,11250,11350,10900,68538,758633750,204843771000,18622161
20181123,166480,코아스템,KOSDAQ,기술성장기업부,12900,-250,-1.90,13200,13600,12800,117876,1561558200,202754976000,15717440
20181123,045970,코아시아홀딩스,KOSDAQ,중견기업부,5080,145,2.94,4930,5250,4930,2759,13881960,99649351120,19616014
20181123,029960,코엔텍,KOSDAQ,벤처기업부,7600,20,0.26,7580,7660,7310,453955,3384546840,380000000000,50000000
20181123,102940,코오롱생명과학,KOSDAQ,우량기업부,78500,-3900,-4.73,80500,82400,78000,312823,24997061400,895869946000,11412356
20181123,950160,코오롱티슈진,KOSDAQ,외국기업(소속부없음),41900,-1150,-2.67,42750,43700,41450,473046,20158530300,2554671282500,60970675
20181123,033290,코웰패션,KOSDAQ,우량기업부,4750,20,0.42,4685,4825,4685,118305,564418650,429876111500,90500234
20181123,056360,코위버,KOSDAQ,우량기업부,5950,-140,-2.30,5990,6140,5900,29047,174578730,58290960000,9796800
20181123,121850,코이즈,KOSDAQ,벤처기업부,2515,55,2.24,2560,2560,2405,14270,34786510,26490092600,10532840
20181123,015710,코콤,KOSDAQ,우량기업부,6490,-140,-2.11,6570,6730,6460,28301,186272800,113772945000,17530500
20181123,052330,코텍,KOSDAQ,우량기업부,13950,-150,-1.06,14100,14100,13650,19227,267134250,217265000400,15574552
20181123,126600,코프라,KOSDAQ,우량기업부,2570,-70,-2.65,2615,2655,2540,366285,940253230,54267179380,21115634
20181123,200130,콜마비앤에이치,KOSDAQ,우량기업부,20450,-400,-1.92,20500,20950,20450,22792,469364150,604165761100,29543558
20181123,225650,쿠첸,KOSDAQ,벤처기업부,5900,-110,-1.83,5920,6060,5840,15977,94169520,63049034300,10686277
20181123,060280,큐렉소,KOSDAQ,중견기업부,5690,-150,-2.57,5810,5910,5690,46686,269023370,189802769570,33357253
20181123,040350,큐로컴,KOSDAQ,벤처기업부,1570,5,0.32,1545,1620,1505,1010538,1586955550,171349812560,109140008
20181123,051780,큐로홀딩스,KOSDAQ,중견기업부,692,-4,-0.57,688,790,679,914304,671810475,41653709624,60193222
20181123,115180,큐리언트,KOSDAQ,기술성장기업부,21800,-750,-3.33,22600,22800,21550,82843,1824178150,186099318800,8536666
20181123,182360,큐브엔터,KOSDAQ,중견기업부,3280,-120,-3.53,3305,3425,3250,856371,2843785975,87161955760,26573767
20181123,066310,큐에스아이,KOSDAQ,벤처기업부,4635,-235,-4.83,4820,4865,4580,59479,281355680,38369596050,8278230
20181123,016600,큐캐피탈,KOSDAQ,벤처기업부,684,-11,-1.58,695,725,680,181491,126763729,95758852248,139998322
20181123,043590,크로바하이텍,KOSDAQ,중견기업부,3610,-130,-3.48,3740,3795,3515,563026,2045810205,84113000000,23300000
20181123,114120,크루셜텍,KOSDAQ,중견기업부,1275,-120,-8.60,1380,1400,1260,1319881,1734925235,58354062300,45767892
20181123,110790,크리스에프앤씨,KOSDAQ,중견기업부,21750,-500,-2.25,22050,22500,21600,23346,514894400,254811690000,11715480
20181123,083790,크리스탈,KOSDAQ,기술성장기업부,18650,-50,-0.27,18700,19100,18300,272373,5101937700,753421469100,40397934
20181123,900250,크리스탈신소재,KOSDAQ,외국기업(소속부없음),1300,-85,-6.14,1385,1400,1300,1389950,1854124300,88119007600,67783852
20181123,045520,크린앤사이언스,KOSDAQ,중견기업부,13450,250,1.89,13200,13850,13200,98923,1338599500,87425000000,6500000
20181123,214150,클래시스,KOSDAQ,벤처기업부,4705,-70,-1.47,4810,4955,4690,111248,541457760,291583327285,61973077
20181123,237880,클리오,KOSDAQ,우량기업부,11750,-600,-4.86,12300,12350,11650,225248,2676879350,199267016250,16958895
20181123,054780,키이스트,KOSDAQ,중견기업부,2815,-75,-2.60,2865,2950,2815,2349701,6766461935,238717950910,84802114
20181123,219130,타이거일렉,KOSDAQ,중견기업부,4335,-15,-0.34,4350,4350,4280,10890,46829155,27372447150,6314290
20181123,065130,탑엔지니어링,KOSDAQ,우량기업부,7350,-250,-3.29,7600,7690,7210,386293,2850493480,117425488950,15976257
20181123,023160,태광,KOSDAQ,중견기업부,11450,-300,-2.55,11750,11850,11350,39075,452182250,303425000000,26500000
20181123,053620,태양,KOSDAQ,우량기업부,9150,150,1.67,9000,9150,9000,5243,47270170,78690000000,8600000
20181123,044490,태웅,KOSDAQ,우량기업부,10400,-150,-1.42,10600,10700,10400,30462,319806400,208076762400,20007381
20181123,191420,테고사이언스,KOSDAQ,벤처기업부,44300,-50,-0.11,43750,45100,43500,61525,2714309800,357706286200,8074634
20181123,182690,테라셈,KOSDAQ,중견기업부,1145,-40,-3.38,1185,1200,1115,83487,95668975,15991459300,13966340
20181123,066700,테라젠이텍스,KOSDAQ,중견기업부,11050,-400,-3.49,11500,11850,11000,559735,6419517500,341612330150,30915143
20181123,095610,테스,KOSDAQ,우량기업부,12950,-150,-1.15,13050,13250,12850,226996,2956052150,255998526700,19768226
20181123,131970,테스나,KOSDAQ,벤처기업부,22700,300,1.34,22650,23500,22350,43647,1003625700,155495000000,6850000
20181123,089030,테크윙,KOSDAQ,우량기업부,9500,50,0.53,9450,9580,9310,76072,717945220,178863454000,18827732
20181123,054450,텔레칩스,KOSDAQ,우량기업부,8680,-110,-1.25,8790,8830,8670,40077,349056270,117231307480,13505911
20181123,091440,텔레필드,KOSDAQ,벤처기업부,2320,-85,-3.53,2420,2460,2320,43996,103936950,21105149040,9097047
20181123,196450,텔루스,KOSDAQ,중견기업부,1060,25,2.42,1055,1155,996,10635712,11283119267,91987070300,86780255
20181123,200230,텔콘RF제약,KOSDAQ,중견기업부,9280,-220,-2.32,9450,9750,9230,913817,8665824060,726758244480,78314466
20181123,215480,토박스코리아,KOSDAQ,벤처기업부,1010,-20,-1.94,1025,1060,1000,547892,559756490,38059311870,37682487
20181123,051360,토비스,KOSDAQ,우량기업부,7220,-30,-0.41,7250,7370,7170,29958,216546440,120697158760,16717058
20181123,045340,토탈소프트,KOSDAQ,벤처기업부,2800,10,0.36,2790,2820,2660,64366,177459400,23962512000,8558040
20181123,057880,토필드,KOSDAQ,중견기업부,1800,25,1.41,1775,1840,1755,198011,356599135,48599010000,26999450
20181123,108230,톱텍,KOSDAQ,우량기업부,11250,-350,-3.02,11650,11800,11250,226549,2609971650,413957857500,36796254
20181123,079970,투비소프트,KOSDAQ,벤처기업부,5930,-90,-1.50,6150,6150,5600,307700,1811996860,144552384080,24376456
20181123,105550,트루윈,KOSDAQ,벤처기업부,4870,5,0.10,4865,5120,4710,3495,16982950,53781445660,11043418
20181123,026150,특수건설,KOSDAQ,중견기업부,5280,210,4.14,5180,5510,5130,984123,5235288190,79172617920,14994814
20181123,033830,티비씨,KOSDAQ,중견기업부,537,-3,-0.56,540,540,526,15169,8061407,53700000000,100000000
20181123,064760,티씨케이,KOSDAQ,우량기업부,48050,-50,-0.10,48450,49300,48050,21790,1062269400,560983750000,11675000
20181123,131290,티에스이,KOSDAQ,중견기업부,6860,-210,-2.97,7070,7100,6850,41154,285711090,75881402940,11061429
20181123,246690,티에스인베스트먼트,KOSDAQ,중견기업부,2225,-80,-3.47,2310,2325,2210,96443,216244965,49886733900,22421004
20181123,062860,티엘아이,KOSDAQ,중견기업부,3705,5,0.14,3700,3725,3670,12817,47399175,36578427600,9872720
20181123,104480,티케이케미칼,KOSDAQ,우량기업부,2240,55,2.52,2195,2330,2180,3085983,6969638395,203605772160,90895434
20181123,081150,티플랙스,KOSDAQ,중견기업부,2560,20,0.79,2555,2635,2530,1235306,3204743940,62127109120,24268402
20181123,130740,티피씨글로벌,KOSDAQ,중견기업부,2480,-110,-4.25,2570,2590,2480,72129,181696935,23436000000,9450000
20181123,084730,팅크웨어,KOSDAQ,중견기업부,6190,-220,-3.43,6410,6580,6190,9654,61217850,64534971580,10425682
20181123,046210,파나진,KOSDAQ,중견기업부,4950,220,4.65,4815,5620,4815,459285,2411274540,158569092000,32034160
20181123,034230,파라다이스,KOSDAQ,우량기업부,20000,600,3.09,19500,20400,19350,1581667,31814127250,1818853440000,90942672
20181123,033540,파라텍,KOSDAQ,우량기업부,5500,-20,-0.36,5450,5580,5350,36826,200084300,92623036000,16840552
20181123,043200,파루,KOSDAQ,벤처기업부,2795,-35,-1.24,2825,2830,2775,186290,521176950,82920849765,29667567
20181123,214450,파마리서치프로덕트,KOSDAQ,벤처기업부,33250,-900,-2.64,34400,34800,33200,18952,643636050,314751715250,9466217
20181123,208340,파멥신,KOSDAQ,기술성장기업부,68800,-1700,-2.41,72700,75300,66500,1285456,91064925900,468227825600,6805637
20181123,177830,파버나인,KOSDAQ,벤처기업부,5020,-210,-4.02,5430,6350,5020,3599991,21182766165,54388808480,10834424
20181123,037070,파세코,KOSDAQ,중견기업부,4415,0,0.00,4390,4485,4370,18839,83116595,61810000000,14000000
20181123,150900,파수닷컴,KOSDAQ,벤처기업부,3670,20,0.55,3650,3670,3580,728,2652200,35035515540,9546462
20181123,037030,파워넷,KOSDAQ,중견기업부,3800,-50,-1.30,3805,3895,3750,46126,176310155,45636533200,12009614
20181123,047310,파워로직스,KOSDAQ,우량기업부,6300,-140,-2.17,6450,6560,6290,848698,5423355400,216424089000,34353030
20181123,170790,파이오링크,KOSDAQ,벤처기업부,4315,55,1.29,4260,4370,4260,192,829550,29585063950,6856330
20181123,049120,파인디앤씨,KOSDAQ,중견기업부,2030,-30,-1.46,2055,2125,2030,122920,254211265,48858318110,24068137
20181123,038950,파인디지털,KOSDAQ,벤처기업부,3485,10,0.29,3470,3495,3425,38669,134079775,35584516025,10210765
20181123,106240,파인테크닉스,KOSDAQ,벤처기업부,1545,0,0.00,1550,1570,1515,59823,91450450,58105112415,37608487
20181123,131760,파인텍,KOSDAQ,중견기업부,2625,-160,-5.75,2745,2770,2600,176373,473404360,30223903500,11513868
20181123,140860,파크시스템스,KOSDAQ,기술성장기업부,39050,-50,-0.13,39250,39600,38650,9121,358053900,259528447750,6646055
20181123,091700,파트론,KOSDAQ,우량기업부,8140,0,0.00,8170,8240,8110,228467,1868399890,440833177400,54156410
20181123,194510,파티게임즈,KOSDAQ,투자주의환기종목(소속부없음),536,0,0.00,0,0,0,0,0,13125755600,24488350
20181123,038160,팍스넷,KOSDAQ,중견기업부,8110,-10,-0.12,8170,8280,8000,11254,91053100,89838695310,11077521
20181123,032800,판타지오,KOSDAQ,중견기업부,554,-5,-0.89,555,562,541,187413,103647533,40277984422,72703943
20181123,043090,팜스웰바이오,KOSDAQ,벤처기업부,4385,-35,-0.79,4425,4425,4295,133691,582046635,117199609535,26727391
20181123,027710,팜스토리,KOSDAQ,우량기업부,1080,-30,-2.70,1110,1120,1075,140885,154278135,95415225480,88347431
20181123,225590,패션플랫폼,KOSDAQ,중견기업부,1405,-125,-8.17,1575,1575,1405,541086,792775325,35391296675,25189535
20181123,054300,팬스타엔터프라이즈,KOSDAQ,벤처기업부,747,-16,-2.10,778,778,743,95541,71799115,30720332421,41124943
20181123,068050,팬엔터테인먼트,KOSDAQ,중견기업부,3670,-130,-3.42,3750,3780,3515,119358,433024425,50436798990,13742997
20181123,222110,팬젠,KOSDAQ,기술성장기업부,11900,-500,-4.03,12400,12400,11700,18087,216732100,114737193900,9641781
20181123,060900,퍼시픽바이오,KOSDAQ,중견기업부,917,-15,-1.61,932,932,915,142160,130707301,46044166497,50211741
20181123,263750,펄어비스,KOSDAQ,우량기업부,183600,500,0.27,183600,186400,182500,41682,7689035000,2376334800000,12943000
20181123,087010,펩트론,KOSDAQ,기술성장기업부,23450,-850,-3.50,24450,24500,23250,126460,2994838700,359406425000,15326500
20181123,043370,평화정공,KOSDAQ,우량기업부,5930,-30,-0.50,5930,6010,5890,30357,179510630,124530000000,21000000
20181123,119500,포메탈,KOSDAQ,중견기업부,3250,110,3.50,3190,3455,3135,267339,872659045,38503504000,11847232
20181123,016670,포비스티앤씨,KOSDAQ,중견기업부,931,-29,-3.02,964,969,929,393716,373809739,37312671998,40078058
20181123,056730,포스링크,KOSDAQ,중견기업부,2470,310,14.35,2200,2485,2170,2555794,5995394910,114024753960,46163868
20181123,022100,포스코 ICT,KOSDAQ,우량기업부,5400,-90,-1.64,5530,5530,5370,278096,1510097290,820987536600,152034729
20181123,009520,포스코엠텍,KOSDAQ,우량기업부,6160,-120,-1.91,6350,6530,6160,1068641,6772093070,256519050480,41642703
20181123,003670,포스코켐텍,KOSDAQ,우량기업부,70000,-3100,-4.24,73100,73600,69000,937500,65884501700,4134900000000,59070000
20181123,189690,포시에스,KOSDAQ,벤처기업부,5310,80,1.53,5220,5700,5220,68630,374298000,39908701530,7515763
20181123,141020,포티스,KOSDAQ,중견기업부,2865,-40,-1.38,2855,2880,2780,730830,2064469410,137065639650,47841410
20181123,290720,푸드나무,KOSDAQ,중견기업부,20650,-1300,-5.92,21750,21900,20400,54487,1139278450,140544602100,6806034
20181123,005670,푸드웰,KOSDAQ,중견기업부,5470,-280,-4.87,5720,5790,5350,31376,173442650,43760000000,8000000
20181123,094940,푸른기술,KOSDAQ,벤처기업부,25500,700,2.82,25650,28200,25400,2830808,75584926550,167642151000,6574202
20181123,007330,푸른저축은행,KOSDAQ,우량기업부,8400,-40,-0.47,8440,8440,8340,13895,116340560,126695520000,15082800
20181123,093380,풍강,KOSDAQ,중견기업부,2375,-95,-3.85,2425,2635,2375,15908,38605225,23463368375,9879313
20181123,023900,풍국주정,KOSDAQ,우량기업부,9190,-10,-0.11,9200,9250,9080,12870,118105900,115794000000,12600000
20181123,195440,퓨전데이타,KOSDAQ,중견기업부,9390,-70,-0.74,9360,9500,9130,220034,2054621580,78953467500,8408250
20181123,214270,퓨쳐스트림네트웍스,KOSDAQ,중견기업부,1485,-100,-6.31,1570,1585,1465,2412992,3639305960,129078149805,86921313
20181123,220100,퓨쳐켐,KOSDAQ,기술성장기업부,12850,-350,-2.65,13200,13400,12800,17716,229455500,73876436150,5749139
20181123,035200,프럼파스트,KOSDAQ,벤처기업부,3410,-65,-1.87,3460,3460,3375,49598,168793845,30165258970,8846117
20181123,203690,프로스테믹스,KOSDAQ,벤처기업부,6310,-370,-5.54,6640,6780,6280,993957,6489321120,286315095270,45374817
20181123,053610,프로텍,KOSDAQ,우량기업부,13600,-250,-1.81,13850,13950,13550,18457,253311600,128658760800,9460203
20181123,053160,프리엠스,KOSDAQ,중견기업부,5660,-40,-0.70,5700,5740,5450,16831,93848290,33960000000,6000000
20181123,075130,플랜티넷,KOSDAQ,벤처기업부,4370,-30,-0.68,4400,4400,4330,1471,6401420,39155200000,8960000
20181123,023770,플레이위드,KOSDAQ,중견기업부,6260,30,0.48,6230,6510,6210,5874,37035290,21664921000,3460850
20181123,032580,피델릭스,KOSDAQ,벤처기업부,1680,-110,-6.15,1755,1775,1680,191524,329149330,36020977440,21441058
20181123,051380,피씨디렉트,KOSDAQ,중견기업부,5080,50,0.99,5080,5200,5000,49871,254799720,38303890880,7540136
20181123,241820,피씨엘,KOSDAQ,기술성장기업부,8660,-210,-2.37,8870,8900,8600,26563,232265190,77430480240,8941164
20181123,237750,피앤씨테크,KOSDAQ,중견기업부,9300,310,3.45,9150,9650,9110,33538,312689170,60418380000,6496600
20181123,131390,피앤이솔루션,KOSDAQ,우량기업부,11250,-450,-3.85,11700,11850,11100,140240,1601042700,160650000000,14280000
20181123,054340,피앤텔,KOSDAQ,관리종목(소속부없음),668,0,0.00,0,0,0,0,0,20565442788,30786591
20181123,024850,피에스엠씨,KOSDAQ,중견기업부,792,-25,-3.06,817,820,737,214945,171417767,30671151192,38726201
20181123,031980,피에스케이,KOSDAQ,우량기업부,13150,-250,-1.87,13150,13550,12950,129078,1705300850,267360592600,20331604
20181123,002230,피에스텍,KOSDAQ,우량기업부,4280,-10,-0.23,4330,4330,4225,22877,97508855,84184360040,19669243
20181123,137400,피엔티,KOSDAQ,벤처기업부,10150,-400,-3.79,10550,10650,10100,91675,945540900,89496082200,8817348
20181123,073570,피엠지파마,KOSDAQ,벤처기업부,6450,-220,-3.30,6660,6660,6390,45054,291273590,68153350950,10566411
20181123,128660,피제이메탈,KOSDAQ,중견기업부,2040,-20,-0.97,2045,2085,2035,47727,97671690,50598872760,24803369
20181123,006140,피제이전자,KOSDAQ,우량기업부,4320,-25,-0.58,4295,4365,4230,2505,10668990,64800000000,15000000
20181123,087600,픽셀플러스,KOSDAQ,중견기업부,6800,-50,-0.73,6850,7020,6710,11543,78525300,55532594400,8166558
20181123,064800,필링크,KOSDAQ,중견기업부,2110,-55,-2.54,2170,2200,2080,484846,1036882045,130037455860,61629126
20181123,161580,필옵틱스,KOSDAQ,우량기업부,8200,-220,-2.61,8370,8440,8110,44622,367231820,141633663600,17272398
20181123,270520,하나금융10호스팩,KOSDAQ,SPAC(소속부없음),2075,0,0.00,2075,2075,2075,300,622500,9549150000,4602000
20181123,284620,하나금융11호스팩,KOSDAQ,SPAC(소속부없음),2055,0,0.00,2035,2060,2035,10640,21812130,11099055000,5401000
20181123,261200,하나금융9호스팩,KOSDAQ,SPAC(소속부없음),2080,0,0.00,2080,2080,2080,1300,2704000,8860800000,4260000
20181123,067310,하나마이크론,KOSDAQ,중견기업부,3795,-70,-1.81,3900,3900,3755,68940,262622195,86249261010,22727078
20181123,166090,하나머티리얼즈,KOSDAQ,우량기업부,14000,50,0.36,13950,14250,13750,64740,906633000,269030636000,19216474
20181123,136480,하림,KOSDAQ,우량기업부,2755,-35,-1.25,2805,2830,2750,93238,258810745,239536059190,86945938
20181123,003380,하림지주,KOSDAQ,우량기업부,11100,-50,-0.45,11150,11150,11000,73899,818123400,1038784597800,93584198
20181123,149980,하이로닉,KOSDAQ,벤처기업부,5200,-150,-2.80,5350,5450,5150,120206,634695470,73292674000,14094745
20181123,013030,하이록코리아,KOSDAQ,우량기업부,17200,-150,-0.86,17300,17550,17200,15339,265505350,234147590400,13613232
20181123,126700,하이비젼시스템,KOSDAQ,우량기업부,9120,80,0.88,9120,9310,9000,287842,2629957230,136272061440,14942112
20181123,200470,하이셈,KOSDAQ,중견기업부,4435,-215,-4.62,4690,4690,4380,382431,1721768390,77850570800,17553680
20181123,221840,하이즈항공,KOSDAQ,중견기업부,5940,-30,-0.50,5980,6110,5820,7347,43531290,105115231980,17696167
20181123,106190,하이텍팜,KOSDAQ,우량기업부,14900,50,0.34,14750,14950,14650,10258,151518850,105622851800,7088782
20181123,066130,하츠,KOSDAQ,우량기업부,3600,-150,-4.00,3780,3780,3585,52324,190367260,46080000000,12800000
20181123,240540,한국4호스팩,KOSDAQ,SPAC(소속부없음),2080,-10,-0.48,2090,2090,2070,16836,34927990,11440000000,5500000
20181123,004590,한국가구,KOSDAQ,중견기업부,21350,-350,-1.61,21650,21650,21000,351,7462300,64050000000,3000000
20181123,039340,한국경제TV,KOSDAQ,우량기업부,3715,-80,-2.11,3795,3795,3690,30955,115383735,85445000000,23000000
20181123,034950,한국기업평가,KOSDAQ,중견기업부,50000,0,0.00,50000,50700,49850,3518,176798750,227025700000,4540514
20181123,222980,한국맥널티,KOSDAQ,벤처기업부,11700,50,0.43,11600,11850,11550,29465,344786200,58207500000,4975000
20181123,025550,한국선재,KOSDAQ,우량기업부,2680,-50,-1.83,2750,2755,2675,132417,358793305,65719640720,24522254
20181123,017890,한국알콜,KOSDAQ,우량기업부,7130,-40,-0.56,7170,7240,7080,70930,506395370,154049068800,21605760
20181123,080720,한국유니온제약,KOSDAQ,벤처기업부,14500,-400,-2.68,15050,15100,14400,78578,1160617950,85604056000,5903728
20181123,063570,한국전자금융,KOSDAQ,우량기업부,10900,-150,-1.36,11150,11200,10900,115303,1270058750,377638435200,34645728
20181123,041460,한국전자인증,KOSDAQ,중견기업부,3715,-140,-3.63,3850,3870,3715,91034,346444060,79721110035,21459249
20181123,101680,한국정밀기계,KOSDAQ,관리종목(소속부없음),2410,0,0.00,0,0,0,0,0,20253640000,8404000
20181123,039740,한국정보공학,KOSDAQ,중견기업부,3095,40,1.31,3060,3100,3015,21049,64304590,24816938715,8018397
20181123,053300,한국정보인증,KOSDAQ,중견기업부,3750,-85,-2.22,3835,3835,3740,28773,108192975,116868750000,31165000
20181123,025770,한국정보통신,KOSDAQ,우량기업부,8470,-160,-1.85,8560,8640,8460,50296,428702080,328743933210,38812743
20181123,271740,한국제5호스팩,KOSDAQ,SPAC(소속부없음),2045,0,0.00,2045,2045,2040,1167,2383180,8180000000,4000000
20181123,281410,한국제6호스팩,KOSDAQ,SPAC(소속부없음),2080,10,0.48,2070,2080,2070,584,1208890,9380800000,4510000
20181123,291210,한국제7호스팩,KOSDAQ,SPAC(소속부없음),2050,5,0.24,2045,2050,2045,19433,39740500,10373000000,5060000
20181123,023760,한국캐피탈,KOSDAQ,우량기업부,600,-9,-1.48,609,613,595,99385,59694307,100925745600,168209576
20181123,054040,한국컴퓨터,KOSDAQ,우량기업부,2500,-15,-0.60,2550,2550,2475,14544,36204835,40178225000,16071290
20181123,050540,한국코퍼레이션,KOSDAQ,중견기업부,2940,45,1.55,2900,3010,2900,225013,665432130,77359752540,26312841
20181123,021650,한국큐빅,KOSDAQ,벤처기업부,1975,-30,-1.50,2045,2055,1975,40943,82256030,32292361925,16350563
20181123,053590,한국테크놀로지,KOSDAQ,벤처기업부,680,-7,-1.02,693,693,675,203565,138769994,45545821320,66979149
20181123,037230,한국팩키지,KOSDAQ,중견기업부,1895,-15,-0.79,1915,1920,1865,34346,64770940,47375000000,25000000
20181123,030520,한글과컴퓨터,KOSDAQ,우량기업부,13500,0,0.00,13650,13650,13400,106798,1446332050,311609848500,23082211
20181123,052600,한네트,KOSDAQ,중견기업부,2385,-20,-0.83,2405,2425,2370,31799,76015865,27579424500,11563700
20181123,092460,한라IMS,KOSDAQ,벤처기업부,6680,-110,-1.62,6790,6790,6680,2990,20073490,76549473360,11459502
20181123,047080,한빛소프트,KOSDAQ,중견기업부,3130,-50,-1.57,3175,3250,3105,56839,178482260,77560886680,24779836
20181123,070300,한솔시큐어,KOSDAQ,중견기업부,4860,15,0.31,4860,4880,4795,3483,16845265,35799119640,7366074
20181123,221610,한솔씨앤피,KOSDAQ,중견기업부,5900,-320,-5.14,6220,6370,5900,21497,132398990,23562670700,3993673
20181123,070590,한솔인티큐브,KOSDAQ,투자주의환기종목(소속부없음),2315,35,1.54,2260,2320,2255,27474,63066285,32131091115,13879521
20181123,226440,한송네오텍,KOSDAQ,중견기업부,1590,-100,-5.92,1695,1715,1575,1737530,2854562700,60739602720,38201008
20181123,042520,한스바이오메드,KOSDAQ,벤처기업부,25900,-2300,-8.16,27150,27450,25900,285892,7543344050,255318496300,9857857
20181123,078350,한양디지텍,KOSDAQ,중견기업부,3620,-25,-0.69,3640,3655,3510,41282,147713750,36200000000,10000000
20181123,045100,한양이엔지,KOSDAQ,우량기업부,13400,100,0.75,13400,13500,13150,84926,1129675150,241200000000,18000000
20181123,046110,한일네트웍스,KOSDAQ,벤처기업부,4630,25,0.54,4595,4665,4530,21330,97717715,55348071010,11954227
20181123,024740,한일단조,KOSDAQ,중견기업부,1115,-65,-5.51,1180,1190,1115,177433,202733785,33328830720,29891328
20181123,005860,한일사료,KOSDAQ,중견기업부,1760,-5,-0.28,1760,1935,1760,945810,1727379615,69350485600,39403685
20181123,123840,한일진공,KOSDAQ,중견기업부,1255,-25,-1.95,1270,1295,1255,93606,118724365,68997246930,54977886
20181123,007770,한일화학,KOSDAQ,중견기업부,10450,-400,-3.69,10850,10900,10300,7255,77032100,36679500000,3510000
20181123,079170,한창산업,KOSDAQ,중견기업부,5200,-200,-3.70,5540,5540,5110,12915,67637270,27040000000,5200000
20181123,086960,한컴MDS,KOSDAQ,우량기업부,14500,-250,-1.69,14650,14800,14400,13229,192817450,128014816000,8828608
20181123,054920,한컴시큐어,KOSDAQ,중견기업부,2885,0,0.00,2905,2960,2845,15683,44969360,40783952520,14136552
20181123,215090,한컴유니맥스,KOSDAQ,벤처기업부,1855,15,0.82,1890,2075,1830,1962603,3837385945,33672121385,18152087
20181123,077280,한컴지엠디,KOSDAQ,중견기업부,2250,0,0.00,2245,2260,2205,1495,3359560,26474262750,11766339
20181123,002680,한탑,KOSDAQ,중견기업부,2370,65,2.82,2270,2405,2270,56801,134389195,49296000000,20800000
20181123,066110,한프,KOSDAQ,중견기업부,1200,30,2.56,1200,1200,1165,99674,117202540,54533288400,45444407
20181123,265920,한화수성스팩,KOSDAQ,SPAC(소속부없음),2070,-10,-0.48,2080,2080,2070,202,419680,9190800000,4440000
20181123,264290,한화에이스스팩3호,KOSDAQ,SPAC(소속부없음),2090,-5,-0.24,2070,2095,2060,8130,16923095,6437200000,3080000
20181123,279410,한화에이스스팩4호,KOSDAQ,SPAC(소속부없음),2095,0,0.00,2095,2095,2075,1301,2725575,7322025000,3495000
20181123,102210,해덕파워웨이,KOSDAQ,중견기업부,1100,-55,-4.76,1190,1270,1055,14335452,16771245070,81066045500,73696405
20181123,220630,해마로푸드서비스,KOSDAQ,우량기업부,2260,-20,-0.88,2285,2295,2240,445241,1004885520,212208996360,93897786
20181123,034810,해성산업,KOSDAQ,중견기업부,11050,-50,-0.45,11100,11100,10850,1439,15747600,108069000000,9780000
20181123,076610,해성옵틱스,KOSDAQ,벤처기업부,2800,-95,-3.28,2850,2920,2800,151848,431389560,46690000000,16675000
20181123,220180,핸디소프트,KOSDAQ,벤처기업부,6210,320,5.43,5930,6250,5890,276513,1692396730,46345285890,7463009
20181123,008800,행남사,KOSDAQ,관리종목(소속부없음),3395,-375,-9.95,3710,3840,3350,424344,1474942920,86066930180,25351084
20181123,900270,헝셩그룹,KOSDAQ,외국기업(소속부없음),1380,-95,-6.44,1475,1500,1370,4056024,5794224250,110400000000,80000000
20181123,170030,현대공업,KOSDAQ,우량기업부,2410,-70,-2.82,2465,2485,2400,24806,59991315,36969400000,15340000
20181123,048410,현대바이오,KOSDAQ,중견기업부,6500,-250,-3.70,6720,6810,6500,1065709,7076295360,219172583500,33718859
20181123,016790,현대사료,KOSDAQ,중견기업부,20400,250,1.24,20650,21750,20200,163354,3400022500,125469914400,6150486
20181123,026180,현대정보기술,KOSDAQ,중견기업부,1620,-5,-0.31,1650,1650,1605,52502,85000865,96450255900,59537195
20181123,039010,현대통신,KOSDAQ,벤처기업부,10800,300,2.86,10550,11200,10550,173871,1897003550,93150000000,8625000
20181123,204990,현성바이탈,KOSDAQ,중견기업부,2415,-115,-4.55,2495,2585,2415,93643,231202975,76435047045,31650123
20181123,092300,현우산업,KOSDAQ,중견기업부,3170,80,2.59,3090,3300,3040,34558,107380165,45385866360,14317308
20181123,053660,현진소재,KOSDAQ,투자주의환기종목(소속부없음),3600,90,2.56,3505,3620,3305,400834,1400400840,76319150400,21199764
20181123,011080,형지I&C,KOSDAQ,중견기업부,724,-6,-0.82,737,737,705,39898,28870365,28203903632,38955668
20181123,060560,홈센타홀딩스,KOSDAQ,벤처기업부,1300,-15,-1.14,1290,1320,1260,80294,103695340,110305491400,84850378
20181123,064240,홈캐스트,KOSDAQ,중견기업부,5840,-210,-3.47,6100,6220,5760,502748,3002705910,188506031200,32278430
20181123,039610,화성밸브,KOSDAQ,중견기업부,12700,-600,-4.51,13500,13950,12650,700556,9328876050,92456000000,7280000
20181123,126640,화신정공,KOSDAQ,우량기업부,1045,-20,-1.88,1060,1085,1040,173028,182385950,38010711915,36373887
20181123,086250,화신테크,KOSDAQ,중견기업부,5860,-70,-1.18,5900,5900,5550,361837,2061898530,56842000000,9700000
20181123,204630,화이브라더스코리아,KOSDAQ,중견기업부,3275,-35,-1.06,3310,3350,3090,119492,383054385,93709130625,28613475
20181123,061250,화일약품,KOSDAQ,우량기업부,6720,-170,-2.47,6950,6980,6700,38271,259371980,96841637760,14410958
20181123,134780,화진,KOSDAQ,관리종목(소속부없음),3060,0,0.00,0,0,0,0,0,73560710880,24039448
20181123,097870,효성오앤비,KOSDAQ,중견기업부,8700,40,0.46,8680,8930,8500,47091,411697800,73863000000,8490000
20181123,050090,휘닉스소재,KOSDAQ,중견기업부,633,-2,-0.31,635,648,630,150660,96088838,43764950286,69138942
20181123,290270,휴네시온,KOSDAQ,벤처기업부,9240,-220,-2.33,9560,11200,9240,349057,3530717640,44387444640,4803836
20181123,205470,휴마시스,KOSDAQ,기술성장기업부,1450,-30,-2.03,1500,1530,1445,868089,1295197970,40199813050,27724009
20181123,115160,휴맥스,KOSDAQ,중견기업부,4960,-160,-3.13,5120,5130,4940,26851,134107400,118602518080,23911798
20181123,028080,휴맥스홀딩스,KOSDAQ,중견기업부,2975,10,0.34,3050,3050,2940,1082,3198850,37418080350,12577506
20181123,200670,휴메딕스,KOSDAQ,벤처기업부,25700,-100,-0.39,25900,26150,25400,27296,699724300,240237252100,9347753
20181123,065510,휴비츠,KOSDAQ,우량기업부,8250,-90,-1.08,8340,8390,8240,16705,138417830,98033685750,11882871
20181123,243070,휴온스,KOSDAQ,우량기업부,71600,0,0.00,71700,72800,70300,20108,1438179700,584834886000,8168085
20181123,084110,휴온스글로벌,KOSDAQ,우량기업부,44300,-1300,-2.85,45700,45700,44050,29396,1317327300,460910445700,10404299
20181123,145020,휴젤,KOSDAQ,우량기업부,329000,2000,0.61,325100,334400,324100,30763,10091971500,1433849445000,4358205
20181123,024060,흥구석유,KOSDAQ,중견기업부,2810,-160,-5.39,2910,2940,2805,513792,1469265235,42150000000,15000000
20181123,010240,흥국,KOSDAQ,중견기업부,4280,35,0.82,4245,4345,4215,37983,162626650,52741138880,12322696
20181123,189980,흥국에프엔비,KOSDAQ,중견기업부,7050,-60,-0.84,7110,7140,7000,4115,29085550,51756101550,7341291
20181123,037440,희림,KOSDAQ,중견기업부,4290,45,1.06,4245,4300,4215,20127,85396885,59727417750,13922475
20181123,238490,힘스,KOSDAQ,우량기업부,11400,-750,-6.17,12100,12300,11350,104838,1223556450,60980139000,5349135
