BAS_DD,ISU_CD,ISU_NM,MKT_NM,SECT_TP_NM,TDD_CLSPRC,CMPPREVDD_PRC,FLUC_RT,TDD_OPNPRC,TDD_HGPRC,TDD_LWPRC,ACC_TRDVOL,ACC_TRDVAL,MKTCAP,LIST_SHRS
20200227,095570,AJ네트웍스,KOSPI,,4245,-125,-2.86,4370,4600,4140,268145,1163934035,198760642275,46822295
20200227,006840,AK홀딩스,KOSPI,,25350,100,0.40,25300,25650,25150,14709,372652250,335825671350,13247561
20200227,027410,BGF,KOSPI,,4695,-5,-0.11,4655,4745,4655,173196,814538570,449390333745,95716791
20200227,282330,BGF리테일,KOSPI,,156500,500,0.32,156000,158000,153500,21217,3305911000,2704931289000,17283906
20200227,138930,BNK금융지주,KOSPI,,6390,90,1.43,6220,6400,6200,763998,4844509760,2082726221940,325935246
20200227,001460,BYC,KOSPI,,215000,-500,-0.23,215500,220500,211000,1126,241434500,134292225000,624615
20200227,001465,BYC우,KOSPI,,115000,0,0.00,114000,115000,114000,33,3780000,24769275000,215385
20200227,001040,CJ,KOSPI,,84100,-700,-0.83,84600,85500,82800,85236,7143842900,2453785531800,29176998
20200227,079160,CJ CGV,KOSPI,,24900,50,0.20,24700,25300,24350,228424,5653746050,526916693700,21161313
20200227,00104K,CJ4우(전환),KOSPI,,63500,-1000,-1.55,63900,64200,62000,10416,655862800,268383512000,4226512
20200227,000120,CJ대한통운,KOSPI,,137500,500,0.36,137000,139000,136500,48639,6687361500,3136697300000,22812344
20200227,011150,CJ씨푸드,KOSPI,,4010,-190,-4.52,4090,4360,3825,13104262,54283852600,144082399730,35930773
20200227,011155,CJ씨푸드1우,KOSPI,,36400,-1800,-4.71,37700,38900,35500,53368,1979531250,7280000000,200000
20200227,001045,CJ우,KOSPI,,40500,-750,-1.82,41250,41750,40100,14230,578808450,91539031500,2260223
20200227,097950,CJ제일제당,KOSPI,,259000,-5500,-2.08,263000,263500,256000,38562,9989688500,3899034174000,15054186
20200227,097955,CJ제일제당 우,KOSPI,,110000,-2500,-2.22,111500,112500,109500,1562,172419500,146017630000,1327433
20200227,000590,CS홀딩스,KOSPI,,53800,100,0.19,53800,54200,53200,142,7592100,62111131600,1154482
20200227,012030,DB,KOSPI,,744,-7,-0.93,750,754,739,521735,389330238,149673406152,201173933
20200227,016610,DB금융투자,KOSPI,,3650,-65,-1.75,3715,3745,3640,56841,208737605,154929319850,42446389
20200227,005830,DB손해보험,KOSPI,,43750,1600,3.80,42400,44400,41850,301506,13181695550,3097500000000,70800000
20200227,000990,DB하이텍,KOSPI,,25700,-1600,-5.86,27400,27500,25500,934839,24478136650,1141043711600,44398588
20200227,000995,DB하이텍1우,KOSPI,,44050,-850,-1.89,44900,44900,43950,1215,53632500,4947519800,112316
20200227,139130,DGB금융지주,KOSPI,,5850,-50,-0.85,5880,5900,5830,775475,4548046600,989503123050,169145833
20200227,001530,DI동일,KOSPI,,75700,-1300,-1.69,76100,76900,74700,7809,591606300,183301494000,2421420
20200227,004840,DRB동일,KOSPI,,4570,-150,-3.18,4720,4745,4570,20557,95457150,91080100000,19930000
20200227,155660,DSR,KOSPI,,3880,-150,-3.72,4030,4080,3850,94472,370939870,62080000000,16000000
20200227,069730,DSR제강,KOSPI,,3960,-115,-2.82,4080,4100,3955,72962,292123355,57024000000,14400000
20200227,017940,E1,KOSPI,,41300,-350,-0.84,41650,41750,40900,6173,254119050,283318000000,6860000
20200227,007700,F&F,KOSPI,,97000,-1500,-1.52,98000,101500,96600,92792,9159705100,1493800000000,15400000
20200227,114090,GKL,KOSPI,,17300,-50,-0.29,17350,17500,17150,239880,4149210750,1070103091000,61855670
20200227,078930,GS,KOSPI,,41950,0,0.00,41500,42000,41150,210228,8731621300,3897800107100,92915378
20200227,006360,GS건설,KOSPI,,26900,-300,-1.10,27150,27450,26750,356716,9640455750,2154630927600,80097804
20200227,001250,GS글로벌,KOSPI,,1815,-35,-1.89,1860,1880,1800,203951,373695150,149798781660,82533764
20200227,007070,GS리테일,KOSPI,,35850,-150,-0.42,35650,36300,35600,137221,4931664300,2760450000000,77000000
20200227,078935,GS우,KOSPI,,32750,-250,-0.76,32850,33500,32700,3570,117171450,58453051500,1784826
20200227,012630,HDC,KOSPI,,9230,-100,-1.07,9350,9400,9200,321883,2976083950,551416084830,59741721
20200227,039570,HDC아이콘트롤스,KOSPI,,8330,-240,-2.80,8700,8700,8300,47405,397987750,137111800000,16460000
20200227,089470,HDC현대EP,KOSPI,,3740,-145,-3.73,3835,3880,3710,84110,317584875,119306000000,31900000
20200227,294870,HDC현대산업개발,KOSPI,,17500,-950,-5.15,18450,18550,17500,1175906,21042316550,768918850000,43938220
20200227,082740,HSD엔진,KOSPI,,3705,-155,-4.02,3825,3930,3690,122444,461225565,122069161110,32947142
20200227,003560,IHQ,KOSPI,,1665,-55,-3.20,1705,1730,1640,809475,1359043390,243482520420,146235748
20200227,175330,JB금융지주,KOSPI,,5030,0,0.00,5030,5090,4995,516903,2601495595,990823956820,196982894
20200227,234080,JW생명과학,KOSPI,,18000,1200,7.14,16800,18100,16750,255222,4478730700,285021972000,15834554
20200227,001060,JW중외제약,KOSPI,,25650,150,0.59,25350,26150,25350,86397,2211822250,536599385100,20920054
20200227,001067,JW중외제약2우B,KOSPI,,44150,400,0.91,44000,45000,42700,555,24206200,3990012100,90374
20200227,001065,JW중외제약우,KOSPI,,27300,-500,-1.80,27700,27750,26700,7107,192539350,4705455300,172361
20200227,096760,JW홀딩스,KOSPI,,5270,-60,-1.13,5330,5430,5220,330137,1750075500,350202856850,66452155
20200227,105560,KB금융,KOSPI,,39400,350,0.90,38700,39450,38400,1667870,65145413850,16382832048000,415807920
20200227,002380,KCC,KOSPI,,177000,-3000,-1.67,182000,182000,176500,32282,5748868500,1572905367000,8886471
20200227,009070,KCTC,KOSPI,,2400,-75,-3.03,2450,2500,2370,438758,1066103845,72000000000,30000000
20200227,009440,KC그린홀딩스,KOSPI,,4350,-80,-1.81,4395,4475,4245,78340,339808420,97592163000,22434980
20200227,119650,KC코트렐,KOSPI,,5760,-260,-4.32,6030,6100,5670,185316,1077093160,74880000000,13000000
20200227,092220,KEC,KOSPI,,915,-45,-4.69,960,965,910,2262327,2099075543,106786850100,116706940
20200227,001390,KG케미칼,KOSPI,,12300,-600,-4.65,13050,13250,12200,245503,3106915950,160062753600,13013232
20200227,001940,KISCO홀딩스,KOSPI,,11100,-250,-2.20,11400,11400,10700,16495,182465700,205087818000,18476380
20200227,025000,KPX케미칼,KOSPI,,49850,-550,-1.09,50400,51500,49800,2401,120186800,241274000000,4840000
20200227,092230,KPX홀딩스,KOSPI,,47900,-350,-0.73,48250,48250,47500,1629,77575600,202360543400,4224646
20200227,000040,KR모터스,KOSPI,,665,-18,-2.64,684,695,665,331436,223972093,31495076970,47361018
20200227,044450,KSS해운,KOSPI,,7880,40,0.51,7840,7880,7750,88858,693211870,182704734400,23185880
20200227,030200,KT,KOSPI,,24300,300,1.25,23950,24300,23900,766679,18522635900,6345016934400,261111808
20200227,033780,KT&G,KOSPI,,86200,3100,3.73,82800,87800,82800,866272,74866525200,11834613241400,137292497
20200227,030210,KTB투자증권,KOSPI,,2160,-25,-1.14,2175,2240,2150,161019,350716745,130278438720,60314092
20200227,058850,KTcs,KOSPI,,1925,-30,-1.53,1945,2030,1910,113959,220281415,82168625000,42685000
20200227,058860,KTis,KOSPI,,2035,-65,-3.10,2095,2095,2035,74974,154634685,70822070000,34802000
20200227,093050,LF,KOSPI,,13250,0,0.00,13200,13450,13150,97678,1298430200,387430000000,29240000
20200227,003550,LG,KOSPI,,70000,-800,-1.13,69700,71100,69500,324392,22783152300,12078999170000,172557131
20200227,034220,LG디스플레이,KOSPI,,14250,-300,-2.06,14550,14700,14050,2731762,38959808350,5098873725000,357815700
20200227,001120,LG상사,KOSPI,,11700,-50,-0.43,11750,11900,11550,148522,1736146100,453492000000,38760000
20200227,051900,LG생활건강,KOSPI,,1246000,-31000,-2.43,1267000,1284000,1241000,62741,78652905000,19460273462000,15618197
20200227,051905,LG생활건강우,KOSPI,,775000,-2000,-0.26,776000,790000,767000,4229,3262444000,1627265175000,2099697
20200227,003555,LG우,KOSPI,,47000,-1500,-3.09,48500,48600,47000,14168,668404150,155789819000,3314677
20200227,032640,LG유플러스,KOSPI,,13550,0,0.00,13450,13550,13250,2245239,30092291200,5916083941550,436611361
20200227,011070,LG이노텍,KOSPI,,143500,-1500,-1.03,143500,147500,142000,157807,22777858000,3396229854500,23667107
20200227,066570,LG전자,KOSPI,,62400,-900,-1.42,63000,63600,62000,524379,32830864200,10211623593600,163647814
20200227,066575,LG전자우,KOSPI,,24500,-400,-1.61,24950,25000,24400,29108,716866750,421056804000,17185992
20200227,108670,LG하우시스,KOSPI,,47100,-450,-0.95,46900,47500,46800,20451,961825200,422377257000,8967670
20200227,108675,LG하우시스우,KOSPI,,22150,-200,-0.89,22550,22550,21650,4981,109085300,22866109500,1032330
20200227,037560,LG헬로비전,KOSPI,,4675,-115,-2.40,4800,4860,4650,176551,835311085,362064093875,77446865
20200227,051910,LG화학,KOSPI,,388000,-7000,-1.77,394000,398000,384000,345104,134499384500,27389829084000,70592343
20200227,051915,LG화학우,KOSPI,,192500,-4000,-2.04,197500,198500,189500,22040,4269802000,1480094000000,7688800
20200227,079550,LIG넥스원,KOSPI,,27150,-100,-0.37,27100,27400,27050,66680,1812139600,597300000000,22000000
20200227,006260,LS,KOSPI,,37600,450,1.21,37200,37650,37000,98630,3680050150,1210720000000,32200000
20200227,000680,LS네트웍스,KOSPI,,2150,-15,-0.69,2135,2170,2135,18847,40422855,169426484400,78803016
20200227,010120,LS산전,KOSPI,,45500,100,0.22,45000,45600,44950,60459,2743761750,1365000000000,30000000
20200227,229640,LS전선아시아,KOSPI,,7760,-130,-1.65,7800,7950,7750,78085,608044970,237649061040,30624879
20200227,023150,MH에탄올,KOSPI,,9600,-200,-2.04,9300,10000,9260,818819,7800754250,70833849600,7378526
20200227,035420,NAVER,KOSPI,,182000,-5000,-2.67,185000,187000,179000,535696,97707150500,29996037890000,164813395
20200227,181710,NHN,KOSPI,,73300,-2900,-3.81,76300,76500,72900,66185,4937535600,1434116332500,19565025
20200227,005940,NH투자증권,KOSPI,,10250,50,0.49,10300,10350,10150,711190,7290116500,2884441091750,281408887
20200227,005945,NH투자증권우,KOSPI,,8180,-50,-0.61,8230,8240,8130,45395,371376640,154364518240,18870968
20200227,338100,NH프라임리츠,KOSPI,,5530,-20,-0.36,5640,5640,5500,48026,266568950,103189800000,18660000
20200227,034310,NICE,KOSPI,,20750,-500,-2.35,21300,21300,20750,21403,450907850,786057725000,37882300
20200227,008260,NI스틸,KOSPI,,1870,-55,-2.86,1925,1970,1870,68245,130921895,53482218790,28600117
20200227,004250,NPC,KOSPI,,3730,-65,-1.71,3750,3780,3690,5428,20259595,136965600000,36720000
20200227,004255,NPC우,KOSPI,,2235,-45,-1.97,2300,2300,2205,5438,12137220,11800800000,5280000
20200227,010060,OCI,KOSPI,,52400,100,0.19,52500,54200,52100,268768,14202229800,1249707040400,23849371
20200227,005490,POSCO,KOSPI,,199000,-1000,-0.50,199000,202500,199000,305381,61048059500,17350180165000,87186835
20200227,100840,S&TC,KOSPI,,16950,-50,-0.29,17500,17650,16800,26761,457015550,127238751450,7506711
20200227,064960,S&T모티브,KOSPI,,41200,300,0.73,40300,42100,40250,66909,2749326150,602473203200,14623136
20200227,003570,S&T중공업,KOSPI,,6090,-50,-0.81,6120,6120,6000,15411,93255340,202508924730,33252697
20200227,036530,S&T홀딩스,KOSPI,,13700,-300,-2.14,14000,14050,13550,8696,119144350,223363238200,16303886
20200227,010950,S-Oil,KOSPI,,68800,-1700,-2.41,70200,70300,68600,419224,29002646800,7745696089600,112582792
20200227,010955,S-Oil우,KOSPI,,39750,-900,-2.21,40650,40900,39500,15352,613188400,159871598250,4021927
20200227,034120,SBS,KOSPI,,23200,0,0.00,23200,23950,23150,104978,2475816550,423459902400,18252582
20200227,101060,SBS미디어홀딩스,KOSPI,,1805,5,0.28,1815,1845,1785,166138,302577250,252512622950,139896190
20200227,004060,SG세계물산,KOSPI,,799,-9,-1.11,808,815,779,1125527,892100952,161737543040,202424960
20200227,001380,SG충방,KOSPI,,1480,-35,-2.31,1515,1525,1470,123183,184130160,66546931640,44964143
20200227,002360,SH에너지화학,KOSPI,,974,-21,-2.11,995,1005,970,1685450,1657256210,108244253020,111133730
20200227,009160,SIMPAC,KOSPI,,2700,-115,-4.09,2800,2840,2680,226038,622239410,176659693200,65429516
20200227,123700,SJM,KOSPI,,3175,-55,-1.70,3230,3230,3165,8537,27234190,49545551150,15604898
20200227,025530,SJM홀딩스,KOSPI,,2965,-35,-1.17,3000,3005,2955,13605,40566605,44279333720,14934008
20200227,034730,SK,KOSPI,,200500,-2500,-1.23,203000,206500,199000,160934,32416191500,14107239548500,70360297
20200227,011790,SKC,KOSPI,,53700,-1600,-2.89,55200,55400,53100,299195,16140320900,2015605603500,37534555
20200227,018670,SK가스,KOSPI,,76800,700,0.92,75000,79200,75000,10403,806146400,702088780800,9141781
20200227,001740,SK네트웍스,KOSPI,,4450,-30,-0.67,4470,4565,4445,762436,3417959420,1104435029150,248187647
20200227,001745,SK네트웍스우,KOSPI,,73100,-700,-0.95,73900,76600,72300,1123,82755100,8307668800,113648
20200227,006120,SK디스커버리,KOSPI,,22250,-400,-1.77,22450,22750,22150,68038,1523870100,423592273750,19037855
20200227,006125,SK디스커버리우,KOSPI,,16150,50,0.31,16100,16550,15950,9524,153333800,21939048250,1358455
20200227,210980,SK디앤디,KOSPI,,28800,0,0.00,28950,28950,27600,57748,1626046450,546916723200,18990164
20200227,068400,SK렌터카,KOSPI,,9920,-80,-0.80,10050,10100,9890,80067,796450580,354790188800,35765140
20200227,03473K,SK우,KOSPI,,169000,-6500,-3.70,171500,173500,168500,13155,2242915000,95676815000,566135
20200227,096770,SK이노베이션,KOSPI,,116500,-3500,-2.92,120000,120000,116500,675134,79457896500,10772238206000,92465564
20200227,096775,SK이노베이션우,KOSPI,,76000,-2000,-2.56,78100,79700,76000,8906,688389100,94880376000,1248426
20200227,001510,SK증권,KOSPI,,557,-9,-1.59,568,569,556,1853706,1039741096,263232725247,472590171
20200227,001515,SK증권우,KOSPI,,2565,-35,-1.35,2520,2590,2520,15085,38672895,10035598410,3912514
20200227,285130,SK케미칼,KOSPI,,60100,-1500,-2.44,62200,62200,60000,151511,9206916700,705657899600,11741396
20200227,28513K,SK케미칼우,KOSPI,,27000,-1100,-3.91,28500,28600,26700,31471,867729000,39384090000,1458670
20200227,017670,SK텔레콤,KOSPI,,217000,1000,0.46,215500,217000,214500,168477,36330957500,17521819287000,80745711
20200227,000660,SK하이닉스,KOSPI,,92800,-1800,-1.90,94700,95300,92200,4644449,415950598516,67558619472000,728002365
20200227,005610,SPC삼립,KOSPI,,71200,300,0.42,70300,72000,70300,5944,423170600,614385440800,8629009
20200227,011810,STX,KOSPI,,7180,0,0.00,7140,7330,7040,12933,92169420,141639156360,19726902
20200227,077970,STX엔진,KOSPI,,5980,-10,-0.17,5990,5990,5920,12500,74458570,137593245920,23008904
20200227,071970,STX중공업,KOSPI,,2295,-125,-5.17,2380,2465,2270,116920,274318675,65099914920,28365976
20200227,084870,TBH글로벌,KOSPI,,2020,-5,-0.25,2020,2045,1955,42026,83911925,42130774380,20856819
20200227,002710,TCC스틸,KOSPI,,2420,0,0.00,2325,2465,2325,17291,41031130,54068850000,22342500
20200227,024070,WISCOM,KOSPI,,2560,5,0.20,2555,2575,2535,10029,25624835,39235681280,15326438
20200227,037270,YG PLUS,KOSPI,,1290,-10,-0.77,1320,1355,1280,184542,241989955,75040208160,58170704
20200227,000500,가온전선,KOSPI,,19250,0,0.00,19650,19900,19100,895,17212500,80086679750,4160347
20200227,000860,강남제비스코,KOSPI,,17700,-450,-2.48,18200,18200,17600,3063,54294850,115050000000,6500000
20200227,035250,강원랜드,KOSPI,,23850,250,1.06,23700,24150,23500,405903,9692446400,5102480925000,213940500
20200227,011420,갤럭시아에스엠,KOSPI,,1505,-55,-3.53,1590,1610,1505,228018,353590295,41462214220,27549644
20200227,002100,경농,KOSPI,,9540,-340,-3.44,9880,9950,9530,74856,724281510,206939295000,21691750
20200227,009450,경동나비엔,KOSPI,,38600,-200,-0.52,38600,39400,38500,42399,1645164900,491745086000,12739510
20200227,267290,경동도시가스,KOSPI,,17750,-350,-1.93,18500,18500,17650,21678,389685050,104643456500,5895406
20200227,012320,경동인베스트,KOSPI,,34000,-1200,-3.41,35200,35200,33650,6076,207269300,80410782000,2365023
20200227,000050,경방,KOSPI,,9280,-90,-0.96,9350,9400,9260,38941,361993160,254413705600,27415270
20200227,214390,경보제약,KOSPI,,8080,40,0.50,8030,8380,7960,73163,594805730,193167428800,23906860
20200227,012610,경인양행,KOSPI,,7720,-320,-3.98,8080,8080,7700,562497,4406469730,314870737800,40786365
20200227,009140,경인전자,KOSPI,,18000,-50,-0.28,18050,18050,17700,309,5502250,28274346000,1570797
20200227,013580,계룡건설,KOSPI,,17050,-50,-0.29,17350,17400,16850,9584,163667900,152271964350,8930907
20200227,012200,계양전기,KOSPI,,3010,-75,-2.43,3080,3140,3010,316412,964858280,98126000000,32600000
20200227,012205,계양전기우,KOSPI,,7100,-300,-4.05,7380,7520,6970,49621,356023120,9940000000,1400000
20200227,004200,고려개발,KOSPI,,7540,-280,-3.58,7620,7820,7400,14976,112507170,114754607760,15219444
20200227,002140,고려산업,KOSPI,,2780,-120,-4.14,2900,2905,2750,303650,855740630,69331601500,24939425
20200227,010130,고려아연,KOSPI,,428500,1500,0.35,422500,434000,422500,37011,15907986000,8085795000000,18870000
20200227,002240,고려제강,KOSPI,,16700,50,0.30,16650,16700,16400,23378,386170150,334000000000,20000000
20200227,009290,광동제약,KOSPI,,6070,-180,-2.88,6300,6300,6040,164070,1007030590,318194565570,52420851
20200227,017040,광명전기,KOSPI,,1980,-85,-4.12,2070,2070,1980,297094,595730400,85808477700,43337615
20200227,017900,광전자,KOSPI,,1930,-30,-1.53,1950,1970,1920,58656,113786935,111831462590,57943763
20200227,037710,광주신세계,KOSPI,,157000,1000,0.64,156000,157500,154500,273,42789000,251200000000,1600000
20200227,030610,교보증권,KOSPI,,7930,-70,-0.88,8040,8040,7860,40903,324710060,285480000000,36000000
20200227,007690,국도화학,KOSPI,,40250,0,0.00,40600,40600,40250,5396,218096950,233877294000,5810616
20200227,005320,국동,KOSPI,,1360,115,9.24,1405,1560,1285,40546702,59354540600,37530772160,27596156
20200227,001140,국보,KOSPI,,1555,-110,-6.61,1685,1685,1535,472030,754363600,37267915275,23966505
20200227,002720,국제약품,KOSPI,,5540,-370,-6.26,5920,6030,5420,1465437,8460799260,101938880800,18400520
20200227,083420,그린케미칼,KOSPI,,3310,-5,-0.15,3320,3320,3270,25378,83402585,79440000000,24000000
20200227,014530,극동유화,KOSPI,,3340,-75,-2.20,3405,3415,3305,328748,1102798650,116463862800,34869420
20200227,014280,금강공업,KOSPI,,3200,-70,-2.14,3245,3270,3185,44346,142690435,78149500800,24421719
20200227,014285,금강공업우,KOSPI,,8920,-220,-2.41,9230,9240,8800,20333,181907510,5261685000,589875
20200227,008870,금비,KOSPI,,57600,-200,-0.35,58200,58300,57600,274,15812400,57600000000,1000000
20200227,001570,금양,KOSPI,,2565,-35,-1.35,2585,2640,2470,176186,449834260,112983466275,44048135
20200227,002990,금호산업,KOSPI,,8300,-180,-2.12,8450,8540,8250,64348,539217000,299093396700,36035349
20200227,002995,금호산업우,KOSPI,,28550,-700,-2.39,29300,29300,28500,874,25149250,8344194300,292266
20200227,011780,금호석유,KOSPI,,62400,-1900,-2.95,63600,64100,62400,106775,6735056000,1901183918400,30467691
20200227,011785,금호석유우,KOSPI,,28050,-450,-1.58,28950,28950,28000,3544,99767300,84808782300,3023486
20200227,214330,금호에이치티,KOSPI,,3850,-100,-2.53,3910,3980,3805,82381,317970960,99115866850,25744381
20200227,001210,금호전기,KOSPI,,3120,-330,-9.57,3450,3475,3075,212380,689873380,32031979200,10266660
20200227,073240,금호타이어,KOSPI,,3770,-70,-1.82,3770,3840,3735,414207,1562293950,1082971281990,287260287
20200227,092440,기신정기,KOSPI,,3645,-85,-2.28,3730,3740,3640,53273,195747145,106434000000,29200000
20200227,000270,기아차,KOSPI,,37700,-450,-1.18,37600,38150,37500,1053667,39839669750,15282198181900,405363347
20200227,024110,기업은행,KOSPI,,9780,120,1.24,9600,9820,9600,1403170,13652145140,5644595254620,577156979
20200227,013700,까뮤이앤씨,KOSPI,,1330,-55,-3.97,1385,1400,1330,1052830,1425768535,60052532400,45152280
20200227,004540,깨끗한나라,KOSPI,,3230,-175,-5.14,3480,3485,3065,1174262,3798884710,120287438390,37240693
20200227,004545,깨끗한나라우,KOSPI,,20350,-700,-3.33,21450,21450,19850,11524,235851900,7451356000,366160
20200227,074610,나노메딕스,KOSPI,,5850,-310,-5.03,6160,6170,5780,782869,4662434050,217748214450,37221917
20200227,001260,남광토건,KOSPI,,9000,-120,-1.32,9090,9290,8950,17854,161901790,88457499000,9828611
20200227,008350,남선알미늄,KOSPI,,3860,-190,-4.69,4040,4080,3790,5497260,21499245700,425291287400,110179090
20200227,008355,남선알미우,KOSPI,,31450,-2000,-5.98,33100,33800,30750,24582,782156450,9683140500,307890
20200227,004270,남성,KOSPI,,2670,-125,-4.47,2780,2855,2630,632479,1723619995,96686467200,36212160
20200227,003920,남양유업,KOSPI,,372000,1000,0.27,372500,372500,365000,2657,977299000,267840000000,720000
20200227,003925,남양유업우,KOSPI,,125500,-1000,-0.79,126500,127500,125500,12,1523000,20916081000,166662
20200227,002070,남영비비안,KOSPI,,1240,-75,-5.70,1310,1330,1220,1122874,1425825090,85162518000,68679450
20200227,025860,남해화학,KOSPI,,7100,-60,-0.84,7200,7270,7040,111360,792687020,352719785300,49678843
20200227,005720,넥센,KOSPI,,5220,-120,-2.25,5380,5380,5210,42237,221973800,279499559940,53543977
20200227,005725,넥센우,KOSPI,,3265,-10,-0.31,3345,3345,3265,374,1222240,11755959000,3600600
20200227,002350,넥센타이어,KOSPI,,6650,-10,-0.15,6680,6700,6550,249088,1644829140,649491382050,97667877
20200227,002355,넥센타이어1우B,KOSPI,,2790,-110,-3.79,2930,2930,2785,82405,230867295,18135000000,6500000
20200227,003580,넥스트사이언스,KOSPI,,7400,430,6.17,7000,8140,6830,2050337,15556543140,211620367800,28597347
20200227,251270,넷마블,KOSPI,,89500,-1600,-1.76,90500,91600,88700,206632,18578789400,7674815098000,85752124
20200227,090350,노루페인트,KOSPI,,7150,-170,-2.32,7320,7370,7130,86296,622612370,143000000000,20000000
20200227,090355,노루페인트우,KOSPI,,14550,-500,-3.32,15100,15700,14500,32783,492666500,6738483300,463126
20200227,000320,노루홀딩스,KOSPI,,10650,-100,-0.93,10800,10800,10550,2669,28406950,141550758150,13291151
20200227,000325,노루홀딩스우,KOSPI,,18600,-150,-0.80,19300,19300,18050,664,12205950,3445650000,185250
20200227,006280,녹십자,KOSPI,,119000,6000,5.31,113000,119000,112500,74164,8621446500,1390698022000,11686538
20200227,005250,녹십자홀딩스,KOSPI,,18100,150,0.84,17800,18150,17750,57111,1024456350,851210601000,47028210
20200227,005257,녹십자홀딩스2우,KOSPI,,16300,-100,-0.61,16400,16500,16150,579,9453200,13789637000,845990
20200227,004370,농심,KOSPI,,273000,-2500,-0.91,271500,278500,271500,37799,10363818000,1660561266000,6082642
20200227,072710,농심홀딩스,KOSPI,,76500,0,0.00,76400,77000,75700,3098,236741500,354790935000,4637790
20200227,058730,다스코,KOSPI,,5950,-20,-0.34,5840,6210,5840,88165,531298760,91630000000,15400000
20200227,023590,다우기술,KOSPI,,16750,-300,-1.76,17050,17250,16700,168720,2857052300,751515834750,44866617
20200227,019680,대교,KOSPI,,5120,110,2.20,4970,5200,4970,446197,2264302210,433678592000,84702850
20200227,019685,대교우B,KOSPI,,3120,-10,-0.32,3115,3145,3085,98947,308352545,60612208800,19426990
20200227,006370,대구백화점,KOSPI,,6380,0,0.00,6360,6540,6310,5704,36266760,69041878180,10821611
20200227,008060,대덕전자,KOSPI,,9910,-490,-4.71,10350,10400,9760,1088146,10875248180,773049092520,78006972
20200227,00806K,대덕전자1우,KOSPI,,6040,-120,-1.95,6130,6150,6040,9864,59973120,19979571040,3307876
20200227,000490,대동공업,KOSPI,,4870,-310,-5.98,5160,5260,4865,345822,1728590675,115556382700,23728210
20200227,008110,대동전자,KOSPI,,3480,-50,-1.42,3530,3530,3470,7267,25411720,36506755560,10490447
20200227,005750,대림B&Co,KOSPI,,3570,-155,-4.16,3630,3680,3520,49194,176345220,59519896800,16672240
20200227,000210,대림산업,KOSPI,,74400,-1500,-1.98,75900,76800,74300,92796,6973240900,2589120000000,34800000
20200227,000215,대림산업우,KOSPI,,34650,-250,-0.72,35200,35200,34400,927,32062650,131670000000,3800000
20200227,004440,대림씨엔에스,KOSPI,,5920,-30,-0.50,6000,6020,5860,33775,199341630,75373126240,12731947
20200227,006570,대림통상,KOSPI,,3755,-20,-0.53,3775,3775,3720,503,1885010,57169875000,15225000
20200227,001680,대상,KOSPI,,20550,-100,-0.48,20450,20700,20350,86363,1770938450,712016913750,34648025
20200227,001685,대상우,KOSPI,,12300,-450,-3.53,12900,12900,12200,6363,78761550,16853742900,1370223
20200227,084690,대상홀딩스,KOSPI,,5840,-30,-0.51,5870,5900,5780,43593,254974470,211481221920,36212538
20200227,084695,대상홀딩스우,KOSPI,,5900,-150,-2.48,6000,6030,5900,29281,174914360,5389543800,913482
20200227,128820,대성산업,KOSPI,,3265,-45,-1.36,3270,3325,3220,78863,257402155,147693835670,45235478
20200227,117580,대성에너지,KOSPI,,4790,-45,-0.93,4795,4875,4780,16291,78388565,131725000000,27500000
20200227,016710,대성홀딩스,KOSPI,,8110,-50,-0.61,8160,8240,8080,35777,292583620,130485512490,16089459
20200227,003540,대신증권,KOSPI,,9720,-50,-0.51,9730,9820,9700,113956,1109626576,493517448000,50773400
20200227,003547,대신증권2우B,KOSPI,,7100,0,0.00,7100,7200,7050,12506,88511120,71000000000,10000000
20200227,003545,대신증권우,KOSPI,,7630,-20,-0.26,7600,7740,7600,29041,222223480,198380000000,26000000
20200227,009190,대양금속,KOSPI,,3345,-185,-5.24,3540,3550,3230,580377,1973275675,74392572540,22239932
20200227,014160,대영포장,KOSPI,,1160,-45,-3.73,1210,1220,1140,6335838,7435930520,125737676840,108394549
20200227,047040,대우건설,KOSPI,,4155,-40,-0.95,4180,4220,4130,878681,3659593790,1726912060890,415622638
20200227,009320,대우부품,KOSPI,,2350,-105,-4.28,2490,2500,2330,1753465,4228282550,111968981250,47646375
20200227,042660,대우조선해양,KOSPI,,22900,-100,-0.43,22800,23050,22600,144099,3278735950,2455011720800,107205752
20200227,003090,대웅,KOSPI,,10700,-400,-3.60,11050,11200,10600,69879,759239250,622119186000,58141980
20200227,069620,대웅제약,KOSPI,,108500,-1500,-1.36,109500,111500,106500,38926,4230432000,1257143387500,11586575
20200227,000430,대원강업,KOSPI,,3370,-15,-0.44,3425,3425,3325,27970,93981110,208940000000,62000000
20200227,006340,대원전선,KOSPI,,991,-29,-2.84,1015,1030,989,372616,371543023,67494206461,68107171
20200227,006345,대원전선우,KOSPI,,2745,-15,-0.54,2760,2855,2665,33963,94370570,7195194000,2621200
20200227,003220,대원제약,KOSPI,,14550,-100,-0.68,14650,14900,14350,69005,1006862750,286091950350,19662677
20200227,024890,대원화성,KOSPI,,1355,-40,-2.87,1395,1400,1350,189691,257852975,55892600960,41249152
20200227,002880,대유에이텍,KOSPI,,872,-3,-0.34,885,885,848,339211,291937501,93230740664,106915987
20200227,000300,대유플러스,KOSPI,,776,-4,-0.51,789,789,759,313454,240935248,82742357224,106626749
20200227,012800,대창,KOSPI,,1160,-65,-5.31,1220,1240,1155,1864788,2207153685,105722978840,91140499
20200227,015230,대창단조,KOSPI,,26450,-50,-0.19,26250,26550,26100,5247,138314600,75573548350,2857223
20200227,001070,대한방직,KOSPI,,19300,-50,-0.26,19500,19500,19100,1832,35141800,102290000000,5300000
20200227,006650,대한유화,KOSPI,,90700,-1300,-1.41,92100,93900,90600,23767,2169981600,589550000000,6500000
20200227,001440,대한전선,KOSPI,,557,-10,-1.76,567,570,553,763476,427423340,477055466013,856473009
20200227,084010,대한제강,KOSPI,,5260,-100,-1.87,5310,5470,5200,33641,177666790,129641820840,24646734
20200227,001790,대한제당,KOSPI,,20350,50,0.25,20250,20450,19850,13452,271268100,179894040700,8840002
20200227,001799,대한제당3우B,KOSPI,,20900,-700,-3.24,21200,21700,20800,1219,25742450,2709810400,129656
20200227,001795,대한제당우,KOSPI,,12550,-50,-0.40,12800,12800,12450,1361,17029150,8135863800,648276
20200227,001130,대한제분,KOSPI,,134000,500,0.37,132500,135500,132500,1027,137567500,226460000000,1690000
20200227,003490,대한항공,KOSPI,,22950,0,0.00,22700,23700,22350,1045609,24138477100,2176684350300,94844634
20200227,003495,대한항공우,KOSPI,,21500,-650,-2.93,22150,23600,21450,169797,3830122350,23882071000,1110794
20200227,005880,대한해운,KOSPI,,17800,400,2.30,17500,18150,17450,163992,2938407550,434802540200,24427109
20200227,003830,대한화섬,KOSPI,,82400,300,0.37,81300,82600,81300,203,16703000,109427200000,1328000
20200227,016090,대현,KOSPI,,2010,-20,-0.99,2050,2050,2005,80899,163776410,89007443100,44282310
20200227,069460,대호에이엘,KOSPI,,2910,-130,-4.28,3040,3090,2860,279697,826878040,78962381490,27134839
20200227,192080,더블유게임즈,KOSPI,,43750,-1400,-3.10,45150,45450,43600,69135,3045249150,799115712500,18265502
20200227,012510,더존비즈온,KOSPI,,90900,-4200,-4.42,94600,94700,90500,173124,15984878600,2697248430000,29672700
20200227,004830,덕성,KOSPI,,3060,-165,-5.12,3225,3280,3060,365488,1154982520,47980800000,15680000
20200227,004835,덕성우,KOSPI,,7530,-870,-10.36,8350,8630,7470,291804,2319244040,10481760000,1392000
20200227,024900,덕양산업,KOSPI,,1170,-45,-3.70,1215,1220,1160,252543,299656225,38101026600,32564980
20200227,145720,덴티움,KOSPI,,43850,-1500,-3.31,44750,45300,43800,29837,1326320100,485368195500,11068830
20200227,002150,도화엔지니어링,KOSPI,,7750,-70,-0.90,7850,8090,7560,110283,863490350,261330000000,33720000
20200227,001230,동국제강,KOSPI,,4755,-25,-0.52,4770,4840,4685,304390,1445477080,453782664435,95432737
20200227,023450,동남합성,KOSPI,,26850,450,1.70,27400,27500,26550,7009,190663800,97245007800,3621788
20200227,004140,동방,KOSPI,,2220,-40,-1.77,2260,2475,2050,22671646,52541293225,74293605360,33465588
20200227,007590,동방아그로,KOSPI,,6530,-50,-0.76,6570,6570,6480,2182,14199090,88922777810,13617577
20200227,005960,동부건설,KOSPI,,7770,-20,-0.26,7880,8000,7710,22950,178400240,169608711510,21828663
20200227,005965,동부건설우,KOSPI,,20150,-750,-3.59,20750,21500,20150,1442,29569600,4548499800,225732
20200227,016380,동부제철,KOSPI,,7060,-110,-1.53,7050,7200,7050,11153,79128640,706062812820,100008897
20200227,016385,동부제철우,KOSPI,,69100,-400,-0.58,67100,69300,67100,34,2295800,3688903500,53385
20200227,083370,동북아12호,KOSPI,,5000,50,1.01,5010,5030,5000,4292,21460200,7928300000,1585660
20200227,083380,동북아13호,KOSPI,,5010,10,0.20,5010,5010,5010,99,495990,7944156600,1585660
20200227,026960,동서,KOSPI,,15900,0,0.00,15750,15950,15700,79983,1266776650,1585230000000,99700000
20200227,002210,동성제약,KOSPI,,12800,0,0.00,12650,13400,12650,301971,3901506400,333705574400,26070748
20200227,102260,동성코퍼레이션,KOSPI,,4250,60,1.43,4140,4550,4140,240989,1025449570,193141122500,45444970
20200227,005190,동성화학,KOSPI,,16400,-50,-0.30,16450,16800,16100,25174,411059000,87503249600,5335564
20200227,000640,동아쏘시오홀딩스,KOSPI,,89300,3300,3.84,85700,89900,85100,19619,1729624200,548149922100,6138297
20200227,170900,동아에스티,KOSPI,,89800,200,0.22,88000,91100,87900,21457,1932574400,758259346400,8443868
20200227,028100,동아지질,KOSPI,,14900,-550,-3.56,15100,15450,14650,148677,2211273000,171350000000,11500000
20200227,282690,동아타이어,KOSPI,,11100,-100,-0.89,11200,11450,10800,4879,54096900,152436466500,13733015
20200227,001520,동양,KOSPI,,1075,45,4.37,1025,1125,1010,3508857,3785057155,256585367725,238684063
20200227,001527,동양2우B,KOSPI,,9070,10,0.11,9290,9290,9000,4067,39013600,2798720830,308569
20200227,001529,동양3우B,KOSPI,,26850,0,0.00,27050,27050,26650,314,9115800,2409035700,89722
20200227,084670,동양고속,KOSPI,,26050,-400,-1.51,26400,26400,25900,3043,79259800,75429572450,2895569
20200227,030790,동양네트웍스,KOSPI,,317,0,0.00,0,0,0,0,0,47017465043,148320079
20200227,002900,동양물산,KOSPI,,990,-55,-5.26,1045,1065,969,4026837,4055938672,124744563900,126004610
20200227,082640,동양생명,KOSPI,,3320,-25,-0.75,3350,3365,3320,26335,87823485,535710502200,161358585
20200227,001525,동양우,KOSPI,,6020,-40,-0.66,6210,6220,6000,4934,30114460,3718740620,617731
20200227,008970,동양철관,KOSPI,,964,-17,-1.73,981,993,958,699302,678387909,114605419560,118885290
20200227,092780,동양피스톤,KOSPI,,4420,-225,-4.84,4630,4675,4415,108080,489048410,58204593200,13168460
20200227,049770,동원F&B,KOSPI,,214000,-4500,-2.06,219000,222500,210500,6399,1363545000,825852536000,3859124
20200227,018500,동원금속,KOSPI,,910,-8,-0.87,913,945,901,176383,161509724,42546989030,46754933
20200227,006040,동원산업,KOSPI,,191000,-4500,-2.30,195500,201000,191000,5011,994174500,702429431000,3677641
20200227,030720,동원수산,KOSPI,,9990,-410,-3.94,10400,10650,9990,180099,1851035090,46491511950,4653805
20200227,014820,동원시스템즈,KOSPI,,22850,-200,-0.87,22850,23300,22550,27085,619037100,585382976350,25618511
20200227,014825,동원시스템즈우,KOSPI,,28650,-400,-1.38,29000,29000,28600,131,3773300,7602506700,265358
20200227,163560,동일고무벨트,KOSPI,,5440,-80,-1.45,5500,5500,5330,22482,122124280,72624000000,13350000
20200227,004890,동일산업,KOSPI,,52300,-300,-0.57,52100,52400,51900,2270,118044300,126838744500,2425215
20200227,002690,동일제강,KOSPI,,2245,-25,-1.10,2270,2285,2215,42544,95431710,33675000000,15000000
20200227,000020,동화약품,KOSPI,,7030,0,0.00,7090,7340,6990,205047,1460583190,196358234100,27931470
20200227,000150,두산,KOSPI,,58800,0,0.00,58300,59100,58300,32313,1896416500,971601498000,16523835
20200227,000157,두산2우B,KOSPI,,58000,-900,-1.53,56800,58000,56600,121,6873000,51796204000,893038
20200227,011160,두산건설,KOSPI,,1255,-25,-1.95,1285,1290,1225,357993,446062220,414020873050,329897110
20200227,241560,두산밥캣,KOSPI,,28250,450,1.62,27200,28800,27200,198038,5619428050,2832038939500,100249166
20200227,336370,두산솔루스,KOSPI,,26000,-1200,-4.41,27200,27400,26000,319978,8482404100,795333708000,30589758
20200227,33637K,두산솔루스1우,KOSPI,,10800,-350,-3.14,11000,11250,10600,64021,693494750,79557120000,7366400
20200227,33637L,두산솔루스2우B,KOSPI,,22050,-900,-3.92,22650,23200,22050,10873,244631250,36295402500,1646050
20200227,000155,두산우,KOSPI,,55900,-500,-0.89,56900,56900,55700,4776,267566500,223402225800,3996462
20200227,042670,두산인프라코어,KOSPI,,4380,40,0.92,4320,4440,4315,1620202,7136855730,911746402020,208161279
20200227,034020,두산중공업,KOSPI,,5110,-60,-1.16,5150,5220,5090,1038932,5335449270,1258336069200,246249720
20200227,336260,두산퓨얼셀,KOSPI,,7170,-330,-4.40,7500,7550,7130,1184849,8638495490,397890015420,55493726
20200227,33626K,두산퓨얼셀1우,KOSPI,,3810,-120,-3.05,3880,3985,3805,40216,154632375,50917602000,13364200
20200227,33626L,두산퓨얼셀2우B,KOSPI,,8560,-510,-5.62,9200,9200,8560,10687,94501770,25562728000,2986300
20200227,016740,두올,KOSPI,,3010,-110,-3.53,3120,3180,3000,244486,748870150,81470706800,27066680
20200227,192650,드림텍,KOSPI,,5960,-210,-3.40,6170,6250,5960,354294,2151459720,363948097320,61065117
20200227,024090,디씨엠,KOSPI,,11250,-100,-0.88,11350,11400,11100,5165,57850100,131625000000,11700000
20200227,003160,디아이,KOSPI,,2920,-110,-3.63,3000,3060,2900,126474,372978795,91970612200,31496785
20200227,092200,디아이씨,KOSPI,,1680,-60,-3.45,1735,1780,1680,110650,189493495,65332795920,38888569
20200227,013570,디와이,KOSPI,,4610,-120,-2.54,4750,4790,4605,68816,321938350,121333508130,26319633
20200227,210540,디와이파워,KOSPI,,8360,-240,-2.79,8530,8580,8330,51101,430580460,92308678880,11041708
20200227,007340,디티알오토모티브,KOSPI,,28250,-50,-0.18,28300,28400,27600,6555,184126750,282330641250,9994005
20200227,026890,디피씨,KOSPI,,8980,-320,-3.44,9250,9560,8700,12999171,120024078390,374270011500,41678175
20200227,115390,락앤락,KOSPI,,12950,-50,-0.38,12850,13100,12800,78262,1012371300,701716470000,54186600
20200227,032350,롯데관광개발,KOSPI,,11100,-500,-4.31,11650,11750,11100,390499,4425366300,768959848200,69275662
20200227,330590,롯데리츠,KOSPI,,5330,-30,-0.56,5360,5380,5280,527191,2810080460,916594151720,171968884
20200227,000400,롯데손해보험,KOSPI,,1550,-10,-0.64,1560,1580,1540,192605,300106175,481021296000,310336320
20200227,023530,롯데쇼핑,KOSPI,,98600,-300,-0.30,98500,100500,98400,138024,13669424700,2789271243000,28288755
20200227,004000,롯데정밀화학,KOSPI,,35300,-1150,-3.16,36100,36400,34850,184535,6548053900,910740000000,25800000
20200227,286940,롯데정보통신,KOSPI,,31750,-650,-2.01,32500,32750,31400,40762,1305811400,488833509250,15396331
20200227,280360,롯데제과,KOSPI,,138500,-4500,-3.15,143000,143000,138500,2903,405531000,888715304500,6416717
20200227,004990,롯데지주,KOSPI,,29200,-50,-0.17,29300,29700,29150,143869,4218583500,3063349720400,104909237
20200227,00499K,롯데지주우,KOSPI,,54500,-2000,-3.54,56500,56700,54500,8822,490547200,53825453500,987623
20200227,005300,롯데칠성,KOSPI,,114500,-2000,-1.72,116500,116500,114000,13001,1493253000,915251170000,7993460
20200227,005305,롯데칠성우,KOSPI,,58900,0,0.00,58600,61800,58600,811,48021900,45665759000,775310
20200227,011170,롯데케미칼,KOSPI,,191000,-3000,-1.55,192500,194000,188500,131147,25031432500,6546605029000,34275419
20200227,002270,롯데푸드,KOSPI,,333500,-1500,-0.45,331000,335000,327500,1594,528283000,377478645000,1131870
20200227,071840,롯데하이마트,KOSPI,,21950,-150,-0.68,22000,22250,21900,52643,1160101350,518189278400,23607712
20200227,027740,마니커,KOSPI,,777,-16,-2.02,799,799,771,4171453,3271830905,123133205538,158472594
20200227,204320,만도,KOSPI,,31650,-550,-1.71,32200,32350,31450,197488,6275493100,1486192848000,46957120
20200227,001080,만호제강,KOSPI,,14000,0,0.00,14000,14150,13650,6869,94951300,58100000000,4150000
20200227,088980,맥쿼리인프라,KOSPI,,11350,50,0.44,11350,11400,11300,338472,3839864450,3961653213600,349044336
20200227,094800,맵스리얼티1,KOSPI,,4730,-20,-0.42,4785,4795,4715,86952,411845120,439106385630,92834331
20200227,015540,메디파트너생명공학,KOSPI,,4145,-235,-5.37,4335,4335,3880,152593,626022265,39028059920,9415696
20200227,138040,메리츠금융지주,KOSPI,,9900,130,1.33,9770,10100,9630,115286,1141974930,1388220708600,140224314
20200227,008560,메리츠종금증권,KOSPI,,3525,-60,-1.67,3575,3610,3505,1576305,5575432890,2176020221025,617310701
20200227,000060,메리츠화재,KOSPI,,14950,50,0.34,14900,15200,14800,415644,6231477650,1699516000000,113680000
20200227,090370,메타랩스,KOSPI,,1065,-15,-1.39,1065,1095,1050,307894,329067530,55709070090,52308986
20200227,017180,명문제약,KOSPI,,4510,-190,-4.04,4760,4820,4480,451389,2097932245,111062272310,24625781
20200227,012690,모나리자,KOSPI,,5660,-550,-8.86,6300,6350,5380,8286411,48031832700,206993303300,36571255
20200227,005360,모나미,KOSPI,,3135,-150,-4.57,3280,3310,3105,438430,1397688055,59243057445,18897307
20200227,204210,모두투어리츠,KOSPI,,2850,0,0.00,2880,2880,2815,5818,16483755,22306422750,7826815
20200227,009680,모토닉,KOSPI,,8600,-180,-2.05,8760,8850,8560,43683,378864450,283800000000,33000000
20200227,009580,무림P&P,KOSPI,,3805,-90,-2.31,3895,3930,3790,289557,1110285700,237311472820,62368324
20200227,009200,무림페이퍼,KOSPI,,2465,-90,-3.52,2550,2580,2460,455896,1140117815,102566949150,41609310
20200227,033920,무학,KOSPI,,6500,-230,-3.42,6810,7010,6500,192935,1293475340,185250000000,28500000
20200227,008420,문배철강,KOSPI,,2200,-85,-3.72,2310,2310,2190,72145,159845440,45107711000,20503505
20200227,025560,미래산업,KOSPI,,110,-2,-1.79,112,115,110,10424365,1170860146,92754024000,843218400
20200227,007120,미래아이앤지,KOSPI,,310,-4,-1.27,313,319,305,563380,174442662,40140085880,129484148
20200227,006800,미래에셋대우,KOSPI,,6600,-50,-0.75,6600,6660,6520,1866338,12309963100,4344888292800,658316408
20200227,00680K,미래에셋대우2우B,KOSPI,,3725,-50,-1.32,3770,3785,3720,145464,543880960,521500000000,140000000
20200227,006805,미래에셋대우우,KOSPI,,4010,-40,-0.99,4100,4100,3995,11112,44507620,56443757500,14075750
20200227,085620,미래에셋생명,KOSPI,,4080,-25,-0.61,4145,4155,4080,147604,605079995,722226051120,177016189
20200227,002840,미원상사,KOSPI,,55400,-1100,-1.95,56500,57000,53900,23115,1263799700,281875200000,5088000
20200227,268280,미원에스씨,KOSPI,,68000,-1400,-2.02,69400,72000,68000,3658,252158500,358216588000,5267891
20200227,107590,미원홀딩스,KOSPI,,40600,-100,-0.25,40700,40800,40000,2332,94374100,94670024400,2331774
20200227,134380,미원화학,KOSPI,,44900,200,0.45,44400,45050,44400,5060,225172400,98747133200,2199268
20200227,003650,미창석유,KOSPI,,72200,-2000,-2.70,73800,73900,72100,780,56772200,125604318400,1739672
20200227,155900,바다로19호,KOSPI,,2785,-10,-0.36,2795,2795,2775,6174,17193095,42332011140,15200004
20200227,003610,방림,KOSPI,,1930,-45,-2.28,1975,2030,1930,74237,146670595,81666193700,42314090
20200227,001340,백광산업,KOSPI,,3050,-90,-2.87,3045,3120,2800,7449642,22146350300,137001141350,44918407
20200227,014580,백광소재,KOSPI,,3640,-120,-3.19,3760,3805,3560,574496,2118025365,100402484000,27583100
20200227,035150,백산,KOSPI,,6720,-250,-3.59,6920,7030,6720,100292,686032630,162624000000,24200000
20200227,002410,범양건영,KOSPI,,2910,-175,-5.67,3075,3100,2850,679908,2012113930,72260572920,24831812
20200227,096300,베트남개발1,KOSPI,,326,0,0.00,328,329,324,87857,28616943,44885288484,137684934
20200227,007210,벽산,KOSPI,,1630,-40,-2.40,1660,1670,1615,325189,531713960,111752800000,68560000
20200227,002760,보락,KOSPI,,1970,-50,-2.48,2015,2035,1955,1316247,2626080580,118003000000,59900000
20200227,003850,보령제약,KOSPI,,12350,-150,-1.20,12400,13100,12250,296638,3728020450,545870000000,44200000
20200227,000890,보해양조,KOSPI,,971,-34,-3.38,1010,1010,971,3346584,3312254897,123753341183,127449373
20200227,003000,부광약품,KOSPI,,13100,-150,-1.13,13100,13550,12900,128938,1694262850,809454633000,61790430
20200227,001270,부국증권,KOSPI,,19050,-50,-0.26,19100,19350,19000,1228,23412950,197546328300,10369886
20200227,001275,부국증권우,KOSPI,,17600,0,0.00,17900,17950,17600,401,7094600,52800000000,3000000
20200227,026940,부국철강,KOSPI,,4040,-190,-4.49,4255,4280,4000,235523,964355790,80800000000,20000000
20200227,015350,부산가스,KOSPI,,32850,-100,-0.30,33000,33000,32650,6390,208914300,361350000000,11000000
20200227,011390,부산산업,KOSPI,,118000,-4000,-3.28,121000,125000,116000,13084,1570705500,124608000000,1056000
20200227,005030,부산주공,KOSPI,,376,-16,-4.08,390,393,374,330401,125528252,15941499104,42397604
20200227,100220,비상교육,KOSPI,,8870,670,8.17,8210,9450,8200,3527266,31301716090,115281092670,12996741
20200227,101140,비티원,KOSPI,,2760,-25,-0.90,2775,2835,2650,257494,700199935,109465991160,39661591
20200227,005180,빙그레,KOSPI,,53700,700,1.32,52300,53700,52300,17275,921811200,529011641700,9851241
20200227,003960,사조대림,KOSPI,,15250,50,0.33,15100,15400,14900,37864,570493000,139758121750,9164467
20200227,008040,사조동아원,KOSPI,,1035,20,1.97,1005,1060,1005,3127368,3220942225,146084661000,141144600
20200227,007160,사조산업,KOSPI,,31000,-650,-2.05,31800,31900,30700,10884,338292300,155000000000,5000000
20200227,014710,사조씨푸드,KOSPI,,4480,-105,-2.29,4595,4660,4480,340477,1546335805,77139072640,17218543
20200227,006090,사조오양,KOSPI,,8420,-430,-4.86,8850,8920,8210,580059,4910247700,79339462380,9422739
20200227,005090,삼광글라스,KOSPI,,28600,-150,-0.52,28650,28850,28350,17062,488279050,138836354800,4854418
20200227,001470,삼부토건,KOSPI,,695,55,8.59,640,703,640,3236069,2202949368,95594725760,137546368
20200227,006400,삼성SDI,KOSPI,,309500,-2500,-0.80,309000,313500,306000,599405,185458254000,21282622035000,68764530
20200227,006405,삼성SDI우,KOSPI,,147000,-6500,-4.23,153000,154500,146500,44504,6646434500,237830712000,1617896
20200227,006660,삼성공조,KOSPI,,7210,-90,-1.23,7300,7300,7170,3359,24291690,58590723940,8126314
20200227,028260,삼성물산,KOSPI,,109000,-1500,-1.36,113000,113500,108000,657663,72389805500,20676214687000,189690043
20200227,02826K,삼성물산우B,KOSPI,,81300,-600,-0.73,84200,85900,81000,19680,1640677200,132310872000,1627440
20200227,207940,삼성바이오로직스,KOSPI,,480000,0,0.00,479000,484000,471000,166026,79169682000,31759200000000,66165000
20200227,032830,삼성생명,KOSPI,,60800,100,0.16,60400,61100,60300,224239,13619096900,12160000000000,200000000
20200227,018260,삼성에스디에스,KOSPI,,173000,-6500,-3.62,179000,179500,171000,175474,30651493000,13386359400000,77377800
20200227,028050,삼성엔지니어링,KOSPI,,14500,-350,-2.36,14850,15000,14400,1039616,15220396350,2842000000000,196000000
20200227,009150,삼성전기,KOSPI,,131500,-5000,-3.66,136000,138500,131500,1312546,175749118500,9822221024000,74693696
20200227,009155,삼성전기우,KOSPI,,56300,-2600,-4.41,58900,59400,55500,55200,3153458300,163663199200,2906984
20200227,005930,삼성전자,KOSPI,,55900,-600,-1.06,56300,56900,55500,23209541,1301501421886,333710844545000,5969782550
20200227,005935,삼성전자우,KOSPI,,47550,-550,-1.14,48100,48600,47500,2079918,99555294350,39128262585000,822886700
20200227,001360,삼성제약,KOSPI,,3710,-135,-3.51,3830,3910,3680,1473521,5606408230,218868222300,58994130
20200227,010140,삼성중공업,KOSPI,,6090,-90,-1.46,6130,6180,6050,2188319,13355340520,3836700000000,630000000
20200227,010145,삼성중공우,KOSPI,,60600,-2100,-3.35,64500,64500,60600,501,31215700,6959607000,114845
20200227,016360,삼성증권,KOSPI,,34000,0,0.00,34000,34200,33400,346441,11699949350,3036200000000,89300000
20200227,068290,삼성출판사,KOSPI,,20150,-850,-4.05,20900,22000,20050,328886,6887803300,201500000000,10000000
20200227,029780,삼성카드,KOSPI,,34100,200,0.59,33650,34350,33650,75048,2555434900,3950788183100,115858891
20200227,000810,삼성화재,KOSPI,,202000,2000,1.00,200000,204500,199500,140617,28391184500,9569717074000,47374837
20200227,000815,삼성화재우,KOSPI,,138000,3000,2.22,135000,140000,134000,14307,1953865500,440496000000,3192000
20200227,006110,삼아알미늄,KOSPI,,4185,-125,-2.90,4310,4320,4175,16404,69326760,46035000000,11000000
20200227,145990,삼양사,KOSPI,,38850,-150,-0.38,39050,39250,38800,12333,480326300,399758846550,10289803
20200227,145995,삼양사우,KOSPI,,27600,0,0.00,27200,27600,27150,985,26871850,10213932000,370070
20200227,003230,삼양식품,KOSPI,,87400,-1100,-1.24,88300,88900,86200,42812,3748248800,658385511000,7533015
20200227,002170,삼양통상,KOSPI,,58000,-1700,-2.85,59300,59500,57400,9717,567003000,174000000000,3000000
20200227,272550,삼양패키징,KOSPI,,15800,0,0.00,15850,15900,15400,42014,654308250,224514903200,14209804
20200227,000070,삼양홀딩스,KOSPI,,50400,-400,-0.79,50800,51100,50300,13536,685041000,431639258400,8564271
20200227,000075,삼양홀딩스우,KOSPI,,37750,-350,-0.92,37700,38100,37700,583,22053500,11478189500,304058
20200227,002810,삼영무역,KOSPI,,15150,-450,-2.88,15600,15600,15150,5770,88158100,266741292900,17606686
20200227,005680,삼영전자,KOSPI,,7900,-190,-2.35,8130,8130,7810,16216,127983940,158000000000,20000000
20200227,003720,삼영화학,KOSPI,,1100,-20,-1.79,1140,1165,1075,148720,165312690,37400000000,34000000
20200227,023000,삼원강재,KOSPI,,2760,-10,-0.36,2770,2855,2735,9090,25158160,110400000000,40000000
20200227,004380,삼익THK,KOSPI,,13000,-150,-1.14,13100,13350,12750,45388,594245750,273000000000,21000000
20200227,002450,삼익악기,KOSPI,,1570,-50,-3.09,1620,1635,1565,600290,957636030,142133536550,90530915
20200227,000520,삼일제약,KOSPI,,18200,-600,-3.19,18700,19000,18150,31800,588568850,118300000000,6500000
20200227,009770,삼정펄프,KOSPI,,29850,-100,-0.33,29950,29950,29300,199,5866500,74624134350,2499971
20200227,005500,삼진제약,KOSPI,,23700,-400,-1.66,24100,24300,23700,67265,1607353850,329430000000,13900000
20200227,004690,삼천리,KOSPI,,81200,-800,-0.98,81500,81900,80700,3648,295730100,329268030000,4055025
20200227,001880,삼호,KOSPI,,16250,-200,-1.22,16700,16700,16150,3329,54259900,246671197500,15179766
20200227,010960,삼호개발,KOSPI,,4170,5,0.12,4165,4350,4130,76011,317920250,104250000000,25000000
20200227,004450,삼화왕관,KOSPI,,41400,-500,-1.19,41550,41550,41000,214,8816950,89191290600,2154379
20200227,009470,삼화전기,KOSPI,,16150,-750,-4.44,16900,17100,16050,71168,1170085000,106813193000,6613820
20200227,011230,삼화전자,KOSPI,,2800,-130,-4.44,2930,2980,2800,81747,235126410,29282232000,10457940
20200227,001820,삼화콘덴서,KOSPI,,62500,-3100,-4.73,65500,66000,62000,218539,13930397600,649687500000,10395000
20200227,000390,삼화페인트,KOSPI,,4745,20,0.42,4725,4860,4670,15014,70845850,125451873495,26438751
20200227,001290,상상인증권,KOSPI,,1160,0,0.00,1155,1195,1145,91649,106934505,111485786920,96108437
20200227,041650,상신브레이크,KOSPI,,3270,-50,-1.51,3325,3325,3245,11771,38529630,70211641500,21471450
20200227,075180,새론오토모티브,KOSPI,,4210,-105,-2.43,4300,4300,4140,7983,33215055,80832000000,19200000
20200227,007540,샘표,KOSPI,,37150,-250,-0.67,38050,40500,36950,31185,1194472700,106835970000,2875800
20200227,248170,샘표식품,KOSPI,,29400,-350,-1.18,30000,30800,29050,17923,534310650,134307608400,4568286
20200227,007860,서연,KOSPI,,3810,-260,-6.39,4070,4105,3810,978940,3844602255,89458205640,23479844
20200227,200880,서연이화,KOSPI,,4280,-110,-2.51,4390,4405,4255,94082,405798455,115681710360,27028437
20200227,017390,서울가스,KOSPI,,69600,-600,-0.85,69300,70300,69300,74,5160300,348000000000,5000000
20200227,004410,서울식품,KOSPI,,198,-28,-12.39,214,214,195,27314863,5432652463,66807180000,337410000
20200227,004415,서울식품우,KOSPI,,5000,-390,-7.24,5000,5070,4795,532465,2615926695,11122500000,2224500
20200227,021050,서원,KOSPI,,2480,-110,-4.25,2590,2700,2470,3088096,7929730380,117736983200,47474590
20200227,008490,서흥,KOSPI,,38850,-550,-1.40,39750,40350,38450,60944,2396627000,449460040050,11569113
20200227,007610,선도전기,KOSPI,,2585,-85,-3.18,2690,2720,2580,118993,312799150,46530000000,18000000
20200227,136490,선진,KOSPI,,8200,330,4.19,7780,8250,7780,38181,305688780,194992752800,23779604
20200227,002820,선창산업,KOSPI,,3870,-70,-1.78,3940,3945,3850,15900,61979120,48792917430,12607989
20200227,014910,성문전자,KOSPI,,1980,-35,-1.74,2015,2055,1950,235825,468915605,38583976860,19486857
20200227,014915,성문전자우,KOSPI,,13700,-700,-4.86,14450,14600,13600,45424,635179600,8220000000,600000
20200227,003080,성보화학,KOSPI,,3945,-80,-1.99,4040,4135,3945,8973,36057250,78978900000,20020000
20200227,004980,성신양회,KOSPI,,5990,-180,-2.92,6220,6230,5950,76031,461196340,146851277270,24516073
20200227,004985,성신양회우,KOSPI,,8940,-160,-1.76,9100,9230,8890,23220,209801520,6576666300,735645
20200227,011300,성안,KOSPI,,545,-11,-1.98,542,553,532,107439,58537879,30987533700,56857860
20200227,000180,성창기업지주,KOSPI,,1400,-25,-1.75,1425,1445,1375,112304,156964480,97652240000,69751600
20200227,002420,세기상사,KOSPI,,56200,-200,-0.35,56400,57700,55600,578,32462400,22906670400,407592
20200227,004360,세방,KOSPI,,9530,70,0.74,9470,9670,9460,22693,216734000,184011815700,19308690
20200227,004365,세방우,KOSPI,,5980,60,1.01,5850,6260,5850,4005,24776620,22061715000,3689250
20200227,004490,세방전지,KOSPI,,32600,-50,-0.15,32250,32750,32000,24104,782050650,456400000000,14000000
20200227,001430,세아베스틸,KOSPI,,11400,250,2.24,11250,11400,11100,39771,448144550,408828156600,35862119
20200227,306200,세아제강,KOSPI,,49300,-600,-1.20,48800,49750,48500,4269,208794650,139829590000,2836300
20200227,003030,세아제강지주,KOSPI,,34200,-250,-0.73,34450,34700,33950,5881,200641800,141644669400,4141657
20200227,019440,세아특수강,KOSPI,,12300,150,1.23,12150,12350,12050,3098,37914150,105411000000,8570000
20200227,058650,세아홀딩스,KOSPI,,67700,0,0.00,68200,68200,67400,1477,99943900,270800000000,4000000
20200227,013000,세우글로벌,KOSPI,,1800,-75,-4.00,1890,1895,1755,677722,1228734225,51669055800,28705031
20200227,091090,세원셀론텍,KOSPI,,2300,-65,-2.75,2370,2410,2280,213026,494636600,140278821600,60990792
20200227,021820,세원정공,KOSPI,,8090,0,0.00,0,0,0,0,0,80900000000,10000000
20200227,067830,세이브존I&C,KOSPI,,2720,-65,-2.33,2785,2785,2675,27452,74308660,111631234400,41040895
20200227,033530,세종공업,KOSPI,,4165,-130,-3.03,4260,4325,4150,105472,445293125,93939125980,22554412
20200227,075580,세진중공업,KOSPI,,3540,-20,-0.56,3560,3600,3470,82919,292744970,135839428800,38372720
20200227,027970,세하,KOSPI,,2070,-70,-3.27,2420,2480,2030,1133649,2594116725,61195403790,29562997
20200227,145210,세화아이엠씨,KOSPI,,2990,0,0.00,0,0,0,0,0,105254180330,35202067
20200227,308170,센트랄모텍,KOSPI,,33400,-2000,-5.65,34900,36050,33400,396396,13718097900,280560000000,8400000
20200227,068270,셀트리온,KOSPI,,170500,-2500,-1.45,173500,175000,169000,658855,113254459500,21882643645500,128343951
20200227,004430,송원산업,KOSPI,,11700,-300,-2.50,11900,12050,11700,87126,1028130100,280800000000,24000000
20200227,017550,수산중공업,KOSPI,,1690,-85,-4.79,1790,1805,1690,744842,1289250100,91234925470,53985163
20200227,002200,수출포장,KOSPI,,20100,-800,-3.83,20900,20900,20050,13651,277780850,80400000000,4000000
20200227,053210,스카이라이프,KOSPI,,7630,-330,-4.15,8250,8250,7610,174027,1348529950,364881600580,47821966
20200227,134790,시디즈,KOSPI,,38850,-400,-1.02,39250,40100,38250,2552,99602300,77700000000,2000000
20200227,016590,신대양제지,KOSPI,,57800,-2100,-3.51,59800,60300,57600,33659,1971389000,232921399600,4029782
20200227,029530,신도리코,KOSPI,,30900,-600,-1.90,31500,31500,30900,3576,111298250,311472896100,10080029
20200227,004970,신라교역,KOSPI,,10600,0,0.00,10600,10700,10500,19757,208924450,169600000000,16000000
20200227,011930,신성이엔지,KOSPI,,896,-11,-1.21,913,930,895,1036831,939635208,155662245760,173730185
20200227,005390,신성통상,KOSPI,,1285,-80,-5.86,1365,1380,1255,2196032,2870696225,184665281150,143708390
20200227,004170,신세계,KOSPI,,249000,-5000,-1.97,251500,260500,246500,85871,21620170500,2451450069000,9845181
20200227,035510,신세계 I&C,KOSPI,,100000,-3000,-2.91,104000,105000,100000,3698,375676500,172000000000,1720000
20200227,034300,신세계건설,KOSPI,,23100,-1000,-4.15,24100,24300,23100,11351,266631500,92400000000,4000000
20200227,031430,신세계인터내셔날,KOSPI,,191500,-1500,-0.78,193000,199000,191000,36311,7026843500,1367310000000,7140000
20200227,031440,신세계푸드,KOSPI,,61200,-800,-1.29,61400,61800,60600,14886,911198600,236995776000,3872480
20200227,006880,신송홀딩스,KOSPI,,3865,-385,-9.06,4150,4195,3860,1191150,4804313335,45718536170,11828858
20200227,005800,신영와코루,KOSPI,,93200,-2100,-2.20,93600,93900,91500,72,6693100,83880000000,900000
20200227,001720,신영증권,KOSPI,,50200,-300,-0.59,50200,51000,50000,5590,280724100,471189097400,9386237
20200227,001725,신영증권우,KOSPI,,50700,-400,-0.78,51100,51100,50600,2488,126179900,357625784100,7053763
20200227,009270,신원,KOSPI,,1570,-40,-2.48,1610,1645,1560,850742,1357063335,133516723430,85042499
20200227,009275,신원우,KOSPI,,39950,0,0.00,39100,40000,38000,2121,81926100,3625063000,90740
20200227,002700,신일산업,KOSPI,,1790,-90,-4.79,1865,1890,1760,3130643,5715187985,127175062590,71047521
20200227,019170,신풍제약,KOSPI,,7510,-400,-5.06,7910,8330,7240,9295152,73650624800,397917274900,52984990
20200227,019175,신풍제약우,KOSPI,,12250,-1400,-10.26,14000,14800,11650,523688,7057040400,26950000000,2200000
20200227,002870,신풍제지,KOSPI,,1280,-50,-3.76,1320,1335,1265,240437,312464480,44747136000,34958700
20200227,005450,신한,KOSPI,,4945,0,0.00,0,0,0,0,0,34727938855,7022839
20200227,293940,신한알파리츠,KOSPI,,7090,-30,-0.42,7130,7130,7010,41138,290310730,337697572070,47630123
20200227,055550,신한지주,KOSPI,,33500,-650,-1.90,33950,34050,33500,2489863,83813526925,16161488515500,482432493
20200227,001770,신화실업,KOSPI,,20900,0,0.00,0,0,0,0,0,25390950200,1214878
20200227,004080,신흥,KOSPI,,9300,10,0.11,9270,9310,9100,2676,24628570,89280000000,9600000
20200227,102280,쌍방울,KOSPI,,976,-29,-2.89,1010,1015,970,4307525,4262993870,136014995952,139359627
20200227,003410,쌍용양회,KOSPI,,5030,-10,-0.20,5050,5120,4940,1461064,7382302580,2534413762850,503859595
20200227,003415,쌍용양회우,KOSPI,,9130,-40,-0.44,9160,9290,8750,9113,81527260,14093844050,1543685
20200227,003620,쌍용차,KOSPI,,1880,-40,-2.08,1915,1920,1865,325707,614228915,281699203760,149840002
20200227,004770,써니전자,KOSPI,,3920,-245,-5.88,4120,4170,3865,1566217,6245819095,132202960400,33725245
20200227,004920,씨아이테크,KOSPI,,305,-2,-0.65,307,314,300,231306,70467612,16534756380,54212316
20200227,112610,씨에스윈드,KOSPI,,36100,-1100,-2.96,36900,37750,36050,32882,1202403450,624014311500,17285715
20200227,008700,아남전자,KOSPI,,1880,-40,-2.08,1930,1935,1865,389124,733912445,144994661600,77124820
20200227,002790,아모레G,KOSPI,,65100,-600,-0.91,64700,67100,64600,111545,7275997900,5368027518000,82458180
20200227,00279K,아모레G3우(전환),KOSPI,,44350,-450,-1.00,44200,45650,44000,7975,354509450,314539070000,7092200
20200227,002795,아모레G우,KOSPI,,25700,-1100,-4.10,26650,27050,25000,13192,346278800,165604889000,6443770
20200227,090430,아모레퍼시픽,KOSPI,,168500,-3000,-1.75,171500,173500,165000,363108,61130362500,9850255565000,58458490
20200227,090435,아모레퍼시픽우,KOSPI,,75200,-1300,-1.70,76500,78200,75200,12589,959542700,793948816000,10557830
20200227,002030,아세아,KOSPI,,92800,-2400,-2.52,95000,95000,92800,1344,125680200,203327027200,2191024
20200227,183190,아세아시멘트,KOSPI,,64000,200,0.31,64300,64800,63700,4081,261898700,249331776000,3895809
20200227,002310,아세아제지,KOSPI,,31600,-1250,-3.81,33050,33750,31400,52896,1706102950,283025463200,8956502
20200227,267850,아시아나IDT,KOSPI,,15500,-400,-2.52,15750,16200,15400,41984,660390000,172050000000,11100000
20200227,020560,아시아나항공,KOSPI,,4250,-90,-2.07,4290,4365,4245,749367,3210662520,948749999500,223235294
20200227,122900,아이마켓코리아,KOSPI,,9230,-50,-0.54,9350,9450,9060,55799,514636050,331757028200,35943340
20200227,010780,아이에스동서,KOSPI,,28100,500,1.81,27900,28200,27600,62508,1740893600,868082228600,30892606
20200227,033660,아주캐피탈,KOSPI,,12000,-350,-2.83,12300,12700,12000,17491,214894050,690550680000,57545890
20200227,001780,알루코,KOSPI,,2290,-120,-4.98,2380,2410,2280,254895,593318260,170660193580,74524102
20200227,018250,애경산업,KOSPI,,27400,-550,-1.97,28050,28450,27150,81243,2241337950,723632219000,26409935
20200227,161000,애경유화,KOSPI,,7170,-100,-1.38,7230,7310,7150,50827,366828230,229726800000,32040000
20200227,011090,에넥스,KOSPI,,1075,-50,-4.44,1115,1130,1060,535648,582780830,64491014075,59991641
20200227,005850,에스엘,KOSPI,,15250,50,0.33,15100,15300,15000,73171,1106934200,735099974250,48203277
20200227,012750,에스원,KOSPI,,82900,1600,1.97,81200,83900,81200,142693,11863495350,3150131856200,37999178
20200227,023960,에쓰씨엔지니어링,KOSPI,,1160,-80,-6.45,1240,1240,1150,176476,206719480,29019240920,25016587
20200227,298690,에어부산,KOSPI,,4315,-35,-0.80,4280,4470,4280,258297,1123821315,224682050000,52070000
20200227,140910,에이리츠,KOSPI,,6060,-50,-0.82,6180,6180,6010,14136,86001960,22276008540,3675909
20200227,078520,에이블씨엔씨,KOSPI,,11100,-100,-0.89,11300,11450,10650,119538,1318530700,300071394900,27033459
20200227,015260,에이엔피,KOSPI,,310,-11,-3.43,317,321,304,358390,111758168,25663309080,82784868
20200227,007460,에이프로젠 KIC,KOSPI,,2505,-15,-0.60,2550,2660,2470,4757979,12178027890,385762677885,153997077
20200227,003060,에이프로젠제약,KOSPI,,1500,40,2.74,1480,1625,1460,29659366,45732598605,362487492000,241658328
20200227,036570,엔씨소프트,KOSPI,,654000,-18000,-2.68,668000,675000,649000,68808,45291308000,14357930388000,21954022
20200227,138250,엔에스쇼핑,KOSPI,,7530,-120,-1.57,7670,7710,7480,29061,220568170,253730880000,33696000
20200227,085310,엔케이,KOSPI,,993,-17,-1.68,1010,1015,985,341346,339008802,79423468536,79983352
20200227,009810,엔케이물산,KOSPI,,779,-18,-2.26,790,801,776,1255349,986150127,65107595412,83578428
20200227,900140,엘브이엠씨홀딩스,KOSPI,,4940,-100,-1.98,5000,5110,4850,279812,1396515140,252534968660,51120439
20200227,014440,영보화학,KOSPI,,3125,-20,-0.64,3160,3160,3090,12193,37863365,62500000000,20000000
20200227,111770,영원무역,KOSPI,,31600,850,2.76,31100,33050,30850,494117,15815109900,1400242388800,44311468
20200227,009970,영원무역홀딩스,KOSPI,,39850,850,2.18,39400,40850,39250,9927,399158300,543378341200,13635592
20200227,003520,영진약품,KOSPI,,5220,-60,-1.14,5240,5360,5160,607887,3191811010,954700055820,182892731
20200227,000670,영풍,KOSPI,,604000,0,0.00,600000,608000,600000,1138,686378000,1112592160000,1842040
20200227,006740,영풍제지,KOSPI,,3370,-85,-2.46,3455,3495,3330,92416,313320305,74814000000,22200000
20200227,012280,영화금속,KOSPI,,1425,-45,-3.06,1475,1490,1395,663776,951936415,64767683550,45451006
20200227,012160,영흥철강,KOSPI,,991,-19,-1.88,1010,1015,984,293274,291664113,85054070419,85826509
20200227,015360,예스코홀딩스,KOSPI,,34850,-450,-1.27,35000,35000,34700,1256,43720200,209100000000,6000000
20200227,007310,오뚜기,KOSPI,,513000,0,0.00,513000,517000,506000,6338,3236120000,1849486581000,3605237
20200227,002630,오리엔트바이오,KOSPI,,595,-16,-2.62,615,648,586,2873419,1748834509,60570402620,101798996
20200227,271560,오리온,KOSPI,,97300,-2600,-2.60,99800,101500,97200,79174,7781302100,3846865643600,39536132
20200227,001800,오리온홀딩스,KOSPI,,14700,-50,-0.34,14600,14900,14550,65446,961908500,920887703400,62645422
20200227,070960,용평리조트,KOSPI,,4710,-165,-3.38,4875,4925,4685,132783,634144440,226707998430,48133333
20200227,316140,우리금융지주,KOSPI,,9910,100,1.02,9800,9970,9760,1695039,16774728560,7157672738530,722267683
20200227,004720,우리들제약,KOSPI,,6020,-40,-0.66,6170,6400,5920,156161,968397260,70946879920,11785196
20200227,118000,우리들휴브레인,KOSPI,,3065,-75,-2.39,3115,3190,2995,1043216,3213316405,107678657435,35131699
20200227,010050,우리종금,KOSPI,,584,-9,-1.52,598,598,579,752332,441035604,393734789104,674203406
20200227,006980,우성사료,KOSPI,,2945,-55,-1.83,3000,3075,2945,353503,1059074185,91000500000,30900000
20200227,017370,우신시스템,KOSPI,,4340,10,0.23,4325,4340,4245,5018,21338665,79482994360,18314054
20200227,105840,우진,KOSPI,,3550,-30,-0.84,3650,3665,3510,113884,408769410,71717930700,20202234
20200227,010400,우진아이엔에스,KOSPI,,8240,-240,-2.83,8470,8500,8140,33255,275088840,62805280000,7622000
20200227,049800,우진플라임,KOSPI,,3865,-5,-0.13,3815,3875,3815,6855,26373305,38650000000,10000000
20200227,016880,웅진,KOSPI,,1120,0,0.00,1140,1145,1090,241731,269458945,88903729600,79378330
20200227,095720,웅진씽크빅,KOSPI,,2525,-35,-1.37,2540,2610,2510,550334,1404380920,338787451200,134173248
20200227,103130,웅진에너지,KOSPI,,914,0,0.00,0,0,0,0,0,28285852308,30947322
20200227,005820,원림,KOSPI,,17500,-250,-1.41,17800,17950,17500,900,15976450,38500000000,2200000
20200227,010600,웰바이오텍,KOSPI,,2060,-130,-5.94,2150,2195,2030,518307,1083876515,88600818360,43010106
20200227,008600,윌비스,KOSPI,,1350,-30,-2.17,1380,1420,1330,1142940,1565127135,85239461700,63140342
20200227,033270,유나이티드제약,KOSPI,,16650,-400,-2.35,16750,17550,16600,87776,1492017650,270259836300,16231822
20200227,014830,유니드,KOSPI,,39700,700,1.79,38700,40100,38700,29024,1149790500,352926767100,8889843
20200227,000910,유니온,KOSPI,,3175,-110,-3.35,3280,3285,3170,101426,325426745,49566890325,15611619
20200227,047400,유니온머티리얼,KOSPI,,2170,-30,-1.36,2200,2255,2155,293955,649343635,91140000000,42000000
20200227,011330,유니켐,KOSPI,,1775,-70,-3.79,1845,1845,1760,1232413,2216179765,119408300550,67272282
20200227,077500,유니퀘스트,KOSPI,,6240,-300,-4.59,6500,6600,6190,130293,827173830,169960284000,27237225
20200227,002920,유성기업,KOSPI,,2425,-40,-1.62,2465,2470,2425,16880,41179485,62922687500,25947500
20200227,000700,유수홀딩스,KOSPI,,6110,-10,-0.16,6150,6150,6020,30747,186534030,159115471320,26041812
20200227,003470,유안타증권,KOSPI,,2495,-75,-2.92,2560,2575,2485,299199,751783275,497993457120,199596576
20200227,003475,유안타증권우,KOSPI,,2035,0,0.00,2040,2060,2005,14047,28400195,26276351420,12912212
20200227,011690,유양디앤유,KOSPI,,1675,-315,-15.83,2025,2035,1620,16766320,29797380405,97977786675,58494201
20200227,072130,유엔젤,KOSPI,,4360,-315,-6.74,4620,4710,4335,197103,884271055,57532179440,13195454
20200227,000220,유유제약,KOSPI,,11000,-250,-2.22,11250,11450,10800,85786,957988400,70054457000,6368587
20200227,000225,유유제약1우,KOSPI,,7680,-130,-1.66,7740,7920,7660,14536,112681740,8705011200,1133465
20200227,000227,유유제약2우B,KOSPI,,19450,100,0.52,19050,19500,19050,306,5935300,3191356000,164080
20200227,001200,유진투자증권,KOSPI,,2060,-55,-2.60,2105,2115,2050,229783,476743440,199544821080,96866418
20200227,000100,유한양행,KOSPI,,216500,5000,2.36,214500,219000,212000,57995,12527539500,2894899873000,13371362
20200227,000105,유한양행우,KOSPI,,203000,1000,0.50,199000,205000,199000,178,35902500,47946164000,236188
20200227,003460,유화증권,KOSPI,,11150,-100,-0.89,11050,11200,11050,6018,66560850,126446385450,11340483
20200227,003465,유화증권우,KOSPI,,12000,-100,-0.83,12000,12000,12000,60,720000,41943420000,3495285
20200227,008730,율촌화학,KOSPI,,12700,-100,-0.78,12800,12950,12650,35216,448765800,314960000000,24800000
20200227,008250,이건산업,KOSPI,,5660,-140,-2.41,5780,5870,5600,23938,137180480,61991914100,10952635
20200227,025820,이구산업,KOSPI,,1490,-30,-1.97,1520,1540,1465,158475,237059595,49828580000,33442000
20200227,214320,이노션,KOSPI,,68600,500,0.73,67100,69400,67100,58362,4005399100,1372000000000,20000000
20200227,088260,이리츠코크렙,KOSPI,,5660,-30,-0.53,5690,5740,5650,42167,239268180,358513399400,63341590
20200227,139480,이마트,KOSPI,,107500,1000,0.94,107500,110000,106500,211098,22912801500,2996650542500,27875819
20200227,007660,이수페타시스,KOSPI,,3590,-150,-4.01,3750,3750,3555,472521,1717816085,148153548820,41268398
20200227,005950,이수화학,KOSPI,,8740,-320,-3.53,9120,9160,8710,477842,4247595800,133529720000,15278000
20200227,015020,이스타코,KOSPI,,710,-3,-0.42,717,722,700,104168,73650530,30424636000,42851600
20200227,093230,이아이디,KOSPI,,208,-7,-3.26,213,217,205,4803649,1015387603,114055248736,548342542
20200227,102460,이연제약,KOSPI,,13000,100,0.78,12950,13250,12900,36706,479178850,218010000000,16770000
20200227,084680,이월드,KOSPI,,4255,-185,-4.17,4380,4550,4205,547398,2353996715,385119611735,90509897
20200227,000760,이화산업,KOSPI,,14300,-450,-3.05,14600,14600,14250,160,2298600,40040000000,2800000
20200227,014990,인디에프,KOSPI,,1760,-75,-4.09,1860,1880,1735,510982,914486790,103722071200,58932995
20200227,006490,인스코비,KOSPI,,2890,-65,-2.20,2915,3060,2850,924159,2717915460,281014672790,97236911
20200227,023800,인지컨트롤스,KOSPI,,4450,-125,-2.73,4580,4650,4400,70215,313866255,67462569600,15160128
20200227,034590,인천도시가스,KOSPI,,26200,-200,-0.76,26400,26500,26150,1334,35025550,114618554800,4374754
20200227,129260,인터지스,KOSPI,,1900,-40,-2.06,1930,1970,1870,45775,87360475,56520960600,29747874
20200227,023810,인팩,KOSPI,,3700,-5,-0.13,3615,3740,3615,9400,34491980,37000000000,10000000
20200227,249420,일동제약,KOSPI,,14350,-150,-1.03,14500,14800,14250,50362,727054750,325320986200,22670452
20200227,000230,일동홀딩스,KOSPI,,9440,100,1.07,9260,9590,9260,11008,103750200,103864421280,11002587
20200227,013360,일성건설,KOSPI,,1055,-40,-3.65,1085,1095,1045,165361,176164900,56996248400,54024880
20200227,003120,일성신약,KOSPI,,87000,-1900,-2.14,90200,90500,85700,8970,786925600,231420000000,2660000
20200227,003200,일신방직,KOSPI,,62900,-600,-0.94,63900,63900,62200,719,44980200,150960000000,2400000
20200227,007110,일신석재,KOSPI,,2065,-85,-3.95,2150,2205,2065,1023889,2176146010,159947899650,77456610
20200227,007570,일양약품,KOSPI,,21400,150,0.71,21250,21850,21150,103994,2231538700,408433209600,19085664
20200227,007575,일양약품우,KOSPI,,17300,-200,-1.14,17000,17350,17000,1335,22708950,7699884000,445080
20200227,008500,일정실업,KOSPI,,15900,-150,-0.93,15900,15900,15200,177,2703600,19080000000,1200000
20200227,081000,일진다이아,KOSPI,,26350,-650,-2.41,27000,27200,26000,125032,3299983850,374248391250,14202975
20200227,020760,일진디스플,KOSPI,,4165,-265,-5.98,4430,4485,4100,397674,1693892560,117929642600,28314440
20200227,020150,일진머티리얼즈,KOSPI,,48900,-1200,-2.40,49850,50400,48400,421592,20766540550,2254819831500,46110835
20200227,103590,일진전기,KOSPI,,2795,-55,-1.93,2855,2885,2740,71681,199396480,103639690050,37080390
20200227,015860,일진홀딩스,KOSPI,,4080,-210,-4.90,4260,4395,4060,376570,1564780730,201337730640,49347483
20200227,226320,잇츠한불,KOSPI,,16150,-450,-2.71,16600,16900,16000,21944,356863750,354158437250,21929315
20200227,317400,자이에스앤디,KOSPI,,5360,70,1.32,5320,5460,5290,94784,508838250,143554307200,26782520
20200227,033240,자화전자,KOSPI,,9600,-150,-1.54,9700,9840,9490,93582,898738300,171840000000,17900000
20200227,000950,전방,KOSPI,,13200,-100,-0.75,13300,13300,12700,1636,21016600,22176000000,1680000
20200227,194370,제이에스코퍼레이션,KOSPI,,10500,-100,-0.94,10600,11000,10300,18515,193960450,140023810500,13335601
20200227,025620,제이준코스메틱,KOSPI,,3435,-160,-4.45,3590,3630,3410,438329,1530900565,103516067670,30135682
20200227,036420,제이콘텐트리,KOSPI,,36950,-500,-1.34,37800,37850,36600,96842,3593440450,532334881100,14406898
20200227,030000,제일기획,KOSPI,,19600,-350,-1.75,19800,20050,19600,287246,5669948950,2254808010000,115041225
20200227,271980,제일약품,KOSPI,,28600,-400,-1.38,28600,29700,28500,12750,368287550,420559339200,14704872
20200227,001560,제일연마,KOSPI,,6210,0,0.00,6210,6350,6210,9732,60972140,62100000000,10000000
20200227,002620,제일파마홀딩스,KOSPI,,14500,-250,-1.69,14750,15000,14350,10110,147882650,231613647500,15973355
20200227,006220,제주은행,KOSPI,,3525,-40,-1.12,3570,3590,3525,7259,25759535,113253928350,32128774
20200227,089590,제주항공,KOSPI,,20650,150,0.73,20150,21050,20000,82438,1709848800,544267052700,26356758
20200227,004910,조광페인트,KOSPI,,4990,30,0.60,5000,5040,4885,2403,11854685,63872000000,12800000
20200227,004700,조광피혁,KOSPI,,38800,-200,-0.51,39000,39000,38000,1887,72494700,257986554400,6649138
20200227,001550,조비,KOSPI,,13300,-500,-3.62,13750,13950,13100,23972,322396850,69056778700,5192239
20200227,000480,조선내화,KOSPI,,78100,600,0.77,77500,78800,76800,1990,155010600,312400000000,4000000
20200227,120030,조선선재,KOSPI,,80000,-300,-0.37,80300,80300,79200,753,59847900,100612080000,1257651
20200227,018470,조일알미늄,KOSPI,,661,-8,-1.20,687,690,661,69983,47373872,46372821855,70155555
20200227,002600,조흥,KOSPI,,131000,-1500,-1.13,133000,133000,131000,102,13436500,78600000000,600000
20200227,185750,종근당,KOSPI,,88900,-700,-0.78,89600,90500,88000,22894,2038652400,967737396500,10885685
20200227,063160,종근당바이오,KOSPI,,31950,-300,-0.93,32650,33650,31550,105979,3455035700,175276485900,5485962
20200227,001630,종근당홀딩스,KOSPI,,109000,-3000,-2.68,112000,113500,108000,48832,5394030500,546074849000,5009861
20200227,044380,주연테크,KOSPI,,706,-31,-4.21,729,741,698,2610578,1862407171,75366906352,106751992
20200227,013890,지누스,KOSPI,,94500,100,0.11,95200,98000,92500,112815,10678602250,1342537780500,14206749
20200227,013870,지엠비코리아,KOSPI,,5170,-180,-3.36,5350,5410,5140,101686,534487100,98603687600,19072280
20200227,071320,지역난방공사,KOSPI,,39500,-350,-0.88,40150,40150,39500,7657,304125100,457360388000,11578744
20200227,010580,지코,KOSPI,,330,-10,-2.94,335,351,326,1009745,341322089,21311939880,64581636
20200227,035000,지투알,KOSPI,,5560,-170,-2.97,5710,5770,5560,34256,193665520,92114794040,16567409
20200227,088790,진도,KOSPI,,3150,40,1.29,3140,3150,3030,9238,28447970,39210393600,12447744
20200227,003780,진양산업,KOSPI,,3800,-200,-5.00,4005,4050,3770,240521,928166590,49400000000,13000000
20200227,010640,진양폴리,KOSPI,,3730,-190,-4.85,3895,4000,3710,125572,484226045,37300000000,10000000
20200227,100250,진양홀딩스,KOSPI,,2420,-30,-1.22,2450,2450,2420,41194,100076825,135266606640,55895292
20200227,051630,진양화학,KOSPI,,4785,-205,-4.11,4990,4995,4595,173594,827170950,57420000000,12000000
20200227,272450,진에어,KOSPI,,12750,-50,-0.39,12800,13250,12600,136337,1761294400,382500000000,30000000
20200227,011000,진원생명과학,KOSPI,,3880,-200,-4.90,4445,4500,3605,6835086,28171837785,127753489160,32926157
20200227,002780,진흥기업,KOSPI,,2055,-80,-3.75,2135,2140,2025,205340,427040940,298944435975,145471745
20200227,002787,진흥기업2우B,KOSPI,,14800,-200,-1.33,15000,15100,14750,6265,93529800,4363158400,294808
20200227,002785,진흥기업우B,KOSPI,,5110,-160,-3.04,5270,5290,5110,26288,136572920,4380383980,857218
20200227,009310,참엔지니어링,KOSPI,,1405,-105,-6.95,1500,1550,1370,289375,410290295,75083219670,53440014
20200227,000650,천일고속,KOSPI,,63100,-600,-0.94,63700,63800,62900,408,25767800,90183782000,1429220
20200227,012600,청호컴넷,KOSPI,,2020,-150,-6.91,2180,2235,1990,505969,1054773425,17324229020,8576351
20200227,033250,체시스,KOSPI,,2455,-5,-0.20,2440,2535,2390,539883,1334011480,58920000000,24000000
20200227,035720,카카오,KOSPI,,178500,-5500,-2.99,184000,185500,176500,785062,141083494500,15431522956500,86451109
20200227,006380,카프로,KOSPI,,2990,-60,-1.97,3050,3065,2985,135076,406294040,119600000000,40000000
20200227,109070,컨버즈,KOSPI,,1100,0,0.00,0,0,0,0,0,33860649900,30782409
20200227,001620,케이비아이동국실업,KOSPI,,642,-4,-0.62,645,658,638,77873,49945486,42399010224,66042072
20200227,029460,케이씨,KOSPI,,14800,-650,-4.21,15450,15500,14450,132039,1956840500,200599851200,13554044
20200227,344820,케이씨씨글라스,KOSPI,,29150,-800,-2.67,30200,30200,28600,132194,3860745350,243408621500,8350210
20200227,281820,케이씨텍,KOSPI,,18850,-1200,-5.99,20050,20300,18750,134216,2594248300,373971559000,19839340
20200227,145270,케이탑리츠,KOSPI,,876,-16,-1.79,895,897,875,253038,223819727,39504837972,45096847
20200227,007815,코리아써우,KOSPI,,4235,-315,-6.92,4415,4580,4215,4952,21438380,12555462150,2964690
20200227,007810,코리아써키트,KOSPI,,11650,-1000,-7.91,12900,13000,11500,716401,8644197400,275181749150,23620751
20200227,00781K,코리아써키트2우B,KOSPI,,5600,-90,-1.58,5750,5800,5600,919,5233490,4388714400,783699
20200227,152330,코리아오토글라스,KOSPI,,13800,-450,-3.16,14300,14300,13750,59056,822992400,276000000000,20000000
20200227,003690,코리안리,KOSPI,,8200,270,3.40,7880,8200,7880,577339,4684753020,987026751200,120369116
20200227,192820,코스맥스,KOSPI,,78500,-1600,-2.00,80000,82700,78200,187132,15041430500,788886456500,10049509
20200227,044820,코스맥스비티아이,KOSPI,,11850,-300,-2.47,12100,12450,11750,23078,275161900,113806463850,9603921
20200227,005070,코스모신소재,KOSPI,,9590,-510,-5.05,10100,10250,9560,629541,6175800800,280487984350,29247965
20200227,005420,코스모화학,KOSPI,,8090,-470,-5.49,8540,8660,8030,739657,6130926800,211236574250,26110825
20200227,071950,코아스,KOSPI,,1165,-25,-2.10,1205,1205,1155,144112,169275020,36006899650,30907210
20200227,002020,코오롱,KOSPI,,14500,-300,-2.03,14750,14950,14500,21527,315415250,183083177000,12626426
20200227,003070,코오롱글로벌,KOSPI,,8350,-80,-0.95,8350,8380,8250,15213,126461240,210507157300,25210438
20200227,003075,코오롱글로벌우,KOSPI,,16650,-300,-1.77,16550,17300,16550,635,10714950,5208169950,312803
20200227,144620,코오롱머티리얼,KOSPI,,1580,-70,-4.24,1630,1665,1555,165807,266366830,108480643300,68658635
20200227,002025,코오롱우,KOSPI,,9000,10,0.11,9000,9270,9000,1096,9994630,9687510000,1076390
20200227,120110,코오롱인더,KOSPI,,35050,-750,-2.09,36050,36150,34850,134652,4748302700,945608342000,26978840
20200227,120115,코오롱인더우,KOSPI,,19250,-100,-0.52,19600,19600,18850,3678,69840100,53281305000,2767860
20200227,138490,코오롱플라스틱,KOSPI,,3710,-60,-1.59,3790,3840,3700,39051,146695850,140980000000,38000000
20200227,021240,코웨이,KOSPI,,70400,200,0.28,70200,72000,69600,393566,27859681202,5195493177600,73799619
20200227,031820,콤텍시스템,KOSPI,,1380,-45,-3.16,1430,1440,1370,1235080,1730976950,93635023080,67851466
20200227,192400,쿠쿠홀딩스,KOSPI,,88200,300,0.34,87700,88900,87600,4042,355720600,627316943400,7112437
20200227,284740,쿠쿠홈시스,KOSPI,,35400,0,0.00,35600,36000,35050,10806,382250950,794281482000,22437330
20200227,015590,큐로,KOSPI,,952,-48,-4.80,1000,1015,910,2305209,2233032425,143377399424,150606512
20200227,264900,크라운제과,KOSPI,,8090,-80,-0.98,8160,8200,8010,17402,140479980,101317946500,12523850
20200227,26490K,크라운제과우,KOSPI,,7550,-310,-3.94,7790,7870,7530,7898,60383000,5840378000,773560
20200227,005740,크라운해태홀딩스,KOSPI,,9640,-190,-1.93,9830,9990,9610,44905,434722720,143128425080,14847347
20200227,005745,크라운해태홀딩스우,KOSPI,,12400,-350,-2.75,12800,12800,12400,7095,89284100,7449002400,600726
20200227,020120,키다리스튜디오,KOSPI,,4490,-40,-0.88,4480,4625,4375,107568,486353925,76147104340,16959266
20200227,039490,키움증권,KOSPI,,68300,-1100,-1.59,69000,70500,68000,71145,4889812100,1509412242000,22099740
20200227,012170,키위미디어그룹,KOSPI,,150,0,0.00,0,0,0,0,0,29592697500,197284650
20200227,015890,태경산업,KOSPI,,5220,-100,-1.88,5270,5330,5210,21377,112785940,152574075000,29228750
20200227,006890,태경화학,KOSPI,,5130,-140,-2.66,5270,5330,5070,133052,685012170,59508000000,11600000
20200227,003240,태광산업,KOSPI,,815000,-7000,-0.85,829000,829000,810000,890,725220000,907421000000,1113400
20200227,011280,태림포장,KOSPI,,4285,-185,-4.14,4460,4560,4250,2336391,10274257035,303403452900,70805940
20200227,004100,태양금속,KOSPI,,1290,-70,-5.15,1350,1360,1280,657586,865945930,47343000000,36700000
20200227,004105,태양금속우,KOSPI,,3230,-135,-4.01,3365,3420,3160,184962,601297175,10659000000,3300000
20200227,009410,태영건설,KOSPI,,13450,-500,-3.58,14000,14000,13350,151341,2050327600,1027580000000,76400000
20200227,009415,태영건설우,KOSPI,,7540,-240,-3.08,7780,7900,7520,20348,155267250,19283399200,2557480
20200227,001420,태원물산,KOSPI,,3765,-165,-4.20,3930,3930,3750,24045,91619245,28614000000,7600000
20200227,007980,태평양물산,KOSPI,,2345,0,0.00,2325,2400,2280,136665,321233035,117043034990,49911742
20200227,055490,테이팩스,KOSPI,,19700,-800,-3.90,20900,20900,19600,15687,315353450,92937705000,4717650
20200227,078000,텔코웨어,KOSPI,,11350,0,0.00,11350,11550,11150,14057,158495200,110125713100,9702706
20200227,214420,토니모리,KOSPI,,11000,-700,-5.98,11700,11750,11000,99543,1128765400,194040000000,17640000
20200227,019180,티에이치엔,KOSPI,,3440,-100,-2.82,3610,3640,3330,306860,1062989195,61920000000,18000000
20200227,091810,티웨이항공,KOSPI,,3890,-80,-2.02,3970,4050,3860,206737,814184940,182732018680,46974812
20200227,004870,티웨이홀딩스,KOSPI,,1260,-45,-3.45,1295,1330,1245,244068,312727325,96617877300,76680855
20200227,005690,파미셀,KOSPI,,7850,-100,-1.26,7980,8160,7820,503809,4015060110,470677757500,59958950
20200227,036580,팜스코,KOSPI,,3785,10,0.26,3775,3895,3750,156481,595768235,139015264255,36727943
20200227,028670,팬오션,KOSPI,,3810,155,4.24,3635,3940,3635,2634592,10104440990,2036708678670,534569207
20200227,010820,퍼스텍,KOSPI,,1975,-65,-3.19,2045,2075,1960,327323,657137380,92360559000,46764840
20200227,016800,퍼시스,KOSPI,,28650,0,0.00,28400,29050,28400,1070,30664750,329475000000,11500000
20200227,001020,페이퍼코리아,KOSPI,,431,-17,-3.79,450,456,425,368845,161152524,38756604827,89922517
20200227,090080,평화산업,KOSPI,,1250,5,0.40,1350,1430,1245,3879869,5248240300,68627823750,54902259
20200227,010770,평화홀딩스,KOSPI,,3470,-280,-7.47,3900,4200,3455,620695,2263682220,50750367020,14625466
20200227,058430,포스코강판,KOSPI,,13550,-50,-0.37,13400,13700,13300,2890,38750950,81300000000,6000000
20200227,047050,포스코인터내셔널,KOSPI,,15650,-450,-2.80,16150,16350,15550,820897,12998647800,1930821081850,123375149
20200227,003670,포스코케미칼,KOSPI,,58600,-2000,-3.30,60300,60800,58500,524510,31146011300,3573909692000,60988220
20200227,007630,폴루스바이오팜,KOSPI,,1225,0,0.00,0,0,0,0,0,48156675700,39311572
20200227,017810,풀무원,KOSPI,,11700,-200,-1.68,12000,12000,11550,55709,654225450,445664115000,38090950
20200227,103140,풍산,KOSPI,,20800,100,0.48,20600,20850,20500,105151,2174478850,582904982400,28024278
20200227,005810,풍산홀딩스,KOSPI,,30200,200,0.67,30000,30500,30000,663,20003000,236622043400,7835167
20200227,033180,필룩스,KOSPI,,5580,-450,-7.46,6100,6140,5540,3523178,20418311110,452493426960,81092012
20200227,086790,하나금융지주,KOSPI,,31800,400,1.27,31150,32000,31150,1074674,34005848500,9547697571600,300242062
20200227,099340,하나니켈1호,KOSPI,,193,44,29.53,149,193,138,6903918,1315842199,4391946600,22756200
20200227,099350,하나니켈2호,KOSPI,,1375,230,20.09,952,1430,944,11634213,15649399506,4515500000,3284000
20200227,293480,하나제약,KOSPI,,22300,-400,-1.76,22800,22950,22100,74249,1666364550,361260000000,16200000
20200227,039130,하나투어,KOSPI,,44350,-750,-1.66,45100,46550,44100,175031,7877908200,515177804750,11616185
20200227,172580,하이골드12호,KOSPI,,2425,-15,-0.61,2440,2445,2425,28032,68334520,31632912500,13044500
20200227,153360,하이골드3호,KOSPI,,1540,10,0.65,1555,1555,1515,1092,1686775,24870676600,16149790
20200227,159650,하이골드8호,KOSPI,,2115,0,0.00,0,0,0,0,0,31526039835,14905929
20200227,071090,하이스틸,KOSPI,,17300,-350,-1.98,17500,17800,17050,9127,157517250,34599031200,1999944
20200227,019490,하이트론,KOSPI,,2455,-60,-2.39,2515,2535,2455,13478,33607020,13577954425,5530735
20200227,000080,하이트진로,KOSPI,,27600,-350,-1.25,27800,28300,27300,393450,10883870900,1935687663600,70133611
20200227,000087,하이트진로2우B,KOSPI,,16100,-300,-1.83,16400,16500,16100,1478,24079800,18195221800,1130138
20200227,000140,하이트진로홀딩스,KOSPI,,12000,-600,-4.76,12500,12750,12000,77523,944967450,278481180000,23206765
20200227,000145,하이트진로홀딩스우,KOSPI,,14000,-100,-0.71,14650,14650,13900,2037,28995900,6591340000,470810
20200227,152550,한국ANKOR유전,KOSPI,,1780,-10,-0.56,1790,1790,1780,4611,8214305,124635600000,70020000
20200227,036460,한국가스공사,KOSPI,,28950,-500,-1.70,29500,29600,28900,334311,9750288550,2672461350000,92313000
20200227,005430,한국공항,KOSPI,,38000,0,0.00,37950,38400,37800,3941,149623100,120321490000,3166355
20200227,071050,한국금융지주,KOSPI,,65000,0,0.00,64200,65500,64000,138213,8967446000,3622189480000,55725992
20200227,071055,한국금융지주우,KOSPI,,37600,-100,-0.27,37750,37750,37250,6850,256683150,220270237600,5858251
20200227,010040,한국내화,KOSPI,,3325,-70,-2.06,3365,3410,3290,98120,326366405,76021576400,22863632
20200227,025540,한국단자,KOSPI,,33300,-550,-1.62,33700,33750,32850,28367,943134900,346819500000,10415000
20200227,004090,한국석유,KOSPI,,100500,-1000,-0.99,100000,100500,99000,6413,639209900,65847600000,655200
20200227,002960,한국쉘석유,KOSPI,,259500,-1500,-0.57,264500,265000,259000,1789,466764000,337350000000,1300000
20200227,123890,한국자산신탁,KOSPI,,2605,-45,-1.70,2650,2670,2580,177425,463579905,293982718855,112853251
20200227,015760,한국전력,KOSPI,,23100,-950,-3.95,23900,24100,22950,3734473,87457591150,14829370178700,641964077
20200227,006200,한국전자홀딩스,KOSPI,,690,-8,-1.15,697,705,677,27484,18860760,32294163840,46803136
20200227,002300,한국제지,KOSPI,,16250,-100,-0.61,17000,17400,15900,37222,624702350,81330421250,5004949
20200227,009540,한국조선해양,KOSPI,,107500,-500,-0.46,107500,109000,106500,167722,18027534000,7608109970000,70773116
20200227,023350,한국종합기술,KOSPI,,3900,-140,-3.47,4025,4045,3865,117886,465986885,42705000000,10950000
20200227,025890,한국주강,KOSPI,,1405,-30,-2.09,1435,1435,1350,26698,37549450,15889508895,11309259
20200227,000970,한국주철관,KOSPI,,9490,-60,-0.63,9650,9750,9440,35467,338376570,216376745000,22800500
20200227,104700,한국철강,KOSPI,,3995,-80,-1.96,4075,4080,3990,116667,468732775,183969750000,46050000
20200227,017960,한국카본,KOSPI,,8490,-320,-3.63,8850,8890,8460,416513,3580307340,373226826930,43960757
20200227,161890,한국콜마,KOSPI,,41750,-350,-0.83,42100,42700,41450,246072,10291254100,955289265000,22881180
20200227,024720,한국콜마홀딩스,KOSPI,,22700,-100,-0.44,22400,23350,22400,80646,1842510700,407214528200,17938966
20200227,161390,한국타이어앤테크놀로지,KOSPI,,26500,-300,-1.12,26500,27000,26400,339812,9053909950,3282689328500,123875069
20200227,000240,한국테크놀로지그룹,KOSPI,,12450,-100,-0.80,12300,12500,12200,50589,625589500,1158101153850,93020173
20200227,034830,한국토지신탁,KOSPI,,1965,0,0.00,1960,1970,1935,557931,1089584655,496141336950,252489230
20200227,007280,한국특수형강,KOSPI,,1295,-55,-4.07,1350,1360,1285,195454,255858520,41897769550,32353490
20200227,168490,한국패러랠,KOSPI,,2205,-10,-0.45,2210,2220,2205,34422,75930635,176444100000,80020000
20200227,010100,한국프랜지,KOSPI,,1760,-110,-5.88,1885,1910,1760,377595,684746820,53592739200,30450420
20200227,047810,한국항공우주,KOSPI,,27050,-250,-0.92,27350,27600,27050,343820,9358002450,2636701644350,97475107
20200227,123690,한국화장품,KOSPI,,12850,-650,-4.81,13400,13500,12800,346004,4513424050,206473800000,16068000
20200227,003350,한국화장품제조,KOSPI,,28750,-1350,-4.49,29850,30400,28500,43440,1270067450,130295000000,4532000
20200227,011500,한농화성,KOSPI,,5000,475,10.50,4525,5100,4520,744746,3589759655,78185210000,15637042
20200227,002390,한독,KOSPI,,22600,-50,-0.22,22750,23250,22500,77390,1762101800,311055845800,13763533
20200227,014790,한라,KOSPI,,2570,-25,-0.96,2620,2620,2550,52090,134558340,99908600940,38874942
20200227,060980,한라홀딩스,KOSPI,,36400,150,0.41,35650,36500,35650,25146,911320850,381183348000,10472070
20200227,053690,한미글로벌,KOSPI,,8000,-180,-2.20,8150,8320,8000,58678,478411310,87660400000,10957550
20200227,042700,한미반도체,KOSPI,,9110,-570,-5.89,9680,9770,8950,351920,3260126710,469178674110,51501501
20200227,008930,한미사이언스,KOSPI,,31000,100,0.32,30500,31500,30500,134850,4180518350,2046345619000,66011149
20200227,128940,한미약품,KOSPI,,270000,4500,1.69,265500,277000,264500,53509,14476765500,3197617830000,11843029
20200227,009240,한샘,KOSPI,,65300,1600,2.51,63200,65500,62900,109333,7041830600,1536765498400,23533928
20200227,020000,한섬,KOSPI,,25400,250,0.99,24800,25650,24800,67881,1715364500,625602000000,24630000
20200227,003680,한성기업,KOSPI,,5150,-190,-3.56,5260,5420,5140,180701,948892780,31779393400,6170756
20200227,105630,한세실업,KOSPI,,14300,450,3.25,13900,14600,13900,189803,2719966500,572000000000,40000000
20200227,069640,한세엠케이,KOSPI,,3440,-130,-3.64,3660,3660,3435,20728,72414630,44408067680,12909322
20200227,016450,한세예스24홀딩스,KOSPI,,6220,-20,-0.32,6450,6450,6180,36382,225224240,248800000000,40000000
20200227,010420,한솔PNS,KOSPI,,1725,-50,-2.82,1775,1785,1665,262762,451319890,35350445700,20493012
20200227,009180,한솔로지스틱스,KOSPI,,1570,15,0.96,1550,1720,1540,3088203,5017267125,43139557250,27477425
20200227,213500,한솔제지,KOSPI,,13650,-200,-1.44,13950,14000,13650,77945,1074248000,324877862400,23800576
20200227,014680,한솔케미칼,KOSPI,,96300,-600,-0.62,97000,98000,94500,73298,7049536900,1087727278500,11295195
20200227,004710,한솔테크닉스,KOSPI,,7360,-380,-4.91,7680,7790,7290,485799,3627591160,236328702080,32109878
20200227,004150,한솔홀딩스,KOSPI,,3140,-160,-4.85,3300,3320,3115,125983,404744840,148156752060,47183679
20200227,025750,한솔홈데코,KOSPI,,987,-12,-1.20,996,1005,972,416124,409933630,79517802063,80565149
20200227,004960,한신공영,KOSPI,,13950,50,0.36,13800,14050,13600,30871,425405100,161411292900,11570702
20200227,011700,한신기계,KOSPI,,1460,-30,-2.01,1485,1505,1445,301544,442922680,47371380460,32446151
20200227,001750,한양증권,KOSPI,,8030,-50,-0.62,8110,8150,7990,39118,313730360,102210128020,12728534
20200227,001755,한양증권우,KOSPI,,9380,-200,-2.09,9580,9580,9230,215,2024880,4924500000,525000
20200227,018880,한온시스템,KOSPI,,10800,250,2.37,10500,10950,10500,1105255,11890825950,5765040000000,533800000
20200227,009420,한올바이오파마,KOSPI,,25150,950,3.93,24200,25500,24050,513349,12730846650,1313852045700,52240638
20200227,014130,한익스프레스,KOSPI,,6240,530,9.28,5650,6700,5620,8795267,54749327430,74880000000,12000000
20200227,300720,한일시멘트,KOSPI,,75600,-1300,-1.69,77100,77200,75600,2879,220139600,313359732000,4144970
20200227,002220,한일철강,KOSPI,,1965,-15,-0.76,1975,1975,1915,7401,14293145,43863378450,22322330
20200227,006390,한일현대시멘트,KOSPI,,24900,-300,-1.19,25000,25850,24500,23665,592311000,418850121000,16821290
20200227,003300,한일홀딩스,KOSPI,,34600,-450,-1.28,35650,35650,34400,5062,176422650,207404717600,5994356
20200227,051600,한전KPS,KOSPI,,33400,-500,-1.47,33650,33750,33100,126883,4228485650,1503000000000,45000000
20200227,052690,한전기술,KOSPI,,18650,-450,-2.36,18900,19150,18500,105269,1972888100,712803000000,38220000
20200227,130660,한전산업,KOSPI,,3280,115,3.63,3350,3370,3230,239656,792780025,106928000000,32600000
20200227,002320,한진,KOSPI,,32300,-600,-1.82,33000,33900,32200,188517,6216049850,386781388800,11974656
20200227,097230,한진중공업,KOSPI,,4325,-70,-1.59,4380,4470,4310,45440,199133075,360161265325,83274281
20200227,003480,한진중공업홀딩스,KOSPI,,2330,-60,-2.51,2390,2400,2330,27738,65704440,68804461960,29529812
20200227,180640,한진칼,KOSPI,,65000,5000,8.33,60000,68800,60000,7972161,519623706600,3846079770000,59170458
20200227,18064K,한진칼우,KOSPI,,62700,-2500,-3.83,65100,71100,62700,284639,19134554400,33655228200,536766
20200227,005110,한창,KOSPI,,2610,-110,-4.04,2710,2765,2560,1471351,3883170310,90802602090,34790269
20200227,009460,한창제지,KOSPI,,4350,205,4.95,4125,4350,4055,10694447,44928309460,259553564100,59667486
20200227,000880,한화,KOSPI,,20400,100,0.49,20300,20600,20200,191081,3905455650,1529158194000,74958735
20200227,00088K,한화3우B,KOSPI,,12700,-50,-0.39,12800,12900,12650,27949,355792450,285394400000,22472000
20200227,027390,한화갤러리아타임월드,KOSPI,,23100,50,0.22,23050,23200,23000,102327,2359595550,138603026100,6000131
20200227,088350,한화생명,KOSPI,,1715,0,0.00,1715,1750,1700,2806328,4810019570,1489528950000,868530000
20200227,000370,한화손해보험,KOSPI,,2290,-10,-0.43,2295,2330,2275,145127,334234355,267332115350,116738915
20200227,009830,한화솔루션,KOSPI,,18800,50,0.27,19050,19750,18650,1278359,24518244750,3035810652000,161479290
20200227,009835,한화솔루션우,KOSPI,,11650,-100,-0.85,11800,12050,11500,12503,147371650,13091536050,1123737
20200227,272210,한화시스템,KOSPI,,8300,-330,-3.82,8630,8750,8280,763886,6458618600,914912228700,110230389
20200227,012450,한화에어로스페이스,KOSPI,,29100,-100,-0.34,29250,29950,29050,194583,5703307050,1500396000000,51560000
20200227,000885,한화우,KOSPI,,27900,200,0.72,27200,28300,27200,7169,199322750,13372302600,479294
20200227,003530,한화투자증권,KOSPI,,1830,-40,-2.14,1880,1895,1820,338354,625243375,392622428250,214547775
20200227,003535,한화투자증권우,KOSPI,,1815,-45,-2.42,1870,1875,1800,44126,80571340,8712000000,4800000
20200227,195870,해성디에스,KOSPI,,17200,-600,-3.37,17750,17800,16350,144397,2474737750,292400000000,17000000
20200227,101530,해태제과식품,KOSPI,,6980,10,0.14,7070,7070,6930,9372,65311790,203235417560,29116822
20200227,143210,핸즈코퍼레이션,KOSPI,,6910,-70,-1.00,6980,6980,6790,20359,139647330,151075181880,21863268
20200227,000720,현대건설,KOSPI,,35750,-800,-2.19,36200,37200,35700,549367,19896563000,3980968598750,111355765
20200227,267270,현대건설기계,KOSPI,,21300,-850,-3.84,22150,22150,21300,118597,2562801150,419626890900,19700793
20200227,000725,현대건설우,KOSPI,,103500,-2500,-2.36,105500,106500,103500,292,30516500,10231596000,98856
20200227,005440,현대그린푸드,KOSPI,,8860,100,1.14,8740,8880,8720,170466,1497815270,865661710520,97704482
20200227,086280,현대글로비스,KOSPI,,125500,-500,-0.40,125500,128000,124500,93438,11754299000,4706250000000,37500000
20200227,064350,현대로템,KOSPI,,13700,-300,-2.14,14000,14200,13600,429964,5945544800,1164500000000,85000000
20200227,079430,현대리바트,KOSPI,,9970,-180,-1.77,10150,10250,9870,151935,1517877560,204736761540,20535282
20200227,012330,현대모비스,KOSPI,,219000,-1000,-0.45,219000,222500,218500,162109,35688825000,20872165986000,95306694
20200227,010620,현대미포조선,KOSPI,,37500,-350,-0.92,37850,38050,37300,116977,4396692400,1497830587500,39942149
20200227,069960,현대백화점,KOSPI,,71300,500,0.71,70900,73500,70600,86931,6267677900,1668594043300,23402441
20200227,004560,현대비앤지스틸,KOSPI,,7750,-30,-0.39,7740,7940,7620,27759,213924760,116860785250,15078811
20200227,004565,현대비앤지스틸우,KOSPI,,57800,800,1.40,57400,59200,56100,234,13405900,6349445600,109852
20200227,011760,현대상사,KOSPI,,14400,-350,-2.37,14650,14900,14250,67425,975623350,190497110400,13228966
20200227,011200,현대상선,KOSPI,,3340,-40,-1.18,3375,3445,3340,1114852,3749307825,1057284331300,316552195
20200227,004310,현대약품,KOSPI,,4550,-160,-3.40,4740,4810,4505,523991,2418838305,145600000000,32000000
20200227,322000,현대에너지솔루션,KOSPI,,26800,-2800,-9.46,29500,31550,25500,672183,19149392450,300160000000,11200000
20200227,126560,현대에이치씨엔,KOSPI,,3445,-40,-1.15,3490,3570,3425,207761,723832730,388859873220,112876596
20200227,017800,현대엘리베이,KOSPI,,54800,-700,-1.26,55200,57000,54700,204850,11387816200,1490523503200,27199334
20200227,307950,현대오토에버,KOSPI,,37750,-1150,-2.96,38900,39600,37300,52533,1997912700,792750000000,21000000
20200227,011210,현대위아,KOSPI,,40200,-500,-1.23,40500,40800,40000,79186,3191444550,1093242336600,27195083
20200227,267260,현대일렉트릭,KOSPI,,8950,-390,-4.18,9410,9500,8950,200072,1838872840,322621858250,36047135
20200227,004020,현대제철,KOSPI,,25000,-200,-0.79,25050,25450,24950,412175,10357875600,3336144625000,133445785
20200227,267250,현대중공업지주,KOSPI,,278000,1000,0.36,272000,278500,272000,39618,10888607000,4527679526000,16286617
20200227,005380,현대차,KOSPI,,121000,-1500,-1.22,122500,123500,120000,779402,94837096000,25853850627000,213668187
20200227,005387,현대차2우B,KOSPI,,77200,-700,-0.90,78400,78800,77200,57097,4465350500,2816676817200,36485451
20200227,005389,현대차3우B,KOSPI,,68000,-700,-1.02,69200,69200,67900,5018,342247000,165153980000,2428735
20200227,005385,현대차우,KOSPI,,68500,-1300,-1.86,69900,70200,68500,52022,3602345200,1668432922500,24356685
20200227,001500,현대차증권,KOSPI,,8670,-30,-0.34,8700,8780,8600,26205,227129700,254352752370,29337111
20200227,227840,현대코퍼레이션홀딩스,KOSPI,,9920,-80,-0.80,9990,10050,9810,21766,215036200,90280293120,9100836
20200227,001450,현대해상,KOSPI,,23050,1500,6.96,21400,23300,21400,559895,12692085050,2060670000000,89400000
20200227,057050,현대홈쇼핑,KOSPI,,75500,-100,-0.13,75000,77200,74600,34036,2573450400,906000000000,12000000
20200227,093240,형지엘리트,KOSPI,,1290,-45,-3.37,1335,1360,1275,384586,503027560,40189689420,31154798
20200227,003010,혜인,KOSPI,,4020,-170,-4.06,4190,4235,4020,91653,373941175,51105242940,12712747
20200227,111110,호전실업,KOSPI,,12850,-300,-2.28,13200,13200,12850,4643,60755250,102800000000,8000000
20200227,008770,호텔신라,KOSPI,,83900,-1900,-2.21,85300,87500,83600,593162,50253909300,3292917351900,39248121
20200227,008775,호텔신라우,KOSPI,,54800,-1100,-1.97,55900,56600,54500,6053,334433100,41202969200,751879
20200227,002460,화성산업,KOSPI,,9400,-120,-1.26,9500,9600,9400,23469,222482410,117037520000,12450800
20200227,013520,화승알앤에이,KOSPI,,1975,5,0.25,1970,2000,1925,96494,187949540,127508389750,64561210
20200227,241590,화승엔터프라이즈,KOSPI,,15850,-600,-3.65,16500,17000,15500,336722,5414042150,959506219500,60536670
20200227,006060,화승인더,KOSPI,,11500,-850,-6.88,12350,12350,11250,755699,8769566000,636180000000,55320000
20200227,010690,화신,KOSPI,,2790,-85,-2.96,2875,2900,2750,43179,120483750,97427943900,34920410
20200227,133820,화인베스틸,KOSPI,,2170,-105,-4.62,2275,2305,2155,217958,483236315,64123500000,29550000
20200227,010660,화천기계,KOSPI,,2585,-65,-2.45,2625,2750,2580,744455,1966638450,56870000000,22000000
20200227,000850,화천기공,KOSPI,,36100,0,0.00,36100,36250,35750,11235,405394400,79420000000,2200000
20200227,016580,환인제약,KOSPI,,13900,-50,-0.36,14000,14150,13900,12765,178832600,258540973000,18600070
20200227,032560,황금에스티,KOSPI,,6510,-90,-1.36,6610,6700,6450,48435,317012100,91140000000,14000000
20200227,004800,효성,KOSPI,,70600,200,0.28,70200,71400,70000,34855,2460917900,1487614365000,21071025
20200227,094280,효성ITX,KOSPI,,14000,-500,-3.45,14300,14500,13900,17403,246292650,161814800000,11558200
20200227,298040,효성중공업,KOSPI,,20700,-250,-1.19,21000,21200,20550,37618,783937500,193018143600,9324548
20200227,298050,효성첨단소재,KOSPI,,85800,-2300,-2.61,88000,88900,85300,23935,2074698200,384379538400,4479948
20200227,298020,효성티앤씨,KOSPI,,152000,-4000,-2.56,155000,157000,152000,7164,1097286000,657807664000,4327682
20200227,298000,효성화학,KOSPI,,107500,-2000,-1.83,109000,111000,107000,7384,802381500,342938545000,3190126
20200227,093370,후성,KOSPI,,7490,-350,-4.46,7830,7860,7450,1506338,11457235480,693625074310,92606819
20200227,081660,휠라홀딩스,KOSPI,,40050,-50,-0.12,39900,41400,39750,508149,20464522850,2447658553500,61115070
20200227,005870,휴니드,KOSPI,,5870,-60,-1.01,5880,5960,5790,27893,163390840,82861008050,14116015
20200227,079980,휴비스,KOSPI,,6390,220,3.57,6160,6600,6150,1630990,10445009640,220455000000,34500000
20200227,005010,휴스틸,KOSPI,,8080,-40,-0.49,8190,8190,8030,4805,38880700,61583077440,7621668
20200227,069260,휴켐스,KOSPI,,18700,350,1.91,18150,18750,18150,64237,1194184100,764429595600,40878588
20200227,000540,흥국화재,KOSPI,,2895,-60,-2.03,2925,2975,2880,99402,289222600,185982457275,64242645
20200227,000547,흥국화재2우B,KOSPI,,20600,-1700,-7.62,21450,21650,20600,17390,365881900,3164160000,153600
20200227,000545,흥국화재우,KOSPI,,7880,-1370,-14.81,8790,9180,7880,464327,3910968180,6051840000,768000
20200227,003280,흥아해운,KOSPI,,348,-9,-2.52,356,364,345,947925,333415761,40368544620,116001565
20200227,060310,3S,KOSDAQ,중견기업부,2570,-75,-2.84,2645,2655,2525,180336,464014660,115064407510,44772143
20200227,054620,APS홀딩스,KOSDAQ,우량기업부,10450,-1250,-10.68,11700,11700,10300,757567,8214844000,213119609450,20394221
20200227,265520,AP시스템,KOSDAQ,우량기업부,28850,-1700,-5.56,30450,30500,28350,282707,8273428550,417754548950,14480227
20200227,211270,AP위성,KOSDAQ,벤처기업부,7220,-240,-3.22,7460,7550,7070,12604,91039470,108406884880,15014804
20200227,035760,CJ ENM,KOSDAQ,우량기업부,131300,-1500,-1.13,132500,137600,131200,104622,13946920500,2879297920200,21929154
20200227,051500,CJ프레시웨이,KOSDAQ,중견기업부,22500,-500,-2.17,22600,23050,22200,40076,903417000,267110685000,11871586
20200227,058820,CMG제약,KOSDAQ,벤처기업부,3760,-100,-2.59,3855,3980,3710,2231863,8548739200,522234837440,138892244
20200227,023460,CNH,KOSDAQ,중견기업부,1795,-40,-2.18,1835,1855,1770,266446,481018925,66774000000,37200000
20200227,065770,CS,KOSDAQ,벤처기업부,2640,15,0.57,2625,2655,2465,67151,170842525,49724796000,18835150
20200227,083660,CSA 코스믹,KOSDAQ,관리종목(소속부없음),4170,0,0.00,0,0,0,0,0,82347662970,19747641
20200227,322780,DB금융스팩7호,KOSDAQ,SPAC(소속부없음),2045,-5,-0.24,2065,2065,2035,6118,12467730,9304750000,4550000
20200227,068790,DMS,KOSDAQ,우량기업부,4500,-250,-5.26,4815,4815,4495,268298,1231537280,103691191500,23042487
20200227,241520,DSC인베스트먼트,KOSDAQ,벤처기업부,2890,-40,-1.37,2895,3080,2870,102086,299393115,52365016870,18119383
20200227,245620,EDGC,KOSDAQ,기술성장기업부,5550,470,9.25,5150,6070,5100,9579782,54333594210,200759817000,36172940
20200227,037370,EG,KOSDAQ,중견기업부,8030,-330,-3.95,8340,8340,7900,56033,455067930,60225000000,7500000
20200227,079190,EMW,KOSDAQ,투자주의환기종목(소속부없음),2780,0,0.00,0,0,0,0,0,88360067660,31784197
20200227,130500,GH신소재,KOSDAQ,중견기업부,4635,5,0.11,4430,5500,4300,25748475,129780853930,50985000000,11000000
20200227,900290,GRT,KOSDAQ,외국기업(소속부없음),2225,-45,-1.98,2270,2270,2200,103199,230311205,149909375000,67375000
20200227,083450,GST,KOSDAQ,우량기업부,14850,-1000,-6.31,15800,15800,14550,377328,5654206750,138368513250,9317745
20200227,028150,GS홈쇼핑,KOSDAQ,우량기업부,125000,-1000,-0.79,124800,126400,124200,11435,1428626700,820312500000,6562500
20200227,045890,GV,KOSDAQ,벤처기업부,2380,-50,-2.06,2355,2515,2350,660015,1594169190,91027579160,38246882
20200227,078150,HB테크놀러지,KOSDAQ,우량기업부,2885,-55,-1.87,2945,3065,2830,4394401,12901114385,227887379010,78990426
20200227,036640,HRS,KOSDAQ,중견기업부,2330,-165,-6.61,2495,2545,2330,719496,1745914470,38106684000,16354800
20200227,299170,IBKS제10호스팩,KOSDAQ,SPAC(소속부없음),2075,0,0.00,2070,2075,2055,178,366800,8984750000,4330000
20200227,335890,IBKS제11호스팩,KOSDAQ,SPAC(소속부없음),2045,0,0.00,2030,2045,2030,7847,15929425,9795550000,4790000
20200227,335870,IBKS제12호스팩,KOSDAQ,SPAC(소속부없음),2100,0,0.00,2065,2100,2060,16850,34782515,6552000000,3120000
20200227,276920,IBKS제7호스팩,KOSDAQ,SPAC(소속부없음),2105,-5,-0.24,2110,2140,2080,5696,11936680,7683250000,3650000
20200227,095340,ISC,KOSDAQ,우량기업부,12700,-950,-6.96,13650,13700,12600,252699,3310240300,179609851600,14142508
20200227,099520,ITX엠투엠,KOSDAQ,벤처기업부,1460,-35,-2.34,1520,1525,1360,813974,1166066205,24040551260,16466131
20200227,950170,JTC,KOSDAQ,외국기업(소속부없음),6390,-340,-5.05,6690,6760,6380,162999,1061620810,223685253630,35005517
20200227,067290,JW신약,KOSDAQ,중견기업부,4410,-90,-2.00,4500,4635,4405,312889,1402781465,183752202060,41667166
20200227,035900,JYP Ent.,KOSDAQ,우량기업부,22500,-500,-2.17,22800,23600,22200,385823,8797838150,798637320000,35494992
20200227,024840,KBI메탈,KOSDAQ,우량기업부,1465,-60,-3.93,1525,1555,1450,259022,384081700,48272992320,32950848
20200227,024120,KB오토시스,KOSDAQ,우량기업부,5540,-60,-1.07,5600,5600,5460,1587,8762280,63710000000,11500000
20200227,021320,KCC건설,KOSDAQ,우량기업부,5460,-90,-1.62,5490,5580,5420,45609,249134970,116844000000,21400000
20200227,036670,KCI,KOSDAQ,중견기업부,9150,-250,-2.66,9320,9490,9100,51657,478197680,103120500000,11270000
20200227,044180,KD,KOSDAQ,관리종목(소속부없음),495,0,0.00,0,0,0,0,0,38784885480,78353304
20200227,151860,KG ETS,KOSDAQ,우량기업부,3180,-195,-5.78,3405,3580,3165,3281852,11088334260,114480000000,36000000
20200227,046440,KG모빌리언스,KOSDAQ,우량기업부,6370,70,1.11,6390,6630,6090,901883,5782958910,190507316090,29906957
20200227,035600,KG이니시스,KOSDAQ,우량기업부,21700,600,2.84,21400,22200,21150,655352,14254031500,605526217800,27904434
20200227,060720,KH바텍,KOSDAQ,중견기업부,20150,-2550,-11.23,22550,22650,19950,3065466,64035611500,467300926950,23191113
20200227,083470,KJ프리텍,KOSDAQ,투자주의환기종목(소속부없음),387,0,0.00,0,0,0,0,0,9560730123,24704729
20200227,122450,KMH,KOSDAQ,중견기업부,5400,-10,-0.18,5440,5500,5360,111800,605623820,123489873000,22868495
20200227,052900,KMH하이텍,KOSDAQ,중견기업부,1030,-50,-4.63,1080,1105,1020,673447,711380390,48292063970,46885499
20200227,058400,KNN,KOSDAQ,우량기업부,1115,-50,-4.29,1165,1180,1095,2556904,2899692725,147659137800,132429720
20200227,114450,KPX생명과학,KOSDAQ,중견기업부,6370,-110,-1.70,6430,6740,6280,168683,1097843170,95550000000,15000000
20200227,036030,KTH,KOSDAQ,중견기업부,6200,270,4.55,5900,6250,5900,1593411,9792387120,221433136400,35715022
20200227,060370,KT서브마린,KOSDAQ,우량기업부,4130,-80,-1.90,4205,4220,3930,169756,687721385,90447000000,21900000
20200227,065150,MP그룹,KOSDAQ,투자주의환기종목(소속부없음),1315,0,0.00,0,0,0,0,0,106263055205,80808407
20200227,219550,MP한강,KOSDAQ,우량기업부,956,-9,-0.93,964,999,940,473437,457434688,54330694120,56831270
20200227,160550,NEW,KOSDAQ,중견기업부,4100,-95,-2.26,4210,4240,4080,101398,419133490,114415034600,27906106
20200227,053290,NE능률,KOSDAQ,벤처기업부,3755,265,7.59,3460,3950,3455,3622934,13543093015,53527367290,14254958
20200227,104200,NHN벅스,KOSDAQ,중견기업부,4745,-110,-2.27,4915,4915,4650,14963,70742630,70356724750,14827550
20200227,060250,NHN한국사이버결제,KOSDAQ,우량기업부,31400,-100,-0.32,31950,32250,31000,577730,18299215300,721301740200,22971393
20200227,030190,NICE평가정보,KOSDAQ,우량기업부,16300,-850,-4.96,16950,17100,15900,277705,4579158500,989651566000,60714820
20200227,024940,PN풍년,KOSDAQ,벤처기업부,2055,-60,-2.84,2090,2110,2030,29216,60471675,20550000000,10000000
20200227,218410,RFHIC,KOSDAQ,우량기업부,30550,-1900,-5.86,32100,32600,30100,523371,16248307300,728544791000,23847620
20200227,091340,S&K폴리텍,KOSDAQ,중견기업부,8200,-650,-7.34,8800,8890,8000,481627,4037657110,95970512200,11703721
20200227,019550,SBI인베스트먼트,KOSDAQ,중견기업부,633,-3,-0.47,642,647,623,323721,205050163,102588141975,162066575
20200227,950110,SBI핀테크솔루션즈,KOSDAQ,외국기업(소속부없음),9700,-290,-2.90,10000,10150,9690,49013,481816480,239168438000,24656540
20200227,046140,SBS콘텐츠허브,KOSDAQ,중견기업부,5300,-130,-2.39,5430,5480,5270,34737,185254910,113756841500,21463555
20200227,036120,SCI평가정보,KOSDAQ,중견기업부,2500,-170,-6.37,2680,2680,2490,481314,1233252285,88750000000,35500000
20200227,099220,SDN,KOSDAQ,벤처기업부,2265,-175,-7.17,2405,2440,2205,2569870,5918491905,104881232700,46305180
20200227,036540,SFA반도체,KOSDAQ,우량기업부,5650,-300,-5.04,6050,6050,5580,5423517,31410621680,803951348100,142292274
20200227,255220,SG,KOSDAQ,우량기업부,1600,-50,-3.03,1650,1660,1590,115603,185812320,58752043200,36720027
20200227,040610,SG&G,KOSDAQ,우량기업부,1620,-65,-3.86,1685,1695,1620,82201,135492440,55221257520,34087196
20200227,049470,SGA,KOSDAQ,벤처기업부,636,-10,-1.55,641,646,629,89856,57139863,30758390364,48362249
20200227,184230,SGA솔루션즈,KOSDAQ,벤처기업부,1005,-70,-6.51,1070,1070,998,384410,390891629,36859413165,36676033
20200227,307070,SK4호스팩,KOSDAQ,SPAC(소속부없음),2050,0,0.00,2060,2060,2045,10040,20532250,10578000000,5160000
20200227,337450,SK5호스팩,KOSDAQ,SPAC(소속부없음),2025,5,0.25,2010,2025,2010,18233,36648350,8727750000,4310000
20200227,057500,SKC 솔믹스,KOSDAQ,우량기업부,3000,-65,-2.12,3065,3085,2985,367584,1106754765,184482120000,61494040
20200227,178920,SKC코오롱PI,KOSDAQ,우량기업부,35850,-2000,-5.28,37850,37950,35550,408683,14876197550,1052782643700,29366322
20200227,036490,SK머티리얼즈,KOSDAQ,우량기업부,154000,-3700,-2.35,157600,159500,153000,30673,4758061800,1624341642000,10547673
20200227,052260,SK바이오랜드,KOSDAQ,우량기업부,22400,-150,-0.67,22600,23350,22050,934445,21312504400,336000000000,15000000
20200227,048550,SM C&C,KOSDAQ,중견기업부,1290,-25,-1.90,1290,1325,1260,130291,167227565,121338723540,94061026
20200227,063440,SM Life Design,KOSDAQ,중견기업부,1565,-85,-5.15,1640,1685,1565,928386,1494948635,70470626010,45029154
20200227,950180,SNK,KOSDAQ,외국기업(소속부없음),15900,-100,-0.63,16100,16100,15650,33301,527038700,334882620000,21061800
20200227,289080,SV인베스트먼트,KOSDAQ,벤처기업부,1760,120,7.32,1640,2070,1605,28823295,54582848110,93691840000,53234000
20200227,089230,THE E&M,KOSDAQ,벤처기업부,721,-24,-3.22,748,755,721,726664,531788759,85565083807,118675567
20200227,161570,THE MIDONG,KOSDAQ,중견기업부,1955,-100,-4.87,2060,2080,1905,114623,227144980,26962941630,13791786
20200227,032540,TJ미디어,KOSDAQ,중견기업부,3385,-10,-0.29,3365,3435,3290,13072,43666785,47158496465,13931609
20200227,048770,TPC,KOSDAQ,중견기업부,3705,-100,-2.63,3805,3825,3705,20420,76692405,49944422580,13480276
20200227,246690,TS인베스트먼트,KOSDAQ,벤처기업부,2155,-125,-5.48,2270,2290,2130,86492,189701975,48317263620,22421004
20200227,038340,UCI,KOSDAQ,중견기업부,3580,-10,-0.28,3640,3790,3530,87785,317707960,118553207180,33115421
20200227,073570,WI,KOSDAQ,중견기업부,8300,-100,-1.19,8480,8480,8060,67257,554024540,118206359000,14241730
20200227,052300,W홀딩컴퍼니,KOSDAQ,벤처기업부,294,-23,-7.26,314,319,292,5394900,1641955246,50666902188,172336402
20200227,057030,YBM넷,KOSDAQ,중견기업부,4925,1135,29.95,3715,4925,3705,25044624,112206417215,80340032725,16312697
20200227,040300,YTN,KOSDAQ,중견기업부,1990,-40,-1.97,2035,2035,1975,16679,33229150,83580000000,42000000
20200227,051390,YW,KOSDAQ,중견기업부,3710,-70,-1.85,3780,3870,3700,17813,67470010,42128415280,11355368
20200227,052220,iMBC,KOSDAQ,중견기업부,2450,-90,-3.54,2515,2570,2425,20851,51536820,56350000000,23000000
20200227,079940,가비아,KOSDAQ,벤처기업부,10200,-550,-5.12,10700,10800,10000,240264,2483932450,138063976800,13535684
20200227,078890,가온미디어,KOSDAQ,우량기업부,6560,-230,-3.39,6750,6860,6480,241800,1596248000,96986877600,14784585
20200227,192410,감마누,KOSDAQ,관리종목(소속부없음),408,0,0.00,0,0,0,0,0,9969806400,24435800
20200227,217730,강스템바이오텍,KOSDAQ,기술성장기업부,6560,-480,-6.82,7200,7430,6390,979046,6793607950,136903506720,20869437
20200227,114190,강원,KOSDAQ,중견기업부,3510,10,0.29,3500,3670,3495,177265,633303780,63723737610,18154911
20200227,094480,갤럭시아컴즈,KOSDAQ,우량기업부,3190,-10,-0.31,3190,3260,3135,38540,123035995,125143183220,39229838
20200227,063080,게임빌,KOSDAQ,우량기업부,22900,-700,-2.97,23500,23800,22900,26648,618041750,151029896800,6595192
20200227,039240,경남스틸,KOSDAQ,우량기업부,1665,-5,-0.30,1650,1670,1630,61102,100693650,41625000000,25000000
20200227,053950,경남제약,KOSDAQ,투자주의환기종목(소속부없음),8180,-170,-2.04,8420,8440,8140,139715,1154986440,139497319160,17053462
20200227,011040,경동제약,KOSDAQ,우량기업부,7550,-210,-2.71,7730,7780,7540,44194,336725140,200452500000,26550000
20200227,024910,경창산업,KOSDAQ,중견기업부,973,-22,-2.21,995,995,965,67325,65915614,34851891865,35819005
20200227,198440,고려시멘트,KOSDAQ,우량기업부,2635,-45,-1.68,2650,2900,2600,714602,1958567805,84267194600,31979960
20200227,049720,고려신용정보,KOSDAQ,중견기업부,5280,40,0.76,5240,5440,5170,153234,813624930,75504000000,14300000
20200227,014570,고려제약,KOSDAQ,중견기업부,7520,-630,-7.73,8250,8460,7440,1041444,8334684650,82720000000,11000000
20200227,098460,고영,KOSDAQ,우량기업부,96000,-1100,-1.13,96500,98000,95100,63716,6119664700,1318171296000,13730951
20200227,038530,골드퍼시픽,KOSDAQ,중견기업부,1220,-15,-1.21,1235,1240,1165,95520,116003615,41307929980,33858959
20200227,900280,골든센츄리,KOSDAQ,외국기업(소속부없음),335,0,0.00,336,349,333,8505133,2878358551,53191300000,158780000
20200227,215000,골프존,KOSDAQ,중견기업부,50700,-2200,-4.16,52200,52900,50500,8190,419783500,318163540500,6275415
20200227,121440,골프존뉴딘홀딩스,KOSDAQ,중견기업부,3320,-35,-1.04,3350,3375,3210,40975,134607270,142218235760,42836818
20200227,014200,광림,KOSDAQ,중견기업부,1750,-10,-0.57,1755,1755,1665,88012,150389420,92613909500,52922234
20200227,026910,광진실업,KOSDAQ,중견기업부,3435,-35,-1.01,3470,3495,3400,24072,82609680,22002566175,6405405
20200227,090150,광진윈텍,KOSDAQ,중견기업부,2985,60,2.05,2925,3070,2925,11889,35376720,28830303105,9658393
20200227,267320,교보7호스팩,KOSDAQ,SPAC(소속부없음),2185,-35,-1.58,2220,2220,2160,178211,389228310,8783700000,4020000
20200227,307280,교보8호스팩,KOSDAQ,SPAC(소속부없음),2080,10,0.48,2080,2080,2080,10,20800,7737600000,3720000
20200227,331520,교보9호스팩,KOSDAQ,SPAC(소속부없음),2045,-5,-0.24,2025,2050,2025,1220,2484665,7934600000,3880000
20200227,053270,구영테크,KOSDAQ,중견기업부,1605,-85,-5.03,1690,1700,1600,346645,570098595,42362649270,26394174
20200227,066620,국보디자인,KOSDAQ,우량기업부,15000,400,2.74,14350,15000,14200,17543,253905150,112500000000,7500000
20200227,043650,국순당,KOSDAQ,관리종목(소속부없음),3595,0,0.00,0,0,0,0,0,64200602880,17858304
20200227,006050,국영지앤엠,KOSDAQ,중견기업부,2340,-170,-6.77,2505,2550,2335,3758235,9152903330,81654868620,34895243
20200227,060480,국일신동,KOSDAQ,중견기업부,5750,-240,-4.01,5970,6010,5520,333628,1922232460,63767500000,11090000
20200227,078130,국일제지,KOSDAQ,중견기업부,5090,-190,-3.60,5330,5340,5020,4111211,21315614680,626856491530,123154517
20200227,204020,그리티,KOSDAQ,우량기업부,2320,-60,-2.52,2375,2450,2285,73992,173877800,46742037600,20147430
20200227,186230,그린플러스,KOSDAQ,벤처기업부,8850,-290,-3.17,9010,9150,8750,31230,279716370,42691258350,4823871
20200227,900070,글로벌에스엠,KOSDAQ,외국기업(소속부없음),637,-22,-3.34,666,666,637,110280,71468010,34234907616,53743968
20200227,204620,글로벌텍스프리,KOSDAQ,중견기업부,3320,-145,-4.18,3365,3490,3290,176585,595817110,123684003760,37254218
20200227,019660,글로본,KOSDAQ,중견기업부,2430,10,0.41,2380,2500,2380,75956,186521085,70672020480,29083136
20200227,032860,글로스퍼랩스,KOSDAQ,중견기업부,262,-12,-4.38,274,275,249,732311,190931727,19272416080,73558840
20200227,053260,금강철강,KOSDAQ,우량기업부,3415,-45,-1.30,3400,3490,3370,4631,15771425,63928800000,18720000
20200227,036190,금화피에스시,KOSDAQ,우량기업부,25150,-550,-2.14,25500,25650,24750,2250,56847500,150900000000,6000000
20200227,049080,기가레인,KOSDAQ,중견기업부,1250,-50,-3.85,1300,1305,1245,204444,258702240,65345150000,52276120
20200227,035460,기산텔레콤,KOSDAQ,벤처기업부,2595,-145,-5.29,2740,2740,2515,338688,887498950,37828197300,14577340
20200227,308100,까스텔바작,KOSDAQ,중견기업부,10250,-650,-5.96,10900,11150,10000,87119,917988100,67616175000,6596700
20200227,187790,나노,KOSDAQ,벤처기업부,1770,-105,-5.60,1870,1880,1690,294959,533741690,45662203350,25797855
20200227,286750,나노브릭,KOSDAQ,기술성장기업부,10950,-450,-3.95,11400,11550,10850,45403,508849350,49933127850,4560103
20200227,151910,나노스,KOSDAQ,중견기업부,3590,-10,-0.28,3580,3595,3510,85505,303431115,533564995730,148625347
20200227,121600,나노신소재,KOSDAQ,벤처기업부,16600,-950,-5.41,17400,17500,16000,188603,3136474650,180082327800,10848333
20200227,039860,나노엔텍,KOSDAQ,중견기업부,5810,-250,-4.13,6090,6190,5780,325079,1939986550,154155608670,26532807
20200227,091970,나노캠텍,KOSDAQ,중견기업부,2255,-135,-5.65,2395,2395,2215,773607,1780680720,57965065895,25705129
20200227,051490,나라엠앤디,KOSDAQ,중견기업부,4660,-140,-2.92,4795,4835,4600,71284,333538010,66172000000,14200000
20200227,190510,나무가,KOSDAQ,중견기업부,20000,-1400,-6.54,21200,21400,19850,84271,1719408250,68683700000,3434185
20200227,242040,나무기술,KOSDAQ,기술성장기업부,3620,-345,-8.70,3910,3910,3615,1865756,6967383165,105478908400,29137820
20200227,089600,나스미디어,KOSDAQ,우량기업부,37400,-1600,-4.10,39050,40050,37150,78847,3026418750,327425443400,8754691
20200227,293580,나우IB,KOSDAQ,중견기업부,4740,-150,-3.07,4890,5020,4685,37165,178588355,44935200000,9480000
20200227,138610,나이벡,KOSDAQ,기술성장기업부,10700,-200,-1.83,11000,11500,10550,577402,6416125450,105961875300,9902979
20200227,130580,나이스디앤비,KOSDAQ,벤처기업부,8400,-170,-1.98,8540,8620,8390,30244,257169060,129360000000,15400000
20200227,036800,나이스정보통신,KOSDAQ,우량기업부,31000,-700,-2.21,31400,32350,30300,25239,789083350,310000000000,10000000
20200227,111710,남화산업,KOSDAQ,중견기업부,12050,-700,-5.49,12750,12800,11850,203875,2494829650,248085400000,20588000
20200227,091590,남화토건,KOSDAQ,우량기업부,12900,-700,-5.15,13600,13750,12750,240920,3168447500,151446000000,11740000
20200227,168330,내츄럴엔도텍,KOSDAQ,관리종목(소속부없음),2525,0,0.00,0,0,0,0,0,52181200550,20665822
20200227,253590,네오셈,KOSDAQ,벤처기업부,1560,-65,-4.00,1625,1650,1545,248886,395315200,58556765280,37536388
20200227,212560,네오오토,KOSDAQ,우량기업부,4200,-210,-4.76,4410,4435,4130,29163,125549135,33074844600,7874963
20200227,095660,네오위즈,KOSDAQ,우량기업부,17200,-800,-4.44,17950,18100,17100,309213,5392842750,376938137600,21915008
20200227,042420,네오위즈홀딩스,KOSDAQ,중견기업부,14250,-150,-1.04,14400,14600,14100,44520,638034850,126210340500,8856866
20200227,311390,네오크레마,KOSDAQ,벤처기업부,7300,-100,-1.35,7310,7590,7130,38372,280549480,53231534300,7291991
20200227,085910,네오티스,KOSDAQ,중견기업부,3890,-50,-1.27,3940,3940,3840,4040,15728300,42843207420,11013678
20200227,092730,네오팜,KOSDAQ,우량기업부,35000,-700,-1.96,35700,36300,34800,38878,1372373450,287257635000,8207361
20200227,290660,네오펙트,KOSDAQ,기술성장기업부,4770,-115,-2.35,4900,4970,4765,69812,338105515,57268834650,12006045
20200227,306620,네온테크,KOSDAQ,벤처기업부,2040,-20,-0.97,2020,2090,2020,30915,63263185,69223834080,33933252
20200227,153460,네이블,KOSDAQ,벤처기업부,7290,0,0.00,7290,7390,6860,105953,747524910,47603802060,6530014
20200227,007390,네이처셀,KOSDAQ,중견기업부,7500,-460,-5.78,7880,8070,7430,1388145,10726430360,458927992500,61190399
20200227,033640,네패스,KOSDAQ,우량기업부,29750,-1600,-5.10,31350,31750,29650,1682806,51456780600,686011259500,23059202
20200227,089140,넥스턴,KOSDAQ,벤처기업부,10500,-400,-3.67,11000,11000,10250,70740,746024050,124388460000,11846520
20200227,065170,넥스트BT,KOSDAQ,중견기업부,1620,85,5.54,1550,1650,1515,3932294,6241884150,100287760500,61906025
20200227,137940,넥스트아이,KOSDAQ,중견기업부,1260,-55,-4.18,1315,1335,1215,309635,395116320,97166377980,77116173
20200227,041140,넥슨지티,KOSDAQ,중견기업부,5840,-250,-4.11,6140,6140,5700,174016,1018489160,206580200480,35373322
20200227,217270,넵튠,KOSDAQ,중견기업부,6260,-250,-3.84,6660,6660,6260,43083,274224970,146297113960,23370146
20200227,225570,넷게임즈,KOSDAQ,관리종목(소속부없음),7480,-210,-2.73,7780,7780,7450,84544,637876070,215714463360,28838832
20200227,104620,노랑풍선,KOSDAQ,중견기업부,12200,-450,-3.56,12550,12600,12100,20536,253144900,58140930000,4765650
20200227,194700,노바렉스,KOSDAQ,중견기업부,22200,-850,-3.69,22850,23650,22150,62463,1418143650,199883028000,9003740
20200227,285490,노바텍,KOSDAQ,벤처기업부,13650,-850,-5.86,14450,14800,13500,57826,816331050,68473013700,5016338
20200227,278650,노터스,KOSDAQ,중견기업부,19250,550,2.94,18600,20450,18600,297885,5802778050,142007635000,7377020
20200227,144510,녹십자랩셀,KOSDAQ,중견기업부,29700,550,1.89,29900,33400,29200,112933,3468795650,313455403800,10554054
20200227,031390,녹십자셀,KOSDAQ,벤처기업부,36000,-1100,-2.96,36850,38350,35800,101653,3747833550,436001400000,12111150
20200227,142280,녹십자엠에스,KOSDAQ,중견기업부,4480,0,0.00,4500,4635,4400,280852,1267050435,94605427840,21117283
20200227,234690,녹십자웰빙,KOSDAQ,중견기업부,9120,-200,-2.15,9270,9530,9070,175906,1625603710,161900757120,17752276
20200227,065560,녹원씨엔아이,KOSDAQ,관리종목(소속부없음),5500,0,0.00,0,0,0,0,0,88764137000,16138934
20200227,054050,농우바이오,KOSDAQ,우량기업부,9940,-110,-1.09,10050,10150,9860,39076,392161760,159343776340,16030561
20200227,040160,누리텔레콤,KOSDAQ,벤처기업부,5210,-240,-4.40,5410,5510,5190,60818,321866420,62809337350,12055535
20200227,069140,누리플랜,KOSDAQ,벤처기업부,5650,-180,-3.09,5830,5910,5550,52601,301893260,31239420650,5529101
20200227,126870,뉴로스,KOSDAQ,벤처기업부,3385,-115,-3.29,3525,3545,3345,326839,1121600305,76709001480,22661448
20200227,060260,뉴보텍,KOSDAQ,벤처기업부,1145,-15,-1.29,1155,1195,1130,95089,110510575,38281643750,33433750
20200227,012340,뉴인텍,KOSDAQ,벤처기업부,1655,-90,-5.16,1730,1775,1630,420392,707497065,49723650810,30044502
20200227,214870,뉴지랩,KOSDAQ,중견기업부,10500,50,0.48,10400,10650,10250,240061,2495624300,260196835500,24780651
20200227,270870,뉴트리,KOSDAQ,중견기업부,17000,-1100,-6.08,18300,18400,16950,113838,1988731350,154236308000,9072724
20200227,144960,뉴파워프라즈마,KOSDAQ,우량기업부,4035,-215,-5.06,4220,4325,4010,532837,2192341200,166450548975,41251685
20200227,900100,뉴프라이드,KOSDAQ,외국기업(소속부없음),766,-9,-1.16,762,815,755,1806352,1411650642,79230925048,103434628
20200227,085670,뉴프렉스,KOSDAQ,중견기업부,1990,-80,-3.86,2085,2085,1970,126390,253055990,42100517610,21156039
20200227,119860,다나와,KOSDAQ,벤처기업부,23150,-1100,-4.54,24500,24500,23150,80016,1882862650,302682129300,13074822
20200227,064260,다날,KOSDAQ,우량기업부,3550,70,2.01,3445,3650,3405,7869527,27963680360,219261188250,61763715
20200227,093640,다믈멀티미디어,KOSDAQ,벤처기업부,3185,-145,-4.35,3275,3360,3140,63649,206306820,34393337160,10798536
20200227,039560,다산네트웍스,KOSDAQ,중견기업부,7350,-400,-5.16,7710,7740,7320,671811,5030533710,235775416800,32078288
20200227,032190,다우데이타,KOSDAQ,우량기업부,7440,-190,-2.49,7680,7680,7440,18608,139716570,284952000000,38300000
20200227,068240,다원시스,KOSDAQ,우량기업부,17250,-600,-3.36,17900,18100,16900,620888,10800085300,464580156750,26932183
20200227,020400,대동금속,KOSDAQ,중견기업부,9390,-10,-0.11,9400,9400,9030,1233,11355130,24197457210,2576939
20200227,008830,대동기어,KOSDAQ,중견기업부,2780,-20,-0.71,2800,2840,2780,2532,7085500,24985305600,8987520
20200227,048470,대동스틸,KOSDAQ,우량기업부,5390,-300,-5.27,5690,5840,5340,117049,650654940,53900000000,10000000
20200227,004780,대륙제관,KOSDAQ,우량기업부,3890,-75,-1.89,3970,3970,3845,42856,165941505,61863444110,15903199
20200227,017650,대림제지,KOSDAQ,우량기업부,1875,-125,-6.25,2000,2105,1750,9990290,19744156260,84375000000,45000000
20200227,007720,대명코퍼레이션,KOSDAQ,중견기업부,1245,-35,-2.73,1285,1295,1225,254902,319135155,125496560250,100800450
20200227,317850,대모,KOSDAQ,벤처기업부,4950,-280,-5.35,5240,5260,4910,96685,489440800,41205879000,8324420
20200227,290670,대보마그네틱,KOSDAQ,중견기업부,28500,-1450,-4.84,29850,30700,28250,96377,2814905100,183918366000,6453276
20200227,078140,대봉엘에스,KOSDAQ,우량기업부,6980,-70,-0.99,7100,7120,6920,93841,658349740,77384321420,11086579
20200227,036480,대성미생물,KOSDAQ,중견기업부,14700,500,3.52,14200,16700,14200,469492,7263559050,55860000000,3800000
20200227,025440,대성엘텍,KOSDAQ,중견기업부,1085,-200,-15.56,1245,1260,1045,14821679,17046983110,108132557155,99661343
20200227,027830,대성창투,KOSDAQ,중견기업부,1780,-115,-6.07,1885,1905,1765,354854,646283590,71200000000,40000000
20200227,104040,대성파인텍,KOSDAQ,벤처기업부,1380,-40,-2.82,1405,1415,1355,1071366,1564067635,43195767780,31301281
20200227,307750,대신밸런스제6호스팩,KOSDAQ,SPAC(소속부없음),2060,5,0.24,2040,2060,2040,9,18380,10320600000,5010000
20200227,332290,대신밸런스제7호스팩,KOSDAQ,SPAC(소속부없음),2020,0,0.00,2010,2020,2010,14057,28286730,10514100000,5205000
20200227,336570,대신밸런스제8호스팩,KOSDAQ,SPAC(소속부없음),2010,0,0.00,2005,2010,2005,10504,21088040,11276100000,5610000
20200227,020180,대신정보통신,KOSDAQ,중견기업부,1095,-40,-3.52,1125,1155,1080,523959,583966770,42079661925,38428915
20200227,045390,대아티아이,KOSDAQ,우량기업부,4180,-100,-2.34,4320,4415,4130,1079565,4583221830,297413361960,71151522
20200227,108380,대양전기공업,KOSDAQ,우량기업부,12450,-300,-2.35,12800,12800,12300,11161,139080600,119113295850,9567333
20200227,006580,대양제지,KOSDAQ,우량기업부,3235,-140,-4.15,3365,3400,3220,318252,1056015455,86859750000,26850000
20200227,007680,대원,KOSDAQ,우량기업부,10200,-50,-0.49,10200,10550,10100,95544,981032350,113498929200,11127346
20200227,048910,대원미디어,KOSDAQ,벤처기업부,6310,-180,-2.77,6450,6590,6260,70841,451932010,79373149260,12578946
20200227,005710,대원산업,KOSDAQ,우량기업부,5200,-20,-0.38,5250,5260,5160,26866,139557540,104195520000,20037600
20200227,290380,대유,KOSDAQ,중견기업부,10800,-100,-0.92,10800,11000,10450,98525,1044602150,97765920000,9052400
20200227,290120,대유에이피,KOSDAQ,중견기업부,7210,-2390,-24.90,9500,9500,6880,2155134,16256265530,78473640000,10884000
20200227,120240,대정화금,KOSDAQ,우량기업부,14950,50,0.34,15250,15950,14850,419463,6468070500,106150845450,7100391
20200227,003310,대주산업,KOSDAQ,중견기업부,1315,-25,-1.87,1335,1370,1290,201711,266156795,46540940250,35392350
20200227,078600,대주전자재료,KOSDAQ,벤처기업부,17650,-1350,-7.11,18950,18950,17600,281374,5104237850,256829121250,14551225
20200227,096350,대창솔루션,KOSDAQ,벤처기업부,360,-13,-3.49,375,380,354,1483449,538011365,57754305720,160428627
20200227,140520,대창스틸,KOSDAQ,중견기업부,2170,-55,-2.47,2210,2300,2130,32501,70982125,43400000000,20000000
20200227,131220,대한과학,KOSDAQ,벤처기업부,6100,-230,-3.63,6440,6620,5980,273129,1723889830,45472389000,7454490
20200227,010170,대한광통신,KOSDAQ,우량기업부,2900,-135,-4.45,3015,3075,2880,605324,1791073610,213850712500,73741625
20200227,054670,대한뉴팜,KOSDAQ,중견기업부,10500,-250,-2.33,10750,10900,10300,137845,1462479250,150726660000,14354920
20200227,023910,대한약품,KOSDAQ,우량기업부,30600,800,2.68,29500,31100,29500,37148,1126742350,183600000000,6000000
20200227,021040,대호피앤씨,KOSDAQ,우량기업부,903,4,0.44,888,919,880,313724,280406917,66020881878,73112826
20200227,021045,대호피앤씨우,KOSDAQ,우량기업부,1435,-15,-1.03,1460,1465,1405,35526,50789130,6087938710,4242466
20200227,067080,대화제약,KOSDAQ,우량기업부,10150,-100,-0.98,10250,10600,10050,79613,818922900,184983486100,18224974
20200227,035290,더블유에프엠,KOSDAQ,관리종목(소속부없음),11750,0,0.00,0,0,0,0,0,30199109750,2570137
20200227,213420,덕산네오룩스,KOSDAQ,우량기업부,33900,-1550,-4.37,35300,35700,33700,294751,10167907450,813939406800,24010012
20200227,317330,덕산테코피아,KOSDAQ,중견기업부,16650,-950,-5.40,17650,17800,16550,102838,1755792300,305984176200,18377428
20200227,077360,덕산하이메탈,KOSDAQ,중견기업부,7110,-440,-5.83,7600,7600,7110,140191,1016782990,161528542110,22718501
20200227,090410,덕신하우징,KOSDAQ,중견기업부,1470,-60,-3.92,1515,1540,1440,882245,1307129415,63315910560,43072048
20200227,263600,덕우전자,KOSDAQ,우량기업부,7110,-420,-5.58,7510,7640,7040,594583,4358901040,113264504100,15930310
20200227,194480,데브시스터즈,KOSDAQ,벤처기업부,7640,-140,-1.80,7780,7780,7470,18397,138339070,85601386800,11204370
20200227,263800,데이타솔루션,KOSDAQ,중견기업부,4300,-330,-7.13,4615,4680,4275,205266,905233560,67804894000,15768580
20200227,139050,데일리블록체인,KOSDAQ,중견기업부,640,-55,-7.91,692,704,626,1342491,884072999,31610520960,49391439
20200227,206560,덱스터,KOSDAQ,기술성장기업부,6880,-440,-6.01,7300,7460,6860,823194,5854228430,169643799520,24657529
20200227,067990,도이치모터스,KOSDAQ,우량기업부,7130,-350,-4.68,7520,7550,7130,440735,3218030620,199906269850,28037345
20200227,006620,동구바이오제약,KOSDAQ,우량기업부,16050,-450,-2.73,16600,16750,15950,166915,2718601100,154144200000,9604000
20200227,100130,동국S&C,KOSDAQ,우량기업부,2685,-100,-3.59,2825,2830,2630,363781,993907665,153428955000,57143000
20200227,005160,동국산업,KOSDAQ,우량기업부,2375,0,0.00,2375,2420,2355,45109,107506070,128830644750,54244482
20200227,075970,동국알앤에스,KOSDAQ,중견기업부,2260,-75,-3.21,2340,2350,2255,205247,471346890,41584000000,18400000
20200227,086450,동국제약,KOSDAQ,우량기업부,87100,-1800,-2.02,88800,89300,86300,15779,1383525300,774493200000,8892000
20200227,099410,동방선기,KOSDAQ,중견기업부,2290,-50,-2.14,2340,2340,2210,189865,428965160,31008894580,13541002
20200227,281740,동부스팩5호,KOSDAQ,SPAC(소속부없음),2135,-75,-3.39,2210,2220,2125,50965,109581930,10333400000,4840000
20200227,033500,동성화인텍,KOSDAQ,중견기업부,9780,-220,-2.20,10000,10100,9750,275105,2711342110,263899696020,26983609
20200227,025950,동신건설,KOSDAQ,중견기업부,6150,0,0.00,6150,6170,6020,30048,183575140,51660000000,8400000
20200227,088130,동아엘텍,KOSDAQ,우량기업부,7630,-160,-2.05,7800,7890,7510,42661,325566950,81358216940,10662938
20200227,041930,동아화성,KOSDAQ,우량기업부,4605,-210,-4.36,4820,4855,4600,197037,925445885,72759000000,15800000
20200227,060380,동양에스텍,KOSDAQ,중견기업부,2850,20,0.71,2830,2890,2775,2349,6556645,28500000000,10000000
20200227,079960,동양이엔피,KOSDAQ,우량기업부,14100,-550,-3.75,14600,14700,13550,88158,1236460900,110826000000,7860000
20200227,228340,동양파일,KOSDAQ,우량기업부,2695,-85,-3.06,2785,2820,2665,17950,48853280,53900000000,20000000
20200227,104460,동양피엔에프,KOSDAQ,중견기업부,12050,-450,-3.60,12500,12550,11750,81912,988234700,129099181250,10713625
20200227,088910,동우팜투테이블,KOSDAQ,우량기업부,3175,-35,-1.09,3260,3265,3155,89561,286029100,82015850700,25831764
20200227,094170,동운아나텍,KOSDAQ,벤처기업부,6550,-600,-8.39,7130,7150,6510,765991,5183210010,101227944400,15454648
20200227,013120,동원개발,KOSDAQ,우량기업부,3785,15,0.40,3860,3860,3740,40450,152684465,343708658500,90808100
20200227,109860,동일금속,KOSDAQ,우량기업부,11300,-150,-1.31,11650,11650,11300,3747,42490250,79100000000,7000000
20200227,032960,동일기연,KOSDAQ,벤처기업부,11350,0,0.00,11350,11500,11100,2999,33813350,37276192100,3284246
20200227,023790,동일철강,KOSDAQ,중견기업부,2960,-90,-2.95,3050,3135,2935,12001,35967485,21741451600,7345085
20200227,005290,동진쎄미켐,KOSDAQ,우량기업부,15400,-1000,-6.10,16350,16600,15200,1535872,24262470450,791783207600,51414494
20200227,025900,동화기업,KOSDAQ,우량기업부,18650,-900,-4.60,19550,19600,18100,188825,3521614800,376699824300,20198382
20200227,078590,두올산업,KOSDAQ,중견기업부,1910,-290,-13.18,2170,2180,1835,5218359,10186543915,111250868480,58246528
20200227,073190,듀오백,KOSDAQ,중견기업부,2440,60,2.52,2370,2440,2350,114526,276178770,29202017600,11968040
20200227,030350,드래곤플라이,KOSDAQ,중견기업부,2430,-90,-3.57,2510,2550,2370,123408,299706480,38900633130,16008491
20200227,203650,드림시큐리티,KOSDAQ,벤처기업부,2515,-85,-3.27,2640,2690,2505,703727,1813361770,127273471310,50605754
20200227,060570,드림어스컴퍼니,KOSDAQ,중견기업부,6160,-340,-5.23,6420,6780,5920,872083,5480999560,350256657520,56859847
20200227,217620,디딤,KOSDAQ,우량기업부,1475,-55,-3.59,1530,1560,1470,86267,130544965,54577809875,37001905
20200227,187870,디바이스이엔지,KOSDAQ,벤처기업부,16400,-800,-4.65,17200,17350,16000,125068,2059309950,111224800000,6782000
20200227,066670,디스플레이텍,KOSDAQ,우량기업부,3535,0,0.00,3550,3605,3490,28112,99134975,66075930130,18691918
20200227,110990,디아이티,KOSDAQ,우량기업부,8400,-400,-4.55,8800,8860,8200,110520,944737360,158760000000,18900000
20200227,263690,디알젬,KOSDAQ,중견기업부,8600,280,3.37,8170,8950,7900,2708043,22933964280,97400246000,11325610
20200227,214680,디알텍,KOSDAQ,벤처기업부,1660,-75,-4.32,1740,1770,1660,1319045,2255350655,83962964340,50580099
20200227,263720,디앤씨미디어,KOSDAQ,벤처기업부,23900,-900,-3.63,24700,24850,23150,145316,3485253550,293375152900,12275111
20200227,109740,디에스케이,KOSDAQ,벤처기업부,9010,-370,-3.94,9480,9480,8960,91303,834373390,183396414630,20354763
20200227,033430,디에스티,KOSDAQ,중견기업부,701,-18,-2.50,720,734,680,517802,363511275,44998068353,64191253
20200227,131030,디에이치피코리아,KOSDAQ,중견기업부,7700,-300,-3.75,7900,8110,7650,86761,678547840,127548936900,16564797
20200227,196490,디에이테크놀로지,KOSDAQ,벤처기업부,1175,-120,-9.27,1280,1300,1140,2012855,2439844615,67521988350,57465522
20200227,066900,디에이피,KOSDAQ,우량기업부,3190,-180,-5.34,3430,3430,3125,71395,229374770,72554964570,22744503
20200227,127120,디엔에이링크,KOSDAQ,기술성장기업부,3160,100,3.27,3095,3430,3050,171504,560735665,37509139960,11869981
20200227,092070,디엔에프,KOSDAQ,우량기업부,9240,-360,-3.75,9670,9710,9100,122510,1147898610,99439290720,10761828
20200227,134580,디엠티,KOSDAQ,중견기업부,2165,-55,-2.48,2220,2245,2150,43540,95035295,24356250000,11250000
20200227,039840,디오,KOSDAQ,우량기업부,35000,-1300,-3.58,35950,36250,34450,110345,3873276200,543326070000,15523602
20200227,196450,디오스텍,KOSDAQ,중견기업부,556,-25,-4.30,584,591,543,2158124,1213731084,75599728660,135970735
20200227,079810,디이엔티,KOSDAQ,중견기업부,4020,-270,-6.29,4350,4455,3955,178851,724583605,49948238700,12424935
20200227,227100,디자인,KOSDAQ,중견기업부,8120,-160,-1.93,8350,8400,7610,30481,242661900,21606589200,2660910
20200227,113810,디젠스,KOSDAQ,투자주의환기종목(소속부없음),523,-24,-4.39,545,546,520,460534,244930509,17064470673,32628051
20200227,043360,디지아이,KOSDAQ,벤처기업부,2520,-10,-0.40,2590,2590,2495,18012,45382720,22680000000,9000000
20200227,197140,디지캡,KOSDAQ,벤처기업부,4045,-95,-2.29,4170,4180,3975,75155,304700775,29970711535,7409323
20200227,106520,디지탈옵틱,KOSDAQ,관리종목(소속부없음),669,-26,-3.74,696,705,665,1292936,876618558,61188490773,91462617
20200227,068930,디지털대성,KOSDAQ,우량기업부,8230,240,3.00,8120,8530,8010,962709,7954643210,185645945290,22557223
20200227,033130,디지틀조선,KOSDAQ,중견기업부,2175,-85,-3.76,2245,2295,2165,416609,917067450,80725705725,37115267
20200227,033310,디케이디앤아이,KOSDAQ,중견기업부,3280,-155,-4.51,3435,3455,3245,358326,1191481430,72069508080,21972411
20200227,105740,디케이락,KOSDAQ,중견기업부,7990,-450,-5.33,8360,8450,7990,97050,789751480,67514796880,8449912
20200227,263020,디케이앤디,KOSDAQ,벤처기업부,4825,-15,-0.31,4845,5010,4765,55970,272294825,37457449650,7763202
20200227,290550,디케이티,KOSDAQ,중견기업부,11800,-800,-6.35,12600,12750,11550,304395,3671398200,97129729400,8231333
20200227,187220,디티앤씨,KOSDAQ,벤처기업부,6820,-150,-2.15,6900,6970,6750,11627,79604970,74689277740,10951507
20200227,131180,딜리,KOSDAQ,벤처기업부,1920,-35,-1.79,1960,1975,1910,261371,505313020,56352000000,29350000
20200227,317120,라닉스,KOSDAQ,기술성장기업부,7980,-130,-1.60,8080,8610,7810,669509,5533367140,75295290000,9435500
20200227,042510,라온시큐어,KOSDAQ,벤처기업부,2500,-90,-3.47,2575,2605,2460,329693,827437525,79524030000,31809612
20200227,300120,라온피플,KOSDAQ,벤처기업부,21000,-250,-1.18,21450,22100,20600,148478,3160542750,216483876000,10308756
20200227,036170,라이브파이낸셜,KOSDAQ,중견기업부,1620,-95,-5.54,1695,1725,1535,405602,659867250,63368065800,39116090
20200227,050120,라이브플렉스,KOSDAQ,중견기업부,704,-10,-1.40,705,732,681,477776,335880811,58494131520,83088255
20200227,171120,라이온켐텍,KOSDAQ,우량기업부,7460,-30,-0.40,7410,7490,7270,17175,126090250,136954693480,18358538
20200227,069540,라이트론,KOSDAQ,투자주의환기종목(소속부없음),5420,0,0.00,0,0,0,0,0,92130336140,16998217
20200227,214260,라파스,KOSDAQ,기술성장기업부,17800,-50,-0.28,17800,18350,17700,68809,1230763800,148512804800,8343416
20200227,171010,램테크놀러지,KOSDAQ,벤처기업부,6100,-340,-5.28,6500,6500,6090,158869,990236920,70586333000,11571530
20200227,084650,랩지노믹스,KOSDAQ,벤처기업부,9590,-10,-0.10,10850,11200,9000,4709180,48193475980,99836522380,10410482
20200227,217500,러셀,KOSDAQ,벤처기업부,1875,-140,-6.95,2025,2040,1850,758813,1460712885,59647500000,31812000
20200227,033600,럭슬,KOSDAQ,관리종목(소속부없음),179,0,0.00,0,0,0,0,0,7308230437,40828103
20200227,141080,레고켐바이오,KOSDAQ,기술성장기업부,46450,-400,-0.85,47250,48800,45750,91512,4337137050,498034066550,10721939
20200227,060300,레드로버,KOSDAQ,관리종목(소속부없음),610,0,0.00,0,0,0,0,0,33938995780,55637698
20200227,038390,레드캡투어,KOSDAQ,우량기업부,14400,0,0.00,14400,14600,14200,3333,47765450,123688512000,8589480
20200227,228670,레이,KOSDAQ,벤처기업부,45350,-2500,-5.22,48200,48300,44800,107073,4941904400,301725658450,6653267
20200227,228850,레이언스,KOSDAQ,우량기업부,12100,-750,-5.84,12950,13150,12000,249492,3111437700,200751269400,16591014
20200227,238120,로고스바이오,KOSDAQ,기술성장기업부,13200,-350,-2.58,13500,13950,12900,23729,315945000,47450356800,3594724
20200227,215100,로보로보,KOSDAQ,벤처기업부,3580,-90,-2.45,3670,3740,3520,126065,456464570,63718465320,17798454
20200227,090360,로보스타,KOSDAQ,우량기업부,15100,-100,-0.66,15300,15400,14900,39406,595729750,147225000000,9750000
20200227,108490,로보티즈,KOSDAQ,기술성장기업부,10900,-250,-2.24,11150,11300,10650,102411,1117125300,122635900000,11251000
20200227,900260,로스웰,KOSDAQ,외국기업(소속부없음),451,11,2.50,440,500,431,26593036,12506719228,63943343750,141781250
20200227,067730,로지시스,KOSDAQ,중견기업부,2995,-110,-3.54,3105,3260,2995,18304,55923995,27976061390,9340922
20200227,071280,로체시스템즈,KOSDAQ,벤처기업부,5790,-370,-6.01,6130,6150,5720,357581,2115977610,88567331370,15296603
20200227,038060,루멘스,KOSDAQ,중견기업부,2070,-185,-8.20,2270,2290,2070,869504,1888202700,98777812500,47718750
20200227,082800,루미마이크로,KOSDAQ,중견기업부,1665,-60,-3.48,1710,1775,1635,1894115,3195202445,206119261080,123795352
20200227,085370,루트로닉,KOSDAQ,벤처기업부,7190,-70,-0.96,7200,7630,7100,131698,970452700,184057327680,25599072
20200227,08537M,루트로닉3우C,KOSDAQ,벤처기업부,10350,-800,-7.17,10950,10950,10350,26,270050,7695421650,743519
20200227,060240,룽투코리아,KOSDAQ,중견기업부,5250,-350,-6.25,5550,5580,5100,1424358,7587615340,133503741000,25429284
20200227,058470,리노공업,KOSDAQ,우량기업부,83400,-1600,-1.88,84700,85900,82000,99436,8287730600,1271213658000,15242370
20200227,039980,리노스,KOSDAQ,우량기업부,1405,-90,-6.02,1485,1525,1405,588815,859558565,55640392715,39601703
20200227,019570,리더스 기술투자,KOSDAQ,중견기업부,489,-4,-0.81,493,496,479,359916,174654620,30942125370,63276330
20200227,016100,리더스코스메틱,KOSDAQ,중견기업부,4470,120,2.76,4305,5200,4305,332340,1528767255,81297740580,18187414
20200227,197210,리드,KOSDAQ,관리종목(소속부없음),753,0,0.00,0,0,0,0,0,18870304998,25060166
20200227,012700,리드코프,KOSDAQ,우량기업부,5870,40,0.69,5830,5930,5710,157375,915678000,155238812450,26446135
20200227,302550,리메드,KOSDAQ,기술성장기업부,32650,-1000,-2.97,33800,35100,31500,265042,8909176550,190119513400,5822956
20200227,277070,린드먼아시아,KOSDAQ,중견기업부,3780,-135,-3.45,3915,3930,3765,23743,91469650,51030000000,13500000
20200227,042500,링네트,KOSDAQ,중견기업부,4180,-15,-0.36,4800,4940,4035,5166021,23755043600,63606550040,15216878
20200227,219420,링크제니시스,KOSDAQ,기술성장기업부,6850,-240,-3.39,7090,7250,6790,80577,560512660,68500000000,10000000
20200227,195500,마니커에프앤지,KOSDAQ,중견기업부,7980,-600,-6.99,8540,8720,7950,433738,3594978120,82816440000,10378000
20200227,305090,마이크로디지탈,KOSDAQ,기술성장기업부,16450,-350,-2.08,17350,17400,15950,237252,4004981300,59726660000,3630800
20200227,098120,마이크로컨텍솔,KOSDAQ,벤처기업부,4080,-320,-7.27,4400,4475,4010,123904,518930310,33916085280,8312766
20200227,227950,마이크로텍,KOSDAQ,중견기업부,1610,-70,-4.17,1665,1700,1540,172518,278163680,44831604370,27845717
20200227,147760,마이크로프랜드,KOSDAQ,벤처기업부,4500,-250,-5.26,4730,4785,4420,111805,514102785,48689397000,10819866
20200227,038290,마크로젠,KOSDAQ,우량기업부,23800,1300,5.78,22750,25850,22550,794730,19451552500,252409805200,10605454
20200227,267980,매일유업,KOSDAQ,우량기업부,83800,400,0.48,82600,85200,82400,21623,1811783300,657296864400,7843638
20200227,005990,매일홀딩스,KOSDAQ,우량기업부,10200,50,0.49,10050,10300,10050,2514,25634500,139926700800,13718304
20200227,127160,매직마이크로,KOSDAQ,중견기업부,583,-16,-2.67,593,619,577,401091,237357216,35848858309,61490323
20200227,093520,매커스,KOSDAQ,중견기업부,3680,-35,-0.94,3680,3745,3630,62191,228583545,59480178560,16163092
20200227,141070,맥스로텍,KOSDAQ,벤처기업부,1410,-45,-3.09,1465,1465,1375,1034959,1456913280,42087218310,29849091
20200227,100590,머큐리,KOSDAQ,중견기업부,9010,-490,-5.16,9510,9640,8580,165569,1523293040,133020036000,14763600
20200227,067280,멀티캠퍼스,KOSDAQ,우량기업부,36750,-1050,-2.78,38100,38350,36000,12389,465658550,217809128250,5926779
20200227,072870,메가스터디,KOSDAQ,중견기업부,12000,550,4.80,11350,12400,11350,1265048,15065069000,143051508000,11920959
20200227,215200,메가스터디교육,KOSDAQ,우량기업부,43650,-750,-1.69,44300,45500,43000,35860,1584527550,516025062000,11821880
20200227,133750,메가엠디,KOSDAQ,중견기업부,4865,430,9.70,4360,5290,4325,31724362,152316690090,112367279605,23097077
20200227,235980,메드팩토,KOSDAQ,기술성장기업부,51200,-300,-0.58,51300,54200,50000,484216,25145518200,516987955200,10097421
20200227,041920,메디아나,KOSDAQ,벤처기업부,9050,450,5.23,8600,9870,8600,1741212,16063017760,78286988800,8650496
20200227,014100,메디앙스,KOSDAQ,우량기업부,8330,-340,-3.92,8670,8830,8170,320871,2730793560,98294000000,11800000
20200227,086900,메디톡스,KOSDAQ,우량기업부,298000,-5000,-1.65,301000,309700,295600,27591,8286858300,1732896820000,5815090
20200227,047920,메디포럼제약,KOSDAQ,기술성장기업부,4815,15,0.31,4750,4950,4750,129459,626627720,66679915995,13848373
20200227,078160,메디포스트,KOSDAQ,벤처기업부,29250,-400,-1.35,29650,31000,28850,157903,4704805650,456821878500,15617842
20200227,065650,메디프론,KOSDAQ,중견기업부,3200,-265,-7.65,3480,3520,3150,273856,906270800,94205161600,29439113
20200227,021880,메이슨캐피탈,KOSDAQ,중견기업부,303,-4,-1.30,307,311,299,291044,88306593,30052875624,99184408
20200227,140410,메지온,KOSDAQ,중견기업부,143200,-500,-0.35,142700,148100,140500,108091,15471677800,1246692326400,8705952
20200227,241770,메카로,KOSDAQ,우량기업부,12100,-1200,-9.02,13200,13200,11850,253116,3105358100,122223794000,10101140
20200227,059210,메타바이오메드,KOSDAQ,벤처기업부,2670,-70,-2.55,2730,2795,2600,212534,572429700,63712477170,23862351
20200227,327260,메탈라이프,KOSDAQ,벤처기업부,20850,1100,5.57,20200,22750,20000,488936,10583333350,73946359800,3546588
20200227,058110,멕아이씨에스,KOSDAQ,기술성장기업부,4935,-245,-4.73,5300,5410,4900,246433,1276979635,26459002500,5361500
20200227,096640,멜파스,KOSDAQ,중견기업부,1670,-45,-2.62,1700,1750,1655,71348,120985870,37866455080,22674524
20200227,257370,명성티엔에스,KOSDAQ,벤처기업부,13550,-400,-2.87,13800,14250,13250,181765,2492052000,86313500000,6370000
20200227,149940,모다,KOSDAQ,투자주의환기종목(소속부없음),155,0,0.00,0,0,0,0,0,3279863395,21160409
20200227,080420,모다이노칩,KOSDAQ,우량기업부,3130,-195,-5.86,3300,3405,3110,543375,1764760150,249528676860,79721622
20200227,080160,모두투어,KOSDAQ,우량기업부,14450,-500,-3.34,14800,15250,14300,212172,3123699300,273105000000,18900000
20200227,100030,모바일리더,KOSDAQ,중견기업부,17400,-650,-3.60,18000,18350,17350,6920,122181450,57136623600,3283714
20200227,087260,모바일어플라이언스,KOSDAQ,벤처기업부,5020,-400,-7.38,5420,5420,4990,503437,2607698805,75300000000,15000000
20200227,101330,모베이스,KOSDAQ,중견기업부,3640,-100,-2.67,3750,3770,3595,370106,1362274570,87207804320,23958188
20200227,012860,모베이스전자,KOSDAQ,중견기업부,1510,-150,-9.04,1640,1665,1470,2247596,3451264450,78520000000,52000000
20200227,250060,모비스,KOSDAQ,기술성장기업부,1975,-65,-3.19,2040,2085,1970,237044,475361620,63538345150,32171314
20200227,033200,모아텍,KOSDAQ,중견기업부,4430,-70,-1.56,4500,4500,4430,578,2570800,63487149550,14331185
20200227,118990,모트렉스,KOSDAQ,우량기업부,2620,-135,-4.90,2735,3005,2580,3805946,10807817920,71396427900,27250545
20200227,006920,모헨즈,KOSDAQ,중견기업부,4385,-80,-1.79,4440,4580,4350,56914,252572300,47884200000,10920000
20200227,001810,무림SP,KOSDAQ,우량기업부,2350,-70,-2.89,2395,2445,2330,484545,1146903300,52023125000,22137500
20200227,279600,미디어젠,KOSDAQ,기술성장기업부,6000,-240,-3.85,6240,6260,5770,61478,365682140,27829686000,4638281
20200227,028040,미래SCI,KOSDAQ,관리종목(소속부없음),279,0,0.00,0,0,0,0,0,12549281058,44979502
20200227,095500,미래나노텍,KOSDAQ,우량기업부,2875,-160,-5.27,3015,3080,2875,79683,233565725,69583372000,24202912
20200227,218150,미래생명자원,KOSDAQ,벤처기업부,3010,-30,-0.99,3025,3135,2930,126975,381881245,56200998280,18671428
20200227,328380,미래에셋대우스팩3호,KOSDAQ,SPAC(소속부없음),2025,10,0.50,2025,2025,2015,2062,4160250,13126050000,6482000
20200227,333430,미래에셋대우스팩4호,KOSDAQ,SPAC(소속부없음),2030,0,0.00,2015,2030,2015,11137,22441115,8911700000,4390000
20200227,100790,미래에셋벤처투자,KOSDAQ,중견기업부,2875,-70,-2.38,2945,3050,2860,121456,354333660,132252366125,46000823
20200227,049950,미래컴퍼니,KOSDAQ,우량기업부,26950,-350,-1.28,27250,27750,26300,18055,486444050,219487052400,8144232
20200227,213090,미래테크놀로지,KOSDAQ,중견기업부,8190,110,1.36,8280,8290,8000,506,4099690,50129253720,6120788
20200227,207760,미스터블루,KOSDAQ,중견기업부,7570,-550,-6.77,8140,8240,7550,1005816,7881015010,185502880280,24505004
20200227,059090,미코,KOSDAQ,우량기업부,8350,1510,22.08,6960,8790,6670,50471037,409981451330,261493635050,31316603
20200227,201490,미투온,KOSDAQ,중견기업부,5570,-260,-4.46,5850,5900,5530,280637,1588029320,174105778900,31257770
20200227,214180,민앤지,KOSDAQ,중견기업부,13350,-300,-2.20,13800,14100,13300,108381,1466590250,169311054600,12682476
20200227,206640,바디텍메드,KOSDAQ,벤처기업부,12300,250,2.07,13000,13200,11400,3159896,38765750500,288663066600,23468542
20200227,018700,바른손,KOSDAQ,중견기업부,3825,-295,-7.16,4080,4480,3700,7903280,33163391225,64676026125,16908765
20200227,035620,바른손이앤에이,KOSDAQ,중견기업부,2600,-100,-3.70,2705,3050,2535,22859018,64984771410,190901107800,73423503
20200227,064520,바른전자,KOSDAQ,투자주의환기종목(소속부없음),1210,0,0.00,0,0,0,0,0,62020450910,51256571
20200227,029480,바른테크놀로지,KOSDAQ,중견기업부,600,-29,-4.61,630,650,599,364102,222434197,36513171000,60855285
20200227,053030,바이넥스,KOSDAQ,중견기업부,7440,-170,-2.23,7610,7870,7420,246039,1873319370,236153397120,31741048
20200227,064550,바이오니아,KOSDAQ,기술성장기업부,7300,520,7.67,7210,7790,6920,5979606,43943617560,165138556000,22621720
20200227,208710,바이오로그디바이스,KOSDAQ,벤처기업부,1810,-5,-0.28,1810,1875,1785,245249,449389850,52255346170,28870357
20200227,142760,바이오리더스,KOSDAQ,기술성장기업부,6460,70,1.10,6470,6780,6300,266501,1749357410,114232083100,17682985
20200227,065940,바이오빌,KOSDAQ,투자주의환기종목(소속부없음),1635,0,0.00,0,0,0,0,0,71919049110,43987186
20200227,086820,바이오솔루션,KOSDAQ,기술성장기업부,25900,-900,-3.36,26750,27350,25450,92947,2435633150,208121418400,8035576
20200227,038460,바이오스마트,KOSDAQ,우량기업부,3885,-175,-4.31,4010,4095,3860,55897,220603370,77756697690,20014594
20200227,044480,바이오제네틱스,KOSDAQ,중견기업부,5240,-200,-3.68,5460,5510,5210,130120,699714150,67783167560,12935719
20200227,086040,바이오톡스텍,KOSDAQ,벤처기업부,6450,170,2.71,6290,6600,6260,209899,1345092260,94090168350,14587623
20200227,032980,바이온,KOSDAQ,중견기업부,1165,-55,-4.51,1200,1235,1155,187022,221681835,62072865950,53281430
20200227,043150,바텍,KOSDAQ,우량기업부,26950,-900,-3.23,27850,28200,26850,58448,1600320750,400322199200,14854256
20200227,267790,배럴,KOSDAQ,벤처기업부,10800,-900,-7.69,11700,11700,10800,178444,1984311500,84435480000,7818100
20200227,046310,백금T&A,KOSDAQ,벤처기업부,3130,-45,-1.42,3205,3330,3055,861450,2764891185,48871237820,15613814
20200227,036620,버추얼텍,KOSDAQ,중견기업부,800,-15,-1.84,808,825,788,154679,124265659,45456929600,56821162
20200227,066410,버킷스튜디오,KOSDAQ,중견기업부,1435,-25,-1.71,1475,1500,1420,141051,204853255,44348399480,30904808
20200227,019010,베뉴지,KOSDAQ,우량기업부,1620,-30,-1.82,1645,1660,1590,63097,102039440,78084000000,48200000
20200227,177350,베셀,KOSDAQ,벤처기업부,3050,-5,-0.16,3040,3090,2930,82797,248465525,34136722400,11192368
20200227,299910,베스파,KOSDAQ,중견기업부,11450,100,0.88,11500,11550,11200,11669,133339900,91789165450,8016521
20200227,225530,보광산업,KOSDAQ,중견기업부,4325,-125,-2.81,4405,4600,4315,132319,579993915,156179352725,36110833
20200227,250000,보라티알,KOSDAQ,중견기업부,9640,-510,-5.02,10150,10300,9640,73557,727916280,65077066120,6750733
20200227,006910,보성파워텍,KOSDAQ,중견기업부,1860,-50,-2.62,1910,1950,1850,381830,720920595,85695889740,46073059
20200227,226340,본느,KOSDAQ,벤처기업부,3270,-160,-4.66,3455,3455,3245,334605,1109797975,100387678920,30699596
20200227,014470,부방,KOSDAQ,우량기업부,2350,-90,-3.69,2430,2445,2315,201686,479568295,141122811000,60052260
20200227,008470,부스타,KOSDAQ,우량기업부,4980,-130,-2.54,5090,5180,4980,34468,173212700,41855904000,8404800
20200227,100120,뷰웍스,KOSDAQ,우량기업부,31850,-1100,-3.34,32900,33150,30900,62582,1979150700,318559400250,10001865
20200227,066980,브레인콘텐츠,KOSDAQ,중견기업부,609,-25,-3.94,626,637,603,657383,404128667,96476733129,158418281
20200227,064480,브리지텍,KOSDAQ,벤처기업부,2980,40,1.36,3000,3010,2910,24327,72422540,35618450000,11952500
20200227,288330,브릿지바이오테라퓨틱스,KOSDAQ,기술성장기업부,49100,100,0.20,49250,51100,48550,61962,3075884900,306386847800,6240058
20200227,251630,브이원텍,KOSDAQ,벤처기업부,8100,-290,-3.46,8410,8440,8060,71584,585638000,121909698000,15050580
20200227,018290,브이티지엠피,KOSDAQ,벤처기업부,9830,0,0.00,9860,9920,9630,651858,6382744870,326808435580,33246026
20200227,263920,블러썸엠앤씨,KOSDAQ,중견기업부,5190,-70,-1.33,5260,5500,5140,66807,353324290,65257746930,12573747
20200227,033560,블루콤,KOSDAQ,우량기업부,4060,-330,-7.52,4320,4350,3990,427370,1754414800,73437470820,18088047
20200227,121800,비덴트,KOSDAQ,벤처기업부,6610,-330,-4.76,6880,6910,6500,286241,1908913180,224683967030,33991523
20200227,148140,비디아이,KOSDAQ,벤처기업부,7580,-20,-0.26,7590,7700,7270,49654,368796100,60039285000,7920750
20200227,200780,비씨월드제약,KOSDAQ,우량기업부,18250,-1650,-8.29,20800,22500,17800,5180559,105496297000,146151803500,8008318
20200227,141000,비아트론,KOSDAQ,우량기업부,9720,-330,-3.28,10050,10150,9640,123254,1208398940,117754981200,12114710
20200227,090460,비에이치,KOSDAQ,우량기업부,19250,-1350,-6.55,20550,20600,19050,940028,18534678350,632379632500,32850890
20200227,083650,비에이치아이,KOSDAQ,중견기업부,2170,-115,-5.03,2245,2295,2155,78699,173599985,56420000000,26000000
20200227,086670,비엠티,KOSDAQ,벤처기업부,7480,-290,-3.73,7770,7870,7360,48025,362072570,60936036920,8146529
20200227,138580,비즈니스온,KOSDAQ,벤처기업부,12300,-250,-1.99,12450,12700,12100,36191,444005900,117402762000,9544940
20200227,082920,비츠로셀,KOSDAQ,우량기업부,15750,-100,-0.63,15800,15900,15500,94842,1485996350,339241644000,21539152
20200227,054220,비츠로시스,KOSDAQ,투자주의환기종목(소속부없음),485,0,0.00,0,0,0,0,0,25363340295,52295547
20200227,042370,비츠로테크,KOSDAQ,우량기업부,6150,-130,-2.07,6280,6300,6050,97761,598482440,137476318950,22353873
20200227,032850,비트컴퓨터,KOSDAQ,벤처기업부,5460,-290,-5.04,5690,5820,5330,567150,3137367800,90763179780,16623293
20200227,238200,비피도,KOSDAQ,기술성장기업부,21800,-400,-1.80,22250,24050,21650,77681,1767124550,89162000000,4090000
20200227,093190,빅솔론,KOSDAQ,우량기업부,5200,60,1.17,5140,5200,5040,15527,80159860,100042306000,19238905
20200227,065450,빅텍,KOSDAQ,벤처기업부,2840,-145,-4.86,3000,3020,2810,859537,2491209720,78755707720,27730883
20200227,072950,빛샘전자,KOSDAQ,벤처기업부,5620,-240,-4.10,5870,6040,5600,91006,527271410,33720000000,6000000
20200227,143240,사람인에이치알,KOSDAQ,우량기업부,26600,-350,-1.30,26700,27000,25950,44145,1161913750,310136395800,11659263
20200227,100090,삼강엠앤티,KOSDAQ,우량기업부,3970,-45,-1.12,4045,4140,3880,74410,299900760,110617777400,27863420
20200227,122350,삼기오토모티브,KOSDAQ,우량기업부,2305,-65,-2.74,2350,2375,2260,291738,673837825,77477296550,33612710
20200227,014970,삼륭물산,KOSDAQ,중견기업부,9000,-40,-0.44,9630,10050,8800,2508330,24166606340,136125000000,15125000
20200227,018310,삼목에스폼,KOSDAQ,우량기업부,6920,-30,-0.43,6960,7050,6780,28722,197511190,101724000000,14700000
20200227,053700,삼보모터스,KOSDAQ,우량기업부,5100,-30,-0.58,5090,5290,5040,75906,388663400,81355480500,15952055
20200227,009620,삼보산업,KOSDAQ,중견기업부,791,-46,-5.50,830,838,783,557697,451182749,30130966586,38092246
20200227,023600,삼보판지,KOSDAQ,우량기업부,8240,-480,-5.50,8730,8800,8100,386626,3249646370,133240800000,16170000
20200227,111870,삼본전자,KOSDAQ,중견기업부,2070,-130,-5.91,2180,2215,2065,740696,1570976450,129354136470,62489921
20200227,309930,삼성머스트스팩3호,KOSDAQ,SPAC(소속부없음),2050,0,0.00,2050,2050,2040,1656,3394740,9409500000,4590000
20200227,291230,삼성스팩2호,KOSDAQ,SPAC(소속부없음),2030,0,0.00,2030,2030,2025,9488,19213225,15326500000,7550000
20200227,009300,삼아제약,KOSDAQ,우량기업부,14850,-400,-2.62,15250,15500,14800,12816,192526450,94594500000,6370000
20200227,225190,삼양옵틱스,KOSDAQ,우량기업부,10400,-350,-3.26,10750,10850,10300,20444,214737450,104936000000,10090000
20200227,054540,삼영엠텍,KOSDAQ,중견기업부,3705,-45,-1.20,3800,3800,3660,48209,178464190,48165000000,13000000
20200227,065570,삼영이엔씨,KOSDAQ,중견기업부,6150,50,0.82,6110,6260,6060,23992,147303180,54120000000,8800000
20200227,073640,삼원테크,KOSDAQ,중견기업부,1385,-10,-0.72,1370,1400,1350,67407,92273810,76723432300,55395980
20200227,032280,삼일,KOSDAQ,중견기업부,1995,-25,-1.24,2020,2105,1975,187932,382063185,32346112050,16213590
20200227,002290,삼일기업공사,KOSDAQ,벤처기업부,2880,-55,-1.87,2935,2980,2835,79330,229268210,35712000000,12400000
20200227,037460,삼지전자,KOSDAQ,벤처기업부,9710,-590,-5.73,10350,10350,9600,331869,3278876790,158452848620,16318522
20200227,032750,삼진,KOSDAQ,중견기업부,9980,-320,-3.11,10400,10500,9890,115681,1164184210,59880000000,6000000
20200227,054090,삼진엘앤디,KOSDAQ,벤처기업부,2435,-130,-5.07,2580,2580,2425,327338,813557575,60775729920,24959232
20200227,000250,삼천당제약,KOSDAQ,우량기업부,42000,-1100,-2.55,42900,44200,41350,511480,21745732900,928444146000,22105813
20200227,024950,삼천리자전거,KOSDAQ,중견기업부,4740,10,0.21,4685,4800,4635,52520,245755040,62916754980,13273577
20200227,038500,삼표시멘트,KOSDAQ,우량기업부,3060,-75,-2.39,3090,3200,3030,228205,701133220,328512949380,107357173
20200227,017480,삼현철강,KOSDAQ,우량기업부,3675,20,0.55,3655,3695,3605,45565,166663280,57708120750,15702890
20200227,046390,삼화네트웍스,KOSDAQ,중견기업부,1390,-40,-2.80,1430,1440,1385,224216,314402395,59864426870,43067933
20200227,027580,상보,KOSDAQ,중견기업부,919,-46,-4.77,956,965,900,330461,309028265,42899950199,46681121
20200227,038540,상상인,KOSDAQ,우량기업부,7990,-140,-1.72,8100,8250,7980,322437,2597462870,442073220870,55328313
20200227,307870,상상인이안1호스팩,KOSDAQ,SPAC(소속부없음),2030,-5,-0.25,2020,2050,2020,6,12160,9642500000,4750000
20200227,329560,상상인이안제2호스팩,KOSDAQ,SPAC(소속부없음),2015,0,0.00,2005,2015,2005,22,44120,7757750000,3850000
20200227,101000,상상인인더스트리,KOSDAQ,중견기업부,999,-16,-1.58,1010,1015,990,100776,100412844,63069733134,63132866
20200227,091580,상신이디피,KOSDAQ,우량기업부,7790,-180,-2.26,8040,8150,7700,191047,1506731420,98660739500,12665050
20200227,263810,상신전자,KOSDAQ,중견기업부,3220,-210,-6.12,3435,3475,3210,164868,543521335,45867991960,14244718
20200227,089980,상아프론테크,KOSDAQ,우량기업부,15250,-850,-5.28,16200,16250,15200,214741,3360440150,235624471250,15450785
20200227,042940,상지카일룸,KOSDAQ,중견기업부,1430,-55,-3.70,1470,1500,1425,259230,376474740,60857016220,42557354
20200227,042600,새로닉스,KOSDAQ,우량기업부,3270,-40,-1.21,3330,3350,3170,13827,44947010,40625086980,12423574
20200227,263540,샘코,KOSDAQ,기술성장기업부,4265,-270,-5.95,4535,4560,4265,247644,1080385375,34823490425,8164945
20200227,294630,서남,KOSDAQ,기술성장기업부,3730,-105,-2.74,3855,4220,3730,9665162,39012375170,75962046800,20365160
20200227,038070,서린바이오,KOSDAQ,중견기업부,9530,-170,-1.75,10150,10350,9300,1091063,10843415270,71481442280,7500676
20200227,006730,서부T&D,KOSDAQ,중견기업부,7240,-150,-2.03,7320,7460,7080,171495,1236523180,401377512920,55438883
20200227,079650,서산,KOSDAQ,중견기업부,2890,-100,-3.34,2990,2995,2805,150761,435566355,57800000000,20000000
20200227,100660,서암기계공업,KOSDAQ,중견기업부,4300,-160,-3.59,4460,4490,4300,78682,342937625,54180000000,12600000
20200227,019770,서연탑메탈,KOSDAQ,중견기업부,2705,-200,-6.88,2900,2905,2675,112758,312290690,31513250000,11650000
20200227,043710,서울리거,KOSDAQ,중견기업부,1230,-15,-1.20,1240,1335,1195,89627,110321060,41223828840,33515308
20200227,046890,서울반도체,KOSDAQ,우량기업부,15850,-1200,-7.04,17050,17200,15800,2380808,38832340950,924140590000,58305400
20200227,063170,서울옥션,KOSDAQ,중견기업부,4990,-110,-2.16,5100,5190,4975,163584,825545365,84418325000,16917500
20200227,027040,서울전자통신,KOSDAQ,중견기업부,979,-15,-1.51,989,1005,968,341329,335995977,68127481213,69588847
20200227,018680,서울제약,KOSDAQ,벤처기업부,6480,-30,-0.46,6510,6700,6400,34836,227441850,54986033520,8485499
20200227,093920,서원인텍,KOSDAQ,우량기업부,5830,-230,-3.80,6040,6090,5800,112295,664670410,108438000000,18600000
20200227,189860,서전기전,KOSDAQ,벤처기업부,3725,-125,-3.25,3850,3920,3670,160388,601925730,36127955500,9698780
20200227,178320,서진시스템,KOSDAQ,벤처기업부,27400,-1850,-6.32,29250,29300,27150,773586,21651972750,495958248400,18100666
20200227,122690,서진오토모티브,KOSDAQ,중견기업부,2000,30,1.52,1970,2025,1935,7225,14468625,39082492000,19541246
20200227,140070,서플러스글로벌,KOSDAQ,우량기업부,2120,-85,-3.85,2205,2205,2110,96649,206903505,78414560000,36988000
20200227,011370,서한,KOSDAQ,우량기업부,1015,-10,-0.98,1025,1035,1000,237916,240861665,102408287975,100894865
20200227,065710,서호전기,KOSDAQ,중견기업부,24000,-50,-0.21,24050,24300,23800,20787,497851950,123600000000,5150000
20200227,035890,서희건설,KOSDAQ,우량기업부,1005,-5,-0.50,1010,1020,995,845463,848208477,208116593940,207081188
20200227,003100,선광,KOSDAQ,우량기업부,14900,-150,-1.00,15000,15000,14700,2501,37222300,98340000000,6600000
20200227,123420,선데이토즈,KOSDAQ,우량기업부,17800,-750,-4.04,18400,18750,17300,95818,1711843000,170343187600,9569842
20200227,171090,선익시스템,KOSDAQ,우량기업부,7140,-360,-4.80,7470,7520,7010,134686,967514760,64254966300,8999295
20200227,014620,성광벤드,KOSDAQ,중견기업부,8400,-100,-1.18,8500,8590,8320,137803,1162201470,240240000000,28600000
20200227,037350,성도이엔지,KOSDAQ,우량기업부,3405,-25,-0.73,3425,3425,3280,115936,385380930,52675350000,15470000
20200227,081580,성우전자,KOSDAQ,우량기업부,2675,-30,-1.11,2705,2710,2675,12668,34077750,41484282525,15508143
20200227,045300,성우테크론,KOSDAQ,중견기업부,3840,-70,-1.79,3910,3920,3815,10538,40464140,35435880960,9228094
20200227,015750,성우하이텍,KOSDAQ,우량기업부,3240,-90,-2.70,3305,3330,3220,318378,1037948675,259200000000,80000000
20200227,080470,성창오토텍,KOSDAQ,중견기업부,7450,-380,-4.85,7790,7910,7400,74895,570990480,54385000000,7300000
20200227,043260,성호전자,KOSDAQ,벤처기업부,770,-14,-1.79,785,785,759,44930,34703960,27410493110,35598043
20200227,148150,세경하이테크,KOSDAQ,벤처기업부,34250,-4150,-10.81,38100,38350,34250,1437070,51384667950,398738500000,11642000
20200227,053060,세동,KOSDAQ,중견기업부,806,-9,-1.10,815,826,783,330644,267469947,17257266000,21411000
20200227,017510,세명전기,KOSDAQ,벤처기업부,3890,-130,-3.23,4020,4045,3870,76253,299042150,59306940000,15246000
20200227,214310,세미콘라이트,KOSDAQ,중견기업부,1610,-85,-5.01,1735,1755,1610,364975,611355010,28680731590,17814119
20200227,011560,세보엠이씨,KOSDAQ,우량기업부,6430,-270,-4.03,6700,6710,6380,78966,513225620,67707900000,10530000
20200227,100700,세운메디칼,KOSDAQ,우량기업부,3255,-80,-2.40,3335,3420,3245,138110,458933960,142569000000,43800000
20200227,234100,세원,KOSDAQ,벤처기업부,2905,-95,-3.17,3025,3060,2875,483891,1432008805,65022571425,22382985
20200227,024830,세원물산,KOSDAQ,관리종목(소속부없음),6280,0,0.00,0,0,0,0,0,52438000000,8350000
20200227,258830,세종메디칼,KOSDAQ,벤처기업부,7100,-310,-4.18,7480,7480,7090,63741,458478390,48121961100,6777741
20200227,036630,세종텔레콤,KOSDAQ,중견기업부,297,-11,-3.57,306,315,294,2669247,804314898,178296859422,600326126
20200227,039310,세중,KOSDAQ,중견기업부,2280,-90,-3.80,2375,2375,2225,135262,308517885,41317400760,18121667
20200227,067770,세진티에스,KOSDAQ,중견기업부,2780,-180,-6.08,2965,3035,2770,190593,548749450,23342528540,8396593
20200227,053450,세코닉스,KOSDAQ,중견기업부,7410,-510,-6.44,7900,7900,7290,506674,3824343940,87462312210,11803281
20200227,234340,세틀뱅크,KOSDAQ,중견기업부,28300,-700,-2.41,29000,29100,28200,96656,2743967400,262256100000,9267000
20200227,252500,세화피앤씨,KOSDAQ,중견기업부,2915,-115,-3.80,3015,3050,2875,121343,355711195,60466413425,20743195
20200227,051980,센트럴바이오,KOSDAQ,관리종목(소속부없음),530,9,1.73,527,596,525,808938,447185546,24541591700,46304890
20200227,049180,셀루메드,KOSDAQ,관리종목(소속부없음),5980,0,0.00,0,0,0,0,0,145526284020,24335499
20200227,299660,셀리드,KOSDAQ,기술성장기업부,19650,-750,-3.68,20400,21050,19550,89592,1809169400,188221297800,9578692
20200227,268600,셀리버리,KOSDAQ,기술성장기업부,83100,6700,8.77,78200,92100,77100,4570190,391065939800,649850891700,7820107
20200227,108860,셀바스AI,KOSDAQ,관리종목(소속부없음),3780,0,0.00,0,0,0,0,0,83371472100,22055945
20200227,208370,셀바스헬스케어,KOSDAQ,관리종목(소속부없음),2320,-180,-7.20,2485,2485,2260,273918,644333240,50267762480,21667139
20200227,068760,셀트리온제약,KOSDAQ,중견기업부,39950,-1150,-2.80,41500,41700,39650,214386,8671387100,1361992338800,34092424
20200227,091990,셀트리온헬스케어,KOSDAQ,우량기업부,64200,-4200,-6.14,68800,68900,64100,2276606,150784106300,9241383982200,143946791
20200227,053110,소리바다,KOSDAQ,벤처기업부,907,12,1.34,896,910,863,657926,581228242,76682879154,84545622
20200227,032680,소프트센,KOSDAQ,중견기업부,1905,-75,-3.79,1970,2020,1900,491398,953231760,63961900905,33575801
20200227,032685,소프트센우,KOSDAQ,중견기업부,37100,-1100,-2.88,38500,38500,36000,4347,162658700,5299994700,142857
20200227,258790,소프트캠프,KOSDAQ,벤처기업부,1885,-20,-1.05,1960,1960,1880,114204,215712825,45619420340,24201284
20200227,066910,손오공,KOSDAQ,중견기업부,2300,25,1.10,2255,2315,2220,3822687,8689998875,61861170300,26896161
20200227,043100,솔고바이오,KOSDAQ,관리종목(소속부없음),140,0,0.00,0,0,0,0,0,22641609900,161725785
20200227,154040,솔루에타,KOSDAQ,중견기업부,2480,-110,-4.25,2580,2605,2455,97220,244129750,32190762080,12980146
20200227,035610,솔본,KOSDAQ,중견기업부,4130,70,1.72,4060,4180,4010,72539,297573510,112938967610,27345997
20200227,036830,솔브레인,KOSDAQ,우량기업부,90600,-4200,-4.43,94000,94700,90600,132835,12205989500,1576283352600,17398271
20200227,230980,솔트웍스,KOSDAQ,투자주의환기종목(소속부없음),4660,10,0.22,4650,4890,4575,61682,290194130,60074110400,12891440
20200227,086980,쇼박스,KOSDAQ,우량기업부,3365,-240,-6.66,3605,3650,3350,730514,2532803180,210649000000,62600000
20200227,050960,수산아이앤티,KOSDAQ,벤처기업부,6370,120,1.92,6250,6400,6130,17652,110808090,43003870000,6751000
20200227,084180,수성,KOSDAQ,관리종목(소속부없음),1655,-80,-4.61,1745,1745,1640,59972,101306765,21798359170,13171214
20200227,253840,수젠텍,KOSDAQ,기술성장기업부,7120,160,2.30,7600,7750,6800,2390803,17434632670,94780970080,13311934
20200227,058530,슈펙스비앤피,KOSDAQ,중견기업부,261,-14,-5.09,278,283,259,3173746,849320070,28810298646,110384286
20200227,236200,슈프리마,KOSDAQ,벤처기업부,37000,-1250,-3.27,38200,38500,36100,198962,7374067050,266151101000,7193273
20200227,317770,슈프리마아이디,KOSDAQ,중견기업부,17050,-150,-0.87,17200,17200,16900,6902,117560350,51022466000,2992520
20200227,094840,슈프리마에이치큐,KOSDAQ,벤처기업부,4895,-155,-3.07,5140,5140,4840,94900,466553990,51259656800,10471840
20200227,192440,슈피겐코리아,KOSDAQ,우량기업부,46850,-800,-1.68,47650,48100,46200,24053,1128050050,291236606550,6216363
20200227,099440,스맥,KOSDAQ,중견기업부,1935,-55,-2.76,1980,2050,1935,190365,377436290,55024292745,28436327
20200227,033790,스카이문스테크놀로지,KOSDAQ,관리종목(소속부없음),829,0,0.00,0,0,0,0,0,14190075900,17117100
20200227,159910,스킨앤스킨,KOSDAQ,투자주의환기종목(소속부없음),316,-17,-5.11,335,340,316,715812,230752141,42532844760,134597610
20200227,158310,스타모빌리티,KOSDAQ,투자주의환기종목(소속부없음),1520,20,1.33,1515,1650,1485,245281,381462175,18348895840,12071642
20200227,115570,스타플렉스,KOSDAQ,중견기업부,9520,40,0.42,9480,9530,9000,41043,382722880,61439547680,6453734
20200227,253450,스튜디오드래곤,KOSDAQ,우량기업부,77400,-600,-0.77,78300,80500,76700,111986,8743631900,2174659038000,28096370
20200227,013810,스페코,KOSDAQ,중견기업부,3410,-100,-2.85,3555,3560,3400,168687,582384500,49975152700,14655470
20200227,049830,승일,KOSDAQ,우량기업부,10150,100,1.00,10200,10700,10000,378130,3904378300,62240936800,6132112
20200227,020710,시공테크,KOSDAQ,우량기업부,4755,20,0.42,4735,4785,4670,80519,380949150,95328097350,20047970
20200227,033170,시그네틱스,KOSDAQ,중견기업부,935,-35,-3.61,975,975,926,494835,468439278,80155978265,85728319
20200227,048870,시너지이노베이션,KOSDAQ,중견기업부,1720,-50,-2.82,1750,1785,1670,217738,373178850,112164043160,65211653
20200227,025320,시노펙스,KOSDAQ,중견기업부,2355,-135,-5.42,2495,2500,2355,1230344,2968546360,170881456440,72561128
20200227,269620,시스웍,KOSDAQ,벤처기업부,2200,-250,-10.20,2440,2490,2200,705239,1643798345,39600000000,18000000
20200227,131090,시큐브,KOSDAQ,벤처기업부,1380,-65,-4.50,1450,1470,1380,409258,576682240,52440000000,38000000
20200227,001000,신라섬유,KOSDAQ,중견기업부,2080,-110,-5.02,2165,2220,2030,359832,760188720,50497283200,24277540
20200227,025870,신라에스지,KOSDAQ,중견기업부,8390,-1010,-10.74,9290,9490,8260,460005,4054374580,33560000000,4000000
20200227,215600,신라젠,KOSDAQ,기술성장기업부,11400,-450,-3.80,11800,12100,11250,1638944,19108587500,815694225000,71552125
20200227,065350,신성델타테크,KOSDAQ,우량기업부,3190,-130,-3.92,3300,3300,3115,79435,254152000,77124952190,24177101
20200227,056000,신스타임즈,KOSDAQ,중견기업부,6030,530,9.64,5490,6100,5430,1255151,7301830750,85243698000,14136600
20200227,002800,신신제약,KOSDAQ,우량기업부,6040,-100,-1.63,6140,6260,5960,96480,587224790,91629820000,15170500
20200227,323280,신영스팩5호,KOSDAQ,SPAC(소속부없음),2085,0,0.00,2085,2085,2065,5339,11099565,7307925000,3505000
20200227,344050,신영스팩6호,KOSDAQ,SPAC(소속부없음),2025,-5,-0.25,2020,2025,2015,14949,30196935,8717625000,4305000
20200227,017000,신원종합개발,KOSDAQ,우량기업부,3455,-15,-0.43,3445,3565,3435,14335,49974175,34785033285,10068027
20200227,012790,신일제약,KOSDAQ,우량기업부,7630,20,0.26,7710,7990,7510,103685,802002260,83182260000,10902000
20200227,138070,신진에스엠,KOSDAQ,중견기업부,4890,-270,-5.23,5030,5140,4890,15971,78748650,43873974870,8972183
20200227,226330,신테카바이오,KOSDAQ,기술성장기업부,10450,700,7.18,9770,11850,9520,3197352,35184434010,137664496200,13173636
20200227,277480,신한제4호스팩,KOSDAQ,SPAC(소속부없음),2060,5,0.24,2045,2060,2045,6325,12992280,12380600000,6010000
20200227,323230,신한제5호스팩,KOSDAQ,SPAC(소속부없음),2035,5,0.25,2025,2035,2025,1951,3950860,8770850000,4310000
20200227,333050,신한제6호스팩,KOSDAQ,SPAC(소속부없음),2035,15,0.74,2015,2035,2015,10218,20589290,10195350000,5010000
20200227,056700,신화인터텍,KOSDAQ,중견기업부,2580,-245,-8.67,2815,2815,2565,634928,1682478950,75168534780,29135091
20200227,187270,신화콘텍,KOSDAQ,벤처기업부,2570,-60,-2.28,2630,2630,2540,7724,19820980,26069681650,10143845
20200227,243840,신흥에스이씨,KOSDAQ,우량기업부,41800,-2400,-5.43,44200,44450,41500,95682,4088103850,275365609200,6587694
20200227,108320,실리콘웍스,KOSDAQ,우량기업부,34700,-200,-0.57,34750,35750,34400,147958,5182346950,564371210000,16264300
20200227,222800,심텍,KOSDAQ,우량기업부,10500,-1100,-9.48,11600,11600,10450,846028,9214891050,238906069500,22752959
20200227,036710,심텍홀딩스,KOSDAQ,중견기업부,1320,-75,-5.38,1400,1400,1315,144406,194427140,50463052200,38229585
20200227,160980,싸이맥스,KOSDAQ,우량기업부,10700,-300,-2.73,10950,11150,10400,130227,1381527900,116889400100,10924243
20200227,217330,싸이토젠,KOSDAQ,기술성장기업부,11450,-200,-1.72,11650,12200,11250,102664,1199723450,64507742800,5633864
20200227,010280,쌍용정보통신,KOSDAQ,중견기업부,1505,5,0.33,1495,1540,1480,426622,642561895,60898371170,40464034
20200227,208640,썸에이지,KOSDAQ,중견기업부,549,-11,-1.96,557,569,544,341798,188626791,68582030319,124921731
20200227,222420,쎄노텍,KOSDAQ,중견기업부,1690,-50,-2.87,1740,1760,1690,121985,208881205,67867315750,40158175
20200227,037760,쎄니트,KOSDAQ,우량기업부,1850,-100,-5.13,1950,1965,1840,151956,285857125,62590903850,33832921
20200227,136510,쎄미시스코,KOSDAQ,벤처기업부,6980,-80,-1.13,7040,7190,6800,39875,276186110,37692000000,5400000
20200227,099320,쎄트렉아이,KOSDAQ,벤처기업부,23900,-1900,-7.36,25550,25700,23900,349326,8531640550,173716839300,7268487
20200227,049960,쎌바이오텍,KOSDAQ,우량기업부,15950,-500,-3.04,16450,17000,15900,51017,834655600,149930000000,9400000
20200227,050890,쏠리드,KOSDAQ,중견기업부,5860,-440,-6.98,6320,6330,5800,2735736,16455377160,305805125500,52185175
20200227,066790,씨씨에스,KOSDAQ,관리종목(소속부없음),423,0,0.00,0,0,0,0,0,38895837705,91952335
20200227,222080,씨아이에스,KOSDAQ,중견기업부,4040,-180,-4.27,4210,4420,3985,4092742,17030440450,216643808200,53624705
20200227,264660,씨앤지하이테크,KOSDAQ,벤처기업부,7460,-320,-4.11,7820,7840,7360,249776,1881713150,62704880800,8405480
20200227,297090,씨에스베어링,KOSDAQ,벤처기업부,7850,-300,-3.68,8170,8230,7850,97596,782305060,74271990000,9461400
20200227,115530,씨엔플러스,KOSDAQ,투자주의환기종목(소속부없음),839,0,0.00,0,0,0,0,0,50419474275,60094725
20200227,225330,씨엠에스에듀,KOSDAQ,투자주의환기종목(소속부없음),4990,20,0.40,4980,5020,4925,19043,94642575,92986793720,18634628
20200227,115480,씨유메디칼,KOSDAQ,벤처기업부,2230,-90,-3.88,2310,2360,2210,186607,421786850,41949256980,18811326
20200227,096530,씨젠,KOSDAQ,우량기업부,34200,550,1.63,37400,37800,33850,5250083,188353196200,897203484000,26234020
20200227,900120,씨케이에이치,KOSDAQ,외국기업(소속부없음),257,-6,-2.28,263,268,252,144748,37334836,28373945449,110404457
20200227,101240,씨큐브,KOSDAQ,벤처기업부,8700,-380,-4.19,9090,9200,8500,94897,828942900,88202200800,10138184
20200227,060590,씨티씨바이오,KOSDAQ,중견기업부,5520,-360,-6.12,5860,5900,5470,472723,2674725810,106594081440,19310522
20200227,260930,씨티케이코스메틱스,KOSDAQ,우량기업부,12000,-400,-3.23,12400,12550,11950,17052,206332900,121465812000,10122151
20200227,013990,아가방컴퍼니,KOSDAQ,중견기업부,3955,-95,-2.35,4030,4100,3850,289982,1152340360,130070204880,32887536
20200227,123860,아나패스,KOSDAQ,벤처기업부,27400,-1400,-4.86,28750,28850,27200,95082,2644302650,277498980000,10127700
20200227,025980,아난티,KOSDAQ,벤처기업부,7120,-200,-2.73,7300,7430,7080,1224194,8838250720,602672428480,84645004
20200227,058220,아리온,KOSDAQ,중견기업부,1130,-120,-9.60,1300,1310,1075,2758779,3268719535,41892607520,37073104
20200227,125210,아모그린텍,KOSDAQ,기술성장기업부,13800,-1150,-7.69,14900,15100,13600,408222,5791370250,227655702000,16496790
20200227,052710,아모텍,KOSDAQ,우량기업부,28500,-750,-2.56,29800,29800,27650,89945,2563999250,277687071000,9743406
20200227,074430,아미노로직스,KOSDAQ,벤처기업부,1715,5,0.29,1725,1730,1690,101006,172041465,150623037460,87826844
20200227,092040,아미코젠,KOSDAQ,기술성장기업부,23200,-800,-3.33,23650,24200,22850,99970,2336915700,445602632000,19207010
20200227,083930,아바코,KOSDAQ,우량기업부,6160,-120,-1.91,6220,6330,6070,146458,899319910,98538470800,15996505
20200227,149950,아바텍,KOSDAQ,우량기업부,7360,-30,-0.41,7430,7430,7280,8770,64312100,114871200000,15607500
20200227,036010,아비코전자,KOSDAQ,우량기업부,6060,-330,-5.16,6440,6440,6040,102238,631304890,80555180040,13292934
20200227,050860,아세아텍,KOSDAQ,우량기업부,4770,355,8.04,4415,4770,4350,1879850,8577151460,83475000000,17500000
20200227,246720,아스타,KOSDAQ,기술성장기업부,4680,-160,-3.31,4785,4920,4570,37220,176647220,53738207640,11482523
20200227,067390,아스트,KOSDAQ,우량기업부,6930,-250,-3.48,7170,7180,6900,211194,1477601450,177959988360,25679652
20200227,127710,아시아경제,KOSDAQ,중견기업부,1815,0,0.00,1800,1835,1745,191723,340153040,46298352210,25508734
20200227,154030,아시아종묘,KOSDAQ,기술성장기업부,4235,-165,-3.75,4405,4470,4230,62183,269071105,39027807665,9215539
20200227,227610,아우딘퓨쳐스,KOSDAQ,우량기업부,6710,-360,-5.09,7110,7110,6450,72156,488499960,67100000000,10000000
20200227,143160,아이디스,KOSDAQ,우량기업부,20600,-550,-2.60,20900,21700,20100,92744,1926724250,220757634000,10716390
20200227,054800,아이디스홀딩스,KOSDAQ,중견기업부,10800,200,1.89,10600,10950,10400,28713,302210700,111755764800,10347756
20200227,099190,아이센스,KOSDAQ,우량기업부,21150,-50,-0.24,21300,21450,21050,37434,792325950,290542583700,13737238
20200227,289010,아이스크림에듀,KOSDAQ,중견기업부,13150,1250,10.50,11800,14150,11400,16649522,214675438350,169162086550,12864037
20200227,214430,아이쓰리시스템,KOSDAQ,우량기업부,18650,-1250,-6.28,19650,19750,18200,222035,4213947700,132541074000,7106760
20200227,040910,아이씨디,KOSDAQ,우량기업부,17000,-1050,-5.82,17900,18100,16950,565398,9839767150,298664857000,17568521
20200227,068940,아이씨케이,KOSDAQ,중견기업부,1680,45,2.75,1635,1795,1600,631277,1063990970,52381932960,31179722
20200227,052860,아이앤씨,KOSDAQ,벤처기업부,4200,-125,-2.89,4325,4405,4200,160236,684013400,73762726800,17562554
20200227,069920,아이에스이커머스,KOSDAQ,벤처기업부,4070,0,0.00,4030,4070,3990,4694,18906045,105113293340,25826362
20200227,038880,아이에이,KOSDAQ,중견기업부,451,-19,-4.04,469,479,447,1460739,668807554,108879193731,241417281
20200227,123010,아이에이네트웍스,KOSDAQ,기술성장기업부,4780,-70,-1.44,4875,4875,4620,23807,111617920,32977970460,6899157
20200227,307180,아이엘사이언스,KOSDAQ,벤처기업부,1945,5,0.26,1990,1990,1930,30769,59770845,38126420985,19602273
20200227,101390,아이엠,KOSDAQ,중견기업부,1025,-5,-0.49,1025,1050,1015,580398,596708905,43278749250,42223170
20200227,226350,아이엠텍,KOSDAQ,관리종목(소속부없음),480,-146,-23.32,649,649,469,5595741,2935029934,20645226240,43010888
20200227,078860,아이오케이,KOSDAQ,중견기업부,1580,-70,-4.24,1650,1685,1580,457762,745411795,80185856360,50750542
20200227,114810,아이원스,KOSDAQ,우량기업부,5730,-560,-8.90,6290,6310,5610,229750,1344938560,76873215870,13415919
20200227,031310,아이즈비전,KOSDAQ,중견기업부,4090,-220,-5.10,4430,4430,4000,287137,1197808270,64509827660,15772574
20200227,185490,아이진,KOSDAQ,기술성장기업부,7910,-220,-2.71,8130,8380,7750,93990,755757260,90874470050,11488555
20200227,059100,아이컴포넌트,KOSDAQ,벤처기업부,3945,-35,-0.88,3980,4010,3855,4237,16618050,27894542700,7070860
20200227,175250,아이큐어,KOSDAQ,기술성장기업부,27350,-450,-1.62,27800,28500,26800,43755,1207708650,176310954500,6446470
20200227,052460,아이크래프트,KOSDAQ,중견기업부,3090,-175,-5.36,3250,3290,3045,224792,706223815,45138522240,14607936
20200227,119830,아이텍,KOSDAQ,중견기업부,6300,-430,-6.39,6730,6750,6100,147286,935568250,64940116500,10307955
20200227,124500,아이티센,KOSDAQ,중견기업부,6240,-330,-5.02,6590,6600,6220,410957,2620062970,116105121600,18606590
20200227,084850,아이티엠반도체,KOSDAQ,중견기업부,54200,0,0.00,54200,56400,51700,400092,21957655300,1237494345800,22831999
20200227,027360,아주IB투자,KOSDAQ,중견기업부,1180,-25,-2.07,1200,1245,1165,2159397,2593757565,140082579000,118714050
20200227,032080,아즈텍WB,KOSDAQ,벤처기업부,1950,-45,-2.26,1995,1995,1935,125535,245940010,41907506550,21491029
20200227,013310,아진산업,KOSDAQ,우량기업부,2310,-95,-3.95,2415,2415,2305,321400,755734290,84563144820,36607422
20200227,059120,아진엑스텍,KOSDAQ,벤처기업부,7040,-240,-3.30,7280,7310,6950,50804,360078680,48899241600,6945915
20200227,158430,아톤,KOSDAQ,벤처기업부,23800,-900,-3.64,24800,25450,23650,104306,2546606850,97294519000,4088005
20200227,067160,아프리카TV,KOSDAQ,우량기업부,56500,-2000,-3.42,58600,59600,56000,148129,8549750800,649454335500,11494767
20200227,001540,안국약품,KOSDAQ,우량기업부,9820,-230,-2.29,9990,10150,9750,58961,584304670,128076564400,13042420
20200227,053800,안랩,KOSDAQ,우량기업부,56500,-4200,-6.92,60000,60100,56500,162525,9431403100,565782807500,10013855
20200227,065660,안트로젠,KOSDAQ,기술성장기업부,33900,-550,-1.60,34200,35350,33150,48464,1659758400,293244390300,8650277
20200227,297570,알로이스,KOSDAQ,중견기업부,2265,-65,-2.79,2370,2370,2230,52624,119383205,39251122710,17329414
20200227,260660,알리코제약,KOSDAQ,우량기업부,11950,-400,-3.24,12300,12850,11900,79968,982140550,116638871250,9760575
20200227,131370,알서포트,KOSDAQ,벤처기업부,3700,-175,-4.52,3680,3795,3610,2789601,10256085340,197088207100,53267083
20200227,140670,알에스오토메이션,KOSDAQ,우량기업부,8330,-130,-1.54,8360,8530,8120,36445,301939180,75829156200,9103140
20200227,096610,알에프세미,KOSDAQ,중견기업부,5310,-220,-3.98,5580,5780,5250,262623,1459254570,43122350700,8120970
20200227,061040,알에프텍,KOSDAQ,우량기업부,7330,-360,-4.68,7730,7750,7280,489666,3644446600,160971945660,21960702
20200227,148250,알엔투테크놀로지,KOSDAQ,벤처기업부,11250,-350,-3.02,11600,11950,10850,61394,693321650,79169816250,7037317
20200227,131100,알이피,KOSDAQ,벤처기업부,2800,-195,-6.51,3000,3000,2745,730507,2104945080,81953435200,29269084
20200227,196170,알테오젠,KOSDAQ,기술성장기업부,92600,-4500,-4.63,96500,99400,90100,631381,59789922800,1286839050000,13896750
20200227,123750,알톤스포츠,KOSDAQ,관리종목(소속부없음),1160,0,0.00,0,0,0,0,0,14785704520,12746297
20200227,085810,알티캐스트,KOSDAQ,중견기업부,1650,-70,-4.07,1720,1730,1615,84331,139781940,35018214000,21223160
20200227,117670,알파홀딩스,KOSDAQ,중견기업부,6100,-250,-3.94,6430,6430,6010,168065,1042994980,102682093000,16833130
20200227,293780,압타바이오,KOSDAQ,기술성장기업부,24150,-750,-3.01,24750,25700,23750,285978,7046236100,262793851950,10881733
20200227,196300,애니젠,KOSDAQ,기술성장기업부,9390,-210,-2.19,9600,9730,9310,13895,131715860,47101789350,5016165
20200227,310200,애니플러스,KOSDAQ,중견기업부,1970,-10,-0.51,2015,2015,1960,70404,139696935,44055182890,22363037
20200227,205500,액션스퀘어,KOSDAQ,관리종목(소속부없음),932,-20,-2.10,956,956,886,54042,49960918,38522025140,41332645
20200227,052790,액토즈소프트,KOSDAQ,중견기업부,9920,-330,-3.22,10250,10350,9800,38713,387079370,112399928960,11330638
20200227,131400,액트,KOSDAQ,벤처기업부,4495,-75,-1.64,4485,4665,4435,69088,309641020,93674734685,20839763
20200227,290740,액트로,KOSDAQ,벤처기업부,11650,-950,-7.54,12650,12750,11500,502868,5978609500,116849628150,10030011
20200227,238090,앤디포스,KOSDAQ,우량기업부,3845,-55,-1.41,3900,3935,3740,332128,1269979415,195707685460,50899268
20200227,092600,앤씨앤,KOSDAQ,벤처기업부,2235,-75,-3.25,2315,2365,2190,325195,732676245,46817662500,20947500
20200227,174900,앱클론,KOSDAQ,기술성장기업부,31600,900,2.93,31000,33000,30800,179052,5729134000,226761600000,7176000
20200227,255440,야스,KOSDAQ,우량기업부,15900,-950,-5.64,16650,16850,15800,96215,1549507900,207622200000,13058000
20200227,030960,양지사,KOSDAQ,투자주의환기종목(소속부없음),9940,-110,-1.09,10000,10050,9830,14291,141791080,158841200000,15980000
20200227,102120,어보브반도체,KOSDAQ,우량기업부,8800,-520,-5.58,9450,9450,8560,648911,5795182670,153644946400,17459653
20200227,019990,에너토크,KOSDAQ,중견기업부,3880,180,4.86,3680,3885,3680,367710,1391837020,37853621440,9756088
20200227,041440,에버다임,KOSDAQ,우량기업부,3930,-30,-0.76,3960,3990,3880,13596,53485710,70409659920,17915944
20200227,038680,에스넷,KOSDAQ,벤처기업부,6150,-340,-5.24,6500,6500,6060,291516,1821123740,98862572250,16075215
20200227,217480,에스디생명공학,KOSDAQ,우량기업부,5000,90,1.83,4970,5130,4910,227653,1149258640,112075330000,22415066
20200227,121890,에스디시스템,KOSDAQ,벤처기업부,1205,-55,-4.37,1285,1300,1205,62228,77015650,10902331490,9047578
20200227,030270,에스마크,KOSDAQ,투자주의환기종목(소속부없음),998,0,0.00,0,0,0,0,0,7547575598,7562701
20200227,097780,에스맥,KOSDAQ,우량기업부,1000,-25,-2.44,1030,1040,998,4115738,4172320921,237934521000,237934521
20200227,073070,에스모,KOSDAQ,우량기업부,1120,-35,-3.03,1140,1190,1110,2752322,3162436515,115068974720,102740156
20200227,087730,에스모 머티리얼즈,KOSDAQ,벤처기업부,515,-43,-7.71,552,571,505,1049061,570260448,25119796560,48776304
20200227,042110,에스씨디,KOSDAQ,우량기업부,1195,-45,-3.63,1240,1245,1185,194516,235200670,57753828980,48329564
20200227,065420,에스아이리소스,KOSDAQ,관리종목(소속부없음),639,0,0.00,0,0,0,0,0,41281932996,64603964
20200227,103230,에스앤더블류,KOSDAQ,중견기업부,2830,-15,-0.53,2830,2865,2785,55838,158428625,20376000000,7200000
20200227,900080,에스앤씨엔진그룹,KOSDAQ,외국기업(소속부없음),410,-2,-0.49,419,419,406,262866,107429469,50741433130,123759593
20200227,101490,에스앤에스텍,KOSDAQ,우량기업부,18400,-1600,-8.00,20050,20150,18000,1405872,26516776650,363130090400,19735331
20200227,095910,에스에너지,KOSDAQ,중견기업부,3290,-205,-5.87,3495,3525,3290,110140,372004830,43968616090,13364321
20200227,275630,에스에스알,KOSDAQ,벤처기업부,6310,-370,-5.54,6780,6780,6250,95399,620670790,36563679910,5794561
20200227,031330,에스에이엠티,KOSDAQ,우량기업부,2260,-90,-3.83,2355,2365,2220,1167250,2648620535,225988851420,99995067
20200227,060540,에스에이티,KOSDAQ,벤처기업부,2290,-20,-0.87,2310,2360,2225,788829,1814279730,59845270740,26133306
20200227,112240,에스에프씨,KOSDAQ,투자주의환기종목(소속부없음),1815,0,0.00,0,0,0,0,0,79827028710,43981834
20200227,056190,에스에프에이,KOSDAQ,우량기업부,38300,-750,-1.92,39150,39750,38300,136667,5303959550,1375305508000,35908760
20200227,080000,에스엔유,KOSDAQ,벤처기업부,3500,-155,-4.24,3660,3795,3445,721154,2615805300,120130045000,34322870
20200227,160600,에스엔텍비엠,KOSDAQ,벤처기업부,1060,0,0.00,1045,1135,1045,509139,550041365,31944375180,30136203
20200227,041510,에스엠,KOSDAQ,우량기업부,30100,-950,-3.06,31000,31600,29900,208771,6347567900,705757740100,23447101
20200227,007820,에스엠코어,KOSDAQ,중견기업부,9870,-280,-2.76,10100,10350,9750,239298,2402040680,197735047020,20033946
20200227,109610,에스와이,KOSDAQ,벤처기업부,4290,230,5.67,4015,4490,4000,691036,2962079060,107032690050,24949345
20200227,306040,에스제이그룹,KOSDAQ,벤처기업부,53000,-1500,-2.75,53900,55000,51200,36380,1909361800,174613800000,3294600
20200227,080440,에스제이케이,KOSDAQ,관리종목(소속부없음),498,0,0.00,0,0,0,0,0,6636328080,13325960
20200227,096630,에스코넥,KOSDAQ,우량기업부,2400,-315,-11.60,2690,2700,2350,4533226,11479902885,156637737600,65265724
20200227,069510,에스텍,KOSDAQ,우량기업부,10300,-150,-1.44,10500,10500,10250,8571,88853650,112373000000,10910000
20200227,041910,에스텍파마,KOSDAQ,벤처기업부,10100,-250,-2.42,10300,10650,9920,196455,2010395970,120172456300,11898263
20200227,234300,에스트래픽,KOSDAQ,우량기업부,5380,30,0.56,5300,5950,5200,231638,1296262690,64135948400,11921180
20200227,039440,에스티아이,KOSDAQ,우량기업부,18000,-1000,-5.26,19150,19800,18000,327366,6154130050,284940000000,15830000
20200227,098660,에스티오,KOSDAQ,중견기업부,2340,0,0.00,2340,2395,2270,47264,109066720,29252283840,12500976
20200227,052020,에스티큐브,KOSDAQ,중견기업부,9950,-300,-2.93,10100,10650,9850,268669,2743841690,270148778450,27150631
20200227,237690,에스티팜,KOSDAQ,우량기업부,31800,-1200,-3.64,33100,34150,31800,445502,14763679300,593260800000,18656000
20200227,050760,에스폴리텍,KOSDAQ,중견기업부,4190,-410,-8.91,4600,4720,4150,617837,2700206220,68442300820,16334678
20200227,288620,에스퓨얼셀,KOSDAQ,중견기업부,20950,-1900,-8.32,22800,23100,20850,225969,4914232400,120343420200,5744316
20200227,317830,에스피시스템스,KOSDAQ,벤처기업부,5380,-210,-3.76,5580,5640,5330,28976,158337010,43823866000,8145700
20200227,058610,에스피지,KOSDAQ,우량기업부,6140,-240,-3.76,6350,6410,6080,121687,752679840,128184626500,20876975
20200227,043340,에쎈테크,KOSDAQ,중견기업부,912,-37,-3.90,949,949,891,189730,172287020,65664000000,72000000
20200227,054630,에이디칩스,KOSDAQ,벤처기업부,1025,-55,-5.09,1080,1080,1010,1338922,1396741075,45690409225,44576009
20200227,200710,에이디테크놀로지,KOSDAQ,중견기업부,28700,-2600,-8.31,31000,31700,28550,974164,28882267350,265805997100,9261533
20200227,298380,에이비엘바이오,KOSDAQ,기술성장기업부,17950,150,0.84,18250,18850,17800,1195332,21891689100,819624373750,45661525
20200227,195990,에이비프로바이오,KOSDAQ,중견기업부,568,-33,-5.49,601,615,557,2441335,1414233020,100401807728,176763746
20200227,003800,에이스침대,KOSDAQ,우량기업부,44750,-600,-1.32,46000,46000,44250,2817,127747400,496277500000,11090000
20200227,088800,에이스테크,KOSDAQ,중견기업부,8220,-550,-6.27,8770,8780,8150,1183292,9902495970,319412940840,38858022
20200227,241840,에이스토리,KOSDAQ,중견기업부,9700,-250,-2.51,10100,10150,9540,314337,3096041030,90386928000,9318240
20200227,138360,에이씨티,KOSDAQ,관리종목(소속부없음),4480,0,0.00,0,0,0,0,0,122161688320,27268234
20200227,039230,에이아이비트,KOSDAQ,관리종목(소속부없음),251,-17,-6.34,265,276,247,4822549,1245046704,26195005823,104362573
20200227,050320,에이앤티앤,KOSDAQ,투자주의환기종목(소속부없음),1385,0,0.00,0,0,0,0,0,43851537600,31661760
20200227,312610,에이에프더블류,KOSDAQ,중견기업부,13950,-700,-4.78,14700,14900,13850,159778,2283002200,141291793800,10128444
20200227,072990,에이치시티,KOSDAQ,중견기업부,10150,-400,-3.79,10400,10600,9990,75840,768174000,69726957650,6869651
20200227,176440,에이치엔티,KOSDAQ,중견기업부,2690,165,6.53,2525,2690,2525,2111470,5545115130,230638838050,85739345
20200227,028300,에이치엘비,KOSDAQ,중견기업부,106000,15600,17.26,90400,112900,88000,4609540,474365510400,4567353546000,43088241
20200227,067630,에이치엘비생명과학,KOSDAQ,중견기업부,24700,2800,12.79,21900,27400,21150,5788393,142819543400,1162393189100,47060453
20200227,043220,에이치엘비파워,KOSDAQ,관리종목(소속부없음),1405,95,7.25,1300,1610,1285,17843196,25851271860,128017104685,91115377
20200227,239610,에이치엘사이언스,KOSDAQ,벤처기업부,59800,3300,5.84,57800,64600,57100,775560,47192691900,307500450400,5142148
20200227,044780,에이치케이,KOSDAQ,벤처기업부,1375,-30,-2.14,1420,1430,1355,53921,74243745,25445457125,18505787
20200227,071670,에이테크솔루션,KOSDAQ,중견기업부,6840,-410,-5.66,7390,7390,6790,77344,542388690,68400000000,10000000
20200227,045660,에이텍,KOSDAQ,벤처기업부,9330,-530,-5.38,9840,9950,9300,884700,8450205940,77065800000,8260000
20200227,224110,에이텍티앤,KOSDAQ,벤처기업부,8440,40,0.48,8400,8790,8330,125428,1067138980,45069600000,5340000
20200227,021080,에이티넘인베스트,KOSDAQ,벤처기업부,1705,-50,-2.85,1760,1760,1685,393102,671694935,81840000000,48000000
20200227,089530,에이티세미콘,KOSDAQ,중견기업부,607,-10,-1.62,617,621,596,247572,149696516,50457893546,83126678
20200227,109960,에이프로젠 H&G,KOSDAQ,중견기업부,720,-2,-0.28,727,771,718,945524,698705014,128660556240,178695217
20200227,089970,에이피티씨,KOSDAQ,벤처기업부,8350,-350,-4.02,8510,8660,8170,101760,849465740,194008868250,23234595
20200227,230240,에치에프알,KOSDAQ,우량기업부,37550,-850,-2.21,38600,38800,37300,942246,35888091550,449924851000,11982020
20200227,064510,에코마이스터,KOSDAQ,기술성장기업부,2075,-370,-15.13,2445,2470,2015,1910743,4192151155,27724247225,13361083
20200227,230360,에코마케팅,KOSDAQ,벤처기업부,27350,-850,-3.01,27800,28200,26950,158773,4351765750,443040926950,16198937
20200227,038870,에코바이오,KOSDAQ,중견기업부,4350,-165,-3.65,4500,4595,4310,40588,180623075,50507823900,11610994
20200227,128540,에코캡,KOSDAQ,벤처기업부,2785,-55,-1.94,2775,2900,2775,51984,146211195,40546258000,14558800
20200227,086520,에코프로,KOSDAQ,우량기업부,23850,-1050,-4.22,24850,25450,23800,471831,11525933600,526851055350,22090191
20200227,247540,에코프로비엠,KOSDAQ,벤처기업부,84700,-2800,-3.20,87600,89500,82800,806204,69195379900,1741090320200,20555966
20200227,038110,에코플라스틱,KOSDAQ,중견기업부,1465,-30,-2.01,1480,1510,1440,26631,39166075,37605627050,25669370
20200227,073540,에프알텍,KOSDAQ,벤처기업부,4635,-325,-6.55,4960,5040,4600,130839,618165130,52839000000,11400000
20200227,064090,에프앤리퍼블릭,KOSDAQ,벤처기업부,600,-74,-10.98,655,661,594,652084,405586155,40042845000,66738075
20200227,036810,에프에스티,KOSDAQ,우량기업부,8250,-280,-3.28,8520,8550,8100,577390,4773052300,166928965500,20233814
20200227,173940,에프엔씨엔터,KOSDAQ,중견기업부,7160,-80,-1.10,7240,7400,7060,5976,42779400,102852540800,14364880
20200227,083500,에프엔에스테크,KOSDAQ,벤처기업부,11650,-1050,-8.27,12600,12900,11200,348954,4164237950,86501972300,7425062
20200227,054940,엑사이엔씨,KOSDAQ,중견기업부,1340,-105,-7.27,1440,1465,1325,1798690,2511557450,44452554320,33173548
20200227,950130,엑세스바이오,KOSDAQ,외국기업(소속부없음),2770,150,5.73,2695,3100,2560,22584968,66156393555,93010115430,33577659
20200227,205100,엑셈,KOSDAQ,벤처기업부,3620,-110,-2.95,3735,3745,3515,735786,2671801905,122653828260,33882273
20200227,092870,엑시콘,KOSDAQ,우량기업부,7230,-540,-6.95,7790,7790,7060,94688,690146580,66114503640,9144468
20200227,317870,엔바이오니아,KOSDAQ,기술성장기업부,7070,-290,-3.94,7450,7520,7030,263863,1915883690,52604723850,7440555
20200227,067570,엔브이에이치코리아,KOSDAQ,우량기업부,3445,-150,-4.17,3425,3750,3250,8208172,28991645610,101194783885,29374393
20200227,101400,엔시트론,KOSDAQ,중견기업부,367,-1,-0.27,373,373,354,307213,112292184,49690508160,135396480
20200227,217820,엔에스,KOSDAQ,벤처기업부,8200,-430,-4.98,8630,8690,8160,332500,2794353130,80360000000,9800000
20200227,031860,엔에스엔,KOSDAQ,중견기업부,2190,15,0.69,2175,2270,2155,412550,911739360,57091762620,26069298
20200227,273060,엔에이치스팩12호,KOSDAQ,SPAC(소속부없음),2050,0,0.00,0,0,0,0,0,15395500000,7510000
20200227,310840,엔에이치스팩13호,KOSDAQ,SPAC(소속부없음),2065,0,0.00,2065,2065,2065,1,2065,7062300000,3420000
20200227,319400,엔에이치스팩14호,KOSDAQ,SPAC(소속부없음),2020,0,0.00,2010,2020,2010,4065,8211260,17412400000,8620000
20200227,339950,엔에이치스팩15호,KOSDAQ,SPAC(소속부없음),2020,0,0.00,2010,2020,2010,10276,20717480,13210800000,6540000
20200227,208860,엔지스테크널러지,KOSDAQ,벤처기업부,4070,-175,-4.12,4245,4305,4000,13210,54290090,40889515480,10046564
20200227,183490,엔지켐생명과학,KOSDAQ,기술성장기업부,60300,3400,5.98,56000,60800,55600,113953,6747148800,473913498600,7859262
20200227,182400,엔케이맥스,KOSDAQ,기술성장기업부,9840,-210,-2.09,10050,10100,9610,126329,1244167160,307313669760,31231064
20200227,206400,엔터메이트,KOSDAQ,관리종목(소속부없음),757,-5,-0.66,762,769,749,125139,94557690,63069163555,83314615
20200227,069410,엔텔스,KOSDAQ,벤처기업부,10400,0,0.00,10700,11750,10350,314867,3436170800,71751960800,6899227
20200227,048830,엔피케이,KOSDAQ,중견기업부,1640,-125,-7.08,1765,1780,1640,177488,297116130,30707233720,18723923
20200227,096870,엘디티,KOSDAQ,벤처기업부,2830,-75,-2.58,2930,2950,2810,17012,48975875,18899872000,6678400
20200227,061970,엘비세미콘,KOSDAQ,우량기업부,7250,-560,-7.17,7850,7880,7160,2151581,16066265890,317438292000,43784592
20200227,138690,엘아이에스,KOSDAQ,중견기업부,9270,-170,-1.80,9250,9500,9250,9425,88162690,148570021170,16026971
20200227,290650,엘앤씨바이오,KOSDAQ,벤처기업부,50000,-1000,-1.96,51300,51500,49100,87852,4421919300,367966600000,7359332
20200227,066970,엘앤에프,KOSDAQ,우량기업부,23700,-1250,-5.01,25000,25200,23500,373738,9020378350,586781877300,24758729
20200227,156100,엘앤케이바이오,KOSDAQ,관리종목(소속부없음),7010,0,0.00,0,0,0,0,0,75558939360,10778736
20200227,073110,엘엠에스,KOSDAQ,벤처기업부,13150,-900,-6.41,13850,14100,13050,142303,1911474800,116979178250,8895755
20200227,083310,엘오티베큠,KOSDAQ,우량기업부,11600,-500,-4.13,12050,12100,11300,332298,3877581350,153795769600,13258256
20200227,037950,엘컴텍,KOSDAQ,우량기업부,2235,210,10.37,2035,2330,2010,59034561,129910792000,188740204965,84447519
20200227,170920,엘티씨,KOSDAQ,벤처기업부,10150,-300,-2.87,10550,10650,10100,61383,631065600,76327421450,7519943
20200227,058630,엠게임,KOSDAQ,벤처기업부,4015,-175,-4.18,4230,4245,3880,591516,2383808390,78468666155,19543877
20200227,019590,엠벤처투자,KOSDAQ,관리종목(소속부없음),1160,0,0.00,0,0,0,0,0,69764928800,60142180
20200227,097520,엠씨넥스,KOSDAQ,중견기업부,35100,-3050,-7.99,37850,38050,35000,1197687,43360978850,627008218200,17863482
20200227,179290,엠아이텍,KOSDAQ,중견기업부,3510,-140,-3.84,3655,3690,3500,156194,558716420,106786688580,30423558
20200227,009780,엠에스씨,KOSDAQ,우량기업부,4055,-135,-3.22,4055,4135,4020,102483,416419015,71368000000,17600000
20200227,123040,엠에스오토텍,KOSDAQ,우량기업부,6000,220,3.81,5740,6090,5500,2500546,14541457100,204110826000,34018471
20200227,032790,엠젠플러스,KOSDAQ,관리종목(소속부없음),4075,0,0.00,0,0,0,0,0,69550547425,17067619
20200227,033160,엠케이전자,KOSDAQ,우량기업부,7830,-520,-6.23,8350,8350,7730,379006,3029162390,170754204870,21807689
20200227,259630,엠플러스,KOSDAQ,벤처기업부,23600,-1450,-5.79,24850,25300,23400,124506,3013437550,121958026800,5167713
20200227,115960,연우,KOSDAQ,우량기업부,20800,-550,-2.58,21350,21450,20650,64172,1341244250,257878400000,12398000
20200227,090740,연이정보통신,KOSDAQ,중견기업부,5420,20,0.37,5450,5600,5310,58341,317173180,102430146420,18898551
20200227,007530,영신금속,KOSDAQ,투자주의환기종목(소속부없음),1790,5,0.28,1785,1790,1740,66560,117797330,22971012720,12832968
20200227,143540,영우디에스피,KOSDAQ,벤처기업부,1885,-95,-4.80,1980,1985,1785,1046498,1956163765,56914760695,30193507
20200227,036180,영인프런티어,KOSDAQ,중견기업부,3525,-225,-6.00,3685,3765,3525,240754,873917695,62041202025,17600341
20200227,036560,영풍정밀,KOSDAQ,우량기업부,7800,30,0.39,7730,7840,7650,71059,547639620,122850000000,15750000
20200227,265560,영화테크,KOSDAQ,벤처기업부,12300,100,0.82,12350,13100,12150,308527,3906248250,65744607000,5345090
20200227,036000,예림당,KOSDAQ,중견기업부,2970,-95,-3.10,3065,3115,2915,68646,207043660,68411802690,23034277
20200227,250930,예선테크,KOSDAQ,벤처기업부,2740,-125,-4.36,2860,2970,2725,285826,807678175,90421205600,33000440
20200227,053280,예스24,KOSDAQ,투자주의환기종목(소속부없음),5600,-180,-3.11,5770,5790,5260,62917,352085910,96320000000,17200000
20200227,122640,예스티,KOSDAQ,벤처기업부,9020,-430,-4.55,9420,9500,9000,139218,1272611660,126310018560,14003328
20200227,900300,오가닉티코스메틱,KOSDAQ,외국기업(소속부없음),1175,-40,-3.29,1225,1260,1110,2266792,2725024810,66886875000,56925000
20200227,045060,오공,KOSDAQ,우량기업부,6480,-1050,-13.94,7560,7620,6320,5239695,35981845370,109783991520,16941974
20200227,080520,오디텍,KOSDAQ,벤처기업부,4480,-205,-4.38,4685,4750,4450,96036,437964820,52624808320,11746609
20200227,039830,오로라,KOSDAQ,우량기업부,11200,-500,-4.27,11750,11950,11200,165402,1894142600,120544368000,10762890
20200227,046120,오르비텍,KOSDAQ,우량기업부,2910,-75,-2.51,2960,3055,2895,186543,555798635,69230567430,23790573
20200227,014940,오리엔탈정공,KOSDAQ,중견기업부,773,-32,-3.98,752,797,752,587339,453965468,35228439953,45573661
20200227,065500,오리엔트정공,KOSDAQ,중견기업부,342,-12,-3.39,354,359,336,755061,259746279,40087380204,117214562
20200227,010470,오리콤,KOSDAQ,우량기업부,4450,-100,-2.20,4505,4545,4425,17909,80257090,52083022500,11704050
20200227,053980,오상자이엘,KOSDAQ,중견기업부,6200,-550,-8.15,7130,7260,6170,1135611,7650013900,110036868400,17747882
20200227,052420,오성첨단소재,KOSDAQ,중견기업부,2125,-60,-2.75,2175,2310,2120,3105556,6914200475,131678228125,61966225
20200227,241790,오션브릿지,KOSDAQ,벤처기업부,10350,-150,-1.43,10500,10650,10100,152831,1570384250,103527261900,10002634
20200227,039200,오스코텍,KOSDAQ,벤처기업부,21650,1700,8.52,19750,21850,19750,914289,19396504100,632186733150,29200311
20200227,226400,오스테오닉,KOSDAQ,기술성장기업부,3520,-50,-1.40,3555,3660,3405,18147,63609355,29773800320,8458466
20200227,031510,오스템,KOSDAQ,중견기업부,1910,-90,-4.50,1995,2010,1875,542603,1050063875,49660000000,26000000
20200227,048260,오스템임플란트,KOSDAQ,우량기업부,35500,-300,-0.84,35600,35850,34900,143180,5042631550,507142953500,14285717
20200227,138080,오이솔루션,KOSDAQ,벤처기업부,38700,-2200,-5.38,41000,41300,38400,390509,15372054450,411152476500,10624095
20200227,080580,오킨스전자,KOSDAQ,벤처기업부,3680,20,0.55,3660,3715,3590,23344,84897440,25729857120,6991809
20200227,067170,오텍,KOSDAQ,우량기업부,11400,-550,-4.60,11900,12200,11150,617281,7203872800,175464297000,15391605
20200227,173130,오파스넷,KOSDAQ,관리종목(소속부없음),7630,-130,-1.68,7950,7950,7500,10699,81890490,30717632260,4025902
20200227,049480,오픈베이스,KOSDAQ,중견기업부,2940,-125,-4.08,3105,3115,2910,742335,2219474755,92381806020,31422383
20200227,244460,올리패스,KOSDAQ,기술성장기업부,15600,-450,-2.80,16000,16750,15250,81509,1289100400,249116415600,15969001
20200227,226950,올릭스,KOSDAQ,기술성장기업부,33550,-600,-1.76,36150,39100,33500,566605,20499243100,219085559550,6530121
20200227,057540,옴니시스템,KOSDAQ,우량기업부,1680,-55,-3.17,1725,1760,1670,420184,716189250,68340745200,40679015
20200227,057680,옴니텔,KOSDAQ,관리종목(소속부없음),1470,-50,-3.29,1520,1520,1450,158951,235022625,59527289850,40494755
20200227,082210,옵트론텍,KOSDAQ,우량기업부,6440,-380,-5.57,6820,6850,6370,846985,5541347220,152473124440,23675951
20200227,109080,옵티시스,KOSDAQ,벤처기업부,7880,-170,-2.11,8050,8200,7730,28858,227333620,44411680000,5636000
20200227,153710,옵티팜,KOSDAQ,기술성장기업부,7210,-10,-0.14,7150,7480,7130,54730,398780030,103663635180,14377758
20200227,052770,와이디온라인,KOSDAQ,관리종목(소속부없음),4460,0,0.00,0,0,0,0,0,32518212340,7291079
20200227,122990,와이솔,KOSDAQ,우량기업부,13250,-850,-6.03,14100,14150,13100,513885,6871320250,373278218250,28171941
20200227,232140,와이아이케이,KOSDAQ,우량기업부,3750,-245,-6.13,3950,4010,3700,461257,1761678430,238186571250,63516419
20200227,067900,와이엔텍,KOSDAQ,우량기업부,9760,-340,-3.37,10150,10200,9750,332063,3283383190,177628671840,18199659
20200227,155650,와이엠씨,KOSDAQ,우량기업부,9950,-400,-3.86,10350,10450,9670,313506,3121301580,198744862100,19974358
20200227,251370,와이엠티,KOSDAQ,벤처기업부,27650,-1000,-3.49,28700,29300,27550,69489,1964805750,204753780000,7405200
20200227,066430,와이오엠,KOSDAQ,중견기업부,1960,-60,-2.97,2025,2145,1950,665395,1360655325,29073162160,14833246
20200227,193250,와이제이엠게임즈,KOSDAQ,중견기업부,1695,-95,-5.31,1800,1840,1690,520264,903460200,91779563325,54147235
20200227,019210,와이지-원,KOSDAQ,우량기업부,5710,0,0.00,5700,5780,5670,118332,676060240,174576506490,30573819
20200227,122870,와이지엔터테인먼트,KOSDAQ,우량기업부,32000,250,0.79,32000,33750,31500,448357,14654017100,582521888000,18203809
20200227,079000,와토스코리아,KOSDAQ,중견기업부,5130,10,0.20,5120,5200,5070,12805,64995610,36936000000,7200000
20200227,114630,우노앤컴퍼니,KOSDAQ,중견기업부,3625,80,2.26,3545,3720,3445,32853,118880680,49205623125,13573965
20200227,032820,우리기술,KOSDAQ,벤처기업부,850,-7,-0.82,853,875,850,1061664,913074893,85464720500,100546730
20200227,041190,우리기술투자,KOSDAQ,벤처기업부,2330,-140,-5.67,2450,2465,2330,1039092,2473175265,195720000000,84000000
20200227,115440,우리넷,KOSDAQ,벤처기업부,9160,-390,-4.08,9500,9720,9050,168522,1565647700,83694407040,9136944
20200227,046970,우리로,KOSDAQ,벤처기업부,1890,-65,-3.32,1980,1980,1875,245592,468540525,50797354230,26876907
20200227,082850,우리바이오,KOSDAQ,중견기업부,1015,-30,-2.87,1040,1065,1000,190795,195857135,45591646170,44917878
20200227,215360,우리산업,KOSDAQ,우량기업부,22850,-700,-2.97,23200,23700,22550,124584,2866811150,208669924550,9132163
20200227,072470,우리산업홀딩스,KOSDAQ,우량기업부,5700,-440,-7.17,6070,6140,5570,192480,1127028820,107657843700,18887341
20200227,073560,우리손에프앤지,KOSDAQ,우량기업부,1775,0,0.00,1780,1815,1760,713769,1271171500,122896816325,69237643
20200227,153490,우리이앤엘,KOSDAQ,중견기업부,1050,-5,-0.47,1055,1070,1010,275350,283472510,52395000000,49900000
20200227,037400,우리조명,KOSDAQ,중견기업부,1180,-35,-2.88,1215,1230,1145,140758,165442240,29409548280,24923346
20200227,101170,우림기계,KOSDAQ,벤처기업부,3155,-5,-0.16,3160,3185,3145,32625,103202595,42592500000,13500000
20200227,066590,우수AMS,KOSDAQ,우량기업부,4240,-335,-7.32,4470,4485,4240,1885382,8210435710,104703844720,24694303
20200227,103840,우양,KOSDAQ,벤처기업부,4390,-155,-3.41,4525,4640,4225,1202261,5308214875,56446620000,12858000
20200227,046940,우원개발,KOSDAQ,중견기업부,6420,-360,-5.31,6730,6860,6420,448182,2970350760,116037327000,18074350
20200227,215380,우정바이오,KOSDAQ,벤처기업부,7450,-650,-8.02,8180,8450,7260,4521569,36384922820,82656796400,11094872
20200227,065680,우주일렉트로,KOSDAQ,우량기업부,13700,-500,-3.52,14000,14150,13400,77229,1059789300,136098814000,9934220
20200227,018620,우진비앤지,KOSDAQ,중견기업부,2460,50,2.07,2480,2825,2380,6571186,17278577580,63878851980,25967013
20200227,032940,원익,KOSDAQ,중견기업부,3560,-105,-2.86,3665,3690,3495,55413,198150950,64767898800,18193230
20200227,240810,원익IPS,KOSDAQ,우량기업부,32900,-1500,-4.36,34100,34650,32700,470327,15703956800,1614860342900,49083901
20200227,074600,원익QnC,KOSDAQ,우량기업부,14700,-800,-5.16,15500,15600,14400,542009,8028761800,386433600000,26288000
20200227,104830,원익머트리얼즈,KOSDAQ,우량기업부,23550,-1650,-6.55,24950,25100,23550,86419,2077353400,296918400000,12608000
20200227,014190,원익큐브,KOSDAQ,중견기업부,1675,-55,-3.18,1740,1755,1650,242463,408786245,59294842550,35399906
20200227,030530,원익홀딩스,KOSDAQ,우량기업부,4685,-205,-4.19,4840,4910,4635,252617,1196780745,361859940985,77237981
20200227,012620,원일특강,KOSDAQ,우량기업부,8600,-70,-0.81,8670,9100,8590,6832,59188100,37840000000,4400000
20200227,008370,원풍,KOSDAQ,우량기업부,3840,-30,-0.78,3930,3930,3835,15432,59559595,46080000000,12000000
20200227,008290,원풍물산,KOSDAQ,중견기업부,3435,-205,-5.63,3490,3650,3345,2492442,8774017145,139782787365,40693679
20200227,101160,월덱스,KOSDAQ,우량기업부,7620,-380,-4.75,8000,8030,7460,609735,4665898320,125813766660,16510993
20200227,095270,웨이브일렉트로,KOSDAQ,벤처기업부,18600,-400,-2.11,19000,19200,18000,27928,512500150,204741620400,11007614
20200227,065950,웰크론,KOSDAQ,중견기업부,6560,-550,-7.74,7170,7250,6180,11080255,74597578160,185197341120,28231302
20200227,076080,웰크론한텍,KOSDAQ,중견기업부,1685,-60,-3.44,1745,1755,1665,60663,103846475,33666471870,19980102
20200227,196700,웹스,KOSDAQ,벤처기업부,1945,20,1.04,1925,1945,1850,85619,162927190,26643535820,13698476
20200227,069080,웹젠,KOSDAQ,우량기업부,15400,-700,-4.35,16300,16300,15100,229659,3595066900,543787613600,35310884
20200227,053580,웹케시,KOSDAQ,벤처기업부,43000,-2550,-5.60,46350,46350,42350,36999,1612756850,290837165000,6763655
20200227,071460,위니아딤채,KOSDAQ,중견기업부,2995,-95,-3.07,3045,3140,2960,258312,778239410,107722048525,35967295
20200227,044340,위닉스,KOSDAQ,우량기업부,25300,-1000,-3.80,26350,26700,24650,438655,11183705250,452197652500,17873425
20200227,112040,위메이드,KOSDAQ,중견기업부,31550,-1850,-5.54,33400,33700,31250,147867,4778405300,530040000000,16800000
20200227,065370,위세아이텍,KOSDAQ,기술성장기업부,9750,-450,-4.41,10200,10400,9750,70549,706261860,41851875000,4292500
20200227,038620,위즈코프,KOSDAQ,중견기업부,1065,-35,-3.18,1100,1120,1050,427577,460864765,41354772180,38830772
20200227,299900,위지윅스튜디오,KOSDAQ,중견기업부,4480,-175,-3.76,4645,4700,4425,298595,1355707715,130508497280,29131361
20200227,036090,위지트,KOSDAQ,중견기업부,732,-18,-2.40,751,763,729,398114,296315895,61482865752,83992986
20200227,136540,윈스,KOSDAQ,우량기업부,14200,-900,-5.96,14950,14950,14150,159239,2306618550,172381794600,12139563
20200227,097800,윈팩,KOSDAQ,중견기업부,2240,-105,-4.48,2340,2390,2190,2619400,5969978845,83441982400,37250885
20200227,192390,윈하이텍,KOSDAQ,벤처기업부,3085,45,1.48,3095,3255,3015,65613,205033190,32876524160,10656896
20200227,313760,윌링스,KOSDAQ,벤처기업부,9950,-100,-1.00,10050,10700,9900,60608,620348670,48376900000,4862000
20200227,900340,윙입푸드,KOSDAQ,외국기업(소속부없음),1785,-20,-1.11,1810,1855,1750,475277,857935090,85632568980,47973428
20200227,215090,유니맥스글로벌,KOSDAQ,중견기업부,1285,-25,-1.91,1310,1320,1225,371444,471582480,26020094785,20249101
20200227,036200,유니셈,KOSDAQ,우량기업부,5950,-260,-4.19,6150,6270,5870,599518,3612844570,182452126850,30664223
20200227,018000,유니슨,KOSDAQ,중견기업부,881,-19,-2.11,900,910,878,142268,126242527,82462133886,93600606
20200227,203450,유니온커뮤니티,KOSDAQ,벤처기업부,2755,-5,-0.18,2750,2800,2715,60973,168235140,40440664285,14679007
20200227,011320,유니크,KOSDAQ,우량기업부,6020,-300,-4.75,6340,6390,5920,420278,2568344820,116310583900,19320695
20200227,086390,유니테스트,KOSDAQ,우량기업부,14650,-750,-4.87,15350,15500,14450,560819,8305915300,309614945900,21134126
20200227,241690,유니테크노,KOSDAQ,우량기업부,11050,-300,-2.64,11400,11500,11000,8626,95917500,131799096000,11927520
20200227,142210,유니트론텍,KOSDAQ,중견기업부,5180,-260,-4.78,5420,5520,5080,90818,472641980,55176619260,10651857
20200227,048430,유라테크,KOSDAQ,우량기업부,6030,-70,-1.15,6180,6180,5810,86339,521479340,69465600000,11520000
20200227,206650,유바이오로직스,KOSDAQ,기술성장기업부,6480,-210,-3.14,6800,6800,6300,205446,1336871730,173615354640,26792493
20200227,089850,유비벨록스,KOSDAQ,벤처기업부,5460,-260,-4.55,5700,5750,5450,24859,137763670,38851705620,7115697
20200227,032620,유비케어,KOSDAQ,우량기업부,5120,-180,-3.40,5360,5360,5060,502702,2596986750,267249351680,52197139
20200227,264450,유비쿼스,KOSDAQ,우량기업부,27250,-1750,-6.03,28900,28900,27000,78566,2167812050,139627773750,5123955
20200227,078070,유비쿼스홀딩스,KOSDAQ,우량기업부,32500,-1300,-3.85,34100,34250,31600,417584,13587713500,607640410000,18696628
20200227,024800,유성티엔에스,KOSDAQ,우량기업부,2365,-90,-3.67,2440,2465,2365,75681,180968310,64360116700,27213580
20200227,054930,유신,KOSDAQ,중견기업부,15300,-700,-4.38,16100,16400,15300,17704,279440600,45900000000,3000000
20200227,069330,유아이디,KOSDAQ,관리종목(소속부없음),1055,0,0.00,0,0,0,0,0,12541620560,11887792
20200227,049520,유아이엘,KOSDAQ,우량기업부,4700,-15,-0.32,4710,4735,4660,25382,119185125,102389199200,21784936
20200227,287410,유안타제3호스팩,KOSDAQ,SPAC(소속부없음),2100,15,0.72,2110,2110,2055,19,39830,8893500000,4235000
20200227,313750,유안타제4호스팩,KOSDAQ,SPAC(소속부없음),2035,-5,-0.25,2045,2045,2005,915,1839635,9462750000,4650000
20200227,336060,유안타제5호스팩,KOSDAQ,SPAC(소속부없음),2015,0,0.00,2015,2015,2015,1,2015,11948950000,5930000
20200227,340360,유안타제6호스팩,KOSDAQ,SPAC(소속부없음),2015,0,0.00,2005,2015,2005,20008,40116070,13792675000,6845000
20200227,056090,유앤아이,KOSDAQ,기술성장기업부,4810,-310,-6.05,5140,5150,4800,48943,239655770,37349140140,7764894
20200227,263770,유에스티,KOSDAQ,우량기업부,4015,-295,-6.84,4295,4335,4010,189082,779194985,95156190580,23700172
20200227,023410,유진기업,KOSDAQ,우량기업부,3850,-80,-2.04,3920,3985,3850,313973,1230995040,297646822550,77310863
20200227,056080,유진로봇,KOSDAQ,벤처기업부,2485,-125,-4.79,2590,2615,2475,173031,436626805,93217697720,37512152
20200227,321260,유진스팩4호,KOSDAQ,SPAC(소속부없음),2030,5,0.25,2025,2030,2015,19331,39037570,7084700000,3490000
20200227,331380,유진스팩5호,KOSDAQ,SPAC(소속부없음),2035,5,0.25,2035,2035,2020,10006,20212210,8160350000,4010000
20200227,084370,유진테크,KOSDAQ,우량기업부,19600,-250,-1.26,19950,20650,19600,389778,7800306250,449154423200,22916042
20200227,178780,유테크,KOSDAQ,관리종목(소속부없음),2600,-240,-8.45,2800,2830,2450,424854,1122016845,63878804600,24568771
20200227,179900,유티아이,KOSDAQ,벤처기업부,15650,-850,-5.15,16500,16700,15300,229553,3662551500,248285606750,15864895
20200227,263050,유틸렉스,KOSDAQ,기술성장기업부,52400,-2600,-4.73,54500,56100,51800,86183,4633887200,389052917600,7424674
20200227,191410,육일씨엔에쓰,KOSDAQ,벤처기업부,2230,-30,-1.33,2260,2275,2190,38861,86704260,20879539060,9363022
20200227,072770,율호,KOSDAQ,중견기업부,1205,-5,-0.41,1210,1230,1180,221895,266188920,43328809190,35957518
20200227,039020,이건홀딩스,KOSDAQ,우량기업부,2310,-50,-2.12,2405,2410,2285,45312,104545915,52170677790,22584709
20200227,060230,이그잭스,KOSDAQ,중견기업부,1870,30,1.63,1825,1910,1775,1877813,3482031530,133886045920,71596816
20200227,067920,이글루시큐리티,KOSDAQ,벤처기업부,4155,-10,-0.24,4180,4260,4100,6158,25394810,45688874445,10996119
20200227,044960,이글벳,KOSDAQ,중견기업부,6220,-140,-2.20,6360,6560,6160,570374,3633978520,78632512260,12641883
20200227,302430,이노메트리,KOSDAQ,벤처기업부,15150,-1100,-6.77,16400,16400,14900,194115,3005940500,146200772400,9650216
20200227,073490,이노와이어리스,KOSDAQ,벤처기업부,39750,-2150,-5.13,41750,42650,39500,201930,8219537300,238599375000,6002500
20200227,215790,이노인스트루먼트,KOSDAQ,중견기업부,1855,70,3.92,1930,2305,1800,1887867,3972051685,37625241395,20283149
20200227,246960,이노테라피,KOSDAQ,기술성장기업부,10200,-100,-0.97,10300,10600,9810,13725,139026650,51450676800,5044184
20200227,088390,이녹스,KOSDAQ,우량기업부,5110,-60,-1.16,5100,5240,5040,8170,41903750,47782812840,9350844
20200227,272290,이녹스첨단소재,KOSDAQ,우량기업부,44750,-2400,-5.09,46950,47350,44450,117224,5342740800,413150795000,9232420
20200227,053350,이니텍,KOSDAQ,우량기업부,5190,-250,-4.60,5380,5450,5160,44645,233721960,102714854040,19790916
20200227,258610,이더블유케이,KOSDAQ,벤처기업부,15700,500,3.29,15400,15900,15200,84740,1324916600,151865220800,9672944
20200227,041520,이라이콤,KOSDAQ,중견기업부,4285,-255,-5.62,4540,4540,4285,48139,209858940,52228708050,12188730
20200227,264850,이랜시스,KOSDAQ,중견기업부,1990,-30,-1.49,2015,2090,1955,35296,71156220,53833105880,27051812
20200227,054210,이랜텍,KOSDAQ,중견기업부,4710,-160,-3.29,4900,4900,4600,273477,1298540015,103551384720,21985432
20200227,065440,이루온,KOSDAQ,벤처기업부,1490,-75,-4.79,1565,1585,1455,770821,1169332935,40639779800,27275020
20200227,036260,이매진아시아,KOSDAQ,관리종목(소속부없음),2220,0,0.00,0,0,0,0,0,97187539620,43778171
20200227,115610,이미지스,KOSDAQ,벤처기업부,2910,-45,-1.52,2965,2965,2820,19404,55967030,22317162480,7669128
20200227,323210,이베스트이안스팩1호,KOSDAQ,SPAC(소속부없음),2055,20,0.98,2015,2055,2015,2600,5264440,6576000000,3200000
20200227,078020,이베스트투자증권,KOSDAQ,중견기업부,4960,-35,-0.70,4980,5030,4950,64068,318909440,275186702400,55481190
20200227,080010,이상네트웍스,KOSDAQ,중견기업부,6770,-90,-1.31,6860,6860,6700,1019,6924680,61031550000,9015000
20200227,086890,이수앱지스,KOSDAQ,기술성장기업부,5920,-110,-1.82,6040,6200,5920,85307,516464610,157621728640,26625292
20200227,047560,이스트소프트,KOSDAQ,벤처기업부,6400,20,0.31,6450,6630,6310,33762,215729640,63356160000,9899400
20200227,900110,이스트아시아홀딩스,KOSDAQ,관리종목(소속부없음),230,0,0.00,0,0,0,0,0,25070157780,109000686
20200227,067010,이씨에스,KOSDAQ,벤처기업부,5520,-460,-7.69,5700,5790,5370,509273,2832208940,36383368800,6591190
20200227,223310,이에스브이,KOSDAQ,관리종목(소속부없음),148,10,7.25,122,159,121,19087908,2703296023,19418771568,131207916
20200227,052190,이에스에이,KOSDAQ,중견기업부,958,-167,-14.84,1090,1125,904,5666792,5737322091,43877845622,45801509
20200227,226360,이엑스티,KOSDAQ,벤처기업부,2620,-95,-3.50,2725,2725,2525,208721,541177610,76902305500,29352025
20200227,102710,이엔에프테크놀로지,KOSDAQ,우량기업부,24550,-1000,-3.91,25550,25700,23900,398348,9813051000,349293373800,14227836
20200227,094190,이엘케이,KOSDAQ,투자주의환기종목(소속부없음),787,0,0.00,0,0,0,0,0,56922108455,72327965
20200227,063760,이엘피,KOSDAQ,벤처기업부,8740,-180,-2.02,9060,9060,8650,27218,239621690,42917770000,4910500
20200227,123570,이엠넷,KOSDAQ,중견기업부,3860,-40,-1.03,3870,4015,3800,285473,1110664400,85985661080,22276078
20200227,095190,이엠코리아,KOSDAQ,중견기업부,3485,-205,-5.56,3690,3735,3420,498929,1775545700,126619473440,36332704
20200227,091120,이엠텍,KOSDAQ,우량기업부,8760,-470,-5.09,9490,9490,8570,102095,912541530,140693799360,16060936
20200227,039030,이오테크닉스,KOSDAQ,우량기업부,94200,-7400,-7.28,100600,101300,93400,171095,16512062400,1160501610000,12319550
20200227,088290,이원컴포텍,KOSDAQ,중견기업부,7680,-250,-3.15,8010,8330,6570,1496987,11360250430,130927610880,17047866
20200227,181340,이즈미디어,KOSDAQ,벤처기업부,4560,-255,-5.30,4815,4900,4340,137196,640926975,32125656000,7045100
20200227,035810,이지바이오,KOSDAQ,우량기업부,4415,-110,-2.43,4490,4570,4375,290006,1293245290,255749254665,57927351
20200227,090850,이지웰페어,KOSDAQ,벤처기업부,10850,-350,-3.13,11300,11300,10450,191374,2070349850,121206727950,11171127
20200227,099750,이지케어텍,KOSDAQ,벤처기업부,15950,-600,-3.63,16600,16950,15900,54700,886952300,101856700000,6386000
20200227,092130,이크레더블,KOSDAQ,중견기업부,18850,-50,-0.26,18850,18900,18650,22335,419759100,227021860000,12043600
20200227,016250,이테크건설,KOSDAQ,우량기업부,55300,-800,-1.43,55600,56700,55000,6078,337667800,154840000000,2800000
20200227,096040,이트론,KOSDAQ,중견기업부,185,-7,-3.65,194,195,178,3107525,580977628,64675768380,349598748
20200227,134060,이퓨쳐,KOSDAQ,벤처기업부,6680,220,3.41,6570,6910,6430,288822,1924362950,31858590000,4769250
20200227,001840,이화공영,KOSDAQ,중견기업부,4390,0,0.00,4360,4485,4320,150573,662696370,86947286400,19805760
20200227,024810,이화전기,KOSDAQ,중견기업부,191,-5,-2.55,195,197,189,4463192,856850843,137197598112,718312032
20200227,041830,인바디,KOSDAQ,우량기업부,20350,-300,-1.45,20550,20850,20300,78563,1610346500,278464963700,13683782
20200227,079950,인베니아,KOSDAQ,중견기업부,2230,-15,-0.67,2265,2315,2200,44283,98493395,51736000000,23200000
20200227,277410,인산가,KOSDAQ,벤처기업부,1690,-65,-3.70,1775,1790,1670,1015723,1747728760,44798268190,26507851
20200227,060150,인선이엔티,KOSDAQ,우량기업부,7260,-290,-3.84,7480,7590,7220,387693,2857538320,278720707320,38391282
20200227,033230,인성정보,KOSDAQ,중견기업부,3115,-275,-8.11,3350,3675,3020,1225305,4156708275,59678014165,19158271
20200227,037330,인지디스플레,KOSDAQ,우량기업부,1950,-85,-4.18,2040,2085,1950,748094,1498360380,85576186800,43885224
20200227,083640,인콘,KOSDAQ,벤처기업부,1325,-55,-3.99,1375,1405,1310,924839,1241964415,105133314850,79345898
20200227,216050,인크로스,KOSDAQ,중견기업부,25650,-600,-2.29,26300,26500,25450,30788,798740350,206656330050,8056777
20200227,049070,인탑스,KOSDAQ,우량기업부,12700,-800,-5.93,13450,13600,12500,164072,2109310400,218440000000,17200000
20200227,119610,인터로조,KOSDAQ,우량기업부,25450,-850,-3.23,26450,26450,25450,20086,518155300,288718034000,11344520
20200227,017250,인터엠,KOSDAQ,중견기업부,2725,105,4.01,2610,2725,2590,300153,797002860,57348897575,21045467
20200227,108790,인터파크,KOSDAQ,중견기업부,4270,-60,-1.39,4335,4345,4225,26585,113827965,141573899600,33155480
20200227,035080,인터파크홀딩스,KOSDAQ,중견기업부,1895,-35,-1.81,1930,1940,1870,130971,248202565,110857500000,58500000
20200227,051370,인터플렉스,KOSDAQ,중견기업부,13200,-1000,-7.04,14150,14150,13050,330563,4447568250,307922630400,23327472
20200227,064290,인텍플러스,KOSDAQ,벤처기업부,7670,-700,-8.36,8400,8420,7670,400518,3184084710,96066458540,12524962
20200227,189300,인텔리안테크,KOSDAQ,우량기업부,32700,-3400,-9.42,36100,36200,32400,358650,12140794850,246574415400,7540502
20200227,150840,인트로메딕,KOSDAQ,기술성장기업부,2840,-30,-1.05,2805,2990,2745,899513,2585937805,71246807360,25086904
20200227,048530,인트론바이오,KOSDAQ,기술성장기업부,11350,-350,-2.99,11700,12050,11150,224697,2596077900,340621955750,30010745
20200227,175140,인포마크,KOSDAQ,벤처기업부,8500,-350,-3.95,8850,9150,8500,7264,63852770,31052676000,3653256
20200227,115310,인포바인,KOSDAQ,벤처기업부,20050,-50,-0.25,20400,20400,20000,458,9247100,64017304150,3192883
20200227,039290,인포뱅크,KOSDAQ,중견기업부,7890,-190,-2.35,8030,8300,7550,377459,2994489800,68595486420,8693978
20200227,041020,인프라웨어,KOSDAQ,벤처기업부,1200,-20,-1.64,1215,1230,1170,131822,157591685,44955792000,37463160
20200227,071200,인피니트헬스케어,KOSDAQ,중견기업부,6000,-170,-2.76,6140,6310,5970,308758,1891386130,146378748000,24396458
20200227,101930,인화정공,KOSDAQ,중견기업부,4565,-70,-1.51,4635,4900,4565,7765,36022400,42599233325,9331705
20200227,068330,일신바이오,KOSDAQ,중견기업부,1860,-85,-4.37,1955,1980,1840,1231955,2337820975,82242020400,44216140
20200227,058450,일야,KOSDAQ,벤처기업부,1200,-85,-6.61,1285,1290,1195,168828,206933810,19080000000,15900000
20200227,019540,일지테크,KOSDAQ,우량기업부,3635,145,4.15,3485,3750,3460,1524682,5547069850,49121572500,13513500
20200227,094820,일진파워,KOSDAQ,우량기업부,4625,-15,-0.32,4640,4670,4590,35849,165720135,69739029125,15078709
20200227,950140,잉글우드랩,KOSDAQ,외국기업(소속부없음),4800,-30,-0.62,4750,4840,4690,29626,141305055,95365756800,19867866
20200227,049550,잉크테크,KOSDAQ,벤처기업부,3300,-100,-2.94,3400,3435,3270,41304,137315355,52865775600,16019932
20200227,254120,자비스,KOSDAQ,기술성장기업부,2165,-130,-5.66,2290,2365,2105,361486,804200810,40390789910,18656254
20200227,043910,자연과환경,KOSDAQ,중견기업부,1230,-75,-5.75,1285,1375,1205,9386768,12113616200,65373709110,53149357
20200227,234920,자이글,KOSDAQ,우량기업부,4140,-125,-2.93,4270,4300,4075,44714,185711965,56017967400,13530910
20200227,174880,장원테크,KOSDAQ,중견기업부,2455,-160,-6.12,2595,2650,2415,941340,2358131055,79122217095,32229009
20200227,049630,재영솔루텍,KOSDAQ,중견기업부,968,-12,-1.22,980,990,964,577989,561334720,70465479656,72794917
20200227,110020,전진바이오팜,KOSDAQ,기술성장기업부,5800,-230,-3.81,5870,6030,5650,10394,60851810,27816382400,4795928
20200227,065530,전파기지국,KOSDAQ,우량기업부,3575,-215,-5.67,3800,3810,3570,596489,2195247970,188974500000,52860000
20200227,208140,정다운,KOSDAQ,벤처기업부,2305,-60,-2.54,2350,2415,2280,306606,715269055,47321244320,20529824
20200227,022220,정산애강,KOSDAQ,우량기업부,1825,-25,-1.35,1850,1930,1780,3560894,6660480170,94525106675,51794579
20200227,040420,정상제이엘에스,KOSDAQ,우량기업부,7130,-70,-0.97,7200,7210,7110,31994,228834830,111780945760,15677552
20200227,045510,정원엔시스,KOSDAQ,중견기업부,1580,-5,-0.32,1555,1605,1540,31042,48658460,50890681360,32209292
20200227,065620,제낙스,KOSDAQ,벤처기업부,8490,-490,-5.46,9690,9900,8150,4037285,36756363030,190912456560,22486744
20200227,217190,제너셈,KOSDAQ,벤처기업부,3795,-175,-4.41,3970,4060,3760,113921,443663525,33279015330,8769174
20200227,095700,제넥신,KOSDAQ,기술성장기업부,59800,-700,-1.16,61500,63300,59400,533579,32837867700,1420925560600,23761297
20200227,072520,제넨바이오,KOSDAQ,중견기업부,1330,-100,-6.99,1425,1425,1325,544011,743259220,121181490990,91113903
20200227,122310,제노레이,KOSDAQ,벤처기업부,9890,-260,-2.56,10250,10400,9380,172593,1708802880,48662380180,4920362
20200227,187420,제노포커스,KOSDAQ,기술성장기업부,4525,-130,-2.79,4610,4735,4525,69754,321242590,98818140075,21838263
20200227,123330,제닉,KOSDAQ,벤처기업부,4275,-5,-0.12,4280,4305,4125,25714,108555820,29925000000,7000000
20200227,159580,제로투세븐,KOSDAQ,중견기업부,9680,-670,-6.47,10300,10350,9590,237132,2333856190,193915916480,20032636
20200227,147830,제룡산업,KOSDAQ,벤처기업부,4550,-170,-3.60,4720,4750,4535,42137,193841965,45500000000,10000000
20200227,033100,제룡전기,KOSDAQ,벤처기업부,4995,-155,-3.01,5110,5220,4980,112236,566026025,80231732955,16062409
20200227,079370,제우스,KOSDAQ,우량기업부,11800,-600,-4.84,12400,12500,11500,93674,1102014050,122531200000,10384000
20200227,054950,제이브이엠,KOSDAQ,우량기업부,23500,-450,-1.88,23600,24550,23000,12310,287859200,148776338000,6330908
20200227,096690,제이스테판,KOSDAQ,벤처기업부,1090,-85,-7.23,1170,1175,1075,340307,380463610,42140115040,38660656
20200227,090470,제이스텍,KOSDAQ,우량기업부,10950,-650,-5.60,11600,11850,10800,167538,1871994200,159845997600,14597808
20200227,137950,제이씨케미칼,KOSDAQ,우량기업부,4880,-250,-4.87,5090,5190,4880,321259,1599045365,108381471840,22209318
20200227,033320,제이씨현시스템,KOSDAQ,우량기업부,4615,-395,-7.88,5000,5000,4585,346666,1652259875,88213103680,19114432
20200227,026040,제이에스티나,KOSDAQ,중견기업부,2960,-80,-2.63,3040,3065,2910,76722,227661250,48851218400,16503790
20200227,126880,제이엔케이히터,KOSDAQ,중견기업부,3990,-90,-2.21,4125,4160,3940,267412,1073338590,89139301230,22340677
20200227,322510,제이엘케이인스펙션,KOSDAQ,기술성장기업부,7140,-160,-2.19,7380,7380,7100,130827,935773210,106862502180,14966737
20200227,033050,제이엠아이,KOSDAQ,중견기업부,1890,-50,-2.58,1940,2030,1830,1223539,2326024180,61574956380,32579342
20200227,094970,제이엠티,KOSDAQ,중견기업부,2910,-145,-4.75,3035,3060,2850,108627,317767285,48737378400,16748240
20200227,058420,제이웨이,KOSDAQ,중견기업부,1430,-10,-0.69,1440,1510,1430,156684,227905190,29478320300,20614210
20200227,089790,제이티,KOSDAQ,벤처기업부,6520,-480,-6.86,6970,7010,6500,212404,1415922880,67257144760,10315513
20200227,052670,제일바이오,KOSDAQ,중견기업부,7130,-220,-2.99,7350,7640,6980,1186434,8707350010,106950000000,15000000
20200227,023440,제일제강,KOSDAQ,중견기업부,2045,-85,-3.99,2125,2135,2040,41081,84949575,60311943685,29492393
20200227,038010,제일테크노스,KOSDAQ,우량기업부,3785,-5,-0.13,3790,3840,3710,26820,100693025,34065000000,9000000
20200227,080220,제주반도체,KOSDAQ,우량기업부,3100,-205,-6.20,3305,3330,3060,492802,1554103155,95743729400,30885074
20200227,216080,제테마,KOSDAQ,기술성장기업부,21550,-200,-0.92,21700,22350,21300,18419,398150800,183810229350,8529477
20200227,082270,젬백스,KOSDAQ,중견기업부,29000,-1000,-3.33,29850,31200,28700,813166,24151730000,1136788777000,39199613
20200227,041590,젬백스지오,KOSDAQ,중견기업부,1035,-30,-2.82,1055,1090,999,563634,585605995,69801804495,67441357
20200227,044060,조광ILI,KOSDAQ,중견기업부,6070,-20,-0.33,6090,6170,5940,40724,244474300,60005931920,9885656
20200227,034940,조아제약,KOSDAQ,중견기업부,3740,-250,-6.27,3970,4035,3675,1040166,4011722130,107594003000,28768450
20200227,101730,조이맥스,KOSDAQ,중견기업부,3200,-35,-1.08,3235,3235,3070,10527,32820425,27216748800,8505234
20200227,067000,조이시티,KOSDAQ,벤처기업부,11200,-850,-7.05,12150,12350,11000,118052,1356138600,149344372800,13334319
20200227,033340,좋은사람들,KOSDAQ,중견기업부,2250,-60,-2.60,2310,2350,2240,320184,731303535,67293504000,29908224
20200227,036930,주성엔지니어링,KOSDAQ,우량기업부,6390,-350,-5.19,6740,6760,6330,646831,4206575310,308312464680,48249212
20200227,239340,줌인터넷,KOSDAQ,중견기업부,4280,-150,-3.39,4430,4490,4190,250403,1075969545,114648860760,26787117
20200227,072020,중앙백신,KOSDAQ,벤처기업부,17150,50,0.29,17200,17550,17000,144237,2488994550,170814000000,9960000
20200227,000440,중앙에너비스,KOSDAQ,중견기업부,10150,-550,-5.14,10700,10900,9950,50861,518053490,63205369500,6227130
20200227,054180,중앙오션,KOSDAQ,중견기업부,1430,20,1.42,1450,1465,1390,391983,559811785,41034809530,28695671
20200227,228760,지노믹트리,KOSDAQ,기술성장기업부,18600,-500,-2.62,18950,20250,18300,372694,7247987150,371743599000,19986215
20200227,043610,지니뮤직,KOSDAQ,우량기업부,2860,-85,-2.89,2950,2960,2830,117294,337301320,166210152680,58115438
20200227,263860,지니언스,KOSDAQ,벤처기업부,4820,-180,-3.60,5020,5020,4820,27068,132840355,45522972000,9444600
20200227,303030,지니틱스,KOSDAQ,벤처기업부,2880,-105,-3.52,2990,3010,2805,940868,2744945630,100564479360,34918222
20200227,208350,지란지교시큐리티,KOSDAQ,벤처기업부,5650,-80,-1.40,5710,5750,5580,31587,178177360,43926111450,7774533
20200227,114570,지스마트글로벌,KOSDAQ,우량기업부,169,-10,-5.59,181,181,166,2149461,371520795,19163577381,113393949
20200227,051160,지어소프트,KOSDAQ,중견기업부,7010,-80,-1.13,7090,7150,6780,651375,4519570690,102167630550,14574555
20200227,053050,지에스이,KOSDAQ,중견기업부,1635,-50,-2.97,1685,1725,1605,428982,711276695,49029721095,29987597
20200227,119850,지엔씨에너지,KOSDAQ,우량기업부,4090,-55,-1.33,4185,4185,4025,102683,419794975,66649936520,16295828
20200227,065060,지엔코,KOSDAQ,중견기업부,1390,0,0.00,1400,1515,1375,9356512,13597035600,136231181160,98008044
20200227,204840,지엘팜텍,KOSDAQ,기술성장기업부,875,-36,-3.95,906,935,872,210029,188632625,39098782625,44684323
20200227,111820,지와이커머스,KOSDAQ,투자주의환기종목(소속부없음),2250,0,0.00,0,0,0,0,0,46253270250,20557009
20200227,115450,지트리비앤티,KOSDAQ,중견기업부,24600,-150,-0.61,24550,25650,24100,216899,5355943350,616415853000,25057555
20200227,219750,지티지웰니스,KOSDAQ,벤처기업부,3015,-310,-9.32,3335,3350,2930,208307,661672265,37133541990,12316266
20200227,018120,진로발효,KOSDAQ,우량기업부,30550,-850,-2.71,31150,31500,30550,33740,1041451700,202275216000,6621120
20200227,109820,진매트릭스,KOSDAQ,기술성장기업부,2825,75,2.73,3120,3325,2810,3542801,10911543640,52151661125,18460765
20200227,086060,진바이오텍,KOSDAQ,중견기업부,5440,-200,-3.55,5600,5840,5360,233416,1312214370,46841593280,8610587
20200227,036890,진성티이씨,KOSDAQ,우량기업부,5650,130,2.36,5460,5700,5460,105582,591376700,127024814200,22482268
20200227,007370,진양제약,KOSDAQ,중견기업부,5050,-410,-7.51,5490,5680,4895,1253174,6641309670,60600000000,12000000
20200227,085660,차바이오텍,KOSDAQ,투자주의환기종목(소속부없음),13000,-400,-2.99,13400,13550,12850,335188,4399702000,682247332000,52480564
20200227,900040,차이나그레이트,KOSDAQ,관리종목(소속부없음),518,0,0.00,0,0,0,0,0,65198876526,125866557
20200227,094850,참좋은여행,KOSDAQ,우량기업부,5460,-170,-3.02,5620,5630,5430,71717,394289740,76440000000,14000000
20200227,004650,창해에탄올,KOSDAQ,우량기업부,13800,-850,-5.80,14500,14900,13650,1254925,17840154400,126834213000,9190885
20200227,311690,천랩,KOSDAQ,기술성장기업부,26750,-800,-2.90,28100,28400,26200,26364,722676750,102237109000,3821948
20200227,278280,천보,KOSDAQ,벤처기업부,70100,-2500,-3.44,72100,73000,70000,103148,7309422600,701000000000,10000000
20200227,096240,청담러닝,KOSDAQ,중견기업부,15800,-400,-2.47,16200,16300,15650,34875,553982250,121259485800,7674651
20200227,013720,청보산업,KOSDAQ,중견기업부,2355,-75,-3.09,2430,2500,2300,73943,175197225,19261005705,8178771
20200227,066360,체리부로,KOSDAQ,우량기업부,2280,-30,-1.30,2300,2355,2260,242178,557387260,63549001320,27872369
20200227,047820,초록뱀,KOSDAQ,중견기업부,1715,-190,-9.97,1865,1955,1650,39490524,72279099265,143645630275,83758385
20200227,094360,칩스앤미디어,KOSDAQ,벤처기업부,10900,-800,-6.84,11650,11950,10850,331276,3745971950,80830334300,7415627
20200227,016920,카스,KOSDAQ,중견기업부,1620,110,7.28,1545,1820,1535,16436828,28093009385,36932176800,22797640
20200227,042000,카페24,KOSDAQ,기술성장기업부,35950,-10300,-22.27,46050,46050,34300,1055375,40662797350,339029962150,9430597
20200227,317530,캐리소프트,KOSDAQ,기술성장기업부,6320,-390,-5.81,6630,6760,6160,264962,1720815620,42730758720,6761196
20200227,071850,캐스텍코리아,KOSDAQ,우량기업부,2590,-5,-0.19,2620,2620,2540,50327,129485545,42914196920,16569188
20200227,180400,캔서롭,KOSDAQ,투자주의환기종목(소속부없음),7740,0,0.00,0,0,0,0,0,171289543680,22130432
20200227,050110,캠시스,KOSDAQ,중견기업부,3350,-285,-7.84,3605,3650,3335,3759555,13046815555,221981964550,66263273
20200227,900310,컬러레이,KOSDAQ,외국기업(소속부없음),1640,-50,-2.96,1700,1715,1620,156898,260216430,88560000000,54000000
20200227,078340,컴투스,KOSDAQ,우량기업부,101600,-600,-0.59,101600,103600,100600,42228,4299030700,1307228272000,12866420
20200227,307930,컴퍼니케이,KOSDAQ,중견기업부,6980,-150,-2.10,7190,7680,6950,1030144,7620136060,108957800000,15610000
20200227,263700,케어랩스,KOSDAQ,벤처기업부,14500,-800,-5.23,15700,15950,14350,616123,9342938500,93166487500,6425275
20200227,214370,케어젠,KOSDAQ,투자주의환기종목(소속부없음),76500,0,0.00,0,0,0,0,0,821839500000,10743000
20200227,221980,케이디켐,KOSDAQ,중견기업부,11900,-350,-2.86,12200,12400,11750,5809,69491600,48014120000,4034800
20200227,043290,케이맥,KOSDAQ,벤처기업부,11750,150,1.29,11850,12700,11450,262996,3175538550,85751852500,7298030
20200227,317030,케이비17호스팩,KOSDAQ,SPAC(소속부없음),2030,0,0.00,2035,2035,2015,54042,109222225,11085830000,5461000
20200227,323940,케이비제18호스팩,KOSDAQ,SPAC(소속부없음),2025,5,0.25,2025,2025,2010,25712,51932380,15839550000,7822000
20200227,330990,케이비제19호스팩,KOSDAQ,SPAC(소속부없음),2045,5,0.25,2025,2045,2020,13708,27746320,8795545000,4301000
20200227,342550,케이비제20호스팩,KOSDAQ,SPAC(소속부없음),2005,-5,-0.25,2005,2010,2005,7683,15415400,13034505000,6501000
20200227,192250,케이사인,KOSDAQ,벤처기업부,1260,-65,-4.91,1315,1340,1255,965649,1236857235,81485783820,64671257
20200227,115500,케이씨에스,KOSDAQ,중견기업부,3795,-5,-0.13,3800,3850,3740,21889,83023920,45540000000,12000000
20200227,089150,케이씨티,KOSDAQ,중견기업부,2110,-30,-1.40,2140,2140,2070,65409,137006330,36186500000,17150000
20200227,025880,케이씨피드,KOSDAQ,중견기업부,2195,-35,-1.57,2210,2290,2120,166232,361084645,36691308310,16715858
20200227,093320,케이아이엔엑스,KOSDAQ,중견기업부,43300,-1500,-3.35,44800,45500,43300,30822,1361074750,211304000000,4880000
20200227,060900,케이알피앤이,KOSDAQ,중견기업부,855,-15,-1.72,869,871,803,172853,146848517,105363454905,123232111
20200227,073010,케이에스피,KOSDAQ,관리종목(소속부없음),1885,40,2.17,1860,1915,1805,47119,87813230,68222404445,36192257
20200227,105330,케이엔더블유,KOSDAQ,벤처기업부,4295,45,1.06,4250,4295,4120,12702,53895315,24315485365,5661347
20200227,272110,케이엔제이,KOSDAQ,중견기업부,7980,-300,-3.62,8180,8330,7980,16052,130817820,50317347360,6305432
20200227,039420,케이엘넷,KOSDAQ,중견기업부,2175,-55,-2.47,2270,2270,2175,133655,294808015,52536537750,24154730
20200227,083550,케이엠,KOSDAQ,우량기업부,11300,-450,-3.83,12450,12550,10550,2154465,25015886950,114606521000,10142170
20200227,032500,케이엠더블유,KOSDAQ,중견기업부,51200,-3200,-5.88,54400,54600,50200,1498664,77781996700,2038829209600,39820883
20200227,225430,케이엠제약,KOSDAQ,중견기업부,2895,-105,-3.50,3025,3090,2850,1398048,4198336130,61915509750,21387050
20200227,064820,케이프,KOSDAQ,중견기업부,2960,-145,-4.67,3120,3140,2850,1088258,3230547975,79803811120,26960747
20200227,256940,케이피에스,KOSDAQ,벤처기업부,25150,-350,-1.37,25050,30200,24850,508889,13923766700,107783594500,4285630
20200227,024880,케이피에프,KOSDAQ,우량기업부,3885,-65,-1.65,3955,4040,3835,59492,232950060,67790751945,17449357
20200227,042040,케이피엠테크,KOSDAQ,중견기업부,839,-31,-3.56,879,889,839,666741,573651382,80545979201,96002359
20200227,054410,케이피티유,KOSDAQ,벤처기업부,4070,-255,-5.90,4325,4335,4030,20273,83809290,20594200000,5060000
20200227,217600,켐온,KOSDAQ,벤처기업부,1300,-20,-1.52,1335,1345,1295,407796,534213280,83019742000,63861340
20200227,089010,켐트로닉스,KOSDAQ,중견기업부,15650,-950,-5.72,16700,16750,15400,737104,11745863750,228056416750,14572295
20200227,220260,켐트로스,KOSDAQ,벤처기업부,2935,-190,-6.08,3100,3125,2915,465977,1396766995,77258172295,26323057
20200227,052400,코나아이,KOSDAQ,중견기업부,18700,50,0.27,18950,19150,18150,484974,9048032900,290955506600,15559118
20200227,033110,코너스톤네트웍스,KOSDAQ,투자주의환기종목(소속부없음),782,-40,-4.87,815,836,769,992782,791701816,97884809762,125172391
20200227,094860,코닉글로리,KOSDAQ,벤처기업부,1020,-95,-8.52,1115,1115,991,404370,417355996,51655446900,50642595
20200227,046070,코다코,KOSDAQ,투자주의환기종목(소속부없음),2195,0,0.00,0,0,0,0,0,85746041920,39064256
20200227,047770,코데즈컴바인,KOSDAQ,벤처기업부,2330,-55,-2.31,2385,2415,2295,89486,208928640,88173262660,37842602
20200227,078940,코드네이처,KOSDAQ,관리종목(소속부없음),2980,0,0.00,0,0,0,0,0,89851791840,30151608
20200227,080530,코디,KOSDAQ,관리종목(소속부없음),3590,0,0.00,0,0,0,0,0,54664452530,15226867
20200227,224060,코디엠,KOSDAQ,중견기업부,393,19,5.08,379,416,372,15249875,6006197358,57431760435,146136795
20200227,078650,코렌,KOSDAQ,중견기업부,1555,-60,-3.72,1615,1655,1545,414766,656731145,69470205015,44675373
20200227,104540,코렌텍,KOSDAQ,투자주의환기종목(소속부없음),5630,0,0.00,0,0,0,0,0,59606729830,10587341
20200227,027050,코리아나,KOSDAQ,중견기업부,4610,-400,-7.98,5010,5030,4550,1284451,6101800350,184400000000,40000000
20200227,290510,코리아센터,KOSDAQ,벤처기업부,16200,-1300,-7.43,17400,17800,16150,359047,6087007950,389302977600,24031048
20200227,190650,코리아에셋투자증권,KOSDAQ,중견기업부,7300,-130,-1.75,7430,7500,7170,34967,258496500,46632400000,6388000
20200227,101670,코리아에스이,KOSDAQ,벤처기업부,1240,-100,-7.46,1360,1370,1235,146328,187827605,23436000000,18900000
20200227,123410,코리아에프티,KOSDAQ,우량기업부,2795,-130,-4.44,2920,2945,2720,296336,831202180,77815773880,27841064
20200227,036690,코맥스,KOSDAQ,중견기업부,3515,-60,-1.68,3590,3595,3390,48361,168025295,51183085495,14561333
20200227,049430,코메론,KOSDAQ,우량기업부,7990,20,0.25,8020,8020,7860,13205,105082920,72293520000,9048000
20200227,183300,코미코,KOSDAQ,우량기업부,29000,-150,-0.51,29100,29400,28400,63895,1843709950,254475000000,8775000
20200227,041960,코미팜,KOSDAQ,벤처기업부,17550,4050,30.00,17550,17550,17550,1394019,24465033450,1121872781250,63924375
20200227,089890,코세스,KOSDAQ,벤처기업부,6750,-60,-0.88,6810,6940,6580,115227,768427540,113750743500,16851962
20200227,009730,코센,KOSDAQ,중견기업부,580,-69,-10.63,600,668,576,14381531,8818901630,42486701720,73252934
20200227,082660,코스나인,KOSDAQ,중견기업부,1845,-135,-6.82,2000,2015,1815,344064,647258855,39456863730,21385834
20200227,222040,코스맥스엔비티,KOSDAQ,우량기업부,5730,-90,-1.55,5820,5940,5700,86971,503051350,118198440000,20628000
20200227,241710,코스메카코리아,KOSDAQ,우량기업부,10700,-400,-3.60,11100,11250,10600,43026,469496750,114276000000,10680000
20200227,069110,코스온,KOSDAQ,중견기업부,5870,-120,-2.00,5970,6040,5790,31800,187906630,109752335070,18697161
20200227,204990,코썬바이오,KOSDAQ,관리종목(소속부없음),1225,0,0.00,0,0,0,0,0,39130080675,31942923
20200227,166480,코아스템,KOSDAQ,기술성장기업부,14550,150,1.04,14100,15100,13850,489356,7119477800,228688752000,15717440
20200227,045970,코아시아,KOSDAQ,중견기업부,7580,-300,-3.81,7850,7850,7300,207473,1554895710,191757028380,25297761
20200227,029960,코엔텍,KOSDAQ,우량기업부,8750,-400,-4.37,9130,9200,8710,294611,2622724950,437500000000,50000000
20200227,102940,코오롱생명과학,KOSDAQ,관리종목(소속부없음),19200,-800,-4.00,20600,20750,18650,248478,4839065700,219117235200,11412356
20200227,950160,코오롱티슈진,KOSDAQ,외국기업(소속부없음),8010,0,0.00,0,0,0,0,0,489551575500,61117550
20200227,033290,코웰패션,KOSDAQ,우량기업부,5020,-90,-1.76,5080,5200,4945,303918,1530741530,454311174680,90500234
20200227,056360,코위버,KOSDAQ,우량기업부,9780,-1320,-11.89,11150,11150,9700,1039919,10689276930,95812704000,9796800
20200227,282880,코윈테크,KOSDAQ,중견기업부,30200,-1800,-5.63,31800,32050,29900,476473,14712999750,275352939400,9117647
20200227,121850,코이즈,KOSDAQ,벤처기업부,1255,-20,-1.57,1270,1270,1225,47209,58578540,19341453835,15411517
20200227,015710,코콤,KOSDAQ,우량기업부,5870,-70,-1.18,5920,5990,5790,38725,227058430,102904035000,17530500
20200227,052330,코텍,KOSDAQ,우량기업부,10450,-350,-3.24,10800,10850,10450,48270,511610100,162754068400,15574552
20200227,126600,코프라,KOSDAQ,우량기업부,3355,-90,-2.61,3445,3445,3285,156167,522219410,70842952070,21115634
20200227,200130,콜마비앤에이치,KOSDAQ,우량기업부,26850,250,0.94,27000,27300,26250,96055,2574802750,793244532300,29543558
20200227,060280,큐렉소,KOSDAQ,중견기업부,4810,-200,-3.99,5010,5140,4770,60368,294935720,160448386930,33357253
20200227,040350,큐로컴,KOSDAQ,벤처기업부,2540,-95,-3.61,2635,2660,2490,865807,2231316815,278535589740,109659681
20200227,051780,큐로홀딩스,KOSDAQ,중견기업부,998,-27,-2.63,1025,1040,985,659287,663673796,79194718150,79353425
20200227,115180,큐리언트,KOSDAQ,기술성장기업부,20900,-300,-1.42,21300,22250,20600,66845,1437326350,180274329400,8625566
20200227,043090,큐브앤컴퍼니,KOSDAQ,벤처기업부,2275,105,4.84,2185,2355,2170,365980,836033740,69353495575,30485053
20200227,182360,큐브엔터,KOSDAQ,중견기업부,2655,-270,-9.23,2850,2920,2620,1192699,3258417385,70553351385,26573767
20200227,066310,큐에스아이,KOSDAQ,벤처기업부,14200,-6050,-29.88,20300,20300,14200,1050568,16772027800,117550866000,8278230
20200227,016600,큐캐피탈,KOSDAQ,중견기업부,705,-14,-1.95,722,769,704,6619837,4860112640,98878663920,140253424
20200227,043590,크로바하이텍,KOSDAQ,투자주의환기종목(소속부없음),1490,0,0.00,0,0,0,0,0,34717000000,23300000
20200227,114120,크루셜텍,KOSDAQ,중견기업부,783,-51,-6.12,834,836,780,1141841,920065955,51496259436,65767892
20200227,110790,크리스에프앤씨,KOSDAQ,우량기업부,16150,-500,-3.00,16400,16850,15900,22261,361377450,189205002000,11715480
20200227,083790,크리스탈,KOSDAQ,기술성장기업부,11750,-250,-2.08,12000,12350,11550,691279,8187494050,489309527000,41643364
20200227,900250,크리스탈신소재,KOSDAQ,외국기업(소속부없음),1460,-60,-3.95,1515,1555,1450,492558,737464710,98964423920,67783852
20200227,045520,크린앤사이언스,KOSDAQ,우량기업부,28250,350,1.25,28600,29400,28000,385633,11025520900,183625000000,6500000
20200227,214150,클래시스,KOSDAQ,벤처기업부,11750,-450,-3.69,12200,12350,11550,334078,3940405400,760332724000,64709168
20200227,237880,클리오,KOSDAQ,우량기업부,24100,-1350,-5.30,25200,25450,24000,91803,2253595250,408926269500,16967895
20200227,139670,키네마스터,KOSDAQ,벤처기업부,6840,-470,-6.43,7320,7350,6770,264980,1854542540,92656739880,13546307
20200227,311270,키움제5호스팩,KOSDAQ,SPAC(소속부없음),2040,5,0.25,2040,2040,2020,32,65050,7344000000,3600000
20200227,054780,키이스트,KOSDAQ,중견기업부,3125,-170,-5.16,3410,3480,3015,14004956,45536349315,266740096875,85356831
20200227,219130,타이거일렉,KOSDAQ,중견기업부,6270,-320,-4.86,6590,6620,6160,90588,575243540,39590598300,6314290
20200227,065130,탑엔지니어링,KOSDAQ,우량기업부,12100,-2900,-19.33,14900,15600,12100,2761167,36939601550,193312709700,15976257
20200227,023160,태광,KOSDAQ,중견기업부,9110,-10,-0.11,9140,9300,9040,84100,771742170,241415000000,26500000
20200227,053620,태양,KOSDAQ,우량기업부,8020,-80,-0.99,8110,8110,7910,3126,25024230,68972000000,8600000
20200227,044490,태웅,KOSDAQ,중견기업부,7120,-160,-2.20,7250,7250,7020,45219,321327930,142452552720,20007381
20200227,124560,태웅로직스,KOSDAQ,중견기업부,4435,-365,-7.60,4800,5040,4355,943726,4479136500,78277750000,17650000
20200227,191420,테고사이언스,KOSDAQ,벤처기업부,18350,-600,-3.17,18900,19600,18250,42130,795496600,148371383900,8085634
20200227,182690,테라셈,KOSDAQ,관리종목(소속부없음),1940,10,0.52,1915,1940,1885,62711,120298400,41056507120,21163148
20200227,066700,테라젠이텍스,KOSDAQ,중견기업부,7790,-190,-2.38,7980,8230,7670,311849,2480460540,241723365030,31029957
20200227,095610,테스,KOSDAQ,우량기업부,22700,-1600,-6.58,24000,24300,22600,398694,9238767150,448738730200,19768226
20200227,131970,테스나,KOSDAQ,벤처기업부,66500,-2000,-2.92,68200,69500,65900,144802,9771590300,455525000000,6850000
20200227,089030,테크윙,KOSDAQ,우량기업부,15650,-650,-3.99,16300,16650,15450,301814,4822153750,302339000900,19318786
20200227,054450,텔레칩스,KOSDAQ,우량기업부,9090,-300,-3.19,9390,9510,8970,197227,1815285930,122768730990,13505911
20200227,091440,텔레필드,KOSDAQ,벤처기업부,4005,-250,-5.88,4235,4360,3900,206222,834824935,36433673235,9097047
20200227,200230,텔콘RF제약,KOSDAQ,중견기업부,4655,-130,-2.72,4785,4920,4580,1105013,5232498480,396964565340,85277028
20200227,215480,토박스코리아,KOSDAQ,중견기업부,1210,-45,-3.59,1255,1285,1195,881815,1084775880,49518556670,40924427
20200227,051360,토비스,KOSDAQ,우량기업부,7770,-80,-1.02,7790,8010,7620,95474,744516090,129891540660,16717058
20200227,045340,토탈소프트,KOSDAQ,벤처기업부,3130,-40,-1.26,3170,3210,3020,75372,236192650,26786665200,8558040
20200227,108230,톱텍,KOSDAQ,우량기업부,11850,0,0.00,12000,12350,11600,1124041,13412588300,450575453250,38023245
20200227,079970,투비소프트,KOSDAQ,벤처기업부,1575,-160,-9.22,1710,1800,1550,2570808,4338326040,42057201375,26702985
20200227,105550,트루윈,KOSDAQ,벤처기업부,4225,-340,-7.45,4565,4615,4160,172481,746169805,50577732725,11971061
20200227,026150,특수건설,KOSDAQ,중견기업부,5850,70,1.21,5780,5920,5650,298513,1733168480,88949940300,15205118
20200227,322180,티라유텍,KOSDAQ,벤처기업부,12500,-400,-3.10,12900,12950,12350,37212,466943100,67921875000,5433750
20200227,117730,티로보틱스,KOSDAQ,벤처기업부,8580,-690,-7.44,9200,9250,8430,120105,1054414550,47871500820,5579429
20200227,033830,티비씨,KOSDAQ,중견기업부,1110,-25,-2.20,1130,1150,1070,885830,974737915,111000000000,100000000
20200227,064760,티씨케이,KOSDAQ,우량기업부,69000,-2200,-3.09,70200,71300,68500,50150,3485344500,805575000000,11675000
20200227,246710,티앤알바이오팹,KOSDAQ,기술성장기업부,10500,500,5.00,10050,11050,9910,796419,8389413940,87657045000,8348290
20200227,131290,티에스이,KOSDAQ,우량기업부,12900,-350,-2.64,13800,14050,12900,163286,2201214950,142692434100,11061429
20200227,062860,티엘아이,KOSDAQ,벤처기업부,4860,10,0.21,4900,4900,4760,1718,8320045,47981419200,9872720
20200227,321550,티움바이오,KOSDAQ,기술성장기업부,13050,450,3.57,12700,13400,12600,590015,7664359400,306150729300,23459826
20200227,104480,티케이케미칼,KOSDAQ,우량기업부,2150,-105,-4.66,2235,2265,2140,1094546,2397793100,195425183100,90895434
20200227,081150,티플랙스,KOSDAQ,중견기업부,2125,-70,-3.19,2200,2220,2090,235642,502518845,51570354250,24268402
20200227,130740,티피씨글로벌,KOSDAQ,중견기업부,2325,-5,-0.21,2330,2420,2285,32980,76489145,24004413675,10324479
20200227,084730,팅크웨어,KOSDAQ,중견기업부,7190,-20,-0.28,7310,7310,6970,16386,116845430,74960653580,10425682
20200227,046210,파나진,KOSDAQ,중견기업부,2175,255,13.28,1905,2300,1900,689574,1458910430,69897235500,32136660
20200227,034230,파라다이스,KOSDAQ,우량기업부,16800,-500,-2.89,17550,17750,16600,1204377,20531200250,1527836889600,90942672
20200227,033540,파라텍,KOSDAQ,우량기업부,3980,-70,-1.73,3930,4000,3700,131919,514567135,67595086200,16983690
20200227,043200,파루,KOSDAQ,벤처기업부,2905,-10,-0.34,2985,3015,2650,5544387,15874574025,111866875855,38508391
20200227,214450,파마리서치프로덕트,KOSDAQ,우량기업부,42850,-2100,-4.67,44950,45500,42300,121830,5337447100,409942950500,9566930
20200227,208340,파멥신,KOSDAQ,기술성장기업부,28500,-1550,-5.16,30050,30500,28500,125202,3700474600,196958056500,6910809
20200227,177830,파버나인,KOSDAQ,벤처기업부,3985,-175,-4.21,4125,4160,3960,110222,444600610,44859376130,11257058
20200227,037070,파세코,KOSDAQ,벤처기업부,9210,-340,-3.56,9550,9580,9080,175551,1628317520,128940000000,14000000
20200227,150900,파수닷컴,KOSDAQ,벤처기업부,3885,-495,-11.30,4570,4780,3885,377156,1608964300,37324034160,9607216
20200227,037030,파워넷,KOSDAQ,중견기업부,4005,-170,-4.07,4180,4260,3980,208358,848680515,48098504070,12009614
20200227,047310,파워로직스,KOSDAQ,우량기업부,8990,-520,-5.47,9520,9760,8880,1138984,10537214110,309444628180,34420982
20200227,170790,파이오링크,KOSDAQ,벤처기업부,8400,-610,-6.77,8930,8960,8320,50166,426395190,57593172000,6856330
20200227,123260,파인넥스,KOSDAQ,투자주의환기종목(소속부없음),701,0,0.00,0,0,0,0,0,16834861995,24015495
20200227,049120,파인디앤씨,KOSDAQ,중견기업부,1860,-90,-4.62,1940,1980,1825,268068,506460070,49029495840,26359944
20200227,038950,파인디지털,KOSDAQ,중견기업부,3630,-50,-1.36,3655,3700,3620,15720,57309380,37065076950,10210765
20200227,106240,파인테크닉스,KOSDAQ,투자주의환기종목(소속부없음),3300,-70,-2.08,3350,3500,3175,1058831,3508428650,141383154000,42843380
20200227,131760,파인텍,KOSDAQ,중견기업부,1845,-125,-6.35,1960,1970,1835,1652898,3113333190,79194896235,42924063
20200227,065690,파커스,KOSDAQ,중견기업부,2585,-30,-1.15,2665,2665,2540,18780,48236475,36095670765,13963509
20200227,140860,파크시스템스,KOSDAQ,기술성장기업부,40800,-1150,-2.74,42200,42550,40650,11404,468855100,271934244000,6665055
20200227,091700,파트론,KOSDAQ,우량기업부,9530,-380,-3.83,9950,10050,9450,1464341,14278097610,516110587300,54156410
20200227,194510,파티게임즈,KOSDAQ,투자주의환기종목(소속부없음),536,0,0.00,0,0,0,0,0,13125755600,24488350
20200227,038160,팍스넷,KOSDAQ,중견기업부,2985,-95,-3.08,3050,3130,2915,241788,725498775,36537522360,12240376
20200227,032800,판타지오,KOSDAQ,중견기업부,695,-19,-2.66,713,719,680,479692,332463827,50529240385,72703943
20200227,318010,팜스빌,KOSDAQ,중견기업부,13800,-1150,-7.69,14800,15050,13500,316837,4502333550,109424864400,7929338
20200227,027710,팜스토리,KOSDAQ,우량기업부,982,-14,-1.41,1000,1000,982,362708,359156436,109411101200,111416600
20200227,225590,패션플랫폼,KOSDAQ,중견기업부,1260,-40,-3.08,1300,1305,1235,84443,107043840,33562258380,26636713
20200227,054300,팬스타엔터프라이즈,KOSDAQ,벤처기업부,859,-16,-1.83,880,919,844,1171463,1024543893,44941134512,52317968
20200227,068050,팬엔터테인먼트,KOSDAQ,중견기업부,4185,-85,-1.99,4270,4335,4030,86483,358082855,57514442445,13742997
20200227,222110,팬젠,KOSDAQ,기술성장기업부,7600,-50,-0.65,7590,7730,7400,16795,126408070,73277535600,9641781
20200227,263750,펄어비스,KOSDAQ,우량기업부,180200,400,0.22,178100,181500,178100,50378,9060564500,2346744600000,13023000
20200227,251970,펌텍코리아,KOSDAQ,중견기업부,14200,-450,-3.07,14750,14950,14150,67738,979581750,176080000000,12400000
20200227,087010,펩트론,KOSDAQ,기술성장기업부,15750,-800,-4.83,16500,16750,15100,568998,9070352000,241392375000,15326500
20200227,043370,평화정공,KOSDAQ,우량기업부,7350,-90,-1.21,7470,7470,7210,102601,753934280,154350000000,21000000
20200227,119500,포메탈,KOSDAQ,중견기업부,2800,-5,-0.18,2805,2815,2735,86618,240053350,33172249600,11847232
20200227,016670,포비스티앤씨,KOSDAQ,중견기업부,1615,-30,-1.82,1620,1700,1585,2302630,3779665825,64726063670,40078058
20200227,056730,포스링크,KOSDAQ,투자주의환기종목(소속부없음),1460,0,0.00,0,0,0,0,0,67399247280,46163868
20200227,022100,포스코 ICT,KOSDAQ,우량기업부,4630,-165,-3.44,4765,4830,4620,396058,1857007530,703920795270,152034729
20200227,009520,포스코엠텍,KOSDAQ,우량기업부,3885,-125,-3.12,4015,4090,3855,211378,832341465,161781901155,41642703
20200227,189690,포시에스,KOSDAQ,벤처기업부,6020,-350,-5.49,6400,6400,6020,42660,263426260,47439544460,7880323
20200227,256630,포인트엔지니어링,KOSDAQ,벤처기업부,3675,-185,-4.79,3880,3980,3460,1608505,5932403620,206600918475,56217937
20200227,141020,포티스,KOSDAQ,중견기업부,250,-16,-6.02,267,267,240,4593532,1164721454,25439641750,101758567
20200227,290720,푸드나무,KOSDAQ,중견기업부,19400,-250,-1.27,21200,22900,18550,951216,19746869200,132037059600,6806034
20200227,005670,푸드웰,KOSDAQ,중견기업부,5470,-150,-2.67,5630,5670,5450,125716,694471520,54700000000,10000000
20200227,094940,푸른기술,KOSDAQ,벤처기업부,12550,-450,-3.46,13000,13350,12400,150102,1917750900,82506235100,6574202
20200227,007330,푸른저축은행,KOSDAQ,우량기업부,7280,-50,-0.68,7340,7350,7250,14377,104786250,109802784000,15082800
20200227,093380,풍강,KOSDAQ,중견기업부,3130,-190,-5.72,3265,3300,3100,501151,1600149265,30922249690,9879313
20200227,023900,풍국주정,KOSDAQ,우량기업부,15700,-700,-4.27,16400,16550,15600,103504,1655387500,197820000000,12600000
20200227,195440,퓨전,KOSDAQ,관리종목(소속부없음),3580,-60,-1.65,3700,3855,3490,205781,742037760,14806851360,4135992
20200227,214270,퓨쳐스트림네트웍스,KOSDAQ,중견기업부,1165,-50,-4.12,1210,1225,1155,2536330,2988471620,113215932570,97181058
20200227,220100,퓨쳐켐,KOSDAQ,기술성장기업부,13250,-250,-1.85,13500,13500,12650,16156,210448950,76176091750,5749139
20200227,035200,프럼파스트,KOSDAQ,벤처기업부,3095,-95,-2.98,3190,3215,3050,53897,167709180,30116176050,9730590
20200227,203690,프로스테믹스,KOSDAQ,벤처기업부,3905,900,29.95,3025,3905,3000,8552941,32546936555,178460975770,45700634
20200227,053610,프로텍,KOSDAQ,우량기업부,16300,-1050,-6.05,17200,17300,16300,121247,2025498050,179300000000,11000000
20200227,053160,프리엠스,KOSDAQ,중견기업부,5370,-110,-2.01,5520,5520,5240,10949,58842450,32220000000,6000000
20200227,075130,플랜티넷,KOSDAQ,벤처기업부,4200,-190,-4.33,4390,4390,4195,27567,117296160,37632000000,8960000
20200227,023770,플레이위드,KOSDAQ,중견기업부,13400,-500,-3.60,13750,13900,13200,40534,549270950,57128715800,4263337
20200227,300080,플리토,KOSDAQ,기술성장기업부,13750,-250,-1.79,14000,14300,13550,42677,591776300,71277401250,5183811
20200227,032580,피델릭스,KOSDAQ,벤처기업부,1370,-25,-1.79,1420,1435,1315,105540,144403370,36030816420,26299866
20200227,051380,피씨디렉트,KOSDAQ,중견기업부,12650,-950,-6.99,13300,13500,12500,436963,5642712700,97006980400,7668536
20200227,241820,피씨엘,KOSDAQ,기술성장기업부,11050,2530,29.69,11050,11050,10750,2843264,31391737650,105289891850,9528497
20200227,237750,피앤씨테크,KOSDAQ,중견기업부,5230,-60,-1.13,5290,5330,5140,28322,147391110,33977218000,6496600
20200227,131390,피앤이솔루션,KOSDAQ,우량기업부,14850,-500,-3.26,15450,15750,14850,578283,8804910100,214419476700,14439022
20200227,054340,피앤텔,KOSDAQ,투자주의환기종목(소속부없음),6680,0,0.00,0,0,0,0,0,26927340520,4031039
20200227,024850,피에스엠씨,KOSDAQ,중견기업부,948,-7,-0.73,955,960,935,65303,61575257,37935663804,40016523
20200227,319660,피에스케이,KOSDAQ,중견기업부,23950,-1400,-5.52,25000,25350,23300,312978,7511497300,353622229000,14765020
20200227,031980,피에스케이홀딩스,KOSDAQ,우량기업부,7500,-600,-7.41,8110,8190,7500,99252,762025540,161717962500,21562395
20200227,002230,피에스텍,KOSDAQ,우량기업부,3640,-60,-1.62,3660,3760,3520,87589,318283640,71596044520,19669243
20200227,137400,피엔티,KOSDAQ,우량기업부,9720,-1330,-12.04,10100,10850,9500,4679463,47772804110,190960568280,19646149
20200227,128660,피제이메탈,KOSDAQ,벤처기업부,2210,-60,-2.64,2270,2290,2180,57731,128481160,54815445490,24803369
20200227,006140,피제이전자,KOSDAQ,우량기업부,4670,-10,-0.21,4540,4670,4540,6338,28988335,70050000000,15000000
20200227,062970,피피아이,KOSDAQ,중견기업부,8490,-260,-2.97,8730,9090,8490,267581,2338883350,79026490650,9308185
20200227,087600,픽셀플러스,KOSDAQ,중견기업부,3665,-95,-2.53,3700,3750,3465,17241,61804095,29930435070,8166558
20200227,057880,필로시스헬스케어,KOSDAQ,중견기업부,1295,-50,-3.72,1345,1345,1240,403266,515807525,59095180480,45633344
20200227,064800,필링크,KOSDAQ,벤처기업부,1300,-50,-3.70,1345,1375,1270,938612,1233995960,95674329400,73595638
20200227,161580,필옵틱스,KOSDAQ,우량기업부,11950,-650,-5.16,12550,12550,11550,707560,8482352550,224027785250,18747095
20200227,270520,하나금융10호스팩,KOSDAQ,SPAC(소속부없음),2050,-10,-0.49,2080,2095,2040,132720,273706095,9434100000,4602000
20200227,284620,하나금융11호스팩,KOSDAQ,SPAC(소속부없음),2890,20,0.70,2975,3085,2840,2001170,5920935660,15608890000,5401000
20200227,320000,하나금융13호스팩,KOSDAQ,SPAC(소속부없음),2075,0,0.00,0,0,0,0,0,7057075000,3401000
20200227,332710,하나금융14호스팩,KOSDAQ,SPAC(소속부없음),2015,0,0.00,0,0,0,0,0,8886150000,4410000
20200227,341160,하나금융15호스팩,KOSDAQ,SPAC(소속부없음),2035,-5,-0.25,2045,2045,2025,77431,157235650,9584850000,4710000
20200227,261200,하나금융9호스팩,KOSDAQ,SPAC(소속부없음),2105,0,0.00,0,0,0,0,0,8967300000,4260000
20200227,067310,하나마이크론,KOSDAQ,벤처기업부,6050,-370,-5.76,6450,6500,6020,1019069,6296685870,167598987600,27702312
20200227,307160,하나머스트제6호스팩,KOSDAQ,SPAC(소속부없음),2065,0,0.00,2070,2070,2060,4516,9303515,9478350000,4590000
20200227,166090,하나머티리얼즈,KOSDAQ,우량기업부,16350,-1000,-5.76,17300,17500,16150,434964,7244138700,320912469900,19627674
20200227,136480,하림,KOSDAQ,우량기업부,2640,-40,-1.49,2690,2705,2635,408955,1086824255,229537276320,86945938
20200227,003380,하림지주,KOSDAQ,우량기업부,7150,-20,-0.28,7150,7270,7100,110859,791326850,669127015700,93584198
20200227,149980,하이로닉,KOSDAQ,벤처기업부,5170,-290,-5.31,5460,5500,5110,99989,525055480,72896974150,14099995
20200227,013030,하이록코리아,KOSDAQ,우량기업부,14300,-50,-0.35,14100,14500,14100,31547,449434300,194669217600,13613232
20200227,126700,하이비젼시스템,KOSDAQ,우량기업부,11500,-850,-6.88,12500,12500,11300,458406,5397238850,171834288000,14942112
20200227,200470,하이셈,KOSDAQ,벤처기업부,5900,-270,-4.38,6210,6300,5850,276292,1668574960,103566712000,17553680
20200227,106080,하이소닉,KOSDAQ,관리종목(소속부없음),3330,0,0.00,0,0,0,0,0,49168439010,14765297
20200227,317240,하이제4호스팩,KOSDAQ,SPAC(소속부없음),2090,0,0.00,2095,2095,2050,32,66900,9196000000,4400000
20200227,340120,하이제5호스팩,KOSDAQ,SPAC(소속부없음),2020,-5,-0.25,2010,2020,2010,31,62320,10140400000,5020000
20200227,221840,하이즈항공,KOSDAQ,중견기업부,4830,-190,-3.78,5010,5010,4710,58735,285147740,85472486610,17696167
20200227,106190,하이텍팜,KOSDAQ,우량기업부,10250,50,0.49,10200,10650,10050,130536,1350637950,72660015500,7088782
20200227,066130,하츠,KOSDAQ,우량기업부,7100,-240,-3.27,7300,7490,6890,290986,2074274070,90880000000,12800000
20200227,004590,한국가구,KOSDAQ,중견기업부,4355,155,3.69,4200,4370,4165,48191,205444090,65325000000,15000000
20200227,039340,한국경제TV,KOSDAQ,우량기업부,4050,-45,-1.10,4050,4140,4020,112861,457552970,93150000000,23000000
20200227,034950,한국기업평가,KOSDAQ,중견기업부,58100,-400,-0.68,58600,58800,57900,3885,226356800,263803863400,4540514
20200227,222980,한국맥널티,KOSDAQ,벤처기업부,5830,-170,-2.83,6050,6400,5830,225311,1383790910,58008500000,9950000
20200227,318000,한국바이오젠,KOSDAQ,벤처기업부,6710,-490,-6.81,7190,7190,6690,376705,2602938150,54551125750,8129825
20200227,256840,한국비엔씨,KOSDAQ,벤처기업부,2130,-100,-4.48,2230,2250,2080,995674,2153620905,103574685690,48626613
20200227,025550,한국선재,KOSDAQ,우량기업부,2560,-80,-3.03,2635,2660,2560,127313,329345035,62776970240,24522254
20200227,023890,한국아트라스비엑스,KOSDAQ,우량기업부,49400,150,0.30,50900,50900,49050,92,4558600,452010000000,9150000
20200227,017890,한국알콜,KOSDAQ,우량기업부,11400,-450,-3.80,11550,12300,10950,8488250,98947910650,246305664000,21605760
20200227,080720,한국유니온제약,KOSDAQ,벤처기업부,14700,-1750,-10.64,16050,16650,14450,2434542,38192575300,86784801600,5903728
20200227,063570,한국전자금융,KOSDAQ,우량기업부,7080,-230,-3.15,7370,7470,7050,133104,960516400,241765914240,34147728
20200227,041460,한국전자인증,KOSDAQ,중견기업부,3910,-180,-4.40,4040,4150,3910,182013,730720120,83905663590,21459249
20200227,101680,한국정밀기계,KOSDAQ,관리종목(소속부없음),2515,0,0.00,0,0,0,0,0,21136060000,8404000
20200227,039740,한국정보공학,KOSDAQ,중견기업부,3000,-65,-2.12,3065,3065,2985,15836,47859955,24055191000,8018397
20200227,053300,한국정보인증,KOSDAQ,중견기업부,3410,-90,-2.57,3505,3525,3400,45106,155959020,106272650000,31165000
20200227,025770,한국정보통신,KOSDAQ,우량기업부,7250,-30,-0.41,7240,7330,7120,42453,305855700,271470964750,37444271
20200227,271740,한국제5호스팩,KOSDAQ,관리종목(소속부없음),2050,0,0.00,2050,2050,2050,31008,63566400,8200000000,4000000
20200227,281410,한국제6호스팩,KOSDAQ,SPAC(소속부없음),2070,5,0.24,2070,2070,2050,8,16440,9335700000,4510000
20200227,291210,한국제7호스팩,KOSDAQ,SPAC(소속부없음),2060,-10,-0.48,2045,2060,2045,3,6150,10423600000,5060000
20200227,310870,한국제8호스팩,KOSDAQ,SPAC(소속부없음),2070,10,0.49,2035,2070,2035,21,42820,7079400000,3420000
20200227,023760,한국캐피탈,KOSDAQ,우량기업부,500,-7,-1.38,507,508,494,484917,241892684,157804788000,315609576
20200227,054040,한국컴퓨터,KOSDAQ,중견기업부,2775,-85,-2.97,2855,2855,2720,100297,277170250,44597829750,16071290
20200227,050540,한국코퍼레이션,KOSDAQ,중견기업부,1585,-40,-2.46,1660,1670,1520,40584,63916415,61475164905,38785593
20200227,021650,한국큐빅,KOSDAQ,중견기업부,2445,-65,-2.59,2510,2555,2435,43180,106627260,39977126535,16350563
20200227,053590,한국테크놀로지,KOSDAQ,중견기업부,1650,-30,-1.79,1680,1710,1570,519290,857972385,123424314750,74802615
20200227,037230,한국팩키지,KOSDAQ,중견기업부,2605,65,2.56,2860,3095,2505,23463657,67677231940,65125000000,25000000
20200227,030520,한글과컴퓨터,KOSDAQ,우량기업부,10200,0,0.00,10350,10850,10050,352963,3687428700,249291253800,24440319
20200227,052600,한네트,KOSDAQ,중견기업부,2960,-135,-4.36,3095,3110,2950,115335,346322635,34228552000,11563700
20200227,256150,한독크린텍,KOSDAQ,벤처기업부,16600,-400,-2.35,17100,17250,16150,106213,1760588000,66748600000,4021000
20200227,092460,한라IMS,KOSDAQ,벤처기업부,6230,-220,-3.41,6450,6630,6200,13123,83019470,73171212940,11744978
20200227,222810,한류AI센터,KOSDAQ,관리종목(소속부없음),679,-24,-3.41,710,765,668,7513698,5434233102,20514658913,30213047
20200227,039670,한류타임즈,KOSDAQ,투자주의환기종목(소속부없음),917,0,0.00,0,0,0,0,0,54949071884,59922652
20200227,047080,한빛소프트,KOSDAQ,중견기업부,2745,-70,-2.49,2815,2820,2710,50222,137930190,68020649820,24779836
20200227,070300,한솔시큐어,KOSDAQ,중견기업부,7290,-110,-1.49,7500,7500,7110,43110,312549050,53698679460,7366074
20200227,221610,한솔씨앤피,KOSDAQ,중견기업부,11550,-850,-6.85,12400,12500,11450,41989,500344650,46126923150,3993673
20200227,070590,한솔인티큐브,KOSDAQ,중견기업부,3615,-85,-2.30,3705,3735,3550,41606,150815780,50174468415,13879521
20200227,226440,한송네오텍,KOSDAQ,중견기업부,1240,-75,-5.70,1300,1320,1210,1833755,2328853620,49625474560,40020544
20200227,042520,한스바이오메드,KOSDAQ,벤처기업부,22000,-1250,-5.38,23250,23550,21700,267151,5947735650,217853988000,9902454
20200227,078350,한양디지텍,KOSDAQ,중견기업부,4800,-90,-1.84,5000,5120,4770,70303,341903520,48000000000,10000000
20200227,045100,한양이엔지,KOSDAQ,우량기업부,9910,-390,-3.79,10200,10400,9910,227192,2282516200,178380000000,18000000
20200227,046110,한일네트웍스,KOSDAQ,중견기업부,4290,-145,-3.27,4435,4520,4230,55792,241565640,51283633830,11954227
20200227,024740,한일단조,KOSDAQ,중견기업부,1500,-60,-3.85,1570,1590,1490,630026,959735750,44836992000,29891328
20200227,005860,한일사료,KOSDAQ,중견기업부,1675,-60,-3.46,1745,1765,1660,492236,836423060,66001172375,39403685
20200227,123840,한일진공,KOSDAQ,벤처기업부,829,-24,-2.81,850,853,804,202840,167091385,46594754933,56205977
20200227,007770,한일화학,KOSDAQ,우량기업부,9990,-510,-4.86,10500,10600,9990,22947,232618000,35064900000,3510000
20200227,079170,한창산업,KOSDAQ,중견기업부,5040,-60,-1.18,5060,5130,4970,54213,272076020,26208000000,5200000
20200227,086960,한컴MDS,KOSDAQ,우량기업부,9990,-360,-3.48,10400,10550,9990,98523,1001068810,88197793920,8828608
20200227,054920,한컴위드,KOSDAQ,중견기업부,2940,-30,-1.01,3000,3110,2920,349802,1052272190,82958218140,28217081
20200227,002680,한탑,KOSDAQ,중견기업부,2040,-55,-2.63,2110,2110,2005,44802,91428080,42432000000,20800000
20200227,066110,한프,KOSDAQ,관리종목(소속부없음),373,0,0.00,0,0,0,0,0,19694250800,52799600
20200227,317320,한화에스비아이스팩,KOSDAQ,SPAC(소속부없음),3200,-105,-3.18,3270,3415,3160,250353,822611415,13952000000,4360000
20200227,279410,한화에이스스팩4호,KOSDAQ,SPAC(소속부없음),2050,5,0.24,2045,2055,2045,11474,23464565,7164750000,3495000
20200227,340440,한화플러스제1호스팩,KOSDAQ,SPAC(소속부없음),2035,0,0.00,2040,2040,2020,123,249575,9584850000,4710000
20200227,102210,해덕파워웨이,KOSDAQ,관리종목(소속부없음),1100,0,0.00,0,0,0,0,0,81066045500,73696405
20200227,220630,해마로푸드서비스,KOSDAQ,우량기업부,2850,-95,-3.23,2910,2955,2820,617614,1777124960,275884822200,96801692
20200227,034810,해성산업,KOSDAQ,중견기업부,9270,-210,-2.22,9420,9630,9150,15867,147409600,90660600000,9780000
20200227,076610,해성옵틱스,KOSDAQ,중견기업부,2230,-125,-5.31,2355,2355,2220,784144,1777063995,69115788210,30993627
20200227,220180,핸디소프트,KOSDAQ,관리종목(소속부없음),2685,15,0.56,2765,2765,2620,90412,243809210,52089000000,19400000
20200227,008800,행남사,KOSDAQ,관리종목(소속부없음),1770,0,0.00,0,0,0,0,0,80762168880,45628344
20200227,900270,헝셩그룹,KOSDAQ,외국기업(소속부없음),871,-27,-3.01,898,904,869,907458,803512322,69680000000,80000000
20200227,084990,헬릭스미스,KOSDAQ,기술성장기업부,62600,-1900,-2.95,64200,65300,62000,342368,21682118900,1340584508800,21415088
20200227,170030,현대공업,KOSDAQ,우량기업부,4240,-260,-5.78,4460,4540,4170,365722,1596012385,65041600000,15340000
20200227,048410,현대바이오,KOSDAQ,중견기업부,11450,-350,-2.97,11800,12050,11300,519566,6024984050,411236791650,35915877
20200227,016790,현대사료,KOSDAQ,우량기업부,11350,-350,-2.99,11650,12000,11350,26283,304075100,69808016100,6150486
20200227,039010,현대통신,KOSDAQ,우량기업부,7000,-20,-0.28,6950,7060,6900,29142,203451890,60375000000,8625000
20200227,092300,현우산업,KOSDAQ,우량기업부,3190,-90,-2.74,3280,3295,3135,147246,472209380,48815061130,15302527
20200227,053660,현진소재,KOSDAQ,중견기업부,577,-7,-1.20,590,613,570,1378086,813245731,30696978731,53201003
20200227,011080,형지I&C,KOSDAQ,중견기업부,535,-4,-0.74,526,536,522,28595,15047077,20841282380,38955668
20200227,060560,홈센타홀딩스,KOSDAQ,중견기업부,1235,-15,-1.20,1240,1260,1210,97822,120359875,105114575995,85113017
20200227,064240,홈캐스트,KOSDAQ,중견기업부,4450,-175,-3.78,4585,4715,4405,172280,782972200,147271664200,33094756
20200227,039610,화성밸브,KOSDAQ,중견기업부,5500,-290,-5.01,5710,5880,5470,125540,702307810,57257200000,10410400
20200227,126640,화신정공,KOSDAQ,중견기업부,1115,-75,-6.30,1190,1210,1085,1379423,1562733155,40556884005,36373887
20200227,086250,화신테크,KOSDAQ,중견기업부,2760,-210,-7.07,2925,2960,2625,3540618,9719921840,81607508880,29567938
20200227,204630,화이브라더스코리아,KOSDAQ,중견기업부,2430,-25,-1.02,2430,2445,2380,19084,45867800,69530744250,28613475
20200227,061250,화일약품,KOSDAQ,우량기업부,6900,-330,-4.56,7230,7510,6880,903025,6497029640,119322728100,17293149
20200227,134780,화진,KOSDAQ,투자주의환기종목(소속부없음),3060,0,0.00,0,0,0,0,0,73560710880,24039448
20200227,097870,효성오앤비,KOSDAQ,중견기업부,5600,-190,-3.28,5760,5840,5600,14937,85263790,47544000000,8490000
20200227,050090,휘닉스소재,KOSDAQ,중견기업부,522,-25,-4.57,548,559,516,481491,254541878,36090527724,69138942
20200227,290270,휴네시온,KOSDAQ,벤처기업부,4400,-210,-4.56,4610,4690,4400,71680,323631985,42273756800,9607672
20200227,090710,휴림로봇,KOSDAQ,중견기업부,880,-29,-3.19,909,913,870,1419899,1258343686,73083246720,83049144
20200227,205470,휴마시스,KOSDAQ,기술성장기업부,1275,-10,-0.78,1290,1330,1250,488021,634425065,35985379425,28223827
20200227,115160,휴맥스,KOSDAQ,중견기업부,4535,-210,-4.43,4745,4745,4535,84498,389737770,108440003930,23911798
20200227,028080,휴맥스홀딩스,KOSDAQ,중견기업부,3120,-70,-2.19,3175,3220,3120,1197,3756090,39241818720,12577506
20200227,200670,휴메딕스,KOSDAQ,우량기업부,19600,200,1.03,19750,20500,19450,51575,1024886500,195435402400,9971194
20200227,065510,휴비츠,KOSDAQ,우량기업부,9230,-380,-3.95,9600,9610,9160,62382,580876240,109678899330,11882871
20200227,243070,휴온스,KOSDAQ,우량기업부,45850,-450,-0.97,46050,47650,45800,39370,1830948400,411905258450,8983757
20200227,084110,휴온스글로벌,KOSDAQ,우량기업부,29000,-250,-0.85,29150,30400,29000,30736,908797950,316719498000,10921362
20200227,145020,휴젤,KOSDAQ,우량기업부,373500,-7200,-1.89,380500,388500,372300,15040,5663897700,1613432227500,4319765
20200227,024060,흥구석유,KOSDAQ,중견기업부,5560,-200,-3.47,5770,5810,5490,270002,1517313520,83400000000,15000000
20200227,010240,흥국,KOSDAQ,벤처기업부,3670,-30,-0.81,3685,3745,3670,54224,200410975,45224294320,12322696
20200227,189980,흥국에프엔비,KOSDAQ,중견기업부,1540,55,3.70,1485,1550,1450,127768,190290735,56527940700,36706455
20200227,037440,희림,KOSDAQ,중견기업부,4025,45,1.13,3980,4065,3980,4754,19139560,56037961875,13922475
20200227,238490,힘스,KOSDAQ,벤처기업부,20500,-1150,-5.31,21250,21750,20100,103834,2151385000,115950419000,5656118
