BAS_DD,ISU_CD,ISU_NM,MKT_NM,SECT_TP_NM,TDD_CLSPRC,CMPPREVDD_PRC,FLUC_RT,TDD_OPNPRC,TDD_HGPRC,TDD_LWPRC,ACC_TRDVOL,ACC_TRDVAL,MKTCAP,LIST_SHRS
20181119,095570,AJ네트웍스,KOSPI,,4800,145,3.11,4685,4800,4655,49064,233397485,224747016000,46822295
20181119,068400,AJ렌터카,KOSPI,,13900,600,4.51,13200,14150,13100,363694,5034004950,307833570000,22146300
20181119,006840,AK홀딩스,KOSPI,,49800,1150,2.36,48500,49800,48500,20997,1037159750,659728537800,13247561
20181119,027410,BGF,KOSPI,,7990,140,1.78,7810,8050,7810,260779,2076763430,761999740210,95369179
20181119,282330,BGF리테일,KOSPI,,177500,8000,4.72,166500,178000,166500,17531,3081953500,3067893315000,17283906
20181119,138930,BNK금융지주,KOSPI,,7830,-40,-0.51,7800,7950,7760,744724,5849919740,2552072976180,325935246
20181119,001460,BYC,KOSPI,,258000,5000,1.98,254000,259000,254000,79,20327500,161150670000,624615
20181119,001465,BYC우,KOSPI,,111000,1000,0.91,110000,111000,108000,300,32909500,23907735000,215385
20181119,001040,CJ,KOSPI,,129500,4500,3.60,124000,130000,124000,95001,12194247500,3778421241000,29176998
20181119,079160,CJ CGV,KOSPI,,40250,850,2.16,39650,40250,39350,184169,7344908250,851742848250,21161313
20181119,000120,CJ대한통운,KOSPI,,149500,0,0.00,148500,151000,148500,38480,5749075500,3410445428000,22812344
20181119,011150,CJ씨푸드,KOSPI,,2370,5,0.21,2370,2390,2350,46779,110759280,85155932010,35930773
20181119,011155,CJ씨푸드1우,KOSPI,,29950,-400,-1.32,30050,30950,29600,1664,49685900,5990000000,200000
20181119,001045,CJ우,KOSPI,,58700,1700,2.98,56700,59000,56700,1663,96779700,132675090100,2260223
20181119,097950,CJ제일제당,KOSPI,,352500,1500,0.43,352000,354500,348000,28434,9983948000,5306600565000,15054186
20181119,097955,CJ제일제당 우,KOSPI,,132000,1000,0.76,131500,132000,127500,6529,848107500,175221156000,1327433
20181119,037560,CJ헬로,KOSPI,,9810,110,1.13,9700,9880,9700,169373,1658462120,759753745650,77446865
20181119,000590,CS홀딩스,KOSPI,,60600,500,0.83,60700,60900,59900,1354,81939200,69961609200,1154482
20181119,012030,DB,KOSPI,,925,-18,-1.91,943,957,909,1259490,1166157095,186085888025,201173933
20181119,016610,DB금융투자,KOSPI,,4435,90,2.07,4345,4470,4345,96299,426545515,188249735215,42446389
20181119,005830,DB손해보험,KOSPI,,72100,100,0.14,72200,73900,71400,165764,11983418000,5104680000000,70800000
20181119,000990,DB하이텍,KOSPI,,12100,-50,-0.41,12100,12250,11950,195275,2358045700,537222914800,44398588
20181119,000995,DB하이텍1우,KOSPI,,38950,200,0.52,40700,40700,38050,936,36314500,4374708200,112316
20181119,139130,DGB금융지주,KOSPI,,8920,-30,-0.34,8970,8990,8830,402801,3580286330,1508780830360,169145833
20181119,004840,DRB동일,KOSPI,,6610,80,1.23,6530,6640,6440,7708,50454110,128762800000,19480000
20181119,155660,DSR,KOSPI,,3510,75,2.18,3415,3520,3415,17220,60147565,56160000000,16000000
20181119,069730,DSR제강,KOSPI,,3820,95,2.55,3750,3835,3740,37724,143174380,55008000000,14400000
20181119,017940,E1,KOSPI,,60900,500,0.83,60700,61000,59900,4709,284237200,417774000000,6860000
20181119,007700,F&F,KOSPI,,55600,-3500,-5.92,59300,59700,54700,219330,12234897300,856240000000,15400000
20181119,114090,GKL,KOSPI,,23500,100,0.43,23200,23650,23100,155117,3628192400,1453608245000,61855670
20181119,078930,GS,KOSPI,,51500,0,0.00,51200,52800,51100,272181,14114220200,4785141967000,92915378
20181119,006360,GS건설,KOSPI,,42650,250,0.59,42700,43350,42150,359315,15327998300,3380706372850,79266269
20181119,001250,GS글로벌,KOSPI,,2585,10,0.39,2595,2610,2565,147987,382831975,213349779940,82533764
20181119,007070,GS리테일,KOSPI,,36500,500,1.39,35750,36600,35700,143725,5210278050,2810500000000,77000000
20181119,078935,GS우,KOSPI,,36800,250,0.68,36550,37050,36500,2863,105367300,65681596800,1784826
20181119,012630,HDC,KOSPI,,18200,1450,8.66,16850,18650,16850,1366376,24662071600,1087299322200,59741721
20181119,039570,HDC아이콘트롤스,KOSPI,,9840,180,1.86,9750,9910,9650,19640,192407880,161966400000,16460000
20181119,089470,HDC현대EP,KOSPI,,4250,65,1.55,4185,4270,4185,27060,114795110,135575000000,31900000
20181119,294870,HDC현대산업개발,KOSPI,,41100,1100,2.75,40050,41650,40050,167566,6873686300,1805860842000,43938220
20181119,082740,HSD엔진,KOSPI,,4500,130,2.97,4380,4530,4300,264267,1168611230,148262139000,32947142
20181119,003560,IHQ,KOSPI,,1975,10,0.51,1965,1985,1935,571142,1120751425,288815602300,146235748
20181119,175330,JB금융지주,KOSPI,,5810,-70,-1.19,5840,5890,5790,186971,1089034470,1144470614140,196982894
20181119,234080,JW생명과학,KOSPI,,24600,1200,5.13,23800,24750,23100,71386,1719344000,389530028400,15834554
20181119,001060,JW중외제약,KOSPI,,37450,750,2.04,37200,37500,36400,71575,2653758400,741714477000,19805460
20181119,001067,JW중외제약2우B,KOSPI,,46000,-1750,-3.66,47000,48200,44800,6266,287863700,3960508000,86098
20181119,001065,JW중외제약우,KOSPI,,27200,-250,-0.91,27200,27650,26800,6102,165198050,4463819200,164111
20181119,096760,JW홀딩스,KOSPI,,6960,210,3.11,6770,6960,6770,92194,633929370,440279556720,63258557
20181119,105560,KB금융,KOSPI,,46900,-200,-0.42,47100,47500,46850,748173,35197611850,19609431085300,418111537
20181119,002380,KCC,KOSPI,,280000,8000,2.94,270000,281500,270000,23934,6664022500,2955823640000,10556513
20181119,009070,KCTC,KOSPI,,2425,45,1.89,2380,2440,2380,41952,100794345,72750000000,30000000
20181119,009440,KC그린홀딩스,KOSPI,,3705,40,1.09,3630,3710,3630,10542,38823205,83121600900,22434980
20181119,119650,KC코트렐,KOSPI,,4090,60,1.49,4050,4115,3945,103832,421475270,53170000000,13000000
20181119,092220,KEC,KOSPI,,1010,13,1.30,1000,1015,999,596210,599617941,113576137210,112451621
20181119,001390,KG케미칼,KOSPI,,19550,200,1.03,19350,19800,19300,65768,1281313950,243505533300,12455526
20181119,001940,KISCO홀딩스,KOSPI,,11900,150,1.28,11750,11900,11500,8364,98172550,219868922000,18476380
20181119,025000,KPX케미칼,KOSPI,,53500,700,1.33,52000,53600,51100,6443,338050500,258940000000,4840000
20181119,092230,KPX홀딩스,KOSPI,,63900,1100,1.75,62800,63900,62300,351,22106300,269954879400,4224646
20181119,000040,KR모터스,KOSPI,,522,-5,-0.95,528,532,521,80730,42384544,67328650980,128982090
20181119,044450,KSS해운,KOSPI,,7030,170,2.48,6860,7100,6860,21608,150998150,162996736400,23185880
20181119,030200,KT,KOSPI,,29600,-350,-1.17,29850,30100,29600,404830,12071679650,7728909516800,261111808
20181119,033780,KT&G,KOSPI,,100000,-500,-0.50,100000,101000,99800,207416,20814187500,13729249700000,137292497
20181119,030210,KTB투자증권,KOSPI,,3310,75,2.32,3220,3350,3210,156064,514214515,199639644520,60314092
20181119,058850,KTcs,KOSPI,,2545,0,0.00,2540,2545,2510,154372,390607210,108633325000,42685000
20181119,093050,LF,KOSPI,,25950,600,2.37,25250,26000,24950,101368,2603959800,758778000000,29240000
20181119,003550,LG,KOSPI,,72800,1900,2.68,70400,73100,70400,287253,20856958200,12562159136800,172557131
20181119,034220,LG디스플레이,KOSPI,,17600,-250,-1.40,17850,18000,17550,1060437,18742690500,6297556320000,357815700
20181119,001120,LG상사,KOSPI,,17350,300,1.76,17050,17400,16950,93212,1603019850,672486000000,38760000
20181119,051900,LG생활건강,KOSPI,,1174000,23000,2.00,1146000,1176000,1146000,32656,38039283000,18335763278000,15618197
20181119,051905,LG생활건강우,KOSPI,,694000,4000,0.58,690000,695000,685000,1837,1268690200,1457189718000,2099697
20181119,003555,LG우,KOSPI,,42850,500,1.18,42350,42850,42350,4379,186515750,142033909450,3314677
20181119,032640,LG유플러스,KOSPI,,15450,100,0.65,15350,15550,15200,2723579,41983517824,6745645527450,436611361
20181119,011070,LG이노텍,KOSPI,,101000,1000,1.00,101000,102000,100500,288838,29189899000,2390377807000,23667107
20181119,066570,LG전자,KOSPI,,71600,-200,-0.28,72200,73100,71200,637905,45931498400,11717183482400,163647814
20181119,066575,LG전자우,KOSPI,,28800,-100,-0.35,29000,29300,28600,17088,493300850,494956569600,17185992
20181119,108670,LG하우시스,KOSPI,,52900,200,0.38,52400,53300,52300,21006,1108360900,474389743000,8967670
20181119,108675,LG하우시스우,KOSPI,,31500,450,1.45,31050,31500,31050,1210,37891950,32518395000,1032330
20181119,051910,LG화학,KOSPI,,345500,1000,0.29,342000,346000,341000,117733,40446721500,24389654506500,70592343
20181119,051915,LG화학우,KOSPI,,196500,1500,0.77,194000,196500,193500,3987,778105500,1510849200000,7688800
20181119,079550,LIG넥스원,KOSPI,,36850,1500,4.24,34950,37000,34950,102089,3720145000,810700000000,22000000
20181119,006260,LS,KOSPI,,55000,600,1.10,54100,56100,54000,122647,6761522700,1771000000000,32200000
20181119,000680,LS네트웍스,KOSPI,,2655,25,0.95,2630,2660,2590,5523,14614855,209222007480,78803016
20181119,010120,LS산전,KOSPI,,51300,1600,3.22,49950,51400,49800,190233,9666526150,1539000000000,30000000
20181119,229640,LS전선아시아,KOSPI,,5430,60,1.12,5370,5460,5320,77404,417106160,166293092970,30624879
20181119,023150,MH에탄올,KOSPI,,5380,-70,-1.28,5390,5490,5300,11080,59363820,39696469880,7378526
20181119,035420,NAVER,KOSPI,,111500,-1000,-0.89,113000,114000,110500,697289,77944940000,18376693542500,164813395
20181119,181710,NHN엔터테인먼트,KOSPI,,55600,900,1.65,54700,56000,54500,67698,3752423100,1087815390000,19565025
20181119,005940,NH투자증권,KOSPI,,13650,350,2.63,13400,13800,13350,966787,13209998300,3841231307550,281408887
20181119,005945,NH투자증권우,KOSPI,,9190,50,0.55,9130,9190,9130,52388,480514360,173424195920,18870968
20181119,034310,NICE,KOSPI,,17800,250,1.42,17300,17850,17100,37334,649785500,674304940000,37882300
20181119,008260,NI스틸,KOSPI,,2450,0,0.00,2460,2480,2430,39425,96934790,70070286650,28600117
20181119,004250,NPC,KOSPI,,3660,-5,-0.14,3590,3660,3590,3494,12689125,134395200000,36720000
20181119,004255,NPC우,KOSPI,,2165,0,0.00,2165,2165,2145,5603,12062755,11431200000,5280000
20181119,010060,OCI,KOSPI,,98300,-900,-0.91,99400,101000,97200,132176,12974849300,2344393169300,23849371
20181119,005490,POSCO,KOSPI,,260500,5000,1.96,256000,261500,256000,205893,53370365500,22712170517500,87186835
20181119,100840,S&TC,KOSPI,,11400,300,2.70,11100,11600,11050,7580,85283600,83187510000,7297150
20181119,064960,S&T모티브,KOSPI,,25200,150,0.60,24900,25350,24750,21278,532255900,368503027200,14623136
20181119,003570,S&T중공업,KOSPI,,6540,100,1.55,6540,6570,6450,18830,122479910,212376291060,32473439
20181119,036530,S&T홀딩스,KOSPI,,11650,-100,-0.85,11750,11750,11550,1535,17887300,189940271900,16303886
20181119,010950,S-Oil,KOSPI,,111500,500,0.45,112000,114000,111000,180760,20218520500,12552981308000,112582792
20181119,010955,S-Oil우,KOSPI,,82000,500,0.61,81600,82500,81400,9554,782203000,329798014000,4021927
20181119,034120,SBS,KOSPI,,20850,-200,-0.95,21100,21350,20600,26313,548199700,380566334700,18252582
20181119,101060,SBS미디어홀딩스,KOSPI,,2410,25,1.05,2400,2415,2385,14173,34054505,337149817900,139896190
20181119,004060,SG세계물산,KOSPI,,682,7,1.04,677,687,668,326775,222548870,138053822720,202424960
20181119,001380,SG충방,KOSPI,,1730,55,3.28,1695,1730,1680,238531,407090295,77787967390,44964143
20181119,002360,SH에너지화학,KOSPI,,1040,10,0.97,1035,1050,1030,746124,774850440,115579079200,111133730
20181119,009160,SIMPAC,KOSPI,,2515,20,0.80,2485,2540,2485,78394,197670615,164555232740,65429516
20181119,123700,SJM,KOSPI,,3010,0,0.00,3010,3020,2965,8547,25661005,46970742980,15604898
20181119,025530,SJM홀딩스,KOSPI,,3335,85,2.62,3255,3340,3255,2556,8504240,49804916680,14934008
20181119,034730,SK,KOSPI,,280000,6500,2.38,273000,280000,272000,72891,20248540500,19700883160000,70360297
20181119,011790,SKC,KOSPI,,35500,500,1.43,35000,35800,34700,123036,4352433050,1332476702500,37534555
20181119,018670,SK가스,KOSPI,,74900,-800,-1.06,75600,75600,74200,19112,1426355400,678157108300,9054167
20181119,001740,SK네트웍스,KOSPI,,4560,30,0.66,4525,4595,4525,798218,3638446045,1131735670320,248187647
20181119,001745,SK네트웍스우,KOSPI,,53000,300,0.57,52200,53000,52200,280,14729800,6023344000,113648
20181119,006120,SK디스커버리,KOSPI,,28400,600,2.16,27350,28400,27350,49149,1380492450,540675082000,19037855
20181119,006125,SK디스커버리우,KOSPI,,15150,50,0.33,15400,15400,14900,1312,19659450,20580593250,1358455
20181119,210980,SK디앤디,KOSPI,,26900,-200,-0.74,27400,27400,26650,31301,842606700,434569500000,16155000
20181119,03473K,SK우,KOSPI,,145000,1500,1.05,143500,145500,142500,613,88287000,82089575000,566135
20181119,096770,SK이노베이션,KOSPI,,203000,6000,3.05,198000,204000,197500,239432,48472386000,18770509492000,92465564
20181119,096775,SK이노베이션우,KOSPI,,130000,2000,1.56,128000,130500,128000,4062,526607000,162295380000,1248426
20181119,001510,SK증권,KOSPI,,724,-20,-2.69,741,741,722,5591990,4069915181,258091643804,356480171
20181119,001515,SK증권우,KOSPI,,2755,-40,-1.43,2790,2840,2720,56686,156799820,10778976070,3912514
20181119,285130,SK케미칼,KOSPI,,71600,900,1.27,70800,71800,69700,36480,2581773200,829117403200,11579852
20181119,28513K,SK케미칼우,KOSPI,,24700,250,1.02,24100,24800,24100,1932,47371600,36029149000,1458670
20181119,017670,SK텔레콤,KOSPI,,276000,-3000,-1.08,279000,280000,273500,118570,32720662000,22285816236000,80745711
20181119,000660,SK하이닉스,KOSPI,,69800,-300,-0.43,69600,70500,68900,2303677,160209436900,50814565077000,728002365
20181119,005610,SPC삼립,KOSPI,,133000,-1500,-1.12,136000,138000,131500,12116,1630625000,1147658197000,8629009
20181119,011810,STX,KOSPI,,14100,250,1.81,13950,14150,13700,20043,279402800,260228218200,18455902
20181119,077970,STX엔진,KOSPI,,7000,-20,-0.28,7050,7070,6940,9409,65958490,161062328000,23008904
20181119,071970,STX중공업,KOSPI,,1135,0,0.00,0,0,0,0,0,28189820210,24836846
20181119,084870,TBH글로벌,KOSPI,,3160,-40,-1.25,3200,3255,3140,69625,220669160,65907548040,20856819
20181119,002710,TCC동양,KOSPI,,1930,50,2.66,1880,1965,1880,88862,170447770,43121025000,22342500
20181119,024070,WISCOM,KOSPI,,2630,5,0.19,2690,2690,2615,8394,22152350,39518169600,15025920
20181119,037270,YG PLUS,KOSPI,,2255,-40,-1.74,2320,2320,2240,92271,208394915,131174937520,58170704
20181119,000500,가온전선,KOSPI,,17900,350,1.99,17700,17950,17500,1323,23500750,74470211300,4160347
20181119,000860,강남제비스코,KOSPI,,24450,950,4.04,23700,24450,23600,3712,89296000,158925000000,6500000
20181119,035250,강원랜드,KOSPI,,30250,150,0.50,30100,30400,29850,275594,8309447350,6471700125000,213940500
20181119,011420,갤럭시아에스엠,KOSPI,,1510,80,5.59,1450,1510,1415,46923,69271645,41599962440,27549644
20181119,002100,경농,KOSPI,,9300,180,1.97,9300,9440,9200,393420,3663673640,201733275000,21691750
20181119,009450,경동나비엔,KOSPI,,41650,3650,9.61,38300,41700,38300,151440,6114878250,530600591500,12739510
20181119,267290,경동도시가스,KOSPI,,34950,-1050,-2.92,36000,36000,34850,23804,833355800,164861351850,4717063
20181119,012320,경동인베스트,KOSPI,,39450,1000,2.60,38500,39650,38450,2949,115143200,93300157350,2365023
20181119,000050,경방,KOSPI,,11650,350,3.10,11350,11650,11200,4710,53792300,319387895500,27415270
20181119,214390,경보제약,KOSPI,,10700,300,2.88,10450,10700,10200,34872,366596300,255803402000,23906860
20181119,012610,경인양행,KOSPI,,6100,30,0.49,6090,6120,6000,190139,1150823050,246417826500,40396365
20181119,009140,경인전자,KOSPI,,23300,250,1.08,23050,23300,23000,374,8615900,36599570100,1570797
20181119,013580,계룡건설,KOSPI,,21450,250,1.18,21300,22300,21300,12238,265994250,191567955150,8930907
20181119,012200,계양전기,KOSPI,,3230,-35,-1.07,3290,3350,3195,129664,423064020,105298000000,32600000
20181119,012205,계양전기우,KOSPI,,10200,-100,-0.97,10300,11100,10050,208730,2177725050,14280000000,1400000
20181119,004200,고려개발,KOSPI,,4960,5,0.10,4955,5090,4955,5613,27994180,150976889440,30438889
20181119,002140,고려산업,KOSPI,,2265,10,0.44,2275,2310,2120,108759,245727455,56487797625,24939425
20181119,010130,고려아연,KOSPI,,436500,2500,0.58,428500,437500,428500,32358,14038238500,8236755000000,18870000
20181119,002240,고려제강,KOSPI,,20350,100,0.49,20200,20550,20200,9696,197115300,407000000000,20000000
20181119,001290,골든브릿지증권,KOSPI,,2055,5,0.24,2050,2075,2030,37962,78088420,104175325395,50693589
20181119,009290,광동제약,KOSPI,,6390,130,2.08,6230,6400,6230,110911,703339860,334969237890,52420851
20181119,017040,광명전기,KOSPI,,2620,80,3.15,2585,2640,2575,214747,559924170,113544551300,43337615
20181119,017900,광전자,KOSPI,,2020,35,1.76,1985,2020,1980,86314,172565375,117046401260,57943763
20181119,037710,광주신세계,KOSPI,,178000,0,0.00,178500,178500,177500,521,92719500,284800000000,1600000
20181119,030610,교보증권,KOSPI,,9450,150,1.61,9300,9540,9250,51964,491254570,340200000000,36000000
20181119,007690,국도화학,KOSPI,,47750,250,0.53,47500,48000,47350,7336,348521200,277456914000,5810616
20181119,005320,국동,KOSPI,,2395,75,3.23,2320,2410,2300,105081,248804660,32908449600,13740480
20181119,001140,국보,KOSPI,,12250,1850,17.79,10600,13350,10600,479911,5980827850,20608224000,1682304
20181119,002720,국제약품,KOSPI,,4320,40,0.93,4315,4330,4240,52198,224128645,78006702240,18057107
20181119,083420,그린케미칼,KOSPI,,3750,-115,-2.98,3865,3865,3685,84553,316810015,75000000000,20000000
20181119,014530,극동유화,KOSPI,,3335,40,1.21,3295,3340,3295,22231,73996275,116289515700,34869420
20181119,014280,금강공업,KOSPI,,21950,-500,-2.23,22100,22450,21950,4189,92652500,106588409800,4855964
20181119,014285,금강공업우,KOSPI,,38850,250,0.65,38600,40300,38150,236,9119900,4583328750,117975
20181119,008870,금비,KOSPI,,66500,400,0.61,66700,69200,65100,449,29735800,66500000000,1000000
20181119,001570,금양,KOSPI,,2370,-70,-2.87,2390,2430,2340,30437,72219380,102335633040,43179592
20181119,002990,금호산업,KOSPI,,12100,0,0.00,12150,12400,11900,156994,1908803600,436027722900,36035349
20181119,002995,금호산업우,KOSPI,,27750,-750,-2.63,28250,28900,27400,13153,369189800,8110381500,292266
20181119,011780,금호석유,KOSPI,,89800,-100,-0.11,88600,91300,88600,96547,8659540900,2735998651800,30467691
20181119,011785,금호석유우,KOSPI,,32100,100,0.31,32300,32400,31800,8076,258588250,97053900600,3023486
20181119,214330,금호에이치티,KOSPI,,8180,680,9.07,7500,8180,7430,631783,4986428410,81348971160,9944862
20181119,001210,금호전기,KOSPI,,6540,90,1.40,6550,6710,6480,4100,26903990,45626754720,6976568
20181119,073240,금호타이어,KOSPI,,5160,210,4.24,4950,5200,4950,878546,4509388825,1482263080920,287260287
20181119,092440,기신정기,KOSPI,,3410,20,0.59,3435,3435,3380,14246,48549280,99572000000,29200000
20181119,000270,기아차,KOSPI,,29700,200,0.68,29050,30050,29050,599776,17855775800,12039291405900,405363347
20181119,024110,기업은행,KOSPI,,14900,-150,-1.00,14950,15100,14850,581532,8681604800,8343684343500,559978815
20181119,013700,까뮤이앤씨,KOSPI,,1035,-5,-0.48,1030,1045,1020,74616,76736865,46732609800,45152280
20181119,004540,깨끗한나라,KOSPI,,3425,60,1.78,3470,3470,3345,65140,221009510,127549373525,37240693
20181119,004545,깨끗한나라우,KOSPI,,21700,-1000,-4.41,22650,23050,21250,17871,391708050,7945672000,366160
20181119,074610,나노메딕스,KOSPI,,8960,400,4.67,8680,9000,8600,392785,3457942200,249133920000,27805125
20181119,001260,남광토건,KOSPI,,14800,700,4.96,14500,14800,14200,46813,682635350,145425910000,9826075
20181119,008350,남선알미늄,KOSPI,,1685,90,5.64,1630,1695,1595,9395522,15449159055,185651766650,110179090
20181119,008355,남선알미우,KOSPI,,38050,-2600,-6.40,39500,40200,35650,201928,7630263750,11715214500,307890
20181119,004270,남성,KOSPI,,1385,25,1.84,1360,1400,1360,61504,84792710,50153841600,36212160
20181119,003920,남양유업,KOSPI,,634000,21000,3.43,620000,634000,613000,866,541994000,456480000000,720000
20181119,003925,남양유업우,KOSPI,,195000,5000,2.63,191000,199500,190000,67,13097500,32499090000,166662
20181119,002070,남영비비안,KOSPI,,5930,-110,-1.82,6030,6030,5910,6374,37837850,40726913850,6867945
20181119,025860,남해화학,KOSPI,,11600,350,3.11,11500,11700,11400,212115,2448883050,576274578800,49678843
20181119,005720,넥센,KOSPI,,5830,80,1.39,5780,5860,5710,28028,162341620,312161385910,53543977
20181119,005725,넥센우,KOSPI,,3680,0,0.00,3665,3685,3610,4718,17321770,13250208000,3600600
20181119,002350,넥센타이어,KOSPI,,8780,50,0.57,8720,8920,8680,155968,1374895840,857523960060,97667877
20181119,002355,넥센타이어1우B,KOSPI,,3975,0,0.00,3975,3975,3955,1318,5228345,25837500000,6500000
20181119,003580,넥스트사이언스,KOSPI,,8480,320,3.92,8130,8480,8120,185592,1534650890,190884978080,22510021
20181119,251270,넷마블,KOSPI,,123000,500,0.41,121500,124500,121500,163891,20128346000,10486565736000,85256632
20181119,090350,노루페인트,KOSPI,,8560,-160,-1.83,8660,8800,8560,142658,1231502990,171200000000,20000000
20181119,090355,노루페인트우,KOSPI,,8850,-400,-4.32,9350,9350,8790,1998,18049120,4098665100,463126
20181119,000320,노루홀딩스,KOSPI,,11750,150,1.29,11700,11800,11600,2595,30328500,156171024250,13291151
20181119,000325,노루홀딩스우,KOSPI,,17750,-450,-2.47,18250,18250,17750,40,719700,3288187500,185250
20181119,006280,녹십자,KOSPI,,145000,4500,3.20,142500,145500,141500,36581,5264788500,1694548010000,11686538
20181119,005250,녹십자홀딩스,KOSPI,,24650,550,2.28,24300,24650,24050,62731,1533372750,1159245376500,47028210
20181119,005257,녹십자홀딩스2우,KOSPI,,18750,800,4.46,17950,19750,17950,2778,53624250,15862312500,845990
20181119,004370,농심,KOSPI,,248500,-500,-0.20,248500,253500,247000,14582,3639858000,1511536537000,6082642
20181119,072710,농심홀딩스,KOSPI,,71100,200,0.28,70400,71700,70400,2404,170741900,329746869000,4637790
20181119,058730,다스코,KOSPI,,6980,180,2.65,7000,7280,6900,249019,1756283660,107492000000,15400000
20181119,023590,다우기술,KOSPI,,20350,-50,-0.25,20450,20650,20300,70858,1445540350,913035655950,44866617
20181119,019680,대교,KOSPI,,6760,60,0.90,6650,6770,6650,31590,212922740,572591266000,84702850
20181119,019685,대교우B,KOSPI,,4690,5,0.11,4665,4695,4655,2633,12290780,91112583100,19426990
20181119,006370,대구백화점,KOSPI,,9090,120,1.34,8830,9090,8830,1291,11537580,98368443990,10821611
20181119,004130,대덕GDS,KOSPI,,13600,400,3.03,13250,13650,13200,145970,1970221000,279828336800,20575613
20181119,004135,대덕GDS우,KOSPI,,7790,160,2.10,7640,7790,7640,1484,11441310,16826400000,2160000
20181119,008060,대덕전자,KOSPI,,8690,250,2.96,8600,8760,8540,241944,2100544850,424039847000,48796300
20181119,000490,대동공업,KOSPI,,5500,0,0.00,5500,5560,5480,86910,478250520,130505155000,23728210
20181119,008110,대동전자,KOSPI,,3465,-135,-3.75,3700,3700,3335,15253,53629165,36349398855,10490447
20181119,005750,대림B&Co,KOSPI,,4145,55,1.34,4090,4150,4060,10634,43808395,69106434800,16672240
20181119,000210,대림산업,KOSPI,,88100,1900,2.20,86200,88200,85900,152650,13379970300,3065880000000,34800000
20181119,000215,대림산업우,KOSPI,,36500,550,1.53,35700,37100,35700,95878,3511435950,138700000000,3800000
20181119,004440,대림씨엔에스,KOSPI,,10350,-100,-0.96,10400,10550,10300,12781,133234000,131775651450,12731947
20181119,006570,대림통상,KOSPI,,4100,90,2.24,4050,4100,4050,512,2096760,62422500000,15225000
20181119,001680,대상,KOSPI,,23100,-50,-0.22,23150,23400,22800,173070,3973964850,800369377500,34648025
20181119,001685,대상우,KOSPI,,12550,100,0.80,12600,12700,12450,1968,24636950,17196298650,1370223
20181119,084690,대상홀딩스,KOSPI,,7790,70,0.91,7730,7840,7600,31174,239436160,282095671020,36212538
20181119,084695,대상홀딩스우,KOSPI,,6080,-10,-0.16,6080,6080,6080,164,997120,5553970560,913482
20181119,128820,대성산업,KOSPI,,4310,30,0.70,4300,4310,4245,40925,175541725,194964910180,45235478
20181119,117580,대성에너지,KOSPI,,5430,20,0.37,5440,5440,5380,8708,47034690,149325000000,27500000
20181119,016710,대성홀딩스,KOSPI,,6530,0,0.00,6530,6550,6440,2230,14479810,105064167270,16089459
20181119,003540,대신증권,KOSPI,,12250,100,0.82,12150,12350,12100,97423,1190058250,621974150000,50773400
20181119,003547,대신증권2우B,KOSPI,,8640,-10,-0.12,8690,8730,8580,77966,671416050,86400000000,10000000
20181119,003545,대신증권우,KOSPI,,9430,70,0.75,9410,9430,9290,50278,472528670,245180000000,26000000
20181119,009190,대양금속,KOSPI,,4155,-10,-0.24,4170,4185,4070,3894,16138800,51181011615,12317933
20181119,014160,대영포장,KOSPI,,919,9,0.99,911,921,910,77056,70576732,99614590531,108394549
20181119,047040,대우건설,KOSPI,,4855,30,0.62,4855,4925,4805,1060561,5162704255,2017847907490,415622638
20181119,009320,대우부품,KOSPI,,1695,35,2.11,1700,1710,1665,581452,980218825,80760605625,47646375
20181119,042660,대우조선해양,KOSPI,,35450,-1750,-4.70,36800,37850,34650,1228288,43719128200,3800443908400,107205752
20181119,003090,대웅,KOSPI,,16500,200,1.23,16450,16650,16050,60919,993427450,959342670000,58141980
20181119,069620,대웅제약,KOSPI,,184500,5500,3.07,179000,185000,176500,38339,7011445000,2137723087500,11586575
20181119,000430,대원강업,KOSPI,,3630,15,0.41,3610,3635,3590,7485,27020160,225060000000,62000000
20181119,006340,대원전선,KOSPI,,1580,60,3.95,1530,1600,1530,586803,923996030,107609330180,68107171
20181119,006345,대원전선우,KOSPI,,3900,125,3.31,3775,4000,3775,43940,170367825,10222680000,2621200
20181119,003220,대원제약,KOSPI,,15950,0,0.00,16050,16050,15750,73614,1167912800,304622765700,19098606
20181119,024890,대원화성,KOSPI,,1455,10,0.69,1445,1455,1430,37851,54563230,60017516160,41249152
20181119,002880,대유에이텍,KOSPI,,1130,-35,-3.00,1240,1250,1130,11362377,13668284305,116742045850,103311545
20181119,000300,대유플러스,KOSPI,,918,55,6.37,874,930,865,764957,691208887,92426498280,100682460
20181119,012800,대창,KOSPI,,922,18,1.99,904,927,904,333678,306437407,84031540078,91140499
20181119,015230,대창단조,KOSPI,,40850,-150,-0.37,41000,41400,40100,2200,89344100,81700000000,2000000
20181119,001070,대한방직,KOSPI,,13700,150,1.11,13500,14250,13350,32698,448516550,72610000000,5300000
20181119,006650,대한유화,KOSPI,,166000,1000,0.61,164000,167500,159500,71802,11722566500,1079000000000,6500000
20181119,001440,대한전선,KOSPI,,1070,25,2.39,1045,1070,1040,524343,555312385,916426119630,856473009
20181119,084010,대한제강,KOSPI,,5100,30,0.59,5130,5130,5040,73166,370766940,125698343400,24646734
20181119,001790,대한제당,KOSPI,,19650,-150,-0.76,20000,20000,19500,2751,54008600,173706039300,8840002
20181119,001799,대한제당3우B,KOSPI,,28900,600,2.12,28000,28900,27700,849,24098150,3747058400,129656
20181119,001795,대한제당우,KOSPI,,12750,-150,-1.16,12900,13000,12750,1346,17376300,8265519000,648276
20181119,001130,대한제분,KOSPI,,178000,500,0.28,177500,180500,175000,369,65894500,300820000000,1690000
20181119,003490,대한항공,KOSPI,,32600,-800,-2.40,33700,33700,32000,1191817,38668502600,3091935068400,94844634
20181119,003495,대한항공우,KOSPI,,15400,-1850,-10.72,17050,17500,14900,589913,9371033550,17106227600,1110794
20181119,005880,대한해운,KOSPI,,21900,-400,-1.79,22300,22500,21800,137579,3032718650,534940437600,24426504
20181119,003830,대한화섬,KOSPI,,113000,1000,0.89,112000,114500,111500,240,27151500,150064000000,1328000
20181119,016090,대현,KOSPI,,2065,60,2.99,2015,2085,2005,118445,242490460,93507970150,45282310
20181119,069460,대호에이엘,KOSPI,,5420,0,0.00,0,0,0,0,0,147070827380,27134839
20181119,012510,더존비즈온,KOSPI,,45900,500,1.10,45900,45900,45100,54489,2491190000,1361976930000,29672700
20181119,004830,덕성,KOSPI,,3260,20,0.62,3250,3270,3135,30339,97790160,51116800000,15680000
20181119,004835,덕성우,KOSPI,,5170,-280,-5.14,5380,5430,5000,193378,999240720,7196640000,1392000
20181119,024900,덕양산업,KOSPI,,1225,20,1.66,1205,1240,1185,134030,162016345,39892100500,32564980
20181119,145720,덴티움,KOSPI,,68100,1700,2.56,66400,68400,66200,49606,3340319600,753787323000,11068830
20181119,002150,도화엔지니어링,KOSPI,,6810,100,1.49,6870,6890,6690,75362,511631610,229633200000,33720000
20181119,001620,동국실업,KOSPI,,862,-10,-1.15,872,880,854,96524,83578351,45955006064,53312072
20181119,001230,동국제강,KOSPI,,7760,150,1.97,7610,7950,7600,393008,3063457740,740558039120,95432737
20181119,023450,동남합성,KOSPI,,60300,-500,-0.82,60300,60300,60000,185,11138700,79291665900,1314953
20181119,004140,동방,KOSPI,,1540,90,6.21,1460,1605,1460,739183,1132629285,51537005520,33465588
20181119,007590,동방아그로,KOSPI,,6620,-10,-0.15,6670,6700,6600,6247,41580150,90148359740,13617577
20181119,005960,동부건설,KOSPI,,7290,310,4.44,7290,7400,7090,23792,172261440,152121538080,20867152
20181119,005965,동부건설우,KOSPI,,16850,0,0.00,16850,17500,16700,1309,22419150,3803584200,225732
20181119,016380,동부제철,KOSPI,,7180,0,0.00,7060,7220,7060,2703,19312980,195535984320,27233424
20181119,016385,동부제철우,KOSPI,,48850,-750,-1.51,49600,49600,47000,632,30137100,7823620600,160156
20181119,083370,동북아12호,KOSPI,,5010,10,0.20,5010,5010,5010,1962,9829620,7944156600,1585660
20181119,083380,동북아13호,KOSPI,,5010,10,0.20,5010,5010,5010,3342,16743420,7944156600,1585660
20181119,026960,동서,KOSPI,,17200,400,2.38,16850,17450,16850,283495,4874904000,1714840000000,99700000
20181119,002210,동성제약,KOSPI,,24400,650,2.74,24100,24600,23700,622057,14987185050,604060405600,24756574
20181119,102260,동성코퍼레이션,KOSPI,,5430,170,3.23,5210,5430,5210,72929,392140510,246766187100,45444970
20181119,005190,동성화학,KOSPI,,13300,650,5.14,12650,13900,12600,31634,423963550,70963001200,5335564
20181119,000640,동아쏘시오홀딩스,KOSPI,,99400,3400,3.54,96900,99400,95100,9976,976241500,610146423600,6138294
20181119,170900,동아에스티,KOSPI,,100500,2300,2.34,99000,101000,98300,18166,1816065300,848608734000,8443868
20181119,028100,동아지질,KOSPI,,14450,300,2.12,14350,14600,14150,96060,1383392300,166175000000,11500000
20181119,282690,동아타이어,KOSPI,,13450,150,1.13,13300,13450,13250,551,7392450,184709051750,13733015
20181119,001520,동양,KOSPI,,1890,60,3.28,1845,1900,1840,452055,849701135,451112879070,238684063
20181119,001527,동양2우B,KOSPI,,11400,50,0.44,11300,11400,11150,9757,110116400,3517686600,308569
20181119,001529,동양3우B,KOSPI,,30750,-1100,-3.45,31250,31350,30650,10807,334430650,2758951500,89722
20181119,084670,동양고속,KOSPI,,29200,0,0.00,29200,29450,28800,3346,97521300,87580874000,2999345
20181119,030790,동양네트웍스,KOSPI,,2200,100,4.76,2130,2220,2105,784741,1707255100,207540194400,94336452
20181119,002900,동양물산,KOSPI,,1770,45,2.61,1750,1785,1730,499868,880423070,115738353000,65388900
20181119,082640,동양생명,KOSPI,,5870,-30,-0.51,5950,5950,5790,73046,426137650,947174893950,161358585
20181119,001525,동양우,KOSPI,,10150,0,0.00,10100,10250,9950,9010,90437300,6269969650,617731
20181119,008970,동양철관,KOSPI,,1645,30,1.86,1630,1680,1625,2256314,3735056315,146216302050,88885290
20181119,092780,동양피스톤,KOSPI,,4355,-45,-1.02,4440,4455,4355,49435,217616115,57348643300,13168460
20181119,049770,동원F&B,KOSPI,,296500,1000,0.34,292000,299500,292000,4206,1242391500,1144230266000,3859124
20181119,018500,동원금속,KOSPI,,864,5,0.58,860,875,858,57282,49428821,40396262112,46754933
20181119,006040,동원산업,KOSPI,,201500,-3000,-1.47,204500,206500,196000,11261,2248232500,677684800000,3363200
20181119,030720,동원수산,KOSPI,,9130,240,2.70,8950,9130,8900,46590,421967160,42272228680,4630036
20181119,014820,동원시스템즈,KOSPI,,27900,650,2.39,27250,28400,27050,15081,415200300,714756456900,25618511
20181119,014825,동원시스템즈우,KOSPI,,22400,300,1.36,22200,22400,22200,154,3423700,5944019200,265358
20181119,163560,동일고무벨트,KOSPI,,6490,100,1.56,6450,6510,6400,12931,83684900,84370000000,13000000
20181119,001530,동일방직,KOSPI,,65900,400,0.61,65500,66500,64800,4756,312486400,156730563100,2378309
20181119,004890,동일산업,KOSPI,,60400,1000,1.68,60500,60600,59300,2862,171597700,146482986000,2425215
20181119,002690,동일제강,KOSPI,,3015,-5,-0.17,2995,3040,2995,17104,51722530,45225000000,15000000
20181119,000020,동화약품,KOSPI,,9660,60,0.63,9570,9670,9560,23946,230239350,269818000200,27931470
20181119,000150,두산,KOSPI,,131000,1500,1.16,129000,133000,129000,27756,3652980500,2514938393000,19198003
20181119,000157,두산2우B,KOSPI,,78700,-600,-0.76,79300,79300,78100,89,7004600,77573409500,985685
20181119,011160,두산건설,KOSPI,,1575,55,3.62,1555,1580,1525,78039,121436395,115488590175,73326089
20181119,241560,두산밥캣,KOSPI,,36800,-200,-0.54,36500,37900,36300,223876,8278368800,3689169308800,100249166
20181119,000155,두산우,KOSPI,,78300,0,0.00,77800,78600,77800,5612,438842900,345387094200,4411074
20181119,042670,두산인프라코어,KOSPI,,8460,120,1.44,8350,8560,8350,941868,7981902430,1761008736060,208157061
20181119,034020,두산중공업,KOSPI,,10650,200,1.91,10500,10800,10450,891234,9495459350,1247613451950,117146803
20181119,016740,두올,KOSPI,,2940,60,2.08,2900,2965,2900,109082,320060630,79576039200,27066680
20181119,024090,디씨엠,KOSPI,,11800,100,0.85,11700,11850,11600,735,8625300,138060000000,11700000
20181119,003160,디아이,KOSPI,,3730,50,1.36,3680,3740,3680,71229,264344530,117483008050,31496785
20181119,092200,디아이씨,KOSPI,,5600,-20,-0.36,5720,5720,5540,10272,57634470,125817496000,22467410
20181119,013570,디와이,KOSPI,,5410,110,2.08,5330,5440,5320,87695,472354910,142389214530,26319633
20181119,210540,디와이파워,KOSPI,,14300,700,5.15,13800,14650,13800,336977,4809900350,157896424400,11041708
20181119,007340,디티알오토모티브,KOSPI,,30950,250,0.81,30750,31400,30650,3688,113838050,309314454750,9994005
20181119,026890,디피씨,KOSPI,,7930,100,1.28,7870,8250,7780,10165369,81050898750,330507927750,41678175
20181119,115390,락앤락,KOSPI,,18500,1150,6.63,17200,18900,17200,302263,5587689600,1017500000000,55000000
20181119,032350,롯데관광개발,KOSPI,,11900,250,2.15,11800,12300,11500,370198,4425916550,768337780000,64566200
20181119,000400,롯데손해보험,KOSPI,,2720,20,0.74,2700,2720,2695,98288,266230900,365241600000,134280000
20181119,023530,롯데쇼핑,KOSPI,,227000,9000,4.13,219000,227000,218500,139499,31324977000,6421547385000,28288755
20181119,004000,롯데정밀화학,KOSPI,,42000,50,0.12,41700,42150,41050,85369,3562999750,1083600000000,25800000
20181119,286940,롯데정보통신,KOSPI,,33700,350,1.05,33050,33900,33000,49904,1675361850,481438200000,14286000
20181119,280360,롯데제과,KOSPI,,157000,500,0.32,155500,158000,154500,1408,219416500,660829014000,4209102
20181119,004990,롯데지주,KOSPI,,55300,2500,4.73,52600,56000,52600,308885,16973246000,6446112906100,116566237
20181119,00499K,롯데지주우,KOSPI,,55000,800,1.48,54200,56300,54200,4179,231885700,54319265000,987623
20181119,005300,롯데칠성,KOSPI,,1379000,29000,2.15,1341000,1380000,1341000,1364,1862606000,1102298134000,799346
20181119,005305,롯데칠성우,KOSPI,,628000,0,0.00,628000,630000,624000,277,174020000,48689468000,77531
20181119,011170,롯데케미칼,KOSPI,,291500,-2000,-0.68,290500,296000,286000,156883,45415562500,9991284638500,34275419
20181119,002270,롯데푸드,KOSPI,,661000,-2000,-0.30,659000,669000,651000,1217,803131000,748166070000,1131870
20181119,071840,롯데하이마트,KOSPI,,53200,-100,-0.19,52800,53600,52600,71874,3819904600,1255930278400,23607712
20181119,027740,마니커,KOSPI,,801,5,0.63,792,802,789,1778728,1411960915,106582287933,133061533
20181119,204320,만도,KOSPI,,30200,-350,-1.15,30400,30750,29900,241200,7300610150,1418105024000,46957120
20181119,001080,만호제강,KOSPI,,17600,1200,7.32,16800,17650,16750,5923,102306000,73040000000,4150000
20181119,088980,맥쿼리인프라,KOSPI,,9400,-50,-0.53,9400,9430,9350,257467,2419290680,3281016758400,349044336
20181119,094800,맵스리얼티1,KOSPI,,3850,5,0.13,3845,3850,3840,15903,61163290,357412174350,92834331
20181119,015540,메디플란트,KOSPI,,7800,110,1.43,7710,7830,7400,48483,370838820,42412227000,5437465
20181119,138040,메리츠금융지주,KOSPI,,11700,-250,-2.09,11950,11950,11600,65330,765851050,1640624473800,140224314
20181119,008560,메리츠종금증권,KOSPI,,4475,40,0.90,4460,4510,4435,1240467,5545521605,2710243797200,605641072
20181119,000060,메리츠화재,KOSPI,,20750,-550,-2.58,21200,21450,20600,231586,4827078000,2358860000000,113680000
20181119,090370,메타랩스,KOSPI,,3255,235,7.78,3095,3320,3020,546941,1747952890,145009572960,44549792
20181119,017180,명문제약,KOSPI,,5590,50,0.90,5600,5640,5500,234919,1307109060,137178600000,24540000
20181119,012690,모나리자,KOSPI,,3950,-15,-0.38,3990,4060,3845,1411439,5560645870,144456457250,36571255
20181119,005360,모나미,KOSPI,,2640,5,0.19,2655,2660,2610,27917,73713350,49888890480,18897307
20181119,204210,모두투어리츠,KOSPI,,3190,15,0.47,3220,3220,3190,363,1160270,24967539850,7826815
20181119,009680,모토닉,KOSPI,,8760,0,0.00,8630,8810,8630,13983,122088480,289080000000,33000000
20181119,009580,무림P&P,KOSPI,,6980,100,1.45,6900,7000,6800,289044,2002443390,435330901520,62368324
20181119,009200,무림페이퍼,KOSPI,,3135,65,2.12,3100,3180,3080,109772,342440055,130445186850,41609310
20181119,033920,무학,KOSPI,,11900,350,3.03,11600,12050,11550,35295,417355200,339150000000,28500000
20181119,008420,문배철강,KOSPI,,3060,35,1.16,3035,3095,3025,253930,776228470,62740725300,20503505
20181119,025560,미래산업,KOSPI,,187,5,2.75,182,187,182,1733507,320215894,118711040800,634818400
20181119,007120,미래아이앤지,KOSPI,,489,-3,-0.61,492,496,487,276559,135870009,50654198991,103587319
20181119,006800,미래에셋대우,KOSPI,,6800,40,0.59,6780,6850,6750,1874593,12726056040,4476551574400,658316408
20181119,00680K,미래에셋대우2우B,KOSPI,,3675,-15,-0.41,3700,3710,3660,262449,965819605,514500000000,140000000
20181119,006805,미래에셋대우우,KOSPI,,4110,10,0.24,4225,4225,4100,7224,29836605,57851332500,14075750
20181119,085620,미래에셋생명,KOSPI,,4585,-15,-0.33,4605,4620,4540,109750,501463110,811619226565,177016189
20181119,002840,미원상사,KOSPI,,246500,1500,0.61,245000,246500,245000,2146,528960500,195459217000,792938
20181119,268280,미원에스씨,KOSPI,,64500,-500,-0.77,65000,65300,64100,1101,71041800,335735077500,5205195
20181119,107590,미원홀딩스,KOSPI,,36350,-100,-0.27,36350,36650,36200,897,32698200,84759984900,2331774
20181119,134380,미원화학,KOSPI,,40200,250,0.63,40000,45900,39950,2891,124439000,87844236000,2185180
20181119,003650,미창석유,KOSPI,,76900,200,0.26,76700,77000,76100,1941,149089700,133780776800,1739672
20181119,155900,바다로19호,KOSPI,,2880,0,0.00,2880,2880,2860,9784,28093960,43776011520,15200004
20181119,003610,방림,KOSPI,,25000,700,2.88,24600,25300,24200,11580,287532450,105785225000,4231409
20181119,001340,백광산업,KOSPI,,2550,30,1.19,2550,2570,2500,166651,421914025,114541937850,44918407
20181119,014580,백광소재,KOSPI,,2720,60,2.26,2680,2720,2640,31018,83635140,75026032000,27583100
20181119,035150,백산,KOSPI,,5380,40,0.75,5330,5380,5170,56070,295635730,130196000000,24200000
20181119,002410,범양건영,KOSPI,,1665,45,2.78,1620,1665,1620,80612,132640565,41344966980,24831812
20181119,096300,베트남개발1,KOSPI,,380,3,0.80,377,383,376,277033,105073729,47213236800,124245360
20181119,007210,벽산,KOSPI,,2330,0,0.00,2330,2375,2290,153554,354846340,159744800000,68560000
20181119,002760,보락,KOSPI,,2480,-30,-1.20,2515,2520,2450,731316,1815455260,148552000000,59900000
20181119,003850,보령제약,KOSPI,,10850,0,0.00,10900,10950,10650,151336,1631505800,479570000000,44200000
20181119,000890,보해양조,KOSPI,,1350,50,3.85,1325,1365,1300,7482417,10014271390,130370237100,96570546
20181119,003000,부광약품,KOSPI,,26900,700,2.67,26400,27050,26300,240808,6446823050,1314610612700,48870283
20181119,001270,부국증권,KOSPI,,22950,700,3.15,22250,22950,22100,1057,23897900,237988883700,10369886
20181119,001275,부국증권우,KOSPI,,19700,100,0.51,19600,19700,19600,845,16590150,59100000000,3000000
20181119,026940,부국철강,KOSPI,,2860,140,5.15,2745,2860,2695,259049,722359715,57200000000,20000000
20181119,015350,부산가스,KOSPI,,37000,250,0.68,36750,37050,36050,1020,37649950,407000000000,11000000
20181119,011390,부산산업,KOSPI,,162500,10000,6.56,157000,165500,155500,93072,14978100500,171600000000,1056000
20181119,005030,부산주공,KOSPI,,548,6,1.11,543,549,541,91643,49915763,23207541344,42349528
20181119,100220,비상교육,KOSPI,,6990,0,0.00,7000,7090,6970,12510,87642980,90847219590,12996741
20181119,005180,빙그레,KOSPI,,70300,-2700,-3.70,72400,73900,69800,32067,2268651000,692542242300,9851241
20181119,003960,사조대림,KOSPI,,23050,300,1.32,22650,23150,22650,9625,221070900,137391253750,5960575
20181119,008040,사조동아원,KOSPI,,1230,20,1.65,1225,1230,1200,53123,64484125,173607858000,141144600
20181119,007160,사조산업,KOSPI,,54300,-600,-1.09,54900,54900,53900,11586,628367000,271500000000,5000000
20181119,014710,사조씨푸드,KOSPI,,6390,-10,-0.16,6440,6460,6320,15245,97166950,110026489770,17218543
20181119,006090,사조오양,KOSPI,,9950,0,0.00,10050,10050,9900,22152,220738010,93756253050,9422739
20181119,079660,사조해표,KOSPI,,10600,250,2.42,10600,10600,10350,17328,181559450,75896000000,7160000
20181119,005090,삼광글라스,KOSPI,,28750,300,1.05,29000,29300,28550,11070,319699850,139564517500,4854418
20181119,001470,삼부토건,KOSPI,,5040,125,2.54,4910,5090,4880,95755,478502235,125007780240,24803131
20181119,006400,삼성SDI,KOSPI,,222500,2500,1.14,221500,226000,220000,244912,54559271500,15300107925000,68764530
20181119,006405,삼성SDI우,KOSPI,,90500,200,0.22,89900,91300,89900,752,68177000,146419588000,1617896
20181119,006660,삼성공조,KOSPI,,8980,270,3.10,8710,9000,8670,6425,57467780,72974299720,8126314
20181119,028260,삼성물산,KOSPI,,104000,500,0.48,103500,105500,103000,308271,32098400000,19727764472000,189690043
20181119,02826K,삼성물산우B,KOSPI,,70400,200,0.28,71300,71300,70100,698,49177100,114571776000,1627440
20181119,207940,삼성바이오로직스,KOSPI,,334500,0,0.00,0,0,0,0,0,22132192500000,66165000
20181119,032830,삼성생명,KOSPI,,90800,100,0.11,90400,92000,90200,212461,19277656900,18160000000000,200000000
20181119,018260,삼성에스디에스,KOSPI,,190000,5500,2.98,184000,190500,184000,71409,13475766000,14701782000000,77377800
20181119,028050,삼성엔지니어링,KOSPI,,18000,250,1.41,17850,18300,17850,756657,13688845300,3528000000000,196000000
20181119,009150,삼성전기,KOSPI,,114500,2000,1.78,113500,116000,113000,1005743,114811879500,8552428192000,74693696
20181119,009155,삼성전기우,KOSPI,,46450,0,0.00,46550,47400,46350,3488,163439200,135029406800,2906984
20181119,005930,삼성전자,KOSPI,,43650,-350,-0.80,44050,44250,43450,7538720,329484578450,280203523155000,6419324700
20181119,005935,삼성전자우,KOSPI,,35850,-550,-1.51,35900,36400,35550,1199397,42950533250,32395099650000,903629000
20181119,001360,삼성제약,KOSPI,,2760,95,3.56,2665,2770,2665,295752,808357175,160728729720,58235047
20181119,010140,삼성중공업,KOSPI,,7650,50,0.66,7650,7790,7550,3066412,23467432760,4819500000000,630000000
20181119,010145,삼성중공우,KOSPI,,47500,-650,-1.35,48650,48650,47000,1536,72881750,5455137500,114845
20181119,016360,삼성증권,KOSPI,,29200,300,1.04,28900,29400,28900,123970,3617234350,2607560000000,89300000
20181119,068290,삼성출판사,KOSPI,,12350,-50,-0.40,12400,12650,12350,53309,664838550,123500000000,10000000
20181119,029780,삼성카드,KOSPI,,33250,-300,-0.89,33250,33800,33150,99208,3303121500,3852308125750,115858891
20181119,000810,삼성화재,KOSPI,,279500,-6500,-2.27,283000,287500,277500,102074,28630315000,13241266941500,47374837
20181119,000815,삼성화재우,KOSPI,,178500,-500,-0.28,180000,181000,178000,24804,4430860000,569772000000,3192000
20181119,006110,삼아알미늄,KOSPI,,4635,15,0.32,4645,4695,4510,43996,203149465,50985000000,11000000
20181119,145990,삼양사,KOSPI,,58900,100,0.17,59000,59600,58100,10019,589462200,606069396700,10289803
20181119,145995,삼양사우,KOSPI,,38150,300,0.79,38150,38150,37300,867,32597600,14118170500,370070
20181119,003230,삼양식품,KOSPI,,60400,-500,-0.82,60900,62300,59900,36641,2231514300,454994106000,7533015
20181119,002170,삼양통상,KOSPI,,42200,700,1.69,41500,42250,41300,4068,169866050,126600000000,3000000
20181119,272550,삼양패키징,KOSPI,,15750,0,0.00,15900,15900,15550,20617,323608250,223804413000,14209804
20181119,000070,삼양홀딩스,KOSPI,,81000,1000,1.25,80300,82400,80300,24592,1998551100,693705951000,8564271
20181119,000075,삼양홀딩스우,KOSPI,,48700,700,1.46,48000,49150,48000,1552,75057800,14807624600,304058
20181119,002810,삼영무역,KOSPI,,14650,50,0.34,14650,14950,14600,9507,140471850,241236026950,16466623
20181119,005680,삼영전자,KOSPI,,12500,750,6.38,11850,12700,11850,135575,1669910400,250000000000,20000000
20181119,003720,삼영화학,KOSPI,,732,11,1.53,718,740,718,79981,58223859,24888000000,34000000
20181119,023000,삼원강재,KOSPI,,2805,35,1.26,2770,2805,2750,5050,14022620,112200000000,40000000
20181119,004380,삼익THK,KOSPI,,10900,300,2.83,10950,11000,10600,41187,444261700,228900000000,21000000
20181119,002450,삼익악기,KOSPI,,1770,10,0.57,1770,1815,1750,496352,880484975,160239719550,90530915
20181119,000520,삼일제약,KOSPI,,25350,950,3.89,24650,25750,24300,134212,3381448400,164775000000,6500000
20181119,009770,삼정펄프,KOSPI,,33950,250,0.74,34750,34750,33500,146,4942600,84874015450,2499971
20181119,005500,삼진제약,KOSPI,,40850,-350,-0.85,41300,41300,40150,55265,2247458250,567815000000,13900000
20181119,004690,삼천리,KOSPI,,91600,-200,-0.22,91100,92200,91100,3762,344757400,371440290000,4055025
20181119,001880,삼호,KOSPI,,14000,250,1.82,13750,14100,13550,13182,183444550,212516724000,15179766
20181119,010960,삼호개발,KOSPI,,4795,-45,-0.93,4880,4900,4795,71656,346531470,119875000000,25000000
20181119,004450,삼화왕관,KOSPI,,44600,800,1.83,43150,44600,43150,657,28607700,96085303400,2154379
20181119,009470,삼화전기,KOSPI,,21900,400,1.86,21650,22300,21550,41913,918666850,144842658000,6613820
20181119,011230,삼화전자,KOSPI,,2560,10,0.39,2560,2565,2510,27367,69454910,26772326400,10457940
20181119,001820,삼화콘덴서,KOSPI,,60100,900,1.52,59800,61000,59400,249542,15002868300,624739500000,10395000
20181119,000390,삼화페인트,KOSPI,,6270,-10,-0.16,6300,6320,6210,14866,93496430,165770968770,26438751
20181119,041650,상신브레이크,KOSPI,,3625,70,1.97,3550,3680,3550,79254,288154270,77834006250,21471450
20181119,075180,새론오토모티브,KOSPI,,4450,110,2.53,4295,4455,4295,14583,63781680,85440000000,19200000
20181119,007540,샘표,KOSPI,,42250,700,1.68,41800,43400,41300,71807,3025581900,121502550000,2875800
20181119,248170,샘표식품,KOSPI,,29300,200,0.69,29100,29750,29000,11892,347507950,133850779800,4568286
20181119,007860,서연,KOSPI,,3730,40,1.08,3720,3770,3650,12797,47229620,87579818120,23479844
20181119,200880,서연이화,KOSPI,,4065,-10,-0.25,4080,4120,4045,122570,498650395,109870596405,27028437
20181119,017390,서울가스,KOSPI,,88000,100,0.11,88000,88000,87200,888,77768200,440000000000,5000000
20181119,004410,서울식품,KOSPI,,215,8,3.86,208,223,207,16331500,3517709030,72543150000,337410000
20181119,004415,서울식품우,KOSPI,,5730,350,6.51,5550,6100,5200,437423,2517813720,12746385000,2224500
20181119,021050,서원,KOSPI,,1065,5,0.47,1060,1075,1035,48322,51254360,50560438350,47474590
20181119,008490,서흥,KOSPI,,23900,750,3.24,23200,24050,23050,35179,822287900,276501800700,11569113
20181119,007610,선도전기,KOSPI,,4280,120,2.88,4230,4320,4210,191746,817335420,77040000000,18000000
20181119,136490,선진,KOSPI,,11500,100,0.88,11400,11600,11350,13281,152526850,273465446000,23779604
20181119,002820,선창산업,KOSPI,,5380,200,3.86,5170,5400,5110,17714,93629050,67830980820,12607989
20181119,014910,성문전자,KOSPI,,2690,-50,-1.82,2780,2780,2680,665207,1811850845,52419645330,19486857
20181119,014915,성문전자우,KOSPI,,11250,-1000,-8.16,12550,12700,11250,150819,1773213300,6750000000,600000
20181119,003080,성보화학,KOSPI,,6190,20,0.32,6170,6210,6150,7405,45837280,123923800000,20020000
20181119,004980,성신양회,KOSPI,,10050,570,6.01,9790,10150,9670,576271,5723714740,241285244100,24008482
20181119,004987,성신양회2우B,KOSPI,,17350,50,0.29,17300,17950,16750,30198,526445550,3829023550,220693
20181119,004989,성신양회3우B,KOSPI,,10300,200,1.98,10100,10500,10100,2403,24593550,2955049400,286898
20181119,004985,성신양회우,KOSPI,,10800,650,6.40,10250,11050,10100,70961,754049550,7944966000,735645
20181119,011300,성안,KOSPI,,571,-8,-1.38,577,587,555,145559,82639479,32465838060,56857860
20181119,000180,성창기업지주,KOSPI,,2070,35,1.72,2035,2070,2030,117457,240684540,144385812000,69751600
20181119,002420,세기상사,KOSPI,,77800,800,1.04,78500,78500,77800,22,1715000,31710657600,407592
20181119,004360,세방,KOSPI,,12450,150,1.22,12500,12500,12000,14333,174779600,240393190500,19308690
20181119,004365,세방우,KOSPI,,6530,90,1.40,6440,6540,6370,384,2481720,24090802500,3689250
20181119,004490,세방전지,KOSPI,,37300,0,0.00,37150,37350,36400,10163,376673450,522200000000,14000000
20181119,001430,세아베스틸,KOSPI,,16200,100,0.62,16000,16350,16000,39319,633816800,580966327800,35862119
20181119,306200,세아제강,KOSPI,,59200,200,0.34,59000,59600,58800,4526,267998000,167908960000,2836300
20181119,003030,세아제강지주,KOSPI,,51200,400,0.79,50400,51400,50400,6375,324441700,161981440000,3163700
20181119,019440,세아특수강,KOSPI,,15550,50,0.32,15600,15650,15500,2852,44322100,133263500000,8570000
20181119,058650,세아홀딩스,KOSPI,,105000,1000,0.96,104000,105000,102000,231,24004500,420000000000,4000000
20181119,013000,세우글로벌,KOSPI,,1420,30,2.16,1390,1420,1390,198811,279721650,33640801100,23690705
20181119,091090,세원셀론텍,KOSPI,,4235,70,1.68,4200,4245,4095,226059,942159790,258296004120,60990792
20181119,021820,세원정공,KOSPI,,7520,80,1.08,7400,7590,7310,5031,37203240,75200000000,10000000
20181119,067830,세이브존I&C,KOSPI,,3615,15,0.42,3540,3645,3540,9029,32555045,148362835425,41040895
20181119,033530,세종공업,KOSPI,,5140,80,1.58,5110,5200,4980,22334,113794160,103079770200,20054430
20181119,075580,세진중공업,KOSPI,,3885,30,0.78,3870,3960,3850,94963,371141675,149078017200,38372720
20181119,027970,세하,KOSPI,,1285,0,0.00,1280,1350,1260,33791,43320410,37988451145,29562997
20181119,145210,세화아이엠씨,KOSPI,,2990,0,0.00,0,0,0,0,0,87912180330,29402067
20181119,068270,셀트리온,KOSPI,,229000,5000,2.23,227000,231500,222000,1047966,237977974500,28729454457000,125456133
20181119,004430,송원산업,KOSPI,,19350,550,2.93,18850,19600,18600,358823,6900450150,464400000000,24000000
20181119,017550,수산중공업,KOSPI,,1545,25,1.64,1545,1580,1530,730027,1133222410,83407076835,53985163
20181119,002200,수출포장,KOSPI,,20100,-150,-0.74,20500,20500,19900,6910,138695250,80400000000,4000000
20181119,053210,스카이라이프,KOSPI,,11350,0,0.00,11300,11350,11250,24781,280166650,542779314100,47821966
20181119,134790,시디즈,KOSPI,,45550,550,1.22,45000,45950,44500,2207,99510550,91100000000,2000000
20181119,016590,신대양제지,KOSPI,,62300,500,0.81,62200,63200,60900,58283,3611893300,251055418600,4029782
20181119,029530,신도리코,KOSPI,,47900,1000,2.13,46900,48200,46850,10538,503934650,482833389100,10080029
20181119,004970,신라교역,KOSPI,,12550,0,0.00,12500,12650,12400,10633,132899550,200800000000,16000000
20181119,011930,신성이엔지,KOSPI,,1135,35,3.18,1120,1140,1120,554650,625904265,196347864255,172993713
20181119,005390,신성통상,KOSPI,,947,16,1.72,934,947,930,159699,149790082,136091845330,143708390
20181119,004170,신세계,KOSPI,,290000,11000,3.94,280000,291000,276000,93062,26688376000,2855102490000,9845181
20181119,035510,신세계 I&C,KOSPI,,127000,2500,2.01,124500,128000,124000,6478,819841000,218440000000,1720000
20181119,034300,신세계건설,KOSPI,,28500,-900,-3.06,29150,29250,28250,6508,187358000,114000000000,4000000
20181119,031430,신세계인터내셔날,KOSPI,,177000,8000,4.73,170500,180000,170000,85906,15156150500,1263780000000,7140000
20181119,031440,신세계푸드,KOSPI,,87300,1100,1.28,86700,88200,85300,14866,1289866200,338067504000,3872480
20181119,006880,신송홀딩스,KOSPI,,4300,70,1.65,4230,4310,4165,14331,60677265,50864089400,11828858
20181119,005800,신영와코루,KOSPI,,133500,1500,1.14,133500,133500,130000,82,10843000,120150000000,900000
20181119,001720,신영증권,KOSPI,,58900,800,1.38,58100,58900,58000,1366,79810900,552849359300,9386237
20181119,001725,신영증권우,KOSPI,,54000,400,0.75,54500,54800,53800,2133,116020500,380903202000,7053763
20181119,009270,신원,KOSPI,,1855,45,2.49,1835,1880,1830,863221,1597558870,142349271960,76738152
20181119,009275,신원우,KOSPI,,51800,2750,5.61,49200,53000,49200,3772,194761300,4700332000,90740
20181119,002700,신일산업,KOSPI,,1320,5,0.38,1330,1340,1310,980033,1295851625,93782727720,71047521
20181119,019170,신풍제약,KOSPI,,7190,70,0.98,7110,7230,7110,269667,1931358890,380962078100,52984990
20181119,019175,신풍제약우,KOSPI,,6870,-50,-0.72,7000,7000,6770,20006,136726950,15114000000,2200000
20181119,002870,신풍제지,KOSPI,,1265,15,1.20,1265,1275,1250,63738,80376520,44222755500,34958700
20181119,005450,신한,KOSPI,,3870,75,1.98,3795,3950,3795,29539,114371055,27178386930,7022839
20181119,293940,신한알파리츠,KOSPI,,5540,10,0.18,5530,5550,5500,12135,67019590,211107921420,38106123
20181119,055550,신한지주,KOSPI,,42400,-350,-0.82,42500,43150,42300,718667,30601786475,20106062488800,474199587
20181119,001770,신화실업,KOSPI,,20950,0,0.00,21300,21800,20500,3923,83106950,25451694100,1214878
20181119,004080,신흥,KOSPI,,10350,100,0.98,10250,10350,10150,1158,11922400,99360000000,9600000
20181119,102280,쌍방울,KOSPI,,1045,10,0.97,1035,1050,1030,441379,458798895,134934802585,129124213
20181119,003410,쌍용양회,KOSPI,,5640,220,4.06,5440,5660,5440,1990729,11089400450,2841768115800,503859595
20181119,003415,쌍용양회우,KOSPI,,5330,110,2.11,5150,5340,5150,37211,195336830,8227841050,1543685
20181119,003620,쌍용차,KOSPI,,3925,70,1.82,3785,3925,3785,79029,307642575,541451379300,137949396
20181119,004770,써니전자,KOSPI,,2140,70,3.38,2095,2180,2070,819418,1751649570,64149667200,29976480
20181119,004920,씨아이테크,KOSPI,,547,11,2.05,536,553,532,154669,84261810,26919136852,49212316
20181119,112610,씨에스윈드,KOSPI,,32100,-200,-0.62,32350,32350,31600,72751,2326926250,554871451500,17285715
20181119,008700,아남전자,KOSPI,,2585,120,4.87,2480,2635,2480,3525027,9052060565,199367659700,77124820
20181119,002790,아모레G,KOSPI,,61400,900,1.49,60800,62000,60200,582617,35659215800,5062932252000,82458180
20181119,002795,아모레G우,KOSPI,,28800,-50,-0.17,29000,29200,28650,7696,222965800,185580576000,6443770
20181119,090430,아모레퍼시픽,KOSPI,,158000,-3000,-1.86,162500,162500,156500,455582,72504559500,9236441420000,58458490
20181119,090435,아모레퍼시픽우,KOSPI,,89800,-200,-0.22,90500,91700,88300,26112,2351401300,948093134000,10557830
20181119,002030,아세아,KOSPI,,113000,2000,1.80,111000,113500,108500,2340,260762000,247585712000,2191024
20181119,183190,아세아시멘트,KOSPI,,109500,5000,4.78,103500,110500,103500,7298,789349500,426591085500,3895809
20181119,002310,아세아제지,KOSPI,,30850,600,1.98,30350,31000,29650,81085,2465875000,276308086700,8956502
20181119,020560,아시아나항공,KOSPI,,4175,-15,-0.36,4200,4210,4095,916765,3784411985,856857352450,205235294
20181119,122900,아이마켓코리아,KOSPI,,8030,280,3.61,7730,8110,7730,318034,2532457370,288625020200,35943340
20181119,010780,아이에스동서,KOSPI,,30400,-150,-0.49,29550,30800,29550,34430,1041842400,937941262400,30853331
20181119,033660,아주캐피탈,KOSPI,,8320,40,0.48,8280,8330,8260,31887,264459000,478781804800,57545890
20181119,101140,아티스,KOSPI,,3635,-115,-3.07,3775,3865,3550,480631,1781759100,85935801985,23641211
20181119,001780,알루코,KOSPI,,2830,100,3.66,2730,2830,2730,181784,509871910,210903208660,74524102
20181119,002250,알보젠코리아,KOSPI,,28700,-150,-0.52,28850,28850,28250,5149,147512150,340322361400,11857922
20181119,018250,애경산업,KOSPI,,49650,-1850,-3.59,52400,52800,49500,249541,12676364350,1304113602750,26266135
20181119,161000,애경유화,KOSPI,,8200,40,0.49,8180,8290,8160,114644,942822140,262728000000,32040000
20181119,011090,에넥스,KOSPI,,1135,25,2.25,1130,1135,1095,165607,185524670,68090512535,59991641
20181119,005850,에스엘,KOSPI,,16200,-100,-0.61,16100,16800,16100,168397,2750524750,548614458000,33865090
20181119,012750,에스원,KOSPI,,96000,200,0.21,94400,97200,94400,34653,3320475700,3647921088000,37999178
20181119,023960,에쓰씨엔지니어링,KOSPI,,1615,-20,-1.22,1675,1675,1610,30137,49082205,40401788005,25016587
20181119,140910,에이리츠,KOSPI,,4960,45,0.92,4945,5000,4850,7986,39284910,18232508640,3675909
20181119,078520,에이블씨엔씨,KOSPI,,9800,150,1.55,9820,10100,9660,246522,2438831920,243266997400,24823163
20181119,015260,에이엔피,KOSPI,,440,15,3.53,427,469,427,1205470,541176951,36425341920,82784868
20181119,007460,에이프로젠 KIC,KOSPI,,8850,620,7.53,8230,9040,8230,358829,3122218330,440506856100,49774786
20181119,003060,에이프로젠제약,KOSPI,,2920,70,2.46,2860,2940,2860,310001,903661175,315016006480,107882194
20181119,036570,엔씨소프트,KOSPI,,467500,1500,0.32,460500,469000,460500,70406,32728703500,10256492785000,21939022
20181119,138250,엔에스쇼핑,KOSPI,,11700,-50,-0.43,11750,11850,11650,20617,242500800,394243200000,33696000
20181119,085310,엔케이,KOSPI,,1240,25,2.06,1220,1250,1215,324129,399488670,99179356480,79983352
20181119,009810,엔케이물산,KOSPI,,737,18,2.50,719,747,718,1913332,1408942582,59872938851,81238723
20181119,900140,엘브이엠씨홀딩스,KOSPI,,2525,-25,-0.98,2680,2750,2520,1630137,4259745580,120870507700,47869508
20181119,014440,영보화학,KOSPI,,3645,40,1.11,3600,3645,3600,7148,25895015,72900000000,20000000
20181119,111770,영원무역,KOSPI,,38650,1700,4.60,37100,38850,37100,162299,6170479500,1712638238200,44311468
20181119,009970,영원무역홀딩스,KOSPI,,63400,1200,1.93,62300,63600,61400,5012,314164100,864496532800,13635592
20181119,003520,영진약품,KOSPI,,6240,190,3.14,6100,6270,6090,678604,4196268770,1141250641440,182892731
20181119,000670,영풍,KOSPI,,720000,3000,0.42,707000,724000,707000,1132,814220000,1326268800000,1842040
20181119,006740,영풍제지,KOSPI,,3325,90,2.78,3240,3335,3225,75165,247459485,73815000000,22200000
20181119,012280,영화금속,KOSPI,,1220,5,0.41,1220,1230,1210,151552,184759385,55450227320,45451006
20181119,012160,영흥철강,KOSPI,,1070,15,1.42,1080,1080,1055,441041,470550455,91834364630,85826509
20181119,015360,예스코홀딩스,KOSPI,,41800,200,0.48,41500,41850,41000,1711,70954750,250800000000,6000000
20181119,007310,오뚜기,KOSPI,,712000,-5000,-0.70,712000,717000,705000,3791,2689194000,2566928744000,3605237
20181119,079440,오렌지라이프,KOSPI,,31950,-1000,-3.03,32800,32800,31500,201801,6438610350,2619900000000,82000000
20181119,002630,오리엔트바이오,KOSPI,,771,28,3.77,798,877,763,9482528,7632999358,129940565184,168535104
20181119,271560,오리온,KOSPI,,100000,1000,1.01,98200,101000,98100,141715,14095917600,3953396100000,39533961
20181119,001800,오리온홀딩스,KOSPI,,16500,550,3.45,15900,16600,15900,67924,1110720850,1033630834500,62644293
20181119,070960,용평리조트,KOSPI,,5700,20,0.35,5730,5780,5670,135927,777671360,274359998100,48133333
20181119,004720,우리들제약,KOSPI,,7150,80,1.13,7060,7240,7000,51448,364777970,82727816600,11570324
20181119,118000,우리들휴브레인,KOSPI,,2595,155,6.35,2445,2615,2405,242473,619197210,63053359305,24298019
20181119,000030,우리은행,KOSPI,,15850,-50,-0.31,15800,15950,15800,738815,11701136550,10714600000000,676000000
20181119,010050,우리종금,KOSPI,,790,4,0.51,792,794,782,2151910,1695690118,532620690740,674203406
20181119,006980,우성사료,KOSPI,,2515,95,3.93,2470,2550,2435,118617,297855410,77713500000,30900000
20181119,017370,우신시스템,KOSPI,,6620,10,0.15,6750,6750,6510,3340,22032180,121239037480,18314054
20181119,105840,우진,KOSPI,,4990,-5,-0.10,5160,5160,4970,97739,490468055,87540203730,17543127
20181119,010400,우진아이엔에스,KOSPI,,12100,50,0.41,12550,12600,12100,174098,2152122300,92226200000,7622000
20181119,049800,우진플라임,KOSPI,,5210,-20,-0.38,5200,5390,5150,44478,231299840,52100000000,10000000
20181119,016880,웅진,KOSPI,,2220,-5,-0.22,2260,2260,2200,347493,773637925,161343399540,72677207
20181119,095720,웅진씽크빅,KOSPI,,4095,-95,-2.27,4205,4225,4090,187422,773038910,141773670675,34621165
20181119,103130,웅진에너지,KOSPI,,1700,50,3.03,1645,1730,1645,239800,406526780,50490742900,29700437
20181119,005820,원림,KOSPI,,18500,-600,-3.14,18650,18900,18500,3913,72787700,40700000000,2200000
20181119,010600,웰바이오텍,KOSPI,,7510,-400,-5.06,7780,7870,6990,582182,4268399580,173971958740,23165374
20181119,008600,윌비스,KOSPI,,1145,15,1.33,1140,1165,1130,307911,354287015,65265000000,57000000
20181119,033270,유나이티드제약,KOSPI,,21950,350,1.62,21800,21950,21450,95147,2059815100,355750717900,16207322
20181119,014830,유니드,KOSPI,,39150,450,1.16,38800,39350,38750,13393,522618050,348037353450,8889843
20181119,000910,유니온,KOSPI,,3840,-5,-0.13,3855,3900,3820,96832,373145515,59948616960,15611619
20181119,047400,유니온머티리얼,KOSPI,,1870,0,0.00,1875,1880,1850,200460,373294090,78540000000,42000000
20181119,011330,유니켐,KOSPI,,1480,5,0.34,1480,1510,1470,220365,327078940,88238267480,59620451
20181119,077500,유니퀘스트,KOSPI,,6700,160,2.45,6540,6710,6540,103779,689896950,181973949700,27160291
20181119,002920,유성기업,KOSPI,,2805,20,0.72,2805,2845,2770,11038,30841105,72782737500,25947500
20181119,000700,유수홀딩스,KOSPI,,6150,10,0.16,6140,6260,6140,16347,101178110,160157143800,26041812
20181119,003470,유안타증권,KOSPI,,3550,45,1.28,3525,3575,3520,261520,927915965,708567844800,199596576
20181119,003475,유안타증권우,KOSPI,,2200,25,1.15,2175,2220,2175,9832,21580820,28406866400,12912212
20181119,011690,유양디앤유,KOSPI,,7450,250,3.47,7210,7500,7150,243723,1785892650,421309434900,56551602
20181119,072130,유엔젤,KOSPI,,3275,-20,-0.61,3295,3295,3230,31657,103278320,43215111850,13195454
20181119,000220,유유제약,KOSPI,,11950,400,3.46,11550,12000,11550,47180,556372750,76104614650,6368587
20181119,000225,유유제약1우,KOSPI,,7700,0,0.00,7760,7760,7510,8971,68538070,8727680500,1133465
20181119,000227,유유제약2우B,KOSPI,,18750,50,0.27,18750,18950,18750,1130,21223350,3076500000,164080
20181119,001200,유진투자증권,KOSPI,,2575,20,0.78,2560,2595,2505,140219,359933425,249431026350,96866418
20181119,000100,유한양행,KOSPI,,254500,14500,6.04,243000,258500,241500,471933,118965518000,3107280593000,12209354
20181119,000105,유한양행우,KOSPI,,223000,5000,2.29,218500,230000,216000,5110,1151491000,52669924000,236188
20181119,003460,유화증권,KOSPI,,14100,200,1.44,14000,14100,13950,835,11691000,159900810300,11340483
20181119,003465,유화증권우,KOSPI,,13450,-50,-0.37,13450,13450,13450,3,40350,47011583250,3495285
20181119,008730,율촌화학,KOSPI,,12550,50,0.40,12550,12600,12450,14062,176359250,311240000000,24800000
20181119,008250,이건산업,KOSPI,,10300,250,2.49,10150,10400,10000,147924,1516162500,106306207300,10320991
20181119,025820,이구산업,KOSPI,,1905,55,2.97,1865,1920,1855,78134,147998570,63707010000,33442000
20181119,214320,이노션,KOSPI,,56300,-500,-0.88,55700,57400,55700,31579,1781996000,1126000000000,20000000
20181119,088260,이리츠코크렙,KOSPI,,4750,5,0.11,4775,4775,4735,20445,96989130,300872552500,63341590
20181119,139480,이마트,KOSPI,,194500,500,0.26,193000,195000,192500,54803,10610482500,5421846795500,27875819
20181119,007660,이수페타시스,KOSPI,,6630,-20,-0.30,6650,6850,6590,1032892,6942836430,273609478740,41268398
20181119,005950,이수화학,KOSPI,,10500,150,1.45,10400,10500,10250,26384,274850400,160419000000,15278000
20181119,015020,이스타코,KOSPI,,642,3,0.47,643,643,636,79015,50534923,27510727200,42851600
20181119,093230,이아이디,KOSPI,,210,-3,-1.41,213,214,209,588424,123924353,50859626160,242188696
20181119,102460,이연제약,KOSPI,,17650,900,5.37,17550,17800,16900,21679,380088750,295990500000,16770000
20181119,084680,이월드,KOSPI,,2055,-70,-3.29,2120,2145,2055,1236302,2604567970,185997838335,90509897
20181119,000760,이화산업,KOSPI,,21600,850,4.10,20750,22100,20750,3290,69221100,60480000000,2800000
20181119,014990,인디에프,KOSPI,,2120,75,3.67,2060,2125,2060,447412,940594985,124937949400,58932995
20181119,006490,인스코비,KOSPI,,6770,20,0.30,6800,6920,6700,839895,5704387220,607427851280,89723464
20181119,023800,인지컨트롤스,KOSPI,,5150,80,1.58,5160,5160,5030,22555,115389730,78074659200,15160128
20181119,034590,인천도시가스,KOSPI,,30050,-150,-0.50,30400,30400,30000,1232,37037050,131461357700,4374754
20181119,129260,인터지스,KOSPI,,2360,10,0.43,2350,2370,2300,11522,27055410,70204982640,29747874
20181119,023810,인팩,KOSPI,,3250,5,0.15,3245,3290,3210,7347,23864935,32500000000,10000000
20181119,249420,일동제약,KOSPI,,21100,300,1.44,20900,21100,20550,62475,1305746200,455578814300,21591413
20181119,000230,일동홀딩스,KOSPI,,13100,50,0.38,13100,13150,12650,2456,31728000,137422877600,10490296
20181119,013360,일성건설,KOSPI,,1185,25,2.16,1175,1220,1165,180648,214541400,64019482800,54024880
20181119,003120,일성신약,KOSPI,,95000,-700,-0.73,95600,95600,94900,347,32999800,252700000000,2660000
20181119,003200,일신방직,KOSPI,,96200,-700,-0.72,97600,97600,95700,6993,671298400,230880000000,2400000
20181119,007110,일신석재,KOSPI,,1705,50,3.02,1675,1720,1675,785717,1333175655,132063520050,77456610
20181119,007570,일양약품,KOSPI,,30450,550,1.84,29900,30500,29700,50244,1521239950,579950212800,19045984
20181119,007575,일양약품우,KOSPI,,20600,-350,-1.67,20400,20700,20400,1092,22410950,9168648000,445080
20181119,008500,일정실업,KOSPI,,16650,-100,-0.60,16650,16850,16250,271,4471700,19980000000,1200000
20181119,081000,일진다이아,KOSPI,,21300,1000,4.93,20300,21350,20300,144769,3041464500,240220867500,11277975
20181119,020760,일진디스플,KOSPI,,3815,40,1.06,3740,3825,3740,76293,289480810,108019588600,28314440
20181119,020150,일진머티리얼즈,KOSPI,,49450,1100,2.28,49000,50400,48900,422654,20980251750,2280180790750,46110835
20181119,103590,일진전기,KOSPI,,3225,45,1.42,3160,3230,3160,61219,196090450,119584257750,37080390
20181119,015860,일진홀딩스,KOSPI,,3025,45,1.51,3035,3080,2980,126738,384841495,149276136075,49347483
20181119,226320,잇츠한불,KOSPI,,26150,-450,-1.69,26700,27400,25550,125576,3306931850,573451587250,21929315
20181119,033240,자화전자,KOSPI,,13300,200,1.53,13100,13450,13050,118664,1573453900,238070000000,17900000
20181119,000950,전방,KOSPI,,17200,-200,-1.15,17400,17550,17000,1592,27304450,28896000000,1680000
20181119,194370,제이에스코퍼레이션,KOSPI,,13100,150,1.16,12950,13500,12850,11621,150578100,174696373100,13335601
20181119,025620,제이준코스메틱,KOSPI,,11800,50,0.43,11850,12100,11650,539714,6389140450,312964674000,26522430
20181119,030000,제일기획,KOSPI,,23100,600,2.67,22500,23250,22500,237830,5486947200,2657452297500,115041225
20181119,271980,제일약품,KOSPI,,50200,1450,2.97,49400,50600,48750,90324,4490563900,738184574400,14704872
20181119,001560,제일연마,KOSPI,,6090,-10,-0.16,6090,6160,5950,783,4731720,60900000000,10000000
20181119,002620,제일파마홀딩스,KOSPI,,24750,2400,10.74,22500,24750,22500,48934,1172259500,107551298250,4345507
20181119,006220,제주은행,KOSPI,,4990,85,1.73,4905,4990,4905,16416,81209815,110422582260,22128774
20181119,089590,제주항공,KOSPI,,36100,-1250,-3.35,36800,37450,35800,138133,4998336000,951478963800,26356758
20181119,004910,조광페인트,KOSPI,,6100,60,0.99,6090,6130,6010,31526,190800140,78080000000,12800000
20181119,004700,조광피혁,KOSPI,,37050,300,0.82,36400,37050,36400,763,28110950,246350562900,6649138
20181119,001550,조비,KOSPI,,24300,1050,4.52,24000,24500,23600,124004,2986219350,126171407700,5192239
20181119,000480,조선내화,KOSPI,,85200,1400,1.67,85200,88600,83700,6468,554936500,340800000000,4000000
20181119,120030,조선선재,KOSPI,,79000,400,0.51,78500,79200,78200,1807,142206000,99354429000,1257651
20181119,018470,조일알미늄,KOSPI,,974,10,1.04,970,975,965,43748,42445731,67790400000,69600000
20181119,002600,조흥,KOSPI,,187000,-2000,-1.06,192000,192000,183500,53,9876500,112200000000,600000
20181119,185750,종근당,KOSPI,,103500,3700,3.71,99900,103500,99900,36429,3727531700,1022500926000,9879236
20181119,063160,종근당바이오,KOSPI,,20300,500,2.53,19900,20450,19600,13964,280068850,106158626700,5229489
20181119,001630,종근당홀딩스,KOSPI,,61200,3100,5.34,58300,61400,58000,5770,348702700,306603493200,5009861
20181119,044380,주연테크,KOSPI,,375,1,0.27,381,381,367,284478,106143042,37039976250,98773270
20181119,013870,지엠비코리아,KOSPI,,6520,100,1.56,6530,6530,6360,45261,293228800,124351265600,19072280
20181119,071320,지역난방공사,KOSPI,,59600,1100,1.88,58500,59700,58300,4078,240389900,690093142400,11578744
20181119,010580,지코,KOSPI,,713,2,0.28,720,720,709,81098,57839422,36021768182,50521414
20181119,035000,지투알,KOSPI,,7440,190,2.62,7250,7440,7230,14436,106582680,123261522960,16567409
20181119,088790,진도,KOSPI,,4900,-20,-0.41,4930,5010,4855,14894,72946430,60993945600,12447744
20181119,003780,진양산업,KOSPI,,3365,-15,-0.44,3430,3430,3305,157256,530910790,43745000000,13000000
20181119,010640,진양폴리,KOSPI,,1905,25,1.33,1885,1925,1850,16339,30765830,19050000000,10000000
20181119,100250,진양홀딩스,KOSPI,,2410,40,1.69,2355,2420,2355,19685,47300120,134707653720,55895292
20181119,051630,진양화학,KOSPI,,3095,-90,-2.83,3150,3180,3055,164776,511390120,37140000000,12000000
20181119,272450,진에어,KOSPI,,20850,-950,-4.36,22000,22000,20550,367016,7684285400,625500000000,30000000
20181119,011000,진원생명과학,KOSPI,,5080,30,0.59,5050,5100,5010,81711,413394460,107564240040,21174063
20181119,002780,진흥기업,KOSPI,,2285,20,0.88,2285,2320,2230,399064,908611410,332131792370,145353082
20181119,002787,진흥기업2우B,KOSPI,,11450,-450,-3.78,11500,12150,11200,43800,504541000,3375551600,294808
20181119,002785,진흥기업우B,KOSPI,,4900,-500,-9.26,5350,5400,4875,179208,904995900,4200368200,857218
20181119,009310,참엔지니어링,KOSPI,,1810,40,2.26,1780,1810,1755,128975,228813645,89033823980,49189958
20181119,000650,천일고속,KOSPI,,83400,0,0.00,82400,83500,82400,683,56499300,119196948000,1429220
20181119,012600,청호컴넷,KOSPI,,3060,-50,-1.61,3110,3140,3000,43965,134102845,25631637120,8376352
20181119,033250,체시스,KOSPI,,948,18,1.94,928,956,928,189107,179105463,22752000000,24000000
20181119,035720,카카오,KOSPI,,107000,4500,4.39,102500,107500,102500,346393,36710564000,8922331211000,83386273
20181119,006380,카프로,KOSPI,,4975,155,3.22,4825,4980,4825,107549,530450140,199000000000,40000000
20181119,109070,컨버즈,KOSPI,,6300,-10,-0.16,6650,6850,6150,490172,3135446960,74177384400,11774188
20181119,029460,케이씨,KOSPI,,14250,-100,-0.70,14350,14550,14100,33113,470803300,193145127000,13554044
20181119,281820,케이씨텍,KOSPI,,11500,100,0.88,11400,11650,11400,33866,389705350,228152410000,19839340
20181119,145270,케이탑리츠,KOSPI,,959,-8,-0.83,968,970,956,297916,286424930,42399953407,44212673
20181119,058860,케이티스,KOSPI,,2390,10,0.42,2380,2395,2380,35866,85570530,83176780000,34802000
20181119,007815,코리아써우,KOSPI,,2725,-5,-0.18,2740,2740,2720,902,2459845,8078780250,2964690
20181119,007810,코리아써키트,KOSPI,,5240,70,1.35,5210,5280,5150,30097,156683700,123772735240,23620751
20181119,00781K,코리아써키트2우B,KOSPI,,4480,-60,-1.32,4535,4540,4475,556,2521990,3510971520,783699
20181119,152330,코리아오토글라스,KOSPI,,12350,50,0.41,12400,12400,12150,26266,322681300,247000000000,20000000
20181119,003690,코리안리,KOSPI,,9250,70,0.76,9210,9320,9140,256897,2371400400,1113414323000,120369116
20181119,192820,코스맥스,KOSPI,,134000,5500,4.28,130000,135500,130000,105887,14145650500,1346634206000,10049509
20181119,044820,코스맥스비티아이,KOSPI,,20800,-100,-0.48,21000,21450,20350,66539,1385622350,199761556800,9603921
20181119,005070,코스모신소재,KOSPI,,19250,100,0.52,19350,19600,18700,271239,5174376000,380148326250,19747965
20181119,005420,코스모화학,KOSPI,,15450,100,0.65,15450,15750,15250,127127,1964220450,244735694100,15840498
20181119,071950,코아스,KOSPI,,1300,50,4.00,1265,1315,1260,145527,187423600,40179373000,30907210
20181119,002020,코오롱,KOSPI,,36700,4800,15.05,31900,39400,31900,361967,13335604550,463389834200,12626426
20181119,003070,코오롱글로벌,KOSPI,,6820,220,3.33,6520,7130,6520,204653,1408990860,171935187160,25210438
20181119,003075,코오롱글로벌우,KOSPI,,16600,3500,26.72,13300,17000,12850,286794,4445307550,5192529800,312803
20181119,144620,코오롱머티리얼,KOSPI,,2460,235,10.56,2275,2675,2230,2501381,6334766175,110700000000,45000000
20181119,002025,코오롱우,KOSPI,,19750,600,3.13,19450,22650,18600,26348,549871400,21258702500,1076390
20181119,120110,코오롱인더,KOSPI,,54200,1400,2.65,52900,54200,52800,172472,9255630400,1462253128000,26978840
20181119,120115,코오롱인더우,KOSPI,,25050,300,1.21,25250,25250,24400,4733,117818550,69334893000,2767860
20181119,138490,코오롱플라스틱,KOSPI,,5660,30,0.53,5680,5740,5530,73617,414062610,215080000000,38000000
20181119,021240,코웨이,KOSPI,,74400,2300,3.19,71300,74800,71300,173759,12873025600,5490691653600,73799619
20181119,031820,콤텍시스템,KOSPI,,1355,35,2.65,1335,1370,1325,541524,732411465,64838736430,47851466
20181119,192400,쿠쿠홀딩스,KOSPI,,140000,-2500,-1.75,141000,146000,137500,5086,718178000,995741180000,7112437
20181119,284740,쿠쿠홈시스,KOSPI,,177000,3000,1.72,174500,181000,172000,2530,444844500,794281482000,4487466
20181119,015590,큐로,KOSPI,,516,17,3.41,500,516,491,280103,141727439,64362045336,124732646
20181119,264900,크라운제과,KOSPI,,10350,150,1.47,10200,10450,10200,23715,244199500,129621847500,12523850
20181119,26490K,크라운제과우,KOSPI,,8290,-10,-0.12,8390,8720,8200,25510,213470230,6412812400,773560
20181119,005740,크라운해태홀딩스,KOSPI,,11850,300,2.60,11800,12150,11750,65955,785663400,175941061950,14847347
20181119,005745,크라운해태홀딩스우,KOSPI,,15350,-300,-1.92,16000,17500,14950,109191,1748328850,9221144100,600726
20181119,020120,키다리스튜디오,KOSPI,,2510,-65,-2.52,2580,2620,2475,107179,273512380,39739697990,15832549
20181119,039490,키움증권,KOSPI,,85000,1200,1.43,83800,85200,83300,56920,4799495700,1878477900000,22099740
20181119,012170,키위미디어그룹,KOSPI,,344,0,0.00,345,349,334,979671,334254881,64425919600,187284650
20181119,015890,태경산업,KOSPI,,5620,170,3.12,5430,5640,5410,33281,183966180,164265575000,29228750
20181119,006890,태경화학,KOSPI,,4420,-45,-1.01,4500,4500,4380,22560,99843695,51272000000,11600000
20181119,003240,태광산업,KOSPI,,1375000,35000,2.61,1341000,1375000,1341000,522,711876000,1530925000000,1113400
20181119,011280,태림포장,KOSPI,,3260,215,7.06,3080,3390,3080,384526,1240198555,230827364400,70805940
20181119,004100,태양금속,KOSPI,,1040,-5,-0.48,1045,1075,1035,455290,478570545,38168000000,36700000
20181119,004105,태양금속우,KOSPI,,3660,-90,-2.40,3825,3860,3650,203707,759580190,12078000000,3300000
20181119,009410,태영건설,KOSPI,,10300,100,0.98,10350,10500,10200,332011,3439518600,786920000000,76400000
20181119,009415,태영건설우,KOSPI,,5730,-270,-4.50,5940,6050,5730,67062,392440600,14654360400,2557480
20181119,001420,태원물산,KOSPI,,4200,95,2.31,4130,4265,4090,15770,65695735,31920000000,7600000
20181119,007980,태평양물산,KOSPI,,2815,-35,-1.23,2865,2865,2780,301054,843607700,140501553730,49911742
20181119,055490,테이팩스,KOSPI,,23750,-1450,-5.75,25150,25200,23650,39323,946668700,112044187500,4717650
20181119,078000,텔코웨어,KOSPI,,13650,350,2.63,13300,13750,13300,14394,194896300,132441936900,9702706
20181119,214420,토니모리,KOSPI,,12250,950,8.41,11500,13400,11500,2185750,27470630100,216090000000,17640000
20181119,140890,트러스제7호,KOSPI,,2800,0,0.00,0,0,0,0,0,27120800000,9686000
20181119,019180,티에이치엔,KOSPI,,2130,165,8.40,1950,2320,1950,560578,1239141985,38340000000,18000000
20181119,091810,티웨이항공,KOSPI,,8080,-100,-1.22,8170,8180,7980,283043,2284744860,379556480960,46974812
20181119,004870,티웨이홀딩스,KOSPI,,2685,15,0.56,2670,2725,2625,380574,1018559290,202548543690,75437074
20181119,005690,파미셀,KOSPI,,14850,1250,9.19,13900,14900,13700,1044325,15052951700,890390407500,59958950
20181119,036580,팜스코,KOSPI,,8840,0,0.00,8750,8920,8750,59517,525395190,324675016120,36727943
20181119,028670,팬오션,KOSPI,,4475,15,0.34,4500,4530,4410,1236785,5520906025,2392197201325,534569207
20181119,010820,퍼스텍,KOSPI,,3305,145,4.59,3165,3360,3160,940080,3085848585,154557796200,46764840
20181119,016800,퍼시스,KOSPI,,30050,150,0.50,30000,30350,29700,843,25238950,345575000000,11500000
20181119,001020,페이퍼코리아,KOSPI,,867,-4,-0.46,879,881,865,83207,72553416,47006109522,54216966
20181119,090080,평화산업,KOSPI,,2210,90,4.25,2135,2230,2125,1691623,3707757225,82662495240,37403844
20181119,010770,평화홀딩스,KOSPI,,4050,70,1.76,3985,4130,3980,38731,157574555,59233137300,14625466
20181119,058430,포스코강판,KOSPI,,18950,200,1.07,18700,19000,18650,7269,136652550,113700000000,6000000
20181119,047050,포스코대우,KOSPI,,19750,250,1.28,19400,19900,19200,320524,6285253950,2436659192750,123375149
20181119,007630,폴루스바이오팜,KOSPI,,8390,-20,-0.24,8550,8600,8280,245611,2062956410,265417356350,31634965
20181119,017810,풀무원,KOSPI,,85600,1000,1.18,85800,86200,84800,3989,340428600,326058532000,3809095
20181119,103140,풍산,KOSPI,,27400,150,0.55,27150,27700,27000,58036,1586321150,767865217200,28024278
20181119,005810,풍산홀딩스,KOSPI,,35750,450,1.27,35800,35900,35400,4660,166296200,280107220250,7835167
20181119,033180,필룩스,KOSPI,,13800,250,1.85,13650,13900,13550,1014929,13962453300,742811151000,53826895
20181119,086790,하나금융지주,KOSPI,,38650,-50,-0.13,38700,38900,38450,579429,22406563000,11604355696300,300242062
20181119,099340,하나니켈1호,KOSPI,,1085,40,3.83,1045,1095,1045,161377,172580045,24690477000,22756200
20181119,099350,하나니켈2호,KOSPI,,1605,110,7.36,1495,1730,1480,237346,382593405,5270820000,3284000
20181119,293480,하나제약,KOSPI,,23750,500,2.15,23400,23800,23300,202864,4771112550,384750000000,16200000
20181119,039130,하나투어,KOSPI,,73100,-100,-0.14,73900,74000,72000,124432,9074215000,849143123500,11616185
20181119,172580,하이골드12호,KOSPI,,2750,-75,-2.65,2820,2850,2725,56617,156442090,35872375000,13044500
20181119,153360,하이골드3호,KOSPI,,1860,-25,-1.33,1880,1880,1860,4869,9090280,30038609400,16149790
20181119,159650,하이골드8호,KOSPI,,1135,-5,-0.44,1150,1150,1130,16591,18772495,16918229415,14905929
20181119,071090,하이스틸,KOSPI,,27450,650,2.43,27200,28100,26900,11970,329577050,54898462800,1999944
20181119,019490,하이트론,KOSPI,,3565,15,0.42,3590,3645,3500,4482,16007230,19717070275,5530735
20181119,000080,하이트진로,KOSPI,,17000,0,0.00,16900,17100,16750,296262,5025209000,1192271387000,70133611
20181119,000087,하이트진로2우B,KOSPI,,14700,-50,-0.34,14750,14950,14550,1951,28664150,16613028600,1130138
20181119,000140,하이트진로홀딩스,KOSPI,,6750,30,0.45,6750,6850,6670,8379,56560960,156645663750,23206765
20181119,000145,하이트진로홀딩스우,KOSPI,,8120,-20,-0.25,8140,8140,8000,1013,8245120,3822977200,470810
20181119,152550,한국ANKOR유전,KOSPI,,1830,0,0.00,1835,1835,1825,31671,57884360,128136600000,70020000
20181119,036460,한국가스공사,KOSPI,,50200,850,1.72,49500,50600,49300,279367,14018328050,4634112600000,92313000
20181119,005430,한국공항,KOSPI,,42650,-150,-0.35,42800,43500,41800,4822,205387450,135045040750,3166355
20181119,071050,한국금융지주,KOSPI,,68700,1200,1.78,67400,69000,67200,130825,8946102600,3828375650400,55725992
20181119,071055,한국금융지주우,KOSPI,,37450,500,1.35,36950,38050,36950,15727,588539200,219391499950,5858251
20181119,010040,한국내화,KOSPI,,4635,145,3.23,4630,4685,4540,859226,3961830570,105972934320,22863632
20181119,025540,한국단자,KOSPI,,36900,950,2.64,36000,37000,35800,14907,545996650,384313500000,10415000
20181119,004090,한국석유,KOSPI,,134500,5500,4.26,130000,135000,130000,6628,880322500,88124400000,655200
20181119,002960,한국쉘석유,KOSPI,,354000,2000,0.57,352000,354000,348500,707,249612000,460200000000,1300000
20181119,002000,한국유리,KOSPI,,79300,0,0.00,0,0,0,0,0,799317038000,10079660
20181119,002005,한국유리우,KOSPI,,95000,0,0.00,0,0,0,0,0,43202865000,454767
20181119,123890,한국자산신탁,KOSPI,,4520,70,1.57,4455,4525,4435,59914,269382695,464384298280,102739889
20181119,015760,한국전력,KOSPI,,27350,-600,-2.15,28000,28150,27250,1071732,29486947250,17557717505950,641964077
20181119,006200,한국전자홀딩스,KOSPI,,795,0,0.00,785,815,785,25973,20585665,37208493120,46803136
20181119,002300,한국제지,KOSPI,,16700,450,2.77,16300,16750,16100,10968,181144200,83582648300,5004949
20181119,023350,한국종합기술,KOSPI,,4040,95,2.41,3945,4045,3945,26467,106365655,44238000000,10950000
20181119,025890,한국주강,KOSPI,,1725,-15,-0.86,1785,1785,1715,11312,19619845,19508471775,11309259
20181119,000970,한국주철관,KOSPI,,9600,-10,-0.10,9610,9740,9520,7641,73301630,218884800000,22800500
20181119,104700,한국철강,KOSPI,,5410,0,0.00,5340,5470,5340,43832,237092150,249130500000,46050000
20181119,017960,한국카본,KOSPI,,7170,-160,-2.18,7350,7640,7130,978623,7212709850,315198627690,43960757
20181119,161890,한국콜마,KOSPI,,62200,2100,3.49,61000,62600,60500,185467,11460253300,1389964615600,22346698
20181119,024720,한국콜마홀딩스,KOSPI,,29100,-300,-1.02,29200,29950,28950,139061,4071510900,522023910600,17938966
20181119,161390,한국타이어,KOSPI,,43300,-400,-0.92,42350,44350,42350,189074,8118563850,5363790487700,123875069
20181119,000240,한국타이어월드와이드,KOSPI,,16600,0,0.00,16400,16800,16400,35674,590196850,1544134871800,93020173
20181119,034830,한국토지신탁,KOSPI,,2590,10,0.39,2580,2590,2570,261120,673897685,653947105700,252489230
20181119,007280,한국특수형강,KOSPI,,2520,100,4.13,2420,2535,2420,102180,254816645,45412612560,18020878
20181119,168490,한국패러랠,KOSPI,,2565,10,0.39,2540,2570,2525,37596,95206250,205251300000,80020000
20181119,010100,한국프랜지,KOSPI,,1545,40,2.66,1540,1550,1500,69046,105552950,47045898900,30450420
20181119,047810,한국항공우주,KOSPI,,33050,2100,6.79,31050,33100,31000,1585861,51451314550,3221552286350,97475107
20181119,123690,한국화장품,KOSPI,,12200,100,0.83,12300,12400,12050,170529,2080522700,196029600000,16068000
20181119,003350,한국화장품제조,KOSPI,,40000,-600,-1.48,40900,40950,39600,87826,3534970650,181280000000,4532000
20181119,011500,한농화성,KOSPI,,3925,60,1.55,3985,3985,3850,9274,36152315,61375389850,15637042
20181119,002390,한독,KOSPI,,25750,400,1.58,25750,25850,25150,32590,834007950,354410974750,13763533
20181119,014790,한라,KOSPI,,4135,115,2.86,4050,4200,4050,226682,936520085,160747885170,38874942
20181119,060980,한라홀딩스,KOSPI,,43750,750,1.74,42850,44100,42550,24159,1049500600,472617731250,10802691
20181119,053690,한미글로벌,KOSPI,,9420,30,0.32,9500,9550,9370,41710,394213290,103220121000,10957550
20181119,042700,한미반도체,KOSPI,,8740,40,0.46,8700,8820,8540,62400,543445290,500136798600,57223890
20181119,008930,한미사이언스,KOSPI,,72500,1300,1.83,71700,72600,71400,44879,3235907900,4603696857500,63499267
20181119,128940,한미약품,KOSPI,,448000,9000,2.05,444000,449000,439500,33325,14822570000,5100789568000,11385691
20181119,009240,한샘,KOSPI,,58400,4200,7.75,54800,58500,54600,296853,16912923900,1374381395200,23533928
20181119,020000,한섬,KOSPI,,37950,100,0.26,37500,38300,37300,31740,1197657000,934708500000,24630000
20181119,003680,한성기업,KOSPI,,6080,200,3.40,6130,6130,5890,17302,104442640,36077935680,5933871
20181119,105630,한세실업,KOSPI,,17050,150,0.89,17000,17350,16850,242827,4157302750,682000000000,40000000
20181119,069640,한세엠케이,KOSPI,,7740,-80,-1.02,7720,7770,7640,21191,163028530,99918152280,12909322
20181119,016450,한세예스24홀딩스,KOSPI,,9130,200,2.24,9150,9180,8810,46826,424915260,365200000000,40000000
20181119,010420,한솔PNS,KOSPI,,1265,20,1.61,1245,1270,1240,149549,187075140,25923660180,20493012
20181119,009180,한솔로지스틱스,KOSPI,,1400,-115,-7.59,1405,1435,1370,3276869,4616574945,23068395000,16477425
20181119,213500,한솔제지,KOSPI,,17800,100,0.56,17700,17900,17550,48155,855254500,423650252800,23800576
20181119,014680,한솔케미칼,KOSPI,,80000,200,0.25,79400,81500,79400,31987,2575815800,903615600000,11295195
20181119,004710,한솔테크닉스,KOSPI,,7690,-50,-0.65,7740,7830,7590,62649,482271110,170024961820,22109878
20181119,004150,한솔홀딩스,KOSPI,,4855,40,0.83,4930,4940,4720,147805,715605870,225077173705,46359871
20181119,025750,한솔홈데코,KOSPI,,1380,20,1.47,1390,1400,1360,994167,1371134145,111179905620,80565149
20181119,004960,한신공영,KOSPI,,16200,-150,-0.92,16300,16350,16000,29337,473237700,187445372400,11570702
20181119,011700,한신기계,KOSPI,,2335,-75,-3.11,2350,2390,2310,864586,2021999255,75761762585,32446151
20181119,001750,한양증권,KOSPI,,7080,20,0.28,7080,7130,7000,1453,10286670,90118020720,12728534
20181119,001755,한양증권우,KOSPI,,8220,40,0.49,8180,8260,8110,1458,11881700,4315500000,525000
20181119,018880,한온시스템,KOSPI,,10600,50,0.47,10500,10700,10500,541429,5735095200,5658280000000,533800000
20181119,009420,한올바이오파마,KOSPI,,30500,2000,7.02,28500,30600,28500,626268,18762741900,1593339459000,52240638
20181119,014130,한익스프레스,KOSPI,,4550,15,0.33,4535,4555,4455,7685,34832065,54600000000,12000000
20181119,300720,한일시멘트,KOSPI,,122500,-1500,-1.21,126000,127500,122000,4338,543776500,507758825000,4144970
20181119,002220,한일철강,KOSPI,,19150,150,0.79,19000,19250,18800,1388,26323600,42747261950,2232233
20181119,006390,한일현대시멘트,KOSPI,,45350,4250,10.34,42350,46450,41650,170003,7606089950,759999970400,16758544
20181119,003300,한일홀딩스,KOSPI,,62500,1000,1.63,61500,62500,61100,10609,655674200,391873625000,6269978
20181119,051600,한전KPS,KOSPI,,29250,300,1.04,28800,29400,28500,240127,6951257800,1316250000000,45000000
20181119,052690,한전기술,KOSPI,,20450,100,0.49,20200,20650,20000,37917,768633100,781599000000,38220000
20181119,130660,한전산업,KOSPI,,3585,35,0.99,3570,3585,3530,34616,123571605,116871000000,32600000
20181119,002320,한진,KOSPI,,38100,-1800,-4.51,40100,42500,35150,899925,34134457800,456234393600,11974656
20181119,097230,한진중공업,KOSPI,,1810,10,0.56,1810,1880,1795,645084,1181448390,191955039480,106052508
20181119,003480,한진중공업홀딩스,KOSPI,,3245,220,7.27,3180,3730,3080,442335,1521417355,95824239940,29529812
20181119,180640,한진칼,KOSPI,,26500,-1900,-6.69,29950,30550,25600,7806047,215384946400,1568017137000,59170458
20181119,18064K,한진칼우,KOSPI,,21250,4900,29.97,21250,21250,20000,383390,8085854400,11406277500,536766
20181119,005110,한창,KOSPI,,1945,55,2.91,2000,2055,1925,6161931,12296975910,67021955605,34458589
20181119,009460,한창제지,KOSPI,,1790,30,1.70,1785,1805,1715,2579845,4561454550,106804799940,59667486
20181119,000880,한화,KOSPI,,30200,100,0.33,30000,30600,30000,151812,4585101850,2263753797000,74958735
20181119,00088K,한화3우B,KOSPI,,13950,0,0.00,13950,14000,13850,57599,800764750,313484400000,22472000
20181119,027390,한화갤러리아타임월드,KOSPI,,28950,350,1.22,28600,29350,28400,17340,500813000,173703792450,6000131
20181119,088350,한화생명,KOSPI,,4545,-55,-1.20,4600,4645,4520,866933,3958359250,3947468850000,868530000
20181119,000370,한화손해보험,KOSPI,,6220,-50,-0.80,6270,6270,6160,81256,503589610,726116051300,116738915
20181119,012450,한화에어로스페이스,KOSPI,,33600,900,2.75,32700,33650,32450,303657,10115737400,1748544000000,52040000
20181119,000885,한화우,KOSPI,,21300,100,0.47,21400,22300,20400,13844,296817150,10208962200,479294
20181119,009830,한화케미칼,KOSPI,,17850,550,3.18,17450,18100,17450,956469,17076190850,2911520532900,163110394
20181119,009835,한화케미칼우,KOSPI,,11500,300,2.68,11200,11550,11200,6818,77934650,12922975500,1123737
20181119,003530,한화투자증권,KOSPI,,2230,-5,-0.22,2250,2250,2205,370629,824724770,384546799530,172442511
20181119,003535,한화투자증권우,KOSPI,,2225,5,0.23,2220,2240,2200,11344,25132835,10680000000,4800000
20181119,195870,해성디에스,KOSPI,,16000,250,1.59,15950,16200,15850,16407,262715650,272000000000,17000000
20181119,101530,해태제과식품,KOSPI,,10050,160,1.62,9950,10300,9900,35068,351748860,292624061100,29116822
20181119,143210,핸즈코퍼레이션,KOSPI,,6550,200,3.15,6480,6570,6340,13477,87185910,143204405400,21863268
20181119,000720,현대건설,KOSPI,,54000,2200,4.25,53000,54300,52500,965861,51812938500,6013211310000,111355765
20181119,267270,현대건설기계,KOSPI,,41800,550,1.33,43600,43950,41600,337348,14260056350,412829131000,9876295
20181119,000725,현대건설우,KOSPI,,160500,2500,1.58,162000,165000,150000,3386,544098500,15866388000,98856
20181119,005440,현대그린푸드,KOSPI,,12950,150,1.17,12800,13000,12500,401286,5123633100,1265273041900,97704482
20181119,086280,현대글로비스,KOSPI,,119000,-1500,-1.24,119500,121500,115500,113619,13370249500,4462500000000,37500000
20181119,064350,현대로템,KOSPI,,24600,1250,5.35,24050,25100,23750,1918888,46940553350,2091000000000,85000000
20181119,079430,현대리바트,KOSPI,,18950,150,0.80,18900,19150,18800,74381,1408840950,389143593900,20535282
20181119,012330,현대모비스,KOSPI,,191000,-2500,-1.29,190500,192500,187500,142024,26921315500,18592677833000,97343863
20181119,010620,현대미포조선,KOSPI,,107000,500,0.47,107000,109500,104500,189533,20153758500,2140000000000,20000000
20181119,069960,현대백화점,KOSPI,,92000,2200,2.45,89500,92000,89500,76110,6952784400,2153024572000,23402441
20181119,004560,현대비앤지스틸,KOSPI,,9230,160,1.76,9070,9320,9070,28869,265893710,139177425530,15078811
20181119,004565,현대비앤지스틸우,KOSPI,,53900,500,0.94,53400,55800,53200,640,34966700,5921022800,109852
20181119,011760,현대상사,KOSPI,,27700,1600,6.13,26700,27950,26600,212148,5809987500,366442358200,13228966
20181119,011200,현대상선,KOSPI,,4185,185,4.63,4070,4200,4055,1358652,5594004130,1304907385995,311805827
20181119,004310,현대약품,KOSPI,,4620,75,1.65,4590,4640,4555,210847,988755910,147840000000,32000000
20181119,126560,현대에이치씨엔,KOSPI,,4520,125,2.84,4395,4540,4365,116761,524401530,510202213920,112876596
20181119,017800,현대엘리베이,KOSPI,,95100,5200,5.78,92700,96600,92500,917813,86858945600,2582751096600,27158266
20181119,011210,현대위아,KOSPI,,32650,-150,-0.46,32700,33300,32350,67040,2193065800,887919459950,27195083
20181119,267260,현대일렉트릭,KOSPI,,45400,1150,2.60,44650,45600,44150,110085,4946207000,463342548200,10205783
20181119,004020,현대제철,KOSPI,,44100,600,1.38,43550,44750,43550,325512,14408154600,5884959118500,133445785
20181119,009540,현대중공업,KOSPI,,134500,0,0.00,136500,139000,133000,247917,33502347000,9302749797000,69165426
20181119,267250,현대중공업지주,KOSPI,,376000,-500,-0.13,375500,381500,373500,19467,7327286500,6123767992000,16286617
20181119,005380,현대차,KOSPI,,101500,-1500,-1.46,103000,103500,101000,555495,56513838500,21687320980500,213668187
20181119,005387,현대차2우B,KOSPI,,68600,-1300,-1.86,70000,70300,68400,41226,2837440200,2502901938600,36485451
20181119,005389,현대차3우B,KOSPI,,61000,-700,-1.13,62400,62400,60800,1782,109104500,148152835000,2428735
20181119,005385,현대차우,KOSPI,,63200,-700,-1.10,64400,64400,62600,29167,1836396200,1539342492000,24356685
20181119,001500,현대차증권,KOSPI,,9500,150,1.60,9430,9560,9320,25592,243007950,278702554500,29337111
20181119,227840,현대코퍼레이션홀딩스,KOSPI,,16750,200,1.21,16600,17000,16600,163985,2754157000,152439003000,9100836
20181119,001450,현대해상,KOSPI,,42700,-100,-0.23,42700,43950,42300,227036,9755446050,3817380000000,89400000
20181119,057050,현대홈쇼핑,KOSPI,,94100,1000,1.07,92800,94300,92000,28979,2706162600,1129200000000,12000000
20181119,093240,형지엘리트,KOSPI,,2900,10,0.35,2890,2990,2890,66880,196092955,55548914200,19154798
20181119,003010,혜인,KOSPI,,5630,80,1.44,5700,5750,5500,208734,1179742510,71572765610,12712747
20181119,111110,호전실업,KOSPI,,9570,50,0.53,9570,9720,9530,8631,82988500,76560000000,8000000
20181119,008770,호텔신라,KOSPI,,85400,2800,3.39,83400,86500,81700,1084152,92017282500,3351789533400,39248121
20181119,008775,호텔신라우,KOSPI,,52000,0,0.00,51100,55000,50000,65900,3461023900,39097708000,751879
20181119,002460,화성산업,KOSPI,,14150,250,1.80,13950,14250,13900,32324,454120150,176178820000,12450800
20181119,013520,화승알앤에이,KOSPI,,1890,50,2.72,1870,1900,1835,20190,37720180,122020686900,64561210
20181119,241590,화승엔터프라이즈,KOSPI,,11200,-150,-1.32,11250,11400,10950,130482,1456715500,678010704000,60536670
20181119,006060,화승인더,KOSPI,,6220,-190,-2.96,6380,6440,6190,296621,1866189040,344090400000,55320000
20181119,010690,화신,KOSPI,,2195,115,5.53,2080,2225,2080,53511,115103055,76650299950,34920410
20181119,133820,화인베스틸,KOSPI,,2325,5,0.22,2320,2510,2320,902034,2183775735,68703750000,29550000
20181119,010660,화천기계,KOSPI,,18900,50,0.27,18650,18900,18200,507,9382250,41580000000,2200000
20181119,000850,화천기공,KOSPI,,41750,-400,-0.95,41850,42150,40950,4181,172729000,91850000000,2200000
20181119,016580,환인제약,KOSPI,,18900,400,2.16,18550,18900,18350,16476,307470600,351541323000,18600070
20181119,032560,황금에스티,KOSPI,,8210,120,1.48,8150,8750,8150,54473,453163520,114940000000,14000000
20181119,004800,효성,KOSPI,,49000,300,0.62,48650,49500,48400,98176,4805001450,675962399000,13795151
20181119,094280,효성ITX,KOSPI,,10350,50,0.49,10300,10400,10200,6393,65796200,119627370000,11558200
20181119,298040,효성중공업,KOSPI,,42250,0,0.00,42200,42850,42200,20408,864967200,393962153000,9324548
20181119,298050,효성첨단소재,KOSPI,,104500,1500,1.46,103000,104500,101000,16588,1707655500,468154566000,4479948
20181119,298020,효성티앤씨,KOSPI,,176500,1500,0.86,176500,178000,175000,9240,1631828000,763835873000,4327682
20181119,298000,효성화학,KOSPI,,133500,4000,3.09,131500,135000,130000,15020,1987278000,425881821000,3190126
20181119,093370,후성,KOSPI,,8770,-10,-0.11,8870,8870,8710,447196,3918026780,812161802630,92606819
20181119,081660,휠라코리아,KOSPI,,56000,600,1.08,55400,56700,53900,604344,33415087400,3422443920000,61115070
20181119,005870,휴니드,KOSPI,,8170,50,0.62,8200,8220,8030,34308,279531470,115327842550,14116015
20181119,079980,휴비스,KOSPI,,7500,-20,-0.27,7530,7570,7420,124066,938615610,258750000000,34500000
20181119,005010,휴스틸,KOSPI,,11550,200,1.76,11400,11600,11350,19748,226720400,87027494400,7534848
20181119,069260,휴켐스,KOSPI,,24350,1150,4.96,23000,24450,23000,161404,3879834850,995393617800,40878588
20181119,000540,흥국화재,KOSPI,,5170,40,0.78,5130,5190,5070,17486,89373640,332134474650,64242645
20181119,000547,흥국화재2우B,KOSPI,,34900,-550,-1.55,35450,36500,33700,16112,556213000,5360640000,153600
20181119,000545,흥국화재우,KOSPI,,6450,-290,-4.30,6730,6750,6410,23530,153206470,4953600000,768000
20181119,003280,흥아해운,KOSPI,,417,12,2.96,406,420,406,592414,246149596,73243310310,175643430
20181119,060310,3S,KOSDAQ,중견기업부,2250,125,5.88,2130,2250,2130,45465,99687595,99890725500,44395878
20181119,054620,APS홀딩스,KOSDAQ,우량기업부,4355,50,1.16,4280,4370,4280,33877,146506275,88816832455,20394221
20181119,265520,AP시스템,KOSDAQ,우량기업부,27650,150,0.55,27550,28200,27450,343830,9540365600,389851479150,14099511
20181119,211270,AP위성,KOSDAQ,벤처기업부,7030,10,0.14,7090,7100,6780,11115,77813130,105554072120,15014804
20181119,035760,CJ ENM,KOSDAQ,우량기업부,219500,2200,1.01,217000,221700,215200,53479,11720373600,4812841288000,21926384
20181119,051500,CJ프레시웨이,KOSDAQ,중견기업부,22650,400,1.80,22000,22650,22000,42867,961278200,268891422900,11871586
20181119,058820,CMG제약,KOSDAQ,중견기업부,4690,35,0.75,4670,4720,4650,787574,3685055515,510681174360,108887244
20181119,023460,CNH,KOSDAQ,중견기업부,1395,-5,-0.36,1395,1410,1385,45995,64130510,51894000000,37200000
20181119,065770,CS,KOSDAQ,벤처기업부,1925,120,6.65,1825,1940,1820,38231,72629210,36257663750,18835150
20181119,083660,CSA 코스믹,KOSDAQ,중견기업부,5040,95,1.92,4955,5190,4950,565963,2867518100,99528110640,19747641
20181119,306620,DB금융스팩6호,KOSDAQ,SPAC(소속부없음),2020,0,0.00,2015,2020,2015,525,1057890,9776800000,4840000
20181119,045890,DB라이텍,KOSDAQ,벤처기업부,3820,310,8.83,3560,3890,3530,1032796,3875925050,101559394780,26586229
20181119,068790,DMS,KOSDAQ,우량기업부,5180,30,0.58,5160,5230,5120,145470,751483770,119308282660,23032487
20181119,241520,DSC인베스트먼트,KOSDAQ,벤처기업부,4780,195,4.25,4570,4780,4570,135429,637777600,83650000000,17500000
20181119,245620,EDGC,KOSDAQ,기술성장기업부,6090,220,3.75,5910,6150,5870,139999,846377910,220293204600,36172940
20181119,037370,EG,KOSDAQ,중견기업부,9840,-70,-0.71,9990,9990,9780,89840,885791400,73800000000,7500000
20181119,079190,EMW,KOSDAQ,관리종목(소속부없음),2780,0,0.00,0,0,0,0,0,88360067660,31784197
20181119,130500,GH신소재,KOSDAQ,중견기업부,2700,20,0.75,2700,2700,2640,10115,27024815,29700000000,11000000
20181119,032860,GMR 머티리얼즈,KOSDAQ,중견기업부,632,22,3.61,617,645,607,685749,432532219,42697186880,67558840
20181119,900290,GRT,KOSDAQ,외국기업(소속부없음),2120,55,2.66,2070,2135,2040,105682,221930575,142835000000,67375000
20181119,083450,GST,KOSDAQ,우량기업부,4845,65,1.36,4845,4865,4750,29935,144086020,45144474525,9317745
20181119,028150,GS홈쇼핑,KOSDAQ,우량기업부,199000,900,0.45,196300,199000,195700,11376,2247103300,1305937500000,6562500
20181119,078150,HB테크놀러지,KOSDAQ,우량기업부,2805,45,1.63,2750,2850,2740,1539485,4377788890,221568144930,78990426
20181119,036640,HRS,KOSDAQ,우량기업부,2780,-5,-0.18,2765,2805,2765,27975,78025190,45466344000,16354800
20181119,299170,IBKS제10호스팩,KOSDAQ,SPAC(소속부없음),2070,-5,-0.24,2075,2075,2050,19000,39020735,8963100000,4330000
20181119,254120,IBKS제5호스팩,KOSDAQ,SPAC(소속부없음),2130,-5,-0.23,2130,2130,2125,4500,9582880,9585000000,4500000
20181119,264850,IBKS제6호스팩,KOSDAQ,SPAC(소속부없음),2085,-5,-0.24,2035,2095,2035,8649,17947595,8996775000,4315000
20181119,276920,IBKS제7호스팩,KOSDAQ,SPAC(소속부없음),2180,40,1.87,2140,2180,2140,8851,18997500,7957000000,3650000
20181119,297570,IBKS제9호스팩,KOSDAQ,SPAC(소속부없음),2485,-15,-0.60,2530,2530,2430,20940,51338090,6858600000,2760000
20181119,095340,ISC,KOSDAQ,우량기업부,9020,150,1.69,8870,9120,8850,62328,562215340,125106083080,13869854
20181119,099520,ITX엠투엠,KOSDAQ,벤처기업부,1390,-60,-4.14,1470,1500,1375,91888,131681800,22887922090,16466131
20181119,950170,JTC,KOSDAQ,외국기업(소속부없음),7270,-10,-0.14,7390,7590,7250,214206,1579317140,254490108590,35005517
20181119,067290,JW신약,KOSDAQ,중견기업부,7290,120,1.67,7180,7290,7150,224812,1624026590,303753640140,41667166
20181119,035900,JYP Ent.,KOSDAQ,우량기업부,34300,-150,-0.44,34350,34750,33500,588826,20048788250,1211703546200,35326634
20181119,024120,KB오토시스,KOSDAQ,우량기업부,5260,-30,-0.57,5290,5310,5110,11172,58079320,60490000000,11500000
20181119,021320,KCC건설,KOSDAQ,중견기업부,7280,270,3.85,7060,7310,7060,75181,542920100,155792000000,21400000
20181119,036670,KCI,KOSDAQ,중견기업부,8020,40,0.50,7980,8180,7800,17360,137039740,90385400000,11270000
20181119,044180,KD건설,KOSDAQ,투자주의환기종목(소속부없음),138,-4,-2.82,144,147,137,31442188,4454937261,49085456532,355691714
20181119,151860,KG ETS,KOSDAQ,우량기업부,3210,40,1.26,3170,3210,3155,46812,148968155,115560000000,36000000
20181119,046440,KG모빌리언스,KOSDAQ,우량기업부,7750,-40,-0.51,7800,7940,7600,116014,901337450,231778916750,29906957
20181119,035600,KG이니시스,KOSDAQ,중견기업부,15950,-50,-0.31,16100,16150,15750,158608,2528075650,445075722300,27904434
20181119,060720,KH바텍,KOSDAQ,중견기업부,8450,-290,-3.32,8650,8730,8400,281989,2400373210,171208872250,20261405
20181119,083470,KJ프리텍,KOSDAQ,관리종목(소속부없음),835,0,0.00,0,0,0,0,0,20628448715,24704729
20181119,122450,KMH,KOSDAQ,중견기업부,7830,10,0.13,7900,7970,7790,114436,898015770,170562714390,21783233
20181119,052900,KMH하이텍,KOSDAQ,중견기업부,937,-3,-0.32,930,947,927,120662,113312425,43931712563,46885499
20181119,058400,KNN,KOSDAQ,우량기업부,782,1,0.13,790,791,780,52641,41352665,103560041040,132429720
20181119,114450,KPX생명과학,KOSDAQ,중견기업부,4445,90,2.07,4400,4635,4295,170970,763278255,66675000000,15000000
20181119,036030,KTH,KOSDAQ,우량기업부,5110,20,0.39,5080,5150,5070,8739,44511670,182503762420,35715022
20181119,060370,KT서브마린,KOSDAQ,우량기업부,3395,55,1.65,3340,3410,3320,43166,145704730,74350500000,21900000
20181119,065150,MP그룹,KOSDAQ,관리종목(소속부없음),1315,0,0.00,0,0,0,0,0,106263055205,80808407
20181119,219550,MP한강,KOSDAQ,벤처기업부,2420,-20,-0.82,2440,2480,2360,502199,1211009585,137531673400,56831270
20181119,160550,NEW,KOSDAQ,중견기업부,4850,105,2.21,4780,4915,4775,244279,1187812075,135344614100,27906106
20181119,053290,NE능률,KOSDAQ,중견기업부,2850,55,1.97,2825,2850,2795,8639,24402095,38468849700,13497842
20181119,104200,NHN벅스,KOSDAQ,중견기업부,6910,300,4.54,6610,6910,6610,49784,336963560,102458370500,14827550
20181119,060250,NHN한국사이버결제,KOSDAQ,우량기업부,12150,450,3.85,11850,12450,11850,262522,3208715000,266297539950,21917493
20181119,030190,NICE평가정보,KOSDAQ,우량기업부,11800,900,8.26,10750,11850,10750,301498,3430635400,716434876000,60714820
20181119,024940,PN풍년,KOSDAQ,벤처기업부,2275,35,1.56,2300,2340,2225,10290,23323800,22750000000,10000000
20181119,218410,RFHIC,KOSDAQ,벤처기업부,26100,-1100,-4.04,27250,27500,25850,538360,14213292500,585839529900,22445959
20181119,091340,S&K폴리텍,KOSDAQ,중견기업부,4155,25,0.61,4135,4220,4090,27765,115160410,48628960755,11703721
20181119,019550,SBI인베스트먼트,KOSDAQ,중견기업부,799,17,2.17,789,813,783,554710,441965084,129491193425,162066575
20181119,950110,SBI핀테크솔루션즈,KOSDAQ,외국기업(소속부없음),11900,0,0.00,12050,12400,11800,378587,4568936950,293412826000,24656540
20181119,046140,SBS콘텐츠허브,KOSDAQ,중견기업부,5730,60,1.06,5670,5740,5640,3068,17497690,122986170150,21463555
20181119,036120,SCI평가정보,KOSDAQ,중견기업부,2315,75,3.35,2280,2315,2245,147879,337564790,82182500000,35500000
20181119,099220,SDN,KOSDAQ,중견기업부,1565,20,1.29,1565,1585,1545,1574730,2472012560,62567144390,39979006
20181119,036540,SFA반도체,KOSDAQ,중견기업부,1530,-10,-0.65,1540,1575,1515,275114,421697260,215916095430,141121631
20181119,255220,SG,KOSDAQ,벤처기업부,9340,300,3.32,9050,9480,9050,25833,240151900,116806264160,12506024
20181119,040610,SG&G,KOSDAQ,우량기업부,2010,55,2.81,1995,2030,1965,134456,269328975,68515263960,34087196
20181119,049470,SGA,KOSDAQ,벤처기업부,505,2,0.40,504,511,504,93121,47125598,48845871995,96724499
20181119,184230,SGA솔루션즈,KOSDAQ,벤처기업부,1410,55,4.06,1360,1435,1360,384363,540549230,47806188180,33905098
20181119,232330,SK3호스팩,KOSDAQ,SPAC(소속부없음),2080,0,0.00,2080,2080,2080,5,10400,7488000000,3600000
20181119,057500,SKC 솔믹스,KOSDAQ,중견기업부,3070,25,0.82,3065,3080,3030,198592,605929475,188786702800,61494040
20181119,178920,SKC코오롱PI,KOSDAQ,우량기업부,33100,-550,-1.63,33750,33800,32250,840211,27731819350,972025258200,29366322
20181119,036490,SK머티리얼즈,KOSDAQ,우량기업부,165000,-200,-0.12,164100,165300,163800,20182,3319756900,1740366045000,10547673
20181119,052260,SK바이오랜드,KOSDAQ,우량기업부,14250,150,1.06,14100,14350,14000,29071,412035250,213750000000,15000000
20181119,048550,SM C&C,KOSDAQ,중견기업부,2255,10,0.45,2260,2285,2210,143884,323721320,212107613630,94061026
20181119,063440,SM Life Design,KOSDAQ,중견기업부,1690,0,0.00,1725,1725,1655,178073,300239325,74681485320,44190228
20181119,123260,STC,KOSDAQ,벤처기업부,1345,80,6.32,1305,1350,1265,97253,127191365,32300840775,24015495
20181119,289080,SV인베스트먼트,KOSDAQ,중견기업부,4435,895,25.28,3590,4600,3590,8412699,36018469405,118046395000,26617000
20181119,089230,THE E&M,KOSDAQ,중견기업부,805,48,6.34,757,821,757,751526,595094957,73948088900,91860980
20181119,161570,THE MIDONG,KOSDAQ,중견기업부,2880,0,0.00,2855,2900,2835,83495,239378465,39720343680,13791786
20181119,032540,TJ미디어,KOSDAQ,중견기업부,3215,35,1.10,3225,3250,3145,5265,16668340,44790122935,13931609
20181119,048770,TPC,KOSDAQ,중견기업부,3680,25,0.68,3750,3750,3635,6047,22185825,47472000000,12900000
20181119,038340,UCI,KOSDAQ,관리종목(소속부없음),3600,0,0.00,0,0,0,0,0,48364030800,13434453
20181119,052300,W홀딩컴퍼니,KOSDAQ,벤처기업부,596,-10,-1.65,608,611,586,874159,523075871,78854194816,132305696
20181119,040300,YTN,KOSDAQ,중견기업부,1945,15,0.78,1915,1955,1915,54057,104782800,81690000000,42000000
20181119,051390,YW,KOSDAQ,벤처기업부,4020,-40,-0.99,4060,4100,3985,15990,64319640,45648579360,11355368
20181119,052220,iMBC,KOSDAQ,중견기업부,2330,10,0.43,2330,2340,2300,8314,19354040,53590000000,23000000
20181119,079940,가비아,KOSDAQ,벤처기업부,6760,-110,-1.60,6840,6970,6710,33707,229293870,91501223840,13535684
20181119,078890,가온미디어,KOSDAQ,우량기업부,6030,-10,-0.17,6090,6090,6000,25274,152471750,87524250030,14514801
20181119,192410,감마누,KOSDAQ,투자주의환기종목(소속부없음),408,0,0.00,0,0,0,0,0,9969806400,24435800
20181119,024840,갑을메탈,KOSDAQ,중견기업부,1870,5,0.27,1880,1885,1850,45523,85128520,58421597520,31241496
20181119,217730,강스템바이오텍,KOSDAQ,기술성장기업부,19450,350,1.83,19250,19450,18700,226075,4326906250,404617124650,20802937
20181119,094480,갤럭시아컴즈,KOSDAQ,우량기업부,3005,35,1.18,2970,3070,2945,21552,64566785,117885663190,39229838
20181119,063080,게임빌,KOSDAQ,우량기업부,57000,3200,5.95,54900,57800,54000,107878,6106041200,375925944000,6595192
20181119,039240,경남스틸,KOSDAQ,우량기업부,1925,5,0.26,1910,1940,1905,35186,67447080,48125000000,25000000
20181119,053950,경남제약,KOSDAQ,중견기업부,17200,0,0.00,0,0,0,0,0,193472067200,11248376
20181119,011040,경동제약,KOSDAQ,우량기업부,12350,50,0.41,12250,12400,12200,8687,106777000,327892500000,26550000
20181119,024910,경창산업,KOSDAQ,중견기업부,1580,5,0.32,1575,1630,1550,175734,279129635,56594027900,35819005
20181119,198440,고려시멘트,KOSDAQ,우량기업부,2375,40,1.71,2385,2430,2335,241557,575666845,75952405000,31979960
20181119,049720,고려신용정보,KOSDAQ,중견기업부,3870,15,0.39,3920,3920,3840,30023,116228015,55341000000,14300000
20181119,014570,고려제약,KOSDAQ,중견기업부,7350,-20,-0.27,7370,7480,7320,120245,888107810,80850000000,11000000
20181119,098460,고영,KOSDAQ,우량기업부,90400,400,0.44,87000,91900,87000,71862,6461747700,1237390770400,13687951
20181119,038530,골드퍼시픽,KOSDAQ,중견기업부,1775,-5,-0.28,1765,1820,1750,67043,119784755,16217010600,9136344
20181119,900280,골든센츄리,KOSDAQ,외국기업(소속부없음),954,-12,-1.24,964,1005,947,2674137,2616040997,89103600000,93400000
20181119,215000,골프존,KOSDAQ,우량기업부,34000,350,1.04,33700,34200,33500,6569,222341850,213364110000,6275415
20181119,121440,골프존뉴딘홀딩스,KOSDAQ,우량기업부,4090,60,1.49,3955,4125,3950,124625,503607250,175202585620,42836818
20181119,014200,광림,KOSDAQ,중견기업부,2755,-10,-0.36,2765,2795,2735,169561,467751605,133613328930,48498486
20181119,026910,광진실업,KOSDAQ,중견기업부,3440,90,2.69,3350,3650,3350,100171,350818370,22034593200,6405405
20181119,090150,광진윈텍,KOSDAQ,중견기업부,2235,25,1.13,2235,2240,2195,9193,20407690,21586508355,9658393
20181119,267320,교보7호스팩,KOSDAQ,SPAC(소속부없음),2055,-5,-0.24,2060,2060,2055,301,619475,8261100000,4020000
20181119,242040,교보비엔케이스팩,KOSDAQ,SPAC(소속부없음),1715,35,2.08,1715,1715,1680,44515,75659470,12193650000,7110000
20181119,053270,구영테크,KOSDAQ,중견기업부,1490,40,2.76,1450,1505,1445,319992,472872180,39327319260,26394174
20181119,066620,국보디자인,KOSDAQ,우량기업부,14300,50,0.35,14350,14650,14200,8502,122236000,107250000000,7500000
20181119,043650,국순당,KOSDAQ,중견기업부,4060,55,1.37,4100,4120,3985,43645,176209130,72504714240,17858304
20181119,006050,국영지앤엠,KOSDAQ,벤처기업부,1460,225,18.22,1245,1535,1240,14418805,21040885560,50947054780,34895243
20181119,060480,국일신동,KOSDAQ,중견기업부,4250,-60,-1.39,4380,4380,4180,155374,665230010,47132500000,11090000
20181119,078130,국일제지,KOSDAQ,중견기업부,861,-6,-0.69,875,882,857,1415963,1233162032,100212656166,116391006
20181119,019010,그랜드백화점,KOSDAQ,우량기업부,17250,-150,-0.86,17400,17900,17000,15315,268363600,83145000000,4820000
20181119,900070,글로벌에스엠,KOSDAQ,외국기업(소속부없음),870,0,0.00,872,880,853,83854,73162360,46757252160,53743968
20181119,204620,글로벌텍스프리,KOSDAQ,벤처기업부,6400,-200,-3.03,6730,6730,6350,146624,947224410,124534892800,19458577
20181119,019660,글로본,KOSDAQ,중견기업부,4095,-35,-0.85,4130,4290,4040,75461,313599055,114664287465,28001047
20181119,053260,금강철강,KOSDAQ,우량기업부,3470,60,1.76,3410,3490,3375,23090,79615450,64958400000,18720000
20181119,036190,금화피에스시,KOSDAQ,우량기업부,28900,-650,-2.20,29550,30000,28850,6096,177054500,173400000000,6000000
20181119,049080,기가레인,KOSDAQ,중견기업부,2365,90,3.96,2280,2400,2265,505317,1179710830,119178617250,50392650
20181119,035460,기산텔레콤,KOSDAQ,벤처기업부,2280,15,0.66,2245,2290,2230,38232,86408460,33236335200,14577340
20181119,187790,나노,KOSDAQ,벤처기업부,2110,20,0.96,2095,2135,2080,251019,528516985,50326907650,23851615
20181119,151910,나노스,KOSDAQ,중견기업부,6350,-100,-1.55,6450,6490,6000,169411,1068700840,684599189600,107810896
20181119,121600,나노신소재,KOSDAQ,벤처기업부,14600,800,5.80,13950,14600,13700,148022,2117757950,158385661800,10848333
20181119,039860,나노엔텍,KOSDAQ,중견기업부,4885,95,1.98,4840,4930,4750,23458,113323320,128440279150,26292790
20181119,091970,나노캠텍,KOSDAQ,중견기업부,6090,-70,-1.14,6110,6200,6000,179151,1090722090,129120399240,21202036
20181119,051490,나라엠앤디,KOSDAQ,중견기업부,5050,-30,-0.59,5180,5180,5050,36580,185566260,71710000000,14200000
20181119,190510,나무가,KOSDAQ,중견기업부,18150,-100,-0.55,17950,18300,17900,5755,104236200,62254863000,3430020
20181119,089600,나스미디어,KOSDAQ,우량기업부,30500,-500,-1.61,31050,31900,30150,64286,1969229050,267018075500,8754691
20181119,293580,나우아이비캐피탈,KOSDAQ,중견기업부,5020,610,13.83,4450,5380,4430,1358248,6940417280,47589600000,9480000
20181119,138610,나이벡,KOSDAQ,기술성장기업부,8870,190,2.19,8790,8930,8640,45704,402736170,56483787460,6367958
20181119,130580,나이스디앤비,KOSDAQ,중견기업부,7240,-80,-1.09,7320,7320,7240,6206,45038760,111496000000,15400000
20181119,036800,나이스정보통신,KOSDAQ,우량기업부,19850,600,3.12,19250,20050,19100,13421,263415400,198500000000,10000000
20181119,091590,남화토건,KOSDAQ,우량기업부,11550,200,1.76,11550,11800,11450,122951,1429050300,135597000000,11740000
20181119,168330,내츄럴엔도텍,KOSDAQ,벤처기업부,15250,-150,-0.97,15450,15500,15000,205847,3126592800,315153785500,20665822
20181119,072770,네오디안테크놀로지,KOSDAQ,중견기업부,1835,-10,-0.54,1910,1910,1800,284386,520459155,65021312930,35433958
20181119,212560,네오오토,KOSDAQ,우량기업부,4030,-20,-0.49,4050,4085,4020,3239,13071870,31736100890,7874963
20181119,095660,네오위즈,KOSDAQ,중견기업부,14500,2100,16.94,12550,14700,12450,1788189,25073272250,317767616000,21915008
20181119,042420,네오위즈홀딩스,KOSDAQ,우량기업부,12200,800,7.02,11400,12200,11400,58133,694499900,108053765200,8856866
20181119,085910,네오티스,KOSDAQ,중견기업부,3950,105,2.73,3850,3960,3850,12113,47150995,43504028100,11013678
20181119,092730,네오팜,KOSDAQ,벤처기업부,45350,650,1.45,45150,45400,44500,26281,1184111250,338367097950,7461237
20181119,153460,네이블,KOSDAQ,벤처기업부,3855,-105,-2.65,3935,4065,3840,74349,292365630,25173203970,6530014
20181119,007390,네이처셀,KOSDAQ,중견기업부,13050,200,1.56,13050,13200,12700,1806453,23383737950,692386006950,53056399
20181119,033640,네패스,KOSDAQ,우량기업부,10400,100,0.97,10350,10650,10250,264357,2750757200,238914426400,22972541
20181119,087730,네패스신소재,KOSDAQ,벤처기업부,68100,-800,-1.16,69000,69400,68000,60114,4117387100,239421689700,3515737
20181119,089140,넥스턴,KOSDAQ,벤처기업부,12000,350,3.00,11650,12250,11650,51545,620899650,142158240000,11846520
20181119,065170,넥스트BT,KOSDAQ,중견기업부,1675,40,2.45,1645,1695,1615,165292,273256590,103158328850,61587062
20181119,139670,넥스트리밍,KOSDAQ,벤처기업부,3000,105,3.63,2915,3080,2850,22329,66537390,21050733000,7016911
20181119,137940,넥스트아이,KOSDAQ,중견기업부,2610,-55,-2.06,2655,2660,2600,72531,190417145,178734352950,68480595
20181119,092600,넥스트칩,KOSDAQ,벤처기업부,7050,150,2.17,6960,7070,6850,438882,3059429780,94804875000,13447500
20181119,041140,넥슨지티,KOSDAQ,우량기업부,9000,-190,-2.07,9100,9250,8860,274237,2481922090,318359898000,35373322
20181119,217270,넵튠,KOSDAQ,중견기업부,11000,150,1.38,10750,11000,10500,45602,494758850,235151455000,21377405
20181119,225570,넷게임즈,KOSDAQ,벤처기업부,8150,140,1.75,8080,8380,8010,19472,159833130,195501808800,23987952
20181119,194700,노바렉스,KOSDAQ,중견기업부,18750,-600,-3.10,19100,19500,18650,310994,5898980600,168820125000,9003740
20181119,285490,노바텍,KOSDAQ,벤처기업부,20650,-1450,-6.56,21800,22050,20650,287020,6102602700,95543420000,4626800
20181119,144510,녹십자랩셀,KOSDAQ,중견기업부,51300,1800,3.64,50000,51700,49200,140691,7102801900,541422970200,10554054
20181119,031390,녹십자셀,KOSDAQ,벤처기업부,58200,2100,3.74,57100,59200,56100,346743,19963895000,680703649800,11695939
20181119,142280,녹십자엠에스,KOSDAQ,중견기업부,15400,900,6.21,14600,15550,14350,590277,8899400300,147224000000,9560000
20181119,065560,녹원씨엔아이,KOSDAQ,중견기업부,10250,250,2.50,10050,10500,9920,457330,4621273930,146116558500,14255274
20181119,054050,농우바이오,KOSDAQ,우량기업부,11300,0,0.00,11250,11450,11050,94329,1059677700,181145339300,16030561
20181119,040160,누리텔레콤,KOSDAQ,벤처기업부,6850,50,0.74,6820,6950,6730,30272,206725140,82580414750,12055535
20181119,069140,누리플랜,KOSDAQ,벤처기업부,5980,-100,-1.64,6110,6110,5610,97649,580707150,28413377980,4751401
20181119,126870,뉴로스,KOSDAQ,벤처기업부,4570,100,2.24,4475,4590,4450,137075,620634485,87525883040,19152272
20181119,060260,뉴보텍,KOSDAQ,벤처기업부,1685,0,0.00,1680,1735,1665,675053,1149664995,45265703515,26863919
20181119,012340,뉴인텍,KOSDAQ,중견기업부,691,-1,-0.14,692,705,683,59478,41125836,33945485560,49125160
20181119,222040,뉴트리바이오텍,KOSDAQ,우량기업부,15900,0,0.00,15800,16300,15600,114497,1829997550,327985200000,20628000
20181119,144960,뉴파워프라즈마,KOSDAQ,우량기업부,13350,50,0.38,13400,13650,12900,31729,416199250,110141998950,8250337
20181119,900100,뉴프라이드,KOSDAQ,외국기업(소속부없음),3135,15,0.48,3140,3180,3100,1620096,5094119665,269404218600,85934360
20181119,085670,뉴프렉스,KOSDAQ,중견기업부,3030,50,1.68,2970,3080,2870,734993,2183133470,64102798170,21156039
20181119,119860,다나와,KOSDAQ,벤처기업부,17400,450,2.65,17150,17950,17050,95158,1661404600,227501902800,13074822
20181119,064260,다날,KOSDAQ,우량기업부,3740,115,3.17,3665,3750,3635,345349,1280918475,203361205960,54374654
20181119,093640,다믈멀티미디어,KOSDAQ,벤처기업부,5700,300,5.56,5320,5850,5320,34821,195324020,42204766500,7404345
20181119,039560,다산네트웍스,KOSDAQ,중견기업부,6400,20,0.31,6400,6450,6350,93620,598603340,186857945600,29196554
20181119,032190,다우데이타,KOSDAQ,우량기업부,9340,-60,-0.64,9360,9470,9330,36022,337588020,357722000000,38300000
20181119,068240,다원시스,KOSDAQ,우량기업부,16700,300,1.83,16450,16900,16400,272460,4548466700,434310403700,26006611
20181119,020400,대동금속,KOSDAQ,중견기업부,39450,1050,2.73,38400,39750,38400,80,3159700,18936000000,480000
20181119,008830,대동기어,KOSDAQ,중견기업부,25200,-600,-2.33,25250,25800,25200,413,10509000,22648550400,898752
20181119,048470,대동스틸,KOSDAQ,중견기업부,10950,650,6.31,10600,11100,10400,647665,7034426250,109500000000,10000000
20181119,004780,대륙제관,KOSDAQ,우량기업부,4755,75,1.60,4700,4790,4680,11336,53929460,75619711245,15903199
20181119,017650,대림제지,KOSDAQ,벤처기업부,1790,20,1.13,1765,1805,1750,345256,612683105,80550000000,45000000
20181119,007720,대명코퍼레이션,KOSDAQ,중견기업부,1990,0,0.00,1995,2040,1965,438718,874374185,200592895500,100800450
20181119,290670,대보마그네틱,KOSDAQ,중견기업부,73800,3100,4.38,70700,74500,69500,85169,6130413400,238565880000,3232600
20181119,078140,대봉엘에스,KOSDAQ,우량기업부,6670,-10,-0.15,6680,6740,6550,22855,152231680,73947481930,11086579
20181119,036480,대성미생물,KOSDAQ,중견기업부,19250,800,4.34,19400,19800,19150,247600,4799890750,73150000000,3800000
20181119,025440,대성엘텍,KOSDAQ,중견기업부,753,3,0.40,762,768,749,85565,64656256,75044991279,99661343
20181119,027830,대성창투,KOSDAQ,중견기업부,1765,40,2.32,1730,1805,1725,284490,500778115,70600000000,40000000
20181119,104040,대성파인텍,KOSDAQ,벤처기업부,1655,15,0.91,1665,1675,1620,397074,653353730,51803620055,31301281
20181119,253590,대신밸런스제3호스팩,KOSDAQ,SPAC(소속부없음),2080,-30,-1.42,2195,2195,2065,70741,147899520,11460800000,5510000
20181119,262830,대신밸런스제4호스팩,KOSDAQ,SPAC(소속부없음),2060,5,0.24,2065,2065,2060,69,142230,10320600000,5010000
20181119,303030,대신밸런스제5호스팩,KOSDAQ,SPAC(소속부없음),2070,0,0.00,0,0,0,0,0,8507700000,4110000
20181119,020180,대신정보통신,KOSDAQ,중견기업부,1225,40,3.38,1195,1230,1190,1703042,2053415205,47075420875,38428915
20181119,045390,대아티아이,KOSDAQ,우량기업부,6800,300,4.62,6690,6910,6640,6330252,42804332460,483830349600,71151522
20181119,108380,대양전기공업,KOSDAQ,우량기업부,12300,-150,-1.20,12350,12650,12200,4867,59916650,117678195900,9567333
20181119,006580,대양제지,KOSDAQ,중견기업부,3670,200,5.76,3470,3675,3470,141374,513098530,98539500000,26850000
20181119,007680,대원,KOSDAQ,중견기업부,12450,1000,8.73,11400,13050,11400,180489,2236331400,137572500000,11050000
20181119,048910,대원미디어,KOSDAQ,벤처기업부,9490,140,1.50,9450,9700,9270,159611,1512149310,119374197540,12578946
20181119,005710,대원산업,KOSDAQ,우량기업부,5690,10,0.18,5680,5750,5600,4068,23098040,114013944000,20037600
20181119,290380,대유,KOSDAQ,중견기업부,21800,800,3.81,21550,21950,21300,544598,11772970800,197342320000,9052400
20181119,071460,대유위니아,KOSDAQ,우량기업부,2465,80,3.35,2385,2520,2385,143896,357001920,88659382175,35967295
20181119,120240,대정화금,KOSDAQ,우량기업부,14100,50,0.36,14150,14200,13900,35885,504122400,100115513100,7100391
20181119,003310,대주산업,KOSDAQ,중견기업부,1370,25,1.86,1345,1375,1340,90543,123371570,48487519500,35392350
20181119,078600,대주전자재료,KOSDAQ,중견기업부,18500,0,0.00,18500,19000,18300,74613,1380550900,269197662500,14551225
20181119,065690,대진디엠피,KOSDAQ,중견기업부,3385,150,4.64,3235,3425,3230,29806,98801410,47266477965,13963509
20181119,096350,대창솔루션,KOSDAQ,중견기업부,616,-1,-0.16,624,628,608,191466,118562434,66808474040,108455315
20181119,140520,대창스틸,KOSDAQ,중견기업부,2705,75,2.85,2645,2730,2645,38837,104715620,54100000000,20000000
20181119,131220,대한과학,KOSDAQ,벤처기업부,4360,0,0.00,4350,4400,4315,29831,129370130,32501576400,7454490
20181119,010170,대한광통신,KOSDAQ,중견기업부,4760,40,0.85,4775,4830,4720,1257253,5986677920,351010135000,73741625
20181119,054670,대한뉴팜,KOSDAQ,중견기업부,10150,50,0.50,10100,10350,9970,69321,705019390,145702438000,14354920
20181119,023910,대한약품,KOSDAQ,우량기업부,41100,400,0.98,40700,41100,40000,13223,533116850,246600000000,6000000
20181119,021040,대호피앤씨,KOSDAQ,중견기업부,1065,15,1.43,1050,1080,1050,983052,1046081145,77865159690,73112826
20181119,021045,대호피앤씨우,KOSDAQ,중견기업부,1610,10,0.63,1600,1630,1585,69343,111167700,6830370260,4242466
20181119,067080,대화제약,KOSDAQ,우량기업부,21900,300,1.39,21550,21950,21500,82425,1794853700,399126930600,18224974
20181119,192080,더블유게임즈,KOSDAQ,우량기업부,60400,-800,-1.31,61200,61200,59800,86625,5231851200,1102136799200,18247298
20181119,035290,더블유에프엠,KOSDAQ,투자주의환기종목(소속부없음),3020,55,1.85,3040,3060,2965,36717,110904335,66965102500,22173875
20181119,213420,덕산네오룩스,KOSDAQ,우량기업부,13900,-100,-0.71,14050,14300,13900,149420,2100988200,333739166800,24010012
20181119,077360,덕산하이메탈,KOSDAQ,중견기업부,5410,20,0.37,5400,5420,5310,5338,28770160,122907090410,22718501
20181119,090410,덕신하우징,KOSDAQ,중견기업부,1285,10,0.78,1280,1305,1275,117548,151227950,51477100000,40060000
20181119,263600,덕우전자,KOSDAQ,우량기업부,9530,250,2.69,9310,9670,9290,11917,113940530,77288928980,8110066
20181119,194480,데브시스터즈,KOSDAQ,벤처기업부,9570,320,3.46,9250,9640,9250,11052,104849330,107202470100,11201930
20181119,263800,데이타솔루션,KOSDAQ,벤처기업부,2800,90,3.32,2710,2980,2605,123814,349540950,44012024000,15718580
20181119,139050,데일리블록체인,KOSDAQ,벤처기업부,2005,65,3.35,1960,2035,1910,928114,1832374270,58130395580,28992716
20181119,017680,데코앤이,KOSDAQ,관리종목(소속부없음),410,-12,-2.84,430,433,407,1298079,542235904,42584618020,103864922
20181119,206560,덱스터,KOSDAQ,기술성장기업부,5500,140,2.61,5410,5530,5400,250569,1369853530,135506409500,24637529
20181119,067990,도이치모터스,KOSDAQ,벤처기업부,5640,180,3.30,5550,5750,5520,425338,2391458900,148125057120,26263308
20181119,006620,동구바이오제약,KOSDAQ,벤처기업부,20700,300,1.47,20400,20700,20350,39979,821420100,198802800000,9604000
20181119,100130,동국S&C,KOSDAQ,우량기업부,3120,55,1.79,3075,3125,3065,134840,418089745,178286160000,57143000
20181119,005160,동국산업,KOSDAQ,우량기업부,2515,25,1.00,2460,2590,2460,41002,103685165,136424872230,54244482
20181119,075970,동국알앤에스,KOSDAQ,중견기업부,2115,30,1.44,2095,2135,2095,74975,158184815,38916000000,18400000
20181119,086450,동국제약,KOSDAQ,우량기업부,60100,800,1.35,59200,60400,58000,25587,1533906300,534409200000,8892000
20181119,099410,동방선기,KOSDAQ,중견기업부,1610,-10,-0.62,1620,1640,1605,36031,58166250,21801013220,13541002
20181119,281740,동부스팩5호,KOSDAQ,SPAC(소속부없음),2045,0,0.00,2045,2045,2040,17686,36157870,9897800000,4840000
20181119,033500,동성화인텍,KOSDAQ,중견기업부,8400,90,1.08,8320,8640,8200,366699,3086374230,226662315600,26983609
20181119,025950,동신건설,KOSDAQ,우량기업부,5980,330,5.84,5660,6070,5660,42218,247973080,50232000000,8400000
20181119,088130,동아엘텍,KOSDAQ,우량기업부,9210,-50,-0.54,9260,9310,9150,51759,477576440,102694226160,11150296
20181119,041930,동아화성,KOSDAQ,우량기업부,3235,-10,-0.31,3250,3255,3225,16436,53257540,51113000000,15800000
20181119,060380,동양에스텍,KOSDAQ,중견기업부,2995,20,0.67,2975,3010,2975,15781,47097960,29950000000,10000000
20181119,079960,동양이엔피,KOSDAQ,우량기업부,9580,-10,-0.10,9650,9670,9540,2405,23099780,75298800000,7860000
20181119,228340,동양파일,KOSDAQ,우량기업부,5480,70,1.29,5360,5600,5360,204113,1120413160,109600000000,20000000
20181119,104460,동양피엔에프,KOSDAQ,중견기업부,4750,5,0.11,4740,4800,4660,62374,297159880,50889718750,10713625
20181119,088910,동우팜투테이블,KOSDAQ,우량기업부,3610,100,2.85,3515,3615,3495,108867,389236550,93252668040,25831764
20181119,094170,동운아나텍,KOSDAQ,벤처기업부,5830,70,1.22,5740,5850,5650,91655,527849400,72774974690,12482843
20181119,013120,동원개발,KOSDAQ,우량기업부,3940,-20,-0.51,3910,3960,3860,97034,379465030,357783914000,90808100
20181119,109860,동일금속,KOSDAQ,우량기업부,10750,50,0.47,10850,10850,10650,17454,188345250,75250000000,7000000
20181119,032960,동일기연,KOSDAQ,벤처기업부,12650,150,1.20,12500,12700,12350,8218,102979350,77793489950,6149683
20181119,023790,동일철강,KOSDAQ,중견기업부,3650,-35,-0.95,3685,3745,3650,836,3072680,26809560250,7345085
20181119,005290,동진쎄미켐,KOSDAQ,우량기업부,8340,-100,-1.18,8380,8450,8210,250620,2084341970,428796879960,51414494
20181119,025900,동화기업,KOSDAQ,우량기업부,25900,0,0.00,25900,26300,25550,8849,229382100,371839980400,14356756
20181119,078590,두올산업,KOSDAQ,중견기업부,4330,55,1.29,4240,4435,4180,573793,2471994005,83860300750,19367275
20181119,073190,듀오백,KOSDAQ,중견기업부,1930,60,3.21,1870,1945,1860,45409,86420785,23098317200,11968040
20181119,030350,드래곤플라이,KOSDAQ,중견기업부,2840,70,2.53,2770,2865,2725,46958,132315890,45464114440,16008491
20181119,203650,드림시큐리티,KOSDAQ,벤처기업부,3185,110,3.58,3045,3365,3045,1086370,3545480715,114041326490,35805754
20181119,217620,디딤,KOSDAQ,중견기업부,3025,-55,-1.79,3065,3075,3015,117109,355570500,111930762625,37001905
20181119,187870,디바이스이엔지,KOSDAQ,벤처기업부,8740,-160,-1.80,8880,8930,8680,7805,68631420,59274680000,6782000
20181119,066670,디스플레이텍,KOSDAQ,우량기업부,3855,55,1.45,3800,3875,3775,14530,55725955,72057343890,18691918
20181119,110990,디아이티,KOSDAQ,중견기업부,6780,-130,-1.88,6900,6900,6640,126062,852215100,128142000000,18900000
20181119,214680,디알텍,KOSDAQ,벤처기업부,1455,25,1.75,1415,1465,1415,194555,279881060,64324103730,44209006
20181119,263720,디앤씨미디어,KOSDAQ,벤처기업부,15600,1150,7.96,14900,15700,14650,184948,2811207700,187844950800,12041343
20181119,109740,디에스케이,KOSDAQ,관리종목(소속부없음),7420,-60,-0.80,7510,7540,7390,89634,666284260,151032341460,20354763
20181119,033430,디에스티,KOSDAQ,중견기업부,1210,5,0.41,1220,1240,1185,206019,249872905,63107643170,52155077
20181119,090710,디에스티로봇,KOSDAQ,벤처기업부,1170,110,10.38,1070,1190,1065,4152413,4737025620,81757483470,69878191
20181119,131030,디에이치피코리아,KOSDAQ,중견기업부,9720,-90,-0.92,9950,9950,9610,109475,1064357660,161009826840,16564797
20181119,196490,디에이테크놀로지,KOSDAQ,벤처기업부,5200,-110,-2.07,5290,5370,5150,276393,1443492310,54306262400,10443512
20181119,066900,디에이피,KOSDAQ,우량기업부,2785,-65,-2.28,2850,2855,2745,273536,761324810,63343440855,22744503
20181119,127120,디엔에이링크,KOSDAQ,기술성장기업부,4600,210,4.78,4400,4600,4240,86731,389737755,49393880000,10737800
20181119,092070,디엔에프,KOSDAQ,우량기업부,8230,0,0.00,8270,8280,8180,50837,418887440,88569844440,10761828
20181119,101000,디엠씨,KOSDAQ,관리종목(소속부없음),1575,0,0.00,0,0,0,0,0,63066896550,40042474
20181119,134580,디엠티,KOSDAQ,중견기업부,3785,0,0.00,3765,3800,3745,12804,48319745,42581250000,11250000
20181119,039840,디오,KOSDAQ,우량기업부,27850,600,2.20,27250,27900,26950,42080,1157715000,422523573550,15171403
20181119,079810,디이엔티,KOSDAQ,중견기업부,2380,-10,-0.42,2390,2490,2350,6517,15681145,21371281400,8979530
20181119,227100,디자인,KOSDAQ,중견기업부,13800,-200,-1.43,13950,14400,13250,786742,10928563500,36720558000,2660910
20181119,113810,디젠스,KOSDAQ,관리종목(소속부없음),575,0,0.00,580,586,570,99374,57011075,18761129325,32628051
20181119,043360,디지아이,KOSDAQ,벤처기업부,2730,-10,-0.36,2800,2800,2715,13907,38036530,24570000000,9000000
20181119,197140,디지캡,KOSDAQ,벤처기업부,4420,-15,-0.34,4725,5190,4420,1058530,5168227065,15607528300,3531115
20181119,106520,디지탈옵틱,KOSDAQ,중견기업부,1075,55,5.39,1025,1090,1025,552585,587812515,54283030150,50495842
20181119,068930,디지털대성,KOSDAQ,중견기업부,4720,210,4.66,4590,4890,4580,397580,1881653855,105939092560,22444723
20181119,033130,디지틀조선,KOSDAQ,중견기업부,1780,10,0.56,1765,1795,1765,61030,108502245,66065175260,37115267
20181119,033310,디케이디앤아이,KOSDAQ,중견기업부,1660,0,0.00,1660,1660,1630,3391,5581250,36474202260,21972411
20181119,105740,디케이락,KOSDAQ,중견기업부,8490,120,1.43,8450,8690,8380,92588,789478090,69897422880,8232912
20181119,187220,디티앤씨,KOSDAQ,벤처기업부,8640,200,2.37,8560,8770,8480,12124,104256020,85139026560,9854054
20181119,131180,딜리,KOSDAQ,벤처기업부,1830,30,1.67,1825,1890,1805,68397,126298240,53710500000,29350000
20181119,042510,라온시큐어,KOSDAQ,벤처기업부,2450,85,3.59,2375,2500,2370,232390,562839845,77933549400,31809612
20181119,050120,라이브플렉스,KOSDAQ,중견기업부,818,10,1.24,809,830,809,245754,201256590,68092818172,83243054
20181119,171120,라이온켐텍,KOSDAQ,우량기업부,10100,120,1.20,9980,10150,9930,16974,170137140,155398650500,15386005
20181119,069540,라이트론,KOSDAQ,중견기업부,8640,-190,-2.15,8770,9000,8640,105628,925064870,122411666880,14168017
20181119,171010,램테크놀러지,KOSDAQ,벤처기업부,3650,30,0.83,3555,3685,3530,18821,67346170,41707513400,11426716
20181119,084650,랩지노믹스,KOSDAQ,벤처기업부,6310,170,2.77,6080,6350,6010,39178,243910220,57441791450,9103295
20181119,217500,러셀,KOSDAQ,벤처기업부,1960,0,0.00,1950,1995,1910,270980,531832540,62351520000,31812000
20181119,141080,레고켐바이오,KOSDAQ,기술성장기업부,54900,4600,9.15,51200,55200,51000,216178,11564119400,581384521800,10589882
20181119,060300,레드로버,KOSDAQ,중견기업부,2625,95,3.75,2530,2685,2515,521482,1362032625,119252957250,45429698
20181119,038390,레드캡투어,KOSDAQ,우량기업부,15750,100,0.64,15850,15850,15450,4161,64947250,135284310000,8589480
20181119,228850,레이언스,KOSDAQ,우량기업부,14800,-50,-0.34,14850,14900,14550,20005,293125350,245547007200,16591014
20181119,238120,로고스바이오,KOSDAQ,기술성장기업부,13900,450,3.35,13350,14400,13350,53367,744875800,49966663600,3594724
20181119,215100,로보로보,KOSDAQ,벤처기업부,2285,-35,-1.51,2355,2355,2275,57758,132448525,40669467390,17798454
20181119,090360,로보스타,KOSDAQ,우량기업부,25750,-600,-2.28,26550,26600,25700,32126,835436250,251062500000,9750000
20181119,108490,로보티즈,KOSDAQ,벤처기업부,18600,-650,-3.38,19250,19650,18500,193318,3662372100,209268600000,11251000
20181119,900260,로스웰,KOSDAQ,외국기업(소속부없음),1170,-30,-2.50,1195,1240,1165,1043840,1250353290,106214062500,90781250
20181119,067730,로지시스,KOSDAQ,중견기업부,2975,35,1.19,2920,2990,2915,19550,57831385,27789242950,9340922
20181119,071280,로체시스템즈,KOSDAQ,벤처기업부,3545,-55,-1.53,3550,3665,3510,45412,162068755,54226457635,15296603
20181119,038060,루멘스,KOSDAQ,중견기업부,2500,50,2.04,2435,2540,2430,82941,207628790,118191960000,47276784
20181119,082800,루미마이크로,KOSDAQ,중견기업부,1810,65,3.72,1795,1925,1795,665351,1218580015,127439636590,70408639
20181119,085370,루트로닉,KOSDAQ,벤처기업부,9400,170,1.84,9260,9530,9260,110002,1036859740,236999013400,25212661
20181119,08537M,루트로닉3우C,KOSDAQ,벤처기업부,13300,-600,-4.32,13700,13750,13300,1506,20126300,13488421100,1014167
20181119,060240,룽투코리아,KOSDAQ,벤처기업부,3850,10,0.26,3840,3875,3800,21525,82432335,93078112050,24176133
20181119,058470,리노공업,KOSDAQ,우량기업부,47850,-1250,-2.55,48600,49000,47600,86717,4148896200,729347404500,15242370
20181119,039980,리노스,KOSDAQ,우량기업부,1975,40,2.07,1935,1990,1935,121668,239706665,74566113150,37754994
20181119,016100,리더스코스메틱,KOSDAQ,우량기업부,12200,100,0.83,12100,12400,12100,96039,1176070350,221679050800,18170414
20181119,197210,리드,KOSDAQ,중견기업부,13800,-250,-1.78,14050,14350,13750,208926,2911933550,203604786000,14753970
20181119,012700,리드코프,KOSDAQ,우량기업부,5570,70,1.27,5500,5610,5480,12470,69282360,148993211100,26749230
20181119,131100,리켐,KOSDAQ,관리종목(소속부없음),18200,150,0.83,18050,18300,17500,6031,108513000,82882163000,4553965
20181119,277070,린드먼아시아,KOSDAQ,중견기업부,5460,60,1.11,5300,5580,5300,42851,232801550,73710000000,13500000
20181119,042500,링네트,KOSDAQ,벤처기업부,3515,30,0.86,3485,3585,3485,25039,88178520,52503126170,14936878
20181119,219420,링크제니시스,KOSDAQ,기술성장기업부,7240,120,1.69,7080,7260,7060,44871,321007300,72400000000,10000000
20181119,098120,마이크로컨텍솔,KOSDAQ,벤처기업부,2830,-15,-0.53,2900,2960,2755,239335,677623080,23525127780,8312766
20181119,227950,마이크로텍,KOSDAQ,중견기업부,1625,-35,-2.11,1665,1700,1605,345506,564192540,30876508000,19000928
20181119,147760,마이크로프랜드,KOSDAQ,벤처기업부,4260,120,2.90,4170,4260,4085,425023,1779462865,46092629160,10819866
20181119,035480,마제스타,KOSDAQ,투자주의환기종목(소속부없음),1475,0,0.00,0,0,0,0,0,67155378250,45529070
20181119,038290,마크로젠,KOSDAQ,우량기업부,31500,700,2.27,30800,31500,30400,76088,2364988400,334071801000,10605454
20181119,267980,매일유업,KOSDAQ,우량기업부,73100,300,0.41,73000,74200,72300,24124,1764906800,573369937800,7843638
20181119,005990,매일홀딩스,KOSDAQ,우량기업부,11200,250,2.28,11050,11250,10900,13305,148002100,153645004800,13718304
20181119,127160,매직마이크로,KOSDAQ,중견기업부,4820,350,7.83,4575,4835,4560,1376011,6482413380,283525785140,58822777
20181119,093520,매커스,KOSDAQ,중견기업부,4300,50,1.18,4370,4370,4250,66408,285297960,69501295600,16163092
20181119,141070,맥스로텍,KOSDAQ,벤처기업부,1160,10,0.87,1155,1165,1135,52447,60312400,28845090120,24866457
20181119,067280,멀티캠퍼스,KOSDAQ,우량기업부,42750,-600,-1.38,43950,43950,42000,5452,231547100,253369802250,5926779
20181119,072870,메가스터디,KOSDAQ,중견기업부,11150,100,0.90,11250,11300,10950,8410,93408500,132918692850,11920959
20181119,215200,메가스터디교육,KOSDAQ,우량기업부,27200,-150,-0.55,27100,27600,26500,82085,2236215100,319923136000,11761880
20181119,133750,메가엠디,KOSDAQ,중견기업부,2570,35,1.38,2760,2780,2570,952512,2532122575,57487284010,22368593
20181119,041920,메디아나,KOSDAQ,벤처기업부,6490,360,5.87,6170,6640,6140,71439,457820970,56141719040,8650496
20181119,086900,메디톡스,KOSDAQ,우량기업부,557200,7800,1.42,550600,557200,546300,24183,13336039500,3151821302000,5656535
20181119,078160,메디포스트,KOSDAQ,벤처기업부,82800,700,0.85,83200,83500,80900,98753,8154110400,651505258800,7868421
20181119,065650,메디프론,KOSDAQ,중견기업부,5250,20,0.38,5240,5320,5230,136549,719757220,154555343250,29439113
20181119,021880,메이슨캐피탈,KOSDAQ,중견기업부,415,1,0.24,430,430,412,576754,239683708,41161529320,99184408
20181119,140410,메지온,KOSDAQ,중견기업부,94200,1300,1.40,92200,94800,90900,47126,4379589300,811832461800,8618179
20181119,241770,메카로,KOSDAQ,벤처기업부,16500,800,5.10,15600,16750,15600,125254,2054087150,164688810000,9981140
20181119,059210,메타바이오메드,KOSDAQ,벤처기업부,3250,15,0.46,3265,3270,3185,93307,302314195,77552640750,23862351
20181119,058110,멕아이씨에스,KOSDAQ,기술성장기업부,3635,90,2.54,3545,3820,3505,5863,21225550,19489052500,5361500
20181119,096640,멜파스,KOSDAQ,중견기업부,2510,25,1.01,2480,2550,2450,10381,26038155,53355449010,21257151
20181119,257370,명성티엔에스,KOSDAQ,벤처기업부,20150,-50,-0.25,20200,20500,19700,183786,3674769700,128355500000,6370000
20181119,149940,모다,KOSDAQ,투자주의환기종목(소속부없음),155,0,0.00,0,0,0,0,0,3279863395,21160409
20181119,080420,모다이노칩,KOSDAQ,우량기업부,8130,-10,-0.12,8140,8200,7990,46768,377719150,324068393430,39860811
20181119,080160,모두투어,KOSDAQ,우량기업부,26000,-500,-1.89,26550,26600,25700,218012,5667725250,491400000000,18900000
20181119,100030,모바일리더,KOSDAQ,중견기업부,9750,320,3.39,9440,10100,9440,23253,228651420,32016211500,3283714
20181119,087260,모바일어플라이언스,KOSDAQ,우량기업부,5150,40,0.78,5120,5200,5080,67222,344717870,77250000000,15000000
20181119,101330,모베이스,KOSDAQ,우량기업부,3720,-45,-1.20,3660,3765,3650,22450,83215030,89124459360,23958188
20181119,250060,모비스,KOSDAQ,기술성장기업부,4910,0,0.00,4900,4950,4760,693268,3368603645,157961151740,32171314
20181119,033200,모아텍,KOSDAQ,중견기업부,4545,25,0.55,4575,4575,4425,3169,14302375,65135235825,14331185
20181119,118990,모트렉스,KOSDAQ,우량기업부,4340,80,1.88,4245,4350,4245,59728,257991845,118267365300,27250545
20181119,006920,모헨즈,KOSDAQ,중견기업부,5440,110,2.06,5700,5750,5410,199850,1109077320,59404800000,10920000
20181119,001810,무림SP,KOSDAQ,우량기업부,2520,20,0.80,2500,2525,2480,9795,24530145,55786500000,22137500
20181119,028040,미래SCI,KOSDAQ,중견기업부,4080,-110,-2.63,4280,4280,4070,63114,259262390,125714420640,30812358
20181119,095500,미래나노텍,KOSDAQ,우량기업부,3245,50,1.56,3200,3290,3200,23660,77110615,75574534585,23289533
20181119,218150,미래생명자원,KOSDAQ,벤처기업부,3550,85,2.45,3500,3685,3445,1569842,5611887095,66283569400,18671428
20181119,265480,미래에셋대우스팩1호,KOSDAQ,SPAC(소속부없음),2060,-5,-0.24,2060,2060,2050,3470,7116500,9970400000,4840000
20181119,239340,미래에셋제5호스팩,KOSDAQ,SPAC(소속부없음),2085,0,0.00,0,0,0,0,0,10008000000,4800000
20181119,049950,미래컴퍼니,KOSDAQ,우량기업부,59500,200,0.34,59200,60000,57800,55060,3252890600,467940130000,7864540
20181119,213090,미래테크놀로지,KOSDAQ,중견기업부,8370,-70,-0.83,8350,8430,8150,5360,44773700,51230995560,6120788
20181119,207760,미스터블루,KOSDAQ,벤처기업부,2600,-30,-1.14,2690,2690,2590,112516,296037935,63453010400,24405004
20181119,059090,미코,KOSDAQ,우량기업부,3370,5,0.15,3365,3400,3310,186735,624836330,105536952110,31316603
20181119,201490,미투온,KOSDAQ,벤처기업부,6290,100,1.62,6220,6340,6200,180094,1131203470,196611373300,31257770
20181119,214180,민앤지,KOSDAQ,벤처기업부,20000,1100,5.82,18900,20100,18900,148726,2923717250,237732560000,11886628
20181119,206640,바디텍메드,KOSDAQ,벤처기업부,12250,100,0.82,12150,12300,11950,50870,616697050,286874518000,23418328
20181119,018700,바른손,KOSDAQ,중견기업부,2210,20,0.91,2190,2250,2120,118428,259238970,36282376650,16417365
20181119,035620,바른손이앤에이,KOSDAQ,중견기업부,1405,0,0.00,1420,1440,1380,85205,119842560,98866025590,70367278
20181119,064520,바른전자,KOSDAQ,중견기업부,607,9,1.51,601,610,599,532715,322272272,40316643177,66419511
20181119,029480,바른테크놀로지,KOSDAQ,중견기업부,684,-7,-1.01,693,694,677,92662,63279078,22431974940,32795285
20181119,053030,바이넥스,KOSDAQ,중견기업부,10400,150,1.46,10300,10550,10250,196134,2040575050,330002899200,31731048
20181119,084990,바이로메드,KOSDAQ,기술성장기업부,201700,11300,5.93,192000,202400,191300,193764,38438609900,3218377642000,15956260
20181119,064550,바이오니아,KOSDAQ,기술성장기업부,9610,570,6.31,9100,9730,9100,219271,2077689100,198202098480,20624568
20181119,222810,바이오닉스진,KOSDAQ,벤처기업부,6340,450,7.64,6030,6500,5930,458390,2866760520,101399018240,15993536
20181119,208710,바이오로그디바이스,KOSDAQ,벤처기업부,1595,45,2.90,1555,1620,1550,266117,424265120,43967141570,27565606
20181119,142760,바이오리더스,KOSDAQ,기술성장기업부,12200,250,2.09,11950,12400,11900,107161,1303175300,194715782000,15960310
20181119,065940,바이오빌,KOSDAQ,중견기업부,2565,-35,-1.35,2600,2645,2540,1313782,3405528945,95566003065,37257701
20181119,086820,바이오솔루션,KOSDAQ,기술성장기업부,43600,2500,6.08,41500,45600,40750,252847,10935513750,342134693600,7847126
20181119,038460,바이오스마트,KOSDAQ,벤처기업부,4070,-75,-1.81,4145,4170,4055,159863,656633950,81314285800,19978940
20181119,044480,바이오제네틱스,KOSDAQ,관리종목(소속부없음),7340,-70,-0.94,7700,7700,7250,30264,221437650,80408063180,10954777
20181119,086040,바이오톡스텍,KOSDAQ,벤처기업부,9490,110,1.17,9380,9520,9260,112077,1051824670,138218272270,14564623
20181119,032980,바이온,KOSDAQ,중견기업부,1920,-10,-0.52,1960,1970,1900,275589,530845575,89486388480,46607494
20181119,043150,바텍,KOSDAQ,우량기업부,22950,650,2.91,22300,23150,22300,89407,2032321450,340905175200,14854256
20181119,267790,배럴,KOSDAQ,중견기업부,11550,300,2.67,11250,11750,11250,101122,1165498250,89643015000,7761300
20181119,046310,백금T&A,KOSDAQ,중견기업부,2550,10,0.39,2580,2580,2500,86503,218801880,38791252800,15212256
20181119,036620,버추얼텍,KOSDAQ,중견기업부,889,0,0.00,887,893,879,186185,164727639,26323458021,29610189
20181119,177350,베셀,KOSDAQ,벤처기업부,4225,35,0.84,4210,4315,4190,48607,206695575,47287754800,11192368
20181119,225530,보광산업,KOSDAQ,중견기업부,3765,140,3.86,3625,3815,3625,83208,313136345,129779550000,34470000
20181119,250000,보라티알,KOSDAQ,벤처기업부,7000,40,0.57,6990,7040,6860,3758,26173450,47255131000,6750733
20181119,014100,보령메디앙스,KOSDAQ,우량기업부,10150,440,4.53,9870,10700,9860,620917,6378132890,119770000000,11800000
20181119,006910,보성파워텍,KOSDAQ,중견기업부,2525,0,0.00,2540,2630,2485,1398894,3587221950,115783165475,45854719
20181119,226340,본느,KOSDAQ,중견기업부,1840,35,1.94,1815,1860,1805,416059,763726855,53539760640,29097696
20181119,014470,부방,KOSDAQ,우량기업부,2100,50,2.44,2050,2120,2025,61421,128438095,99316329000,47293490
20181119,008470,부스타,KOSDAQ,벤처기업부,5760,-20,-0.35,5750,5800,5730,9740,56111020,48411648000,8404800
20181119,100120,뷰웍스,KOSDAQ,우량기업부,36400,300,0.83,36100,36500,35700,21052,762318050,364067886000,10001865
20181119,066980,브레인콘텐츠,KOSDAQ,중견기업부,941,-4,-0.42,949,953,929,749403,703574139,149071602421,158418281
20181119,064480,브리지텍,KOSDAQ,벤처기업부,3800,725,23.58,3615,3995,3380,4481433,17093882050,45419500000,11952500
20181119,251630,브이원텍,KOSDAQ,벤처기업부,24700,300,1.23,24450,25000,24400,40221,990227350,185647423000,7516090
20181119,033560,블루콤,KOSDAQ,우량기업부,4220,45,1.08,4205,4235,4160,75298,315823205,76331558340,18088047
20181119,121800,비덴트,KOSDAQ,중견기업부,10750,-200,-1.83,10850,11050,10650,262369,2841861050,267175576500,24853542
20181119,148140,비디아이,KOSDAQ,벤처기업부,8380,-40,-0.48,8450,8490,8320,25869,216767400,66375885000,7920750
20181119,200780,비씨월드제약,KOSDAQ,벤처기업부,23400,400,1.74,23000,23400,22750,9339,216136700,187394641200,8008318
20181119,141000,비아트론,KOSDAQ,우량기업부,10400,50,0.48,10350,10600,10350,57776,608717350,125992984000,12114710
20181119,090460,비에이치,KOSDAQ,우량기업부,15950,-100,-0.62,16050,16200,15800,283854,4532631000,499390927200,31309776
20181119,083650,비에이치아이,KOSDAQ,중견기업부,2400,110,4.80,2290,2400,2280,163506,405643580,62400000000,26000000
20181119,086670,비엠티,KOSDAQ,벤처기업부,7540,80,1.07,7580,7610,7450,13775,103370350,61424828660,8146529
20181119,138580,비즈니스온,KOSDAQ,벤처기업부,14550,-250,-1.69,14950,14950,14400,28319,414579850,138878877000,9544940
20181119,082920,비츠로셀,KOSDAQ,벤처기업부,12500,300,2.46,12100,12650,12100,268035,3344314600,244880387500,19590431
20181119,054220,비츠로시스,KOSDAQ,벤처기업부,1675,10,0.60,1680,1695,1640,1059805,1767167945,74801808300,44657796
20181119,042370,비츠로테크,KOSDAQ,우량기업부,7390,-10,-0.14,7410,7450,7280,163695,1205682790,165195121470,22353873
20181119,032850,비트컴퓨터,KOSDAQ,벤처기업부,4985,65,1.32,4935,5020,4900,54501,270715885,82867115605,16623293
20181119,093190,빅솔론,KOSDAQ,우량기업부,6460,0,0.00,6430,6590,6430,40711,265104240,124283326300,19238905
20181119,065450,빅텍,KOSDAQ,벤처기업부,2485,35,1.43,2415,2490,2405,771557,1889440860,60882500000,24500000
20181119,072950,빛샘전자,KOSDAQ,벤처기업부,5580,30,0.54,5650,5650,5490,29268,162769790,33480000000,6000000
20181119,143240,사람인에이치알,KOSDAQ,우량기업부,19400,1500,8.38,17900,19500,17750,47256,895409300,225704702200,11634263
20181119,100090,삼강엠앤티,KOSDAQ,우량기업부,5650,-30,-0.53,5680,5750,5480,183941,1026551450,147015949300,26020522
20181119,122350,삼기오토모티브,KOSDAQ,우량기업부,2770,75,2.78,2930,3010,2715,2078565,5976367155,85391499120,30827256
20181119,014970,삼륭물산,KOSDAQ,중견기업부,4315,80,1.89,4245,4390,4235,13853,59658195,65264375000,15125000
20181119,018310,삼목에스폼,KOSDAQ,우량기업부,11600,150,1.31,11550,11700,11550,10314,119654450,170520000000,14700000
20181119,053700,삼보모터스,KOSDAQ,우량기업부,6910,160,2.37,6750,6920,6730,70053,479181640,98462904850,14249335
20181119,009620,삼보산업,KOSDAQ,중견기업부,6040,10,0.17,6030,6060,5970,1036,6206960,24915000000,4125000
20181119,023600,삼보판지,KOSDAQ,우량기업부,9410,50,0.53,9400,9450,9330,23893,224376240,138327000000,14700000
20181119,111870,삼본정밀전자,KOSDAQ,우량기업부,4225,170,4.19,4100,4225,4085,3041265,12686812665,192541700000,45572000
20181119,291230,삼성스팩2호,KOSDAQ,SPAC(소속부없음),2045,-5,-0.24,2045,2045,2035,11194,22830830,15439750000,7550000
20181119,009300,삼아제약,KOSDAQ,우량기업부,16950,550,3.35,16400,17000,16400,21814,365700700,107971500000,6370000
20181119,225190,삼양옵틱스,KOSDAQ,우량기업부,13800,50,0.36,13550,13800,13550,4101,56256100,138532680000,10038600
20181119,054540,삼영엠텍,KOSDAQ,중견기업부,3020,40,1.34,2990,3060,2985,101495,306770340,39260000000,13000000
20181119,065570,삼영이엔씨,KOSDAQ,중견기업부,5300,-30,-0.56,5330,5340,5170,32641,171635050,46640000000,8800000
20181119,082660,삼우엠스,KOSDAQ,벤처기업부,1020,22,2.20,998,1035,982,445950,450175535,42113803860,41288043
20181119,073640,삼원테크,KOSDAQ,관리종목(소속부없음),1970,-40,-1.99,2070,2070,1965,106584,211905055,100354061560,50941148
20181119,032280,삼일,KOSDAQ,중견기업부,2060,40,1.98,2020,2080,2000,61634,126365710,33399995400,16213590
20181119,002290,삼일기업공사,KOSDAQ,중견기업부,3275,40,1.24,3205,3280,3175,45590,146803000,40610000000,12400000
20181119,037460,삼지전자,KOSDAQ,벤처기업부,8790,90,1.03,8840,8850,8680,45105,395695440,143439808380,16318522
20181119,032750,삼진,KOSDAQ,중견기업부,5980,80,1.36,6220,6220,5910,15731,94587500,35880000000,6000000
20181119,054090,삼진엘앤디,KOSDAQ,벤처기업부,2310,165,7.69,2155,2310,2145,935867,2107581520,57655825920,24959232
20181119,000250,삼천당제약,KOSDAQ,우량기업부,38800,850,2.24,37950,38800,37600,273187,10448026400,857705544400,22105813
20181119,024950,삼천리자전거,KOSDAQ,우량기업부,6270,50,0.80,6300,6350,6160,10328,64600530,83225327790,13273577
20181119,038500,삼표시멘트,KOSDAQ,우량기업부,3790,180,4.99,3600,3790,3600,199347,742409650,406883685670,107357173
20181119,017480,삼현철강,KOSDAQ,우량기업부,4600,90,2.00,4485,4620,4485,29002,132885365,72233294000,15702890
20181119,046390,삼화네트웍스,KOSDAQ,벤처기업부,1425,10,0.71,1415,1425,1400,104795,148217275,61229304525,42967933
20181119,027580,상보,KOSDAQ,중견기업부,1780,5,0.28,1790,1820,1740,145147,256776670,50442681300,28338585
20181119,038540,상상인,KOSDAQ,우량기업부,17700,0,0.00,17700,17950,17500,147754,2613559350,845146626900,47748397
20181119,091580,상신이디피,KOSDAQ,벤처기업부,14600,50,0.34,15000,15150,14450,255348,3770577000,184909730000,12665050
20181119,263810,상신전자,KOSDAQ,중견기업부,7650,-170,-2.17,7770,7950,7650,114028,883188110,31048810200,4058668
20181119,089980,상아프론테크,KOSDAQ,우량기업부,12000,300,2.56,11850,12350,11850,181785,2200977850,171162432000,14263536
20181119,042940,상지카일룸,KOSDAQ,중견기업부,2360,-75,-3.08,2440,2440,2320,206740,489132635,86943476160,36840456
20181119,042600,새로닉스,KOSDAQ,우량기업부,4280,0,0.00,4370,4370,4145,29636,124782605,53172896720,12423574
20181119,263540,샘코,KOSDAQ,기술성장기업부,4560,60,1.33,4430,4650,4430,10576,47955475,36191265360,7936681
20181119,038070,서린바이오,KOSDAQ,중견기업부,9600,150,1.59,9450,9710,9430,20715,198220680,66244953600,6900516
20181119,006730,서부T&D,KOSDAQ,중견기업부,9220,-130,-1.39,9230,9360,9110,95023,876060640,478252528540,51871207
20181119,079650,서산,KOSDAQ,중견기업부,3150,30,0.96,3190,3200,3120,45974,144802110,63000000000,20000000
20181119,100660,서암기계공업,KOSDAQ,중견기업부,4000,140,3.63,3870,4075,3870,102026,406016300,50400000000,12600000
20181119,012860,서연전자,KOSDAQ,중견기업부,1410,15,1.08,1395,1440,1350,42381,58295340,38070000000,27000000
20181119,019770,서연탑메탈,KOSDAQ,중견기업부,2820,-60,-2.08,2985,2985,2820,113317,325311685,32853000000,11650000
20181119,043710,서울리거,KOSDAQ,중견기업부,2770,110,4.14,2650,2780,2650,67133,183279945,69569403160,25115308
20181119,046890,서울반도체,KOSDAQ,우량기업부,22350,500,2.29,21900,22850,21750,838275,18792029150,1303125690000,58305400
20181119,063170,서울옥션,KOSDAQ,중견기업부,13550,-100,-0.73,13850,14000,13300,343144,4663828300,229232125000,16917500
20181119,027040,서울전자통신,KOSDAQ,중견기업부,1340,130,10.74,1225,1420,1210,7628482,10203256745,86784143240,64764286
20181119,018680,서울제약,KOSDAQ,벤처기업부,7730,10,0.13,7720,7750,7600,7150,54994010,65592907270,8485499
20181119,093920,서원인텍,KOSDAQ,우량기업부,5100,185,3.76,4915,5150,4910,32328,163695725,94860000000,18600000
20181119,189860,서전기전,KOSDAQ,벤처기업부,4855,35,0.73,4825,4920,4730,520134,2513393200,47087576900,9698780
20181119,178320,서진시스템,KOSDAQ,벤처기업부,29800,200,0.68,29950,30500,29600,97242,2905230600,269699923400,9050333
20181119,122690,서진오토모티브,KOSDAQ,중견기업부,2320,45,1.98,2275,2355,2250,64912,150182835,45335690720,19541246
20181119,140070,서플러스글로벌,KOSDAQ,우량기업부,2940,-20,-0.68,2970,3030,2940,74157,219722265,108744720000,36988000
20181119,011370,서한,KOSDAQ,우량기업부,1850,-5,-0.27,1860,1865,1820,229572,424200110,186655500250,100894865
20181119,065710,서호전기,KOSDAQ,중견기업부,11900,550,4.85,11350,12050,11350,23512,276025300,61285000000,5150000
20181119,035890,서희건설,KOSDAQ,우량기업부,1235,5,0.41,1240,1260,1225,2343523,2902705850,214232665075,173467745
20181119,003100,선광,KOSDAQ,우량기업부,17550,200,1.15,17400,17800,17400,13260,232073750,115830000000,6600000
20181119,123420,선데이토즈,KOSDAQ,우량기업부,25400,-100,-0.39,25950,28050,25100,1517559,40494553600,243073986800,9569842
20181119,171090,선익시스템,KOSDAQ,우량기업부,8740,-120,-1.35,8930,9030,8670,142670,1249507740,78653838300,8999295
20181119,014620,성광벤드,KOSDAQ,중견기업부,11550,200,1.76,11550,12700,11350,502068,6016305850,330330000000,28600000
20181119,037350,성도이엔지,KOSDAQ,우량기업부,4890,10,0.20,4950,4980,4845,75738,370797275,75648300000,15470000
20181119,081580,성우전자,KOSDAQ,우량기업부,3020,75,2.55,2950,3020,2930,50849,152006860,46834591860,15508143
20181119,045300,성우테크론,KOSDAQ,벤처기업부,4280,90,2.15,4190,4300,4190,30553,130063645,38751355400,9054055
20181119,015750,성우하이텍,KOSDAQ,우량기업부,3540,35,1.00,3470,3545,3470,275282,969125910,283200000000,80000000
20181119,080470,성창오토텍,KOSDAQ,중견기업부,7420,30,0.41,7390,7510,7300,141069,1046455270,54166000000,7300000
20181119,043260,성호전자,KOSDAQ,벤처기업부,908,-11,-1.20,920,940,908,56018,51485696,26791576936,29506142
20181119,053060,세동,KOSDAQ,중견기업부,532,9,1.72,523,542,516,73371,38722882,11390652000,21411000
20181119,017510,세명전기,KOSDAQ,벤처기업부,6900,320,4.86,6800,6990,6650,215622,1480877800,105197400000,15246000
20181119,214310,세미콘라이트,KOSDAQ,투자주의환기종목(소속부없음),1225,70,6.06,1145,1295,1140,1509286,1842954485,80042335450,65340682
20181119,011560,세보엠이씨,KOSDAQ,우량기업부,8500,70,0.83,8500,8580,8300,71157,602657130,89505000000,10530000
20181119,100700,세운메디칼,KOSDAQ,우량기업부,3590,20,0.56,3570,3615,3560,111420,399446965,157242000000,43800000
20181119,234100,세원,KOSDAQ,벤처기업부,2170,5,0.23,2165,2295,2150,360842,802011480,48571077450,22382985
20181119,024830,세원물산,KOSDAQ,우량기업부,5350,60,1.13,5430,5430,5290,2825,15013430,44672500000,8350000
20181119,258830,세종메디칼,KOSDAQ,벤처기업부,13300,600,4.72,12550,13350,12450,20216,261886150,90143955300,6777741
20181119,036630,세종텔레콤,KOSDAQ,중견기업부,458,5,1.10,455,462,453,2333220,1066985503,274949365708,600326126
20181119,039310,세중,KOSDAQ,우량기업부,3450,150,4.55,3350,3510,3350,368382,1267441815,62519751150,18121667
20181119,067770,세진티에스,KOSDAQ,중견기업부,2860,-40,-1.38,2875,2935,2825,9423,26942605,24014255980,8396593
20181119,053450,세코닉스,KOSDAQ,우량기업부,7230,0,0.00,7310,7320,7100,92970,668179500,81329626530,11248911
20181119,252500,세화피앤씨,KOSDAQ,중견기업부,4610,70,1.54,4540,4655,4515,142669,652557645,95626128950,20743195
20181119,049180,셀루메드,KOSDAQ,벤처기업부,8860,300,3.50,8690,8960,8600,109087,961268270,180992177460,20428011
20181119,268600,셀리버리,KOSDAQ,기술성장기업부,24500,500,2.08,24050,25100,23800,395869,9713555900,175133864500,7148321
20181119,108860,셀바스AI,KOSDAQ,벤처기업부,4195,70,1.70,4135,4220,4095,101479,422325170,92524689275,22055945
20181119,208370,셀바스헬스케어,KOSDAQ,벤처기업부,3950,245,6.61,3705,4265,3670,728830,2937621140,51930930450,13147071
20181119,068760,셀트리온제약,KOSDAQ,벤처기업부,69600,5400,8.41,64500,77000,62200,2404342,168063523500,2369776087200,34048507
20181119,091990,셀트리온헬스케어,KOSDAQ,우량기업부,77500,4900,6.75,74300,78300,72600,2852022,215997710700,10890807547500,140526549
20181119,053110,소리바다,KOSDAQ,벤처기업부,1105,0,0.00,1105,1165,1095,746341,831372480,62274564560,56357072
20181119,032680,소프트센,KOSDAQ,중견기업부,1480,70,4.96,1425,1555,1400,482313,721098870,48439451320,32729359
20181119,032685,소프트센우,KOSDAQ,중견기업부,28400,-600,-2.07,28250,29750,27150,6502,181086850,4057138800,142857
20181119,066910,손오공,KOSDAQ,중견기업부,2535,195,8.33,2395,2645,2340,492304,1240158865,55506768135,21896161
20181119,043100,솔고바이오,KOSDAQ,중견기업부,413,5,1.23,408,419,408,2056576,852656715,66792749205,161725785
20181119,154040,솔루에타,KOSDAQ,중견기업부,3955,65,1.67,3890,3995,3815,49890,195393790,47802447630,12086586
20181119,035610,솔본,KOSDAQ,중견기업부,5200,190,3.79,5080,5200,5020,33010,169288150,142199184400,27345997
20181119,036830,솔브레인,KOSDAQ,우량기업부,51000,-200,-0.39,50800,51600,50300,58667,2972059200,887311821000,17398271
20181119,230980,솔트웍스,KOSDAQ,벤처기업부,5200,-210,-3.88,5410,5480,5160,196747,1043047590,55252111200,10625406
20181119,086980,쇼박스,KOSDAQ,우량기업부,3975,55,1.40,3900,3995,3885,113741,450727475,248835000000,62600000
20181119,050960,수산아이앤티,KOSDAQ,벤처기업부,6670,280,4.38,6390,7150,6390,32988,223048140,45029170000,6751000
20181119,084180,수성,KOSDAQ,관리종목(소속부없음),5820,0,0.00,0,0,0,0,0,63269452800,10871040
20181119,058530,슈펙스비앤피,KOSDAQ,중견기업부,1030,34,3.41,1000,1065,996,338387,347480954,60550935480,58787316
20181119,236200,슈프리마,KOSDAQ,벤처기업부,20150,700,3.60,19400,20250,19400,37110,743502150,142667500950,7080273
20181119,094840,슈프리마에이치큐,KOSDAQ,벤처기업부,6510,50,0.77,6460,6600,6400,38132,248509400,68171678400,10471840
20181119,192440,슈피겐코리아,KOSDAQ,우량기업부,43400,650,1.52,43200,43450,42050,1804,77329900,269790154200,6216363
20181119,099440,스맥,KOSDAQ,중견기업부,3255,5,0.15,3250,3310,3240,78812,257944500,88602675420,27220484
20181119,033790,스카이문스테크놀로지,KOSDAQ,벤처기업부,2595,0,0.00,2655,2655,2565,10692,27653330,44418874500,17117100
20181119,159910,스킨앤스킨,KOSDAQ,관리종목(소속부없음),635,-5,-0.78,641,652,629,672616,429131389,65243732225,102746035
20181119,115570,스타플렉스,KOSDAQ,중견기업부,4840,-10,-0.21,4845,4850,4800,663,3198075,31236072560,6453734
20181119,253450,스튜디오드래곤,KOSDAQ,중견기업부,107600,-1100,-1.01,108700,109900,106500,70683,7682562400,3016807024000,28037240
20181119,013810,스페코,KOSDAQ,중견기업부,3785,140,3.84,3650,3880,3650,173847,658802060,55470953950,14655470
20181119,039670,스포츠서울,KOSDAQ,중견기업부,1740,15,0.87,1725,1770,1690,786052,1363727505,61766245080,35497842
20181119,049830,승일,KOSDAQ,우량기업부,8050,50,0.63,8000,8050,7940,3779,30260960,49363501600,6132112
20181119,020710,시공테크,KOSDAQ,우량기업부,6160,60,0.98,6140,6180,6100,14500,88943370,123495495200,20047970
20181119,033170,시그네틱스,KOSDAQ,중견기업부,805,4,0.50,817,817,800,92575,74463045,69011296795,85728319
20181119,048870,시너지이노베이션,KOSDAQ,중견기업부,2600,140,5.69,2500,2645,2430,1071736,2761550455,148395122200,57075047
20181119,025320,시노펙스,KOSDAQ,중견기업부,2880,240,9.09,2665,2965,2625,4098660,11746110440,202023066240,70146898
20181119,269620,시스웍,KOSDAQ,벤처기업부,2225,40,1.83,2200,2245,2175,34707,76796740,40050000000,18000000
20181119,131090,시큐브,KOSDAQ,벤처기업부,1560,245,18.63,1315,1650,1310,11328324,17588973935,56160000000,36000000
20181119,001000,신라섬유,KOSDAQ,중견기업부,2350,55,2.40,2330,2360,2295,86802,203158625,57052219000,24277540
20181119,025870,신라에스지,KOSDAQ,중견기업부,4905,115,2.40,4835,4955,4750,8531,41370815,19620000000,4000000
20181119,215600,신라젠,KOSDAQ,기술성장기업부,75800,4100,5.72,72500,75900,72300,1954191,145338121000,5292131101400,69817033
20181119,065350,신성델타테크,KOSDAQ,우량기업부,3490,90,2.65,3450,3490,3370,61304,209493270,77089029030,22088547
20181119,056000,신스타임즈,KOSDAQ,중견기업부,2220,75,3.50,2270,2270,2130,7723,17042620,31116852000,14016600
20181119,002800,신신제약,KOSDAQ,우량기업부,8300,-60,-0.72,8420,8690,8300,856636,7261279510,125915150000,15170500
20181119,017000,신원종합개발,KOSDAQ,벤처기업부,3480,35,1.02,3470,3555,3420,18379,63719960,35036733960,10068027
20181119,012790,신일제약,KOSDAQ,중견기업부,9960,190,1.94,9720,9990,9720,36153,355155670,78684000000,7900000
20181119,138070,신진에스엠,KOSDAQ,중견기업부,5630,30,0.54,5660,5660,5580,1176,6596800,50513390290,8972183
20181119,257730,신한제3호스팩,KOSDAQ,SPAC(소속부없음),2100,5,0.24,2100,2100,2095,4,8395,7360500000,3505000
20181119,277480,신한제4호스팩,KOSDAQ,SPAC(소속부없음),2050,5,0.24,2050,2050,2050,500,1025000,12320500000,6010000
20181119,056700,신화인터텍,KOSDAQ,중견기업부,1655,15,0.91,1635,1665,1635,14858,24501250,48218575605,29135091
20181119,187270,신화콘텍,KOSDAQ,벤처기업부,3030,60,2.02,2970,3030,2970,33799,101887955,30735850350,10143845
20181119,243840,신흥에스이씨,KOSDAQ,우량기업부,42950,2800,6.97,40550,43300,40550,96054,4034284500,281394784850,6551683
20181119,108320,실리콘웍스,KOSDAQ,우량기업부,37300,-50,-0.13,37000,37400,36700,56158,2088214800,606658390000,16264300
20181119,222800,심텍,KOSDAQ,우량기업부,7460,80,1.08,7420,7500,7320,69685,515918750,169737074140,22752959
20181119,036710,심텍홀딩스,KOSDAQ,우량기업부,1975,5,0.25,1990,1990,1945,15826,31340610,68919270175,34895833
20181119,160980,싸이맥스,KOSDAQ,우량기업부,7690,0,0.00,7700,7750,7670,55991,431362930,81331700860,10576294
20181119,010280,쌍용정보통신,KOSDAQ,관리종목(소속부없음),1085,50,4.83,1030,1085,1030,450487,478965075,43903476890,40464034
20181119,122800,썬텍,KOSDAQ,관리종목(소속부없음),1000,0,0.00,0,0,0,0,0,35153085000,35153085
20181119,208640,썸에이지,KOSDAQ,중견기업부,1470,-5,-0.34,1490,1515,1450,820422,1224085930,112131874890,76280187
20181119,222420,쎄노텍,KOSDAQ,중견기업부,2180,5,0.23,2175,2220,2165,602860,1321341020,85420934700,39183915
20181119,037760,쎄니트,KOSDAQ,중견기업부,2070,30,1.47,2035,2085,2035,127464,262992060,70034146470,33832921
20181119,136510,쎄미시스코,KOSDAQ,벤처기업부,8070,0,0.00,8060,8070,7970,13600,108900150,43578000000,5400000
20181119,099320,쎄트렉아이,KOSDAQ,벤처기업부,25550,1250,5.14,24500,25650,23900,18432,462716200,93512744500,3659990
20181119,049960,쎌바이오텍,KOSDAQ,우량기업부,28150,1250,4.65,26800,28400,26800,50292,1397486150,264610000000,9400000
20181119,050890,쏠리드,KOSDAQ,중견기업부,3150,120,3.96,3030,3150,3030,197493,612760565,120952625850,38397659
20181119,066790,씨씨에스,KOSDAQ,관리종목(소속부없음),423,0,0.00,0,0,0,0,0,36193713705,85564335
20181119,222080,씨아이에스,KOSDAQ,벤처기업부,2520,5,0.20,2500,2545,2480,1170691,2932674580,135134256600,53624705
20181119,264660,씨앤지하이테크,KOSDAQ,벤처기업부,10500,150,1.45,10500,10550,10200,16880,175293100,44128770000,4202740
20181119,115530,씨엔플러스,KOSDAQ,관리종목(소속부없음),839,0,0.00,0,0,0,0,0,35809930359,42681681
20181119,225330,씨엠에스에듀,KOSDAQ,우량기업부,6750,30,0.45,6670,6780,6670,5742,38713220,127897434000,18947768
20181119,115480,씨유메디칼,KOSDAQ,벤처기업부,2760,70,2.60,2670,2770,2670,99835,272326595,43859102040,15890979
20181119,096530,씨젠,KOSDAQ,우량기업부,17750,750,4.41,17050,17900,16900,302153,5278180100,465653855000,26234020
20181119,900120,씨케이에이치,KOSDAQ,외국기업(소속부없음),442,3,0.68,436,450,432,310132,136722314,48798769994,110404457
20181119,101240,씨큐브,KOSDAQ,벤처기업부,5990,-10,-0.17,6010,6100,5920,10143,60281150,48222141590,8050441
20181119,047920,씨트리,KOSDAQ,기술성장기업부,4870,75,1.56,4820,4920,4705,448133,2160394290,67441576510,13848373
20181119,060590,씨티씨바이오,KOSDAQ,중견기업부,9160,570,6.64,8530,9510,8530,161495,1481886610,176884381520,19310522
20181119,036170,씨티젠,KOSDAQ,중견기업부,3655,155,4.43,3580,3670,3525,211818,766938930,95961385375,26254825
20181119,260930,씨티케이코스메틱스,KOSDAQ,벤처기업부,22350,-300,-1.32,22700,22950,22100,4642,104138450,226230074850,10122151
20181119,013990,아가방컴퍼니,KOSDAQ,중견기업부,4110,260,6.75,3880,4170,3880,1416802,5776611730,135167772960,32887536
20181119,123860,아나패스,KOSDAQ,벤처기업부,17300,0,0.00,17150,17500,16900,24399,418765800,175209210000,10127700
20181119,025980,아난티,KOSDAQ,우량기업부,9630,480,5.25,9450,9900,9360,3030965,29326031130,792750411450,82320915
20181119,058220,아리온,KOSDAQ,중견기업부,1125,0,0.00,1120,1140,1110,671760,755426985,100648845000,89465640
20181119,052710,아모텍,KOSDAQ,우량기업부,19700,300,1.55,19450,19750,19350,59299,1159041650,191945098200,9743406
20181119,074430,아미노로직스,KOSDAQ,벤처기업부,1840,35,1.94,1810,1840,1770,150065,272023590,161601392960,87826844
20181119,092040,아미코젠,KOSDAQ,기술성장기업부,30750,50,0.16,30350,31100,30350,77858,2389815100,590138932500,19191510
20181119,083930,아바코,KOSDAQ,우량기업부,6030,10,0.17,6060,6080,5970,53375,321393110,96458925150,15996505
20181119,149950,아바텍,KOSDAQ,우량기업부,5520,280,5.34,5300,5550,5260,43153,235160150,86153400000,15607500
20181119,036010,아비코전자,KOSDAQ,우량기업부,6140,40,0.66,6100,6300,6100,84294,520195700,81618614760,13292934
20181119,050860,아세아텍,KOSDAQ,우량기업부,2920,35,1.21,2885,2980,2885,25606,74940100,51100000000,17500000
20181119,246720,아스타,KOSDAQ,기술성장기업부,9250,-90,-0.96,9500,9500,9060,44175,406185140,106213337750,11482523
20181119,067390,아스트,KOSDAQ,우량기업부,10450,-150,-1.42,10600,10750,10350,123981,1305499250,164222763650,15715097
20181119,127710,아시아경제,KOSDAQ,중견기업부,2325,10,0.43,2320,2365,2320,61759,144738900,58692369750,25244030
20181119,154030,아시아종묘,KOSDAQ,기술성장기업부,6080,90,1.50,6130,6170,6000,444388,2700273180,56030477120,9215539
20181119,227610,아우딘퓨쳐스,KOSDAQ,벤처기업부,16450,200,1.23,16200,16750,15950,129969,2131594350,164500000000,10000000
20181119,143160,아이디스,KOSDAQ,우량기업부,25050,-950,-3.65,26000,26250,24550,236385,5969957950,268445569500,10716390
20181119,054800,아이디스홀딩스,KOSDAQ,우량기업부,13750,50,0.36,13600,13750,13500,8180,111764150,142281645000,10347756
20181119,060570,아이리버,KOSDAQ,중견기업부,7040,-110,-1.54,7070,7110,7010,143976,1015728390,391130284160,55558279
20181119,099190,아이센스,KOSDAQ,우량기업부,23300,150,0.65,23150,23350,22700,56000,1288752600,320077645400,13737238
20181119,214430,아이쓰리시스템,KOSDAQ,우량기업부,19000,-150,-0.78,19300,19300,18800,35019,664819400,135028440000,7106760
20181119,040910,아이씨디,KOSDAQ,우량기업부,8140,30,0.37,8090,8230,8080,32170,262310750,135990885580,16706497
20181119,068940,아이씨케이,KOSDAQ,중견기업부,1440,-5,-0.35,1465,1500,1435,813140,1196666390,44898799680,31179722
20181119,052860,아이앤씨,KOSDAQ,벤처기업부,3450,20,0.58,3470,3470,3375,32432,110745795,54473906100,15789538
20181119,069920,아이에스이커머스,KOSDAQ,벤처기업부,4180,-15,-0.36,4190,4280,4120,44351,186686035,106648908740,25514093
20181119,038880,아이에이,KOSDAQ,벤처기업부,2635,5,0.19,2665,2665,2590,67081,175883375,108794038100,41288060
20181119,101390,아이엠,KOSDAQ,중견기업부,1365,80,6.23,1290,1375,1280,1113238,1497315200,51285792285,37572009
20181119,226350,아이엠텍,KOSDAQ,중견기업부,1670,30,1.83,1675,1680,1605,131644,216814695,34193293420,20475026
20181119,078860,아이오케이,KOSDAQ,중견기업부,1980,-10,-0.50,1990,2015,1940,42371,83439465,78700380660,39747667
20181119,114810,아이원스,KOSDAQ,우량기업부,9360,-310,-3.21,9670,9670,9290,64028,601548000,125573001840,13415919
20181119,031310,아이즈비전,KOSDAQ,중견기업부,4850,-240,-4.72,5080,5080,4835,441790,2180422845,76496983900,15772574
20181119,185490,아이진,KOSDAQ,기술성장기업부,19350,150,0.78,19450,19750,19150,64106,1242799550,212716330200,10993092
20181119,059100,아이컴포넌트,KOSDAQ,벤처기업부,6880,30,0.44,6980,6980,6870,12027,83150760,48647516800,7070860
20181119,175250,아이큐어,KOSDAQ,기술성장기업부,40100,-50,-0.12,40450,40550,39500,87128,3479096900,245553071800,6123518
20181119,052460,아이크래프트,KOSDAQ,중견기업부,2590,-110,-4.07,2610,2620,2505,88960,228102655,20859777120,8053968
20181119,119830,아이텍반도체,KOSDAQ,중견기업부,14700,150,1.03,14600,14900,14300,32006,466070300,93801376200,6381046
20181119,124500,아이티센,KOSDAQ,중견기업부,4330,5,0.12,4355,4450,4275,63908,276261970,67983953060,15700682
20181119,032080,아즈텍WB,KOSDAQ,중견기업부,1775,-15,-0.84,1770,1800,1730,74556,131596990,37127114100,20916684
20181119,013310,아진산업,KOSDAQ,우량기업부,1930,25,1.31,1955,1955,1890,68172,130829200,57383889050,29732585
20181119,059120,아진엑스텍,KOSDAQ,벤처기업부,7600,-70,-0.91,7670,7720,7550,12671,96519850,52788954000,6945915
20181119,066410,아컴스튜디오,KOSDAQ,투자주의환기종목(소속부없음),725,-27,-3.59,750,759,714,921218,671805242,48746029675,67235903
20181119,023890,아트라스BX,KOSDAQ,우량기업부,53400,-400,-0.74,53800,54200,52900,2247,120207000,488610000000,9150000
20181119,067160,아프리카TV,KOSDAQ,우량기업부,41800,650,1.58,41100,42950,41100,215797,9058335100,480481260600,11494767
20181119,001540,안국약품,KOSDAQ,우량기업부,10850,150,1.40,10800,10900,10200,29620,315278650,141510257000,13042420
20181119,053800,안랩,KOSDAQ,우량기업부,43950,1250,2.93,42600,43950,42600,43741,1899094050,440108927250,10013855
20181119,065660,안트로젠,KOSDAQ,기술성장기업부,73700,900,1.24,72800,74400,72000,85549,6246557000,622009648700,8439751
20181119,260660,알리코제약,KOSDAQ,중견기업부,13350,450,3.49,12950,13450,12850,92459,1220331750,128100926250,9595575
20181119,131370,알서포트,KOSDAQ,벤처기업부,2050,45,2.24,2040,2060,1990,119548,241000615,109197520150,53267083
20181119,140670,알에스오토메이션,KOSDAQ,우량기업부,10600,150,1.44,10550,10700,10450,24744,261451750,96493284000,9103140
20181119,096610,알에프세미,KOSDAQ,중견기업부,5560,210,3.93,5350,5620,5270,198547,1091361480,45152593200,8120970
20181119,061040,알에프텍,KOSDAQ,우량기업부,5280,40,0.76,5270,5340,5200,131849,692263020,100584000000,19050000
20181119,148250,알엔투테크놀로지,KOSDAQ,중견기업부,9360,-310,-3.21,9680,9760,9210,54944,514962690,59238897120,6328942
20181119,196170,알테오젠,KOSDAQ,기술성장기업부,31400,900,2.95,31000,31400,30300,69174,2136867800,396997422000,12643230
20181119,123750,알톤스포츠,KOSDAQ,중견기업부,4800,110,2.35,4755,4900,4690,22396,106985835,61182225600,12746297
20181119,085810,알티캐스트,KOSDAQ,중견기업부,3245,30,0.93,3205,3275,3185,35003,113124300,68869154200,21223160
20181119,117670,알파홀딩스,KOSDAQ,중견기업부,11400,100,0.88,11450,11700,11300,134286,1537608900,149846616000,13144440
20181119,196300,애니젠,KOSDAQ,기술성장기업부,14700,250,1.73,14350,15100,14350,94093,1389341700,73737625500,5016165
20181119,205500,액션스퀘어,KOSDAQ,중견기업부,2975,685,29.91,2330,2975,2320,2527530,7423185320,78794305975,26485481
20181119,052790,액토즈소프트,KOSDAQ,중견기업부,10250,1050,11.41,9200,11200,9200,215035,2248164300,116139039500,11330638
20181119,131400,액트,KOSDAQ,중견기업부,3155,0,0.00,3150,3195,3120,23344,73567490,54792137265,17366763
20181119,290740,액트로,KOSDAQ,벤처기업부,13250,100,0.76,13200,13550,13000,18764,249445550,66250715500,5000054
20181119,238090,앤디포스,KOSDAQ,우량기업부,17750,-1500,-7.79,19400,19400,17450,879135,15805420500,267474128750,15068965
20181119,174900,앱클론,KOSDAQ,기술성장기업부,45200,1800,4.15,43450,45600,43450,92901,4146461400,321349400000,7109500
20181119,255440,야스,KOSDAQ,우량기업부,17650,-500,-2.75,18200,18250,17600,43423,770526900,230473700000,13058000
20181119,030960,양지사,KOSDAQ,중견기업부,9080,150,1.68,8950,9100,8810,66094,596159080,145098400000,15980000
20181119,102120,어보브반도체,KOSDAQ,벤처기업부,4680,45,0.97,4615,4695,4615,27574,128803735,81711176040,17459653
20181119,041590,에너전트,KOSDAQ,중견기업부,1850,-5,-0.27,1795,1865,1790,77808,143279520,82278361500,44474790
20181119,019990,에너토크,KOSDAQ,중견기업부,4050,-40,-0.98,4090,4180,3980,86377,351367545,39512156400,9756088
20181119,041440,에버다임,KOSDAQ,우량기업부,6130,50,0.82,6090,6200,6050,31471,192639840,109824736720,17915944
20181119,038680,에스넷,KOSDAQ,중견기업부,3915,85,2.22,3830,3940,3800,18434,71572265,62934466725,16075215
20181119,217480,에스디생명공학,KOSDAQ,우량기업부,9730,0,0.00,9940,9940,9680,243719,2384315210,218098592180,22415066
20181119,121890,에스디시스템,KOSDAQ,벤처기업부,1995,125,6.68,1915,2010,1875,31253,60984645,17481542610,8762678
20181119,030270,에스마크,KOSDAQ,투자주의환기종목(소속부없음),95,2,2.15,94,96,93,3104021,292004861,14369132470,151254026
20181119,097780,에스맥,KOSDAQ,중견기업부,1145,5,0.44,1135,1175,1130,1977362,2274264765,252974323730,220938274
20181119,073070,에스모,KOSDAQ,우량기업부,7720,220,2.93,7640,7820,7570,1340987,10341655070,675564655000,87508375
20181119,042110,에스씨디,KOSDAQ,우량기업부,1060,30,2.91,1040,1060,1030,114033,118987050,51229337840,48329564
20181119,065420,에스아이리소스,KOSDAQ,중견기업부,625,-1,-0.16,628,632,615,194776,121881016,33019371875,52830995
20181119,103230,에스앤더블류,KOSDAQ,중견기업부,14850,-200,-1.33,15250,15500,14800,101558,1528952450,106920000000,7200000
20181119,900080,에스앤씨엔진그룹,KOSDAQ,외국기업(소속부없음),698,-5,-0.71,703,704,693,203123,141851657,80437289660,115239670
20181119,101490,에스앤에스텍,KOSDAQ,우량기업부,3545,100,2.90,3480,3555,3435,29228,101687330,69961748395,19735331
20181119,095910,에스에너지,KOSDAQ,중견기업부,5510,40,0.73,5490,5530,5440,30650,168003120,73637408710,13364321
20181119,275630,에스에스알,KOSDAQ,벤처기업부,10800,-300,-2.70,11200,11200,10800,66693,729839950,61155723600,5662567
20181119,031330,에스에이엠티,KOSDAQ,우량기업부,1725,10,0.58,1715,1735,1700,221010,379336785,172491490575,99995067
20181119,060540,에스에이티,KOSDAQ,벤처기업부,1990,45,2.31,1945,2000,1945,75427,149359725,52005278940,26133306
20181119,112240,에스에프씨,KOSDAQ,중견기업부,3875,50,1.31,3865,4005,3855,471822,1854124640,170429606750,43981834
20181119,056190,에스에프에이,KOSDAQ,우량기업부,41300,-500,-1.20,41800,42400,40850,141423,5866562300,1483031788000,35908760
20181119,080000,에스엔유,KOSDAQ,벤처기업부,2445,20,0.82,2420,2495,2415,32404,79519285,83919417150,34322870
20181119,160600,에스엔텍,KOSDAQ,벤처기업부,6080,-30,-0.49,6130,6160,6020,97724,593504600,71470795200,11755065
20181119,263920,에스엔피월드,KOSDAQ,중견기업부,9420,-630,-6.27,9980,10000,9000,196265,1869663060,74197383600,7876580
20181119,041510,에스엠,KOSDAQ,우량기업부,54000,0,0.00,53500,54200,53000,185613,9957700200,1242737154000,23013651
20181119,007820,에스엠코어,KOSDAQ,중견기업부,9710,-60,-0.61,9700,9850,9620,84922,826100850,194529615660,20033946
20181119,109610,에스와이패널,KOSDAQ,우량기업부,5710,-120,-2.06,5840,6000,5620,502162,2913166780,142460662880,24949328
20181119,080440,에스제이케이,KOSDAQ,투자주의환기종목(소속부없음),3440,45,1.33,3315,3515,3315,22588,76646345,24755375200,7196330
20181119,096630,에스코넥,KOSDAQ,우량기업부,1555,30,1.97,1515,1565,1515,113651,175523135,101488200820,65265724
20181119,069510,에스텍,KOSDAQ,우량기업부,10300,50,0.49,10250,10450,10150,13892,142728700,112373000000,10910000
20181119,041910,에스텍파마,KOSDAQ,중견기업부,9290,310,3.45,9000,9290,9000,101991,936742220,110534863270,11898263
20181119,234300,에스트래픽,KOSDAQ,중견기업부,10100,410,4.23,9870,10250,9770,113478,1138000330,120403918000,11921180
20181119,039440,에스티아이,KOSDAQ,우량기업부,9930,-20,-0.20,10050,10100,9870,87152,869854600,157191900000,15830000
20181119,098660,에스티오,KOSDAQ,중견기업부,2670,35,1.33,2625,2730,2605,4329,11497875,22575234480,8455144
20181119,052020,에스티큐브,KOSDAQ,중견기업부,19500,750,4.00,18950,19750,18750,253154,4876582150,520857499500,26710641
20181119,237690,에스티팜,KOSDAQ,우량기업부,21900,0,0.00,22350,22350,21750,86497,1890527600,408566400000,18656000
20181119,050760,에스폴리텍,KOSDAQ,중견기업부,1740,-5,-0.29,1715,1790,1715,14906,25899415,28422339720,16334678
20181119,288620,에스퓨얼셀,KOSDAQ,중견기업부,23050,-150,-0.65,23450,23650,22800,54448,1263426650,132406483800,5744316
20181119,058610,에스피지,KOSDAQ,우량기업부,7610,180,2.42,7460,7900,7350,265213,2021416880,158873779750,20876975
20181119,043340,에쎈테크,KOSDAQ,중견기업부,932,14,1.53,924,944,918,140392,131198317,67104000000,72000000
20181119,054630,에이디칩스,KOSDAQ,벤처기업부,1660,50,3.11,1610,1680,1610,252302,416619280,40989000540,24692169
20181119,200710,에이디테크놀로지,KOSDAQ,벤처기업부,13500,-150,-1.10,13850,13900,13050,685969,9189132550,124912516500,9252779
20181119,003800,에이스침대,KOSDAQ,중견기업부,23150,50,0.22,23300,23300,22550,12475,286033600,256733500000,11090000
20181119,088800,에이스테크,KOSDAQ,중견기업부,4180,-10,-0.24,4190,4280,4130,200053,840386275,142625587720,34120954
20181119,138360,에이씨티,KOSDAQ,벤처기업부,5870,70,1.21,5810,6030,5790,152845,893174070,160064533580,27268234
20181119,039230,에이아이비트,KOSDAQ,중견기업부,1215,65,5.65,1155,1215,1115,377516,438896870,64973061765,53475771
20181119,050320,에이앤티앤,KOSDAQ,관리종목(소속부없음),3220,0,0.00,0,0,0,0,0,72970870420,22661761
20181119,072990,에이치시티,KOSDAQ,중견기업부,10000,0,0.00,9900,10300,9900,6459,65433910,45799340000,4579934
20181119,176440,에이치엔티,KOSDAQ,벤처기업부,3410,-80,-2.29,3490,3520,3385,42193,145777820,45701502000,13402200
20181119,028300,에이치엘비,KOSDAQ,중견기업부,86100,2400,2.87,85000,86700,83800,739548,63032961500,3366703725000,39102250
20181119,067630,에이치엘비생명과학,KOSDAQ,중견기업부,17850,200,1.13,17650,18050,17450,546432,9698484550,647930456250,36298625
20181119,043220,에이치엘비파워,KOSDAQ,중견기업부,998,-2,-0.20,980,1025,980,106184,106072499,59399826272,59518864
20181119,239610,에이치엘사이언스,KOSDAQ,벤처기업부,39900,0,0.00,40300,40300,39250,20456,812386350,205171705200,5142148
20181119,044780,에이치케이,KOSDAQ,벤처기업부,1370,5,0.37,1365,1410,1365,27839,38521385,25284428190,18455787
20181119,033600,에이코넬,KOSDAQ,중견기업부,2485,-130,-4.97,2580,2615,2420,1650980,4157983760,35919904650,14454690
20181119,071670,에이테크솔루션,KOSDAQ,중견기업부,7540,130,1.75,7420,7550,7330,25381,190356170,75400000000,10000000
20181119,045660,에이텍,KOSDAQ,벤처기업부,6680,-440,-6.18,6700,6880,6500,433997,2892282640,55176800000,8260000
20181119,224110,에이텍티앤,KOSDAQ,벤처기업부,7800,-220,-2.74,7800,7870,7620,32176,249098840,41652000000,5340000
20181119,021080,에이티넘인베스트,KOSDAQ,벤처기업부,2265,60,2.72,2210,2265,2175,462065,1023823035,108720000000,48000000
20181119,089530,에이티세미콘,KOSDAQ,투자주의환기종목(소속부없음),602,13,2.21,605,609,589,175687,105307123,39944613156,66353178
20181119,182400,에이티젠,KOSDAQ,기술성장기업부,14750,200,1.37,14400,14900,14350,71947,1051359000,365577142250,24784891
20181119,109960,에이프로젠 H&G,KOSDAQ,중견기업부,940,33,3.64,907,941,907,328671,304426990,167973503980,178695217
20181119,089970,에이피티씨,KOSDAQ,벤처기업부,5090,80,1.60,5140,5250,5040,82364,423788810,118264088550,23234595
20181119,214870,에치디프로,KOSDAQ,중견기업부,3995,170,4.44,3860,4200,3840,506351,2018687085,58148854960,14555408
20181119,230240,에치에프알,KOSDAQ,중견기업부,2190,85,4.04,2105,2215,2105,311181,678359410,129013127760,58910104
20181119,064510,에코마이스터,KOSDAQ,기술성장기업부,10100,850,9.19,9650,10500,9530,2191424,22038493470,127857990700,12659207
20181119,230360,에코마케팅,KOSDAQ,중견기업부,13100,-250,-1.87,13500,13500,13000,140290,1849456000,212206074700,16198937
20181119,038870,에코바이오,KOSDAQ,중견기업부,4715,105,2.28,4750,4750,4590,12317,57313315,54352124780,11527492
20181119,086520,에코프로,KOSDAQ,중견기업부,36550,150,0.41,36500,37100,36250,369155,13492410300,807396481050,22090191
20181119,038110,에코플라스틱,KOSDAQ,중견기업부,1210,30,2.54,1185,1220,1180,226445,271577820,31059937700,25669370
20181119,073540,에프알텍,KOSDAQ,벤처기업부,2605,20,0.77,2585,2640,2585,14140,36786305,29697000000,11400000
20181119,064090,에프앤리퍼블릭,KOSDAQ,중견기업부,1995,50,2.57,1945,2110,1945,1186473,2413394880,119228056815,59763437
20181119,036810,에프에스티,KOSDAQ,우량기업부,4510,-30,-0.66,4535,4535,4420,87590,390436860,91254501140,20233814
20181119,173940,에프엔씨엔터,KOSDAQ,중견기업부,7210,-90,-1.23,7300,7400,7050,43337,312686210,103570784800,14364880
20181119,083500,에프엔에스테크,KOSDAQ,벤처기업부,4035,-35,-0.86,4070,4130,4000,14654,59337370,28307481975,7015485
20181119,065160,에프티이앤이,KOSDAQ,투자주의환기종목(소속부없음),87,0,0.00,0,0,0,0,0,5915212737,67990951
20181119,054940,엑사이엔씨,KOSDAQ,벤처기업부,1210,30,2.54,1180,1210,1180,62518,74764155,40139993080,33173548
20181119,950130,엑세스바이오,KOSDAQ,외국기업(소속부없음),4190,125,3.08,4110,4230,4045,50976,211182235,113402056700,27064930
20181119,205100,엑셈,KOSDAQ,벤처기업부,2970,0,0.00,2970,3000,2910,56215,167012885,98750605140,33249362
20181119,092870,엑시콘,KOSDAQ,우량기업부,6060,-80,-1.30,6140,6150,5920,21056,126935020,53834010000,8883500
20181119,067570,엔브이에이치코리아,KOSDAQ,우량기업부,2330,35,1.53,2285,2340,2255,9925,23027345,66922777260,28722222
20181119,101400,엔시트론,KOSDAQ,벤처기업부,696,-5,-0.71,700,702,683,288396,198930868,72024447096,103483401
20181119,217820,엔에스,KOSDAQ,벤처기업부,10250,870,9.28,9380,10400,9380,75538,761918770,50225000000,4900000
20181119,031860,엔에스엔,KOSDAQ,중견기업부,1645,30,1.86,1600,1645,1595,64067,104367065,34664433580,21072604
20181119,256630,엔에이치스팩10호,KOSDAQ,SPAC(소속부없음),2040,5,0.25,2040,2040,2030,10805,22021980,14280000000,7000000
20181119,256840,엔에이치스팩11호,KOSDAQ,SPAC(소속부없음),2040,0,0.00,2045,2045,2040,6991,14261645,13933200000,6830000
20181119,273060,엔에이치스팩12호,KOSDAQ,SPAC(소속부없음),2030,-10,-0.49,2040,2040,2030,5000,10170000,15245300000,7510000
20181119,208860,엔지스테크널러지,KOSDAQ,벤처기업부,6890,-240,-3.37,6840,7000,6710,79199,539018710,64638810600,9381540
20181119,183490,엔지켐생명과학,KOSDAQ,기술성장기업부,106900,5000,4.91,103000,107500,100500,97571,10239369000,820749550800,7677732
20181119,206400,엔터메이트,KOSDAQ,중견기업부,2150,0,0.00,2150,2180,2110,109531,234287190,95024502450,44197443
20181119,069410,엔텔스,KOSDAQ,벤처기업부,11000,1180,12.02,9910,11450,9820,136675,1488179660,75891497000,6899227
20181119,048830,엔피케이,KOSDAQ,중견기업부,1795,35,1.99,1760,1820,1760,83305,148926800,33609441785,18723923
20181119,096870,엘디티,KOSDAQ,벤처기업부,3200,20,0.63,3170,3485,3120,171235,571436000,21370880000,6678400
20181119,061970,엘비세미콘,KOSDAQ,우량기업부,3940,70,1.81,3905,3985,3895,1279948,5040087530,172511292480,43784592
20181119,138690,엘아이에스,KOSDAQ,중견기업부,12550,100,0.80,12350,12650,12300,64976,812723300,193581039200,15424784
20181119,290650,엘앤씨바이오,KOSDAQ,벤처기업부,20850,-200,-0.95,20900,21450,20700,219223,4600002450,150835822200,7234332
20181119,066970,엘앤에프,KOSDAQ,우량기업부,37700,-1150,-2.96,39000,39400,37250,438138,16602414200,933364347500,24757675
20181119,156100,엘앤케이바이오,KOSDAQ,중견기업부,8210,-40,-0.48,8450,8450,8130,122189,1007945380,88493422560,10778736
20181119,073110,엘엠에스,KOSDAQ,벤처기업부,6150,100,1.65,6020,6220,6020,42132,258128380,54708893250,8895755
20181119,083310,엘오티베큠,KOSDAQ,우량기업부,7650,40,0.53,7700,7740,7530,32753,249848330,101425658400,13258256
20181119,037950,엘컴텍,KOSDAQ,우량기업부,1660,25,1.53,1640,1660,1610,1054669,1721158765,140182881540,84447519
20181119,170920,엘티씨,KOSDAQ,벤처기업부,11050,50,0.45,11050,11250,10950,31529,349488300,83095370150,7519943
20181119,058630,엠게임,KOSDAQ,벤처기업부,2645,-35,-1.31,2725,2780,2620,69362,185667715,51693554665,19543877
20181119,019590,엠벤처투자,KOSDAQ,투자주의환기종목(소속부없음),587,0,0.00,0,0,0,0,0,69547815765,118480095
20181119,097520,엠씨넥스,KOSDAQ,중견기업부,14650,-850,-5.48,15500,15800,14450,339559,5100384500,134727113500,9196390
20181119,009780,엠에스씨,KOSDAQ,우량기업부,7130,180,2.59,6970,7300,6920,36191,256836400,125488000000,17600000
20181119,123040,엠에스오토텍,KOSDAQ,우량기업부,1985,40,2.06,1950,2000,1940,22937,45012310,54001968670,27205022
20181119,032790,엠젠플러스,KOSDAQ,벤처기업부,8430,-50,-0.59,8490,8750,8330,94329,801684380,122833884060,14571042
20181119,033160,엠케이전자,KOSDAQ,우량기업부,8570,-40,-0.46,8620,8650,8470,33286,284546360,186891894730,21807689
20181119,204020,엠코르셋,KOSDAQ,중견기업부,9880,-50,-0.50,10050,10300,9880,63417,635401090,99528304200,10073715
20181119,259630,엠플러스,KOSDAQ,벤처기업부,17150,0,0.00,16950,17550,16950,23959,415934200,87668913500,5111890
20181119,115960,연우,KOSDAQ,우량기업부,21550,0,0.00,21450,21950,21250,63597,1374189300,267176900000,12398000
20181119,090740,연이정보통신,KOSDAQ,중견기업부,2260,45,2.03,2270,2270,2200,45322,101749395,36160000000,16000000
20181119,007530,영신금속,KOSDAQ,중견기업부,1700,25,1.49,1670,1710,1640,391459,655298455,21816045600,12832968
20181119,143540,영우디에스피,KOSDAQ,벤처기업부,2150,30,1.42,2160,2160,2055,24976,52573600,26218101900,12194466
20181119,036180,영인프런티어,KOSDAQ,중견기업부,5370,-70,-1.29,5410,5600,5310,147772,801058040,94513831170,17600341
20181119,036560,영풍정밀,KOSDAQ,우량기업부,7110,-40,-0.56,7190,7190,7090,24808,176530740,111982500000,15750000
20181119,265560,영화테크,KOSDAQ,벤처기업부,8290,180,2.22,8120,8290,7900,9897,80441400,44310796100,5345090
20181119,036000,예림당,KOSDAQ,중견기업부,5820,40,0.69,5810,5870,5780,130902,761849630,134059492140,23034277
20181119,053280,예스24,KOSDAQ,중견기업부,4710,30,0.64,4675,4710,4645,17193,80493680,81012000000,17200000
20181119,122640,예스티,KOSDAQ,우량기업부,7820,-140,-1.76,7980,7980,7810,23618,185916380,86034349700,11001835
20181119,900300,오가닉티코스메틱,KOSDAQ,외국기업(소속부없음),3085,-60,-1.91,3170,3250,3030,254864,787653330,175613625000,56925000
20181119,045060,오공,KOSDAQ,중견기업부,3410,-80,-2.29,3515,3515,3390,271944,935905190,57772131340,16941974
20181119,080520,오디텍,KOSDAQ,우량기업부,5310,50,0.95,5270,5360,5260,19900,105547810,62374493790,11746609
20181119,039830,오로라,KOSDAQ,우량기업부,8700,220,2.59,8540,8770,8500,43429,376906720,93637143000,10762890
20181119,046120,오르비텍,KOSDAQ,벤처기업부,4150,120,2.98,4185,4400,4125,772952,3244128045,98730877950,23790573
20181119,014940,오리엔탈정공,KOSDAQ,중견기업부,789,4,0.51,802,802,775,56158,44300839,35957618529,45573661
20181119,065500,오리엔트정공,KOSDAQ,중견기업부,465,11,2.42,448,477,448,547983,251160122,54504771330,117214562
20181119,010470,오리콤,KOSDAQ,우량기업부,4865,50,1.04,4815,4895,4815,7442,36310895,55941418750,11498750
20181119,053980,오상자이엘,KOSDAQ,중견기업부,7330,130,1.81,7370,7400,7210,6984,50994540,130091975060,17747882
20181119,052420,오성첨단소재,KOSDAQ,중견기업부,2330,45,1.97,2285,2335,2260,285057,659092515,115842704670,49717899
20181119,241790,오션브릿지,KOSDAQ,벤처기업부,8140,0,0.00,8190,8190,7980,21423,172693910,74277337200,9124980
20181119,039200,오스코텍,KOSDAQ,벤처기업부,27700,1300,4.92,26850,27800,26400,784856,21457580700,754846799900,27250787
20181119,226400,오스테오닉,KOSDAQ,기술성장기업부,4830,195,4.21,4660,5060,4655,57337,280625005,40854390780,8458466
20181119,031510,오스템,KOSDAQ,우량기업부,4955,435,9.62,4560,4955,4530,617404,2969169010,128830000000,26000000
20181119,048260,오스템임플란트,KOSDAQ,우량기업부,52700,3000,6.04,50300,53100,50100,144386,7492464100,752857285900,14285717
20181119,138080,오이솔루션,KOSDAQ,벤처기업부,13900,-150,-1.07,14150,14400,13800,128799,1817067650,107579494800,7739532
20181119,080580,오킨스전자,KOSDAQ,벤처기업부,3010,35,1.18,2975,3020,2960,23120,69032485,18662000000,6200000
20181119,067170,오텍,KOSDAQ,우량기업부,9400,80,0.86,9260,9530,9260,119655,1126005610,144681087000,15391605
20181119,173130,오파스넷,KOSDAQ,기술성장기업부,9480,120,1.28,9300,9530,9100,486526,4537656590,38165550960,4025902
20181119,049480,오픈베이스,KOSDAQ,중견기업부,2120,55,2.66,2065,2145,2065,335098,709988140,66615451960,31422383
20181119,226950,올릭스,KOSDAQ,기술성장기업부,65900,2400,3.78,63400,66900,63400,170826,11166238100,425445193900,6455921
20181119,057540,옴니시스템,KOSDAQ,우량기업부,2020,45,2.28,2020,2060,1990,160949,325291235,82171610300,40679015
20181119,057680,옴니텔,KOSDAQ,중견기업부,1875,-15,-0.79,1890,1925,1850,347464,655357880,40684950000,21698640
20181119,123010,옵토팩,KOSDAQ,기술성장기업부,3505,-30,-0.85,3600,3730,3505,4563,16199095,17480868545,4987409
20181119,082210,옵트론텍,KOSDAQ,우량기업부,4300,30,0.70,4600,4605,4300,323506,1447772700,97010696100,22560627
20181119,109080,옵티시스,KOSDAQ,벤처기업부,6600,0,0.00,6600,6740,6380,22795,149413450,37197600000,5636000
20181119,153710,옵티팜,KOSDAQ,기술성장기업부,11050,-600,-5.15,11850,12000,10800,1053004,11888060050,157100700900,14217258
20181119,052770,와이디온라인,KOSDAQ,투자주의환기종목(소속부없음),2230,10,0.45,2310,2310,2205,96923,217329665,70074168620,31423394
20181119,057030,와이비엠넷,KOSDAQ,중견기업부,1920,-15,-0.78,1925,1965,1900,38754,74844960,31320378240,16312697
20181119,122990,와이솔,KOSDAQ,우량기업부,16650,-600,-3.48,17300,17300,16600,328560,5536819700,401963317650,24141941
20181119,232140,와이아이케이,KOSDAQ,우량기업부,3145,-25,-0.79,3195,3225,3125,363354,1150693080,194324694120,61788456
20181119,067900,와이엔텍,KOSDAQ,우량기업부,4865,160,3.40,4745,4925,4705,336265,1620931845,88541341035,18199659
20181119,155650,와이엠씨,KOSDAQ,우량기업부,8310,10,0.12,8310,8430,8180,215407,1783434760,165986914980,19974358
20181119,251370,와이엠티,KOSDAQ,벤처기업부,16400,-500,-2.96,16850,17400,16100,96654,1589401700,121445280000,7405200
20181119,066430,와이오엠,KOSDAQ,관리종목(소속부없음),11050,650,6.25,10700,11450,10550,359607,3943440800,127777050700,11563534
20181119,193250,와이제이엠게임즈,KOSDAQ,중견기업부,2080,190,10.05,1880,2165,1880,1217230,2491469090,94924117600,45636595
20181119,019210,와이지-원,KOSDAQ,우량기업부,9530,130,1.38,9400,9570,9320,125084,1186207120,290725972940,30506398
20181119,122870,와이지엔터테인먼트,KOSDAQ,우량기업부,40500,-1050,-2.53,41550,41550,40200,289212,11748339150,736521214500,18185709
20181119,079000,와토스코리아,KOSDAQ,중견기업부,5420,-20,-0.37,5490,5490,5390,3225,17489400,39024000000,7200000
20181119,114630,우노앤컴퍼니,KOSDAQ,중견기업부,4325,-55,-1.26,4410,4420,4200,25882,110089855,58707398625,13573965
20181119,032820,우리기술,KOSDAQ,벤처기업부,1145,15,1.33,1140,1160,1120,1498729,1714772535,97782990840,85399992
20181119,041190,우리기술투자,KOSDAQ,벤처기업부,3155,-25,-0.79,3240,3275,3110,1522705,4872086530,265020000000,84000000
20181119,115440,우리넷,KOSDAQ,벤처기업부,5450,595,12.26,4950,5800,4945,521652,2840807190,34693119500,6365710
20181119,046970,우리로,KOSDAQ,벤처기업부,2110,-10,-0.47,2135,2135,2075,65282,136464680,52309261090,24791119
20181119,215360,우리산업,KOSDAQ,우량기업부,32950,250,0.76,32950,34100,32550,234452,7822374500,300904770850,9132163
20181119,072470,우리산업홀딩스,KOSDAQ,우량기업부,4200,-45,-1.06,4270,4375,4200,12424,53335560,79326832200,18887341
20181119,073560,우리손에프앤지,KOSDAQ,우량기업부,1625,15,0.93,1615,1655,1615,266854,436014505,112511169875,69237643
20181119,153490,우리이앤엘,KOSDAQ,중견기업부,702,6,0.86,696,709,687,47700,33182381,35029800000,49900000
20181119,082850,우리이티아이,KOSDAQ,중견기업부,803,26,3.35,768,809,767,46689,36965680,33339452663,41518621
20181119,037400,우리조명,KOSDAQ,중견기업부,1040,-10,-0.95,1045,1060,1030,51129,53265795,25920279840,24923346
20181119,101170,우림기계,KOSDAQ,벤처기업부,3450,35,1.02,3490,3490,3400,41054,141052340,46575000000,13500000
20181119,066590,우수AMS,KOSDAQ,중견기업부,4060,120,3.05,4000,4135,3940,551441,2232259445,100258870180,24694303
20181119,046940,우원개발,KOSDAQ,중견기업부,3750,130,3.59,3685,3845,3660,117316,440244565,61498020000,16399472
20181119,215380,우정바이오,KOSDAQ,벤처기업부,2385,15,0.63,2415,2465,2350,309852,743887745,59886660735,25109711
20181119,065680,우주일렉트로,KOSDAQ,우량기업부,8200,90,1.11,8280,8280,8070,1437,11652690,81460604000,9934220
20181119,018620,우진비앤지,KOSDAQ,벤처기업부,2940,150,5.38,2850,2960,2830,39325,114666970,47678018220,16217013
20181119,032940,원익,KOSDAQ,중견기업부,4685,90,1.96,4600,4735,4600,193820,904578890,84022813920,17934432
20181119,240810,원익IPS,KOSDAQ,우량기업부,19600,-100,-0.51,19550,19700,19250,360220,7023423100,808959345600,41273436
20181119,074600,원익QnC,KOSDAQ,우량기업부,11550,-50,-0.43,11500,11650,11250,205794,2345798700,303626400000,26288000
20181119,104830,원익머트리얼즈,KOSDAQ,우량기업부,26000,-400,-1.52,26050,26400,25900,33627,876379700,327808000000,12608000
20181119,014190,원익큐브,KOSDAQ,중견기업부,2850,65,2.33,2775,2880,2770,457040,1294938660,100889732100,35399906
20181119,123100,원익테라세미콘,KOSDAQ,우량기업부,14550,-50,-0.34,14750,14750,14250,59086,854808550,164470872000,11303840
20181119,030530,원익홀딩스,KOSDAQ,우량기업부,4075,30,0.74,4010,4100,4010,170376,691425015,314744772575,77237981
20181119,012620,원일특강,KOSDAQ,우량기업부,9870,230,2.39,9800,9870,9700,11897,116598150,43428000000,4400000
20181119,008370,원풍,KOSDAQ,우량기업부,3590,65,1.84,3525,3590,3485,14593,51832730,43080000000,12000000
20181119,008290,원풍물산,KOSDAQ,중견기업부,3405,35,1.04,3340,3420,3340,109575,370086155,130724014305,38391781
20181119,101160,월덱스,KOSDAQ,벤처기업부,5170,130,2.58,5140,5230,4950,116549,598903195,85361833810,16510993
20181119,095270,웨이브일렉트로,KOSDAQ,벤처기업부,25350,1700,7.19,23900,25350,23900,80984,2007309850,273751303800,10798868
20181119,065950,웰크론,KOSDAQ,벤처기업부,3260,75,2.35,3205,3285,3200,508516,1652500190,83099020220,25490497
20181119,114190,웰크론강원,KOSDAQ,중견기업부,3365,65,1.97,3300,3405,3250,79999,267559010,51326445950,15253030
20181119,076080,웰크론한텍,KOSDAQ,중견기업부,2230,-45,-1.98,2310,2310,2140,141610,313313745,43178537790,19362573
20181119,196700,웹스,KOSDAQ,벤처기업부,2020,25,1.25,1980,2040,1980,135960,273310060,27670921520,13698476
20181119,069080,웹젠,KOSDAQ,우량기업부,16950,-200,-1.17,17250,17600,16700,458910,7842447500,598519483800,35310884
20181119,044340,위닉스,KOSDAQ,중견기업부,14700,-500,-3.29,15300,15350,14400,467096,6874000250,262739347500,17873425
20181119,112040,위메이드,KOSDAQ,중견기업부,25000,1350,5.71,24300,25100,23550,153150,3718533650,420000000000,16800000
20181119,038620,위즈코프,KOSDAQ,벤처기업부,1070,10,0.94,1060,1075,1050,238686,253229905,39758067040,37157072
20181119,036090,위지트,KOSDAQ,중견기업부,1115,40,3.72,1080,1120,1080,983985,1086664260,81115483995,72749313
20181119,136540,윈스,KOSDAQ,우량기업부,11550,50,0.43,11450,11600,11450,11734,135097150,139617127650,12088063
20181119,097800,윈팩,KOSDAQ,중견기업부,1510,75,5.23,1440,1550,1430,726135,1093984355,51477739180,34091218
20181119,192390,윈하이텍,KOSDAQ,중견기업부,4240,0,0.00,4240,4290,4175,26691,112321190,41819497360,9863089
20181119,036200,유니셈,KOSDAQ,우량기업부,4110,130,3.27,4035,4185,4000,553511,2276872875,126029956530,30664223
20181119,018000,유니슨,KOSDAQ,중견기업부,1695,75,4.63,1620,1725,1610,2268007,3829569265,158653027170,93600606
20181119,203450,유니온커뮤니티,KOSDAQ,벤처기업부,2645,-20,-0.75,2665,2690,2635,51761,137251470,38825973515,14679007
20181119,011320,유니크,KOSDAQ,우량기업부,3690,70,1.93,3655,3740,3600,124640,459281165,71293364550,19320695
20181119,086390,유니테스트,KOSDAQ,우량기업부,12200,-600,-4.69,12700,12750,12100,438988,5385605150,257836337200,21134126
20181119,241690,유니테크노,KOSDAQ,우량기업부,15600,200,1.30,15650,15750,15200,5119,79076900,186069312000,11927520
20181119,142210,유니트론텍,KOSDAQ,벤처기업부,4480,205,4.80,4275,4550,4275,34420,151724855,44495136000,9931950
20181119,048430,유라테크,KOSDAQ,우량기업부,5570,80,1.46,5490,5630,5340,105839,577545670,64166400000,11520000
20181119,206650,유바이오로직스,KOSDAQ,기술성장기업부,5600,20,0.36,5580,5680,5520,54780,306844300,141615521600,25288486
20181119,089850,유비벨록스,KOSDAQ,벤처기업부,5670,130,2.35,5540,5880,5540,19998,113158390,40346001990,7115697
20181119,032620,유비케어,KOSDAQ,우량기업부,4035,115,2.93,3930,4040,3930,153928,615889280,210615455865,52197139
20181119,264450,유비쿼스,KOSDAQ,우량기업부,33900,800,2.42,33000,34200,32900,24429,828522550,173702074500,5123955
20181119,078070,유비쿼스홀딩스,KOSDAQ,우량기업부,6170,-10,-0.16,6180,6210,6060,20642,127146110,115358194760,18696628
20181119,024800,유성티엔에스,KOSDAQ,우량기업부,2800,140,5.26,2660,2810,2660,80629,223366135,76198024000,27213580
20181119,054930,유신,KOSDAQ,중견기업부,14650,450,3.17,14300,15400,14200,18262,267843400,43950000000,3000000
20181119,069330,유아이디,KOSDAQ,벤처기업부,1810,-15,-0.82,1820,1855,1800,103756,188409740,21516903520,11887792
20181119,049520,유아이엘,KOSDAQ,우량기업부,4470,80,1.82,4400,4470,4395,17564,77955955,97378663920,21784936
20181119,287410,유안타제3호스팩,KOSDAQ,SPAC(소속부없음),2050,0,0.00,2050,2050,2045,2500,5115000,8681750000,4235000
20181119,056090,유앤아이,KOSDAQ,기술성장기업부,10850,150,1.40,10700,10900,10550,15775,169866150,83953415700,7737642
20181119,263770,유에스티,KOSDAQ,중견기업부,6110,90,1.50,6060,6200,6020,225987,1376544240,144808050920,23700172
20181119,195990,유지인트,KOSDAQ,중견기업부,666,29,4.55,641,680,635,668887,443453088,53203481928,79885108
20181119,023410,유진기업,KOSDAQ,우량기업부,5920,170,2.96,5840,6010,5780,927849,5489163680,456562636640,77122067
20181119,056080,유진로봇,KOSDAQ,벤처기업부,4035,105,2.67,3980,4040,3910,76062,302844980,151361533320,37512152
20181119,084370,유진테크,KOSDAQ,우량기업부,12500,100,0.81,12350,12600,12200,113829,1410380050,286450525000,22916042
20181119,178780,유테크,KOSDAQ,중견기업부,3120,85,2.80,3045,3150,3030,208347,643085870,53368314480,17105229
20181119,179900,유티아이,KOSDAQ,벤처기업부,6240,-70,-1.11,6290,6340,6090,187201,1163891760,33272584800,5332145
20181119,191410,육일씨엔에쓰,KOSDAQ,중견기업부,3510,-85,-2.36,3600,3645,3495,30790,109280175,32864207220,9363022
20181119,039020,이건홀딩스,KOSDAQ,중견기업부,2480,-20,-0.80,2505,2535,2475,28147,70506405,56010078320,22584709
20181119,060230,이그잭스,KOSDAQ,벤처기업부,1830,35,1.95,1795,1875,1760,49904,91026365,92823079020,50722994
20181119,067920,이글루시큐리티,KOSDAQ,벤처기업부,4400,-35,-0.79,4445,4455,4385,39705,176393520,48382923600,10996119
20181119,044960,이글벳,KOSDAQ,중견기업부,3950,30,0.77,3880,3965,3880,24390,96062890,49935437850,12641883
20181119,073490,이노와이어리스,KOSDAQ,벤처기업부,20600,-100,-0.48,20800,21150,20150,56429,1156933050,123651500000,6002500
20181119,215790,이노인스트루먼트,KOSDAQ,중견기업부,4260,-20,-0.47,4280,4320,4195,36750,155360625,86406214740,20283149
20181119,088390,이녹스,KOSDAQ,우량기업부,8830,130,1.49,8690,8850,8690,13120,115240000,82567952520,9350844
20181119,272290,이녹스첨단소재,KOSDAQ,우량기업부,42550,650,1.55,41900,42650,41550,54343,2295121850,381652480300,8969506
20181119,053350,이니텍,KOSDAQ,우량기업부,5570,110,2.01,5460,5790,5410,56903,317214450,110235402120,19790916
20181119,258610,이더블유케이,KOSDAQ,벤처기업부,4185,10,0.24,4300,4300,4135,20145,84125930,30889250640,7380944
20181119,033110,이디,KOSDAQ,투자주의환기종목(소속부없음),735,-3,-0.41,714,755,714,411348,303263447,46535766480,63313968
20181119,041520,이라이콤,KOSDAQ,우량기업부,5310,-160,-2.93,5540,5560,5250,77860,416102110,64722156300,12188730
20181119,054210,이랜텍,KOSDAQ,우량기업부,2570,95,3.84,2435,2580,2435,30050,76187870,52628989420,20478206
20181119,065440,이루온,KOSDAQ,벤처기업부,1410,50,3.68,1360,1435,1350,423651,593865080,38457778200,27275020
20181119,036260,이매진아시아,KOSDAQ,중견기업부,2690,35,1.32,2500,2730,2500,811986,2116706375,95976822040,35679116
20181119,115610,이미지스,KOSDAQ,벤처기업부,3880,130,3.47,3730,3880,3650,28348,106765445,29756216640,7669128
20181119,078020,이베스트투자증권,KOSDAQ,우량기업부,9300,70,0.76,9120,9450,9050,2248,20680320,376475067000,40481190
20181119,080010,이상네트웍스,KOSDAQ,중견기업부,8350,290,3.60,8190,8400,8080,10342,85629060,75275250000,9015000
20181119,086890,이수앱지스,KOSDAQ,기술성장기업부,6660,160,2.46,6520,6670,6520,56210,371309550,177324444720,26625292
20181119,047560,이스트소프트,KOSDAQ,벤처기업부,6750,-20,-0.30,6740,6800,6650,10898,73139860,66820950000,9899400
20181119,900110,이스트아시아홀딩스,KOSDAQ,외국기업(소속부없음),301,3,1.01,299,303,294,687568,205001469,32809206486,109000686
20181119,067010,이씨에스,KOSDAQ,벤처기업부,4030,0,0.00,4030,4070,4025,6508,26353670,30225000000,7500000
20181119,223310,이에스브이,KOSDAQ,중견기업부,927,28,3.11,907,939,900,882631,813012926,103494985452,111645076
20181119,052190,이에스에이,KOSDAQ,관리종목(소속부없음),2115,-40,-1.86,2155,2170,2085,51855,109077640,58601736855,27707677
20181119,226360,이엑스티,KOSDAQ,벤처기업부,2370,50,2.16,2320,2370,2295,130294,304472605,64043500380,27022574
20181119,102710,이엔에프테크놀로지,KOSDAQ,우량기업부,12400,400,3.33,11900,12600,11900,197938,2433041200,176425166400,14227836
20181119,094190,이엘케이,KOSDAQ,중견기업부,1000,-10,-0.99,1010,1020,990,463786,464279658,69106778000,69106778
20181119,063760,이엘피,KOSDAQ,벤처기업부,13750,0,0.00,13800,13800,13600,6854,93818150,67450625000,4905500
20181119,123570,이엠넷,KOSDAQ,중견기업부,2280,5,0.22,2315,2315,2260,22064,50470035,50789457840,22276078
20181119,095190,이엠코리아,KOSDAQ,중견기업부,3980,190,5.01,3825,3980,3825,736879,2891558520,144604161920,36332704
20181119,091120,이엠텍,KOSDAQ,우량기업부,13800,150,1.10,13600,13900,13600,45976,633512450,209743633200,15198814
20181119,039030,이오테크닉스,KOSDAQ,우량기업부,49650,150,0.30,48900,50500,48900,54136,2688456650,609733080900,12280626
20181119,088290,이원컴포텍,KOSDAQ,중견기업부,1220,-60,-4.69,1280,1285,1200,83487,101894435,17382396520,14247866
20181119,181340,이즈미디어,KOSDAQ,벤처기업부,5770,140,2.49,5690,5770,5600,16867,96227290,40650227000,7045100
20181119,035810,이지바이오,KOSDAQ,우량기업부,5890,10,0.17,5920,6000,5870,394086,2334970670,341192097390,57927351
20181119,090850,이지웰페어,KOSDAQ,벤처기업부,7170,-100,-1.38,7270,7280,7100,23295,167328700,72223539060,10073018
20181119,092130,이크레더블,KOSDAQ,중견기업부,16200,0,0.00,16150,16200,16050,4536,73083000,195106320000,12043600
20181119,016250,이테크건설,KOSDAQ,우량기업부,81400,-200,-0.25,80600,82000,80600,7330,596425200,227920000000,2800000
20181119,096040,이트론,KOSDAQ,중견기업부,186,6,3.33,180,186,178,1564358,286221478,44630630436,239949626
20181119,134060,이퓨쳐,KOSDAQ,벤처기업부,3990,25,0.63,3990,4005,3915,4422,17464960,19029307500,4769250
20181119,001840,이화공영,KOSDAQ,벤처기업부,6780,110,1.65,6840,6960,6720,345788,2364379230,134283052800,19805760
20181119,024810,이화전기,KOSDAQ,중견기업부,270,5,1.89,271,271,266,3921530,1054249848,162548900010,602032963
20181119,041830,인바디,KOSDAQ,우량기업부,22800,100,0.44,22750,23050,22500,112835,2561121550,311990229600,13683782
20181119,079950,인베니아,KOSDAQ,벤처기업부,3420,-50,-1.44,3470,3505,3415,3681,12631460,79344000000,23200000
20181119,277410,인산가,KOSDAQ,벤처기업부,1915,-25,-1.29,1920,1950,1900,227579,436515805,45086221885,23543719
20181119,060150,인선이엔티,KOSDAQ,중견기업부,6250,60,0.97,6240,6340,6190,131855,824929520,228746175000,36599388
20181119,033230,인성정보,KOSDAQ,중견기업부,3235,25,0.78,3270,3270,3200,9220,29710890,61977006685,19158271
20181119,037330,인지디스플레,KOSDAQ,우량기업부,1610,5,0.31,1605,1645,1595,220870,355952150,57321065060,35603146
20181119,083640,인콘,KOSDAQ,벤처기업부,1760,50,2.92,1710,1835,1685,16758120,29471934205,222247977600,126277260
20181119,216050,인크로스,KOSDAQ,중견기업부,16750,-250,-1.47,16750,17200,16550,40120,673246950,134197566250,8011795
20181119,049070,인탑스,KOSDAQ,우량기업부,10500,-800,-7.08,11300,11400,10300,309804,3315583350,180600000000,17200000
20181119,119610,인터로조,KOSDAQ,우량기업부,20200,750,3.86,19450,20350,19200,123522,2444600700,221932329800,10986749
20181119,158310,인터불스,KOSDAQ,중견기업부,4315,45,1.05,4300,4380,4225,471707,2029043495,37377211770,8662158
20181119,017250,인터엠,KOSDAQ,중견기업부,2770,-10,-0.36,2825,2825,2755,215445,597926890,58295943590,21045467
20181119,108790,인터파크,KOSDAQ,우량기업부,5370,70,1.32,5400,5420,5290,156909,838539520,177937527600,33135480
20181119,035080,인터파크홀딩스,KOSDAQ,중견기업부,2310,-5,-0.22,2320,2350,2290,428184,991980005,135135000000,58500000
20181119,051370,인터플렉스,KOSDAQ,중견기업부,11900,250,2.15,11500,11900,11500,201502,2351752350,277596916800,23327472
20181119,064290,인텍플러스,KOSDAQ,벤처기업부,4460,150,3.48,4240,4460,4240,54097,236903650,49253934180,11043483
20181119,189300,인텔리안테크,KOSDAQ,우량기업부,14200,-150,-1.05,14350,14400,14100,9893,140541300,102821404800,7240944
20181119,150840,인트로메딕,KOSDAQ,기술성장기업부,8770,-70,-0.79,8950,9000,8520,106580,924610400,134940096120,15386556
20181119,048530,인트론바이오,KOSDAQ,기술성장기업부,51700,0,0.00,52600,53600,49050,529821,26967808600,777488485400,15038462
20181119,175140,인포마크,KOSDAQ,벤처기업부,10300,100,0.98,10350,10400,10150,3399,34863550,37370542400,3628208
20181119,115310,인포바인,KOSDAQ,벤처기업부,23400,-100,-0.43,23500,23500,22950,492,11518400,74713462200,3192883
20181119,039290,인포뱅크,KOSDAQ,중견기업부,7170,-60,-0.83,7300,7620,7060,281903,2042681410,62335822260,8693978
20181119,041020,인프라웨어,KOSDAQ,벤처기업부,1460,65,4.66,1530,1530,1400,152700,222151775,54696213600,37463160
20181119,071200,인피니트헬스케어,KOSDAQ,중견기업부,6140,190,3.19,5960,6190,5920,90210,548177150,149794252120,24396458
20181119,101930,인화정공,KOSDAQ,중견기업부,5510,40,0.73,5590,5600,5400,6628,36155840,51417694550,9331705
20181119,078940,일경산업개발,KOSDAQ,관리종목(소속부없음),1090,5,0.46,1130,1130,1090,22636,24989155,48810394020,44780178
20181119,068330,일신바이오,KOSDAQ,중견기업부,2015,20,1.00,2015,2030,1995,261268,525639135,89095522100,44216140
20181119,058450,일야,KOSDAQ,벤처기업부,1800,210,13.21,1630,1930,1620,4604589,8444656300,17604000000,9780000
20181119,019540,일지테크,KOSDAQ,우량기업부,2360,10,0.43,2350,2375,2320,25373,59281980,31891860000,13513500
20181119,094820,일진파워,KOSDAQ,우량기업부,5270,210,4.15,5090,5270,5090,69646,363110820,79464796430,15078709
20181119,950140,잉글우드랩,KOSDAQ,외국기업(소속부없음),7860,260,3.42,7680,8010,7570,1184133,9238901180,156161426760,19867866
20181119,049550,잉크테크,KOSDAQ,벤처기업부,3395,-15,-0.44,3420,3420,3340,3145,10591580,54387669140,16019932
20181119,043910,자연과환경,KOSDAQ,중견기업부,1835,20,1.10,1815,1910,1815,1078815,2008743805,62297070095,33949357
20181119,234920,자이글,KOSDAQ,우량기업부,6670,-90,-1.33,6770,6770,6580,27440,181868210,90251169700,13530910
20181119,174880,장원테크,KOSDAQ,중견기업부,9820,0,0.00,9850,9960,9800,28383,280495860,59361900000,6045000
20181119,049630,재영솔루텍,KOSDAQ,투자주의환기종목(소속부없음),1065,45,4.41,1025,1070,1005,564122,587848655,48665767140,45695556
20181119,065530,전파기지국,KOSDAQ,우량기업부,2185,60,2.82,2100,2185,2100,51232,110031435,115499100000,52860000
20181119,208140,정다운,KOSDAQ,중견기업부,2890,45,1.58,2805,2890,2805,264604,753860690,59331191360,20529824
20181119,022220,정산애강,KOSDAQ,우량기업부,1885,25,1.34,1880,1895,1870,99995,188024720,97632781415,51794579
20181119,040420,정상제이엘에스,KOSDAQ,우량기업부,7290,-40,-0.55,7370,7370,6890,35040,254866670,114289354080,15677552
20181119,045510,정원엔시스,KOSDAQ,중견기업부,2020,0,0.00,2020,2025,1970,4693,9387430,65062769840,32209292
20181119,065620,제낙스,KOSDAQ,벤처기업부,20600,200,0.98,20500,22000,20200,116223,2457448600,463226926400,22486744
20181119,217190,제너셈,KOSDAQ,벤처기업부,2100,50,2.44,2050,2140,2030,45554,94600140,18415265400,8769174
20181119,095700,제넥신,KOSDAQ,기술성장기업부,79800,2000,2.57,78600,79800,77000,157259,12397642500,1630089283200,20427184
20181119,122310,제노레이,KOSDAQ,벤처기업부,22350,1100,5.18,21850,23350,21500,85762,1936214850,93361671600,4177256
20181119,187420,제노포커스,KOSDAQ,기술성장기업부,7630,230,3.11,7400,7630,7350,96068,721920590,160223018550,20999085
20181119,123330,제닉,KOSDAQ,벤처기업부,7970,120,1.53,7870,8080,7850,44086,351262780,55790000000,7000000
20181119,159580,제로투세븐,KOSDAQ,중견기업부,7800,1800,30.00,6590,7800,6510,1142625,8384136530,156254560800,20032636
20181119,147830,제룡산업,KOSDAQ,벤처기업부,6840,210,3.17,6710,6850,6700,42671,289588990,68400000000,10000000
20181119,033100,제룡전기,KOSDAQ,벤처기업부,7960,260,3.38,7960,7990,7790,170161,1345461880,127856775640,16062409
20181119,019570,제미니투자,KOSDAQ,중견기업부,605,2,0.33,603,607,602,76467,46182801,24200000000,40000000
20181119,079370,제우스,KOSDAQ,우량기업부,12600,-100,-0.79,12650,12850,12350,34797,439951300,130838400000,10384000
20181119,054950,제이브이엠,KOSDAQ,우량기업부,32500,100,0.31,32100,32800,32100,11001,355615500,205754510000,6330908
20181119,096690,제이스테판,KOSDAQ,중견기업부,218,19,9.55,198,218,198,2366280,495964590,56847844522,260769929
20181119,090470,제이스텍,KOSDAQ,우량기업부,7100,100,1.43,7000,7100,6870,126596,908935130,103644436800,14597808
20181119,137950,제이씨케미칼,KOSDAQ,벤처기업부,3440,50,1.47,3390,3470,3390,74283,255238445,66539920000,19343000
20181119,033320,제이씨현시스템,KOSDAQ,우량기업부,5800,140,2.47,5720,5830,5670,120484,691930050,110863705600,19114432
20181119,026040,제이에스티나,KOSDAQ,중견기업부,5640,140,2.55,5540,5740,5540,37286,210164570,93081375600,16503790
20181119,126880,제이엔케이히터,KOSDAQ,중견기업부,3555,85,2.45,3450,3610,3435,127864,453308405,59620677480,16770936
20181119,033050,제이엠아이,KOSDAQ,중견기업부,1170,-25,-2.09,1200,1210,1145,242554,282501450,38117830140,32579342
20181119,094970,제이엠티,KOSDAQ,중견기업부,2875,-65,-2.21,2945,2945,2865,29569,85382455,48151190000,16748240
20181119,058420,제이웨이,KOSDAQ,중견기업부,1590,-30,-1.85,1640,1640,1580,51288,81714270,23952093900,15064210
20181119,036420,제이콘텐트리,KOSDAQ,우량기업부,4930,190,4.01,4750,4970,4715,1626253,7938986090,710260081260,144068982
20181119,089790,제이티,KOSDAQ,벤처기업부,2625,-85,-3.14,2700,2730,2570,116651,307399705,26294176125,10016829
20181119,052670,제일바이오,KOSDAQ,중견기업부,3995,25,0.63,4035,4035,3920,270406,1076877405,59925000000,15000000
20181119,023440,제일제강,KOSDAQ,중견기업부,1485,5,0.34,1465,1505,1465,600475,892646325,38657794725,26032185
20181119,038010,제일테크노스,KOSDAQ,우량기업부,4120,90,2.23,4025,4130,3940,111479,453021615,37080000000,9000000
20181119,080220,제주반도체,KOSDAQ,중견기업부,4075,85,2.13,3995,4085,3995,101606,411438060,116384192350,28560538
20181119,082270,젬백스,KOSDAQ,중견기업부,12150,100,0.83,12000,12150,11800,132845,1599324600,417279041100,34343954
20181119,044060,조광ILI,KOSDAQ,중견기업부,5250,100,1.94,5210,5360,5160,105773,557368000,51899694000,9885656
20181119,034940,조아제약,KOSDAQ,중견기업부,4805,35,0.73,4770,4875,4760,283916,1368565330,136030659955,28310231
20181119,101730,조이맥스,KOSDAQ,중견기업부,5720,-30,-0.52,5890,5890,5570,17646,99847000,48649938480,8505234
20181119,067000,조이시티,KOSDAQ,벤처기업부,11100,50,0.45,11050,11250,10950,14951,165921900,130795684500,11783395
20181119,033340,좋은사람들,KOSDAQ,중견기업부,4340,110,2.60,4300,4415,4295,1067189,4639866655,129801692160,29908224
20181119,036930,주성엔지니어링,KOSDAQ,우량기업부,7310,-20,-0.27,7260,7340,7230,167306,1217643360,352701739720,48249212
20181119,051980,중앙리빙테크,KOSDAQ,중견기업부,1010,10,1.00,1000,1090,995,253059,259724859,22822051910,22596091
20181119,072020,중앙백신,KOSDAQ,벤처기업부,19250,-50,-0.26,19600,19850,19200,137381,2665139550,191730000000,9960000
20181119,000440,중앙에너비스,KOSDAQ,중견기업부,44350,-400,-0.89,45900,45900,43900,4623,206232900,55234643100,1245426
20181119,054180,중앙오션,KOSDAQ,중견기업부,3800,280,7.95,3585,3850,3535,1104804,4131990500,92510114600,24344767
20181119,043610,지니뮤직,KOSDAQ,벤처기업부,5140,130,2.59,5080,5350,5050,475249,2459166940,298713351320,58115438
20181119,263860,지니언스,KOSDAQ,벤처기업부,4780,40,0.84,4780,4790,4665,8850,41695885,45145188000,9444600
20181119,208350,지란지교시큐리티,KOSDAQ,벤처기업부,1390,15,1.09,1375,1430,1375,156953,219734125,50332161320,36210188
20181119,114570,지스마트글로벌,KOSDAQ,우량기업부,2855,-25,-0.87,2905,2965,2815,776858,2232869330,62134726835,21763477
20181119,051160,지어소프트,KOSDAQ,중견기업부,1515,60,4.12,1430,1515,1430,79125,118191865,21136795200,13951680
20181119,053050,지에스이,KOSDAQ,중견기업부,1550,20,1.31,1530,1560,1530,45165,69759985,46480775350,29987597
20181119,119850,지엔씨에너지,KOSDAQ,벤처기업부,4030,15,0.37,4015,4035,3970,42442,170162195,65672186840,16295828
20181119,065060,지엔코,KOSDAQ,중견기업부,1915,65,3.51,1870,2055,1840,26357180,51181280340,187685404260,98008044
20181119,204840,지엘팜텍,KOSDAQ,기술성장기업부,4000,205,5.40,3895,4095,3820,417970,1655535035,142670252000,35667563
20181119,018290,지엠피,KOSDAQ,벤처기업부,10250,280,2.81,10150,10450,9990,467938,4785888940,278798647000,27199868
20181119,111820,지와이커머스,KOSDAQ,관리종목(소속부없음),2250,0,0.00,0,0,0,0,0,46253270250,20557009
20181119,106080,지투하이소닉,KOSDAQ,중견기업부,2335,25,1.08,2300,2350,2295,51764,119967765,48207672140,20645684
20181119,115450,지트리비앤티,KOSDAQ,중견기업부,24300,150,0.62,24200,24800,23800,156110,3806046100,595151639100,24491837
20181119,219750,지티지웰니스,KOSDAQ,벤처기업부,7150,350,5.15,6930,7950,6920,804415,6024333020,44687979050,6250067
20181119,018120,진로발효,KOSDAQ,우량기업부,29900,100,0.34,29800,29950,29650,376,11171550,224967600000,7524000
20181119,109820,진매트릭스,KOSDAQ,기술성장기업부,3280,10,0.31,3380,3380,3220,24947,81548890,50259144800,15322910
20181119,086060,진바이오텍,KOSDAQ,중견기업부,4415,75,1.73,4325,4500,4325,21483,94736035,38015741605,8610587
20181119,036890,진성티이씨,KOSDAQ,우량기업부,8300,290,3.62,8010,8480,8010,303614,2528410630,186602824400,22482268
20181119,007370,진양제약,KOSDAQ,중견기업부,3820,40,1.06,3750,3860,3745,20771,78961975,45840000000,12000000
20181119,085660,차바이오텍,KOSDAQ,관리종목(소속부없음),20400,350,1.75,20050,20600,19900,527805,10742490950,1070395425600,52470364
20181119,900040,차이나그레이트,KOSDAQ,외국기업(소속부없음),519,0,0.00,540,540,515,1930780,1014468795,65324743083,125866557
20181119,900090,차이나하오란,KOSDAQ,관리종목(소속부없음),773,0,0.00,0,0,0,0,0,72662000000,94000000
20181119,094850,참좋은여행,KOSDAQ,우량기업부,8580,40,0.47,8570,8880,8540,96499,837549690,120120000000,14000000
20181119,004650,창해에탄올,KOSDAQ,우량기업부,13600,600,4.62,13100,13650,13100,37551,504712400,124996036000,9190885
20181119,096240,청담러닝,KOSDAQ,중견기업부,21150,250,1.20,20800,21500,20650,38270,805598500,162318868650,7674651
20181119,013720,청보산업,KOSDAQ,중견기업부,3290,-55,-1.64,3495,3495,3180,132200,434684135,26908156590,8178771
20181119,066360,체리부로,KOSDAQ,중견기업부,2185,35,1.63,2155,2240,2145,33114,72459645,60901126265,27872369
20181119,047820,초록뱀,KOSDAQ,중견기업부,2205,10,0.46,2135,2265,2130,7835817,17257306310,145644898140,66052108
20181119,094360,칩스앤미디어,KOSDAQ,벤처기업부,6860,290,4.41,6570,6860,6500,43497,292193960,50871201220,7415627
20181119,016920,카스,KOSDAQ,중견기업부,1350,-15,-1.10,1355,1455,1330,193112,268166605,28990051200,21474112
20181119,042000,카페24,KOSDAQ,기술성장기업부,94600,3200,3.50,91500,94800,91500,79322,7441992500,892134476200,9430597
20181119,071850,캐스텍코리아,KOSDAQ,우량기업부,3825,40,1.06,3820,4095,3730,596418,2362299440,55164903525,14422197
20181119,180400,캔서롭,KOSDAQ,기술성장기업부,7280,410,5.97,6930,7390,6920,270726,1962851530,137753208320,18922144
20181119,050110,캠시스,KOSDAQ,중견기업부,1690,50,3.05,1645,1695,1630,217332,362373190,97706506690,57814501
20181119,900310,컬러레이,KOSDAQ,외국기업(소속부없음),2060,-60,-2.83,2105,2160,2060,470719,987235105,111240000000,54000000
20181119,078340,컴투스,KOSDAQ,우량기업부,135700,7000,5.44,130900,136600,130900,138518,18634464200,1745973194000,12866420
20181119,263700,케어랩스,KOSDAQ,중견기업부,21700,150,0.70,21400,21950,21250,18504,399332900,133851567500,6168275
20181119,214370,케어젠,KOSDAQ,벤처기업부,78600,-200,-0.25,78800,80200,78100,47471,3745091100,844399800000,10743000
20181119,072520,케이디 네이쳐 엔 바이오,KOSDAQ,투자주의환기종목(소속부없음),1535,10,0.66,1545,1545,1500,193253,294855095,84408124210,54989006
20181119,221980,케이디켐,KOSDAQ,중견기업부,12650,0,0.00,12700,12700,12600,868,10969650,51040220000,4034800
20181119,043290,케이맥,KOSDAQ,벤처기업부,9900,0,0.00,9900,10000,9760,22218,218471630,69638540400,7034196
20181119,250930,케이비제10호스팩,KOSDAQ,SPAC(소속부없음),2060,5,0.24,2055,2060,2055,2501,5139560,10732600000,5210000
20181119,258790,케이비제11호스팩,KOSDAQ,SPAC(소속부없음),2085,5,0.24,2080,2085,2080,469,975525,6692850000,3210000
20181119,192250,케이사인,KOSDAQ,벤처기업부,1125,75,7.14,1040,1170,1040,1839261,2076018840,72755164125,64671257
20181119,115500,케이씨에스,KOSDAQ,벤처기업부,3945,85,2.20,3905,4000,3860,24019,94346180,47340000000,12000000
20181119,089150,케이씨티,KOSDAQ,중견기업부,1870,15,0.81,1840,1880,1835,20478,38060420,32070500000,17150000
20181119,025880,케이씨피드,KOSDAQ,중견기업부,2175,15,0.69,2170,2195,2165,48390,105370590,36356991150,16715858
20181119,093320,케이아이엔엑스,KOSDAQ,중견기업부,24850,-400,-1.58,25300,25600,24350,11173,275612900,121268000000,4880000
20181119,073010,케이에스피,KOSDAQ,관리종목(소속부없음),3760,0,0.00,0,0,0,0,0,28358927680,7542268
20181119,105330,케이엔더블유,KOSDAQ,벤처기업부,4190,135,3.33,4090,4240,4000,20699,84165375,23721043930,5661347
20181119,039420,케이엘넷,KOSDAQ,중견기업부,2725,190,7.50,2545,2840,2545,556542,1518104185,65821639250,24154730
20181119,083550,케이엠,KOSDAQ,우량기업부,7850,-50,-0.63,7960,8040,7800,39956,313506080,78534249550,10004363
20181119,032500,케이엠더블유,KOSDAQ,중견기업부,23700,-150,-0.63,23850,24450,23550,43000,1031893600,381570000000,16100000
20181119,225430,케이엠제약,KOSDAQ,중견기업부,3810,-10,-0.26,3815,3845,3740,740945,2811085540,75769660500,19887050
20181119,064820,케이프,KOSDAQ,중견기업부,2105,40,1.94,2075,2110,2065,150661,314654915,53737646165,25528573
20181119,256940,케이피에스,KOSDAQ,벤처기업부,8590,-60,-0.69,8640,8750,8490,32285,276499170,36679300000,4270000
20181119,024880,케이피에프,KOSDAQ,우량기업부,4025,0,0.00,4025,4050,3960,7697,30918945,63298293100,15726284
20181119,042040,케이피엠테크,KOSDAQ,중견기업부,1280,95,8.02,1195,1315,1195,2089651,2663012475,113132208640,88384538
20181119,054410,케이피티유,KOSDAQ,벤처기업부,4610,50,1.10,4560,4835,4560,5591,26101530,23326600000,5060000
20181119,217600,켐온,KOSDAQ,중견기업부,1865,15,0.81,1880,1890,1850,801622,1497242605,119101399100,63861340
20181119,089010,켐트로닉스,KOSDAQ,중견기업부,5500,40,0.73,5460,5560,5460,20390,112011020,69433501500,12624273
20181119,220260,켐트로스,KOSDAQ,벤처기업부,2390,0,0.00,2425,2450,2375,137263,330053015,57467927620,24045158
20181119,052400,코나아이,KOSDAQ,중견기업부,11150,-700,-5.91,11900,12000,10900,1177196,13287567200,173484165700,15559118
20181119,094860,코닉글로리,KOSDAQ,벤처기업부,527,37,7.55,491,540,491,360298,187422281,25113163674,47653062
20181119,046070,코다코,KOSDAQ,우량기업부,2255,45,2.04,2230,2270,2220,132395,298291110,88089897280,39064256
20181119,047770,코데즈컴바인,KOSDAQ,중견기업부,2910,10,0.34,2930,2955,2850,42424,123134645,110121971820,37842602
20181119,080530,코디,KOSDAQ,투자주의환기종목(소속부없음),3590,0,0.00,0,0,0,0,0,42585046700,11862130
20181119,224060,코디엠,KOSDAQ,중견기업부,898,12,1.35,889,906,881,1002389,898531294,127124020306,141563497
20181119,078650,코렌,KOSDAQ,관리종목(소속부없음),1300,50,4.00,1295,1315,1255,49157,63534975,39092912300,30071471
20181119,104540,코렌텍,KOSDAQ,기술성장기업부,6410,-10,-0.16,6420,6540,6410,5023,32504230,63697150730,9937153
20181119,027050,코리아나,KOSDAQ,우량기업부,4725,5,0.11,4750,4845,4655,427648,2034754400,189000000000,40000000
20181119,101670,코리아에스이,KOSDAQ,벤처기업부,1420,25,1.79,1420,1445,1400,60166,85530575,26838000000,18900000
20181119,123410,코리아에프티,KOSDAQ,우량기업부,2690,-20,-0.74,2710,2755,2680,439265,1188635235,74892462160,27841064
20181119,036690,코맥스,KOSDAQ,우량기업부,4050,40,1.00,4050,4070,4000,16429,66255065,57833858250,14279965
20181119,049430,코메론,KOSDAQ,우량기업부,7070,-10,-0.14,6980,7100,6960,13553,94906100,63969360000,9048000
20181119,183300,코미코,KOSDAQ,우량기업부,22500,-450,-1.96,23250,23250,22500,16748,379611350,197437500000,8775000
20181119,041960,코미팜,KOSDAQ,벤처기업부,22850,50,0.22,22450,22950,22450,109631,2486921450,1264023794800,55318328
20181119,089890,코세스,KOSDAQ,중견기업부,5500,0,0.00,5500,5700,5400,87217,484817140,92685791000,16851962
20181119,009730,코센,KOSDAQ,중견기업부,1050,20,1.94,1035,1055,1025,434955,451334175,43819006350,41732387
20181119,241710,코스메카코리아,KOSDAQ,우량기업부,34000,700,2.10,33700,34250,33050,190507,6459202950,363120000000,10680000
20181119,069110,코스온,KOSDAQ,우량기업부,11150,150,1.36,11100,11200,10900,78462,868669250,207637095150,18622161
20181119,166480,코아스템,KOSDAQ,기술성장기업부,13350,300,2.30,13200,13550,13050,97016,1291833800,209827824000,15717440
20181119,045970,코아시아홀딩스,KOSDAQ,중견기업부,4885,-175,-3.46,5000,5060,4885,14087,69609770,95824228390,19616014
20181119,029960,코엔텍,KOSDAQ,벤처기업부,7320,100,1.39,7230,7380,7220,329202,2405896880,366000000000,50000000
20181119,102940,코오롱생명과학,KOSDAQ,우량기업부,82800,19100,29.98,64600,82800,63100,1481392,118265533100,944943076800,11412356
20181119,950160,코오롱티슈진,KOSDAQ,외국기업(소속부없음),47000,7250,18.24,40250,49450,40200,5612828,263372253500,2865621725000,60970675
20181119,033290,코웰패션,KOSDAQ,우량기업부,4900,-120,-2.39,5020,5020,4865,290299,1426232870,443451146600,90500234
20181119,056360,코위버,KOSDAQ,우량기업부,6160,160,2.67,6180,6190,6020,37376,228650210,60348288000,9796800
20181119,121850,코이즈,KOSDAQ,벤처기업부,2570,5,0.19,2520,2580,2520,9191,23394985,27069398800,10532840
20181119,015710,코콤,KOSDAQ,우량기업부,6650,50,0.76,6600,6700,6530,30436,201816280,116577825000,17530500
20181119,052330,코텍,KOSDAQ,우량기업부,14400,0,0.00,14450,14500,14300,18461,265391850,224273548800,15574552
20181119,126600,코프라,KOSDAQ,우량기업부,2575,-15,-0.58,2565,2620,2540,56895,146039580,54372757550,21115634
20181119,200130,콜마비앤에이치,KOSDAQ,우량기업부,21300,200,0.95,21000,21550,21000,50225,1064675800,629277785400,29543558
20181119,225650,쿠첸,KOSDAQ,벤처기업부,5990,40,0.67,5950,6150,5890,13109,78398380,64010799230,10686277
20181119,060280,큐렉소,KOSDAQ,중견기업부,5240,0,0.00,5200,5330,5190,21781,113879650,174792005720,33357253
20181119,040350,큐로컴,KOSDAQ,벤처기업부,1650,-25,-1.49,1640,1735,1590,2743513,4531203525,180081013200,109140008
20181119,051780,큐로홀딩스,KOSDAQ,중견기업부,713,-11,-1.52,710,730,705,334807,240048942,42917767286,60193222
20181119,115180,큐리언트,KOSDAQ,기술성장기업부,22050,2050,10.25,20150,22150,20100,236062,5059720650,188233485300,8536666
20181119,182360,큐브엔터,KOSDAQ,중견기업부,3810,-100,-2.56,3880,3900,3710,796022,3035408785,101246052270,26573767
20181119,066310,큐에스아이,KOSDAQ,벤처기업부,4850,0,0.00,4850,4950,4810,52050,252856765,40149415500,8278230
20181119,016600,큐캐피탈,KOSDAQ,벤처기업부,730,6,0.83,722,731,710,251601,182273256,102198775060,139998322
20181119,043590,크로바하이텍,KOSDAQ,중견기업부,3965,-60,-1.49,4025,4095,3935,295087,1180948550,92384500000,23300000
20181119,114120,크루셜텍,KOSDAQ,중견기업부,1515,5,0.33,1515,1530,1500,261694,395795660,69338356380,45767892
20181119,110790,크리스에프앤씨,KOSDAQ,중견기업부,22300,100,0.45,21950,22600,21900,62709,1405910850,261255204000,11715480
20181119,083790,크리스탈,KOSDAQ,기술성장기업부,20200,900,4.66,19600,20950,19400,745197,14926957300,816038266800,40397934
20181119,900250,크리스탈신소재,KOSDAQ,외국기업(소속부없음),1440,-25,-1.71,1475,1520,1420,3722101,5480709290,97608746880,67783852
20181119,045520,크린앤사이언스,KOSDAQ,중견기업부,14050,-350,-2.43,14350,14550,14000,88476,1253557300,91325000000,6500000
20181119,214150,클래시스,KOSDAQ,벤처기업부,4795,-105,-2.14,4895,4990,4785,70056,340984270,297160904215,61973077
20181119,237880,클리오,KOSDAQ,우량기업부,12050,350,2.99,11800,12200,11700,132402,1579041750,204354684750,16958895
20181119,054780,키이스트,KOSDAQ,중견기업부,3120,65,2.13,3100,3145,3065,4164598,12933336575,264582595680,84802114
20181119,219130,타이거일렉,KOSDAQ,중견기업부,4425,0,0.00,4425,4540,4400,14625,64611340,27940733250,6314290
20181119,065130,탑엔지니어링,KOSDAQ,우량기업부,8010,10,0.13,8090,8190,7950,397511,3206466690,127969818570,15976257
20181119,023160,태광,KOSDAQ,중견기업부,11800,100,0.85,11850,12700,11700,284053,3440100650,312700000000,26500000
20181119,053620,태양,KOSDAQ,우량기업부,8720,-80,-0.91,8790,8790,8670,494,4298990,74992000000,8600000
20181119,044490,태웅,KOSDAQ,우량기업부,11050,100,0.91,10850,11350,10800,58059,646043100,221081560050,20007381
20181119,191420,테고사이언스,KOSDAQ,벤처기업부,43650,150,0.34,43350,44500,42850,67706,2948771550,352457774100,8074634
20181119,182690,테라셈,KOSDAQ,중견기업부,1190,-55,-4.42,1275,1275,1165,315438,375622875,16619944600,13966340
20181119,066700,테라젠이텍스,KOSDAQ,중견기업부,10700,400,3.88,10450,10750,10250,457618,4843223500,329465904200,30791206
20181119,095610,테스,KOSDAQ,우량기업부,14100,-100,-0.70,14300,14350,14000,230820,3259325750,278731986600,19768226
20181119,131970,테스나,KOSDAQ,벤처기업부,24700,100,0.41,24550,24750,24200,28737,703632350,169195000000,6850000
20181119,089030,테크윙,KOSDAQ,우량기업부,9640,-60,-0.62,9710,9790,9620,33896,328025290,181499336480,18827732
20181119,054450,텔레칩스,KOSDAQ,우량기업부,9150,-70,-0.76,9270,9340,9050,67130,616673930,123579085650,13505911
20181119,091440,텔레필드,KOSDAQ,벤처기업부,2440,45,1.88,2395,2480,2395,24314,59239425,22196794680,9097047
20181119,196450,텔루스,KOSDAQ,중견기업부,1325,45,3.52,1270,1340,1265,4081199,5317618425,114983837875,86780255
20181119,200230,텔콘RF제약,KOSDAQ,중견기업부,10200,390,3.98,9810,10200,9770,1538406,15422528820,798807553200,78314466
20181119,215480,토박스코리아,KOSDAQ,벤처기업부,1075,5,0.47,1060,1100,1060,476503,513683550,40508673525,37682487
20181119,051360,토비스,KOSDAQ,우량기업부,7150,-90,-1.24,7280,7310,7090,52579,375994920,119526964700,16717058
20181119,045340,토탈소프트,KOSDAQ,벤처기업부,2700,80,3.05,2570,2740,2570,105633,282304015,23106708000,8558040
20181119,057880,토필드,KOSDAQ,중견기업부,1745,30,1.75,1740,1765,1715,76947,133439070,47114040250,26999450
20181119,108230,톱텍,KOSDAQ,우량기업부,11700,-200,-1.68,11850,11950,11600,350725,4121043950,430516171800,36796254
20181119,079970,투비소프트,KOSDAQ,벤처기업부,6490,40,0.62,6550,6730,6330,154965,1010718510,158203199440,24376456
20181119,105550,트루윈,KOSDAQ,벤처기업부,4925,115,2.39,4870,5190,4870,7949,39341640,54388833650,11043418
20181119,026150,특수건설,KOSDAQ,중견기업부,5140,90,1.78,5110,5270,5100,240097,1243125660,77073343960,14994814
20181119,033830,티비씨,KOSDAQ,중견기업부,543,16,3.04,520,543,519,30368,16003165,54300000000,100000000
20181119,064760,티씨케이,KOSDAQ,우량기업부,50600,-700,-1.36,51100,51700,50000,41758,2116933800,590755000000,11675000
20181119,131290,티에스이,KOSDAQ,중견기업부,7410,30,0.41,7380,7530,7250,74975,553928920,81965188890,11061429
20181119,246690,티에스인베스트먼트,KOSDAQ,중견기업부,2330,40,1.75,2280,2420,2280,122457,288879025,52240939320,22421004
20181119,062860,티엘아이,KOSDAQ,중견기업부,3720,-25,-0.67,3745,3745,3675,25258,93419255,36726518400,9872720
20181119,104480,티케이케미칼,KOSDAQ,우량기업부,2390,-75,-3.04,2460,2480,2355,2760225,6614202520,217240087260,90895434
20181119,081150,티플랙스,KOSDAQ,중견기업부,2525,65,2.64,2485,2545,2480,685093,1721702670,61277715050,24268402
20181119,130740,티피씨글로벌,KOSDAQ,중견기업부,2480,55,2.27,2545,2545,2410,46571,115774005,23436000000,9450000
20181119,084730,팅크웨어,KOSDAQ,중견기업부,6630,-30,-0.45,6520,6720,6500,14623,96360830,69122271660,10425682
20181119,046210,파나진,KOSDAQ,중견기업부,4805,0,0.00,4800,4840,4730,37889,181766970,153924138800,32034160
20181119,034230,파라다이스,KOSDAQ,우량기업부,20200,-50,-0.25,20450,20500,19850,646626,13026606850,1837041974400,90942672
20181119,033540,파라텍,KOSDAQ,우량기업부,5750,-10,-0.17,5770,5830,5650,46376,265161760,96833174000,16840552
20181119,043200,파루,KOSDAQ,벤처기업부,2750,40,1.48,2735,2840,2720,262021,726438210,81585809250,29667567
20181119,214450,파마리서치프로덕트,KOSDAQ,벤처기업부,35200,500,1.44,34300,35350,34300,21223,743106300,333210838400,9466217
20181119,177830,파버나인,KOSDAQ,벤처기업부,5240,30,0.58,5120,5320,5050,138484,720638220,56772381760,10834424
20181119,037070,파세코,KOSDAQ,중견기업부,4505,95,2.15,4415,4530,4415,21981,98541235,63070000000,14000000
20181119,150900,파수닷컴,KOSDAQ,벤처기업부,3600,-50,-1.37,3580,3650,3570,8618,30924850,34367263200,9546462
20181119,037030,파워넷,KOSDAQ,중견기업부,4190,455,12.18,3755,4500,3755,927219,3906583110,50320282660,12009614
20181119,047310,파워로직스,KOSDAQ,우량기업부,7160,-50,-0.69,7210,7480,7100,1356205,9866211100,245967694800,34353030
20181119,170790,파이오링크,KOSDAQ,벤처기업부,4270,-40,-0.93,4350,4350,4215,4288,18251435,29276529100,6856330
20181119,049120,파인디앤씨,KOSDAQ,중견기업부,2030,-70,-3.33,2070,2095,2005,416777,848616245,48858318110,24068137
20181119,038950,파인디지털,KOSDAQ,벤처기업부,3450,25,0.73,3425,3500,3410,38635,132055850,35227139250,10210765
20181119,106240,파인테크닉스,KOSDAQ,벤처기업부,1520,20,1.33,1510,1540,1500,153070,231800490,57164900240,37608487
20181119,131760,파인텍,KOSDAQ,중견기업부,2730,55,2.06,2720,2735,2700,43899,119331690,31432859640,11513868
20181119,140860,파크시스템스,KOSDAQ,기술성장기업부,38800,0,0.00,39000,39100,38000,7696,294438700,257866934000,6646055
20181119,091700,파트론,KOSDAQ,우량기업부,8570,-80,-0.92,8660,8780,8510,341864,2940955670,464120433700,54156410
20181119,194510,파티게임즈,KOSDAQ,투자주의환기종목(소속부없음),536,0,0.00,0,0,0,0,0,13125755600,24488350
20181119,038160,팍스넷,KOSDAQ,중견기업부,8280,-20,-0.24,8300,8410,8120,28070,231060980,91721873880,11077521
20181119,032800,판타지오,KOSDAQ,중견기업부,576,0,0.00,570,579,562,368812,210623934,41877471168,72703943
20181119,043090,팜스웰바이오,KOSDAQ,벤처기업부,4120,90,2.23,4120,4125,3990,138625,561601555,110116850920,26727391
20181119,027710,팜스토리,KOSDAQ,우량기업부,1110,15,1.37,1095,1125,1095,163739,182146085,98065648410,88347431
20181119,225590,패션플랫폼,KOSDAQ,중견기업부,1640,40,2.50,1585,1640,1560,548024,878410270,41310837400,25189535
20181119,054300,팬스타엔터프라이즈,KOSDAQ,벤처기업부,774,-6,-0.77,799,801,773,141985,111162051,31830705882,41124943
20181119,068050,팬엔터테인먼트,KOSDAQ,중견기업부,3750,-15,-0.40,3800,3845,3710,89302,334692195,51536238750,13742997
20181119,222110,팬젠,KOSDAQ,기술성장기업부,12000,450,3.90,11600,12350,11450,39302,469032150,115701372000,9641781
20181119,060900,퍼시픽바이오,KOSDAQ,중견기업부,875,19,2.22,856,877,845,176751,152968686,43935273375,50211741
20181119,263750,펄어비스,KOSDAQ,우량기업부,187300,-1100,-0.58,186900,188600,183100,61308,11403431600,2424223900000,12943000
20181119,087010,펩트론,KOSDAQ,기술성장기업부,23350,850,3.78,23200,23750,22800,197152,4581123950,357873775000,15326500
20181119,043370,평화정공,KOSDAQ,우량기업부,6290,-90,-1.41,6200,6380,6200,59383,373068580,132090000000,21000000
20181119,119500,포메탈,KOSDAQ,중견기업부,3070,0,0.00,3070,3110,3055,22165,68437070,36371002240,11847232
20181119,016670,포비스티앤씨,KOSDAQ,중견기업부,932,10,1.08,920,939,918,305411,284659281,37352750056,40078058
20181119,056730,포스링크,KOSDAQ,중견기업부,2015,80,4.13,1935,2075,1935,823949,1661402035,93020194020,46163868
20181119,022100,포스코 ICT,KOSDAQ,우량기업부,5620,60,1.08,5560,5620,5540,316774,1766434710,854435176980,152034729
20181119,009520,포스코엠텍,KOSDAQ,우량기업부,6450,340,5.56,6290,6450,6220,1162056,7372950970,268595434350,41642703
20181119,003670,포스코켐텍,KOSDAQ,우량기업부,74200,200,0.27,73800,75700,73700,449888,33485310000,4382994000000,59070000
20181119,189690,포시에스,KOSDAQ,벤처기업부,5350,80,1.52,5250,5420,5230,14931,79255280,40209332050,7515763
20181119,141020,포티스,KOSDAQ,중견기업부,2755,5,0.18,2790,2810,2735,672061,1855132405,131803084550,47841410
20181119,290720,푸드나무,KOSDAQ,중견기업부,23650,-900,-3.67,24750,24750,23500,38647,926251800,160962704100,6806034
20181119,005670,푸드웰,KOSDAQ,중견기업부,5160,160,3.20,5100,5180,5000,34114,173723380,41280000000,8000000
20181119,094940,푸른기술,KOSDAQ,벤처기업부,23850,1000,4.38,23650,24500,23350,1100840,26327055900,156794717700,6574202
20181119,007330,푸른저축은행,KOSDAQ,우량기업부,8300,-30,-0.36,8330,8340,8200,12998,107758510,125187240000,15082800
20181119,093380,풍강,KOSDAQ,중견기업부,2530,15,0.60,2515,2555,2515,3660,9243900,24994661890,9879313
20181119,023900,풍국주정,KOSDAQ,우량기업부,9230,130,1.43,9100,9230,9100,33249,305422270,116298000000,12600000
20181119,195440,퓨전데이타,KOSDAQ,중견기업부,9020,380,4.40,8700,9180,8660,129072,1159195270,75842415000,8408250
20181119,214270,퓨쳐스트림네트웍스,KOSDAQ,중견기업부,1505,15,1.01,1505,1525,1485,1473728,2273731365,130816576065,86921313
20181119,220100,퓨쳐켐,KOSDAQ,기술성장기업부,12800,350,2.81,12750,13000,12300,19881,253047150,73588979200,5749139
20181119,035200,프럼파스트,KOSDAQ,벤처기업부,3375,40,1.20,3300,3375,3290,50422,167443935,29855644875,8846117
20181119,203690,프로스테믹스,KOSDAQ,벤처기업부,6390,120,1.91,6330,6430,6230,470472,2978835900,289945080630,45374817
20181119,053610,프로텍,KOSDAQ,우량기업부,13950,200,1.45,13850,13950,13700,22937,316816200,131969831850,9460203
20181119,053160,프리엠스,KOSDAQ,중견기업부,5830,-170,-2.83,5940,5990,5750,32083,186712710,34980000000,6000000
20181119,075130,플랜티넷,KOSDAQ,벤처기업부,4415,20,0.46,4425,4425,4380,8806,38882605,39558400000,8960000
20181119,023770,플레이위드,KOSDAQ,중견기업부,6330,150,2.43,6120,6360,6120,1642,10252730,21907180500,3460850
20181119,032580,피델릭스,KOSDAQ,벤처기업부,1790,5,0.28,1780,1835,1770,152823,273033820,38379493820,21441058
20181119,051380,피씨디렉트,KOSDAQ,중견기업부,5000,30,0.60,4970,5210,4855,51399,257198815,37700680000,7540136
20181119,241820,피씨엘,KOSDAQ,기술성장기업부,9840,-140,-1.40,10100,10150,9400,83461,810948500,87981053760,8941164
20181119,237750,피앤씨테크,KOSDAQ,중견기업부,8700,310,3.69,8380,8820,8380,14746,127180640,56520420000,6496600
20181119,131390,피앤이솔루션,KOSDAQ,우량기업부,12400,100,0.81,12300,12600,12250,104608,1293605900,177072000000,14280000
20181119,054340,피앤텔,KOSDAQ,관리종목(소속부없음),668,0,0.00,0,0,0,0,0,20565442788,30786591
20181119,024850,피에스엠씨,KOSDAQ,중견기업부,880,10,1.15,876,886,871,70956,62309390,34079056880,38726201
20181119,031980,피에스케이,KOSDAQ,우량기업부,13100,0,0.00,13050,13250,12850,153572,2005619900,266344012400,20331604
20181119,002230,피에스텍,KOSDAQ,우량기업부,4295,-25,-0.58,4340,4380,4275,20247,87343745,84479398685,19669243
20181119,137400,피엔티,KOSDAQ,벤처기업부,11400,0,0.00,11500,11650,11200,95868,1092311550,100517767200,8817348
20181119,073570,피엠지파마,KOSDAQ,벤처기업부,6640,100,1.53,6540,7000,6540,26680,180234710,70160969040,10566411
20181119,128660,피제이메탈,KOSDAQ,중견기업부,2040,20,0.99,2020,2050,1995,53085,107275155,50598872760,24803369
20181119,006140,피제이전자,KOSDAQ,우량기업부,4460,20,0.45,4440,4480,4390,1087,4816740,66900000000,15000000
20181119,087600,픽셀플러스,KOSDAQ,중견기업부,7170,-30,-0.42,7100,7380,7040,21337,151383080,58554220860,8166558
20181119,064800,필링크,KOSDAQ,중견기업부,2215,100,4.73,2115,2235,2105,1442891,3170669400,136508514090,61629126
20181119,161580,필옵틱스,KOSDAQ,우량기업부,8430,410,5.11,8040,8470,8020,182249,1515214940,145606315140,17272398
20181119,270520,하나금융10호스팩,KOSDAQ,SPAC(소속부없음),2085,-5,-0.24,2095,2095,2085,411,857225,9595170000,4602000
20181119,284620,하나금융11호스팩,KOSDAQ,SPAC(소속부없음),2045,0,0.00,2035,2060,2035,3457,7063015,11045045000,5401000
20181119,261200,하나금융9호스팩,KOSDAQ,SPAC(소속부없음),2060,0,0.00,2060,2060,2060,852,1755120,8775600000,4260000
20181119,067310,하나마이크론,KOSDAQ,중견기업부,3830,0,0.00,3850,3900,3820,63020,242224790,87044708740,22727078
20181119,166090,하나머티리얼즈,KOSDAQ,우량기업부,14450,-350,-2.36,14900,15150,14350,142743,2089449600,277678049300,19216474
20181119,136480,하림,KOSDAQ,우량기업부,2810,115,4.27,2700,2810,2700,357032,992776680,244318085780,86945938
20181119,003380,하림지주,KOSDAQ,우량기업부,11100,50,0.45,11000,11200,10950,133968,1481733050,1038784597800,93584198
20181119,149980,하이로닉,KOSDAQ,벤처기업부,5370,110,2.09,5220,5390,5220,87295,464993250,75688780650,14094745
20181119,013030,하이록코리아,KOSDAQ,우량기업부,19650,150,0.77,19300,19850,19300,22320,435862750,267500008800,13613232
20181119,126700,하이비젼시스템,KOSDAQ,우량기업부,10050,-150,-1.47,10200,10300,9990,174251,1758161890,150168225600,14942112
20181119,200470,하이셈,KOSDAQ,중견기업부,5260,-510,-8.84,5770,5770,5190,704517,3756942000,92332356800,17553680
20181119,221840,하이즈항공,KOSDAQ,중견기업부,6040,10,0.17,6070,6100,5990,20438,123865880,106884848680,17696167
20181119,106190,하이텍팜,KOSDAQ,우량기업부,15150,-50,-0.33,15400,15400,14700,27339,408809050,107395047300,7088782
20181119,066130,하츠,KOSDAQ,우량기업부,3840,70,1.86,3800,3860,3770,35977,137396425,49152000000,12800000
20181119,240540,한국4호스팩,KOSDAQ,SPAC(소속부없음),2080,-5,-0.24,2080,2080,2050,16721,34426200,11440000000,5500000
20181119,004590,한국가구,KOSDAQ,중견기업부,21800,650,3.07,21100,22200,20550,1736,36927150,65400000000,3000000
20181119,039340,한국경제TV,KOSDAQ,우량기업부,3895,115,3.04,3780,3900,3740,82500,317527030,89585000000,23000000
20181119,034950,한국기업평가,KOSDAQ,중견기업부,50000,-1000,-1.96,50000,50900,49950,7541,377559600,227025700000,4540514
20181119,222980,한국맥널티,KOSDAQ,벤처기업부,11850,350,3.04,11350,11850,11200,50565,586906300,58953750000,4975000
20181119,025550,한국선재,KOSDAQ,우량기업부,2740,0,0.00,2765,2785,2705,140020,382451505,67190975960,24522254
20181119,017890,한국알콜,KOSDAQ,우량기업부,7240,0,0.00,7290,7290,7150,71288,514853470,156425702400,21605760
20181119,080720,한국유니온제약,KOSDAQ,벤처기업부,15150,400,2.71,14750,15450,14700,104139,1564485100,89441479200,5903728
20181119,063570,한국전자금융,KOSDAQ,우량기업부,11500,-100,-0.86,11500,11800,11500,139255,1614072300,398425872000,34645728
20181119,041460,한국전자인증,KOSDAQ,중견기업부,3830,170,4.64,3665,3985,3665,258636,996245115,82188923670,21459249
20181119,101680,한국정밀기계,KOSDAQ,관리종목(소속부없음),2410,0,0.00,0,0,0,0,0,20253640000,8404000
20181119,039740,한국정보공학,KOSDAQ,중견기업부,3200,0,0.00,3170,3200,3140,4907,15668305,25658870400,8018397
20181119,053300,한국정보인증,KOSDAQ,중견기업부,3905,185,4.97,3720,4050,3715,143910,563526920,121699325000,31165000
20181119,025770,한국정보통신,KOSDAQ,우량기업부,8820,-10,-0.11,8850,8880,8730,85170,748906880,342328393260,38812743
20181119,271740,한국제5호스팩,KOSDAQ,SPAC(소속부없음),2045,0,0.00,0,0,0,0,0,8180000000,4000000
20181119,281410,한국제6호스팩,KOSDAQ,SPAC(소속부없음),2085,0,0.00,2090,2090,2055,13982,28979825,9403350000,4510000
20181119,291210,한국제7호스팩,KOSDAQ,SPAC(소속부없음),2045,0,0.00,0,0,0,0,0,10347700000,5060000
20181119,023760,한국캐피탈,KOSDAQ,우량기업부,612,2,0.33,611,614,607,15606,9538084,102944260512,168209576
20181119,054040,한국컴퓨터,KOSDAQ,우량기업부,2540,15,0.59,2525,2590,2490,40429,102175345,40821076600,16071290
20181119,050540,한국코퍼레이션,KOSDAQ,중견기업부,2905,-40,-1.36,2960,3050,2825,88762,256960120,76438803105,26312841
20181119,021650,한국큐빅,KOSDAQ,벤처기업부,2075,0,0.00,2075,2100,2030,31798,65743035,33927418225,16350563
20181119,053590,한국테크놀로지,KOSDAQ,벤처기업부,720,-8,-1.10,729,736,717,253849,183591237,48224987280,66979149
20181119,037230,한국팩키지,KOSDAQ,중견기업부,1920,15,0.79,1915,1935,1900,67415,129044745,48000000000,25000000
20181119,030520,한글과컴퓨터,KOSDAQ,우량기업부,13300,50,0.38,13400,13450,13050,136458,1805057550,306993406300,23082211
20181119,052600,한네트,KOSDAQ,중견기업부,2370,25,1.07,2340,2380,2335,32418,76257465,27405969000,11563700
20181119,092460,한라IMS,KOSDAQ,벤처기업부,6920,10,0.14,6770,6930,6770,6544,44999290,79299753840,11459502
20181119,047080,한빛소프트,KOSDAQ,중견기업부,3140,35,1.13,3110,3185,3095,51370,161292190,77808685040,24779836
20181119,070300,한솔시큐어,KOSDAQ,중견기업부,4725,60,1.29,4660,4750,4600,17509,82118850,34804699650,7366074
20181119,221610,한솔씨앤피,KOSDAQ,중견기업부,5800,190,3.39,5890,5940,5640,35214,204324840,23163303400,3993673
20181119,070590,한솔인티큐브,KOSDAQ,투자주의환기종목(소속부없음),2095,5,0.24,2005,2125,2005,35430,72532065,29077596495,13879521
20181119,226440,한송네오텍,KOSDAQ,중견기업부,1855,5,0.27,1895,1900,1845,1606654,3003449170,70862869840,38201008
20181119,042520,한스바이오메드,KOSDAQ,벤처기업부,26000,-50,-0.19,26050,26500,25700,26235,682133550,256304282000,9857857
20181119,078350,한양디지텍,KOSDAQ,중견기업부,3880,40,1.04,3840,3900,3740,82402,316814425,38800000000,10000000
20181119,045100,한양이엔지,KOSDAQ,우량기업부,13500,-100,-0.74,13550,13650,13350,158159,2125971900,243000000000,18000000
20181119,046110,한일네트웍스,KOSDAQ,벤처기업부,4780,5,0.10,4845,4850,4735,24170,115246765,57141205060,11954227
20181119,024740,한일단조,KOSDAQ,중견기업부,1185,25,2.16,1160,1200,1140,264634,310479060,35421223680,29891328
20181119,005860,한일사료,KOSDAQ,중견기업부,1805,20,1.12,1790,1845,1785,225249,408460135,71123651425,39403685
20181119,123840,한일진공,KOSDAQ,중견기업부,1310,10,0.77,1295,1320,1290,118770,155135905,72021030660,54977886
20181119,007770,한일화학,KOSDAQ,중견기업부,11150,200,1.83,11050,11850,11000,24766,276666450,39136500000,3510000
20181119,079170,한창산업,KOSDAQ,중견기업부,5640,130,2.36,5700,5700,5540,1380,7706480,29328000000,5200000
20181119,086960,한컴MDS,KOSDAQ,우량기업부,14950,50,0.34,14950,15250,14750,18619,279139400,131987689600,8828608
20181119,054920,한컴시큐어,KOSDAQ,중견기업부,2925,65,2.27,2880,2965,2855,110592,322030820,41349414600,14136552
20181119,215090,한컴유니맥스,KOSDAQ,벤처기업부,1890,-5,-0.26,1875,1935,1875,87558,167271135,34307444430,18152087
20181119,077280,한컴지엠디,KOSDAQ,중견기업부,2215,0,0.00,2215,2220,2165,10496,22962390,26062440885,11766339
20181119,002680,한탑,KOSDAQ,중견기업부,2270,75,3.42,2150,2350,2150,101917,234359275,47216000000,20800000
20181119,066110,한프,KOSDAQ,중견기업부,1235,0,0.00,1265,1265,1225,64317,79622160,56123842645,45444407
20181119,265920,한화수성스팩,KOSDAQ,SPAC(소속부없음),2075,0,0.00,0,0,0,0,0,9213000000,4440000
20181119,264290,한화에이스스팩3호,KOSDAQ,SPAC(소속부없음),2080,-15,-0.72,2075,2090,2055,25029,51835735,6406400000,3080000
20181119,279410,한화에이스스팩4호,KOSDAQ,SPAC(소속부없음),2070,-10,-0.48,2070,2070,2070,8643,17891010,7234650000,3495000
20181119,102210,해덕파워웨이,KOSDAQ,중견기업부,1495,-15,-0.99,1530,1555,1490,3040297,4623849745,110176125475,73696405
20181119,220630,해마로푸드서비스,KOSDAQ,우량기업부,2340,45,1.96,2295,2340,2260,639824,1476180515,219720819240,93897786
20181119,034810,해성산업,KOSDAQ,중견기업부,11100,-350,-3.06,11500,11500,10700,6855,76639250,108558000000,9780000
20181119,076610,해성옵틱스,KOSDAQ,벤처기업부,3130,340,12.19,2840,3190,2670,2072256,6318379910,52192750000,16675000
20181119,220180,핸디소프트,KOSDAQ,벤처기업부,5590,350,6.68,5170,5860,5170,424715,2396509310,41718220310,7463009
20181119,008800,행남사,KOSDAQ,관리종목(소속부없음),3460,25,0.73,3495,3495,3275,106456,362204375,87714750640,25351084
20181119,900270,헝셩그룹,KOSDAQ,외국기업(소속부없음),1555,-10,-0.64,1585,1680,1520,15996379,25740501720,124400000000,80000000
20181119,170030,현대공업,KOSDAQ,우량기업부,2510,10,0.40,2510,2570,2465,57367,143932185,38503400000,15340000
20181119,048410,현대바이오,KOSDAQ,중견기업부,6730,100,1.51,6700,6740,6590,1380780,9198007980,226927921070,33718859
20181119,016790,현대사료,KOSDAQ,중견기업부,20600,200,0.98,20750,21150,20600,127246,2649418700,126700011600,6150486
20181119,026180,현대정보기술,KOSDAQ,중견기업부,1655,80,5.08,1585,1670,1585,77781,125905335,98534057725,59537195
20181119,039010,현대통신,KOSDAQ,벤처기업부,10250,100,0.99,10150,10300,10050,47850,486070350,88406250000,8625000
20181119,204990,현성바이탈,KOSDAQ,중견기업부,2630,-85,-3.13,2705,2745,2620,256127,685659490,83239823490,31650123
20181119,092300,현우산업,KOSDAQ,중견기업부,3155,-10,-0.32,3230,3230,3105,20059,62983325,45171106740,14317308
20181119,053660,현진소재,KOSDAQ,투자주의환기종목(소속부없음),3525,430,13.89,3130,3640,3130,1525745,5281386500,74729168100,21199764
20181119,011080,형지I&C,KOSDAQ,중견기업부,740,4,0.54,736,765,736,21772,16241088,28827194320,38955668
20181119,060560,홈센타홀딩스,KOSDAQ,벤처기업부,1320,80,6.45,1260,1325,1245,180810,235188390,112002498960,84850378
20181119,064240,홈캐스트,KOSDAQ,중견기업부,6230,-10,-0.16,6240,6420,6190,500409,3145509110,201094618900,32278430
20181119,039610,화성밸브,KOSDAQ,중견기업부,13900,600,4.51,13550,14250,13450,521337,7223534000,101192000000,7280000
20181119,126640,화신정공,KOSDAQ,우량기업부,1045,20,1.95,1030,1060,1030,29198,30475540,38010711915,36373887
20181119,086250,화신테크,KOSDAQ,중견기업부,6320,-560,-8.14,6850,6910,5630,1074767,6703860570,61304000000,9700000
20181119,204630,화이브라더스코리아,KOSDAQ,중견기업부,3235,-15,-0.46,3250,3350,3155,67114,219863610,92564591625,28613475
20181119,061250,화일약품,KOSDAQ,우량기업부,7000,150,2.19,6800,7040,6800,38367,267275240,100876706000,14410958
20181119,134780,화진,KOSDAQ,관리종목(소속부없음),3060,0,0.00,0,0,0,0,0,73560710880,24039448
20181119,097870,효성오앤비,KOSDAQ,중견기업부,8890,270,3.13,8800,8940,8650,46167,407479940,75476100000,8490000
20181119,050090,휘닉스소재,KOSDAQ,중견기업부,655,2,0.31,663,663,651,246456,161360745,45286007010,69138942
20181119,290270,휴네시온,KOSDAQ,벤처기업부,10000,-100,-0.99,10100,10250,9950,47448,476137410,48038360000,4803836
20181119,205470,휴마시스,KOSDAQ,기술성장기업부,1460,15,1.04,1465,1475,1440,201225,292620745,40477053140,27724009
20181119,115160,휴맥스,KOSDAQ,중견기업부,4930,255,5.45,4690,4950,4655,77436,375464365,117885164140,23911798
20181119,028080,휴맥스홀딩스,KOSDAQ,중견기업부,2960,55,1.89,2980,2980,2895,8404,24553315,37229417760,12577506
20181119,200670,휴메딕스,KOSDAQ,벤처기업부,26500,-250,-0.93,26400,27100,26050,37806,996903850,247715454500,9347753
20181119,065510,휴비츠,KOSDAQ,우량기업부,8520,200,2.40,8270,8560,8270,34666,294179180,101242060920,11882871
20181119,243070,휴온스,KOSDAQ,우량기업부,73300,600,0.83,73200,74300,72300,38746,2842304800,598720630500,8168085
20181119,084110,휴온스글로벌,KOSDAQ,우량기업부,44900,900,2.05,44150,44900,43750,47762,2120317900,467153025100,10404299
20181119,145020,휴젤,KOSDAQ,우량기업부,308300,14800,5.04,306000,317500,297700,32406,9987681600,1343634601500,4358205
20181119,024060,흥구석유,KOSDAQ,중견기업부,3155,5,0.16,3125,3230,3125,482127,1531098630,47325000000,15000000
20181119,010240,흥국,KOSDAQ,중견기업부,4400,90,2.09,4315,4430,4315,56754,248480385,54219862400,12322696
20181119,189980,흥국에프엔비,KOSDAQ,중견기업부,7240,50,0.70,7210,7320,7100,10647,76222920,53150946840,7341291
20181119,037440,희림,KOSDAQ,중견기업부,4330,65,1.52,4265,4350,4265,19651,84709570,60284316750,13922475
20181119,238490,힘스,KOSDAQ,우량기업부,12750,-50,-0.39,13750,14100,12750,667691,9081652350,68201471250,5349135
