BAS_DD,ISU_CD,ISU_NM,MKT_NM,SECT_TP_NM,TDD_CLSPRC,CMPPREVDD_PRC,FLUC_RT,TDD_OPNPRC,TDD_HGPRC,TDD_LWPRC,ACC_TRDVOL,ACC_TRDVAL,MKTCAP,LIST_SHRS
20191105,095570,AJ네트웍스,KOSPI,,4175,0,0.00,4190,4190,4135,78320,325607450,195483081625,46822295
20191105,068400,AJ렌터카,KOSPI,,11050,50,0.45,11000,11100,10950,61253,674991750,244716615000,22146300
20191105,006840,AK홀딩스,KOSPI,,32700,150,0.46,32800,33300,32250,15350,503268200,433195244700,13247561
20191105,027410,BGF,KOSPI,,5760,100,1.77,5650,5810,5650,163681,938609670,551328716160,95716791
20191105,282330,BGF리테일,KOSPI,,188500,1500,0.80,185000,190500,184500,16784,3158502000,3258016281000,17283906
20191105,138930,BNK금융지주,KOSPI,,7070,110,1.58,6960,7070,6890,647447,4546841230,2304362189220,325935246
20191105,001460,BYC,KOSPI,,237000,1000,0.42,236000,237000,235000,140,33066000,148033755000,624615
20191105,001465,BYC우,KOSPI,,126500,0,0.00,127000,127500,125500,76,9567000,27246202500,215385
20191105,001040,CJ,KOSPI,,92100,2900,3.25,89300,92500,88700,171522,15640090700,2687201515800,29176998
20191105,079160,CJ CGV,KOSPI,,35550,-50,-0.14,35150,36300,35150,80658,2891077700,752284677150,21161313
20191105,00104K,CJ4우(전환),KOSPI,,66800,2300,3.57,64700,66800,64000,18768,1229987700,282331001600,4226512
20191105,000120,CJ대한통운,KOSPI,,162500,-1000,-0.61,164000,164000,161000,34408,5569725500,3707005900000,22812344
20191105,011150,CJ씨푸드,KOSPI,,2985,-50,-1.65,3045,3045,2965,323899,967722405,107253357405,35930773
20191105,011155,CJ씨푸드1우,KOSPI,,31900,100,0.31,31700,32200,31650,1785,56648950,6380000000,200000
20191105,001045,CJ우,KOSPI,,42850,450,1.06,42350,43100,42300,10819,463230950,96850555550,2260223
20191105,097950,CJ제일제당,KOSPI,,245500,6500,2.72,239000,246500,237000,78413,19102568000,3695802663000,15054186
20191105,097955,CJ제일제당 우,KOSPI,,100000,500,0.50,99500,100500,99100,25364,2535229800,132743300000,1327433
20191105,037560,CJ헬로,KOSPI,,6490,150,2.37,6360,6530,6260,440014,2828050810,502630153850,77446865
20191105,000590,CS홀딩스,KOSPI,,57600,100,0.17,57500,57600,57100,250,14347600,66498163200,1154482
20191105,012030,DB,KOSPI,,775,-2,-0.26,780,780,769,183233,141489416,155909798075,201173933
20191105,016610,DB금융투자,KOSPI,,4320,-35,-0.80,4355,4375,4300,49291,213646970,183368400480,42446389
20191105,005830,DB손해보험,KOSPI,,52300,300,0.58,51500,52600,51500,108986,5672910500,3702840000000,70800000
20191105,000990,DB하이텍,KOSPI,,17400,150,0.87,17250,17550,16950,257857,4476043400,772535431200,44398588
20191105,000995,DB하이텍1우,KOSPI,,37450,-150,-0.40,38100,38100,37100,265,9864500,4206234200,112316
20191105,139130,DGB금융지주,KOSPI,,7030,110,1.59,6920,7040,6890,551349,3849454000,1189095205990,169145833
20191105,001530,DI동일,KOSPI,,73900,900,1.23,73000,74600,72900,2204,162664500,178942938000,2421420
20191105,004840,DRB동일,KOSPI,,5450,-30,-0.55,5480,5520,5450,9732,53192270,108618500000,19930000
20191105,155660,DSR,KOSPI,,4120,65,1.60,4065,4150,4060,35272,145205540,65920000000,16000000
20191105,069730,DSR제강,KOSPI,,4210,75,1.81,4180,4225,4175,27040,113577805,60624000000,14400000
20191105,017940,E1,KOSPI,,49700,50,0.10,49850,49900,49300,5322,263819200,340942000000,6860000
20191105,007700,F&F,KOSPI,,102500,1000,0.99,101500,105000,101000,34489,3548629500,1578500000000,15400000
20191105,114090,GKL,KOSPI,,21750,-250,-1.14,21900,22100,21650,62401,1365321300,1345360822500,61855670
20191105,078930,GS,KOSPI,,50500,500,1.00,50000,50600,49850,96731,4861688200,4692226589000,92915378
20191105,006360,GS건설,KOSPI,,32750,1100,3.48,31650,32750,31600,421287,13608227450,2617523052000,79924368
20191105,001250,GS글로벌,KOSPI,,2400,0,0.00,2410,2415,2380,69515,166651955,198081033600,82533764
20191105,007070,GS리테일,KOSPI,,38950,300,0.78,38650,39100,38250,104246,4043037950,2999150000000,77000000
20191105,078935,GS우,KOSPI,,37100,100,0.27,37250,37250,36750,2004,74185450,66217044600,1784826
20191105,012630,HDC,KOSPI,,12400,350,2.90,12250,12800,12200,486307,6081278650,740797340400,59741721
20191105,039570,HDC아이콘트롤스,KOSPI,,9740,10,0.10,9730,9770,9680,4891,47579450,160320400000,16460000
20191105,089470,HDC현대EP,KOSPI,,4530,30,0.67,4500,4540,4490,18042,81384540,144507000000,31900000
20191105,294870,HDC현대산업개발,KOSPI,,32550,700,2.20,31900,32700,31750,149096,4837940850,1430189061000,43938220
20191105,082740,HSD엔진,KOSPI,,3895,-110,-2.75,4000,4075,3890,206194,815202440,128329118090,32947142
20191105,003560,IHQ,KOSPI,,1785,50,2.88,1740,1795,1725,1006094,1766414340,261030810180,146235748
20191105,175330,JB금융지주,KOSPI,,5440,30,0.55,5420,5440,5390,146901,795689260,1071586943360,196982894
20191105,234080,JW생명과학,KOSPI,,20650,-350,-1.67,20900,21050,20500,81416,1680901550,326983540100,15834554
20191105,001060,JW중외제약,KOSPI,,30200,400,1.34,30000,30450,29550,74424,2237447800,613604264400,20318022
20191105,001067,JW중외제약2우B,KOSPI,,39250,-50,-0.13,39850,39850,38700,191,7483400,3445757500,87790
20191105,001065,JW중외제약우,KOSPI,,26900,800,3.07,26100,26900,25950,1232,32543300,4502387500,167375
20191105,096760,JW홀딩스,KOSPI,,6540,80,1.24,6500,6670,6370,236449,1549839890,421966712160,64520904
20191105,105560,KB금융,KOSPI,,43950,750,1.74,43250,43950,43100,1146644,49951159450,18376002051150,418111537
20191105,002380,KCC,KOSPI,,239500,500,0.21,236000,242000,235500,21653,5172838500,2528284863500,10556513
20191105,009070,KCTC,KOSPI,,2890,10,0.35,2890,2925,2870,28977,83971860,86700000000,30000000
20191105,009440,KC그린홀딩스,KOSPI,,4495,-5,-0.11,4500,4565,4465,38957,175480085,100845235100,22434980
20191105,119650,KC코트렐,KOSPI,,7120,-60,-0.84,7250,7480,7110,523947,3816007230,92560000000,13000000
20191105,092220,KEC,KOSPI,,1005,5,0.50,1005,1015,1000,597364,601057600,117290474700,116706940
20191105,001390,KG케미칼,KOSPI,,11200,400,3.70,10900,11200,10800,53314,589112150,145748198400,13013232
20191105,001940,KISCO홀딩스,KOSPI,,12850,-50,-0.39,12850,12900,12600,9012,115210850,237421483000,18476380
20191105,025000,KPX케미칼,KOSPI,,54500,-100,-0.18,54300,54700,54300,158,8614200,263780000000,4840000
20191105,092230,KPX홀딩스,KOSPI,,54000,-300,-0.55,54300,54300,53700,1367,73670100,228130884000,4224646
20191105,000040,KR모터스,KOSPI,,494,1,0.20,493,495,490,149008,73375029,93585373050,189444075
20191105,044450,KSS해운,KOSPI,,7350,-20,-0.27,7430,7430,7320,22599,167015940,170416218000,23185880
20191105,030200,KT,KOSPI,,26550,-100,-0.38,26600,26750,26550,964027,25645327700,6932518502400,261111808
20191105,033780,KT&G,KOSPI,,100500,-1500,-1.47,102000,102000,99900,367540,36892476300,13797895948500,137292497
20191105,030210,KTB투자증권,KOSPI,,2400,-5,-0.21,2420,2430,2385,184864,443751860,144753820800,60314092
20191105,058850,KTcs,KOSPI,,2080,-15,-0.72,2095,2100,2075,159138,331196405,88784800000,42685000
20191105,058860,KTis,KOSPI,,2220,-5,-0.22,2225,2225,2205,18160,40182360,77260440000,34802000
20191105,093050,LF,KOSPI,,19650,-350,-1.75,20000,20050,19650,74310,1465573850,574566000000,29240000
20191105,003550,LG,KOSPI,,72200,1300,1.83,70600,72500,70600,180743,12978074400,12458624858200,172557131
20191105,034220,LG디스플레이,KOSPI,,14550,750,5.43,13850,14600,13850,2978553,42625408800,5206218435000,357815700
20191105,001120,LG상사,KOSPI,,15600,-150,-0.95,15750,15850,15600,92504,1449921450,604656000000,38760000
20191105,051900,LG생활건강,KOSPI,,1258000,-2000,-0.16,1260000,1262000,1244000,37913,47446837000,19647691826000,15618197
20191105,051905,LG생활건강우,KOSPI,,765000,14000,1.86,753000,765000,749000,2604,1978732000,1606268205000,2099697
20191105,003555,LG우,KOSPI,,45900,900,2.00,45300,46050,45200,6297,287583250,152143674300,3314677
20191105,032640,LG유플러스,KOSPI,,13550,350,2.65,13250,13650,13150,1548923,20902401700,5916083941550,436611361
20191105,011070,LG이노텍,KOSPI,,123000,500,0.41,122500,123500,121500,102442,12563783500,2911054161000,23667107
20191105,066570,LG전자,KOSPI,,68300,1200,1.79,67200,68400,67200,549499,37328955700,11177145696200,163647814
20191105,066575,LG전자우,KOSPI,,28600,750,2.69,27900,28700,27850,31271,885276350,491519371200,17185992
20191105,108670,LG하우시스,KOSPI,,59700,300,0.51,59300,60000,59000,10980,654731500,535369899000,8967670
20191105,108675,LG하우시스우,KOSPI,,28450,50,0.18,28250,28450,28150,1004,28367300,29369788500,1032330
20191105,051910,LG화학,KOSPI,,321500,6500,2.06,316500,321500,316000,244050,77862026936,22695438274500,70592343
20191105,051915,LG화학우,KOSPI,,178000,3000,1.71,176000,178000,175500,11688,2072837500,1368606400000,7688800
20191105,079550,LIG넥스원,KOSPI,,33300,-150,-0.45,33350,33850,32800,104582,3496893450,732600000000,22000000
20191105,006260,LS,KOSPI,,49200,950,1.97,48500,49350,48050,76771,3760450600,1584240000000,32200000
20191105,000680,LS네트웍스,KOSPI,,2550,10,0.39,2540,2575,2505,10991,28013900,200947690800,78803016
20191105,010120,LS산전,KOSPI,,50600,1150,2.33,49500,51000,49400,102800,5187155400,1518000000000,30000000
20191105,229640,LS전선아시아,KOSPI,,7500,160,2.18,7360,7570,7300,160779,1198348370,229686592500,30624879
20191105,023150,MH에탄올,KOSPI,,6320,70,1.12,6260,6370,6250,6719,42549300,46632284320,7378526
20191105,035420,NAVER,KOSPI,,161500,-3000,-1.82,164000,164500,159500,662116,107586558000,26617363292500,164813395
20191105,181710,NHN,KOSPI,,60700,400,0.66,60300,61100,59900,30811,1864052100,1187597017500,19565025
20191105,005940,NH투자증권,KOSPI,,12900,50,0.39,12850,13000,12750,852368,10965007400,3630174642300,281408887
20191105,005945,NH투자증권우,KOSPI,,9180,10,0.11,9200,9200,9140,49905,457961570,173235486240,18870968
20191105,034310,NICE,KOSPI,,19500,-300,-1.52,19700,19700,19400,13875,270844050,738704850000,37882300
20191105,008260,NI스틸,KOSPI,,2280,0,0.00,2250,2300,2250,40516,91859960,65208266760,28600117
20191105,004250,NPC,KOSPI,,4025,-5,-0.12,4030,4060,3990,27195,109254510,147798000000,36720000
20191105,004255,NPC우,KOSPI,,2310,-25,-1.07,2335,2355,2300,18438,42541420,12196800000,5280000
20191105,010060,OCI,KOSPI,,64700,500,0.78,64200,65000,63800,96708,6240461900,1543054303700,23849371
20191105,005490,POSCO,KOSPI,,219000,2000,0.92,218500,220500,218000,190973,41859292000,19093916865000,87186835
20191105,100840,S&TC,KOSPI,,17650,-50,-0.28,17650,17800,17450,22162,390156100,132493449150,7506711
20191105,064960,S&T모티브,KOSPI,,45000,200,0.45,44800,45200,44400,56747,2539320500,658041120000,14623136
20191105,003570,S&T중공업,KOSPI,,6000,20,0.33,5980,6010,5970,3968,23754520,199516182000,33252697
20191105,036530,S&T홀딩스,KOSPI,,15400,-100,-0.65,15400,15450,15050,14042,212842650,251079844400,16303886
20191105,010950,S-Oil,KOSPI,,101500,500,0.50,101500,102000,100500,157296,15942519500,11427153388000,112582792
20191105,010955,S-Oil우,KOSPI,,59700,-300,-0.50,59500,59900,59200,12359,734304800,240109041900,4021927
20191105,034120,SBS,KOSPI,,16400,-100,-0.61,16450,16650,16300,54590,897256050,299342344800,18252582
20191105,101060,SBS미디어홀딩스,KOSPI,,1960,-5,-0.25,1965,1970,1955,98015,192031120,274196532400,139896190
20191105,004060,SG세계물산,KOSPI,,996,24,2.47,973,1010,973,1428875,1416006887,201615260160,202424960
20191105,001380,SG충방,KOSPI,,1900,35,1.88,1865,1900,1860,200824,378957365,85431871700,44964143
20191105,002360,SH에너지화학,KOSPI,,1070,5,0.47,1070,1070,1055,534097,567524500,118913091100,111133730
20191105,009160,SIMPAC,KOSPI,,3230,-55,-1.67,3290,3290,3215,114351,370191380,211337336680,65429516
20191105,123700,SJM,KOSPI,,3105,-45,-1.43,3185,3200,3050,29236,91597895,48453208290,15604898
20191105,025530,SJM홀딩스,KOSPI,,3100,-30,-0.96,3105,3240,3095,9044,28279205,46295424800,14934008
20191105,034730,SK,KOSPI,,267500,-500,-0.19,268500,269000,266000,222141,59403571000,18821379447500,70360297
20191105,011790,SKC,KOSPI,,46000,-1100,-2.34,46950,47050,45850,200922,9287291450,1726589530000,37534555
20191105,018670,SK가스,KOSPI,,85200,100,0.12,85100,85400,84500,12194,1036170700,778879741200,9141781
20191105,001740,SK네트웍스,KOSPI,,6020,30,0.50,5990,6040,5900,1366489,8172126040,1494089634940,248187647
20191105,001745,SK네트웍스우,KOSPI,,92300,-2100,-2.22,94900,94900,90600,5031,464026900,10489710400,113648
20191105,006120,SK디스커버리,KOSPI,,23250,-250,-1.06,23500,23500,23100,19263,447443900,442630128750,19037855
20191105,006125,SK디스커버리우,KOSPI,,14900,50,0.34,15000,15000,14700,4297,63650150,20240979500,1358455
20191105,210980,SK디앤디,KOSPI,,29150,-150,-0.51,29200,29450,28000,13797,396789850,553563280600,18990164
20191105,03473K,SK우,KOSPI,,158000,500,0.32,157500,158500,156500,1891,297874000,89449330000,566135
20191105,096770,SK이노베이션,KOSPI,,161000,500,0.31,161000,162000,160000,167674,26997850000,14886955804000,92465564
20191105,096775,SK이노베이션우,KOSPI,,121000,1000,0.83,121000,121000,119500,3707,446077500,151059546000,1248426
20191105,001510,SK증권,KOSPI,,625,-5,-0.79,630,630,619,1161546,722999554,295368856875,472590171
20191105,001515,SK증권우,KOSPI,,2755,-35,-1.25,2890,2890,2730,33727,94327460,10778976070,3912514
20191105,285130,SK케미칼,KOSPI,,51000,100,0.20,50300,51400,50200,36097,1838870400,598811196000,11741396
20191105,28513K,SK케미칼우,KOSPI,,21700,0,0.00,21700,21700,21400,1872,40510350,31653139000,1458670
20191105,017670,SK텔레콤,KOSPI,,238000,2000,0.85,237000,238500,235500,184993,43836964000,19217479218000,80745711
20191105,000660,SK하이닉스,KOSPI,,85100,400,0.47,85100,85400,84600,1953720,166221898920,61953001261500,728002365
20191105,005610,SPC삼립,KOSPI,,93900,900,0.97,93500,94600,93100,3415,321164100,810263945100,8629009
20191105,011810,STX,KOSPI,,7680,70,0.92,7550,7730,7550,30093,229794620,151502607360,19726902
20191105,077970,STX엔진,KOSPI,,7530,60,0.80,7470,7700,7470,10766,81105220,173257047120,23008904
20191105,071970,STX중공업,KOSPI,,2565,75,3.01,2490,2595,2490,138630,353149265,72029640015,28081731
20191105,084870,TBH글로벌,KOSPI,,2685,-70,-2.54,2790,2790,2680,116807,315717345,56000559015,20856819
20191105,002710,TCC스틸,KOSPI,,2875,0,0.00,2875,2900,2870,13869,39902930,64234687500,22342500
20191105,024070,WISCOM,KOSPI,,2645,5,0.19,2640,2660,2640,10005,26476835,40538428510,15326438
20191105,037270,YG PLUS,KOSPI,,1290,-15,-1.15,1290,1320,1280,59695,77221810,75040208160,58170704
20191105,000500,가온전선,KOSPI,,18150,150,0.83,18000,18300,18000,942,16976050,75510298050,4160347
20191105,000860,강남제비스코,KOSPI,,22150,-50,-0.23,22150,22150,21900,4749,104313050,143975000000,6500000
20191105,035250,강원랜드,KOSPI,,30350,-900,-2.88,31000,31400,30250,469702,14358226000,6493094175000,213940500
20191105,011420,갤럭시아에스엠,KOSPI,,1910,-50,-2.55,1960,1975,1870,214587,411152935,52619820040,27549644
20191105,002100,경농,KOSPI,,13100,50,0.38,13400,13450,13050,92833,1227377250,284161925000,21691750
20191105,009450,경동나비엔,KOSPI,,44700,-450,-1.00,45250,45350,44550,56990,2553634750,569456097000,12739510
20191105,267290,경동도시가스,KOSPI,,26500,50,0.19,26450,26650,26350,2611,69095450,125002169500,4717063
20191105,012320,경동인베스트,KOSPI,,33050,250,0.76,32800,33300,32700,3552,116937850,78164010150,2365023
20191105,000050,경방,KOSPI,,10000,-50,-0.50,10050,10050,9930,2654,26427100,274152700000,27415270
20191105,214390,경보제약,KOSPI,,8660,130,1.52,8580,8810,8500,71718,618202770,207033407600,23906860
20191105,012610,경인양행,KOSPI,,8750,-50,-0.57,8750,8870,8680,605399,5311253680,355918193750,40676365
20191105,009140,경인전자,KOSPI,,20700,100,0.49,20600,20850,20550,1682,34872000,32515497900,1570797
20191105,013580,계룡건설,KOSPI,,22050,250,1.15,21750,22250,21650,2875,63182700,196926499350,8930907
20191105,012200,계양전기,KOSPI,,2835,30,1.07,2800,2850,2800,41635,117373075,92421000000,32600000
20191105,012205,계양전기우,KOSPI,,7140,140,2.00,7050,7200,6980,5513,39126520,9996000000,1400000
20191105,004200,고려개발,KOSPI,,9550,-10,-0.10,9620,9620,9490,6312,60102390,145345690200,15219444
20191105,002140,고려산업,KOSPI,,3625,60,1.68,3565,3735,3535,1126364,4085033225,90405415625,24939425
20191105,010130,고려아연,KOSPI,,442500,4500,1.03,440500,442500,437000,23866,10513919000,8349975000000,18870000
20191105,002240,고려제강,KOSPI,,22150,0,0.00,21900,22400,21900,4329,96007650,443000000000,20000000
20191105,009290,광동제약,KOSPI,,7250,10,0.14,7260,7260,7170,148213,1070349870,380051169750,52420851
20191105,017040,광명전기,KOSPI,,2250,5,0.22,2280,2290,2250,144763,327719470,97509633750,43337615
20191105,017900,광전자,KOSPI,,2140,15,0.71,2125,2140,2110,28271,60106805,123999652820,57943763
20191105,037710,광주신세계,KOSPI,,177000,3000,1.72,173000,177000,173000,1229,215630000,283200000000,1600000
20191105,030610,교보증권,KOSPI,,9440,90,0.96,9310,9440,9290,22476,210322950,339840000000,36000000
20191105,007690,국도화학,KOSPI,,47150,-450,-0.95,47800,47850,46650,10475,492113300,273970544400,5810616
20191105,005320,국동,KOSPI,,1520,-15,-0.98,1535,1535,1500,580349,880067235,41946157120,27596156
20191105,002720,국제약품,KOSPI,,4810,70,1.48,4785,4880,4670,554028,2655426870,88506501200,18400520
20191105,083420,그린케미칼,KOSPI,,3790,-15,-0.39,3820,3820,3785,20018,76030040,75800000000,20000000
20191105,014530,극동유화,KOSPI,,3435,-5,-0.15,3450,3465,3420,34883,119716085,119776457700,34869420
20191105,014280,금강공업,KOSPI,,3970,0,0.00,3955,3995,3955,34278,136206250,96954224430,24421719
20191105,014285,금강공업우,KOSPI,,8660,-10,-0.12,8790,8790,8620,3611,31262520,5108317500,589875
20191105,008870,금비,KOSPI,,63000,200,0.32,62900,63300,62100,476,29826200,63000000000,1000000
20191105,001570,금양,KOSPI,,2355,0,0.00,2375,2375,2320,140856,329558190,103733357925,44048135
20191105,002990,금호산업,KOSPI,,14350,1150,8.71,13500,14800,13300,918298,12905997350,517107258150,36035349
20191105,002995,금호산업우,KOSPI,,62900,9900,18.68,54800,64200,53800,157095,9420571200,18383531400,292266
20191105,011780,금호석유,KOSPI,,74600,800,1.08,74000,74700,73100,257056,19063094700,2272889748600,30467691
20191105,011785,금호석유우,KOSPI,,31300,350,1.13,30900,31500,30750,5248,163139450,94635111800,3023486
20191105,214330,금호에이치티,KOSPI,,5430,-10,-0.18,5440,5650,5250,135549,730412540,125029637880,23025716
20191105,001210,금호전기,KOSPI,,3400,465,15.84,3190,3815,3185,11673447,42941887850,33786412000,9937180
20191105,073240,금호타이어,KOSPI,,4305,15,0.35,4300,4340,4250,217173,932161000,1236655535535,287260287
20191105,092440,기신정기,KOSPI,,3640,-5,-0.14,3650,3655,3620,6102,22159185,106288000000,29200000
20191105,000270,기아차,KOSPI,,42800,300,0.71,42400,43050,42350,837623,35761264750,17349551251600,405363347
20191105,024110,기업은행,KOSPI,,12200,100,0.83,12100,12200,12050,1022321,12419919600,7041315143800,577156979
20191105,013700,까뮤이앤씨,KOSPI,,1240,-10,-0.80,1255,1260,1235,68266,84876360,55988827200,45152280
20191105,004540,깨끗한나라,KOSPI,,2305,50,2.22,2270,2340,2270,111818,257645725,85839797365,37240693
20191105,004545,깨끗한나라우,KOSPI,,17000,50,0.29,17100,17250,16900,3757,64089700,6224720000,366160
20191105,074610,나노메딕스,KOSPI,,11400,-900,-7.32,12000,12150,11100,6641218,76827290900,389317147800,34150627
20191105,001260,남광토건,KOSPI,,11900,-50,-0.42,12200,12200,11650,54713,651593250,116946012400,9827396
20191105,008350,남선알미늄,KOSPI,,3865,-45,-1.15,3915,3925,3815,4420229,17057446480,425842182850,110179090
20191105,008355,남선알미우,KOSPI,,35250,-450,-1.26,35550,35800,35000,7155,252767600,10853122500,307890
20191105,004270,남성,KOSPI,,3490,55,1.60,3450,3620,3450,2489012,8822407455,126380438400,36212160
20191105,003920,남양유업,KOSPI,,472000,-1500,-0.32,473500,474500,469500,409,192892000,339840000000,720000
20191105,003925,남양유업우,KOSPI,,170000,0,0.00,169500,170500,168000,5550,932490000,28332540000,166662
20191105,002070,남영비비안,KOSPI,,20100,450,2.29,19600,20150,18750,93494,1809481150,138045694500,6867945
20191105,025860,남해화학,KOSPI,,8580,80,0.94,8530,8630,8510,60120,516372490,426244472940,49678843
20191105,005720,넥센,KOSPI,,5860,-30,-0.51,5900,5940,5830,48482,283989700,313767705220,53543977
20191105,005725,넥센우,KOSPI,,3375,10,0.30,3315,3500,3315,2214,7472715,12152025000,3600600
20191105,002350,넥센타이어,KOSPI,,9820,0,0.00,9860,9940,9730,173166,1704221110,959098552140,97667877
20191105,002355,넥센타이어1우B,KOSPI,,3525,10,0.28,3495,3535,3495,3687,13006540,22912500000,6500000
20191105,003580,넥스트사이언스,KOSPI,,7140,-540,-7.03,7520,7550,6970,2346331,16912222460,198095694300,27744495
20191105,251270,넷마블,KOSPI,,91800,0,0.00,91900,92200,91000,181049,16616416700,7871080348800,85741616
20191105,090350,노루페인트,KOSPI,,7980,80,1.01,7920,7980,7800,58974,465385010,159600000000,20000000
20191105,090355,노루페인트우,KOSPI,,12250,-50,-0.41,12250,12300,12050,1379,16872350,5673293500,463126
20191105,000320,노루홀딩스,KOSPI,,12500,0,0.00,12550,12550,12300,35979,439534600,166139387500,13291151
20191105,000325,노루홀딩스우,KOSPI,,18150,50,0.28,18100,18200,18000,699,12675450,3362287500,185250
20191105,006280,녹십자,KOSPI,,124500,-1000,-0.80,125500,126000,124000,21356,2661386500,1454973981000,11686538
20191105,005250,녹십자홀딩스,KOSPI,,20900,-100,-0.48,20900,21200,20750,34345,718765450,982889589000,47028210
20191105,005257,녹십자홀딩스2우,KOSPI,,18100,-200,-1.09,18300,18350,17650,11456,204957100,15312419000,845990
20191105,004370,농심,KOSPI,,251500,500,0.20,248000,254000,248000,7447,1873456000,1529784463000,6082642
20191105,072710,농심홀딩스,KOSPI,,88100,200,0.23,87500,88100,87200,1190,104413900,408589299000,4637790
20191105,058730,다스코,KOSPI,,5580,120,2.20,5500,5600,5490,31263,173222130,85932000000,15400000
20191105,023590,다우기술,KOSPI,,18750,100,0.54,18650,18800,18450,75632,1411710850,841249068750,44866617
20191105,019680,대교,KOSPI,,6380,-20,-0.31,6390,6410,6320,26034,166110440,540404183000,84702850
20191105,019685,대교우B,KOSPI,,4200,10,0.24,4215,4220,4195,10370,43569335,81593358000,19426990
20191105,006370,대구백화점,KOSPI,,5590,-10,-0.18,5600,5600,5500,3928,21861480,60492805490,10821611
20191105,008060,대덕전자,KOSPI,,10550,0,0.00,10650,10650,10400,481048,5061895050,822973554600,78006972
20191105,00806K,대덕전자1우,KOSPI,,6300,-20,-0.32,6330,6330,6270,4181,26336180,20839618800,3307876
20191105,000490,대동공업,KOSPI,,6300,240,3.96,6100,6400,6100,187932,1180906600,149487723000,23728210
20191105,008110,대동전자,KOSPI,,3500,20,0.57,3445,3535,3445,2746,9557890,36716564500,10490447
20191105,005750,대림B&Co,KOSPI,,4000,0,0.00,4015,4035,3965,10565,42172255,66688960000,16672240
20191105,000210,대림산업,KOSPI,,93900,800,0.86,93200,94100,92400,96834,9063845200,3267720000000,34800000
20191105,000215,대림산업우,KOSPI,,39800,100,0.25,39650,40000,39600,3259,129556750,151240000000,3800000
20191105,004440,대림씨엔에스,KOSPI,,7570,170,2.30,7400,7570,7400,12768,95995570,96380838790,12731947
20191105,006570,대림통상,KOSPI,,4060,60,1.50,4005,4100,4005,719,2900065,61813500000,15225000
20191105,001680,대상,KOSPI,,21650,-150,-0.69,21800,21800,21600,71652,1554178200,750129741250,34648025
20191105,001685,대상우,KOSPI,,12800,-50,-0.39,12900,12900,12800,391,5021100,17538854400,1370223
20191105,084690,대상홀딩스,KOSPI,,6800,100,1.49,6670,6800,6670,12707,85829030,246245258400,36212538
20191105,084695,대상홀딩스우,KOSPI,,6120,60,0.99,6060,6150,6060,2323,14154570,5590509840,913482
20191105,128820,대성산업,KOSPI,,3755,-40,-1.05,3755,3795,3705,131024,490651625,169859219890,45235478
20191105,117580,대성에너지,KOSPI,,5440,-30,-0.55,5490,5490,5420,4955,26966260,149600000000,27500000
20191105,016710,대성홀딩스,KOSPI,,7980,0,0.00,7990,8000,7980,933,7458190,128393882820,16089459
20191105,003540,대신증권,KOSPI,,12800,0,0.00,12800,12850,12700,95845,1224984800,649899520000,50773400
20191105,003547,대신증권2우B,KOSPI,,8670,10,0.12,8670,8680,8660,10329,89601500,86700000000,10000000
20191105,003545,대신증권우,KOSPI,,9470,20,0.21,9460,9480,9390,43608,412312300,246220000000,26000000
20191105,009190,대양금속,KOSPI,,16700,200,1.21,16600,17400,16500,121361,2054947650,205709481100,12317933
20191105,014160,대영포장,KOSPI,,1110,20,1.83,1095,1120,1085,1007855,1111296965,120317949390,108394549
20191105,047040,대우건설,KOSPI,,4740,185,4.06,4550,4770,4530,1661776,7816320455,1970051304120,415622638
20191105,009320,대우부품,KOSPI,,2395,5,0.21,2385,2420,2370,932256,2231270260,114113068125,47646375
20191105,042660,대우조선해양,KOSPI,,29150,50,0.17,28750,29300,28700,76536,2232999400,3125047670800,107205752
20191105,003090,대웅,KOSPI,,13950,0,0.00,13900,14000,13500,86197,1182744300,811080621000,58141980
20191105,069620,대웅제약,KOSPI,,144000,-500,-0.35,145000,145500,142000,55001,7878100500,1668466800000,11586575
20191105,000430,대원강업,KOSPI,,3630,10,0.28,3615,3645,3615,18227,66122260,225060000000,62000000
20191105,006340,대원전선,KOSPI,,1220,10,0.83,1220,1235,1210,110134,134624870,83090748620,68107171
20191105,006345,대원전선우,KOSPI,,2985,-10,-0.33,2990,3290,2950,28815,87285435,7824282000,2621200
20191105,003220,대원제약,KOSPI,,15950,300,1.92,15700,16050,15600,32983,524109250,313619698150,19662677
20191105,024890,대원화성,KOSPI,,1385,-5,-0.36,1385,1390,1370,21586,29742835,57130075520,41249152
20191105,002880,대유에이텍,KOSPI,,862,8,0.94,860,869,853,69093,59375778,92161580794,106915987
20191105,000300,대유플러스,KOSPI,,769,2,0.26,770,771,760,77346,59234478,80984128240,105310960
20191105,012800,대창,KOSPI,,1245,0,0.00,1250,1265,1235,1475166,1841278780,113469921255,91140499
20191105,015230,대창단조,KOSPI,,29250,50,0.17,29450,29600,29200,3902,114968300,83573772750,2857223
20191105,001070,대한방직,KOSPI,,19150,-50,-0.26,19450,19450,19100,2200,42149700,101495000000,5300000
20191105,006650,대한유화,KOSPI,,118500,-1000,-0.84,120500,121500,118000,28962,3451265000,770250000000,6500000
20191105,001440,대한전선,KOSPI,,643,11,1.74,638,655,628,3488344,2248813539,550712144787,856473009
20191105,084010,대한제강,KOSPI,,6140,20,0.33,6110,6160,6110,47761,292862650,151330946760,24646734
20191105,001790,대한제당,KOSPI,,18500,200,1.09,18300,18500,18300,7370,135476200,163540037000,8840002
20191105,001799,대한제당3우B,KOSPI,,26000,-350,-1.33,26250,26900,26000,1020,26827250,3371056000,129656
20191105,001795,대한제당우,KOSPI,,12700,0,0.00,12700,12700,12550,751,9435050,8233105200,648276
20191105,001130,대한제분,KOSPI,,157000,1000,0.64,154000,157000,153500,1971,306166000,265330000000,1690000
20191105,003490,대한항공,KOSPI,,26250,350,1.35,25900,26800,25900,832827,21958465150,2489671642500,94844634
20191105,003495,대한항공우,KOSPI,,15750,100,0.64,15700,16100,15650,13711,216244850,17495005500,1110794
20191105,005880,대한해운,KOSPI,,22150,-250,-1.12,22500,22500,21950,56321,1244518550,541047063600,24426504
20191105,003830,대한화섬,KOSPI,,92800,500,0.54,92500,92800,91900,402,37037500,123238400000,1328000
20191105,016090,대현,KOSPI,,2540,-10,-0.39,2550,2575,2525,60528,153996745,112477067400,44282310
20191105,069460,대호에이엘,KOSPI,,5090,30,0.59,5200,5200,4965,282906,1430830670,138116330510,27134839
20191105,192080,더블유게임즈,KOSPI,,50300,0,0.00,50100,51100,50000,56712,2861326700,918503250600,18260502
20191105,012510,더존비즈온,KOSPI,,77100,2800,3.77,75500,77500,74500,128917,9857533800,2287765170000,29672700
20191105,004830,덕성,KOSPI,,3040,0,0.00,3065,3070,2995,32480,98736020,47667200000,15680000
20191105,004835,덕성우,KOSPI,,3570,0,0.00,3565,3575,3530,4938,17499800,4969440000,1392000
20191105,024900,덕양산업,KOSPI,,1250,145,13.12,1100,1375,1100,5225819,6535590015,40706225000,32564980
20191105,145720,덴티움,KOSPI,,60200,1500,2.56,58700,60200,58500,38273,2290649600,666343566000,11068830
20191105,002150,도화엔지니어링,KOSPI,,9710,-10,-0.10,9860,9870,9690,93894,916342750,327421200000,33720000
20191105,001230,동국제강,KOSPI,,6070,-20,-0.33,6100,6150,6050,141434,861605300,579276713590,95432737
20191105,023450,동남합성,KOSPI,,24050,0,0.00,24000,24050,24000,274,6579700,87104001400,3621788
20191105,004140,동방,KOSPI,,1690,35,2.11,1660,1690,1655,109365,183603375,56556843720,33465588
20191105,007590,동방아그로,KOSPI,,6900,-20,-0.29,6900,6900,6830,7908,54172510,93961281300,13617577
20191105,005960,동부건설,KOSPI,,8680,-30,-0.34,8710,8770,8670,12930,112517750,189435792000,21824400
20191105,005965,동부건설우,KOSPI,,18650,300,1.63,18450,18950,18450,841,15705100,4209901800,225732
20191105,016380,동부제철,KOSPI,,7700,50,0.65,7650,7770,7590,19819,152368080,770068506900,100008897
20191105,016385,동부제철우,KOSPI,,74700,800,1.08,73200,75400,73200,281,20822800,3987859500,53385
20191105,083370,동북아12호,KOSPI,,5020,10,0.20,5020,5020,5020,1,5020,7960013200,1585660
20191105,083380,동북아13호,KOSPI,,4980,0,0.00,4980,4980,4980,2,9960,7896586800,1585660
20191105,026960,동서,KOSPI,,17700,-300,-1.67,18000,18000,17700,59322,1053605850,1764690000000,99700000
20191105,002210,동성제약,KOSPI,,18700,450,2.47,18400,19100,18200,2033428,38063059350,487522987600,26070748
20191105,102260,동성코퍼레이션,KOSPI,,5350,10,0.19,5360,5360,5280,25970,138259180,243130589500,45444970
20191105,005190,동성화학,KOSPI,,16700,0,0.00,16700,16800,16650,2485,41484350,89103918800,5335564
20191105,000640,동아쏘시오홀딩스,KOSPI,,92400,-300,-0.32,92100,92900,91500,7534,696436900,567178642800,6138297
20191105,170900,동아에스티,KOSPI,,103500,0,0.00,103000,104500,101500,15649,1617190000,873940338000,8443868
20191105,028100,동아지질,KOSPI,,19850,350,1.79,19850,20900,19600,379658,7676632500,228275000000,11500000
20191105,282690,동아타이어,KOSPI,,12350,100,0.82,12300,12350,12250,314,3865000,169602735250,13733015
20191105,001520,동양,KOSPI,,1445,-10,-0.69,1445,1465,1440,167891,242971230,344898471035,238684063
20191105,001527,동양2우B,KOSPI,,9000,-40,-0.44,9000,9040,9000,325,2926890,2777121000,308569
20191105,001529,동양3우B,KOSPI,,28200,650,2.36,27550,28200,27550,73,2043150,2530160400,89722
20191105,084670,동양고속,KOSPI,,27150,350,1.31,26900,27400,26800,3308,89431000,78614698350,2895569
20191105,030790,동양네트웍스,KOSPI,,832,-6,-0.72,836,857,819,3380955,2819669363,84221819968,101228149
20191105,002900,동양물산,KOSPI,,870,-10,-1.14,887,891,850,561150,489493772,56888343000,65388900
20191105,082640,동양생명,KOSPI,,3700,-60,-1.60,3755,3755,3700,23224,86389415,597026764500,161358585
20191105,001525,동양우,KOSPI,,6350,-90,-1.40,6460,6480,6350,28082,178811610,3922591850,617731
20191105,008970,동양철관,KOSPI,,1105,25,2.31,1110,1120,1090,671808,742934405,131368245450,118885290
20191105,092780,동양피스톤,KOSPI,,4740,60,1.28,4715,4810,4700,68490,325263030,62418500400,13168460
20191105,049770,동원F&B,KOSPI,,216000,-500,-0.23,216500,217500,215000,8405,1813690000,833570784000,3859124
20191105,018500,동원금속,KOSPI,,859,1,0.12,858,870,852,42458,36351386,40162487447,46754933
20191105,006040,동원산업,KOSPI,,221500,5000,2.31,225000,225000,218000,1727,382200000,814597481500,3677641
20191105,030720,동원수산,KOSPI,,9400,-110,-1.16,9510,9590,9340,72719,685162500,43745767000,4653805
20191105,014820,동원시스템즈,KOSPI,,31950,-1500,-4.48,33150,33500,31550,90342,2901450050,818511426450,25618511
20191105,014825,동원시스템즈우,KOSPI,,25050,-600,-2.34,25950,25950,24700,927,23122200,6647217900,265358
20191105,163560,동일고무벨트,KOSPI,,5540,-10,-0.18,5540,5580,5520,3156,17452140,73959000000,13350000
20191105,004890,동일산업,KOSPI,,57200,-100,-0.17,57500,57500,56800,923,52635800,138722298000,2425215
20191105,002690,동일제강,KOSPI,,2560,-5,-0.19,2565,2585,2550,9895,25389660,38400000000,15000000
20191105,000020,동화약품,KOSPI,,8070,220,2.80,7850,8080,7840,172022,1370942090,225406962900,27931470
20191105,000150,두산,KOSPI,,76000,-300,-0.39,76300,76900,75300,92777,7042051200,1255811460000,16523835
20191105,000157,두산2우B,KOSPI,,67700,-100,-0.15,67800,67800,66900,123,8308800,60458672600,893038
20191105,011160,두산건설,KOSPI,,1215,10,0.83,1205,1230,1185,102316,124183320,400824988650,329897110
20191105,241560,두산밥캣,KOSPI,,32800,1000,3.14,31850,32800,31650,185026,5995594900,3288172644800,100249166
20191105,336370,두산솔루스,KOSPI,,16900,0,0.00,16550,17050,16200,371760,6158147550,514730060000,30457400
20191105,33637K,두산솔루스1우,KOSPI,,7290,-470,-6.06,7760,7760,7100,158321,1157048300,53701056000,7366400
20191105,33637L,두산솔루스2우B,KOSPI,,23000,-5350,-18.87,27100,27550,22150,291943,7072329800,37859150000,1646050
20191105,000155,두산우,KOSPI,,67600,-300,-0.44,67700,67800,67400,6558,443249300,270160831200,3996462
20191105,042670,두산인프라코어,KOSPI,,5610,70,1.26,5570,5650,5550,1433455,8033753270,1167784775190,208161279
20191105,034020,두산중공업,KOSPI,,5850,-20,-0.34,5840,5910,5810,1187669,6950482370,1182559218750,202146875
20191105,336260,두산퓨얼셀,KOSPI,,7480,-300,-3.86,7660,7780,7360,2385962,17945624660,413314506000,55255950
20191105,33626K,두산퓨얼셀1우,KOSPI,,4980,-490,-8.96,5280,5450,4870,511348,2587902540,66553716000,13364200
20191105,33626L,두산퓨얼셀2우B,KOSPI,,10650,-1850,-14.80,12300,12350,10500,122333,1339020050,31804095000,2986300
20191105,016740,두올,KOSPI,,3415,35,1.04,3385,3485,3250,240160,824172230,92432712200,27066680
20191105,192650,드림텍,KOSPI,,6550,-120,-1.80,6750,6760,6420,442460,2901042530,399714581850,61025127
20191105,024090,디씨엠,KOSPI,,12000,-350,-2.83,12350,12600,11900,29193,350833200,140400000000,11700000
20191105,003160,디아이,KOSPI,,3060,-30,-0.97,3120,3120,3040,90121,277084360,96380162100,31496785
20191105,092200,디아이씨,KOSPI,,2370,0,0.00,2355,2390,2345,41063,97141295,92165908530,38888569
20191105,013570,디와이,KOSPI,,4970,85,1.74,4930,4975,4890,72133,356291610,130808576010,26319633
20191105,210540,디와이파워,KOSPI,,9730,150,1.57,9600,9810,9580,39417,382510840,107435818840,11041708
20191105,007340,디티알오토모티브,KOSPI,,29850,-200,-0.67,30250,30250,29500,3044,90558050,298321049250,9994005
20191105,026890,디피씨,KOSPI,,5440,20,0.37,5440,5510,5380,502596,2732504120,226729272000,41678175
20191105,115390,락앤락,KOSPI,,13600,1800,15.25,12000,14450,12000,1862501,25227035150,736937760000,54186600
20191105,032350,롯데관광개발,KOSPI,,13200,400,3.13,12800,13450,12800,340507,4501703450,910936488000,69010340
20191105,330590,롯데리츠,KOSPI,,6630,240,3.76,6430,6740,6390,7915709,52058590400,1140153700920,171968884
20191105,000400,롯데손해보험,KOSPI,,2175,-30,-1.36,2200,2205,2175,227133,495657890,674981496000,310336320
20191105,023530,롯데쇼핑,KOSPI,,130500,500,0.38,130000,130500,129000,61167,7950685500,3691682527500,28288755
20191105,004000,롯데정밀화학,KOSPI,,46400,-400,-0.85,46850,46950,45900,57199,2656086100,1197120000000,25800000
20191105,286940,롯데정보통신,KOSPI,,44600,-400,-0.89,45150,45200,44350,28174,1256622800,686676362600,15396331
20191105,280360,롯데제과,KOSPI,,140500,-500,-0.35,141000,141500,140500,1230,173150000,901548738500,6416717
20191105,004990,롯데지주,KOSPI,,37000,150,0.41,36750,37000,36550,76316,2807052000,3881641769000,104909237
20191105,00499K,롯데지주우,KOSPI,,48650,50,0.10,49750,49750,48600,1703,83197800,48047858950,987623
20191105,005300,롯데칠성,KOSPI,,138000,0,0.00,139000,140000,137500,10173,1409971500,1103097480000,7993460
20191105,005305,롯데칠성우,KOSPI,,73100,-100,-0.14,73100,73100,72500,218,15893200,56675161000,775310
20191105,011170,롯데케미칼,KOSPI,,221000,1000,0.45,221000,221500,219000,136604,30053561500,7574867599000,34275419
20191105,002270,롯데푸드,KOSPI,,441000,-3000,-0.68,444000,450000,437500,915,404131000,499154670000,1131870
20191105,071840,롯데하이마트,KOSPI,,30750,50,0.16,30800,30800,30500,24436,749668600,725937144000,23607712
20191105,027740,마니커,KOSPI,,841,-2,-0.24,843,847,838,3096767,2607412814,133275451554,158472594
20191105,204320,만도,KOSPI,,35800,-550,-1.51,36200,36500,35400,183345,6554540750,1681064896000,46957120
20191105,001080,만호제강,KOSPI,,16500,-50,-0.30,16700,16700,16250,2639,43221900,68475000000,4150000
20191105,088980,맥쿼리인프라,KOSPI,,11850,0,0.00,11850,11850,11800,480092,5673976150,4136175381600,349044336
20191105,094800,맵스리얼티1,KOSPI,,5370,150,2.87,5230,5400,5200,300224,1605008960,498520357470,92834331
20191105,015540,메디파트너생명공학,KOSPI,,8460,0,0.00,8440,8570,8120,138983,1154958350,55504232640,6560784
20191105,138040,메리츠금융지주,KOSPI,,12650,-100,-0.78,12750,12750,12550,31825,402494400,1773837572100,140224314
20191105,008560,메리츠종금증권,KOSPI,,4540,-70,-1.52,4660,4660,4510,2146536,9742886885,2802590582540,617310701
20191105,000060,메리츠화재,KOSPI,,18950,50,0.26,18800,19150,18750,134841,2559642150,2154236000000,113680000
20191105,090370,메타랩스,KOSPI,,1345,55,4.26,1320,1375,1300,931836,1247950415,70355586170,52308986
20191105,017180,명문제약,KOSPI,,5330,150,2.90,5130,5940,5090,10790778,59408420810,130798200000,24540000
20191105,012690,모나리자,KOSPI,,4155,-35,-0.84,4200,4200,4100,280796,1161206850,151953564525,36571255
20191105,005360,모나미,KOSPI,,4090,-90,-2.15,4160,4180,4045,1037580,4236126385,77289985630,18897307
20191105,204210,모두투어리츠,KOSPI,,3085,5,0.16,3080,3085,3060,14457,44456480,24145724275,7826815
20191105,009680,모토닉,KOSPI,,8430,-20,-0.24,8410,8460,8360,22018,185152980,278190000000,33000000
20191105,009580,무림P&P,KOSPI,,4670,75,1.63,4590,4710,4590,223721,1044092470,291260073080,62368324
20191105,009200,무림페이퍼,KOSPI,,2615,10,0.38,2610,2630,2590,60152,156762535,108808345650,41609310
20191105,033920,무학,KOSPI,,9060,10,0.11,9060,9070,9000,30375,274426270,258210000000,28500000
20191105,008420,문배철강,KOSPI,,2770,60,2.21,2720,2860,2685,320427,888541520,56794708850,20503505
20191105,025560,미래산업,KOSPI,,176,1,0.57,176,177,174,5934796,1040155491,111728038400,634818400
20191105,007120,미래아이앤지,KOSPI,,305,-2,-0.65,305,308,302,188664,57362950,39492665140,129484148
20191105,006800,미래에셋대우,KOSPI,,7590,170,2.29,7430,7600,7350,2273592,17086342270,4996621536720,658316408
20191105,00680K,미래에셋대우2우B,KOSPI,,4300,40,0.94,4275,4320,4240,168116,720874395,602000000000,140000000
20191105,006805,미래에셋대우우,KOSPI,,4695,35,0.75,4595,4725,4595,50228,233711380,66085646250,14075750
20191105,085620,미래에셋생명,KOSPI,,4085,-5,-0.12,4100,4135,4040,28948,117726840,723111132065,177016189
20191105,002840,미원상사,KOSPI,,56700,-400,-0.70,57000,57000,56400,1412,79959200,288489600000,5088000
20191105,268280,미원에스씨,KOSPI,,70100,-200,-0.28,70300,70700,69300,537,37685500,369279159100,5267891
20191105,107590,미원홀딩스,KOSPI,,42700,450,1.07,42650,42950,42250,1182,50093300,99566749800,2331774
20191105,134380,미원화학,KOSPI,,42050,200,0.48,41800,42300,41800,68,2849650,92085463200,2189904
20191105,003650,미창석유,KOSPI,,79300,300,0.38,79800,80600,78700,2348,185936200,137955989600,1739672
20191105,155900,바다로19호,KOSPI,,2935,5,0.17,2950,2950,2910,8418,24629305,44612011740,15200004
20191105,003610,방림,KOSPI,,2040,10,0.49,2030,2040,2020,15234,30944960,86320743600,42314090
20191105,001340,백광산업,KOSPI,,2525,-35,-1.37,2585,2585,2515,173134,439524310,113418977675,44918407
20191105,014580,백광소재,KOSPI,,4460,25,0.56,4425,4500,4405,603959,2685547860,123020626000,27583100
20191105,035150,백산,KOSPI,,6940,60,0.87,6890,7000,6820,156889,1084409360,167948000000,24200000
20191105,002410,범양건영,KOSPI,,1660,40,2.47,1655,1695,1605,153029,253442880,41220807920,24831812
20191105,096300,베트남개발1,KOSPI,,377,1,0.27,379,382,375,237266,89386551,48780396821,129390973
20191105,007210,벽산,KOSPI,,2050,95,4.86,1970,2065,1965,1255720,2552488015,140548000000,68560000
20191105,002760,보락,KOSPI,,2075,5,0.24,2090,2100,2060,357908,744551915,124292500000,59900000
20191105,003850,보령제약,KOSPI,,14550,50,0.34,14600,14850,14150,778612,11328259850,643110000000,44200000
20191105,000890,보해양조,KOSPI,,1090,-20,-1.80,1110,1115,1085,2039498,2246797155,134641375820,123524198
20191105,003000,부광약품,KOSPI,,15000,-150,-0.99,15200,15200,14950,196757,2958929000,952970505000,63531367
20191105,001270,부국증권,KOSPI,,22300,-900,-3.88,23200,23200,22150,4513,101592350,231248457800,10369886
20191105,001275,부국증권우,KOSPI,,19250,-50,-0.26,19250,19250,19150,1467,28188700,57750000000,3000000
20191105,026940,부국철강,KOSPI,,4570,715,18.55,3920,4925,3850,7552079,34633447885,91400000000,20000000
20191105,015350,부산가스,KOSPI,,36300,150,0.41,36100,36300,36000,96,3477850,399300000000,11000000
20191105,011390,부산산업,KOSPI,,161500,5500,3.53,164000,168000,159500,106953,17447939500,170544000000,1056000
20191105,005030,부산주공,KOSPI,,447,-12,-2.61,460,463,445,153292,69359785,18930239016,42349528
20191105,100220,비상교육,KOSPI,,8120,10,0.12,8050,8200,8050,11795,95757970,105533536920,12996741
20191105,101140,비티원,KOSPI,,3810,-690,-15.33,4200,4280,3775,3034985,12162326810,128250661710,33661591
20191105,005180,빙그레,KOSPI,,55600,-500,-0.89,56000,56200,55600,15597,863388500,547728999600,9851241
20191105,003960,사조대림,KOSPI,,16300,50,0.31,16400,16400,16000,18615,300110050,149380812100,9164467
20191105,008040,사조동아원,KOSPI,,1060,10,0.95,1055,1065,1045,453891,477510835,149613276000,141144600
20191105,007160,사조산업,KOSPI,,39650,650,1.67,39000,39950,38900,9405,369902750,198250000000,5000000
20191105,014710,사조씨푸드,KOSPI,,5530,-40,-0.72,5520,5560,5460,36262,199217020,95218542790,17218543
20191105,006090,사조오양,KOSPI,,8080,-160,-1.94,8200,8230,8070,78724,639810080,76135731120,9422739
20191105,005090,삼광글라스,KOSPI,,30050,-100,-0.33,30200,30250,30000,1013,30461650,145875260900,4854418
20191105,001470,삼부토건,KOSPI,,704,7,1.00,693,714,693,1099856,775955358,95842781760,136140315
20191105,006400,삼성SDI,KOSPI,,235000,2000,0.86,233500,236500,232500,189317,44367798000,16159664550000,68764530
20191105,006405,삼성SDI우,KOSPI,,89200,400,0.45,89900,89900,88400,2031,180593000,144316323200,1617896
20191105,006660,삼성공조,KOSPI,,8720,40,0.46,8680,8750,8680,1461,12711850,70861458080,8126314
20191105,028260,삼성물산,KOSPI,,103500,-500,-0.48,104000,104500,102500,241838,25060082000,19632919450500,189690043
20191105,02826K,삼성물산우B,KOSPI,,74800,-200,-0.27,74700,75500,74700,5481,410964900,121732512000,1627440
20191105,207940,삼성바이오로직스,KOSPI,,399500,-1500,-0.37,402500,402500,399000,76609,30657070500,26432917500000,66165000
20191105,032830,삼성생명,KOSPI,,72800,700,0.97,72300,73100,71800,254166,18381920500,14560000000000,200000000
20191105,018260,삼성에스디에스,KOSPI,,202000,-2500,-1.22,203500,204000,200500,94177,19006801000,15630315600000,77377800
20191105,028050,삼성엔지니어링,KOSPI,,19000,250,1.33,18800,19000,18450,1530669,28887225450,3724000000000,196000000
20191105,009150,삼성전기,KOSPI,,115000,1000,0.88,114000,116000,114000,431973,49636967500,8589775040000,74693696
20191105,009155,삼성전기우,KOSPI,,46050,50,0.11,46300,46450,45800,11605,534724000,133866613200,2906984
20191105,005930,삼성전자,KOSPI,,52700,400,0.76,52400,52700,52100,10581034,555449246731,314607540385000,5969782550
20191105,005935,삼성전자우,KOSPI,,43600,600,1.40,43000,43600,42850,1889256,81582876200,35877860120000,822886700
20191105,001360,삼성제약,KOSPI,,4670,-120,-2.51,4895,4895,4500,3031012,14094651195,273713963090,58611127
20191105,010140,삼성중공업,KOSPI,,7340,60,0.82,7280,7440,7260,2349571,17243113030,4624200000000,630000000
20191105,010145,삼성중공우,KOSPI,,57600,900,1.59,58300,58300,56700,341,19538800,6615072000,114845
20191105,016360,삼성증권,KOSPI,,34950,100,0.29,34850,35000,34450,189185,6584039900,3121035000000,89300000
20191105,068290,삼성출판사,KOSPI,,18450,150,0.82,18300,18700,18150,512861,9433141050,184500000000,10000000
20191105,029780,삼성카드,KOSPI,,34200,100,0.29,33900,34500,33650,72634,2466614250,3962374072200,115858891
20191105,000810,삼성화재,KOSPI,,227500,3000,1.34,225500,228000,223500,91650,20794112000,10777775417500,47374837
20191105,000815,삼성화재우,KOSPI,,167000,3000,1.83,165000,167000,163500,9483,1562497500,533064000000,3192000
20191105,006110,삼아알미늄,KOSPI,,4415,45,1.03,4365,4430,4360,11873,52166250,48565000000,11000000
20191105,145990,삼양사,KOSPI,,49350,-100,-0.20,49350,49600,48550,9775,479110450,507801778050,10289803
20191105,145995,삼양사우,KOSPI,,35100,0,0.00,35500,35900,35100,135,4768100,12989457000,370070
20191105,003230,삼양식품,KOSPI,,89200,-300,-0.34,89500,91000,88500,15351,1370342000,671944938000,7533015
20191105,002170,삼양통상,KOSPI,,59800,-500,-0.83,60300,60300,59000,15438,923086800,179400000000,3000000
20191105,272550,삼양패키징,KOSPI,,16350,-300,-1.80,16700,16700,16000,104402,1699728300,232330295400,14209804
20191105,000070,삼양홀딩스,KOSPI,,65200,-100,-0.15,64900,65800,64400,5446,354357900,558390469200,8564271
20191105,000075,삼양홀딩스우,KOSPI,,42900,50,0.12,43400,43400,42750,396,16949550,13044088200,304058
20191105,002810,삼영무역,KOSPI,,16200,100,0.62,16000,16250,15950,3597,57869500,285228313200,17606686
20191105,005680,삼영전자,KOSPI,,8970,170,1.93,8840,8980,8830,20283,181247760,179400000000,20000000
20191105,003720,삼영화학,KOSPI,,1010,-10,-0.98,1020,1035,999,84688,85153234,34340000000,34000000
20191105,023000,삼원강재,KOSPI,,2935,65,2.26,2870,2945,2850,13449,38980490,117400000000,40000000
20191105,004380,삼익THK,KOSPI,,12350,50,0.41,12350,12450,12250,17938,221903000,259350000000,21000000
20191105,002450,삼익악기,KOSPI,,1760,-15,-0.85,1775,1785,1755,138513,244565795,159334410400,90530915
20191105,000520,삼일제약,KOSPI,,22400,1050,4.92,21550,22750,21000,168677,3734430250,145600000000,6500000
20191105,009770,삼정펄프,KOSPI,,32750,200,0.61,33000,33000,32500,121,3958400,81874050250,2499971
20191105,005500,삼진제약,KOSPI,,27000,900,3.45,26200,27100,26100,107275,2865078600,375300000000,13900000
20191105,004690,삼천리,KOSPI,,84200,100,0.12,83700,84700,83700,2145,180965100,341433105000,4055025
20191105,001880,삼호,KOSPI,,20700,-250,-1.19,21400,21400,20550,2874,59555450,314221156200,15179766
20191105,010960,삼호개발,KOSPI,,4505,-10,-0.22,4520,4530,4450,62611,280996155,112625000000,25000000
20191105,004450,삼화왕관,KOSPI,,46500,-150,-0.32,46650,46650,46450,62,2885950,100178623500,2154379
20191105,009470,삼화전기,KOSPI,,14600,50,0.34,14500,14650,14400,27808,404240550,96561772000,6613820
20191105,011230,삼화전자,KOSPI,,2460,-10,-0.40,2470,2525,2450,32941,81554295,25726532400,10457940
20191105,001820,삼화콘덴서,KOSPI,,48000,-900,-1.84,48900,49450,47800,144982,6988569300,498960000000,10395000
20191105,000390,삼화페인트,KOSPI,,5300,50,0.95,5250,5300,5210,10532,55561310,140125380300,26438751
20191105,001290,상상인증권,KOSPI,,1610,20,1.26,1625,1625,1575,30064,48361670,154734583570,96108437
20191105,041650,상신브레이크,KOSPI,,3645,-5,-0.14,3625,3700,3625,19317,70692220,78263435250,21471450
20191105,075180,새론오토모티브,KOSPI,,4615,50,1.10,4615,4625,4575,2799,12921055,88608000000,19200000
20191105,007540,샘표,KOSPI,,39000,0,0.00,38800,39050,38500,8274,320784100,112156200000,2875800
20191105,248170,샘표식품,KOSPI,,29650,50,0.17,29950,29950,29500,3922,116222050,135449679900,4568286
20191105,007860,서연,KOSPI,,3325,60,1.84,3295,3355,3260,28203,93540730,78070481300,23479844
20191105,200880,서연이화,KOSPI,,5520,0,0.00,5520,5560,5440,29734,163045260,149196972240,27028437
20191105,017390,서울가스,KOSPI,,69200,700,1.02,68500,69200,68500,129,8888400,346000000000,5000000
20191105,004410,서울식품,KOSPI,,174,1,0.58,173,174,172,1261350,217730688,58709340000,337410000
20191105,004415,서울식품우,KOSPI,,3585,0,0.00,3585,3615,3550,7801,27880435,7974832500,2224500
20191105,021050,서원,KOSPI,,1150,-15,-1.29,1155,1165,1135,275049,315707850,54595778500,47474590
20191105,008490,서흥,KOSPI,,33450,50,0.15,33750,33750,33200,6220,207450150,386986829850,11569113
20191105,007610,선도전기,KOSPI,,3260,70,2.19,3250,3285,3235,78462,255342775,58680000000,18000000
20191105,136490,선진,KOSPI,,9700,10,0.10,9650,9730,9640,16725,161878910,230662158800,23779604
20191105,002820,선창산업,KOSPI,,4445,20,0.45,4450,4490,4405,7282,32215165,56042511105,12607989
20191105,014910,성문전자,KOSPI,,2265,10,0.44,2225,2270,2225,93256,210358950,44137731105,19486857
20191105,014915,성문전자우,KOSPI,,11000,0,0.00,11000,11150,10950,2665,29461400,6600000000,600000
20191105,003080,성보화학,KOSPI,,4820,5,0.10,4795,4845,4770,4651,22328785,96496400000,20020000
20191105,004980,성신양회,KOSPI,,8240,0,0.00,8430,8430,8240,114016,953679250,202012441520,24516073
20191105,004985,성신양회우,KOSPI,,10500,-150,-1.41,10800,10800,10450,6465,68693900,7724272500,735645
20191105,011300,성안,KOSPI,,428,2,0.47,417,430,417,151944,64081060,24335164080,56857860
20191105,000180,성창기업지주,KOSPI,,1705,-10,-0.58,1720,1730,1680,66676,113358330,118926478000,69751600
20191105,002420,세기상사,KOSPI,,57100,0,0.00,57800,57800,56200,261,14803100,23273503200,407592
20191105,004360,세방,KOSPI,,11350,0,0.00,11400,11400,11250,13135,148389350,219153631500,19308690
20191105,004365,세방우,KOSPI,,6760,-10,-0.15,6770,6770,6760,777,5258460,24939330000,3689250
20191105,004490,세방전지,KOSPI,,38400,-450,-1.16,38750,38900,38250,8753,336251250,537600000000,14000000
20191105,001430,세아베스틸,KOSPI,,16650,-150,-0.89,16550,16750,16450,28153,467844050,597104281350,35862119
20191105,306200,세아제강,KOSPI,,62400,100,0.16,62500,62900,61800,2448,151483800,176985120000,2836300
20191105,003030,세아제강지주,KOSPI,,48800,500,1.04,48300,48800,48100,1103,53360200,202112861600,4141657
20191105,019440,세아특수강,KOSPI,,13600,0,0.00,13600,13600,13450,3226,43541200,116552000000,8570000
20191105,058650,세아홀딩스,KOSPI,,81900,0,0.00,81900,81900,81600,100,8173200,327600000000,4000000
20191105,013000,세우글로벌,KOSPI,,2005,10,0.50,1995,2025,1970,630758,1260250430,57553587155,28705031
20191105,091090,세원셀론텍,KOSPI,,3170,55,1.77,3165,3175,3070,191849,600867295,193340810640,60990792
20191105,021820,세원정공,KOSPI,,8090,0,0.00,0,0,0,0,0,80900000000,10000000
20191105,067830,세이브존I&C,KOSPI,,3355,5,0.15,3350,3355,3315,11790,39185425,137692202725,41040895
20191105,033530,세종공업,KOSPI,,4560,235,5.43,4295,4615,4295,238491,1076352795,102848118720,22554412
20191105,075580,세진중공업,KOSPI,,4855,-45,-0.92,4840,4920,4770,82622,399136435,186299555600,38372720
20191105,027970,세하,KOSPI,,2685,40,1.51,2645,2710,2640,135511,362423020,79376646945,29562997
20191105,145210,세화아이엠씨,KOSPI,,2990,0,0.00,0,0,0,0,0,87912180330,29402067
20191105,068270,셀트리온,KOSPI,,197500,-1000,-0.50,198000,199000,196000,442508,87341917500,25346424780000,128336328
20191105,004430,송원산업,KOSPI,,15450,300,1.98,15150,15700,15150,224219,3467192700,370800000000,24000000
20191105,017550,수산중공업,KOSPI,,1600,0,0.00,1620,1630,1575,561591,896027540,86376260800,53985163
20191105,002200,수출포장,KOSPI,,18650,50,0.27,18550,18950,18500,2019,37598500,74600000000,4000000
20191105,053210,스카이라이프,KOSPI,,9070,-230,-2.47,9280,9280,8990,63993,583692930,433745231620,47821966
20191105,134790,시디즈,KOSPI,,37750,350,0.94,37450,37950,37000,1775,66218450,75500000000,2000000
20191105,016590,신대양제지,KOSPI,,63200,0,0.00,62600,63600,62600,4847,305466300,254682222400,4029782
20191105,029530,신도리코,KOSPI,,38600,250,0.65,38450,38950,38300,4513,173747550,389089119400,10080029
20191105,004970,신라교역,KOSPI,,12200,150,1.24,12000,12200,12000,6713,81403250,195200000000,16000000
20191105,011930,신성이엔지,KOSPI,,921,4,0.44,917,923,913,333962,306779286,160005500385,173730185
20191105,005390,신성통상,KOSPI,,1635,-10,-0.61,1645,1650,1605,1841937,2990367920,234963217650,143708390
20191105,004170,신세계,KOSPI,,240000,0,0.00,241000,242000,237500,33968,8120225500,2362843440000,9845181
20191105,035510,신세계 I&C,KOSPI,,112500,3500,3.21,110500,113000,109500,4645,518211000,193500000000,1720000
20191105,034300,신세계건설,KOSPI,,24900,0,0.00,24800,25000,24500,4200,103646700,99600000000,4000000
20191105,031430,신세계인터내셔날,KOSPI,,212000,4500,2.17,208000,213500,205000,38242,8036019000,1513680000000,7140000
20191105,031440,신세계푸드,KOSPI,,72700,1200,1.68,71800,73400,71500,6394,463758500,281529296000,3872480
20191105,006880,신송홀딩스,KOSPI,,4115,-5,-0.12,4120,4140,4050,51316,209356325,48675750670,11828858
20191105,005800,신영와코루,KOSPI,,99900,-3600,-3.48,103500,103500,99600,705,71034000,89910000000,900000
20191105,001720,신영증권,KOSPI,,55000,-100,-0.18,54800,55100,54700,2415,132484000,516243035000,9386237
20191105,001725,신영증권우,KOSPI,,52800,200,0.38,52500,52800,52500,515,27133700,372438686400,7053763
20191105,009270,신원,KOSPI,,2075,15,0.73,2115,2135,2060,1910462,4005404915,176463185425,85042499
20191105,009275,신원우,KOSPI,,50800,300,0.59,50500,50900,50400,111,5626200,4609592000,90740
20191105,002700,신일산업,KOSPI,,1655,-40,-2.36,1680,1695,1640,1741484,2894582015,117583647255,71047521
20191105,019170,신풍제약,KOSPI,,8050,880,12.27,7200,8050,6980,6533414,49286218830,426529169500,52984990
20191105,019175,신풍제약우,KOSPI,,6990,820,13.29,6200,6990,5920,164771,1083674000,15378000000,2200000
20191105,002870,신풍제지,KOSPI,,1435,-15,-1.03,1440,1445,1415,79478,113387350,50165734500,34958700
20191105,005450,신한,KOSPI,,4945,0,0.00,0,0,0,0,0,34727938855,7022839
20191105,293940,신한알파리츠,KOSPI,,9010,110,1.24,8900,9080,8900,281312,2534683010,429147408230,47630123
20191105,055550,신한지주,KOSPI,,43450,650,1.52,42850,43500,42500,1447537,62142778675,20603972055150,474199587
20191105,001770,신화실업,KOSPI,,22900,-100,-0.43,23000,23300,22650,5607,128394250,27820706200,1214878
20191105,004080,신흥,KOSPI,,9430,-40,-0.42,9470,9480,9340,1000,9398850,90528000000,9600000
20191105,102280,쌍방울,KOSPI,,1035,10,0.98,1025,1035,1025,857637,883540680,133643560455,129124213
20191105,003410,쌍용양회,KOSPI,,5850,70,1.21,5800,5850,5800,596795,3478206370,2947578630750,503859595
20191105,003415,쌍용양회우,KOSPI,,14900,300,2.05,14550,14900,14100,26495,383041850,23000906500,1543685
20191105,003620,쌍용차,KOSPI,,2365,40,1.72,2360,2375,2330,188096,443708130,354371604730,149840002
20191105,004770,써니전자,KOSPI,,3750,-5,-0.13,3755,3790,3680,935350,3502440160,123968475000,33058260
20191105,004920,씨아이테크,KOSPI,,465,4,0.87,461,469,460,129841,59960040,25208726940,54212316
20191105,112610,씨에스윈드,KOSPI,,33900,-400,-1.17,34250,34300,33450,39890,1346601250,585985738500,17285715
20191105,008700,아남전자,KOSPI,,2215,65,3.02,2150,2265,2150,1945474,4314248865,170831476300,77124820
20191105,002790,아모레G,KOSPI,,87400,-200,-0.23,86800,88000,85700,300349,26144349700,7206844932000,82458180
20191105,002795,아모레G우,KOSPI,,36550,350,0.97,36450,38000,36000,38099,1388664850,235519793500,6443770
20191105,090430,아모레퍼시픽,KOSPI,,202000,6000,3.06,197000,203000,194000,386055,77088049224,11808614980000,58458490
20191105,090435,아모레퍼시픽우,KOSPI,,101500,4600,4.75,96900,102000,96100,21180,2114584800,1071619745000,10557830
20191105,002030,아세아,KOSPI,,111000,1000,0.91,110500,111000,108000,1135,124295000,243203664000,2191024
20191105,183190,아세아시멘트,KOSPI,,84100,1200,1.45,83000,85700,82900,2868,239967900,327637536900,3895809
20191105,002310,아세아제지,KOSPI,,29200,-250,-0.85,29300,29500,29050,15176,443621300,261529858400,8956502
20191105,267850,아시아나IDT,KOSPI,,18450,-300,-1.60,18900,19250,18000,295175,5513196600,204795000000,11100000
20191105,020560,아시아나항공,KOSPI,,5790,0,0.00,5810,5960,5660,5179339,30100803170,1280952352260,221235294
20191105,122900,아이마켓코리아,KOSPI,,11200,0,0.00,11200,11300,11050,35982,401138250,402565408000,35943340
20191105,010780,아이에스동서,KOSPI,,33250,50,0.15,33200,33800,32750,42010,1401000500,1027179149500,30892606
20191105,033660,아주캐피탈,KOSPI,,10450,-150,-1.42,10600,10600,10400,34128,356977450,601354550500,57545890
20191105,001780,알루코,KOSPI,,2480,70,2.90,2380,2490,2375,252109,617606845,184819772960,74524102
20191105,018250,애경산업,KOSPI,,28250,-300,-1.05,28600,28600,27800,157068,4419538650,746080663750,26409935
20191105,161000,애경유화,KOSPI,,7640,50,0.66,7640,7690,7560,72126,551092870,244785600000,32040000
20191105,011090,에넥스,KOSPI,,1270,15,1.20,1255,1280,1230,818593,1029841010,76189384070,59991641
20191105,005850,에스엘,KOSPI,,20500,50,0.24,20450,20700,20350,70596,1446604800,988167178500,48203277
20191105,012750,에스원,KOSPI,,97300,700,0.72,96400,97300,96300,48994,4752996500,3697320019400,37999178
20191105,023960,에쓰씨엔지니어링,KOSPI,,1600,5,0.31,1610,1615,1595,24358,38961510,40026539200,25016587
20191105,298690,에어부산,KOSPI,,6700,120,1.82,6670,6780,6490,1858952,12373415470,348869000000,52070000
20191105,140910,에이리츠,KOSPI,,6750,100,1.50,6660,6750,6660,7809,52399150,24812385750,3675909
20191105,078520,에이블씨엔씨,KOSPI,,11850,0,0.00,11900,12050,11600,128028,1513791500,320346489150,27033459
20191105,015260,에이엔피,KOSPI,,333,-1,-0.30,334,334,328,166823,54996194,27567361044,82784868
20191105,007460,에이프로젠 KIC,KOSPI,,2230,-30,-1.33,2265,2290,2165,3038982,6746799255,337739793060,151452822
20191105,003060,에이프로젠제약,KOSPI,,1210,-65,-5.10,1255,1285,1185,12517808,15302331680,292406576880,241658328
20191105,036570,엔씨소프트,KOSPI,,549000,10000,1.86,543000,552000,539000,56688,31000118000,12052758078000,21954022
20191105,138250,엔에스쇼핑,KOSPI,,9700,-60,-0.61,9800,9800,9610,6357,61443910,326851200000,33696000
20191105,085310,엔케이,KOSPI,,1135,-10,-0.87,1145,1160,1120,146289,165792795,90781104520,79983352
20191105,009810,엔케이물산,KOSPI,,813,-27,-3.21,839,839,791,1377502,1116607348,67949261964,83578428
20191105,900140,엘브이엠씨홀딩스,KOSPI,,4230,40,0.95,4230,4335,4180,227016,961401900,216239456970,51120439
20191105,014440,영보화학,KOSPI,,3430,-20,-0.58,3450,3470,3410,21797,74659865,68600000000,20000000
20191105,111770,영원무역,KOSPI,,35850,-1400,-3.76,37050,37400,35850,104717,3788639050,1588566127800,44311468
20191105,009970,영원무역홀딩스,KOSPI,,55000,400,0.73,54600,55300,54600,3199,175716800,749957560000,13635592
20191105,003520,영진약품,KOSPI,,5550,70,1.28,5510,5670,5410,1107735,6161582070,1015054657050,182892731
20191105,000670,영풍,KOSPI,,636000,-9000,-1.40,642000,643000,633000,502,320264000,1171537440000,1842040
20191105,006740,영풍제지,KOSPI,,3015,10,0.33,3005,3025,2985,7703,23139295,66933000000,22200000
20191105,012280,영화금속,KOSPI,,1350,5,0.37,1350,1370,1335,262611,354730955,61358858100,45451006
20191105,012160,영흥철강,KOSPI,,1085,10,0.93,1085,1105,1070,146671,159331260,93121762265,85826509
20191105,015360,예스코홀딩스,KOSPI,,37200,100,0.27,37400,37450,37200,929,34653050,223200000000,6000000
20191105,007310,오뚜기,KOSPI,,577000,1000,0.17,573000,579000,572000,1766,1017649000,2080221749000,3605237
20191105,079440,오렌지라이프,KOSPI,,28350,300,1.07,28050,28400,28000,195518,5517580600,2324700000000,82000000
20191105,002630,오리엔트바이오,KOSPI,,453,13,2.95,440,461,433,2136603,960834342,103526402112,228535104
20191105,271560,오리온,KOSPI,,110000,-2000,-1.79,112000,112500,109500,150383,16636867000,4348974520000,39536132
20191105,001800,오리온홀딩스,KOSPI,,18250,-250,-1.35,18500,18650,18200,103075,1887230500,1143278951500,62645422
20191105,070960,용평리조트,KOSPI,,6570,30,0.46,6650,6720,6530,244103,1613720000,316235997810,48133333
20191105,316140,우리금융지주,KOSPI,,12100,0,0.00,12100,12100,12000,714150,8623425650,8739438964300,722267683
20191105,004720,우리들제약,KOSPI,,6460,160,2.54,6350,6540,6230,327421,2095221100,74744293040,11570324
20191105,118000,우리들휴브레인,KOSPI,,2820,-140,-4.73,2915,2955,2775,709723,2001145935,70214105580,24898619
20191105,010050,우리종금,KOSPI,,659,1,0.15,661,662,650,933503,612617952,444300044554,674203406
20191105,006980,우성사료,KOSPI,,3160,-75,-2.32,3245,3260,3160,517644,1655274080,97644000000,30900000
20191105,017370,우신시스템,KOSPI,,4480,10,0.22,4470,4515,4465,2229,9987410,82046961920,18314054
20191105,105840,우진,KOSPI,,4985,20,0.40,4950,5050,4950,79279,396649210,100292203045,20118797
20191105,010400,우진아이엔에스,KOSPI,,8430,130,1.57,8260,8470,8260,17896,150387890,64253460000,7622000
20191105,049800,우진플라임,KOSPI,,3590,50,1.41,3540,3640,3535,8373,29937265,35900000000,10000000
20191105,016880,웅진,KOSPI,,1505,0,0.00,1500,1530,1490,431510,650747620,111620835340,74166668
20191105,095720,웅진씽크빅,KOSPI,,2720,30,1.12,2690,2785,2685,1621945,4439893105,364951234560,134173248
20191105,103130,웅진에너지,KOSPI,,914,0,0.00,0,0,0,0,0,28285852308,30947322
20191105,021240,웅진코웨이,KOSPI,,94100,1700,1.84,93000,94400,92400,132197,12373445900,6944544147900,73799619
20191105,005820,원림,KOSPI,,17800,50,0.28,17450,18300,17450,1588,27991100,39160000000,2200000
20191105,010600,웰바이오텍,KOSPI,,2390,-10,-0.42,2390,2425,2350,252054,601727630,100851597190,42197321
20191105,008600,윌비스,KOSPI,,1320,-65,-4.69,1380,1385,1310,2116524,2821054130,75240000000,57000000
20191105,033270,유나이티드제약,KOSPI,,19700,350,1.81,19350,19700,19250,19041,370856300,319766893400,16231822
20191105,014830,유니드,KOSPI,,47650,50,0.11,48600,48600,47200,5657,269513400,423601018950,8889843
20191105,000910,유니온,KOSPI,,4375,-30,-0.68,4370,4445,4365,124946,549717295,68300833125,15611619
20191105,047400,유니온머티리얼,KOSPI,,2640,55,2.13,2580,2685,2575,585542,1545989230,110880000000,42000000
20191105,011330,유니켐,KOSPI,,2025,5,0.25,2030,2045,2005,378145,765120135,133513741800,65932712
20191105,077500,유니퀘스트,KOSPI,,6870,-130,-1.86,7050,7050,6850,61238,422491270,187119735750,27237225
20191105,002920,유성기업,KOSPI,,2780,15,0.54,2765,2790,2755,8659,24033555,72134050000,25947500
20191105,000700,유수홀딩스,KOSPI,,7110,-20,-0.28,7070,7160,7070,7857,55827290,185157283320,26041812
20191105,003470,유안타증권,KOSPI,,2755,25,0.92,2695,2770,2675,456837,1246554555,549888566880,199596576
20191105,003475,유안타증권우,KOSPI,,2045,20,0.99,1995,2045,1990,50493,101260240,26405473540,12912212
20191105,011690,유양디앤유,KOSPI,,5900,-40,-0.67,5940,6050,5890,328894,1957873390,343345785900,58194201
20191105,072130,유엔젤,KOSPI,,3855,15,0.39,3860,3890,3800,32278,123630470,50868475170,13195454
20191105,000220,유유제약,KOSPI,,12000,200,1.69,11800,12300,11650,56902,680275350,76423044000,6368587
20191105,000225,유유제약1우,KOSPI,,7580,80,1.07,7500,7600,7420,4335,32688780,8591664700,1133465
20191105,000227,유유제약2우B,KOSPI,,20300,100,0.50,20200,20300,19900,66,1332600,3330824000,164080
20191105,001200,유진투자증권,KOSPI,,2175,25,1.16,2140,2175,2140,178848,386099155,210684459150,96866418
20191105,000100,유한양행,KOSPI,,221000,1000,0.45,219500,221500,219000,26929,5935114500,2823742415000,12777115
20191105,000105,유한양행우,KOSPI,,206000,0,0.00,207000,207000,204000,53,10830000,48654728000,236188
20191105,003460,유화증권,KOSPI,,12550,50,0.40,12550,12600,12350,2211,27656250,142323061650,11340483
20191105,003465,유화증권우,KOSPI,,13350,50,0.38,13350,13350,13200,1336,17834450,46662054750,3495285
20191105,008730,율촌화학,KOSPI,,13800,-100,-0.72,13800,13950,13700,31914,439402450,342240000000,24800000
20191105,008250,이건산업,KOSPI,,7940,140,1.79,7940,7950,7810,17018,134413830,86963921900,10952635
20191105,025820,이구산업,KOSPI,,1595,5,0.31,1585,1610,1575,39318,62380905,53339990000,33442000
20191105,214320,이노션,KOSPI,,66400,-1600,-2.35,67900,68500,66400,48622,3251009900,1328000000000,20000000
20191105,088260,이리츠코크렙,KOSPI,,7480,340,4.76,7190,7540,7160,340575,2514324810,473795093200,63341590
20191105,139480,이마트,KOSPI,,116500,-4000,-3.32,120000,121000,116000,305263,35845042000,3247532913500,27875819
20191105,007660,이수페타시스,KOSPI,,4185,-20,-0.48,4200,4235,4170,508396,2130334045,172708245630,41268398
20191105,005950,이수화학,KOSPI,,10900,-100,-0.91,11000,11000,10800,19727,215208900,166530200000,15278000
20191105,015020,이스타코,KOSPI,,577,0,0.00,577,585,572,35278,20388226,24725373200,42851600
20191105,093230,이아이디,KOSPI,,257,3,1.18,255,265,253,7820766,2028771277,116212494872,452188696
20191105,102460,이연제약,KOSPI,,15850,400,2.59,15500,15850,15350,130962,2051903450,265804500000,16770000
20191105,084680,이월드,KOSPI,,4430,-200,-4.32,4600,4610,4350,3375033,14977423935,400958843710,90509897
20191105,000760,이화산업,KOSPI,,15150,-50,-0.33,15150,15300,15000,94,1425650,42420000000,2800000
20191105,014990,인디에프,KOSPI,,2925,25,0.86,2965,3005,2910,1086089,3210743325,172379010375,58932995
20191105,006490,인스코비,KOSPI,,2940,110,3.89,2855,2990,2780,3000729,8739920715,276000729060,93877799
20191105,023800,인지컨트롤스,KOSPI,,5000,20,0.40,4955,5040,4950,37471,187450280,75800640000,15160128
20191105,034590,인천도시가스,KOSPI,,29300,50,0.17,29250,29350,29250,170,5010450,128180292200,4374754
20191105,129260,인터지스,KOSPI,,2120,5,0.24,2100,2120,2090,10523,22161305,63065492880,29747874
20191105,023810,인팩,KOSPI,,3740,20,0.54,3760,3765,3700,8177,30393445,37400000000,10000000
20191105,249420,일동제약,KOSPI,,17150,400,2.39,16800,17400,16650,95278,1628579750,388798251800,22670452
20191105,000230,일동홀딩스,KOSPI,,11400,150,1.33,11300,11600,11200,15332,173877600,125429491800,11002587
20191105,013360,일성건설,KOSPI,,1300,30,2.36,1290,1345,1275,436101,569091785,70232344000,54024880
20191105,003120,일성신약,KOSPI,,85300,-700,-0.81,85900,86000,85000,21713,1882086700,226898000000,2660000
20191105,003200,일신방직,KOSPI,,72700,100,0.14,72600,72700,72200,601,43602200,174480000000,2400000
20191105,007110,일신석재,KOSPI,,2860,25,0.88,2935,2940,2850,2408779,6969837215,221525904600,77456610
20191105,007570,일양약품,KOSPI,,22350,50,0.22,22300,22450,22000,38406,855885950,426564590400,19085664
20191105,007575,일양약품우,KOSPI,,17050,100,0.59,16950,17100,16650,1514,25686750,7588614000,445080
20191105,008500,일정실업,KOSPI,,18250,-100,-0.54,18350,18350,18250,152,2784800,21900000000,1200000
20191105,081000,일진다이아,KOSPI,,29650,-1350,-4.35,31250,31300,29450,327337,9762674150,421118208750,14202975
20191105,020760,일진디스플,KOSPI,,3445,90,2.68,3375,3520,3370,178649,616032905,97543245800,28314440
20191105,020150,일진머티리얼즈,KOSPI,,39900,300,0.76,39750,40700,39600,401436,16126910650,1839822316500,46110835
20191105,103590,일진전기,KOSPI,,3120,35,1.13,3090,3140,3075,25299,78301140,115690816800,37080390
20191105,015860,일진홀딩스,KOSPI,,4610,-100,-2.12,4705,4735,4545,161618,746067560,227491896630,49347483
20191105,226320,잇츠한불,KOSPI,,20500,100,0.49,20500,20850,20200,16177,330405600,449550957500,21929315
20191105,033240,자화전자,KOSPI,,10700,0,0.00,10700,10800,10400,215761,2281696050,191530000000,17900000
20191105,000950,전방,KOSPI,,16450,-50,-0.30,16500,16700,16300,491,8067500,27636000000,1680000
20191105,194370,제이에스코퍼레이션,KOSPI,,14900,-450,-2.93,15250,15500,14300,42568,635365050,198700454900,13335601
20191105,025620,제이준코스메틱,KOSPI,,5050,50,1.00,4940,5140,4845,1839653,9172886595,133947129200,26524184
20191105,036420,제이콘텐트리,KOSPI,,37600,-350,-0.92,38150,38500,37350,135306,5120435200,541699364800,14406898
20191105,030000,제일기획,KOSPI,,24500,-150,-0.61,24600,24850,24500,166615,4097166450,2818510012500,115041225
20191105,271980,제일약품,KOSPI,,36350,700,1.96,35550,36600,35050,29598,1064937850,534522097200,14704872
20191105,001560,제일연마,KOSPI,,6360,30,0.47,6330,6360,6310,4636,29331360,63600000000,10000000
20191105,002620,제일파마홀딩스,KOSPI,,19150,-50,-0.26,19200,19450,18850,8355,159952900,305889748250,15973355
20191105,006220,제주은행,KOSPI,,4105,40,0.98,4085,4115,4040,19602,79960875,131888617270,32128774
20191105,089590,제주항공,KOSPI,,25150,800,3.29,24650,26100,24450,235214,5949588800,662872463700,26356758
20191105,004910,조광페인트,KOSPI,,6060,90,1.51,5990,6200,5950,5589,33594840,77568000000,12800000
20191105,004700,조광피혁,KOSPI,,38500,0,0.00,39500,39500,38450,659,25532100,255991813000,6649138
20191105,001550,조비,KOSPI,,17450,150,0.87,17800,18150,17400,20571,362248800,90604570550,5192239
20191105,000480,조선내화,KOSPI,,91300,-2000,-2.14,92300,92700,91300,2865,263294800,365200000000,4000000
20191105,120030,조선선재,KOSPI,,81900,0,0.00,82200,82600,81800,373,30552400,103001616900,1257651
20191105,018470,조일알미늄,KOSPI,,720,1,0.14,719,724,717,35719,25680790,50511999600,70155555
20191105,002600,조흥,KOSPI,,149500,-500,-0.33,150000,150000,149500,25,3741500,89700000000,600000
20191105,185750,종근당,KOSPI,,95500,-400,-0.42,95100,96500,94500,19325,1848826900,990362695000,10370290
20191105,063160,종근당바이오,KOSPI,,31800,-350,-1.09,32500,32750,31650,48551,1547320350,166297750200,5229489
20191105,001630,종근당홀딩스,KOSPI,,91700,200,0.22,92000,92900,91300,15141,1389710500,459404253700,5009861
20191105,044380,주연테크,KOSPI,,408,2,0.49,403,413,399,486861,196513521,43554812736,106751992
20191105,013890,지누스,KOSPI,,83300,-3100,-3.59,86100,86100,81500,118025,9837842900,1183422191700,14206749
20191105,013870,지엠비코리아,KOSPI,,5240,70,1.35,5150,5280,5150,62500,325818400,99938747200,19072280
20191105,071320,지역난방공사,KOSPI,,50300,900,1.82,49600,50300,49400,11604,580014550,582410823200,11578744
20191105,010580,지코,KOSPI,,944,36,3.96,915,950,910,1041285,968876634,54592799120,57831355
20191105,035000,지투알,KOSPI,,6870,10,0.15,6890,6890,6790,7076,48299090,113818099830,16567409
20191105,088790,진도,KOSPI,,3760,-45,-1.18,3865,3975,3760,4823,18421390,46803517440,12447744
20191105,003780,진양산업,KOSPI,,3600,-45,-1.23,3640,3670,3570,107476,388854670,46800000000,13000000
20191105,010640,진양폴리,KOSPI,,2730,-45,-1.62,2775,2775,2730,24564,67742405,27300000000,10000000
20191105,100250,진양홀딩스,KOSPI,,2555,25,0.99,2525,2555,2520,74826,190230625,142812471060,55895292
20191105,051630,진양화학,KOSPI,,4970,-110,-2.17,5000,5140,4900,123841,613991005,59640000000,12000000
20191105,272450,진에어,KOSPI,,15950,450,2.90,15400,16250,15400,300670,4799709500,478500000000,30000000
20191105,011000,진원생명과학,KOSPI,,4265,65,1.55,4290,4300,4145,188004,795369055,93515059605,21926157
20191105,002780,진흥기업,KOSPI,,2450,-80,-3.16,2485,2515,2410,626292,1532783310,356405775250,145471745
20191105,002787,진흥기업2우B,KOSPI,,13800,-50,-0.36,13500,13850,13450,14927,202745400,4068350400,294808
20191105,002785,진흥기업우B,KOSPI,,5440,-70,-1.27,5500,5500,5280,33133,177607200,4663265920,857218
20191105,009310,참엔지니어링,KOSPI,,1005,42,4.36,970,1010,963,254247,251460768,52279899000,52019800
20191105,000650,천일고속,KOSPI,,71500,600,0.85,72000,72000,71000,192,13766100,102189230000,1429220
20191105,012600,청호컴넷,KOSPI,,2865,30,1.06,2835,2945,2770,27970,79543505,24571245615,8576351
20191105,033250,체시스,KOSPI,,3150,-255,-7.49,3395,3395,3100,1392029,4437703400,75600000000,24000000
20191105,001140,카리스국보,KOSPI,,4005,455,12.82,3680,4580,3670,10395018,42640977215,95985852525,23966505
20191105,035720,카카오,KOSPI,,148500,2000,1.37,146000,149000,145500,502806,74316097000,12454686981000,83869946
20191105,006380,카프로,KOSPI,,3455,40,1.17,3470,3480,3400,74484,256268930,138200000000,40000000
20191105,109070,컨버즈,KOSPI,,3260,0,0.00,0,0,0,0,0,64135652380,19673513
20191105,001620,케이비아이동국실업,KOSPI,,732,1,0.14,729,738,729,53021,38794473,48342796704,66042072
20191105,029460,케이씨,KOSPI,,13950,-150,-1.06,14200,14200,13800,20025,280950650,189078913800,13554044
20191105,281820,케이씨텍,KOSPI,,19300,-550,-2.77,19950,20000,19150,87298,1692942400,382899262000,19839340
20191105,145270,케이탑리츠,KOSPI,,909,-8,-0.87,919,919,909,270232,246510995,40993033923,45096847
20191105,007815,코리아써우,KOSPI,,3275,-125,-3.68,3385,3385,3270,8074,26664120,9709359750,2964690
20191105,007810,코리아써키트,KOSPI,,9820,-330,-3.25,10150,10150,9760,551598,5469443060,231955774820,23620751
20191105,00781K,코리아써키트2우B,KOSPI,,4525,-115,-2.48,4635,4635,4525,6534,29785180,3546237975,783699
20191105,152330,코리아오토글라스,KOSPI,,16800,-350,-2.04,17100,17300,16800,25658,434590950,336000000000,20000000
20191105,003690,코리안리,KOSPI,,8070,-10,-0.12,8010,8100,8000,53073,427229440,971378766120,120369116
20191105,192820,코스맥스,KOSPI,,82400,2600,3.26,80700,82700,79700,166592,13568048600,828079541600,10049509
20191105,044820,코스맥스비티아이,KOSPI,,14650,50,0.34,14600,14700,14400,7761,113053650,140697442650,9603921
20191105,005070,코스모신소재,KOSPI,,7910,10,0.13,7930,8070,7880,151767,1206432890,156206403150,19747965
20191105,005420,코스모화학,KOSPI,,5400,90,1.69,5350,5430,5300,158249,851292550,86998455000,16110825
20191105,071950,코아스,KOSPI,,1385,5,0.36,1400,1410,1380,245554,344649290,42806485850,30907210
20191105,002020,코오롱,KOSPI,,17450,200,1.16,17550,17700,17300,32890,574731600,220331133700,12626426
20191105,003070,코오롱글로벌,KOSPI,,9930,-70,-0.70,10000,10250,9920,29944,300828680,250339649340,25210438
20191105,003075,코오롱글로벌우,KOSPI,,17650,200,1.15,17450,17650,17300,813,14238400,5520972950,312803
20191105,144620,코오롱머티리얼,KOSPI,,1415,80,5.99,1335,1420,1320,628860,860633930,97151968525,68658635
20191105,002025,코오롱우,KOSPI,,11350,200,1.79,11300,11500,11150,14789,166640050,12217026500,1076390
20191105,120110,코오롱인더,KOSPI,,47150,-650,-1.36,48000,48100,46550,108136,5101444000,1272052306000,26978840
20191105,120115,코오롱인더우,KOSPI,,21850,-150,-0.68,22000,22150,21750,3574,78193800,60477741000,2767860
20191105,138490,코오롱플라스틱,KOSPI,,4815,60,1.26,4760,4825,4735,45534,218808705,182970000000,38000000
20191105,031820,콤텍시스템,KOSPI,,1305,-15,-1.14,1320,1330,1290,885745,1158165340,88546163130,67851466
20191105,192400,쿠쿠홀딩스,KOSPI,,103500,-1500,-1.43,106500,106500,103500,3175,330776500,736137229500,7112437
20191105,284740,쿠쿠홈시스,KOSPI,,38750,0,0.00,39300,39300,38100,23610,906292300,869446537500,22437330
20191105,015590,큐로,KOSPI,,788,0,0.00,788,790,778,261173,204917105,105420803060,133782745
20191105,264900,크라운제과,KOSPI,,8370,10,0.12,8420,8420,8320,4492,37534850,104824624500,12523850
20191105,26490K,크라운제과우,KOSPI,,7800,110,1.43,7730,7880,7700,5052,39113230,6033768000,773560
20191105,005740,크라운해태홀딩스,KOSPI,,10500,50,0.48,10600,10600,10400,19925,208556500,155897143500,14847347
20191105,005745,크라운해태홀딩스우,KOSPI,,13250,200,1.53,13150,13250,13050,6093,80237650,7959619500,600726
20191105,020120,키다리스튜디오,KOSPI,,4500,-60,-1.32,4560,4590,4455,51096,229717755,76316697000,16959266
20191105,039490,키움증권,KOSPI,,74200,1900,2.63,72800,74700,72500,93093,6858888200,1639800708000,22099740
20191105,012170,키위미디어그룹,KOSPI,,150,0,0.00,0,0,0,0,0,29592697500,197284650
20191105,015890,태경산업,KOSPI,,5600,30,0.54,5560,5630,5530,28710,160330940,163681000000,29228750
20191105,006890,태경화학,KOSPI,,5170,90,1.77,5060,5300,5020,337720,1756990030,59972000000,11600000
20191105,003240,태광산업,KOSPI,,1107000,1000,0.09,1106000,1115000,1101000,351,389259000,1232533800000,1113400
20191105,011280,태림포장,KOSPI,,4805,-45,-0.93,4855,4865,4750,210046,1004793680,340222541700,70805940
20191105,004100,태양금속,KOSPI,,1030,10,0.98,1015,1030,1005,77872,79371000,37801000000,36700000
20191105,004105,태양금속우,KOSPI,,2890,40,1.40,2865,2890,2845,5901,16847720,9537000000,3300000
20191105,009410,태영건설,KOSPI,,13100,0,0.00,13100,13100,12900,117050,1520154000,1000840000000,76400000
20191105,009415,태영건설우,KOSPI,,6940,-10,-0.14,7030,7030,6860,7437,51183670,17748911200,2557480
20191105,001420,태원물산,KOSPI,,4290,20,0.47,4350,4350,4215,41769,177643545,32604000000,7600000
20191105,007980,태평양물산,KOSPI,,2810,0,0.00,2815,2825,2765,34094,95506430,140251995020,49911742
20191105,055490,테이팩스,KOSPI,,20600,-250,-1.20,20600,20900,20550,2062,42646150,97183590000,4717650
20191105,078000,텔코웨어,KOSPI,,14950,-150,-0.99,15100,15100,14750,16890,251937650,145055454700,9702706
20191105,214420,토니모리,KOSPI,,10800,150,1.41,10650,10850,10550,62582,671579000,190512000000,17640000
20191105,019180,티에이치엔,KOSPI,,3770,-200,-5.04,3970,4015,3760,335490,1284469130,67860000000,18000000
20191105,091810,티웨이항공,KOSPI,,5080,30,0.59,5150,5250,5010,193454,987898330,238632044960,46974812
20191105,004870,티웨이홀딩스,KOSPI,,1770,-30,-1.67,1810,1810,1755,546147,970528405,135725113350,76680855
20191105,005690,파미셀,KOSPI,,9160,360,4.09,8810,9400,8810,2748498,25037949200,549223982000,59958950
20191105,036580,팜스코,KOSPI,,5050,10,0.20,5050,5070,4985,71370,358515840,185476112150,36727943
20191105,028670,팬오션,KOSPI,,4450,-30,-0.67,4485,4490,4415,883495,3922253205,2378832971150,534569207
20191105,010820,퍼스텍,KOSPI,,2270,65,2.95,2215,2270,2195,226564,506053530,106156186800,46764840
20191105,016800,퍼시스,KOSPI,,30350,-300,-0.98,30500,30600,30200,93187,2883585400,349025000000,11500000
20191105,001020,페이퍼코리아,KOSPI,,608,7,1.16,600,615,591,96702,58196093,54672890336,89922517
20191105,090080,평화산업,KOSPI,,1290,0,0.00,1290,1330,1275,247146,321813735,70823914110,54902259
20191105,010770,평화홀딩스,KOSPI,,4035,100,2.54,4000,4085,3935,19441,77660060,59013755310,14625466
20191105,058430,포스코강판,KOSPI,,18200,-100,-0.55,18600,18600,18100,1168,21262750,109200000000,6000000
20191105,047050,포스코인터내셔널,KOSPI,,18550,-150,-0.80,18600,18650,18250,164304,3025663250,2288609013950,123375149
20191105,003670,포스코케미칼,KOSPI,,49800,100,0.20,49750,50400,49200,250364,12467137300,3037213356000,60988220
20191105,007630,폴루스바이오팜,KOSPI,,1225,0,0.00,0,0,0,0,0,48156675700,39311572
20191105,017810,풀무원,KOSPI,,9210,340,3.83,9000,9480,8920,320446,2964260010,350817649500,38090950
20191105,103140,풍산,KOSPI,,21550,350,1.65,21250,21750,21050,121212,2603807100,603923190900,28024278
20191105,005810,풍산홀딩스,KOSPI,,33600,0,0.00,33600,33650,33550,2630,88386800,263261611200,7835167
20191105,033180,필룩스,KOSPI,,8950,-160,-1.76,9740,10100,8950,62400351,593291366340,711907308200,79542716
20191105,086790,하나금융지주,KOSPI,,35550,850,2.45,34600,35550,34600,1038570,36559354200,10673605304100,300242062
20191105,099340,하나니켈1호,KOSPI,,449,0,0.00,449,450,446,69318,31017024,10217533800,22756200
20191105,099350,하나니켈2호,KOSPI,,1205,0,0.00,1215,1215,1185,87818,104985125,3957220000,3284000
20191105,293480,하나제약,KOSPI,,23250,950,4.26,22400,23350,22350,102405,2360927050,376650000000,16200000
20191105,039130,하나투어,KOSPI,,52200,500,0.97,51000,52500,50300,202785,10412799900,606364857000,11616185
20191105,172580,하이골드12호,KOSPI,,2770,-10,-0.36,2790,2790,2755,41903,115708860,36133265000,13044500
20191105,153360,하이골드3호,KOSPI,,1800,5,0.28,1800,1805,1795,46114,82947795,29069622000,16149790
20191105,159650,하이골드8호,KOSPI,,2050,0,0.00,2050,2050,2010,60017,121804035,30557154450,14905929
20191105,071090,하이스틸,KOSPI,,20300,400,2.01,20500,20850,20150,7537,153606700,40598863200,1999944
20191105,019490,하이트론,KOSPI,,3440,-85,-2.41,3525,3580,3440,12279,42908505,19025728400,5530735
20191105,000080,하이트진로,KOSPI,,29450,-100,-0.34,29500,29600,29050,216976,6377086200,2065434843950,70133611
20191105,000087,하이트진로2우B,KOSPI,,17900,-100,-0.56,18150,18150,17850,353,6366350,20229470200,1130138
20191105,000140,하이트진로홀딩스,KOSPI,,13900,-200,-1.42,14100,14150,13800,32533,455444800,322574033500,23206765
20191105,000145,하이트진로홀딩스우,KOSPI,,18500,-200,-1.07,18700,18900,18350,7806,144505750,8709985000,470810
20191105,152550,한국ANKOR유전,KOSPI,,1795,0,0.00,1795,1795,1780,2114,3764630,125685900000,70020000
20191105,036460,한국가스공사,KOSPI,,39700,-150,-0.38,39900,39900,39550,141625,5616361800,3664826100000,92313000
20191105,005430,한국공항,KOSPI,,40150,-250,-0.62,40300,40300,39950,3558,142700150,127129153250,3166355
20191105,071050,한국금융지주,KOSPI,,71300,300,0.42,70900,71300,70300,137666,9762067200,3973263229600,55725992
20191105,071055,한국금융지주우,KOSPI,,41450,100,0.24,41800,41800,40900,10967,452398950,242824503950,5858251
20191105,010040,한국내화,KOSPI,,4840,5,0.10,4900,4960,4830,271216,1323502260,110659978880,22863632
20191105,025540,한국단자,KOSPI,,47200,550,1.18,46650,47650,46050,12619,594066750,491588000000,10415000
20191105,004090,한국석유,KOSPI,,106500,500,0.47,106500,106500,105000,1279,135388000,69778800000,655200
20191105,002960,한국쉘석유,KOSPI,,335000,-4000,-1.18,336500,339000,335000,1108,372576500,435500000000,1300000
20191105,123890,한국자산신탁,KOSPI,,3435,15,0.44,3425,3455,3410,77121,263907915,387650917185,112853251
20191105,015760,한국전력,KOSPI,,25250,-50,-0.20,25400,25450,25200,1513299,38242878900,16209592944250,641964077
20191105,006200,한국전자홀딩스,KOSPI,,696,-9,-1.28,701,710,695,48050,33616840,32574982656,46803136
20191105,002300,한국제지,KOSPI,,18050,50,0.28,18050,18100,17900,3750,67483650,90339329450,5004949
20191105,009540,한국조선해양,KOSPI,,122000,500,0.41,121500,123500,120500,112230,13713992500,8634320152000,70773116
20191105,023350,한국종합기술,KOSPI,,3960,20,0.51,3960,4000,3950,15771,62653040,43362000000,10950000
20191105,025890,한국주강,KOSPI,,1875,45,2.46,1845,1880,1825,4529,8389235,21204860625,11309259
20191105,000970,한국주철관,KOSPI,,10500,100,0.96,10350,10500,10350,26513,277037450,239405250000,22800500
20191105,104700,한국철강,KOSPI,,4750,30,0.64,4740,4760,4700,46369,218774195,218737500000,46050000
20191105,017960,한국카본,KOSPI,,8170,10,0.12,8140,8240,8010,203824,1650306880,359159384690,43960757
20191105,161890,한국콜마,KOSPI,,47750,200,0.42,47600,48100,47100,183510,8733802600,1092576345000,22881180
20191105,024720,한국콜마홀딩스,KOSPI,,22800,100,0.44,22800,22950,22400,66249,1502594450,409008424800,17938966
20191105,161390,한국타이어앤테크놀로지,KOSPI,,35850,2900,8.80,34250,36500,34200,1050396,37327886700,4440921223650,123875069
20191105,000240,한국테크놀로지그룹,KOSPI,,13800,350,2.60,13500,14000,13500,64804,895474550,1283678387400,93020173
20191105,034830,한국토지신탁,KOSPI,,2225,-15,-0.67,2230,2245,2210,416122,927223335,561788536750,252489230
20191105,007280,한국특수형강,KOSPI,,1305,5,0.38,1290,1320,1290,45056,58323895,42221304450,32353490
20191105,168490,한국패러랠,KOSPI,,2220,0,0.00,2225,2225,2210,23986,53095110,177644400000,80020000
20191105,010100,한국프랜지,KOSPI,,2410,25,1.05,2380,2480,2350,734618,1783066735,73385512200,30450420
20191105,047810,한국항공우주,KOSPI,,38500,-150,-0.39,38600,38800,38250,224932,8666280400,3752791619500,97475107
20191105,123690,한국화장품,KOSPI,,8610,110,1.29,8480,8660,8450,134987,1153591660,138345480000,16068000
20191105,003350,한국화장품제조,KOSPI,,31300,500,1.62,30850,31600,30450,68266,2123650200,141851600000,4532000
20191105,011500,한농화성,KOSPI,,3975,0,0.00,3950,4000,3950,6536,25965360,62157241950,15637042
20191105,002390,한독,KOSPI,,23300,100,0.43,23400,24100,23100,91081,2135188700,320690318900,13763533
20191105,014790,한라,KOSPI,,3180,30,0.95,3165,3225,3165,106469,340089700,123622315560,38874942
20191105,060980,한라홀딩스,KOSPI,,42750,-200,-0.47,43000,43150,42250,17727,755901950,447680992500,10472070
20191105,053690,한미글로벌,KOSPI,,9300,60,0.65,9250,9350,9150,60156,557111050,101905215000,10957550
20191105,042700,한미반도체,KOSPI,,6790,-10,-0.15,6740,6850,6740,85717,582530200,388550213100,57223890
20191105,008930,한미사이언스,KOSPI,,44750,0,0.00,45000,45050,44050,120743,5398551200,2897242985000,64742860
20191105,128940,한미약품,KOSPI,,336500,1000,0.30,336000,337500,331000,29916,10024753000,3907499916000,11612184
20191105,009240,한샘,KOSPI,,64300,0,0.00,64400,64900,63400,37056,2374349000,1513231570400,23533928
20191105,020000,한섬,KOSPI,,29600,50,0.17,29800,29850,29400,45494,1347538200,729048000000,24630000
20191105,003680,한성기업,KOSPI,,5620,-10,-0.18,5630,5690,5560,21403,120096910,34679648720,6170756
20191105,105630,한세실업,KOSPI,,18750,-250,-1.32,19050,19100,18650,82989,1561335950,750000000000,40000000
20191105,069640,한세엠케이,KOSPI,,4120,15,0.37,4115,4130,4070,34658,141876950,53186406640,12909322
20191105,016450,한세예스24홀딩스,KOSPI,,7600,-180,-2.31,7780,7780,7590,28281,215980510,304000000000,40000000
20191105,010420,한솔PNS,KOSPI,,1585,15,0.96,1570,1600,1570,43430,69005815,32481424020,20493012
20191105,009180,한솔로지스틱스,KOSPI,,1275,-5,-0.39,1280,1280,1260,49616,62936625,35033716875,27477425
20191105,213500,한솔제지,KOSPI,,14850,0,0.00,14850,14950,14750,37032,550434850,353438553600,23800576
20191105,014680,한솔케미칼,KOSPI,,92500,-1400,-1.49,94000,94000,92500,32344,3003059400,1044805537500,11295195
20191105,004710,한솔테크닉스,KOSPI,,7310,-110,-1.48,7380,7400,7260,303753,2224330120,234723208180,32109878
20191105,004150,한솔홀딩스,KOSPI,,4055,40,1.00,4005,4065,4005,31493,127103830,191329818345,47183679
20191105,025750,한솔홈데코,KOSPI,,1200,-5,-0.41,1210,1210,1190,159402,191018840,96678178800,80565149
20191105,004960,한신공영,KOSPI,,15500,-200,-1.27,15700,15750,15350,7197,111089500,179345881000,11570702
20191105,011700,한신기계,KOSPI,,1735,25,1.46,1720,1755,1700,160459,278498430,56294071985,32446151
20191105,001750,한양증권,KOSPI,,7440,30,0.40,7410,7440,7390,6900,51070460,94700292960,12728534
20191105,001755,한양증권우,KOSPI,,8100,-30,-0.37,8130,8130,8020,533,4279530,4252500000,525000
20191105,018880,한온시스템,KOSPI,,11800,0,0.00,11800,11900,11700,544615,6431597200,6298840000000,533800000
20191105,009420,한올바이오파마,KOSPI,,33300,350,1.06,32900,33800,32600,271551,9043465700,1739613245400,52240638
20191105,014130,한익스프레스,KOSPI,,5050,60,1.20,4995,5090,4980,63240,317804155,60600000000,12000000
20191105,300720,한일시멘트,KOSPI,,97800,-200,-0.20,98000,98800,97200,1844,180290500,405378066000,4144970
20191105,002220,한일철강,KOSPI,,2080,30,1.46,2050,2080,2025,26924,55695875,46430446400,22322330
20191105,006390,한일현대시멘트,KOSPI,,32900,750,2.33,33500,33500,32600,13611,448104100,553420441000,16821290
20191105,003300,한일홀딩스,KOSPI,,49250,300,0.61,49400,49450,48500,4322,211363600,295222033000,5994356
20191105,051600,한전KPS,KOSPI,,33600,-150,-0.44,33750,33850,33400,83708,2813013700,1512000000000,45000000
20191105,052690,한전기술,KOSPI,,21050,150,0.72,20700,21350,20600,47403,999407000,804531000000,38220000
20191105,130660,한전산업,KOSPI,,3530,-50,-1.40,3580,3610,3480,78710,277690300,115078000000,32600000
20191105,002320,한진,KOSPI,,30750,200,0.65,30650,31200,30400,40137,1239234200,368220672000,11974656
20191105,097230,한진중공업,KOSPI,,4440,50,1.14,4390,4445,4385,71525,316121045,369737807640,83274281
20191105,003480,한진중공업홀딩스,KOSPI,,2720,10,0.37,2730,2730,2695,7920,21474480,80321088640,29529812
20191105,180640,한진칼,KOSPI,,32150,0,0.00,32200,32800,31750,298210,9612384150,1902330224700,59170458
20191105,18064K,한진칼우,KOSPI,,39700,-600,-1.49,39850,40900,39000,38889,1544765800,21309610200,536766
20191105,005110,한창,KOSPI,,3440,-25,-0.72,3575,3655,3440,6122677,21698359285,119678525360,34790269
20191105,009460,한창제지,KOSPI,,2915,20,0.69,2865,2930,2860,850741,2465351120,173930721690,59667486
20191105,000880,한화,KOSPI,,24600,50,0.20,24600,24750,24300,140327,3444816600,1843984881000,74958735
20191105,00088K,한화3우B,KOSPI,,13900,0,0.00,13850,13950,13750,22830,317047200,312360800000,22472000
20191105,027390,한화갤러리아타임월드,KOSPI,,19100,150,0.79,18800,19150,18800,4818,91557450,114602502100,6000131
20191105,088350,한화생명,KOSPI,,2350,45,1.95,2305,2350,2300,1649985,3840950645,2041045500000,868530000
20191105,000370,한화손해보험,KOSPI,,2905,15,0.52,2900,2915,2865,121043,349356235,339126548075,116738915
20191105,012450,한화에어로스페이스,KOSPI,,37350,-350,-0.93,37700,38150,37150,223956,8388011700,1925766000000,51560000
20191105,000885,한화우,KOSPI,,27850,700,2.58,27350,28000,27300,16501,456015200,13348337900,479294
20191105,009830,한화케미칼,KOSPI,,16750,150,0.90,16650,16750,16600,385713,6433180850,2704778107500,161479290
20191105,009835,한화케미칼우,KOSPI,,11550,0,0.00,11450,11600,11350,5601,64094200,12979162350,1123737
20191105,003530,한화투자증권,KOSPI,,2110,5,0.24,2105,2125,2085,237911,502195940,452695805250,214547775
20191105,003535,한화투자증권우,KOSPI,,2025,-15,-0.74,2020,2040,2015,14540,29376510,9720000000,4800000
20191105,195870,해성디에스,KOSPI,,14850,300,2.06,14600,14950,14450,46364,683634400,252450000000,17000000
20191105,101530,해태제과식품,KOSPI,,7580,90,1.20,7520,7600,7520,8920,67463980,220705510760,29116822
20191105,143210,핸즈코퍼레이션,KOSPI,,7060,-160,-2.22,7300,7310,7050,22100,157428070,154354672080,21863268
20191105,000720,현대건설,KOSPI,,45350,950,2.14,44950,45900,44950,638185,28968335650,5049983942750,111355765
20191105,267270,현대건설기계,KOSPI,,29650,650,2.24,28900,29700,28900,128124,3780967350,584128512450,19700793
20191105,000725,현대건설우,KOSPI,,155500,4500,2.98,153000,159000,153000,1003,156091500,15372108000,98856
20191105,005440,현대그린푸드,KOSPI,,11350,-150,-1.30,11400,11450,11350,89001,1012866100,1108945870700,97704482
20191105,086280,현대글로비스,KOSPI,,156500,2500,1.62,154000,156500,153500,65848,10258898000,5868750000000,37500000
20191105,064350,현대로템,KOSPI,,16700,600,3.73,16500,17000,16450,749911,12535930900,1419500000000,85000000
20191105,079430,현대리바트,KOSPI,,14700,-50,-0.34,14600,14900,14600,20160,296809750,301868645400,20535282
20191105,012330,현대모비스,KOSPI,,246500,4000,1.65,242500,246500,242000,202980,49803064750,23493100071000,95306694
20191105,010620,현대미포조선,KOSPI,,42950,400,0.94,42550,43400,42350,117298,5034107100,1715515299550,39942149
20191105,069960,현대백화점,KOSPI,,75400,-300,-0.40,75100,75700,74300,50221,3760878300,1764544051400,23402441
20191105,004560,현대비앤지스틸,KOSPI,,9050,10,0.11,9050,9100,9000,12918,116561150,136463239550,15078811
20191105,004565,현대비앤지스틸우,KOSPI,,57500,-300,-0.52,57800,59000,56800,398,22899900,6316490000,109852
20191105,011760,현대상사,KOSPI,,18050,250,1.40,17950,18250,17950,63592,1152092050,238782836300,13228966
20191105,011200,현대상선,KOSPI,,3350,40,1.21,3345,3350,3315,450447,1500708530,1060449853250,316552195
20191105,004310,현대약품,KOSPI,,5310,210,4.12,5100,5360,5000,2703832,14112147360,169920000000,32000000
20191105,126560,현대에이치씨엔,KOSPI,,3695,0,0.00,3690,3700,3595,36236,132101310,417079022220,112876596
20191105,017800,현대엘리베이,KOSPI,,77000,2000,2.67,77000,77800,76300,397037,30607295100,2094348718000,27199334
20191105,307950,현대오토에버,KOSPI,,53900,-500,-0.92,54400,54600,53700,40974,2211545600,1131900000000,21000000
20191105,011210,현대위아,KOSPI,,51100,-200,-0.39,51000,51400,50000,112747,5721082400,1389668741300,27195083
20191105,267260,현대일렉트릭,KOSPI,,10950,50,0.46,10800,10950,10600,228667,2461269000,222910628250,20357135
20191105,004020,현대제철,KOSPI,,32650,400,1.24,32500,32700,32400,434531,14168829700,4357004880250,133445785
20191105,267250,현대중공업지주,KOSPI,,351000,7000,2.03,341500,351000,340500,22614,7880277500,5716602567000,16286617
20191105,005380,현대차,KOSPI,,125000,1000,0.81,124000,125500,124000,471601,58813438000,26708523375000,213668187
20191105,005387,현대차2우B,KOSPI,,82800,1800,2.22,81500,82800,81200,58704,4826544800,3020995342800,36485451
20191105,005389,현대차3우B,KOSPI,,73400,1100,1.52,72400,73400,72400,32793,2362315300,178269149000,2428735
20191105,005385,현대차우,KOSPI,,75800,1600,2.16,74200,75800,74200,50875,3840959000,1846236723000,24356685
20191105,001500,현대차증권,KOSPI,,10200,0,0.00,10150,10200,10050,30553,310137250,299238532200,29337111
20191105,227840,현대코퍼레이션홀딩스,KOSPI,,12050,100,0.84,12050,12200,11950,54922,660575950,109665073800,9100836
20191105,001450,현대해상,KOSPI,,26850,550,2.09,26350,27000,26300,183615,4917234350,2400390000000,89400000
20191105,057050,현대홈쇼핑,KOSPI,,85600,-500,-0.58,86100,86600,85300,14705,1264478700,1027200000000,12000000
20191105,093240,형지엘리트,KOSPI,,1330,-40,-2.92,1370,1380,1320,305758,409701435,41435881340,31154798
20191105,003010,혜인,KOSPI,,4710,85,1.84,4650,4745,4650,88400,415332145,59877038370,12712747
20191105,111110,호전실업,KOSPI,,14600,0,0.00,14600,14750,14300,5361,77813300,116800000000,8000000
20191105,008770,호텔신라,KOSPI,,79700,-700,-0.87,80100,80600,78900,398437,31825790800,3128075243700,39248121
20191105,008775,호텔신라우,KOSPI,,49500,300,0.61,50000,50400,49350,7487,373212950,37218010500,751879
20191105,002460,화성산업,KOSPI,,12650,-100,-0.78,12850,12900,12600,34681,440611250,157502620000,12450800
20191105,013520,화승알앤에이,KOSPI,,1945,30,1.57,1950,1950,1900,66609,127542295,125571553450,64561210
20191105,241590,화승엔터프라이즈,KOSPI,,14650,-150,-1.01,14850,15100,14450,206655,3042245250,886862215500,60536670
20191105,006060,화승인더,KOSPI,,11050,-100,-0.90,11150,11350,10900,213411,2374654400,611286000000,55320000
20191105,010690,화신,KOSPI,,3515,-110,-3.03,3590,3665,3515,41279,147395765,122745241150,34920410
20191105,133820,화인베스틸,KOSPI,,3470,-15,-0.43,3490,3495,3420,201932,698139465,102538500000,29550000
20191105,010660,화천기계,KOSPI,,2860,120,4.38,2750,3090,2700,9008601,26420902455,62920000000,22000000
20191105,000850,화천기공,KOSPI,,38950,50,0.13,38900,39100,38550,5531,214690000,85690000000,2200000
20191105,016580,환인제약,KOSPI,,16300,250,1.56,16100,16600,15950,128528,2095441500,303181141000,18600070
20191105,032560,황금에스티,KOSPI,,7560,-20,-0.26,7580,7660,7520,27342,206841580,105840000000,14000000
20191105,004800,효성,KOSPI,,80600,-100,-0.12,80800,81300,80000,57128,4611286200,1698324615000,21071025
20191105,094280,효성ITX,KOSPI,,12350,-400,-3.14,12800,12800,12250,27612,343230350,142743770000,11558200
20191105,298040,효성중공업,KOSPI,,27950,-50,-0.18,28100,28150,27800,43148,1204193350,260621116600,9324548
20191105,298050,효성첨단소재,KOSPI,,107500,-3000,-2.71,110000,110500,106500,76888,8280795500,481594410000,4479948
20191105,298020,효성티앤씨,KOSPI,,160500,-2000,-1.23,163500,163500,159000,8128,1303514500,694592961000,4327682
20191105,298000,효성화학,KOSPI,,162500,-2000,-1.22,164500,164500,159500,20759,3344512000,518395475000,3190126
20191105,093370,후성,KOSPI,,8090,-290,-3.46,8380,8410,8060,2236664,18283050690,749189165710,92606819
20191105,081660,휠라코리아,KOSPI,,60200,-1100,-1.79,61800,62200,59600,512346,30976248500,3679127214000,61115070
20191105,005870,휴니드,KOSPI,,7040,30,0.43,7120,7120,6990,15296,107601570,99376745600,14116015
20191105,079980,휴비스,KOSPI,,6150,-100,-1.60,6230,6300,6150,39388,244364160,212175000000,34500000
20191105,005010,휴스틸,KOSPI,,10350,50,0.49,10300,10400,10200,6382,65684150,78884263800,7621668
20191105,069260,휴켐스,KOSPI,,22200,-300,-1.33,22300,22500,22200,40586,904545150,907504653600,40878588
20191105,000540,흥국화재,KOSPI,,3155,30,0.96,3140,3195,3120,20423,64477170,202685544975,64242645
20191105,000547,흥국화재2우B,KOSPI,,19300,-50,-0.26,19350,19350,19050,40,764100,2964480000,153600
20191105,000545,흥국화재우,KOSPI,,4785,70,1.48,4750,4790,4670,1274,6080000,3674880000,768000
20191105,003280,흥아해운,KOSPI,,372,8,2.20,364,373,364,276502,101944857,36238652676,97415733
20191105,060310,3S,KOSDAQ,중견기업부,3325,-85,-2.49,3415,3420,3280,284737,948614725,148867375475,44772143
20191105,054620,APS홀딩스,KOSDAQ,우량기업부,9890,10,0.10,10250,10350,9840,302461,3025670490,201698845690,20394221
20191105,265520,AP시스템,KOSDAQ,우량기업부,29700,1650,5.88,28100,30100,27850,1208458,35440754400,430062741900,14480227
20191105,211270,AP위성,KOSDAQ,벤처기업부,6630,40,0.61,6700,6700,6530,12558,82899430,99548150520,15014804
20191105,035760,CJ ENM,KOSDAQ,우량기업부,174000,800,0.46,173200,174000,170600,43929,7560884500,3815672796000,21929154
20191105,051500,CJ프레시웨이,KOSDAQ,중견기업부,25950,-150,-0.57,26000,26300,25600,18077,467265100,308067656700,11871586
20191105,058820,CMG제약,KOSDAQ,벤처기업부,3300,165,5.26,3140,3390,3090,9261933,30009155940,458344405200,138892244
20191105,023460,CNH,KOSDAQ,중견기업부,1500,-30,-1.96,1530,1530,1485,132205,197642010,55800000000,37200000
20191105,065770,CS,KOSDAQ,벤처기업부,2970,-10,-0.34,3010,3025,2920,74898,221464165,55940395500,18835150
20191105,083660,CSA 코스믹,KOSDAQ,관리종목(소속부없음),4170,0,0.00,0,0,0,0,0,82347662970,19747641
20191105,306620,DB금융스팩6호,KOSDAQ,SPAC(소속부없음),2150,0,0.00,0,0,0,0,0,10406000000,4840000
20191105,322780,DB금융스팩7호,KOSDAQ,SPAC(소속부없음),2070,10,0.49,2060,2080,2050,16621,34194845,9418500000,4550000
20191105,068790,DMS,KOSDAQ,우량기업부,5500,30,0.55,5540,5620,5470,107218,592783440,126733678500,23042487
20191105,241520,DSC인베스트먼트,KOSDAQ,벤처기업부,3200,120,3.90,3080,3540,3040,1903768,6350675905,57982025600,18119383
20191105,245620,EDGC,KOSDAQ,기술성장기업부,5670,150,2.72,5530,5750,5470,135387,760693100,205100569800,36172940
20191105,037370,EG,KOSDAQ,중견기업부,9190,20,0.22,9150,9230,9080,16822,154238420,68925000000,7500000
20191105,079190,EMW,KOSDAQ,투자주의환기종목(소속부없음),2780,0,0.00,0,0,0,0,0,88360067660,31784197
20191105,130500,GH신소재,KOSDAQ,중견기업부,2760,20,0.73,2760,2770,2735,39055,107459640,30360000000,11000000
20191105,032860,GMR 머티리얼즈,KOSDAQ,중견기업부,595,-11,-1.82,606,616,586,932097,560681667,40197509800,67558840
20191105,900290,GRT,KOSDAQ,외국기업(소속부없음),2435,80,3.40,2330,2480,2315,1832690,4399786970,164058125000,67375000
20191105,083450,GST,KOSDAQ,우량기업부,9240,-70,-0.75,9310,9490,9140,206199,1914124270,86095963800,9317745
20191105,028150,GS홈쇼핑,KOSDAQ,우량기업부,152200,100,0.07,150500,152500,150500,5090,772587600,998812500000,6562500
20191105,045890,GV,KOSDAQ,벤처기업부,3210,50,1.58,3155,3210,2845,1937758,5838341805,121628106960,37890376
20191105,078150,HB테크놀러지,KOSDAQ,우량기업부,2920,-40,-1.35,2980,2985,2900,805058,2357961370,230652043920,78990426
20191105,036640,HRS,KOSDAQ,중견기업부,2580,5,0.19,2560,2595,2560,85060,219469470,42195384000,16354800
20191105,299170,IBKS제10호스팩,KOSDAQ,SPAC(소속부없음),2110,-5,-0.24,2115,2115,2075,2723,5671820,9136300000,4330000
20191105,254120,IBKS제5호스팩,KOSDAQ,SPAC(소속부없음),2070,-15,-0.72,2070,2120,2050,162187,334819290,9315000000,4500000
20191105,264850,IBKS제6호스팩,KOSDAQ,SPAC(소속부없음),2075,20,0.97,2055,2075,2050,42546,87942110,8953625000,4315000
20191105,276920,IBKS제7호스팩,KOSDAQ,SPAC(소속부없음),2100,-20,-0.94,2125,2125,2100,2602,5464250,7665000000,3650000
20191105,095340,ISC,KOSDAQ,우량기업부,11100,400,3.74,10700,11250,10700,267688,2949632900,156981838800,14142508
20191105,099520,ITX엠투엠,KOSDAQ,벤처기업부,1370,30,2.24,1350,1390,1320,70135,94583605,22558599470,16466131
20191105,950170,JTC,KOSDAQ,외국기업(소속부없음),8380,50,0.60,8430,8490,8280,87408,733670500,293346232460,35005517
20191105,067290,JW신약,KOSDAQ,중견기업부,5220,540,11.54,4675,5300,4635,1655539,8303820100,217502606520,41667166
20191105,035900,JYP Ent.,KOSDAQ,우량기업부,22100,-550,-2.43,22700,22800,22050,487027,10837504150,784439323200,35494992
20191105,024840,KBI메탈,KOSDAQ,우량기업부,1705,190,12.54,1560,1885,1560,8757083,15336793520,56181195840,32950848
20191105,024120,KB오토시스,KOSDAQ,우량기업부,6020,20,0.33,5980,6020,5960,5730,34406360,69230000000,11500000
20191105,021320,KCC건설,KOSDAQ,우량기업부,6460,20,0.31,6430,6490,6380,29751,191150740,138244000000,21400000
20191105,036670,KCI,KOSDAQ,중견기업부,10150,240,2.42,10100,10150,9960,53849,540425620,114390500000,11270000
20191105,044180,KD,KOSDAQ,관리종목(소속부없음),495,0,0.00,0,0,0,0,0,38784885480,78353304
20191105,151860,KG ETS,KOSDAQ,우량기업부,3100,-20,-0.64,3120,3120,3090,53970,167478350,111600000000,36000000
20191105,046440,KG모빌리언스,KOSDAQ,우량기업부,5990,20,0.34,5940,6050,5870,54376,325066330,179142672430,29906957
20191105,035600,KG이니시스,KOSDAQ,우량기업부,16600,100,0.61,16350,16950,16000,311408,5152611050,463213604400,27904434
20191105,060720,KH바텍,KOSDAQ,중견기업부,16100,-500,-3.01,16600,16800,16000,510789,8293081350,345199600900,21440969
20191105,083470,KJ프리텍,KOSDAQ,투자주의환기종목(소속부없음),387,0,0.00,0,0,0,0,0,9560730123,24704729
20191105,122450,KMH,KOSDAQ,중견기업부,5240,20,0.38,5220,5290,5210,36863,193565750,118631834120,22639663
20191105,052900,KMH하이텍,KOSDAQ,중견기업부,1145,5,0.44,1140,1145,1120,469781,533197065,53683896355,46885499
20191105,058400,KNN,KOSDAQ,우량기업부,1320,35,2.72,1285,1410,1270,19165966,25725240730,174807230400,132429720
20191105,114450,KPX생명과학,KOSDAQ,중견기업부,8210,10,0.12,8200,8300,7500,743393,5841312740,123150000000,15000000
20191105,036030,KTH,KOSDAQ,중견기업부,6270,-20,-0.32,6200,6310,6200,22016,138071140,223933187940,35715022
20191105,060370,KT서브마린,KOSDAQ,우량기업부,3060,-35,-1.13,3085,3245,2935,231768,716666835,67014000000,21900000
20191105,065150,MP그룹,KOSDAQ,투자주의환기종목(소속부없음),1315,0,0.00,0,0,0,0,0,106263055205,80808407
20191105,219550,MP한강,KOSDAQ,우량기업부,1010,39,4.02,973,1025,935,5399133,5385189169,57399582700,56831270
20191105,160550,NEW,KOSDAQ,중견기업부,3990,0,0.00,4010,4020,3960,41204,164020245,111345362940,27906106
20191105,053290,NE능률,KOSDAQ,벤처기업부,3450,15,0.44,3435,3515,3365,94446,325486255,46567554900,13497842
20191105,104200,NHN벅스,KOSDAQ,중견기업부,6110,80,1.33,6150,6150,6010,9643,58631560,90596330500,14827550
20191105,060250,NHN한국사이버결제,KOSDAQ,우량기업부,21550,0,0.00,21500,21950,21200,203390,4373552100,495033519150,22971393
20191105,030190,NICE평가정보,KOSDAQ,우량기업부,12500,-150,-1.19,12600,12650,12350,112155,1398233500,758935250000,60714820
20191105,024940,PN풍년,KOSDAQ,벤처기업부,2290,0,0.00,2290,2305,2265,16745,38246640,22900000000,10000000
20191105,218410,RFHIC,KOSDAQ,우량기업부,35650,550,1.57,35550,36300,34400,481517,17156947450,846413066300,23742302
20191105,091340,S&K폴리텍,KOSDAQ,중견기업부,6000,-50,-0.83,6100,6100,5910,94939,566596460,70222326000,11703721
20191105,019550,SBI인베스트먼트,KOSDAQ,중견기업부,719,-3,-0.42,722,749,715,1714984,1253639519,116525867425,162066575
20191105,950110,SBI핀테크솔루션즈,KOSDAQ,외국기업(소속부없음),9750,-10,-0.10,9750,9870,9560,63593,615091460,240401265000,24656540
20191105,046140,SBS콘텐츠허브,KOSDAQ,중견기업부,5980,-20,-0.33,6000,6090,5890,14818,88206020,128352058900,21463555
20191105,036120,SCI평가정보,KOSDAQ,중견기업부,2760,-165,-5.64,2945,2945,2740,3033498,8568795445,97980000000,35500000
20191105,099220,SDN,KOSDAQ,벤처기업부,2435,-145,-5.62,2520,2530,2380,11425061,27973790675,103281662145,42415467
20191105,036540,SFA반도체,KOSDAQ,우량기업부,3340,20,0.60,3335,3445,3230,4406902,14782471555,475256195160,142292274
20191105,255220,SG,KOSDAQ,우량기업부,2460,-5,-0.20,2480,2525,2460,87551,217487220,90331266420,36720027
20191105,040610,SG&G,KOSDAQ,우량기업부,1920,20,1.05,1905,1955,1900,45411,87173340,65447416320,34087196
20191105,049470,SGA,KOSDAQ,벤처기업부,714,4,0.56,718,718,708,183748,130752091,34530645786,48362249
20191105,184230,SGA솔루션즈,KOSDAQ,벤처기업부,1390,40,2.96,1350,1390,1345,368902,509972095,50979685870,36676033
20191105,307070,SK4호스팩,KOSDAQ,SPAC(소속부없음),2065,0,0.00,2055,2075,2055,2471,5111075,10655400000,5160000
20191105,057500,SKC 솔믹스,KOSDAQ,우량기업부,3275,-50,-1.50,3330,3330,3240,260119,850919370,201392981000,61494040
20191105,178920,SKC코오롱PI,KOSDAQ,우량기업부,34350,-300,-0.87,33850,34600,31600,958000,31686592150,1008733160700,29366322
20191105,036490,SK머티리얼즈,KOSDAQ,우량기업부,183500,-3600,-1.92,184800,187000,182100,34511,6324061100,1935497995500,10547673
20191105,052260,SK바이오랜드,KOSDAQ,우량기업부,16000,0,0.00,16000,16100,15600,145333,2294793100,240000000000,15000000
20191105,048550,SM C&C,KOSDAQ,중견기업부,1710,-15,-0.87,1750,1770,1700,467659,809282395,160844354460,94061026
20191105,063440,SM Life Design,KOSDAQ,중견기업부,2460,105,4.46,2350,2530,2310,13377555,32456123270,110771718840,45029154
20191105,950180,SNK,KOSDAQ,외국기업(소속부없음),19550,-150,-0.76,19700,20050,19500,47904,945466100,411758190000,21061800
20191105,289080,SV인베스트먼트,KOSDAQ,벤처기업부,1885,45,2.45,1835,1905,1830,558599,1043278715,100346090000,53234000
20191105,089230,THE E&M,KOSDAQ,벤처기업부,1060,0,0.00,1055,1085,1045,521422,552907575,120983388320,114135272
20191105,161570,THE MIDONG,KOSDAQ,중견기업부,2315,10,0.43,2270,2335,2255,67067,153710015,31927984590,13791786
20191105,032540,TJ미디어,KOSDAQ,중견기업부,3360,5,0.15,3355,3375,3310,8672,28996130,46810206240,13931609
20191105,048770,TPC,KOSDAQ,중견기업부,4605,120,2.68,4565,4625,4485,61919,282486220,61542707415,13364323
20191105,246690,TS인베스트먼트,KOSDAQ,벤처기업부,1940,65,3.47,1880,2065,1880,465855,909161315,43496747760,22421004
20191105,038340,UCI,KOSDAQ,중견기업부,3755,10,0.27,3675,3800,3675,137137,513424940,124256911525,33091055
20191105,073570,WI,KOSDAQ,중견기업부,12200,200,1.67,12000,12450,11950,119646,1459546650,173749106000,14241730
20191105,052300,W홀딩컴퍼니,KOSDAQ,벤처기업부,423,-25,-5.58,400,473,390,28387679,12035411239,55965309408,132305696
20191105,040300,YTN,KOSDAQ,중견기업부,1920,10,0.52,1920,1950,1910,18614,35764570,80640000000,42000000
20191105,051390,YW,KOSDAQ,중견기업부,3515,5,0.14,3510,3530,3490,7400,25945790,39914118520,11355368
20191105,052220,iMBC,KOSDAQ,중견기업부,2365,60,2.60,2305,2370,2285,33087,77043510,54395000000,23000000
20191105,079940,가비아,KOSDAQ,벤처기업부,7500,-20,-0.27,7520,7520,7400,28443,212073130,101517630000,13535684
20191105,078890,가온미디어,KOSDAQ,우량기업부,8920,-40,-0.45,8940,9000,8890,170521,1521656450,131878498200,14784585
20191105,192410,감마누,KOSDAQ,관리종목(소속부없음),408,0,0.00,0,0,0,0,0,9969806400,24435800
20191105,217730,강스템바이오텍,KOSDAQ,기술성장기업부,8160,-10,-0.12,8170,8200,8000,501729,4062205380,170131405920,20849437
20191105,094480,갤럭시아컴즈,KOSDAQ,우량기업부,3045,40,1.33,2975,3085,2975,23987,72468675,119454856710,39229838
20191105,063080,게임빌,KOSDAQ,우량기업부,31900,-300,-0.93,31800,32150,31500,21835,692786850,210386624800,6595192
20191105,039240,경남스틸,KOSDAQ,우량기업부,1745,5,0.29,1750,1750,1730,30120,52432080,43625000000,25000000
20191105,053950,경남제약,KOSDAQ,투자주의환기종목(소속부없음),17200,0,0.00,0,0,0,0,0,289471717200,16829751
20191105,011040,경동제약,KOSDAQ,우량기업부,8010,170,2.17,7850,8060,7840,57245,456381280,212665500000,26550000
20191105,024910,경창산업,KOSDAQ,중견기업부,1380,15,1.10,1365,1380,1350,39895,54510860,49430226900,35819005
20191105,198440,고려시멘트,KOSDAQ,우량기업부,2975,-20,-0.67,3035,3040,2970,730710,2192084805,95140381000,31979960
20191105,049720,고려신용정보,KOSDAQ,중견기업부,5080,20,0.40,5060,5080,5020,17704,89278120,72644000000,14300000
20191105,014570,고려제약,KOSDAQ,중견기업부,8540,1970,29.98,6640,8540,6510,12401235,101285092090,93940000000,11000000
20191105,098460,고영,KOSDAQ,우량기업부,99600,3800,3.97,95200,99600,95200,65672,6489149800,1363917519600,13693951
20191105,038530,골드퍼시픽,KOSDAQ,중견기업부,1580,-25,-1.56,1630,1630,1570,141004,224181370,53393685760,33793472
20191105,900280,골든센츄리,KOSDAQ,외국기업(소속부없음),419,0,0.00,420,425,412,1493078,625389980,39134600000,93400000
20191105,215000,골프존,KOSDAQ,중견기업부,69700,600,0.87,69900,69900,67800,4624,317130200,437396425500,6275415
20191105,121440,골프존뉴딘홀딩스,KOSDAQ,중견기업부,3825,5,0.13,3730,3825,3730,62347,233927030,163850828850,42836818
20191105,014200,광림,KOSDAQ,중견기업부,2325,5,0.22,2320,2390,2310,152669,356200925,123044194050,52922234
20191105,026910,광진실업,KOSDAQ,중견기업부,3695,35,0.96,3665,3720,3630,147284,540586065,23667971475,6405405
20191105,090150,광진윈텍,KOSDAQ,중견기업부,3070,100,3.37,2975,3085,2950,117510,353977990,29651266510,9658393
20191105,267320,교보7호스팩,KOSDAQ,SPAC(소속부없음),2420,0,0.00,0,0,0,0,0,9728400000,4020000
20191105,307280,교보8호스팩,KOSDAQ,SPAC(소속부없음),2090,10,0.48,2070,2115,2070,182,380025,7774800000,3720000
20191105,331520,교보9호스팩,KOSDAQ,SPAC(소속부없음),2025,0,0.00,2015,2025,2015,12145,24521365,7857000000,3880000
20191105,053270,구영테크,KOSDAQ,중견기업부,1670,-20,-1.18,1670,1680,1655,170982,285071300,44078270580,26394174
20191105,066620,국보디자인,KOSDAQ,우량기업부,15800,500,3.27,15050,15900,15050,4079,62972250,118500000000,7500000
20191105,043650,국순당,KOSDAQ,관리종목(소속부없음),3100,-15,-0.48,3110,3110,3070,12002,37102315,55360742400,17858304
20191105,006050,국영지앤엠,KOSDAQ,중견기업부,1305,15,1.16,1300,1315,1285,284958,371241620,45538292115,34895243
20191105,060480,국일신동,KOSDAQ,중견기업부,6070,50,0.83,5990,6080,5980,85580,516749370,67316300000,11090000
20191105,078130,국일제지,KOSDAQ,중견기업부,5530,120,2.22,5570,6100,5470,41643112,241229089690,670130023080,121180836
20191105,204020,그리티,KOSDAQ,우량기업부,2990,-65,-2.13,3045,3055,2960,417461,1249410135,60240815700,20147430
20191105,186230,그린플러스,KOSDAQ,벤처기업부,10300,-100,-0.96,10400,10450,10100,68026,696762250,48655881600,4723872
20191105,900070,글로벌에스엠,KOSDAQ,외국기업(소속부없음),680,-10,-1.45,690,702,680,25429,17350357,36545898240,53743968
20191105,204620,글로벌텍스프리,KOSDAQ,중견기업부,3420,0,0.00,3430,3435,3390,51261,175073495,127409425560,37254218
20191105,019660,글로본,KOSDAQ,중견기업부,3230,115,3.69,3120,3315,3050,113213,359654435,93938529280,29083136
20191105,053260,금강철강,KOSDAQ,우량기업부,3560,70,2.01,3425,3600,3420,7380,26153600,66643200000,18720000
20191105,036190,금화피에스시,KOSDAQ,우량기업부,29350,0,0.00,29350,29350,29000,1913,55689550,176100000000,6000000
20191105,049080,기가레인,KOSDAQ,중견기업부,1625,-25,-1.52,1650,1660,1625,302298,494762020,84948695000,52276120
20191105,035460,기산텔레콤,KOSDAQ,벤처기업부,2425,-25,-1.02,2450,2470,2385,90691,219497650,35350049500,14577340
20191105,308100,까스텔바작,KOSDAQ,중견기업부,10450,-50,-0.48,10550,10600,10350,92498,964679950,68935515000,6596700
20191105,187790,나노,KOSDAQ,벤처기업부,2200,30,1.38,2150,2240,2150,311428,684858690,56755281000,25797855
20191105,286750,나노브릭,KOSDAQ,기술성장기업부,11000,200,1.85,10850,11300,10750,240603,2658654000,50161133000,4560103
20191105,151910,나노스,KOSDAQ,중견기업부,4345,5,0.12,4300,4380,4190,184653,785945095,483792491215,111344647
20191105,121600,나노신소재,KOSDAQ,벤처기업부,17000,100,0.59,16800,17100,16600,73613,1238267500,184421661000,10848333
20191105,039860,나노엔텍,KOSDAQ,중견기업부,4765,25,0.53,4740,4825,4700,60136,285960985,125285144350,26292790
20191105,091970,나노캠텍,KOSDAQ,중견기업부,2775,0,0.00,2740,2890,2655,2289329,6343953610,66543950550,23979802
20191105,051490,나라엠앤디,KOSDAQ,중견기업부,3700,0,0.00,3710,3710,3670,7595,27938325,52540000000,14200000
20191105,190510,나무가,KOSDAQ,중견기업부,36450,-600,-1.62,37150,37500,36350,23475,860229550,125114078250,3432485
20191105,242040,나무기술,KOSDAQ,기술성장기업부,3120,-5,-0.16,3120,3220,3090,625896,1965724260,90909998400,29137820
20191105,089600,나스미디어,KOSDAQ,우량기업부,28900,-200,-0.69,28900,29050,28500,41308,1185192450,253010569900,8754691
20191105,293580,나우아이비캐피탈,KOSDAQ,중견기업부,4260,60,1.43,4240,4265,4210,21922,92777685,40384800000,9480000
20191105,138610,나이벡,KOSDAQ,기술성장기업부,10450,660,6.74,9780,10750,9510,857962,8787586320,103486130550,9902979
20191105,130580,나이스디앤비,KOSDAQ,벤처기업부,7890,-60,-0.75,7950,7950,7810,10959,86433820,121506000000,15400000
20191105,036800,나이스정보통신,KOSDAQ,우량기업부,30900,450,1.48,30500,31100,30100,10525,322296050,309000000000,10000000
20191105,082660,나인컴플렉스,KOSDAQ,중견기업부,2500,110,4.60,2415,2525,2200,594989,1443168915,25309675000,10123870
20191105,111710,남화산업,KOSDAQ,중견기업부,8440,-130,-1.52,8550,8550,8300,235929,1976875280,173762720000,20588000
20191105,091590,남화토건,KOSDAQ,우량기업부,9280,-410,-4.23,9440,9570,9200,269189,2516134110,108947200000,11740000
20191105,168330,내츄럴엔도텍,KOSDAQ,관리종목(소속부없음),6830,730,11.97,5850,7260,5820,8856509,59650369970,141147564260,20665822
20191105,253590,네오셈,KOSDAQ,벤처기업부,1285,10,0.78,1295,1295,1250,71142,90304735,48234258580,37536388
20191105,212560,네오오토,KOSDAQ,우량기업부,5020,-70,-1.38,5100,5110,4995,36801,185493035,39532314260,7874963
20191105,095660,네오위즈,KOSDAQ,우량기업부,17800,-200,-1.11,18100,18150,17550,108358,1924578150,390087142400,21915008
20191105,042420,네오위즈홀딩스,KOSDAQ,중견기업부,15150,-100,-0.66,15350,15350,15050,9652,146491350,134181519900,8856866
20191105,311390,네오크레마,KOSDAQ,벤처기업부,6630,90,1.38,6800,6820,6520,87929,585169230,48107280000,7256000
20191105,085910,네오티스,KOSDAQ,중견기업부,3880,-10,-0.26,3875,3890,3865,3623,14043120,42733070640,11013678
20191105,092730,네오팜,KOSDAQ,우량기업부,49700,0,0.00,49000,49800,48300,28659,1410179500,407905841700,8207361
20191105,290660,네오펙트,KOSDAQ,기술성장기업부,5050,65,1.30,4985,5050,4970,123531,618730145,60251777250,11931045
20191105,153460,네이블,KOSDAQ,벤처기업부,5070,-220,-4.16,5280,5330,4940,263302,1336044190,33107170980,6530014
20191105,007390,네이처셀,KOSDAQ,중견기업부,11250,200,1.81,11000,11650,10550,3714900,41486423000,688391988750,61190399
20191105,033640,네패스,KOSDAQ,우량기업부,26400,-950,-3.47,27350,27350,26100,960652,25445412700,608762932800,23059202
20191105,089140,넥스턴,KOSDAQ,벤처기업부,10400,-200,-1.89,10600,10700,10150,49553,514078300,123203808000,11846520
20191105,065170,넥스트BT,KOSDAQ,중견기업부,1700,50,3.03,1650,1700,1620,551293,920237120,105240242500,61906025
20191105,137940,넥스트아이,KOSDAQ,중견기업부,1330,0,0.00,1355,1365,1325,402515,540306995,102564510090,77116173
20191105,041140,넥슨지티,KOSDAQ,중견기업부,7470,-30,-0.40,7550,7580,7370,375544,2797927950,264238715340,35373322
20191105,217270,넵튠,KOSDAQ,중견기업부,6980,-10,-0.14,7160,7160,6890,32625,227517780,163123619080,23370146
20191105,225570,넷게임즈,KOSDAQ,관리종목(소속부없음),10450,-650,-5.86,10950,11050,10300,379994,4041435450,251143094400,24032832
20191105,104620,노랑풍선,KOSDAQ,중견기업부,16950,0,0.00,17000,17250,16650,28545,484481450,80777767500,4765650
20191105,194700,노바렉스,KOSDAQ,중견기업부,20700,-300,-1.43,21200,21200,20500,41942,872496400,186377418000,9003740
20191105,285490,노바텍,KOSDAQ,벤처기업부,15600,0,0.00,15700,15700,15300,14213,218881850,77872142400,4991804
20191105,144510,녹십자랩셀,KOSDAQ,중견기업부,36600,650,1.81,36000,37150,35600,84082,3069394450,386278376400,10554054
20191105,031390,녹십자셀,KOSDAQ,벤처기업부,44800,200,0.45,44500,45200,43950,143633,6437493550,536066406400,11965768
20191105,142280,녹십자엠에스,KOSDAQ,중견기업부,7300,120,1.67,7190,7390,6990,311477,2247709460,70206165900,9617283
20191105,234690,녹십자웰빙,KOSDAQ,중견기업부,11150,100,0.90,11050,11150,10900,277365,3054842550,197937877400,17752276
20191105,065560,녹원씨엔아이,KOSDAQ,관리종목(소속부없음),5500,0,0.00,0,0,0,0,0,85399572500,15527195
20191105,054050,농우바이오,KOSDAQ,우량기업부,13800,-50,-0.36,13700,13900,13600,49370,677334200,221221741800,16030561
20191105,040160,누리텔레콤,KOSDAQ,벤처기업부,5700,70,1.24,5700,5700,5610,14479,81833660,68716549500,12055535
20191105,069140,누리플랜,KOSDAQ,벤처기업부,4945,-55,-1.10,5000,5080,4935,30960,153866085,27044378075,5469035
20191105,126870,뉴로스,KOSDAQ,벤처기업부,4710,0,0.00,0,0,0,0,0,106735420080,22661448
20191105,060260,뉴보텍,KOSDAQ,벤처기업부,1270,5,0.40,1270,1290,1265,134511,171420105,36498425860,28738918
20191105,012340,뉴인텍,KOSDAQ,벤처기업부,1485,-40,-2.62,1525,1525,1420,333963,498556805,26796085470,18044502
20191105,214870,뉴지랩,KOSDAQ,중견기업부,12100,-50,-0.41,12200,12400,11700,384332,4623336450,299845877100,24780651
20191105,270870,뉴트리,KOSDAQ,중견기업부,15300,100,0.66,15200,15400,14950,58907,892819950,138193027200,9032224
20191105,144960,뉴파워프라즈마,KOSDAQ,우량기업부,18900,-400,-2.07,19200,19300,18800,28866,547455850,155931369300,8250337
20191105,900100,뉴프라이드,KOSDAQ,외국기업(소속부없음),1275,35,2.82,1240,1360,1220,13426025,17334712765,126164510175,98952557
20191105,085670,뉴프렉스,KOSDAQ,중견기업부,2260,20,0.89,2240,2265,2200,275598,616134910,47812648140,21156039
20191105,119860,다나와,KOSDAQ,벤처기업부,25550,-50,-0.20,26150,26150,25200,47154,1205910000,334061702100,13074822
20191105,064260,다날,KOSDAQ,우량기업부,3515,-25,-0.71,3535,3550,3480,675038,2368641460,217099458225,61763715
20191105,093640,다믈멀티미디어,KOSDAQ,벤처기업부,3545,10,0.28,3555,3600,3505,35230,124844630,38280810120,10798536
20191105,039560,다산네트웍스,KOSDAQ,중견기업부,7880,-110,-1.38,8000,8030,7790,480157,3795592440,248402611120,31523174
20191105,032190,다우데이타,KOSDAQ,우량기업부,8180,80,0.99,8100,8190,8050,14071,114216710,313294000000,38300000
20191105,068240,다원시스,KOSDAQ,우량기업부,15600,450,2.97,15100,15650,15100,256448,3969328850,418079344800,26799958
20191105,020400,대동금속,KOSDAQ,중견기업부,9290,-50,-0.54,9350,9350,9200,2073,19152700,23725359400,2553860
20191105,008830,대동기어,KOSDAQ,중견기업부,2895,-25,-0.86,2895,2915,2895,1928,5603930,26018870400,8987520
20191105,048470,대동스틸,KOSDAQ,우량기업부,6410,120,1.91,6500,6580,6380,62862,405451950,64100000000,10000000
20191105,004780,대륙제관,KOSDAQ,우량기업부,4240,10,0.24,4255,4270,4235,7837,33295805,67429563760,15903199
20191105,017650,대림제지,KOSDAQ,우량기업부,1305,10,0.77,1310,1330,1290,107608,140086650,58725000000,45000000
20191105,007720,대명코퍼레이션,KOSDAQ,중견기업부,1725,60,3.60,1690,1725,1660,639687,1085621550,173880776250,100800450
20191105,317850,대모,KOSDAQ,벤처기업부,7200,-40,-0.55,7320,7330,7120,146008,1052677200,59935824000,8324420
20191105,290670,대보마그네틱,KOSDAQ,중견기업부,50300,-900,-1.76,51200,51900,49650,36991,1862310600,162599780000,3232600
20191105,078140,대봉엘에스,KOSDAQ,우량기업부,7520,140,1.90,7390,7540,7320,43599,324456960,83371074080,11086579
20191105,036480,대성미생물,KOSDAQ,중견기업부,18300,-50,-0.27,18300,18400,17550,187657,3366090800,69540000000,3800000
20191105,025440,대성엘텍,KOSDAQ,중견기업부,1035,5,0.49,1025,1055,1005,1784211,1843701955,103149490005,99661343
20191105,027830,대성창투,KOSDAQ,중견기업부,1720,25,1.47,1710,1725,1680,442314,754013285,68800000000,40000000
20191105,104040,대성파인텍,KOSDAQ,벤처기업부,1530,60,4.08,1470,1530,1455,1848298,2783686300,47890959930,31301281
20191105,307750,대신밸런스제6호스팩,KOSDAQ,SPAC(소속부없음),2065,-10,-0.48,2065,2090,2065,622,1289755,10345650000,5010000
20191105,332290,대신밸런스제7호스팩,KOSDAQ,SPAC(소속부없음),2010,-10,-0.50,2015,2020,2005,37385,75083355,10462050000,5205000
20191105,020180,대신정보통신,KOSDAQ,중견기업부,1560,45,2.97,1525,1600,1525,2400878,3755414175,59949107400,38428915
20191105,045390,대아티아이,KOSDAQ,우량기업부,5860,20,0.34,6090,6150,5840,3134105,18693820280,416947918920,71151522
20191105,108380,대양전기공업,KOSDAQ,우량기업부,12800,350,2.81,12500,12900,12500,12667,161935850,122461862400,9567333
20191105,006580,대양제지,KOSDAQ,우량기업부,3290,5,0.15,3285,3330,3255,17160,56154570,88336500000,26850000
20191105,007680,대원,KOSDAQ,우량기업부,12300,-50,-0.40,12350,12400,12250,10703,131849550,135915000000,11050000
20191105,048910,대원미디어,KOSDAQ,벤처기업부,7760,270,3.60,7580,7870,7550,213042,1648000090,97612620960,12578946
20191105,005710,대원산업,KOSDAQ,우량기업부,5680,60,1.07,5620,5680,5620,7324,41445230,113813568000,20037600
20191105,290380,대유,KOSDAQ,중견기업부,11800,0,0.00,12050,12150,11600,55578,661710100,106818320000,9052400
20191105,290120,대유에이피,KOSDAQ,중견기업부,9200,-70,-0.76,9350,9490,9000,82020,759275780,100132800000,10884000
20191105,120240,대정화금,KOSDAQ,우량기업부,16600,-50,-0.30,16750,17200,15850,1584698,26105017650,117866490600,7100391
20191105,003310,대주산업,KOSDAQ,중견기업부,1410,5,0.36,1400,1420,1370,434757,604544810,49903213500,35392350
20191105,078600,대주전자재료,KOSDAQ,벤처기업부,18600,50,0.27,18400,18800,18150,104643,1934961600,270652785000,14551225
20191105,096350,대창솔루션,KOSDAQ,벤처기업부,468,-4,-0.85,477,478,460,1496036,697330925,74075957748,158281961
20191105,140520,대창스틸,KOSDAQ,중견기업부,2665,30,1.14,2650,2665,2640,13775,36571920,53300000000,20000000
20191105,131220,대한과학,KOSDAQ,벤처기업부,5430,70,1.31,5360,5500,5360,49043,266821780,40477880700,7454490
20191105,010170,대한광통신,KOSDAQ,우량기업부,4040,-85,-2.06,4145,4160,4030,1117573,4544806120,297916165000,73741625
20191105,054670,대한뉴팜,KOSDAQ,중견기업부,11500,-200,-1.71,11750,11750,11350,226836,2604851250,165081580000,14354920
20191105,023910,대한약품,KOSDAQ,우량기업부,31250,-50,-0.16,31300,31300,30950,7283,226220550,187500000000,6000000
20191105,021040,대호피앤씨,KOSDAQ,우량기업부,1045,5,0.48,1050,1050,1030,436499,454359760,76402903170,73112826
20191105,021045,대호피앤씨우,KOSDAQ,우량기업부,1320,5,0.38,1315,1320,1305,17842,23445665,5600055120,4242466
20191105,067080,대화제약,KOSDAQ,우량기업부,14300,250,1.78,14050,14300,13750,329467,4642662150,260617128200,18224974
20191105,035290,더블유에프엠,KOSDAQ,중견기업부,1175,0,0.00,0,0,0,0,0,30199114450,25701374
20191105,213420,덕산네오룩스,KOSDAQ,우량기업부,22750,-100,-0.44,23100,23400,22650,154667,3534486150,546227773000,24010012
20191105,317330,덕산테코피아,KOSDAQ,중견기업부,18200,-50,-0.27,18050,18300,17700,104484,1878081100,334469189600,18377428
20191105,077360,덕산하이메탈,KOSDAQ,중견기업부,5700,-100,-1.72,5910,5910,5670,43064,246590040,129495455700,22718501
20191105,090410,덕신하우징,KOSDAQ,중견기업부,1365,20,1.49,1350,1380,1350,75647,103098525,54681900000,40060000
20191105,263600,덕우전자,KOSDAQ,우량기업부,6430,-120,-1.83,6550,6740,6310,187011,1221423270,102431893300,15930310
20191105,194480,데브시스터즈,KOSDAQ,벤처기업부,7360,0,0.00,7280,7380,7200,4683,34300450,82464163200,11204370
20191105,263800,데이타솔루션,KOSDAQ,중견기업부,3895,-50,-1.27,3930,4035,3895,281070,1109579805,61418619100,15768580
20191105,139050,데일리블록체인,KOSDAQ,벤처기업부,533,16,3.09,517,549,511,708238,377653602,26325636987,49391439
20191105,017680,데코앤이,KOSDAQ,투자주의환기종목(소속부없음),1460,0,0.00,0,0,0,0,0,21294997900,14585615
20191105,206560,덱스터,KOSDAQ,기술성장기업부,8830,110,1.26,8700,8980,8700,337486,2982364620,217725981070,24657529
20191105,067990,도이치모터스,KOSDAQ,우량기업부,7780,-230,-2.87,7990,8100,7730,711299,5594941600,218130544100,28037345
20191105,006620,동구바이오제약,KOSDAQ,우량기업부,16950,300,1.80,16700,17250,16450,163741,2773380100,162787800000,9604000
20191105,100130,동국S&C,KOSDAQ,우량기업부,2030,30,1.50,2000,2030,1995,45383,91306425,116000290000,57143000
20191105,005160,동국산업,KOSDAQ,우량기업부,2485,0,0.00,2485,2495,2470,44805,111279300,134797537770,54244482
20191105,075970,동국알앤에스,KOSDAQ,중견기업부,2435,-10,-0.41,2445,2460,2420,60301,146806515,44804000000,18400000
20191105,086450,동국제약,KOSDAQ,우량기업부,70700,-300,-0.42,70200,71300,69900,18656,1315846000,628664400000,8892000
20191105,099410,동방선기,KOSDAQ,중견기업부,2420,75,3.20,2360,2500,2345,387998,942633240,32769224840,13541002
20191105,281740,동부스팩5호,KOSDAQ,SPAC(소속부없음),2310,0,0.00,0,0,0,0,0,11180400000,4840000
20191105,033500,동성화인텍,KOSDAQ,중견기업부,9920,-130,-1.29,10050,10150,9850,121549,1207369510,267677401280,26983609
20191105,025950,동신건설,KOSDAQ,중견기업부,5950,20,0.34,5940,6040,5880,12695,75325480,49980000000,8400000
20191105,088130,동아엘텍,KOSDAQ,우량기업부,7870,-20,-0.25,7930,7930,7830,24233,190686030,85888709840,10913432
20191105,041930,동아화성,KOSDAQ,우량기업부,5250,-10,-0.19,5250,5260,5180,106845,557212600,82950000000,15800000
20191105,060380,동양에스텍,KOSDAQ,중견기업부,2910,0,0.00,2910,2940,2905,7419,21659585,29100000000,10000000
20191105,079960,동양이엔피,KOSDAQ,우량기업부,13000,300,2.36,12700,13000,12500,51647,664661200,102180000000,7860000
20191105,228340,동양파일,KOSDAQ,우량기업부,3660,10,0.27,3650,3680,3620,55694,203069105,73200000000,20000000
20191105,104460,동양피엔에프,KOSDAQ,중견기업부,10700,-100,-0.93,10700,10800,10400,55815,595912050,114635787500,10713625
20191105,088910,동우팜투테이블,KOSDAQ,우량기업부,3875,15,0.39,3900,3900,3840,78257,302284570,100098085500,25831764
20191105,094170,동운아나텍,KOSDAQ,벤처기업부,5180,-80,-1.52,5260,5300,5060,213091,1092395430,74636257920,14408544
20191105,013120,동원개발,KOSDAQ,우량기업부,4430,-10,-0.23,4400,4440,4395,38458,169593380,402279883000,90808100
20191105,109860,동일금속,KOSDAQ,우량기업부,11550,0,0.00,11500,11550,11450,2897,33278850,80850000000,7000000
20191105,032960,동일기연,KOSDAQ,벤처기업부,13550,0,0.00,13250,13650,13200,5590,75642050,44501533300,3284246
20191105,023790,동일철강,KOSDAQ,중견기업부,3980,5,0.13,3975,4010,3880,8139,32234700,29233438300,7345085
20191105,005290,동진쎄미켐,KOSDAQ,우량기업부,16200,-150,-0.92,16450,16550,16050,984035,15992114850,832914802800,51414494
20191105,025900,동화기업,KOSDAQ,우량기업부,18950,100,0.53,18650,19050,18650,15707,297467800,382759338900,20198382
20191105,078590,두올산업,KOSDAQ,중견기업부,1350,-25,-1.82,1385,1410,1295,10560783,14236287500,71264727450,52788687
20191105,073190,듀오백,KOSDAQ,중견기업부,2430,0,0.00,2430,2430,2375,70385,168789045,29082337200,11968040
20191105,030350,드래곤플라이,KOSDAQ,중견기업부,3285,0,0.00,3280,3305,3240,73622,240553780,52587892935,16008491
20191105,203650,드림시큐리티,KOSDAQ,벤처기업부,3780,-110,-2.83,4025,4100,3780,5628190,22438619130,135345750120,35805754
20191105,060570,드림어스컴퍼니,KOSDAQ,중견기업부,5810,10,0.17,5720,5810,5720,44109,253963110,327052917800,56291380
20191105,217620,디딤,KOSDAQ,우량기업부,2165,-25,-1.14,2200,2200,2165,120330,261743030,80109124325,37001905
20191105,187870,디바이스이엔지,KOSDAQ,벤처기업부,10500,-300,-2.78,10800,10900,10300,94681,1006041950,71211000000,6782000
20191105,066670,디스플레이텍,KOSDAQ,우량기업부,3700,5,0.14,3695,3710,3685,6464,23886530,69160096600,18691918
20191105,110990,디아이티,KOSDAQ,우량기업부,8900,50,0.56,8950,8950,8740,15249,134470990,168210000000,18900000
20191105,263690,디알젬,KOSDAQ,중견기업부,8730,350,4.18,8390,8750,8370,221378,1901672610,98872575300,11325610
20191105,214680,디알텍,KOSDAQ,벤처기업부,1630,25,1.56,1600,1630,1585,321156,517930060,79830589860,48975822
20191105,263720,디앤씨미디어,KOSDAQ,벤처기업부,14800,200,1.37,14450,14800,14250,27004,393908800,178211876400,12041343
20191105,109740,디에스케이,KOSDAQ,벤처기업부,11200,-550,-4.68,11800,11800,11200,127692,1447863800,227973345600,20354763
20191105,033430,디에스티,KOSDAQ,관리종목(소속부없음),777,-18,-2.26,770,786,768,401857,311656254,43515904425,56005025
20191105,131030,디에이치피코리아,KOSDAQ,중견기업부,7980,220,2.84,7800,8220,7800,279366,2242279610,132187080060,16564797
20191105,196490,디에이테크놀로지,KOSDAQ,벤처기업부,1885,-145,-7.14,2025,2030,1885,892773,1740939285,98997858830,52518758
20191105,066900,디에이피,KOSDAQ,우량기업부,3070,-30,-0.97,3105,3110,3020,81887,250379505,69825624210,22744503
20191105,127120,디엔에이링크,KOSDAQ,기술성장기업부,3705,130,3.64,3550,3725,3530,41249,150339615,42520584405,11476541
20191105,092070,디엔에프,KOSDAQ,우량기업부,9030,-70,-0.77,9080,9180,8870,93906,841596910,97179306840,10761828
20191105,134580,디엠티,KOSDAQ,중견기업부,2510,15,0.60,2510,2555,2470,18792,47016950,28237500000,11250000
20191105,039840,디오,KOSDAQ,우량기업부,42100,-200,-0.47,41900,42150,41750,20780,870727400,653543644200,15523602
20191105,196450,디오스텍,KOSDAQ,중견기업부,726,-3,-0.41,733,736,721,776336,565293655,98714753610,135970735
20191105,079810,디이엔티,KOSDAQ,중견기업부,3830,10,0.26,3820,3900,3735,103943,398237980,38851994920,10144124
20191105,227100,디자인,KOSDAQ,중견기업부,9340,-180,-1.89,9450,9560,9340,18810,177426170,24852899400,2660910
20191105,113810,디젠스,KOSDAQ,투자주의환기종목(소속부없음),524,-1,-0.19,515,532,515,113495,59657160,17097098724,32628051
20191105,043360,디지아이,KOSDAQ,벤처기업부,2630,0,0.00,2630,2695,2590,10745,28118405,23670000000,9000000
20191105,197140,디지캡,KOSDAQ,벤처기업부,4090,-10,-0.24,4155,4155,4000,46824,190729780,30232142980,7391722
20191105,106520,디지탈옵틱,KOSDAQ,관리종목(소속부없음),704,25,3.68,687,720,674,1477767,1028385078,52924547456,75176914
20191105,068930,디지털대성,KOSDAQ,우량기업부,8490,20,0.24,8400,8630,8400,80113,679937740,191404698270,22544723
20191105,033130,디지틀조선,KOSDAQ,중견기업부,2350,0,0.00,2350,2410,2330,508942,1204595415,87220877450,37115267
20191105,033310,디케이디앤아이,KOSDAQ,중견기업부,2990,-35,-1.16,3040,3040,2915,122793,364579475,65697508890,21972411
20191105,105740,디케이락,KOSDAQ,중견기업부,9510,-140,-1.45,9740,9800,9510,65907,634256760,78580293120,8262912
20191105,263020,디케이앤디,KOSDAQ,벤처기업부,6270,-50,-0.79,6320,6490,6270,22129,140068930,48675276540,7763202
20191105,290550,디케이티,KOSDAQ,중견기업부,13750,0,0.00,13650,13950,13400,153146,2099814850,113180828750,8231333
20191105,187220,디티앤씨,KOSDAQ,벤처기업부,7790,0,0.00,7800,7800,7630,16957,131009560,85312239530,10951507
20191105,131180,딜리,KOSDAQ,벤처기업부,1850,20,1.09,1835,1865,1825,59610,109992990,54297500000,29350000
20191105,317120,라닉스,KOSDAQ,기술성장기업부,7640,-150,-1.93,7790,7790,7590,183911,1405049800,72087220000,9435500
20191105,042510,라온시큐어,KOSDAQ,벤처기업부,3025,40,1.34,3000,3040,2955,420872,1261081360,96224076300,31809612
20191105,300120,라온피플,KOSDAQ,벤처기업부,16200,50,0.31,16300,17200,16150,481447,8056918150,164890987200,10178456
20191105,050120,라이브플렉스,KOSDAQ,중견기업부,934,24,2.64,910,944,905,1792342,1657749152,77313464886,82776729
20191105,171120,라이온켐텍,KOSDAQ,우량기업부,8590,20,0.23,8690,8780,8500,7835,67238730,157699841420,18358538
20191105,069540,라이트론,KOSDAQ,투자주의환기종목(소속부없음),5420,0,0.00,0,0,0,0,0,76790652140,14168017
20191105,171010,램테크놀러지,KOSDAQ,벤처기업부,7690,60,0.79,7650,7760,7600,208163,1595281190,88985065700,11571530
20191105,084650,랩지노믹스,KOSDAQ,벤처기업부,5910,-60,-1.01,6020,6040,5840,420068,2490074210,61525948620,10410482
20191105,217500,러셀,KOSDAQ,벤처기업부,2280,0,0.00,2280,2315,2280,102713,235625280,72531360000,31812000
20191105,033600,럭슬,KOSDAQ,관리종목(소속부없음),642,0,0.00,648,654,630,283074,180926770,20001805962,31155461
20191105,141080,레고켐바이오,KOSDAQ,기술성장기업부,51000,1600,3.24,49450,51700,49050,122533,6195327850,540577662000,10599562
20191105,060300,레드로버,KOSDAQ,관리종목(소속부없음),610,0,0.00,0,0,0,0,0,29058995780,47637698
20191105,038390,레드캡투어,KOSDAQ,우량기업부,16000,0,0.00,16000,16000,15800,7413,117905400,137431680000,8589480
20191105,228670,레이,KOSDAQ,벤처기업부,34650,1150,3.43,34050,34800,33500,143207,4924879250,230535701550,6653267
20191105,228850,레이언스,KOSDAQ,우량기업부,11800,150,1.29,11650,11900,11600,48121,565375800,195773965200,16591014
20191105,238120,로고스바이오,KOSDAQ,기술성장기업부,12050,350,2.99,11950,12650,11850,184828,2277911150,43316424200,3594724
20191105,215100,로보로보,KOSDAQ,벤처기업부,5200,-60,-1.14,5330,5420,5170,1142630,6037227890,92551960800,17798454
20191105,090360,로보스타,KOSDAQ,우량기업부,18900,400,2.16,18650,19300,18650,70880,1346717550,184275000000,9750000
20191105,108490,로보티즈,KOSDAQ,기술성장기업부,12400,200,1.64,12350,12550,12200,38474,475923150,139512400000,11251000
20191105,900260,로스웰,KOSDAQ,외국기업(소속부없음),627,16,2.62,612,654,612,2353390,1488231358,88896843750,141781250
20191105,067730,로지시스,KOSDAQ,중견기업부,3940,-75,-1.87,4025,4065,3775,86353,337890935,36803232680,9340922
20191105,071280,로체시스템즈,KOSDAQ,벤처기업부,4945,115,2.38,4830,4975,4765,139128,684949775,75641701835,15296603
20191105,038060,루멘스,KOSDAQ,중견기업부,2145,-10,-0.46,2165,2165,2105,154589,329013680,101408701680,47276784
20191105,082800,루미마이크로,KOSDAQ,중견기업부,1485,-55,-3.57,1530,1535,1470,586020,872224880,137507505795,92597647
20191105,085370,루트로닉,KOSDAQ,벤처기업부,9350,270,2.97,9100,9530,9000,305368,2847254240,238716224450,25531147
20191105,08537M,루트로닉3우C,KOSDAQ,벤처기업부,13200,150,1.15,13200,13200,13000,91,1191600,10442163600,791073
20191105,060240,룽투코리아,KOSDAQ,중견기업부,6040,-240,-3.82,6050,6150,5860,790582,4740835330,151050820560,25008414
20191105,058470,리노공업,KOSDAQ,우량기업부,53600,200,0.37,53100,53600,52700,23390,1242958400,816991032000,15242370
20191105,039980,리노스,KOSDAQ,우량기업부,1365,25,1.87,1350,1370,1340,78327,106390255,54056324595,39601703
20191105,019570,리더스 기술투자,KOSDAQ,중견기업부,740,-11,-1.46,779,779,735,143009,106038397,39119972720,52864828
20191105,016100,리더스코스메틱,KOSDAQ,중견기업부,6490,410,6.74,6090,6500,6000,199066,1255398330,118036316860,18187414
20191105,197210,리드,KOSDAQ,중견기업부,753,0,0.00,0,0,0,0,0,18870304998,25060166
20191105,012700,리드코프,KOSDAQ,우량기업부,5930,140,2.42,5760,6060,5740,529758,3150354720,156825580550,26446135
20191105,131100,리켐,KOSDAQ,벤처기업부,2805,115,4.28,2745,2850,2670,511583,1415697655,82099780620,29269084
20191105,277070,린드먼아시아,KOSDAQ,중견기업부,4100,-10,-0.24,4100,4130,4005,99621,407866740,55350000000,13500000
20191105,042500,링네트,KOSDAQ,중견기업부,4475,5,0.11,4470,4540,4450,59749,268288800,68095529050,15216878
20191105,219420,링크제니시스,KOSDAQ,기술성장기업부,8940,-160,-1.76,9360,9850,8930,1889615,17702043290,89400000000,10000000
20191105,195500,마니커에프앤지,KOSDAQ,중견기업부,9350,0,0.00,9340,9570,9300,191941,1804388830,97034300000,10378000
20191105,305090,마이크로디지탈,KOSDAQ,기술성장기업부,16100,300,1.90,15950,16300,15500,89690,1439404450,58455880000,3630800
20191105,098120,마이크로컨텍솔,KOSDAQ,벤처기업부,3100,-35,-1.12,3135,3270,3065,93677,293456600,25769574600,8312766
20191105,227950,마이크로텍,KOSDAQ,중견기업부,1970,-70,-3.43,2065,2065,1945,248938,493180885,38416828160,19500928
20191105,147760,마이크로프랜드,KOSDAQ,벤처기업부,5410,-210,-3.74,5630,5670,5400,234225,1291020470,58535475060,10819866
20191105,038290,마크로젠,KOSDAQ,우량기업부,25450,550,2.21,24900,25700,24700,131789,3339075350,269908804300,10605454
20191105,267980,매일유업,KOSDAQ,우량기업부,89800,-400,-0.44,89000,91500,88800,15442,1389339100,704358692400,7843638
20191105,005990,매일홀딩스,KOSDAQ,우량기업부,11550,150,1.32,11450,11550,11300,6144,70353150,158446411200,13718304
20191105,127160,매직마이크로,KOSDAQ,중견기업부,999,0,0.00,1005,1010,986,840511,839390634,61428832677,61490323
20191105,093520,매커스,KOSDAQ,중견기업부,3695,0,0.00,3690,3745,3690,76476,283335580,59722624940,16163092
20191105,141070,맥스로텍,KOSDAQ,벤처기업부,1245,0,0.00,1245,1255,1230,71161,88285020,31386205980,25209804
20191105,100590,머큐리,KOSDAQ,중견기업부,10100,-150,-1.46,10250,10300,10100,114562,1162997300,149112360000,14763600
20191105,067280,멀티캠퍼스,KOSDAQ,우량기업부,37800,1000,2.72,37000,38000,37000,6150,230381900,224032246200,5926779
20191105,072870,메가스터디,KOSDAQ,중견기업부,12950,500,4.02,12400,13000,12350,172639,2211758600,154376419050,11920959
20191105,215200,메가스터디교육,KOSDAQ,우량기업부,35750,350,0.99,35400,36300,35100,24165,860910500,422632210000,11821880
20191105,133750,메가엠디,KOSDAQ,중견기업부,4010,210,5.53,3845,4140,3820,15187288,60425892690,92619278770,23097077
20191105,041920,메디아나,KOSDAQ,벤처기업부,8260,-30,-0.36,8400,8400,8240,30938,256492390,71453096960,8650496
20191105,086900,메디톡스,KOSDAQ,우량기업부,342000,13100,3.98,328900,342000,327100,35647,11996685700,1988760780000,5815090
20191105,078160,메디포스트,KOSDAQ,벤처기업부,33750,1350,4.17,32400,34250,32300,198565,6653130150,527102167500,15617842
20191105,065650,메디프론,KOSDAQ,중견기업부,5210,355,7.31,4875,5540,4805,2428300,12695287585,153377778730,29439113
20191105,021880,메이슨캐피탈,KOSDAQ,중견기업부,294,4,1.38,290,300,285,558247,165002053,29160215952,99184408
20191105,140410,메지온,KOSDAQ,중견기업부,215700,13700,6.78,214400,235800,200000,453369,96864917800,1877873846400,8705952
20191105,241770,메카로,KOSDAQ,우량기업부,13300,0,0.00,13250,13400,13200,22139,294163850,133992712000,10074640
20191105,059210,메타바이오메드,KOSDAQ,벤처기업부,2960,0,0.00,2900,2975,2850,1755665,5124561930,70632558960,23862351
20191105,058110,멕아이씨에스,KOSDAQ,기술성장기업부,3915,210,5.67,3685,3965,3685,78696,302781855,20990272500,5361500
20191105,096640,멜파스,KOSDAQ,중견기업부,2190,55,2.58,2135,2200,2130,59854,129488140,49657207560,22674524
20191105,257370,명성티엔에스,KOSDAQ,벤처기업부,14100,-100,-0.70,14100,14300,14000,32852,463060350,89817000000,6370000
20191105,149940,모다,KOSDAQ,투자주의환기종목(소속부없음),155,0,0.00,0,0,0,0,0,3279863395,21160409
20191105,080420,모다이노칩,KOSDAQ,우량기업부,3195,15,0.47,3175,3195,3135,40774,128942105,254710582290,79721622
20191105,080160,모두투어,KOSDAQ,우량기업부,17350,-200,-1.14,17350,17450,16700,476456,8126714600,327915000000,18900000
20191105,100030,모바일리더,KOSDAQ,중견기업부,22100,0,0.00,21900,22250,21550,21651,474735100,72570079400,3283714
20191105,087260,모바일어플라이언스,KOSDAQ,벤처기업부,5610,60,1.08,5590,5620,5510,83652,466233090,84150000000,15000000
20191105,101330,모베이스,KOSDAQ,중견기업부,4380,-30,-0.68,4415,4490,4325,124125,541132505,104936863440,23958188
20191105,250060,모비스,KOSDAQ,기술성장기업부,2490,-10,-0.40,2520,2520,2480,216063,539653065,80106571860,32171314
20191105,033200,모아텍,KOSDAQ,중견기업부,4420,20,0.45,4360,4420,4360,3497,15428895,63343837700,14331185
20191105,118990,모트렉스,KOSDAQ,우량기업부,3290,-50,-1.50,3335,3395,3270,38321,126353710,89654293050,27250545
20191105,006920,모헨즈,KOSDAQ,중견기업부,4505,0,0.00,4445,4600,4445,19701,88526870,49194600000,10920000
20191105,001810,무림SP,KOSDAQ,우량기업부,2320,-15,-0.64,2335,2335,2310,7645,17752755,51359000000,22137500
20191105,279600,미디어젠,KOSDAQ,기술성장기업부,9150,-2100,-18.67,11250,11900,9140,3015251,30676907300,42440271150,4638281
20191105,028040,미래SCI,KOSDAQ,관리종목(소속부없음),402,-15,-3.60,417,420,396,776703,315119707,15909957216,39577008
20191105,095500,미래나노텍,KOSDAQ,우량기업부,3705,-65,-1.72,3800,3815,3625,329831,1215644200,86287719765,23289533
20191105,218150,미래생명자원,KOSDAQ,벤처기업부,3085,60,1.98,3005,3085,3005,138899,423552725,57601355380,18671428
20191105,265480,미래에셋대우스팩1호,KOSDAQ,SPAC(소속부없음),2055,-5,-0.24,2055,2075,2055,8674,17835650,9946200000,4840000
20191105,310200,미래에셋대우스팩2호,KOSDAQ,SPAC(소속부없음),2070,-15,-0.72,2060,2120,2060,23468,48880505,6313500000,3050000
20191105,328380,미래에셋대우스팩3호,KOSDAQ,SPAC(소속부없음),2035,0,0.00,2040,2040,2005,53458,107814410,13190870000,6482000
20191105,100790,미래에셋벤처투자,KOSDAQ,중견기업부,4680,65,1.41,4640,4690,4580,88017,409068300,143522566200,30667215
20191105,049950,미래컴퍼니,KOSDAQ,우량기업부,38800,350,0.91,38650,38900,38200,27402,1054736650,315996201600,8144232
20191105,213090,미래테크놀로지,KOSDAQ,중견기업부,9050,-100,-1.09,9140,9180,9010,850,7697970,55393131400,6120788
20191105,207760,미스터블루,KOSDAQ,중견기업부,7950,-270,-3.28,8160,8360,7880,1482835,11962007550,194814781800,24505004
20191105,059090,미코,KOSDAQ,우량기업부,5800,-40,-0.68,5820,5910,5760,333613,1940744300,181636297400,31316603
20191105,201490,미투온,KOSDAQ,중견기업부,6530,-60,-0.91,6560,6670,6500,360558,2367667520,204113238100,31257770
20191105,214180,민앤지,KOSDAQ,중견기업부,17050,700,4.28,16450,17150,16400,245506,4150252400,216236215800,12682476
20191105,206640,바디텍메드,KOSDAQ,벤처기업부,8910,240,2.77,8670,9000,8670,87271,777625820,209104709220,23468542
20191105,018700,바른손,KOSDAQ,중견기업부,2095,-20,-0.95,2110,2130,2075,42146,88326150,34394379675,16417365
20191105,035620,바른손이앤에이,KOSDAQ,중견기업부,1700,-30,-1.73,1730,1730,1665,2122497,3596599860,120040872600,70612278
20191105,064520,바른전자,KOSDAQ,투자주의환기종목(소속부없음),20900,0,0.00,0,0,0,0,0,27763351000,1328390
20191105,029480,바른테크놀로지,KOSDAQ,중견기업부,999,-1,-0.10,1030,1035,955,707531,691468247,49805429715,49855285
20191105,053030,바이넥스,KOSDAQ,중견기업부,9250,90,0.98,9150,9440,9050,432338,4011728480,293604694000,31741048
20191105,064550,바이오니아,KOSDAQ,기술성장기업부,7610,180,2.42,7470,7700,7400,92124,697561800,169406567670,22261047
20191105,208710,바이오로그디바이스,KOSDAQ,벤처기업부,1825,-10,-0.54,1845,1860,1820,71607,131380725,52688401525,28870357
20191105,142760,바이오리더스,KOSDAQ,기술성장기업부,8410,280,3.44,8140,8460,8050,346475,2882919120,148713903850,17682985
20191105,065940,바이오빌,KOSDAQ,투자주의환기종목(소속부없음),1635,0,0.00,0,0,0,0,0,71919049110,43987186
20191105,086820,바이오솔루션,KOSDAQ,기술성장기업부,34050,1400,4.29,32250,34400,31800,281089,9375004550,273611362800,8035576
20191105,038460,바이오스마트,KOSDAQ,우량기업부,4735,-15,-0.32,4750,4750,4700,52759,249081905,94769102590,20014594
20191105,044480,바이오제네틱스,KOSDAQ,중견기업부,7580,330,4.55,7300,7740,7220,657167,4970666290,98052750020,12935719
20191105,086040,바이오톡스텍,KOSDAQ,벤처기업부,7590,600,8.58,6990,7940,6920,1613583,12092962560,110720058570,14587623
20191105,032980,바이온,KOSDAQ,중견기업부,1585,55,3.59,1535,1585,1490,2926553,4508424200,82939017760,52327456
20191105,043150,바텍,KOSDAQ,우량기업부,24950,350,1.42,24600,24950,24500,17675,436997700,370613687200,14854256
20191105,267790,배럴,KOSDAQ,벤처기업부,11250,100,0.90,11150,11300,11000,153843,1717264050,87953625000,7818100
20191105,046310,백금T&A,KOSDAQ,벤처기업부,2885,15,0.52,2870,2905,2855,171772,493940735,44449734495,15407187
20191105,036620,버추얼텍,KOSDAQ,중견기업부,777,3,0.39,798,798,770,219337,169872772,41197442874,53021162
20191105,066410,버킷스튜디오,KOSDAQ,중견기업부,2305,-345,-13.02,2505,2545,2295,1231529,2922514555,54045752205,23447181
20191105,019010,베뉴지,KOSDAQ,우량기업부,1825,20,1.11,1805,1830,1785,9017,16354480,87965000000,48200000
20191105,177350,베셀,KOSDAQ,벤처기업부,4260,-65,-1.50,4325,4515,4180,891066,3900387115,47679487680,11192368
20191105,299910,베스파,KOSDAQ,중견기업부,17350,450,2.66,16800,17350,16600,40132,680514400,139086639350,8016521
20191105,225530,보광산업,KOSDAQ,중견기업부,4760,-5,-0.10,4760,4770,4610,204948,962541255,170694314000,35860150
20191105,250000,보라티알,KOSDAQ,중견기업부,8940,-20,-0.22,8960,9150,8870,78075,703030910,60351553020,6750733
20191105,014100,보령메디앙스,KOSDAQ,우량기업부,8430,240,2.93,8220,8430,8120,249513,2062134270,99474000000,11800000
20191105,006910,보성파워텍,KOSDAQ,중견기업부,2210,-15,-0.67,2230,2265,2185,518749,1152264360,101338928990,45854719
20191105,226340,본느,KOSDAQ,벤처기업부,4270,15,0.35,4255,4310,4175,744703,3157956585,131087274920,30699596
20191105,014470,부방,KOSDAQ,우량기업부,3085,-25,-0.80,3110,3150,3075,292726,909041275,185261222100,60052260
20191105,008470,부스타,KOSDAQ,우량기업부,5960,-20,-0.33,5980,6040,5900,33400,199031380,50092608000,8404800
20191105,100120,뷰웍스,KOSDAQ,우량기업부,24400,50,0.21,24200,24550,24150,42854,1042576600,244045506000,10001865
20191105,066980,브레인콘텐츠,KOSDAQ,중견기업부,656,14,2.18,643,659,642,1004465,653021704,103922392336,158418281
20191105,064480,브리지텍,KOSDAQ,벤처기업부,3300,0,0.00,3285,3330,3215,47785,156535460,39443250000,11952500
20191105,251630,브이원텍,KOSDAQ,벤처기업부,9400,-70,-0.74,9470,9540,9300,49296,463854570,141475452000,15050580
20191105,263920,블러썸엠앤씨,KOSDAQ,중견기업부,9850,-1300,-11.66,11000,11500,9760,211268,2150134320,93101175600,9451896
20191105,033560,블루콤,KOSDAQ,우량기업부,3075,-160,-4.95,3200,3200,3055,297254,920099935,55620744525,18088047
20191105,121800,비덴트,KOSDAQ,벤처기업부,12250,-3000,-19.67,15000,16700,12050,9858253,142272312300,341450656750,27873523
20191105,148140,비디아이,KOSDAQ,벤처기업부,8340,130,1.58,8270,8360,8160,32181,266922100,66059055000,7920750
20191105,200780,비씨월드제약,KOSDAQ,우량기업부,14000,1450,11.55,12600,14400,12500,199414,2718196600,112116452000,8008318
20191105,141000,비아트론,KOSDAQ,우량기업부,9550,130,1.38,9440,9630,9440,32677,311985170,115695480500,12114710
20191105,090460,비에이치,KOSDAQ,우량기업부,22600,300,1.35,22550,22850,22100,668695,15014772800,727276746200,32180387
20191105,083650,비에이치아이,KOSDAQ,중견기업부,2010,-5,-0.25,2035,2050,1990,36371,73239705,52260000000,26000000
20191105,086670,비엠티,KOSDAQ,벤처기업부,6880,50,0.73,6890,6940,6770,36130,247663660,56048119520,8146529
20191105,138580,비즈니스온,KOSDAQ,벤처기업부,15300,-100,-0.65,15250,15500,15050,12382,187995450,146037582000,9544940
20191105,082920,비츠로셀,KOSDAQ,우량기업부,13300,-50,-0.37,13350,13400,13000,113760,1498432900,286470721600,21539152
20191105,054220,비츠로시스,KOSDAQ,투자주의환기종목(소속부없음),485,0,0.00,0,0,0,0,0,25363340295,52295547
20191105,042370,비츠로테크,KOSDAQ,우량기업부,5660,-70,-1.22,5730,5750,5660,46255,263239550,126522921180,22353873
20191105,032850,비트컴퓨터,KOSDAQ,벤처기업부,3920,-35,-0.88,3955,3970,3915,40833,160780005,65163308560,16623293
20191105,238200,비피도,KOSDAQ,기술성장기업부,23850,600,2.58,23250,24300,23000,28972,689473650,97546500000,4090000
20191105,093190,빅솔론,KOSDAQ,우량기업부,5310,-10,-0.19,5360,5390,5280,1081,5725250,102158585550,19238905
20191105,065450,빅텍,KOSDAQ,벤처기업부,2765,-10,-0.36,2770,2790,2755,455926,1264505715,70429405340,25471756
20191105,072950,빛샘전자,KOSDAQ,벤처기업부,5830,40,0.69,5800,5840,5700,21986,127091320,34980000000,6000000
20191105,143240,사람인에이치알,KOSDAQ,우량기업부,28850,-150,-0.52,29000,29000,28550,14287,411213800,335648487550,11634263
20191105,100090,삼강엠앤티,KOSDAQ,우량기업부,4055,-5,-0.12,4095,4095,3975,27609,110388105,111983589625,27616175
20191105,122350,삼기오토모티브,KOSDAQ,우량기업부,2505,-5,-0.20,2485,2525,2470,127176,315629525,78410981445,31301789
20191105,014970,삼륭물산,KOSDAQ,중견기업부,11400,-100,-0.87,11550,11600,11250,395064,4508278550,172425000000,15125000
20191105,018310,삼목에스폼,KOSDAQ,우량기업부,9230,-10,-0.11,9300,9300,9180,8582,79126240,135681000000,14700000
20191105,053700,삼보모터스,KOSDAQ,우량기업부,5920,-30,-0.50,5950,5960,5800,61993,363945530,94436165600,15952055
20191105,009620,삼보산업,KOSDAQ,중견기업부,900,10,1.12,895,927,882,568209,514377779,23229738900,25810821
20191105,023600,삼보판지,KOSDAQ,우량기업부,8380,-90,-1.06,8460,8470,8340,12271,102773880,135504600000,16170000
20191105,111870,삼본전자,KOSDAQ,중견기업부,2820,-135,-4.57,2965,3010,2795,8127291,23480785265,154545483660,54803363
20191105,309930,삼성머스트스팩3호,KOSDAQ,SPAC(소속부없음),2070,0,0.00,2065,2085,2010,35005,71339750,9501300000,4590000
20191105,291230,삼성스팩2호,KOSDAQ,SPAC(소속부없음),2055,-20,-0.96,2075,2080,2040,12697,26182465,15515250000,7550000
20191105,009300,삼아제약,KOSDAQ,우량기업부,16550,450,2.80,16100,16600,16100,14367,236428200,105423500000,6370000
20191105,225190,삼양옵틱스,KOSDAQ,우량기업부,12900,150,1.18,12750,12950,12750,13077,167692650,130030710000,10079900
20191105,054540,삼영엠텍,KOSDAQ,중견기업부,3470,0,0.00,3465,3495,3460,24346,84564240,45110000000,13000000
20191105,065570,삼영이엔씨,KOSDAQ,중견기업부,5250,50,0.96,5300,5300,5170,25555,133389200,46200000000,8800000
20191105,073640,삼원테크,KOSDAQ,중견기업부,1190,5,0.42,1195,1205,1170,183251,218365975,65921216200,55395980
20191105,032280,삼일,KOSDAQ,중견기업부,2000,0,0.00,2020,2020,1985,18806,37514195,32427180000,16213590
20191105,002290,삼일기업공사,KOSDAQ,벤처기업부,3355,30,0.90,3330,3375,3320,91419,305901660,41602000000,12400000
20191105,037460,삼지전자,KOSDAQ,벤처기업부,9900,-200,-1.98,10150,10150,9850,212722,2110989520,161553367800,16318522
20191105,032750,삼진,KOSDAQ,중견기업부,10500,-250,-2.33,10700,10800,10500,33966,361750000,63000000000,6000000
20191105,054090,삼진엘앤디,KOSDAQ,벤처기업부,2130,65,3.15,2065,2130,2050,441223,924605135,53163164160,24959232
20191105,000250,삼천당제약,KOSDAQ,우량기업부,34900,950,2.80,34100,35100,33500,222630,7667250300,771492873700,22105813
20191105,024950,삼천리자전거,KOSDAQ,중견기업부,5600,70,1.27,5560,5660,5540,42254,235954360,74332031200,13273577
20191105,038500,삼표시멘트,KOSDAQ,우량기업부,3510,70,2.03,3450,3520,3450,161543,563597745,376823677230,107357173
20191105,017480,삼현철강,KOSDAQ,우량기업부,4105,20,0.49,4095,4145,4075,19262,79078660,64460363450,15702890
20191105,046390,삼화네트웍스,KOSDAQ,중견기업부,1550,15,0.98,1540,1550,1530,115873,178435930,66724296150,43047933
20191105,027580,상보,KOSDAQ,중견기업부,1190,-5,-0.42,1195,1245,1185,2299824,2791042800,55550533990,46681121
20191105,038540,상상인,KOSDAQ,우량기업부,11700,0,0.00,11450,11750,11250,362464,4188356350,647341262100,55328313
20191105,307870,상상인이안1호스팩,KOSDAQ,SPAC(소속부없음),2060,0,0.00,2060,2060,2010,22981,46624180,9785000000,4750000
20191105,329560,상상인이안제2호스팩,KOSDAQ,SPAC(소속부없음),2040,0,0.00,2040,2045,2020,41725,85044025,7854000000,3850000
20191105,101000,상상인인더스트리,KOSDAQ,중견기업부,1860,100,5.68,1790,1960,1765,910565,1719973160,78614838120,42266042
20191105,091580,상신이디피,KOSDAQ,우량기업부,9120,70,0.77,8970,9170,8970,68570,625633620,115505256000,12665050
20191105,263810,상신전자,KOSDAQ,중견기업부,3430,30,0.88,3400,3435,3385,20061,68229510,32575680690,9497283
20191105,089980,상아프론테크,KOSDAQ,우량기업부,16250,50,0.31,16250,16500,16100,99580,1619146700,248611723750,15299183
20191105,042940,상지카일룸,KOSDAQ,중견기업부,1440,85,6.27,1355,1490,1350,378192,536637655,59830511040,41548966
20191105,042600,새로닉스,KOSDAQ,우량기업부,3650,0,0.00,3645,3785,3620,8776,32007885,45346045100,12423574
20191105,263540,샘코,KOSDAQ,기술성장기업부,8980,-20,-0.22,9040,9130,8750,514032,4582122700,72034695380,8021681
20191105,038070,서린바이오,KOSDAQ,중견기업부,9140,390,4.46,8750,9270,8720,85447,775710210,68556178640,7500676
20191105,006730,서부T&D,KOSDAQ,중견기업부,8090,150,1.89,7890,8100,7890,119982,964426670,448500563470,55438883
20191105,079650,서산,KOSDAQ,중견기업부,3020,-5,-0.17,3075,3075,2985,17790,53661825,60400000000,20000000
20191105,100660,서암기계공업,KOSDAQ,중견기업부,6510,-70,-1.06,6700,6770,6510,207246,1374022930,82026000000,12600000
20191105,012860,서연전자,KOSDAQ,중견기업부,1710,15,0.88,1680,1745,1655,564943,953925160,46170000000,27000000
20191105,019770,서연탑메탈,KOSDAQ,중견기업부,2930,30,1.03,2900,2960,2875,122070,355634895,34134500000,11650000
20191105,043710,서울리거,KOSDAQ,중견기업부,1650,-15,-0.90,1690,1690,1620,72059,118848295,48700258200,29515308
20191105,046890,서울반도체,KOSDAQ,우량기업부,13650,200,1.49,13450,13800,13450,485761,6639426400,795868710000,58305400
20191105,063170,서울옥션,KOSDAQ,중견기업부,5670,240,4.42,5450,5770,5400,216950,1215266810,95922225000,16917500
20191105,027040,서울전자통신,KOSDAQ,중견기업부,1210,20,1.68,1195,1225,1175,291397,348847735,84202504870,69588847
20191105,018680,서울제약,KOSDAQ,벤처기업부,6940,280,4.20,6750,7100,6660,141991,978720530,58889363060,8485499
20191105,093920,서원인텍,KOSDAQ,우량기업부,6120,0,0.00,6130,6150,6040,17759,108562660,113832000000,18600000
20191105,189860,서전기전,KOSDAQ,벤처기업부,3840,60,1.59,3830,3865,3795,34754,133200845,37243315200,9698780
20191105,178320,서진시스템,KOSDAQ,벤처기업부,27500,-1500,-5.17,29050,29100,27100,1185207,32771200700,497768315000,18100666
20191105,122690,서진오토모티브,KOSDAQ,중견기업부,2235,-15,-0.67,2220,2265,2220,6662,14898270,43674684810,19541246
20191105,140070,서플러스글로벌,KOSDAQ,우량기업부,2340,20,0.86,2315,2345,2295,60576,140839765,86551920000,36988000
20191105,011370,서한,KOSDAQ,우량기업부,1365,20,1.49,1350,1375,1345,470362,639582740,137721490725,100894865
20191105,065710,서호전기,KOSDAQ,중견기업부,22900,50,0.22,23300,23450,22750,13030,299406500,117935000000,5150000
20191105,035890,서희건설,KOSDAQ,우량기업부,1170,5,0.43,1165,1175,1160,997296,1165962780,242284989960,207081188
20191105,003100,선광,KOSDAQ,우량기업부,16500,-750,-4.35,17200,17200,16300,41123,678052450,108900000000,6600000
20191105,123420,선데이토즈,KOSDAQ,우량기업부,20550,1150,5.93,20300,21500,19900,967181,20037048800,196660253100,9569842
20191105,171090,선익시스템,KOSDAQ,우량기업부,8560,30,0.35,8520,8590,8450,40088,341209780,77033965200,8999295
20191105,014620,성광벤드,KOSDAQ,중견기업부,10300,100,0.98,10200,10400,10000,94281,964805150,294580000000,28600000
20191105,037350,성도이엔지,KOSDAQ,우량기업부,4700,-95,-1.98,4795,4830,4650,51357,241986000,72709000000,15470000
20191105,081580,성우전자,KOSDAQ,우량기업부,2890,-30,-1.03,2920,2920,2845,34074,98001710,44818533270,15508143
20191105,045300,성우테크론,KOSDAQ,중견기업부,3950,-75,-1.86,4025,4025,3935,12029,47922250,36450971300,9228094
20191105,015750,성우하이텍,KOSDAQ,우량기업부,3580,-5,-0.14,3550,3625,3550,76139,272024800,286400000000,80000000
20191105,080470,성창오토텍,KOSDAQ,중견기업부,8190,-20,-0.24,8210,8230,8140,35357,288916080,59787000000,7300000
20191105,043260,성호전자,KOSDAQ,벤처기업부,880,7,0.80,873,885,871,45703,40266115,31326277840,35598043
20191105,148150,세경하이테크,KOSDAQ,벤처기업부,55900,-2100,-3.62,58500,58700,55400,126695,7161840400,325170300000,5817000
20191105,053060,세동,KOSDAQ,중견기업부,755,4,0.53,751,766,745,26833,20141549,16165305000,21411000
20191105,017510,세명전기,KOSDAQ,벤처기업부,4810,95,2.01,4800,4895,4770,76884,370206865,73333260000,15246000
20191105,214310,세미콘라이트,KOSDAQ,중견기업부,622,-1,-0.16,629,629,615,443371,274912426,52079998422,83729901
20191105,011560,세보엠이씨,KOSDAQ,우량기업부,8450,0,0.00,8450,8470,8380,6407,53963690,88978500000,10530000
20191105,100700,세운메디칼,KOSDAQ,우량기업부,3430,75,2.24,3390,3435,3345,107631,365050195,150234000000,43800000
20191105,234100,세원,KOSDAQ,벤처기업부,3000,-145,-4.61,3100,3115,2945,1701635,5145088000,67148955000,22382985
20191105,024830,세원물산,KOSDAQ,관리종목(소속부없음),6280,0,0.00,0,0,0,0,0,52438000000,8350000
20191105,258830,세종메디칼,KOSDAQ,벤처기업부,8890,240,2.77,8580,8910,8580,84103,740441900,60254117490,6777741
20191105,036630,세종텔레콤,KOSDAQ,중견기업부,395,3,0.77,393,395,389,1444445,565896722,237128819770,600326126
20191105,039310,세중,KOSDAQ,중견기업부,3040,-20,-0.65,3080,3095,3020,24593,75108510,55089867680,18121667
20191105,067770,세진티에스,KOSDAQ,중견기업부,2595,5,0.19,2590,2620,2580,30952,80207910,21789158835,8396593
20191105,053450,세코닉스,KOSDAQ,중견기업부,7050,130,1.88,6870,7150,6870,82435,577372290,83213131050,11803281
20191105,234340,세틀뱅크,KOSDAQ,중견기업부,31350,2700,9.42,28850,32800,28850,369585,11462283650,290520450000,9267000
20191105,252500,세화피앤씨,KOSDAQ,중견기업부,2935,65,2.26,2870,2950,2855,244461,710452795,60881277325,20743195
20191105,051980,센트럴바이오,KOSDAQ,관리종목(소속부없음),725,-15,-2.03,758,758,723,352483,258390662,32338052250,44604210
20191105,049180,셀루메드,KOSDAQ,벤처기업부,6010,350,6.18,5690,6500,5650,1658950,10182471780,144564684240,24054024
20191105,299660,셀리드,KOSDAQ,기술성장기업부,30000,4150,16.05,25500,30000,25150,2109343,60344184800,286910760000,9563692
20191105,268600,셀리버리,KOSDAQ,기술성장기업부,70400,16200,29.89,54100,70400,51600,4344769,281105310200,550535532800,7820107
20191105,108860,셀바스AI,KOSDAQ,관리종목(소속부없음),3780,0,0.00,0,0,0,0,0,83371472100,22055945
20191105,208370,셀바스헬스케어,KOSDAQ,관리종목(소속부없음),1940,-5,-0.26,1975,1975,1900,35966,69240660,27217585020,14029683
20191105,068760,셀트리온제약,KOSDAQ,중견기업부,41000,50,0.12,40950,41050,40200,107142,4360919200,1397653305000,34089105
20191105,091990,셀트리온헬스케어,KOSDAQ,우량기업부,54800,700,1.29,54200,54800,53800,561130,30422295100,7886709030400,143918048
20191105,053110,소리바다,KOSDAQ,벤처기업부,940,2,0.21,950,950,901,179585,168804956,59856234300,63676845
20191105,032680,소프트센,KOSDAQ,중견기업부,1885,-30,-1.57,1910,1950,1880,1578219,3018326165,61926165145,32852077
20191105,032685,소프트센우,KOSDAQ,중견기업부,25100,-450,-1.76,25350,25350,24800,3065,76629300,3585710700,142857
20191105,066910,손오공,KOSDAQ,중견기업부,1620,25,1.57,1595,1620,1570,264237,420710580,43571780820,26896161
20191105,043100,솔고바이오,KOSDAQ,관리종목(소속부없음),237,3,1.28,238,239,233,1075356,253724255,38329011045,161725785
20191105,154040,솔루에타,KOSDAQ,중견기업부,3170,35,1.12,3120,3195,3120,47203,148689680,41147062820,12980146
20191105,035610,솔본,KOSDAQ,중견기업부,4430,-35,-0.78,4445,4485,4390,98695,436769170,121142766710,27345997
20191105,036830,솔브레인,KOSDAQ,우량기업부,74800,-800,-1.06,76100,76100,74500,113196,8503538900,1301390670800,17398271
20191105,230980,솔트웍스,KOSDAQ,투자주의환기종목(소속부없음),5650,450,8.65,5230,5810,5180,364225,2036671350,71333543900,12625406
20191105,086980,쇼박스,KOSDAQ,우량기업부,3420,-60,-1.72,3460,3460,3400,402517,1378777760,214092000000,62600000
20191105,050960,수산아이앤티,KOSDAQ,벤처기업부,6470,30,0.47,6440,6480,6370,1571,10102130,43678970000,6751000
20191105,084180,수성,KOSDAQ,관리종목(소속부없음),3000,20,0.67,2950,3020,2905,76843,226309740,39513642000,13171214
20191105,253840,수젠텍,KOSDAQ,기술성장기업부,6220,20,0.32,6210,6340,6140,154064,960086680,80399757320,12926006
20191105,058530,슈펙스비앤피,KOSDAQ,중견기업부,346,-18,-4.95,364,368,344,3460688,1220343085,29361935756,84861086
20191105,236200,슈프리마,KOSDAQ,벤처기업부,25200,150,0.60,25150,25750,24750,214447,5401385900,180438879600,7160273
20191105,317770,슈프리마아이디,KOSDAQ,중견기업부,20100,100,0.50,20000,20600,19950,25414,513932150,60149652000,2992520
20191105,094840,슈프리마에이치큐,KOSDAQ,벤처기업부,5470,-190,-3.36,5720,5720,5410,63269,349848050,57280964800,10471840
20191105,192440,슈피겐코리아,KOSDAQ,우량기업부,55400,-1100,-1.95,56500,56600,55100,43006,2381757200,344386510200,6216363
20191105,099440,스맥,KOSDAQ,중견기업부,2525,0,0.00,2555,2555,2505,39102,98620700,70588846975,27955979
20191105,033790,스카이문스테크놀로지,KOSDAQ,관리종목(소속부없음),700,-36,-4.89,746,746,700,87293,62104194,11981970000,17117100
20191105,159910,스킨앤스킨,KOSDAQ,투자주의환기종목(소속부없음),323,0,0.00,320,325,317,385967,123684597,40136463531,124261497
20191105,158310,스타모빌리티,KOSDAQ,투자주의환기종목(소속부없음),2910,-15,-0.51,2925,3010,2825,96589,280482530,35128478220,12071642
20191105,115570,스타플렉스,KOSDAQ,중견기업부,7500,-40,-0.53,7470,7700,7210,162321,1210229890,48403005000,6453734
20191105,253450,스튜디오드래곤,KOSDAQ,우량기업부,79700,-200,-0.25,79500,80200,78500,100163,7938884000,2239192222000,28095260
20191105,013810,스페코,KOSDAQ,중견기업부,2740,20,0.74,2720,2750,2705,31446,85749890,40155987800,14655470
20191105,049830,승일,KOSDAQ,우량기업부,8970,-130,-1.43,9100,9100,8930,7474,67189090,55005044640,6132112
20191105,020710,시공테크,KOSDAQ,우량기업부,4900,-20,-0.41,4880,4945,4880,17569,86155870,98235053000,20047970
20191105,033170,시그네틱스,KOSDAQ,중견기업부,1080,-20,-1.82,1100,1115,1075,781333,851078775,92586584520,85728319
20191105,048870,시너지이노베이션,KOSDAQ,중견기업부,2045,-20,-0.97,2065,2075,2020,120130,244559890,128015957050,62599490
20191105,025320,시노펙스,KOSDAQ,중견기업부,2910,-60,-2.02,2990,2990,2905,1181066,3456403635,211152882480,72561128
20191105,269620,시스웍,KOSDAQ,벤처기업부,2480,-25,-1.00,2485,2515,2470,81490,202379795,44640000000,18000000
20191105,131090,시큐브,KOSDAQ,벤처기업부,1480,15,1.02,1465,1480,1455,1104885,1715550150,56240000000,38000000
20191105,001000,신라섬유,KOSDAQ,중견기업부,1910,-25,-1.29,1950,1950,1890,46171,88453670,46370101400,24277540
20191105,025870,신라에스지,KOSDAQ,중견기업부,10550,-50,-0.47,10600,10650,10050,40452,417905400,42200000000,4000000
20191105,215600,신라젠,KOSDAQ,기술성장기업부,19350,1000,5.45,18550,20200,17900,11700915,223269578200,1374858618750,71052125
20191105,065350,신성델타테크,KOSDAQ,우량기업부,3200,-10,-0.31,3225,3260,3160,30681,97687140,77366723200,24177101
20191105,056000,신스타임즈,KOSDAQ,중견기업부,6500,90,1.40,6210,6500,6210,304196,1945248340,91562900000,14086600
20191105,002800,신신제약,KOSDAQ,우량기업부,7010,540,8.35,6470,7400,6280,2124509,14848673270,106345205000,15170500
20191105,307180,신영스팩4호,KOSDAQ,SPAC(소속부없음),2330,75,3.33,2295,2415,2255,226805,525886985,10147150000,4355000
20191105,323280,신영스팩5호,KOSDAQ,SPAC(소속부없음),2065,-10,-0.48,2060,2075,2045,25545,52525750,7237825000,3505000
20191105,017000,신원종합개발,KOSDAQ,우량기업부,3915,-5,-0.13,3920,3980,3900,13424,52675640,39416325705,10068027
20191105,012790,신일제약,KOSDAQ,우량기업부,9150,350,3.98,8820,9150,8780,38351,345353170,72285000000,7900000
20191105,138070,신진에스엠,KOSDAQ,중견기업부,5340,-30,-0.56,5370,5370,5270,4200,22240040,47911457220,8972183
20191105,277480,신한제4호스팩,KOSDAQ,SPAC(소속부없음),2055,-5,-0.24,2060,2065,2050,8128,16730455,12350550000,6010000
20191105,323230,신한제5호스팩,KOSDAQ,SPAC(소속부없음),2065,-5,-0.24,2060,2070,2055,11020,22748250,8900150000,4310000
20191105,333050,신한제6호스팩,KOSDAQ,SPAC(소속부없음),2005,-5,-0.25,2010,2010,2005,75178,150760470,10045050000,5010000
20191105,056700,신화인터텍,KOSDAQ,중견기업부,3640,-5,-0.14,3675,3685,3605,243084,886309170,106051731240,29135091
20191105,187270,신화콘텍,KOSDAQ,벤처기업부,3090,-10,-0.32,3100,3120,2990,57749,175645740,31344481050,10143845
20191105,243840,신흥에스이씨,KOSDAQ,우량기업부,35900,-50,-0.14,35800,36550,35650,15296,552057600,235205419700,6551683
20191105,108320,실리콘웍스,KOSDAQ,우량기업부,34350,600,1.78,33750,34400,33650,77654,2648108900,558678705000,16264300
20191105,222800,심텍,KOSDAQ,우량기업부,8950,-200,-2.19,9120,9210,8750,283317,2532639720,203638983050,22752959
20191105,036710,심텍홀딩스,KOSDAQ,중견기업부,1590,5,0.32,1610,1610,1580,11791,18716925,58220525970,36616683
20191105,160980,싸이맥스,KOSDAQ,우량기업부,10400,0,0.00,10350,10400,10250,37174,383769350,109993457600,10576294
20191105,217330,싸이토젠,KOSDAQ,기술성장기업부,13650,750,5.81,12950,13750,12700,478157,6388115350,76902243600,5633864
20191105,010280,쌍용정보통신,KOSDAQ,중견기업부,1790,20,1.13,1795,1840,1750,665319,1191764510,72430620860,40464034
20191105,122800,썬텍,KOSDAQ,관리종목(소속부없음),1000,0,0.00,0,0,0,0,0,35153085000,35153085
20191105,208640,썸에이지,KOSDAQ,중견기업부,561,9,1.63,555,569,552,715740,400167068,55136419107,98282387
20191105,222420,쎄노텍,KOSDAQ,중견기업부,2285,60,2.70,2220,2310,2210,566106,1285742290,91761429875,40158175
20191105,037760,쎄니트,KOSDAQ,우량기업부,1650,20,1.23,1630,1650,1620,30605,50208665,55824319650,33832921
20191105,136510,쎄미시스코,KOSDAQ,벤처기업부,7630,20,0.26,7570,7700,7570,7225,55334210,41202000000,5400000
20191105,099320,쎄트렉아이,KOSDAQ,벤처기업부,19800,150,0.76,19650,20000,19550,32430,641761750,143916042600,7268487
20191105,049960,쎌바이오텍,KOSDAQ,우량기업부,20050,750,3.89,19300,20050,19150,63629,1257675250,188470000000,9400000
20191105,050890,쏠리드,KOSDAQ,중견기업부,5220,-20,-0.38,5240,5310,5180,745806,3897712940,272406613500,52185175
20191105,066790,씨씨에스,KOSDAQ,관리종목(소속부없음),423,0,0.00,0,0,0,0,0,36193713705,85564335
20191105,222080,씨아이에스,KOSDAQ,중견기업부,2350,30,1.29,2340,2355,2315,227271,530475465,126018056750,53624705
20191105,264660,씨앤지하이테크,KOSDAQ,벤처기업부,7890,0,0.00,7950,7950,7830,29451,231811840,66319237200,8405480
20191105,115530,씨엔플러스,KOSDAQ,투자주의환기종목(소속부없음),839,0,0.00,0,0,0,0,0,50419474275,60094725
20191105,225330,씨엠에스에듀,KOSDAQ,투자주의환기종목(소속부없음),5420,-20,-0.37,5450,5460,5380,5499,29811740,100999683760,18634628
20191105,115480,씨유메디칼,KOSDAQ,벤처기업부,2845,-55,-1.90,2910,3180,2800,5376363,16367490180,45872384545,16123861
20191105,096530,씨젠,KOSDAQ,우량기업부,22100,700,3.27,21500,22200,21500,131364,2889894700,579771842000,26234020
20191105,900120,씨케이에이치,KOSDAQ,외국기업(소속부없음),346,4,1.17,343,353,339,240642,82777586,38199942122,110404457
20191105,101240,씨큐브,KOSDAQ,벤처기업부,7970,90,1.14,7890,7970,7810,7130,56386390,80801326480,10138184
20191105,047920,씨트리,KOSDAQ,기술성장기업부,5270,40,0.76,5200,5450,5060,625610,3308178970,72980925710,13848373
20191105,060590,씨티씨바이오,KOSDAQ,중견기업부,6530,170,2.67,6390,6750,6290,762903,5010935280,126097708660,19310522
20191105,036170,씨티젠,KOSDAQ,중견기업부,2780,125,4.71,2700,2815,2650,1984455,5414075295,93472465420,33623189
20191105,260930,씨티케이코스메틱스,KOSDAQ,우량기업부,13650,-600,-4.21,14350,14350,13550,33878,466133050,138167361150,10122151
20191105,013990,아가방컴퍼니,KOSDAQ,중견기업부,3910,75,1.96,3820,3910,3700,730352,2780406010,128590265760,32887536
20191105,123860,아나패스,KOSDAQ,벤처기업부,28050,-250,-0.88,28300,28400,27000,32797,908776650,284081985000,10127700
20191105,025980,아난티,KOSDAQ,벤처기업부,11900,250,2.15,12050,12150,11700,2441326,29064208850,1004889478600,84444494
20191105,058220,아리온,KOSDAQ,중견기업부,1810,0,0.00,0,0,0,0,0,65574893630,36229223
20191105,125210,아모그린텍,KOSDAQ,기술성장기업부,8850,440,5.23,8390,8900,8210,282323,2400645490,145996591500,16496790
20191105,052710,아모텍,KOSDAQ,우량기업부,24100,-400,-1.63,24800,24800,23400,202856,4824894400,234816084600,9743406
20191105,074430,아미노로직스,KOSDAQ,벤처기업부,2130,75,3.65,2040,2130,2010,484005,1009225055,187071177720,87826844
20191105,092040,아미코젠,KOSDAQ,기술성장기업부,25250,1950,8.37,23350,25300,23050,304175,7510265300,484977002500,19207010
20191105,083930,아바코,KOSDAQ,우량기업부,5610,0,0.00,5610,5650,5560,142794,800734040,89740393050,15996505
20191105,149950,아바텍,KOSDAQ,우량기업부,8200,-110,-1.32,8390,8420,8080,13475,110535180,127981500000,15607500
20191105,036010,아비코전자,KOSDAQ,우량기업부,4885,-10,-0.20,4925,4925,4815,19234,93645830,64935982590,13292934
20191105,050860,아세아텍,KOSDAQ,우량기업부,4215,150,3.69,4085,4300,4065,226678,954941660,73762500000,17500000
20191105,246720,아스타,KOSDAQ,기술성장기업부,6880,-310,-4.31,7260,7280,6810,174767,1210593930,78999758240,11482523
20191105,067390,아스트,KOSDAQ,우량기업부,8890,60,0.68,8880,8920,8790,134129,1188901660,228292106280,25679652
20191105,127710,아시아경제,KOSDAQ,중견기업부,2085,5,0.24,2100,2100,2070,29336,60992785,53185710390,25508734
20191105,154030,아시아종묘,KOSDAQ,기술성장기업부,5970,10,0.17,6100,6130,5920,76451,458685590,55016767830,9215539
20191105,227610,아우딘퓨쳐스,KOSDAQ,우량기업부,8600,-30,-0.35,8540,8690,8450,43498,373840890,86000000000,10000000
20191105,143160,아이디스,KOSDAQ,우량기업부,35800,0,0.00,35250,35950,33900,178002,6189464100,383646762000,10716390
20191105,054800,아이디스홀딩스,KOSDAQ,중견기업부,13600,150,1.12,13400,13700,13200,6529,88457300,140729481600,10347756
20191105,099190,아이센스,KOSDAQ,우량기업부,27750,400,1.46,27700,28050,27550,31418,874202850,381208354500,13737238
20191105,289010,아이스크림에듀,KOSDAQ,중견기업부,7910,0,0.00,7910,7970,7850,41638,328687330,99961604610,12637371
20191105,214430,아이쓰리시스템,KOSDAQ,우량기업부,17550,150,0.86,17450,17600,17250,28172,490757850,124723638000,7106760
20191105,040910,아이씨디,KOSDAQ,우량기업부,15600,-200,-1.27,15600,16100,15300,493997,7759031200,266028172800,17053088
20191105,068940,아이씨케이,KOSDAQ,중견기업부,1860,0,0.00,1860,1870,1830,91438,168936945,57994282920,31179722
20191105,052860,아이앤씨,KOSDAQ,벤처기업부,5280,-70,-1.31,5350,5420,5210,196187,1035892610,92286765120,17478554
20191105,069920,아이에스이커머스,KOSDAQ,벤처기업부,4485,-40,-0.88,4525,4525,4435,1172,5237600,114649539225,25562885
20191105,038880,아이에이,KOSDAQ,벤처기업부,550,8,1.48,545,552,540,655239,357432813,132779504550,241417281
20191105,123010,아이에이네트웍스,KOSDAQ,기술성장기업부,6340,10,0.16,6330,6380,6280,34694,219139640,40044054980,6316097
20191105,101390,아이엠,KOSDAQ,중견기업부,1170,0,0.00,1175,1175,1145,187857,217494145,49401108900,42223170
20191105,226350,아이엠텍,KOSDAQ,관리종목(소속부없음),1055,5,0.48,1065,1065,1010,200179,208734685,31050466710,29431722
20191105,078860,아이오케이,KOSDAQ,중견기업부,2115,-495,-18.97,2205,2415,2005,22716702,50638995000,96245536860,45506164
20191105,114810,아이원스,KOSDAQ,우량기업부,5780,30,0.52,5650,5840,5650,53940,309942520,77544011820,13415919
20191105,031310,아이즈비전,KOSDAQ,중견기업부,4030,10,0.25,4080,4080,3990,63051,252926480,63563473220,15772574
20191105,185490,아이진,KOSDAQ,기술성장기업부,12250,-1150,-8.58,12500,12750,11850,424120,5172794650,136141636750,11113603
20191105,059100,아이컴포넌트,KOSDAQ,벤처기업부,6030,50,0.84,5980,6190,5970,8235,49303970,42637285800,7070860
20191105,175250,아이큐어,KOSDAQ,기술성장기업부,30550,7050,30.00,23650,30550,23650,658283,18378721050,195942781450,6413839
20191105,052460,아이크래프트,KOSDAQ,중견기업부,3020,5,0.17,3045,3260,3005,319798,997987005,44115966720,14607936
20191105,119830,아이텍,KOSDAQ,중견기업부,6130,30,0.49,6100,6180,6070,39086,238839040,57741283670,9419459
20191105,124500,아이티센,KOSDAQ,중견기업부,4685,35,0.75,4700,4735,4600,141531,663342200,75854483625,16190925
20191105,027360,아주IB투자,KOSDAQ,중견기업부,1120,-40,-3.45,1150,1160,1115,897113,1012024475,132959736000,118714050
20191105,032080,아즈텍WB,KOSDAQ,벤처기업부,1815,-5,-0.27,1805,1825,1790,25341,45777255,39006217635,21491029
20191105,013310,아진산업,KOSDAQ,우량기업부,2860,-5,-0.17,2855,2885,2840,307790,880352890,101567117080,35512978
20191105,059120,아진엑스텍,KOSDAQ,벤처기업부,6900,150,2.22,6780,7050,6750,30433,209363070,47926813500,6945915
20191105,158430,아톤,KOSDAQ,벤처기업부,41900,-700,-1.64,42650,42650,41550,23042,965864450,151343051400,3612006
20191105,067160,아프리카TV,KOSDAQ,우량기업부,76200,0,0.00,76300,78000,75500,98684,7521564300,875901245400,11494767
20191105,001540,안국약품,KOSDAQ,우량기업부,12450,650,5.51,12000,12800,11800,301454,3714130200,162378129000,13042420
20191105,053800,안랩,KOSDAQ,우량기업부,62700,200,0.32,62400,62700,62000,38765,2418040400,627868708500,10013855
20191105,065660,안트로젠,KOSDAQ,기술성장기업부,52000,2700,5.48,49300,52600,49300,204313,10492434600,449814404000,8650277
20191105,297570,알로이스,KOSDAQ,중견기업부,2470,-20,-0.80,2470,2475,2400,251300,613112685,40234852580,16289414
20191105,260660,알리코제약,KOSDAQ,우량기업부,16850,750,4.66,15850,18900,15100,5660755,97073819100,163741138750,9717575
20191105,131370,알서포트,KOSDAQ,벤처기업부,2860,-40,-1.38,2910,2920,2835,496431,1419317585,152343857380,53267083
20191105,140670,알에스오토메이션,KOSDAQ,우량기업부,10050,60,0.60,10150,10200,9930,184556,1849674910,91486557000,9103140
20191105,096610,알에프세미,KOSDAQ,중견기업부,5970,-50,-0.83,6060,6220,5910,102774,621257650,48482190900,8120970
20191105,061040,알에프텍,KOSDAQ,우량기업부,7310,-50,-0.68,7390,7460,7270,374451,2757622390,155964010860,21335706
20191105,148250,알엔투테크놀로지,KOSDAQ,벤처기업부,12350,-150,-1.20,12750,12750,12200,37282,460551900,86910864950,7037317
20191105,196170,알테오젠,KOSDAQ,기술성장기업부,47000,2500,5.62,44700,47850,44250,288055,13305886750,645047599000,13724417
20191105,123750,알톤스포츠,KOSDAQ,관리종목(소속부없음),1955,-15,-0.76,1985,2000,1940,19563,38323060,24919010635,12746297
20191105,085810,알티캐스트,KOSDAQ,중견기업부,2300,-25,-1.08,2320,2350,2245,254510,584332545,48813268000,21223160
20191105,117670,알파홀딩스,KOSDAQ,중견기업부,7340,130,1.80,7150,7350,7070,245140,1776891540,104790420160,14276624
20191105,293780,압타바이오,KOSDAQ,기술성장기업부,20600,1450,7.57,19400,21200,18850,1264764,25688097050,224163699800,10881733
20191105,196300,애니젠,KOSDAQ,기술성장기업부,10350,200,1.97,10150,10350,9860,52403,527991430,51917307750,5016165
20191105,205500,액션스퀘어,KOSDAQ,관리종목(소속부없음),1560,-110,-6.59,1645,1695,1545,1238277,1962923510,41317350360,26485481
20191105,052790,액토즈소프트,KOSDAQ,중견기업부,12100,150,1.26,11900,12100,11800,38142,456602700,137100719800,11330638
20191105,131400,액트,KOSDAQ,벤처기업부,4050,-50,-1.22,4185,4190,4050,49873,204908065,70335390150,17366763
20191105,290740,액트로,KOSDAQ,벤처기업부,12050,-450,-3.60,12450,12550,11900,281205,3407433450,120861632550,10030011
20191105,238090,앤디포스,KOSDAQ,우량기업부,6540,370,6.00,6190,6670,6130,990209,6387878920,274398910800,41957020
20191105,092600,앤씨앤,KOSDAQ,벤처기업부,2400,55,2.35,2340,2400,2310,188129,444776750,50274000000,20947500
20191105,174900,앱클론,KOSDAQ,기술성장기업부,39850,2800,7.56,37100,40200,36950,243632,9510559700,285963600000,7176000
20191105,255440,야스,KOSDAQ,우량기업부,22800,-650,-2.77,23450,23550,22500,124864,2839827850,297722400000,13058000
20191105,030960,양지사,KOSDAQ,투자주의환기종목(소속부없음),11900,-200,-1.65,12350,12450,11900,67507,820885900,190162000000,15980000
20191105,102120,어보브반도체,KOSDAQ,우량기업부,5880,10,0.17,5900,5920,5820,68086,399470150,102662759640,17459653
20191105,019990,에너토크,KOSDAQ,중견기업부,3800,0,0.00,3810,3870,3775,30428,115541750,37073134400,9756088
20191105,041440,에버다임,KOSDAQ,우량기업부,4730,60,1.28,4675,4740,4670,6661,31413860,84742415120,17915944
20191105,038680,에스넷,KOSDAQ,벤처기업부,7080,-70,-0.98,7150,7150,7050,148646,1053543630,113812522200,16075215
20191105,217480,에스디생명공학,KOSDAQ,우량기업부,5340,-20,-0.37,5370,5440,5270,298317,1590282990,119696452440,22415066
20191105,121890,에스디시스템,KOSDAQ,벤처기업부,2655,160,6.41,2495,2740,2465,505637,1329706475,24021319590,9047578
20191105,030270,에스마크,KOSDAQ,투자주의환기종목(소속부없음),998,0,0.00,0,0,0,0,0,7547575598,7562701
20191105,097780,에스맥,KOSDAQ,우량기업부,870,58,7.14,819,870,813,4838265,4122762894,192216298380,220938274
20191105,073070,에스모,KOSDAQ,우량기업부,1905,-85,-4.27,2000,2000,1895,7715726,14815566810,167472779100,87912220
20191105,087730,에스모 머티리얼즈,KOSDAQ,벤처기업부,1510,-40,-2.58,1550,1565,1485,446611,683045350,26953027370,17849687
20191105,042110,에스씨디,KOSDAQ,우량기업부,1110,0,0.00,1120,1120,1085,142075,156294380,53645816040,48329564
20191105,065420,에스아이리소스,KOSDAQ,관리종목(소속부없음),639,0,0.00,0,0,0,0,0,41281932996,64603964
20191105,103230,에스앤더블류,KOSDAQ,중견기업부,3095,-5,-0.16,3100,3130,3000,44479,135751665,22284000000,7200000
20191105,900080,에스앤씨엔진그룹,KOSDAQ,외국기업(소속부없음),413,-1,-0.24,415,416,412,54767,22700939,51112711909,123759593
20191105,101490,에스앤에스텍,KOSDAQ,우량기업부,9200,-420,-4.37,9670,9680,9150,681128,6349829370,181565045200,19735331
20191105,095910,에스에너지,KOSDAQ,중견기업부,3840,20,0.52,3865,3870,3805,24475,94037685,51318992640,13364321
20191105,275630,에스에스알,KOSDAQ,벤처기업부,6800,-70,-1.02,6870,6950,6710,11876,80779010,39403014800,5794561
20191105,031330,에스에이엠티,KOSDAQ,우량기업부,2210,0,0.00,2200,2220,2185,448782,987109380,220989098070,99995067
20191105,060540,에스에이티,KOSDAQ,벤처기업부,1945,20,1.04,1925,1960,1925,86699,168252460,50829280170,26133306
20191105,112240,에스에프씨,KOSDAQ,투자주의환기종목(소속부없음),1815,0,0.00,0,0,0,0,0,79827028710,43981834
20191105,056190,에스에프에이,KOSDAQ,우량기업부,42400,-750,-1.74,43550,43550,42400,109377,4672242050,1522531424000,35908760
20191105,080000,에스엔유,KOSDAQ,벤처기업부,2730,-35,-1.27,2805,2805,2710,62952,172394460,93701435100,34322870
20191105,160600,에스엔텍비엠,KOSDAQ,벤처기업부,2645,35,1.34,2605,2690,2590,1125654,2980567500,79710256935,30136203
20191105,041510,에스엠,KOSDAQ,우량기업부,38450,650,1.72,38150,38550,37600,171741,6561462300,901341093450,23441901
20191105,007820,에스엠코어,KOSDAQ,중견기업부,8620,-70,-0.81,8750,8750,8560,67767,584648850,172692614520,20033946
20191105,109610,에스와이,KOSDAQ,벤처기업부,4165,0,0.00,4170,4230,4160,22550,94330175,103914021925,24949345
20191105,080440,에스제이케이,KOSDAQ,관리종목(소속부없음),2000,-10,-0.50,2050,2085,1995,144749,292166885,22704970000,11352485
20191105,096630,에스코넥,KOSDAQ,우량기업부,1690,-45,-2.59,1735,1770,1670,1042830,1773135235,110299073560,65265724
20191105,069510,에스텍,KOSDAQ,우량기업부,11850,100,0.85,11800,11850,11750,9482,111533400,129283500000,10910000
20191105,041910,에스텍파마,KOSDAQ,벤처기업부,11250,2560,29.46,8670,11250,8670,5022932,52910616820,133855458750,11898263
20191105,234300,에스트래픽,KOSDAQ,우량기업부,7620,80,1.06,7640,7660,7540,28436,216987390,90839391600,11921180
20191105,039440,에스티아이,KOSDAQ,우량기업부,19450,150,0.78,19350,20050,19200,717077,14144869600,307893500000,15830000
20191105,098660,에스티오,KOSDAQ,중견기업부,2245,5,0.22,2240,2245,2215,13712,30546660,28064691120,12500976
20191105,052020,에스티큐브,KOSDAQ,중견기업부,12850,850,7.08,11900,13300,11900,610497,7842063600,347859510150,27070779
20191105,237690,에스티팜,KOSDAQ,우량기업부,19550,-100,-0.51,19650,20000,19000,35266,682946250,364724800000,18656000
20191105,050760,에스폴리텍,KOSDAQ,중견기업부,4095,30,0.74,4075,4140,4045,74346,302764520,66890506410,16334678
20191105,288620,에스퓨얼셀,KOSDAQ,중견기업부,19650,0,0.00,19750,19950,19300,169532,3337402300,112875809400,5744316
20191105,317830,에스피시스템스,KOSDAQ,벤처기업부,7760,-90,-1.15,7780,7860,7710,52242,406183410,63210632000,8145700
20191105,058610,에스피지,KOSDAQ,우량기업부,7570,10,0.13,7560,7610,7480,56699,428317480,158038700750,20876975
20191105,043340,에쎈테크,KOSDAQ,중견기업부,848,11,1.31,845,850,835,139208,117094923,61056000000,72000000
20191105,054630,에이디칩스,KOSDAQ,벤처기업부,1160,55,4.98,1115,1260,1115,4009422,4762208045,31322779360,27002396
20191105,200710,에이디테크놀로지,KOSDAQ,중견기업부,15500,0,0.00,15400,15600,15300,93187,1440228850,143553761500,9261533
20191105,298380,에이비엘바이오,KOSDAQ,기술성장기업부,23200,3400,17.17,20000,23950,19550,11295799,253073379950,1051037720000,45303350
20191105,195990,에이비프로바이오,KOSDAQ,중견기업부,1060,-65,-5.78,1145,1145,1035,11065034,11763821695,172460991940,162699049
20191105,003800,에이스침대,KOSDAQ,우량기업부,34900,-450,-1.27,35350,35350,34900,4126,144463050,387041000000,11090000
20191105,088800,에이스테크,KOSDAQ,중견기업부,6980,-120,-1.69,7130,7140,6890,1051519,7312455800,271228993560,38858022
20191105,241840,에이스토리,KOSDAQ,중견기업부,9990,250,2.57,9710,10250,9710,243123,2434581170,93089217600,9318240
20191105,138360,에이씨티,KOSDAQ,관리종목(소속부없음),4480,0,0.00,0,0,0,0,0,122161688320,27268234
20191105,039230,에이아이비트,KOSDAQ,관리종목(소속부없음),452,4,0.89,448,454,447,651424,293200779,46719882996,103362573
20191105,050320,에이앤티앤,KOSDAQ,투자주의환기종목(소속부없음),3220,0,0.00,0,0,0,0,0,72970870420,22661761
20191105,312610,에이에프더블류,KOSDAQ,중견기업부,13800,-250,-1.78,14050,14150,13750,54178,750652300,139772527200,10128444
20191105,072990,에이치시티,KOSDAQ,중견기업부,9930,20,0.20,9920,9990,9880,38642,387232510,68215634430,6869651
20191105,176440,에이치엔티,KOSDAQ,중견기업부,14750,-50,-0.34,14900,14950,14500,79229,1162799100,252931067750,17147869
20191105,028300,에이치엘비,KOSDAQ,중견기업부,161100,-11300,-6.55,167000,169100,153700,2499568,404549454000,6375033895500,39571905
20191105,067630,에이치엘비생명과학,KOSDAQ,중견기업부,33550,-1650,-4.69,33900,34100,32200,2133284,71245191650,1578542698150,47050453
20191105,043220,에이치엘비파워,KOSDAQ,관리종목(소속부없음),2335,-375,-13.84,2590,2630,2335,27495473,66481721320,172122026550,73713930
20191105,239610,에이치엘사이언스,KOSDAQ,벤처기업부,59300,-600,-1.00,60300,60300,58200,36246,2133260200,304929376400,5142148
20191105,044780,에이치케이,KOSDAQ,벤처기업부,1560,-15,-0.95,1575,1580,1550,67336,104933895,28869027720,18505787
20191105,071670,에이테크솔루션,KOSDAQ,중견기업부,8080,-150,-1.82,8220,8300,8020,42074,341084070,80800000000,10000000
20191105,045660,에이텍,KOSDAQ,벤처기업부,8660,10,0.12,8700,8850,8610,286407,2496455530,71531600000,8260000
20191105,224110,에이텍티앤,KOSDAQ,벤처기업부,8130,40,0.49,8120,8260,8100,23545,192306960,43414200000,5340000
20191105,021080,에이티넘인베스트,KOSDAQ,벤처기업부,1935,0,0.00,1935,1945,1900,347488,667233930,92880000000,48000000
20191105,089530,에이티세미콘,KOSDAQ,중견기업부,518,1,0.19,524,526,514,54784,28458360,36851789100,71142450
20191105,109960,에이프로젠 H&G,KOSDAQ,중견기업부,622,16,2.64,609,624,600,642628,393604029,111148424974,178695217
20191105,089970,에이피티씨,KOSDAQ,벤처기업부,6640,-50,-0.75,6650,6710,6550,98350,649484540,154277710800,23234595
20191105,230240,에치에프알,KOSDAQ,우량기업부,21450,100,0.47,21400,21950,21150,255780,5506901900,257014329000,11982020
20191105,064510,에코마이스터,KOSDAQ,기술성장기업부,5340,30,0.56,5500,5630,5320,362538,1969889010,68778089280,12879792
20191105,230360,에코마케팅,KOSDAQ,벤처기업부,36100,-250,-0.69,36500,36500,35400,99067,3547415350,584781625700,16198937
20191105,038870,에코바이오,KOSDAQ,중견기업부,5290,-10,-0.19,5350,5350,5270,30512,161479170,61422158260,11610994
20191105,128540,에코캡,KOSDAQ,벤처기업부,3210,160,5.25,3030,3240,3020,332115,1042562860,46733748000,14558800
20191105,086520,에코프로,KOSDAQ,우량기업부,21200,-150,-0.70,21350,21600,21100,192969,4102227250,468312049200,22090191
20191105,247540,에코프로비엠,KOSDAQ,벤처기업부,51200,0,0.00,51700,51700,50900,80053,4095624920,1052465459200,20555966
20191105,038110,에코플라스틱,KOSDAQ,중견기업부,1695,30,1.80,1660,1695,1640,68531,114934130,43509582150,25669370
20191105,073540,에프알텍,KOSDAQ,벤처기업부,5390,40,0.75,5330,5390,5170,181403,948602350,61446000000,11400000
20191105,064090,에프앤리퍼블릭,KOSDAQ,벤처기업부,1075,45,4.37,1035,1105,1030,2107054,2256899865,70151925375,65257605
20191105,036810,에프에스티,KOSDAQ,우량기업부,7000,-60,-0.85,7060,7090,6910,247799,1732314070,141636698000,20233814
20191105,173940,에프엔씨엔터,KOSDAQ,중견기업부,7430,0,0.00,7470,7490,7260,4961,36536980,106731058400,14364880
20191105,083500,에프엔에스테크,KOSDAQ,벤처기업부,6450,420,6.97,6050,6880,6010,551316,3566960740,47891649900,7425062
20191105,054940,엑사이엔씨,KOSDAQ,중견기업부,1905,15,0.79,1900,1970,1900,2624215,5077283850,63195608940,33173548
20191105,950130,엑세스바이오,KOSDAQ,외국기업(소속부없음),2555,320,14.32,2570,2900,2550,7815766,21019355630,85790918745,33577659
20191105,205100,엑셈,KOSDAQ,벤처기업부,2715,0,0.00,2715,2750,2705,72934,198077355,91990371195,33882273
20191105,092870,엑시콘,KOSDAQ,우량기업부,6080,-50,-0.82,6120,6190,5990,31153,188956410,54011680000,8883500
20191105,317870,엔바이오니아,KOSDAQ,기술성장기업부,10150,340,3.47,9990,10600,9750,865988,8797735980,75369383250,7425555
20191105,067570,엔브이에이치코리아,KOSDAQ,우량기업부,2750,0,0.00,2720,2750,2705,3652,9967110,78986110500,28722222
20191105,101400,엔시트론,KOSDAQ,벤처기업부,418,19,4.76,399,435,379,1248967,510403952,49210570266,117728637
20191105,217820,엔에스,KOSDAQ,벤처기업부,5800,50,0.87,5840,5840,5710,43548,250328610,56840000000,9800000
20191105,031860,엔에스엔,KOSDAQ,중견기업부,1530,-35,-2.24,1550,1555,1500,415501,633116925,36465368220,23833574
20191105,256840,엔에이치스팩11호,KOSDAQ,SPAC(소속부없음),2385,-100,-4.02,2450,2475,2380,375767,906160940,16289550000,6830000
20191105,273060,엔에이치스팩12호,KOSDAQ,SPAC(소속부없음),2090,5,0.24,2075,2115,2075,2169,4560970,15695900000,7510000
20191105,310840,엔에이치스팩13호,KOSDAQ,SPAC(소속부없음),2095,-25,-1.18,2090,2100,2085,1926,4018605,7164900000,3420000
20191105,319400,엔에이치스팩14호,KOSDAQ,SPAC(소속부없음),2070,-5,-0.24,2070,2070,2050,4713,9727670,17843400000,8620000
20191105,208860,엔지스테크널러지,KOSDAQ,벤처기업부,4835,-95,-1.93,4885,4950,4835,46330,225691870,47411947145,9805987
20191105,183490,엔지켐생명과학,KOSDAQ,기술성장기업부,69300,3200,4.84,65300,69800,65300,117195,8003808100,544577556600,7858262
20191105,182400,엔케이맥스,KOSDAQ,기술성장기업부,10950,250,2.34,10850,11200,10400,213571,2318476350,341980150800,31231064
20191105,206400,엔터메이트,KOSDAQ,관리종목(소속부없음),703,3,0.43,702,709,698,16828,11807794,58570174345,83314615
20191105,069410,엔텔스,KOSDAQ,벤처기업부,11900,-250,-2.06,12050,12200,11850,9362,111769100,82100801300,6899227
20191105,048830,엔피케이,KOSDAQ,중견기업부,1890,45,2.44,1845,1905,1840,186571,351065365,35388214470,18723923
20191105,096870,엘디티,KOSDAQ,벤처기업부,2645,-10,-0.38,2655,2655,2630,3976,10542630,17664368000,6678400
20191105,061970,엘비세미콘,KOSDAQ,우량기업부,7560,-160,-2.07,7750,7800,7440,1648738,12504893140,331011515520,43784592
20191105,138690,엘아이에스,KOSDAQ,중견기업부,12250,-100,-0.81,12400,12400,12100,48291,588222350,196330394750,16026971
20191105,290650,엘앤씨바이오,KOSDAQ,벤처기업부,24450,50,0.20,24300,24750,24000,56422,1367786950,179446667400,7339332
20191105,066970,엘앤에프,KOSDAQ,우량기업부,23200,450,1.98,22900,23350,22900,229570,5309903150,574402512800,24758729
20191105,156100,엘앤케이바이오,KOSDAQ,관리종목(소속부없음),7010,0,0.00,0,0,0,0,0,75558939360,10778736
20191105,073110,엘엠에스,KOSDAQ,벤처기업부,25450,50,0.20,25500,26600,24500,288479,7357391750,226396964750,8895755
20191105,083310,엘오티베큠,KOSDAQ,우량기업부,8600,-150,-1.71,8760,8840,8540,77496,669262280,114021001600,13258256
20191105,037950,엘컴텍,KOSDAQ,우량기업부,1500,-5,-0.33,1500,1510,1490,134826,202175480,126671278500,84447519
20191105,170920,엘티씨,KOSDAQ,벤처기업부,11750,-100,-0.84,11850,11900,11550,40507,473628000,88359330250,7519943
20191105,058630,엠게임,KOSDAQ,벤처기업부,3495,10,0.29,3465,3530,3460,421202,1467909725,68305850115,19543877
20191105,019590,엠벤처투자,KOSDAQ,관리종목(소속부없음),1160,0,0.00,0,0,0,0,0,69764928800,60142180
20191105,097520,엠씨넥스,KOSDAQ,중견기업부,23400,-1250,-5.07,24650,24750,23150,702302,16655746750,415243670400,17745456
20191105,179290,엠아이텍,KOSDAQ,중견기업부,4600,30,0.66,4555,4630,4540,276707,1269092815,139948366800,30423558
20191105,009780,엠에스씨,KOSDAQ,우량기업부,5120,-60,-1.16,5180,5230,5070,17174,87749000,90112000000,17600000
20191105,123040,엠에스오토텍,KOSDAQ,우량기업부,5750,-110,-1.88,5850,5950,5750,572396,3327812100,191195929500,33251466
20191105,032790,엠젠플러스,KOSDAQ,벤처기업부,5460,10,0.18,5400,5530,5350,234206,1273757110,93189199740,17067619
20191105,033160,엠케이전자,KOSDAQ,우량기업부,7820,80,1.03,7790,7860,7730,59965,467728460,170536127980,21807689
20191105,259630,엠플러스,KOSDAQ,벤처기업부,15650,50,0.32,15600,15700,15300,24853,384712850,80187955150,5123831
20191105,115960,연우,KOSDAQ,우량기업부,24700,-100,-0.40,25200,25250,24350,137778,3398701900,306230600000,12398000
20191105,090740,연이정보통신,KOSDAQ,중견기업부,7230,80,1.12,7120,7340,7120,78819,570249890,115680000000,16000000
20191105,007530,영신금속,KOSDAQ,투자주의환기종목(소속부없음),1815,10,0.55,1805,1820,1780,51378,92596395,23291836920,12832968
20191105,143540,영우디에스피,KOSDAQ,벤처기업부,1570,25,1.62,1545,1580,1530,208681,323018100,47403805990,30193507
20191105,036180,영인프런티어,KOSDAQ,중견기업부,9090,-110,-1.20,9190,9290,9000,438773,3979658650,159987099690,17600341
20191105,036560,영풍정밀,KOSDAQ,우량기업부,8500,0,0.00,8510,8510,8370,9173,77424430,133875000000,15750000
20191105,265560,영화테크,KOSDAQ,벤처기업부,11300,-100,-0.88,11400,11950,11050,74299,853703900,60399517000,5345090
20191105,036000,예림당,KOSDAQ,중견기업부,4035,-20,-0.49,4055,4070,4010,46502,187422760,92943307695,23034277
20191105,250930,예선테크,KOSDAQ,벤처기업부,2505,-20,-0.79,2525,2590,2500,260903,661399630,78182152200,31210440
20191105,053280,예스24,KOSDAQ,투자주의환기종목(소속부없음),6560,-90,-1.35,6600,6650,6460,28140,184161000,112832000000,17200000
20191105,122640,예스티,KOSDAQ,벤처기업부,11000,250,2.33,10850,11400,10600,243730,2719290350,154036608000,14003328
20191105,900300,오가닉티코스메틱,KOSDAQ,외국기업(소속부없음),1785,40,2.29,1745,1830,1745,758982,1349176160,101611125000,56925000
20191105,045060,오공,KOSDAQ,우량기업부,3450,-15,-0.43,3440,3480,3435,85788,296030130,58449810300,16941974
20191105,080520,오디텍,KOSDAQ,벤처기업부,5160,10,0.19,5160,5200,5080,56233,288625020,60612502440,11746609
20191105,039830,오로라,KOSDAQ,우량기업부,12600,0,0.00,12650,12700,12400,212102,2658287400,135612414000,10762890
20191105,046120,오르비텍,KOSDAQ,우량기업부,4085,30,0.74,4165,4170,4065,173579,713018785,97184490705,23790573
20191105,014940,오리엔탈정공,KOSDAQ,중견기업부,809,6,0.75,803,809,793,53708,42809951,36869091749,45573661
20191105,065500,오리엔트정공,KOSDAQ,중견기업부,388,1,0.26,390,393,382,261684,101302543,45479250056,117214562
20191105,010470,오리콤,KOSDAQ,우량기업부,5020,-10,-0.20,5050,5050,4990,9302,46698940,57723725000,11498750
20191105,053980,오상자이엘,KOSDAQ,중견기업부,6860,-10,-0.15,6870,6890,6800,10780,73610300,121750470520,17747882
20191105,052420,오성첨단소재,KOSDAQ,중견기업부,2745,300,12.27,2465,2950,2460,34968599,96539404205,161803632465,58944857
20191105,241790,오션브릿지,KOSDAQ,벤처기업부,10600,-50,-0.47,10650,10700,10450,51166,538601350,103772611400,9789869
20191105,039200,오스코텍,KOSDAQ,벤처기업부,24750,2150,9.51,22900,25500,22550,1028354,25032824700,695520515250,28101839
20191105,226400,오스테오닉,KOSDAQ,기술성장기업부,3080,35,1.15,3045,3135,3030,18871,57680435,26052075280,8458466
20191105,031510,오스템,KOSDAQ,중견기업부,2205,10,0.46,2200,2230,2160,110593,243098625,57330000000,26000000
20191105,048260,오스템임플란트,KOSDAQ,우량기업부,39150,-250,-0.63,39400,39450,38050,243740,9468885750,559285820550,14285717
20191105,138080,오이솔루션,KOSDAQ,벤처기업부,47300,-2200,-4.44,49550,49700,46950,323098,15412942900,366079863600,7739532
20191105,080580,오킨스전자,KOSDAQ,벤처기업부,4155,80,1.96,4075,4195,4075,32150,133610100,26994735840,6496928
20191105,067170,오텍,KOSDAQ,우량기업부,12100,350,2.98,11800,12200,11650,213220,2559467150,186238420500,15391605
20191105,173130,오파스넷,KOSDAQ,관리종목(소속부없음),6580,-70,-1.05,6630,6630,6520,13675,89616720,26490435160,4025902
20191105,049480,오픈베이스,KOSDAQ,중견기업부,3185,-50,-1.55,3240,3265,3165,1721923,5521080540,100080289855,31422383
20191105,244460,올리패스,KOSDAQ,기술성장기업부,20700,850,4.28,19950,21050,19750,605756,12480106050,326625362100,15779003
20191105,226950,올릭스,KOSDAQ,기술성장기업부,37700,2600,7.41,35200,38450,34800,443801,16442790200,246185561700,6530121
20191105,057540,옴니시스템,KOSDAQ,우량기업부,1825,40,2.24,1795,1835,1785,498845,903111980,74239202375,40679015
20191105,057680,옴니텔,KOSDAQ,관리종목(소속부없음),1575,-150,-8.70,1700,1725,1575,835645,1350639410,63779239125,40494755
20191105,082210,옵트론텍,KOSDAQ,우량기업부,5880,-20,-0.34,5920,5970,5830,228320,1348070860,132656486760,22560627
20191105,109080,옵티시스,KOSDAQ,벤처기업부,8540,90,1.07,8400,8720,8400,199414,1705827520,48131440000,5636000
20191105,153710,옵티팜,KOSDAQ,기술성장기업부,9400,350,3.87,9060,9400,9000,89300,825515230,135150925200,14377758
20191105,052770,와이디온라인,KOSDAQ,관리종목(소속부없음),805,0,0.00,0,0,0,0,0,25295832170,31423394
20191105,057030,와이비엠넷,KOSDAQ,중견기업부,4235,-170,-3.86,4385,4420,4235,380796,1634340745,69084271795,16312697
20191105,122990,와이솔,KOSDAQ,우량기업부,15100,0,0.00,15200,15400,14850,497394,7519111850,425169809100,28156941
20191105,232140,와이아이케이,KOSDAQ,우량기업부,2710,25,0.93,2705,2720,2670,76395,206090850,167446715760,61788456
20191105,067900,와이엔텍,KOSDAQ,우량기업부,8070,-60,-0.74,8200,8200,7990,106273,856376250,146871248130,18199659
20191105,155650,와이엠씨,KOSDAQ,우량기업부,4500,90,2.04,4415,4500,4345,207730,919659995,89884611000,19974358
20191105,251370,와이엠티,KOSDAQ,벤처기업부,33550,-1400,-4.01,35000,35000,33150,54816,1858614800,248444460000,7405200
20191105,066430,와이오엠,KOSDAQ,중견기업부,11100,-150,-1.33,11250,11400,10750,169819,1881495050,143864313900,12960749
20191105,193250,와이제이엠게임즈,KOSDAQ,중견기업부,1770,-20,-1.12,1780,1790,1740,868776,1529108645,80776773150,45636595
20191105,019210,와이지-원,KOSDAQ,우량기업부,7710,60,0.78,7700,7780,7630,72210,555122510,235204328580,30506398
20191105,122870,와이지엔터테인먼트,KOSDAQ,우량기업부,26900,-150,-0.55,27150,27150,26500,154367,4132244450,489515682100,18197609
20191105,079000,와토스코리아,KOSDAQ,중견기업부,5730,10,0.17,5720,5740,5690,16309,93142140,41256000000,7200000
20191105,114630,우노앤컴퍼니,KOSDAQ,중견기업부,4085,-45,-1.09,4025,4175,4015,18173,73733815,55449647025,13573965
20191105,032820,우리기술,KOSDAQ,벤처기업부,891,2,0.22,897,898,881,366751,325973041,87842802564,98589004
20191105,041190,우리기술투자,KOSDAQ,벤처기업부,3045,-115,-3.64,3150,3155,3035,4619566,14195609550,255780000000,84000000
20191105,115440,우리넷,KOSDAQ,벤처기업부,13250,350,2.71,13050,13450,12550,1562810,20424528300,84345657500,6365710
20191105,046970,우리로,KOSDAQ,벤처기업부,2685,30,1.13,2680,2710,2645,883105,2360105125,66564154515,24791119
20191105,082850,우리바이오,KOSDAQ,중견기업부,854,4,0.47,850,857,840,60543,51175801,38359867812,44917878
20191105,215360,우리산업,KOSDAQ,우량기업부,21450,50,0.23,21400,21900,21200,38013,823189550,195884896350,9132163
20191105,072470,우리산업홀딩스,KOSDAQ,우량기업부,3120,35,1.13,3085,3165,3050,3682,11392535,58928503920,18887341
20191105,073560,우리손에프앤지,KOSDAQ,우량기업부,2050,-25,-1.20,2065,2080,2035,855446,1754139490,141937168150,69237643
20191105,153490,우리이앤엘,KOSDAQ,중견기업부,710,-18,-2.47,728,730,685,235406,164944287,35429000000,49900000
20191105,037400,우리조명,KOSDAQ,중견기업부,929,8,0.87,921,929,914,26080,24043098,23153788434,24923346
20191105,101170,우림기계,KOSDAQ,벤처기업부,3520,-5,-0.14,3535,3550,3500,29839,104862270,47520000000,13500000
20191105,066590,우수AMS,KOSDAQ,우량기업부,3295,70,2.17,3275,3375,3240,504510,1671069045,81367728385,24694303
20191105,046940,우원개발,KOSDAQ,중견기업부,5410,20,0.37,5390,6110,5210,10952409,61852643970,92764604570,17146877
20191105,215380,우정바이오,KOSDAQ,벤처기업부,5520,130,2.41,5370,5600,5250,278447,1516048920,54564338880,9884844
20191105,065680,우주일렉트로,KOSDAQ,우량기업부,8160,-10,-0.12,8190,8200,8140,1062,8676950,81063235200,9934220
20191105,018620,우진비앤지,KOSDAQ,중견기업부,2670,-10,-0.37,2700,2705,2625,677717,1796394975,69331924710,25967013
20191105,032940,원익,KOSDAQ,중견기업부,3905,20,0.51,3865,3910,3845,41697,162275495,70033956960,17934432
20191105,240810,원익IPS,KOSDAQ,우량기업부,33150,-800,-2.36,34100,34100,33000,253800,8416081450,1627131318150,49083901
20191105,074600,원익QnC,KOSDAQ,우량기업부,12900,-500,-3.73,13350,13350,12750,242598,3137446100,339115200000,26288000
20191105,104830,원익머트리얼즈,KOSDAQ,우량기업부,27850,-350,-1.24,28300,28300,27300,72148,1993955650,351132800000,12608000
20191105,014190,원익큐브,KOSDAQ,중견기업부,2300,-10,-0.43,2320,2320,2270,274237,627846775,81419783800,35399906
20191105,030530,원익홀딩스,KOSDAQ,우량기업부,4305,-45,-1.03,4385,4385,4280,167096,720297760,332509508205,77237981
20191105,012620,원일특강,KOSDAQ,우량기업부,8830,40,0.46,8790,8870,8790,891,7852510,38852000000,4400000
20191105,008370,원풍,KOSDAQ,우량기업부,3620,-5,-0.14,3625,3630,3590,20414,73656355,43440000000,12000000
20191105,008290,원풍물산,KOSDAQ,중견기업부,4290,30,0.70,4255,4390,4240,316671,1362488160,171216975930,39910717
20191105,101160,월덱스,KOSDAQ,우량기업부,7250,-190,-2.55,7450,7460,7170,193078,1403899150,119704699250,16510993
20191105,095270,웨이브일렉트로,KOSDAQ,벤처기업부,23950,200,0.84,23750,24050,23550,44561,1063683650,262741319500,10970410
20191105,065950,웰크론,KOSDAQ,벤처기업부,3770,-40,-1.05,3815,3815,3760,485004,1834260670,102411714470,27164911
20191105,114190,웰크론강원,KOSDAQ,중견기업부,3065,100,3.37,3045,3155,2905,827848,2524341260,48109141110,15696294
20191105,076080,웰크론한텍,KOSDAQ,중견기업부,1960,-35,-1.75,2000,2010,1940,114618,225797285,38223949400,19502015
20191105,196700,웹스,KOSDAQ,벤처기업부,2035,5,0.25,2030,2070,2020,44323,90245665,27876398660,13698476
20191105,069080,웹젠,KOSDAQ,우량기업부,17200,100,0.58,17000,17350,16950,100956,1730607500,607347204800,35310884
20191105,053580,웹케시,KOSDAQ,벤처기업부,50100,-1600,-3.09,51600,51800,50000,65940,3312126100,338859115500,6763655
20191105,071460,위니아딤채,KOSDAQ,중견기업부,2995,10,0.34,2985,3035,2945,114046,339924840,107722048525,35967295
20191105,044340,위닉스,KOSDAQ,우량기업부,24900,-1300,-4.96,26200,26300,24600,621482,15687879250,445048282500,17873425
20191105,112040,위메이드,KOSDAQ,중견기업부,27750,200,0.73,27350,28250,27350,69041,1917333550,466200000000,16800000
20191105,038620,위즈코프,KOSDAQ,중견기업부,1210,-10,-0.82,1220,1230,1195,442128,535192055,46985234120,38830772
20191105,299900,위지윅스튜디오,KOSDAQ,중견기업부,16600,-200,-1.19,16850,17050,16550,101603,1701063100,152944216200,9213507
20191105,036090,위지트,KOSDAQ,중견기업부,935,-15,-1.58,941,954,935,372647,349574792,69999443525,74865715
20191105,136540,윈스,KOSDAQ,우량기업부,12350,-400,-3.14,12900,12900,12250,126067,1574170000,149923603050,12139563
20191105,097800,윈팩,KOSDAQ,중견기업부,2215,15,0.68,2205,2250,2145,763764,1673983690,82510710275,37250885
20191105,192390,윈하이텍,KOSDAQ,벤처기업부,3675,-10,-0.27,3685,3685,3645,5752,21303155,37716841050,10263086
20191105,313760,윌링스,KOSDAQ,벤처기업부,13400,-50,-0.37,13450,13500,13150,73144,974645150,65150800000,4862000
20191105,900340,윙입푸드,KOSDAQ,외국기업(소속부없음),2090,135,6.91,1970,2215,1965,8080710,17158027060,84455008550,40409095
20191105,215090,유니맥스글로벌,KOSDAQ,중견기업부,1615,-60,-3.58,1655,1660,1595,512852,827353580,31738120505,19652087
20191105,036200,유니셈,KOSDAQ,우량기업부,4820,-25,-0.52,4900,4910,4775,203699,980998710,147801554860,30664223
20191105,018000,유니슨,KOSDAQ,중견기업부,848,8,0.95,840,850,838,203004,171769170,79373313888,93600606
20191105,203450,유니온커뮤니티,KOSDAQ,벤처기업부,2790,10,0.36,2765,2800,2730,17846,49455375,40954429530,14679007
20191105,011320,유니크,KOSDAQ,우량기업부,6600,10,0.15,6620,6680,6510,275463,1814957250,127516587000,19320695
20191105,086390,유니테스트,KOSDAQ,우량기업부,14400,-450,-3.03,15000,15000,14250,222976,3238071800,304331414400,21134126
20191105,241690,유니테크노,KOSDAQ,우량기업부,10150,-50,-0.49,10300,10300,10000,16437,165779850,121064328000,11927520
20191105,142210,유니트론텍,KOSDAQ,중견기업부,6070,10,0.17,6120,6210,6030,29467,180130540,60286936500,9931950
20191105,048430,유라테크,KOSDAQ,우량기업부,5280,40,0.76,5250,5320,5230,12481,65570230,60825600000,11520000
20191105,206650,유바이오로직스,KOSDAQ,기술성장기업부,6630,40,0.61,6600,6640,6500,94494,621922380,177634228590,26792493
20191105,089850,유비벨록스,KOSDAQ,벤처기업부,8280,-220,-2.59,8480,8580,8250,55065,460294500,58917971160,7115697
20191105,032620,유비케어,KOSDAQ,우량기업부,5630,-70,-1.23,5690,5750,5590,199720,1124745650,293869892570,52197139
20191105,264450,유비쿼스,KOSDAQ,우량기업부,29400,-200,-0.68,29550,29550,29050,22459,657799600,150644277000,5123955
20191105,078070,유비쿼스홀딩스,KOSDAQ,우량기업부,22850,-850,-3.59,23700,23900,22600,96921,2226803600,427217949800,18696628
20191105,024800,유성티엔에스,KOSDAQ,우량기업부,3085,0,0.00,3110,3120,3065,46843,144383970,83953894300,27213580
20191105,054930,유신,KOSDAQ,중견기업부,21550,-100,-0.46,22500,22850,21300,26563,583654900,64650000000,3000000
20191105,069330,유아이디,KOSDAQ,관리종목(소속부없음),1010,-30,-2.88,1035,1045,997,83869,84589842,12006669920,11887792
20191105,049520,유아이엘,KOSDAQ,우량기업부,5160,0,0.00,5160,5160,5120,13117,67460270,112410269760,21784936
20191105,287410,유안타제3호스팩,KOSDAQ,SPAC(소속부없음),2075,0,0.00,2065,2075,2060,10561,21822995,8787625000,4235000
20191105,313750,유안타제4호스팩,KOSDAQ,SPAC(소속부없음),2065,0,0.00,2040,2070,2040,16958,34914215,9602250000,4650000
20191105,056090,유앤아이,KOSDAQ,기술성장기업부,6750,30,0.45,6720,6840,6670,8915,60269550,52413034500,7764894
20191105,263770,유에스티,KOSDAQ,우량기업부,4080,5,0.12,4115,4145,4050,47076,192121600,96696701760,23700172
20191105,023410,유진기업,KOSDAQ,우량기업부,4775,5,0.10,4805,4850,4750,345112,1651590835,369159370825,77310863
20191105,056080,유진로봇,KOSDAQ,벤처기업부,3055,5,0.16,3050,3100,3035,156093,477571710,114599624360,37512152
20191105,321260,유진스팩4호,KOSDAQ,SPAC(소속부없음),2055,10,0.49,2045,2070,2040,10987,22506480,7171950000,3490000
20191105,331380,유진스팩5호,KOSDAQ,SPAC(소속부없음),2030,0,0.00,2025,2030,2025,30186,61162720,8140300000,4010000
20191105,084370,유진테크,KOSDAQ,우량기업부,15200,-50,-0.33,15300,15450,14950,119149,1806747800,348323838400,22916042
20191105,178780,유테크,KOSDAQ,관리종목(소속부없음),2700,-35,-1.28,2770,2770,2655,136082,366453450,53514918000,19820340
20191105,179900,유티아이,KOSDAQ,벤처기업부,17950,300,1.70,17550,18000,17450,94231,1669605050,284774865250,15864895
20191105,263050,유틸렉스,KOSDAQ,기술성장기업부,67800,2200,3.35,65500,68600,64400,135040,9012274800,494279289000,7290255
20191105,191410,육일씨엔에쓰,KOSDAQ,벤처기업부,2700,-10,-0.37,2710,2710,2655,8007,21545395,25280159400,9363022
20191105,072770,율호,KOSDAQ,중견기업부,1335,60,4.71,1285,1415,1275,2633475,3536301940,48003286530,35957518
20191105,039020,이건홀딩스,KOSDAQ,우량기업부,2750,60,2.23,2695,2765,2695,70259,191186855,62107949750,22584709
20191105,060230,이그잭스,KOSDAQ,중견기업부,1290,-10,-0.77,1295,1310,1280,82294,106198770,92124061290,71414001
20191105,067920,이글루시큐리티,KOSDAQ,벤처기업부,4575,-75,-1.61,4650,4650,4570,4763,21876440,50307244425,10996119
20191105,044960,이글벳,KOSDAQ,중견기업부,6910,-90,-1.29,7000,7100,6890,633696,4400570870,87355411530,12641883
20191105,302430,이노메트리,KOSDAQ,벤처기업부,32300,950,3.03,31550,32300,31100,19267,613487200,155850988400,4825108
20191105,073490,이노와이어리스,KOSDAQ,벤처기업부,28700,-300,-1.03,29000,29150,28300,121092,3467898850,172271750000,6002500
20191105,215790,이노인스트루먼트,KOSDAQ,중견기업부,3760,-25,-0.66,3740,3780,3720,12850,48030115,76264640240,20283149
20191105,246960,이노테라피,KOSDAQ,기술성장기업부,16150,-150,-0.92,16000,16650,15750,163586,2656055100,81463571600,5044184
20191105,088390,이녹스,KOSDAQ,우량기업부,7380,-150,-1.99,7600,7610,7070,84888,621477820,69009228720,9350844
20191105,272290,이녹스첨단소재,KOSDAQ,우량기업부,56300,-1200,-2.09,58000,58000,55600,107967,6085628100,519785246000,9232420
20191105,053350,이니텍,KOSDAQ,우량기업부,5330,-10,-0.19,5340,5340,5250,17033,90069010,105485582280,19790916
20191105,258610,이더블유케이,KOSDAQ,벤처기업부,7810,-270,-3.34,8330,8330,7650,124395,991029210,66595432640,8526944
20191105,041520,이라이콤,KOSDAQ,중견기업부,5240,-50,-0.95,5360,5370,5190,52816,277500940,63868945200,12188730
20191105,054210,이랜텍,KOSDAQ,중견기업부,6810,-180,-2.58,7000,7040,6640,596012,4035141040,149720791920,21985432
20191105,065440,이루온,KOSDAQ,벤처기업부,1375,5,0.36,1370,1400,1360,203617,280332195,37503152500,27275020
20191105,036260,이매진아시아,KOSDAQ,관리종목(소속부없음),2220,0,0.00,0,0,0,0,0,91195637520,41079116
20191105,115610,이미지스,KOSDAQ,벤처기업부,3020,-15,-0.49,3025,3075,3000,8179,24640255,23160766560,7669128
20191105,323210,이베스트이안스팩1호,KOSDAQ,SPAC(소속부없음),2055,0,0.00,2055,2055,2030,26374,53746015,6576000000,3200000
20191105,078020,이베스트투자증권,KOSDAQ,중견기업부,5720,40,0.70,5700,5720,5660,187440,1068204020,317352406800,55481190
20191105,080010,이상네트웍스,KOSDAQ,중견기업부,7630,-40,-0.52,7650,7650,7590,1061,8078600,68784450000,9015000
20191105,086890,이수앱지스,KOSDAQ,기술성장기업부,7420,400,5.70,7060,7480,6960,437845,3185801190,197559666640,26625292
20191105,047560,이스트소프트,KOSDAQ,벤처기업부,7870,220,2.88,7650,7930,7640,64288,499428170,77908278000,9899400
20191105,900110,이스트아시아홀딩스,KOSDAQ,외국기업(소속부없음),230,0,0.00,0,0,0,0,0,25070157780,109000686
20191105,067010,이씨에스,KOSDAQ,벤처기업부,4410,40,0.92,4370,4420,4325,5383,23541260,29067147900,6591190
20191105,223310,이에스브이,KOSDAQ,관리종목(소속부없음),169,-2,-1.17,171,171,168,579799,97947781,20788891955,123011195
20191105,052190,이에스에이,KOSDAQ,중견기업부,4495,-300,-6.26,4815,4915,4495,3854443,18074019860,129018353315,28702637
20191105,226360,이엑스티,KOSDAQ,벤처기업부,3850,-45,-1.16,3940,3940,3835,109963,424612510,113005296250,29352025
20191105,102710,이엔에프테크놀로지,KOSDAQ,우량기업부,25350,-150,-0.59,25400,25850,25350,38720,987880100,360675642600,14227836
20191105,094190,이엘케이,KOSDAQ,투자주의환기종목(소속부없음),787,0,0.00,0,0,0,0,0,56922108455,72327965
20191105,063760,이엘피,KOSDAQ,벤처기업부,10550,-100,-0.94,10550,10650,10450,16328,171892050,51805775000,4910500
20191105,123570,이엠넷,KOSDAQ,중견기업부,3370,130,4.01,3205,3370,3160,513542,1674187455,75070382860,22276078
20191105,095190,이엠코리아,KOSDAQ,중견기업부,4690,-30,-0.64,4725,4770,4675,382551,1801024060,170400381760,36332704
20191105,091120,이엠텍,KOSDAQ,우량기업부,8520,50,0.59,8470,8560,8420,45881,389974230,136839174720,16060936
20191105,039030,이오테크닉스,KOSDAQ,우량기업부,96600,-1700,-1.73,99000,99400,95000,83210,8038775100,1190068530000,12319550
20191105,088290,이원컴포텍,KOSDAQ,중견기업부,7150,-200,-2.72,6950,7450,6310,906869,6142039300,101872241900,14247866
20191105,181340,이즈미디어,KOSDAQ,벤처기업부,5310,-70,-1.30,5380,5450,5290,41822,223022790,37409481000,7045100
20191105,035810,이지바이오,KOSDAQ,우량기업부,5410,20,0.37,5490,5490,5320,676211,3639087020,313386968910,57927351
20191105,090850,이지웰페어,KOSDAQ,벤처기업부,9800,-100,-1.01,9810,9840,9620,40409,391984080,107712868200,10991109
20191105,099750,이지케어텍,KOSDAQ,벤처기업부,17200,1200,7.50,16200,17750,16100,252149,4299659300,109839200000,6386000
20191105,092130,이크레더블,KOSDAQ,중견기업부,18850,-50,-0.26,18900,19000,18800,4720,89142100,227021860000,12043600
20191105,016250,이테크건설,KOSDAQ,우량기업부,71400,-400,-0.56,71500,72300,70900,3439,245469600,199920000000,2800000
20191105,096040,이트론,KOSDAQ,중견기업부,263,-2,-0.75,267,267,260,3613284,947441373,91944470724,349598748
20191105,134060,이퓨쳐,KOSDAQ,벤처기업부,7830,120,1.56,7710,7920,7630,92944,724364010,37343227500,4769250
20191105,001840,이화공영,KOSDAQ,중견기업부,5220,-50,-0.95,5380,5380,5190,129970,684469210,103386067200,19805760
20191105,024810,이화전기,KOSDAQ,중견기업부,223,4,1.83,221,227,219,4290957,950427300,160183583136,718312032
20191105,041830,인바디,KOSDAQ,우량기업부,23350,0,0.00,23350,23500,23200,50906,1189788350,319516309700,13683782
20191105,079950,인베니아,KOSDAQ,중견기업부,2550,20,0.79,2555,2555,2505,75761,191528160,59160000000,23200000
20191105,277410,인산가,KOSDAQ,벤처기업부,1915,35,1.86,1880,1930,1855,288382,544973875,50476230675,26358345
20191105,060150,인선이엔티,KOSDAQ,우량기업부,7360,-100,-1.34,7480,7480,7310,272919,2008981000,282559835520,38391282
20191105,033230,인성정보,KOSDAQ,중견기업부,2145,5,0.23,2110,2145,2110,13684,29131910,41094491295,19158271
20191105,037330,인지디스플레,KOSDAQ,우량기업부,2155,-30,-1.37,2195,2195,2130,466291,1004099195,94572657720,43885224
20191105,083640,인콘,KOSDAQ,벤처기업부,1840,35,1.94,1810,1985,1790,10059606,18937440895,136401818320,74131423
20191105,216050,인크로스,KOSDAQ,중견기업부,21700,100,0.46,21600,21750,21250,27451,588662700,174832060900,8056777
20191105,049070,인탑스,KOSDAQ,우량기업부,13900,150,1.09,13700,14250,13700,126609,1765167950,239080000000,17200000
20191105,119610,인터로조,KOSDAQ,우량기업부,27800,-650,-2.28,28550,28550,27600,50104,1399098250,315377656000,11344520
20191105,017250,인터엠,KOSDAQ,중견기업부,2530,115,4.76,2415,2530,2400,86329,213403950,53245031510,21045467
20191105,108790,인터파크,KOSDAQ,중견기업부,5380,0,0.00,5400,5420,5340,26600,142540130,178376482400,33155480
20191105,035080,인터파크홀딩스,KOSDAQ,중견기업부,2475,-15,-0.60,2490,2505,2455,151860,375127900,144787500000,58500000
20191105,051370,인터플렉스,KOSDAQ,중견기업부,16800,0,0.00,16850,17300,16050,610898,10190861050,391901529600,23327472
20191105,064290,인텍플러스,KOSDAQ,벤처기업부,4840,5,0.10,4800,4925,4775,79255,381298685,59186748280,12228667
20191105,189300,인텔리안테크,KOSDAQ,우량기업부,33000,-650,-1.93,33650,33950,32650,152588,5040632950,248836566000,7540502
20191105,150840,인트로메딕,KOSDAQ,기술성장기업부,6600,-190,-2.80,6480,6800,6430,1518005,10032939780,144564934800,21903778
20191105,048530,인트론바이오,KOSDAQ,기술성장기업부,14150,750,5.60,13550,14700,13250,2128351,30139119300,424652041750,30010745
20191105,175140,인포마크,KOSDAQ,벤처기업부,12200,550,4.72,11800,12800,11650,6324,77241450,44569723200,3653256
20191105,115310,인포바인,KOSDAQ,벤처기업부,21900,50,0.23,21800,21900,21600,947,20598150,69924137700,3192883
20191105,039290,인포뱅크,KOSDAQ,중견기업부,6220,0,0.00,6230,6280,6170,10566,65660510,54076543160,8693978
20191105,041020,인프라웨어,KOSDAQ,벤처기업부,1075,-5,-0.46,1075,1130,1060,128107,139503965,40272897000,37463160
20191105,071200,인피니트헬스케어,KOSDAQ,중견기업부,6000,-60,-0.99,6090,6090,5940,68614,411464860,146378748000,24396458
20191105,101930,인화정공,KOSDAQ,중견기업부,5470,-110,-1.97,5580,5650,5470,2697,15014080,51044426350,9331705
20191105,068330,일신바이오,KOSDAQ,중견기업부,2130,315,17.36,1840,2280,1825,36164763,77692133840,94180378200,44216140
20191105,058450,일야,KOSDAQ,벤처기업부,1795,175,10.80,1615,1870,1575,4555837,7887868285,28540500000,15900000
20191105,019540,일지테크,KOSDAQ,우량기업부,4295,80,1.90,4250,4310,4220,91553,390863445,58040482500,13513500
20191105,094820,일진파워,KOSDAQ,우량기업부,5690,0,0.00,5660,5720,5660,21310,121277490,85797854210,15078709
20191105,950140,잉글우드랩,KOSDAQ,외국기업(소속부없음),4870,-35,-0.71,4905,4935,4850,11011,53673660,96756507420,19867866
20191105,049550,잉크테크,KOSDAQ,벤처기업부,4315,-30,-0.69,4355,4370,4100,28566,122686210,69126006580,16019932
20191105,043910,자연과환경,KOSDAQ,중견기업부,1045,-5,-0.48,1075,1075,1040,1075966,1137808250,55541078065,53149357
20191105,234920,자이글,KOSDAQ,우량기업부,7150,-250,-3.38,7400,7500,7050,183142,1322077450,96746006500,13530910
20191105,174880,장원테크,KOSDAQ,중견기업부,2450,-60,-2.39,2505,2540,2430,283088,698167735,78961072050,32229009
20191105,049630,재영솔루텍,KOSDAQ,중견기업부,1095,5,0.46,1115,1115,1085,364057,399283805,79710434115,72794917
20191105,110020,전진바이오팜,KOSDAQ,기술성장기업부,7740,-60,-0.77,7800,7870,7700,20004,154915990,36636732720,4733428
20191105,065530,전파기지국,KOSDAQ,우량기업부,3880,15,0.39,3920,3935,3840,577260,2235993355,205096800000,52860000
20191105,208140,정다운,KOSDAQ,벤처기업부,2640,-15,-0.56,2650,2675,2605,213894,562547645,54198735360,20529824
20191105,022220,정산애강,KOSDAQ,우량기업부,2065,20,0.98,2050,2065,2040,43230,88688660,106955805635,51794579
20191105,040420,정상제이엘에스,KOSDAQ,우량기업부,7720,-60,-0.77,7780,7780,7700,10131,78409180,121030701440,15677552
20191105,045510,정원엔시스,KOSDAQ,중견기업부,1395,5,0.36,1400,1405,1355,9161,12606605,44931962340,32209292
20191105,065620,제낙스,KOSDAQ,벤처기업부,3450,170,5.18,3330,3550,3255,754556,2573078175,77579266800,22486744
20191105,217190,제너셈,KOSDAQ,벤처기업부,2755,65,2.42,2685,2755,2650,34838,94258515,24159074370,8769174
20191105,095700,제넥신,KOSDAQ,기술성장기업부,62400,2000,3.31,61700,63300,60400,334752,20669499300,1452237446400,23273036
20191105,072520,제넨바이오,KOSDAQ,중견기업부,2030,40,2.01,1980,2050,1970,1436682,2886154015,150830965040,74300968
20191105,122310,제노레이,KOSDAQ,벤처기업부,21150,-650,-2.98,21800,21950,20900,64824,1377225400,96808964400,4577256
20191105,187420,제노포커스,KOSDAQ,기술성장기업부,5670,90,1.61,5540,5710,5500,129097,729162790,123822951210,21838263
20191105,123330,제닉,KOSDAQ,벤처기업부,5270,0,0.00,5210,5350,5080,85420,445811910,36890000000,7000000
20191105,159580,제로투세븐,KOSDAQ,중견기업부,10650,-50,-0.47,10650,11000,10400,120777,1295252450,213347573400,20032636
20191105,147830,제룡산업,KOSDAQ,벤처기업부,5800,110,1.93,5850,5850,5740,35518,205382170,58000000000,10000000
20191105,033100,제룡전기,KOSDAQ,벤처기업부,6280,100,1.62,6400,6400,6210,84537,532024230,100871928520,16062409
20191105,079370,제우스,KOSDAQ,우량기업부,12150,0,0.00,12150,12200,11900,16454,199347350,126165600000,10384000
20191105,054950,제이브이엠,KOSDAQ,우량기업부,31850,-450,-1.39,31950,32600,31700,5111,163004850,201639419800,6330908
20191105,096690,제이스테판,KOSDAQ,벤처기업부,1980,10,0.51,1975,1990,1935,115629,226432440,76548098880,38660656
20191105,090470,제이스텍,KOSDAQ,우량기업부,13300,250,1.92,13050,13450,12650,276932,3620369250,194150846400,14597808
20191105,137950,제이씨케미칼,KOSDAQ,우량기업부,5620,30,0.54,5620,5730,5540,358618,2019266140,122515117660,21799843
20191105,033320,제이씨현시스템,KOSDAQ,우량기업부,4870,-20,-0.41,4895,4910,4795,224386,1085762230,93087283840,19114432
20191105,026040,제이에스티나,KOSDAQ,중견기업부,5290,60,1.15,5300,5400,5260,56255,298817480,87305049100,16503790
20191105,126880,제이엔케이히터,KOSDAQ,중견기업부,5550,0,0.00,5520,5620,5490,329564,1828645800,119754126000,21577320
20191105,033050,제이엠아이,KOSDAQ,중견기업부,1600,110,7.38,1520,1650,1435,3847583,5923336640,52126947200,32579342
20191105,094970,제이엠티,KOSDAQ,중견기업부,4610,-125,-2.64,4735,4740,4435,229401,1056802725,77209386400,16748240
20191105,058420,제이웨이,KOSDAQ,중견기업부,995,9,0.91,988,995,980,16853,16658938,18441538950,18534210
20191105,035480,제이테크놀로지,KOSDAQ,관리종목(소속부없음),7380,0,0.00,0,0,0,0,0,67200907320,9105814
20191105,089790,제이티,KOSDAQ,벤처기업부,5130,-190,-3.57,5320,5400,5060,200606,1033552190,52918581690,10315513
20191105,052670,제일바이오,KOSDAQ,중견기업부,6730,-650,-8.81,7360,7360,6630,5365492,37094080780,100950000000,15000000
20191105,023440,제일제강,KOSDAQ,중견기업부,2195,5,0.23,2190,2255,2170,126758,279433985,64735802635,29492393
20191105,038010,제일테크노스,KOSDAQ,우량기업부,3970,0,0.00,3970,3985,3870,53806,210784400,35730000000,9000000
20191105,080220,제주반도체,KOSDAQ,우량기업부,3400,195,6.08,3235,3420,3225,393568,1324604900,97350547600,28632514
20191105,082270,젬백스,KOSDAQ,중견기업부,29550,1850,6.68,28400,29800,28400,555083,16172907750,1069301293950,36186169
20191105,041590,젬백스지오,KOSDAQ,중견기업부,1700,-75,-4.23,1670,1725,1670,1259146,2135816085,80341959200,47259976
20191105,044060,조광ILI,KOSDAQ,중견기업부,8210,-10,-0.12,8220,8390,8130,184860,1518616340,81161235760,9885656
20191105,034940,조아제약,KOSDAQ,중견기업부,4160,120,2.97,4060,4235,4005,508475,2100371805,117770560960,28310231
20191105,101730,조이맥스,KOSDAQ,중견기업부,4650,5,0.11,4560,4800,4560,5253,24249360,39549338100,8505234
20191105,067000,조이시티,KOSDAQ,벤처기업부,7540,50,0.67,7460,7610,7420,10442,78117080,88846798300,11783395
20191105,033340,좋은사람들,KOSDAQ,중견기업부,3615,80,2.26,3700,3800,3600,1827194,6728012545,108118229760,29908224
20191105,036930,주성엔지니어링,KOSDAQ,우량기업부,7140,30,0.42,7150,7230,7100,294134,2103888580,344499373680,48249212
20191105,239340,줌인터넷,KOSDAQ,중견기업부,6200,-180,-2.82,6450,6500,6170,1013729,6413808060,159260125400,25687117
20191105,072020,중앙백신,KOSDAQ,벤처기업부,18950,50,0.26,18900,19100,18700,104850,1979935450,188742000000,9960000
20191105,000440,중앙에너비스,KOSDAQ,중견기업부,6940,-20,-0.29,6960,6970,6810,13194,90889010,43216282200,6227130
20191105,054180,중앙오션,KOSDAQ,중견기업부,2085,-65,-3.02,2190,2190,2065,358003,752084165,56229795795,26968727
20191105,228760,지노믹트리,KOSDAQ,기술성장기업부,22850,-250,-1.08,23000,23000,22200,173891,3945811950,456685012750,19986215
20191105,043610,지니뮤직,KOSDAQ,우량기업부,3950,335,9.27,3615,3965,3615,583177,2244864210,229555980100,58115438
20191105,263860,지니언스,KOSDAQ,벤처기업부,4535,0,0.00,4600,4625,4490,13446,60853260,42831261000,9444600
20191105,303030,지니틱스,KOSDAQ,벤처기업부,2935,-165,-5.32,3050,3095,2880,2465106,7262300875,99417621875,33873125
20191105,208350,지란지교시큐리티,KOSDAQ,벤처기업부,6600,20,0.30,6550,6610,6500,22706,149205400,51311917800,7774533
20191105,114570,지스마트글로벌,KOSDAQ,우량기업부,500,-1,-0.20,500,505,474,4179107,2051032913,56696974500,113393949
20191105,051160,지어소프트,KOSDAQ,중견기업부,5770,-120,-2.04,5950,5950,5750,81244,472474320,84095182350,14574555
20191105,053050,지에스이,KOSDAQ,중견기업부,1470,-10,-0.68,1465,1480,1445,28776,42012950,44081767590,29987597
20191105,119850,지엔씨에너지,KOSDAQ,우량기업부,4285,-35,-0.81,4290,4395,4245,46220,197750315,69827622980,16295828
20191105,065060,지엔코,KOSDAQ,중견기업부,1170,-40,-3.31,1200,1215,1170,830651,981758840,114669411480,98008044
20191105,204840,지엘팜텍,KOSDAQ,기술성장기업부,1445,40,2.85,1420,1455,1375,512972,727516765,51708346735,35784323
20191105,018290,지엠피,KOSDAQ,벤처기업부,9410,-280,-2.89,9760,9780,9370,222574,2125923860,255950757880,27199868
20191105,111820,지와이커머스,KOSDAQ,투자주의환기종목(소속부없음),2250,0,0.00,0,0,0,0,0,46253270250,20557009
20191105,106080,지투하이소닉,KOSDAQ,관리종목(소속부없음),798,0,0.00,0,0,0,0,0,16475255832,20645684
20191105,115450,지트리비앤티,KOSDAQ,중견기업부,29450,1500,5.37,28400,29550,28050,725825,20957411450,727734149650,24710837
20191105,219750,지티지웰니스,KOSDAQ,벤처기업부,3780,180,5.00,3540,3840,3505,389433,1452406050,46555485480,12316266
20191105,018120,진로발효,KOSDAQ,우량기업부,30500,100,0.33,30400,30500,30400,714,21734050,201944160000,6621120
20191105,109820,진매트릭스,KOSDAQ,기술성장기업부,2625,-10,-0.38,2675,2675,2555,70571,184097805,48459508125,18460765
20191105,086060,진바이오텍,KOSDAQ,중견기업부,7140,-600,-7.75,7550,7940,7070,5083745,37772459580,61479591180,8610587
20191105,036890,진성티이씨,KOSDAQ,우량기업부,7130,40,0.56,7090,7170,7070,24347,173518740,160298570840,22482268
20191105,007370,진양제약,KOSDAQ,중견기업부,3850,220,6.06,3630,3960,3615,287274,1107020275,46200000000,12000000
20191105,085660,차바이오텍,KOSDAQ,투자주의환기종목(소속부없음),16050,400,2.56,15900,16150,15450,553729,8801621300,842313052200,52480564
20191105,900040,차이나그레이트,KOSDAQ,관리종목(소속부없음),518,0,0.00,0,0,0,0,0,65198876526,125866557
20191105,094850,참좋은여행,KOSDAQ,우량기업부,6340,-60,-0.94,6420,6430,6270,117252,743029400,88760000000,14000000
20191105,004650,창해에탄올,KOSDAQ,우량기업부,12650,-100,-0.78,12800,12800,12600,11833,149535400,116264695250,9190885
20191105,278280,천보,KOSDAQ,벤처기업부,64800,-800,-1.22,65200,66300,64400,44104,2861419700,648000000000,10000000
20191105,096240,청담러닝,KOSDAQ,중견기업부,19300,-100,-0.52,19100,19400,19100,11376,218288450,148120764300,7674651
20191105,013720,청보산업,KOSDAQ,중견기업부,2295,10,0.44,2285,2300,2270,8749,20004790,18770279445,8178771
20191105,066360,체리부로,KOSDAQ,우량기업부,2780,-20,-0.71,2755,2835,2705,229485,635171660,77485185820,27872369
20191105,047820,초록뱀,KOSDAQ,중견기업부,1430,-10,-0.69,1445,1470,1425,1313656,1891464365,119774490550,83758385
20191105,094360,칩스앤미디어,KOSDAQ,벤처기업부,9770,70,0.72,9740,9830,9650,69938,681628020,72450675790,7415627
20191105,016920,카스,KOSDAQ,중견기업부,1515,-5,-0.33,1520,1540,1500,140886,213285495,32533279680,21474112
20191105,042000,카페24,KOSDAQ,기술성장기업부,57500,-1000,-1.71,58500,58800,57300,96026,5534935900,542259327500,9430597
20191105,317530,캐리소프트,KOSDAQ,기술성장기업부,10000,-800,-7.41,10900,11150,9970,1184510,12500421420,57612000000,5761200
20191105,071850,캐스텍코리아,KOSDAQ,우량기업부,2785,-30,-1.07,2815,2820,2770,32665,90869950,46145188580,16569188
20191105,180400,캔서롭,KOSDAQ,투자주의환기종목(소속부없음),7740,0,0.00,0,0,0,0,0,171289543680,22130432
20191105,050110,캠시스,KOSDAQ,중견기업부,2905,-75,-2.52,2960,2975,2895,1637068,4791659730,179781226625,61886825
20191105,900310,컬러레이,KOSDAQ,외국기업(소속부없음),1990,185,10.25,1815,2085,1805,12056989,23753750925,107460000000,54000000
20191105,078340,컴투스,KOSDAQ,우량기업부,99400,400,0.40,98000,99500,97200,32309,3186747200,1278922148000,12866420
20191105,307930,컴퍼니케이,KOSDAQ,중견기업부,8430,-130,-1.52,8530,8650,8430,151049,1282771490,131592300000,15610000
20191105,263700,케어랩스,KOSDAQ,벤처기업부,13800,500,3.76,13200,13800,13050,26399,353003650,88668795000,6425275
20191105,214370,케어젠,KOSDAQ,투자주의환기종목(소속부없음),76500,0,0.00,0,0,0,0,0,821839500000,10743000
20191105,221980,케이디켐,KOSDAQ,중견기업부,12350,50,0.41,12250,12350,12250,3331,41032600,49829780000,4034800
20191105,043290,케이맥,KOSDAQ,벤처기업부,11000,-100,-0.90,11200,11250,10900,12193,134545250,78556841000,7141531
20191105,317030,케이비17호스팩,KOSDAQ,SPAC(소속부없음),2090,-10,-0.48,2070,2110,2050,13949,28730605,11413490000,5461000
20191105,258790,케이비제11호스팩,KOSDAQ,SPAC(소속부없음),2135,-45,-2.06,2175,2180,2105,20732,43999450,6853350000,3210000
20191105,323940,케이비제18호스팩,KOSDAQ,SPAC(소속부없음),2045,-5,-0.24,2040,2050,2000,62075,125844115,15995990000,7822000
20191105,330990,케이비제19호스팩,KOSDAQ,SPAC(소속부없음),2025,-20,-0.98,2030,2045,2020,13566,27468600,8709525000,4301000
20191105,192250,케이사인,KOSDAQ,벤처기업부,1265,20,1.61,1245,1265,1235,498417,621802385,81809140105,64671257
20191105,115500,케이씨에스,KOSDAQ,중견기업부,4165,-20,-0.48,4185,4210,4165,17822,74506085,49980000000,12000000
20191105,089150,케이씨티,KOSDAQ,중견기업부,2260,-10,-0.44,2255,2300,2240,40355,90769165,38759000000,17150000
20191105,025880,케이씨피드,KOSDAQ,중견기업부,2410,55,2.34,2340,2435,2340,276203,662272180,40285217780,16715858
20191105,093320,케이아이엔엑스,KOSDAQ,중견기업부,31100,-500,-1.58,31750,31800,31000,24588,768512550,151768000000,4880000
20191105,060900,케이알피앤이,KOSDAQ,중견기업부,769,29,3.92,745,777,737,746583,568650228,40770158359,53017111
20191105,073010,케이에스피,KOSDAQ,관리종목(소속부없음),1770,20,1.14,1760,1800,1740,24891,44013805,64060294890,36192257
20191105,105330,케이엔더블유,KOSDAQ,벤처기업부,4570,-75,-1.61,4645,4720,4570,10870,50490960,25872355790,5661347
20191105,272110,케이엔제이,KOSDAQ,중견기업부,11650,-700,-5.67,12150,12250,11600,289454,3432436200,62748682450,5386153
20191105,039420,케이엘넷,KOSDAQ,중견기업부,2465,80,3.35,2375,2475,2375,90151,218571090,59541409450,24154730
20191105,083550,케이엠,KOSDAQ,우량기업부,7570,60,0.80,7530,7630,7500,53464,404033020,76776226900,10142170
20191105,032500,케이엠더블유,KOSDAQ,중견기업부,49450,100,0.20,49500,50700,48500,1624493,80690864750,1968271998200,39803276
20191105,225430,케이엠제약,KOSDAQ,중견기업부,2515,55,2.24,2465,2550,2430,583683,1457245065,53788430750,21387050
20191105,064820,케이프,KOSDAQ,중견기업부,2165,10,0.46,2175,2200,2120,240423,518651880,55269360545,25528573
20191105,256940,케이피에스,KOSDAQ,벤처기업부,12900,550,4.45,12350,13000,12100,163417,2055251400,55284627000,4285630
20191105,024880,케이피에프,KOSDAQ,우량기업부,5100,0,0.00,5070,5170,5050,81128,414542420,88881045600,17427656
20191105,042040,케이피엠테크,KOSDAQ,중견기업부,1160,110,10.48,1060,1215,1040,25209605,28904320605,108964026960,93934506
20191105,054410,케이피티유,KOSDAQ,벤처기업부,4905,-5,-0.10,4910,4995,4865,6962,34057095,24819300000,5060000
20191105,217600,켐온,KOSDAQ,벤처기업부,1525,30,2.01,1495,1530,1485,660026,998679510,97388543500,63861340
20191105,089010,켐트로닉스,KOSDAQ,중견기업부,14000,100,0.72,14050,14150,13700,319148,4444658900,194673948000,13905282
20191105,220260,켐트로스,KOSDAQ,벤처기업부,3310,-10,-0.30,3305,3355,3305,273142,908533110,87129318670,26323057
20191105,052400,코나아이,KOSDAQ,중견기업부,16100,-150,-0.92,16100,16350,15800,69779,1118629600,250501799800,15559118
20191105,033110,코너스톤네트웍스,KOSDAQ,투자주의환기종목(소속부없음),1120,60,5.66,1065,1200,1035,3423640,3836061535,140193077920,125172391
20191105,094860,코닉글로리,KOSDAQ,벤처기업부,776,-6,-0.77,785,788,765,334298,259549128,39298653720,50642595
20191105,046070,코다코,KOSDAQ,투자주의환기종목(소속부없음),2195,0,0.00,0,0,0,0,0,85746041920,39064256
20191105,047770,코데즈컴바인,KOSDAQ,벤처기업부,2995,0,0.00,3035,3035,2985,80515,241807720,113338592990,37842602
20191105,078940,코드네이처,KOSDAQ,관리종목(소속부없음),2980,0,0.00,0,0,0,0,0,88693164860,29762807
20191105,080530,코디,KOSDAQ,관리종목(소속부없음),3590,0,0.00,0,0,0,0,0,42585046700,11862130
20191105,224060,코디엠,KOSDAQ,중견기업부,540,9,1.69,531,542,524,766199,408237736,78913869300,146136795
20191105,078650,코렌,KOSDAQ,중견기업부,1700,-15,-0.87,1715,1755,1690,342215,587120775,69533048100,40901793
20191105,104540,코렌텍,KOSDAQ,투자주의환기종목(소속부없음),5630,0,0.00,0,0,0,0,0,59606729830,10587341
20191105,027050,코리아나,KOSDAQ,중견기업부,3905,75,1.96,3850,3920,3755,740853,2844563915,156200000000,40000000
20191105,101670,코리아에스이,KOSDAQ,벤처기업부,1275,35,2.82,1250,1275,1230,47781,59981610,24097500000,18900000
20191105,123410,코리아에프티,KOSDAQ,우량기업부,3100,100,3.33,3025,3105,2975,591828,1808108095,86307298400,27841064
20191105,036690,코맥스,KOSDAQ,중견기업부,4185,130,3.21,4030,4195,4030,93105,383270725,60939178605,14561333
20191105,049430,코메론,KOSDAQ,우량기업부,7920,-60,-0.75,8000,8000,7900,6521,51701190,71660160000,9048000
20191105,183300,코미코,KOSDAQ,우량기업부,28000,100,0.36,28050,28550,27750,32703,914922450,245700000000,8775000
20191105,041960,코미팜,KOSDAQ,벤처기업부,14650,500,3.53,14100,14950,13900,448194,6515174350,936492093750,63924375
20191105,089890,코세스,KOSDAQ,벤처기업부,7290,-10,-0.14,7300,7340,7220,28635,208828050,122850802980,16851962
20191105,009730,코센,KOSDAQ,중견기업부,1595,0,0.00,1595,1650,1530,667277,1066667355,112097786680,70280744
20191105,222040,코스맥스엔비티,KOSDAQ,우량기업부,6980,230,3.41,6750,7030,6710,201192,1386907740,143983440000,20628000
20191105,241710,코스메카코리아,KOSDAQ,우량기업부,13400,150,1.13,13150,13700,13100,79888,1070162450,143112000000,10680000
20191105,069110,코스온,KOSDAQ,중견기업부,7050,100,1.44,7000,7130,6910,63534,445158890,131814985050,18697161
20191105,166480,코아스템,KOSDAQ,기술성장기업부,9710,230,2.43,9490,9720,9300,122494,1175289660,152616342400,15717440
20191105,045970,코아시아,KOSDAQ,중견기업부,6390,-10,-0.16,6390,6400,6250,17244,109243760,161467082460,25268714
20191105,029960,코엔텍,KOSDAQ,우량기업부,9920,-30,-0.30,9950,10000,9860,153412,1521040700,496000000000,50000000
20191105,102940,코오롱생명과학,KOSDAQ,관리종목(소속부없음),22200,600,2.78,22950,23500,21850,401434,9025544350,253354303200,11412356
20191105,950160,코오롱티슈진,KOSDAQ,외국기업(소속부없음),8010,0,0.00,0,0,0,0,0,489551575500,61117550
20191105,033290,코웰패션,KOSDAQ,우량기업부,6250,30,0.48,6230,6300,6110,182630,1131985170,565626462500,90500234
20191105,056360,코위버,KOSDAQ,우량기업부,9840,-110,-1.11,10050,10100,9790,384711,3809568050,96400512000,9796800
20191105,282880,코윈테크,KOSDAQ,중견기업부,26400,1000,3.94,25650,26550,25650,97828,2573492500,240705880800,9117647
20191105,121850,코이즈,KOSDAQ,벤처기업부,1365,15,1.11,1350,1400,1340,129720,176396010,21036720705,15411517
20191105,015710,코콤,KOSDAQ,우량기업부,6940,10,0.14,6920,6940,6840,16680,115169490,121661670000,17530500
20191105,052330,코텍,KOSDAQ,우량기업부,12750,-50,-0.39,12850,12850,12650,40803,519434750,198575538000,15574552
20191105,126600,코프라,KOSDAQ,우량기업부,3105,-15,-0.48,3120,3130,3070,62859,194565710,65564043570,21115634
20191105,200130,콜마비앤에이치,KOSDAQ,우량기업부,27650,100,0.36,27550,27950,27300,93123,2577321300,816879378700,29543558
20191105,060280,큐렉소,KOSDAQ,중견기업부,5700,-40,-0.70,5690,5750,5630,45113,256529050,190136342100,33357253
20191105,040350,큐로컴,KOSDAQ,벤처기업부,1180,5,0.43,1175,1195,1155,276209,324432435,129398423580,109659681
20191105,051780,큐로홀딩스,KOSDAQ,중견기업부,510,1,0.20,509,511,503,48393,24517759,32342268630,63416213
20191105,115180,큐리언트,KOSDAQ,기술성장기업부,23000,0,0.00,23000,23450,22850,67503,1553542900,197661218000,8593966
20191105,182360,큐브엔터,KOSDAQ,중견기업부,2855,75,2.70,2785,2870,2710,748073,2096112190,75868104785,26573767
20191105,066310,큐에스아이,KOSDAQ,벤처기업부,11150,550,5.19,10600,11200,10600,131435,1441657250,92302264500,8278230
20191105,016600,큐캐피탈,KOSDAQ,중견기업부,581,-7,-1.19,585,590,569,1139263,659508339,81339025082,139998322
20191105,043590,크로바하이텍,KOSDAQ,투자주의환기종목(소속부없음),1490,0,0.00,0,0,0,0,0,34717000000,23300000
20191105,114120,크루셜텍,KOSDAQ,중견기업부,979,9,0.93,980,990,969,348881,342518499,64386766268,65767892
20191105,110790,크리스에프앤씨,KOSDAQ,우량기업부,19550,50,0.26,19350,19700,19300,290,5618750,229037634000,11715480
20191105,083790,크리스탈,KOSDAQ,기술성장기업부,15250,600,4.10,14700,15250,14550,275653,4136918650,617045728750,40462015
20191105,900250,크리스탈신소재,KOSDAQ,외국기업(소속부없음),2030,30,1.50,2005,2050,2000,1346124,2728417470,137601219560,67783852
20191105,045520,크린앤사이언스,KOSDAQ,우량기업부,26700,-800,-2.91,27700,27800,26250,282060,7556976500,173550000000,6500000
20191105,214150,클래시스,KOSDAQ,벤처기업부,15350,500,3.37,14950,15500,14650,280089,4239546700,974178233000,63464380
20191105,237880,클리오,KOSDAQ,우량기업부,19600,400,2.08,19350,19800,19250,100811,1972858750,332570742000,16967895
20191105,139670,키네마스터,KOSDAQ,벤처기업부,12400,-150,-1.20,12500,12550,12000,22427,274989450,87009696400,7016911
20191105,311270,키움제5호스팩,KOSDAQ,SPAC(소속부없음),2100,-10,-0.47,2050,2115,2050,5190,10807615,7560000000,3600000
20191105,054780,키이스트,KOSDAQ,중견기업부,2845,60,2.15,2795,2860,2785,2365970,6686404660,242840184195,85356831
20191105,219130,타이거일렉,KOSDAQ,중견기업부,5030,30,0.60,5000,5090,4965,20249,101467255,31760878700,6314290
20191105,065130,탑엔지니어링,KOSDAQ,우량기업부,8900,-30,-0.34,8930,8960,8830,102123,907470880,142188687300,15976257
20191105,023160,태광,KOSDAQ,중견기업부,10500,200,1.94,10350,10500,10200,80294,831976700,278250000000,26500000
20191105,053620,태양,KOSDAQ,우량기업부,8820,110,1.26,8750,8830,8720,11589,101948330,75852000000,8600000
20191105,044490,태웅,KOSDAQ,중견기업부,11150,50,0.45,11250,11250,10950,31326,349680850,223082298150,20007381
20191105,191420,테고사이언스,KOSDAQ,벤처기업부,27000,1200,4.65,26100,27350,25400,136067,3628286400,218312118000,8085634
20191105,182690,테라셈,KOSDAQ,관리종목(소속부없음),2840,0,0.00,2840,2895,2700,378845,1065615200,43343154160,15261674
20191105,066700,테라젠이텍스,KOSDAQ,중견기업부,9180,240,2.68,8980,9200,8760,690960,6250814860,284076412740,30945143
20191105,095610,테스,KOSDAQ,우량기업부,20850,-400,-1.88,21500,21500,20550,216466,4518053650,412167512100,19768226
20191105,131970,테스나,KOSDAQ,벤처기업부,38550,-1400,-3.50,39700,39950,38550,110367,4288118250,264067500000,6850000
20191105,089030,테크윙,KOSDAQ,우량기업부,10900,-150,-1.36,11150,11150,10750,167704,1841401300,210574767400,19318786
20191105,054450,텔레칩스,KOSDAQ,우량기업부,12550,-100,-0.79,12750,12750,12450,47180,591882150,169499183050,13505911
20191105,091440,텔레필드,KOSDAQ,벤처기업부,3350,90,2.76,3280,3355,3210,50096,164387680,30475107450,9097047
20191105,200230,텔콘RF제약,KOSDAQ,중견기업부,9710,2030,26.43,7860,9860,7760,41412821,375677929380,805796545760,82986256
20191105,215480,토박스코리아,KOSDAQ,중견기업부,1430,10,0.70,1435,1490,1405,8347976,12080204150,58433719630,40862741
20191105,051360,토비스,KOSDAQ,우량기업부,7420,60,0.82,7310,7430,7310,26823,198116090,124040570360,16717058
20191105,045340,토탈소프트,KOSDAQ,벤처기업부,2700,-40,-1.46,2710,2735,2650,65163,175198120,23106708000,8558040
20191105,108230,톱텍,KOSDAQ,우량기업부,8470,170,2.05,8240,8480,8220,229185,1921601680,311664271380,36796254
20191105,079970,투비소프트,KOSDAQ,벤처기업부,2600,35,1.36,2565,2645,2505,305151,793517780,68862913600,26485736
20191105,105550,트루윈,KOSDAQ,벤처기업부,5110,0,0.00,5110,5320,4970,179133,921117490,61172121710,11971061
20191105,026150,특수건설,KOSDAQ,중견기업부,5640,-280,-4.73,5920,5920,5610,643125,3699344790,84570750960,14994814
20191105,322180,티라유텍,KOSDAQ,벤처기업부,17000,-1200,-6.59,18250,18400,16850,422004,7402368100,92373750000,5433750
20191105,117730,티로보틱스,KOSDAQ,벤처기업부,10750,150,1.42,10700,10850,10500,109630,1171548350,59978861750,5579429
20191105,033830,티비씨,KOSDAQ,중견기업부,1280,15,1.19,1260,1310,1240,759943,972038565,128000000000,100000000
20191105,064760,티씨케이,KOSDAQ,우량기업부,55300,200,0.36,54500,55800,54300,20353,1116610000,645627500000,11675000
20191105,246710,티앤알바이오팹,KOSDAQ,기술성장기업부,11700,700,6.36,11150,13000,10850,1789935,21678147750,97656273000,8346690
20191105,131290,티에스이,KOSDAQ,우량기업부,7920,-80,-1.00,8140,8140,7920,14970,119646090,87606517680,11061429
20191105,062860,티엘아이,KOSDAQ,벤처기업부,4875,10,0.21,4865,5020,4840,2925,14362240,48129510000,9872720
20191105,104480,티케이케미칼,KOSDAQ,우량기업부,2825,55,1.99,2770,2930,2725,1620298,4586944855,256779601050,90895434
20191105,081150,티플랙스,KOSDAQ,중견기업부,2255,10,0.45,2275,2285,2245,148475,335984280,54725246510,24268402
20191105,130740,티피씨글로벌,KOSDAQ,중견기업부,2600,60,2.36,2540,2620,2535,33018,85325605,26843645400,10324479
20191105,084730,팅크웨어,KOSDAQ,중견기업부,7450,-100,-1.32,7600,7600,7420,9838,73479740,77671330900,10425682
20191105,046210,파나진,KOSDAQ,중견기업부,2995,165,5.83,2790,3215,2790,885569,2702290010,96249296700,32136660
20191105,034230,파라다이스,KOSDAQ,우량기업부,19900,350,1.79,19600,20000,19550,940235,18673811850,1809759172800,90942672
20191105,033540,파라텍,KOSDAQ,우량기업부,4910,-10,-0.20,4920,4920,4860,40848,199615165,83389917900,16983690
20191105,043200,파루,KOSDAQ,벤처기업부,2420,-5,-0.21,2415,2445,2400,230716,559412700,87129851820,36004071
20191105,214450,파마리서치프로덕트,KOSDAQ,우량기업부,35450,0,0.00,35050,36100,34750,33739,1194038000,338717234600,9554788
20191105,208340,파멥신,KOSDAQ,기술성장기업부,42750,3050,7.68,40300,43500,39650,355377,14981503000,295437084750,6910809
20191105,177830,파버나인,KOSDAQ,벤처기업부,4695,440,10.34,4265,5090,4265,2827557,13706419200,50867620680,10834424
20191105,037070,파세코,KOSDAQ,벤처기업부,9410,-140,-1.47,9550,9580,9310,173506,1630540340,131740000000,14000000
20191105,150900,파수닷컴,KOSDAQ,벤처기업부,3880,-50,-1.27,3940,3940,3855,18813,72915555,37275998080,9607216
20191105,037030,파워넷,KOSDAQ,중견기업부,4510,40,0.89,4445,4555,4445,109062,490929820,54163359140,12009614
20191105,047310,파워로직스,KOSDAQ,우량기업부,9570,-150,-1.54,9730,9780,9520,705817,6780575180,329408797740,34420982
20191105,170790,파이오링크,KOSDAQ,벤처기업부,6120,20,0.33,6100,6170,6010,9646,58719680,41960739600,6856330
20191105,123260,파인넥스,KOSDAQ,투자주의환기종목(소속부없음),701,0,0.00,0,0,0,0,0,16834861995,24015495
20191105,049120,파인디앤씨,KOSDAQ,중견기업부,1860,-30,-1.59,1880,1900,1830,220880,410102200,49029495840,26359944
20191105,038950,파인디지털,KOSDAQ,중견기업부,3840,45,1.19,3795,3850,3775,17481,67012820,39209337600,10210765
20191105,106240,파인테크닉스,KOSDAQ,투자주의환기종목(소속부없음),2320,-10,-0.43,2310,2350,2260,373119,863151080,91689267520,39521236
20191105,131760,파인텍,KOSDAQ,중견기업부,1120,15,1.36,1115,1140,1095,455127,508076630,48071924320,42921361
20191105,065690,파커스,KOSDAQ,중견기업부,3205,15,0.47,3220,3250,3150,39202,125731725,44753046345,13963509
20191105,140860,파크시스템스,KOSDAQ,기술성장기업부,35900,150,0.42,35750,36050,35150,13660,484180150,239275474500,6665055
20191105,091700,파트론,KOSDAQ,우량기업부,11900,-100,-0.83,12000,12050,11750,605756,7188887200,644461279000,54156410
20191105,194510,파티게임즈,KOSDAQ,투자주의환기종목(소속부없음),536,0,0.00,0,0,0,0,0,13125755600,24488350
20191105,038160,팍스넷,KOSDAQ,중견기업부,8170,-540,-6.20,8710,8710,8020,793969,6501715420,90503346570,11077521
20191105,032800,판타지오,KOSDAQ,중견기업부,551,1,0.18,560,561,540,300924,164508646,40059872593,72703943
20191105,318010,팜스빌,KOSDAQ,중견기업부,12850,0,0.00,12900,13200,12600,499482,6447355100,101891993300,7929338
20191105,043090,팜스웰바이오,KOSDAQ,벤처기업부,3420,10,0.29,3375,3440,3370,171112,581664245,99755856180,29168379
20191105,027710,팜스토리,KOSDAQ,우량기업부,1055,-5,-0.47,1060,1065,1035,692594,725756365,93206539705,88347431
20191105,225590,패션플랫폼,KOSDAQ,중견기업부,1350,10,0.75,1340,1360,1335,47578,64077550,35959562550,26636713
20191105,054300,팬스타엔터프라이즈,KOSDAQ,벤처기업부,1050,-5,-0.47,1080,1095,1045,1961768,2091610225,49864341450,47489849
20191105,068050,팬엔터테인먼트,KOSDAQ,중견기업부,4530,-30,-0.66,4575,4575,4425,52692,237797320,62255776410,13742997
20191105,222110,팬젠,KOSDAQ,기술성장기업부,8470,50,0.59,8400,8480,8390,9602,80901250,81665885070,9641781
20191105,263750,펄어비스,KOSDAQ,우량기업부,207900,-7100,-3.30,213100,217200,205400,87387,18224076800,2707481700000,13023000
20191105,251970,펌텍코리아,KOSDAQ,중견기업부,17350,700,4.20,16900,17500,16800,187118,3225328550,215140000000,12400000
20191105,087010,펩트론,KOSDAQ,기술성장기업부,15900,1200,8.16,14700,15900,14250,786051,12012841000,243691350000,15326500
20191105,043370,평화정공,KOSDAQ,우량기업부,9880,-170,-1.69,9990,9990,9840,23554,233033730,207480000000,21000000
20191105,119500,포메탈,KOSDAQ,중견기업부,2830,10,0.35,2825,2830,2780,48904,137097870,33527666560,11847232
20191105,016670,포비스티앤씨,KOSDAQ,중견기업부,1580,-10,-0.63,1600,1605,1555,493429,776732520,63323331640,40078058
20191105,056730,포스링크,KOSDAQ,투자주의환기종목(소속부없음),1460,0,0.00,0,0,0,0,0,67399247280,46163868
20191105,022100,포스코 ICT,KOSDAQ,우량기업부,4920,-5,-0.10,4890,4940,4865,163992,803022010,748010866680,152034729
20191105,009520,포스코엠텍,KOSDAQ,우량기업부,5150,40,0.78,5220,5280,5140,680537,3547051690,214459920450,41642703
20191105,189690,포시에스,KOSDAQ,벤처기업부,6550,-20,-0.30,6570,6670,6460,6502,42614440,51616115650,7880323
20191105,256630,포인트엔지니어링,KOSDAQ,중견기업부,2100,25,1.20,2090,2150,2075,160025,337694790,113513792700,54054187
20191105,141020,포티스,KOSDAQ,중견기업부,744,-25,-3.25,765,771,742,1968300,1480097060,54745935768,73583247
20191105,290720,푸드나무,KOSDAQ,중견기업부,17300,-200,-1.14,17500,17800,16850,12730,218817600,117744388200,6806034
20191105,005670,푸드웰,KOSDAQ,중견기업부,6300,-70,-1.10,6430,6430,6300,26374,167162640,63000000000,10000000
20191105,094940,푸른기술,KOSDAQ,벤처기업부,15550,150,0.97,16100,16300,15500,497833,7920813650,102228841100,6574202
20191105,007330,푸른저축은행,KOSDAQ,우량기업부,8180,10,0.12,8190,8190,8150,2784,22752710,123377304000,15082800
20191105,093380,풍강,KOSDAQ,중견기업부,3470,15,0.43,3490,3490,3395,370446,1292143465,34281216110,9879313
20191105,023900,풍국주정,KOSDAQ,우량기업부,18350,250,1.38,18050,18550,17900,146836,2680619400,231210000000,12600000
20191105,195440,퓨전데이타,KOSDAQ,관리종목(소속부없음),185,-5,-2.63,190,191,184,5155667,959930376,17760625115,96003379
20191105,214270,퓨쳐스트림네트웍스,KOSDAQ,중견기업부,1265,-10,-0.78,1265,1275,1250,381036,479734960,120028562335,94884239
20191105,220100,퓨쳐켐,KOSDAQ,기술성장기업부,12750,100,0.79,12650,12800,12500,9728,123107250,73301522250,5749139
20191105,035200,프럼파스트,KOSDAQ,벤처기업부,2945,-25,-0.84,2970,2985,2940,51243,151131605,28656587550,9730590
20191105,203690,프로스테믹스,KOSDAQ,벤처기업부,4380,265,6.44,4115,4390,4080,1028165,4419759250,200063070000,45676500
20191105,053610,프로텍,KOSDAQ,우량기업부,17700,-300,-1.67,18100,18150,17600,70906,1257513600,194700000000,11000000
20191105,053160,프리엠스,KOSDAQ,중견기업부,5780,-50,-0.86,5830,5830,5730,12692,73094300,34680000000,6000000
20191105,075130,플랜티넷,KOSDAQ,벤처기업부,4595,25,0.55,4595,4595,4555,17557,80235905,41171200000,8960000
20191105,023770,플레이위드,KOSDAQ,중견기업부,21950,-600,-2.66,22500,22500,21500,121035,2649785100,93580247150,4263337
20191105,300080,플리토,KOSDAQ,기술성장기업부,22350,350,1.59,23800,25250,22350,1208900,29059742400,115858175850,5183811
20191105,032580,피델릭스,KOSDAQ,벤처기업부,1545,15,0.98,1530,1555,1505,433157,662040080,37079792970,23999866
20191105,051380,피씨디렉트,KOSDAQ,중견기업부,6890,90,1.32,6810,6920,6720,10994,74963430,52567503040,7629536
20191105,241820,피씨엘,KOSDAQ,기술성장기업부,8830,-60,-0.67,8830,8890,8660,38770,339046720,78950478120,8941164
20191105,237750,피앤씨테크,KOSDAQ,중견기업부,5990,60,1.01,5930,6060,5910,3221,19247960,38914634000,6496600
20191105,131390,피앤이솔루션,KOSDAQ,우량기업부,10150,0,0.00,10150,10400,10100,64106,656894700,144942000000,14280000
20191105,054340,피앤텔,KOSDAQ,투자주의환기종목(소속부없음),6680,0,0.00,0,0,0,0,0,26927340520,4031039
20191105,024850,피에스엠씨,KOSDAQ,중견기업부,1300,85,7.00,1230,1300,1220,542471,688677805,52021479900,40016523
20191105,319660,피에스케이,KOSDAQ,중견기업부,17350,-50,-0.29,17500,17500,17000,145674,2517824250,256173097000,14765020
20191105,031980,피에스케이홀딩스,KOSDAQ,우량기업부,8300,-50,-0.60,8350,8440,8230,31124,258912530,46202647200,5566584
20191105,002230,피에스텍,KOSDAQ,우량기업부,3935,110,2.88,3865,4080,3830,286957,1132262150,77398471205,19669243
20191105,137400,피엔티,KOSDAQ,우량기업부,7360,60,0.82,7380,7610,7260,713376,5292563620,131312144640,17841324
20191105,128660,피제이메탈,KOSDAQ,벤처기업부,2565,-310,-10.78,2875,2885,2520,686607,1844955680,63620641485,24803369
20191105,006140,피제이전자,KOSDAQ,우량기업부,4800,-30,-0.62,4830,4830,4765,2140,10264780,72000000000,15000000
20191105,087600,픽셀플러스,KOSDAQ,중견기업부,4740,35,0.74,4750,4750,4600,26778,124836700,38709484920,8166558
20191105,057880,필로시스헬스케어,KOSDAQ,중견기업부,1565,15,0.97,1570,1570,1525,89997,139436935,70563101860,45088244
20191105,064800,필링크,KOSDAQ,벤처기업부,1335,40,3.09,1305,1360,1285,1629384,2155818980,89612307540,67125324
20191105,161580,필옵틱스,KOSDAQ,우량기업부,8780,190,2.21,8620,8970,8620,205780,1811924320,152148892180,17329031
20191105,270520,하나금융10호스팩,KOSDAQ,SPAC(소속부없음),2230,0,0.00,0,0,0,0,0,10262460000,4602000
20191105,284620,하나금융11호스팩,KOSDAQ,SPAC(소속부없음),2085,5,0.24,2080,2085,2065,16824,34931610,11261085000,5401000
20191105,320000,하나금융13호스팩,KOSDAQ,SPAC(소속부없음),2070,0,0.00,2050,2070,2035,5811,11883215,7040070000,3401000
20191105,332710,하나금융14호스팩,KOSDAQ,SPAC(소속부없음),2005,-5,-0.25,2005,2010,2005,154702,310366710,8842050000,4410000
20191105,261200,하나금융9호스팩,KOSDAQ,SPAC(소속부없음),2105,0,0.00,0,0,0,0,0,8967300000,4260000
20191105,067310,하나마이크론,KOSDAQ,벤처기업부,5060,-280,-5.24,5320,5370,5050,768438,3958904080,128375397920,25370632
20191105,307160,하나머스트제6호스팩,KOSDAQ,SPAC(소속부없음),2100,0,0.00,2100,2100,2080,22382,46669660,9639000000,4590000
20191105,166090,하나머티리얼즈,KOSDAQ,우량기업부,17150,-700,-3.92,17800,17850,16850,297304,5112912350,336614609100,19627674
20191105,136480,하림,KOSDAQ,우량기업부,2875,0,0.00,2900,2900,2865,569857,1642350600,249969571750,86945938
20191105,003380,하림지주,KOSDAQ,우량기업부,8950,-50,-0.56,8960,9020,8880,95344,850686440,837578572100,93584198
20191105,149980,하이로닉,KOSDAQ,벤처기업부,5060,90,1.81,5000,5130,4955,124455,623959155,71345974700,14099995
20191105,013030,하이록코리아,KOSDAQ,우량기업부,17650,50,0.28,17300,17700,17300,7143,124788550,240273544800,13613232
20191105,126700,하이비젼시스템,KOSDAQ,우량기업부,10850,150,1.40,10900,11250,10750,772256,8505626800,162121915200,14942112
20191105,200470,하이셈,KOSDAQ,벤처기업부,5330,-60,-1.11,5460,5560,5280,73744,394072390,93561114400,17553680
20191105,317240,하이제4호스팩,KOSDAQ,SPAC(소속부없음),2070,-25,-1.19,2060,2090,2040,11060,22701825,9108000000,4400000
20191105,221840,하이즈항공,KOSDAQ,중견기업부,5080,-50,-0.97,5130,5150,5060,20685,105163740,89896528360,17696167
20191105,106190,하이텍팜,KOSDAQ,우량기업부,11700,200,1.74,11550,11950,11400,10664,125543950,82938749400,7088782
20191105,066130,하츠,KOSDAQ,우량기업부,7150,-480,-6.29,7570,7610,7150,558337,4102065880,91520000000,12800000
20191105,004590,한국가구,KOSDAQ,중견기업부,3975,20,0.51,3995,3995,3950,13009,51738975,59625000000,15000000
20191105,039340,한국경제TV,KOSDAQ,우량기업부,4800,-5,-0.10,4805,4915,4785,69780,338036325,110400000000,23000000
20191105,034950,한국기업평가,KOSDAQ,중견기업부,59200,0,0.00,59300,59900,59100,3550,210776600,268798428800,4540514
20191105,222980,한국맥널티,KOSDAQ,벤처기업부,8470,0,0.00,8490,8600,8400,6053,51071810,42138250000,4975000
20191105,318000,한국바이오젠,KOSDAQ,벤처기업부,8150,90,1.12,8110,8210,7990,228459,1854180430,64803706250,7951375
20191105,025550,한국선재,KOSDAQ,우량기업부,2690,-50,-1.82,2735,2765,2685,217528,592376465,65964863260,24522254
20191105,023890,한국아트라스비엑스,KOSDAQ,우량기업부,52400,-600,-1.13,53600,53600,52200,475,24919900,479460000000,9150000
20191105,017890,한국알콜,KOSDAQ,우량기업부,8260,-80,-0.96,8350,8380,8220,54194,448071650,178463577600,21605760
20191105,080720,한국유니온제약,KOSDAQ,벤처기업부,14100,50,0.36,14100,14200,13650,193188,2684257900,83242564800,5903728
20191105,063570,한국전자금융,KOSDAQ,우량기업부,7000,20,0.29,6980,7030,6940,108376,757660390,239034096000,34147728
20191105,041460,한국전자인증,KOSDAQ,중견기업부,4265,115,2.77,4110,4700,4100,2658869,11737388030,91523696985,21459249
20191105,101680,한국정밀기계,KOSDAQ,관리종목(소속부없음),2700,35,1.31,2700,2730,2660,23251,62599935,22690800000,8404000
20191105,039740,한국정보공학,KOSDAQ,중견기업부,3055,-15,-0.49,3065,3165,3030,5822,17829315,24496202835,8018397
20191105,053300,한국정보인증,KOSDAQ,중견기업부,3815,105,2.83,3700,3845,3690,142553,539471000,118894475000,31165000
20191105,025770,한국정보통신,KOSDAQ,우량기업부,8360,-40,-0.48,8310,8400,8260,24304,201741120,324474531480,38812743
20191105,271740,한국제5호스팩,KOSDAQ,SPAC(소속부없음),2085,-5,-0.24,2085,2085,2070,4953,10293880,8340000000,4000000
20191105,281410,한국제6호스팩,KOSDAQ,SPAC(소속부없음),2080,5,0.24,2065,2080,2055,5601,11568990,9380800000,4510000
20191105,291210,한국제7호스팩,KOSDAQ,SPAC(소속부없음),2065,0,0.00,2065,2065,2055,3426,7049980,10448900000,5060000
20191105,310870,한국제8호스팩,KOSDAQ,SPAC(소속부없음),2115,-5,-0.24,0,0,0,0,0,7233300000,3420000
20191105,023760,한국캐피탈,KOSDAQ,우량기업부,522,-7,-1.32,529,531,520,366301,192473527,87805398672,168209576
20191105,054040,한국컴퓨터,KOSDAQ,중견기업부,2745,5,0.18,2740,2755,2715,15602,42623525,44115691050,16071290
20191105,050540,한국코퍼레이션,KOSDAQ,중견기업부,1915,5,0.26,1900,1985,1865,93506,178581465,74274410595,38785593
20191105,021650,한국큐빅,KOSDAQ,중견기업부,2140,15,0.71,2125,2145,2095,32885,69777080,34990204820,16350563
20191105,053590,한국테크놀로지,KOSDAQ,중견기업부,1545,15,0.98,1530,1550,1500,463601,712311095,109980902250,71185050
20191105,037230,한국팩키지,KOSDAQ,중견기업부,2315,45,1.98,2250,2340,2205,1088548,2496453640,57875000000,25000000
20191105,030520,한글과컴퓨터,KOSDAQ,우량기업부,10050,0,0.00,10050,10100,9990,76491,767895560,245625205950,24440319
20191105,052600,한네트,KOSDAQ,중견기업부,3150,-35,-1.10,3180,3220,3100,199501,627577835,36425655000,11563700
20191105,256150,한독크린텍,KOSDAQ,벤처기업부,16850,200,1.20,16650,17050,16500,54148,913443850,67753850000,4021000
20191105,092460,한라IMS,KOSDAQ,벤처기업부,7500,170,2.32,7210,7500,7160,44130,321150760,88087335000,11744978
20191105,222810,한류AI센터,KOSDAQ,관리종목(소속부없음),396,-4,-1.00,393,402,388,376979,148848210,8706569256,21986286
20191105,039670,한류타임즈,KOSDAQ,투자주의환기종목(소속부없음),917,0,0.00,0,0,0,0,0,54949071884,59922652
20191105,047080,한빛소프트,KOSDAQ,중견기업부,3625,40,1.12,3585,3630,3505,345855,1237431560,89826905500,24779836
20191105,070300,한솔시큐어,KOSDAQ,중견기업부,6790,350,5.43,6580,6970,6350,242505,1608970610,50015642460,7366074
20191105,221610,한솔씨앤피,KOSDAQ,중견기업부,6800,120,1.80,6680,6870,6650,21485,146061190,27156976400,3993673
20191105,070590,한솔인티큐브,KOSDAQ,중견기업부,2840,-15,-0.53,2860,3145,2830,79999,234410755,39417839640,13879521
20191105,226440,한송네오텍,KOSDAQ,중견기업부,1415,45,3.28,1380,1505,1365,2332422,3326207695,56035426320,39601008
20191105,042520,한스바이오메드,KOSDAQ,벤처기업부,23850,150,0.63,23700,23850,23050,83253,1950688600,236173527900,9902454
20191105,078350,한양디지텍,KOSDAQ,중견기업부,5420,-90,-1.63,5600,5600,5390,21977,119394080,54200000000,10000000
20191105,045100,한양이엔지,KOSDAQ,우량기업부,12000,50,0.42,12000,12050,11850,41728,497764450,216000000000,18000000
20191105,046110,한일네트웍스,KOSDAQ,중견기업부,4570,20,0.44,4550,4575,4515,34237,155813740,54630817390,11954227
20191105,024740,한일단조,KOSDAQ,중견기업부,1560,5,0.32,1565,1570,1545,243859,380510965,46630471680,29891328
20191105,005860,한일사료,KOSDAQ,중견기업부,1950,0,0.00,1960,1960,1925,375122,727966025,76837185750,39403685
20191105,123840,한일진공,KOSDAQ,벤처기업부,1135,115,11.27,1020,1215,1020,11920868,13720750220,63793783895,56205977
20191105,007770,한일화학,KOSDAQ,우량기업부,13150,-350,-2.59,13500,13550,13150,14464,191709900,46156500000,3510000
20191105,079170,한창산업,KOSDAQ,중견기업부,5690,-20,-0.35,5710,5810,5660,6848,39125520,29588000000,5200000
20191105,086960,한컴MDS,KOSDAQ,우량기업부,11650,50,0.43,11550,11750,11450,14539,168913150,102853283200,8828608
20191105,054920,한컴위드,KOSDAQ,중견기업부,2690,-5,-0.19,2700,2720,2660,27203,73093830,50562695290,18796541
20191105,077280,한컴지엠디,KOSDAQ,벤처기업부,2225,-35,-1.55,2260,2260,2225,10510,23651875,26180104275,11766339
20191105,002680,한탑,KOSDAQ,중견기업부,2075,5,0.24,2070,2090,2035,4194,8666340,43160000000,20800000
20191105,066110,한프,KOSDAQ,중견기업부,736,0,0.00,722,745,722,48067,35551605,38860505600,52799600
20191105,265920,한화수성스팩,KOSDAQ,SPAC(소속부없음),2050,5,0.24,2045,2050,2045,2431,4977825,9102000000,4440000
20191105,317320,한화에스비아이스팩,KOSDAQ,SPAC(소속부없음),3210,0,0.00,3245,3250,3150,87920,280394850,13995600000,4360000
20191105,264290,한화에이스스팩3호,KOSDAQ,관리종목(소속부없음),2055,0,0.00,2055,2055,2050,38674,79283310,6329400000,3080000
20191105,279410,한화에이스스팩4호,KOSDAQ,SPAC(소속부없음),2070,-30,-1.43,2065,2095,2065,20823,43142505,7234650000,3495000
20191105,102210,해덕파워웨이,KOSDAQ,관리종목(소속부없음),1100,0,0.00,0,0,0,0,0,81066045500,73696405
20191105,220630,해마로푸드서비스,KOSDAQ,우량기업부,2775,110,4.13,2685,2775,2665,840618,2312742360,262764084000,94689760
20191105,034810,해성산업,KOSDAQ,중견기업부,10600,100,0.95,10500,10650,10400,5248,55151800,103668000000,9780000
20191105,076610,해성옵틱스,KOSDAQ,벤처기업부,2000,-5,-0.25,2035,2035,1935,632039,1245683795,61975000000,30987500
20191105,220180,핸디소프트,KOSDAQ,관리종목(소속부없음),2415,-15,-0.62,2375,2455,2210,36158,86138310,46851000000,19400000
20191105,008800,행남사,KOSDAQ,관리종목(소속부없음),1770,0,0.00,0,0,0,0,0,57071920710,32244023
20191105,900270,헝셩그룹,KOSDAQ,외국기업(소속부없음),1070,50,4.90,1020,1105,1020,9133466,9739793430,85600000000,80000000
20191105,084990,헬릭스미스,KOSDAQ,기술성장기업부,102000,8500,9.09,93100,102000,91500,1448939,141989406100,2184338976000,21415088
20191105,170030,현대공업,KOSDAQ,우량기업부,3285,0,0.00,3285,3350,3230,66298,217362720,50391900000,15340000
20191105,048410,현대바이오,KOSDAQ,중견기업부,14800,350,2.42,14450,15200,14400,3789371,56211809950,512630441600,34637192
20191105,016790,현대사료,KOSDAQ,우량기업부,13400,50,0.37,13650,13650,13250,30699,412141350,82416512400,6150486
20191105,039010,현대통신,KOSDAQ,우량기업부,8190,50,0.61,8100,8220,8100,7639,62172300,70638750000,8625000
20191105,204990,현성바이탈,KOSDAQ,중견기업부,2260,-185,-7.57,2410,2420,2250,2293546,5389834495,72191005980,31942923
20191105,092300,현우산업,KOSDAQ,우량기업부,3440,5,0.15,3435,3480,3410,20655,70814300,52640692880,15302527
20191105,053660,현진소재,KOSDAQ,중견기업부,2300,115,5.26,2185,2365,2145,1900101,4288929610,79402842500,34522975
20191105,011080,형지I&C,KOSDAQ,중견기업부,634,-21,-3.21,655,655,633,50793,32426073,24697893512,38955668
20191105,060560,홈센타홀딩스,KOSDAQ,중견기업부,1280,5,0.39,1255,1285,1240,247627,313658165,108944661760,85113017
20191105,064240,홈캐스트,KOSDAQ,중견기업부,4900,35,0.72,4900,4920,4830,181260,885391755,162164304400,33094756
20191105,039610,화성밸브,KOSDAQ,중견기업부,6830,120,1.79,6980,7000,6780,98908,676108130,71103032000,10410400
20191105,126640,화신정공,KOSDAQ,중견기업부,1115,0,0.00,1115,1120,1105,36206,40393085,40556884005,36373887
20191105,086250,화신테크,KOSDAQ,중견기업부,1725,20,1.17,1700,1725,1680,122164,208701875,23402640300,13566748
20191105,204630,화이브라더스코리아,KOSDAQ,중견기업부,2575,0,0.00,2555,2670,2540,40505,104232235,73679698125,28613475
20191105,061250,화일약품,KOSDAQ,우량기업부,6830,-90,-1.30,6800,7130,6630,1284186,8794220010,98426843140,14410958
20191105,134780,화진,KOSDAQ,투자주의환기종목(소속부없음),3060,0,0.00,0,0,0,0,0,73560710880,24039448
20191105,097870,효성오앤비,KOSDAQ,중견기업부,7230,170,2.41,7090,7280,7090,15006,108013390,61382700000,8490000
20191105,050090,휘닉스소재,KOSDAQ,중견기업부,691,8,1.17,684,691,677,232382,158887496,47775008922,69138942
20191105,290270,휴네시온,KOSDAQ,벤처기업부,5430,-50,-0.91,5570,5570,5370,133333,723569630,52169658960,9607672
20191105,090710,휴림로봇,KOSDAQ,중견기업부,945,31,3.39,916,955,911,1910410,1794775810,77477193360,81986448
20191105,205470,휴마시스,KOSDAQ,기술성장기업부,1495,40,2.75,1465,1495,1440,352577,520535255,41922803455,28042009
20191105,115160,휴맥스,KOSDAQ,중견기업부,5120,80,1.59,5010,5150,5010,37185,189625120,122428405760,23911798
20191105,028080,휴맥스홀딩스,KOSDAQ,중견기업부,3285,25,0.77,3300,3400,3250,8152,26857735,41317107210,12577506
20191105,200670,휴메딕스,KOSDAQ,우량기업부,22900,100,0.44,22650,22950,22600,12360,282030850,228340342600,9971194
20191105,065510,휴비츠,KOSDAQ,우량기업부,8720,-190,-2.13,8910,8910,8700,26403,231169140,103618635120,11882871
20191105,243070,휴온스,KOSDAQ,우량기업부,47250,500,1.07,46750,47400,46300,41317,1934421750,424482518250,8983757
20191105,084110,휴온스글로벌,KOSDAQ,우량기업부,30300,0,0.00,30100,30400,29850,22844,688028750,330917268600,10921362
20191105,145020,휴젤,KOSDAQ,우량기업부,376100,3100,0.83,371500,376200,370000,5310,1984705200,1925543616500,5119765
20191105,024060,흥구석유,KOSDAQ,중견기업부,5680,-50,-0.87,5730,5800,5670,389378,2228979850,85200000000,15000000
20191105,010240,흥국,KOSDAQ,벤처기업부,4570,-10,-0.22,4605,4605,4525,19854,90618585,56314720720,12322696
20191105,189980,흥국에프엔비,KOSDAQ,중견기업부,1985,60,3.12,1945,2005,1915,481120,945672585,72862313175,36706455
20191105,037440,희림,KOSDAQ,중견기업부,4395,15,0.34,4380,4440,4360,5074,22207135,61189277625,13922475
20191105,238490,힘스,KOSDAQ,벤처기업부,24400,400,1.67,24950,25250,24250,141250,3481115850,138009279200,5656118
