BAS_DD,ISU_CD,ISU_NM,MKT_NM,SECT_TP_NM,TDD_CLSPRC,CMPPREVDD_PRC,FLUC_RT,TDD_OPNPRC,TDD_HGPRC,TDD_LWPRC,ACC_TRDVOL,ACC_TRDVAL,MKTCAP,LIST_SHRS
20250714,095570,AJ네트웍스,KOSPI,,4620,190,4.29,4430,4645,4390,461005,2090358926,209067746580,45252759
20250714,006840,AK홀딩스,KOSPI,,13090,270,2.11,12820,13200,12590,9087,117425440,173410573490,13247561
20250714,027410,BGF,KOSPI,,4530,5,0.11,4515,4600,4450,272161,1233259728,433597063230,95716791
20250714,282330,BGF리테일,KOSPI,,123600,3000,2.49,121100,124500,120800,51251,6329219000,2136290781600,17283906
20250714,138930,BNK금융지주,KOSPI,,15860,550,3.59,15260,15920,15250,2034309,31777224158,5049562611340,318383519
20250714,001460,BYC,KOSPI,,42050,-450,-1.06,44200,44200,41650,14761,624067250,262650607500,6246150
20250714,001465,BYC우,KOSPI,,28700,2550,9.75,26150,28950,26000,30417,836892275,61815495000,2153850
20250714,001040,CJ,KOSPI,,174900,15900,10.00,160400,177000,160300,512566,88019234800,5103056950200,29176998
20250714,079160,CJ CGV,KOSPI,,5340,80,1.52,5280,5380,5250,137287,732050855,884199880680,165580502
20250714,00104K,CJ4우(전환),KOSPI,,142900,11300,8.59,133000,143000,132600,58061,8165909700,603968564800,4226512
20250714,000120,CJ대한통운,KOSPI,,94800,800,0.85,94000,95000,92300,49181,4625869700,2162610211200,22812344
20250714,011150,CJ씨푸드,KOSPI,,3020,5,0.17,3015,3045,3010,147838,447233578,108510934460,35930773
20250714,011155,CJ씨푸드1우,KOSPI,,17890,240,1.36,17650,17900,17640,868,15320560,3578000000,200000
20250714,001045,CJ우,KOSPI,,94900,7700,8.83,87200,96700,87200,28999,2707176850,214495162700,2260223
20250714,097950,CJ제일제당,KOSPI,,260000,1000,0.39,258500,263000,258000,41778,10889003000,3914088360000,15054186
20250714,097955,CJ제일제당 우,KOSPI,,153000,2100,1.39,150900,153000,149800,6793,1030648000,203097249000,1327433
20250714,000480,CR홀딩스,KOSPI,,5620,10,0.18,5650,5650,5570,29013,162502300,263524553800,46890490
20250714,000590,CS홀딩스,KOSPI,,95400,-400,-0.42,95800,96400,95000,891,85358900,110137582800,1154482
20250714,012030,DB,KOSPI,,1488,-12,-0.80,1500,1508,1471,359436,532182793,299346812304,201173933
20250714,005830,DB손해보험,KOSPI,,145400,6600,4.76,138600,148300,138600,315822,45871475500,10294320000000,70800000
20250714,016610,DB증권,KOSPI,,10960,930,9.27,10030,10990,9800,872261,9122314375,465212423440,42446389
20250714,000990,DB하이텍,KOSPI,,46800,750,1.63,46450,47600,45550,190570,8899449100,2077853918400,44398588
20250714,000300,DH오토넥스,KOSPI,,1984,0,0.00,0,0,0,0,0,162944308992,82129188
20250714,001530,DI동일,KOSPI,,42250,-200,-0.47,42450,42900,42200,23005,976859850,832982705750,19715567
20250714,015590,DKME,KOSPI,,515,0,0.00,0,0,0,0,0,122045495160,236981544
20250714,000210,DL,KOSPI,,52800,1300,2.52,51200,53700,50500,104093,5508251750,1106470675200,20955884
20250714,000215,DL우,KOSPI,,27150,700,2.65,26500,27400,26000,17874,482483000,45778022250,1686115
20250714,375500,DL이앤씨,KOSPI,,49150,-350,-0.71,49500,49500,48600,170255,8340099675,1901791570450,38693623
20250714,37550L,DL이앤씨2우(전환),KOSPI,,34050,50,0.15,34400,35400,33450,7234,245169100,71911931550,2111951
20250714,37550K,DL이앤씨우,KOSPI,,24800,1150,4.86,24200,25300,24000,57029,1422353025,52424348000,2113885
20250714,007340,DN오토모티브,KOSPI,,27450,550,2.04,26650,27850,26450,124148,3371247900,1606123244250,58510865
20250714,004840,DRB동일,KOSPI,,5600,60,1.08,5500,5650,5420,62968,350571350,111608000000,19930000
20250714,155660,DSR,KOSPI,,4090,-50,-1.21,4150,4150,4060,27688,113611700,65440000000,16000000
20250714,069730,DSR제강,KOSPI,,3795,20,0.53,3805,3820,3745,7041,26684462,54648000000,14400000
20250714,017860,DS단석,KOSPI,,28050,400,1.45,27900,28100,27550,133366,3714406525,493237146600,17584212
20250714,092780,DYP,KOSPI,,4570,55,1.22,4510,4590,4475,19689,89211865,60179862200,13168460
20250714,017940,E1,KOSPI,,99000,700,0.71,98700,99800,98100,11706,1158432850,679140000000,6860000
20250714,365550,ESR켄달스퀘어리츠,KOSPI,,4380,-5,-0.11,4385,4385,4295,235515,1023896216,933329820000,213089000
20250714,383220,F&F,KOSPI,,80500,900,1.13,79300,82200,78700,54830,4431110200,3083719537500,38307075
20250714,007700,F&F홀딩스,KOSPI,,21300,300,1.43,21100,21600,20550,64856,1370891225,833136017100,39114367
20250714,114090,GKL,KOSPI,,17010,-440,-2.52,17370,17510,16960,280286,4811466980,1052164946700,61855670
20250714,078930,GS,KOSPI,,53600,1500,2.88,51600,54200,51600,615733,33013289450,4980264260800,92915378
20250714,006360,GS건설,KOSPI,,21250,350,1.67,21000,21350,20800,447444,9475400725,1818606662500,85581490
20250714,001250,GS글로벌,KOSPI,,2785,15,0.54,2775,2795,2745,608052,1684163220,229856532740,82533764
20250714,007070,GS리테일,KOSPI,,18260,820,4.70,17580,18390,17520,546351,9924363990,1526671397900,83607415
20250714,078935,GS우,KOSPI,,49100,1750,3.70,47350,49750,47250,31627,1554371300,87634956600,1784826
20250714,499790,GS피앤엘,KOSPI,,44750,2100,4.92,43400,46500,43200,290889,13213409100,887430134750,19830841
20250714,012630,HDC,KOSPI,,22800,50,0.22,22750,23100,20500,615925,13239515950,1362111238800,59741721
20250714,039570,HDC랩스,KOSPI,,9610,50,0.52,9550,9650,9450,15836,151377940,249452545610,25957601
20250714,089470,HDC현대EP,KOSPI,,4180,40,0.97,4160,4185,4140,43106,179497735,133342000000,31900000
20250714,294870,HDC현대산업개발,KOSPI,,23750,400,1.71,23450,23850,23150,212951,5030119400,1565299087500,65907330
20250714,009540,HD한국조선해양,KOSPI,,325000,4000,1.25,317000,327000,317000,158487,51234179250,23001262700000,70773116
20250714,267250,HD현대,KOSPI,,138300,2100,1.54,134700,140200,134200,231025,31961408200,10924743655500,78993085
20250714,267270,HD현대건설기계,KOSPI,,74800,-1800,-2.35,76100,76300,73600,115588,8623775600,1321101817200,17661789
20250714,443060,HD현대마린솔루션,KOSPI,,184300,-4300,-2.28,187500,190700,183300,101892,18845413150,8262023403000,44829210
20250714,071970,HD현대마린엔진,KOSPI,,47700,350,0.74,46400,48350,46050,229735,10915128725,1618055311500,33921495
20250714,010620,HD현대미포,KOSPI,,177300,-1800,-1.01,176400,180300,175000,191405,33884020550,7081743017700,39942149
20250714,322000,HD현대에너지솔루션,KOSPI,,44000,-750,-1.68,45200,45500,43350,70744,3104700975,492800000000,11200000
20250714,042670,HD현대인프라코어,KOSPI,,11640,-200,-1.69,11780,11960,11490,799445,9346151075,2241759612480,192591032
20250714,267260,HD현대일렉트릭,KOSPI,,450500,8000,1.81,435000,454500,434500,178958,79779794000,16239234317500,36047135
20250714,329180,HD현대중공업,KOSPI,,387000,-1000,-0.26,384000,392500,381500,119751,46239310250,34355195892000,88773116
20250714,097230,HJ중공업,KOSPI,,7820,200,2.62,7540,7920,7540,682786,5317085925,651204877420,83274281
20250714,014790,HL D&I,KOSPI,,2825,-30,-1.05,2870,2890,2825,49678,141260574,106950547825,37858601
20250714,003580,HLB글로벌,KOSPI,,2750,-5,-0.18,2770,2850,2725,146851,408132127,138370589500,50316578
20250714,204320,HL만도,KOSPI,,35600,350,0.99,35200,36200,34900,254608,9058723100,1671673472000,46957120
20250714,060980,HL홀딩스,KOSPI,,43200,900,2.13,42300,43300,41600,32507,1386292150,406247486400,9403877
20250714,011200,HMM,KOSPI,,25500,50,0.20,25500,26200,25000,2088112,53265936750,26138507148000,1025039496
20250714,035000,HS애드,KOSPI,,8670,0,0.00,8670,8740,8540,32684,282440380,143639436030,16567409
20250714,002460,HS화성,KOSPI,,11700,20,0.17,11680,11750,11640,11231,131335890,118755000000,10150000
20250714,487570,HS효성,KOSPI,,78700,700,0.90,78100,81000,76500,64285,5118084150,293230454900,3725927
20250714,298050,HS효성첨단소재,KOSPI,,212000,-2500,-1.17,215000,215000,210000,8389,1775199250,949748976000,4479948
20250714,003560,IHQ,KOSPI,,10760,0,0.00,0,0,0,0,0,76220934800,7083730
20250714,015360,INVENI,KOSPI,,67400,1800,2.74,66600,67400,62000,20080,1331963200,404400000000,6000000
20250714,175330,JB금융지주,KOSPI,,25300,-50,-0.20,25300,25650,25200,1046911,26550843100,4905871691600,193907972
20250714,234080,JW생명과학,KOSPI,,12690,-70,-0.55,12770,12830,12660,56607,719981700,200940490260,15834554
20250714,001060,JW중외제약,KOSPI,,22850,-50,-0.22,23000,23050,22700,45398,1036939925,532083500500,23285930
20250714,001067,JW중외제약2우B,KOSPI,,61700,-1300,-2.06,62000,62100,61700,119,7381000,12955334100,209973
20250714,001065,JW중외제약우,KOSPI,,29250,-350,-1.18,29450,29450,29250,119,3498650,10002066750,341951
20250714,096760,JW홀딩스,KOSPI,,3710,-30,-0.80,3740,3740,3670,127677,473877240,274261534820,73924942
20250714,105560,KB금융,KOSPI,,118500,1200,1.02,118000,119200,117500,857015,101561207700,45203259205500,381462103
20250714,415640,KB발해인프라,KOSPI,,8170,0,0.00,8130,8200,8090,183949,1491097685,1001197127160,122545548
20250714,432320,KB스타리츠,KOSPI,,4015,0,0.00,4015,4030,4000,65331,262150674,407178354275,101414285
20250714,002380,KCC,KOSPI,,371500,14500,4.06,371000,389000,369000,86420,32694973750,3301323976500,8886471
20250714,344820,KCC글라스,KOSPI,,34100,250,0.74,33850,34400,33500,27130,920644275,544594459200,15970512
20250714,009070,KCTC,KOSPI,,7340,1090,17.44,6180,7940,6000,40839280,299358315820,220200000000,30000000
20250714,009440,KC그린홀딩스,KOSPI,,756,0,0.00,0,0,0,0,0,17568790596,23239141
20250714,119650,KC코트렐,KOSPI,,918,0,0.00,0,0,0,0,0,100782913662,109785309
20250714,092220,KEC,KOSPI,,804,7,0.88,800,813,792,352292,282690091,161413565364,200763141
20250714,003620,KG모빌리티,KOSPI,,3780,35,0.93,3750,3790,3725,162047,610056059,764977167360,202374912
20250714,016380,KG스틸,KOSPI,,6690,50,0.75,6670,6710,6560,105780,702282960,669059520930,100008897
20250714,001390,KG케미칼,KOSPI,,5110,-20,-0.39,5170,5170,5020,309730,1575368910,349876794400,68469040
20250714,033180,KH 필룩스,KOSPI,,5310,0,0.00,0,0,0,0,0,138166306200,26020020
20250714,001940,KISCO홀딩스,KOSPI,,28250,50,0.18,28000,28250,27800,18870,528611925,400482735000,14176380
20250714,025000,KPX케미칼,KOSPI,,52000,-800,-1.52,52700,52700,51200,12216,634674300,251680000000,4840000
20250714,092230,KPX홀딩스,KOSPI,,73200,-100,-0.14,73000,74200,72600,3831,280157000,309244087200,4224646
20250714,000040,KR모터스,KOSPI,,428,0,0.00,432,432,421,119835,51039730,25736867504,60132868
20250714,044450,KSS해운,KOSPI,,10780,370,3.55,10500,10780,10300,132123,1393108610,248865786400,23085880
20250714,030200,KT,KOSPI,,57800,-300,-0.52,57800,58400,57500,662516,38427403273,14566853393000,252021685
20250714,033780,KT&G,KOSPI,,140700,4300,3.15,137600,144000,137500,370593,52494319350,17174193327900,122062497
20250714,058850,KTcs,KOSPI,,2885,45,1.58,2840,2895,2840,225579,648348503,123146225000,42685000
20250714,058860,KTis,KOSPI,,2975,85,2.94,2895,2995,2895,560912,1664987082,103535950000,34802000
20250714,093050,LF,KOSPI,,19790,720,3.78,19070,19800,19000,93804,1838984700,578659600000,29240000
20250714,003550,LG,KOSPI,,82800,300,0.36,81700,84400,81600,284775,23631929400,13020396462000,157251165
20250714,034220,LG디스플레이,KOSPI,,9260,20,0.22,9180,9340,9180,607733,5622832295,4630000000000,500000000
20250714,051900,LG생활건강,KOSPI,,339000,9500,2.88,334500,342000,334500,70958,24027317000,5294568783000,15618197
20250714,051905,LG생활건강우,KOSPI,,136200,2500,1.87,134000,136400,134000,12116,1642970500,285978731400,2099697
20250714,064400,LG씨엔에스,KOSPI,,76800,-5000,-6.11,80100,80400,75000,1438981,110525697650,7440840806400,96885948
20250714,373220,LG에너지솔루션,KOSPI,,315000,-6500,-2.02,321000,321000,313500,191507,60434568500,73710000000000,234000000
20250714,003555,LG우,KOSPI,,65600,600,0.92,65000,66000,64700,13062,857999450,197534654400,3011199
20250714,032640,LG유플러스,KOSPI,,15050,60,0.40,14990,15090,14960,1051691,15787863760,6571000983050,436611361
20250714,011070,LG이노텍,KOSPI,,155500,-1800,-1.14,156000,157700,154200,132656,20623004900,3680235138500,23667107
20250714,066570,LG전자,KOSPI,,77200,1900,2.52,75800,80900,75700,1769412,138828765650,12633611240800,163647814
20250714,066575,LG전자우,KOSPI,,38950,800,2.10,38150,39600,38050,102035,3977804825,669394388400,17185992
20250714,037560,LG헬로비전,KOSPI,,3160,180,6.04,3015,3515,3010,17097731,56573225352,244732093400,77446865
20250714,051910,LG화학,KOSPI,,273500,1500,0.55,272500,277500,269500,208053,56909911500,19307005810500,70592343
20250714,051915,LG화학우,KOSPI,,148200,3100,2.14,145300,148800,138000,62742,9188407000,1139480160000,7688800
20250714,079550,LIG넥스원,KOSPI,,589000,19000,3.33,576000,599000,575000,124059,73257684500,12958000000000,22000000
20250714,006260,LS,KOSPI,,185400,3000,1.64,182000,189600,181700,119696,22258580350,5969880000000,32200000
20250714,010120,LS ELECTRIC,KOSPI,,264500,-1000,-0.38,265500,268000,261500,129590,34167828000,7935000000000,30000000
20250714,000680,LS네트웍스,KOSPI,,4090,-60,-1.45,4140,4185,4050,294292,1210791512,322304335440,78803016
20250714,229640,LS에코에너지,KOSPI,,31350,-1300,-3.98,32600,32600,31350,130554,4141003875,960089956650,30624879
20250714,108320,LX세미콘,KOSPI,,66700,2300,3.57,64500,67400,64300,46518,3071906500,1084828810000,16264300
20250714,001120,LX인터내셔널,KOSPI,,32600,700,2.19,31900,32650,31750,210343,6808654575,1263576000000,38760000
20250714,108670,LX하우시스,KOSPI,,33550,450,1.36,33200,33800,32875,28550,955192175,300865328500,8967670
20250714,108675,LX하우시스우,KOSPI,,19110,40,0.21,19030,19210,19030,1250,23832870,19727826300,1032330
20250714,383800,LX홀딩스,KOSPI,,9870,140,1.44,9740,9890,9670,482346,4724990135,752890410300,76280690
20250714,38380K,LX홀딩스1우,KOSPI,,9400,0,0.00,9400,9400,9290,2448,22920190,13773679000,1465285
20250714,023150,MH에탄올,KOSPI,,5420,-20,-0.37,5450,5450,5390,3363,18237765,39991610920,7378526
20250714,035420,NAVER,KOSPI,,249000,-4000,-1.58,252000,252500,244000,1205192,299084616750,39450814992000,158437008
20250714,181710,NHN,KOSPI,,29150,-1550,-5.05,30200,30400,28950,233922,6878180700,984282485450,33766123
20250714,400760,NH올원리츠,KOSPI,,3305,-85,-2.51,3360,3360,3240,565321,1860950897,144652869840,43767888
20250714,005940,NH투자증권,KOSPI,,23400,750,3.31,22650,23450,22500,1035717,23814478575,7583619537000,324086305
20250714,005945,NH투자증권우,KOSPI,,20150,400,2.03,19800,20250,19690,215059,4290828590,380250005200,18870968
20250714,338100,NH프라임리츠,KOSPI,,4770,10,0.21,4760,4785,4740,62893,299855872,89008200000,18660000
20250714,034310,NICE,KOSPI,,14210,320,2.30,13890,14350,13700,122551,1726056370,527595160820,37128442
20250714,030190,NICE평가정보,KOSPI,,17290,70,0.41,17400,17450,17200,84821,1469078055,1028868992970,59506593
20250714,008260,NI스틸,KOSPI,,3870,25,0.65,3845,3930,3830,147885,572382090,110682452790,28600117
20250714,004250,NPC,KOSPI,,4590,15,0.33,4580,4590,4550,29229,133595107,168544800000,36720000
20250714,004255,NPC우,KOSPI,,2745,-25,-0.90,2790,2790,2700,14710,40395060,14493600000,5280000
20250714,456040,OCI,KOSPI,,57500,-700,-1.20,57900,58000,57100,32242,1850619400,514768462500,8952495
20250714,010060,OCI홀딩스,KOSPI,,89800,-4200,-4.47,93000,93400,89700,190524,17300110600,1689579546600,18814917
20250714,178920,PI첨단소재,KOSPI,,18800,70,0.37,18720,18800,18420,72105,1343910260,552086853600,29366322
20250714,001340,PKC,KOSPI,,6080,-70,-1.14,6210,6220,6080,55861,341812095,273103914560,44918407
20250714,005490,POSCO홀딩스,KOSPI,,321500,500,0.16,323000,323000,314500,323036,103322398250,26019944068000,80932952
20250714,010950,S-Oil,KOSPI,,63300,-200,-0.31,63200,63700,63000,130906,8278190850,7126490733600,112582792
20250714,010955,S-Oil우,KOSPI,,41850,600,1.45,41250,41950,41000,10481,435325750,168317644950,4021927
20250714,034120,SBS,KOSPI,,22900,100,0.44,22950,23000,22650,42569,971187000,424823350200,18551238
20250714,003080,SB성보,KOSPI,,2855,30,1.06,2830,2855,2810,337851,960088790,57157100000,20020000
20250714,005090,SGC에너지,KOSPI,,26650,350,1.33,26250,26800,26200,27318,725852300,384008724450,14409333
20250714,001380,SG글로벌,KOSPI,,1779,24,1.37,1755,1783,1750,351538,622565764,79991210397,44964143
20250714,004060,SG세계물산,KOSPI,,353,3,0.86,350,356,346,1149463,405932836,71456010880,202424960
20250714,001770,SHD,KOSPI,,19320,-60,-0.31,19150,19380,19010,3507,67170920,23471442960,1214878
20250714,002360,SH에너지화학,KOSPI,,477,5,1.06,473,481,470,203089,96363571,53010789210,111133730
20250714,009160,SIMPAC,KOSPI,,5180,-20,-0.38,5200,5220,5140,48902,252839265,338924892880,65429516
20250714,033530,SJG세종,KOSPI,,4815,65,1.37,4740,4820,4725,60652,290577748,133957927215,27820961
20250714,123700,SJM,KOSPI,,3715,55,1.50,3665,3740,3645,77049,285472164,57972196070,15604898
20250714,025530,SJM홀딩스,KOSPI,,3845,35,0.92,3805,3875,3645,107025,407541290,57421260760,14934008
20250714,034730,SK,KOSPI,,225500,6000,2.73,220000,231000,219500,233520,52894563500,16349359526500,72502703
20250714,011790,SKC,KOSPI,,102000,-1700,-1.64,103400,104100,101500,143505,14659336150,3862566396000,37868298
20250714,018670,SK가스,KOSPI,,296000,6000,2.07,290000,296000,286000,11356,3324538000,2736592224000,9245244
20250714,001740,SK네트웍스,KOSPI,,4810,30,0.63,4780,4810,4700,302603,1447732903,1064346708620,221277902
20250714,006120,SK디스커버리,KOSPI,,61600,-600,-0.96,62400,62700,58200,39147,2388493200,1130227868000,18347855
20250714,006125,SK디스커버리우,KOSPI,,45300,50,0.11,45250,45500,44850,3926,177108950,59454211500,1312455
20250714,210980,SK디앤디,KOSPI,,10920,140,1.30,10780,10930,10720,63126,682983205,203301811440,18617382
20250714,395400,SK리츠,KOSPI,,4790,-15,-0.31,4800,4805,4750,161833,772030801,1372904416040,286618876
20250714,302440,SK바이오사이언스,KOSPI,,47600,-550,-1.14,47900,48200,47400,74155,3532981475,3730371302000,78369145
20250714,326030,SK바이오팜,KOSPI,,95600,-2700,-2.75,98300,99000,95400,172378,16595240100,7486746700000,78313250
20250714,402340,SK스퀘어,KOSPI,,178300,4300,2.47,175100,181300,175100,336773,60139293500,23632034981400,132540858
20250714,361610,SK아이이테크놀로지,KOSPI,,27950,-500,-1.76,28250,28850,27900,106844,3013311725,1992767696400,71297592
20250714,100090,SK오션플랜트,KOSPI,,20100,-750,-3.60,21000,21000,20100,317229,6459680225,1209624753600,60180336
20250714,03473K,SK우,KOSPI,,183600,7400,4.20,177800,183900,174900,8754,1592794100,103942386000,566135
20250714,096770,SK이노베이션,KOSPI,,115500,-600,-0.52,116500,117100,115100,214081,24820771050,17444516628000,151034776
20250714,096775,SK이노베이션우,KOSPI,,77200,300,0.39,76900,77900,75900,4634,355785250,96378487200,1248426
20250714,475150,SK이터닉스,KOSPI,,22500,-300,-1.32,22600,22700,22250,400198,8984700250,759465945000,33754042
20250714,001510,SK증권,KOSPI,,782,8,1.03,775,783,759,8340003,6422117400,369565513722,472590171
20250714,001515,SK증권우,KOSPI,,2300,-55,-2.34,2355,2355,2255,12740,29591675,8998782200,3912514
20250714,285130,SK케미칼,KOSPI,,72800,0,0.00,72100,73900,71500,63705,4651429400,1256075402400,17253783
20250714,28513K,SK케미칼우,KOSPI,,30350,950,3.23,29400,30850,29200,19401,583142300,64203270150,2115429
20250714,017670,SK텔레콤,KOSPI,,56500,800,1.44,55600,56900,55600,733546,41451542300,12135637994500,214790053
20250714,000660,SK하이닉스,KOSPI,,300000,5500,1.87,292500,302500,292500,2936976,877791233750,218400709500000,728002365
20250714,003570,SNT다이내믹스,KOSPI,,53600,-500,-0.92,54000,54800,53000,66928,3621703000,1782344559200,33252697
20250714,064960,SNT모티브,KOSPI,,33950,100,0.30,33800,34400,33400,42106,1433015125,901042234400,26540272
20250714,100840,SNT에너지,KOSPI,,35800,0,0.00,35700,36050,34800,144822,5107969000,740372031400,20680783
20250714,036530,SNT홀딩스,KOSPI,,60600,1900,3.24,58700,60800,57200,21757,1299200750,988015491600,16303886
20250714,005610,SPC삼립,KOSPI,,58300,1000,1.75,57200,58600,57100,12680,736489900,503071224700,8629009
20250714,011810,STX,KOSPI,,3530,0,0.00,0,0,0,0,0,109493282310,31017927
20250714,465770,STX그린로지스,KOSPI,,8080,-110,-1.34,8190,8210,8050,69087,559957275,57941938560,7171032
20250714,077970,STX엔진,KOSPI,,20350,0,0.00,20500,20700,19990,70536,1430651645,817013082050,40148063
20250714,002820,SUN&L,KOSPI,,2835,-35,-1.22,2870,3000,2830,11867,33907015,35743648815,12607989
20250714,084870,TBH글로벌,KOSPI,,1390,10,0.72,1382,1415,1350,46401,64259553,28990978410,20856819
20250714,002710,TCC스틸,KOSPI,,17130,-470,-2.67,17610,17680,17000,115232,1979756710,449040629610,26213697
20250714,069260,TKG휴켐스,KOSPI,,17280,-260,-1.48,17410,17540,17190,81455,1407208205,706382000640,40878588
20250714,007980,TP,KOSPI,,1524,6,0.40,1528,1537,1510,128017,195036586,77990898120,51175130
20250714,002900,TYM,KOSPI,,5320,20,0.38,5310,5350,5240,211874,1123383520,239671085920,45050956
20250714,024070,WISCOM,KOSPI,,2030,-20,-0.98,2110,2110,2025,9668,19700770,31112669140,15326438
20250714,037270,YG PLUS,KOSPI,,9010,-340,-3.64,9780,9980,8960,2553112,23910482955,571498984100,63429410
20250714,139130,iM금융지주,KOSPI,,15470,490,3.27,14870,15480,14700,1237196,18800746800,2574097126510,166392833
20250714,000500,가온전선,KOSPI,,64200,-100,-0.16,64200,65200,63700,38810,2505172050,1062067983000,16543115
20250714,000860,강남제비스코,KOSPI,,13040,-50,-0.38,13110,13190,12980,26909,351092490,169520000000,13000000
20250714,035250,강원랜드,KOSPI,,20550,100,0.49,20500,20600,20250,390889,7989680375,4396477275000,213940500
20250714,011420,갤럭시아에스엠,KOSPI,,2430,-50,-2.02,2480,2485,2410,232320,564321015,66945634920,27549644
20250714,002100,경농,KOSPI,,10050,-20,-0.20,10080,10140,10010,25125,253130120,196201878750,19522575
20250714,009450,경동나비엔,KOSPI,,72800,-1100,-1.49,73900,74300,72200,41865,3046875650,1060593497600,14568592
20250714,267290,경동도시가스,KOSPI,,22750,200,0.89,22700,22800,22400,17602,398149600,134120486500,5895406
20250714,012320,경동인베스트,KOSPI,,67500,-300,-0.44,67700,68600,66700,5862,394788300,159639052500,2365023
20250714,000050,경방,KOSPI,,8250,100,1.23,8140,8270,8100,46740,383012050,226175977500,27415270
20250714,214390,경보제약,KOSPI,,5070,-30,-0.59,5100,5140,5060,6335,32137045,121207780200,23906860
20250714,012610,경인양행,KOSPI,,3350,-45,-1.33,3400,3400,3350,20725,70060425,139414822750,41616365
20250714,009140,경인전자,KOSPI,,21650,250,1.17,21300,21900,21100,19461,418961500,34007755050,1570797
20250714,013580,계룡건설,KOSPI,,20550,50,0.24,20500,20650,20050,43158,880357900,183530138850,8930907
20250714,012200,계양전기,KOSPI,,1452,0,0.00,1454,1460,1442,44827,64949634,39527547708,27222829
20250714,012205,계양전기우,KOSPI,,3575,5,0.14,3565,3580,3565,1407,5029440,4179457425,1169079
20250714,002140,고려산업,KOSPI,,2960,15,0.51,2935,2970,2900,73420,216134765,73820698000,24939425
20250714,010130,고려아연,KOSPI,,853000,-1000,-0.12,847000,856000,837000,11964,10137507760,17079851869000,20023273
20250714,002240,고려제강,KOSPI,,18790,-40,-0.21,18910,18920,18570,16223,303070655,507330000000,27000000
20250714,009290,광동제약,KOSPI,,6640,130,2.00,6560,6790,6490,253831,1678304375,348074450640,52420851
20250714,017040,광명전기,KOSPI,,1650,-43,-2.54,1693,1693,1632,384752,635158995,71507064750,43337615
20250714,017900,광전자,KOSPI,,2020,20,1.00,2015,2035,1996,49059,98513408,117046401260,57943763
20250714,037710,광주신세계,KOSPI,,34800,550,1.61,34250,35000,34100,56861,1973793900,276910212000,7957190
20250714,030610,교보증권,KOSPI,,10670,390,3.79,10390,10670,10090,501080,5232713340,1215984793870,113962961
20250714,339770,교촌에프앤비,KOSPI,,5960,-60,-1.00,6000,6000,5840,102824,606563545,297791876800,49965080
20250714,007690,국도화학,KOSPI,,37600,-250,-0.66,37900,38150,37450,8129,306708250,348207283200,9260832
20250714,001140,국보,KOSPI,,2110,0,0.00,0,0,0,0,0,33456978680,15856388
20250714,002720,국제약품,KOSPI,,4935,-20,-0.40,4955,4975,4875,151051,744433905,104423770920,21159832
20250714,083420,그린케미칼,KOSPI,,8050,-140,-1.71,8220,8300,8010,263535,2141502455,193200000000,24000000
20250714,014530,극동유화,KOSPI,,3615,-40,-1.09,3655,3670,3585,152092,551876271,126052953300,34869420
20250714,014280,금강공업,KOSPI,,4850,35,0.73,4810,4875,4810,100099,484802534,142247381450,29329357
20250714,014285,금강공업우,KOSPI,,7100,-50,-0.70,7150,7150,7070,119,841570,4188112500,589875
20250714,008870,금비,KOSPI,,60500,300,0.50,60600,60700,59900,1567,94319400,60500000000,1000000
20250714,001570,금양,KOSPI,,9900,0,0.00,0,0,0,0,0,633275240400,63967196
20250714,002990,금호건설,KOSPI,,3550,-50,-1.39,3680,3680,3525,63632,226310146,131338498000,36996760
20250714,002995,금호건설우,KOSPI,,12100,70,0.58,12030,12100,12030,315,3797400,3536418600,292266
20250714,011780,금호석유화학,KOSPI,,125200,-500,-0.40,126800,126800,123700,84526,10585697550,3312740292400,26459587
20250714,011785,금호석유화학우,KOSPI,,68000,2400,3.66,65800,68000,64900,33600,2233145850,205597048000,3023486
20250714,214330,금호에이치티,KOSPI,,674,-10,-1.46,684,690,668,1147199,777386824,144178124294,213914131
20250714,001210,금호전기,KOSPI,,1098,8,0.73,1090,1120,1078,149964,164469480,67586288706,61553997
20250714,073240,금호타이어,KOSPI,,4990,15,0.30,4955,5080,4955,595754,2988040010,1433428832130,287260287
20250714,092440,기신정기,KOSPI,,2600,0,0.00,2595,2605,2570,9679,25050325,75920000000,29200000
20250714,000270,기아,KOSPI,,103000,2200,2.18,100200,103300,99600,1173952,119959579960,40960281096000,397672632
20250714,024110,기업은행,KOSPI,,21850,850,4.05,21400,21900,21200,2109219,45592270700,17423755237650,797425869
20250714,013700,까뮤이앤씨,KOSPI,,1132,3,0.27,1132,1137,1123,34719,39292106,67637939560,59750830
20250714,004540,깨끗한나라,KOSPI,,2230,0,0.00,2230,2410,2205,610637,1399494032,83046745390,37240693
20250714,004545,깨끗한나라우,KOSPI,,12210,20,0.16,12460,12460,12210,18,222190,4470813600,366160
20250714,001260,남광토건,KOSPI,,9080,-120,-1.30,9200,9200,9020,14123,128312265,89279753760,9832572
20250714,008350,남선알미늄,KOSPI,,1249,-7,-0.56,1256,1260,1246,479678,600209827,161219783410,129079090
20250714,008355,남선알미우,KOSPI,,13190,30,0.23,13300,13300,13080,124,1627130,4061069100,307890
20250714,004270,남성,KOSPI,,1113,3,0.27,1110,1116,1107,8531,9476166,40304134080,36212160
20250714,003920,남양유업,KOSPI,,66600,0,0.00,67000,67400,66200,4357,289842650,408347643600,6131346
20250714,003925,남양유업우,KOSPI,,43700,-600,-1.35,44300,44300,43050,8929,389094600,87400000000,2000000
20250714,025860,남해화학,KOSPI,,7800,-30,-0.38,7880,7880,7740,67534,525901430,387494975400,49678843
20250714,005720,넥센,KOSPI,,7360,160,2.22,7300,7400,7220,67264,491716250,394083670720,53543977
20250714,005725,넥센우,KOSPI,,5100,310,6.47,4895,5100,4880,11718,58033080,18363060000,3600600
20250714,002350,넥센타이어,KOSPI,,6500,70,1.09,6450,6570,6400,133848,868190170,634841200500,97667877
20250714,002355,넥센타이어1우B,KOSPI,,3660,115,3.24,3545,3660,3515,43023,155467372,23790000000,6500000
20250714,092790,넥스틸,KOSPI,,14450,-410,-2.76,14710,15040,14180,420072,6092218470,375728900000,26002000
20250714,251270,넷마블,KOSPI,,61700,0,0.00,61500,62500,60800,208115,12804579550,5303331073400,85953502
20250714,090350,노루페인트,KOSPI,,9450,70,0.75,9460,9460,9310,51892,487921400,189000000000,20000000
20250714,090355,노루페인트우,KOSPI,,15700,240,1.55,15750,15750,15540,344,5399660,7271078200,463126
20250714,000320,노루홀딩스,KOSPI,,25450,550,2.21,24900,25550,24600,77504,1954634700,338259792950,13291151
20250714,000325,노루홀딩스우,KOSPI,,37000,700,1.93,38300,38300,36750,997,37356450,9011683000,243559
20250714,006280,녹십자,KOSPI,,131400,-1500,-1.13,132200,133300,129400,22621,2981820950,1535611093200,11686538
20250714,005250,녹십자홀딩스,KOSPI,,16850,120,0.72,16560,16860,16250,54880,919315600,792425338500,47028210
20250714,005257,녹십자홀딩스2우,KOSPI,,34100,-2000,-5.54,35550,35550,34000,3118,107083800,28848259000,845990
20250714,004370,농심,KOSPI,,420500,20000,4.99,399500,422500,398000,87411,36162341000,2557750961000,6082642
20250714,072710,농심홀딩스,KOSPI,,87600,-300,-0.34,87800,87900,86200,11518,1001752050,406270404000,4637790
20250714,058730,다스코,KOSPI,,3150,25,0.80,3125,3160,3090,189511,593010925,59210364150,18796941
20250714,030210,다올투자증권,KOSPI,,4135,-15,-0.36,4160,4160,3885,877099,3504132468,251867423310,60911106
20250714,023590,다우기술,KOSPI,,41250,-300,-0.72,42100,42100,40600,176227,7257628025,1850747951250,44866617
20250714,145210,다이나믹디자인,KOSPI,,892,-13,-1.44,900,910,877,78248,69663098,32089498408,35974774
20250714,483650,달바글로벌,KOSPI,,238000,8000,3.48,236500,241000,229500,236332,55869837250,2880077270000,12101165
20250714,019680,대교,KOSPI,,2515,-25,-0.98,2525,2525,2450,103284,256641765,213027667750,84702850
20250714,019685,대교우B,KOSPI,,1344,4,0.30,1340,1350,1333,12376,16598450,26109874560,19426990
20250714,006370,대구백화점,KOSPI,,6570,-130,-1.94,6700,6770,6500,29669,194835670,71097984270,10821611
20250714,008060,대덕,KOSPI,,8500,60,0.71,8490,8540,8440,128327,1088601730,288066275000,33890150
20250714,00806K,대덕1우,KOSPI,,9580,-30,-0.31,9470,9610,9300,4801,45164490,11614380060,1212357
20250714,353200,대덕전자,KOSPI,,17920,270,1.53,17680,18000,17560,178834,3173109135,885551296000,49416925
20250714,35320K,대덕전자1우,KOSPI,,8300,0,0.00,8300,8330,8230,3926,32596660,17392807700,2095519
20250714,000490,대동,KOSPI,,10340,-120,-1.15,10460,10500,10300,90009,932740525,272900083720,26392658
20250714,008110,대동전자,KOSPI,,15040,0,0.00,0,0,0,0,0,157776322880,10490447
20250714,005750,대림바스,KOSPI,,4595,-10,-0.22,4600,4635,4550,17077,78144185,76608942800,16672240
20250714,006570,대림통상,KOSPI,,2765,-50,-1.78,2820,2860,2765,10240,28589610,42097125000,15225000
20250714,001680,대상,KOSPI,,24100,500,2.12,23500,24350,23500,163405,3929324450,835017402500,34648025
20250714,001685,대상우,KOSPI,,17890,190,1.07,17790,18020,17700,10426,186542170,24513289470,1370223
20250714,084690,대상홀딩스,KOSPI,,11120,-30,-0.27,11120,11350,11030,140252,1566709995,402683422560,36212538
20250714,084695,대상홀딩스우,KOSPI,,15460,-160,-1.02,15730,15730,15360,17807,274842405,14122431720,913482
20250714,128820,대성산업,KOSPI,,5960,30,0.51,6150,6250,5800,729553,4401770525,269603448880,45235478
20250714,117580,대성에너지,KOSPI,,8760,-80,-0.90,8920,8950,8730,91024,801496105,240900000000,27500000
20250714,016710,대성홀딩스,KOSPI,,10900,-160,-1.45,11070,11100,10360,64344,698881700,175375103100,16089459
20250714,0030R0,대신밸류리츠,KOSPI,,4465,-50,-1.11,4500,4515,4430,482123,2149735485,266917700000,59780000
20250714,003540,대신증권,KOSPI,,31650,400,1.28,31000,31950,30200,522577,16303340975,1606978110000,50773400
20250714,003547,대신증권2우B,KOSPI,,21850,850,4.05,21050,21850,20950,48637,1037437850,218500000000,10000000
20250714,003545,대신증권우,KOSPI,,23100,300,1.32,23000,23100,22550,91968,2103699000,600600000000,26000000
20250714,009190,대양금속,KOSPI,,1634,-3,-0.18,1654,1669,1622,166745,274772423,70576749250,43192625
20250714,014160,대영포장,KOSPI,,1226,-27,-2.15,1256,1258,1218,854343,1052838066,132891717074,108394549
20250714,047040,대우건설,KOSPI,,4130,35,0.85,4090,4135,4070,642854,2644239652,1716521494940,415622638
20250714,003090,대웅,KOSPI,,28050,600,2.19,28300,28300,27450,166773,4657632775,1630882539000,58141980
20250714,069620,대웅제약,KOSPI,,164300,2800,1.73,162200,167100,161700,40557,6655239550,1903674272500,11586575
20250714,000430,대원강업,KOSPI,,3840,0,0.00,3840,3885,3815,214059,825197005,238080000000,62000000
20250714,006340,대원전선,KOSPI,,2990,-45,-1.48,3025,3035,2965,1112012,3333683490,224187733250,74979175
20250714,006345,대원전선우,KOSPI,,3990,-70,-1.72,4060,4080,3850,31203,123738203,10458588000,2621200
20250714,003220,대원제약,KOSPI,,13410,40,0.30,13370,13420,13330,20453,273771135,300753888030,22427583
20250714,024890,대원화성,KOSPI,,916,11,1.22,963,963,904,55578,50917948,37784223232,41249152
20250714,002880,대유에이텍,KOSPI,,1246,77,6.59,1168,1297,1168,469879,582354235,58243048920,46744020
20250714,012800,대창,KOSPI,,1436,-1,-0.07,1427,1455,1426,952700,1372722440,130877756564,91140499
20250714,015230,대창단조,KOSPI,,5930,20,0.34,5910,5970,5850,69529,411336430,169433323900,28572230
20250714,001070,대한방직,KOSPI,,7770,370,5.00,7430,7820,7270,62061,474581575,41181000000,5300000
20250714,006650,대한유화,KOSPI,,102100,-2100,-2.02,103100,103900,100400,24489,2507211450,663650000000,6500000
20250714,001440,대한전선,KOSPI,,15680,-230,-1.45,15860,15900,15560,767009,12043319285,2923493664000,186447300
20250714,084010,대한제강,KOSPI,,18760,10,0.05,18950,19210,18600,28171,532183630,439254087720,23414397
20250714,001790,대한제당,KOSPI,,3325,40,1.22,3285,3410,3145,1165009,3853946726,298241128500,89696580
20250714,001795,대한제당우,KOSPI,,2700,0,0.00,2690,2800,2665,136458,368231613,17503452000,6482760
20250714,001130,대한제분,KOSPI,,169700,-1200,-0.70,170000,170900,166100,8175,1375724950,286793000000,1690000
20250714,003490,대한항공,KOSPI,,26250,1400,5.63,24650,26750,24600,7255368,189869175350,9665792351250,368220661
20250714,003495,대한항공우,KOSPI,,25250,850,3.48,24750,25400,24250,36520,917075200,28047548500,1110794
20250714,005880,대한해운,KOSPI,,1919,29,1.53,1902,1930,1859,7831252,14900263263,619352145460,322747340
20250714,003830,대한화섬,KOSPI,,148300,-1700,-1.13,149400,151000,147500,716,106639400,196942400000,1328000
20250714,016090,대현,KOSPI,,1932,5,0.26,1927,1933,1913,258723,497710703,85553422920,44282310
20250714,069460,대호에이엘,KOSPI,,1857,47,2.60,1800,1875,1778,617618,1123483708,125967788139,67834027
20250714,475560,더본코리아,KOSPI,,28550,250,0.88,28300,28650,28150,37093,1057179600,420748773000,14737260
20250714,192080,더블유게임즈,KOSPI,,60000,100,0.17,59900,60500,59400,51993,3119222100,1289754360000,21495906
20250714,012510,더존비즈온,KOSPI,,80600,600,0.75,79500,82400,79300,247382,20009623350,2448852390400,30382784
20250714,004830,덕성,KOSPI,,6020,-40,-0.66,6110,6110,5990,89273,538424365,94393600000,15680000
20250714,004835,덕성우,KOSPI,,8400,40,0.48,8360,8480,8170,9911,83031295,11692800000,1392000
20250714,145720,덴티움,KOSPI,,70500,800,1.15,69700,71000,68600,49021,3441378000,780352515000,11068830
20250714,002150,도화엔지니어링,KOSPI,,6780,0,0.00,6800,6800,6740,25580,173286725,228621600000,33720000
20250714,460850,동국씨엠,KOSPI,,6800,20,0.29,6810,6830,6720,80711,547689690,203310860800,29898656
20250714,460860,동국제강,KOSPI,,11210,20,0.18,11440,11500,11170,276837,3137577495,556105870570,49608017
20250714,001230,동국홀딩스,KOSPI,,9270,220,2.43,9090,9480,9000,253158,2340333300,294790477410,31800483
20250714,023450,동남합성,KOSPI,,34150,-200,-0.58,34300,34300,34000,1375,46929200,119525000000,3500000
20250714,004140,동방,KOSPI,,3250,140,4.50,3085,3480,3030,24718761,81612724316,155908239500,47971766
20250714,007590,동방아그로,KOSPI,,6330,10,0.16,6350,6360,6290,22132,139812900,86199262410,13617577
20250714,005960,동부건설,KOSPI,,5740,220,3.99,5580,5790,5460,110628,631282195,131713845620,22946663
20250714,005965,동부건설우,KOSPI,,20250,310,1.55,20200,20250,20200,60,1214450,4571073000,225732
20250714,026960,동서,KOSPI,,31150,50,0.16,31000,31750,30850,109297,3407142875,3105655000000,99700000
20250714,002210,동성제약,KOSPI,,973,0,0.00,0,0,0,0,0,25900780311,26619507
20250714,102260,동성케미컬,KOSPI,,4580,50,1.10,4540,4615,4530,203585,931715109,229809702780,50176791
20250714,000640,동아쏘시오홀딩스,KOSPI,,123000,1500,1.23,124400,124400,120500,8702,1069045600,803981382000,6536434
20250714,170900,동아에스티,KOSPI,,50200,-100,-0.20,50400,50500,49550,13926,696170000,469502779000,9352645
20250714,028100,동아지질,KOSPI,,17080,30,0.18,16920,17170,16810,27015,458131795,228692694160,13389502
20250714,001520,동양,KOSPI,,705,6,0.86,699,707,693,364288,255453378,168272264415,238684063
20250714,001527,동양2우B,KOSPI,,8990,-150,-1.64,9050,9050,8990,716,6467510,2774035310,308569
20250714,084670,동양고속,KOSPI,,8600,50,0.58,8550,8650,8530,4885,41978840,24901893400,2895569
20250714,082640,동양생명,KOSPI,,8220,-110,-1.32,8320,8370,8150,291735,2406902575,1326367568700,161358585
20250714,001525,동양우,KOSPI,,4285,35,0.82,4270,4290,4250,2374,10170830,2646977335,617731
20250714,008970,동양철관,KOSPI,,1749,-24,-1.35,1763,1833,1706,37808668,67016436057,279493374435,159801815
20250714,049770,동원F&B,KOSPI,,44700,0,0.00,0,0,0,0,0,862514214000,19295620
20250714,018500,동원금속,KOSPI,,1499,5,0.33,1490,1510,1464,275164,407691545,70085644567,46754933
20250714,006040,동원산업,KOSPI,,49650,300,0.61,49200,50000,49000,32321,1601842675,1967335770600,39624084
20250714,030720,동원수산,KOSPI,,6270,-230,-3.54,6430,6530,6020,37536,236692870,29179357350,4653805
20250714,014820,동원시스템즈,KOSPI,,31850,-450,-1.39,32000,32250,31750,14329,457372875,923372331700,28991282
20250714,014825,동원시스템즈우,KOSPI,,17950,-50,-0.28,18200,18200,17950,126,2262250,4740792450,264111
20250714,111380,동인기연,KOSPI,,16250,290,1.82,16000,16330,15800,14400,231726560,99580000000,6128000
20250714,163560,동일고무벨트,KOSPI,,7390,20,0.27,7340,7400,7300,34744,254874950,102721000000,13900000
20250714,004890,동일산업,KOSPI,,46750,100,0.21,46250,47000,46250,840,39271750,113378801250,2425215
20250714,002690,동일제강,KOSPI,,1647,2,0.12,1644,1654,1643,14869,24479301,33434692920,20300360
20250714,000020,동화약품,KOSPI,,7010,100,1.45,6910,7020,6890,62178,432941345,195799604700,27931470
20250714,000150,두산,KOSPI,,571000,12000,2.15,560000,577000,556000,119299,67528781000,9435109785000,16523835
20250714,000157,두산2우B,KOSPI,,426000,16500,4.03,423000,440000,409500,11051,4731786750,380434188000,893038
20250714,454910,두산로보틱스,KOSPI,,60900,-800,-1.30,61900,62500,60500,149266,9136962700,3947536782000,64819980
20250714,241560,두산밥캣,KOSPI,,57100,500,0.88,57900,58000,56500,308389,17639842700,5473381311500,95856065
20250714,034020,두산에너빌리티,KOSPI,,60200,-300,-0.50,60800,63000,59000,7522323,454358194850,38561780989200,640561146
20250714,000155,두산우,KOSPI,,376000,35000,10.26,349000,381500,349000,133602,49434772500,1502669712000,3996462
20250714,336260,두산퓨얼셀,KOSPI,,23200,-800,-3.33,23850,23900,22850,348727,8102642800,1519454443200,65493726
20250714,33626K,두산퓨얼셀1우,KOSPI,,6140,60,0.99,6080,6170,6030,86101,526249105,82056188000,13364200
20250714,33626L,두산퓨얼셀2우B,KOSPI,,11230,-80,-0.71,11310,11410,11170,18934,212618070,33536149000,2986300
20250714,016740,두올,KOSPI,,3490,40,1.16,3430,3490,3430,60159,208376580,109254394160,31304984
20250714,192650,드림텍,KOSPI,,6220,20,0.32,6220,6230,6110,91926,567485030,428496055020,68890041
20250714,024090,디씨엠,KOSPI,,14600,90,0.62,14680,14700,14530,5467,79952150,166440000000,11400000
20250714,003160,디아이,KOSPI,,14600,-400,-2.67,15020,15020,14530,200037,2942076380,413180000000,28300000
20250714,092200,디아이씨,KOSPI,,4470,0,0.00,4470,4560,4415,258478,1160080575,173831903430,38888569
20250714,377190,디앤디플랫폼리츠,KOSPI,,3230,-10,-0.31,3240,3240,3210,37200,119867574,285532000000,88400000
20250714,013570,디와이,KOSPI,,4805,5,0.10,4770,4820,4745,66659,318273337,126465836565,26319633
20250714,024900,디와이덕양,KOSPI,,2625,70,2.74,2555,2705,2520,247466,651663852,85483072500,32564980
20250714,210540,디와이파워,KOSPI,,13100,140,1.08,12890,13190,12840,49436,644892585,144646374800,11041708
20250714,032350,롯데관광개발,KOSPI,,17700,-190,-1.06,17850,18050,17640,403071,7165163360,1398853018800,79031244
20250714,089860,롯데렌탈,KOSPI,,34950,400,1.16,34400,35800,34400,73225,2588536800,1269013110600,36309388
20250714,330590,롯데리츠,KOSPI,,3810,-40,-1.04,3850,3860,3745,358925,1358552556,1100971448040,288968884
20250714,000400,롯데손해보험,KOSPI,,2000,55,2.83,1949,2010,1918,1213032,2391186859,620672640000,310336320
20250714,023530,롯데쇼핑,KOSPI,,80500,2400,3.07,78300,80900,77700,80662,6460354950,2277244777500,28288755
20250714,020150,롯데에너지머티리얼즈,KOSPI,,22950,-450,-1.92,23300,23600,22900,78400,1810032775,1201787375850,52365463
20250714,280360,롯데웰푸드,KOSPI,,124200,-100,-0.08,123800,125400,122500,24616,3049389200,1155628090800,9304574
20250714,286940,롯데이노베이트,KOSPI,,22900,-400,-1.72,23400,23450,22800,45552,1045818225,346462504300,15129367
20250714,004000,롯데정밀화학,KOSPI,,40800,-450,-1.09,40850,40950,40500,27105,1104021775,1052640000000,25800000
20250714,004990,롯데지주,KOSPI,,33650,-450,-1.32,33450,34000,32750,2080326,67651126575,3530195825050,104909237
20250714,00499K,롯데지주우,KOSPI,,34800,-850,-2.38,35600,35650,34700,2710,95106050,28034984400,805603
20250714,005300,롯데칠성,KOSPI,,131100,1300,1.00,128000,132800,128000,22243,2915631600,1216461692400,9278884
20250714,005305,롯데칠성우,KOSPI,,79200,1000,1.28,78200,79400,77200,6453,507088100,61404552000,775310
20250714,011170,롯데케미칼,KOSPI,,68300,-1700,-2.43,69200,69300,67700,119010,8122181000,2921561117700,42775419
20250714,071840,롯데하이마트,KOSPI,,9440,240,2.61,9220,9480,9070,70300,659090630,222856801280,23607712
20250714,027740,마니커,KOSPI,,972,3,0.31,965,987,965,572858,559240948,61732913616,63511228
20250714,357430,마스턴프리미어리츠,KOSPI,,1457,8,0.55,1449,1457,1444,75666,109855867,44446232299,30505307
20250714,001080,만호제강,KOSPI,,26000,-200,-0.76,25950,26350,25850,459,11922600,107900000000,4150000
20250714,088980,맥쿼리인프라,KOSPI,,11490,-50,-0.43,11540,11560,11470,846203,9726197545,5502813699570,478921993
20250714,094800,맵스리얼티1,KOSPI,,4450,-50,-1.11,4500,4500,4450,28245,126069638,413112772950,92834331
20250714,138040,메리츠금융지주,KOSPI,,123100,4800,4.06,118000,123600,117900,375215,45508360000,22159781626300,180014473
20250714,090370,메타랩스,KOSPI,,1336,-65,-4.64,1401,1401,1335,116742,157565635,33272664504,24904689
20250714,118000,메타케어,KOSPI,,332,-13,-3.77,348,348,330,743747,250905346,57030084848,171777364
20250714,017180,명문제약,KOSPI,,1669,1,0.06,1671,1671,1660,30319,50578881,56668314726,33953454
20250714,009900,명신산업,KOSPI,,8440,120,1.44,8350,8470,8310,130641,1099416580,442847922520,52470133
20250714,012690,모나리자,KOSPI,,2710,-10,-0.37,2725,2760,2700,123288,334605697,99108101050,36571255
20250714,005360,모나미,KOSPI,,2150,-5,-0.23,2155,2185,2150,31949,69057200,40629210050,18897307
20250714,070960,모나용평,KOSPI,,4970,-60,-1.19,5030,5030,4905,121038,601494864,239222665010,48133333
20250714,009680,모토닉,KOSPI,,11620,280,2.47,11340,11740,11290,183924,2118336595,325941000000,28050000
20250714,009580,무림P&P,KOSPI,,2950,30,1.03,2905,3000,2895,225729,668380461,183986555800,62368324
20250714,009200,무림페이퍼,KOSPI,,2485,145,6.20,2345,2565,2340,1613807,3993024809,103399135350,41609310
20250714,033920,무학,KOSPI,,8690,60,0.70,8650,8700,8500,54987,473827950,247665000000,28500000
20250714,008420,문배철강,KOSPI,,2460,-20,-0.81,2475,2480,2425,104909,257774695,50438622300,20503505
20250714,025560,미래산업,KOSPI,,665,0,0.00,0,0,0,0,0,47695445210,71722474
20250714,007120,미래아이앤지,KOSPI,,1033,0,0.00,1033,1049,1025,61657,63701598,29831602064,28878608
20250714,396690,미래에셋글로벌리츠,KOSPI,,2775,5,0.18,2770,2775,2750,94632,261583913,109906483500,39605940
20250714,357250,미래에셋맵스리츠,KOSPI,,2770,5,0.18,2775,2775,2755,36732,101581169,69236440850,24995105
20250714,085620,미래에셋생명,KOSPI,,7870,510,6.93,7380,7960,7290,1076726,8355236385,1393117407430,177016189
20250714,006800,미래에셋증권,KOSPI,,22150,200,0.91,21550,22200,21350,2487963,54162746575,12632508437200,570316408
20250714,00680K,미래에셋증권2우B,KOSPI,,9960,270,2.79,9690,9960,9560,1251900,12282057420,1369500000000,137500000
20250714,006805,미래에셋증권우,KOSPI,,11070,720,6.96,10400,11200,10320,523110,5673890090,155818552500,14075750
20250714,081660,미스토홀딩스,KOSPI,,37300,250,0.67,36800,37600,36800,83083,3093633675,2241574794700,60095839
20250714,002840,미원상사,KOSPI,,164500,-2700,-1.61,167200,167200,164200,2786,460849250,781375000000,4750000
20250714,268280,미원에스씨,KOSPI,,154400,-600,-0.39,153700,157900,153700,600,92943600,772000000000,5000000
20250714,107590,미원홀딩스,KOSPI,,75700,-1200,-1.56,76900,76900,75000,929,70120400,175624000000,2320000
20250714,134380,미원화학,KOSPI,,82600,1100,1.35,84500,84500,82600,882,73224200,181659536800,2199268
20250714,003650,미창석유,KOSPI,,114000,1200,1.06,112600,114100,112100,1592,180063100,198322608000,1739672
20250714,377740,바이오노트,KOSPI,,5290,40,0.76,5250,5290,5190,105325,551853790,539876493920,102056048
20250714,003610,방림,KOSPI,,4505,25,0.56,4500,4580,4455,33766,152477000,181110721790,40202158
20250714,035150,백산,KOSPI,,15600,200,1.30,15410,15760,15010,76996,1200701925,331500000000,21250000
20250714,002410,범양건영,KOSPI,,1935,0,0.00,0,0,0,0,0,53173451700,27479820
20250714,007210,벽산,KOSPI,,2315,-45,-1.91,2365,2375,2305,277077,643144305,154780900000,66860000
20250714,002760,보락,KOSPI,,1038,-5,-0.48,1045,1050,1033,77459,80352700,62176200000,59900000
20250714,003850,보령,KOSPI,,8590,-50,-0.58,8610,8670,8500,61909,531035610,736912108130,85787207
20250714,000890,보해양조,KOSPI,,499,5,1.01,494,501,492,464844,231270631,69420944371,139120129
20250714,003000,부광약품,KOSPI,,3615,45,1.26,3590,3650,3570,462395,1671098107,247463635665,68454671
20250714,001270,부국증권,KOSPI,,68300,900,1.34,65100,69000,65100,71961,4820911600,708263213800,10369886
20250714,001275,부국증권우,KOSPI,,30550,550,1.83,30000,30700,30000,7732,234822050,91650000000,3000000
20250714,026940,부국철강,KOSPI,,2375,10,0.42,2370,2375,2355,83932,198694173,47500000000,20000000
20250714,011390,부산산업,KOSPI,,98900,200,0.20,98700,100100,97400,6090,597372700,104438400000,1056000
20250714,005030,부산주공,KOSPI,,486,0,0.00,0,0,0,0,0,38288532168,78782988
20250714,002070,비비안,KOSPI,,799,-1,-0.13,800,802,794,415310,331514286,36111665523,45196077
20250714,100220,비상교육,KOSPI,,6740,-180,-2.60,6950,7010,6740,112189,767362850,87598034340,12996741
20250714,090460,비에이치,KOSPI,,12700,-190,-1.47,12910,12910,12680,97638,1242991670,437697613300,34464379
20250714,005180,빙그레,KOSPI,,90700,-300,-0.33,90500,92300,89700,50820,4624108700,866702262100,9555703
20250714,003960,사조대림,KOSPI,,44850,-100,-0.22,45350,45700,44450,41509,1865093375,411026344950,9164467
20250714,008040,사조동아원,KOSPI,,1190,0,0.00,1190,1198,1180,402155,478059039,167962074000,141144600
20250714,007160,사조산업,KOSPI,,55600,-300,-0.54,55400,56700,54800,11454,637418750,278000000000,5000000
20250714,014710,사조씨푸드,KOSPI,,8460,30,0.36,8610,8610,8330,20620,173872450,145668873780,17218543
20250714,006090,사조오양,KOSPI,,10570,30,0.28,10440,10680,10370,7167,75158880,99598351230,9422739
20250714,062040,산일전기,KOSPI,,91300,-100,-0.11,90600,96300,89100,487647,45208900000,2779646760000,30445200
20250714,001470,삼부토건,KOSPI,,347,0,0.00,0,0,0,0,0,79699592928,229681824
20250714,028050,삼성E&A,KOSPI,,25350,550,2.22,24800,25500,24550,863418,21738200525,4968600000000,196000000
20250714,448730,삼성FN리츠,KOSPI,,4555,-30,-0.65,4600,4600,4525,96527,438697759,414732750000,91050000
20250714,006400,삼성SDI,KOSPI,,181100,1700,0.95,180200,181100,176700,399191,71635705400,14594039483000,80585530
20250714,006405,삼성SDI우,KOSPI,,114900,400,0.35,114500,115100,112500,5060,577036800,185896250400,1617896
20250714,006660,삼성공조,KOSPI,,14260,-70,-0.49,14330,14330,14160,23917,340310270,115881237640,8126314
20250714,028260,삼성물산,KOSPI,,183700,11400,6.62,172300,186600,172300,1005710,183549730050,31224691132800,169976544
20250714,02826K,삼성물산우B,KOSPI,,131700,6200,4.94,125500,134100,125500,27692,3655903150,193281603000,1467590
20250714,207940,삼성바이오로직스,KOSPI,,1042000,-15000,-1.42,1054000,1059000,1037000,55795,58271125000,74163308000000,71174000
20250714,032830,삼성생명,KOSPI,,140700,9100,6.91,131500,146800,131500,885106,125355619000,28140000000000,200000000
20250714,018260,삼성에스디에스,KOSPI,,183700,-300,-0.16,180800,187200,178700,341095,62840499650,14214301860000,77377800
20250714,009150,삼성전기,KOSPI,,137500,400,0.29,136700,137800,136100,197188,26991836500,10270383200000,74693696
20250714,009155,삼성전기우,KOSPI,,62600,300,0.48,62300,62800,61700,18340,1139593400,181977198400,2906984
20250714,005930,삼성전자,KOSPI,,62500,-100,-0.16,62300,62600,61800,13563846,843866596500,369977370125000,5919637922
20250714,005935,삼성전자우,KOSPI,,52100,-100,-0.19,52100,52200,51700,876503,45547814350,42512279994400,815974664
20250714,001360,삼성제약,KOSPI,,1668,-12,-0.71,1680,1685,1652,308146,513352441,157062347772,94162079
20250714,010140,삼성중공업,KOSPI,,17440,-100,-0.57,17250,17520,17090,3453112,59877460305,15347200000000,880000000
20250714,016360,삼성증권,KOSPI,,80600,3300,4.27,77000,80800,77000,556311,44114119650,7197580000000,89300000
20250714,068290,삼성출판사,KOSPI,,18780,170,0.91,18750,18850,18430,20930,389901100,187800000000,10000000
20250714,029780,삼성카드,KOSPI,,58400,1800,3.18,56200,59700,56200,172795,10161538750,6766159234400,115858891
20250714,000810,삼성화재,KOSPI,,518000,45000,9.51,476000,526000,476000,169547,87243950500,23833778290000,46011155
20250714,000815,삼성화재우,KOSPI,,377500,27500,7.86,353000,380000,353000,28097,10459939250,1170065025000,3099510
20250714,006110,삼아알미늄,KOSPI,,18010,-190,-1.04,18330,18330,17970,47124,849846730,264961607160,14711916
20250714,145990,삼양사,KOSPI,,59200,600,1.02,58600,59500,58000,23380,1372631950,610556180800,10313449
20250714,145995,삼양사우,KOSPI,,39800,200,0.51,39900,39900,39650,2237,88963850,14728786000,370070
20250714,003230,삼양식품,KOSPI,,1462000,-8000,-0.54,1464000,1496000,1450000,32184,47290630500,11013267930000,7533015
20250714,002170,삼양통상,KOSPI,,58900,0,0.00,58900,59200,58100,1480,86661300,176700000000,3000000
20250714,272550,삼양패키징,KOSPI,,14420,20,0.14,14400,14520,14270,20986,301518660,221072601820,15330971
20250714,000070,삼양홀딩스,KOSPI,,100500,500,0.50,100000,101700,98100,31844,3173121950,875387260500,8710321
20250714,000075,삼양홀딩스우,KOSPI,,98400,400,0.41,98000,98900,96900,114,11162200,15547987200,158008
20250714,003720,삼영,KOSPI,,3885,0,0.00,3885,3925,3865,90727,352557430,132090000000,34000000
20250714,002810,삼영무역,KOSPI,,18010,-10,-0.06,18000,18200,17700,39621,710415750,332589733480,18466948
20250714,005680,삼영전자,KOSPI,,11330,0,0.00,11350,11450,11230,36131,408517250,226600000000,20000000
20250714,023000,삼원강재,KOSPI,,2615,15,0.58,2605,2620,2600,11864,31023617,104600000000,40000000
20250714,004380,삼익THK,KOSPI,,9960,0,0.00,0,0,0,0,0,209160000000,21000000
20250714,002450,삼익악기,KOSPI,,1410,15,1.08,1397,1422,1392,205046,288778098,127648590150,90530915
20250714,004440,삼일씨엔에스,KOSPI,,5150,140,2.79,4970,5170,4970,16868,86189990,65569527050,12731947
20250714,000520,삼일제약,KOSPI,,10140,-220,-2.12,10360,10400,10060,96466,981961420,219954963540,21691811
20250714,009770,삼정펄프,KOSPI,,30850,-50,-0.16,30950,31900,30700,3150,97537750,77124105350,2499971
20250714,005500,삼진제약,KOSPI,,20300,-100,-0.49,20400,20450,20125,20203,408545950,282170000000,13900000
20250714,004690,삼천리,KOSPI,,168700,-3300,-1.92,175100,175200,166900,33007,5589667800,684082717500,4055025
20250714,010960,삼호개발,KOSPI,,3675,10,0.27,3670,3680,3630,52228,191269680,91875000000,25000000
20250714,004450,삼화왕관,KOSPI,,37500,-850,-2.22,38350,38400,37500,570,21593200,80789212500,2154379
20250714,009470,삼화전기,KOSPI,,28200,-700,-2.42,28850,28850,28100,42217,1194260375,186509724000,6613820
20250714,011230,삼화전자,KOSPI,,5520,-110,-1.95,5700,5700,5320,134234,732816860,93302904000,16902700
20250714,001820,삼화콘덴서,KOSPI,,26200,-100,-0.38,26400,26400,25950,15813,413189075,272349000000,10395000
20250714,000390,삼화페인트,KOSPI,,6280,40,0.64,6240,6320,6220,58771,368764920,170837785320,27203469
20250714,001290,상상인증권,KOSPI,,831,-7,-0.84,845,856,812,1789657,1486697723,90028146720,108337120
20250714,041650,상신브레이크,KOSPI,,2985,5,0.17,2975,2995,2960,46455,138521050,64092278250,21471450
20250714,075180,새론오토모티브,KOSPI,,3515,60,1.74,3480,3540,3445,10515,36766875,67488000000,19200000
20250714,007540,샘표,KOSPI,,55500,2400,4.52,53900,59500,53700,133777,7572650450,159606900000,2875800
20250714,248170,샘표식품,KOSPI,,27750,100,0.36,27700,28550,27650,45895,1287392900,126769936500,4568286
20250714,007860,서연,KOSPI,,11920,970,8.86,10930,12080,10930,371384,4365543895,279879740480,23479844
20250714,200880,서연이화,KOSPI,,13120,590,4.71,12540,13280,12430,182516,2364918985,354613093440,27028437
20250714,017390,서울가스,KOSPI,,71400,500,0.71,71400,71800,70100,47076,3334122100,357000000000,5000000
20250714,031210,서울보증보험,KOSPI,,44900,-450,-0.99,49800,49950,44350,443570,20468536600,3134989750200,69821598
20250714,004410,서울식품,KOSPI,,163,-1,-0.61,164,165,161,1736260,281825595,61085156117,374755559
20250714,004415,서울식품우,KOSPI,,1258,5,0.40,1267,1267,1258,16485,20740245,2798421000,2224500
20250714,021050,서원,KOSPI,,1371,1,0.07,1369,1379,1348,220423,300155235,65087662890,47474590
20250714,008490,서흥,KOSPI,,20500,-200,-0.97,20700,20850,20300,18287,374878125,237166816500,11569113
20250714,007610,선도전기,KOSPI,,3000,0,0.00,0,0,0,0,0,54000000000,18000000
20250714,136490,선진,KOSPI,,13590,330,2.49,13260,13790,13260,94789,1284693870,323164818360,23779604
20250714,014910,성문전자,KOSPI,,1251,17,1.38,1234,1270,1231,51454,64256587,28098692235,22460985
20250714,014915,성문전자우,KOSPI,,4680,20,0.43,4695,4695,4660,569,2651710,2808000000,600000
20250714,004980,성신양회,KOSPI,,9710,80,0.83,9660,9770,9580,108850,1051047610,238051068830,24516073
20250714,004985,성신양회우,KOSPI,,11850,-90,-0.75,12080,12080,11810,5884,70005220,8717393250,735645
20250714,011300,성안머티리얼스,KOSPI,,454,-7,-1.52,471,476,452,264235,121514629,70650424450,155617675
20250714,000180,성창기업지주,KOSPI,,1748,16,0.92,1732,1750,1716,83325,144727814,121925796800,69751600
20250714,002420,세기상사,KOSPI,,5750,60,1.05,5730,5800,5630,11738,67043660,34327201000,5969948
20250714,004360,세방,KOSPI,,16420,120,0.74,16300,16430,16090,112195,1823799045,317048689800,19308690
20250714,004365,세방우,KOSPI,,11200,320,2.94,10990,11500,10780,23329,258070940,41319600000,3689250
20250714,004490,세방전지,KOSPI,,72300,200,0.28,71100,72600,70400,44431,3195707400,1012200000000,14000000
20250714,001430,세아베스틸지주,KOSPI,,32250,1250,4.03,30700,33100,30300,323081,10364928525,1156553337750,35862119
20250714,306200,세아제강,KOSPI,,158000,300,0.19,156800,158100,155100,13568,2121853000,448135400000,2836300
20250714,003030,세아제강지주,KOSPI,,231500,500,0.22,228000,231500,222500,16553,3756162000,958793595500,4141657
20250714,019440,세아특수강,KOSPI,,15490,140,0.91,15290,15490,15290,21204,327220605,132749300000,8570000
20250714,058650,세아홀딩스,KOSPI,,141900,1400,1.00,140600,149000,140600,8547,1233168500,567600000000,4000000
20250714,013000,세우글로벌,KOSPI,,1140,-6,-0.52,1147,1150,1136,55055,62953370,32723735340,28705031
20250714,091090,세원이앤씨,KOSPI,,1270,0,0.00,0,0,0,0,0,66998498210,52754723
20250714,021820,세원정공,KOSPI,,12330,0,0.00,12330,12390,12110,35775,438663430,123300000000,10000000
20250714,067830,세이브존I&C,KOSPI,,2950,140,4.98,2810,2960,2810,152560,445676146,121070640250,41040895
20250714,075580,세진중공업,KOSPI,,10540,-70,-0.66,10610,10780,10360,339935,3570795125,599193266240,56849456
20250714,068270,셀트리온,KOSPI,,177000,-1600,-0.90,177400,178900,174700,353485,62301647550,39369394566000,222425958
20250714,336370,솔루스첨단소재,KOSPI,,8370,-280,-3.24,8670,8680,8300,186655,1569863745,587719169280,70217344
20250714,33637K,솔루스첨단소재1우,KOSPI,,1887,1,0.05,1886,1911,1840,190147,360017877,31906841442,16908766
20250714,33637L,솔루스첨단소재2우B,KOSPI,,4350,130,3.08,4280,4415,4220,41337,178048265,16435587600,3778296
20250714,248070,솔루엠,KOSPI,,17410,460,2.71,16990,17600,16990,289922,5046111885,832480668760,47816236
20250714,004430,송원산업,KOSPI,,12700,-40,-0.31,12820,12820,12520,33262,418927205,304800000000,24000000
20250714,017550,수산세보틱스,KOSPI,,1821,2,0.11,1821,1823,1809,79898,144995786,113628815730,62399130
20250714,126720,수산인더스트리,KOSPI,,24150,-400,-1.63,24550,24550,24000,40531,979924500,345006900000,14286000
20250714,053210,스카이라이프,KOSPI,,5270,30,0.57,5240,5280,5200,67946,356177790,250445972850,47522955
20250714,204210,스타에스엠리츠,KOSPI,,2035,0,0.00,0,0,0,0,0,15927568525,7826815
20250714,026890,스틱인베스트먼트,KOSPI,,12280,110,0.90,12200,12380,11970,225521,2750905850,511807989000,41678175
20250714,134790,시디즈,KOSPI,,33750,2050,6.47,31900,40000,31250,353004,12175318150,67500000000,2000000
20250714,462870,시프트업,KOSPI,,44800,-50,-0.11,45300,45850,44800,91981,4162330600,2633421056000,58781720
20250714,016590,신대양제지,KOSPI,,15220,460,3.12,14800,15360,14800,52949,797381220,613332820400,40297820
20250714,029530,신도리코,KOSPI,,52800,-1500,-2.76,54200,54200,51400,20925,1093128600,532225531200,10080029
20250714,004970,신라교역,KOSPI,,10780,190,1.79,10640,10800,10560,29496,314984190,172480000000,16000000
20250714,011930,신성이엔지,KOSPI,,1672,-13,-0.77,1683,1684,1622,7425162,12262067135,344178108472,205848151
20250714,005390,신성통상,KOSPI,,4140,15,0.36,4095,4155,4060,969986,3994593617,594952734600,143708390
20250714,004170,신세계,KOSPI,,197800,12200,6.57,185200,199300,185200,91738,17979783500,1907816801800,9645181
20250714,035510,신세계 I&C,KOSPI,,17570,-740,-4.04,17940,18070,17230,320094,5632947150,245644413000,13980900
20250714,031430,신세계인터내셔날,KOSPI,,13690,1010,7.97,12850,13980,12790,960925,13012416550,483845670000,35343000
20250714,031440,신세계푸드,KOSPI,,42800,350,0.82,43100,44500,42050,32679,1417696950,165742144000,3872480
20250714,006880,신송홀딩스,KOSPI,,8410,30,0.36,8310,8450,8260,91665,766442705,99480695780,11828858
20250714,005800,신영와코루,KOSPI,,14960,260,1.77,14700,15330,14700,15886,237576380,134640000000,9000000
20250714,001720,신영증권,KOSPI,,157600,-4000,-2.48,160300,161000,150800,101219,15798537750,2590944000000,16440000
20250714,009270,신원,KOSPI,,1827,-6,-0.33,1830,1880,1820,2011712,3714634194,202113395064,110625832
20250714,002700,신일전자,KOSPI,,1519,-16,-1.04,1534,1535,1515,979512,1488588654,107921184399,71047521
20250714,002870,신풍,KOSPI,,1273,-16,-1.24,1297,1297,1256,50045,63499657,44502425100,34958700
20250714,019170,신풍제약,KOSPI,,14050,-460,-3.17,14590,14650,13960,223905,3175861265,744439109500,52984990
20250714,019175,신풍제약우,KOSPI,,29250,-1550,-5.03,30700,30700,29200,9760,287335100,64350000000,2200000
20250714,481850,신한글로벌액티브리츠,KOSPI,,1490,10,0.68,1484,1496,1475,106395,158063351,64781719360,43477664
20250714,404990,신한서부티엔디리츠,KOSPI,,3770,-30,-0.79,3820,3820,3705,114644,432876095,212084117180,56255734
20250714,293940,신한알파리츠,KOSPI,,5530,-70,-1.25,5600,5600,5490,348003,1922839250,668798880190,120940123
20250714,055550,신한지주,KOSPI,,71800,2500,3.61,69200,72200,69200,1533140,109061567550,34858536261200,485494934
20250714,004080,신흥,KOSPI,,14390,-110,-0.76,14500,14500,14370,4463,64359900,136705000000,9500000
20250714,102280,쌍방울,KOSPI,,2690,0,0.00,0,0,0,0,0,70637274900,26259210
20250714,004770,써니전자,KOSPI,,1815,-11,-0.60,1800,1830,1791,233255,422067757,66615734460,36702884
20250714,403550,쏘카,KOSPI,,13130,-60,-0.45,13250,13250,13060,2570,33738900,431214173260,32841902
20250714,004920,씨아이테크,KOSPI,,1250,-25,-1.96,1275,1292,1250,85901,108178049,62582241250,50065793
20250714,112610,씨에스윈드,KOSPI,,47350,-1050,-2.17,48350,48350,47150,155575,7389553050,1996815932050,42171403
20250714,480370,씨케이솔루션,KOSPI,,12000,-170,-1.40,12170,12170,11940,54842,659668650,131218332000,10934861
20250714,308170,씨티알모빌리티,KOSPI,,5570,60,1.09,5540,5650,5450,9691,53342970,47957700000,8610000
20250714,008700,아남전자,KOSPI,,1515,-6,-0.39,1521,1540,1510,334181,508868182,116844102300,77124820
20250714,090430,아모레퍼시픽,KOSPI,,139600,6800,5.12,134300,141200,133800,661213,91516516700,8165589156400,58492759
20250714,090435,아모레퍼시픽우,KOSPI,,46300,2500,5.71,44500,46550,44200,149029,6822375900,488827529000,10557830
20250714,002790,아모레퍼시픽홀딩스,KOSPI,,33900,1000,3.04,33200,34300,33200,314529,10627816850,2693632302000,79458180
20250714,00279K,아모레퍼시픽홀딩스3우C,KOSPI,,25400,600,2.42,25050,25600,24800,9933,251383725,180141880000,7092200
20250714,002795,아모레퍼시픽홀딩스우,KOSPI,,13650,390,2.94,13790,13790,13300,36819,501137400,87957460500,6443770
20250714,002030,아세아,KOSPI,,333000,-4500,-1.33,337500,341000,330500,6530,2178544500,694018620000,2084140
20250714,183190,아세아시멘트,KOSPI,,12590,410,3.37,12180,12590,12180,63957,797407910,470195834300,37346770
20250714,002310,아세아제지,KOSPI,,8810,-120,-1.34,8860,8920,8720,88408,780512765,366782413100,41632510
20250714,012170,아센디오,KOSPI,,3240,-70,-2.11,3310,3320,3155,50581,162474431,35230927320,10873743
20250714,267850,아시아나IDT,KOSPI,,12530,180,1.46,12350,12570,12350,15784,197083145,139083000000,11100000
20250714,020560,아시아나항공,KOSPI,,10110,80,0.80,10030,10280,9920,164541,1667698135,2082566088210,205990711
20250714,122900,아이마켓코리아,KOSPI,,8570,40,0.47,8530,8570,8480,32558,278072020,286485158800,33428840
20250714,010780,아이에스동서,KOSPI,,21800,-200,-0.91,22050,22050,21600,11933,259536025,658076076800,30186976
20250714,031820,아이티센씨티에스,KOSPI,,659,-6,-0.90,665,667,653,274086,180048891,79772916094,121051466
20250714,139990,아주스틸,KOSPI,,4025,-10,-0.25,4055,4070,4005,18125,72728317,155990541350,38755414
20250714,009320,아진전자부품,KOSPI,,1003,0,0.00,1003,1003,998,54945,54954106,49447669310,49299770
20250714,001780,알루코,KOSPI,,2335,-20,-0.85,2355,2360,2315,197413,460649364,226098358220,96830132
20250714,018250,애경산업,KOSPI,,18590,2330,14.33,16360,19230,16250,1624581,29023044540,490960691650,26409935
20250714,161000,애경케미칼,KOSPI,,12820,-200,-1.54,12800,12910,12340,1053510,13278346645,623676449380,48648709
20250714,011090,에넥스,KOSPI,,679,9,1.34,667,682,660,190927,128070153,40734324239,59991641
20250714,137310,에스디바이오센서,KOSPI,,10320,-10,-0.10,10260,10370,10220,75249,774722425,1256450732640,121749102
20250714,005850,에스엘,KOSPI,,32800,550,1.71,32250,33450,32000,146898,4829553700,1523511456000,46448520
20250714,010580,에스엠벡셀,KOSPI,,1637,-9,-0.55,1658,1672,1550,105172,170752983,182119131120,111251760
20250714,012750,에스원,KOSPI,,71500,200,0.28,70600,71900,70600,26908,1923436000,2716941227000,37999178
20250714,023960,에쓰씨엔지니어링,KOSPI,,1337,10,0.75,1320,1340,1302,134811,177712855,48613612803,36360219
20250714,298690,에어부산,KOSPI,,2230,5,0.22,2205,2260,2200,309677,693823697,260107200000,116640000
20250714,140910,에이리츠,KOSPI,,3130,0,0.00,0,0,0,0,0,13969290160,4463032
20250714,078520,에이블씨엔씨,KOSPI,,8930,270,3.12,8870,9030,8550,1079650,9546068270,232306457730,26014161
20250714,015260,에이엔피,KOSPI,,548,-2,-0.36,545,579,541,2386861,1325574520,24724057912,45116894
20250714,007460,에이프로젠,KOSPI,,659,-14,-2.08,672,675,655,1220643,808419973,205493779484,311826676
20250714,003060,에이프로젠바이오로직스,KOSPI,,658,-15,-2.23,671,673,651,473930,312546336,130552362010,198407845
20250714,244920,에이플러스에셋,KOSPI,,6440,130,2.06,6440,6500,6250,180932,1162164930,145593542920,22607693
20250714,278470,에이피알,KOSPI,,174200,7900,4.75,175300,178000,169800,525328,91517914400,6627274381000,38044055
20250714,450080,에코프로머티,KOSPI,,51600,100,0.19,52200,52300,51200,431642,22332325650,3608513078400,69932424
20250714,019490,엑시큐어하이트론,KOSPI,,674,17,2.59,656,694,649,1216563,819199665,51515349980,76432270
20250714,036570,엔씨소프트,KOSPI,,212000,500,0.24,213000,216500,209000,80056,17028720500,4567332664000,21544022
20250714,085310,엔케이,KOSPI,,834,-1,-0.12,834,845,826,65034,54052934,65786188548,78880322
20250714,900140,엘브이엠씨홀딩스,KOSPI,,2085,86,4.30,2025,2100,1999,1098720,2262590191,402906300720,193240432
20250714,066970,엘앤에프,KOSPI,,56100,-1900,-3.28,57200,57400,55200,381062,21366492450,2037337361400,36316174
20250714,097520,엠씨넥스,KOSPI,,27650,800,2.98,27000,27650,26900,64757,1768912375,497084289800,17977732
20250714,484870,엠앤씨솔루션,KOSPI,,168300,5600,3.44,165000,181100,165000,55957,9573329450,1540601370000,9153900
20250714,014440,영보화학,KOSPI,,4615,50,1.10,4565,4620,4545,78698,361381913,92300000000,20000000
20250714,111770,영원무역,KOSPI,,62400,2200,3.65,59600,62600,58700,64042,3922829850,2765035603200,44311468
20250714,009970,영원무역홀딩스,KOSPI,,143000,5000,3.62,138000,144000,136600,27086,3855579650,1930390891000,13499237
20250714,003520,영진약품,KOSPI,,2270,0,0.00,2270,2310,2245,380821,862037143,415166499370,182892731
20250714,000670,영풍,KOSPI,,45850,-400,-0.86,45800,46300,45200,18499,844315800,876122432500,19108450
20250714,006740,영풍제지,KOSPI,,1069,-15,-1.38,1084,1091,1064,98264,105135304,59764816042,55907218
20250714,012280,영화금속,KOSPI,,866,2,0.23,864,868,863,23505,20332302,44741461330,51664505
20250714,012160,영흥,KOSPI,,687,15,2.23,672,730,671,1110876,768414879,69600225564,101310372
20250714,007310,오뚜기,KOSPI,,411000,1500,0.37,408000,413000,407500,9846,4046037750,1647218130000,4007830
20250714,002630,오리엔트바이오,KOSPI,,743,-29,-3.76,772,772,736,1474082,1103835917,88107172715,118583005
20250714,271560,오리온,KOSPI,,121000,300,0.25,119700,121500,119700,78075,9422535300,4783871972000,39536132
20250714,001800,오리온홀딩스,KOSPI,,25450,900,3.67,24900,25750,24450,234826,5913035475,1594325989900,62645422
20250714,005320,온타이드,KOSPI,,568,0,0.00,568,585,559,497972,283407609,38352621528,67522221
20250714,011690,와이투솔루션,KOSPI,,3420,25,0.74,3410,3435,3330,183205,619536784,125084427480,36574394
20250714,316140,우리금융지주,KOSPI,,26700,850,3.29,25900,26800,25800,2788163,73760764475,19827193076700,742591501
20250714,006980,우성,KOSPI,,18460,230,1.26,18170,18470,18020,2755,50130410,57041400000,3090000
20250714,017370,우신시스템,KOSPI,,7950,110,1.40,7910,8000,7820,34881,276045775,145596729300,18314054
20250714,105840,우진,KOSPI,,9910,-60,-0.60,9990,10150,9800,108205,1072112865,200158909700,20197670
20250714,010400,우진아이엔에스,KOSPI,,2685,-10,-0.37,2695,2695,2665,2683,7185575,20465070000,7622000
20250714,049800,우진플라임,KOSPI,,2020,0,0.00,2025,2030,2005,20981,42456445,40400000000,20000000
20250714,016880,웅진,KOSPI,,2610,-100,-3.69,2665,2695,2550,753069,1979836548,208609678800,79927080
20250714,095720,웅진씽크빅,KOSPI,,2200,-10,-0.45,2200,2250,2170,466303,1028941269,254113167000,115505985
20250714,005820,원림,KOSPI,,16210,-230,-1.40,16240,16270,16210,1863,30254250,37250093700,2297970
20250714,010600,웰바이오텍,KOSPI,,545,0,0.00,0,0,0,0,0,49553256815,90923407
20250714,008600,윌비스,KOSPI,,431,-12,-2.71,443,444,431,319149,138803619,28978732809,67236039
20250714,033270,유나이티드제약,KOSPI,,21850,0,0.00,21800,22200,21750,53528,1177982875,356894010700,16333822
20250714,014830,유니드,KOSPI,,89000,-3300,-3.58,91900,92000,88200,79302,7067121900,602316400000,6767600
20250714,446070,유니드비티플러스,KOSPI,,4465,5,0.11,4480,4480,4435,13227,58948440,47379074975,10611215
20250714,000910,유니온,KOSPI,,4990,225,4.72,4870,5040,4830,913245,4533687856,77901978810,15611619
20250714,047400,유니온머티리얼,KOSPI,,1667,40,2.46,1640,1682,1620,260586,431055850,70014000000,42000000
20250714,011330,유니켐,KOSPI,,1623,10,0.62,1633,1654,1510,569301,916736195,157888111458,97281646
20250714,077500,유니퀘스트,KOSPI,,6010,50,0.84,5960,6040,5940,64954,389990910,129816613020,21600102
20250714,002920,유성기업,KOSPI,,2440,90,3.83,2350,2465,2350,81531,197430910,63311900000,25947500
20250714,000700,유수홀딩스,KOSPI,,6500,100,1.56,6450,6520,6330,37162,238775685,169271778000,26041812
20250714,003470,유안타증권,KOSPI,,4540,160,3.65,4385,4555,4325,1606403,7150052905,906168455040,199596576
20250714,003475,유안타증권우,KOSPI,,4295,60,1.42,4245,4300,4200,44286,189238434,55457950540,12912212
20250714,072130,유엔젤,KOSPI,,5500,-140,-2.48,5580,5630,5340,121018,660193940,70924997000,12895454
20250714,000220,유유제약,KOSPI,,4665,-20,-0.43,4690,4705,4640,39785,185436181,79455917415,17032351
20250714,000225,유유제약1우,KOSPI,,5050,0,0.00,5090,5100,5030,2496,12616340,11447996500,2266930
20250714,000227,유유제약2우B,KOSPI,,10670,30,0.28,10750,10750,10510,3218,34390700,3473725200,325560
20250714,001200,유진투자증권,KOSPI,,4195,80,1.94,4115,4240,4045,2446294,10164200880,406354623510,96866418
20250714,000100,유한양행,KOSPI,,111400,-300,-0.27,112300,113300,110500,231405,25768814700,8908483881800,79968437
20250714,000105,유한양행우,KOSPI,,98000,-400,-0.41,98400,99100,97400,3066,300758500,115732120000,1180940
20250714,003460,유화증권,KOSPI,,3330,-20,-0.60,3325,3345,3230,233619,766619396,188819041950,56702415
20250714,003465,유화증권우,KOSPI,,2855,5,0.18,2910,2910,2830,11488,32734775,49895193375,17476425
20250714,008730,율촌화학,KOSPI,,27300,-550,-1.97,27800,27850,26850,136970,3722729500,677040000000,24800000
20250714,008250,이건산업,KOSPI,,5770,-10,-0.17,5760,5820,5460,34544,196906695,63196703950,10952635
20250714,025820,이구산업,KOSPI,,5220,-100,-1.88,5290,5430,5220,1344033,7128495740,174567240000,33442000
20250714,214320,이노션,KOSPI,,21850,900,4.30,21000,21900,20950,186937,4022724475,874000000000,40000000
20250714,088260,이리츠코크렙,KOSPI,,4570,-10,-0.22,4590,4590,4535,48110,219561767,289471066300,63341590
20250714,139480,이마트,KOSPI,,99100,2900,3.01,96700,100000,96400,171719,16997321400,2734745662900,27595819
20250714,457190,이수스페셜티케미컬,KOSPI,,41550,-1100,-2.58,42700,42700,41400,162541,6792854325,1255154034000,30208280
20250714,007660,이수페타시스,KOSPI,,56200,600,1.08,55900,57300,55300,699249,39538213550,4125598107800,73409219
20250714,005950,이수화학,KOSPI,,6210,-30,-0.48,6280,6280,6160,30787,191294390,163286789490,26294169
20250714,015020,이스타코,KOSPI,,702,-5,-0.71,707,711,695,258378,180370427,30081823200,42851600
20250714,093230,이아이디,KOSPI,,1392,0,0.00,0,0,0,0,0,354103029120,254384360
20250714,074610,이엔플러스,KOSPI,,511,0,0.00,0,0,0,0,0,37494486519,73374729
20250714,102460,이연제약,KOSPI,,12010,50,0.42,12020,12140,11930,31375,376278370,223227600110,18586811
20250714,084680,이월드,KOSPI,,1676,11,0.66,1685,1685,1655,95707,159386135,237667179468,141806193
20250714,350520,이지스레지던스리츠,KOSPI,,4130,0,0.00,4130,4130,4105,55139,226938020,152257414260,36866202
20250714,334890,이지스밸류플러스리츠,KOSPI,,4640,-35,-0.75,4675,4685,4600,96634,447910232,238697696160,51443469
20250714,000760,이화산업,KOSPI,,13180,150,1.15,13010,13230,12940,2069,27114830,36904000000,2800000
20250714,014990,인디에프,KOSPI,,1373,-29,-2.07,1420,1420,1349,986742,1360520655,103130142135,75112995
20250714,101140,인바이오젠,KOSPI,,11220,70,0.63,11060,11380,10970,8381,93354940,112696103520,10044216
20250714,006490,인스코비,KOSPI,,1367,-51,-3.60,1430,1430,1359,1286960,1776924107,170192970892,124501076
20250714,023800,인지컨트롤스,KOSPI,,6160,-10,-0.16,6180,6180,6100,32149,197735340,97384653520,15809197
20250714,034590,인천도시가스,KOSPI,,26650,-150,-0.56,26800,26800,26600,4086,109154400,116587194100,4374754
20250714,129260,인터지스,KOSPI,,3295,85,2.65,3210,3470,3170,1304185,4352214682,98019244830,29747874
20250714,023810,인팩,KOSPI,,6270,110,1.79,6160,6270,6110,32547,201761145,62700000000,10000000
20250714,249420,일동제약,KOSPI,,19720,1260,6.83,19000,19720,19000,703115,13642575140,553392519720,28062501
20250714,000230,일동홀딩스,KOSPI,,9440,390,4.31,9100,9520,9060,181900,1706612995,108941376000,11540400
20250714,013360,일성건설,KOSPI,,1714,-44,-2.50,1760,1760,1705,270965,467694490,92598644320,54024880
20250714,003120,일성아이에스,KOSPI,,27900,-750,-2.62,28400,28900,26800,140318,3859329200,371070000000,13300000
20250714,003200,일신방직,KOSPI,,11750,120,1.03,11670,11790,11590,22745,266127660,269780000000,22960000
20250714,007110,일신석재,KOSPI,,2365,-30,-1.25,2410,2415,2350,823554,1957003198,183184882650,77456610
20250714,007570,일양약품,KOSPI,,14050,90,0.64,13970,14140,13960,34451,483747700,268153579200,19085664
20250714,007575,일양약품우,KOSPI,,14760,-130,-0.87,14790,14790,14550,541,7921800,6569380800,445080
20250714,008500,일정실업,KOSPI,,12270,270,2.25,12020,12500,12000,8053,98242960,14724000000,1200000
20250714,081000,일진다이아,KOSPI,,13490,80,0.60,13410,13610,13320,12532,168248200,191598132750,14202975
20250714,020760,일진디스플,KOSPI,,903,-34,-3.63,963,963,870,244683,221772060,46516908123,51513741
20250714,103590,일진전기,KOSPI,,37800,-400,-1.05,38000,38750,37200,313167,11843470650,1802507742000,47685390
20250714,271940,일진하이솔루스,KOSPI,,17530,400,2.34,17300,17910,17180,102120,1798518005,636570220700,36313190
20250714,015860,일진홀딩스,KOSPI,,6270,110,1.79,6160,6330,6100,216005,1348442170,309408718410,49347483
20250714,226320,잇츠한불,KOSPI,,14360,70,0.49,14790,14870,14180,153325,2223476445,314904963400,21929315
20250714,317400,자이에스앤디,KOSPI,,3695,10,0.27,3685,3765,3630,60847,224310909,143301411400,38782520
20250714,033240,자화전자,KOSPI,,16900,-70,-0.41,17100,17100,16650,64402,1083440395,367687148400,21756636
20250714,000950,전방,KOSPI,,44000,-500,-1.12,45400,45850,43800,7528,335209425,73920000000,1680000
20250714,079900,전진건설로봇,KOSPI,,49400,-1200,-2.37,50500,50600,49350,71299,3545389075,720871723000,14592545
20250714,348950,제이알글로벌리츠,KOSPI,,2615,-15,-0.57,2650,2650,2605,427366,1116885750,516138240000,197376000
20250714,194370,제이에스코퍼레이션,KOSPI,,13590,-40,-0.29,13430,13760,13230,266136,3593046980,392850193410,28907299
20250714,025620,제이준코스메틱,KOSPI,,7340,10,0.14,7350,7500,7260,24503,181645210,58945690320,8030748
20250714,030000,제일기획,KOSPI,,22400,750,3.46,21800,22400,21800,596660,13257576850,2576923440000,115041225
20250714,271980,제일약품,KOSPI,,15420,110,0.72,15650,15730,15220,37249,575858670,226749126240,14704872
20250714,001560,제일연마,KOSPI,,10700,150,1.42,10700,10970,10530,18699,200898150,104860000000,9800000
20250714,002620,제일파마홀딩스,KOSPI,,9280,0,0.00,9280,9380,9140,15074,139285010,148232734400,15973355
20250714,006220,제주은행,KOSPI,,17670,-170,-0.95,17930,18450,17510,1826315,32984254370,667900502190,37798557
20250714,089590,제주항공,KOSPI,,7260,30,0.41,7230,7330,7170,173519,1260125485,585453551100,80640985
20250714,004910,조광페인트,KOSPI,,5940,150,2.59,5810,5980,5780,69074,407817870,76032000000,12800000
20250714,004700,조광피혁,KOSPI,,81100,1300,1.63,79800,87600,77000,55021,4489036700,539245091800,6649138
20250714,001550,조비,KOSPI,,14320,-190,-1.31,14490,14520,14190,25837,370673980,74352862480,5192239
20250714,462520,조선내화,KOSPI,,13930,360,2.65,13610,13980,13610,11170,154689580,165142490240,11855168
20250714,120030,조선선재,KOSPI,,106600,-1200,-1.11,107700,107700,105000,1931,204941600,134065596600,1257651
20250714,018470,조일알미늄,KOSPI,,1510,-13,-0.85,1520,1520,1499,281794,424042092,191213898710,126631721
20250714,002600,조흥,KOSPI,,157000,-1200,-0.76,160000,160000,157000,31,4906200,94200000000,600000
20250714,185750,종근당,KOSPI,,84200,-300,-0.36,84200,84900,83800,16410,1379891200,1162194076000,13802780
20250714,063160,종근당바이오,KOSPI,,24050,250,1.05,23800,24300,23600,49154,1181549825,131937386100,5485962
20250714,001630,종근당홀딩스,KOSPI,,54800,-400,-0.72,55200,55200,54100,4133,225634750,274540382800,5009861
20250714,109070,주성코퍼레이션,KOSPI,,870,-4,-0.46,874,895,864,107284,93349658,45944900100,52810230
20250714,044380,주연테크,KOSPI,,426,-13,-2.96,440,444,422,431340,185412554,28288040952,66403852
20250714,013890,지누스,KOSPI,,18620,-110,-0.59,18940,18960,18350,64035,1194808345,414380205120,22254576
20250714,013870,지엠비코리아,KOSPI,,4240,15,0.36,4230,4265,4180,19582,82728055,80866467200,19072280
20250714,071320,지역난방공사,KOSPI,,93200,2900,3.21,89600,93800,89200,29387,2716519200,1079138940800,11578744
20250714,088790,진도,KOSPI,,2085,5,0.24,2080,2095,2045,15175,31426545,25953546240,12447744
20250714,003780,진양산업,KOSPI,,5710,20,0.35,5690,5730,5670,48930,279147925,74230000000,13000000
20250714,010640,진양폴리,KOSPI,,3990,0,0.00,3990,4025,3985,48390,193867753,39900000000,10000000
20250714,100250,진양홀딩스,KOSPI,,3545,35,1.00,3520,3580,3495,158862,560165538,198148810140,55895292
20250714,051630,진양화학,KOSPI,,2015,0,0.00,2015,2030,2000,32492,65558290,42718000000,21200000
20250714,272450,진에어,KOSPI,,9490,60,0.64,9410,9660,9300,296044,2808941670,495378000000,52200000
20250714,011000,진원생명과학,KOSPI,,2430,-45,-1.82,2475,2480,2395,306561,743815630,206348511690,84917083
20250714,002780,진흥기업,KOSPI,,783,-3,-0.38,784,789,780,173285,135715714,113904376335,145471745
20250714,002787,진흥기업2우B,KOSPI,,7940,0,0.00,8100,8100,7850,2193,17302210,2340775520,294808
20250714,002785,진흥기업우B,KOSPI,,3545,-25,-0.70,3545,3585,3540,344,1227150,3038837810,857218
20250714,009310,참엔지니어링,KOSPI,,1383,2,0.14,1381,1418,1365,12144,16908873,23474326989,16973483
20250714,000650,천일고속,KOSPI,,42200,400,0.96,41850,42300,41450,408,17055350,60313084000,1429220
20250714,033250,체시스,KOSPI,,1190,-29,-2.38,1230,1230,1186,281044,337862897,38080000000,32000000
20250714,035720,카카오,KOSPI,,58300,-1700,-2.83,59500,59600,56500,3469359,200495860900,25769399992600,442013722
20250714,323410,카카오뱅크,KOSPI,,30950,-400,-1.28,30850,31100,30150,1499276,46104527625,14762823075150,476989437
20250714,377300,카카오페이,KOSPI,,69700,-9900,-12.44,77800,77800,69200,3550335,256836953100,9388358735400,134696682
20250714,006380,카프로,KOSPI,,3660,0,0.00,0,0,0,0,0,618539985360,168999996
20250714,001620,케이비아이동국실업,KOSPI,,521,2,0.39,518,535,517,139312,72957584,57983669151,111293031
20250714,029460,케이씨,KOSPI,,26000,1400,5.69,24900,26100,24700,103931,2667547750,344012838000,13231263
20250714,281820,케이씨텍,KOSPI,,27500,-450,-1.61,28450,28450,27500,51511,1427846150,568983882500,20690323
20250714,381970,케이카,KOSPI,,17080,1070,6.68,16150,17150,16110,318619,5329144110,822949806840,48182073
20250714,145270,케이탑리츠,KOSPI,,963,2,0.21,963,965,952,156189,150018330,46282525362,48060774
20250714,417310,코람코더원리츠,KOSPI,,5270,0,0.00,5260,5320,5190,77813,406467525,212908000000,40400000
20250714,357120,코람코라이프인프라리츠,KOSPI,,4470,-45,-1.00,4515,4515,4445,68755,306525422,435089032380,97335354
20250714,007815,코리아써우,KOSPI,,6070,-20,-0.33,6080,6090,5970,25,151130,17995668300,2964690
20250714,007810,코리아써키트,KOSPI,,11430,10,0.09,11540,11540,11250,30743,350312210,269985183930,23620751
20250714,00781K,코리아써키트2우B,KOSPI,,5660,30,0.53,5660,5660,5500,59,331380,4435736340,783699
20250714,003690,코리안리,KOSPI,,11600,450,4.04,11180,11600,11180,896006,10276741530,2259923959600,194821031
20250714,192820,코스맥스,KOSPI,,252500,7000,2.85,246000,254500,242000,120698,30189809500,2865751022500,11349509
20250714,044820,코스맥스비티아이,KOSPI,,22600,1700,8.13,21800,22750,20900,77103,1710979400,217048614600,9603921
20250714,005070,코스모신소재,KOSPI,,37000,-100,-0.27,37250,37350,36250,227694,8367881000,1202897972000,32510756
20250714,005420,코스모화학,KOSPI,,15330,-90,-0.58,15490,15600,15150,101878,1561547125,588798135240,38408228
20250714,071950,코아스,KOSPI,,8500,-260,-2.97,9140,9140,8350,18189,154774810,27971120000,3290720
20250714,002020,코오롱,KOSPI,,58800,3900,7.10,54500,60400,54000,547209,31740027300,742433848800,12626426
20250714,138490,코오롱ENP,KOSPI,,7220,40,0.56,7170,7400,7040,234022,1695157835,274360000000,38000000
20250714,003070,코오롱글로벌,KOSPI,,10250,50,0.49,10290,10290,10110,22862,232934660,194060308250,18932713
20250714,003075,코오롱글로벌우,KOSPI,,16190,70,0.43,16300,16300,16110,1324,21414730,11992532030,740737
20250714,450140,코오롱모빌리티그룹,KOSPI,,2625,60,2.34,2565,2650,2525,711362,1863505939,164790281250,62777250
20250714,45014K,코오롱모빌리티그룹우,KOSPI,,4530,30,0.67,4500,4540,4490,11643,52510815,11126223600,2456120
20250714,002025,코오롱우,KOSPI,,28950,1850,6.83,27000,29250,26350,34272,971603450,31161490500,1076390
20250714,120110,코오롱인더,KOSPI,,45700,-450,-0.98,46250,46650,45350,173485,7976261325,1257622458700,27519091
20250714,120115,코오롱인더우,KOSPI,,26000,800,3.17,25200,26150,25200,29604,763350275,71964360000,2767860
20250714,021240,코웨이,KOSPI,,104200,1700,1.66,103500,104500,101000,240238,24842022400,7492931658600,71909133
20250714,036420,콘텐트리중앙,KOSPI,,10990,-340,-3.00,11330,11350,10910,75677,834379545,211692764920,19262308
20250714,024720,콜마홀딩스,KOSPI,,15800,340,2.20,16230,16390,15660,464090,7423139000,541880892200,34296259
20250714,192400,쿠쿠홀딩스,KOSPI,,33450,1000,3.08,32300,33600,32300,32788,1084193425,1189555088250,35562185
20250714,284740,쿠쿠홈시스,KOSPI,,30150,2500,9.04,27500,30500,27500,178899,5270139775,676485499500,22437330
20250714,264900,크라운제과,KOSPI,,9690,100,1.04,9600,9890,9510,44556,432316705,121356106500,12523850
20250714,26490K,크라운제과우,KOSPI,,10460,50,0.48,10360,10540,10360,1689,17669430,8091437600,773560
20250714,005740,크라운해태홀딩스,KOSPI,,9490,670,7.60,8770,9750,8750,950315,8940893460,140901323030,14847347
20250714,005745,크라운해태홀딩스우,KOSPI,,9560,220,2.36,9340,9590,9340,4858,46352230,5742940560,600726
20250714,259960,크래프톤,KOSPI,,347000,-6500,-1.84,352000,352500,343500,141270,48993261750,16444564572000,47390676
20250714,020120,키다리스튜디오,KOSPI,,3985,-50,-1.24,4035,4080,3960,121219,483789007,147699107510,37063766
20250714,039490,키움증권,KOSPI,,240000,2000,0.84,236500,240500,233500,174875,41515332250,6161025120000,25670938
20250714,014580,태경비케이,KOSPI,,5200,60,1.17,5220,5240,5115,306092,1581983920,143432120000,27583100
20250714,015890,태경산업,KOSPI,,5520,90,1.66,5460,5550,5400,135751,743997860,161342700000,29228750
20250714,006890,태경케미컬,KOSPI,,11150,-30,-0.27,11180,11190,10930,73821,815598020,129340000000,11600000
20250714,003240,태광산업,KOSPI,,1236000,6000,0.49,1201000,1250000,1155000,5242,6311734500,1376162400000,1113400
20250714,011280,태림포장,KOSPI,,2190,0,0.00,2170,2220,2150,58425,127429655,155065008600,70805940
20250714,004100,태양금속,KOSPI,,2615,-65,-2.43,2670,2685,2610,270635,714005222,95970500000,36700000
20250714,004105,태양금속우,KOSPI,,3710,-95,-2.50,3730,3770,3630,84099,311579612,12243000000,3300000
20250714,009410,태영건설,KOSPI,,2780,-30,-1.07,2835,2860,2740,62299,173842844,818620689720,294467874
20250714,009415,태영건설우,KOSPI,,5800,50,0.87,5750,5850,5750,1660,9561130,3769849200,649974
20250714,001420,태원물산,KOSPI,,3960,-80,-1.98,4040,4040,3915,6674,26312655,30096000000,7600000
20250714,055490,테이팩스,KOSPI,,13890,-500,-3.47,14390,14390,13790,24117,336999940,66250438500,4769650
20250714,078000,텔코웨어,KOSPI,,15400,-570,-3.57,15830,16050,15280,58688,914235205,142297185800,9240077
20250714,214420,토니모리,KOSPI,,11670,490,4.38,12100,12330,11440,2614076,31280177750,280719504330,24054799
20250714,019180,티에이치엔,KOSPI,,2970,5,0.17,2965,2970,2950,88237,261629265,53460000000,18000000
20250714,363280,티와이홀딩스,KOSPI,,4415,110,2.56,4345,4620,4320,308687,1379396064,222645218220,50429268
20250714,36328K,티와이홀딩스우,KOSPI,,6360,160,2.58,6140,6450,6140,16838,107022740,7905569040,1243014
20250714,091810,티웨이항공,KOSPI,,2035,5,0.25,2035,2045,2005,553234,1121702196,438296216160,215378976
20250714,004870,티웨이홀딩스,KOSPI,,685,-7,-1.01,690,692,679,208003,141946338,77516993390,113163494
20250714,034230,파라다이스,KOSPI,,18590,-190,-1.01,18940,18950,18340,757940,14077382325,1695974864870,91230493
20250714,005690,파미셀,KOSPI,,13020,880,7.25,12180,13630,12180,2669888,34685231495,781420871280,60016964
20250714,036580,팜스코,KOSPI,,3245,70,2.20,3175,3265,3175,77200,249016230,119182175035,36727943
20250714,004720,팜젠사이언스,KOSPI,,4365,40,0.92,4330,4385,4295,59736,259163275,80795202795,18509783
20250714,028670,팬오션,KOSPI,,4140,95,2.35,4075,4215,4015,3605770,14909583141,2213117779680,534569512
20250714,010820,퍼스텍,KOSPI,,4085,160,4.08,3970,4230,3955,1935373,7968627128,199233366730,48771938
20250714,016800,퍼시스,KOSPI,,47900,-950,-1.94,48850,49300,47900,774,37599200,550850000000,11500000
20250714,001020,페이퍼코리아,KOSPI,,729,-1,-0.14,744,744,724,30935,22682049,129749835177,177983313
20250714,090080,평화산업,KOSPI,,1119,-1,-0.09,1126,1130,1107,340946,379936374,61435627821,54902259
20250714,010770,평화홀딩스,KOSPI,,6180,-60,-0.96,6190,6290,6020,165649,1023095850,90385379880,14625466
20250714,022100,포스코DX,KOSPI,,24350,200,0.83,24550,24550,24100,325359,7919114325,3702045651150,152034729
20250714,058430,포스코스틸리온,KOSPI,,41750,500,1.21,41600,42000,41050,14205,589341500,250500000000,6000000
20250714,047050,포스코인터내셔널,KOSPI,,52400,900,1.75,51500,52800,51200,390355,20313520050,9218354091200,175922788
20250714,003670,포스코퓨처엠,KOSPI,,137600,-1400,-1.01,142000,142200,135300,351165,48316562450,10658939072000,77463220
20250714,017810,풀무원,KOSPI,,12720,80,0.63,12790,12890,12650,116284,1487515390,484893294240,38120542
20250714,103140,풍산,KOSPI,,132400,-2300,-1.71,136000,138400,127900,438194,57738527750,3710414407200,28024278
20250714,005810,풍산홀딩스,KOSPI,,50400,-1500,-2.89,52000,53100,49950,113582,5764143250,726631516800,14417292
20250714,950210,프레스티지바이오파마,KOSPI,,17600,-830,-4.50,18430,18880,17400,483376,8665681590,1057692328000,60096155
20250714,009810,플레이그램,KOSPI,,385,31,8.76,354,394,351,2348552,887720673,58476687500,151887500
20250714,086790,하나금융지주,KOSPI,,95600,2400,2.58,93300,96400,93200,1045276,99439061850,27219603788400,284723889
20250714,293480,하나제약,KOSPI,,12400,0,0.00,12470,12470,12340,20645,255628430,220384530400,17772946
20250714,039130,하나투어,KOSPI,,57500,600,1.05,56900,58600,55500,128270,7334378150,890671090000,15489932
20250714,352820,하이브,KOSPI,,272500,1500,0.55,271000,275000,267500,168016,45698915000,11350196432500,41652097
20250714,071090,하이스틸,KOSPI,,4375,125,2.94,4255,4455,4180,2212368,9590741616,88337685625,20191471
20250714,000080,하이트진로,KOSPI,,22000,350,1.62,21750,22100,21600,248457,5452088725,1542939442000,70133611
20250714,000087,하이트진로2우B,KOSPI,,16280,110,0.68,16170,16400,16170,5929,96434890,18398646640,1130138
20250714,000140,하이트진로홀딩스,KOSPI,,11780,450,3.97,11370,11950,11220,224099,2625045440,273375691700,23206765
20250714,000145,하이트진로홀딩스우,KOSPI,,13400,-60,-0.45,13430,13430,13240,1128,14978020,6308854000,470810
20250714,152550,한국ANKOR유전,KOSPI,,250,1,0.40,249,253,249,848323,212660177,17505000000,70020000
20250714,036460,한국가스공사,KOSPI,,46150,650,1.43,45650,46300,45400,478258,21987530675,4260244950000,92313000
20250714,005430,한국공항,KOSPI,,63700,3900,6.52,59800,64300,59800,26943,1694437050,201696813500,3166355
20250714,071050,한국금융지주,KOSPI,,163600,5600,3.54,157300,164000,155800,267011,42644610400,9116772291200,55725992
20250714,071055,한국금융지주우,KOSPI,,109900,4900,4.67,104000,110000,104000,92691,9918856450,643821784900,5858251
20250714,010040,한국내화,KOSPI,,2415,-10,-0.41,2425,2435,2400,16603,40132115,99176954730,41067062
20250714,025540,한국단자,KOSPI,,66800,1200,1.83,65700,66900,65000,22170,1468987400,675682000000,10115000
20250714,010100,한국무브넥스,KOSPI,,4780,75,1.59,4705,4835,4635,368792,1761102350,145553007600,30450420
20250714,004090,한국석유,KOSPI,,14190,-70,-0.49,14260,14370,14060,81122,1149491045,180129562800,12694120
20250714,002200,한국수출포장,KOSPI,,3015,0,0.00,3030,3030,3000,77844,233989789,120600000000,40000000
20250714,002960,한국쉘석유,KOSPI,,487000,1500,0.31,485500,489500,479500,2770,1347870750,633100000000,1300000
20250714,000240,한국앤컴퍼니,KOSPI,,25900,1800,7.47,24100,26400,23900,308539,7816704050,2458822716000,94935240
20250714,123890,한국자산신탁,KOSPI,,2690,10,0.37,2680,2690,2665,176432,472876085,329185860940,122373926
20250714,015760,한국전력,KOSPI,,36950,-50,-0.14,36500,37050,35800,2866770,104537695300,23720572645150,641964077
20250714,006200,한국전자홀딩스,KOSPI,,776,7,0.91,768,785,761,48037,37093839,36319233536,46803136
20250714,027970,한국제지,KOSPI,,863,44,5.37,820,880,820,1045425,896888888,164123818531,190178237
20250714,023350,한국종합기술,KOSPI,,5390,-10,-0.19,5440,5440,5330,19522,104689990,59020500000,10950000
20250714,025890,한국주강,KOSPI,,1940,-10,-0.51,1950,1960,1914,14878,28735774,21939962460,11309259
20250714,000970,한국주철관,KOSPI,,7340,60,0.82,7340,7430,7300,82659,609270405,167355670000,22800500
20250714,104700,한국철강,KOSPI,,9650,50,0.52,9600,9720,9500,38069,366053580,351742500000,36450000
20250714,017960,한국카본,KOSPI,,23200,800,3.57,22300,23350,22200,438364,10078825225,1204276086400,51908452
20250714,161890,한국콜마,KOSPI,,108000,2100,1.98,108000,108400,105500,143042,15317458750,2549348316000,23605077
20250714,161390,한국타이어앤테크놀로지,KOSPI,,46750,2450,5.53,44050,47100,44050,497873,23015692400,5791159475750,123875069
20250714,034830,한국토지신탁,KOSPI,,1320,11,0.84,1307,1327,1307,1012322,1331512873,333285783600,252489230
20250714,007280,한국특강,KOSPI,,1529,-14,-0.91,1531,1540,1517,32111,49006875,92983552519,60813311
20250714,047810,한국항공우주,KOSPI,,85400,-500,-0.58,85600,87000,85000,349414,29923095050,8324374137800,97475107
20250714,123690,한국화장품,KOSPI,,10980,1860,20.39,11090,11790,10620,6922181,77440087020,176426640000,16068000
20250714,003350,한국화장품제조,KOSPI,,65800,-100,-0.15,70100,71300,64200,527392,35757904350,298205600000,4532000
20250714,011500,한농화성,KOSPI,,14560,-120,-0.82,14720,14770,14500,34789,507273940,227675331520,15637042
20250714,002390,한독,KOSPI,,11910,120,1.02,11770,11920,11740,9341,110421055,163923678030,13763533
20250714,053690,한미글로벌,KOSPI,,19800,-400,-1.98,20050,20150,19610,79300,1567548990,216959490000,10957550
20250714,042700,한미반도체,KOSPI,,89600,-5800,-6.08,93800,94200,89200,1118574,101148442950,8539973120000,95312200
20250714,008930,한미사이언스,KOSPI,,47050,100,0.21,46550,47500,45950,160574,7548613600,3217822427500,68391550
20250714,128940,한미약품,KOSPI,,280000,-5500,-1.93,285500,287000,279000,60946,17114030750,3587077480000,12810991
20250714,009240,한샘,KOSPI,,48350,-400,-0.82,48800,48950,47350,41725,2013202100,1137865418800,23533928
20250714,020000,한섬,KOSPI,,17980,180,1.01,17800,18150,17640,137089,2460051595,403430691060,22437747
20250714,003680,한성기업,KOSPI,,5120,20,0.39,5130,5140,5080,13349,68154130,31792716800,6209515
20250714,105630,한세실업,KOSPI,,11260,-50,-0.44,11310,11320,11180,105066,1179410120,450400000000,40000000
20250714,069640,한세엠케이,KOSPI,,1104,-11,-0.99,1130,1162,1104,1403554,1577153966,33237578208,30106502
20250714,016450,한세예스24홀딩스,KOSPI,,4670,-60,-1.27,4725,4735,4540,117704,548845060,186800000000,40000000
20250714,010420,한솔PNS,KOSPI,,1875,-4,-0.21,1874,1880,1874,3133,5875075,38424397500,20493012
20250714,009180,한솔로지스틱스,KOSPI,,2780,25,0.91,2755,2850,2730,317603,892785098,78273193500,28155825
20250714,213500,한솔제지,KOSPI,,9260,110,1.20,9140,9270,9130,107259,989891155,220393333760,23800576
20250714,014680,한솔케미칼,KOSPI,,174300,-5200,-2.90,177800,179300,173500,65024,11432692850,1975724488500,11335195
20250714,004710,한솔테크닉스,KOSPI,,6280,-20,-0.32,6300,6340,6190,224389,1402279880,201650033840,32109878
20250714,004150,한솔홀딩스,KOSPI,,3465,25,0.73,3435,3470,3360,143409,492183397,142157238300,41026620
20250714,025750,한솔홈데코,KOSPI,,766,-6,-0.78,772,777,760,337358,259315704,61712904134,80565149
20250714,004960,한신공영,KOSPI,,8850,190,2.19,8680,8900,8490,64465,563921075,102400712700,11570702
20250714,011700,한신기계,KOSPI,,3665,-40,-1.08,3705,3730,3605,315533,1150722696,118915143415,32446151
20250714,001750,한양증권,KOSPI,,21000,-700,-3.23,21350,21400,20550,169214,3556386150,267299214000,12728534
20250714,001755,한양증권우,KOSPI,,19170,-300,-1.54,19510,19510,19000,6587,125898760,10064250000,525000
20250714,018880,한온시스템,KOSPI,,3240,0,0.00,3225,3275,3205,528825,1710654391,2199190668480,678762552
20250714,009420,한올바이오파마,KOSPI,,26500,0,0.00,26800,27150,26250,158113,4204561950,1384376907000,52240638
20250714,014130,한익스프레스,KOSPI,,3635,120,3.41,3510,3640,3505,49435,177468083,43620000000,12000000
20250714,300720,한일시멘트,KOSPI,,19480,780,4.17,18700,19490,18670,102411,1970460340,1349214799200,69261540
20250714,002220,한일철강,KOSPI,,3155,410,14.94,2745,3305,2720,1565450,4866346819,84230486300,26697460
20250714,006390,한일현대시멘트,KOSPI,,19620,540,2.83,19080,19650,18970,29641,573280145,379208924640,19327672
20250714,003300,한일홀딩스,KOSPI,,19400,560,2.97,18840,19410,18840,20779,397969770,598157949600,30832884
20250714,051600,한전KPS,KOSPI,,53700,-800,-1.47,54000,54500,52700,244804,13068535650,2416500000000,45000000
20250714,052690,한전기술,KOSPI,,88900,-2000,-2.20,89900,91200,87400,318244,28228855450,3397758000000,38220000
20250714,130660,한전산업,KOSPI,,13050,-160,-1.21,13140,13270,13000,141100,1844514980,425430000000,32600000
20250714,002320,한진,KOSPI,,22450,300,1.35,22200,22600,21900,52618,1172920600,335661601550,14951519
20250714,003480,한진중공업홀딩스,KOSPI,,6280,50,0.80,6300,6550,6060,313273,1973327440,185447219360,29529812
20250714,180640,한진칼,KOSPI,,123800,1200,0.98,121200,124500,121100,53211,6568899900,8265170140200,66762279
20250714,18064K,한진칼우,KOSPI,,40600,400,1.00,39000,41600,39000,12762,515575750,21792699600,536766
20250714,005110,한창,KOSPI,,1254,0,0.00,0,0,0,0,0,26467434378,21106407
20250714,009460,한창제지,KOSPI,,715,-7,-0.97,721,725,715,100695,72447931,42662252490,59667486
20250714,372910,한컴라이프케어,KOSPI,,3220,0,0.00,3220,3260,3190,267667,864749543,89111587320,27674406
20250714,000880,한화,KOSPI,,93000,900,0.98,91700,94400,91500,381887,35467858950,6971162355000,74958735
20250714,00088K,한화3우B,KOSPI,,40400,950,2.41,39200,40500,39000,145746,5830978525,783939416400,19404441
20250714,452260,한화갤러리아,KOSPI,,1278,2,0.16,1276,1289,1266,382688,488809785,247752581580,193859610
20250714,45226K,한화갤러리아우,KOSPI,,2390,-10,-0.42,2405,2405,2375,473,1128655,6941683300,2904470
20250714,451800,한화리츠,KOSPI,,4100,60,1.49,4040,4100,4020,267243,1085451620,736360000000,179600000
20250714,489790,한화비전,KOSPI,,53500,-2000,-3.60,54400,54700,52900,683228,36651704650,2701128865000,50488390
20250714,088350,한화생명,KOSPI,,4240,70,1.68,4210,4355,4160,5590037,23809392009,3682567200000,868530000
20250714,000370,한화손해보험,KOSPI,,7980,470,6.26,7590,8150,7560,2740642,21791092290,931576541700,116738915
20250714,009830,한화솔루션,KOSPI,,34800,-600,-1.69,36200,36200,34550,1981353,69592880375,5981860252800,171892536
20250714,009835,한화솔루션우,KOSPI,,28000,-250,-0.88,29000,29000,27800,9155,258498650,72109772000,2575349
20250714,272210,한화시스템,KOSPI,,53500,-700,-1.29,54300,55100,52500,825815,44298280550,10107187311500,188919389
20250714,012450,한화에어로스페이스,KOSPI,,807000,1000,0.12,808000,819000,791000,183007,146980488500,38168034207000,47296201
20250714,082740,한화엔진,KOSPI,,26250,-400,-1.50,26550,26950,25850,326413,8562147275,2190487477500,83447142
20250714,042660,한화오션,KOSPI,,76600,-900,-1.16,76800,78500,75800,972322,74660374500,23471265980400,306413394
20250714,000885,한화우,KOSPI,,42250,600,1.44,42100,42250,41850,12415,522297000,8409144250,199033
20250714,003530,한화투자증권,KOSPI,,7180,-80,-1.10,7260,7270,6880,3836811,27200074570,1540453024500,214547775
20250714,003535,한화투자증권우,KOSPI,,9380,-110,-1.16,9490,9700,9070,47720,448403775,45024000000,4800000
20250714,195870,해성디에스,KOSPI,,26650,-550,-2.02,27350,27350,26150,196802,5209540475,453050000000,17000000
20250714,101530,해태제과식품,KOSPI,,7810,-40,-0.51,7840,8080,7600,167456,1314128025,227402379820,29116822
20250714,143210,핸즈코퍼레이션,KOSPI,,1700,-63,-3.57,1763,1763,1700,19296,33393138,37188769900,21875747
20250714,000720,현대건설,KOSPI,,71200,-900,-1.25,71300,71600,70000,1044603,73918475050,7928530468000,111355765
20250714,000725,현대건설우,KOSPI,,61800,-600,-0.96,63400,63400,61000,5343,330416250,65180027400,1054693
20250714,453340,현대그린푸드,KOSPI,,17750,50,0.28,17710,17930,17650,31926,567737435,588155835000,33135540
20250714,086280,현대글로비스,KOSPI,,148800,7500,5.31,140600,150900,140600,291805,43250102050,11160000000000,75000000
20250714,064350,현대로템,KOSPI,,191000,6200,3.35,187000,193200,187000,927664,176954763550,20846177963000,109142293
20250714,079430,현대리바트,KOSPI,,8330,40,0.48,8380,8400,8240,25525,212938555,171058899060,20535282
20250714,012330,현대모비스,KOSPI,,314500,8000,2.61,304500,316000,304500,196909,61610176500,28869557063000,91795094
20250714,069960,현대백화점,KOSPI,,83300,4700,5.98,78200,83700,78200,163918,13503340000,1884980122900,22628813
20250714,004560,현대비앤지스틸,KOSPI,,12920,-140,-1.07,13040,13140,12860,33261,429716335,194818238120,15078811
20250714,004310,현대약품,KOSPI,,3550,10,0.28,3545,3565,3525,47091,166841552,113600000000,32000000
20250714,017800,현대엘리베이터,KOSPI,,88600,1200,1.37,86800,89400,85100,273220,24049142800,3463585311000,39092385
20250714,307950,현대오토에버,KOSPI,,166100,-2300,-1.37,168300,168300,164100,80565,13320749200,4555123410200,27423982
20250714,011210,현대위아,KOSPI,,52300,800,1.55,51100,53000,49800,116380,6058199950,1422302840900,27195083
20250714,004020,현대제철,KOSPI,,35150,150,0.43,34750,35800,34200,817520,28876892125,4690619342750,133445785
20250714,005440,현대지에프홀딩스,KOSPI,,10440,940,9.89,9510,10440,9510,786334,7929980035,1627640902440,155904301
20250714,005380,현대차,KOSPI,,217000,9000,4.33,208500,218000,208000,1241993,266026941500,44432435222000,204757766
20250714,005387,현대차2우B,KOSPI,,167200,6300,3.92,161000,167200,160900,278303,45854241000,5845969096000,34963930
20250714,005389,현대차3우B,KOSPI,,161600,3600,2.28,158400,161900,158100,30796,4931023950,376116243200,2327452
20250714,005385,현대차우,KOSPI,,161700,3800,2.41,158000,162000,157700,287098,45972214100,3774233232000,23340960
20250714,001500,현대차증권,KOSPI,,10580,650,6.55,10000,10660,9930,696947,7174858460,654193605520,61833044
20250714,011760,현대코퍼레이션,KOSPI,,28350,300,1.07,28100,28450,27700,46134,1295065750,375041186100,13228966
20250714,227840,현대코퍼레이션홀딩스,KOSPI,,14570,220,1.53,14350,14590,14210,37850,547126470,132599180520,9100836
20250714,126560,현대퓨처넷,KOSPI,,3515,-55,-1.54,3570,3580,3480,151820,533642414,387363351675,110202945
20250714,001450,현대해상,KOSPI,,30250,1900,6.70,28950,30650,28700,1344603,40426762800,2704350000000,89400000
20250714,057050,현대홈쇼핑,KOSPI,,60200,2500,4.33,58000,60300,57300,65343,3893765600,722400000000,12000000
20250714,093240,형지엘리트,KOSPI,,3440,-85,-2.41,3545,3560,3385,1004062,3462108707,132062490960,38390259
20250714,003010,혜인,KOSPI,,5330,-90,-1.66,5380,5400,5330,79136,423827510,67758941510,12712747
20250714,111110,호전실업,KOSPI,,9060,10,0.11,9050,9120,8960,26139,235325460,84946560000,9376000
20250714,008770,호텔신라,KOSPI,,52300,2400,4.81,49900,52500,49600,559766,28931158250,2052676728300,39248121
20250714,008775,호텔신라우,KOSPI,,46150,3050,7.08,43200,46350,43000,13445,608757750,34699215850,751879
20250714,378850,화승알앤에이,KOSPI,,3390,65,1.95,3340,3400,3340,60866,205268150,64388381970,18993623
20250714,241590,화승엔터프라이즈,KOSPI,,8070,-310,-3.70,8380,8380,7960,533892,4308121405,488955457320,60589276
20250714,006060,화승인더,KOSPI,,5150,-40,-0.77,5230,5230,5100,130999,673735545,284898000000,55320000
20250714,013520,화승코퍼레이션,KOSPI,,2170,15,0.70,2135,2195,2135,128485,278275245,108611216840,50051252
20250714,010690,화신,KOSPI,,8710,350,4.19,8380,8770,8310,304217,2617387490,304156771100,34920410
20250714,133820,화인베스틸,KOSPI,,895,-6,-0.67,901,910,892,77851,70126202,27589375610,30826118
20250714,010660,화천기계,KOSPI,,5740,-90,-1.54,5780,5950,5610,455325,2617261420,126280000000,22000000
20250714,000850,화천기공,KOSPI,,33950,100,0.30,33700,34050,33500,4112,139130000,74690000000,2200000
20250714,016580,환인제약,KOSPI,,13130,180,1.39,12970,13200,12950,47036,615932885,244218919100,18600070
20250714,032560,황금에스티,KOSPI,,6240,20,0.32,6210,6280,6190,18133,113239805,106080000000,17000000
20250714,004800,효성,KOSPI,,77400,1400,1.84,76200,77500,75100,71077,5441346750,1295707501800,16740407
20250714,094280,효성ITX,KOSPI,,13950,-50,-0.36,13930,14000,13820,24338,338100710,161236890000,11558200
20250714,298040,효성중공업,KOSPI,,1008000,30000,3.07,969000,1015000,959000,65937,65334129000,9399144384000,9324548
20250714,298020,효성티앤씨,KOSPI,,267500,1000,0.38,268000,270000,264500,8116,2166166750,1157654935000,4327682
20250714,298000,효성화학,KOSPI,,38900,0,0.00,0,0,0,0,0,147501447900,3791811
20250714,093370,후성,KOSPI,,4770,-130,-2.65,4875,4895,4760,289472,1389544802,511607924100,107255330
20250714,005870,휴니드,KOSPI,,9630,330,3.55,9710,9900,9560,350079,3408579290,135937224450,14116015
20250714,079980,휴비스,KOSPI,,3370,-80,-2.32,3450,3495,3355,86109,291784285,116265000000,34500000
20250714,005010,휴스틸,KOSPI,,4770,-20,-0.42,4770,4790,4710,543633,2582266015,268017117750,56188075
20250714,000540,흥국화재,KOSPI,,5790,-60,-1.03,5760,5920,5740,1603849,9341177805,371964914550,64242645
20250714,000545,흥국화재우,KOSPI,,8480,-300,-3.42,8440,8600,8430,49722,422188150,6512640000,768000
20250714,003280,흥아해운,KOSPI,,1865,-1,-0.05,1867,1888,1844,3417726,6366747337,448392436635,240424899
20250714,060310,3S,KOSDAQ,벤처기업부,2095,-50,-2.33,2130,2140,2090,219200,461860545,111158688800,53059040
20250714,054620,APS,KOSDAQ,중견기업부,4955,-45,-0.90,5000,5000,4925,14602,72312655,98575865055,19894221
20250714,265520,AP시스템,KOSDAQ,우량기업부,17750,-130,-0.73,17810,17880,17680,86194,1531705485,271245222750,15281421
20250714,211270,AP위성,KOSDAQ,우량기업부,12570,-30,-0.24,12590,12650,12470,43039,538225355,189584561280,15082304
20250714,109960,AP헬스케어,KOSDAQ,투자주의환기종목(소속부없음),341,-22,-6.06,370,378,340,1666087,597000091,75289140729,220789269
20250714,139050,BF랩스,KOSDAQ,관리종목(소속부없음),2805,0,0.00,0,0,0,0,0,24247965555,8644551
20250714,126600,BGF에코머티리얼즈,KOSDAQ,우량기업부,3110,20,0.65,3055,3115,3035,63580,196066960,195205055890,62766899
20250714,083790,CG인바이츠,KOSDAQ,벤처기업부,1795,-34,-1.86,1823,1823,1769,120017,215021504,138025056690,76894182
20250714,035760,CJ ENM,KOSDAQ,중견기업부,70400,1400,2.03,69200,70700,68800,45547,3188255600,1543812441600,21929154
20250714,311690,CJ 바이오사이언스,KOSDAQ,기술성장기업부,9830,-20,-0.20,9850,9890,9750,11962,116951580,128433491460,13065462
20250714,051500,CJ프레시웨이,KOSDAQ,우량기업부,28950,350,1.22,28600,29400,28550,51748,1500037550,343682414700,11871586
20250714,058820,CMG제약,KOSDAQ,중견기업부,2005,-15,-0.74,2065,2065,1997,525281,1057152910,295177748110,147220822
20250714,056730,CNT85,KOSDAQ,벤처기업부,806,-4,-0.49,809,810,796,28861,23126480,59733615916,74111186
20250714,065770,CS,KOSDAQ,벤처기업부,1098,-2,-0.18,1101,1121,1080,86759,94894815,21313420740,19411130
20250714,083660,CSA 코스믹,KOSDAQ,중견기업부,2320,-90,-3.73,2410,2495,2280,388928,921991479,142093459920,61247181
20250714,477760,DB금융스팩12호,KOSDAQ,SPAC(소속부없음),2095,10,0.48,2090,2095,2080,6383,13282875,12234800000,5840000
20250714,099520,DGI,KOSDAQ,관리종목(소속부없음),1284,0,0.00,0,0,0,0,0,58141862016,45281824
20250714,060900,DGP,KOSDAQ,중견기업부,1230,-28,-2.23,1259,1271,1160,160301,195975544,32132555670,26124029
20250714,290120,DH오토리드,KOSDAQ,우량기업부,2800,110,4.09,2670,2860,2670,96149,267610025,44307897200,15824249
20250714,025440,DH오토웨어,KOSDAQ,중견기업부,953,76,8.67,869,1000,869,2686337,2547722433,46488506472,48781224
20250714,068790,DMS,KOSDAQ,관리종목(소속부없음),6330,0,0.00,0,0,0,0,0,149939488590,23687123
20250714,241520,DSC인베스트먼트,KOSDAQ,중견기업부,7100,-100,-1.39,7270,7280,7010,208320,1476364625,191700000000,27000000
20250714,180400,DXVX,KOSDAQ,관리종목(소속부없음),1998,-1,-0.05,1999,2075,1973,107496,217989812,98340425136,49219432
20250714,418620,E8,KOSDAQ,기술성장기업부,4635,-80,-1.70,4715,4880,4605,132596,618682992,59561960895,12850477
20250714,245620,EDGC,KOSDAQ,관리종목(소속부없음),415,0,0.00,0,0,0,0,0,57474989665,138493951
20250714,037370,EG,KOSDAQ,벤처기업부,5900,-80,-1.34,5970,6000,5880,28638,169135170,50887334800,8624972
20250714,050120,ES큐브,KOSDAQ,중견기업부,2765,-55,-1.95,2845,2845,2715,8986,24717685,37504697790,13564086
20250714,214270,FSN,KOSDAQ,중견기업부,2835,-15,-0.53,2850,2970,2790,1085759,3136122329,120270452400,42423440
20250714,130500,GH신소재,KOSDAQ,우량기업부,2910,-60,-2.02,2960,2960,2905,57294,167663005,42326101320,14545052
20250714,900290,GRT,KOSDAQ,외국기업(소속부없음),3090,70,2.32,3045,3210,3045,481338,1509968862,249826500000,80850000
20250714,083450,GST,KOSDAQ,우량기업부,19690,-180,-0.91,19900,19900,19550,99889,1967881575,362886700000,18430000
20250714,297890,HB솔루션,KOSDAQ,우량기업부,2330,-20,-0.85,2350,2365,2320,206628,482212628,170418329620,73140914
20250714,440290,HB인베스트먼트,KOSDAQ,중견기업부,2270,10,0.44,2260,2300,2260,62733,143089057,61532912700,27107010
20250714,078150,HB테크놀러지,KOSDAQ,우량기업부,1840,-32,-1.71,1871,1872,1835,812468,1499787949,170597285440,92715916
20250714,195940,HK이노엔,KOSDAQ,우량기업부,42800,200,0.47,42800,43350,42500,128937,5526896775,1212519334800,28329891
20250714,028300,HLB,KOSDAQ,중견기업부,51800,600,1.17,52900,53250,51800,446922,23376316350,6808098087000,131430465
20250714,278650,HLB바이오스텝,KOSDAQ,중견기업부,1475,15,1.03,1488,1495,1461,181626,268534609,128333170025,87005539
20250714,067630,HLB생명과학,KOSDAQ,투자주의환기종목(소속부없음),5200,50,0.97,5270,5470,5040,956173,5021729420,633968701600,121917058
20250714,024850,HLB이노베이션,KOSDAQ,중견기업부,1894,4,0.21,1923,1938,1865,160716,304270781,273312008962,144304123
20250714,187420,HLB제넥스,KOSDAQ,기술성장기업부,3225,0,0.00,3240,3250,3185,35264,113311462,93963219450,29135882
20250714,047920,HLB제약,KOSDAQ,기술성장기업부,18360,300,1.66,18720,18800,18320,119888,2219521055,602049296160,32791356
20250714,115450,HLB테라퓨틱스,KOSDAQ,중견기업부,4085,-25,-0.61,4170,4195,4070,421948,1738534193,344701544355,84382263
20250714,046210,HLB파나진,KOSDAQ,벤처기업부,2130,0,0.00,2155,2180,2110,75992,162014145,96119909340,45126718
20250714,196300,HLB펩,KOSDAQ,관리종목(소속부없음),7870,-380,-4.61,8350,8350,7580,35030,278538780,73139042260,9293398
20250714,403870,HPSP,KOSDAQ,우량기업부,26050,-200,-0.76,26650,26750,25700,318413,8300480400,2175137696400,83498568
20250714,036640,HRS,KOSDAQ,우량기업부,5710,60,1.06,5690,5720,5660,105483,599935185,93385908000,16354800
20250714,442770,IBKS제21호스팩,KOSDAQ,SPAC(소속부없음),2155,0,0.00,0,0,0,0,0,9072550000,4210000
20250714,448760,IBKS제22호스팩,KOSDAQ,SPAC(소속부없음),2275,0,0.00,0,0,0,0,0,10078250000,4430000
20250714,467930,IBKS제23호스팩,KOSDAQ,SPAC(소속부없음),2170,15,0.70,2155,2170,2150,3541,7632660,9179100000,4230000
20250714,469480,IBKS제24호스팩,KOSDAQ,SPAC(소속부없음),2140,-10,-0.47,2155,2155,2135,2762,5910580,9052200000,4230000
20250714,095340,ISC,KOSDAQ,우량기업부,63000,2200,3.62,61000,63600,59800,205032,12789250050,1335414654000,21197058
20250714,950170,JTC,KOSDAQ,외국기업(소속부없음),7000,-10,-0.14,7020,7250,6910,207245,1464839380,362224436000,51746348
20250714,067290,JW신약,KOSDAQ,중견기업부,1701,16,0.95,1700,1709,1685,126377,214749154,90792790326,53376126
20250714,035900,JYP Ent.,KOSDAQ,우량기업부,74700,-200,-0.27,75500,76300,74300,346211,26065428350,2654277152400,35532492
20250714,318000,KBG,KOSDAQ,벤처기업부,4540,0,0.00,4555,4555,4500,9986,45160932,39680612420,8740223
20250714,024840,KBI메탈,KOSDAQ,중견기업부,2020,-10,-0.49,2020,2035,2005,382959,771538392,70516581980,34909199
20250714,024120,KB오토시스,KOSDAQ,중견기업부,3630,-15,-0.41,3675,3695,3615,25474,93110697,41745000000,11500000
20250714,455250,KB제25호스팩,KOSDAQ,SPAC(소속부없음),2115,0,0.00,2105,2120,2105,6756,14239480,9105075000,4305000
20250714,464680,KB제27호스팩,KOSDAQ,SPAC(소속부없음),2015,-5,-0.25,2020,2025,2015,42159,84969705,26003575000,12905000
20250714,478390,KB제29호스팩,KOSDAQ,SPAC(소속부없음),2060,-5,-0.24,2065,2070,2060,13116,27033954,12813200000,6220000
20250714,486630,KB제30호스팩,KOSDAQ,SPAC(소속부없음),2065,-25,-1.20,2070,2080,2060,597,1232540,10965150000,5310000
20250714,492220,KB제31호스팩,KOSDAQ,SPAC(소속부없음),2000,0,0.00,0,0,0,0,0,12420000000,6210000
20250714,0037T0,KB제32호스팩,KOSDAQ,SPAC(소속부없음),1994,-3,-0.15,1997,1998,1991,77806,155123401,12622020000,6330000
20250714,021320,KCC건설,KOSDAQ,우량기업부,5860,90,1.56,5670,5960,5670,23594,137996800,125404000000,21400000
20250714,044180,KD,KOSDAQ,중견기업부,628,-1,-0.16,638,640,621,133314,83524855,16778777772,26717799
20250714,046440,KG모빌리언스,KOSDAQ,우량기업부,5780,-230,-3.83,6020,6190,5740,860931,5086239605,219702435560,38010802
20250714,151860,KG에코솔루션,KOSDAQ,우량기업부,7490,190,2.60,7310,7730,7150,410588,3062926115,356546484980,47603002
20250714,035600,KG이니시스,KOSDAQ,우량기업부,12370,-460,-3.59,12710,12790,11440,767531,9474000485,340848348580,27554434
20250714,226360,KH 건설,KOSDAQ,투자주의환기종목(소속부없음),2555,0,0.00,0,0,0,0,0,67617390260,26464732
20250714,111870,KH 미래물산,KOSDAQ,관리종목(소속부없음),8910,0,0.00,0,0,0,0,0,62746456410,7042251
20250714,060720,KH바텍,KOSDAQ,벤처기업부,11920,280,2.41,11690,12140,11620,410573,4901793945,282235108640,23677442
20250714,058400,KNN,KOSDAQ,우량기업부,776,-1,-0.13,778,786,775,166669,129735661,102765462720,132429720
20250714,101000,KS인더스트리,KOSDAQ,중견기업부,2035,-20,-0.97,2040,2065,1950,473781,946767056,68064242070,33446802
20250714,089600,KT나스미디어,KOSDAQ,우량기업부,16820,-100,-0.59,16920,17020,16590,18698,312437895,194576501660,11568163
20250714,418470,KT밀리의서재,KOSDAQ,벤처기업부,18120,-200,-1.09,18110,18450,17330,31457,572070580,154940296680,8550789
20250714,043610,KT지니뮤직,KOSDAQ,우량기업부,2320,0,0.00,2320,2360,2300,54612,126741260,134827816160,58115438
20250714,122450,KX,KOSDAQ,중견기업부,4760,-15,-0.31,4780,4810,4700,113798,539326026,213342409840,44819834
20250714,052900,KX하이텍,KOSDAQ,우량기업부,1030,10,0.98,1026,1030,1013,104684,107205466,56760742510,55107517
20250714,036560,KZ정밀,KOSDAQ,우량기업부,12810,60,0.47,12920,12920,12710,8347,106695185,201757500000,15750000
20250714,061970,LB세미콘,KOSDAQ,중견기업부,3555,-10,-0.28,3560,3560,3505,63391,223753408,206485086330,58083006
20250714,309960,LB인베스트먼트,KOSDAQ,벤처기업부,5160,-10,-0.19,5120,5160,5030,81151,414743900,119800953240,23217239
20250714,225190,LK삼양,KOSDAQ,중견기업부,2120,-30,-1.40,2190,2190,2110,233274,497612954,107586692800,50748440
20250714,060370,LS마린솔루션,KOSDAQ,우량기업부,27950,-1750,-5.89,29200,29200,27550,214924,6041460350,913094469300,32668854
20250714,417200,LS머트리얼즈,KOSDAQ,중견기업부,10660,-170,-1.57,10830,10830,10600,144086,1535197650,721177344940,67652659
20250714,078020,LS증권,KOSDAQ,우량기업부,6510,60,0.93,6520,6570,6380,1290552,8341836180,361182546900,55481190
20250714,322180,LS티라유텍,KOSDAQ,벤처기업부,5230,-20,-0.38,5220,5280,5200,48221,251806215,109421976320,20921984
20250714,476080,M83,KOSDAQ,중견기업부,13470,-160,-1.17,13630,13720,13430,33009,446314430,104863950000,7785000
20250714,086960,MDS테크,KOSDAQ,중견기업부,1500,99,7.07,1494,1640,1420,44147376,67783083200,139232682000,92821788
20250714,160550,NEW,KOSDAQ,중견기업부,2215,-5,-0.23,2250,2250,2190,53900,118791985,61812024790,27906106
20250714,053290,NE능률,KOSDAQ,투자주의환기종목(소속부없음),2720,50,1.87,2695,2775,2690,90164,245915017,44951555040,16526307
20250714,060250,NHN KCP,KOSDAQ,우량기업부,16760,-1020,-5.74,17010,17010,16500,1591730,26686584060,673091840360,40160611
20250714,104200,NHN벅스,KOSDAQ,중견기업부,3155,55,1.77,3085,3170,3080,31757,99592006,46780920250,14827550
20250714,063570,NICE인프라,KOSDAQ,우량기업부,4885,-5,-0.10,4945,4945,4855,57686,281945686,166811651280,34147728
20250714,222160,NPX,KOSDAQ,관리종목(소속부없음),8040,0,0.00,0,0,0,0,0,79551289560,9894439
20250714,024940,PN풍년,KOSDAQ,벤처기업부,4715,15,0.32,4720,4725,4680,25383,119255262,47150000000,10000000
20250714,332570,PS일렉트로닉스,KOSDAQ,벤처기업부,3205,-45,-1.38,3225,3260,3135,384545,1237672281,141585105600,44176320
20250714,218410,RFHIC,KOSDAQ,우량기업부,26800,-300,-1.11,26800,27150,26000,196068,5202195050,709783045600,26484442
20250714,327260,RF머트리얼즈,KOSDAQ,중견기업부,5710,-140,-2.39,5820,5830,5700,26868,154158465,48153749010,8433231
20250714,474610,RF시스템즈,KOSDAQ,벤처기업부,4420,-55,-1.23,4475,4570,4400,116062,516662621,58981019240,13344122
20250714,091340,S&K폴리텍,KOSDAQ,중견기업부,2915,0,0.00,2920,2930,2890,22404,65328637,34116346715,11703721
20250714,419530,SAMG엔터,KOSDAQ,기술성장기업부,77200,-2800,-3.50,79000,79000,76000,134675,10386766650,682249596000,8837430
20250714,019550,SBI인베스트먼트,KOSDAQ,벤처기업부,836,4,0.48,833,842,819,619151,514188872,135487656700,162066575
20250714,950110,SBI핀테크솔루션즈,KOSDAQ,외국기업(소속부없음),4930,0,0.00,0,0,0,0,0,118579022200,24052540
20250714,246960,SCL사이언스,KOSDAQ,기술성장기업부,3060,-40,-1.29,3100,3195,3055,45351,141438010,25994286900,8494865
20250714,099220,SDN,KOSDAQ,중견기업부,1392,-18,-1.28,1416,1417,1383,432444,602401401,90402535200,64944350
20250714,036540,SFA반도체,KOSDAQ,우량기업부,3145,10,0.32,3145,3240,3105,513894,1623717196,517227652935,164460303
20250714,255220,SG,KOSDAQ,중견기업부,2015,-40,-1.95,2040,2060,2010,490065,991843597,198819904920,98669928
20250714,040610,SG&G,KOSDAQ,중견기업부,2040,104,5.37,1949,2075,1949,629669,1279867423,69537879840,34087196
20250714,049470,SGA,KOSDAQ,중견기업부,911,210,29.96,911,911,911,2873402,2617664812,53623508839,58862249
20250714,184230,SGA솔루션즈,KOSDAQ,벤처기업부,725,68,10.35,776,790,699,22008943,16137807489,56422226000,77823760
20250714,016250,SGC E&C,KOSDAQ,중견기업부,16850,30,0.18,16950,16990,16600,2723,45697940,84873214100,5036986
20250714,357880,SKAI,KOSDAQ,기술성장기업부,2350,-80,-3.29,2450,2470,2335,842677,2012443671,80012689550,34047953
20250714,048550,SM C&C,KOSDAQ,중견기업부,1456,7,0.48,1449,1459,1440,157984,228698404,140816486720,96714620
20250714,063440,SM Life Design,KOSDAQ,중견기업부,1580,-9,-0.57,1595,1596,1575,123472,195623625,72726063320,46029154
20250714,067160,SOOP,KOSDAQ,우량기업부,90600,-300,-0.33,90900,91500,89800,34730,3143158150,1041425890200,11494767
20250714,289080,SV인베스트먼트,KOSDAQ,중견기업부,1672,-44,-2.56,1710,1747,1665,221050,371141789,90515810000,54136250
20250714,013720,THE CUBE&,KOSDAQ,중견기업부,1059,9,0.86,1050,1134,1038,249953,270450711,64417003437,60828143
20250714,089230,THE E&M,KOSDAQ,중견기업부,1410,57,4.21,1330,1580,1300,1641728,2376886224,34309463730,24332953
20250714,032540,TJ미디어,KOSDAQ,우량기업부,6070,-20,-0.33,6140,6140,6020,2956,17893280,84564866630,13931609
20250714,048770,TPC,KOSDAQ,벤처기업부,2085,-15,-0.71,2085,2100,2065,16483,34244687,32730311235,15697991
20250714,246690,TS인베스트먼트,KOSDAQ,중견기업부,1608,-17,-1.05,1631,1631,1583,113283,180971825,66696402096,41477862
20250714,317240,TS트릴리온,KOSDAQ,벤처기업부,248,13,5.53,232,260,232,7319079,1824105167,26595748656,107240922
20250714,057030,YBM넷,KOSDAQ,중견기업부,3670,-5,-0.14,3675,3680,3635,36927,134804184,59867597990,16312697
20250714,040300,YTN,KOSDAQ,중견기업부,3020,-20,-0.66,3040,3040,3005,30149,90839515,143984479600,47676980
20250714,051390,YW,KOSDAQ,중견기업부,4180,10,0.24,4150,4320,4115,41898,175765780,47465438240,11355368
20250714,052220,iMBC,KOSDAQ,중견기업부,3480,-10,-0.29,3490,3510,3450,150909,525298659,80040000000,23000000
20250714,079940,가비아,KOSDAQ,우량기업부,26500,200,0.76,26300,26750,25750,51028,1348356575,358695626000,13535684
20250714,078890,가온그룹,KOSDAQ,중견기업부,3300,15,0.46,3290,3310,3230,19638,64091715,59554677600,18046872
20250714,399720,가온칩스,KOSDAQ,우량기업부,44200,-700,-1.56,45400,45400,44100,44164,1977309350,512738564000,11600420
20250714,036620,감성코퍼레이션,KOSDAQ,우량기업부,6230,-30,-0.48,6180,6380,6150,359423,2245082680,570045000000,91500000
20250714,198440,강동씨앤엘,KOSDAQ,중견기업부,1172,-5,-0.42,1176,1176,1161,27084,31621739,71412182112,60931896
20250714,217730,강스템바이오텍,KOSDAQ,기술성장기업부,1484,26,1.78,1460,1495,1443,250951,367036120,83184357116,56054149
20250714,114190,강원에너지,KOSDAQ,우량기업부,12700,1900,17.59,11370,13670,10850,9519823,121455464950,331762582600,26123038
20250714,094480,갤럭시아머니트리,KOSDAQ,중견기업부,11400,-410,-3.47,11800,11930,11330,428729,4930958685,447220153200,39229838
20250714,039240,경남스틸,KOSDAQ,우량기업부,3120,-40,-1.27,3130,3155,3110,137877,431249825,84176364480,26979604
20250714,053950,경남제약,KOSDAQ,중견기업부,669,-5,-0.74,668,675,666,85854,57429816,52280582502,78147358
20250714,011040,경동제약,KOSDAQ,중견기업부,6180,30,0.49,6170,6190,6120,16582,102025270,190150973880,30768766
20250714,024910,경창산업,KOSDAQ,우량기업부,1710,21,1.24,1689,1710,1676,146068,249211550,61250498550,35819005
20250714,049720,고려신용정보,KOSDAQ,우량기업부,10250,-140,-1.35,10400,10400,10150,82601,844497690,146575000000,14300000
20250714,014570,고려제약,KOSDAQ,우량기업부,4805,0,0.00,4805,4860,4765,6347,30462399,52855000000,11000000
20250714,348150,고바이오랩,KOSDAQ,기술성장기업부,5240,0,0.00,5250,5360,5100,196289,1028737465,101754978360,19418889
20250714,950190,고스트스튜디오,KOSDAQ,외국기업(소속부없음),10370,-150,-1.43,10520,10870,10240,80828,855688780,134986901830,13017059
20250714,098460,고영,KOSDAQ,우량기업부,14600,-520,-3.44,15140,15190,14580,691817,10265929370,1002359423000,68654755
20250714,035290,골드앤에스,KOSDAQ,중견기업부,424,2,0.47,428,435,418,143509,60907979,20214827520,47676480
20250714,215000,골프존,KOSDAQ,우량기업부,76400,1000,1.33,76000,76400,74600,19533,1479964700,479441706000,6275415
20250714,121440,골프존홀딩스,KOSDAQ,우량기업부,6450,30,0.47,6420,6530,6380,241214,1554781025,276297476100,42836818
20250714,366030,공구우먼,KOSDAQ,우량기업부,4550,155,3.53,4400,4680,4400,497446,2272476024,103075017500,22653850
20250714,014200,광림,KOSDAQ,관리종목(소속부없음),6040,0,0.00,0,0,0,0,0,91311391200,15117780
20250714,029480,광무,KOSDAQ,중견기업부,2300,-25,-1.08,2355,2355,2280,142133,327271787,129492035500,56300885
20250714,026910,광진실업,KOSDAQ,중견기업부,2840,5,0.18,2835,2845,2830,2180,6182285,18191350200,6405405
20250714,456490,교보14호스팩,KOSDAQ,SPAC(소속부없음),2145,5,0.23,2165,2165,2120,3736,7949095,9009000000,4200000
20250714,465320,교보15호스팩,KOSDAQ,SPAC(소속부없음),2130,20,0.95,2110,2130,2110,1787,3795140,8115300000,3810000
20250714,482520,교보16호스팩,KOSDAQ,SPAC(소속부없음),2035,-5,-0.25,2040,2050,2035,16645,33891245,12413500000,6100000
20250714,489210,교보17호스팩,KOSDAQ,SPAC(소속부없음),2050,0,0.00,2050,2050,2035,3650,7430405,10619000000,5180000
20250714,053270,구영테크,KOSDAQ,우량기업부,2325,5,0.22,2375,2375,2305,69468,162016120,63729191625,27410405
20250714,066620,국보디자인,KOSDAQ,우량기업부,23600,250,1.07,23350,24400,23000,28164,668524100,177000000000,7500000
20250714,043650,국순당,KOSDAQ,중견기업부,4865,40,0.83,4825,4920,4795,65150,316940500,86880648960,17858304
20250714,006050,국영지앤엠,KOSDAQ,중견기업부,1320,-1,-0.08,1321,1328,1291,239049,312552811,46061720760,34895243
20250714,060480,국일신동,KOSDAQ,중견기업부,1856,3,0.16,1835,1856,1827,16935,31141852,20583040000,11090000
20250714,078130,국일제지,KOSDAQ,관리종목(소속부없음),800,0,0.00,0,0,0,0,0,901924696800,1127405871
20250714,307750,국전약품,KOSDAQ,우량기업부,3640,15,0.41,3630,3670,3630,62467,227738836,181876713200,49966130
20250714,035080,그래디언트,KOSDAQ,중견기업부,15730,-270,-1.69,15620,15920,15440,109181,1712541650,215132886540,13676598
20250714,453450,그리드위즈,KOSDAQ,벤처기업부,23400,0,0.00,24250,24250,23200,80549,1899485350,185860350000,7942750
20250714,204020,그리티,KOSDAQ,우량기업부,3490,-35,-0.99,3570,3570,3445,399349,1395669383,67883403680,19450832
20250714,402490,그린리소스,KOSDAQ,기술성장기업부,13530,-100,-0.73,13660,13700,13500,11130,150855990,112020877320,8279444
20250714,114450,그린생명과학,KOSDAQ,중견기업부,2585,-100,-3.72,2675,2675,2585,182238,475863818,51700000000,20000000
20250714,186230,그린플러스,KOSDAQ,벤처기업부,6920,60,0.87,7020,7020,6840,48539,335110715,75567700960,10920188
20250714,900070,글로벌에스엠,KOSDAQ,외국기업(소속부없음),493,1,0.20,500,513,488,868100,433002523,26495776224,53743968
20250714,204620,글로벌텍스프리,KOSDAQ,중견기업부,7000,0,0.00,7000,7130,6900,508480,3565328330,491983310000,70283330
20250714,019660,글로본,KOSDAQ,중견기업부,2540,-50,-1.93,2605,2605,2510,15112,38515835,35418605820,13944333
20250714,053260,금강철강,KOSDAQ,우량기업부,4630,15,0.33,4620,4705,4580,68907,319902420,86673600000,18720000
20250714,282720,금양그린파워,KOSDAQ,우량기업부,10360,80,0.78,10440,10440,10180,17965,184407110,125558020000,12119500
20250714,036190,금화피에스시,KOSDAQ,우량기업부,33250,500,1.53,32750,33400,32450,14533,478517000,199500000000,6000000
20250714,049080,기가레인,KOSDAQ,벤처기업부,500,-10,-1.96,507,510,500,250190,125576002,42441673500,84883347
20250714,420770,기가비스,KOSDAQ,벤처기업부,24800,-550,-2.17,25200,25600,24800,11913,297671500,314358798400,12675758
20250714,035460,기산텔레콤,KOSDAQ,벤처기업부,2175,-5,-0.23,2220,2220,2160,32833,71530653,31705714500,14577340
20250714,407400,꿈비,KOSDAQ,벤처기업부,7510,-230,-2.97,7720,7770,7500,128094,971230195,111257150340,14814534
20250714,187790,나노,KOSDAQ,벤처기업부,1380,20,1.47,1360,1419,1343,199962,278635057,42560345400,30840830
20250714,121600,나노신소재,KOSDAQ,우량기업부,49650,-50,-0.10,49750,50100,48950,33539,1659397600,605624642700,12197878
20250714,286750,나노실리칸첨단소재,KOSDAQ,기술성장기업부,1890,7,0.37,1886,1945,1846,190094,358728617,40660626510,21513559
20250714,247660,나노씨엠에스,KOSDAQ,기술성장기업부,5490,90,1.67,5390,5490,5320,12924,69704310,23848120800,4343920
20250714,039860,나노엔텍,KOSDAQ,중견기업부,3695,5,0.14,3710,3735,3660,100459,371091733,118646752990,32110082
20250714,091970,나노캠텍,KOSDAQ,중견기업부,627,2,0.32,638,644,625,47677,30066641,23460768111,37417493
20250714,417010,나노팀,KOSDAQ,벤처기업부,5380,50,0.94,5340,5400,5280,25154,133967390,108467944640,20161328
20250714,405920,나라셀라,KOSDAQ,중견기업부,2480,30,1.22,2445,2490,2445,5877,14514230,31937628480,12878076
20250714,051490,나라엠앤디,KOSDAQ,우량기업부,3845,-10,-0.26,3855,3890,3830,14188,54696820,54599000000,14200000
20250714,137080,나래나노텍,KOSDAQ,벤처기업부,3075,10,0.33,3065,3105,3035,8887,27215200,34007722650,11059422
20250714,190510,나무가,KOSDAQ,우량기업부,14130,140,1.00,14070,14170,13910,55334,777916710,207497410920,14684884
20250714,242040,나무기술,KOSDAQ,기술성장기업부,1630,-44,-2.63,1657,1675,1617,219692,358499466,56408210320,34606264
20250714,293580,나우IB,KOSDAQ,벤처기업부,1419,-11,-0.77,1430,1438,1392,634054,892062347,134705599050,94929950
20250714,459510,나우로보틱스,KOSDAQ,기술성장기업부,18340,-360,-1.93,18720,18890,17760,81482,1503249990,233845673880,12750582
20250714,138610,나이벡,KOSDAQ,기술성장기업부,25050,450,1.83,25250,25550,24850,78232,1969126600,283206757950,11305659
20250714,130580,나이스디앤비,KOSDAQ,우량기업부,5530,10,0.18,5540,5560,5510,3334,18458730,85162000000,15400000
20250714,036800,나이스정보통신,KOSDAQ,우량기업부,23800,-350,-1.45,24150,24250,23500,35955,852433825,238000000000,10000000
20250714,267320,나인테크,KOSDAQ,벤처기업부,4670,190,4.24,4485,4780,4345,3335354,15250270798,255676643820,54748746
20250714,111710,남화산업,KOSDAQ,중견기업부,4810,30,0.63,4780,4870,4750,13597,64986202,99028280000,20588000
20250714,091590,남화토건,KOSDAQ,우량기업부,4395,25,0.57,4395,4430,4315,5781,25254475,51597300000,11740000
20250714,168330,내츄럴엔도텍,KOSDAQ,벤처기업부,3315,-105,-3.07,3480,3480,3305,75938,253948505,105267493500,31754900
20250714,094860,네오리진,KOSDAQ,중견기업부,1059,0,0.00,1050,1086,1050,31073,32991128,22662143571,21399569
20250714,253590,네오셈,KOSDAQ,우량기업부,8710,-180,-2.02,8560,8920,8560,138825,1210325860,382100418440,43869164
20250714,212560,네오오토,KOSDAQ,우량기업부,6150,-270,-4.21,6360,6360,5810,212610,1289260370,48431022450,7874963
20250714,095660,네오위즈,KOSDAQ,우량기업부,24650,250,1.02,24400,24650,24200,36431,889558975,538770514400,21856816
20250714,042420,네오위즈홀딩스,KOSDAQ,중견기업부,30550,-100,-0.33,30650,31000,29900,23106,704042800,262541995300,8593846
20250714,950220,네오이뮨텍,KOSDAQ,외국기업(소속부없음),1085,-1,-0.09,1078,1100,1065,404667,437391207,107271199525,98867465
20250714,311390,네오크레마,KOSDAQ,벤처기업부,5650,150,2.73,5570,5650,5390,54862,302430060,71493907850,12653789
20250714,085910,네오티스,KOSDAQ,중견기업부,3365,55,1.66,3310,3370,3295,49268,164275295,46890662570,13934818
20250714,092730,네오팜,KOSDAQ,우량기업부,15560,230,1.50,15340,15570,15290,107776,1666547940,249395508840,16027989
20250714,290660,네오펙트,KOSDAQ,기술성장기업부,1291,-95,-6.85,1322,1397,1152,1879028,2304108158,59579812666,46150126
20250714,306620,네온테크,KOSDAQ,벤처기업부,2150,10,0.47,2215,2215,2135,229036,497689806,93447322650,43463871
20250714,153460,네이블,KOSDAQ,중견기업부,7680,-20,-0.26,7570,7990,7470,1542,11766830,50150507520,6530014
20250714,007390,네이처셀,KOSDAQ,중견기업부,26700,-900,-3.26,27550,27700,26500,294756,7906158175,1720415995200,64435056
20250714,033640,네패스,KOSDAQ,중견기업부,10950,240,2.24,10720,11050,10600,74997,814383350,252498261900,23059202
20250714,330860,네패스아크,KOSDAQ,중견기업부,14360,300,2.13,14410,14500,14060,140811,2009049520,174962886200,12184045
20250714,351320,넥사다이내믹스,KOSDAQ,중견기업부,2110,-50,-2.31,2160,2160,2100,12283,26096170,46453519460,22015886
20250714,089140,넥스턴바이오,KOSDAQ,벤처기업부,2840,-25,-0.87,2905,2905,2825,85706,243889020,38980931200,13725680
20250714,389650,넥스트바이오메디컬,KOSDAQ,기술성장기업부,44250,-750,-1.67,44750,44850,43750,34842,1533871400,359616918000,8126936
20250714,137940,넥스트아이,KOSDAQ,중견기업부,403,2,0.50,402,407,400,362219,145992034,34403703776,85368992
20250714,396270,넥스트칩,KOSDAQ,기술성장기업부,6830,230,3.48,6640,6940,6530,314465,2122004745,123547460200,18088940
20250714,348210,넥스틴,KOSDAQ,우량기업부,48400,-600,-1.22,48900,49100,48200,68738,3332473975,507087042000,10477005
20250714,225570,넥슨게임즈,KOSDAQ,우량기업부,14360,80,0.56,14160,14400,14070,147964,2102023880,945752098640,65860174
20250714,205500,넥써쓰,KOSDAQ,중견기업부,3390,-65,-1.88,3440,3540,3245,749365,2524838160,199052999610,58717699
20250714,217270,넵튠,KOSDAQ,중견기업부,8160,-470,-5.45,8220,8340,7950,249101,2022083365,381085406880,46701643
20250714,104620,노랑풍선,KOSDAQ,중견기업부,5930,50,0.85,6090,6730,5870,3105958,19661920540,93943807180,15842126
20250714,473980,노머스,KOSDAQ,기술성장기업부,34150,0,0.00,34250,34750,33400,87582,2991814075,371870346300,10889322
20250714,194700,노바렉스,KOSDAQ,우량기업부,20200,-150,-0.74,20350,20650,19820,108849,2196563175,378847929600,18754848
20250714,285490,노바텍,KOSDAQ,벤처기업부,18820,320,1.73,18510,18950,18480,31006,577916100,199037139420,10575831
20250714,145170,노브랜드,KOSDAQ,중견기업부,5300,-40,-0.75,5380,5380,5260,32460,172570005,89614546500,16908405
20250714,106520,노블엠앤비,KOSDAQ,투자주의환기종목(소속부없음),411,0,0.00,0,0,0,0,0,15904036272,38695952
20250714,376930,노을,KOSDAQ,기술성장기업부,2050,-70,-3.30,2100,2105,2020,289822,598306466,75741473000,36947060
20250714,142280,녹십자엠에스,KOSDAQ,중견기업부,4135,-25,-0.60,4150,4150,4070,92702,380957016,89902864010,21741926
20250714,234690,녹십자웰빙,KOSDAQ,우량기업부,9220,-110,-1.18,9320,9370,9200,33774,312589970,163675984720,17752276
20250714,054050,농우바이오,KOSDAQ,우량기업부,9070,-40,-0.44,9110,9200,9030,71042,647085230,145397188270,16030561
20250714,069140,누리플랜,KOSDAQ,중견기업부,1614,-93,-5.45,1696,1707,1614,115177,190996634,21147827202,13102743
20250714,040160,누리플렉스,KOSDAQ,중견기업부,4190,35,0.84,4155,4230,4155,17079,71336155,50512691650,12055535
20250714,332290,누보,KOSDAQ,벤처기업부,1278,4,0.31,1265,1286,1262,75127,95751244,42665778234,33384803
20250714,348340,뉴로메카,KOSDAQ,기술성장기업부,23050,-250,-1.07,23500,23500,22700,30432,696184050,261331380350,11337587
20250714,060260,뉴보텍,KOSDAQ,벤처기업부,1620,4,0.25,1616,1634,1580,128345,205876611,21889454580,13512009
20250714,463020,뉴엔AI,KOSDAQ,기술성장기업부,42350,-2750,-6.10,45500,47350,42100,2582283,116516398925,376034120000,8879200
20250714,123840,뉴온,KOSDAQ,관리종목(소속부없음),1231,42,3.53,1189,1328,1170,390407,493110393,45736951917,37154307
20250714,012340,뉴인텍,KOSDAQ,벤처기업부,553,-3,-0.54,556,559,549,51886,28681686,28538373486,51606462
20250714,462310,뉴키즈온,KOSDAQ,중견기업부,13990,210,1.52,13740,16100,13580,10021146,150262018520,110548980000,7902000
20250714,270870,뉴트리,KOSDAQ,우량기업부,6480,900,16.13,5540,6950,5540,2607814,17096363375,59617451520,9200224
20250714,144960,뉴파워프라즈마,KOSDAQ,우량기업부,5830,290,5.23,5570,6080,5550,1621111,9520238980,254727997920,43692624
20250714,085670,뉴프렉스,KOSDAQ,우량기업부,4185,-70,-1.65,4255,4255,4185,79601,334967460,102326434785,24450761
20250714,064260,다날,KOSDAQ,중견기업부,8220,-510,-5.84,8520,8790,8110,7170865,60236598640,566761108800,68949040
20250714,340360,다보링크,KOSDAQ,중견기업부,1548,8,0.52,1525,1580,1513,226839,351016012,68037555132,43951909
20250714,039560,다산네트웍스,KOSDAQ,중견기업부,3045,-25,-0.81,3070,3095,3040,113372,348081414,120624572145,39613981
20250714,154040,다산솔루에타,KOSDAQ,중견기업부,1398,71,5.35,1330,1405,1330,232160,320607180,25094231412,17950094
20250714,032190,다우데이타,KOSDAQ,우량기업부,19460,210,1.09,19540,19750,19130,207959,4025732550,745318000000,38300000
20250714,323350,다원넥스뷰,KOSDAQ,기술성장기업부,7360,-90,-1.21,7370,7590,7230,47182,347188920,58959281920,8010772
20250714,068240,다원시스,KOSDAQ,벤처기업부,8250,-30,-0.36,8260,8300,8110,93346,764776690,314848355250,38163437
20250714,464580,닷밀,KOSDAQ,기술성장기업부,2780,25,0.91,2750,2860,2735,109305,301533439,51039371080,18359486
20250714,020400,대동금속,KOSDAQ,중견기업부,6000,20,0.33,5980,6030,5970,4333,25968180,19134996000,3189166
20250714,008830,대동기어,KOSDAQ,중견기업부,17200,-360,-2.05,17400,17950,17200,69833,1223093910,154585344000,8987520
20250714,048470,대동스틸,KOSDAQ,중견기업부,4225,-25,-0.59,4260,4285,4185,51695,218044675,42250000000,10000000
20250714,004780,대륙제관,KOSDAQ,우량기업부,3980,5,0.13,3980,3985,3950,10008,39683330,63294732020,15903199
20250714,017650,대림제지,KOSDAQ,우량기업부,7810,100,1.30,7710,7860,7700,8517,66247040,70290000000,9000000
20250714,389260,대명에너지,KOSDAQ,우량기업부,25900,-600,-2.26,26250,26350,25550,69300,1796040725,464032817500,17916325
20250714,317850,대모,KOSDAQ,벤처기업부,7560,-90,-1.18,7620,7640,7530,16452,124568180,62932615200,8324420
20250714,290670,대보마그네틱,KOSDAQ,중견기업부,18600,-150,-0.80,18750,18850,18530,22709,423011155,146152476000,7857660
20250714,078140,대봉엘에스,KOSDAQ,우량기업부,13910,20,0.14,14000,14250,13910,46967,660219980,154214313890,11086579
20250714,065150,대산F&B,KOSDAQ,관리종목(소속부없음),145,0,0.00,0,0,0,0,0,23110448725,159382405
20250714,036480,대성미생물,KOSDAQ,중견기업부,8200,0,0.00,8200,8370,8150,4924,40408860,31160000000,3800000
20250714,027830,대성창투,KOSDAQ,벤처기업부,1916,-31,-1.59,1940,1947,1911,257164,493270247,103464000000,54000000
20250714,104040,대성파인텍,KOSDAQ,벤처기업부,1095,-5,-0.45,1100,1110,1076,872093,957807108,51711360765,47224987
20250714,129920,대성하이텍,KOSDAQ,벤처기업부,4960,125,2.59,4835,5000,4725,131792,647318839,68026662880,13715053
20250714,457630,대신밸런스제16호스팩,KOSDAQ,SPAC(소속부없음),2145,0,0.00,2145,2150,2120,12519,26598655,15679950000,7310000
20250714,471050,대신밸런스제17호스팩,KOSDAQ,SPAC(소속부없음),2120,-15,-0.70,2145,2150,2120,23667,50273220,12847200000,6060000
20250714,478780,대신밸런스제18호스팩,KOSDAQ,SPAC(소속부없음),2185,0,0.00,0,0,0,0,0,17283350000,7910000
20250714,482690,대신밸런스제19호스팩,KOSDAQ,SPAC(소속부없음),2075,-15,-0.72,2090,2090,2075,4204,8740210,11651125000,5615000
20250714,020180,대신정보통신,KOSDAQ,중견기업부,1126,-22,-1.92,1146,1150,1123,354062,401048434,43270958290,38428915
20250714,045390,대아티아이,KOSDAQ,우량기업부,5160,-40,-0.77,5200,5270,5080,352581,1821337685,363642625320,70473377
20250714,108380,대양전기공업,KOSDAQ,우량기업부,21750,450,2.11,21300,21900,21050,23164,499658975,208089492750,9567333
20250714,007680,대원,KOSDAQ,중견기업부,4800,5,0.10,4805,4820,4745,2541,12208120,64543075200,13446474
20250714,048910,대원미디어,KOSDAQ,우량기업부,11360,-180,-1.56,11600,11600,11270,87621,995845525,142896826560,12578946
20250714,005710,대원산업,KOSDAQ,우량기업부,12210,90,0.74,12180,12280,12070,36611,446233130,244659096000,20037600
20250714,290380,대유,KOSDAQ,관리종목(소속부없음),2300,0,0.00,0,0,0,0,0,56841307600,24713612
20250714,120240,대정화금,KOSDAQ,우량기업부,14060,-60,-0.42,14100,14180,13980,20411,286701320,101096897460,7190391
20250714,003310,대주산업,KOSDAQ,우량기업부,1839,-14,-0.76,1860,1860,1829,354569,652438999,65086531650,35392350
20250714,078600,대주전자재료,KOSDAQ,우량기업부,71100,300,0.42,72000,72100,70300,115358,8217723200,1100670162300,15480593
20250714,393970,대진첨단소재,KOSDAQ,벤처기업부,8900,-280,-3.05,9280,9310,8820,113409,1021951715,131691698000,14796820
20250714,096350,대창솔루션,KOSDAQ,벤처기업부,439,-13,-2.88,452,452,430,3775852,1646646494,79095185335,180171265
20250714,140520,대창스틸,KOSDAQ,우량기업부,2420,-5,-0.21,2425,2445,2420,10402,25211205,51084368060,21109243
20250714,131220,대한과학,KOSDAQ,벤처기업부,5200,110,2.16,5080,5210,5050,35761,184218130,38763348000,7454490
20250714,010170,대한광통신,KOSDAQ,중견기업부,1002,-31,-3.00,1042,1066,992,1037096,1054816128,109730188332,109511166
20250714,054670,대한뉴팜,KOSDAQ,우량기업부,7710,10,0.13,7800,7810,7670,54576,421348610,110676433200,14354920
20250714,023910,대한약품,KOSDAQ,우량기업부,33050,250,0.76,32800,33250,32450,19171,632271425,198300000000,6000000
20250714,021040,대호특수강,KOSDAQ,중견기업부,1423,14,0.99,1409,1470,1390,50668,72646748,30885893402,21704774
20250714,021045,대호특수강우,KOSDAQ,중견기업부,2825,-50,-1.74,2905,2905,2825,4673,13435735,2396989900,848492
20250714,067080,대화제약,KOSDAQ,중견기업부,15300,-220,-1.42,15430,15750,15220,83462,1287603990,284834745000,18616650
20250714,298540,더네이쳐홀딩스,KOSDAQ,우량기업부,12660,180,1.44,12580,12660,12320,47038,590306380,187978920960,14848256
20250714,032860,더라미,KOSDAQ,중견기업부,1323,32,2.48,1338,1365,1293,157268,208486720,53443726749,40395863
20250714,214610,더바이오메드,KOSDAQ,기술성장기업부,6250,350,5.93,5910,6820,5910,643944,4156874560,32191025000,5150564
20250714,393890,더블유씨피,KOSDAQ,기술성장기업부,7070,-100,-1.39,7170,7220,7060,165710,1177834500,239271028080,33843144
20250714,299170,더블유에스아이,KOSDAQ,중견기업부,1746,-27,-1.52,1773,1778,1740,151730,265181000,59808466998,34254563
20250714,462860,더즌,KOSDAQ,중견기업부,6200,-40,-0.64,6170,6480,6070,13049629,81896980195,444451166400,71685672
20250714,224060,더코디,KOSDAQ,투자주의환기종목(소속부없음),2970,0,0.00,3050,3100,2970,6883,20709435,15327344340,5160722
20250714,043090,더테크놀로지,KOSDAQ,투자주의환기종목(소속부없음),380,0,0.00,0,0,0,0,0,4718944500,12418275
20250714,213420,덕산네오룩스,KOSDAQ,우량기업부,33700,300,0.90,34100,34600,33200,190230,6412054150,836810732300,24831179
20250714,317330,덕산테코피아,KOSDAQ,중견기업부,15930,-240,-1.48,16200,16200,15830,64054,1021201295,326191983120,20476584
20250714,077360,덕산하이메탈,KOSDAQ,우량기업부,4155,-25,-0.60,4230,4230,4130,64232,266611285,188790743310,45437002
20250714,090410,덕신이피씨,KOSDAQ,우량기업부,1518,5,0.33,1504,1526,1504,92723,140081647,69955656210,46084095
20250714,263600,덕우전자,KOSDAQ,중견기업부,4680,-90,-1.89,4820,4820,4680,18429,86870240,74553850800,15930310
20250714,194480,데브시스터즈,KOSDAQ,벤처기업부,44000,-350,-0.79,44450,45050,43650,23004,1017753600,536938600000,12203150
20250714,373160,데이원컴퍼니,KOSDAQ,기술성장기업부,6380,0,0.00,6320,6420,6260,27104,172160520,87811321400,13763530
20250714,263800,데이타솔루션,KOSDAQ,중견기업부,5600,-120,-2.10,5720,5750,5440,250254,1399451780,90828528000,16219380
20250714,206560,덱스터,KOSDAQ,기술성장기업부,6070,40,0.66,6100,6100,5990,48507,292911100,154249237520,25411736
20250714,261200,덴티스,KOSDAQ,우량기업부,6740,-40,-0.59,6760,6820,6720,21006,142218175,106557378000,15809700
20250714,067990,도이치모터스,KOSDAQ,우량기업부,4870,80,1.67,4790,4895,4780,79652,386439378,142114148500,29181550
20250714,006620,동구바이오제약,KOSDAQ,우량기업부,5200,-40,-0.76,5220,5270,5160,52467,272457595,148017958400,28464992
20250714,100130,동국S&C,KOSDAQ,중견기업부,3010,55,1.86,2970,3010,2930,178734,532769057,172000430000,57143000
20250714,005160,동국산업,KOSDAQ,중견기업부,4040,-10,-0.25,4060,4060,4005,47035,189277545,219147707280,54244482
20250714,303810,동국생명과학,KOSDAQ,중견기업부,9030,-10,-0.11,9000,9110,8960,47224,425822315,144408392100,15992070
20250714,075970,동국알앤에스,KOSDAQ,중견기업부,2485,50,2.05,2435,2530,2415,113041,279971570,45724000000,18400000
20250714,086450,동국제약,KOSDAQ,우량기업부,18150,20,0.11,18130,18310,18010,114095,2070128215,814639790250,44883735
20250714,240550,동방메디컬,KOSDAQ,벤처기업부,12610,-50,-0.39,12790,13060,12600,355409,4565849480,261971993400,20774940
20250714,099410,동방선기,KOSDAQ,벤처기업부,3250,-25,-0.76,3275,3275,3200,74976,242403163,45500000000,14000000
20250714,033500,동성화인텍,KOSDAQ,우량기업부,22100,450,2.08,21650,22100,21450,526443,11478043025,662767817400,29989494
20250714,025950,동신건설,KOSDAQ,우량기업부,21750,-1100,-4.81,22650,22650,21750,36177,796168050,182700000000,8400000
20250714,088130,동아엘텍,KOSDAQ,중견기업부,3275,55,1.71,3240,3305,3220,148295,483798610,57264403350,17485314
20250714,041930,동아화성,KOSDAQ,우량기업부,6190,0,0.00,6190,6210,6110,17291,106706310,97802000000,15800000
20250714,060380,동양에스텍,KOSDAQ,우량기업부,1485,0,0.00,1485,1497,1475,24195,35910356,29254500000,19700000
20250714,079960,동양이엔피,KOSDAQ,우량기업부,26050,500,1.96,25700,26050,25100,34672,894005025,204753000000,7860000
20250714,228340,동양파일,KOSDAQ,중견기업부,2030,-10,-0.49,2035,2150,2015,24178,49279754,40600000000,20000000
20250714,088910,동우팜투테이블,KOSDAQ,우량기업부,2245,15,0.67,2230,2285,2215,94339,212211340,57992310180,25831764
20250714,094170,동운아나텍,KOSDAQ,우량기업부,17520,-440,-2.45,18000,18000,17300,108754,1910790600,366342078720,20909936
20250714,013120,동원개발,KOSDAQ,우량기업부,3285,145,4.62,3140,3340,3120,397127,1281716048,298304608500,90808100
20250714,109860,동일금속,KOSDAQ,우량기업부,8380,-30,-0.36,8410,8500,8360,10483,88377180,76258000000,9100000
20250714,032960,동일기연,KOSDAQ,중견기업부,10930,100,0.92,10850,10930,10830,1381,15058350,45016243350,4118595
20250714,023790,동일스틸럭스,KOSDAQ,중견기업부,841,0,0.00,840,868,834,53918,45397179,17810621469,21177909
20250714,005290,동진쎄미켐,KOSDAQ,우량기업부,30450,-400,-1.30,30900,31000,30450,236587,7237088400,1565571342300,51414494
20250714,025900,동화기업,KOSDAQ,중견기업부,8740,20,0.23,8700,8900,8570,49969,433964960,441870670900,50557285
20250714,131970,두산테스나,KOSDAQ,우량기업부,26750,-700,-2.55,27600,27800,26700,133433,3591649075,517003616500,19327238
20250714,073190,듀오백,KOSDAQ,중견기업부,2260,-35,-1.53,2280,2290,2220,31313,70362607,27047770400,11968040
20250714,176750,듀켐바이오,KOSDAQ,기술성장기업부,9930,-200,-1.97,10190,10200,9910,59903,598650365,282560334600,28455220
20250714,030350,드래곤플라이,KOSDAQ,관리종목(소속부없음),973,0,0.00,0,0,0,0,0,13503093562,13877794
20250714,203650,드림시큐리티,KOSDAQ,중견기업부,3905,-70,-1.76,3935,3960,3840,408230,1585461498,197615469370,50605754
20250714,223250,드림씨아이에스,KOSDAQ,중견기업부,3620,90,2.55,3545,3670,3530,341694,1235262350,86153552880,23799324
20250714,060570,드림어스컴퍼니,KOSDAQ,중견기업부,1943,7,0.36,1936,1965,1919,111729,216986899,146932716339,75621573
20250714,362990,드림인사이트,KOSDAQ,벤처기업부,2210,0,0.00,2210,2315,2200,116506,260909850,37129268540,16800574
20250714,016670,디모아,KOSDAQ,중견기업부,5020,60,1.21,4995,5030,4955,6281,31236930,24808066920,4941846
20250714,187870,디바이스,KOSDAQ,우량기업부,11150,20,0.18,11130,11180,11050,9018,100080010,78458190350,7036609
20250714,489730,디비금융제13호스팩,KOSDAQ,SPAC(소속부없음),2025,5,0.25,2020,2030,2020,2554,5169230,12822300000,6332000
20250714,110990,디아이티,KOSDAQ,우량기업부,15100,-510,-3.27,15630,15810,14850,143306,2182856520,285390000000,18900000
20250714,263690,디알젬,KOSDAQ,우량기업부,5640,10,0.18,5630,5670,5570,4821,27074680,63876440400,11325610
20250714,214680,디알텍,KOSDAQ,벤처기업부,1693,-12,-0.70,1705,1712,1681,270928,457959916,125425488522,74084754
20250714,347850,디앤디파마텍,KOSDAQ,기술성장기업부,124300,-3100,-2.43,130700,130800,122700,206786,25909321300,1345012885700,10820699
20250714,263720,디앤씨미디어,KOSDAQ,벤처기업부,18140,400,2.25,17920,18390,17850,56546,1024882780,227193940220,12524473
20250714,376300,디어유,KOSDAQ,우량기업부,58700,-1000,-1.68,60000,60300,58300,78904,4650984700,1393444432200,23738406
20250714,109740,디에스케이,KOSDAQ,벤처기업부,7250,150,2.11,7200,7300,6920,31211,221877590,186400327500,25710390
20250714,031860,디에이치엑스컴퍼니,KOSDAQ,투자주의환기종목(소속부없음),1075,33,3.17,1042,1111,1028,85630,90671256,18459922575,17172021
20250714,196490,디에이테크놀로지,KOSDAQ,투자주의환기종목(소속부없음),203,0,0.00,0,0,0,0,0,36245520080,178549360
20250714,066900,디에이피,KOSDAQ,중견기업부,2165,-45,-2.04,2240,2240,2130,6990,15150040,49241848995,22744503
20250714,092070,디엔에프,KOSDAQ,우량기업부,14070,-350,-2.43,14420,14420,14000,68466,965374565,162816042060,11571858
20250714,039840,디오,KOSDAQ,중견기업부,18910,260,1.39,18650,19090,18580,47382,896981115,271832895170,14375087
20250714,219550,디와이디,KOSDAQ,관리종목(소속부없음),435,-23,-5.02,458,462,431,688301,302586731,54418425615,125099829
20250714,310870,디와이씨,KOSDAQ,벤처기업부,1479,-1,-0.07,1480,1497,1452,49751,73004915,30596473809,20687271
20250714,104460,디와이피엔에프,KOSDAQ,우량기업부,17640,220,1.26,17420,17660,17280,19647,343449280,188988345000,10713625
20250714,079810,디이엔티,KOSDAQ,우량기업부,7000,90,1.30,6950,7250,6850,291911,2048839190,154196658000,22028094
20250714,113810,디젠스,KOSDAQ,중견기업부,1005,-44,-4.19,1048,1048,991,902538,908863241,32791191255,32628051
20250714,043360,디지아이,KOSDAQ,벤처기업부,2500,75,3.09,2400,2590,2395,43288,108089395,22500000000,9000000
20250714,197140,디지캡,KOSDAQ,벤처기업부,2205,-40,-1.78,2250,2250,2200,30594,67512895,28694004570,13013154
20250714,068930,디지털대성,KOSDAQ,우량기업부,8490,170,2.04,8320,8500,8170,77132,649510650,234963653580,27675342
20250714,033130,디지틀조선,KOSDAQ,중견기업부,1616,11,0.69,1605,1620,1593,262128,420557853,59978271472,37115267
20250714,105740,디케이락,KOSDAQ,우량기업부,8170,20,0.25,8140,8170,7950,88121,709623370,83076751210,10168513
20250714,263020,디케이앤디,KOSDAQ,벤처기업부,2930,-15,-0.51,2945,2950,2900,26016,75794347,42484504830,14499831
20250714,290550,디케이티,KOSDAQ,우량기업부,6450,-50,-0.77,6510,6510,5990,132103,840135880,129007933500,20001230
20250714,066670,디티씨,KOSDAQ,중견기업부,3275,5,0.15,3270,3285,3230,20781,67476700,61216031450,18691918
20250714,187220,디티앤씨,KOSDAQ,중견기업부,2860,-20,-0.69,2880,2900,2850,24926,71445165,33456340060,11698021
20250714,383930,디티앤씨알오,KOSDAQ,중견기업부,3925,25,0.64,3900,3980,3890,42907,168234972,50177702400,12784128
20250714,131180,딜리,KOSDAQ,벤처기업부,1065,-6,-0.56,1072,1072,1060,25332,27005343,31257750000,29350000
20250714,315640,딥노이드,KOSDAQ,기술성장기업부,5640,100,1.81,5580,5840,5520,84268,471774990,126574391520,22442268
20250714,223310,딥마인드,KOSDAQ,중견기업부,5950,-100,-1.65,6050,6210,5690,680743,4035221505,135894281250,22839375
20250714,317120,라닉스,KOSDAQ,기술성장기업부,2030,-5,-0.25,2035,2040,2015,41011,83207975,19609800000,9660000
20250714,462510,라메디텍,KOSDAQ,기술성장기업부,7180,-210,-2.84,7390,7390,7170,38907,281578205,62975528700,8770965
20250714,042510,라온시큐어,KOSDAQ,벤처기업부,12030,-250,-2.04,12300,12300,11880,62841,758798660,134798243220,11205174
20250714,232680,라온테크,KOSDAQ,기술성장기업부,7020,-50,-0.71,7080,7080,6970,48309,338550630,87990322680,12534234
20250714,418420,라온텍,KOSDAQ,기술성장기업부,3980,-105,-2.57,4085,4090,3950,123997,496546670,120743480840,30337558
20250714,300120,라온피플,KOSDAQ,벤처기업부,4030,-120,-2.89,4200,4200,4010,78509,318265002,84065848360,20860012
20250714,171120,라이온켐텍,KOSDAQ,중견기업부,2305,35,1.54,2270,2335,2270,44474,102117265,82753556800,35901760
20250714,388790,라이콤,KOSDAQ,벤처기업부,2475,-15,-0.60,2475,2475,2445,73554,181147855,75711098925,30590343
20250714,214260,라파스,KOSDAQ,기술성장기업부,15540,-220,-1.40,15870,15870,15350,13507,209470030,138655075020,8922463
20250714,171010,램테크놀러지,KOSDAQ,벤처기업부,4300,-50,-1.15,4320,4400,4270,87333,376481222,61484633600,14298752
20250714,084650,랩지노믹스,KOSDAQ,우량기업부,2380,-30,-1.24,2410,2420,2375,355510,848307883,176691176200,74239990
20250714,217500,러셀,KOSDAQ,벤처기업부,1748,-7,-0.40,1766,1766,1737,15235,26591442,55607376000,31812000
20250714,038390,레드캡투어,KOSDAQ,우량기업부,12690,150,1.20,12580,12690,12480,90473,1141367610,212187231180,16720822
20250714,294140,레몬,KOSDAQ,중견기업부,3985,-90,-2.21,3970,4070,3970,23097,92484835,83685000000,21000000
20250714,443250,레뷰코퍼레이션,KOSDAQ,벤처기업부,11650,0,0.00,11790,11790,11450,17387,201026810,129492779000,11115260
20250714,228670,레이,KOSDAQ,벤처기업부,7790,-30,-0.38,7860,7920,7710,38841,302888260,120846682870,15513053
20250714,228850,레이언스,KOSDAQ,우량기업부,6510,10,0.15,6680,6680,6480,12668,82726990,108007501140,16591014
20250714,412350,레이저쎌,KOSDAQ,기술성장기업부,3090,20,0.65,3070,3100,3020,22094,67676591,26966343480,8726972
20250714,199550,레이저옵텍,KOSDAQ,벤처기업부,7510,-260,-3.35,7780,7780,7500,66693,506379180,92116090410,12265791
20250714,281740,레이크머티리얼즈,KOSDAQ,우량기업부,11770,-130,-1.09,11980,12030,11730,151243,1786551710,773648549960,65730548
20250714,277810,레인보우로보틱스,KOSDAQ,기술성장기업부,267000,-2000,-0.74,269500,273000,266500,59323,15939698500,5179762086000,19399858
20250714,215100,로보로보,KOSDAQ,벤처기업부,5050,10,0.20,5000,5100,4915,321214,1600488597,102759692700,20348454
20250714,090360,로보스타,KOSDAQ,중견기업부,27250,-250,-0.91,27500,27700,26950,48651,1325222925,265687500000,9750000
20250714,108490,로보티즈,KOSDAQ,기술성장기업부,73200,2000,2.81,70500,75400,70000,322397,23476232250,967259968800,13213934
20250714,900260,로스웰,KOSDAQ,외국기업(소속부없음),897,-4,-0.44,907,960,890,666130,606522758,32320065336,36031288
20250714,067730,로지시스,KOSDAQ,중견기업부,3415,-85,-2.43,3530,3530,3410,28289,97458423,33036443630,9673922
20250714,071280,로체시스템즈,KOSDAQ,우량기업부,11980,-230,-1.88,12210,12280,11970,17013,204560030,183253303940,15296603
20250714,376900,로킷헬스케어,KOSDAQ,기술성장기업부,16620,-820,-4.70,17350,17440,16600,403965,6864530790,256942524180,15459839
20250714,328130,루닛,KOSDAQ,기술성장기업부,46300,-1400,-2.94,47950,48000,46200,220698,10310725425,1349641203400,29149918
20250714,038060,루멘스,KOSDAQ,우량기업부,888,6,0.68,883,888,874,26332,23141347,42715525272,48103069
20250714,474170,루미르,KOSDAQ,기술성장기업부,7580,-150,-1.94,7810,7830,7560,35750,272229810,134375935680,17727696
20250714,141080,리가켐바이오,KOSDAQ,기술성장기업부,134700,-2000,-1.46,138100,138900,132400,402558,54294382700,4931412528600,36610338
20250714,058470,리노공업,KOSDAQ,우량기업부,51200,1000,1.99,50400,52200,50400,444259,22873299550,3902046720000,76211850
20250714,016100,리더스코스메틱,KOSDAQ,중견기업부,2820,110,4.06,2780,2880,2750,324744,912395496,53864521080,19100894
20250714,012700,리드코프,KOSDAQ,우량기업부,5180,-90,-1.71,5200,5240,5050,150206,776570440,136990979300,26446135
20250714,302550,리메드,KOSDAQ,기술성장기업부,3415,-40,-1.16,3455,3495,3400,75753,259310090,107557228120,31495528
20250714,073570,리튬포어스,KOSDAQ,관리종목(소속부없음),781,-23,-2.86,804,804,770,112566,88145962,38246704012,48971452
20250714,377450,리파인,KOSDAQ,우량기업부,17700,600,3.51,17100,17760,16900,277141,4876252515,306741000000,17330000
20250714,277070,린드먼아시아,KOSDAQ,중견기업부,5130,-20,-0.39,5150,5240,5060,27807,142347770,70239960000,13692000
20250714,042500,링네트,KOSDAQ,우량기업부,4710,0,0.00,4695,4725,4665,77752,364538762,89820331140,19070134
20250714,193250,링크드,KOSDAQ,중견기업부,563,-18,-3.10,581,595,561,317668,182144140,35651061251,63323377
20250714,474650,링크솔루션,KOSDAQ,기술성장기업부,18080,-840,-4.44,19130,19880,17910,163763,3039994505,100868898560,5579032
20250714,219420,링크제니시스,KOSDAQ,기술성장기업부,5130,-90,-1.72,5220,5220,5120,22604,116533905,58838570910,11469507
20250714,439090,마녀공장,KOSDAQ,중견기업부,19140,250,1.32,19590,19760,19090,429488,8337125725,313479896400,16378260
20250714,195500,마니커에프앤지,KOSDAQ,중견기업부,3260,15,0.46,3245,3300,3190,36255,117712870,52088280000,15978000
20250714,377480,마음AI,KOSDAQ,기술성장기업부,20900,-250,-1.18,21200,21350,20850,47189,994653500,148217951200,7091768
20250714,305090,마이크로디지탈,KOSDAQ,기술성장기업부,9540,-250,-2.55,9730,9750,9530,31636,303235510,171862174620,18014903
20250714,098120,마이크로컨텍솔,KOSDAQ,중견기업부,21200,150,0.71,20650,21300,20350,99006,2057929725,176230639200,8312766
20250714,424980,마이크로투나노,KOSDAQ,기술성장기업부,8700,-270,-3.01,9030,9030,8520,24225,210622280,51494343000,5918890
20250714,038290,마크로젠,KOSDAQ,중견기업부,15810,100,0.64,15720,15850,15670,22436,354162765,171402534000,10841400
20250714,267980,매일유업,KOSDAQ,우량기업부,39150,-150,-0.38,39300,39350,39100,3014,118184025,307078427700,7843638
20250714,005990,매일홀딩스,KOSDAQ,우량기업부,11440,280,2.51,11160,11500,11150,27147,309499740,156937397760,13718304
20250714,093520,매커스,KOSDAQ,우량기업부,22400,-600,-2.61,22350,24200,21450,1646536,37770149525,362053260800,16163092
20250714,100590,머큐리,KOSDAQ,중견기업부,3395,0,0.00,3395,3405,3375,26188,88794390,53742928085,15830023
20250714,067280,멀티캠퍼스,KOSDAQ,우량기업부,36900,500,1.37,36400,36950,36150,6010,219690325,218698145100,5926779
20250714,072870,메가스터디,KOSDAQ,우량기업부,11520,70,0.61,11400,11580,11390,37329,430035200,137329447680,11920959
20250714,215200,메가스터디교육,KOSDAQ,우량기업부,52000,1100,2.16,50900,52300,50500,43154,2225162100,560086124000,10770887
20250714,133750,메가엠디,KOSDAQ,중견기업부,2170,35,1.64,2135,2170,2130,51817,111429310,50793357090,23407077
20250714,446540,메가터치,KOSDAQ,중견기업부,4475,135,3.11,4340,4480,4280,432923,1902288600,92950225000,20771000
20250714,235980,메드팩토,KOSDAQ,기술성장기업부,3995,-10,-0.25,4005,4050,3905,126196,501011174,136929108395,34275121
20250714,041920,메디아나,KOSDAQ,우량기업부,5930,210,3.67,5680,5980,5600,52746,300071980,110287462390,18598223
20250714,014100,메디앙스,KOSDAQ,중견기업부,2190,5,0.23,2210,2225,2160,23180,50468478,25842000000,11800000
20250714,054180,메디콕스,KOSDAQ,투자주의환기종목(소속부없음),153,0,0.00,0,0,0,0,0,12680377299,82878283
20250714,086900,메디톡스,KOSDAQ,우량기업부,161200,-1900,-1.16,163100,164200,160800,29916,4833419300,1176517716400,7298497
20250714,078160,메디포스트,KOSDAQ,벤처기업부,10840,-160,-1.45,10920,11000,10720,38842,420588450,370920789400,34217785
20250714,408920,메쎄이상,KOSDAQ,벤처기업부,2440,40,1.67,2400,2440,2385,92938,224778912,105487190200,43232455
20250714,021880,메이슨캐피탈,KOSDAQ,중견기업부,366,-19,-4.94,384,384,366,1820287,681428636,70339493328,192184408
20250714,140410,메지온,KOSDAQ,중견기업부,36700,50,0.14,36450,36900,36200,42468,1548305200,1105159578000,30113340
20250714,241770,메카로,KOSDAQ,우량기업부,14050,50,0.36,13820,14350,13610,62460,871085520,143206592000,10192640
20250714,059210,메타바이오메드,KOSDAQ,우량기업부,5210,-140,-2.62,5350,5380,5150,159043,835662860,143328553590,27510279
20250714,058110,멕아이씨에스,KOSDAQ,기술성장기업부,2160,-70,-3.14,2230,2230,2150,76517,166370295,34669144800,16050530
20250714,434480,모니터랩,KOSDAQ,기술성장기업부,4185,-95,-2.22,4265,4300,4170,69995,294641232,51518605500,12310300
20250714,080420,모다이노칩,KOSDAQ,중견기업부,2335,0,0.00,2335,2340,2270,9486,21862325,186149987370,79721622
20250714,417970,모델솔루션,KOSDAQ,중견기업부,11200,-10,-0.09,11210,11380,11140,6257,69912840,71643040000,6396700
20250714,080160,모두투어,KOSDAQ,벤처기업부,13450,20,0.15,13530,13590,13230,170420,2284861255,254205000000,18900000
20250714,087260,모바일어플라이언스,KOSDAQ,벤처기업부,1999,9,0.45,1990,2010,1981,74859,149383135,65073169139,32552861
20250714,101330,모베이스,KOSDAQ,중견기업부,3540,0,0.00,3535,3555,3485,26975,94856563,81940482660,23147029
20250714,012860,모베이스전자,KOSDAQ,우량기업부,1501,-4,-0.27,1512,1514,1495,97155,146366653,109923418957,73233457
20250714,363260,모비데이즈,KOSDAQ,벤처기업부,1863,37,2.03,1833,1868,1820,264054,486997858,59921101647,32163769
20250714,348030,모비릭스,KOSDAQ,중견기업부,4365,-50,-1.13,4450,4450,4360,2122,9293936,41920587000,9603800
20250714,250060,모비스,KOSDAQ,기술성장기업부,2635,-15,-0.57,2655,2660,2585,192632,505179388,84771412390,32171314
20250714,288980,모아데이타,KOSDAQ,기술성장기업부,1317,-29,-2.15,1379,1379,1316,139970,186133616,45510992154,34556562
20250714,142760,모아라이프플러스,KOSDAQ,기술성장기업부,1835,-108,-5.56,1943,1954,1835,182648,341231645,69872232685,38077511
20250714,033200,모아텍,KOSDAQ,투자주의환기종목(소속부없음),4000,90,2.30,3910,4175,3910,78268,312818342,57324740000,14331185
20250714,333050,모코엠시스,KOSDAQ,벤처기업부,1479,-1,-0.07,1478,1479,1435,104389,151886428,36403109154,24613326
20250714,118990,모트렉스,KOSDAQ,우량기업부,9140,40,0.44,9100,9170,9040,44925,409083525,227238588600,24861990
20250714,463480,모티브링크,KOSDAQ,중견기업부,9520,200,2.15,9310,9800,9160,118477,1120260525,117956208160,12390358
20250714,006920,모헨즈,KOSDAQ,중견기업부,3655,10,0.27,3610,3750,3555,1776021,6499395539,39912600000,10920000
20250714,001810,무림SP,KOSDAQ,중견기업부,1777,32,1.83,1745,1793,1745,91704,162449581,39338337500,22137500
20250714,279600,미디어젠,KOSDAQ,중견기업부,13160,160,1.23,13000,13250,12700,24373,317430985,61651717960,4684781
20250714,095500,미래나노텍,KOSDAQ,우량기업부,8090,-30,-0.37,8120,8150,8030,71186,575520485,250870891910,31009999
20250714,254490,미래반도체,KOSDAQ,우량기업부,17740,-100,-0.56,17980,17980,17490,104549,1852333860,256130120000,14438000
20250714,218150,미래생명자원,KOSDAQ,벤처기업부,3785,25,0.66,3760,3825,3750,164000,623115855,77273810570,20415802
20250714,442900,미래에셋드림스팩1호,KOSDAQ,SPAC(소속부없음),10320,10,0.10,10320,10320,10310,10144,104644550,79257600000,7680000
20250714,100790,미래에셋벤처투자,KOSDAQ,우량기업부,7040,-80,-1.12,6990,7050,6850,243045,1685330495,373997423360,53124634
20250714,446190,미래에셋비전스팩2호,KOSDAQ,SPAC(소속부없음),2840,140,5.19,2730,2945,2725,366548,1043747952,14058000000,4950000
20250714,448830,미래에셋비전스팩3호,KOSDAQ,SPAC(소속부없음),2155,0,0.00,0,0,0,0,0,10602600000,4920000
20250714,477380,미래에셋비전스팩4호,KOSDAQ,SPAC(소속부없음),2015,-10,-0.49,2025,2050,2015,47221,95923862,16321500000,8100000
20250714,477470,미래에셋비전스팩5호,KOSDAQ,SPAC(소속부없음),2095,0,0.00,2085,2100,2085,3355,6995865,11480600000,5480000
20250714,478440,미래에셋비전스팩6호,KOSDAQ,SPAC(소속부없음),2005,-15,-0.74,2020,2035,2005,22219,44585447,13894650000,6930000
20250714,482680,미래에셋비전스팩7호,KOSDAQ,SPAC(소속부없음),2005,5,0.25,2005,2005,2000,1566,3134855,16471075000,8215000
20250714,049950,미래컴퍼니,KOSDAQ,우량기업부,16340,-250,-1.51,16600,16600,16200,24445,397744065,144084224560,8817884
20250714,207760,미스터블루,KOSDAQ,중견기업부,1724,-43,-2.43,1767,1769,1704,807733,1400729098,143229545892,83079783
20250714,059090,미코,KOSDAQ,중견기업부,12760,-700,-5.20,13460,13480,12650,432565,5549741150,426398087280,33416778
20250714,201490,미투온,KOSDAQ,중견기업부,5200,-790,-13.19,5730,5970,5150,4441600,24213161650,158028478400,30390092
20250714,475460,미트박스,KOSDAQ,중견기업부,17780,530,3.07,17310,18900,16830,7470004,135401340885,99668457000,5605650
20250714,452200,민테크,KOSDAQ,기술성장기업부,3950,-10,-0.25,3960,3985,3925,28441,112428765,88163210000,22319800
20250714,206640,바디텍메드,KOSDAQ,우량기업부,13980,-150,-1.06,14150,14150,13860,98740,1377194450,328342108800,23486560
20250714,018700,바른손,KOSDAQ,중견기업부,1203,-31,-2.51,1234,1236,1200,164084,199314229,42249067671,35119757
20250714,035620,바른손이앤에이,KOSDAQ,중견기업부,495,-5,-1.00,511,511,479,434984,213376658,36847639125,74439675
20250714,053030,바이넥스,KOSDAQ,중견기업부,16340,-450,-2.68,16830,16870,16270,212969,3512491590,534059631920,32684188
20250714,301300,바이브컴퍼니,KOSDAQ,기술성장기업부,5230,-100,-1.88,5330,5380,5160,36261,190724880,68799143760,13154712
20250714,064550,바이오니아,KOSDAQ,벤처기업부,14640,-60,-0.41,14710,14850,14480,58155,850031355,377862660240,25810291
20250714,314930,바이오다인,KOSDAQ,기술성장기업부,14490,-380,-2.56,14620,14810,14350,90947,1315337080,431281852470,29764103
20250714,489460,바이오비쥬,KOSDAQ,벤처기업부,20750,930,4.69,20550,22300,20100,1549640,33224289100,312171922500,15044430
20250714,086820,바이오솔루션,KOSDAQ,기술성장기업부,8350,-250,-2.91,8650,8830,8180,122389,1026648300,202493027700,24250662
20250714,038460,바이오스마트,KOSDAQ,우량기업부,3355,-70,-2.04,3390,3415,3340,143431,482002065,87781689490,26164438
20250714,251120,바이오에프디엔씨,KOSDAQ,기술성장기업부,19300,-520,-2.62,19860,20500,18990,66998,1303366400,167827010000,8695700
20250714,199730,바이오인프라,KOSDAQ,벤처기업부,5770,-60,-1.03,5940,5940,5720,2763,15981420,28067397590,4864367
20250714,086040,바이오톡스텍,KOSDAQ,중견기업부,2990,-25,-0.83,3045,3045,2985,19073,57255043,47715158530,15958247
20250714,188040,바이오포트,KOSDAQ,벤처기업부,18430,930,5.31,17730,19150,17500,290965,5420015090,81623945090,4428863
20250714,099430,바이오플러스,KOSDAQ,우량기업부,7090,0,0.00,7110,7130,6960,211383,1485311745,428942582310,60499659
20250714,032980,바이온,KOSDAQ,관리종목(소속부없음),302,0,0.00,0,0,0,0,0,13522952980,44777990
20250714,308080,바이젠셀,KOSDAQ,기술성장기업부,2925,-80,-2.66,3005,3005,2920,32084,94536360,59813617500,20449100
20250714,043150,바텍,KOSDAQ,우량기업부,21950,250,1.15,21750,22300,21650,39555,871912300,326050919200,14854256
20250714,323990,박셀바이오,KOSDAQ,기술성장기업부,9750,-160,-1.61,9970,9970,9680,59030,576414705,226759113750,23257345
20250714,267790,배럴,KOSDAQ,벤처기업부,4455,-20,-0.45,4500,4500,4270,15142,66934905,35143267500,7888500
20250714,046310,백금T&A,KOSDAQ,우량기업부,3070,85,2.85,2980,3110,2965,74711,227062778,50405227870,16418641
20250714,331520,밸로프,KOSDAQ,중견기업부,631,-4,-0.63,635,640,629,128378,81112136,32095430090,50864390
20250714,199480,뱅크웨어글로벌,KOSDAQ,기술성장기업부,9620,10,0.10,9790,10470,9510,5552979,55290219000,97177757560,10101638
20250714,438700,버넥트,KOSDAQ,기술성장기업부,4640,-100,-2.11,4780,4780,4610,42938,200614348,51712289600,11144890
20250714,066410,버킷스튜디오,KOSDAQ,관리종목(소속부없음),1153,0,0.00,0,0,0,0,0,99670679144,86444648
20250714,382900,범한퓨얼셀,KOSDAQ,벤처기업부,17960,-290,-1.59,18290,18480,17900,17281,312270235,157347560000,8761000
20250714,206400,베노티앤알,KOSDAQ,중견기업부,2355,120,5.37,2180,2380,2180,508321,1174545510,88336422090,37510158
20250714,019010,베뉴지,KOSDAQ,중견기업부,2420,20,0.83,2400,2435,2380,20403,49440890,116644000000,48200000
20250714,177350,베셀,KOSDAQ,벤처기업부,1016,-7,-0.68,1037,1039,1010,124294,127539091,19968227272,19653767
20250714,457600,벡트,KOSDAQ,벤처기업부,3230,10,0.31,3220,3230,3165,37134,118304012,44275225000,13707500
20250714,424760,벨로크,KOSDAQ,벤처기업부,941,-12,-1.26,955,959,927,30421,28590808,18504766882,19665002
20250714,225530,보광산업,KOSDAQ,우량기업부,3740,-20,-0.53,3760,3770,3700,10728,39944695,135906838980,36338727
20250714,250000,보라티알,KOSDAQ,우량기업부,10170,-70,-0.68,10240,10250,10150,11548,117608100,68654954610,6750733
20250714,310210,보로노이,KOSDAQ,기술성장기업부,124500,600,0.48,124400,126500,120600,84419,10405463100,2289361900500,18388449
20250714,006910,보성파워텍,KOSDAQ,벤처기업부,3250,-5,-0.15,3255,3280,3215,387005,1254366364,159671928000,49129824
20250714,226340,본느,KOSDAQ,벤처기업부,982,25,2.61,966,983,953,125547,121589837,41197276440,41952420
20250714,014470,부방,KOSDAQ,중견기업부,1699,-14,-0.82,1710,1719,1698,182917,312147310,102028789740,60052260
20250714,008470,부스타,KOSDAQ,벤처기업부,3900,5,0.13,3900,3930,3870,7184,27883330,32778720000,8404800
20250714,338220,뷰노,KOSDAQ,기술성장기업부,17980,-570,-3.07,18950,18950,17850,75044,1360081175,251752777540,14001823
20250714,100120,뷰웍스,KOSDAQ,우량기업부,21400,-100,-0.47,21500,21600,21300,12148,260653775,208650000000,9750000
20250714,406820,뷰티스킨,KOSDAQ,벤처기업부,13080,140,1.08,13220,13690,13080,10715,142825000,46225243200,3534040
20250714,099390,브레인즈컴퍼니,KOSDAQ,벤처기업부,6170,10,0.16,6080,6170,6030,18473,112625590,50645106110,8208283
20250714,064480,브리지텍,KOSDAQ,벤처기업부,5610,-40,-0.71,5700,5700,5560,45304,253861070,67053525000,11952500
20250714,288330,브릿지바이오테라퓨틱스,KOSDAQ,관리종목(소속부없음),3010,35,1.18,3015,3140,2925,3729523,11359805319,157101845040,52193304
20250714,365900,브이씨,KOSDAQ,벤처기업부,3925,130,3.43,3790,3950,3700,6218,24021375,28692927500,7310300
20250714,089970,브이엠,KOSDAQ,우량기업부,10520,-120,-1.13,10640,10900,10350,111722,1174939300,253275259400,24075595
20250714,251630,브이원텍,KOSDAQ,벤처기업부,5300,-10,-0.19,5460,5460,5210,56442,298364730,84497295800,15942886
20250714,018290,브이티,KOSDAQ,우량기업부,35100,550,1.59,35000,35400,34550,389919,13674693075,1256510045700,35798007
20250714,478560,블랙야크아이앤씨,KOSDAQ,벤처기업부,3575,-10,-0.28,3585,3645,3555,33392,119698582,86845884125,24292555
20250714,439580,블루엠텍,KOSDAQ,기술성장기업부,4700,-150,-3.09,4855,4855,4700,460882,2185417576,157500116100,33510663
20250714,033560,블루콤,KOSDAQ,중견기업부,3155,-45,-1.41,3200,3245,3140,25311,80178100,53950500000,17100000
20250714,369370,블리츠웨이엔터테인먼트,KOSDAQ,벤처기업부,1425,11,0.78,1414,1471,1404,21105,30044719,71067473175,49871911
20250714,126340,비나텍,KOSDAQ,벤처기업부,30350,-150,-0.49,30500,30600,29650,13906,416224375,193403493300,6372438
20250714,121800,비덴트,KOSDAQ,관리종목(소속부없음),3320,0,0.00,0,0,0,0,0,256309348520,77201611
20250714,082800,비보존 제약,KOSDAQ,중견기업부,7550,290,3.99,7560,7820,7500,503432,3846549285,378290228300,50104666
20250714,318410,비비씨,KOSDAQ,중견기업부,10190,0,0.00,10250,10280,9990,13425,136038450,56607926170,5555243
20250714,419540,비스토스,KOSDAQ,벤처기업부,1464,-18,-1.21,1495,1495,1450,157772,230983541,33661036104,22992511
20250714,146320,비씨엔씨,KOSDAQ,벤처기업부,8910,-190,-2.09,9140,9140,8880,10784,96496045,114029493930,12797923
20250714,200780,비씨월드제약,KOSDAQ,중견기업부,4475,15,0.34,4460,4510,4440,12766,57046860,43569674000,9736240
20250714,413640,비아이매트릭스,KOSDAQ,벤처기업부,17110,-240,-1.38,17530,17530,16810,124459,2121374875,123310743400,7206940
20250714,141000,비아트론,KOSDAQ,벤처기업부,8860,150,1.72,8760,8880,8620,41577,364152670,107336330600,12114710
20250714,083650,비에이치아이,KOSDAQ,중견기업부,36550,-500,-1.35,37000,37750,36100,327146,11937815800,1131016906250,30944375
20250714,445360,비엔케이제1호스팩,KOSDAQ,관리종목(소속부없음),2135,0,0.00,2130,2135,2130,14176,30222275,9201850000,4310000
20250714,473370,비엔케이제2호스팩,KOSDAQ,SPAC(소속부없음),2005,-5,-0.25,2015,2015,2000,24282,48683040,8441050000,4210000
20250714,065170,비엘팜텍,KOSDAQ,투자주의환기종목(소속부없음),843,-9,-1.06,860,860,837,66542,56370851,22493790075,26683025
20250714,086670,비엠티,KOSDAQ,우량기업부,9840,-90,-0.91,10080,10080,9750,7287,71485860,89791712160,9125174
20250714,335890,비올,KOSDAQ,벤처기업부,12510,10,0.08,12500,12540,12500,118964,1487568985,730823253750,58419125
20250714,230980,비유테크놀러지,KOSDAQ,관리종목(소속부없음),229,0,0.00,0,0,0,0,0,21370407553,93320557
20250714,082920,비츠로셀,KOSDAQ,우량기업부,27650,50,0.18,27750,27850,27100,93958,2570388825,632416689450,22872213
20250714,054220,비츠로시스,KOSDAQ,벤처기업부,338,-2,-0.59,342,342,329,368902,123559960,20264141378,59953081
20250714,042370,비츠로테크,KOSDAQ,우량기업부,8950,90,1.02,8840,8960,8800,148059,1312782960,234490223750,26200025
20250714,050090,비케이홀딩스,KOSDAQ,투자주의환기종목(소속부없음),975,-5,-0.51,985,1132,965,1583915,1653382374,19290116625,19784735
20250714,148780,비큐AI,KOSDAQ,기술성장기업부,2370,-95,-3.85,2465,2465,2330,1418438,3369463562,74526368250,31445725
20250714,307870,비투엔,KOSDAQ,벤처기업부,1388,-132,-8.68,1530,1534,1260,4446134,6026486831,70518497592,50805834
20250714,377030,비트맥스,KOSDAQ,기술성장기업부,5610,510,10.00,5110,5920,5030,6913108,38718704860,208867155420,37231222
20250714,032850,비트컴퓨터,KOSDAQ,벤처기업부,5340,-50,-0.93,5380,5390,5320,67966,363705720,88768384620,16623293
20250714,238200,비피도,KOSDAQ,벤처기업부,3555,35,0.99,3485,3585,3465,11745,41623240,29079900000,8180000
20250714,093190,빅솔론,KOSDAQ,우량기업부,6320,40,0.64,6240,6360,6220,8802,55308905,121589879600,19238905
20250714,065450,빅텍,KOSDAQ,벤처기업부,4195,15,0.36,4185,4225,4155,331955,1392467873,120198496000,28652800
20250714,044480,빌리언스,KOSDAQ,중견기업부,318,0,0.00,0,0,0,0,0,12931065504,40663728
20250714,069540,빛과전자,KOSDAQ,중견기업부,1356,40,3.04,1315,1361,1285,742339,981241390,63559050336,46872456
20250714,072950,빛샘전자,KOSDAQ,벤처기업부,5470,-50,-0.91,5520,5640,5400,17494,95721090,44047776700,8052610
20250714,451250,삐아,KOSDAQ,벤처기업부,12110,380,3.24,12260,12400,11900,341164,4149456205,122188410470,10089877
20250714,143240,사람인,KOSDAQ,우량기업부,15140,-40,-0.26,15180,15240,15070,12733,192783585,177278241820,11709263
20250714,466410,사이냅소프트,KOSDAQ,벤처기업부,14160,-340,-2.34,14650,14670,14070,98560,1412702225,71324245680,5037023
20250714,452430,사피엔반도체,KOSDAQ,기술성장기업부,26100,-800,-2.97,26900,27000,26000,25368,668657100,214363763100,8213171
20250714,419120,산돌,KOSDAQ,중견기업부,10200,930,10.03,9210,10980,9200,968112,10038618160,79298125200,7774326
20250714,122350,삼기,KOSDAQ,중견기업부,1395,22,1.60,1367,1490,1340,1073968,1506355509,53483502060,38339428
20250714,419050,삼기에너지솔루션즈,KOSDAQ,우량기업부,1841,67,3.78,1775,1849,1765,672797,1228392947,105298277840,57196240
20250714,014970,삼륭물산,KOSDAQ,중견기업부,11370,1310,13.02,11300,12700,10740,11168229,131248857660,171971250000,15125000
20250714,018310,삼목에스폼,KOSDAQ,우량기업부,22500,-500,-2.17,22900,23050,22300,15869,358086400,330750000000,14700000
20250714,053700,삼보모터스,KOSDAQ,우량기업부,4485,40,0.90,4445,4535,4405,144856,649627952,102604197150,22877190
20250714,009620,삼보산업,KOSDAQ,중견기업부,1495,26,1.77,1462,1503,1437,220654,324640982,24497206045,16386091
20250714,023600,삼보판지,KOSDAQ,우량기업부,11030,170,1.57,10860,11030,10700,31604,344866900,178355100000,16170000
20250714,448740,삼성스팩8호,KOSDAQ,SPAC(소속부없음),10410,0,0.00,10410,10420,10410,3821,39778620,48552240000,4664000
20250714,009300,삼아제약,KOSDAQ,우량기업부,18730,-160,-0.85,18980,18980,18650,16329,306120675,119310100000,6370000
20250714,482630,삼양엔씨켐,KOSDAQ,중견기업부,17900,-180,-1.00,18110,18140,17740,32481,580835885,194503906000,10866140
20250714,036670,삼양케이씨아이,KOSDAQ,우량기업부,7480,120,1.63,7360,7490,7280,20750,154170575,84299600000,11270000
20250714,361670,삼영에스앤씨,KOSDAQ,기술성장기업부,4280,-30,-0.70,4295,4310,4255,3138,13406835,24257576240,5667658
20250714,054540,삼영엠텍,KOSDAQ,중견기업부,5370,-100,-1.83,5410,5430,5300,184735,990741875,69810000000,13000000
20250714,065570,삼영이엔씨,KOSDAQ,관리종목(소속부없음),764,0,0.00,0,0,0,0,0,12295692232,16093838
20250714,032280,삼일,KOSDAQ,중견기업부,1538,-11,-0.71,1560,1567,1534,63917,98585292,24936501420,16213590
20250714,002290,삼일기업공사,KOSDAQ,벤처기업부,3820,65,1.73,3755,3820,3725,94923,359196915,47368000000,12400000
20250714,037460,삼지전자,KOSDAQ,벤처기업부,11940,-100,-0.83,12030,12030,11850,47122,561659220,194843152680,16318522
20250714,032750,삼진,KOSDAQ,우량기업부,4810,10,0.21,4800,4810,4740,11628,55595780,43439696820,9031122
20250714,054090,삼진엘앤디,KOSDAQ,벤처기업부,775,-5,-0.64,780,780,752,27794,21434055,19343404800,24959232
20250714,000250,삼천당제약,KOSDAQ,중견기업부,161400,800,0.50,162400,163300,159500,83363,13483506650,3786035980800,23457472
20250714,024950,삼천리자전거,KOSDAQ,중견기업부,4420,-65,-1.45,4465,4490,4380,95655,422193537,58669210340,13273577
20250714,038500,삼표시멘트,KOSDAQ,우량기업부,3295,30,0.92,3270,3295,3235,226687,742853770,355584228270,107916306
20250714,437730,삼현,KOSDAQ,기술성장기업부,12870,-170,-1.30,13060,13120,12670,130436,1669010440,408076387290,31707567
20250714,017480,삼현철강,KOSDAQ,우량기업부,4610,10,0.22,4600,4610,4570,11027,50641700,72390322900,15702890
20250714,046390,삼화네트웍스,KOSDAQ,중견기업부,1267,-4,-0.31,1272,1275,1260,114066,144606684,54700106111,43172933
20250714,027580,상보,KOSDAQ,중견기업부,936,9,0.97,926,940,917,236080,219168532,55393677144,59181279
20250714,038540,상상인,KOSDAQ,중견기업부,2160,-15,-0.69,2185,2190,2105,151972,325108940,119509156080,55328313
20250714,452670,상상인제4호스팩,KOSDAQ,SPAC(소속부없음),2025,0,0.00,2025,2030,2025,4680,9477695,10570500000,5220000
20250714,091580,상신이디피,KOSDAQ,우량기업부,7850,-60,-0.76,7930,8000,7780,32704,256218575,104626519150,13328219
20250714,263810,상신전자,KOSDAQ,중견기업부,3190,60,1.92,3130,3195,3110,60984,193367429,50800191750,15924825
20250714,089980,상아프론테크,KOSDAQ,우량기업부,17600,-280,-1.57,17880,17880,17320,51130,892594240,281407051200,15989037
20250714,042940,상지건설,KOSDAQ,중견기업부,14620,-230,-1.55,14850,15330,14510,651481,9728186370,99835769440,6828712
20250714,042600,새로닉스,KOSDAQ,중견기업부,7990,220,2.83,7800,8040,7710,76639,604583935,99264356260,12423574
20250714,107600,새빗켐,KOSDAQ,벤처기업부,16070,0,0.00,16080,16340,15840,5918,94864520,90474967780,5630054
20250714,411080,샌즈랩,KOSDAQ,기술성장기업부,8210,-70,-0.85,8280,8430,8200,38597,318455050,125347307980,15267638
20250714,252990,샘씨엔에스,KOSDAQ,기술성장기업부,4715,-65,-1.36,4775,4775,4680,128304,604439399,275299717045,58388063
20250714,378800,샤페론,KOSDAQ,기술성장기업부,2965,-35,-1.17,3000,3055,2960,275342,823024396,89374086915,30143031
20250714,294630,서남,KOSDAQ,기술성장기업부,3005,-5,-0.17,3010,3045,3000,112875,340530877,72553017495,24144099
20250714,038070,서린바이오,KOSDAQ,우량기업부,7780,160,2.10,7720,7980,7610,224823,1754886650,70803259280,9100676
20250714,006730,서부T&D,KOSDAQ,우량기업부,9980,40,0.40,9980,10160,9730,388728,3873452230,652960691540,65426923
20250714,079650,서산,KOSDAQ,중견기업부,1543,2,0.13,1528,1565,1521,10945,16866508,30860000000,20000000
20250714,100660,서암기계공업,KOSDAQ,중견기업부,3575,0,0.00,3595,3615,3560,17112,61245715,45045000000,12600000
20250714,019770,서연탑메탈,KOSDAQ,우량기업부,4005,40,1.01,4000,4050,3955,51035,204426728,46658250000,11650000
20250714,043710,서울리거,KOSDAQ,중견기업부,1205,47,4.06,1161,1227,1148,112353,134397721,104307824550,86562510
20250714,092190,서울바이오시스,KOSDAQ,중견기업부,3160,-10,-0.32,3190,3195,3135,14924,46998647,144944090280,45868383
20250714,046890,서울반도체,KOSDAQ,중견기업부,6970,-90,-1.27,7060,7060,6930,112153,782329840,406388638000,58305400
20250714,063170,서울옥션,KOSDAQ,중견기업부,9340,90,0.97,9420,9440,9210,81258,756555765,166011653780,17774267
20250714,027040,서울전자통신,KOSDAQ,관리종목(소속부없음),246,-2,-0.81,248,249,244,28748,7081917,17118856362,69588847
20250714,018680,서울제약,KOSDAQ,벤처기업부,3340,-35,-1.04,3350,3420,3340,12142,40728500,38942125460,11659319
20250714,036120,서울평가정보,KOSDAQ,중견기업부,2455,-70,-2.77,2525,2525,2440,76442,188309775,87152500000,35500000
20250714,093920,서원인텍,KOSDAQ,우량기업부,5890,0,0.00,5890,5900,5830,20648,121109645,109554000000,18600000
20250714,189860,서전기전,KOSDAQ,투자주의환기종목(소속부없음),4140,-70,-1.66,4200,4205,4120,33350,138607265,40152949200,9698780
20250714,178320,서진시스템,KOSDAQ,벤처기업부,21800,-550,-2.46,22250,22300,21650,168082,3673213575,1226205397200,56247954
20250714,122690,서진오토모티브,KOSDAQ,우량기업부,2415,0,0.00,2415,2500,2370,84710,205427120,53623729845,22204443
20250714,140070,서플러스글로벌,KOSDAQ,우량기업부,2515,25,1.00,2475,2520,2470,35034,87101460,93024820000,36988000
20250714,011370,서한,KOSDAQ,우량기업부,934,6,0.65,921,939,919,235810,219140335,94235803910,100894865
20250714,065710,서호전기,KOSDAQ,중견기업부,41000,2900,7.61,37900,41500,37900,53273,2130855125,211150000000,5150000
20250714,035890,서희건설,KOSDAQ,우량기업부,2020,38,1.92,1980,2045,1950,853974,1710976900,464213083140,229808457
20250714,357550,석경에이티,KOSDAQ,기술성장기업부,50600,-100,-0.20,50500,51000,49300,15278,764745950,276023000000,5455000
20250714,003100,선광,KOSDAQ,우량기업부,22950,250,1.10,22850,22950,22250,21311,482640550,151470000000,6600000
20250714,067370,선바이오,KOSDAQ,기술성장기업부,7180,310,4.51,6870,7240,6820,20225,142980500,88411324900,12313555
20250714,217620,선샤인푸드,KOSDAQ,관리종목(소속부없음),3810,0,0.00,0,0,0,0,0,26803681470,7035087
20250714,171090,선익시스템,KOSDAQ,중견기업부,38150,-1300,-3.30,39450,39450,38050,32560,1250065900,363836740750,9537005
20250714,086710,선진뷰티사이언스,KOSDAQ,우량기업부,13230,300,2.32,13260,13330,12950,123882,1635951975,161449394400,12203280
20250714,014620,성광벤드,KOSDAQ,우량기업부,28900,-750,-2.53,29850,29900,28650,209540,6073289025,767507819600,26557364
20250714,037350,성도이엔지,KOSDAQ,우량기업부,5060,120,2.43,4940,5070,4910,116286,580262885,78278200000,15470000
20250714,458650,성우,KOSDAQ,벤처기업부,12650,-20,-0.16,12650,12760,12520,24304,305825480,190327725500,15045670
20250714,081580,성우전자,KOSDAQ,중견기업부,2880,145,5.30,2735,3365,2735,1534080,4680987483,44663451840,15508143
20250714,045300,성우테크론,KOSDAQ,중견기업부,3115,-15,-0.48,3130,3155,3100,5925,18447485,32232041975,10347365
20250714,015750,성우하이텍,KOSDAQ,우량기업부,6300,210,3.45,6100,6350,6060,761551,4760790470,504000000000,80000000
20250714,365340,성일하이텍,KOSDAQ,기술성장기업부,35050,450,1.30,34600,35175,34050,54669,1905742300,427428265750,12194815
20250714,080470,성창오토텍,KOSDAQ,중견기업부,4370,0,0.00,4370,4370,4300,5899,25525950,31901000000,7300000
20250714,043260,성호전자,KOSDAQ,우량기업부,1170,-4,-0.34,1172,1175,1163,134326,156785535,82979702910,70922823
20250714,148150,세경하이테크,KOSDAQ,우량기업부,6230,-70,-1.11,6350,6390,6110,289782,1795494285,223410472670,35860429
20250714,188260,세니젠,KOSDAQ,기술성장기업부,2510,-45,-1.76,2555,2590,2500,9466,23911940,18143459700,7228470
20250714,053060,세동,KOSDAQ,중견기업부,1305,-22,-1.66,1324,1325,1255,252554,324170244,23042931795,17657419
20250714,340440,세림B&G,KOSDAQ,벤처기업부,1884,91,5.08,1800,2130,1768,18910154,36993696895,53464837776,28378364
20250714,017510,세명전기,KOSDAQ,중견기업부,7260,-170,-2.29,7430,7440,7250,205621,1503850100,110685960000,15246000
20250714,011560,세보엠이씨,KOSDAQ,우량기업부,13150,10,0.08,13200,13280,12850,40235,524408240,138469500000,10530000
20250714,396300,세아메카닉스,KOSDAQ,우량기업부,3070,10,0.33,3060,3120,2980,387663,1174479403,81322765000,26489500
20250714,100700,세운메디칼,KOSDAQ,우량기업부,2720,20,0.74,2700,2725,2700,42803,116322445,119136000000,43800000
20250714,024830,세원물산,KOSDAQ,우량기업부,10320,-200,-1.90,10640,10640,9880,50816,519446710,86172000000,8350000
20250714,258830,세종메디칼,KOSDAQ,관리종목(소속부없음),412,0,0.00,0,0,0,0,0,22983976612,55786351
20250714,036630,세종텔레콤,KOSDAQ,중견기업부,6670,1240,22.84,5750,6670,5380,368982,2259131085,133400000000,20000000
20250714,039310,세중,KOSDAQ,중견기업부,1585,-37,-2.28,1629,1629,1573,18188,29101743,28722842195,18121667
20250714,067770,세진티에스,KOSDAQ,중견기업부,2430,20,0.83,2430,2430,2410,3963,9596780,20403720990,8396593
20250714,053450,세코닉스,KOSDAQ,우량기업부,6190,80,1.31,6130,6230,6090,176156,1088432395,91567450570,14792803
20250714,222810,세토피아,KOSDAQ,관리종목(소속부없음),5400,0,0.00,0,0,0,0,0,81712098000,15131870
20250714,252500,세화피앤씨,KOSDAQ,중견기업부,890,15,1.71,878,914,878,858091,768996097,36922887100,41486390
20250714,321370,센서뷰,KOSDAQ,기술성장기업부,1449,17,1.19,1432,1449,1414,238286,341124095,61147543527,42199823
20250714,347000,센코,KOSDAQ,기술성장기업부,2500,5,0.20,2495,2530,2455,64348,160563625,82512440000,33004976
20250714,331920,셀레믹스,KOSDAQ,기술성장기업부,3260,110,3.49,3155,3285,3150,56633,183250378,26615122480,8164148
20250714,352770,셀레스트라,KOSDAQ,관리종목(소속부없음),5250,0,0.00,0,0,0,0,0,13610136750,2592407
20250714,471820,셀로맥스사이언스,KOSDAQ,벤처기업부,5510,150,2.80,5360,5550,5340,114355,623463870,64158875290,11644079
20250714,049180,셀루메드,KOSDAQ,관리종목(소속부없음),951,-15,-1.55,980,980,948,69479,66204138,52264166913,54957063
20250714,299660,셀리드,KOSDAQ,기술성장기업부,4050,-265,-6.14,4320,4320,4025,925762,3829331582,119487056850,29502977
20250714,108860,셀바스AI,KOSDAQ,벤처기업부,14140,-180,-1.26,14450,14460,13990,180557,2563033250,380575130600,26914790
20250714,208370,셀바스헬스케어,KOSDAQ,벤처기업부,4355,-45,-1.02,4400,4420,4350,59335,259819660,112100156220,25740564
20250714,318160,셀바이오휴먼텍,KOSDAQ,벤처기업부,7390,180,2.50,7210,7790,7180,87103,652885740,68438058390,9260901
20250714,308430,셀비온,KOSDAQ,기술성장기업부,23650,250,1.07,23300,24250,23300,86991,2068462150,303103886800,12816232
20250714,068760,셀트리온제약,KOSDAQ,우량기업부,53500,-800,-1.47,54400,54700,53200,64191,3443353450,2336810022000,43678692
20250714,068940,셀피글로벌,KOSDAQ,관리종목(소속부없음),778,0,0.00,0,0,0,0,0,29766744466,38260597
20250714,007720,소노스퀘어,KOSDAQ,중견기업부,880,-5,-0.56,872,890,872,178658,156724832,88704396000,100800450
20250714,060230,소니드,KOSDAQ,중견기업부,487,-17,-3.37,520,520,478,799092,392469247,35920765951,73759273
20250714,290690,소룩스,KOSDAQ,중견기업부,4470,-210,-4.49,4600,4695,4465,962123,4385220607,217869216990,48740317
20250714,950200,소마젠,KOSDAQ,외국기업(소속부없음),4040,-25,-0.62,4040,4060,3960,21897,87799570,77713654120,19236053
20250714,032680,소프트센,KOSDAQ,중견기업부,352,-4,-1.12,356,357,345,177182,62135875,37167948928,105590764
20250714,032685,소프트센우,KOSDAQ,중견기업부,7340,-20,-0.27,7360,7360,7210,878,6379320,2621422280,357142
20250714,258790,소프트캠프,KOSDAQ,벤처기업부,1315,0,0.00,0,0,0,0,0,32863538460,24991284
20250714,066910,손오공,KOSDAQ,중견기업부,995,0,0.00,995,1007,975,429171,425445099,64953870640,65280272
20250714,215090,솔디펜스,KOSDAQ,중견기업부,864,-21,-2.37,892,922,857,1920646,1689463382,100032455520,115778305
20250714,035610,솔본,KOSDAQ,벤처기업부,4440,10,0.23,4420,4575,4390,149846,677006565,121416226680,27345997
20250714,357780,솔브레인,KOSDAQ,우량기업부,192100,-2600,-1.34,191700,198400,190100,28266,5512952850,1494262528600,7778566
20250714,036830,솔브레인홀딩스,KOSDAQ,우량기업부,39500,-1000,-2.47,40500,40700,39050,53748,2126764450,828080212000,20964056
20250714,304100,솔트룩스,KOSDAQ,기술성장기업부,42750,-1050,-2.40,43000,44450,42500,148351,6398868925,518667282000,12132568
20250714,328380,솔트웨어,KOSDAQ,벤처기업부,1185,-31,-2.55,1250,1259,1185,149827,180271435,40601391930,34262778
20250714,086980,쇼박스,KOSDAQ,중견기업부,2860,-15,-0.52,2895,2895,2835,194156,553429410,179144680000,62638000
20250714,050960,수산아이앤티,KOSDAQ,벤처기업부,11450,50,0.44,11400,11550,11290,17348,197650565,77298950000,6751000
20250714,084180,수성웹툰,KOSDAQ,중견기업부,4930,-25,-0.50,4955,4955,4840,42882,209970450,89106215190,18074283
20250714,253840,수젠텍,KOSDAQ,벤처기업부,6730,-80,-1.17,6810,6830,6670,117115,786509595,112681736000,16743200
20250714,298830,슈어소프트테크,KOSDAQ,벤처기업부,5430,-100,-1.81,5550,5550,5430,211635,1160722455,285721501230,52619061
20250714,236200,슈프리마,KOSDAQ,우량기업부,33950,-1400,-3.96,35400,35400,33950,52486,1811004750,246384418350,7257273
20250714,094840,슈프리마에이치큐,KOSDAQ,벤처기업부,8110,-120,-1.46,8230,8230,8040,59270,480126940,84926622400,10471840
20250714,192440,슈피겐코리아,KOSDAQ,우량기업부,29400,100,0.34,29300,29550,29100,5414,159098150,182761072200,6216363
20250714,424960,스마트레이더시스템,KOSDAQ,기술성장기업부,8080,-130,-1.58,8250,8370,8040,52865,429407110,126672907200,15677340
20250714,099440,스맥,KOSDAQ,우량기업부,3945,565,16.72,3415,4070,3320,37688048,145136073058,269220189330,68243394
20250714,276040,스코넥,KOSDAQ,기술성장기업부,3210,25,0.78,3165,3670,3080,2601981,8776472095,41185375350,12830335
20250714,060240,스타코링크,KOSDAQ,관리종목(소속부없음),1976,0,0.00,0,0,0,0,0,6385281968,3231418
20250714,115570,스타플렉스,KOSDAQ,중견기업부,3245,-15,-0.46,3225,3255,3205,4436,14351860,25909728460,7984508
20250714,330730,스톤브릿지벤처스,KOSDAQ,중견기업부,4890,25,0.51,4880,4945,4810,48453,235837365,88757558700,18150830
20250714,352090,스톰테크,KOSDAQ,중견기업부,4035,105,2.67,3965,4110,3920,434323,1750820837,108432546930,26872998
20250714,253450,스튜디오드래곤,KOSDAQ,우량기업부,48000,450,0.95,48200,48800,47550,73863,3547431250,1442807904000,30058498
20250714,408900,스튜디오미르,KOSDAQ,중견기업부,4530,475,11.71,4140,4720,4095,18079346,80099073686,148264779960,32729532
20250714,204630,스튜디오산타클로스,KOSDAQ,관리종목(소속부없음),4650,0,0.00,0,0,0,0,0,23668225650,5089941
20250714,415380,스튜디오삼익,KOSDAQ,중견기업부,8830,-10,-0.11,8890,8890,8720,6759,59451260,37311147340,4225498
20250714,013810,스페코,KOSDAQ,중견기업부,3105,15,0.49,3120,3135,3095,33293,103613566,45505234350,14655470
20250714,347700,스피어,KOSDAQ,기술성장기업부,10780,450,4.36,10740,11330,10300,758256,8304711060,422882356820,39228419
20250714,049830,승일,KOSDAQ,중견기업부,8970,-40,-0.44,9130,9180,8970,3926,35306720,55005044640,6132112
20250714,020710,시공테크,KOSDAQ,우량기업부,4180,35,0.84,4150,4270,4135,264533,1109687625,83800514600,20047970
20250714,033170,시그네틱스,KOSDAQ,중견기업부,656,-8,-1.20,664,666,655,210811,138670364,56237777264,85728319
20250714,048870,시너지이노베이션,KOSDAQ,벤처기업부,2830,-35,-1.22,2865,2865,2815,216386,612487270,249332596530,88103391
20250714,025320,시노펙스,KOSDAQ,우량기업부,7250,-10,-0.14,7270,7330,7180,269013,1942502065,635972146000,87720296
20250714,340810,시선AI,KOSDAQ,기술성장기업부,4145,-60,-1.43,4160,4245,4140,152201,633946512,53702959890,12956082
20250714,269620,시스웍,KOSDAQ,관리종목(소속부없음),889,0,0.00,0,0,0,0,0,132090012299,148582691
20250714,056090,시지메드텍,KOSDAQ,벤처기업부,1026,-1,-0.10,1019,1044,1019,497090,513326132,105943770936,103259036
20250714,429270,시지트로닉스,KOSDAQ,기술성장기업부,6430,-340,-5.02,6810,6810,6120,169436,1086109985,29951904500,4658150
20250714,418250,시큐레터,KOSDAQ,관리종목(소속부없음),6550,0,0.00,0,0,0,0,0,52279100100,7981542
20250714,131090,시큐브,KOSDAQ,벤처기업부,4335,-45,-1.03,4400,4400,4320,5993,25997185,34680000000,8000000
20250714,290520,신도기연,KOSDAQ,투자주의환기종목(소속부없음),1645,0,0.00,1645,1669,1630,7406,12224355,26203800490,15929362
20250714,001000,신라섬유,KOSDAQ,중견기업부,1876,-24,-1.26,1889,1913,1874,54318,102698812,45544665040,24277540
20250714,025870,신라에스지,KOSDAQ,중견기업부,6050,-90,-1.47,6150,6160,6050,7424,45234790,24200000000,4000000
20250714,215600,신라젠,KOSDAQ,중견기업부,2915,-180,-5.82,3050,3050,2910,1744986,5130144806,402648471940,138129836
20250714,065350,신성델타테크,KOSDAQ,우량기업부,69100,-1700,-2.40,69500,70200,68600,148250,10265095500,1899140806800,27483948
20250714,416180,신성에스티,KOSDAQ,벤처기업부,40900,3150,8.34,39050,41000,38600,258764,10363859650,369726920200,9039778
20250714,162300,신스틸,KOSDAQ,우량기업부,2260,5,0.22,2255,2280,2240,28239,63606930,93725323320,41471382
20250714,290560,신시웨이,KOSDAQ,벤처기업부,6830,-40,-0.58,6810,6880,6680,11597,78054530,26486548760,3877972
20250714,002800,신신제약,KOSDAQ,중견기업부,5930,20,0.34,5880,5940,5880,42514,250971155,89961065000,15170500
20250714,472220,신영스팩10호,KOSDAQ,SPAC(소속부없음),2175,0,0.00,2175,2175,2160,587,1269625,10200750000,4690000
20250714,430220,신영스팩8호,KOSDAQ,SPAC(소속부없음),2240,20,0.90,2235,2280,2215,345909,775025641,15142400000,6760000
20250714,445970,신영스팩9호,KOSDAQ,관리종목(소속부없음),2135,5,0.23,2135,2135,2130,43981,93852985,11443600000,5360000
20250714,017000,신원종합개발,KOSDAQ,우량기업부,2820,0,0.00,2830,2835,2785,24134,67691125,32903836140,11668027
20250714,012790,신일제약,KOSDAQ,우량기업부,6800,-10,-0.15,6790,6830,6750,33932,229893580,81507622000,11986415
20250714,138070,신진에스엠,KOSDAQ,중견기업부,2420,0,0.00,2430,2430,2400,25860,62266970,42357753680,17503204
20250714,226330,신테카바이오,KOSDAQ,기술성장기업부,6670,-190,-2.77,6850,6880,6590,77995,522065505,101774028250,15258475
20250714,452980,신한제11호스팩,KOSDAQ,SPAC(소속부없음),2020,-5,-0.25,2025,2030,2020,76170,153890123,38188100000,18905000
20250714,474660,신한제12호스팩,KOSDAQ,SPAC(소속부없음),2060,-10,-0.48,2060,2075,2060,2483,5121390,11371200000,5520000
20250714,474930,신한제13호스팩,KOSDAQ,SPAC(소속부없음),2130,10,0.47,2120,2130,2105,599,1263540,7710600000,3620000
20250714,487360,신한제14호스팩,KOSDAQ,SPAC(소속부없음),2030,5,0.25,2025,2030,2020,5958,12063090,11449200000,5640000
20250714,487830,신한제15호스팩,KOSDAQ,SPAC(소속부없음),2040,0,0.00,2040,2045,2035,7163,14624285,8874000000,4350000
20250714,496070,신한제16호스팩,KOSDAQ,SPAC(소속부없음),2020,0,0.00,2020,2025,2015,15777,31850500,11352400000,5620000
20250714,056700,신화인터텍,KOSDAQ,중견기업부,1960,19,0.98,1940,1971,1921,80124,155931379,57104778360,29135091
20250714,187270,신화콘텍,KOSDAQ,벤처기업부,3605,-15,-0.41,3620,3640,3535,28029,100136915,36568561225,10143845
20250714,243840,신흥에스이씨,KOSDAQ,우량기업부,4065,65,1.63,4030,4085,3955,103137,414891082,156739225275,38558235
20250714,257720,실리콘투,KOSDAQ,우량기업부,54200,-200,-0.37,55300,55600,53900,608105,33132962150,3315517413600,61171908
20250714,222800,심텍,KOSDAQ,우량기업부,22300,-300,-1.33,22600,22650,22000,168412,3765160875,710347388900,31854143
20250714,036710,심텍홀딩스,KOSDAQ,중견기업부,1572,-38,-2.36,1637,1637,1572,117702,186693150,76592994588,48723279
20250714,444530,심플랫폼,KOSDAQ,기술성장기업부,13720,-490,-3.45,14060,14560,13480,286087,3989902900,85629634440,6241227
20250714,234030,싸이닉솔루션,KOSDAQ,중견기업부,13550,550,4.23,13370,15240,12910,29005648,410356100575,319847750000,23605000
20250714,160980,싸이맥스,KOSDAQ,우량기업부,12900,-570,-4.23,13360,13460,12670,111456,1441319545,140922734700,10924243
20250714,356890,싸이버원,KOSDAQ,벤처기업부,3460,-20,-0.57,3500,3540,3440,173487,603895067,41360234500,11953825
20250714,217330,싸이토젠,KOSDAQ,기술성장기업부,3000,15,0.50,3015,3020,2900,87934,260217788,69388641000,23129547
20250714,208640,썸에이지,KOSDAQ,중견기업부,257,-1,-0.39,263,265,254,376222,96719493,35784745278,139240254
20250714,222420,쎄노텍,KOSDAQ,벤처기업부,920,20,2.22,910,920,880,150211,135594287,41823412520,45460231
20250714,037760,쎄니트,KOSDAQ,우량기업부,1700,15,0.89,1685,1700,1681,16746,28394124,57515965700,33832921
20250714,081180,쎄크,KOSDAQ,기술성장기업부,9660,-240,-2.42,10010,10010,9610,80497,785489950,85254668100,8825535
20250714,099320,쎄트렉아이,KOSDAQ,우량기업부,45400,50,0.11,45650,46100,45100,40971,1862750025,497188021200,10951278
20250714,049960,쎌바이오텍,KOSDAQ,벤처기업부,13700,70,0.51,13630,13700,13570,14480,197412260,128780000000,9400000
20250714,088280,쏘닉스,KOSDAQ,기술성장기업부,2490,-20,-0.80,2510,2515,2455,23226,57808799,43093160100,17306490
20250714,050890,쏠리드,KOSDAQ,우량기업부,6870,-130,-1.86,7000,7010,6870,276545,1910761175,419724236970,61095231
20250714,394800,쓰리빌리언,KOSDAQ,기술성장기업부,6660,-70,-1.04,6820,6820,6600,312676,2089829795,211265449740,31721539
20250714,177900,쓰리에이로직스,KOSDAQ,기술성장기업부,6540,-30,-0.46,6600,6690,6520,49147,323566125,62514552000,9558800
20250714,475400,씨메스,KOSDAQ,기술성장기업부,21800,-1000,-4.39,23050,23050,21800,75053,1656490250,254728945200,11684814
20250714,109670,씨싸이트,KOSDAQ,중견기업부,7230,-80,-1.09,7570,7570,7200,16846,121943490,42198632460,5836602
20250714,066790,씨씨에스,KOSDAQ,중견기업부,1493,0,0.00,0,0,0,0,0,97271994227,65152039
20250714,222080,씨아이에스,KOSDAQ,우량기업부,7350,70,0.96,7410,7490,7270,289078,2130983970,568683016650,77371839
20250714,352480,씨앤씨인터내셔널,KOSDAQ,우량기업부,43600,-100,-0.23,44600,45400,43600,160853,7164544500,436607827600,10013941
20250714,264660,씨앤지하이테크,KOSDAQ,우량기업부,12250,0,0.00,12250,12740,12200,43242,531991710,119084357000,9721172
20250714,352700,씨앤투스,KOSDAQ,우량기업부,2725,35,1.30,2685,2765,2660,29977,81403900,71604549775,26276899
20250714,458870,씨어스테크놀로지,KOSDAQ,기술성장기업부,33000,2450,8.02,30550,33200,29800,258669,8217308675,415499040000,12590880
20250714,297090,씨에스베어링,KOSDAQ,중견기업부,7210,-100,-1.37,7340,7340,7160,50915,366880325,196616700000,27270000
20250714,900120,씨엑스아이,KOSDAQ,외국기업(소속부없음),76,0,0.00,0,0,0,0,0,22843916220,300577845
20250714,359090,씨엔알리서치,KOSDAQ,벤처기업부,1043,17,1.66,1021,1046,1017,250396,257960314,59165104313,56725891
20250714,115530,씨엔플러스,KOSDAQ,중견기업부,550,-3,-0.54,555,556,545,187755,103158277,37379650000,67963000
20250714,115480,씨유메디칼,KOSDAQ,중견기업부,618,-2,-0.32,619,619,609,46335,28340435,37465976844,60624558
20250714,376290,씨유테크,KOSDAQ,벤처기업부,3410,15,0.44,3445,3445,3345,9810,33226010,60212075000,17657500
20250714,189330,씨이랩,KOSDAQ,기술성장기업부,7770,-90,-1.15,7870,7920,7600,30143,234035460,47337046680,6092284
20250714,096530,씨젠,KOSDAQ,우량기업부,32350,100,0.31,32050,32750,32050,108447,3516812325,1689510905900,52225994
20250714,101240,씨큐브,KOSDAQ,우량기업부,4560,70,1.56,4520,4645,4490,25564,115863038,47832776640,10489644
20250714,060590,씨티씨바이오,KOSDAQ,중견기업부,6370,-30,-0.47,6420,6480,6350,23366,149497310,154033097400,24181020
20250714,260930,씨티케이,KOSDAQ,중견기업부,6530,1500,29.82,5180,6530,5160,14729492,90700974430,126300589230,19341591
20250714,413630,씨피시스템,KOSDAQ,벤처기업부,1276,1,0.08,1279,1281,1260,49298,62576442,46493134776,36436626
20250714,013990,아가방컴퍼니,KOSDAQ,우량기업부,5580,-140,-2.45,5760,5760,5580,258525,1457102800,183512450880,32887536
20250714,123860,아나패스,KOSDAQ,벤처기업부,18000,-30,-0.17,18130,18130,17900,16849,302599500,218221470000,12123415
20250714,025980,아난티,KOSDAQ,우량기업부,9700,-100,-1.02,9900,10060,9630,913554,8987117100,859705936600,88629478
20250714,125210,아모그린텍,KOSDAQ,우량기업부,6610,-10,-0.15,6640,6670,6550,61139,403966700,109043781900,16496790
20250714,357580,아모센스,KOSDAQ,기술성장기업부,6990,110,1.60,6900,7090,6790,66900,465232190,78429645360,11220264
20250714,052710,아모텍,KOSDAQ,중견기업부,9530,-340,-3.44,9890,9950,9460,98064,942532455,139281988770,14615109
20250714,074430,아미노로직스,KOSDAQ,중견기업부,1130,77,7.31,1115,1209,1066,4109892,4716115417,99244333720,87826844
20250714,092040,아미코젠,KOSDAQ,기술성장기업부,3900,165,4.42,3775,4130,3745,860453,3413516983,214571553300,55018347
20250714,083930,아바코,KOSDAQ,우량기업부,12550,70,0.56,12480,12630,12450,46424,581835235,184199474950,14677249
20250714,149950,아바텍,KOSDAQ,우량기업부,8370,10,0.12,8590,8590,8260,11555,96320795,130634775000,15607500
20250714,036010,아비코전자,KOSDAQ,중견기업부,5470,-80,-1.44,5560,5560,5440,54364,298011645,72712348980,13292934
20250714,050860,아세아텍,KOSDAQ,우량기업부,2165,-5,-0.23,2170,2185,2155,86731,187563142,48712500000,22500000
20250714,136410,아셈스,KOSDAQ,벤처기업부,9800,210,2.19,9590,10000,9330,127029,1231630710,107987238800,11019106
20250714,246720,아스타,KOSDAQ,벤처기업부,4970,40,0.81,5070,5070,4800,15134,74004265,67429481000,13567300
20250714,450950,아스테라시스,KOSDAQ,벤처기업부,12060,950,8.55,11150,12320,11150,369347,4410324315,442537382520,36694642
20250714,067390,아스트,KOSDAQ,중견기업부,585,1,0.17,575,592,572,722537,422431180,231167183715,395157579
20250714,159010,아스플로,KOSDAQ,벤처기업부,3795,15,0.40,3780,3825,3755,18406,69465255,50605334505,13334739
20250714,127710,아시아경제,KOSDAQ,중견기업부,1134,0,0.00,1142,1142,1113,112707,126742997,39581228988,34904082
20250714,154030,아시아종묘,KOSDAQ,벤처기업부,2725,45,1.68,2680,2725,2625,21630,57623670,32868587575,12061867
20250714,227610,아우딘퓨쳐스,KOSDAQ,중견기업부,1224,-5,-0.41,1268,1268,1184,87186,106292530,43554261528,35583547
20250714,143160,아이디스,KOSDAQ,우량기업부,17800,290,1.66,17520,18050,17010,27882,495161415,190751742000,10716390
20250714,054800,아이디스홀딩스,KOSDAQ,중견기업부,14380,430,3.08,13950,14380,13480,50381,706026035,148800731280,10347756
20250714,332370,아이디피,KOSDAQ,중견기업부,4800,-40,-0.83,4845,4890,4730,15543,74396885,63713884800,13273726
20250714,066430,아이로보틱스,KOSDAQ,중견기업부,1300,-40,-2.99,1340,1360,1294,75416,98835576,50899518800,39153476
20250714,339950,아이비김영,KOSDAQ,중견기업부,2125,0,0.00,2105,2155,2100,112176,238006880,95511641875,44946655
20250714,469750,아이비젼웍스,KOSDAQ,벤처기업부,970,58,6.36,912,982,902,559354,533906569,32918386570,33936481
20250714,460470,아이빔테크놀로지,KOSDAQ,기술성장기업부,3415,-35,-1.01,3450,3475,3355,51533,175131700,51555811050,15096870
20250714,099190,아이센스,KOSDAQ,우량기업부,19070,30,0.16,18900,19360,18670,57846,1096444415,526082678820,27586926
20250714,461300,아이스크림미디어,KOSDAQ,중견기업부,22600,-100,-0.44,22500,22700,21400,59113,1304701675,297798685800,13176933
20250714,289010,아이스크림에듀,KOSDAQ,중견기업부,1960,-30,-1.51,1993,1993,1951,154643,303154804,27332701760,13945256
20250714,214430,아이쓰리시스템,KOSDAQ,우량기업부,103800,-200,-0.19,104200,105900,102000,40533,4222527350,737681688000,7106760
20250714,040910,아이씨디,KOSDAQ,투자주의환기종목(소속부없음),3840,-35,-0.90,3875,3890,3795,48906,186684820,71325216000,18574275
20250714,368600,아이씨에이치,KOSDAQ,기술성장기업부,2650,10,0.38,2640,2690,2635,7702,20469520,46476616900,17538346
20250714,456010,아이씨티케이,KOSDAQ,기술성장기업부,13630,-1190,-8.03,14310,14370,13590,327696,4546951415,182923813880,13420676
20250714,052860,아이앤씨,KOSDAQ,벤처기업부,1920,4,0.21,1913,1928,1897,14226,27209216,34296679680,17862854
20250714,464500,아이언디바이스,KOSDAQ,기술성장기업부,3190,-60,-1.85,3255,3255,3180,140104,449065760,44542808970,13963263
20250714,212710,아이에스티이,KOSDAQ,기술성장기업부,8800,-160,-1.79,8960,9010,8770,54039,478832890,81712206400,9285478
20250714,038880,아이에이,KOSDAQ,중견기업부,212,-4,-1.85,218,218,210,897618,190765621,79652889100,375721175
20250714,307180,아이엘,KOSDAQ,벤처기업부,2640,-5,-0.19,2645,2690,2610,48446,127503595,75141330000,28462625
20250714,101390,아이엠,KOSDAQ,관리종목(소속부없음),396,0,0.00,0,0,0,0,0,5140810224,12981844
20250714,461030,아이엠비디엑스,KOSDAQ,기술성장기업부,8220,-70,-0.84,8290,8460,8130,34888,287694830,115225905000,14017750
20250714,451220,아이엠티,KOSDAQ,기술성장기업부,10400,30,0.29,10590,10640,10320,56569,590304105,81895954400,7874611
20250714,090150,아이윈,KOSDAQ,중견기업부,754,2,0.27,752,760,744,16302,12284399,31573970922,41875293
20250714,123010,아이윈플러스,KOSDAQ,기술성장기업부,1037,-10,-0.96,1047,1062,1032,173163,179880587,33866908054,32658542
20250714,031310,아이즈비전,KOSDAQ,중견기업부,1710,20,1.18,1690,1748,1664,785950,1360728675,45067123530,26355043
20250714,462980,아이지넷,KOSDAQ,기술성장기업부,3025,-35,-1.14,3070,3070,3015,44922,136208479,55159171925,18234437
20250714,185490,아이진,KOSDAQ,벤처기업부,3365,-30,-0.88,3405,3450,3320,235371,797740385,90955223160,27029784
20250714,059100,아이컴포넌트,KOSDAQ,벤처기업부,5140,70,1.38,5070,5140,4975,10079,50983540,36344220400,7070860
20250714,262840,아이퀘스트,KOSDAQ,벤처기업부,2405,-50,-2.04,2430,2470,2380,70789,170872270,50827041525,21133905
20250714,175250,아이큐어,KOSDAQ,기술성장기업부,1940,-47,-2.37,1987,1998,1932,61595,120090271,72863233920,37558368
20250714,052460,아이크래프트,KOSDAQ,중견기업부,2595,65,2.57,2530,2610,2530,176595,454365104,37907593920,14607936
20250714,119830,아이텍,KOSDAQ,중견기업부,6130,20,0.33,6120,6180,6070,113628,693776470,135580532460,22117542
20250714,052770,아이톡시,KOSDAQ,관리종목(소속부없음),1355,2,0.15,1353,1414,1335,341696,467144190,78536659070,57960634
20250714,124500,아이티센글로벌,KOSDAQ,중견기업부,19820,-1530,-7.17,21000,21300,19550,856337,17284369655,459913725140,23204527
20250714,010280,아이티센엔텍,KOSDAQ,중견기업부,1038,-33,-3.08,1084,1084,1032,499817,521456085,67598489868,65123786
20250714,232830,아이티센피엔에스,KOSDAQ,벤처기업부,2545,-100,-3.78,2645,2665,2525,87974,224999200,29795516240,11707472
20250714,372800,아이티아이즈,KOSDAQ,벤처기업부,7380,-100,-1.34,7480,7480,6980,25963,187091280,44626786200,6046990
20250714,084850,아이티엠반도체,KOSDAQ,중견기업부,12260,-290,-2.31,12440,12640,12260,18472,229077400,278092770840,22682934
20250714,114840,아이패밀리에스씨,KOSDAQ,우량기업부,18250,-50,-0.27,18760,18760,18190,77969,1431826990,316088175000,17319900
20250714,027360,아주IB투자,KOSDAQ,벤처기업부,2555,-25,-0.97,2530,2570,2500,462082,1167624814,309015512330,120945406
20250714,032080,아즈텍WB,KOSDAQ,중견기업부,1344,-7,-0.52,1352,1365,1334,22168,29814698,28883942976,21491029
20250714,013310,아진산업,KOSDAQ,우량기업부,2830,45,1.62,2785,2845,2760,144549,405401740,109822627060,38806582
20250714,059120,아진엑스텍,KOSDAQ,벤처기업부,6450,60,0.94,6390,6450,6300,14502,92544285,62878444200,9748596
20250714,203690,아크솔루션스,KOSDAQ,관리종목(소속부없음),4425,0,0.00,0,0,0,0,0,76921522875,17383395
20250714,158430,아톤,KOSDAQ,벤처기업부,10200,-650,-5.99,10590,10620,9920,1392053,14277083500,253475395800,24850529
20250714,200350,아티스트스튜디오,KOSDAQ,기술성장기업부,10520,260,2.53,10310,10750,10300,79151,834855475,105158183000,9996025
20250714,321820,아티스트컴퍼니,KOSDAQ,기술성장기업부,7730,10,0.13,7780,7890,7700,32867,255422400,120521336480,15591376
20250714,001540,안국약품,KOSDAQ,우량기업부,8550,220,2.64,8330,8560,8290,60028,507198645,111512691000,13042420
20250714,053800,안랩,KOSDAQ,우량기업부,67000,300,0.45,66700,67300,66500,27866,1863143800,745475902000,11126506
20250714,065660,안트로젠,KOSDAQ,기술성장기업부,27150,-700,-2.51,27500,27950,26000,65312,1744259500,271665615000,10006100
20250714,297570,알로이스,KOSDAQ,벤처기업부,908,0,0.00,908,930,908,21777,19988752,31436065944,34621218
20250714,260660,알리코제약,KOSDAQ,중견기업부,4535,-60,-1.31,4615,4620,4535,59635,272405802,69508040235,15327021
20250714,354320,알멕,KOSDAQ,기술성장기업부,23850,100,0.42,23550,23900,23550,11140,264502200,152434436850,6391381
20250714,361570,알비더블유,KOSDAQ,중견기업부,2270,5,0.22,2270,2290,2215,25789,57803360,65247270570,28743291
20250714,131370,알서포트,KOSDAQ,벤처기업부,3100,-25,-0.80,3125,3125,3085,89680,277662280,165127957300,53267083
20250714,140670,알에스오토메이션,KOSDAQ,벤처기업부,15380,-340,-2.16,15570,15850,15350,36384,564279250,143082293200,9303140
20250714,096610,알에프세미,KOSDAQ,투자주의환기종목(소속부없음),2965,0,0.00,0,0,0,0,0,51550708615,17386411
20250714,061040,알에프텍,KOSDAQ,중견기업부,2850,10,0.35,2835,2850,2750,92131,257230225,91454388150,32089259
20250714,148250,알엔투테크놀로지,KOSDAQ,벤처기업부,7250,60,0.83,7290,7340,6940,37033,262935070,68488372000,9446672
20250714,347860,알체라,KOSDAQ,벤처기업부,3050,50,1.67,3000,3110,2940,590766,1788649072,118068431050,38710961
20250714,196170,알테오젠,KOSDAQ,우량기업부,445000,6000,1.37,444500,447000,435000,267180,118025944000,23791910760000,53464968
20250714,123750,알톤,KOSDAQ,중견기업부,1535,-2,-0.13,1550,1550,1535,21648,33404749,19565565895,12746297
20250714,085810,알티캐스트,KOSDAQ,중견기업부,650,14,2.20,636,657,631,404635,260003288,32406652850,49856389
20250714,043100,알파녹스,KOSDAQ,벤처기업부,5220,150,2.96,5100,5290,5010,204430,1058887780,89298936720,17107076
20250714,117670,알파칩스,KOSDAQ,관리종목(소속부없음),7700,-330,-4.11,7900,7990,7700,20750,161938090,47273903600,6139468
20250714,314140,알피바이오,KOSDAQ,중견기업부,5990,90,1.53,5930,6000,5850,40546,240322635,51911502390,8666361
20250714,291650,압타머사이언스,KOSDAQ,기술성장기업부,1256,62,5.19,1195,1289,1195,1015906,1278199270,36775996512,29280252
20250714,293780,압타바이오,KOSDAQ,기술성장기업부,8370,-590,-6.58,8970,9140,8340,286889,2460342835,224996983200,26881360
20250714,310200,애니플러스,KOSDAQ,중견기업부,5900,50,0.85,5850,6020,5560,671427,3924481465,289015742100,48985719
20250714,179530,애드바이오텍,KOSDAQ,기술성장기업부,2480,-610,-19.74,2935,3065,2395,1767403,4677284837,29424312160,11864642
20250714,900100,애머릿지,KOSDAQ,외국기업(소속부없음),1068,8,0.75,1090,1090,1059,15976,17040128,49167827856,46037292
20250714,052790,액토즈소프트,KOSDAQ,중견기업부,6990,130,1.90,6860,7050,6780,24407,169479580,79201159620,11330638
20250714,290740,액트로,KOSDAQ,벤처기업부,5460,10,0.18,5450,5560,5400,3300,18078960,54954960060,10065011
20250714,238090,앤디포스,KOSDAQ,벤처기업부,2190,50,2.34,2150,2190,2130,100958,217536810,51555453570,23541303
20250714,092600,앤씨앤,KOSDAQ,관리종목(소속부없음),682,-3,-0.44,685,690,677,13594,9315571,17106958594,25083517
20250714,129890,앱코,KOSDAQ,벤처기업부,955,8,0.84,947,956,932,243617,230023218,48364456550,50643410
20250714,174900,앱클론,KOSDAQ,관리종목(소속부없음),10630,-570,-5.09,11200,11200,10440,145114,1554546760,202958047870,19092949
20250714,270520,앱트뉴로사이언스,KOSDAQ,벤처기업부,1526,103,7.24,1425,1579,1425,9278802,14124256708,295406193040,193582040
20250714,255440,야스,KOSDAQ,벤처기업부,8100,200,2.53,7870,8150,7660,46139,364515465,105769800000,13058000
20250714,030960,양지사,KOSDAQ,중견기업부,8520,-20,-0.23,8580,8600,8510,21166,180741300,136149600000,15980000
20250714,102120,어보브반도체,KOSDAQ,벤처기업부,11600,-190,-1.61,11750,12360,11580,74535,872155980,206256734800,17780753
20250714,238120,얼라인드,KOSDAQ,기술성장기업부,3350,0,0.00,3345,3350,3290,46550,154454145,48169301600,14378896
20250714,019990,에너토크,KOSDAQ,중견기업부,7660,690,9.90,6970,8970,6930,5332328,44883667980,74731634080,9756088
20250714,435570,에르코스,KOSDAQ,벤처기업부,20650,-1350,-6.14,21450,21900,20600,131557,2771921600,151603131400,7341556
20250714,270660,에브리봇,KOSDAQ,벤처기업부,16190,-280,-1.70,16470,16470,16150,32055,521578005,198881230380,12284202
20250714,038680,에스넷,KOSDAQ,우량기업부,4540,-90,-1.94,4630,4665,4480,84815,383719425,90403394680,19912642
20250714,217480,에스디생명공학,KOSDAQ,관리종목(소속부없음),499,0,0.00,0,0,0,0,0,54756837359,109733141
20250714,121890,에스디시스템,KOSDAQ,중견기업부,1405,-31,-2.16,1436,1495,1402,84915,122417549,18674481630,13291446
20250714,304360,에스바이오메딕스,KOSDAQ,벤처기업부,19590,-410,-2.05,20000,20300,19200,47904,943179935,232333403640,11859796
20250714,389500,에스비비테크,KOSDAQ,기술성장기업부,20950,-500,-2.33,21700,21700,20900,25818,545727500,132695288800,6333904
20250714,042110,에스씨디,KOSDAQ,우량기업부,1457,0,0.00,1464,1464,1447,187256,272451391,70416174748,48329564
20250714,298060,에스씨엠생명과학,KOSDAQ,관리종목(소속부없음),905,-34,-3.62,939,941,900,104067,94609458,26000716970,28730074
20250714,065420,에스아이리소스,KOSDAQ,중견기업부,290,-10,-3.33,300,302,289,707783,207904229,20757416710,71577299
20250714,103230,에스앤더블류,KOSDAQ,중견기업부,3260,-20,-0.61,3260,3280,3220,18482,59965320,23472000000,7200000
20250714,260970,에스앤디,KOSDAQ,우량기업부,108400,-23300,-17.69,113700,116000,97600,520327,54981835800,313574533600,2892754
20250714,101490,에스앤에스텍,KOSDAQ,우량기업부,46450,150,0.32,46500,46750,45500,120812,5573328700,996419713150,21451447
20250714,095910,에스에너지,KOSDAQ,중견기업부,1740,-3,-0.17,1731,1742,1695,214592,369094139,39850908540,22902821
20250714,275630,에스에스알,KOSDAQ,벤처기업부,3370,-10,-0.30,3355,3410,3320,17265,58228200,20280622930,6017989
20250714,031330,에스에이엠티,KOSDAQ,우량기업부,3130,5,0.16,3115,3135,3105,131852,411088230,312984559710,99995067
20250714,060540,에스에이티,KOSDAQ,중견기업부,1361,-4,-0.29,1365,1371,1359,37666,51253956,35567429466,26133306
20250714,056190,에스에프에이,KOSDAQ,우량기업부,25000,1150,4.82,24900,25700,24550,231447,5808650075,897719000000,35908760
20250714,246250,에스엘에스바이오,KOSDAQ,기술성장기업부,1969,0,0.00,0,0,0,0,0,30220617614,15348206
20250714,041510,에스엠,KOSDAQ,우량기업부,134400,-1800,-1.32,136100,138500,133300,119379,16222113400,3077046336000,22894690
20250714,460870,에스엠씨지,KOSDAQ,벤처기업부,9070,-100,-1.09,9330,9490,8910,433106,3989529385,175080967280,19303304
20250714,007820,에스엠코어,KOSDAQ,벤처기업부,3885,-45,-1.15,3930,3930,3830,88223,341021640,77831880210,20033946
20250714,464080,에스오에스랩,KOSDAQ,기술성장기업부,11350,-440,-3.73,11760,11790,11290,204182,2332780975,200688770500,17681830
20250714,109610,에스와이,KOSDAQ,중견기업부,3490,-35,-0.99,3520,3520,3485,114109,399118457,170686826000,48907400
20250714,365330,에스와이스틸텍,KOSDAQ,중견기업부,4705,-135,-2.79,4850,4850,4685,215665,1020007800,144020050000,30610000
20250714,019590,에스유앤피,KOSDAQ,관리종목(소속부없음),2765,0,0.00,0,0,0,0,0,105039161955,37988847
20250714,306040,에스제이그룹,KOSDAQ,우량기업부,4085,-25,-0.61,4115,4145,4050,13878,56535170,40301907380,9865828
20250714,398120,에스지헬스케어,KOSDAQ,벤처기업부,3270,-55,-1.65,3325,3335,3270,35930,117861400,36982719000,11309700
20250714,457940,에스케이증권제10호스팩,KOSDAQ,SPAC(소속부없음),2070,0,0.00,2065,2075,2065,13336,27573215,6851700000,3310000
20250714,472230,에스케이증권제11호스팩,KOSDAQ,SPAC(소속부없음),2035,-5,-0.25,2040,2040,2025,12113,24650200,8455425000,4155000
20250714,473000,에스케이증권제12호스팩,KOSDAQ,SPAC(소속부없음),2045,-10,-0.49,2050,2050,2040,1807,3692665,6768950000,3310000
20250714,473950,에스케이증권제13호스팩,KOSDAQ,SPAC(소속부없음),2015,-10,-0.49,2030,2030,2015,2645,5340580,8906300000,4420000
20250714,455910,에스케이증권제9호스팩,KOSDAQ,SPAC(소속부없음),2050,0,0.00,2050,2060,2050,9024,18499960,10291000000,5020000
20250714,475660,에스켐,KOSDAQ,기술성장기업부,4885,-55,-1.11,5010,5010,4880,9594,46950120,38737243975,7929835
20250714,096630,에스코넥,KOSDAQ,중견기업부,759,-19,-2.44,778,779,759,178764,136817410,60250646544,79381616
20250714,069510,에스텍,KOSDAQ,우량기업부,18340,430,2.40,18100,18350,17720,30270,547579945,200089400000,10910000
20250714,234300,에스트래픽,KOSDAQ,우량기업부,4105,-20,-0.48,4105,4160,4045,145153,593705590,112970482575,27520215
20250714,039440,에스티아이,KOSDAQ,우량기업부,18320,-150,-0.81,18460,18470,18110,101133,1847402780,290005600000,15830000
20250714,098660,에스티오,KOSDAQ,중견기업부,2395,-80,-3.23,2475,2475,2380,24867,60092400,29939837520,12500976
20250714,052020,에스티큐브,KOSDAQ,투자주의환기종목(소속부없음),7870,-270,-3.32,8140,8250,7750,225523,1795459910,535028500170,67983291
20250714,237690,에스티팜,KOSDAQ,우량기업부,84400,1100,1.32,84200,85500,81900,100666,8452185950,1700903747200,20152888
20250714,050760,에스폴리텍,KOSDAQ,중견기업부,1504,-4,-0.27,1508,1520,1502,18140,27338834,24567355712,16334678
20250714,288620,에스퓨얼셀,KOSDAQ,벤처기업부,11390,-290,-2.48,11570,11590,11380,17633,202308635,79494409240,6979316
20250714,443670,에스피소프트,KOSDAQ,중견기업부,6790,10,0.15,6910,6950,6780,44647,305105870,167994051680,24741392
20250714,317830,에스피시스템스,KOSDAQ,벤처기업부,6980,-10,-0.14,6990,7000,6850,22310,154079630,75201249640,10773818
20250714,058610,에스피지,KOSDAQ,우량기업부,26200,-250,-0.95,26300,26350,25900,74370,1939781825,581046832000,22177360
20250714,043340,에쎈테크,KOSDAQ,중견기업부,517,-14,-2.64,531,540,513,92157,48028001,49115000000,95000000
20250714,163280,에어레인,KOSDAQ,기술성장기업부,18590,90,0.49,18710,20100,18340,295759,5693783005,151969327510,8174789
20250714,054630,에이디칩스,KOSDAQ,관리종목(소속부없음),1580,0,0.00,0,0,0,0,0,12594094680,7970946
20250714,200710,에이디테크놀로지,KOSDAQ,중견기업부,22050,350,1.61,22450,22450,21750,265843,5873730900,296370125100,13440822
20250714,475580,에이럭스,KOSDAQ,벤처기업부,11560,-10,-0.09,12240,12270,11510,465838,5523001990,157503844000,13624900
20250714,096690,에이루트,KOSDAQ,중견기업부,2090,-10,-0.48,2095,2150,2045,163453,340240965,50446440770,24137053
20250714,298380,에이비엘바이오,KOSDAQ,기술성장기업부,65300,-3500,-5.09,68600,68800,63300,789824,51598025550,3168878857100,48528007
20250714,203400,에이비온,KOSDAQ,기술성장기업부,10060,1470,17.11,8650,10750,8440,8014366,79688809885,288092394900,28637415
20250714,195990,에이비프로바이오,KOSDAQ,중견기업부,267,-11,-3.96,278,278,264,1991571,540468408,76012155507,284689721
20250714,003800,에이스침대,KOSDAQ,우량기업부,33100,1750,5.58,31350,33600,31350,17523,575836125,367079000000,11090000
20250714,088800,에이스테크,KOSDAQ,중견기업부,2655,-15,-0.56,2725,2725,2605,53671,141602493,200469582270,75506434
20250714,241840,에이스토리,KOSDAQ,중견기업부,10710,120,1.13,10780,10790,10520,25562,271561630,102173335740,9539994
20250714,364950,에이아이코리아,KOSDAQ,벤처기업부,8160,-280,-3.32,8470,8500,8150,103860,853941840,66350094240,8131139
20250714,453860,에이에스텍,KOSDAQ,벤처기업부,18250,470,2.64,18030,18770,17810,63656,1173308030,103244173750,5657215
20250714,312610,에이에프더블류,KOSDAQ,벤처기업부,1280,-9,-0.70,1275,1299,1262,11126,14212970,25928816640,20256888
20250714,172670,에이엘티,KOSDAQ,벤처기업부,7180,-150,-2.05,7290,7390,7160,35301,255513535,64334659620,8960259
20250714,481070,에이유브랜즈,KOSDAQ,중견기업부,22500,-1200,-5.06,22800,23150,22050,83069,1878824575,318600000000,14160000
20250714,445090,에이직랜드,KOSDAQ,벤처기업부,32750,-100,-0.30,33250,33300,32500,41459,1361245425,356046865000,10871660
20250714,295310,에이치브이엠,KOSDAQ,기술성장기업부,29150,650,2.28,29300,30400,28800,253299,7475242050,346941288650,11901931
20250714,072990,에이치시티,KOSDAQ,우량기업부,8920,20,0.22,8900,8950,8840,9476,84244740,65698618720,7365316
20250714,044990,에이치엔에스하이텍,KOSDAQ,기술성장기업부,15240,-240,-1.55,15480,15510,15240,7600,116484670,122469615360,8036064
20250714,239610,에이치엘사이언스,KOSDAQ,벤처기업부,12260,-10,-0.08,12270,12320,12150,2544,31059170,66107329900,5392115
20250714,036170,에이치엠넥스,KOSDAQ,중견기업부,925,-5,-0.54,930,950,917,12395,11521771,56763204050,61365626
20250714,462020,에이치엠씨제6호스팩,KOSDAQ,SPAC(소속부없음),2030,0,0.00,2030,2030,2025,16156,32717915,8820350000,4345000
20250714,477340,에이치엠씨제7호스팩,KOSDAQ,SPAC(소속부없음),2000,1,0.05,2005,2005,1996,4587,9164611,15020000000,7510000
20250714,148930,에이치와이티씨,KOSDAQ,중견기업부,3805,-55,-1.42,3810,3875,3790,29490,112517725,38716685465,10175213
20250714,376270,에이치이엠파마,KOSDAQ,기술성장기업부,19330,-70,-0.36,19400,20050,19210,22772,443665030,136830053210,7078637
20250714,044780,에이치케이,KOSDAQ,벤처기업부,1335,19,1.44,1317,1354,1303,33862,44527388,24705225645,18505787
20250714,357230,에이치피오,KOSDAQ,우량기업부,2595,-15,-0.57,2610,2620,2585,9271,24059695,109222218765,42089487
20250714,355690,에이텀,KOSDAQ,기술성장기업부,6070,110,1.85,6050,6250,5890,22627,136415575,32808228600,5404980
20250714,071670,에이테크솔루션,KOSDAQ,중견기업부,6540,90,1.40,6450,6580,6410,51779,337191290,65400000000,10000000
20250714,045660,에이텍,KOSDAQ,벤처기업부,14600,-350,-2.34,14960,14990,14510,73894,1083113250,120596000000,8260000
20250714,224110,에이텍모빌리티,KOSDAQ,벤처기업부,12180,-190,-1.54,12370,12400,12000,55624,678423300,65041200000,5340000
20250714,021080,에이티넘인베스트,KOSDAQ,우량기업부,2780,-5,-0.18,2800,2815,2725,313653,868663788,133440000000,48000000
20250714,200470,에이팩트,KOSDAQ,중견기업부,2255,-5,-0.22,2260,2275,2225,58140,130212230,95526519715,42362093
20250714,262260,에이프로,KOSDAQ,우량기업부,7090,350,5.19,6740,7120,6650,184420,1278459855,102579197680,14468152
20250714,397030,에이프릴바이오,KOSDAQ,기술성장기업부,18100,540,3.08,18000,18380,17780,177099,3193092175,407749487600,22527596
20250714,230240,에치에프알,KOSDAQ,우량기업부,17580,-840,-4.56,18300,18410,17520,69051,1231279600,233972220000,13309000
20250714,159910,에코글로우,KOSDAQ,중견기업부,729,-2,-0.27,731,745,723,108618,79551993,29078612982,39888358
20250714,230360,에코마케팅,KOSDAQ,우량기업부,9270,0,0.00,9220,9320,9140,45273,419240330,291708628830,31468029
20250714,038870,에코바이오,KOSDAQ,중견기업부,4030,-75,-1.83,4105,4140,4025,108588,440225635,56480244470,14014949
20250714,097780,에코볼트,KOSDAQ,중견기업부,1073,-15,-1.38,1108,1108,1072,94417,101768406,72674652674,67730338
20250714,448280,에코아이,KOSDAQ,중견기업부,13300,-470,-3.41,13510,13760,13200,158804,2123631860,394094015700,29631129
20250714,101360,에코앤드림,KOSDAQ,벤처기업부,21250,-150,-0.70,21600,21700,20900,73263,1550971025,377954922500,17786114
20250714,128540,에코캡,KOSDAQ,우량기업부,1648,-6,-0.36,1664,1664,1639,26775,44039455,43985878080,26690460
20250714,086520,에코프로,KOSDAQ,중견기업부,47800,600,1.27,47800,49300,46400,970963,46261821000,6490100065600,135776152
20250714,247540,에코프로비엠,KOSDAQ,우량기업부,105200,0,0.00,106900,106900,103200,376451,39338101150,10288701388800,97801344
20250714,383310,에코프로에이치엔,KOSDAQ,우량기업부,25850,-150,-0.58,26150,26150,25450,43170,1111230675,542201992200,20974932
20250714,038110,에코플라스틱,KOSDAQ,우량기업부,4100,305,8.04,3805,4485,3755,47153088,198724778252,168794417000,41169370
20250714,073540,에프알텍,KOSDAQ,벤처기업부,1980,-7,-0.35,1987,1994,1969,21009,41657292,22572000000,11400000
20250714,064850,에프앤가이드,KOSDAQ,벤처기업부,8000,200,2.56,7800,8030,7750,32020,254055640,91282656000,11410332
20250714,036810,에프에스티,KOSDAQ,우량기업부,20450,460,2.30,20700,20850,20200,121208,2482680700,449007316600,21956348
20250714,173940,에프엔씨엔터,KOSDAQ,중견기업부,3995,0,0.00,3950,4010,3935,3772,15000520,61494267960,15392808
20250714,083500,에프엔에스테크,KOSDAQ,우량기업부,13240,460,3.60,12660,13270,12650,86762,1125355490,113542559280,8575722
20250714,054940,엑사이엔씨,KOSDAQ,중견기업부,742,1,0.13,741,743,731,62443,46017273,24614772616,33173548
20250714,950130,엑세스바이오,KOSDAQ,외국기업(소속부없음),5280,-90,-1.68,5350,5430,5280,85893,456878635,199202952960,37727832
20250714,373110,엑셀세라퓨틱스,KOSDAQ,기술성장기업부,3195,70,2.24,3120,3195,3105,56717,178951250,34948386090,10938462
20250714,205100,엑셈,KOSDAQ,벤처기업부,2345,-55,-2.29,2460,2465,2345,2768736,6623159544,167579112260,71462308
20250714,356680,엑스게이트,KOSDAQ,벤처기업부,7630,-250,-3.17,7860,7860,7600,140684,1079364390,217786843960,28543492
20250714,070300,엑스큐어,KOSDAQ,벤처기업부,2050,25,1.23,2040,2080,1996,42530,86409085,20353470100,9928522
20250714,317770,엑스페릭스,KOSDAQ,벤처기업부,3745,-40,-1.06,3800,3815,3515,503414,1880497886,117835616080,31464784
20250714,373200,엑스플러스,KOSDAQ,벤처기업부,680,-20,-2.86,700,700,669,624511,422098261,68587906920,100864569
20250714,069920,엑시온그룹,KOSDAQ,중견기업부,2140,-115,-5.10,2255,2320,2135,212609,469886695,84291514120,39388558
20250714,092870,엑시콘,KOSDAQ,우량기업부,10080,-130,-1.27,10290,10290,10030,44107,445015460,131552033760,13050797
20250714,317870,엔바이오니아,KOSDAQ,기술성장기업부,13700,-400,-2.84,14100,14310,13540,15768,218017690,116884975000,8531750
20250714,067570,엔브이에이치코리아,KOSDAQ,우량기업부,2445,45,1.88,2440,2455,2385,232580,565580916,103105650000,42170000
20250714,236810,엔비티,KOSDAQ,기술성장기업부,3915,-140,-3.45,4055,4065,3900,558601,2216127635,66458792790,16975426
20250714,333620,엔시스,KOSDAQ,벤처기업부,7150,140,2.00,7040,7180,6960,21285,150661960,75477859600,10556344
20250714,101400,엔시트론,KOSDAQ,중견기업부,371,-2,-0.54,370,373,367,78153,28792315,25395220830,68450730
20250714,078860,엔에스이엔엠,KOSDAQ,투자주의환기종목(소속부없음),1318,-19,-1.42,1337,1337,1293,182682,238728117,78239454726,59362257
20250714,440820,엔에이치스팩27호,KOSDAQ,관리종목(소속부없음),2145,5,0.23,2140,2145,2140,54606,117092175,16731000000,7800000
20250714,451700,엔에이치스팩29호,KOSDAQ,SPAC(소속부없음),2055,0,0.00,2055,2060,2055,43806,90021985,29489250000,14350000
20250714,466910,엔에이치스팩30호,KOSDAQ,SPAC(소속부없음),2025,0,0.00,2025,2030,2025,12592,25499395,18427500000,9100000
20250714,481890,엔에이치스팩31호,KOSDAQ,SPAC(소속부없음),2020,-25,-1.22,2040,2045,2020,28926,58763430,12816900000,6345000
20250714,265740,엔에프씨,KOSDAQ,중견기업부,11400,0,0.00,11680,12000,11120,251376,2882464175,101822520000,8931800
20250714,354200,엔젠바이오,KOSDAQ,기술성장기업부,2050,105,5.40,1940,2130,1920,483812,987873214,51328162400,25038128
20250714,455900,엔젤로보틱스,KOSDAQ,기술성장기업부,22950,-150,-0.65,23100,23200,22900,29200,672060725,348452856450,15183131
20250714,419080,엔젯,KOSDAQ,기술성장기업부,7320,210,2.95,7110,7700,7000,25520,185694130,77452751640,10580977
20250714,208860,엔지스테크널러지,KOSDAQ,중견기업부,1943,-67,-3.33,2015,2015,1941,229944,451178705,65964797539,33949973
20250714,183490,엔지켐생명과학,KOSDAQ,기술성장기업부,1127,9,0.81,1103,1141,1103,126466,141892872,95868888374,85065562
20250714,182400,엔케이맥스,KOSDAQ,관리종목(소속부없음),2020,0,0.00,0,0,0,0,0,172748038620,85518831
20250714,348370,엔켐,KOSDAQ,중견기업부,57500,-600,-1.03,58700,60000,57000,116535,6718922550,1222754922500,21265303
20250714,069410,엔텔스,KOSDAQ,벤처기업부,5890,0,0.00,5910,5960,5810,49087,288571870,60342013360,10244824
20250714,227950,엔투텍,KOSDAQ,중견기업부,371,4,1.09,364,375,364,459255,169699564,64012728437,172541047
20250714,291230,엔피,KOSDAQ,중견기업부,1638,-12,-0.73,1642,1665,1637,48284,79337614,72228879450,44095775
20250714,048830,엔피케이,KOSDAQ,중견기업부,1102,-6,-0.54,1099,1103,1093,21906,24060193,20633763146,18723923
20250714,096870,엘디티,KOSDAQ,벤처기업부,2615,50,1.95,2565,2620,2565,2800,7273170,17464016000,6678400
20250714,290650,엘앤씨바이오,KOSDAQ,우량기업부,31000,-300,-0.96,31250,31750,30500,174554,5416694600,763184350000,24618850
20250714,156100,엘앤케이바이오,KOSDAQ,벤처기업부,7650,-150,-1.92,7800,8150,7410,186114,1461338495,152516083950,19936743
20250714,073110,엘엠에스,KOSDAQ,벤처기업부,7170,50,0.70,7120,7300,6980,60149,425375320,63782563350,8895755
20250714,083310,엘오티베큠,KOSDAQ,우량기업부,10750,530,5.19,10520,10850,10400,531838,5659696480,191457854750,17810033
20250714,037950,엘컴텍,KOSDAQ,중견기업부,903,-1,-0.11,904,914,901,407201,368600291,76256109657,84447519
20250714,489500,엘케이켐,KOSDAQ,벤처기업부,18880,-290,-1.51,19330,19330,18860,33167,629006850,118529697280,6278056
20250714,170920,엘티씨,KOSDAQ,벤처기업부,12210,160,1.33,12050,12490,11950,114972,1404661945,122543174160,10036296
20250714,058630,엠게임,KOSDAQ,우량기업부,7120,80,1.14,7040,7130,6910,183703,1290072390,139152404240,19543877
20250714,226590,엠디바이스,KOSDAQ,기술성장기업부,11140,-230,-2.02,11540,11540,11120,71868,808167690,117725113760,10567784
20250714,058970,엠로,KOSDAQ,기술성장기업부,49700,-600,-1.19,50300,50800,49700,47634,2383964500,613061974700,12335251
20250714,169330,엠브레인,KOSDAQ,중견기업부,2220,0,0.00,2250,2250,2190,13030,28781585,40530357960,18256918
20250714,373170,엠아이큐브솔루션,KOSDAQ,벤처기업부,8660,-270,-3.02,9000,9000,8400,12524,108405050,43628473800,5037930
20250714,179290,엠아이텍,KOSDAQ,우량기업부,7980,30,0.38,7950,8030,7820,49181,388233235,258278110440,32365678
20250714,009780,엠에스씨,KOSDAQ,우량기업부,9430,-790,-7.73,9500,9620,9210,177052,1656473545,165968000000,17600000
20250714,123040,엠에스오토텍,KOSDAQ,우량기업부,2930,30,1.03,2900,2960,2860,344768,1004484642,183500916070,62628299
20250714,432980,엠에프씨,KOSDAQ,기술성장기업부,3950,-55,-1.37,4005,4005,3910,6561,25864955,33937380900,8591742
20250714,413390,엠오티,KOSDAQ,중견기업부,7110,50,0.71,7100,7155,6980,105498,746228550,82335079800,11580180
20250714,032790,엠젠솔루션,KOSDAQ,벤처기업부,1072,16,1.52,1056,1110,1045,127582,136375269,47976654624,44754342
20250714,033160,엠케이전자,KOSDAQ,중견기업부,8250,340,4.30,7950,8250,7950,121643,989331445,182047230750,22066331
20250714,347890,엠투아이,KOSDAQ,벤처기업부,5550,30,0.54,5560,5560,5490,26392,145750460,93868282200,16913204
20250714,033310,엠투엔,KOSDAQ,우량기업부,2160,-50,-2.26,2210,2210,2140,38512,83181725,87139218960,40342231
20250714,259630,엠플러스,KOSDAQ,우량기업부,9250,-340,-3.55,9570,9570,9240,75457,704353200,113612218500,12282402
20250714,105550,엣지파운드리,KOSDAQ,중견기업부,3070,-100,-3.15,3170,3170,3050,425065,1313908828,240402646570,78307051
20250714,060850,영림원소프트랩,KOSDAQ,벤처기업부,6400,-260,-3.90,6660,6660,6390,15267,98875830,52038400000,8131000
20250714,143540,영우디에스피,KOSDAQ,벤처기업부,630,-2,-0.32,632,640,617,48230,30453963,28097933850,44599895
20250714,265560,영화테크,KOSDAQ,우량기업부,8020,-50,-0.62,8070,8070,7980,8995,72222200,85735243600,10690180
20250714,036000,예림당,KOSDAQ,중견기업부,4060,5,0.12,4055,4170,4015,85096,348524309,93519164620,23034277
20250714,250930,예선테크,KOSDAQ,벤처기업부,528,16,3.13,512,542,512,120156,63467241,17424232320,33000440
20250714,053280,예스24,KOSDAQ,중견기업부,4550,25,0.55,4525,4605,4510,140557,638742985,113750000000,25000000
20250714,122640,예스티,KOSDAQ,벤처기업부,17680,-220,-1.23,18000,18000,16500,83516,1457905015,376883676000,21316950
20250714,476040,오가노이드사이언스,KOSDAQ,기술성장기업부,37200,1100,3.05,36700,39300,35000,1249705,47239333800,243531994800,6546559
20250714,900300,오가닉티코스메틱,KOSDAQ,외국기업(소속부없음),605,49,8.81,595,667,590,21962200,13984252294,58081345520,96002224
20250714,045060,오공,KOSDAQ,우량기업부,2640,10,0.38,2620,2655,2600,29574,77570182,44726811360,16941974
20250714,192410,오늘이엔엠,KOSDAQ,벤처기업부,2085,113,5.73,1950,2100,1826,343318,672392387,29681080050,14235530
20250714,080520,오디텍,KOSDAQ,벤처기업부,3330,-25,-0.75,3355,3395,3300,20615,68841065,39116207970,11746609
20250714,039830,오로라,KOSDAQ,우량기업부,19160,870,4.76,18480,20000,18100,484496,9384250955,206216972400,10762890
20250714,322310,오로스테크놀로지,KOSDAQ,벤처기업부,19930,-170,-0.85,20300,20300,19850,15274,305138410,186675182060,9366542
20250714,046120,오르비텍,KOSDAQ,중견기업부,4025,-175,-4.17,4205,4240,3975,928369,3752418377,110484181150,27449486
20250714,475830,오름테라퓨틱,KOSDAQ,기술성장기업부,21500,650,3.12,21200,21950,20800,193391,4152937025,452985263000,21069082
20250714,014940,오리엔탈정공,KOSDAQ,우량기업부,5230,-50,-0.95,5270,5290,5160,136192,709825780,238350247030,45573661
20250714,065500,오리엔트정공,KOSDAQ,중견기업부,3580,-165,-4.41,3745,3745,3550,784415,2836095550,113639624960,31742912
20250714,010470,오리콤,KOSDAQ,우량기업부,6270,-70,-1.10,6360,6360,6250,47914,300502675,75083563500,11975050
20250714,417860,오브젠,KOSDAQ,기술성장기업부,20050,-1700,-7.82,21750,21850,20050,66264,1369403650,88833810700,4430614
20250714,352910,오비고,KOSDAQ,기술성장기업부,4335,10,0.23,4260,4370,4260,15135,65064331,54784871670,12637802
20250714,053980,오상자이엘,KOSDAQ,우량기업부,3890,-5,-0.13,3920,3920,3870,21562,83679127,73843025870,18982783
20250714,036220,오상헬스케어,KOSDAQ,중견기업부,19320,20,0.10,19150,19480,19110,16500,318226880,280321917120,14509416
20250714,052420,오성첨단소재,KOSDAQ,우량기업부,1519,4,0.26,1516,1551,1514,642540,979890061,138487950006,91170474
20250714,052300,오션인더블유,KOSDAQ,중견기업부,3350,-25,-0.74,3375,3445,3330,135648,458901002,56498229050,16865143
20250714,039200,오스코텍,KOSDAQ,벤처기업부,30750,-850,-2.69,31500,31600,30750,84888,2631778225,1176131412000,38248176
20250714,226400,오스테오닉,KOSDAQ,기술성장기업부,6350,-130,-2.01,6560,6560,6230,99003,628040340,131201166350,20661601
20250714,031510,오스템,KOSDAQ,중견기업부,1085,-7,-0.64,1097,1097,1080,7984,8662159,30380000000,28000000
20250714,368970,오에스피,KOSDAQ,벤처기업부,2850,25,0.88,2825,2865,2805,31342,89326375,26636556000,9346160
20250714,138080,오이솔루션,KOSDAQ,벤처기업부,9710,-340,-3.38,9950,9990,9710,20091,197878445,103159962450,10624095
20250714,080580,오킨스전자,KOSDAQ,벤처기업부,6470,30,0.47,6530,6530,6340,87517,562810800,121313664600,18750180
20250714,067170,오텍,KOSDAQ,중견기업부,2660,75,2.90,2590,2660,2540,104459,271398155,40941669300,15391605
20250714,353590,오토앤,KOSDAQ,중견기업부,3470,0,0.00,3470,3480,3440,10568,36536590,44678227900,12875570
20250714,173130,오파스넷,KOSDAQ,우량기업부,6900,-140,-1.99,7040,7040,6880,72147,499046115,90020663700,13046473
20250714,440320,오픈놀,KOSDAQ,기술성장기업부,5430,-90,-1.63,5520,5540,5410,34428,188186225,53241150000,9805000
20250714,049480,오픈베이스,KOSDAQ,우량기업부,2675,-35,-1.29,2710,2715,2625,292908,778890899,84054874525,31422383
20250714,394280,오픈엣지테크놀로지,KOSDAQ,기술성장기업부,12940,-440,-3.29,13420,13420,12760,126421,1637404035,284725212360,22003494
20250714,309930,오하임앤컴퍼니,KOSDAQ,중견기업부,3210,100,3.22,3110,3345,3110,118053,384536150,68362374900,21296690
20250714,476060,온코닉테라퓨틱스,KOSDAQ,기술성장기업부,30000,1750,6.19,29150,30300,27700,1305849,38023011850,330069300000,11002310
20250714,382150,온코크로스,KOSDAQ,기술성장기업부,10800,90,0.84,10900,11450,10770,137987,1518982905,129037719600,11947937
20250714,244460,올리패스,KOSDAQ,관리종목(소속부없음),1651,0,0.00,0,0,0,0,0,8980622755,5439505
20250714,226950,올릭스,KOSDAQ,기술성장기업부,39000,0,0.00,39900,40050,38600,183857,7219489825,772170360000,19799240
20250714,057540,옴니시스템,KOSDAQ,중견기업부,960,-54,-5.33,1010,1011,955,2257727,2200997027,57071380800,59449355
20250714,131030,옵투스제약,KOSDAQ,우량기업부,6390,80,1.27,6300,6450,6270,40326,257566670,103218705180,16153162
20250714,082210,옵트론텍,KOSDAQ,투자주의환기종목(소속부없음),1808,12,0.67,1796,1833,1773,127078,230030819,60011812192,33192374
20250714,109080,옵티시스,KOSDAQ,벤처기업부,10420,-480,-4.40,10900,10900,10300,53864,568570285,58727120000,5636000
20250714,380540,옵티코어,KOSDAQ,벤처기업부,1780,-10,-0.56,1775,1806,1762,105426,187838370,86080727020,48359959
20250714,153710,옵티팜,KOSDAQ,기술성장기업부,5090,10,0.20,5080,5130,5050,14776,75274640,74670086220,14669958
20250714,432430,와이랩,KOSDAQ,기술성장기업부,5550,-110,-1.94,5660,5670,5530,44256,247521435,91621176000,16508320
20250714,338840,와이바이오로직스,KOSDAQ,기술성장기업부,12000,190,1.61,12000,12200,11760,123555,1476362290,179390172000,14949181
20250714,122990,와이솔,KOSDAQ,우량기업부,6530,-40,-0.61,6570,6570,6490,54404,354357325,180695110490,27671533
20250714,232140,와이씨,KOSDAQ,우량기업부,9900,-90,-0.90,10000,10020,9880,189244,1876548715,812248965000,82045350
20250714,112290,와이씨켐,KOSDAQ,기술성장기업부,22050,-550,-2.43,22650,22750,21750,73152,1619900225,222937517250,10110545
20250714,065530,와이어블,KOSDAQ,중견기업부,1300,-1,-0.08,1305,1305,1296,16249,21096333,68718000000,52860000
20250714,067900,와이엔텍,KOSDAQ,우량기업부,7310,0,0.00,7240,7310,7220,27368,198819290,133039507290,18199659
20250714,007530,와이엠,KOSDAQ,중견기업부,2985,15,0.51,2970,2995,2925,118534,352692625,66428879535,22254231
20250714,155650,와이엠씨,KOSDAQ,우량기업부,3570,-30,-0.83,3640,3640,3535,52827,188174795,69523458060,19474358
20250714,273640,와이엠텍,KOSDAQ,벤처기업부,9520,-10,-0.10,9530,9530,9440,6726,63797260,104396320000,10966000
20250714,251370,와이엠티,KOSDAQ,벤처기업부,9700,0,0.00,9700,10330,9510,31309,303982345,158250300800,16314464
20250714,209640,와이제이링크,KOSDAQ,중견기업부,7250,-50,-0.68,7300,7340,7200,44351,321688235,103106404250,14221573
20250714,096250,와이즈넛,KOSDAQ,기술성장기업부,15060,-540,-3.46,15400,15460,15020,48855,741743390,197233832160,13096536
20250714,273060,와이즈버즈,KOSDAQ,중견기업부,1140,20,1.79,1115,1142,1092,300078,338655944,57523923480,50459582
20250714,019210,와이지-원,KOSDAQ,우량기업부,5970,0,0.00,5990,6000,5900,51506,305971270,200435699430,33573819
20250714,122870,와이지엔터테인먼트,KOSDAQ,우량기업부,86800,300,0.35,89200,90300,86400,194632,17044234900,1622383053200,18691049
20250714,079000,와토스코리아,KOSDAQ,중견기업부,5160,-10,-0.19,5180,5180,5130,4888,25135040,37152000000,7200000
20250714,403490,우듬지팜,KOSDAQ,벤처기업부,1937,12,0.62,1931,1943,1900,329525,632655321,87576542768,45212464
20250714,032820,우리기술,KOSDAQ,벤처기업부,3880,60,1.57,3820,3975,3680,10310281,39387849627,642258945280,165530656
20250714,041190,우리기술투자,KOSDAQ,벤처기업부,12120,190,1.59,11890,12500,11380,16916031,204179755980,1018080000000,84000000
20250714,115440,우리넷,KOSDAQ,우량기업부,6440,-50,-0.77,6500,6500,6410,44892,289053545,69515240480,10794292
20250714,046970,우리로,KOSDAQ,벤처기업부,1310,-18,-1.36,1318,1325,1305,298749,391806657,57410748690,43824999
20250714,082850,우리바이오,KOSDAQ,벤처기업부,2400,10,0.42,2390,2410,2375,317354,760945460,116295787200,48456578
20250714,215360,우리산업,KOSDAQ,우량기업부,9500,90,0.96,9410,9520,9390,22972,216977015,86755548500,9132163
20250714,072470,우리산업홀딩스,KOSDAQ,중견기업부,3685,185,5.29,3505,3750,3490,245368,899048925,69599851585,18887341
20250714,073560,우리손에프앤지,KOSDAQ,우량기업부,1575,10,0.64,1563,1591,1559,324651,511344759,109049287725,69237643
20250714,037400,우리엔터프라이즈,KOSDAQ,중견기업부,1163,4,0.35,1159,1163,1152,34464,39913020,30497751398,26223346
20250714,153490,우리이앤엘,KOSDAQ,우량기업부,709,-1,-0.14,710,717,702,77713,54757664,36499320000,51480000
20250714,101170,우림피티에스,KOSDAQ,중견기업부,5010,-20,-0.40,5030,5050,4955,39364,196754545,67635000000,13500000
20250714,066590,우수AMS,KOSDAQ,중견기업부,3390,-110,-3.14,3500,3500,3390,140797,482464525,132457822560,39073104
20250714,103840,우양,KOSDAQ,중견기업부,3290,-40,-1.20,3330,3400,3280,269161,896052872,53845548120,16366428
20250714,101970,우양에이치씨,KOSDAQ,중견기업부,11260,-210,-1.83,11400,11460,11180,30070,338468050,163807203340,14547709
20250714,046940,우원개발,KOSDAQ,벤처기업부,3030,-85,-2.73,3115,3115,3010,143853,437909905,54765280500,18074350
20250714,215380,우정바이오,KOSDAQ,벤처기업부,1742,3,0.17,1739,1746,1666,119679,203162442,29317121392,16829576
20250714,065680,우주일렉트로,KOSDAQ,우량기업부,39900,-400,-0.99,40300,42000,39700,30697,1239132425,368694792900,9240471
20250714,018620,우진비앤지,KOSDAQ,중견기업부,971,-19,-1.92,981,998,971,24597,24175351,28051503503,28889293
20250714,457550,우진엔텍,KOSDAQ,중견기업부,26550,-850,-3.10,27400,27700,26300,150555,4017500775,246154050450,9271339
20250714,396470,워트,KOSDAQ,중견기업부,7750,-100,-1.27,7850,7880,7710,22941,177789520,124930000000,16120000
20250714,307280,원바이오젠,KOSDAQ,벤처기업부,5530,0,0.00,5590,5590,5500,9944,55004240,40876665060,7391802
20250714,032940,원익,KOSDAQ,우량기업부,7580,550,7.82,7070,8200,7050,8500425,66142084285,137904683400,18193230
20250714,240810,원익IPS,KOSDAQ,우량기업부,28000,-400,-1.41,28400,28450,27800,141353,3959779100,1374349228000,49083901
20250714,074600,원익QnC,KOSDAQ,우량기업부,18090,-60,-0.33,18120,18400,17900,115372,2090979670,475549920000,26288000
20250714,104830,원익머트리얼즈,KOSDAQ,우량기업부,22900,200,0.88,22750,23450,22650,112850,2585486175,288723200000,12608000
20250714,014190,원익큐브,KOSDAQ,우량기업부,1520,6,0.40,1512,1523,1510,72707,110010580,53807857120,35399906
20250714,217820,원익피앤이,KOSDAQ,중견기업부,3160,85,2.76,3075,3170,3010,213172,663041695,149956406440,47454559
20250714,030530,원익홀딩스,KOSDAQ,중견기업부,6010,170,2.91,5940,6130,5880,2162284,13039938710,464200265810,77237981
20250714,012620,원일특강,KOSDAQ,우량기업부,7950,0,0.00,7980,7980,7850,4416,34912310,34980000000,4400000
20250714,136150,원일티엔아이,KOSDAQ,벤처기업부,25950,-500,-1.89,26700,26700,25850,28741,750298900,217487728500,8381030
20250714,382840,원준,KOSDAQ,우량기업부,9300,-30,-0.32,9350,9370,9270,19340,180081760,142025703300,15271581
20250714,336570,원텍,KOSDAQ,기술성장기업부,11810,250,2.16,11670,11840,11560,279182,3272721230,1062532673570,89968897
20250714,376980,원티드랩,KOSDAQ,기술성장기업부,4995,-125,-2.44,5120,5130,4955,54293,271367105,48783138030,9766394
20250714,008370,원풍,KOSDAQ,우량기업부,4530,40,0.89,4490,4535,4480,15823,71485395,54360000000,12000000
20250714,008290,원풍물산,KOSDAQ,중견기업부,504,3,0.60,506,510,502,60597,30714323,20509614216,40693679
20250714,101160,월덱스,KOSDAQ,우량기업부,25000,0,0.00,25450,25700,24100,192825,4753644875,412774825000,16510993
20250714,336060,웨이버스,KOSDAQ,벤처기업부,1180,-14,-1.17,1195,1195,1172,166748,196539168,56823136000,48155200
20250714,095270,웨이브일렉트로,KOSDAQ,벤처기업부,4520,-60,-1.31,4655,4670,4410,36072,162440830,67670077120,14971256
20250714,289930,웨이비스,KOSDAQ,기술성장기업부,8930,-160,-1.76,9090,9150,8840,62267,554937540,111799965490,12519593
20250714,065950,웰크론,KOSDAQ,중견기업부,2300,-55,-2.34,2350,2370,2290,181157,419735237,64931994600,28231302
20250714,076080,웰크론한텍,KOSDAQ,중견기업부,1623,8,0.50,1620,1678,1620,49696,80990671,36670315188,22594156
20250714,043590,웰킵스하이텍,KOSDAQ,중견기업부,626,-4,-0.63,630,634,625,30934,19460679,16987613012,27136762
20250714,196700,웹스,KOSDAQ,벤처기업부,1474,-24,-1.60,1497,1517,1472,17469,26078912,21172748256,14364144
20250714,069080,웹젠,KOSDAQ,우량기업부,15100,160,1.07,14860,15410,14760,106099,1601804715,522473348400,34600884
20250714,053580,웹케시,KOSDAQ,우량기업부,17040,-250,-1.45,17160,17320,16960,121054,2069902760,232361665920,13636248
20250714,479960,위너스,KOSDAQ,중견기업부,14650,-100,-0.68,14940,14940,14600,15736,231123000,100367150000,6851000
20250714,377460,위니아에이드,KOSDAQ,투자주의환기종목(소속부없음),1691,0,0.00,0,0,0,0,0,26030247855,15393405
20250714,044340,위닉스,KOSDAQ,중견기업부,7120,-80,-1.11,7150,7290,7020,84884,604659120,127258786000,17873425
20250714,330350,위더스제약,KOSDAQ,우량기업부,7750,-20,-0.26,7720,7920,7690,59633,465141930,102316577250,13202139
20250714,348350,위드텍,KOSDAQ,우량기업부,10710,80,0.75,10640,10990,10510,181976,1943722130,109066356000,10183600
20250714,112040,위메이드,KOSDAQ,중견기업부,33150,-200,-0.60,33900,34100,32850,144533,4807671275,1125392211450,33948483
20250714,101730,위메이드맥스,KOSDAQ,벤처기업부,7780,0,0.00,7880,7970,7730,63226,493385455,651989565080,83803286
20250714,123420,위메이드플레이,KOSDAQ,우량기업부,10270,-410,-3.84,10720,10880,10210,295096,3084150770,117795277340,11469842
20250714,065370,위세아이텍,KOSDAQ,벤처기업부,7840,-310,-3.80,8290,8290,7820,57443,454918470,57890199360,7383954
20250714,038620,위즈코프,KOSDAQ,벤처기업부,621,-6,-0.96,627,628,619,216741,134726212,47027997765,75729465
20250714,299900,위지윅스튜디오,KOSDAQ,중견기업부,1027,-42,-3.93,1069,1076,1026,806216,836145601,175667203868,171048884
20250714,036090,위지트,KOSDAQ,중견기업부,826,39,4.96,789,846,778,6752803,5534980834,97792026584,118392284
20250714,459100,위츠,KOSDAQ,중견기업부,7000,-120,-1.69,7130,7300,7000,59397,421892500,88004000000,12572000
20250714,136540,윈스테크넷,KOSDAQ,우량기업부,13300,-60,-0.45,13300,13350,13170,11804,156229230,163320621800,12279746
20250714,097800,윈팩,KOSDAQ,중견기업부,495,-9,-1.79,504,504,492,388824,192421639,57642863355,116450229
20250714,192390,윈하이텍,KOSDAQ,우량기업부,2855,0,0.00,2870,2885,2850,7345,20987105,31497013795,11032229
20250714,335870,윙스풋,KOSDAQ,중견기업부,1990,-40,-1.97,2005,2010,1977,20757,41208943,33333441270,16750473
20250714,900340,윙입푸드,KOSDAQ,외국기업(소속부없음),1277,-3,-0.23,1290,1315,1277,387501,500865160,64272595056,50330928
20250714,036200,유니셈,KOSDAQ,우량기업부,6880,80,1.18,6810,6970,6740,344580,2359543060,210969854240,30664223
20250714,018000,유니슨,KOSDAQ,중견기업부,1515,-20,-1.30,1537,1548,1502,1196294,1815084668,258627601320,170711288
20250714,203450,유니온바이오메트릭스,KOSDAQ,벤처기업부,3400,-60,-1.73,3460,3505,3305,39088,132274425,47868623800,14079007
20250714,011320,유니크,KOSDAQ,우량기업부,4010,5,0.12,4000,4035,3925,19114,75892415,77475986950,19320695
20250714,086390,유니테스트,KOSDAQ,중견기업부,11520,-130,-1.12,11550,11550,11220,88909,1015498450,243465131520,21134126
20250714,241690,유니테크노,KOSDAQ,우량기업부,3010,30,1.01,2985,3010,2955,31240,93446863,73656825060,24470706
20250714,142210,유니트론텍,KOSDAQ,우량기업부,6090,-140,-2.25,6200,6200,6010,183293,1112712765,117208700280,19246092
20250714,389680,유디엠텍,KOSDAQ,기술성장기업부,645,-11,-1.68,656,664,644,135437,88048536,26827139925,41592465
20250714,088340,유라클,KOSDAQ,벤처기업부,20200,-600,-2.88,20650,20900,20100,70487,1439464225,88032973600,4358068
20250714,048430,유라테크,KOSDAQ,우량기업부,8880,30,0.34,8830,9000,8800,37922,335981680,102297600000,11520000
20250714,206650,유바이오로직스,KOSDAQ,기술성장기업부,13290,50,0.38,13250,13290,13080,95349,1256405285,486736096440,36624236
20250714,089850,유비벨록스,KOSDAQ,우량기업부,6290,-70,-1.10,6360,6380,6280,56435,355974690,92652951710,14730199
20250714,084440,유비온,KOSDAQ,기술성장기업부,1197,0,0.00,1197,1201,1169,28497,33741782,23596221600,19712800
20250714,032620,유비케어,KOSDAQ,중견기업부,3965,-45,-1.12,3990,4020,3955,124263,494617091,206961656135,52197139
20250714,264450,유비쿼스,KOSDAQ,우량기업부,8180,-70,-0.85,8250,8290,8100,28261,230607060,122032372940,14918383
20250714,078070,유비쿼스홀딩스,KOSDAQ,중견기업부,9630,-150,-1.53,9780,9850,9250,117819,1139711820,169533954360,17604772
20250714,024800,유성티엔에스,KOSDAQ,우량기업부,3135,130,4.33,3000,3150,2970,125135,386694906,116157430620,37051812
20250714,054930,유신,KOSDAQ,우량기업부,24050,250,1.05,23800,24050,23650,8773,209342850,72150000000,3000000
20250714,069330,유아이디,KOSDAQ,벤처기업부,1197,3,0.25,1194,1203,1185,33765,40196212,16986735927,14191091
20250714,049520,유아이엘,KOSDAQ,우량기업부,3685,25,0.68,3660,3710,3620,219251,805836360,118831683740,32247404
20250714,444920,유안타제11호스팩,KOSDAQ,SPAC(소속부없음),2035,-10,-0.49,2035,2045,2035,8579,17458450,10663400000,5240000
20250714,446150,유안타제12호스팩,KOSDAQ,SPAC(소속부없음),2300,35,1.55,2300,2300,2290,41657,95668800,10971000000,4770000
20250714,449020,유안타제13호스팩,KOSDAQ,SPAC(소속부없음),2085,0,0.00,2085,2085,2080,34095,71072015,20287050000,9730000
20250714,450940,유안타제14호스팩,KOSDAQ,SPAC(소속부없음),2050,-5,-0.24,2050,2060,2040,6709,13722180,9307000000,4540000
20250714,473050,유안타제15호스팩,KOSDAQ,SPAC(소속부없음),2005,5,0.25,2010,2010,2000,3554,7108765,14055050000,7010000
20250714,474490,유안타제16호스팩,KOSDAQ,SPAC(소속부없음),2005,0,0.00,2015,2015,2000,17958,35984990,11047550000,5510000
20250714,493790,유안타제17호스팩,KOSDAQ,SPAC(소속부없음),2000,0,0.00,2005,2005,2000,8026,16054410,10620000000,5310000
20250714,263770,유에스티,KOSDAQ,우량기업부,2090,35,1.70,2050,2090,2040,15433,31753270,49533359480,23700172
20250714,388720,유일로보틱스,KOSDAQ,벤처기업부,70700,-200,-0.28,70900,71300,69400,46706,3283847700,811849938200,11483026
20250714,340930,유일에너테크,KOSDAQ,벤처기업부,1442,-7,-0.48,1449,1458,1438,41076,59391875,49322816900,34204450
20250714,023410,유진기업,KOSDAQ,우량기업부,3840,40,1.05,3820,3855,3775,434084,1661432715,296873713920,77310863
20250714,056080,유진로봇,KOSDAQ,중견기업부,10830,-80,-0.73,10980,10980,10550,182129,1948247335,406256606160,37512152
20250714,468760,유진스팩10호,KOSDAQ,SPAC(소속부없음),2125,0,0.00,2125,2125,2120,2539,5385600,9010000000,4240000
20250714,488060,유진스팩11호,KOSDAQ,SPAC(소속부없음),2035,10,0.49,2030,2040,2025,1271,2575915,9605200000,4720000
20250714,084370,유진테크,KOSDAQ,우량기업부,41450,-550,-1.31,41750,42050,40950,72172,2987657075,949869940900,22916042
20250714,240600,유진테크놀로지,KOSDAQ,중견기업부,4235,35,0.83,4200,4245,4200,18353,77293021,29340719485,6928151
20250714,221800,유투바이오,KOSDAQ,기술성장기업부,3115,15,0.48,3100,3145,3085,33424,103917311,35159615540,11287196
20250714,179900,유티아이,KOSDAQ,벤처기업부,23800,-1650,-6.48,26000,26000,23650,221665,5328054875,450688247800,18936481
20250714,263050,유틸렉스,KOSDAQ,기술성장기업부,2055,-515,-20.04,2580,3200,2055,4390020,10685181548,75695629080,36834856
20250714,191410,육일씨엔에쓰,KOSDAQ,중견기업부,1807,-42,-2.27,1851,1851,1807,29718,54076858,20246088785,11204255
20250714,372170,윤성에프앤씨,KOSDAQ,기술성장기업부,29650,50,0.17,30000,30000,29100,12137,357116725,236578773200,7979048
20250714,146060,율촌,KOSDAQ,중견기업부,1467,12,0.82,1455,1486,1445,22415,32769066,35230877865,24015595
20250714,072770,율호,KOSDAQ,중견기업부,632,10,1.61,616,640,615,466359,293887714,45453111360,71919480
20250714,039020,이건홀딩스,KOSDAQ,중견기업부,5190,20,0.39,5160,5200,5110,142953,736582335,117214639710,22584709
20250714,067920,이글루,KOSDAQ,우량기업부,5660,-20,-0.35,5680,5690,5600,23425,132044250,62238033540,10996119
20250714,044960,이글벳,KOSDAQ,중견기업부,4400,10,0.23,4395,4405,4355,27107,118975370,55624285200,12641883
20250714,303530,이노뎁,KOSDAQ,벤처기업부,6840,-60,-0.87,6910,6970,6820,7280,50220790,50200805160,7339299
20250714,296640,이노룰스,KOSDAQ,벤처기업부,7450,-130,-1.72,7560,7600,7430,7585,56902730,38577977400,5178252
20250714,302430,이노메트리,KOSDAQ,벤처기업부,7880,-20,-0.25,7990,7990,7760,31207,243665360,77485679040,9833208
20250714,462350,이노스페이스,KOSDAQ,기술성장기업부,17460,-170,-0.96,17500,17720,17030,29790,518056100,164415477240,9416694
20250714,274400,이노시뮬레이션,KOSDAQ,기술성장기업부,5100,-100,-1.92,5290,5290,5010,18013,91906905,46341114300,9086493
20250714,073490,이노와이어리스,KOSDAQ,우량기업부,20700,-550,-2.59,21250,21250,20550,17495,363321850,157399612200,7603846
20250714,215790,이노인스트루먼트,KOSDAQ,벤처기업부,448,-4,-0.88,454,459,446,42681,19186499,18046850752,40283149
20250714,344860,이노진,KOSDAQ,기술성장기업부,2065,10,0.49,2085,2085,2045,59543,122557075,24841950000,12030000
20250714,088390,이녹스,KOSDAQ,중견기업부,11430,1350,13.39,10970,12470,10650,3731439,43721197080,107280196920,9385844
20250714,272290,이녹스첨단소재,KOSDAQ,우량기업부,23500,-100,-0.42,23650,23950,23400,94724,2236731800,475349963000,20227658
20250714,053350,이니텍,KOSDAQ,중견기업부,9940,450,4.74,9490,9995,9240,111454,1081460735,196721705040,19790916
20250714,452400,이닉스,KOSDAQ,벤처기업부,10550,2430,29.93,8130,10550,8130,3251320,33027293995,95703565400,9071428
20250714,264850,이랜시스,KOSDAQ,중견기업부,4690,-50,-1.05,4705,4730,4675,65987,309506137,142081730280,30294612
20250714,054210,이랜텍,KOSDAQ,우량기업부,6810,180,2.71,6600,6860,6590,129289,871903665,172233140100,25291210
20250714,009730,이렘,KOSDAQ,벤처기업부,907,-8,-0.87,910,921,900,554243,501988059,55273450720,60940960
20250714,065440,이루온,KOSDAQ,벤처기업부,1717,-25,-1.44,1742,1745,1698,271030,463750259,46831209340,27275020
20250714,424870,이뮨온시아,KOSDAQ,기술성장기업부,5620,20,0.36,6100,6250,5500,4743315,28103252125,415352107780,73906069
20250714,115610,이미지스,KOSDAQ,벤처기업부,1212,-13,-1.06,1225,1260,1199,114840,140016953,21013096056,17337538
20250714,478110,이베스트스팩6호,KOSDAQ,SPAC(소속부없음),2005,-10,-0.50,2020,2020,2005,12899,25908285,10065100000,5020000
20250714,131400,이브이첨단소재,KOSDAQ,벤처기업부,1939,159,8.93,1782,2140,1740,18920087,37646849789,115544781198,59589882
20250714,351330,이삭엔지니어링,KOSDAQ,벤처기업부,6850,-140,-2.00,6990,7040,6840,44446,307038440,56776362000,8288520
20250714,080010,이상네트웍스,KOSDAQ,중견기업부,5950,70,1.19,5870,5960,5870,7996,47234330,58518672450,9835071
20250714,086890,이수앱지스,KOSDAQ,우량기업부,5570,-70,-1.24,5630,5720,5540,100434,563330090,206026886330,36988669
20250714,047560,이스트소프트,KOSDAQ,중견기업부,21550,-150,-0.69,22000,22000,21550,51246,1113797575,251175852600,11655492
20250714,900110,이스트아시아홀딩스,KOSDAQ,외국기업(소속부없음),89,1,1.14,89,94,88,53214211,4785257356,57195902332,642650588
20250714,239340,이스트에이드,KOSDAQ,중견기업부,2245,-15,-0.66,2260,2285,2200,87440,194771180,60569278330,26979634
20250714,067010,이씨에스,KOSDAQ,벤처기업부,2865,0,0.00,2865,2865,2825,5875,16705290,35222310000,12294000
20250714,456070,이엔셀,KOSDAQ,기술성장기업부,12300,-60,-0.49,12480,12480,12280,24705,304972565,134092201500,10901805
20250714,102710,이엔에프테크놀로지,KOSDAQ,우량기업부,40350,-550,-1.34,40450,40500,39550,97162,3892605625,576514182600,14287836
20250714,041520,이엘씨,KOSDAQ,중견기업부,9540,200,2.14,9460,9560,9330,12162,114873440,116280484200,12188730
20250714,063760,이엘피,KOSDAQ,벤처기업부,2100,-20,-0.94,2090,2130,2090,6600,13914910,19582773000,9325130
20250714,123570,이엠넷,KOSDAQ,중견기업부,2475,-10,-0.40,2485,2495,2455,16949,41814005,55133293050,22276078
20250714,083470,이엠앤아이,KOSDAQ,벤처기업부,970,-18,-1.82,994,1034,911,207075,199488478,20700119130,21340329
20250714,095190,이엠코리아,KOSDAQ,중견기업부,2185,-40,-1.80,2230,2235,2170,180561,394899539,142594109470,65260462
20250714,091120,이엠텍,KOSDAQ,중견기업부,10790,430,4.15,10350,10920,10230,120517,1280020435,184864379440,17132936
20250714,039030,이오테크닉스,KOSDAQ,우량기업부,213000,-1000,-0.47,212000,218000,209000,103839,22106372000,2624064150000,12319550
20250714,294090,이오플로우,KOSDAQ,관리종목(소속부없음),1490,0,0.00,0,0,0,0,0,52267866450,35079105
20250714,088290,이원컴포텍,KOSDAQ,중견기업부,1145,-25,-2.14,1183,1183,1143,27457,31633507,45663016780,39880364
20250714,353810,이지바이오,KOSDAQ,우량기업부,5440,100,1.87,5340,5520,5320,201383,1093280010,179965644800,33081920
20250714,099750,이지케어텍,KOSDAQ,벤처기업부,17920,160,0.90,17530,18030,17520,12602,223158085,122479185920,6834776
20250714,377330,이지트로닉스,KOSDAQ,기술성장기업부,4570,-30,-0.65,4600,4620,4520,9342,42602100,37199589780,8139954
20250714,035810,이지홀딩스,KOSDAQ,우량기업부,4130,10,0.24,4120,4160,4085,82575,340604250,266451844050,64516185
20250714,092130,이크레더블,KOSDAQ,중견기업부,16790,-20,-0.12,16780,16800,16630,13568,227013475,202212044000,12043600
20250714,096040,이트론,KOSDAQ,투자주의환기종목(소속부없음),271,0,0.00,0,0,0,0,0,245561580945,906131295
20250714,134060,이퓨쳐,KOSDAQ,벤처기업부,4685,65,1.41,4590,4740,4590,1425,6644070,22343936250,4769250
20250714,001840,이화공영,KOSDAQ,투자주의환기종목(소속부없음),1616,0,0.00,0,0,0,0,0,36010355776,22283636
20250714,024810,이화전기,KOSDAQ,관리종목(소속부없음),899,0,0.00,0,0,0,0,0,196834827360,218948640
20250714,041830,인바디,KOSDAQ,우량기업부,23200,-800,-3.33,24000,24000,23050,60800,1415721050,312756462400,13480882
20250714,352940,인바이오,KOSDAQ,벤처기업부,2555,-45,-1.73,2615,2645,2555,9293,23931520,27767050150,10867730
20250714,079950,인베니아,KOSDAQ,중견기업부,665,62,10.28,615,682,607,574053,376314555,15428000000,23200000
20250714,389470,인벤티지랩,KOSDAQ,기술성장기업부,30550,-900,-2.86,31250,31450,30100,99690,3056349150,326409458700,10684434
20250714,277410,인산가,KOSDAQ,벤처기업부,1390,12,0.87,1384,1429,1379,589580,825538269,53315936710,38356789
20250714,060150,인선이엔티,KOSDAQ,중견기업부,5720,70,1.24,5680,5750,5610,124086,707439315,266343860640,46563612
20250714,033230,인성정보,KOSDAQ,중견기업부,2105,-40,-1.86,2145,2150,2100,532471,1128068099,106334874900,50515380
20250714,450520,인스웨이브,KOSDAQ,벤처기업부,4220,-80,-1.86,4350,4375,4170,78489,332825200,62053319160,14704578
20250714,465480,인스피언,KOSDAQ,벤처기업부,6750,0,0.00,6690,6790,6670,30428,204719420,68429961000,10137772
20250714,037330,인지디스플레,KOSDAQ,우량기업부,1383,-2,-0.14,1385,1386,1372,32466,44735793,60693264792,43885224
20250714,100030,인지소프트,KOSDAQ,벤처기업부,18090,-250,-1.36,18330,18330,17770,12210,218681020,59402386260,3283714
20250714,211050,인카금융서비스,KOSDAQ,우량기업부,12520,-150,-1.18,12540,12800,12120,424740,5308839350,643275096000,51379800
20250714,083640,인콘,KOSDAQ,벤처기업부,338,1,0.30,340,344,335,137605,46657571,26269478638,77720351
20250714,064090,인크레더블버즈,KOSDAQ,중견기업부,2280,-50,-2.15,2330,2370,2280,107109,246973865,113413458600,49742745
20250714,216050,인크로스,KOSDAQ,중견기업부,8660,0,0.00,8660,8700,8550,32664,281872230,111222302520,12843222
20250714,049070,인탑스,KOSDAQ,우량기업부,16560,20,0.12,16520,16690,16460,27787,459769450,284832000000,17200000
20250714,119610,인터로조,KOSDAQ,중견기업부,18920,490,2.66,18430,19160,18190,88466,1669724060,233638955440,12348782
20250714,017250,인터엠,KOSDAQ,중견기업부,1050,5,0.48,1045,1050,1037,27917,29112523,22097740350,21045467
20250714,051370,인터플렉스,KOSDAQ,우량기업부,8740,-40,-0.46,8780,8810,8660,57555,503093890,203882105280,23327472
20250714,064290,인텍플러스,KOSDAQ,벤처기업부,8650,-110,-1.26,8800,8800,8590,52911,457679280,111273271300,12863962
20250714,189300,인텔리안테크,KOSDAQ,우량기업부,47600,-950,-1.96,48600,49050,47550,28233,1358232800,510906698400,10733334
20250714,287840,인투셀,KOSDAQ,기술성장기업부,27850,-900,-3.13,29250,29250,27450,331489,9344700900,413505660000,14847600
20250714,150840,인트로메딕,KOSDAQ,관리종목(소속부없음),5850,0,0.00,0,0,0,0,0,251537720850,42997901
20250714,048530,인트론바이오,KOSDAQ,기술성장기업부,4105,55,1.36,4095,4155,4030,114332,467981645,140188878010,34150762
20250714,115310,인포바인,KOSDAQ,벤처기업부,71200,4700,7.07,64800,84900,63400,1156786,87499900650,227333269600,3192883
20250714,039290,인포뱅크,KOSDAQ,중견기업부,6570,-90,-1.35,6660,6700,6500,20494,134462530,57119435460,8693978
20250714,071200,인피니트헬스케어,KOSDAQ,중견기업부,7330,-340,-4.43,7670,7670,7320,111815,830774125,178826037140,24396458
20250714,101930,인화정공,KOSDAQ,우량기업부,31950,0,0.00,31950,32650,31600,16372,523721325,307222669350,9615733
20250714,333430,일승,KOSDAQ,중견기업부,4030,-50,-1.23,4055,4145,4005,108018,437616230,123828790410,30726747
20250714,068330,일신바이오,KOSDAQ,중견기업부,1774,63,3.68,1712,2050,1705,16653382,32002583766,78439432360,44216140
20250714,178780,일월지엠엘,KOSDAQ,중견기업부,2815,20,0.72,2795,2840,2790,6535,18382013,50020283925,17769195
20250714,019540,일지테크,KOSDAQ,우량기업부,4495,0,0.00,4460,4540,4420,43187,193960965,60743182500,13513500
20250714,094820,일진파워,KOSDAQ,우량기업부,11820,0,0.00,0,0,0,0,0,178230340380,15078709
20250714,950140,잉글우드랩,KOSDAQ,외국기업(소속부없음),14100,-130,-0.91,14380,14620,13990,313930,4473735125,280136910600,19867866
20250714,049550,잉크테크,KOSDAQ,우량기업부,3320,-30,-0.90,3350,3350,3320,4515,15032871,65092839640,19606277
20250714,389020,자람테크놀로지,KOSDAQ,기술성장기업부,48600,50,0.10,47550,51000,46750,107895,5253961375,301209678000,6197730
20250714,254120,자비스,KOSDAQ,기술성장기업부,1468,-16,-1.08,1484,1499,1456,49454,72455555,45147268360,30754270
20250714,043910,자연과환경,KOSDAQ,벤처기업부,755,-8,-1.05,764,767,750,811663,614158083,85610550035,113391457
20250714,234920,자이글,KOSDAQ,벤처기업부,5850,-10,-0.17,5790,5860,5550,289424,1652929105,79155823500,13530910
20250714,289220,자이언트스텝,KOSDAQ,기술성장기업부,8550,450,5.56,8140,8620,8060,253330,2124241610,190769489550,22312221
20250714,174880,장원테크,KOSDAQ,관리종목(소속부없음),2650,0,0.00,0,0,0,0,0,11610352250,4381265
20250714,049630,재영솔루텍,KOSDAQ,중견기업부,800,-19,-2.32,822,826,799,648530,525561420,72552711200,90690889
20250714,417840,저스템,KOSDAQ,벤처기업부,10390,-150,-1.42,10650,10660,10240,79188,827984785,75459972500,7262750
20250714,110020,전진바이오팜,KOSDAQ,기술성장기업부,3960,-160,-3.88,4150,4375,3905,116889,481335825,35872697520,9058762
20250714,208140,정다운,KOSDAQ,우량기업부,2845,0,0.00,2845,2850,2820,129040,365505615,92986679870,32684246
20250714,040420,정상제이엘에스,KOSDAQ,우량기업부,6610,20,0.30,6560,6610,6560,37972,250170365,103628618720,15677552
20250714,045510,정원엔시스,KOSDAQ,중견기업부,910,0,0.00,915,920,897,49025,44467235,29310455720,32209292
20250714,217190,제너셈,KOSDAQ,벤처기업부,7080,-70,-0.98,7150,7270,7050,16434,116608305,62085751920,8769174
20250714,095700,제넥신,KOSDAQ,기술성장기업부,4995,-95,-1.87,5090,5170,4980,82843,419021712,227474767530,45540494
20250714,122310,제노레이,KOSDAQ,우량기업부,5680,-120,-2.07,5800,5810,5530,37479,212890470,82665833920,14553844
20250714,361390,제노코,KOSDAQ,벤처기업부,17770,-340,-1.88,18110,18150,17450,45834,810276780,133289020530,7500789
20250714,225220,제놀루션,KOSDAQ,벤처기업부,2185,0,0.00,2245,2245,2155,37904,82367249,41930195885,19190021
20250714,123330,제닉,KOSDAQ,벤처기업부,40000,1200,3.09,40400,41200,39450,98631,3965389525,318747200000,7968680
20250714,381620,제닉스,KOSDAQ,중견기업부,7420,90,1.23,7430,7460,7260,28803,212217790,97334966400,13117920
20250714,159580,제로투세븐,KOSDAQ,중견기업부,4785,-20,-0.42,4820,4850,4760,79317,379343552,95856163260,20032636
20250714,147830,제룡산업,KOSDAQ,벤처기업부,6400,-60,-0.93,6480,6480,6310,57881,368918500,128000000000,20000000
20250714,033100,제룡전기,KOSDAQ,우량기업부,38650,-1000,-2.52,39400,39750,38350,150470,5847251050,620812107850,16062409
20250714,079370,제우스,KOSDAQ,우량기업부,12600,-310,-2.40,12810,12850,12570,100274,1267813965,390814074000,31016990
20250714,054950,제이브이엠,KOSDAQ,우량기업부,24800,-200,-0.80,25000,25300,24600,39462,980289450,299829321600,12089892
20250714,023440,제이스코홀딩스,KOSDAQ,중견기업부,1950,-30,-1.52,1961,1994,1931,301729,589605837,160159422150,82133037
20250714,090470,제이스텍,KOSDAQ,우량기업부,3685,-15,-0.41,3675,3755,3675,7178,26552885,64401248890,17476594
20250714,137950,제이씨케미칼,KOSDAQ,우량기업부,4030,15,0.37,4020,4055,3980,37809,151899225,89739290420,22267814
20250714,033320,제이씨현시스템,KOSDAQ,벤처기업부,5790,-160,-2.69,6110,6110,5760,565622,3336781925,110672561280,19114432
20250714,417500,제이아이테크,KOSDAQ,우량기업부,3470,-30,-0.86,3470,3535,3440,59351,205697825,113763061680,32784744
20250714,204270,제이앤티씨,KOSDAQ,중견기업부,17700,930,5.55,16900,17870,16750,371659,6499389840,1023917848200,57848466
20250714,127120,제이에스링크,KOSDAQ,벤처기업부,13730,-110,-0.79,13840,14280,13590,160847,2234551920,371871612920,27084604
20250714,026040,제이에스티나,KOSDAQ,중견기업부,3390,110,3.35,3240,3390,3185,207607,684276219,55947848100,16503790
20250714,452160,제이엔비,KOSDAQ,중견기업부,6260,220,3.64,6090,6270,5880,217325,1316744885,60205719020,9617527
20250714,126880,제이엔케이글로벌,KOSDAQ,우량기업부,3935,-5,-0.13,3910,3950,3885,42850,167766825,91311293305,23204903
20250714,322510,제이엘케이,KOSDAQ,기술성장기업부,6470,-200,-3.00,6670,6750,6470,44263,289295430,165171931240,25528892
20250714,033050,제이엠아이,KOSDAQ,벤처기업부,936,-1,-0.11,928,948,926,5517,5154972,30494264112,32579342
20250714,094970,제이엠티,KOSDAQ,벤처기업부,2350,30,1.29,2320,2370,2310,79096,184664090,39358364000,16748240
20250714,418550,제이오,KOSDAQ,기술성장기업부,8530,20,0.24,8550,8550,8370,49580,418760320,273110750690,32017673
20250714,420570,제이투케이바이오,KOSDAQ,벤처기업부,10950,880,8.74,10370,11240,10370,454281,4931689380,64029938850,5847483
20250714,089790,제이티,KOSDAQ,벤처기업부,4115,-45,-1.08,4160,4160,4110,31577,130170735,42448335995,10315513
20250714,052670,제일바이오,KOSDAQ,관리종목(소속부없음),2080,0,0.00,0,0,0,0,0,60588453120,29129064
20250714,412540,제일엠앤에스,KOSDAQ,관리종목(소속부없음),3935,0,0.00,0,0,0,0,0,81063616775,20600665
20250714,199820,제일일렉트릭,KOSDAQ,우량기업부,10600,-250,-2.30,10860,10900,10430,204590,2170429675,235532000000,22220000
20250714,038010,제일테크노스,KOSDAQ,우량기업부,6530,10,0.15,6520,6580,6460,21802,142449620,58770000000,9000000
20250714,080220,제주반도체,KOSDAQ,우량기업부,15420,-520,-3.26,15780,15790,15420,357638,5553595405,531108484860,34442833
20250714,216080,제테마,KOSDAQ,우량기업부,7080,-110,-1.53,7150,7190,7000,78288,553132440,253878307440,35858518
20250714,337930,젝시믹스,KOSDAQ,우량기업부,6000,30,0.50,5970,6040,5940,48378,290113990,179291850000,29881975
20250714,229000,젠큐릭스,KOSDAQ,기술성장기업부,1827,-10,-0.54,1839,1868,1810,63674,117234297,28870201017,15801971
20250714,082270,젬백스,KOSDAQ,벤처기업부,57500,1700,3.05,56700,59400,56500,187516,10915138200,2380848507500,41406061
20250714,044060,조광ILI,KOSDAQ,관리종목(소속부없음),732,0,0.00,0,0,0,0,0,70075958688,95732184
20250714,034940,조아제약,KOSDAQ,중견기업부,1084,11,1.03,1074,1100,1073,28562,30836163,33582132468,30979827
20250714,067000,조이시티,KOSDAQ,중견기업부,2380,-45,-1.86,2430,2440,2365,505962,1210608883,166370201480,69903446
20250714,033340,좋은사람들,KOSDAQ,중견기업부,1657,-5,-0.30,1654,1692,1610,3794477,6266656464,160647074606,96950558
20250714,036930,주성엔지니어링,KOSDAQ,우량기업부,30200,100,0.33,30150,30300,29950,202855,6108787025,1427503294200,47268321
20250714,072020,중앙백신,KOSDAQ,벤처기업부,10020,10,0.10,10010,10060,9990,18171,181807030,96780043740,9658687
20250714,000440,중앙에너비스,KOSDAQ,중견기업부,16510,-210,-1.26,16580,16610,16280,38131,626921170,102809916300,6227130
20250714,051980,중앙첨단소재,KOSDAQ,중견기업부,2220,-110,-4.72,2345,2350,2210,2268948,5091415874,226001103780,101802299
20250714,228760,지노믹트리,KOSDAQ,기술성장기업부,12920,-270,-2.05,13070,13230,12910,59084,768696705,314946214640,24376642
20250714,314130,지놈앤컴퍼니,KOSDAQ,기술성장기업부,2950,35,1.20,2915,2990,2835,161366,468841719,91702269250,31085515
20250714,389030,지니너스,KOSDAQ,기술성장기업부,2100,-130,-5.83,2230,2230,2085,247897,527683342,70038874500,33351845
20250714,263860,지니언스,KOSDAQ,벤처기업부,22600,-650,-2.80,23650,23700,22000,31144,705392300,205198960000,9079600
20250714,303030,지니틱스,KOSDAQ,벤처기업부,1022,11,1.09,1011,1029,1003,92045,92890236,37889310158,37073689
20250714,036180,지더블유바이텍,KOSDAQ,투자주의환기종목(소속부없음),577,0,0.00,0,0,0,0,0,53929030348,93464524
20250714,208350,지란지교시큐리티,KOSDAQ,벤처기업부,2860,55,1.96,2825,2870,2800,27417,77878977,25278250140,8838549
20250714,144510,지씨셀,KOSDAQ,중견기업부,20500,-150,-0.73,20750,20950,20500,10415,214653350,323907052000,15800344
20250714,340450,지씨지놈,KOSDAQ,기술성장기업부,8920,-300,-3.25,9160,9200,8910,232759,2098626660,210965073560,23650793
20250714,358570,지아이이노베이션,KOSDAQ,기술성장기업부,19800,-300,-1.49,20150,20450,19590,337812,6750840115,1223708567400,61803463
20250714,382480,지아이텍,KOSDAQ,벤처기업부,2085,-10,-0.48,2140,2140,2085,52613,110316400,82059636900,39357140
20250714,382800,지앤비에스 에코,KOSDAQ,우량기업부,3820,-65,-1.67,3890,3920,3720,126338,479571318,121594576620,31831041
20250714,051160,지어소프트,KOSDAQ,중견기업부,10960,90,0.83,10870,11150,10680,51881,566143080,169599752800,15474430
20250714,053050,지에스이,KOSDAQ,우량기업부,2960,-25,-0.84,2995,3000,2940,258378,765027438,88763287120,29987597
20250714,388610,지에프씨생명과학,KOSDAQ,기술성장기업부,25400,1450,6.05,24250,29000,24250,5673912,153931391800,132733008600,5225709
20250714,119850,지엔씨에너지,KOSDAQ,우량기업부,36000,-400,-1.10,36450,36550,35400,149938,5394732125,592160724000,16448909
20250714,065060,지엔코,KOSDAQ,중견기업부,1174,15,1.29,1164,1188,1156,137511,161113988,12680143896,10800804
20250714,204840,지엘팜텍,KOSDAQ,기술성장기업부,1203,-7,-0.58,1227,1227,1181,107082,128704441,92589142818,76965206
20250714,311320,지오엘리먼트,KOSDAQ,기술성장기업부,6620,10,0.15,6580,6720,6580,11752,78213330,83508387200,12614560
20250714,388050,지투파워,KOSDAQ,벤처기업부,9150,-70,-0.76,9230,9260,9030,112746,1028328315,171191348550,18709437
20250714,018120,진로발효,KOSDAQ,우량기업부,20000,140,0.70,19900,20200,19860,5987,119832285,132422400000,6621120
20250714,109820,진매트릭스,KOSDAQ,기술성장기업부,2730,25,0.92,2705,2755,2660,69173,185985320,55674637200,20393640
20250714,086060,진바이오텍,KOSDAQ,중견기업부,4470,55,1.25,4410,4500,4350,96370,429008459,38489323890,8610587
20250714,036890,진성티이씨,KOSDAQ,우량기업부,10700,-130,-1.20,10810,10850,10640,33034,354014885,240560267600,22482268
20250714,363250,진시스템,KOSDAQ,기술성장기업부,6020,-120,-1.95,6140,6190,5940,62383,375098115,42397643960,7042798
20250714,007370,진양제약,KOSDAQ,우량기업부,6600,20,0.30,6550,6630,6510,47773,313538585,87193055400,13211069
20250714,285800,진영,KOSDAQ,벤처기업부,2310,55,2.44,2245,2425,2240,636416,1485246872,40372493700,17477270
20250714,085660,차바이오텍,KOSDAQ,중견기업부,12070,-50,-0.41,12400,12680,11980,590807,7229531075,922464028810,76426183
20250714,261780,차백신연구소,KOSDAQ,기술성장기업부,3010,-70,-2.27,3080,3080,2985,45878,138457835,80864390460,26865246
20250714,351870,차이커뮤니케이션,KOSDAQ,중견기업부,7110,0,0.00,7110,7220,7020,12366,87876860,79352164620,11160642
20250714,094850,참좋은여행,KOSDAQ,벤처기업부,7430,10,0.13,7570,8170,7370,1124147,8758158120,104020000000,14000000
20250714,004650,창해에탄올,KOSDAQ,중견기업부,10810,240,2.27,10630,10830,10490,67286,723319265,99353466850,9190885
20250714,278280,천보,KOSDAQ,중견기업부,40350,-100,-0.25,40750,41450,40050,13611,548671150,403500000000,10000000
20250714,362320,청담글로벌,KOSDAQ,중견기업부,6200,50,0.81,6230,6360,6120,218358,1358475260,130517998000,21051290
20250714,066360,체리부로,KOSDAQ,우량기업부,860,15,1.78,860,860,837,177571,151217697,41238732900,47952015
20250714,047820,초록뱀미디어,KOSDAQ,중견기업부,5960,-70,-1.16,6030,6050,5870,75304,445751080,145745422800,24453930
20250714,094360,칩스앤미디어,KOSDAQ,벤처기업부,18070,200,1.12,18090,18260,17870,237719,4293760705,382315555180,21157474
20250714,016920,카스,KOSDAQ,중견기업부,1296,-11,-0.84,1307,1309,1295,116765,151733699,34335625248,26493538
20250714,284620,카이노스메드,KOSDAQ,관리종목(소속부없음),1138,-44,-3.72,1162,1168,1137,54040,61969149,37652952514,33086953
20250714,293490,카카오게임즈,KOSDAQ,중견기업부,17660,-540,-2.97,18220,18220,17480,370431,6557913265,1463421277420,82866437
20250714,140430,카티스,KOSDAQ,벤처기업부,2640,-5,-0.19,2650,2740,2600,51761,136394630,50429858160,19102219
20250714,042000,카페24,KOSDAQ,기술성장기업부,44450,-1500,-3.26,45750,45800,44050,240935,10720532375,1078048250300,24253054
20250714,313760,캐리,KOSDAQ,투자주의환기종목(소속부없음),4885,40,0.83,5300,5300,4555,365114,1784023552,54747103610,11207186
20250714,317530,캐리소프트,KOSDAQ,기술성장기업부,5000,-60,-1.19,5250,5250,4940,26741,134536590,50197270000,10039454
20250714,071850,캐스텍코리아,KOSDAQ,투자주의환기종목(소속부없음),1581,0,0.00,1604,1604,1523,25743,40068236,38356542978,24260938
20250714,198080,캐프,KOSDAQ,우량기업부,2515,15,0.60,2500,2515,2475,68135,170111670,54160990275,21535185
20250714,210120,캔버스엔,KOSDAQ,중견기업부,4625,-175,-3.65,4855,4960,4470,208233,974680322,109069548125,23582605
20250714,050110,캠시스,KOSDAQ,중견기업부,1000,16,1.63,999,1010,970,690315,685664098,73824118000,73824118
20250714,452300,캡스톤파트너스,KOSDAQ,중견기업부,3640,25,0.69,3620,3715,3575,114986,420739611,51326748200,14100755
20250714,451760,컨텍,KOSDAQ,기술성장기업부,9090,-170,-1.84,9250,9250,9090,26588,242849720,138642461640,15252196
20250714,900310,컬러레이,KOSDAQ,외국기업(소속부없음),770,1,0.13,772,795,763,161965,125926236,49312089750,64041675
20250714,078340,컴투스,KOSDAQ,중견기업부,41200,-800,-1.90,41800,42000,40750,38235,1575480225,524795506000,12737755
20250714,063080,컴투스홀딩스,KOSDAQ,중견기업부,30250,-1350,-4.27,31450,31450,29850,61976,1880231400,199504558000,6595192
20250714,307930,컴퍼니케이,KOSDAQ,중견기업부,6640,310,4.90,6360,6650,6250,340865,2206237500,103650400000,15610000
20250714,079190,케스피온,KOSDAQ,벤처기업부,501,-3,-0.60,501,510,499,50619,25383041,19216112514,38355514
20250714,263700,케어랩스,KOSDAQ,중견기업부,5400,530,10.88,4910,5490,4770,1451896,7587449025,104836680000,19414200
20250714,214370,케어젠,KOSDAQ,벤처기업부,43000,6200,16.85,38700,43700,37250,715750,29627302925,2309745000000,53715000
20250714,221980,케이디켐,KOSDAQ,우량기업부,11350,90,0.80,11320,11450,11250,3804,43154670,45794980000,4034800
20250714,038530,케이바이오,KOSDAQ,중견기업부,309,5,1.64,300,310,292,1991229,601717805,35755733223,115714347
20250714,192250,케이사인,KOSDAQ,벤처기업부,11230,-280,-2.43,11510,11510,11140,67524,763258010,79363813750,7067125
20250714,431190,케이쓰리아이,KOSDAQ,기술성장기업부,5190,-40,-0.76,5230,5270,5130,39836,206559550,38854633980,7486442
20250714,115500,케이씨에스,KOSDAQ,중견기업부,9500,-290,-2.96,9890,9890,9480,41806,400397100,114000000000,12000000
20250714,089150,케이씨티,KOSDAQ,중견기업부,4100,-105,-2.50,4175,4285,3955,939849,3854727269,70315000000,17150000
20250714,025880,케이씨피드,KOSDAQ,우량기업부,2880,-30,-1.03,2890,3010,2825,604338,1763663485,48141671040,16715858
20250714,093320,케이아이엔엑스,KOSDAQ,우량기업부,90500,300,0.33,91400,91400,88500,18940,1701460850,441640000000,4880000
20250714,093640,케이알엠,KOSDAQ,투자주의환기종목(소속부없음),4355,200,4.81,4155,4380,4155,59411,257303315,142076871105,32623851
20250714,073010,케이에스피,KOSDAQ,우량기업부,4130,60,1.47,4080,4140,4050,125445,512741509,165989862500,40191250
20250714,105330,케이엔더블유,KOSDAQ,중견기업부,4670,70,1.52,4590,4675,4520,36504,167837885,75000330760,16060028
20250714,053080,케이엔솔,KOSDAQ,우량기업부,12500,-110,-0.87,12700,12700,12390,33964,423210320,162497587500,12999807
20250714,199430,케이엔알시스템,KOSDAQ,기술성장기업부,9830,-240,-2.38,10080,10190,9750,174292,1722876215,106878768790,10872713
20250714,432470,케이엔에스,KOSDAQ,벤처기업부,10820,190,1.79,10750,10820,10570,19791,211841125,94908235920,8771556
20250714,272110,케이엔제이,KOSDAQ,우량기업부,18300,-80,-0.44,18380,18800,18120,22129,408898340,146864728500,8025395
20250714,039420,케이엘넷,KOSDAQ,중견기업부,3175,45,1.44,3150,3310,3115,904775,2912434968,76691267750,24154730
20250714,083550,케이엠,KOSDAQ,중견기업부,3150,-5,-0.16,3180,3180,3100,9767,30544905,40795294050,12950887
20250714,032500,케이엠더블유,KOSDAQ,중견기업부,13710,-360,-2.56,13950,14130,13600,79703,1098547750,545944305930,39820883
20250714,225430,케이엠제약,KOSDAQ,벤처기업부,642,-7,-1.08,649,656,636,155718,100861756,17903486100,27887050
20250714,102370,케이옥션,KOSDAQ,기술성장기업부,4680,165,3.65,4540,4770,4485,870092,4055361986,127432702800,27229210
20250714,068100,케이웨더,KOSDAQ,기술성장기업부,3550,-30,-0.84,3575,3635,3550,97388,348259230,35285629700,9939614
20250714,106080,케이이엠텍,KOSDAQ,중견기업부,1980,-35,-1.74,2015,2040,1972,106546,212440954,49768220700,25135465
20250714,455180,케이지에이,KOSDAQ,벤처기업부,5250,-10,-0.19,5290,5430,5230,387189,2057652430,63494403000,12094172
20250714,036030,케이티알파,KOSDAQ,우량기업부,5240,40,0.77,5150,5300,5150,64664,338272030,256861042920,49019283
20250714,064820,케이프,KOSDAQ,우량기업부,6890,-70,-1.01,6940,6960,6780,91226,627720640,212912905920,30901728
20250714,024880,케이피에프,KOSDAQ,우량기업부,4970,0,0.00,4970,4990,4930,28773,142536620,102793506060,20682798
20250714,042040,케이피엠테크,KOSDAQ,중견기업부,281,10,3.69,271,301,267,8047528,2301241476,54835906294,195145574
20250714,054410,케이피티유,KOSDAQ,중견기업부,3690,10,0.27,3680,3700,3650,6783,24874494,21130578360,5726444
20250714,258610,케일럼,KOSDAQ,중견기업부,1940,-55,-2.76,1995,2030,1901,55149,107127625,51967038020,26787133
20250714,274090,켄코아에어로스페이스,KOSDAQ,기술성장기업부,11800,-300,-2.48,12220,12350,11780,76065,910337875,154636050000,13104750
20250714,089010,켐트로닉스,KOSDAQ,우량기업부,21650,-400,-1.81,22100,22100,21500,65594,1424643000,331988590900,15334346
20250714,220260,켐트로스,KOSDAQ,우량기업부,4555,-60,-1.30,4615,4615,4550,76888,351016241,120973088385,26558307
20250714,052400,코나아이,KOSDAQ,우량기업부,57200,-1900,-3.21,57900,58200,55700,170194,9667486200,833020245200,14563291
20250714,402030,코난테크놀로지,KOSDAQ,기술성장기업부,38750,-450,-1.15,39000,39300,38100,56799,2189175900,444357410000,11467288
20250714,391710,코닉오토메이션,KOSDAQ,벤처기업부,1544,-46,-2.89,1580,1583,1538,97452,151553314,64948492784,42065086
20250714,046070,코다코,KOSDAQ,관리종목(소속부없음),10280,0,0.00,0,0,0,0,0,159196994920,15486089
20250714,047770,코데즈컴바인,KOSDAQ,중견기업부,1847,-3,-0.16,1851,1851,1822,31737,58070545,69895285894,37842602
20250714,080530,코디,KOSDAQ,중견기업부,1610,11,0.69,1599,1625,1591,36253,58134572,89114327540,55350514
20250714,104540,코렌텍,KOSDAQ,기술성장기업부,6170,110,1.82,6150,6440,6080,25098,154922800,78888015800,12785740
20250714,027050,코리아나,KOSDAQ,중견기업부,3225,195,6.44,3305,3740,3225,29585240,103622505485,129000000000,40000000
20250714,190650,코리아에셋투자증권,KOSDAQ,우량기업부,7980,-10,-0.13,8000,8030,7830,25707,202963060,50976240000,6388000
20250714,123410,코리아에프티,KOSDAQ,우량기업부,5450,410,8.13,5060,5490,5000,1106623,5924556670,151733798800,27841064
20250714,036690,코맥스,KOSDAQ,관리종목(소속부없음),2885,0,0.00,0,0,0,0,0,45885746130,15904938
20250714,049430,코메론,KOSDAQ,우량기업부,12240,190,1.58,12050,12380,11730,73229,886929825,110747520000,9048000
20250714,183300,코미코,KOSDAQ,우량기업부,64600,-1700,-2.56,66500,66500,64200,108665,7018502050,675760186400,10460684
20250714,041960,코미팜,KOSDAQ,벤처기업부,5390,-60,-1.10,5530,5530,5330,69390,376537840,391168976660,72573094
20250714,089890,코세스,KOSDAQ,우량기업부,8070,-90,-1.10,8230,8490,8030,306768,2526800230,133840643340,16584962
20250714,360350,코셈,KOSDAQ,기술성장기업부,8550,-120,-1.38,8700,8700,8510,11004,94170050,48777493500,5704970
20250714,082660,코스나인,KOSDAQ,관리종목(소속부없음),480,0,0.00,0,0,0,0,0,47827617120,99640869
20250714,222040,코스맥스엔비티,KOSDAQ,중견기업부,4360,-235,-5.11,4645,4645,4330,52935,233456679,89938080000,20628000
20250714,241710,코스메카코리아,KOSDAQ,우량기업부,70200,3000,4.46,69100,71900,67300,207666,14647164650,749736000000,10680000
20250714,355150,코스텍시스,KOSDAQ,벤처기업부,11550,650,5.96,10960,11630,10740,275851,3112715845,90059392500,7797350
20250714,166480,코아스템켐온,KOSDAQ,벤처기업부,3085,-5,-0.16,3090,3250,3075,220791,696229464,101405109960,32870376
20250714,045970,코아시아,KOSDAQ,중견기업부,3595,-80,-2.18,3675,3680,3585,36478,131711148,94601979220,26314876
20250714,196450,코아시아씨엠,KOSDAQ,중견기업부,677,-8,-1.17,685,695,677,5611,3819810,30681357014,45319582
20250714,384470,코어라인소프트,KOSDAQ,기술성장기업부,5340,-90,-1.66,5450,5450,5340,83510,448790990,95805281760,17941064
20250714,102940,코오롱생명과학,KOSDAQ,중견기업부,34350,100,0.29,34250,34650,33750,28143,963770900,426743343450,12423387
20250714,950160,코오롱티슈진,KOSDAQ,외국기업(소속부없음),42200,350,0.84,42250,42400,41500,126918,5321333675,3443560301000,81600955
20250714,033290,코웰패션,KOSDAQ,중견기업부,2345,45,1.96,2285,2350,2250,102989,239540465,131686525845,56156301
20250714,056360,코위버,KOSDAQ,벤처기업부,5620,-70,-1.23,5750,5750,5530,36797,205879050,55058016000,9796800
20250714,282880,코윈테크,KOSDAQ,우량기업부,12440,50,0.40,12390,12440,12280,9705,119803615,142678962800,11469370
20250714,121850,코이즈,KOSDAQ,벤처기업부,936,54,6.12,900,969,896,245427,229297420,28654867800,30614175
20250714,448710,코츠테크놀로지,KOSDAQ,벤처기업부,22850,400,1.78,23150,24550,22850,161295,3796731200,120204458650,5260589
20250714,126730,코칩,KOSDAQ,벤처기업부,13320,460,3.58,13100,13970,12930,598660,8101706530,113266087200,8503460
20250714,015710,코콤,KOSDAQ,중견기업부,4320,-10,-0.23,4335,4350,4300,28389,122736795,75731760000,17530500
20250714,052330,코텍,KOSDAQ,우량기업부,10150,30,0.30,10280,10280,9980,58768,593728180,170256678550,16774057
20250714,322780,코퍼스코리아,KOSDAQ,중견기업부,1099,52,4.97,1047,1126,1040,171776,188027605,41687941687,37932613
20250714,200130,콜마비앤에이치,KOSDAQ,우량기업부,15160,90,0.60,15150,15330,15110,75718,1152107570,445939859280,29415558
20250714,294570,쿠콘,KOSDAQ,우량기업부,41000,-600,-1.44,40400,44350,39450,1869211,79104881475,420442085000,10254685
20250714,317690,퀀타매트릭스,KOSDAQ,기술성장기업부,4550,1050,30.00,4500,4550,4240,682205,3062617298,82556514950,18144289
20250714,227100,퀀텀온,KOSDAQ,관리종목(소속부없음),612,0,0.00,0,0,0,0,0,14770119384,24134182
20250714,432720,퀄리타스반도체,KOSDAQ,기술성장기업부,14190,-350,-2.41,14550,14580,14120,44861,640035965,199190876280,14037412
20250714,365270,큐라클,KOSDAQ,기술성장기업부,5120,-140,-2.66,5260,5440,4855,106021,549287890,71726873600,14009155
20250714,348080,큐라티스,KOSDAQ,투자주의환기종목(소속부없음),970,-13,-1.32,982,999,953,156073,152022204,71646978080,73862864
20250714,060280,큐렉소,KOSDAQ,중견기업부,8750,-110,-1.24,8870,8890,8640,97434,849386130,359537412500,41089990
20250714,372320,큐로셀,KOSDAQ,기술성장기업부,30550,-650,-2.08,31000,31700,30350,28911,887680300,437585399550,14323581
20250714,051780,큐로홀딩스,KOSDAQ,중견기업부,800,-15,-1.84,815,829,793,33992,27350865,18593796000,23242245
20250714,115180,큐리언트,KOSDAQ,벤처기업부,11000,-290,-2.57,11280,11390,10830,76204,836436920,382959632000,34814512
20250714,445680,큐리옥스바이오시스템즈,KOSDAQ,기술성장기업부,38750,-4900,-11.23,43900,44200,38150,315043,12673192600,626300827500,16162602
20250714,182360,큐브엔터,KOSDAQ,우량기업부,16650,-110,-0.66,16830,16910,16550,52104,870583380,249791458500,15002490
20250714,405100,큐알티,KOSDAQ,우량기업부,13030,-170,-1.29,13150,13150,12960,22924,299263180,160129592030,12289301
20250714,066310,큐에스아이,KOSDAQ,벤처기업부,8110,-200,-2.41,8310,8310,8070,47948,390078540,75192846310,9271621
20250714,016600,큐캐피탈,KOSDAQ,벤처기업부,303,-2,-0.66,305,306,299,475143,143583916,54008874936,178247112
20250714,355390,크라우드웍스,KOSDAQ,기술성장기업부,8810,-310,-3.40,9120,9130,8720,119480,1060249165,82002722340,9307914
20250714,096240,크레버스,KOSDAQ,우량기업부,14180,120,0.85,14010,14190,14010,23593,333254055,157939392400,11138180
20250714,040350,크레오에스지,KOSDAQ,벤처기업부,518,-26,-4.78,544,544,515,723980,378399331,100080357314,193205323
20250714,110790,크리스에프앤씨,KOSDAQ,우량기업부,4840,30,0.62,4810,4900,4810,8702,42103490,113405846400,23430960
20250714,900250,크리스탈신소재,KOSDAQ,외국기업(소속부없음),914,3,0.33,910,914,902,571680,520908360,119404963656,130640004
20250714,045520,크린앤사이언스,KOSDAQ,중견기업부,4400,25,0.57,4420,4420,4360,3139,13775328,28600000000,6500000
20250714,214150,클래시스,KOSDAQ,우량기업부,56900,-400,-0.70,57500,57700,55700,396056,22324940700,3727271997100,65505659
20250714,466100,클로봇,KOSDAQ,기술성장기업부,19160,-440,-2.24,19640,19690,19120,382081,7374454275,474490483240,24764639
20250714,237880,클리오,KOSDAQ,우량기업부,16380,130,0.80,16390,16750,16310,178814,2942691895,296008762140,18071353
20250714,139670,키네마스터,KOSDAQ,중견기업부,2690,-10,-0.37,2725,2725,2645,19752,53180605,37979598900,14118810
20250714,475430,키스트론,KOSDAQ,중견기업부,6270,90,1.46,6280,6440,6180,327561,2068504950,111907649700,17848110
20250714,487720,키움제10호스팩,KOSDAQ,SPAC(소속부없음),2095,-25,-1.18,2095,2120,2075,885,1851910,8861850000,4230000
20250714,489480,키움제11호스팩,KOSDAQ,SPAC(소속부없음),2065,0,0.00,2060,2095,2060,2844,5863715,13629000000,6600000
20250714,446840,키움제8호스팩,KOSDAQ,SPAC(소속부없음),2140,-25,-1.15,2165,2175,2140,63998,137771535,12583200000,5880000
20250714,054780,키이스트,KOSDAQ,중견기업부,4475,40,0.90,4495,4500,4380,88346,392983375,87476373675,19547793
20250714,256940,킵스파마,KOSDAQ,벤처기업부,16820,-490,-2.83,17920,20900,16770,888541,16324434240,337714432540,20078147
20250714,219130,타이거일렉,KOSDAQ,중견기업부,13100,50,0.38,13010,13330,12850,21627,281557120,82717199000,6314290
20250714,336680,탑런토탈솔루션,KOSDAQ,중견기업부,4190,50,1.21,4140,4215,4115,94095,391811732,164019888020,39145558
20250714,360070,탑머티리얼,KOSDAQ,우량기업부,24850,100,0.40,25200,25200,24450,26329,652005450,202367043550,8143543
20250714,065130,탑엔지니어링,KOSDAQ,중견기업부,3865,-25,-0.64,3890,3930,3840,10857,41903665,63117312930,16330482
20250714,134580,탑코미디어,KOSDAQ,중견기업부,1735,-17,-0.97,1752,1755,1719,15535,26845777,85525348515,49294149
20250714,023160,태광,KOSDAQ,우량기업부,19200,-90,-0.47,19270,19450,18990,134333,2571649775,508800000000,26500000
20250714,323280,태성,KOSDAQ,중견기업부,27000,-450,-1.64,27300,27400,26900,97379,2640013150,823519710000,30500730
20250714,053620,태양,KOSDAQ,우량기업부,7130,20,0.28,7110,7150,7040,7916,55982105,61318000000,8600000
20250714,044490,태웅,KOSDAQ,우량기업부,30000,-1300,-4.15,31250,32000,29925,268998,8215047900,600221430000,20007381
20250714,124560,태웅로직스,KOSDAQ,우량기업부,3350,50,1.52,3300,3380,3255,601808,2002227308,133065051850,39720911
20250714,191420,테고사이언스,KOSDAQ,벤처기업부,18710,840,4.70,17870,18900,17750,27922,514999970,151716284140,8108834
20250714,073640,테라사이언스,KOSDAQ,관리종목(소속부없음),654,0,0.00,0,0,0,0,0,69571715580,106378770
20250714,066700,테라젠이텍스,KOSDAQ,벤처기업부,2995,-10,-0.33,3035,3035,2980,47741,142812415,111271366120,37152376
20250714,095610,테스,KOSDAQ,우량기업부,26500,0,0.00,26450,26800,26250,72793,1928671675,523857989000,19768226
20250714,064520,테크엘,KOSDAQ,중견기업부,2200,5,0.23,2225,2235,2175,6767,15009565,49172336400,22351062
20250714,089030,테크윙,KOSDAQ,중견기업부,29000,-1050,-3.49,30000,30000,29000,508832,14903684275,1083255705000,37353645
20250714,054450,텔레칩스,KOSDAQ,우량기업부,13650,-60,-0.44,13870,13870,13500,56929,778641010,206718780450,15144233
20250714,200230,텔콘RF제약,KOSDAQ,중견기업부,7290,1680,29.95,5800,7290,5460,3946758,27530907320,87662417670,12025023
20250714,393210,토마토시스템,KOSDAQ,기술성장기업부,6840,-160,-2.29,6980,7120,6840,276133,1927234055,106803480960,15614544
20250714,475960,토모큐브,KOSDAQ,기술성장기업부,25500,-800,-3.04,26000,26100,25450,90421,2319783300,335857287000,13170874
20250714,215480,토박스코리아,KOSDAQ,중견기업부,2405,-30,-1.23,2435,2435,2395,15025,36206015,22077900000,9180000
20250714,051360,토비스,KOSDAQ,우량기업부,16540,130,0.79,16470,16550,16250,98162,1609290625,265749139320,16067058
20250714,045340,토탈소프트,KOSDAQ,벤처기업부,7540,300,4.14,7300,7650,7150,149101,1115860775,64527621600,8558040
20250714,108230,톱텍,KOSDAQ,우량기업부,4180,-15,-0.36,4230,4230,4155,35139,146714880,158937164100,38023245
20250714,079970,투비소프트,KOSDAQ,관리종목(소속부없음),596,0,0.00,0,0,0,0,0,6807796888,11422478
20250714,199800,툴젠,KOSDAQ,기술성장기업부,29300,-50,-0.17,29350,29550,28950,10254,299366350,251468861500,8582555
20250714,417790,트루엔,KOSDAQ,벤처기업부,9720,-10,-0.10,9730,9730,9600,25287,243815745,106916598000,10999650
20250714,290090,트윔,KOSDAQ,벤처기업부,8260,-40,-0.48,8600,8600,8250,3201,26622790,61456613680,7440268
20250714,026150,특수건설,KOSDAQ,중견기업부,7580,-90,-1.17,7670,7730,7500,74524,564143445,133001188980,17546331
20250714,464280,티디에스팜,KOSDAQ,중견기업부,10790,-230,-2.09,11000,11030,10720,17560,189447640,59668700000,5530000
20250714,117730,티로보틱스,KOSDAQ,벤처기업부,11690,-230,-1.93,11990,12030,11630,114856,1347606960,219562632100,18782090
20250714,033830,티비씨,KOSDAQ,중견기업부,733,-1,-0.14,734,738,720,221097,161143709,73300000000,100000000
20250714,057680,티사이언티픽,KOSDAQ,벤처기업부,1580,78,5.19,1501,1649,1448,6939384,10787344187,112572631580,71248501
20250714,204610,티쓰리,KOSDAQ,벤처기업부,2080,-25,-1.19,2105,2125,2080,155245,325108339,128131577600,61601720
20250714,125020,티씨머티리얼즈,KOSDAQ,중견기업부,5630,-20,-0.35,5670,5700,5590,148589,836938530,192702598450,34227815
20250714,064760,티씨케이,KOSDAQ,우량기업부,100000,-900,-0.89,99100,100800,99000,27694,2769554700,1167500000000,11675000
20250714,246710,티앤알바이오팹,KOSDAQ,기술성장기업부,4875,-125,-2.50,4980,4995,4845,106768,521848287,105040786500,21546828
20250714,340570,티앤엘,KOSDAQ,우량기업부,61100,-800,-1.29,62800,63200,60100,69010,4214303300,496620800000,8128000
20250714,043220,티에스넥스젠,KOSDAQ,관리종목(소속부없음),171,0,0.00,0,0,0,0,0,27227331873,159224163
20250714,277880,티에스아이,KOSDAQ,우량기업부,5340,40,0.75,5320,5380,5230,66928,356468215,107901364320,20206248
20250714,131290,티에스이,KOSDAQ,우량기업부,38800,-350,-0.89,39100,39150,38650,23185,899767500,429183445200,11061429
20250714,425420,티에프이,KOSDAQ,우량기업부,30000,-750,-2.44,30300,30700,29500,52178,1571338300,341430000000,11381000
20250714,484810,티엑스알로보틱스,KOSDAQ,중견기업부,13960,-310,-2.17,14210,14330,13960,31197,439301195,215694773400,15450915
20250714,131100,티엔엔터테인먼트,KOSDAQ,중견기업부,2020,10,0.50,2010,2100,1995,75759,153690143,56657469040,28048252
20250714,356860,티엘비,KOSDAQ,우량기업부,22300,-550,-2.41,22850,22850,21800,136130,3023463375,219267649000,9832630
20250714,321550,티움바이오,KOSDAQ,기술성장기업부,5110,-70,-1.35,5240,5240,5060,47633,244274810,138112666090,27027919
20250714,425040,티이엠씨,KOSDAQ,기술성장기업부,7130,-70,-0.97,7200,7200,7020,57487,406543245,152076354660,21329082
20250714,241790,티이엠씨씨엔에스,KOSDAQ,우량기업부,7410,-10,-0.13,7420,7450,7250,60600,446429855,74119517940,10002634
20250714,022220,티케이지애강,KOSDAQ,중견기업부,910,2,0.22,904,910,900,41009,37073621,47133066890,51794579
20250714,104480,티케이케미칼,KOSDAQ,우량기업부,2045,263,14.76,1785,2145,1785,11365491,23143513286,185881162530,90895434
20250714,081150,티플랙스,KOSDAQ,우량기업부,3420,-50,-1.44,3470,3470,3400,103918,355667981,82997934840,24268402
20250714,130740,티피씨글로벌,KOSDAQ,중견기업부,1782,0,0.00,1782,1806,1760,15209,27188545,20095041978,11276679
20250714,084730,팅크웨어,KOSDAQ,우량기업부,9110,10,0.11,9110,9110,9010,4265,38660880,101206852640,11109424
20250714,440110,파두,KOSDAQ,기술성장기업부,12000,-600,-4.76,12690,12690,11940,185201,2245005320,593300796000,49441733
20250714,033540,파라텍,KOSDAQ,중견기업부,1305,-3,-0.23,1308,1308,1288,120669,156535692,49265137215,37751063
20250714,388870,파로스아이바이오,KOSDAQ,기술성장기업부,5910,-140,-2.31,6010,6020,5900,67836,402734240,76510458120,12945932
20250714,043200,파루,KOSDAQ,벤처기업부,1480,-45,-2.95,1525,1525,1475,909321,1358640467,61870386200,41804315
20250714,214450,파마리서치,KOSDAQ,우량기업부,566000,5000,0.89,566000,576000,562000,51639,29316247000,5880540768000,10389648
20250714,208340,파멥신,KOSDAQ,관리종목(소속부없음),2915,0,0.00,0,0,0,0,0,233786229820,80201108
20250714,177830,파버나인,KOSDAQ,우량기업부,2975,5,0.17,3000,3000,2950,18302,54136230,40144504225,13493951
20250714,037070,파세코,KOSDAQ,중견기업부,8180,-520,-5.98,8450,8570,8150,718845,5950360805,163600000000,20000000
20250714,150900,파수,KOSDAQ,벤처기업부,5080,-70,-1.36,5210,5300,5040,80034,412368470,59361943760,11685422
20250714,037030,파워넷,KOSDAQ,우량기업부,2845,10,0.35,2835,2845,2800,120129,338439105,62431385560,21944248
20250714,047310,파워로직스,KOSDAQ,중견기업부,4730,-5,-0.11,4755,4755,4685,75631,356386314,173168871150,36610755
20250714,368770,파이버프로,KOSDAQ,벤처기업부,5960,-110,-1.81,6100,6110,5900,128615,770128585,195811181000,32854225
20250714,170790,파이오링크,KOSDAQ,우량기업부,8200,-260,-3.07,8460,8460,8070,54921,448801580,56221906000,6856330
20250714,049120,파인디앤씨,KOSDAQ,벤처기업부,896,-7,-0.78,908,908,894,24571,22036650,46603418624,52012744
20250714,038950,파인디지털,KOSDAQ,중견기업부,3575,-35,-0.97,3610,3650,3550,5574,19960015,36503484875,10210765
20250714,387570,파인메딕스,KOSDAQ,기술성장기업부,7520,-90,-1.18,7590,7680,7460,35308,265510205,42306768000,5625900
20250714,441270,파인엠텍,KOSDAQ,중견기업부,7140,50,0.71,7030,7210,6610,1126226,7826687375,264093613140,36987901
20250714,106240,파인테크닉스,KOSDAQ,우량기업부,1029,-11,-1.06,1041,1071,1023,48877,50589698,17492320860,16999340
20250714,131760,파인텍,KOSDAQ,벤처기업부,800,-4,-0.50,803,818,799,87367,70507743,34745266400,43431583
20250714,065690,파커스,KOSDAQ,투자주의환기종목(소속부없음),1100,26,2.42,1074,1117,1074,12255,13398712,15454264100,14049331
20250714,140860,파크시스템스,KOSDAQ,우량기업부,304500,4000,1.33,300000,310000,300000,17866,5455628250,2129215336500,6992497
20250714,091700,파트론,KOSDAQ,우량기업부,6520,0,0.00,6470,6530,6470,63078,410649845,371640000000,57000000
20250714,032800,판타지오,KOSDAQ,중견기업부,575,17,3.05,558,591,556,563683,326924336,26425308350,45957058
20250714,318010,팜스빌,KOSDAQ,중견기업부,3945,135,3.54,3810,3945,3795,43255,167102340,31281238410,7929338
20250714,027710,팜스토리,KOSDAQ,중견기업부,1328,3,0.23,1325,1334,1319,179454,237843903,147961244800,111416600
20250714,225590,패션플랫폼,KOSDAQ,우량기업부,974,-17,-1.72,991,991,974,26091,25560917,25944158462,26636713
20250714,054300,팬스타엔터프라이즈,KOSDAQ,벤처기업부,627,-5,-0.79,634,638,625,319320,201211452,72570165030,115741890
20250714,068050,팬엔터테인먼트,KOSDAQ,중견기업부,2275,0,0.00,2275,2280,2245,106597,240903095,63004022900,27694076
20250714,222110,팬젠,KOSDAQ,기술성장기업부,6280,70,1.13,6210,6340,6150,12533,78102980,84743557160,13494197
20250714,271830,팸텍,KOSDAQ,벤처기업부,1758,81,4.83,1665,1811,1663,203734,356852448,51843775116,29490202
20250714,263750,펄어비스,KOSDAQ,우량기업부,40600,-400,-0.98,40700,40950,39850,119242,4812831850,2608462913000,64247855
20250714,251970,펌텍코리아,KOSDAQ,우량기업부,63500,3100,5.13,62100,65200,61400,114912,7272381050,787400000000,12400000
20250714,168360,펨트론,KOSDAQ,우량기업부,11800,-760,-6.05,12300,12340,11450,678569,7939228960,251201751200,21288284
20250714,087010,펩트론,KOSDAQ,기술성장기업부,192200,800,0.42,191700,194000,187900,114286,21823265600,4477750670000,23297350
20250714,064800,포니링크,KOSDAQ,중견기업부,1169,-7,-0.60,1176,1190,1162,232675,272651930,149406731362,127807298
20250714,119500,포메탈,KOSDAQ,중견기업부,3220,0,0.00,3210,3235,3195,87738,282034234,38148087040,11847232
20250714,389140,포바이포,KOSDAQ,벤처기업부,13250,-310,-2.29,13660,13660,13100,129937,1729241820,147998988750,11169735
20250714,105760,포스뱅크,KOSDAQ,벤처기업부,7000,-80,-1.13,7030,7130,6950,50391,352959320,67590915000,9655845
20250714,009520,포스코엠텍,KOSDAQ,우량기업부,11900,100,0.85,11960,11960,11740,67465,796962545,495548165700,41642703
20250714,189690,포시에스,KOSDAQ,벤처기업부,2425,-25,-1.02,2460,2535,2420,590534,1462832797,66255774825,27321969
20250714,318020,포인트모바일,KOSDAQ,벤처기업부,4975,-145,-2.83,5110,5110,4940,34458,171323387,62994803200,12662272
20250714,256630,포인트엔지니어링,KOSDAQ,벤처기업부,1179,-2,-0.17,1190,1190,1166,26587,31301679,68378547888,57997072
20250714,331380,포커스에이아이,KOSDAQ,투자주의환기종목(소속부없음),2535,-80,-3.06,2610,2610,2430,234682,583696635,57609020820,22725452
20250714,208710,포톤,KOSDAQ,중견기업부,2295,10,0.44,2295,2330,2260,29556,67841210,30248402940,13180132
20250714,472850,폰드그룹,KOSDAQ,중견기업부,12650,670,5.59,12000,13440,12000,369570,4750156490,409150752450,32343933
20250714,039980,폴라리스AI,KOSDAQ,중견기업부,2590,-65,-2.45,2655,2680,2550,1032457,2684070764,188282805760,72696064
20250714,041910,폴라리스AI파마,KOSDAQ,중견기업부,7330,-30,-0.41,7300,7400,7260,59187,433461520,98966779310,13501607
20250714,234100,폴라리스세원,KOSDAQ,우량기업부,1189,-14,-1.16,1209,1209,1160,1146254,1352845058,81743902192,68750128
20250714,041020,폴라리스오피스,KOSDAQ,벤처기업부,6350,-140,-2.16,6560,6560,6310,639593,4115384765,315756912300,49725498
20250714,114630,폴라리스우노,KOSDAQ,우량기업부,528,-3,-0.56,529,536,524,291868,154094958,46436305344,87947548
20250714,290720,푸드나무,KOSDAQ,관리종목(소속부없음),2175,-45,-2.03,2220,2220,2100,9036,19695430,53352589050,24529926
20250714,005670,푸드웰,KOSDAQ,우량기업부,5850,150,2.63,5700,5850,5660,26640,154114280,58500000000,10000000
20250714,094940,푸른기술,KOSDAQ,벤처기업부,7870,-100,-1.25,7980,8020,7850,47274,373568930,65804107820,8361386
20250714,057880,푸른소나무,KOSDAQ,관리종목(소속부없음),8790,0,0.00,0,0,0,0,0,216061434720,24580368
20250714,007330,푸른저축은행,KOSDAQ,우량기업부,10820,-410,-3.65,11100,11110,10680,144031,1563469230,163195896000,15082800
20250714,093380,풍강,KOSDAQ,중견기업부,2730,20,0.74,2710,2730,2700,12112,32807985,26970524490,9879313
20250714,023900,풍국주정,KOSDAQ,우량기업부,9650,30,0.31,9640,9690,9600,13779,133027515,121590000000,12600000
20250714,371950,풍원정밀,KOSDAQ,기술성장기업부,10480,100,0.96,10380,10630,10320,40057,416761100,220504314240,21040488
20250714,370090,퓨런티어,KOSDAQ,기술성장기업부,14970,80,0.54,15350,15350,14890,48190,724856860,128095745100,8556830
20250714,445180,퓨릿,KOSDAQ,중견기업부,6510,-20,-0.31,6500,6660,6450,24819,161753130,110925113880,17039188
20250714,151910,퓨처코어,KOSDAQ,관리종목(소속부없음),640,0,0.00,0,0,0,0,0,121645902080,190071722
20250714,220100,퓨쳐켐,KOSDAQ,기술성장기업부,17610,-680,-3.72,18230,18510,17550,237029,4226279195,389218949550,22102155
20250714,035200,프럼파스트,KOSDAQ,벤처기업부,3600,-30,-0.83,3630,3640,3550,60736,217614545,35030124000,9730590
20250714,334970,프레스티지바이오로직스,KOSDAQ,기술성장기업부,4435,-85,-1.88,4565,4745,4405,395022,1778173429,344832945095,77752637
20250714,321260,프로이천,KOSDAQ,벤처기업부,2065,-10,-0.48,2075,2075,2045,44085,90527965,58216653460,28192084
20250714,053610,프로텍,KOSDAQ,우량기업부,25400,150,0.59,25250,25750,24850,18478,467382350,279400000000,11000000
20250714,303360,프로티아,KOSDAQ,기술성장기업부,3195,-10,-0.31,3205,3205,3135,8874,28082800,41142701925,12877215
20250714,377220,프롬바이오,KOSDAQ,기술성장기업부,2160,55,2.61,2305,2305,2075,1997462,4381043012,61149600000,28310000
20250714,335810,프리시젼바이오,KOSDAQ,기술성장기업부,3115,85,2.81,3030,3180,3000,73940,229943285,36179248490,11614526
20250714,053160,프리엠스,KOSDAQ,중견기업부,8160,-30,-0.37,8200,8240,8040,12452,101313380,48960000000,6000000
20250714,405000,플라즈맵,KOSDAQ,관리종목(소속부없음),8820,-120,-1.34,8940,9130,8820,1614,14327160,33855076080,3838444
20250714,041590,플래스크,KOSDAQ,관리종목(소속부없음),2370,0,0.00,0,0,0,0,0,116064014460,48972158
20250714,367000,플래티어,KOSDAQ,벤처기업부,4670,-80,-1.68,4750,4820,4555,5906,27405195,39172926690,8388207
20250714,075130,플랜티넷,KOSDAQ,벤처기업부,3190,-20,-0.62,3250,3255,3130,168498,534173125,53025200800,16622320
20250714,237820,플레이디,KOSDAQ,중견기업부,5270,20,0.38,5250,5290,5220,28959,152256265,67599027800,12827140
20250714,023770,플레이위드,KOSDAQ,중견기업부,3205,-75,-2.29,3265,3325,3190,26457,85106395,28097658100,8766820
20250714,019570,플루토스,KOSDAQ,중견기업부,339,5,1.50,334,340,329,459104,153667694,22140104238,65310042
20250714,300080,플리토,KOSDAQ,기술성장기업부,11710,-290,-2.42,12090,12440,11560,39376,463584675,64426277070,5501817
20250714,033790,피노,KOSDAQ,중견기업부,4525,325,7.74,4200,4820,4160,1203246,5508873479,103273170000,22822800
20250714,032580,피델릭스,KOSDAQ,중견기업부,1200,-5,-0.41,1198,1214,1193,123212,147632445,39758476800,33132064
20250714,051380,피씨디렉트,KOSDAQ,중견기업부,2265,-15,-0.66,2280,2305,2255,48787,110883974,34745263080,15340072
20250714,241820,피씨엘,KOSDAQ,관리종목(소속부없음),302,0,0.00,0,0,0,0,0,17869934034,59171967
20250714,452450,피아이이,KOSDAQ,벤처기업부,10000,40,0.40,10340,10340,9800,962677,9700717500,358260000000,35826000
20250714,237750,피앤씨테크,KOSDAQ,벤처기업부,4680,-20,-0.43,4710,4765,4610,60274,282276750,30404088000,6496600
20250714,460940,피앤에스로보틱스,KOSDAQ,기술성장기업부,13590,-470,-3.34,14050,14050,13410,75913,1032231245,87950946600,6471740
20250714,319660,피에스케이,KOSDAQ,우량기업부,19770,-40,-0.20,19810,20100,19510,298820,5913028465,572671935780,28966714
20250714,031980,피에스케이홀딩스,KOSDAQ,우량기업부,34950,-750,-2.10,35850,36450,34700,122121,4280857100,753605705250,21562395
20250714,002230,피에스텍,KOSDAQ,중견기업부,4300,-5,-0.12,4305,4350,4277,9954,42912480,82877426000,19273820
20250714,043370,피에이치에이,KOSDAQ,우량기업부,11860,80,0.68,11760,12030,11710,25541,303978960,249060000000,21000000
20250714,239890,피엔에이치테크,KOSDAQ,기술성장기업부,5300,70,1.34,5210,5410,5210,15632,82676520,52659501500,9935755
20250714,347740,피엔케이피부임상연구센타,KOSDAQ,벤처기업부,3130,70,2.29,3090,3170,3050,376491,1168179326,93933102880,30010576
20250714,137400,피엔티,KOSDAQ,우량기업부,32550,550,1.72,32750,32950,32150,170618,5549452250,772837449300,23743086
20250714,257370,피엔티엠에스,KOSDAQ,벤처기업부,2995,-155,-4.92,3150,3150,2990,54703,166750366,37452058695,12504861
20250714,147760,피엠티,KOSDAQ,벤처기업부,2220,0,0.00,2270,2270,2185,9203,20394655,24020102520,10819866
20250714,128660,피제이메탈,KOSDAQ,중견기업부,3060,-10,-0.33,3070,3070,3050,24179,74036810,75898309140,24803369
20250714,006140,피제이전자,KOSDAQ,우량기업부,6200,10,0.16,6130,6270,6130,16627,102909155,93000000000,15000000
20250714,376180,피코그램,KOSDAQ,벤처기업부,3495,85,2.49,3530,3835,3465,2587924,9493220793,64870827810,18561038
20250714,304840,피플바이오,KOSDAQ,기술성장기업부,2465,40,1.65,2430,2490,2400,62500,153159812,52327786615,21228311
20250714,087600,픽셀플러스,KOSDAQ,벤처기업부,7390,0,0.00,7340,7450,7290,5338,39173220,60350863620,8166558
20250714,291810,핀텔,KOSDAQ,기술성장기업부,2715,125,4.83,2595,2800,2580,350950,946953084,30836188080,11357712
20250714,378340,필에너지,KOSDAQ,벤처기업부,12800,30,0.23,13090,13090,12760,29662,380496235,273636889600,21377882
20250714,161580,필옵틱스,KOSDAQ,중견기업부,34750,-400,-1.14,35200,37500,33700,2607697,85913935220,795279187000,22885732
20250714,347770,핌스,KOSDAQ,중견기업부,1550,50,3.33,1500,1560,1480,119846,179898577,35428415100,22857042
20250714,163730,핑거,KOSDAQ,벤처기업부,13520,-740,-5.19,14350,14420,13510,441004,6119708770,126623020160,9365608
20250714,417180,핑거스토리,KOSDAQ,중견기업부,2600,-15,-0.57,2615,2630,2555,132582,344149285,43722143400,16816209
20250714,446750,하나26호스팩,KOSDAQ,SPAC(소속부없음),2095,5,0.24,2085,2095,2085,1733,3614265,12632850000,6030000
20250714,448370,하나27호스팩,KOSDAQ,SPAC(소속부없음),2090,-5,-0.24,2085,2095,2080,3489,7257980,11745800000,5620000
20250714,454750,하나28호스팩,KOSDAQ,SPAC(소속부없음),2045,0,0.00,0,0,0,0,0,14728090000,7202000
20250714,454640,하나29호스팩,KOSDAQ,SPAC(소속부없음),2070,-5,-0.24,2060,2075,2060,3615,7461730,11180070000,5401000
20250714,469880,하나30호스팩,KOSDAQ,SPAC(소속부없음),2030,-5,-0.25,2040,2050,2025,16985,34525085,14829150000,7305000
20250714,469900,하나31호스팩,KOSDAQ,SPAC(소속부없음),2025,0,0.00,2040,2040,2020,16374,33199470,11350125000,5605000
20250714,475240,하나32호스팩,KOSDAQ,SPAC(소속부없음),2130,0,0.00,2130,2140,2105,7099,15072110,6816000000,3200000
20250714,475250,하나33호스팩,KOSDAQ,SPAC(소속부없음),2115,-5,-0.24,2105,2150,2105,6021,12884690,7825500000,3700000
20250714,484130,하나34호스팩,KOSDAQ,SPAC(소속부없음),2080,15,0.73,2065,2080,2055,537,1107015,9401600000,4520000
20250714,299030,하나기술,KOSDAQ,벤처기업부,23300,300,1.30,23050,23450,22700,32384,746695875,186281403000,7994910
20250714,067310,하나마이크론,KOSDAQ,중견기업부,11030,-420,-3.67,11360,11360,10800,809946,8889569625,730979597470,66271949
20250714,166090,하나머티리얼즈,KOSDAQ,우량기업부,24900,-150,-0.60,25150,25150,24800,70941,1771972125,492464082600,19777674
20250714,136480,하림,KOSDAQ,중견기업부,3230,-5,-0.15,3235,3270,3200,917462,2967127989,343057337460,106209702
20250714,003380,하림지주,KOSDAQ,우량기업부,10390,490,4.95,9950,10470,9910,820476,8434041830,1163738402190,112005621
20250714,450330,하스,KOSDAQ,기술성장기업부,7940,-60,-0.75,8040,8050,7930,15153,120727250,62217911460,7836009
20250714,101670,하이드로리튬,KOSDAQ,투자주의환기종목(소속부없음),1318,-22,-1.64,1341,1341,1300,267953,350267809,71396020460,54169970
20250714,365590,하이딥,KOSDAQ,기술성장기업부,549,-4,-0.72,553,557,545,276463,151868442,84975929586,154783114
20250714,149980,하이로닉,KOSDAQ,관리종목(소속부없음),5090,0,0.00,0,0,0,0,0,94645307670,18594363
20250714,013030,하이록코리아,KOSDAQ,우량기업부,29100,200,0.69,28900,29150,28750,30867,891848400,357797362200,12295442
20250714,126700,하이비젼시스템,KOSDAQ,우량기업부,15240,30,0.20,15300,15350,15140,54849,836320045,227717786880,14942112
20250714,450050,하이제8호스팩,KOSDAQ,SPAC(소속부없음),2055,0,0.00,2060,2060,2055,1700,3495530,10303770000,5014000
20250714,160190,하이젠알앤엠,KOSDAQ,중견기업부,34000,-800,-2.30,34650,34900,33950,64182,2196247675,1050192000000,30888000
20250714,221840,하이즈항공,KOSDAQ,투자주의환기종목(소속부없음),1893,1,0.05,1892,1928,1880,10150,19222688,35400161973,18700561
20250714,106190,하이텍팜,KOSDAQ,우량기업부,12740,-250,-1.92,12870,12970,12710,15910,203631880,135466624020,10633173
20250714,065650,하이퍼코퍼레이션,KOSDAQ,관리종목(소속부없음),4635,-55,-1.17,4760,5100,4490,446039,2118796514,61808726160,13335216
20250714,066130,하츠,KOSDAQ,우량기업부,5090,-20,-0.39,5050,5130,5050,16777,85241310,65152000000,12800000
20250714,004590,한국가구,KOSDAQ,중견기업부,6160,80,1.32,6100,6210,6080,56504,348249945,92400000000,15000000
20250714,039340,한국경제TV,KOSDAQ,우량기업부,6340,-10,-0.16,6300,6410,6220,53960,343095675,142650000000,22500000
20250714,034950,한국기업평가,KOSDAQ,우량기업부,101300,1000,1.00,100100,101300,99300,1954,196819350,459954068200,4540514
20250714,222980,한국맥널티,KOSDAQ,벤처기업부,4195,110,2.69,4085,4235,4085,183242,765617965,46277071185,11031483
20250714,256840,한국비엔씨,KOSDAQ,벤처기업부,5080,-30,-0.59,5140,5150,5020,226106,1143792045,347446020880,68394886
20250714,219750,한국비티비,KOSDAQ,중견기업부,1341,-37,-2.69,1420,1420,1311,207139,278983127,87737452785,65426885
20250714,025550,한국선재,KOSDAQ,우량기업부,3495,-35,-0.99,3535,3535,3480,116626,407861630,89171443980,25514004
20250714,017890,한국알콜,KOSDAQ,우량기업부,10410,40,0.39,10370,10420,10250,43634,452247820,221457197460,21273506
20250714,080720,한국유니온제약,KOSDAQ,관리종목(소속부없음),2725,0,0.00,0,0,0,0,0,21562456300,7912828
20250714,041460,한국전자인증,KOSDAQ,중견기업부,4385,-70,-1.57,4460,4470,4335,155773,682470808,83315000000,19000000
20250714,101680,한국정밀기계,KOSDAQ,중견기업부,2340,35,1.52,2320,2340,2280,9532,21967880,19665360000,8404000
20250714,039740,한국정보공학,KOSDAQ,벤처기업부,2850,-30,-1.04,2880,2880,2825,7547,21611190,22852431450,8018397
20250714,053300,한국정보인증,KOSDAQ,우량기업부,8250,-390,-4.51,8460,8480,8070,764634,6300877115,350141228250,42441361
20250714,025770,한국정보통신,KOSDAQ,우량기업부,9800,-440,-4.30,10200,10250,9710,85768,851699765,366953855800,37444271
20250714,458610,한국제12호스팩,KOSDAQ,SPAC(소속부없음),2130,5,0.24,2130,2135,2110,2054,4369525,9009900000,4230000
20250714,464440,한국제13호스팩,KOSDAQ,SPAC(소속부없음),2130,5,0.24,2100,2140,2075,1826,3874650,9201600000,4320000
20250714,479880,한국제15호스팩,KOSDAQ,SPAC(소속부없음),2065,0,0.00,2060,2075,2060,5837,12073330,14186550000,6870000
20250714,062970,한국첨단소재,KOSDAQ,중견기업부,3700,-40,-1.07,3750,3760,3695,185202,688245524,73026226600,19736818
20250714,023760,한국캐피탈,KOSDAQ,우량기업부,896,3,0.34,893,902,888,349148,312568192,282786180096,315609576
20250714,054040,한국컴퓨터,KOSDAQ,우량기업부,5220,0,0.00,5250,5250,5130,59113,305370175,83892133800,16071290
20250714,021650,한국큐빅,KOSDAQ,중견기업부,2590,-20,-0.77,2615,2615,2580,9766,25297315,42347958170,16350563
20250714,032300,한국파마,KOSDAQ,중견기업부,15190,50,0.33,15290,15350,15100,17934,273443780,165672788190,10906701
20250714,037230,한국팩키지,KOSDAQ,중견기업부,2295,55,2.46,2240,2540,2200,3400384,8114916443,68391750465,29800327
20250714,448900,한국피아이엠,KOSDAQ,기술성장기업부,13400,-460,-3.32,13900,13900,13350,113379,1536737175,80459723800,6004457
20250714,030520,한글과컴퓨터,KOSDAQ,우량기업부,28950,-300,-1.03,29100,29500,28450,216122,6236246375,700003588800,24179744
20250714,052600,한네트,KOSDAQ,중견기업부,4975,-25,-0.50,5000,5090,4900,187022,929250811,57529407500,11563700
20250714,256150,한독크린텍,KOSDAQ,벤처기업부,6170,10,0.16,6120,6180,6090,6438,39495290,51797150000,8395000
20250714,092460,한라IMS,KOSDAQ,우량기업부,8950,-90,-1.00,9000,9090,8730,84550,747615350,153131636000,17109680
20250714,452190,한빛레이저,KOSDAQ,벤처기업부,4990,-50,-0.99,5060,5060,4985,98590,494073196,116599119430,23366557
20250714,047080,한빛소프트,KOSDAQ,중견기업부,1424,2,0.14,1467,1467,1400,70573,100498910,35347043488,24822362
20250714,452280,한선엔지니어링,KOSDAQ,중견기업부,6720,-140,-2.04,6820,6860,6660,34635,233514325,116025840000,17265750
20250714,066980,한성크린텍,KOSDAQ,중견기업부,1449,30,2.11,1445,1466,1410,107764,155963777,75253996125,51935125
20250714,114810,한솔아이원스,KOSDAQ,우량기업부,9440,0,0.00,9490,9490,9230,82274,765267970,269919562560,28593174
20250714,070590,한솔인티큐브,KOSDAQ,중견기업부,1886,-28,-1.46,1916,1970,1870,33897,64141557,26176776606,13879521
20250714,042520,한스바이오메드,KOSDAQ,벤처기업부,8330,-270,-3.14,8610,8740,8300,21098,176370450,112674637110,13526367
20250714,430690,한싹,KOSDAQ,벤처기업부,5730,10,0.17,5700,5870,5620,333399,1925690385,62430223710,10895327
20250714,078350,한양디지텍,KOSDAQ,우량기업부,9090,-140,-1.52,9230,9230,9000,105901,960942625,138571432380,15244382
20250714,045100,한양이엔지,KOSDAQ,우량기업부,19050,-200,-1.04,19260,19310,18890,65426,1244845130,342900000000,18000000
20250714,320000,한울반도체,KOSDAQ,중견기업부,2595,70,2.77,2510,2655,2440,284990,730698035,83841829050,32308990
20250714,091440,한울소재과학,KOSDAQ,투자주의환기종목(소속부없음),2495,65,2.67,2430,2505,2400,129516,316647411,71269190970,28564806
20250714,276730,한울앤제주,KOSDAQ,기술성장기업부,2150,-25,-1.15,2175,2190,2110,15120,32568230,33706315400,15677356
20250714,024740,한일단조,KOSDAQ,우량기업부,2300,50,2.22,2250,2320,2235,943285,2165748206,75663212700,32897049
20250714,005860,한일사료,KOSDAQ,우량기업부,3905,0,0.00,3890,3975,3885,522422,2052844019,153871389925,39403685
20250714,007770,한일화학,KOSDAQ,중견기업부,9860,10,0.10,9850,9900,9310,5000,48572240,34608600000,3510000
20250714,198940,한주라이트메탈,KOSDAQ,중견기업부,732,-1,-0.14,733,741,726,48745,35547638,28491619896,38922978
20250714,058450,한주에이알티,KOSDAQ,투자주의환기종목(소속부없음),1285,39,3.13,1247,1336,1247,181433,232108458,19009802985,14793621
20250714,107640,한중엔시에스,KOSDAQ,기술성장기업부,27350,100,0.37,27800,28050,26900,161973,4441398125,247734823100,9057946
20250714,079170,한창산업,KOSDAQ,중견기업부,7910,-250,-3.06,8160,8160,7850,42835,340205230,41132000000,5200000
20250714,054920,한컴위드,KOSDAQ,중견기업부,5590,120,2.19,5570,5630,5530,895652,5005533110,157733482790,28217081
20250714,457370,한켐,KOSDAQ,중견기업부,9170,-210,-2.24,9400,9500,9110,101725,943249130,73608818780,8027134
20250714,002680,한탑,KOSDAQ,중견기업부,801,4,0.50,797,815,790,63645,50572279,25885755999,32316799
20250714,098070,한텍,KOSDAQ,중견기업부,31400,-500,-1.57,31800,31800,30650,67406,2096582350,349203827400,11121141
20250714,455310,한화플러스제4호스팩,KOSDAQ,SPAC(소속부없음),2045,0,0.00,2040,2045,2040,2988,6098975,10347700000,5060000
20250714,498390,한화플러스제5호스팩,KOSDAQ,SPAC(소속부없음),2000,-5,-0.25,2010,2010,1999,39019,78066360,9920000000,4960000
20250714,034810,해성산업,KOSDAQ,중견기업부,8370,70,0.84,8260,8430,8130,92401,763131460,272500893090,32556857
20250714,03481K,해성산업1우,KOSDAQ,중견기업부,8310,70,0.85,8220,8310,8130,1442,11822550,11541941820,1388922
20250714,059270,해성에어로보틱스,KOSDAQ,기술성장기업부,5450,-150,-2.68,5600,5600,5400,111420,608404750,60717354550,11140799
20250714,076610,해성옵틱스,KOSDAQ,벤처기업부,582,-8,-1.36,595,595,574,86712,50361087,25289761236,43453198
20250714,220180,핸디소프트,KOSDAQ,벤처기업부,2480,0,0.00,2480,2535,2430,21119,51729860,48131840000,19408000
20250714,900270,헝셩그룹,KOSDAQ,외국기업(소속부없음),241,5,2.12,240,252,238,12229819,2980401181,45319336640,188047040
20250714,214180,헥토이노베이션,KOSDAQ,우량기업부,15250,-320,-2.06,15440,15440,15150,121158,1851436430,200150348250,13124613
20250714,234340,헥토파이낸셜,KOSDAQ,우량기업부,27750,-550,-1.94,27500,28000,26800,233891,6413885225,262320750000,9453000
20250714,084990,헬릭스미스,KOSDAQ,기술성장기업부,2825,-75,-2.59,2895,2950,2820,105865,303100988,130212151525,46092797
20250714,187660,현대ADM,KOSDAQ,중견기업부,2120,-130,-5.78,2280,2380,2075,9307210,20621293970,97497059480,45989179
20250714,170030,현대공업,KOSDAQ,우량기업부,5740,80,1.41,5660,5810,5620,64919,371324855,88051600000,15340000
20250714,319400,현대무벡스,KOSDAQ,우량기업부,4960,-100,-1.98,5060,5070,4865,628883,3102288895,551809428960,111251901
20250714,048410,현대바이오,KOSDAQ,중견기업부,14100,180,1.29,14810,15880,13800,2598200,38338201380,677104672800,48021608
20250714,052260,현대바이오랜드,KOSDAQ,우량기업부,5250,60,1.16,5190,5320,5170,106632,560618470,157500000000,30000000
20250714,016790,현대사료,KOSDAQ,관리종목(소속부없음),994,0,0.00,0,0,0,0,0,187340898626,188471729
20250714,041440,현대에버다임,KOSDAQ,우량기업부,7940,-50,-0.63,7990,8040,7910,48926,388922950,142252595360,17915944
20250714,039010,현대에이치티,KOSDAQ,우량기업부,7820,50,0.64,7770,7860,7750,15266,118795905,67447500000,8625000
20250714,090850,현대이지웰,KOSDAQ,우량기업부,6880,120,1.78,6750,6900,6680,96364,658749200,163374963680,23746361
20250714,460930,현대힘스,KOSDAQ,중견기업부,18300,-280,-1.51,18580,18680,18190,75115,1377620515,648282459300,35425271
20250714,092300,현우산업,KOSDAQ,우량기업부,2860,-10,-0.35,2860,2890,2840,23784,68039991,53404253760,18672816
20250714,138360,협진,KOSDAQ,중견기업부,694,-8,-1.14,708,712,691,39795,27750920,33553684112,48348248
20250714,011080,형지I&C,KOSDAQ,중견기업부,1036,-44,-4.07,1085,1094,1035,2959626,3120608291,43836897888,42313608
20250714,308100,형지글로벌,KOSDAQ,중견기업부,5480,-320,-5.52,5870,5970,5480,4301139,24654636355,55203486920,10073629
20250714,060560,홈센타홀딩스,KOSDAQ,중견기업부,796,-13,-1.61,808,809,795,50997,40736745,101624941900,127669525
20250714,064240,홈캐스트,KOSDAQ,중견기업부,2130,-110,-4.91,2280,2295,2130,92577,202107078,74630965560,35038012
20250714,039610,화성밸브,KOSDAQ,우량기업부,11300,20,0.18,11280,11420,11070,160208,1797791130,117637520000,10410400
20250714,126640,화신정공,KOSDAQ,우량기업부,1320,4,0.30,1316,1320,1306,135577,177864160,48013530840,36373887
20250714,127980,화인써키트,KOSDAQ,중견기업부,5990,-30,-0.50,6020,6020,5960,2500,14937060,70925697160,11840684
20250714,061250,화일약품,KOSDAQ,중견기업부,1212,20,1.68,1192,1215,1185,942399,1131285269,104502006936,86222778
20250714,097870,효성오앤비,KOSDAQ,중견기업부,7090,40,0.57,7030,7270,7030,172153,1231855140,60194100000,8490000
20250714,290270,휴네시온,KOSDAQ,벤처기업부,3690,45,1.23,3645,3750,3635,17800,65198605,35452309680,9607672
20250714,353190,휴럼,KOSDAQ,중견기업부,699,-1,-0.14,705,710,697,41950,29407418,27525515580,39378420
20250714,090710,휴림로봇,KOSDAQ,중견기업부,3080,50,1.65,3005,3100,2960,4410488,13318020257,339532402440,110237793
20250714,078590,휴림에이텍,KOSDAQ,벤처기업부,490,-3,-0.61,494,507,489,340033,168604493,27543065620,56210338
20250714,205470,휴마시스,KOSDAQ,우량기업부,1442,-9,-0.62,1452,1462,1440,491166,710635783,186558762978,129375009
20250714,115160,휴맥스,KOSDAQ,중견기업부,1079,2,0.19,1077,1087,1066,25469,27374159,47443763796,43970124
20250714,028080,휴맥스홀딩스,KOSDAQ,중견기업부,2185,-30,-1.35,2215,2215,2115,15947,34815610,27481850610,12577506
20250714,175140,휴먼테크놀로지,KOSDAQ,투자주의환기종목(소속부없음),5230,200,3.98,5160,5350,5040,116391,604652600,129693602760,24798012
20250714,200670,휴메딕스,KOSDAQ,우량기업부,55100,500,0.92,54600,55700,53900,38755,2122203150,618769143000,11229930
20250714,065510,휴비츠,KOSDAQ,우량기업부,7950,-70,-0.87,8020,8040,7880,40387,320690000,96666999450,12159371
20250714,263920,휴엠앤씨,KOSDAQ,벤처기업부,1047,60,6.08,992,1065,980,194762,200508924,51350255298,49045134
20250714,243070,휴온스,KOSDAQ,우량기업부,28800,-100,-0.35,28900,29100,28550,11278,324737800,345014352000,11979665
20250714,084110,휴온스글로벌,KOSDAQ,중견기업부,46400,0,0.00,46550,46650,45550,19792,912355300,586348448000,12636820
20250714,145020,휴젤,KOSDAQ,우량기업부,345500,-1500,-0.43,348000,350500,342000,33983,11711291000,4251043401500,12304033
20250714,024060,흥구석유,KOSDAQ,중견기업부,13060,20,0.15,13120,13220,12830,175316,2279848510,195900000000,15000000
20250714,010240,흥국,KOSDAQ,우량기업부,5410,0,0.00,5450,5450,5350,20096,108352290,66665785360,12322696
20250714,189980,흥국에프엔비,KOSDAQ,우량기업부,2035,30,1.50,1988,2055,1988,152178,309203195,81680477945,40137827
20250714,037440,희림,KOSDAQ,우량기업부,5060,-20,-0.39,5080,5110,5040,47020,238022590,70447723500,13922475
20250714,238490,힘스,KOSDAQ,벤처기업부,3390,-5,-0.15,3360,3390,3335,9152,30797600,38348480040,11312236
