BAS_DD,ISU_CD,ISU_NM,MKT_NM,SECT_TP_NM,TDD_CLSPRC,CMPPREVDD_PRC,FLUC_RT,TDD_OPNPRC,TDD_HGPRC,TDD_LWPRC,ACC_TRDVOL,ACC_TRDVAL,MKTCAP,LIST_SHRS
20210604,095570,AJ네트웍스,KOSPI,,5570,-150,-2.62,5720,5720,5420,198246,1097634360,260800183150,46822295
20210604,006840,AK홀딩스,KOSPI,,35900,-400,-1.10,36350,36500,35550,67125,2408190500,475587439900,13247561
20210604,027410,BGF,KOSPI,,7070,-20,-0.28,7120,7120,6890,426424,2991015160,676717712370,95716791
20210604,282330,BGF리테일,KOSPI,,183000,-5500,-2.92,185500,188000,183000,34562,6367441500,3162954798000,17283906
20210604,138930,BNK금융지주,KOSPI,,7990,60,0.76,7930,8220,7880,2825190,22817648820,2604222615540,325935246
20210604,001460,BYC,KOSPI,,448000,-4000,-0.88,445500,450500,445500,271,121550500,279827520000,624615
20210604,001465,BYC우,KOSPI,,193000,2000,1.05,188500,194500,188500,163,31345500,41569305000,215385
20210604,001040,CJ,KOSPI,,111000,-3000,-2.63,113500,113500,110000,170692,19036033000,3238646778000,29176998
20210604,079160,CJ CGV,KOSPI,,31250,-850,-2.65,31600,32200,30600,1088577,34109824800,1096875000000,35100000
20210604,00104K,CJ4우(전환),KOSPI,,91500,-900,-0.97,92200,92200,90700,6800,619529100,386725848000,4226512
20210604,000120,CJ대한통운,KOSPI,,167000,-3000,-1.76,168500,169500,166500,76675,12819219000,3809661448000,22812344
20210604,011150,CJ씨푸드,KOSPI,,4830,-5,-0.10,4835,4875,4780,451671,2178015570,173545633590,35930773
20210604,011155,CJ씨푸드1우,KOSPI,,44150,0,0.00,44600,44600,44150,972,43055650,8830000000,200000
20210604,001045,CJ우,KOSPI,,65400,-1200,-1.80,67000,67000,65200,3177,208961200,147818584200,2260223
20210604,097950,CJ제일제당,KOSPI,,474000,500,0.11,470000,480000,470000,38118,18107507500,7135684164000,15054186
20210604,097955,CJ제일제당 우,KOSPI,,219500,0,0.00,220000,221500,217000,5015,1099339000,291371543500,1327433
20210604,000590,CS홀딩스,KOSPI,,74100,-2000,-2.63,76100,77400,74100,6857,514005000,85547116200,1154482
20210604,012030,DB,KOSPI,,1100,20,1.85,1080,1115,1055,3769093,4119806490,221291326300,201173933
20210604,016610,DB금융투자,KOSPI,,7290,10,0.14,7290,7350,7200,258343,1879330910,309434175810,42446389
20210604,005830,DB손해보험,KOSPI,,51100,-800,-1.54,51500,52100,50800,128707,6619152800,3617880000000,70800000
20210604,000990,DB하이텍,KOSPI,,57500,900,1.59,56100,58300,55200,1909271,108810923700,2552918810000,44398588
20210604,000995,DB하이텍1우,KOSPI,,126500,1500,1.20,125000,126500,122500,683,84942000,14207974000,112316
20210604,139130,DGB금융지주,KOSPI,,9590,170,1.80,9500,9790,9420,884461,8531295560,1622108538470,169145833
20210604,001530,DI동일,KOSPI,,189000,-1000,-0.53,190000,190000,187000,6237,1174326500,474513795000,2510655
20210604,000210,DL,KOSPI,,83400,-400,-0.48,83600,83800,82700,156086,12971746300,1747720725600,20955884
20210604,001880,DL건설,KOSPI,,38000,900,2.43,37100,38000,36750,210638,7951172100,838024792000,22053284
20210604,000215,DL우,KOSPI,,48700,-600,-1.22,49300,49300,48600,5264,257048300,82113800500,1686115
20210604,375500,DL이앤씨,KOSPI,,139500,500,0.36,138000,141000,137500,143666,20041420500,2700543951000,19358738
20210604,37550K,DL이앤씨우,KOSPI,,78400,100,0.13,78000,78800,77500,8264,645430800,165728584000,2113885
20210604,004840,DRB동일,KOSPI,,7930,20,0.25,7920,8120,7880,168039,1346877640,158044900000,19930000
20210604,155660,DSR,KOSPI,,6990,120,1.75,6890,7040,6820,118131,819354370,111840000000,16000000
20210604,069730,DSR제강,KOSPI,,6340,60,0.96,6270,6360,6120,79175,498348270,91296000000,14400000
20210604,017940,E1,KOSPI,,55800,-1400,-2.45,57200,57200,55300,35348,1975377200,382788000000,6860000
20210604,365550,ESR켄달스퀘어리츠,KOSPI,,7170,70,0.99,7190,7190,6920,394183,2781734800,1027167030000,143259000
20210604,383220,F&F,KOSPI,,485000,-12000,-2.41,495500,513000,484500,45115,22266287000,3715786275000,7661415
20210604,007700,F&F홀딩스,KOSPI,,39100,-100,-0.26,39200,39350,38800,158808,6202125400,302578673500,7738585
20210604,114090,GKL,KOSPI,,18650,-250,-1.32,18650,18900,18400,484793,9043678750,1153608245500,61855670
20210604,078930,GS,KOSPI,,47350,-700,-1.46,47600,47850,47150,272492,12927170400,4399543148300,92915378
20210604,006360,GS건설,KOSPI,,44800,0,0.00,44500,45700,44250,578364,26058555800,3829990886400,85490868
20210604,001250,GS글로벌,KOSPI,,3070,10,0.33,3090,3095,3010,1474527,4508183785,253378655480,82533764
20210604,007070,GS리테일,KOSPI,,37850,-600,-1.56,38500,38500,37850,488083,18584508650,2914450000000,77000000
20210604,078935,GS우,KOSPI,,38900,-250,-0.64,39050,39150,38750,3560,138509900,69429731400,1784826
20210604,012630,HDC,KOSPI,,13750,-250,-1.79,14000,14100,13700,825764,11470619750,821448663750,59741721
20210604,039570,HDC아이콘트롤스,KOSPI,,13650,500,3.80,13250,15000,13250,614788,8682334050,224679000000,16460000
20210604,089470,HDC현대EP,KOSPI,,6070,40,0.66,6000,6080,5970,99262,599322120,193633000000,31900000
20210604,294870,HDC현대산업개발,KOSPI,,29800,150,0.51,29650,29950,29400,447693,13325911750,1964038434000,65907330
20210604,011200,HMM,KOSPI,,45400,-1950,-4.12,47100,47100,45300,10709484,493350139100,15680818909800,345392487
20210604,082740,HSD엔진,KOSPI,,10600,0,0.00,10450,11000,10350,745721,7968265550,430353873200,40599422
20210604,003560,IHQ,KOSPI,,2470,120,5.11,2425,2485,2350,9059386,22102022010,361202297560,146235748
20210604,175330,JB금융지주,KOSPI,,7700,30,0.39,7670,7770,7620,519569,4003625460,1516768283800,196982894
20210604,234080,JW생명과학,KOSPI,,18300,-50,-0.27,18450,18550,18250,86691,1592027450,289772338200,15834554
20210604,001060,JW중외제약,KOSPI,,29050,-150,-0.51,29050,29250,28900,35218,1022889900,625734850300,21539926
20210604,001067,JW중외제약2우B,KOSPI,,71100,-1200,-1.66,72900,72900,70500,909,64432600,6614290800,93028
20210604,001065,JW중외제약우,KOSPI,,48100,-1200,-2.43,49800,49800,48050,2649,127951650,8537076600,177486
20210604,096760,JW홀딩스,KOSPI,,4635,-15,-0.32,4630,4650,4610,128921,596862940,317224878570,68441182
20210604,105560,KB금융,KOSPI,,57600,-700,-1.20,58200,59000,57400,1439388,83425823400,23950536192000,415807920
20210604,002380,KCC,KOSPI,,314000,-6000,-1.88,317000,324500,312500,42108,13332618500,2790351894000,8886471
20210604,009070,KCTC,KOSPI,,7660,-40,-0.52,7700,7740,7620,329079,2525756810,229800000000,30000000
20210604,009440,KC그린홀딩스,KOSPI,,5170,180,3.61,5020,5210,5000,303536,1561221180,115988846600,22434980
20210604,119650,KC코트렐,KOSPI,,7640,240,3.24,7400,7640,7350,89389,670214910,99320000000,13000000
20210604,092220,KEC,KOSPI,,2505,65,2.66,2420,2525,2405,3834272,9538918030,292350884700,116706940
20210604,016380,KG동부제철,KOSPI,,19800,350,1.80,19450,19900,19100,333163,6537724450,1980176160600,100008897
20210604,016385,KG동부제철우,KOSPI,,145500,1500,1.04,148000,148000,145500,655,95659000,7767517500,53385
20210604,001390,KG케미칼,KOSPI,,29600,-350,-1.17,29950,29950,29500,103869,3076900250,410436441600,13866096
20210604,033180,KH 필룩스,KOSPI,,3370,30,0.90,3340,3440,3305,1819996,6155708990,449200230690,133293837
20210604,001940,KISCO홀딩스,KOSPI,,19700,150,0.77,19450,19800,19450,22512,441158400,363984686000,18476380
20210604,025000,KPX케미칼,KOSPI,,66200,0,0.00,66200,66300,64700,7520,493626600,320408000000,4840000
20210604,092230,KPX홀딩스,KOSPI,,71100,-900,-1.25,72000,72700,71100,4909,351120300,300372330600,4224646
20210604,000040,KR모터스,KOSPI,,1195,-5,-0.42,1200,1200,1175,445565,528944695,114884154760,96137368
20210604,044450,KSS해운,KOSPI,,12300,0,0.00,12300,12350,12200,123761,1517293400,285186324000,23185880
20210604,030200,KT,KOSPI,,33200,-500,-1.48,33600,33600,33000,1240956,41313048900,8668912025600,261111808
20210604,033780,KT&G,KOSPI,,83600,-200,-0.24,83600,83900,83300,487387,40754772900,11477652749200,137292497
20210604,030210,KTB투자증권,KOSPI,,6810,490,7.75,6400,7120,6360,6392617,43491695050,410738966520,60314092
20210604,058850,KTcs,KOSPI,,3260,40,1.24,3205,3275,3195,637769,2064212255,139153100000,42685000
20210604,058860,KTis,KOSPI,,3260,10,0.31,3250,3260,3200,254400,822020425,113454520000,34802000
20210604,093050,LF,KOSPI,,20300,-550,-2.64,20700,20850,20250,146379,2991351250,593572000000,29240000
20210604,003550,LG,KOSPI,,99800,-2200,-2.16,100500,101000,99700,415150,41534867000,15698639101400,157300993
20210604,034220,LG디스플레이,KOSPI,,23450,-500,-2.09,23950,23950,23250,4038526,94533676400,8390778165000,357815700
20210604,001120,LG상사,KOSPI,,30700,-300,-0.97,30850,31000,30350,220651,6757351100,1189932000000,38760000
20210604,051900,LG생활건강,KOSPI,,1529000,8000,0.53,1514000,1532000,1514000,26779,40822146000,23880223213000,15618197
20210604,051905,LG생활건강우,KOSPI,,722000,7000,0.98,715000,722000,711000,2793,2003264000,1515981234000,2099697
20210604,003555,LG우,KOSPI,,73000,-100,-0.14,73500,73500,72700,25220,1839797400,220578260000,3021620
20210604,032640,LG유플러스,KOSPI,,15250,-500,-3.17,15700,15700,15150,3087508,47370337000,6658323255250,436611361
20210604,011070,LG이노텍,KOSPI,,213500,3500,1.67,210000,215000,207500,231251,49120394500,5052927344500,23667107
20210604,066570,LG전자,KOSPI,,153500,-1000,-0.65,153500,154500,152000,558204,85664015000,25119939449000,163647814
20210604,066575,LG전자우,KOSPI,,76100,100,0.13,75500,76400,74500,152853,11543531500,1307853991200,17185992
20210604,108670,LG하우시스,KOSPI,,99200,-500,-0.50,99200,102500,98000,139023,13967074300,889592864000,8967670
20210604,108675,LG하우시스우,KOSPI,,45800,100,0.22,45650,46100,45000,11491,523881350,47280714000,1032330
20210604,037560,LG헬로비전,KOSPI,,6140,-60,-0.97,6070,6200,6000,3896947,23742881440,475523751100,77446865
20210604,051910,LG화학,KOSPI,,809000,-3000,-0.37,810000,810000,803000,245210,197464443000,57109205487000,70592343
20210604,051915,LG화학우,KOSPI,,370000,500,0.14,369500,370000,366000,18845,6939795600,2844856000000,7688800
20210604,079550,LIG넥스원,KOSPI,,42900,-700,-1.61,43250,43500,42800,298792,12855216600,943800000000,22000000
20210604,006260,LS,KOSPI,,70700,-1000,-1.39,71000,71400,70200,165410,11715529800,2276540000000,32200000
20210604,010120,LS ELECTRIC,KOSPI,,57000,-600,-1.04,57200,57600,57000,68106,3893113500,1710000000000,30000000
20210604,000680,LS네트웍스,KOSPI,,3920,40,1.03,3860,3980,3825,697045,2715722935,308907822720,78803016
20210604,229640,LS전선아시아,KOSPI,,8800,30,0.34,8770,8970,8670,784100,6905027770,269498935200,30624879
20210604,383800,LX홀딩스,KOSPI,,10450,50,0.48,10450,10650,10350,1737593,18293782550,797133210500,76280690
20210604,38380K,LX홀딩스1우,KOSPI,,21700,-100,-0.46,21700,22000,21450,70349,1528157750,31796684500,1465285
20210604,023150,MH에탄올,KOSPI,,10250,-150,-1.44,10450,10450,10200,42813,439665350,75629891500,7378526
20210604,035420,NAVER,KOSPI,,357000,-5000,-1.38,360500,360500,355000,433146,154313607500,58642032015000,164263395
20210604,181710,NHN,KOSPI,,75900,1000,1.34,74900,75900,74400,102265,7724576700,1484985397500,19565025
20210604,005940,NH투자증권,KOSPI,,13050,-100,-0.76,13100,13150,13000,587804,7662691150,3672385975350,281408887
20210604,005945,NH투자증권우,KOSPI,,11350,-50,-0.44,11350,11400,11300,78982,896812750,214185486800,18870968
20210604,338100,NH프라임리츠,KOSPI,,4930,0,0.00,4895,4945,4835,171675,840210220,91993800000,18660000
20210604,034310,NICE,KOSPI,,18100,-250,-1.36,18250,18350,17750,172038,3095439900,685669630000,37882300
20210604,008260,NI스틸,KOSPI,,5570,90,1.64,5540,5740,5470,1299267,7289445150,159302651690,28600117
20210604,004250,NPC,KOSPI,,4240,5,0.12,4210,4255,4210,71292,301484150,155692800000,36720000
20210604,004255,NPC우,KOSPI,,2880,15,0.52,2885,2885,2830,12584,35992470,15206400000,5280000
20210604,010060,OCI,KOSPI,,129000,-1500,-1.15,129000,130000,126500,284164,36430743500,3076568859000,23849371
20210604,005490,POSCO,KOSPI,,347000,500,0.14,346500,350500,345000,475678,164960406500,30253831745000,87186835
20210604,010950,S-Oil,KOSPI,,105000,1500,1.45,102500,105000,102000,388627,40484798000,11821193160000,112582792
20210604,010955,S-Oil우,KOSPI,,60000,1500,2.56,59700,60000,58600,36514,2166312200,241315620000,4021927
20210604,034120,SBS,KOSPI,,43800,-950,-2.12,44600,45300,43450,155937,6919092950,799463091600,18252582
20210604,101060,SBS미디어홀딩스,KOSPI,,2025,-30,-1.46,2055,2055,2015,551942,1122047725,283289784750,139896190
20210604,005090,SGC에너지,KOSPI,,45150,-750,-1.63,45900,45900,45100,63280,2872109700,662666730600,14677004
20210604,001380,SG글로벌,KOSPI,,4150,-10,-0.24,4160,4180,4075,696938,2881756025,186601193450,44964143
20210604,004060,SG세계물산,KOSPI,,833,12,1.46,835,847,812,5848370,4851593537,168619991680,202424960
20210604,002360,SH에너지화학,KOSPI,,1235,-20,-1.59,1245,1245,1220,3266921,4016351390,137250156550,111133730
20210604,009160,SIMPAC,KOSPI,,4290,20,0.47,4270,4330,4235,58884,252125785,280692623640,65429516
20210604,123700,SJM,KOSPI,,5880,-70,-1.18,5910,5960,5810,199544,1176873510,91756800240,15604898
20210604,025530,SJM홀딩스,KOSPI,,4725,-100,-2.07,4810,4825,4685,57683,273556315,70563187800,14934008
20210604,034730,SK,KOSPI,,270000,-2000,-0.74,270000,273500,268000,160789,43455002000,18997280190000,70360297
20210604,011790,SKC,KOSPI,,134000,0,0.00,135500,136500,132500,217191,29117561500,5074351932000,37868298
20210604,018670,SK가스,KOSPI,,115000,0,0.00,115000,116500,113500,15494,1784558000,1061478060000,9230244
20210604,001740,SK네트웍스,KOSPI,,6020,-10,-0.17,5980,6100,5940,1455381,8741146930,1494089634940,248187647
20210604,001745,SK네트웍스우,KOSPI,,125500,-2000,-1.57,127000,127000,124000,384,47806000,14262824000,113648
20210604,006120,SK디스커버리,KOSPI,,52700,-800,-1.50,53500,53600,52600,77678,4110635800,1003294958500,19037855
20210604,006125,SK디스커버리우,KOSPI,,42050,-350,-0.83,41700,42700,41700,4418,185060400,57123032750,1358455
20210604,210980,SK디앤디,KOSPI,,36150,0,0.00,36200,36400,35900,21083,761441100,686494428600,18990164
20210604,068400,SK렌터카,KOSPI,,14450,-100,-0.69,14350,14500,14000,198352,2823132950,683280388000,47285840
20210604,302440,SK바이오사이언스,KOSPI,,156000,500,0.32,156000,157000,152000,285682,44092415500,11934000000000,76500000
20210604,326030,SK바이오팜,KOSPI,,113500,500,0.44,112500,113500,111500,201488,22726327500,8888553875000,78313250
20210604,361610,SK아이이테크놀로지,KOSPI,,147500,-2000,-1.34,149000,149500,147000,276515,40871363500,10516394820000,71297592
20210604,03473K,SK우,KOSPI,,251000,-1500,-0.59,251500,252500,249500,884,221342500,142099885000,566135
20210604,096770,SK이노베이션,KOSPI,,273500,1000,0.37,270000,276500,269000,480480,131003011000,25289331754000,92465564
20210604,096775,SK이노베이션우,KOSPI,,184500,-500,-0.27,185000,185500,182500,6228,1145786000,230334597000,1248426
20210604,001510,SK증권,KOSPI,,1060,-5,-0.47,1060,1085,1050,14489907,15442414440,500945581260,472590171
20210604,001515,SK증권우,KOSPI,,5380,40,0.75,5380,5380,5360,19667,105671390,21049325320,3912514
20210604,285130,SK케미칼,KOSPI,,255500,-3500,-1.35,259500,260000,253500,53162,13576033500,3002481678000,11751396
20210604,28513K,SK케미칼우,KOSPI,,117000,-2000,-1.68,119500,120000,116500,7005,822848500,170664390000,1458670
20210604,017670,SK텔레콤,KOSPI,,320500,-8000,-2.44,324000,327500,320000,260563,83790472500,23095275831500,72060143
20210604,000660,SK하이닉스,KOSPI,,128500,-500,-0.39,127500,129000,126500,2555891,326224466000,93548303902500,728002365
20210604,064960,SNT모티브,KOSPI,,69200,1900,2.82,66700,70000,66000,204662,14003825100,1011921011200,14623136
20210604,100840,SNT에너지,KOSPI,,21800,1050,5.06,20700,22300,20450,236474,5107267850,163646299800,7506711
20210604,003570,SNT중공업,KOSPI,,9400,60,0.64,9340,9440,9270,31317,292886650,312575351800,33252697
20210604,036530,SNT홀딩스,KOSPI,,19450,-150,-0.77,19550,19550,19250,27948,540785600,317110582700,16303886
20210604,005610,SPC삼립,KOSPI,,89700,-600,-0.66,90100,91800,89000,34303,3085389600,774022107300,8629009
20210604,011810,STX,KOSPI,,9450,110,1.18,9340,9530,9270,142521,1337294370,189645435000,20068300
20210604,077970,STX엔진,KOSPI,,14450,50,0.35,14250,14700,14200,126282,1827216650,332478662800,23008904
20210604,071970,STX중공업,KOSPI,,7250,30,0.42,7110,7480,7080,1176576,8590616660,205653326000,28365976
20210604,002820,SUN&L,KOSPI,,6410,20,0.31,6390,6470,6310,12670,80358510,80817209490,12607989
20210604,084870,TBH글로벌,KOSPI,,2240,-20,-0.88,2250,2250,2170,125807,278950455,46719274560,20856819
20210604,002710,TCC스틸,KOSPI,,4665,-40,-0.85,4660,4705,4615,235995,1099024015,109627500000,23500000
20210604,002900,TYM,KOSPI,,1760,15,0.86,1745,1785,1730,3481541,6150852640,240904514400,136877565
20210604,024070,WISCOM,KOSPI,,4670,-155,-3.21,4750,4785,4580,655545,3064319400,71574465460,15326438
20210604,037270,YG PLUS,KOSPI,,6190,-20,-0.32,6160,6370,6070,2047246,12751004010,392628047900,63429410
20210604,000500,가온전선,KOSPI,,44900,300,0.67,43500,49700,42900,1997586,92528557000,186799580300,4160347
20210604,000860,강남제비스코,KOSPI,,28700,-350,-1.20,29050,29300,28600,7925,228308900,186550000000,6500000
20210604,035250,강원랜드,KOSPI,,28550,-550,-1.89,28800,28900,28200,1216638,34661649700,6108001275000,213940500
20210604,011420,갤럭시아에스엠,KOSPI,,2405,25,1.05,2375,2410,2365,155607,371021895,66256893820,27549644
20210604,002100,경농,KOSPI,,16150,450,2.87,15600,16250,15500,289704,4644038500,315289586250,19522575
20210604,009450,경동나비엔,KOSPI,,64200,1800,2.88,62800,64600,62100,149203,9444748900,873423666000,13604730
20210604,267290,경동도시가스,KOSPI,,24800,150,0.61,24650,24900,24450,9924,243893050,146206068800,5895406
20210604,012320,경동인베스트,KOSPI,,41750,100,0.24,41650,42400,41400,7037,294913350,98739710250,2365023
20210604,000050,경방,KOSPI,,15000,-400,-2.60,15400,15500,14950,43566,656683350,411229050000,27415270
20210604,214390,경보제약,KOSPI,,12250,-100,-0.81,12300,12350,12200,67819,831301850,292859035000,23906860
20210604,012610,경인양행,KOSPI,,7220,-20,-0.28,7240,7240,7170,179720,1293598940,299603755300,41496365
20210604,009140,경인전자,KOSPI,,32750,-550,-1.65,33300,33350,32750,9344,308454700,51443601750,1570797
20210604,013580,계룡건설,KOSPI,,36900,250,0.68,36650,37600,36200,89720,3327591500,329550468300,8930907
20210604,012200,계양전기,KOSPI,,4910,40,0.82,4810,4940,4810,365199,1784514075,160066000000,32600000
20210604,012205,계양전기우,KOSPI,,8060,-80,-0.98,8120,8120,8010,9378,75409020,11284000000,1400000
20210604,002140,고려산업,KOSPI,,4090,20,0.49,4065,4110,4015,279313,1141650595,102002248250,24939425
20210604,010130,고려아연,KOSPI,,440000,-1000,-0.23,440500,441000,436500,44726,19620532000,8302800000000,18870000
20210604,002240,고려제강,KOSPI,,25750,150,0.59,25550,26100,25150,42033,1082842500,592250000000,23000000
20210604,009290,광동제약,KOSPI,,9140,50,0.55,9090,9210,9090,169087,1548515460,479126578140,52420851
20210604,017040,광명전기,KOSPI,,2900,35,1.22,2865,2945,2830,3160858,9203190120,125679083500,43337615
20210604,017900,광전자,KOSPI,,2530,15,0.60,2510,2535,2485,179975,452437570,146597720390,57943763
20210604,037710,광주신세계,KOSPI,,201000,-3000,-1.47,202000,202500,198500,1986,398008500,321600000000,1600000
20210604,030610,교보증권,KOSPI,,9100,120,1.34,8980,9110,8850,232559,2093042550,588344993600,64653296
20210604,339770,교촌에프앤비,KOSPI,,19250,0,0.00,19250,19400,19150,59833,1151201250,480913895000,24982540
20210604,007690,국도화학,KOSPI,,76200,-100,-0.13,76400,77200,75600,17183,1306143200,442768939200,5810616
20210604,005320,국동,KOSPI,,3440,80,2.38,3350,3485,3280,678870,2316222430,180819365360,52563769
20210604,001140,국보,KOSPI,,1735,40,2.36,1705,1770,1685,832724,1443907330,93284483655,53766273
20210604,002720,국제약품,KOSPI,,7740,570,7.95,7420,8700,7350,3537310,28490452440,149196936600,19276090
20210604,083420,그린케미칼,KOSPI,,12600,-250,-1.95,12750,12800,12500,200733,2531844050,302400000000,24000000
20210604,014530,극동유화,KOSPI,,5500,-240,-4.18,5800,5810,5490,1543564,8651893360,191781810000,34869420
20210604,014280,금강공업,KOSPI,,8000,0,0.00,8080,8140,7960,153136,1230751130,233403480000,29175435
20210604,014285,금강공업우,KOSPI,,13900,-100,-0.71,13800,14000,13750,6337,87542400,8199262500,589875
20210604,008870,금비,KOSPI,,82300,-700,-0.84,82800,83000,81900,2733,225021800,82300000000,1000000
20210604,001570,금양,KOSPI,,5160,-70,-1.34,5230,5260,5130,203974,1051322880,246725977920,47815112
20210604,002990,금호건설,KOSPI,,12400,150,1.22,12250,12550,11850,468412,5793431000,454260657600,36633924
20210604,002995,금호건설우,KOSPI,,36800,-1150,-3.03,37200,38350,36600,4264,159233700,10755388800,292266
20210604,011780,금호석유,KOSPI,,232000,-4000,-1.69,235000,235500,232000,186660,43451712500,7068504312000,30467691
20210604,011785,금호석유우,KOSPI,,118500,-1000,-0.84,119000,119000,117500,27849,3287083000,358283091000,3023486
20210604,214330,금호에이치티,KOSPI,,2275,-30,-1.30,2250,2285,2240,1539034,3489637380,284961178775,125257661
20210604,001210,금호전기,KOSPI,,3100,25,0.81,3085,3195,3050,295842,926389105,40511553300,13068243
20210604,073240,금호타이어,KOSPI,,5760,550,10.56,5190,5830,5180,3038882,17081450640,1654619253120,287260287
20210604,092440,기신정기,KOSPI,,5540,-70,-1.25,5670,5670,5490,198508,1105198340,161768000000,29200000
20210604,000270,기아,KOSPI,,89000,2000,2.30,88400,89200,87500,4652245,411953747800,36077337883000,405363347
20210604,024110,기업은행,KOSPI,,10950,150,1.39,10800,11150,10800,2722877,29924441950,8150091427650,744300587
20210604,013700,까뮤이앤씨,KOSPI,,2685,15,0.56,2670,2695,2635,582281,1552859370,121233871800,45152280
20210604,004540,깨끗한나라,KOSPI,,6890,-100,-1.43,6990,7050,6840,828458,5728538500,256588374770,37240693
20210604,004545,깨끗한나라우,KOSPI,,37000,-1000,-2.63,37600,37600,36350,7474,275230850,13547920000,366160
20210604,001260,남광토건,KOSPI,,17650,-250,-1.40,18150,18200,17500,137082,2428693950,173480102650,9828901
20210604,008350,남선알미늄,KOSPI,,3820,65,1.73,3745,3850,3740,2704387,10254183155,420884123800,110179090
20210604,008355,남선알미우,KOSPI,,40000,150,0.38,39850,40150,39850,3787,151075850,12315600000,307890
20210604,004270,남성,KOSPI,,3870,-10,-0.26,3850,3880,3820,257406,991162530,140141059200,36212160
20210604,003920,남양유업,KOSPI,,628000,-1000,-0.16,622000,634000,620000,9823,6176356000,452160000000,720000
20210604,003925,남양유업우,KOSPI,,290000,-6000,-2.03,296000,296000,286500,2251,652893000,48331980000,166662
20210604,025860,남해화학,KOSPI,,10250,150,1.49,10000,10350,9830,575488,5825122980,509208140750,49678843
20210604,005720,넥센,KOSPI,,5230,60,1.16,5170,5300,5130,73544,385228600,280034999710,53543977
20210604,005725,넥센우,KOSPI,,3795,5,0.13,3790,3870,3735,5672,21618465,13664277000,3600600
20210604,002350,넥센타이어,KOSPI,,8750,250,2.94,8490,8750,8420,342409,2946641390,854593923750,97667877
20210604,002355,넥센타이어1우B,KOSPI,,3650,20,0.55,3645,3650,3615,15913,57781820,23725000000,6500000
20210604,003580,넥스트사이언스,KOSPI,,14000,-250,-1.75,14200,14500,13750,1244422,17643304400,501806900000,35843350
20210604,251270,넷마블,KOSPI,,136500,-2000,-1.44,137500,138500,135000,219664,29975615500,11732653023000,85953502
20210604,090350,노루페인트,KOSPI,,13900,-400,-2.80,14200,14500,13800,556242,7844985850,278000000000,20000000
20210604,090355,노루페인트우,KOSPI,,43200,-700,-1.59,45300,45300,42500,24093,1045401250,20007043200,463126
20210604,000320,노루홀딩스,KOSPI,,14850,-250,-1.66,15100,15150,14650,49374,735284500,197373592350,13291151
20210604,000325,노루홀딩스우,KOSPI,,105000,6200,6.28,104500,105000,98500,30203,3083163700,19451250000,185250
20210604,006280,녹십자,KOSPI,,324000,-3500,-1.07,328500,330000,322000,84406,27335305500,3786438312000,11686538
20210604,005250,녹십자홀딩스,KOSPI,,33750,-200,-0.59,33900,34150,33400,153574,5190242450,1587202087500,47028210
20210604,005257,녹십자홀딩스2우,KOSPI,,87600,-200,-0.23,87800,88500,87600,1263,110935600,74108724000,845990
20210604,004370,농심,KOSPI,,302000,500,0.17,301500,303500,300500,23786,7185824500,1836957884000,6082642
20210604,072710,농심홀딩스,KOSPI,,82300,300,0.37,82100,82500,81500,6246,512368000,381690117000,4637790
20210604,058730,다스코,KOSPI,,5640,10,0.18,5620,5660,5550,53195,298562940,91932000000,16300000
20210604,023590,다우기술,KOSPI,,27300,100,0.37,27250,27550,27050,81119,2215506150,1224858644100,44866617
20210604,019680,대교,KOSPI,,4785,0,0.00,4795,4795,4705,371789,1771285275,405303137250,84702850
20210604,019685,대교우B,KOSPI,,3260,-45,-1.36,3310,3310,3230,112735,368095520,63331987400,19426990
20210604,006370,대구백화점,KOSPI,,14500,700,5.07,14050,14650,13500,70703,995546800,156913359500,10821611
20210604,008060,대덕,KOSPI,,9250,-80,-0.86,9330,9440,9090,1738940,16032387560,313483887500,33890150
20210604,00806K,대덕1우,KOSPI,,16400,-450,-2.67,16400,16400,16100,41285,672731050,19882654800,1212357
20210604,353200,대덕전자,KOSPI,,15300,-150,-0.97,15450,15500,15150,587729,8967131700,756078952500,49416925
20210604,35320K,대덕전자1우,KOSPI,,17300,-350,-1.98,17550,17850,17050,162579,2818636150,36252478700,2095519
20210604,000490,대동,KOSPI,,12000,-100,-0.83,12100,12350,11950,370513,4485379800,284738520000,23728210
20210604,008110,대동전자,KOSPI,,8500,-30,-0.35,8510,8580,8400,22273,189002990,89168799500,10490447
20210604,005750,대림B&Co,KOSPI,,7620,90,1.20,7530,7730,7420,156937,1197893120,127042468800,16672240
20210604,006570,대림통상,KOSPI,,4415,45,1.03,4350,4415,4295,67713,293610815,67218375000,15225000
20210604,001680,대상,KOSPI,,28850,-100,-0.35,28950,29500,28850,264567,7690696250,999595521250,34648025
20210604,001685,대상우,KOSPI,,21900,100,0.46,21950,22200,21700,5879,128764550,30007883700,1370223
20210604,084690,대상홀딩스,KOSPI,,11800,0,0.00,11850,12000,11750,198633,2356907350,427307948400,36212538
20210604,084695,대상홀딩스우,KOSPI,,15350,-700,-4.36,15950,16150,15350,39507,617557400,14021948700,913482
20210604,128820,대성산업,KOSPI,,5420,-50,-0.91,5460,5470,5360,236046,1276379730,245176290760,45235478
20210604,117580,대성에너지,KOSPI,,6550,-190,-2.82,6760,6840,6540,305730,2025826550,180125000000,27500000
20210604,016710,대성홀딩스,KOSPI,,35550,350,0.99,35450,35800,35200,31163,1108449150,571980267450,16089459
20210604,003540,대신증권,KOSPI,,18850,200,1.07,18650,18850,18400,169128,3141992600,957078590000,50773400
20210604,003547,대신증권2우B,KOSPI,,16350,-50,-0.30,16400,16400,16300,11311,184912950,163500000000,10000000
20210604,003545,대신증권우,KOSPI,,16700,0,0.00,16700,16800,16600,134829,2244894400,434200000000,26000000
20210604,009190,대양금속,KOSPI,,4765,-85,-1.75,4850,4880,4765,602932,2887405065,140881699335,29565939
20210604,014160,대영포장,KOSPI,,2655,-5,-0.19,2655,2700,2635,1146749,3067367680,287787527595,108394549
20210604,047040,대우건설,KOSPI,,8890,-30,-0.34,9000,9230,8850,9629158,86762874010,3694885251820,415622638
20210604,009320,대우부품,KOSPI,,2545,55,2.21,2500,2545,2475,358642,902262155,121260024375,47646375
20210604,042660,대우조선해양,KOSPI,,38350,850,2.27,37150,39550,36700,1146492,44171551000,4114597156150,107290669
20210604,003090,대웅,KOSPI,,37050,200,0.54,36850,37500,36700,147924,5480387200,2154160359000,58141980
20210604,069620,대웅제약,KOSPI,,160500,2500,1.58,160000,164000,159000,67528,10879673500,1859645287500,11586575
20210604,000430,대원강업,KOSPI,,4385,-45,-1.02,4430,4430,4355,269223,1182700695,271870000000,62000000
20210604,006340,대원전선,KOSPI,,2250,10,0.45,2205,2250,2140,6787108,14890796340,159788175750,71016967
20210604,006345,대원전선우,KOSPI,,3540,-20,-0.56,3505,3540,3450,69983,245133710,9279048000,2621200
20210604,003220,대원제약,KOSPI,,16350,0,0.00,16200,16450,16200,36436,595628450,347025856050,21224823
20210604,024890,대원화성,KOSPI,,3140,-105,-3.24,3210,3210,3125,2346908,7440426880,129522337280,41249152
20210604,002880,대유에이텍,KOSPI,,1220,25,2.09,1200,1225,1175,615809,743034035,135385073840,110971372
20210604,000300,대유플러스,KOSPI,,1285,65,5.33,1210,1285,1180,13395960,16566865215,153937169955,119795463
20210604,012800,대창,KOSPI,,2485,0,0.00,2450,2495,2425,1534611,3775681115,226484140015,91140499
20210604,015230,대창단조,KOSPI,,9070,20,0.22,9020,9090,9010,32367,293118990,129575063050,14286115
20210604,001070,대한방직,KOSPI,,43550,-50,-0.11,43500,43550,43400,4011,174280900,230815000000,5300000
20210604,006650,대한유화,KOSPI,,261000,0,0.00,260500,262000,255000,50458,13035933500,1696500000000,6500000
20210604,001440,대한전선,KOSPI,,3220,740,29.84,2600,3220,2550,328461768,957021580805,2757843088980,856473009
20210604,084010,대한제강,KOSPI,,21200,0,0.00,21350,21500,21000,257738,5479283350,522510760800,24646734
20210604,001790,대한제당,KOSPI,,3450,20,0.58,3440,3510,3390,718640,2477632225,309453201000,89696580
20210604,001795,대한제당우,KOSPI,,4600,0,0.00,4580,4675,4500,340255,1557697830,29820696000,6482760
20210604,001130,대한제분,KOSPI,,176500,500,0.28,176000,177000,173000,7011,1226357500,298285000000,1690000
20210604,003490,대한항공,KOSPI,,33150,-350,-1.04,33200,33700,32650,3359676,111222918700,11530260348750,347820825
20210604,003495,대한항공우,KOSPI,,44450,-650,-1.44,45100,45300,44000,26890,1191808850,49374793300,1110794
20210604,005880,대한해운,KOSPI,,3280,-45,-1.35,3315,3320,3275,1788531,5878106560,801209175200,244271090
20210604,003830,대한화섬,KOSPI,,149500,-1500,-0.99,153000,153000,149500,782,117980000,198536000000,1328000
20210604,016090,대현,KOSPI,,2940,0,0.00,2935,2970,2910,382118,1121723325,130189991400,44282310
20210604,069460,대호에이엘,KOSPI,,3960,-125,-3.06,4065,4085,3950,557954,2231815415,112033536120,28291297
20210604,192080,더블유게임즈,KOSPI,,67000,-800,-1.18,67200,67600,66700,71204,4779459300,1231091634000,18374502
20210604,012510,더존비즈온,KOSPI,,81400,200,0.25,81100,82700,80700,184716,15125163700,2469729805400,30340661
20210604,004830,덕성,KOSPI,,29150,-1550,-5.05,30250,31100,27500,2941234,86025503700,457072000000,15680000
20210604,004835,덕성우,KOSPI,,42000,-1950,-4.44,43950,43950,41300,52205,2197843800,58464000000,1392000
20210604,024900,덕양산업,KOSPI,,3630,-30,-0.82,3695,3705,3610,453362,1652082740,118210877400,32564980
20210604,145720,덴티움,KOSPI,,60500,1200,2.02,59700,60800,59300,79800,4803001100,669664215000,11068830
20210604,002150,도화엔지니어링,KOSPI,,9300,-150,-1.59,9410,9430,9260,115828,1077856640,313596000000,33720000
20210604,001230,동국제강,KOSPI,,22750,550,2.48,22250,22850,21800,2057021,46186550200,2171094766750,95432737
20210604,023450,동남합성,KOSPI,,52000,-400,-0.76,52400,52400,51900,1130,58754500,187720000000,3610000
20210604,004140,동방,KOSPI,,6480,-140,-2.11,6660,6670,6480,1278947,8394249240,259017043680,39971766
20210604,007590,동방아그로,KOSPI,,7990,-30,-0.37,7970,8000,7880,35822,284466430,108804440230,13617577
20210604,005960,동부건설,KOSPI,,13000,-50,-0.38,13000,13050,12800,76315,989851450,295441874000,22726298
20210604,005965,동부건설우,KOSPI,,61000,1400,2.35,60100,63000,60100,10824,669216100,13769652000,225732
20210604,026960,동서,KOSPI,,30550,-550,-1.77,30900,31100,30400,152957,4685961650,3045835000000,99700000
20210604,002210,동성제약,KOSPI,,10600,-50,-0.47,10650,10750,10600,123693,1320438400,276670282000,26100970
20210604,102260,동성케미컬,KOSPI,,6200,-30,-0.48,6230,6230,6130,192909,1189846120,308076313600,49689728
20210604,000640,동아쏘시오홀딩스,KOSPI,,122500,500,0.41,122000,123000,121500,11011,1345996000,754029885000,6155346
20210604,170900,동아에스티,KOSPI,,85400,500,0.59,85100,86000,84700,19053,1624981700,721106327200,8443868
20210604,028100,동아지질,KOSPI,,22700,-250,-1.09,22750,22900,22250,167163,3764587750,261050000000,11500000
20210604,282690,동아타이어,KOSPI,,13200,50,0.38,13150,13250,13000,14259,186982050,181275798000,13733015
20210604,001520,동양,KOSPI,,1460,20,1.39,1440,1475,1435,1230118,1795756380,348478731980,238684063
20210604,001527,동양2우B,KOSPI,,21850,-1600,-6.82,23450,23450,21600,13243,292021050,6742232650,308569
20210604,001529,동양3우B,KOSPI,,51300,-3400,-6.22,53700,53700,50800,10925,569862100,4602738600,89722
20210604,084670,동양고속,KOSPI,,26450,-350,-1.31,26800,26950,26150,43995,1163954400,76587800050,2895569
20210604,082640,동양생명,KOSPI,,5650,10,0.18,5660,5670,5580,275171,1546476400,911676005250,161358585
20210604,001525,동양우,KOSPI,,10750,-1250,-10.42,12350,12350,10750,38346,429718250,6640608250,617731
20210604,008970,동양철관,KOSPI,,1665,10,0.60,1635,1665,1605,2602170,4255862575,197944007850,118885290
20210604,092780,동양피스톤,KOSPI,,6290,90,1.45,6140,6340,6120,93423,585349420,82829613400,13168460
20210604,049770,동원F&B,KOSPI,,231000,-3500,-1.49,231500,233000,228500,7660,1764709500,891457644000,3859124
20210604,018500,동원금속,KOSPI,,1180,0,0.00,1185,1190,1150,518475,607363710,55170820940,46754933
20210604,006040,동원산업,KOSPI,,297000,8000,2.77,288500,297500,287500,7147,2101140500,1092259377000,3677641
20210604,030720,동원수산,KOSPI,,9470,30,0.32,9450,9470,9330,47178,444484690,44071533350,4653805
20210604,014820,동원시스템즈,KOSPI,,44400,-750,-1.66,44600,44850,44000,39596,1757151800,1137461888400,25618511
20210604,014825,동원시스템즈우,KOSPI,,37300,-850,-2.23,38000,38000,36950,1810,67189050,9897853400,265358
20210604,163560,동일고무벨트,KOSPI,,10250,0,0.00,10350,10350,10050,53780,547892400,142475000000,13900000
20210604,004890,동일산업,KOSPI,,98600,-200,-0.20,98700,98800,98500,719,70930900,239126199000,2425215
20210604,002690,동일제강,KOSPI,,4750,55,1.17,4690,4765,4640,179908,847556755,71250000000,15000000
20210604,000020,동화약품,KOSPI,,14700,100,0.68,14600,14800,14550,133900,1971513650,410592609000,27931470
20210604,000150,두산,KOSPI,,88100,2200,2.56,85600,89700,84900,287073,25342933900,1455749863500,16523835
20210604,000157,두산2우B,KOSPI,,85600,1100,1.30,84500,88000,83900,3723,320555500,76444052800,893038
20210604,241560,두산밥캣,KOSPI,,52000,-600,-1.14,52200,52900,51800,308833,16142545500,5212956632000,100249166
20210604,000155,두산우,KOSPI,,59300,1000,1.72,58300,60700,58300,30960,1839218900,236990196600,3996462
20210604,042670,두산인프라코어,KOSPI,,15450,850,5.82,14550,15850,14550,15634244,240747374900,3502969848000,226729440
20210604,034020,두산중공업,KOSPI,,25100,2350,10.33,22850,25400,22450,48657132,1184193888300,10604287557600,422481576
20210604,336260,두산퓨얼셀,KOSPI,,46500,50,0.11,46150,46700,45300,878828,40409200700,3045458259000,65493726
20210604,33626K,두산퓨얼셀1우,KOSPI,,15700,-100,-0.63,15800,15800,15500,55711,873121850,209817940000,13364200
20210604,33626L,두산퓨얼셀2우B,KOSPI,,18650,-150,-0.80,18550,18800,18350,8464,157107100,55694495000,2986300
20210604,016740,두올,KOSPI,,5310,140,2.71,5170,5340,5070,1435281,7542668060,143724070800,27066680
20210604,192650,드림텍,KOSPI,,11250,300,2.74,11000,11400,10950,1046365,11773282050,734549298750,65293271
20210604,024090,디씨엠,KOSPI,,18350,0,0.00,18200,18350,17950,18556,336863050,214695000000,11700000
20210604,003160,디아이,KOSPI,,7230,-130,-1.77,7240,7340,7170,186125,1347642440,227721755550,31496785
20210604,092200,디아이씨,KOSPI,,5480,60,1.11,5370,5600,5350,884429,4846679540,213109358120,38888569
20210604,013570,디와이,KOSPI,,6450,120,1.90,6330,6490,6250,409388,2620128940,169761632850,26319633
20210604,210540,디와이파워,KOSPI,,18850,400,2.17,18450,19250,18350,250416,4733212750,208136195800,11041708
20210604,007340,디티알오토모티브,KOSPI,,38200,350,0.92,37900,38350,37750,19403,738455950,381770991000,9994005
20210604,026890,디피씨,KOSPI,,15700,150,0.96,15550,16150,15350,2613467,41423631550,654347347500,41678175
20210604,115390,락앤락,KOSPI,,13950,-300,-2.11,14150,14200,13950,65732,922732550,739456550100,53007638
20210604,032350,롯데관광개발,KOSPI,,22050,-350,-1.56,22100,22350,21550,982876,21497242850,1527528347100,69275662
20210604,330590,롯데리츠,KOSPI,,5980,-60,-0.99,6050,6100,5890,1183970,7082145620,1452953926320,242968884
20210604,000400,롯데손해보험,KOSPI,,2105,-5,-0.24,2120,2180,2065,2016300,4292328045,653257953600,310336320
20210604,023530,롯데쇼핑,KOSPI,,120500,-2000,-1.63,122000,122000,120000,111595,13498926500,3408794977500,28288755
20210604,004000,롯데정밀화학,KOSPI,,66400,200,0.30,66600,67400,66100,170741,11376619000,1713120000000,25800000
20210604,286940,롯데정보통신,KOSPI,,40350,450,1.13,40200,40500,39950,19248,775569350,621241955850,15396331
20210604,280360,롯데제과,KOSPI,,148500,-500,-0.34,149000,150000,147000,11816,1757761500,952882474500,6416717
20210604,004990,롯데지주,KOSPI,,41800,300,0.72,41300,42550,40750,542127,22628004400,4385206106600,104909237
20210604,00499K,롯데지주우,KOSPI,,65500,-500,-0.76,65900,65900,65400,1745,114268700,64689306500,987623
20210604,005300,롯데칠성,KOSPI,,158000,-1000,-0.63,159000,159000,156000,38242,6032961000,1418069434000,8975123
20210604,005305,롯데칠성우,KOSPI,,84100,-200,-0.24,84300,84300,83200,1661,139105300,65203571000,775310
20210604,011170,롯데케미칼,KOSPI,,280500,-1500,-0.53,282000,282500,278500,160301,44859281000,9614255029500,34275419
20210604,002270,롯데푸드,KOSPI,,461500,6500,1.43,455500,466000,429000,4372,1995940000,522358005000,1131870
20210604,071840,롯데하이마트,KOSPI,,39200,-450,-1.13,39700,39950,39150,61255,2420268050,925422310400,23607712
20210604,027740,마니커,KOSPI,,777,5,0.65,797,798,771,5852622,4575960960,154213205538,198472594
20210604,204320,만도,KOSPI,,70000,3800,5.74,66900,70500,66200,2072154,142702395700,3286998400000,46957120
20210604,001080,만호제강,KOSPI,,23450,450,1.96,23000,23700,22750,15142,352654900,97317500000,4150000
20210604,088980,맥쿼리인프라,KOSPI,,12500,50,0.40,12450,12500,12400,607923,7582864850,4652406062500,372192485
20210604,094800,맵스리얼티1,KOSPI,,5030,-40,-0.79,5070,5080,5000,65581,329798110,466956684930,92834331
20210604,138040,메리츠금융지주,KOSPI,,18400,-200,-1.08,18650,18700,18200,137832,2543161650,2465807809600,134011294
20210604,008560,메리츠증권,KOSPI,,4550,-5,-0.11,4520,4585,4495,1594316,7217441740,3101874134450,681730579
20210604,000060,메리츠화재,KOSPI,,17850,-50,-0.28,17950,18000,17750,230046,4103020100,2153156250000,120625000
20210604,090370,메타랩스,KOSPI,,1175,-10,-0.84,1185,1185,1160,198963,233124155,75912422475,64606317
20210604,017180,명문제약,KOSPI,,5720,100,1.78,5630,5770,5620,527567,3013484630,194213756880,33953454
20210604,009900,명신산업,KOSPI,,25650,-100,-0.39,25400,25650,25300,169329,4307827400,1045984428000,40779120
20210604,012690,모나리자,KOSPI,,5330,40,0.76,5300,5350,5240,332734,1767951670,194924789150,36571255
20210604,005360,모나미,KOSPI,,5840,-180,-2.99,6140,6150,5840,1040296,6217857640,110360272880,18897307
20210604,204210,모두투어리츠,KOSPI,,4910,-240,-4.66,5180,5180,4900,380227,1891153070,38429661650,7826815
20210604,009680,모토닉,KOSPI,,12600,100,0.80,12500,12600,12350,36164,451632100,415800000000,33000000
20210604,009580,무림P&P,KOSPI,,5470,-30,-0.55,5470,5570,5430,250713,1376574420,341154732280,62368324
20210604,009200,무림페이퍼,KOSPI,,2960,-20,-0.67,3000,3010,2950,110394,328745205,123163557600,41609310
20210604,033920,무학,KOSPI,,9130,0,0.00,9130,9190,9090,31961,291642290,260205000000,28500000
20210604,008420,문배철강,KOSPI,,5400,120,2.27,5270,5450,5200,769826,4127186800,110718927000,20503505
20210604,025560,미래산업,KOSPI,,18250,250,1.39,18000,18450,17750,51542,937115700,68119676250,3732585
20210604,007120,미래아이앤지,KOSPI,,577,1,0.17,580,583,550,1540794,882611674,74712353396,129484148
20210604,357250,미래에셋맵스리츠,KOSPI,,5200,-30,-0.57,5230,5240,5190,72111,375291720,104520000000,20100000
20210604,085620,미래에셋생명,KOSPI,,4335,70,1.64,4265,4395,4245,343125,1489390095,767365179315,177016189
20210604,006800,미래에셋증권,KOSPI,,9960,-40,-0.40,10000,10050,9930,1564619,15587677320,6327751423680,635316408
20210604,00680K,미래에셋증권2우B,KOSPI,,4885,5,0.10,4880,4885,4865,217969,1062725550,683900000000,140000000
20210604,006805,미래에셋증권우,KOSPI,,6520,20,0.31,6450,6560,6400,69062,449247820,91773890000,14075750
20210604,002840,미원상사,KOSPI,,215500,-2000,-0.92,213500,216500,213500,1956,421707500,1071035000000,4970000
20210604,268280,미원에스씨,KOSPI,,172000,1500,0.88,171000,172000,170000,759,129489000,877200000000,5100000
20210604,107590,미원홀딩스,KOSPI,,124000,0,0.00,122500,125000,122000,1202,148256500,287680000000,2320000
20210604,134380,미원화학,KOSPI,,76300,100,0.13,76300,76700,76200,162,12354400,167804148400,2199268
20210604,003650,미창석유,KOSPI,,89400,-600,-0.67,90200,90200,89100,1038,92796400,155526676800,1739672
20210604,155900,바다로19호,KOSPI,,2900,90,3.20,2830,3200,2800,2265552,6735482100,44080011600,15200004
20210604,003610,방림,KOSPI,,2655,5,0.19,2675,2690,2645,167365,445651045,112343908950,42314090
20210604,001340,백광산업,KOSPI,,5830,-40,-0.68,5870,5950,5800,903589,5294490870,261874312810,44918407
20210604,035150,백산,KOSPI,,10200,-150,-1.45,10300,10650,10100,767458,7941024700,246840000000,24200000
20210604,002410,범양건영,KOSPI,,4200,60,1.45,4140,4205,4130,281707,1177283515,104294324400,24831982
20210604,096300,베트남개발1,KOSPI,,227,0,0.00,227,229,226,115218,26177292,31253407897,137680211
20210604,007210,벽산,KOSPI,,4420,-30,-0.67,4405,4560,4390,4067279,18243390565,303035200000,68560000
20210604,002760,보락,KOSPI,,2475,15,0.61,2460,2505,2440,2515655,6341277440,148252500000,59900000
20210604,003850,보령제약,KOSPI,,23350,100,0.43,23250,23750,23050,283552,6641643400,1217002000000,52120000
20210604,000890,보해양조,KOSPI,,1210,-20,-1.63,1225,1225,1195,4035376,4863864970,165511034590,136785979
20210604,003000,부광약품,KOSPI,,21150,200,0.95,20950,22450,20800,1093869,23466530300,1502983486350,71063049
20210604,001270,부국증권,KOSPI,,25200,-200,-0.79,25450,25450,25100,3322,83634400,261321127200,10369886
20210604,001275,부국증권우,KOSPI,,22550,50,0.22,22500,22550,22500,115,2589600,67650000000,3000000
20210604,026940,부국철강,KOSPI,,4805,-10,-0.21,4815,4855,4775,155790,749060945,96100000000,20000000
20210604,015350,부산가스,KOSPI,,65400,300,0.46,65400,65600,64100,9813,635060000,719400000000,11000000
20210604,011390,부산산업,KOSPI,,158500,4000,2.59,154000,162000,152000,36976,5841743500,167376000000,1056000
20210604,005030,부산주공,KOSPI,,595,27,4.75,568,665,568,4996839,3069473074,33825462615,56849517
20210604,002070,비비안,KOSPI,,3665,-45,-1.21,3710,3755,3635,458849,1685481765,101909814625,27806225
20210604,100220,비상교육,KOSPI,,10750,400,3.86,10250,11050,10250,435768,4681278800,139714965750,12996741
20210604,030790,비케이탑스,KOSPI,,9030,40,0.44,9190,9300,8900,257341,2318419050,118544476470,13127849
20210604,005180,빙그레,KOSPI,,64300,1900,3.04,63900,65300,63800,316864,20476917400,633434796300,9851241
20210604,003960,사조대림,KOSPI,,27550,-150,-0.54,27600,28100,27300,72655,2003399200,252481065850,9164467
20210604,008040,사조동아원,KOSPI,,1470,30,2.08,1440,1480,1420,1778517,2579267995,207482562000,141144600
20210604,007160,사조산업,KOSPI,,60500,500,0.83,60100,62800,59400,64703,3948416400,302500000000,5000000
20210604,014710,사조씨푸드,KOSPI,,6530,-20,-0.31,6570,6650,6500,282311,1852333870,112437085790,17218543
20210604,006090,사조오양,KOSPI,,12550,-150,-1.18,12700,12700,12350,99932,1253649200,118255374450,9422739
20210604,001470,삼부토건,KOSPI,,3080,50,1.65,3025,3180,3000,6381841,19935681665,423642813440,137546368
20210604,006400,삼성SDI,KOSPI,,621000,1000,0.16,612000,624000,611000,176166,108749219000,42702773130000,68764530
20210604,006405,삼성SDI우,KOSPI,,398000,-3000,-0.75,400000,401500,395000,7692,3064195500,643922608000,1617896
20210604,006660,삼성공조,KOSPI,,14800,-250,-1.66,14700,15000,13800,406614,5825417800,120269447200,8126314
20210604,028260,삼성물산,KOSPI,,140000,-2000,-1.41,141000,142000,139500,378782,53198301500,26164191340000,186887081
20210604,02826K,삼성물산우B,KOSPI,,139500,3000,2.20,136500,140500,134000,32241,4479061500,227025787500,1627425
20210604,207940,삼성바이오로직스,KOSPI,,840000,16000,1.94,819000,842000,818000,104312,86736033000,55578600000000,66165000
20210604,032830,삼성생명,KOSPI,,84300,-300,-0.35,84300,85000,84200,235581,19910296900,16860000000000,200000000
20210604,018260,삼성에스디에스,KOSPI,,186000,500,0.27,184500,186500,182500,119416,22066640500,14392270800000,77377800
20210604,028050,삼성엔지니어링,KOSPI,,19600,-50,-0.25,19500,19950,19400,2314349,45434083350,3841600000000,196000000
20210604,009150,삼성전기,KOSPI,,179000,-1000,-0.56,178500,181000,177000,463340,82879696500,13370171584000,74693696
20210604,009155,삼성전기우,KOSPI,,109000,-1000,-0.91,109000,110000,108000,10615,1154090500,316861256000,2906984
20210604,005930,삼성전자,KOSPI,,82200,-600,-0.72,82700,82700,81500,18112259,1487791197200,490716125610000,5969782550
20210604,005935,삼성전자우,KOSPI,,74100,0,0.00,74300,74300,73600,868312,64206640000,60975904470000,822886700
20210604,001360,삼성제약,KOSPI,,10450,-200,-1.88,10900,11450,10050,17809254,192876142050,701295602150,67109627
20210604,010140,삼성중공업,KOSPI,,7030,620,9.67,6370,7260,6350,61667025,426916196290,4428900000000,630000000
20210604,010145,삼성중공우,KOSPI,,324500,10000,3.18,316000,340000,316000,6371,2114848500,37267202500,114845
20210604,016360,삼성증권,KOSPI,,46450,-400,-0.85,46500,46800,46200,361992,16823981350,4147985000000,89300000
20210604,068290,삼성출판사,KOSPI,,44800,-1700,-3.66,46250,46300,44800,286375,12964613800,448000000000,10000000
20210604,029780,삼성카드,KOSPI,,33500,-300,-0.89,33750,33950,33500,177216,5962056750,3881272848500,115858891
20210604,000810,삼성화재,KOSPI,,214500,2500,1.18,211000,215500,210500,120351,25712975500,10161902536500,47374837
20210604,000815,삼성화재우,KOSPI,,163500,500,0.31,163000,164000,162000,5766,941052500,521892000000,3192000
20210604,006110,삼아알미늄,KOSPI,,12100,100,0.83,12000,12150,11900,110889,1335492050,133100000000,11000000
20210604,145990,삼양사,KOSPI,,65900,400,0.61,65300,67500,64900,87488,5820083200,679656289100,10313449
20210604,145995,삼양사우,KOSPI,,50600,200,0.40,50400,51100,50400,2965,150496600,18725542000,370070
20210604,003230,삼양식품,KOSPI,,89900,-200,-0.22,90200,90300,89400,22914,2057319100,677218048500,7533015
20210604,002170,삼양통상,KOSPI,,78700,-1600,-1.99,80200,80200,78500,4721,373260700,236100000000,3000000
20210604,272550,삼양패키징,KOSPI,,28850,0,0.00,28600,29000,28500,8895,255884450,409952845400,14209804
20210604,000070,삼양홀딩스,KOSPI,,113500,-1000,-0.87,113500,115500,112000,21585,2454271000,972044758500,8564271
20210604,000075,삼양홀딩스우,KOSPI,,77000,600,0.79,76400,77000,76100,1183,90450300,23412466000,304058
20210604,002810,삼영무역,KOSPI,,16500,-100,-0.60,16550,16600,16350,13978,230138250,304704642000,18466948
20210604,005680,삼영전자,KOSPI,,13600,-200,-1.45,13650,13950,13550,85991,1179834900,272000000000,20000000
20210604,003720,삼영화학,KOSPI,,3165,375,13.44,2800,3400,2775,9783907,31246630200,107610000000,34000000
20210604,023000,삼원강재,KOSPI,,3810,100,2.70,3680,3845,3645,255018,958198320,152400000000,40000000
20210604,004380,삼익THK,KOSPI,,13850,-150,-1.07,14000,14000,13750,43195,598169200,290850000000,21000000
20210604,002450,삼익악기,KOSPI,,1970,25,1.29,1955,1980,1935,613230,1203529630,178345902550,90530915
20210604,004440,삼일씨엔에스,KOSPI,,14900,-100,-0.67,15000,15150,14700,53290,790609850,189706010300,12731947
20210604,000520,삼일제약,KOSPI,,9570,-30,-0.31,9630,9670,9500,36519,349065420,128341949340,13410862
20210604,009770,삼정펄프,KOSPI,,36400,50,0.14,36350,36700,35650,2026,73353950,90998944400,2499971
20210604,005500,삼진제약,KOSPI,,27350,-500,-1.80,27950,28000,27000,80210,2190692400,380165000000,13900000
20210604,004690,삼천리,KOSPI,,93800,800,0.86,93300,94300,93200,6040,566873300,380361345000,4055025
20210604,010960,삼호개발,KOSPI,,6440,20,0.31,6400,6540,6320,546575,3517164270,161000000000,25000000
20210604,004450,삼화왕관,KOSPI,,43650,-50,-0.11,43700,43700,43250,1109,48317500,94038643350,2154379
20210604,009470,삼화전기,KOSPI,,33800,-150,-0.44,33900,33950,33250,55329,1860591150,223547116000,6613820
20210604,011230,삼화전자,KOSPI,,4130,30,0.73,4100,4145,4055,64263,263625710,43191292200,10457940
20210604,001820,삼화콘덴서,KOSPI,,61500,-800,-1.28,62100,62100,61100,60067,3686711600,639292500000,10395000
20210604,000390,삼화페인트,KOSPI,,12950,-100,-0.77,13000,13000,12750,87225,1122753400,352284923550,27203469
20210604,001290,상상인증권,KOSPI,,1360,25,1.87,1320,1370,1320,304893,411507530,131776468320,96894462
20210604,041650,상신브레이크,KOSPI,,5100,105,2.10,5000,5130,4970,627508,3178864585,109504395000,21471450
20210604,075180,새론오토모티브,KOSPI,,6170,-10,-0.16,6190,6400,6120,92437,579298540,118464000000,19200000
20210604,007540,샘표,KOSPI,,58900,800,1.38,58000,59700,57600,18304,1075749900,169384620000,2875800
20210604,248170,샘표식품,KOSPI,,65200,2800,4.49,61800,67600,61400,79478,5192025300,297852247200,4568286
20210604,007860,서연,KOSPI,,21800,-1250,-5.42,22900,23700,21050,2220133,49556599950,511860599200,23479844
20210604,200880,서연이화,KOSPI,,9880,-170,-1.69,10050,10200,9730,468400,4649334170,267040957560,27028437
20210604,017390,서울가스,KOSPI,,131500,-1000,-0.75,132500,132500,129500,6974,911796000,657500000000,5000000
20210604,004410,서울식품,KOSPI,,365,-9,-2.41,375,375,361,15507998,5658261719,134307549120,367965888
20210604,004415,서울식품우,KOSPI,,5590,-70,-1.24,5660,5660,5590,8038,45188660,12434955000,2224500
20210604,021050,서원,KOSPI,,2610,-5,-0.19,2605,2635,2585,471286,1233357285,123908679900,47474590
20210604,008490,서흥,KOSPI,,56700,0,0.00,56700,56900,56100,18908,1068325200,655968707100,11569113
20210604,007610,선도전기,KOSPI,,4120,55,1.35,4040,4130,4015,388183,1587410380,74160000000,18000000
20210604,136490,선진,KOSPI,,17400,-150,-0.85,17550,17700,17350,115532,2021232750,413765109600,23779604
20210604,014910,성문전자,KOSPI,,2470,5,0.20,2465,2505,2420,236547,584320465,48132536790,19486857
20210604,014915,성문전자우,KOSPI,,10200,-250,-2.39,10350,10350,10150,10474,106892400,6120000000,600000
20210604,003080,성보화학,KOSPI,,5190,-180,-3.35,5380,5380,5190,186544,981501360,103903800000,20020000
20210604,004980,성신양회,KOSPI,,12250,-150,-1.21,12400,12400,12100,222038,2715028600,300321894250,24516073
20210604,004985,성신양회우,KOSPI,,17050,-50,-0.29,16950,17250,16750,20814,352912500,12542747250,735645
20210604,011300,성안,KOSPI,,787,0,0.00,0,0,0,0,0,44747135820,56857860
20210604,000180,성창기업지주,KOSPI,,2900,-35,-1.19,2935,2935,2895,490387,1426019665,202279640000,69751600
20210604,002420,세기상사,KOSPI,,6160,0,0.00,0,0,0,0,0,25107667200,4075920
20210604,004360,세방,KOSPI,,14450,-350,-2.36,14550,14650,14450,105659,1535630500,279010570500,19308690
20210604,004365,세방우,KOSPI,,8630,0,0.00,8750,8750,8450,8440,72164670,31838227500,3689250
20210604,004490,세방전지,KOSPI,,99600,-900,-0.90,100000,100500,98000,89487,8877960900,1394400000000,14000000
20210604,001430,세아베스틸,KOSPI,,32950,2000,6.46,31300,33100,30650,933406,30273298550,1181656821050,35862119
20210604,306200,세아제강,KOSPI,,114000,1000,0.88,113000,115000,111000,19403,2200160000,323338200000,2836300
20210604,003030,세아제강지주,KOSPI,,71000,-400,-0.56,71400,72000,70200,3003,213573400,294057647000,4141657
20210604,019440,세아특수강,KOSPI,,17500,100,0.57,17500,17800,17200,30396,531007150,149975000000,8570000
20210604,058650,세아홀딩스,KOSPI,,105500,1500,1.44,104000,106500,103000,1508,159105000,422000000000,4000000
20210604,013000,세우글로벌,KOSPI,,2470,0,0.00,0,0,0,0,0,70901426570,28705031
20210604,091090,세원이앤씨,KOSPI,,2070,-50,-2.36,2155,2185,2070,5493656,11768217435,146734862490,70886407
20210604,021820,세원정공,KOSPI,,8090,0,0.00,0,0,0,0,0,80900000000,10000000
20210604,067830,세이브존I&C,KOSPI,,4070,-10,-0.25,4130,4130,4005,180355,733480320,167036442650,41040895
20210604,033530,세종공업,KOSPI,,8970,290,3.34,8680,9030,8650,381921,3411121800,249554020170,27820961
20210604,075580,세진중공업,KOSPI,,7240,140,1.97,7030,7330,7010,791553,5731851110,411590061440,56849456
20210604,027970,세하,KOSPI,,2150,-25,-1.15,2165,2170,2140,510004,1099348710,123760443550,57562997
20210604,145210,세화아이엠씨,KOSPI,,912,-66,-6.75,940,965,902,11815345,10892354429,143738327280,157607815
20210604,308170,센트랄모텍,KOSPI,,26700,-150,-0.56,26800,26850,26500,32290,861537500,229887000000,8610000
20210604,012600,센트럴인사이트,KOSPI,,2490,0,0.00,0,0,0,0,0,33838831080,13589892
20210604,068270,셀트리온,KOSPI,,267000,500,0.19,265500,268500,263000,456306,121133168500,36823714578000,137916534
20210604,336370,솔루스첨단소재,KOSPI,,49600,-700,-1.39,50200,50300,49500,154771,7691353400,1517251996800,30589758
20210604,33637K,솔루스첨단소재1우,KOSPI,,16700,-50,-0.30,16800,16800,16450,13150,218047100,123018880000,7366400
20210604,33637L,솔루스첨단소재2우B,KOSPI,,27700,-550,-1.95,27900,28100,27650,1618,44929050,45595585000,1646050
20210604,248070,솔루엠,KOSPI,,26500,150,0.57,26350,26900,26350,546310,14503456100,1307480452500,49338885
20210604,004430,송원산업,KOSPI,,20050,-300,-1.47,20250,20400,20000,257736,5193329500,481200000000,24000000
20210604,017550,수산중공업,KOSPI,,5170,-90,-1.71,5240,5250,5100,773323,4002801890,279103292710,53985163
20210604,053210,스카이라이프,KOSPI,,10100,130,1.30,9970,10250,9910,173769,1751301170,483001856600,47821966
20210604,134790,시디즈,KOSPI,,79000,-600,-0.75,79500,79500,78300,3190,250842700,158000000000,2000000
20210604,016590,신대양제지,KOSPI,,91100,200,0.22,90900,91800,88600,33868,3060299500,367113140200,4029782
20210604,029530,신도리코,KOSPI,,35700,100,0.28,35600,36100,35150,12710,451658400,359857035300,10080029
20210604,004970,신라교역,KOSPI,,14350,0,0.00,14400,14450,14150,38462,549608850,229600000000,16000000
20210604,011930,신성이엔지,KOSPI,,2875,5,0.17,2865,2890,2835,1222132,3490254055,583696167750,203024754
20210604,005390,신성통상,KOSPI,,2605,-65,-2.43,2680,2680,2575,4174386,10945120935,374360355950,143708390
20210604,004170,신세계,KOSPI,,306000,-12500,-3.92,317500,317500,304500,192768,59349850000,3012625386000,9845181
20210604,035510,신세계 I&C,KOSPI,,173500,-1000,-0.57,174500,174500,172000,3609,625304500,298420000000,1720000
20210604,034300,신세계건설,KOSPI,,46550,-50,-0.11,46600,46950,46300,24438,1137735750,186200000000,4000000
20210604,031430,신세계인터내셔날,KOSPI,,223000,-1000,-0.45,226000,226500,222000,36082,8078873000,1592220000000,7140000
20210604,031440,신세계푸드,KOSPI,,105000,-4000,-3.67,111000,111000,105000,36748,3917980500,406610400000,3872480
20210604,006880,신송홀딩스,KOSPI,,5610,-130,-2.26,5740,5760,5570,44079,248384210,66359893380,11828858
20210604,005800,신영와코루,KOSPI,,128000,500,0.39,127500,129500,125000,2157,273345500,115200000000,900000
20210604,001720,신영증권,KOSPI,,64900,500,0.78,64900,65000,64000,13559,873682500,609166781300,9386237
20210604,001725,신영증권우,KOSPI,,64800,-300,-0.46,65200,65200,64500,1784,115335200,457083842400,7053763
20210604,009270,신원,KOSPI,,2010,-20,-0.99,2015,2035,1985,1494380,3000325420,170935422990,85042499
20210604,009275,신원우,KOSPI,,53800,500,0.94,53400,53800,53000,2284,121398500,4881812000,90740
20210604,002700,신일전자,KOSPI,,2060,5,0.24,2065,2065,2030,1064592,2182970900,146357893260,71047521
20210604,019170,신풍제약,KOSPI,,64900,-800,-1.22,65800,66600,64700,689053,45162444800,3438725851000,52984990
20210604,019175,신풍제약우,KOSPI,,76000,-600,-0.78,76400,77500,75900,6550,500913700,167200000000,2200000
20210604,002870,신풍제지,KOSPI,,3460,15,0.44,3445,3470,3420,108664,375233080,120957102000,34958700
20210604,293940,신한알파리츠,KOSPI,,8730,-20,-0.23,8840,8840,8220,139957,1213980840,456841973790,52330123
20210604,055550,신한지주,KOSPI,,42450,-150,-0.35,42350,43000,42300,1174125,49956467250,21929651067300,516599554
20210604,001770,신화실업,KOSPI,,29800,-250,-0.83,30050,30350,29750,6429,192210300,36203364400,1214878
20210604,004080,신흥,KOSPI,,14750,150,1.03,14550,14850,14450,33036,486485850,140125000000,9500000
20210604,102280,쌍방울,KOSPI,,696,5,0.72,691,705,680,8113262,5637577107,168484395576,242075281
20210604,003410,쌍용C&E,KOSPI,,7830,40,0.51,7800,7860,7750,987222,7704663240,3945220628850,503859595
20210604,003620,쌍용차,KOSPI,,2770,0,0.00,0,0,0,0,0,415056805540,149840002
20210604,004770,써니전자,KOSPI,,3675,55,1.52,3635,3710,3595,780628,2858633770,128055415425,34845011
20210604,015540,쎌마테라퓨틱스,KOSPI,,6410,0,0.00,0,0,0,0,0,86229499400,13452340
20210604,004920,씨아이테크,KOSPI,,1870,60,3.31,1800,1885,1755,907729,1682710295,74709714530,39951719
20210604,112610,씨에스윈드,KOSPI,,80200,1700,2.17,80000,81800,78600,1342950,107904560800,3382146520600,42171403
20210604,008700,아남전자,KOSPI,,2950,-40,-1.34,2960,2985,2930,1764345,5209399785,227518219000,77124820
20210604,002790,아모레G,KOSPI,,77800,-500,-0.64,77000,78900,77000,125619,9768208600,6415246404000,82458180
20210604,00279K,아모레G3우(전환),KOSPI,,51300,-200,-0.39,51900,51900,50900,4244,217631900,363829860000,7092200
20210604,002795,아모레G우,KOSPI,,27550,-200,-0.72,27600,27850,27200,47891,1319292200,177525863500,6443770
20210604,090430,아모레퍼시픽,KOSPI,,280000,0,0.00,278500,282500,278000,109518,30681677500,16368377200000,58458490
20210604,090435,아모레퍼시픽우,KOSPI,,102000,1500,1.49,100500,102000,100500,24914,2525672000,1076898660000,10557830
20210604,002030,아세아,KOSPI,,136000,-1500,-1.09,137000,137000,135000,1803,244866000,297979264000,2191024
20210604,183190,아세아시멘트,KOSPI,,133000,-4500,-3.27,137500,137500,131500,25925,3448809000,518142597000,3895809
20210604,002310,아세아제지,KOSPI,,55600,-400,-0.71,56300,56300,55000,29235,1619308100,497981511200,8956502
20210604,012170,아센디오,KOSPI,,3080,-115,-3.60,3170,3170,3080,73159,227868895,195608323680,63509196
20210604,267850,아시아나IDT,KOSPI,,24350,0,0.00,0,0,0,0,0,270285000000,11100000
20210604,020560,아시아나항공,KOSPI,,17200,0,0.00,0,0,0,0,0,1279882340800,74411764
20210604,122900,아이마켓코리아,KOSPI,,11050,-100,-0.90,11100,11200,11000,135342,1500848350,369388682000,33428840
20210604,010780,아이에스동서,KOSPI,,59300,200,0.34,59100,60500,58500,100755,6013341800,1831931535800,30892606
20210604,001780,알루코,KOSPI,,5830,510,9.59,5240,5830,5210,21307920,119983436770,485932901960,83350412
20210604,018250,애경산업,KOSPI,,28950,-400,-1.36,29300,29300,28700,197544,5717040400,764567618250,26409935
20210604,161000,애경유화,KOSPI,,12900,-50,-0.39,12750,13050,12700,175100,2253111650,413316000000,32040000
20210604,011090,에넥스,KOSPI,,3420,35,1.03,3345,3450,3205,24742277,82162769010,205171412220,59991641
20210604,005850,에스엘,KOSPI,,34000,2050,6.42,32000,34850,31950,1110574,37408760350,1638911418000,48203277
20210604,012750,에스원,KOSPI,,81200,-100,-0.12,80900,81400,80900,48161,3904123100,3085533253600,37999178
20210604,023960,에쓰씨엔지니어링,KOSPI,,4550,0,0.00,4555,4660,4510,350854,1617146400,131179170850,28830587
20210604,298690,에어부산,KOSPI,,3575,0,0.00,0,0,0,0,0,293400250000,82070000
20210604,140910,에이리츠,KOSPI,,16900,850,5.30,16100,16900,15450,198370,3197583650,71273891000,4217390
20210604,078520,에이블씨엔씨,KOSPI,,8940,-130,-1.43,9100,9100,8820,130432,1167772430,241679123460,27033459
20210604,015260,에이엔피,KOSPI,,1645,40,2.49,1610,1650,1590,577922,938709050,35904442805,21826409
20210604,007460,에이프로젠 KIC,KOSPI,,2195,35,1.62,2160,2215,2145,3576756,7826876090,422132188860,192315348
20210604,003060,에이프로젠제약,KOSPI,,1235,20,1.65,1215,1245,1210,1781833,2194032195,492241072245,398575767
20210604,244920,에이플러스에셋,KOSPI,,8910,-90,-1.00,9120,9120,8910,128572,1155016430,201434544630,22607693
20210604,036570,엔씨소프트,KOSPI,,843000,-8000,-0.94,842000,849000,834000,74482,62484443100,18507240546000,21954022
20210604,138250,엔에스쇼핑,KOSPI,,14350,0,0.00,14400,14450,14100,61012,872278300,483537600000,33696000
20210604,380440,엔에이치스팩19호,KOSPI,,2170,-25,-1.14,2180,2225,2160,544700,1189760855,111299300000,51290000
20210604,085310,엔케이,KOSPI,,1310,20,1.55,1285,1320,1275,543904,705775700,104778191120,79983352
20210604,009810,엔케이물산,KOSPI,,676,22,3.36,654,680,645,2227869,1491906315,53700905960,79439210
20210604,900140,엘브이엠씨홀딩스,KOSPI,,3760,25,0.67,3735,3770,3705,327486,1225319240,373951916720,99455297
20210604,014440,영보화학,KOSPI,,5140,120,2.39,5020,5150,4965,293549,1492140385,102800000000,20000000
20210604,111770,영원무역,KOSPI,,46000,100,0.22,45800,46300,45100,126402,5764273500,2038327528000,44311468
20210604,009970,영원무역홀딩스,KOSPI,,50100,550,1.11,49550,50200,48600,21276,1054444500,683143159200,13635592
20210604,003520,영진약품,KOSPI,,6180,-30,-0.48,6190,6250,6180,664931,4120076470,1130277077580,182892731
20210604,000670,영풍,KOSPI,,685000,-7000,-1.01,692000,692000,685000,1727,1186645000,1261797400000,1842040
20210604,006740,영풍제지,KOSPI,,7330,260,3.68,7080,7420,6980,724397,5291410760,162726000000,22200000
20210604,012280,영화금속,KOSPI,,2045,40,2.00,2020,2070,2005,2913328,5940422965,109191762725,53394505
20210604,012160,영흥,KOSPI,,1205,10,0.84,1190,1210,1190,338172,405695350,118352569500,98217900
20210604,015360,예스코홀딩스,KOSPI,,39000,-100,-0.26,39100,39100,37900,4428,171316050,234000000000,6000000
20210604,007310,오뚜기,KOSPI,,544000,-2000,-0.37,546000,548000,544000,8244,4498872000,1997557664000,3671981
20210604,002630,오리엔트바이오,KOSPI,,1730,30,1.76,1715,1745,1690,2186728,3764953425,205148598650,118583005
20210604,271560,오리온,KOSPI,,119000,500,0.42,118500,119500,118500,45515,5419475500,4704799708000,39536132
20210604,001800,오리온홀딩스,KOSPI,,17550,0,0.00,17500,17650,17250,139203,2431056150,1099427156100,62645422
20210604,070960,용평리조트,KOSPI,,5670,-40,-0.70,5640,5720,5560,351756,1985554320,272915998110,48133333
20210604,316140,우리금융지주,KOSPI,,11600,250,2.20,11300,11800,11300,3627664,42192480300,8378305122800,722267683
20210604,033660,우리금융캐피탈,KOSPI,,12050,200,1.69,11850,12400,11800,196186,2383963950,693427974500,57545890
20210604,118000,우리들휴브레인,KOSPI,,1975,0,0.00,1955,2010,1950,819558,1619811115,105781316000,53560160
20210604,010050,우리종금,KOSPI,,955,32,3.47,924,960,915,33794087,31825725528,834864252730,874203406
20210604,006980,우성사료,KOSPI,,38000,50,0.13,37950,38050,37300,20218,763991550,117420000000,3090000
20210604,017370,우신시스템,KOSPI,,5370,50,0.94,5320,5390,5240,37818,200562340,98346469980,18314054
20210604,105840,우진,KOSPI,,8280,260,3.24,8390,8840,8120,10167611,85609323190,167506420320,20230244
20210604,010400,우진아이엔에스,KOSPI,,9000,60,0.67,8940,9080,8900,25367,228138620,68598000000,7622000
20210604,049800,우진플라임,KOSPI,,4115,-15,-0.36,4130,4160,4090,48957,200921790,82300000000,20000000
20210604,016880,웅진,KOSPI,,3685,-150,-3.91,4070,4165,3650,24245437,95699441165,292509146050,79378330
20210604,095720,웅진씽크빅,KOSPI,,4310,-90,-2.05,4505,4555,4305,4249984,18848231270,497830795350,115505985
20210604,005820,원림,KOSPI,,26350,-100,-0.38,26350,26550,25700,5542,145307150,60551509500,2297970
20210604,010600,웰바이오텍,KOSPI,,3515,-5,-0.14,3520,3570,3410,734158,2564620340,203663423450,57941230
20210604,008600,윌비스,KOSPI,,2795,-5,-0.18,2710,2800,2650,16141112,43885514545,183832494040,65771912
20210604,033270,유나이티드제약,KOSPI,,52000,-1100,-2.07,52900,53300,51400,213917,11189583200,844730744000,16244822
20210604,014830,유니드,KOSPI,,77200,-1100,-1.40,78300,78300,77000,34475,2665442300,686295879600,8889843
20210604,000910,유니온,KOSPI,,8350,20,0.24,8320,8540,8230,641895,5369604390,130357018650,15611619
20210604,047400,유니온머티리얼,KOSPI,,4120,0,0.00,4105,4170,4055,1384601,5695738690,173040000000,42000000
20210604,011330,유니켐,KOSPI,,1715,-5,-0.29,1730,1730,1710,432686,742862360,117838238245,68710343
20210604,077500,유니퀘스트,KOSPI,,11600,-150,-1.28,11700,11700,11500,162341,1885707450,317004510000,27327975
20210604,002920,유성기업,KOSPI,,3990,70,1.79,3920,4115,3910,908787,3653830555,103530525000,25947500
20210604,000700,유수홀딩스,KOSPI,,8150,140,1.75,8010,8210,7950,231431,1876923170,212240767800,26041812
20210604,003470,유안타증권,KOSPI,,4950,100,2.06,4870,5010,4765,1960200,9641046560,988003051200,199596576
20210604,003475,유안타증권우,KOSPI,,5060,70,1.40,4990,5090,4970,60673,305024180,65335792720,12912212
20210604,011690,유양디앤유,KOSPI,,2440,0,0.00,0,0,0,0,0,359254954280,147235637
20210604,072130,유엔젤,KOSPI,,4220,-20,-0.47,4240,4245,4185,82977,349429825,55684815880,13195454
20210604,000220,유유제약,KOSPI,,9240,-90,-0.96,9340,9350,9210,180413,1668663140,154637535360,16735664
20210604,000225,유유제약1우,KOSPI,,14000,-250,-1.75,14500,14500,14000,22295,314966150,31737020000,2266930
20210604,000227,유유제약2우B,KOSPI,,28700,-600,-2.05,30400,30400,28550,2698,78806650,9343572000,325560
20210604,001200,유진투자증권,KOSPI,,4690,-130,-2.70,4795,4815,4670,1614685,7639467625,454303500420,96866418
20210604,000100,유한양행,KOSPI,,63600,-600,-0.93,64200,64800,63600,215391,13742846500,4450280192400,69972959
20210604,000105,유한양행우,KOSPI,,61100,-200,-0.33,61600,61600,61100,2739,167866800,72155434000,1180940
20210604,003460,유화증권,KOSPI,,2810,20,0.72,2790,2830,2775,237965,670206985,159333786150,56702415
20210604,003465,유화증권우,KOSPI,,2860,15,0.53,2905,2905,2855,6022,17245585,49982575500,17476425
20210604,008730,율촌화학,KOSPI,,21750,-200,-0.91,21850,21850,21600,46901,1018425250,539400000000,24800000
20210604,008250,이건산업,KOSPI,,15400,-200,-1.28,15600,15600,15250,166500,2555407000,168670579000,10952635
20210604,025820,이구산업,KOSPI,,4115,-55,-1.32,4100,4160,4050,678838,2782543745,137613830000,33442000
20210604,214320,이노션,KOSPI,,66200,0,0.00,65300,67100,64900,66201,4370905800,1324000000000,20000000
20210604,088260,이리츠코크렙,KOSPI,,6710,-20,-0.30,6730,6850,6610,69542,471007350,425022068900,63341590
20210604,139480,이마트,KOSPI,,161000,1500,0.94,159000,161500,158000,126034,20138779500,4488006859000,27875819
20210604,007660,이수페타시스,KOSPI,,3680,15,0.41,3700,3740,3620,291286,1072883235,151867704640,41268398
20210604,005950,이수화학,KOSPI,,12600,0,0.00,12600,12700,12400,279447,3505295200,342446504400,27178294
20210604,015020,이스타코,KOSPI,,4090,-80,-1.92,4350,4365,4085,1715149,7183154370,175263044000,42851600
20210604,093230,이아이디,KOSPI,,540,23,4.45,520,545,515,144852898,76870610201,417604972680,773342542
20210604,074610,이엔플러스,KOSPI,,4250,40,0.95,4230,4315,4130,536045,2262716230,201195675750,47340159
20210604,102460,이연제약,KOSPI,,36500,5500,17.74,30800,39900,30750,10447611,383190830750,656948060500,17998577
20210604,084680,이월드,KOSPI,,3865,-30,-0.77,3925,4025,3850,5944727,23497187515,410230701905,106139897
20210604,350520,이지스레지던스리츠,KOSPI,,5250,-30,-0.57,5330,5330,5220,124341,655578660,108150000000,20600000
20210604,334890,이지스밸류리츠,KOSPI,,5510,0,0.00,5510,5550,5400,173396,951990150,132240000000,24000000
20210604,000760,이화산업,KOSPI,,21100,-250,-1.17,21450,21800,21100,6000,128354450,59080000000,2800000
20210604,014990,인디에프,KOSPI,,1555,-15,-0.96,1565,1580,1525,494416,765279990,91640807225,58932995
20210604,101140,인바이오젠,KOSPI,,3305,-35,-1.05,3340,3345,3265,193836,640409765,170410417085,51561397
20210604,006490,인스코비,KOSPI,,2995,10,0.34,2990,3015,2970,636390,1904649045,322698829735,107745853
20210604,023800,인지컨트롤스,KOSPI,,17000,-300,-1.73,17300,17400,16950,147787,2522526200,257722176000,15160128
20210604,034590,인천도시가스,KOSPI,,28600,50,0.18,28550,28600,28400,1397,39821250,125117964400,4374754
20210604,129260,인터지스,KOSPI,,4470,-70,-1.54,4575,4575,4460,257403,1156215185,132972996780,29747874
20210604,023810,인팩,KOSPI,,13050,500,3.98,12650,15400,12550,2121480,28743212400,130500000000,10000000
20210604,249420,일동제약,KOSPI,,15500,-200,-1.27,15700,15700,15450,62154,964531300,368950917500,23803285
20210604,000230,일동홀딩스,KOSPI,,14350,250,1.77,14100,14350,14000,8555,121195150,165604740000,11540400
20210604,013360,일성건설,KOSPI,,2830,-220,-7.21,3020,3030,2820,3921645,11390408310,152890410400,54024880
20210604,003120,일성신약,KOSPI,,89800,-100,-0.11,90000,90500,88500,4184,373712700,238868000000,2660000
20210604,003200,일신방직,KOSPI,,108500,500,0.46,109000,111500,108000,11735,1282109000,260400000000,2400000
20210604,007110,일신석재,KOSPI,,2285,10,0.44,2270,2295,2255,1513931,3446769945,176988353850,77456610
20210604,007570,일양약품,KOSPI,,37150,-400,-1.07,37500,37700,37000,140592,5223380600,709032417600,19085664
20210604,007575,일양약품우,KOSPI,,38800,0,0.00,38450,38800,38000,3950,150669700,17269104000,445080
20210604,008500,일정실업,KOSPI,,18150,-150,-0.82,18300,18300,18100,1677,30455600,21780000000,1200000
20210604,081000,일진다이아,KOSPI,,43800,350,0.81,43550,43900,43000,62092,2710159750,622090305000,14202975
20210604,020760,일진디스플,KOSPI,,4505,-95,-2.07,4600,4600,4450,203651,914262790,155279628430,34468286
20210604,020150,일진머티리얼즈,KOSPI,,66100,-500,-0.75,66000,66400,65400,143108,9417732800,3047926193500,46110835
20210604,103590,일진전기,KOSPI,,5900,470,8.66,5390,6240,5270,12114942,71022160010,218774301000,37080390
20210604,015860,일진홀딩스,KOSPI,,5920,60,1.02,5880,6080,5840,839811,4999085720,292137099360,49347483
20210604,226320,잇츠한불,KOSPI,,29600,-600,-1.99,30300,30350,29050,156239,4638860700,649107724000,21929315
20210604,317400,자이에스앤디,KOSPI,,10850,350,3.33,10600,10850,10500,506940,5444753150,420790342000,38782520
20210604,033240,자화전자,KOSPI,,21350,-100,-0.47,21400,21700,21000,328251,7014296600,382165000000,17900000
20210604,000950,전방,KOSPI,,40650,150,0.37,40500,40900,40300,2165,87827350,68292000000,1680000
20210604,348950,제이알글로벌리츠,KOSPI,,5220,0,0.00,5220,5230,5180,452459,2353383700,864432000000,165600000
20210604,194370,제이에스코퍼레이션,KOSPI,,19300,0,0.00,19350,19450,19050,50663,973612900,257377099300,13335601
20210604,025620,제이준코스메틱,KOSPI,,1995,-5,-0.25,2005,2015,1960,248402,493054140,74207917245,37196951
20210604,036420,제이콘텐트리,KOSPI,,51500,-2700,-4.98,53300,53400,50400,288297,14908721500,843831156500,16385071
20210604,030000,제일기획,KOSPI,,24700,-600,-2.37,25150,25200,24600,393653,9766516400,2841518257500,115041225
20210604,271980,제일약품,KOSPI,,43950,-200,-0.45,44150,44300,43700,40002,1758359350,646279124400,14704872
20210604,001560,제일연마,KOSPI,,8460,40,0.48,8420,8460,8330,10981,91986410,84600000000,10000000
20210604,002620,제일파마홀딩스,KOSPI,,25000,100,0.40,25000,25150,24900,22831,571060900,399333875000,15973355
20210604,006220,제주은행,KOSPI,,7960,80,1.02,7930,8060,7790,709394,5619330150,255745041040,32128774
20210604,089590,제주항공,KOSPI,,26500,-450,-1.67,26950,27000,26200,338199,8956021050,1020239797500,38499615
20210604,004910,조광페인트,KOSPI,,8720,-110,-1.25,8760,8800,8650,137409,1196990720,111616000000,12800000
20210604,004700,조광피혁,KOSPI,,56600,-300,-0.53,56900,57200,56400,773,43712500,376341210800,6649138
20210604,001550,조비,KOSPI,,24000,350,1.48,23500,24150,23400,78933,1886469500,124613736000,5192239
20210604,000480,조선내화,KOSPI,,93400,600,0.65,93200,93600,91100,4680,433976600,373600000000,4000000
20210604,120030,조선선재,KOSPI,,134000,-1500,-1.11,136500,136500,133000,9275,1248820000,168525234000,1257651
20210604,018470,조일알미늄,KOSPI,,986,30,3.14,972,1010,960,7328508,7216291742,99128973224,100536484
20210604,002600,조흥,KOSPI,,200000,0,0.00,200000,203500,198000,170,33994000,120000000000,600000
20210604,185750,종근당,KOSPI,,130000,-500,-0.38,130000,131000,129000,42258,5474897500,1485392870000,11426099
20210604,063160,종근당바이오,KOSPI,,58400,600,1.04,57800,58600,57300,45118,2615326800,320380180800,5485962
20210604,001630,종근당홀딩스,KOSPI,,107500,-500,-0.46,108000,108000,107000,11217,1205445000,538560057500,5009861
20210604,044380,주연테크,KOSPI,,1145,10,0.88,1135,1155,1120,515572,587379370,62530841905,54612089
20210604,013890,지누스,KOSPI,,99000,-800,-0.80,99300,100500,98900,58139,5786161800,1564244550000,15800450
20210604,013870,지엠비코리아,KOSPI,,7340,60,0.82,7280,7350,7200,48562,353716720,139990535200,19072280
20210604,071320,지역난방공사,KOSPI,,45700,-50,-0.11,45750,45800,45150,10479,476109450,529148600800,11578744
20210604,010580,지코,KOSPI,,306,0,0.00,0,0,0,0,0,19761980616,64581636
20210604,035000,지투알,KOSPI,,6740,-30,-0.44,6770,6770,6550,65189,435074410,111664336660,16567409
20210604,088790,진도,KOSPI,,5800,-100,-1.69,5850,5940,5730,192850,1119195860,72196915200,12447744
20210604,003780,진양산업,KOSPI,,5830,-30,-0.51,5870,5880,5750,257856,1493353010,75790000000,13000000
20210604,010640,진양폴리,KOSPI,,3885,10,0.26,3880,3920,3865,84552,328772850,38850000000,10000000
20210604,100250,진양홀딩스,KOSPI,,3100,-15,-0.48,3115,3115,3080,87345,270346465,173275405200,55895292
20210604,051630,진양화학,KOSPI,,4215,5,0.12,4240,4240,4170,67193,282444240,50580000000,12000000
20210604,272450,진에어,KOSPI,,23400,-500,-2.09,23500,23600,23000,343052,8001165250,1053000000000,45000000
20210604,011000,진원생명과학,KOSPI,,22150,-250,-1.12,22400,22850,21450,1962996,43333191500,1000936527200,45189008
20210604,002780,진흥기업,KOSPI,,2935,15,0.51,2860,2970,2810,16482447,47827751835,426959571575,145471745
20210604,002787,진흥기업2우B,KOSPI,,17900,-1500,-7.73,17950,18900,17500,90909,1637196600,5277063200,294808
20210604,002785,진흥기업우B,KOSPI,,8320,-1000,-10.73,8450,8600,8060,117319,981892630,7132053760,857218
20210604,009310,참엔지니어링,KOSPI,,1510,-5,-0.33,1510,1545,1485,406201,614136145,83848131640,55528564
20210604,000650,천일고속,KOSPI,,78500,-1900,-2.36,80600,81200,78200,7654,605613700,112193770000,1429220
20210604,033250,체시스,KOSPI,,1675,40,2.45,1665,1710,1645,1119472,1874996265,53600000000,32000000
20210604,035720,카카오,KOSPI,,124000,-2500,-1.98,126000,126000,123000,2668254,331077517000,55038289700000,443857175
20210604,006380,카프로,KOSPI,,4775,-5,-0.10,4780,4825,4705,228391,1089252690,191000000000,40000000
20210604,109070,컨버즈,KOSPI,,4100,0,0.00,0,0,0,0,0,58401720200,14244322
20210604,001620,케이비아이동국실업,KOSPI,,891,-1,-0.11,895,895,880,159737,141698987,59573813013,66861743
20210604,029460,케이씨,KOSPI,,26900,-50,-0.19,26900,27000,26600,28356,760138200,364603783600,13554044
20210604,344820,케이씨씨글라스,KOSPI,,62800,-1700,-2.64,64300,64300,62700,156571,9880581600,1002948153600,15970512
20210604,281820,케이씨텍,KOSPI,,27500,-500,-1.79,27950,28000,27400,107221,2953701200,573692790000,20861556
20210604,145270,케이탑리츠,KOSPI,,1925,-20,-1.03,1945,1945,1905,1212856,2324614945,88981444475,46224127
20210604,357120,코람코에너지리츠,KOSPI,,6150,-50,-0.81,6260,6260,6100,114539,704042120,428163000000,69620000
20210604,007815,코리아써우,KOSPI,,7600,-100,-1.30,7680,7690,7490,21239,160406770,22531644000,2964690
20210604,007810,코리아써키트,KOSPI,,12800,-50,-0.39,12750,12850,12600,73659,938197200,302345612800,23620751
20210604,00781K,코리아써키트2우B,KOSPI,,9320,-270,-2.82,9680,9680,9220,5663,52734310,7304074680,783699
20210604,003690,코리안리,KOSPI,,9750,-40,-0.41,9790,9840,9680,148798,1449590390,1173598881000,120369116
20210604,192820,코스맥스,KOSPI,,132500,-500,-0.38,132500,132500,130000,60147,7891097000,1331559942500,10049509
20210604,044820,코스맥스비티아이,KOSPI,,20000,-200,-0.99,20250,20250,19850,26912,538971250,192078420000,9603921
20210604,005070,코스모신소재,KOSPI,,24000,-350,-1.44,24250,24250,23700,359105,8598859400,716045088000,29835212
20210604,005420,코스모화학,KOSPI,,11250,100,0.90,11150,11250,11100,138879,1548353500,311097498750,27653111
20210604,071950,코아스,KOSPI,,1565,-20,-1.26,1565,1660,1560,8009180,12804932060,48369783650,30907210
20210604,002020,코오롱,KOSPI,,31050,-350,-1.11,31400,31500,30950,35031,1089205450,392050527300,12626426
20210604,003070,코오롱글로벌,KOSPI,,24850,-50,-0.20,24700,24900,24550,45412,1122955850,626479384300,25210438
20210604,003075,코오롱글로벌우,KOSPI,,32300,800,2.54,31700,32450,31700,1850,59305850,10103536900,312803
20210604,144620,코오롱머티리얼,KOSPI,,2930,-25,-0.85,2950,2990,2900,112449,330211240,201169800550,68658635
20210604,002025,코오롱우,KOSPI,,21400,-550,-2.51,21950,21950,21400,16540,357553850,23034746000,1076390
20210604,120110,코오롱인더,KOSPI,,62700,-300,-0.48,62900,63400,62100,167870,10507250900,1691573268000,26978840
20210604,120115,코오롱인더우,KOSPI,,31100,-200,-0.64,31300,31300,30950,7063,219895150,86080446000,2767860
20210604,138490,코오롱플라스틱,KOSPI,,6410,100,1.58,6350,6450,6300,169881,1086346030,243580000000,38000000
20210604,021240,코웨이,KOSPI,,80700,200,0.25,79600,81200,79500,182277,14660810100,5955629253300,73799619
20210604,031820,콤텍시스템,KOSPI,,1255,0,0.00,1255,1310,1245,1696942,2151424500,85153589830,67851466
20210604,192400,쿠쿠홀딩스,KOSPI,,138500,1000,0.73,137500,142000,135000,6373,881208000,985072524500,7112437
20210604,284740,쿠쿠홈시스,KOSPI,,48550,-700,-1.42,48700,49250,48450,28748,1401436700,1089332371500,22437330
20210604,015590,큐로,KOSPI,,608,3,0.50,608,608,601,882111,532826649,140576675904,231211638
20210604,264900,크라운제과,KOSPI,,15000,-550,-3.54,15450,15550,14900,247836,3775502900,187857750000,12523850
20210604,26490K,크라운제과우,KOSPI,,25600,-900,-3.40,26800,26800,25000,23979,615357800,19803136000,773560
20210604,005740,크라운해태홀딩스,KOSPI,,12250,-150,-1.21,12350,12400,12200,33158,407524850,181880000750,14847347
20210604,005745,크라운해태홀딩스우,KOSPI,,22050,-550,-2.43,22650,22800,21600,15905,353596100,13246008300,600726
20210604,020120,키다리스튜디오,KOSPI,,15650,-200,-1.26,15800,15850,15450,68317,1065329750,512347070800,32737832
20210604,039490,키움증권,KOSPI,,124500,-2000,-1.58,125500,126000,123500,110451,13735730000,3257823372000,26167256
20210604,014580,태경비케이,KOSPI,,4835,20,0.42,4780,4870,4700,440779,2121704835,133364288500,27583100
20210604,015890,태경산업,KOSPI,,7250,-80,-1.09,7430,7450,7200,578814,4219552220,211908437500,29228750
20210604,006890,태경케미컬,KOSPI,,14200,-100,-0.70,14300,14300,14050,50227,712056300,164720000000,11600000
20210604,003240,태광산업,KOSPI,,1290000,18000,1.42,1272000,1294000,1245000,1670,2125139000,1436286000000,1113400
20210604,011280,태림포장,KOSPI,,4940,-50,-1.00,4990,4995,4940,179084,887671260,349781343600,70805940
20210604,004100,태양금속,KOSPI,,1730,-40,-2.26,1765,1765,1720,666162,1156915175,63491000000,36700000
20210604,004105,태양금속우,KOSPI,,3640,-35,-0.95,3650,3670,3610,43115,156803340,12012000000,3300000
20210604,009410,태영건설,KOSPI,,12950,-50,-0.38,12950,13100,12750,315414,4080163500,503743319100,38899098
20210604,009415,태영건설우,KOSPI,,19600,200,1.03,19000,19650,19000,21632,421141700,25521983200,1302142
20210604,001420,태원물산,KOSPI,,5490,380,7.44,5110,5490,5080,325255,1725149320,41724000000,7600000
20210604,007980,태평양물산,KOSPI,,2715,-70,-2.51,2800,2800,2705,477459,1307021280,130726128705,48149587
20210604,055490,테이팩스,KOSPI,,54900,-500,-0.90,54900,55100,54400,13567,744018200,258998985000,4717650
20210604,078000,텔코웨어,KOSPI,,12900,-100,-0.77,12900,13100,12850,14766,190911800,125164907400,9702706
20210604,214420,토니모리,KOSPI,,10950,450,4.29,10300,11100,9870,815624,8621486970,193158000000,17640000
20210604,019180,티에이치엔,KOSPI,,3760,110,3.01,3650,3820,3605,545495,2044022145,67680000000,18000000
20210604,363280,티와이홀딩스,KOSPI,,27200,-50,-0.18,27350,27500,27000,144185,3924650800,1092667928000,40171615
20210604,36328K,티와이홀딩스우,KOSPI,,28000,0,0.00,28050,28450,27600,24573,686976750,35149464000,1255338
20210604,091810,티웨이항공,KOSPI,,4225,15,0.36,4205,4315,4050,5478467,22869612035,466145428775,110330279
20210604,004870,티웨이홀딩스,KOSPI,,1565,-20,-1.26,1585,1585,1540,886062,1381515535,120357506575,76905755
20210604,005690,파미셀,KOSPI,,16650,0,0.00,16650,17200,16550,969099,16303203100,998316517500,59958950
20210604,036580,팜스코,KOSPI,,7420,-50,-0.67,7470,7500,7400,94076,699482110,272521337060,36727943
20210604,004720,팜젠사이언스,KOSPI,,10300,-50,-0.48,10350,10450,10250,206585,2132070200,151543209900,14712933
20210604,028670,팬오션,KOSPI,,6630,-50,-0.75,6630,6710,6600,3633197,24113213620,3544195864560,534569512
20210604,010820,퍼스텍,KOSPI,,2775,100,3.74,2655,2790,2635,1169206,3202576210,133370551500,48061460
20210604,016800,퍼시스,KOSPI,,42350,-1950,-4.40,43900,44350,42250,11031,476535950,487025000000,11500000
20210604,001020,페이퍼코리아,KOSPI,,2270,-15,-0.66,2260,2285,2250,45770,103509300,85720495910,37762333
20210604,090080,평화산업,KOSPI,,1260,5,0.40,1255,1260,1245,270882,339528080,69176846340,54902259
20210604,010770,평화홀딩스,KOSPI,,4375,-10,-0.23,4385,4395,4340,25536,111250645,63986413750,14625466
20210604,058430,포스코강판,KOSPI,,67300,-100,-0.15,67300,68100,66100,141437,9515956300,403800000000,6000000
20210604,047050,포스코인터내셔널,KOSPI,,20550,-100,-0.48,20600,20750,20400,362334,7453939000,2535359311950,123375149
20210604,003670,포스코케미칼,KOSPI,,143500,-1500,-1.03,144000,144500,142500,120530,17258301000,11115972070000,77463220
20210604,007630,폴루스바이오팜,KOSPI,,1225,0,0.00,0,0,0,0,0,55134426375,45007695
20210604,017810,풀무원,KOSPI,,21800,700,3.32,21200,22250,21200,509329,11126942900,831027750200,38120539
20210604,103140,풍산,KOSPI,,39850,-300,-0.75,39600,40000,39100,342557,13584991900,1116767478300,28024278
20210604,005810,풍산홀딩스,KOSPI,,28600,-250,-0.87,28800,29050,28500,28115,807321850,297712500800,10409528
20210604,950210,프레스티지바이오파마,KOSPI,,28550,-150,-0.52,28700,28900,28450,172742,4942389300,1715745225250,60096155
20210604,086790,하나금융지주,KOSPI,,46900,-450,-0.95,47200,48000,46700,1230234,58152073600,14081352707800,300242062
20210604,293480,하나제약,KOSPI,,23400,-50,-0.21,23450,23650,23000,50873,1183046150,415886936400,17772946
20210604,039130,하나투어,KOSPI,,87200,-4600,-5.01,89500,89800,87000,655041,57563330800,1215496932000,13939185
20210604,172580,하이골드12호,KOSPI,,2420,-40,-1.63,2470,2470,2385,111105,267985345,31567690000,13044500
20210604,153360,하이골드3호,KOSPI,,1805,-5,-0.28,1830,1830,1805,40052,72554905,29150370950,16149790
20210604,352820,하이브,KOSPI,,266000,-3500,-1.30,268500,269000,260000,284503,74954167500,9475920160000,35623760
20210604,071090,하이스틸,KOSPI,,3675,5,0.14,3670,3730,3595,282758,1033705140,73497942000,19999440
20210604,019490,하이트론,KOSPI,,10500,100,0.96,10850,11000,10050,495555,5243990550,75833142000,7222204
20210604,000080,하이트진로,KOSPI,,39200,-700,-1.75,39800,39950,39100,840596,33175939750,2749237551200,70133611
20210604,000087,하이트진로2우B,KOSPI,,24450,-200,-0.81,24450,24800,24050,6448,156797350,27631874100,1130138
20210604,000140,하이트진로홀딩스,KOSPI,,18750,-450,-2.34,19200,19200,18650,51027,961279400,435126843750,23206765
20210604,000145,하이트진로홀딩스우,KOSPI,,21050,-250,-1.17,21250,21300,20800,7890,165546200,9910550500,470810
20210604,152550,한국ANKOR유전,KOSPI,,1615,-10,-0.62,1635,1635,1615,54212,87777740,113082300000,70020000
20210604,036460,한국가스공사,KOSPI,,34750,250,0.72,34200,35200,34200,843105,29419552250,3207876750000,92313000
20210604,005430,한국공항,KOSPI,,51500,-500,-0.96,51700,52100,51200,9446,487731800,163067282500,3166355
20210604,071050,한국금융지주,KOSPI,,110000,1500,1.38,108500,111000,107500,355891,39005159000,6129859120000,55725992
20210604,071055,한국금융지주우,KOSPI,,98500,2100,2.18,96400,98900,95800,49447,4836979500,577037723500,5858251
20210604,010040,한국내화,KOSPI,,4725,-10,-0.21,4695,4790,4655,203640,957632400,194041867950,41067062
20210604,025540,한국단자,KOSPI,,99000,100,0.10,98900,100500,98000,80961,8031647000,1031085000000,10415000
20210604,004090,한국석유,KOSPI,,18000,-300,-1.64,18450,19400,17450,1447209,26517953250,228494160000,12694120
20210604,002200,한국수출포장,KOSPI,,26400,0,0.00,26500,26500,26200,6349,167131850,105600000000,4000000
20210604,002960,한국쉘석유,KOSPI,,280500,3000,1.08,276000,283000,276000,5521,1540981500,364650000000,1300000
20210604,000240,한국앤컴퍼니,KOSPI,,20400,0,0.00,20400,20600,20050,258927,5257022550,1936678896000,94935240
20210604,123890,한국자산신탁,KOSPI,,5060,30,0.60,5030,5070,4985,303307,1519526220,627327425120,123977752
20210604,015760,한국전력,KOSPI,,25800,0,0.00,25700,26350,25650,3852903,99707573500,16562673186600,641964077
20210604,006200,한국전자홀딩스,KOSPI,,1370,10,0.74,1360,1395,1340,728587,1002060945,64120296320,46803136
20210604,009540,한국조선해양,KOSPI,,144500,-1000,-0.69,145500,149000,144000,424752,61967209000,10226715262000,70773116
20210604,023350,한국종합기술,KOSPI,,8470,170,2.05,8300,8690,8220,289311,2460703800,92746500000,10950000
20210604,025890,한국주강,KOSPI,,2845,90,3.27,2755,2905,2755,266623,761586595,32174841855,11309259
20210604,000970,한국주철관,KOSPI,,9930,-40,-0.40,9970,9980,9840,101491,1006169110,226408965000,22800500
20210604,104700,한국철강,KOSPI,,10450,-200,-1.88,10550,10650,10400,180233,1883951700,481222500000,46050000
20210604,017960,한국카본,KOSPI,,12500,100,0.81,12300,12550,12200,480908,5973823450,549509462500,43960757
20210604,161890,한국콜마,KOSPI,,60900,-800,-1.30,61200,61500,60600,204905,12502184600,1393463862000,22881180
20210604,024720,한국콜마홀딩스,KOSPI,,31550,-100,-0.32,31650,31850,31350,42736,1347086800,586095484450,18576719
20210604,161390,한국타이어앤테크놀로지,KOSPI,,51400,-100,-0.19,50700,51700,50200,249619,12763612300,6367178546600,123875069
20210604,034830,한국토지신탁,KOSPI,,2410,-10,-0.41,2420,2430,2395,726129,1749125690,608499044300,252489230
20210604,007280,한국특강,KOSPI,,3800,5,0.13,3795,3835,3755,181162,685272860,202321408800,53242476
20210604,168490,한국패러랠,KOSPI,,2000,5,0.25,1995,2000,1990,29517,58807060,160040000000,80020000
20210604,010100,한국프랜지,KOSPI,,3500,105,3.09,3380,3530,3370,770305,2673040535,106576470000,30450420
20210604,047810,한국항공우주,KOSPI,,33600,-600,-1.75,34250,34250,33550,634444,21395426000,3275163595200,97475107
20210604,123690,한국화장품,KOSPI,,12700,-100,-0.78,12800,12800,12500,125907,1584842700,204063600000,16068000
20210604,003350,한국화장품제조,KOSPI,,38400,-50,-0.13,38300,38500,37550,32341,1224069800,174028800000,4532000
20210604,011500,한농화성,KOSPI,,14850,150,1.02,14650,14900,14600,122971,1818850750,232210073700,15637042
20210604,002390,한독,KOSPI,,28550,-250,-0.87,28700,28850,28350,83049,2370998650,392948867150,13763533
20210604,014790,한라,KOSPI,,5850,-20,-0.34,5890,5920,5840,213087,1250602240,227418410700,38874942
20210604,060980,한라홀딩스,KOSPI,,44700,50,0.11,44550,45100,44050,48860,2177348050,468101529000,10472070
20210604,053690,한미글로벌,KOSPI,,12450,-200,-1.58,12650,12650,12400,128668,1606166900,136421497500,10957550
20210604,042700,한미반도체,KOSPI,,33950,-950,-2.72,34600,34650,33400,1167957,39667230250,1679162824150,49459877
20210604,008930,한미사이언스,KOSPI,,68800,-1600,-2.27,69900,70800,68400,196864,13603582400,4630557236800,67304611
20210604,128940,한미약품,KOSPI,,335000,-12000,-3.46,346000,351500,331000,123087,41335093500,4046224470000,12078282
20210604,009240,한샘,KOSPI,,110000,-1500,-1.35,110500,111000,109500,44691,4924322000,2588732080000,23533928
20210604,020000,한섬,KOSPI,,44450,300,0.68,44000,44450,43800,98754,4344095200,1094803500000,24630000
20210604,003680,한성기업,KOSPI,,8970,-80,-0.88,9070,9080,8870,80079,715692740,55699349550,6209515
20210604,105630,한세실업,KOSPI,,24700,-50,-0.20,24450,25000,24250,314840,7737412600,988000000000,40000000
20210604,069640,한세엠케이,KOSPI,,4800,0,0.00,4800,4920,4765,39407,191086530,61964745600,12909322
20210604,016450,한세예스24홀딩스,KOSPI,,9850,100,1.03,9710,9890,9660,200331,1957867830,394000000000,40000000
20210604,010420,한솔PNS,KOSPI,,2345,-10,-0.42,2355,2390,2335,319478,755870825,48056113140,20493012
20210604,009180,한솔로지스틱스,KOSPI,,4060,110,2.78,3920,4220,3905,6086081,24961111490,111558345500,27477425
20210604,213500,한솔제지,KOSPI,,15650,0,0.00,15650,15700,15500,95035,1484860800,372479014400,23800576
20210604,014680,한솔케미칼,KOSPI,,256000,0,0.00,256000,258500,255000,26333,6743351000,2901809920000,11335195
20210604,004710,한솔테크닉스,KOSPI,,8860,-110,-1.23,8980,9000,8800,345736,3063142820,284493519080,32109878
20210604,004150,한솔홀딩스,KOSPI,,4625,35,0.76,4585,4650,4555,356563,1643334875,194289668625,42008577
20210604,025750,한솔홈데코,KOSPI,,2235,-25,-1.11,2260,2270,2220,2475261,5528790145,180063108015,80565149
20210604,004960,한신공영,KOSPI,,25050,50,0.20,25200,25300,24900,51153,1281572050,289846085100,11570702
20210604,011700,한신기계,KOSPI,,3000,100,3.45,2960,3130,2910,13799915,41475023310,97338453000,32446151
20210604,001750,한양증권,KOSPI,,15250,50,0.33,14950,15250,14850,60030,900263000,194110143500,12728534
20210604,001755,한양증권우,KOSPI,,23000,-600,-2.54,23400,23400,22950,3391,78318500,12075000000,525000
20210604,018880,한온시스템,KOSPI,,17100,-50,-0.29,16950,17200,16850,781739,13309740500,9127980000000,533800000
20210604,009420,한올바이오파마,KOSPI,,20900,0,0.00,21050,21300,20850,392855,8261457900,1091829334200,52240638
20210604,014130,한익스프레스,KOSPI,,7190,40,0.56,7140,7240,7080,141445,1013877220,86280000000,12000000
20210604,300720,한일시멘트,KOSPI,,161500,-1500,-0.92,164500,164500,161000,3820,620744500,1118573871000,6926154
20210604,002220,한일철강,KOSPI,,3160,10,0.32,3150,3175,3085,150784,472196440,84363973600,26697460
20210604,006390,한일현대시멘트,KOSPI,,40400,250,0.62,40500,40900,40200,65993,2667118300,718091214000,17774535
20210604,003300,한일홀딩스,KOSPI,,14000,50,0.36,13950,14900,13800,52161,735389400,403420920000,28815780
20210604,051600,한전KPS,KOSPI,,46450,2700,6.17,43650,47150,43400,1025917,47047146350,2090250000000,45000000
20210604,052690,한전기술,KOSPI,,58000,1700,3.02,55900,58900,55700,1135400,65599192900,2216760000000,38220000
20210604,130660,한전산업,KOSPI,,5840,260,4.66,5580,5940,5540,1184476,6869344370,190384000000,32600000
20210604,002320,한진,KOSPI,,42050,-150,-0.36,42250,42700,41850,124852,5267546150,628547757400,14947628
20210604,097230,한진중공업,KOSPI,,8750,240,2.82,8510,8850,8480,321881,2809296280,728649958750,83274281
20210604,003480,한진중공업홀딩스,KOSPI,,5380,-190,-3.41,5650,5750,5380,819814,4608750370,158870388560,29529812
20210604,180640,한진칼,KOSPI,,71500,1300,1.85,69200,72300,68600,282177,20077235600,4737779761000,66262654
20210604,18064K,한진칼우,KOSPI,,47550,300,0.63,47100,48050,46800,17302,822819650,25523223300,536766
20210604,005110,한창,KOSPI,,1340,50,3.88,1290,1345,1280,1636438,2151365995,89498960460,66790269
20210604,009460,한창제지,KOSPI,,2525,25,1.00,2495,2535,2475,1331328,3341334015,150660402150,59667486
20210604,000880,한화,KOSPI,,31450,-450,-1.41,31850,31850,31450,547605,17289437300,2357452215750,74958735
20210604,00088K,한화3우B,KOSPI,,15650,-50,-0.32,15700,15750,15550,59321,927558450,351686800000,22472000
20210604,088350,한화생명,KOSPI,,3840,50,1.32,3820,3870,3795,3833769,14692890145,3335155200000,868530000
20210604,000370,한화손해보험,KOSPI,,4720,-65,-1.36,4790,4790,4700,793505,3753604980,551007678800,116738915
20210604,009830,한화솔루션,KOSPI,,44350,-400,-0.89,44550,44950,44300,1154497,51313093950,8483201341950,191278497
20210604,009835,한화솔루션우,KOSPI,,55700,-500,-0.89,55300,56100,55100,5263,292272300,62592150900,1123737
20210604,272210,한화시스템,KOSPI,,17450,-100,-0.57,17550,17650,17250,520243,9066553900,1923520288050,110230389
20210604,012450,한화에어로스페이스,KOSPI,,46550,-350,-0.75,46650,47150,45900,475892,22135927550,2356826500000,50630000
20210604,000885,한화우,KOSPI,,46950,-1050,-2.19,48050,48050,46700,4947,232730700,22502853300,479294
20210604,003530,한화투자증권,KOSPI,,5200,-20,-0.38,5210,5400,5190,5147952,27174388520,1115648430000,214547775
20210604,003535,한화투자증권우,KOSPI,,18400,-600,-3.16,19300,19300,18400,99916,1862213000,88320000000,4800000
20210604,195870,해성디에스,KOSPI,,35850,-200,-0.55,35850,36450,35350,175397,6296206450,609450000000,17000000
20210604,101530,해태제과식품,KOSPI,,10450,-200,-1.88,10600,10650,10400,69758,732925300,304270789900,29116822
20210604,143210,핸즈코퍼레이션,KOSPI,,6700,20,0.30,6670,6740,6620,37076,246695530,146483895600,21863268
20210604,000720,현대건설,KOSPI,,56100,-200,-0.36,55700,56900,55600,905788,50966297900,6247058416500,111355765
20210604,267270,현대건설기계,KOSPI,,58500,400,0.69,57700,58900,57500,165463,9618469200,1152496390500,19700793
20210604,000725,현대건설우,KOSPI,,219500,-2500,-1.13,219000,221500,219000,1052,231169000,21698892000,98856
20210604,005440,현대그린푸드,KOSPI,,11000,-50,-0.45,11100,11250,11000,524828,5819618450,1074749302000,97704482
20210604,086280,현대글로비스,KOSPI,,194000,500,0.26,193000,195500,189000,170373,32716495000,7275000000000,37500000
20210604,064350,현대로템,KOSPI,,22550,1000,4.64,21450,22750,21300,5408275,120588696650,2461158707150,109142293
20210604,079430,현대리바트,KOSPI,,19750,-50,-0.25,19700,20000,19350,241825,4756632900,405571819500,20535282
20210604,012330,현대모비스,KOSPI,,288000,9000,3.23,280500,289500,279000,710883,202306300500,27300411072000,94793094
20210604,010620,현대미포조선,KOSPI,,87400,-100,-0.11,87000,89900,86300,386379,33979739200,3490943822600,39942149
20210604,069960,현대백화점,KOSPI,,90300,-2200,-2.38,92100,92300,90100,215983,19571342300,2113240422300,23402441
20210604,004560,현대비앤지스틸,KOSPI,,20350,50,0.25,20200,20450,19950,178850,3616544250,306853803850,15078811
20210604,004565,현대비앤지스틸우,KOSPI,,97500,100,0.10,97200,97500,97100,1244,121007300,10710570000,109852
20210604,004310,현대약품,KOSPI,,7170,140,1.99,7030,7260,7030,592754,4260174210,229440000000,32000000
20210604,322000,현대에너지솔루션,KOSPI,,32350,50,0.15,32300,32350,31600,45429,1450163000,362320000000,11200000
20210604,017800,현대엘리베이,KOSPI,,57400,1400,2.50,56000,57600,55500,486374,27654404100,2342791963400,40815191
20210604,307950,현대오토에버,KOSPI,,108500,0,0.00,109000,109500,107000,51546,5577380000,2975502047000,27423982
20210604,011210,현대위아,KOSPI,,88500,3000,3.51,86500,89400,86000,1112538,97756409900,2406764845500,27195083
20210604,267260,현대일렉트릭,KOSPI,,22950,-50,-0.22,22900,23450,22800,273629,6334021700,827281748250,36047135
20210604,004020,현대제철,KOSPI,,53100,500,0.95,52600,53700,52400,957602,50817883500,7085971183500,133445785
20210604,267250,현대중공업지주,KOSPI,,76300,-100,-0.13,76200,78300,75500,365234,28133702800,6027172385500,78993085
20210604,005380,현대차,KOSPI,,241500,3000,1.26,241500,243000,238000,1333789,321531070500,51600867160500,213668187
20210604,005387,현대차2우B,KOSPI,,117000,4000,3.54,114000,117500,113500,144634,16695049500,4268797767000,36485451
20210604,005389,현대차3우B,KOSPI,,107000,1500,1.42,106000,108000,105000,24850,2646788500,259874645000,2428735
20210604,005385,현대차우,KOSPI,,114500,1000,0.88,114000,115500,113000,102161,11673157000,2788840432500,24356685
20210604,001500,현대차증권,KOSPI,,14100,-150,-1.05,14250,14250,14050,120278,1696755950,433675236900,30757109
20210604,011760,현대코퍼레이션,KOSPI,,20900,-50,-0.24,20950,21000,20650,56755,1180563200,276485389400,13228966
20210604,227840,현대코퍼레이션홀딩스,KOSPI,,14750,100,0.68,14650,14800,14600,38835,571152450,134237331000,9100836
20210604,126560,현대퓨처넷,KOSPI,,4665,-40,-0.85,4705,4755,4655,333767,1568844720,526569320340,112876596
20210604,001450,현대해상,KOSPI,,23750,-300,-1.25,24050,24100,23750,828384,19741676850,2123250000000,89400000
20210604,057050,현대홈쇼핑,KOSPI,,90100,-1300,-1.42,90200,91100,89600,19730,1779966100,1081200000000,12000000
20210604,093240,형지엘리트,KOSPI,,5600,90,1.63,5810,6300,5570,9754458,56963193020,174466868800,31154798
20210604,003010,혜인,KOSPI,,7670,10,0.13,7700,7760,7590,302090,2320756880,97506769490,12712747
20210604,111110,호전실업,KOSPI,,15700,-300,-1.88,15650,16050,15650,149861,2373049950,125600000000,8000000
20210604,008770,호텔신라,KOSPI,,96700,-3200,-3.20,99000,99200,95900,1350016,130992731800,3795293300700,39248121
20210604,008775,호텔신라우,KOSPI,,94800,-1500,-1.56,95100,95900,94200,20785,1969667900,71278129200,751879
20210604,002460,화성산업,KOSPI,,13300,50,0.38,13250,13350,13150,34101,452060900,165595640000,12450800
20210604,378850,화승알앤에이,KOSPI,,5890,10,0.17,5850,5940,5830,67232,395669860,111872439470,18993623
20210604,241590,화승엔터프라이즈,KOSPI,,17800,-350,-1.93,18100,18150,17700,342476,6099532850,1077859259800,60553891
20210604,006060,화승인더,KOSPI,,7930,-70,-0.88,7960,8000,7920,336454,2671184220,438687600000,55320000
20210604,013520,화승코퍼레이션,KOSPI,,2470,100,4.22,2380,2480,2380,1130304,2759567525,123626592440,50051252
20210604,010690,화신,KOSPI,,8200,310,3.93,7900,8700,7890,5267201,43946088270,286347362000,34920410
20210604,133820,화인베스틸,KOSPI,,2625,-10,-0.38,2630,2640,2560,350044,909796545,77568750000,29550000
20210604,010660,화천기계,KOSPI,,2945,35,1.20,2910,2945,2865,142194,414142875,64790000000,22000000
20210604,000850,화천기공,KOSPI,,38350,-300,-0.78,38450,38600,37950,5734,218977000,84370000000,2200000
20210604,016580,환인제약,KOSPI,,21950,-50,-0.23,21900,22050,21650,70581,1542472700,408271536500,18600070
20210604,032560,황금에스티,KOSPI,,9450,30,0.32,9380,9500,9290,132427,1243817630,151200000000,16000000
20210604,004800,효성,KOSPI,,99300,-500,-0.50,99600,100500,98900,52516,5215073100,2092352782500,21071025
20210604,094280,효성ITX,KOSPI,,21300,50,0.24,21300,21400,21050,63450,1348236400,246189660000,11558200
20210604,298040,효성중공업,KOSPI,,71500,0,0.00,71500,72300,70400,60954,4348637900,666705182000,9324548
20210604,298050,효성첨단소재,KOSPI,,387000,8500,2.25,377000,398000,375000,114430,44690489000,1733739876000,4479948
20210604,298020,효성티앤씨,KOSPI,,712000,-4000,-0.56,716000,731000,704000,53404,38407214000,3081309584000,4327682
20210604,298000,효성화학,KOSPI,,345000,-500,-0.14,344500,354500,340000,37300,12920268500,1100593470000,3190126
20210604,093370,후성,KOSPI,,10250,-50,-0.49,10250,10300,10100,361269,3683849350,949219894750,92606819
20210604,081660,휠라홀딩스,KOSPI,,56200,-600,-1.06,56800,56900,55900,232329,13065037000,3414274876400,60752222
20210604,005870,휴니드,KOSPI,,8550,10,0.12,8500,8650,8430,284019,2426939540,120691928250,14116015
20210604,079980,휴비스,KOSPI,,10600,0,0.00,10550,10700,10450,132720,1407160800,365700000000,34500000
20210604,005010,휴스틸,KOSPI,,15000,200,1.35,14800,15000,14600,105977,1571890300,114836475000,7655765
20210604,069260,휴켐스,KOSPI,,22200,0,0.00,22150,22350,22050,146746,3257882750,907504653600,40878588
20210604,000540,흥국화재,KOSPI,,4715,30,0.64,4685,4790,4685,194274,922612840,302904071175,64242645
20210604,000547,흥국화재2우B,KOSPI,,32000,-1000,-3.03,32500,32750,31900,1905,61221000,4915200000,153600
20210604,000545,흥국화재우,KOSPI,,12050,-300,-2.43,12100,12400,11900,8042,97533250,9254400000,768000
20210604,003280,흥아해운,KOSPI,,258,0,0.00,0,0,0,0,0,30117000222,116732559
20210604,060310,3S,KOSDAQ,중견기업부,2950,50,1.72,2930,3120,2920,934224,2840373820,136500963350,46271513
20210604,054620,APS홀딩스,KOSDAQ,중견기업부,14250,-300,-2.06,14450,14650,14200,84634,1213409250,290617649250,20394221
20210604,265520,AP시스템,KOSDAQ,우량기업부,29100,-250,-0.85,29150,29350,28850,106359,3086342000,421374605700,14480227
20210604,211270,AP위성,KOSDAQ,벤처기업부,15350,-150,-0.97,15400,15600,15250,193171,2968875700,231513366400,15082304
20210604,035760,CJ ENM,KOSDAQ,우량기업부,165200,-3300,-1.96,166500,167500,162000,187789,30968841800,3622696240800,21929154
20210604,051500,CJ프레시웨이,KOSDAQ,중견기업부,31650,-400,-1.25,32100,32400,31150,94950,2995993500,375735696900,11871586
20210604,058820,CMG제약,KOSDAQ,우량기업부,4625,-10,-0.22,4635,4635,4590,585951,2700549515,642376628500,138892244
20210604,023460,CNH,KOSDAQ,벤처기업부,3510,-25,-0.71,3545,3545,3470,32400,113448615,130572000000,37200000
20210604,056000,COWON,KOSDAQ,투자주의환기종목(소속부없음),2860,0,0.00,0,0,0,0,0,56399843500,19720225
20210604,065770,CS,KOSDAQ,벤처기업부,6590,350,5.61,6340,6890,6300,5848616,38721308100,124123638500,18835150
20210604,083660,CSA 코스믹,KOSDAQ,관리종목(소속부없음),1895,5,0.26,1910,1920,1865,90640,170330280,70251525275,37072045
20210604,367340,DB금융스팩8호,KOSDAQ,SPAC(소속부없음),2115,-10,-0.47,2125,2135,2105,180159,380540215,12795750000,6050000
20210604,367360,DB금융스팩9호,KOSDAQ,SPAC(소속부없음),2130,-40,-1.84,2175,2190,2115,396991,850579885,10309200000,4840000
20210604,068790,DMS,KOSDAQ,우량기업부,7980,80,1.01,7900,8000,7800,123116,972605740,196093026780,24573061
20210604,241520,DSC인베스트먼트,KOSDAQ,벤처기업부,6020,-40,-0.66,6060,6160,6020,604074,3668661260,166620759340,27677867
20210604,245620,EDGC,KOSDAQ,기술성장기업부,4810,-85,-1.74,4895,4895,4790,452135,2177065460,402019285330,83579893
20210604,037370,EG,KOSDAQ,중견기업부,11800,300,2.61,11550,11850,11150,216780,2525421200,88500000000,7500000
20210604,079190,EMW,KOSDAQ,관리종목(소속부없음),2780,0,0.00,0,0,0,0,0,88360067660,31784197
20210604,050120,ES큐브,KOSDAQ,중견기업부,7040,-70,-0.98,7110,7110,6990,111188,781553600,95491165440,13564086
20210604,130500,GH신소재,KOSDAQ,중견기업부,6300,-40,-0.63,6400,6410,6270,76812,485205240,69300000000,11000000
20210604,900290,GRT,KOSDAQ,관리종목(소속부없음),951,0,0.00,0,0,0,0,0,64073625000,67375000
20210604,083450,GST,KOSDAQ,우량기업부,26300,-250,-0.94,26200,26700,26100,87893,2317709400,245056693500,9317745
20210604,028150,GS홈쇼핑,KOSDAQ,우량기업부,155400,-500,-0.32,156100,156200,154000,17604,2733097500,1019812500000,6562500
20210604,045890,GV,KOSDAQ,관리종목(소속부없음),240,0,0.00,0,0,0,0,0,20823884880,86766187
20210604,078150,HB테크놀러지,KOSDAQ,우량기업부,2790,45,1.64,2745,2800,2725,1202491,3335861930,220383288540,78990426
20210604,036640,HRS,KOSDAQ,중견기업부,5960,110,1.88,5840,6080,5740,454867,2704678890,97474608000,16354800
20210604,335870,IBKS제12호스팩,KOSDAQ,SPAC(소속부없음),2190,-70,-3.10,2260,2275,2175,334009,740942270,6832800000,3120000
20210604,351340,IBKS제13호스팩,KOSDAQ,SPAC(소속부없음),2135,-45,-2.06,2145,2185,2130,291893,625504650,11037950000,5170000
20210604,351320,IBKS제14호스팩,KOSDAQ,SPAC(소속부없음),2280,0,0.00,0,0,0,0,0,9872400000,4330000
20210604,373200,IBKS제15호스팩,KOSDAQ,SPAC(소속부없음),2180,-90,-3.96,2260,2265,2165,637143,1405099665,7673600000,3520000
20210604,095340,ISC,KOSDAQ,우량기업부,21400,-50,-0.23,21200,21400,20950,119251,2528604650,348360542000,16278530
20210604,099520,ITX-AI,KOSDAQ,관리종목(소속부없음),1285,0,0.00,0,0,0,0,0,37652662655,29301683
20210604,950170,JTC,KOSDAQ,외국기업(소속부없음),5920,-230,-3.74,6140,6150,5700,588220,3490642990,207232660640,35005517
20210604,067290,JW신약,KOSDAQ,중견기업부,4975,-25,-0.50,4970,5000,4970,59431,295926725,218585868550,43936858
20210604,035900,JYP Ent.,KOSDAQ,우량기업부,38650,-750,-1.90,39350,39600,37900,527736,20445439600,1371978065800,35497492
20210604,024840,KBI메탈,KOSDAQ,우량기업부,2630,40,1.54,2555,2660,2525,1948942,5054667825,86660730240,32950848
20210604,024120,KB오토시스,KOSDAQ,우량기업부,9990,90,0.91,9900,10100,9880,40947,408885060,114885000000,11500000
20210604,021320,KCC건설,KOSDAQ,우량기업부,10600,-100,-0.93,10650,10750,10450,37966,401260700,226840000000,21400000
20210604,036670,KCI,KOSDAQ,우량기업부,9830,-50,-0.51,9880,9890,9800,28277,278051880,110784100000,11270000
20210604,044180,KD,KOSDAQ,중견기업부,1425,5,0.35,1420,1440,1395,618925,879133575,23548638000,16525360
20210604,151860,KG ETS,KOSDAQ,우량기업부,11400,-400,-3.39,11800,12050,11200,1807378,20901004450,410400000000,36000000
20210604,046440,KG모빌리언스,KOSDAQ,우량기업부,10450,-100,-0.95,10500,10550,10400,172202,1799704250,405727185600,38825568
20210604,035600,KG이니시스,KOSDAQ,우량기업부,21950,150,0.69,21650,22300,21450,219557,4823724850,612502326300,27904434
20210604,226360,KH E&T,KOSDAQ,벤처기업부,2325,255,12.32,2075,2450,2025,13600130,31004596955,126327719475,54334503
20210604,111870,KH 일렉트론,KOSDAQ,중견기업부,1230,35,2.93,1195,1235,1190,1606750,1961884470,118721844750,96521825
20210604,060720,KH바텍,KOSDAQ,중견기업부,21750,100,0.46,21650,22100,21350,333074,7254783050,514907390250,23673903
20210604,122450,KMH,KOSDAQ,중견기업부,11600,450,4.04,11150,11750,10950,757844,8729612450,525897182400,45335964
20210604,052900,KMH하이텍,KOSDAQ,중견기업부,1955,-5,-0.26,1955,1965,1920,422769,820436595,91661150545,46885499
20210604,058400,KNN,KOSDAQ,우량기업부,1915,-20,-1.03,1925,1935,1900,556712,1062903310,253602913800,132429720
20210604,114450,KPX생명과학,KOSDAQ,중견기업부,9600,-30,-0.31,9630,9790,9600,238192,2300725200,144000000000,15000000
20210604,036030,KTH,KOSDAQ,중견기업부,10750,-400,-3.59,11050,11100,10700,514658,5578676150,383936486500,35715022
20210604,060370,KT서브마린,KOSDAQ,중견기업부,8340,170,2.08,8130,8560,8110,1261381,10564883970,182646000000,21900000
20210604,065150,MP그룹,KOSDAQ,관리종목(소속부없음),1005,-10,-0.99,1010,1030,999,386236,390563882,125665770840,125040568
20210604,160550,NEW,KOSDAQ,중견기업부,10150,-150,-1.46,10350,10450,10050,518229,5311240500,283246975900,27906106
20210604,053290,NE능률,KOSDAQ,중견기업부,27100,-250,-0.91,27000,28100,25700,3074469,82559870500,447862919700,16526307
20210604,104200,NHN벅스,KOSDAQ,중견기업부,6210,30,0.49,6180,6320,6090,49666,309084970,92079085500,14827550
20210604,060250,NHN한국사이버결제,KOSDAQ,우량기업부,50800,-400,-0.78,51800,51800,50700,56831,2901899300,1244740665200,24502769
20210604,030190,NICE평가정보,KOSDAQ,우량기업부,22600,-450,-1.95,23000,23050,22600,100697,2287955650,1372154932000,60714820
20210604,078590,OQP,KOSDAQ,관리종목(소속부없음),3890,0,0.00,0,0,0,0,0,322897066620,83006958
20210604,178920,PI첨단소재,KOSDAQ,우량기업부,46350,150,0.32,46300,46450,45900,122508,5657896300,1361129024700,29366322
20210604,024940,PN풍년,KOSDAQ,벤처기업부,10800,150,1.41,10950,11600,10600,3009124,33587456250,108000000000,10000000
20210604,218410,RFHIC,KOSDAQ,우량기업부,38700,600,1.57,38350,39000,37950,145919,5632502050,922902894000,23847620
20210604,327260,RF머트리얼즈,KOSDAQ,벤처기업부,31850,500,1.59,31350,31950,30550,35789,1119148850,114551327800,3596588
20210604,091340,S&K폴리텍,KOSDAQ,중견기업부,5760,-40,-0.69,5800,5840,5690,56986,328234550,67413432960,11703721
20210604,019550,SBI인베스트먼트,KOSDAQ,벤처기업부,2025,-30,-1.46,2040,2050,1995,1803574,3650554965,328184814375,162066575
20210604,950110,SBI핀테크솔루션즈,KOSDAQ,외국기업(소속부없음),8600,60,0.70,8470,8680,8410,28258,242382570,206813144000,24048040
20210604,046140,SBS콘텐츠허브,KOSDAQ,우량기업부,8280,-50,-0.60,8350,8370,8220,62901,520914130,177718235400,21463555
20210604,036120,SCI평가정보,KOSDAQ,중견기업부,4100,-15,-0.36,4120,4150,4080,109053,448911465,145550000000,35500000
20210604,099220,SDN,KOSDAQ,우량기업부,2830,0,0.00,2830,2840,2795,234327,659784935,136345760620,48178714
20210604,036540,SFA반도체,KOSDAQ,우량기업부,7660,-100,-1.29,7730,7730,7520,2518654,19187456110,1259765920980,164460303
20210604,255220,SG,KOSDAQ,중견기업부,2445,-15,-0.61,2440,2485,2405,492056,1201269185,98735789520,40382736
20210604,040610,SG&G,KOSDAQ,중견기업부,2950,-25,-0.84,2975,2980,2870,273972,801174485,100557228200,34087196
20210604,049470,SGA,KOSDAQ,벤처기업부,1110,85,8.29,1025,1330,1025,46929708,60109467715,56329446390,50747249
20210604,184230,SGA솔루션즈,KOSDAQ,벤처기업부,1745,215,14.05,1485,1985,1480,28172835,51960787940,67956590725,38943605
20210604,016250,SGC이테크건설,KOSDAQ,우량기업부,71100,100,0.14,71600,71600,69200,32214,2266501400,143923961700,2024247
20210604,307070,SK4호스팩,KOSDAQ,관리종목(소속부없음),2205,-155,-6.57,2400,2415,2150,1414973,3157861650,11377800000,5160000
20210604,337450,SK5호스팩,KOSDAQ,SPAC(소속부없음),2810,-380,-11.91,3345,3465,2740,5138574,15633563625,12111100000,4310000
20210604,340350,SK6호스팩,KOSDAQ,SPAC(소속부없음),2260,-380,-14.39,2590,2660,2260,3248996,7880010020,12904600000,5710000
20210604,036490,SK머티리얼즈,KOSDAQ,우량기업부,319200,-4700,-1.45,321600,321800,318200,22088,7041125900,3366817221600,10547673
20210604,048550,SM C&C,KOSDAQ,중견기업부,3235,-45,-1.37,3300,3300,3210,1977140,6392904375,306063738200,94610120
20210604,063440,SM Life Design,KOSDAQ,중견기업부,3040,-110,-3.49,3130,3135,3035,2230970,6830411810,137192628160,45129154
20210604,950180,SNK,KOSDAQ,외국기업(소속부없음),21500,-200,-0.92,21600,21750,21450,46275,997204700,452828700000,21061800
20210604,289080,SV인베스트먼트,KOSDAQ,중견기업부,4525,-35,-0.77,4560,4600,4510,499588,2269621045,240883850000,53234000
20210604,089230,THE E&M,KOSDAQ,중견기업부,1295,90,7.47,1210,1315,1205,13222250,16972256080,217368280430,167851954
20210604,161570,THE MIDONG,KOSDAQ,중견기업부,1815,20,1.11,1785,1860,1750,401098,727560885,28282836450,15582830
20210604,192410,THQ,KOSDAQ,중견기업부,4295,100,2.38,4175,4330,4140,343289,1453383470,123834019825,28832135
20210604,032540,TJ미디어,KOSDAQ,중견기업부,5130,-30,-0.58,5090,5330,5000,466228,2398386410,71469154170,13931609
20210604,048770,TPC,KOSDAQ,중견기업부,4405,100,2.32,4285,4405,4275,203850,899415960,64824389665,14716093
20210604,246690,TS인베스트먼트,KOSDAQ,중견기업부,4375,0,0.00,4360,4425,4305,1357193,5930358430,170978845625,39080879
20210604,317240,TS트릴리온,KOSDAQ,벤처기업부,1295,30,2.37,1265,1300,1260,1461612,1968311130,117002326665,90349287
20210604,038340,UCI,KOSDAQ,투자주의환기종목(소속부없음),445,0,0.00,0,0,0,0,0,16641828315,37397367
20210604,073570,WI,KOSDAQ,중견기업부,1575,0,0.00,1580,1585,1540,797122,1243457320,124820028900,79250812
20210604,057030,YBM넷,KOSDAQ,중견기업부,8900,-90,-1.00,9090,9680,8870,4722785,43710553780,145183003300,16312697
20210604,040300,YTN,KOSDAQ,중견기업부,4310,0,0.00,4270,4315,4250,12620,54046615,181020000000,42000000
20210604,051390,YW,KOSDAQ,중견기업부,4725,5,0.11,4780,4790,4690,37187,175904735,53654113800,11355368
20210604,052220,iMBC,KOSDAQ,중견기업부,4385,5,0.11,4335,4400,4320,329614,1435514370,100855000000,23000000
20210604,079940,가비아,KOSDAQ,우량기업부,14750,0,0.00,14800,14900,14650,25927,383689350,199651339000,13535684
20210604,078890,가온미디어,KOSDAQ,우량기업부,12850,-400,-3.02,13100,13350,12800,488241,6353040200,203697506100,15851946
20210604,036620,감성코퍼레이션,KOSDAQ,중견기업부,1535,120,8.48,1410,1615,1395,3389886,5185625430,108597773225,70747735
20210604,217730,강스템바이오텍,KOSDAQ,기술성장기업부,5990,-10,-0.17,6000,6050,5880,81077,482133410,153114511120,25561688
20210604,114190,강원,KOSDAQ,중견기업부,2500,0,0.00,0,0,0,0,0,45387277500,18154911
20210604,094480,갤럭시아머니트리,KOSDAQ,우량기업부,7430,240,3.34,7180,7740,7100,4188267,31483246270,291477696340,39229838
20210604,063080,게임빌,KOSDAQ,우량기업부,40400,350,0.87,40100,40600,39800,26165,1052090300,266445756800,6595192
20210604,039240,경남스틸,KOSDAQ,우량기업부,4050,120,3.05,3930,4065,3880,798435,3199127705,101250000000,25000000
20210604,053950,경남제약,KOSDAQ,중견기업부,6890,-80,-1.15,6970,6970,6870,67057,463143620,120179286630,17442567
20210604,223310,경남제약헬스케어,KOSDAQ,관리종목(소속부없음),3320,0,0.00,0,0,0,0,0,37836250520,11396461
20210604,011040,경동제약,KOSDAQ,우량기업부,10850,-50,-0.46,10900,10950,10800,108645,1178700300,333841111100,30768766
20210604,024910,경창산업,KOSDAQ,중견기업부,2855,-40,-1.38,2900,2905,2820,159884,457565510,102263259275,35819005
20210604,198440,고려시멘트,KOSDAQ,우량기업부,3910,-55,-1.39,3970,3995,3910,1021047,4031736830,125041643600,31979960
20210604,049720,고려신용정보,KOSDAQ,중견기업부,9300,540,6.16,8760,9380,8630,360253,3300656910,132990000000,14300000
20210604,014570,고려제약,KOSDAQ,우량기업부,11300,450,4.15,10850,11450,10750,333972,3745272450,124300000000,11000000
20210604,348150,고바이오랩,KOSDAQ,기술성장기업부,32700,550,1.71,32500,33200,31800,87658,2859091150,528482456100,16161543
20210604,098460,고영,KOSDAQ,우량기업부,24800,-700,-2.75,25200,25400,24550,165791,4120677200,1702637924000,68654755
20210604,035290,골드앤에스,KOSDAQ,관리종목(소속부없음),1305,0,0.00,0,0,0,0,0,47272202550,36223910
20210604,038530,골드퍼시픽,KOSDAQ,중견기업부,1375,45,3.38,1325,1395,1315,2397547,3285465525,105776804375,76928585
20210604,900280,골든센츄리,KOSDAQ,외국기업(소속부없음),490,3,0.62,484,491,479,3483969,1687386360,77802200000,158780000
20210604,215000,골프존,KOSDAQ,우량기업부,108000,-1300,-1.19,109300,110300,105600,309713,32666204000,677744820000,6275415
20210604,121440,골프존뉴딘홀딩스,KOSDAQ,중견기업부,8690,-50,-0.57,8690,8790,8610,206619,1791337150,372251948420,42836818
20210604,014200,광림,KOSDAQ,중견기업부,4400,-60,-1.35,4390,4450,4090,1574687,6746368490,232857829600,52922234
20210604,026910,광진실업,KOSDAQ,중견기업부,6370,140,2.25,6230,6450,6210,61812,393958720,40802429850,6405405
20210604,090150,광진윈텍,KOSDAQ,중견기업부,4130,65,1.60,4065,4155,4045,124941,511138480,39889163090,9658393
20210604,355150,교보10호스팩,KOSDAQ,SPAC(소속부없음),2160,-15,-0.69,2165,2235,2130,456670,993133380,11491200000,5320000
20210604,331520,교보9호스팩,KOSDAQ,SPAC(소속부없음),2165,-80,-3.56,2225,2355,2165,629134,1419420300,8400200000,3880000
20210604,053270,구영테크,KOSDAQ,중견기업부,4465,20,0.45,4545,4590,4420,2282826,10259590375,117849986910,26394174
20210604,066620,국보디자인,KOSDAQ,우량기업부,24000,-250,-1.03,24250,24300,23900,27095,651138250,180000000000,7500000
20210604,043650,국순당,KOSDAQ,우량기업부,8920,-50,-0.56,8970,8990,8810,62771,559265930,159296071680,17858304
20210604,006050,국영지앤엠,KOSDAQ,중견기업부,2980,60,2.05,2910,3000,2885,1036099,3064603525,103987824140,34895243
20210604,060480,국일신동,KOSDAQ,중견기업부,4840,-125,-2.52,4965,4980,4810,156605,761940185,53675600000,11090000
20210604,078130,국일제지,KOSDAQ,중견기업부,5670,20,0.35,5650,5730,5600,1285537,7272187630,722744087310,127468093
20210604,307750,국전약품,KOSDAQ,우량기업부,6250,-110,-1.73,6310,6380,6220,139441,873735970,240862618750,38538019
20210604,204020,그리티,KOSDAQ,중견기업부,4345,105,2.48,4200,4345,4185,700755,3004969200,87540583350,20147430
20210604,186230,그린플러스,KOSDAQ,벤처기업부,16250,-450,-2.69,16700,16800,16150,189323,3092961900,156125807500,9607742
20210604,900070,글로벌에스엠,KOSDAQ,외국기업(소속부없음),1240,0,0.00,1240,1250,1220,323403,399763260,66642520320,53743968
20210604,204620,글로벌텍스프리,KOSDAQ,중견기업부,3845,-185,-4.59,4020,4020,3770,931499,3613007665,187392576895,48736691
20210604,019660,글로본,KOSDAQ,중견기업부,4230,-90,-2.08,4330,4330,4200,249344,1057006505,138593069370,32764319
20210604,053260,금강철강,KOSDAQ,우량기업부,7810,-330,-4.05,8140,8140,7780,387566,3057950760,146203200000,18720000
20210604,036190,금화피에스시,KOSDAQ,우량기업부,34350,1300,3.93,33000,34850,33000,64198,2199350350,206100000000,6000000
20210604,049080,기가레인,KOSDAQ,중견기업부,2605,215,9.00,2355,2650,2355,5958596,15319687550,187689299175,72049635
20210604,035460,기산텔레콤,KOSDAQ,벤처기업부,2950,50,1.72,2900,2960,2865,99600,289947680,43003153000,14577340
20210604,308100,까스텔바작,KOSDAQ,우량기업부,15250,0,0.00,15250,15550,15200,77185,1181576500,100599675000,6596700
20210604,187790,나노,KOSDAQ,벤처기업부,1815,20,1.11,1795,1845,1750,707412,1282474480,47975486625,26432775
20210604,286750,나노브릭,KOSDAQ,기술성장기업부,8500,-80,-0.93,8580,8630,8300,18786,158033130,77906631000,9165486
20210604,151910,나노스,KOSDAQ,중견기업부,6780,-80,-1.17,6840,6980,6740,836772,5708059020,1007679852660,148625347
20210604,121600,나노신소재,KOSDAQ,벤처기업부,28150,-250,-0.88,28400,28400,28050,30943,871622650,305380573950,10848333
20210604,247660,나노씨엠에스,KOSDAQ,기술성장기업부,15500,200,1.31,15300,15750,15250,43034,667398100,65238260000,4208920
20210604,039860,나노엔텍,KOSDAQ,중견기업부,8140,-90,-1.09,8230,8250,8050,264738,2147554630,218122101780,26796327
20210604,091970,나노캠텍,KOSDAQ,벤처기업부,2410,10,0.42,2400,2425,2370,434657,1043826890,67673824250,28080425
20210604,051490,나라엠앤디,KOSDAQ,중견기업부,10350,50,0.49,10300,10400,10200,201863,2078647050,146970000000,14200000
20210604,190510,나무가,KOSDAQ,중견기업부,9300,290,3.22,9010,9340,8980,116105,1072102240,127802274000,13742180
20210604,242040,나무기술,KOSDAQ,기술성장기업부,3025,-15,-0.49,3040,3050,3005,103837,313500880,98011996500,32400660
20210604,089600,나스미디어,KOSDAQ,우량기업부,38650,-400,-1.02,39050,39050,38300,48825,1882014100,371229771500,9604910
20210604,293580,나우IB,KOSDAQ,벤처기업부,14900,0,0.00,14850,15000,14550,77889,1149958950,141252000000,9480000
20210604,138610,나이벡,KOSDAQ,기술성장기업부,32050,-200,-0.62,32100,32500,31550,72990,2327966200,317390476950,9902979
20210604,130580,나이스디앤비,KOSDAQ,우량기업부,10750,0,0.00,10800,10850,10700,22948,247784650,165550000000,15400000
20210604,036800,나이스정보통신,KOSDAQ,우량기업부,35950,-1000,-2.71,36950,37000,34050,61743,2227595350,359500000000,10000000
20210604,267320,나인테크,KOSDAQ,우량기업부,4475,-30,-0.67,4500,4505,4450,205082,915640575,176299579150,39396554
20210604,111710,남화산업,KOSDAQ,중견기업부,10200,-150,-1.45,10300,10400,10000,55371,561738100,209997600000,20588000
20210604,091590,남화토건,KOSDAQ,우량기업부,11650,-100,-0.85,11700,11750,11450,52925,613371950,136771000000,11740000
20210604,168330,내츄럴엔도텍,KOSDAQ,관리종목(소속부없음),2525,0,0.00,0,0,0,0,0,69623158200,27573528
20210604,094860,네오리진,KOSDAQ,벤처기업부,1685,10,0.60,1675,1710,1660,164233,277174240,90447499085,53678041
20210604,253590,네오셈,KOSDAQ,벤처기업부,3165,-50,-1.56,3220,3220,3150,139831,443851050,118926736020,37575588
20210604,212560,네오오토,KOSDAQ,우량기업부,8560,-250,-2.84,8790,8810,8530,125360,1079133210,67409683280,7874963
20210604,095660,네오위즈,KOSDAQ,우량기업부,23700,50,0.21,23650,23700,23450,65562,1544768450,522199140300,22033719
20210604,042420,네오위즈홀딩스,KOSDAQ,우량기업부,30900,-1300,-4.04,32200,32350,30900,52096,1639054100,273677159400,8856866
20210604,950220,네오이뮨텍(Reg.S),KOSDAQ,외국기업(소속부없음),12100,50,0.41,12050,12200,11850,397180,4772628700,1190543321000,98392010
20210604,311390,네오크레마,KOSDAQ,벤처기업부,9400,150,1.62,9250,9490,9240,62752,587103620,68770353000,7315995
20210604,085910,네오티스,KOSDAQ,중견기업부,4680,210,4.70,4490,4720,4485,458143,2123094960,58437578160,12486662
20210604,092730,네오팜,KOSDAQ,우량기업부,36300,-700,-1.89,36900,37050,36300,69674,2544601600,297927204300,8207361
20210604,290660,네오펙트,KOSDAQ,기술성장기업부,3620,30,0.84,3560,3635,3545,151880,547101235,68440733600,18906280
20210604,306620,네온테크,KOSDAQ,벤처기업부,3885,-20,-0.51,3905,3915,3845,228772,886900320,152043344460,39135996
20210604,153460,네이블,KOSDAQ,벤처기업부,7230,140,1.97,7070,7440,7040,33927,245918690,47212001220,6530014
20210604,007390,네이처셀,KOSDAQ,중견기업부,14350,-150,-1.03,14400,14650,14150,938972,13452074900,879747629250,61306455
20210604,033640,네패스,KOSDAQ,중견기업부,37700,-350,-0.92,38000,38000,37400,126103,4739749650,869331915400,23059202
20210604,330860,네패스아크,KOSDAQ,중견기업부,41600,-350,-0.83,41950,41950,41300,26299,1091363600,506856272000,12184045
20210604,089140,넥스턴바이오,KOSDAQ,벤처기업부,19250,900,4.90,18700,19500,18500,670760,12809470650,228045510000,11846520
20210604,065170,넥스트BT,KOSDAQ,중견기업부,1580,-25,-1.56,1590,1605,1560,492999,778323415,137797298400,87213480
20210604,137940,넥스트아이,KOSDAQ,중견기업부,2585,150,6.16,2535,3025,2375,150123174,402547427855,199345307205,77116173
20210604,348210,넥스틴,KOSDAQ,기술성장기업부,60100,-1900,-3.06,62100,62100,59800,67654,4093065200,574760340000,9563400
20210604,041140,넥슨지티,KOSDAQ,중견기업부,12900,-200,-1.53,12950,13100,12850,86520,1118589950,456315853800,35373322
20210604,217270,넵튠,KOSDAQ,중견기업부,26450,500,1.93,25950,26700,25700,207553,5477104900,838777691900,31711822
20210604,225570,넷게임즈,KOSDAQ,중견기업부,10850,0,0.00,10850,10950,10750,70734,766604100,313032991950,28850967
20210604,104620,노랑풍선,KOSDAQ,중견기업부,30150,-650,-2.11,30450,30450,29500,128283,3842478400,143684347500,4765650
20210604,194700,노바렉스,KOSDAQ,우량기업부,44150,-350,-0.79,44500,45000,44100,48584,2159293650,397515121000,9003740
20210604,285490,노바텍,KOSDAQ,벤처기업부,41550,-850,-2.00,42550,42700,41500,52905,2218375400,418896463200,10081744
20210604,278650,노터스,KOSDAQ,벤처기업부,27400,-600,-2.14,27850,28100,27150,93257,2566397900,208770683200,7619368
20210604,144510,녹십자랩셀,KOSDAQ,벤처기업부,94300,-1100,-1.15,94900,95300,93700,55371,5215932900,995247292200,10554054
20210604,031390,녹십자셀,KOSDAQ,벤처기업부,41000,-350,-0.85,41100,41400,40900,36352,1491502450,519929856000,12681216
20210604,142280,녹십자엠에스,KOSDAQ,중견기업부,9910,-10,-0.10,9990,9990,9880,50786,504090970,209272274530,21117283
20210604,234690,녹십자웰빙,KOSDAQ,우량기업부,11850,-100,-0.84,11950,12000,11850,25621,304436650,210364470600,17752276
20210604,065560,녹원씨엔아이,KOSDAQ,관리종목(소속부없음),5770,0,0.00,0,0,0,0,0,99593806250,17260625
20210604,054050,농우바이오,KOSDAQ,우량기업부,13600,100,0.74,13450,13750,13300,185690,2517678800,218015629600,16030561
20210604,069140,누리플랜,KOSDAQ,벤처기업부,7150,-270,-3.64,7390,7390,7040,270663,1928498830,50784612450,7102743
20210604,040160,누리플렉스,KOSDAQ,중견기업부,10750,150,1.42,10550,11000,10350,1004501,10747627350,129597001250,12055535
20210604,126870,뉴로스,KOSDAQ,관리종목(소속부없음),2230,0,0.00,0,0,0,0,0,79475797330,35639371
20210604,060260,뉴보텍,KOSDAQ,벤처기업부,1570,-20,-1.26,1590,1590,1560,168706,265621740,52490987500,33433750
20210604,012340,뉴인텍,KOSDAQ,벤처기업부,3820,0,0.00,3820,3850,3765,384835,1466676665,114769997640,30044502
20210604,214870,뉴지랩파마,KOSDAQ,중견기업부,10450,0,0.00,10500,10500,10300,83687,869179050,316062465400,30245212
20210604,270870,뉴트리,KOSDAQ,우량기업부,37800,700,1.89,37400,38350,37000,70379,2659063350,344479867200,9113224
20210604,144960,뉴파워프라즈마,KOSDAQ,우량기업부,6220,-30,-0.48,6240,6250,6140,227331,1410107480,271768121280,43692624
20210604,085670,뉴프렉스,KOSDAQ,중견기업부,1930,20,1.05,1910,1930,1885,194484,375558015,42545527950,22044315
20210604,119860,다나와,KOSDAQ,우량기업부,28400,-200,-0.70,28700,28700,28200,62471,1771901350,371324944800,13074822
20210604,064260,다날,KOSDAQ,우량기업부,7000,0,0.00,7030,7150,6920,1649128,11638425380,482643280000,68949040
20210604,093640,다믈멀티미디어,KOSDAQ,벤처기업부,3595,150,4.35,3390,3605,3390,1400472,4971180035,47241449220,13140876
20210604,039560,다산네트웍스,KOSDAQ,벤처기업부,10400,200,1.96,10250,10500,10200,573741,5968191350,364936707200,35090068
20210604,032190,다우데이타,KOSDAQ,우량기업부,14450,-200,-1.37,14600,14700,14450,173292,2520401650,553435000000,38300000
20210604,068240,다원시스,KOSDAQ,우량기업부,19100,100,0.53,19000,19150,18800,183596,3488146650,602880173700,31564407
20210604,020400,대동금속,KOSDAQ,중견기업부,13550,-200,-1.45,13650,13650,13100,71447,958870600,43213199300,3189166
20210604,008830,대동기어,KOSDAQ,중견기업부,10350,-500,-4.61,10850,10850,10200,254863,2642516150,93020832000,8987520
20210604,048470,대동스틸,KOSDAQ,중견기업부,7670,50,0.66,7610,7700,7540,81014,618994560,76700000000,10000000
20210604,004780,대륙제관,KOSDAQ,우량기업부,6190,-10,-0.16,6200,6260,6100,74414,459995310,98440801810,15903199
20210604,017650,대림제지,KOSDAQ,우량기업부,14750,-150,-1.01,15000,15000,14600,25827,379176900,132750000000,9000000
20210604,007720,대명소노시즌,KOSDAQ,우량기업부,1660,-35,-2.06,1670,1715,1640,3363957,5639336690,167328747000,100800450
20210604,317850,대모,KOSDAQ,벤처기업부,6390,0,0.00,6310,6470,6260,84527,538874060,53193043800,8324420
20210604,290670,대보마그네틱,KOSDAQ,중견기업부,33300,0,0.00,33350,33400,33000,7287,241405300,246981105000,7416850
20210604,078140,대봉엘에스,KOSDAQ,우량기업부,11100,50,0.45,11050,11100,10900,29337,322476500,123061026900,11086579
20210604,036480,대성미생물,KOSDAQ,중견기업부,20400,50,0.25,20300,20550,20100,29809,606141500,77520000000,3800000
20210604,025440,대성엘텍,KOSDAQ,중견기업부,1225,-5,-0.41,1230,1240,1200,2042867,2501069505,123653145175,100941343
20210604,027830,대성창투,KOSDAQ,중견기업부,4720,-85,-1.77,4860,4925,4705,4849848,23252395625,188800000000,40000000
20210604,104040,대성파인텍,KOSDAQ,벤처기업부,2775,-20,-0.72,2785,2795,2735,647146,1790855160,86861054775,31301281
20210604,332290,대신밸런스제7호스팩,KOSDAQ,SPAC(소속부없음),2145,-15,-0.69,2155,2155,2130,29208,62426535,11164725000,5205000
20210604,336570,대신밸런스제8호스팩,KOSDAQ,SPAC(소속부없음),2150,-5,-0.23,2140,2155,2120,36743,78309705,12061500000,5610000
20210604,369370,대신밸런스제9호스팩,KOSDAQ,SPAC(소속부없음),2145,-45,-2.05,2150,2220,2145,66639,143917830,9030450000,4210000
20210604,020180,대신정보통신,KOSDAQ,중견기업부,2230,110,5.19,2110,2255,2110,6175975,13581460080,85696480450,38428915
20210604,045390,대아티아이,KOSDAQ,우량기업부,6200,80,1.31,6090,6250,6010,2186290,13457536630,441139436400,71151522
20210604,108380,대양전기공업,KOSDAQ,우량기업부,19900,50,0.25,19850,20200,19600,70585,1408965250,190389926700,9567333
20210604,006580,대양제지,KOSDAQ,관리종목(소속부없음),3260,0,0.00,0,0,0,0,0,87531000000,26850000
20210604,007680,대원,KOSDAQ,우량기업부,10200,-50,-0.49,10300,10350,10100,77607,791416400,125688551400,12322407
20210604,048910,대원미디어,KOSDAQ,벤처기업부,35850,500,1.41,35750,36800,35200,342183,12294188100,450955214100,12578946
20210604,005710,대원산업,KOSDAQ,우량기업부,8220,460,5.93,7760,8230,7760,269279,2180337700,164709072000,20037600
20210604,290380,대유,KOSDAQ,중견기업부,9660,100,1.05,9500,9670,9450,136345,1304967440,91232904000,9444400
20210604,290120,대유에이피,KOSDAQ,중견기업부,7900,-40,-0.50,7940,7940,7710,59703,467992970,85989706700,10884773
20210604,120240,대정화금,KOSDAQ,우량기업부,26950,-50,-0.19,27000,27000,26750,19487,523131750,193781037450,7190391
20210604,003310,대주산업,KOSDAQ,중견기업부,2910,210,7.78,2700,2965,2585,12757118,36418622230,102991738500,35392350
20210604,078600,대주전자재료,KOSDAQ,벤처기업부,43750,-800,-1.80,44450,44450,43700,160237,7021645600,673209425000,15387644
20210604,096350,대창솔루션,KOSDAQ,중견기업부,573,45,8.52,526,583,518,21403485,11955353111,93835058157,163761009
20210604,140520,대창스틸,KOSDAQ,중견기업부,3825,250,6.99,3665,4300,3560,7610043,30425951035,80742854475,21109243
20210604,131220,대한과학,KOSDAQ,벤처기업부,13500,-400,-2.88,13950,14000,13450,164566,2247463950,100635615000,7454490
20210604,010170,대한광통신,KOSDAQ,중견기업부,3320,45,1.37,3275,3325,3215,801710,2615605820,244822195000,73741625
20210604,060900,대한그린파워,KOSDAQ,관리종목(소속부없음),2205,-95,-4.13,2300,2320,2195,2562478,5725385255,337997912175,153287035
20210604,054670,대한뉴팜,KOSDAQ,중견기업부,11750,100,0.86,11650,11800,11250,189318,2194936950,168670310000,14354920
20210604,023910,대한약품,KOSDAQ,우량기업부,34950,250,0.72,34950,35000,34400,17655,612408000,209700000000,6000000
20210604,021040,대호특수강,KOSDAQ,중견기업부,941,-5,-0.53,946,947,934,284833,267601081,68799169266,73112826
20210604,021045,대호특수강우,KOSDAQ,중견기업부,1570,-35,-2.18,1600,1600,1550,51796,81133530,6660671620,4242466
20210604,067080,대화제약,KOSDAQ,우량기업부,12650,50,0.40,12500,12700,12500,29721,374359600,235500622500,18616650
20210604,298540,더네이쳐홀딩스,KOSDAQ,우량기업부,58100,-300,-0.51,58200,58900,57900,15699,912738600,422522256800,7272328
20210604,299170,더블유에스아이,KOSDAQ,중견기업부,2960,-20,-0.67,2950,2975,2910,52385,154224690,86544370480,29237963
20210604,213420,덕산네오룩스,KOSDAQ,우량기업부,44450,-250,-0.56,44300,44850,43950,107775,4778430150,1067245033400,24010012
20210604,317330,덕산테코피아,KOSDAQ,우량기업부,18650,-300,-1.58,18850,18850,18500,96643,1801057200,342739032200,18377428
20210604,077360,덕산하이메탈,KOSDAQ,우량기업부,13350,250,1.91,13100,13400,12900,160321,2107657750,303291988350,22718501
20210604,090410,덕신하우징,KOSDAQ,중견기업부,1740,-5,-0.29,1740,1780,1725,1086042,1903476545,80186325300,46084095
20210604,263600,덕우전자,KOSDAQ,우량기업부,8720,-90,-1.02,8920,8980,8610,1147179,10048983700,138912303200,15930310
20210604,194480,데브시스터즈,KOSDAQ,벤처기업부,106900,-5700,-5.06,111000,112000,106600,84385,9201968800,1221017145000,11422050
20210604,263800,데이타솔루션,KOSDAQ,중견기업부,6050,50,0.83,6030,6120,5940,49179,297522170,96948709000,16024580
20210604,206560,덱스터,KOSDAQ,기술성장기업부,7310,-60,-0.81,7370,7390,7270,264833,1937746600,185294874160,25348136
20210604,261200,덴티스,KOSDAQ,벤처기업부,14200,-150,-1.05,14350,14500,14050,195224,2789759100,209562038000,14757890
20210604,067990,도이치모터스,KOSDAQ,우량기업부,8330,70,0.85,8230,8340,8210,284620,2356647420,246765470980,29623706
20210604,006620,동구바이오제약,KOSDAQ,우량기업부,9440,0,0.00,9440,9470,9350,128889,1212618880,268709524480,28464992
20210604,100130,동국S&C,KOSDAQ,중견기업부,6190,30,0.49,6140,6240,6100,308733,1904145980,353715170000,57143000
20210604,005160,동국산업,KOSDAQ,우량기업부,3950,15,0.38,3930,3955,3865,110702,434513955,214265703900,54244482
20210604,075970,동국알앤에스,KOSDAQ,중견기업부,6620,280,4.42,6460,6780,6400,7016947,46252450060,121808000000,18400000
20210604,086450,동국제약,KOSDAQ,우량기업부,28750,-100,-0.35,28800,28900,28500,98617,2822738000,1278225000000,44460000
20210604,099410,동방선기,KOSDAQ,관리종목(소속부없음),3040,115,3.93,3030,3150,2900,230530,693150090,41164646080,13541002
20210604,033500,동성화인텍,KOSDAQ,우량기업부,13550,100,0.74,13500,13850,13400,435405,5940529300,385600005750,28457565
20210604,025950,동신건설,KOSDAQ,중견기업부,54600,-600,-1.09,56800,57200,54600,246504,13814868400,458640000000,8400000
20210604,088130,동아엘텍,KOSDAQ,우량기업부,10150,-200,-1.93,10350,10350,10100,39870,406356650,108228820700,10662938
20210604,041930,동아화성,KOSDAQ,우량기업부,13700,450,3.40,13250,13900,13150,686904,9347738000,216460000000,15800000
20210604,060380,동양에스텍,KOSDAQ,중견기업부,4630,-180,-3.74,4810,4810,4625,589625,2767634950,91211000000,19700000
20210604,079960,동양이엔피,KOSDAQ,우량기업부,17600,-250,-1.40,17850,17850,17350,97340,1704759200,138336000000,7860000
20210604,228340,동양파일,KOSDAQ,중견기업부,7100,-100,-1.39,7220,7220,7050,122931,871957820,142000000000,20000000
20210604,088910,동우팜투테이블,KOSDAQ,우량기업부,3620,10,0.28,3660,3665,3605,177530,644291915,93510985680,25831764
20210604,094170,동운아나텍,KOSDAQ,벤처기업부,7630,-70,-0.91,7650,7730,7440,398281,3011417250,134116370780,17577506
20210604,013120,동원개발,KOSDAQ,우량기업부,6460,-90,-1.37,6610,6680,6430,438613,2876809970,586620326000,90808100
20210604,109860,동일금속,KOSDAQ,우량기업부,13900,150,1.09,13550,13950,13550,2114,29043900,97300000000,7000000
20210604,032960,동일기연,KOSDAQ,벤처기업부,19350,-500,-2.52,19700,19950,19300,101911,1985970950,67788564750,3503285
20210604,023790,동일철강,KOSDAQ,중견기업부,6640,-60,-0.90,6700,6750,6500,62490,415061550,48771364400,7345085
20210604,005290,동진쎄미켐,KOSDAQ,우량기업부,28700,-450,-1.54,29050,29050,28550,322246,9250681700,1475595977800,51414494
20210604,025900,동화기업,KOSDAQ,우량기업부,65800,-400,-0.60,66000,66100,65300,47917,3142919900,1329237446600,20201177
20210604,073190,듀오백,KOSDAQ,중견기업부,4045,-40,-0.98,4085,4095,4030,82878,335960805,48410721800,11968040
20210604,030350,드래곤플라이,KOSDAQ,중견기업부,2355,55,2.39,2305,2365,2280,351631,818399885,40287910515,17107393
20210604,203650,드림시큐리티,KOSDAQ,벤처기업부,5650,180,3.29,5570,5990,5540,19594458,113580062570,285922510100,50605754
20210604,223250,드림씨아이에스,KOSDAQ,중견기업부,16700,-300,-1.76,17000,17000,16650,14739,246767350,93452699000,5595970
20210604,060570,드림어스컴퍼니,KOSDAQ,중견기업부,6410,-140,-2.14,6520,6530,6350,410477,2630291100,364471619270,56859847
20210604,217620,디딤,KOSDAQ,중견기업부,1910,50,2.69,1880,1915,1835,243643,457874645,70764502980,37049478
20210604,187870,디바이스이엔지,KOSDAQ,우량기업부,38200,-650,-1.67,38750,38800,37850,42629,1627009000,268798463800,7036609
20210604,066670,디스플레이텍,KOSDAQ,중견기업부,4990,5,0.10,5030,5030,4935,92701,461309490,93272670820,18691918
20210604,110990,디아이티,KOSDAQ,우량기업부,11200,-300,-2.61,11350,11400,11150,271714,3000172700,211680000000,18900000
20210604,263690,디알젬,KOSDAQ,우량기업부,13500,0,0.00,13500,13550,13350,26693,358277000,152895735000,11325610
20210604,214680,디알텍,KOSDAQ,벤처기업부,1750,10,0.57,1750,1775,1725,831477,1455205630,90619100250,51782343
20210604,263720,디앤씨미디어,KOSDAQ,벤처기업부,44100,-900,-2.00,45500,45500,44050,70321,3126293150,541332395100,12275111
20210604,109740,디에스케이,KOSDAQ,우량기업부,7290,-80,-1.09,7380,7380,7080,58289,422814390,148386222270,20354763
20210604,033430,디에스티,KOSDAQ,관리종목(소속부없음),370,0,0.00,0,0,0,0,0,27363736280,73956044
20210604,131030,디에이치피코리아,KOSDAQ,우량기업부,8300,0,0.00,8300,8350,8230,66761,551964620,137487815100,16564797
20210604,196490,디에이테크놀로지,KOSDAQ,벤처기업부,6550,60,0.92,6480,6560,6450,225665,1466657120,155040465000,23670300
20210604,066900,디에이피,KOSDAQ,우량기업부,4105,-30,-0.73,4140,4185,4075,31840,130616835,93366184815,22744503
20210604,127120,디엔에이링크,KOSDAQ,기술성장기업부,4000,-55,-1.36,4055,4065,3995,134472,541176715,65574768000,16393692
20210604,092070,디엔에프,KOSDAQ,우량기업부,24000,-450,-1.84,24300,24450,23750,119651,2869992600,258283872000,10761828
20210604,134580,디엠티,KOSDAQ,중견기업부,3190,-80,-2.45,3270,3270,3020,63396,200967745,35887500000,11250000
20210604,039840,디오,KOSDAQ,우량기업부,39200,300,0.77,39400,39800,38900,124993,4910060950,608525198400,15523602
20210604,104460,디와이피엔에프,KOSDAQ,우량기업부,28000,300,1.08,27800,28100,27350,18678,517897350,299981500000,10713625
20210604,079810,디이엔티,KOSDAQ,중견기업부,6920,30,0.44,6890,6960,6800,39384,271005190,90215064280,13036859
20210604,227100,디자인,KOSDAQ,벤처기업부,12050,-750,-5.86,12700,12900,12000,122682,1511577400,41318618550,3428931
20210604,113810,디젠스,KOSDAQ,벤처기업부,985,206,26.44,779,1010,777,28798766,27279923419,32138630235,32628051
20210604,043360,디지아이,KOSDAQ,벤처기업부,3270,15,0.46,3250,3310,3155,96249,312216580,29430000000,9000000
20210604,197140,디지캡,KOSDAQ,벤처기업부,6850,30,0.44,6810,6870,6640,190292,1285379770,54199104300,7912278
20210604,106520,디지탈옵틱,KOSDAQ,관리종목(소속부없음),5360,10,0.19,5350,5460,5300,105764,566753450,68027908640,12691774
20210604,068930,디지털대성,KOSDAQ,우량기업부,8290,-60,-0.72,8310,8350,8230,78128,645672060,246127936310,29689739
20210604,033130,디지틀조선,KOSDAQ,중견기업부,3860,-90,-2.28,3945,3950,3845,459905,1781876925,143264930620,37115267
20210604,105740,디케이락,KOSDAQ,우량기업부,12700,0,0.00,12550,12700,12400,88728,1112733500,107313882400,8449912
20210604,263020,디케이앤디,KOSDAQ,벤처기업부,10600,-400,-3.64,11000,11150,10500,154918,1654720950,82289941200,7763202
20210604,290550,디케이티,KOSDAQ,우량기업부,20200,-50,-0.25,20100,20400,19950,40370,813653250,166272926600,8231333
20210604,187220,디티앤씨,KOSDAQ,벤처기업부,7100,310,4.57,6870,7220,6760,171677,1208871710,79816907800,11241818
20210604,131180,딜리,KOSDAQ,벤처기업부,1935,-5,-0.26,1945,1950,1900,193456,371918765,56792250000,29350000
20210604,317120,라닉스,KOSDAQ,기술성장기업부,11350,50,0.44,11250,11350,11100,73661,825087650,109533175000,9650500
20210604,042510,라온시큐어,KOSDAQ,벤처기업부,5490,710,14.85,4970,5850,4945,72771612,402006659475,208202150610,37923889
20210604,300120,라온피플,KOSDAQ,벤처기업부,23400,-850,-3.51,24250,24300,23400,78580,1861834100,246124850400,10518156
20210604,171120,라이온켐텍,KOSDAQ,중견기업부,11650,100,0.87,11400,11950,11400,109962,1283989900,220110160400,18893576
20210604,069540,라이트론,KOSDAQ,관리종목(소속부없음),5420,0,0.00,0,0,0,0,0,129790458180,23946579
20210604,347700,라이프시맨틱스,KOSDAQ,기술성장기업부,12550,300,2.45,12250,12800,12000,288468,3605658000,127003113500,10119770
20210604,214260,라파스,KOSDAQ,기술성장기업부,31950,-500,-1.54,32400,32500,31600,36201,1152437200,274375928700,8587666
20210604,171010,램테크놀러지,KOSDAQ,벤처기업부,6780,80,1.19,6680,6830,6630,183753,1241184670,78695243040,11606968
20210604,084650,랩지노믹스,KOSDAQ,우량기업부,22750,300,1.34,22650,23500,22500,334717,7716376350,260489706750,11450097
20210604,217500,러셀,KOSDAQ,벤처기업부,5300,-150,-2.75,5440,5450,5290,476261,2539508310,168603600000,31812000
20210604,033600,럭슬,KOSDAQ,투자주의환기종목(소속부없음),179,0,0.00,0,0,0,0,0,9456230437,52828103
20210604,141080,레고켐바이오,KOSDAQ,기술성장기업부,49000,150,0.31,48850,49750,48450,151207,7422146250,1181676062000,24115838
20210604,060300,레드로버,KOSDAQ,관리종목(소속부없음),1830,0,0.00,0,0,0,0,0,48840480210,26688787
20210604,038390,레드캡투어,KOSDAQ,우량기업부,29500,-950,-3.12,30400,30450,29100,75673,2232516100,253389660000,8589480
20210604,294140,레몬,KOSDAQ,기술성장기업부,8050,-50,-0.62,8160,8160,8030,226841,1827395870,297850000000,37000000
20210604,228670,레이,KOSDAQ,우량기업부,26600,-50,-0.19,26650,28000,26000,123710,3312165350,176976902200,6653267
20210604,228850,레이언스,KOSDAQ,우량기업부,13850,-150,-1.07,14000,14000,13800,32835,456319150,229785543900,16591014
20210604,281740,레이크머티리얼즈,KOSDAQ,벤처기업부,3885,-25,-0.64,3910,3940,3820,441800,1708928320,255363178980,65730548
20210604,277810,레인보우로보틱스,KOSDAQ,기술성장기업부,21400,100,0.47,21250,21500,21000,64710,1373140850,345293579600,16135214
20210604,215100,로보로보,KOSDAQ,벤처기업부,4475,-10,-0.22,4485,4485,4430,106870,475896810,79648081650,17798454
20210604,090360,로보스타,KOSDAQ,중견기업부,27500,450,1.66,27100,28050,26450,164586,4485436700,268125000000,9750000
20210604,108490,로보티즈,KOSDAQ,기술성장기업부,16100,0,0.00,16100,16200,15900,44905,720622200,181141100000,11251000
20210604,900260,로스웰,KOSDAQ,외국기업(소속부없음),331,3,0.91,328,333,325,696393,229376332,46929593750,141781250
20210604,067730,로지시스,KOSDAQ,중견기업부,9220,-80,-0.86,9370,9440,9210,213491,1989775560,89193560840,9673922
20210604,071280,로체시스템즈,KOSDAQ,벤처기업부,5950,20,0.34,5920,5990,5880,107547,639176310,91014787850,15296603
20210604,038060,루멘스,KOSDAQ,관리종목(소속부없음),1570,-15,-0.95,1575,1590,1550,316183,496279060,75521818330,48103069
20210604,085370,루트로닉,KOSDAQ,투자주의환기종목(소속부없음),13600,650,5.02,12950,13750,12850,466405,6201897450,353269710400,25975714
20210604,08537M,루트로닉3우C,KOSDAQ,투자주의환기종목(소속부없음),18800,650,3.58,18150,18800,18050,256,4727150,9021161200,479849
20210604,060240,룽투코리아,KOSDAQ,벤처기업부,6200,-100,-1.59,6380,6380,6120,173275,1076506320,157661560800,25429284
20210604,058470,리노공업,KOSDAQ,우량기업부,167100,-2900,-1.71,168800,169200,166100,43021,7220162150,2547000027000,15242370
20210604,039980,리노스,KOSDAQ,중견기업부,1825,65,3.69,1785,1825,1760,2582987,4650969580,79526721950,43576286
20210604,019570,리더스 기술투자,KOSDAQ,중견기업부,1335,155,13.14,1330,1475,1265,177565592,240836272540,131229015480,98298888
20210604,016100,리더스코스메틱,KOSDAQ,중견기업부,7780,30,0.39,7680,8140,7670,778173,6128660570,142956169620,18374829
20210604,012700,리드코프,KOSDAQ,우량기업부,9810,230,2.40,9550,9910,9440,383378,3743576780,259436584350,26446135
20210604,302550,리메드,KOSDAQ,기술성장기업부,24600,-350,-1.40,24950,24950,24200,21092,515393650,150115743600,6102266
20210604,029480,릭스솔루션,KOSDAQ,중견기업부,595,10,1.71,585,597,567,1109996,647892359,50228614205,84417839
20210604,277070,린드먼아시아,KOSDAQ,중견기업부,7650,-120,-1.54,7800,7880,7630,195380,1513093930,103275000000,13500000
20210604,042500,링네트,KOSDAQ,우량기업부,6660,140,2.15,6530,6680,6510,216031,1431185240,102276807480,15356878
20210604,219420,링크제니시스,KOSDAQ,기술성장기업부,8040,-10,-0.12,8050,8090,7970,62039,497461370,80400000000,10000000
20210604,195500,마니커에프앤지,KOSDAQ,중견기업부,6800,110,1.64,7110,7120,6700,502085,3471293490,73222400000,10768000
20210604,222810,마이더스AI,KOSDAQ,관리종목(소속부없음),507,2,0.40,505,510,502,734393,370789306,71602238058,141227294
20210604,305090,마이크로디지탈,KOSDAQ,기술성장기업부,25250,700,2.85,24550,25600,23950,175992,4324757050,183355400000,7261600
20210604,098120,마이크로컨텍솔,KOSDAQ,벤처기업부,7480,-80,-1.06,7680,7740,7480,377280,2861729070,62179489680,8312766
20210604,147760,마이크로프랜드,KOSDAQ,벤처기업부,8870,-250,-2.74,9120,9160,8810,118184,1051881850,95972211420,10819866
20210604,038290,마크로젠,KOSDAQ,우량기업부,31400,-500,-1.57,31650,31850,31250,53127,1668903850,335151102800,10673602
20210604,220630,맘스터치,KOSDAQ,우량기업부,3730,-200,-5.09,3845,3885,3625,1586936,5896439395,379779390630,101817531
20210604,267980,매일유업,KOSDAQ,우량기업부,78500,-500,-0.63,79100,79600,78300,22492,1773514200,615725583000,7843638
20210604,005990,매일홀딩스,KOSDAQ,우량기업부,11250,50,0.45,11150,11300,11100,27263,306238600,154330920000,13718304
20210604,127160,매직마이크로,KOSDAQ,관리종목(소속부없음),282,0,0.00,0,0,0,0,0,24427827282,86623501
20210604,093520,매커스,KOSDAQ,중견기업부,6650,80,1.22,6560,6700,6490,107115,709725320,107484561800,16163092
20210604,141070,맥스로텍,KOSDAQ,투자주의환기종목(소속부없음),743,0,0.00,0,0,0,0,0,26670245050,35895350
20210604,100590,머큐리,KOSDAQ,우량기업부,10050,0,0.00,10050,10100,9900,114259,1142536370,148374180000,14763600
20210604,067280,멀티캠퍼스,KOSDAQ,우량기업부,38500,-550,-1.41,38650,39250,38400,16125,622920100,228180991500,5926779
20210604,072870,메가스터디,KOSDAQ,중견기업부,14600,-250,-1.68,14750,14850,14600,92564,1361541600,174046001400,11920959
20210604,215200,메가스터디교육,KOSDAQ,우량기업부,64700,-1500,-2.27,66600,66600,64400,56610,3677420900,766396086000,11845380
20210604,133750,메가엠디,KOSDAQ,중견기업부,5750,-210,-3.52,5900,5930,5700,635184,3689740420,134590692750,23407077
20210604,235980,메드팩토,KOSDAQ,기술성장기업부,72700,-900,-1.22,73400,75100,72500,177934,13059009800,1489102613400,20482842
20210604,041920,메디아나,KOSDAQ,우량기업부,14450,250,1.76,14400,14550,14150,50412,725288100,124999667200,8650496
20210604,014100,메디앙스,KOSDAQ,투자주의환기종목(소속부없음),6200,0,0.00,0,0,0,0,0,73160000000,11800000
20210604,054180,메디콕스,KOSDAQ,중견기업부,1295,-20,-1.52,1310,1330,1260,2136259,2739432685,84512057420,65260276
20210604,086900,메디톡스,KOSDAQ,우량기업부,173600,-1100,-0.63,175400,177400,173100,37768,6620752400,1085761062400,6254384
20210604,078160,메디포스트,KOSDAQ,벤처기업부,30850,-800,-2.53,31800,31800,30800,150647,4676673350,501750384900,16264194
20210604,065650,메디프론,KOSDAQ,중견기업부,3955,5,0.13,3920,3990,3905,650671,2575859500,170753510130,43174086
20210604,021880,메이슨캐피탈,KOSDAQ,관리종목(소속부없음),668,-4,-0.60,672,675,662,400695,267046793,100991184544,151184408
20210604,140410,메지온,KOSDAQ,중견기업부,133000,-400,-0.30,133000,135000,132300,35369,4701329300,1182729898000,8892706
20210604,241770,메카로,KOSDAQ,투자주의환기종목(소속부없음),11900,50,0.42,11800,12000,11500,13841,163505000,120745016000,10146640
20210604,059210,메타바이오메드,KOSDAQ,벤처기업부,3075,15,0.49,3060,3075,3020,160887,490449835,73376729325,23862351
20210604,058110,멕아이씨에스,KOSDAQ,기술성장기업부,16150,-300,-1.82,16200,16350,15900,63555,1021410850,259216059500,16050530
20210604,096640,멜파스,KOSDAQ,중견기업부,1980,15,0.76,1975,1995,1940,335353,661453930,67883622840,34284658
20210604,257370,명성티엔에스,KOSDAQ,투자주의환기종목(소속부없음),9210,0,0.00,0,0,0,0,0,59319850890,6440809
20210604,080420,모다이노칩,KOSDAQ,우량기업부,4065,5,0.12,4030,4130,3990,263763,1073251215,324068393430,79721622
20210604,080160,모두투어,KOSDAQ,중견기업부,29550,-1400,-4.52,30050,30250,29150,839413,24874591250,558495000000,18900000
20210604,100030,모바일리더,KOSDAQ,중견기업부,20300,-100,-0.49,20450,20450,20050,11821,238956650,66659394200,3283714
20210604,087260,모바일어플라이언스,KOSDAQ,벤처기업부,4380,25,0.57,4355,4395,4260,195321,850076975,142185513480,32462446
20210604,101330,모베이스,KOSDAQ,중견기업부,5600,-70,-1.23,5670,5730,5540,403323,2269193390,134165852800,23958188
20210604,012860,모베이스전자,KOSDAQ,중견기업부,2730,-45,-1.62,2790,2790,2720,503454,1379291680,155483218800,56953560
20210604,348030,모비릭스,KOSDAQ,중견기업부,20250,-50,-0.25,20200,20350,20100,22031,445225750,188406000000,9304000
20210604,250060,모비스,KOSDAQ,기술성장기업부,2960,-80,-2.63,3040,3040,2910,1968083,5828651240,95227089440,32171314
20210604,033200,모아텍,KOSDAQ,중견기업부,8630,-30,-0.35,8660,8710,8550,16050,138478750,123678126550,14331185
20210604,118990,모트렉스,KOSDAQ,중견기업부,5870,30,0.51,5850,5900,5790,217342,1269220830,228936098930,39001039
20210604,006920,모헨즈,KOSDAQ,중견기업부,6490,100,1.56,6390,6560,6340,172749,1116052960,70870800000,10920000
20210604,001810,무림SP,KOSDAQ,우량기업부,3525,-5,-0.14,3500,3550,3490,69164,243462750,78034687500,22137500
20210604,279600,미디어젠,KOSDAQ,기술성장기업부,15350,-600,-3.76,15800,16350,15300,172582,2702592100,71197613350,4638281
20210604,095500,미래나노텍,KOSDAQ,우량기업부,4735,-20,-0.42,4745,4745,4670,288885,1360439540,136446264815,28816529
20210604,218150,미래생명자원,KOSDAQ,벤처기업부,5080,-20,-0.39,5080,5140,5030,240688,1223965410,94850854240,18671428
20210604,353490,미래에셋대우스팩 5호,KOSDAQ,SPAC(소속부없음),2160,-5,-0.23,2170,2200,2145,375097,813575830,10929600000,5060000
20210604,328380,미래에셋대우스팩3호,KOSDAQ,SPAC(소속부없음),2160,-15,-0.69,2175,2235,2155,237534,516746105,14001120000,6482000
20210604,100790,미래에셋벤처투자,KOSDAQ,중견기업부,8570,-50,-0.58,8620,8640,8460,205251,1752333930,395898203110,46195823
20210604,049950,미래컴퍼니,KOSDAQ,우량기업부,32900,-250,-0.75,33250,33250,32850,65184,2151349450,275119867400,8362306
20210604,213090,미래테크놀로지,KOSDAQ,중견기업부,12000,500,4.35,11600,12200,11500,31161,373135000,73449456000,6120788
20210604,207760,미스터블루,KOSDAQ,중견기업부,11250,-50,-0.44,11250,11300,11100,297570,3333667300,278568393750,24761635
20210604,059090,미코,KOSDAQ,우량기업부,14400,-200,-1.37,14550,14550,14250,199749,2869231500,450959083200,31316603
20210604,214610,미코바이오메드,KOSDAQ,기술성장기업부,12850,-50,-0.39,12800,13350,12700,130741,1697447900,234670979050,18262333
20210604,201490,미투온,KOSDAQ,중견기업부,6630,-40,-0.60,6650,6700,6600,145067,963058370,207239015100,31257770
20210604,950190,미투젠,KOSDAQ,외국기업(소속부없음),22150,0,0.00,22300,22300,22000,51826,1146091800,300794607800,13579892
20210604,214180,민앤지,KOSDAQ,우량기업부,19800,0,0.00,19700,19950,19450,149834,2952665200,244777024800,12362476
20210604,206640,바디텍메드,KOSDAQ,우량기업부,20450,100,0.49,20400,20500,20050,112942,2293961050,480300152000,23486560
20210604,018700,바른손,KOSDAQ,중견기업부,3015,-5,-0.17,3040,3040,2980,117265,352153005,88856533305,29471487
20210604,035620,바른손이앤에이,KOSDAQ,중견기업부,1540,20,1.32,1510,1555,1500,533437,816955505,113172294620,73488503
20210604,064520,바른전자,KOSDAQ,관리종목(소속부없음),1005,0,0.00,0,0,0,0,0,74054909385,73686477
20210604,053030,바이넥스,KOSDAQ,우량기업부,22600,800,3.67,21850,23000,21500,790890,17631308950,717799684800,31761048
20210604,301300,바이브컴퍼니,KOSDAQ,기술성장기업부,30600,-300,-0.97,30750,31350,30450,41374,1269739750,165061602000,5394170
20210604,064550,바이오니아,KOSDAQ,기술성장기업부,17800,-100,-0.56,17850,17900,17400,146699,2592253700,447350276400,25132038
20210604,314930,바이오다인,KOSDAQ,기술성장기업부,47700,-950,-1.95,48400,49250,47500,33936,1634313000,294222901500,6168195
20210604,208710,바이오로그디바이스,KOSDAQ,벤처기업부,4200,80,1.94,4130,4225,3950,2174833,8902234820,174011930400,41431412
20210604,142760,바이오리더스,KOSDAQ,기술성장기업부,6430,-90,-1.38,6520,6590,6370,262067,1682866780,176260548880,27412216
20210604,086820,바이오솔루션,KOSDAQ,기술성장기업부,28100,-450,-1.58,28400,28450,28000,46120,1296358350,227369070600,8091426
20210604,038460,바이오스마트,KOSDAQ,우량기업부,6270,-30,-0.48,6300,6340,6220,48928,306511430,125950506000,20087800
20210604,086040,바이오톡스텍,KOSDAQ,벤처기업부,10350,-200,-1.90,10500,10550,10350,118900,1237666750,151370023050,14625123
20210604,032980,바이온,KOSDAQ,중견기업부,1445,15,1.05,1450,1450,1425,308276,443618545,96671622765,66900777
20210604,043150,바텍,KOSDAQ,우량기업부,34900,-50,-0.14,35000,35000,34150,56171,1942016750,518413534400,14854256
20210604,323990,박셀바이오,KOSDAQ,기술성장기업부,93100,-900,-0.96,93400,95100,93000,177416,16609968000,1417261300000,15223000
20210604,267790,배럴,KOSDAQ,중견기업부,11300,-1250,-9.96,12000,12050,11150,575178,6613865000,89106150000,7885500
20210604,046310,백금T&A,KOSDAQ,중견기업부,4165,40,0.97,4090,4210,4080,983803,4083201950,68383639765,16418641
20210604,066410,버킷스튜디오,KOSDAQ,중견기업부,2115,5,0.24,2085,2135,2065,638340,1345733775,87160702410,41210734
20210604,206400,베노홀딩스,KOSDAQ,중견기업부,6500,20,0.31,6430,6600,6420,40990,266553620,150247292000,23114968
20210604,019010,베뉴지,KOSDAQ,중견기업부,2665,-20,-0.74,2750,2780,2650,1172534,3175774555,128453000000,48200000
20210604,177350,베셀,KOSDAQ,중견기업부,4900,5,0.10,4940,5090,4790,71154,346407575,54842603200,11192368
20210604,299910,베스파,KOSDAQ,관리종목(소속부없음),27800,150,0.54,27900,27950,27000,13596,373421750,226484264800,8146916
20210604,225530,보광산업,KOSDAQ,벤처기업부,7660,280,3.79,7430,7680,7310,613563,4625921130,278354648820,36338727
20210604,250000,보라티알,KOSDAQ,중견기업부,17100,0,0.00,17200,17300,16800,55220,944839050,115437534300,6750733
20210604,006910,보성파워텍,KOSDAQ,중견기업부,4145,710,20.67,3445,4355,3415,75222908,296197980230,202738101180,48911484
20210604,226340,본느,KOSDAQ,중견기업부,3830,-85,-2.17,3900,3975,3820,1748387,6794596395,117579452680,30699596
20210604,014470,부방,KOSDAQ,중견기업부,3730,-40,-1.06,3915,3920,3715,1129034,4281972850,223994929800,60052260
20210604,008470,부스타,KOSDAQ,우량기업부,6990,-20,-0.29,6980,7050,6910,36365,253868900,58749552000,8404800
20210604,338220,뷰노,KOSDAQ,기술성장기업부,22200,-200,-0.89,22400,22600,22000,45320,1006227000,247944163200,11168656
20210604,100120,뷰웍스,KOSDAQ,우량기업부,37250,100,0.27,37150,37400,36850,18472,687158800,372569471250,10001865
20210604,337930,브랜드엑스코퍼레이션,KOSDAQ,우량기업부,12250,-100,-0.81,12300,12400,12200,115271,1416447900,233521358000,19062968
20210604,064480,브리지텍,KOSDAQ,벤처기업부,5070,85,1.71,4985,5160,4955,143582,726124230,60599175000,11952500
20210604,288330,브릿지바이오테라퓨틱스,KOSDAQ,기술성장기업부,13300,50,0.38,13250,13400,13050,34907,460023850,260262832200,19568634
20210604,251630,브이원텍,KOSDAQ,중견기업부,10250,-150,-1.44,10350,10400,10150,43596,446698350,154268445000,15050580
20210604,018290,브이티지엠피,KOSDAQ,우량기업부,9390,10,0.11,9320,9470,9280,301882,2829592620,320757902190,34159521
20210604,044480,블루베리 NFT,KOSDAQ,중견기업부,2895,0,0.00,2870,2920,2805,303085,866128830,82031553315,28335597
20210604,033560,블루콤,KOSDAQ,벤처기업부,9650,350,3.76,9410,9650,9220,122497,1162865290,174549653550,18088047
20210604,126340,비나텍,KOSDAQ,벤처기업부,42700,-50,-0.12,42800,43300,42050,28121,1195003450,219614938900,5143207
20210604,121800,비덴트,KOSDAQ,벤처기업부,9330,-290,-3.01,9660,9700,9320,678067,6407452620,426136600650,45673805
20210604,148140,비디아이,KOSDAQ,투자주의환기종목(소속부없음),5760,-210,-3.52,6040,6040,5700,806842,4713371290,117386524800,20379605
20210604,082800,비보존 헬스케어,KOSDAQ,중견기업부,1635,80,5.14,1560,1650,1525,3195034,5145112765,261252917295,159787717
20210604,318410,비비씨,KOSDAQ,중견기업부,19300,-100,-0.52,19400,19450,19200,27602,532579900,104803689900,5430243
20210604,200780,비씨월드제약,KOSDAQ,우량기업부,17600,50,0.28,17550,17700,17450,24087,422905300,156505958400,8892384
20210604,141000,비아트론,KOSDAQ,우량기업부,11600,-50,-0.43,11650,11700,11450,79787,924583350,140530636000,12114710
20210604,090460,비에이치,KOSDAQ,우량기업부,19100,500,2.69,18800,19300,18600,1111644,21206937400,643530340800,33692688
20210604,083650,비에이치아이,KOSDAQ,중견기업부,5900,610,11.53,5340,6270,5340,10535015,62449371810,153400000000,26000000
20210604,086670,비엠티,KOSDAQ,우량기업부,14150,300,2.17,13850,14300,13700,89496,1259594900,115273385350,8146529
20210604,335890,비올,KOSDAQ,벤처기업부,2310,20,0.87,2290,2315,2290,56098,129080455,126449400000,54740000
20210604,138580,비즈니스온,KOSDAQ,벤처기업부,19700,-200,-1.01,19750,20000,19650,24102,477728400,224115868000,11376440
20210604,082920,비츠로셀,KOSDAQ,우량기업부,15150,100,0.66,14950,15250,14850,136801,2063511250,326318152800,21539152
20210604,054220,비츠로시스,KOSDAQ,투자주의환기종목(소속부없음),5780,0,0.00,0,0,0,0,0,129588605720,22420174
20210604,042370,비츠로테크,KOSDAQ,우량기업부,10950,-150,-1.35,11000,11150,10900,531044,5845354650,265832591550,24276949
20210604,032850,비트컴퓨터,KOSDAQ,벤처기업부,10900,750,7.39,10300,11100,10200,2611960,28155488300,181193893700,16623293
20210604,238200,비피도,KOSDAQ,기술성장기업부,10700,0,0.00,10700,10750,10550,23998,255663800,87526000000,8180000
20210604,093190,빅솔론,KOSDAQ,우량기업부,5900,240,4.24,5660,5910,5600,141032,820112620,113509539500,19238905
20210604,065450,빅텍,KOSDAQ,중견기업부,7230,10,0.14,7220,7270,7180,679071,4909515110,207159744000,28652800
20210604,072950,빛샘전자,KOSDAQ,벤처기업부,8050,160,2.03,7890,8270,7810,236744,1922620130,50158414950,6230859
20210604,143240,사람인에이치알,KOSDAQ,우량기업부,36300,-600,-1.63,36750,36900,36100,25509,927616600,423231246900,11659263
20210604,100090,삼강엠앤티,KOSDAQ,중견기업부,18750,-50,-0.27,18700,18950,18450,277141,5192023900,666158737500,35528466
20210604,122350,삼기,KOSDAQ,중견기업부,4115,55,1.35,4060,4120,4035,410411,1675426195,157766746220,38339428
20210604,014970,삼륭물산,KOSDAQ,중견기업부,8110,-20,-0.25,8130,8190,7990,12538,101565470,122663750000,15125000
20210604,018310,삼목에스폼,KOSDAQ,우량기업부,17200,-50,-0.29,17050,17450,17050,52426,902095350,252840000000,14700000
20210604,053700,삼보모터스,KOSDAQ,중견기업부,7380,140,1.93,7230,7490,7220,887577,6555057610,132942788640,18013928
20210604,009620,삼보산업,KOSDAQ,중견기업부,3125,-70,-2.19,3250,3750,3040,48980428,163438351880,119038268750,38092246
20210604,023600,삼보판지,KOSDAQ,우량기업부,17100,0,0.00,17100,17150,16900,74087,1262364600,276507000000,16170000
20210604,291230,삼성스팩2호,KOSDAQ,SPAC(소속부없음),5210,-1260,-19.47,6400,6400,5150,4683178,25968584730,39335500000,7550000
20210604,377630,삼성스팩4호,KOSDAQ,SPAC(소속부없음),8540,-2260,-20.93,10550,10800,8530,7230555,67850889980,34330800000,4020000
20210604,009300,삼아제약,KOSDAQ,우량기업부,16300,-200,-1.21,16500,16500,16200,16645,271357950,103831000000,6370000
20210604,225190,삼양옵틱스,KOSDAQ,중견기업부,10700,150,1.42,10500,10700,10450,59582,629358500,107991890000,10092700
20210604,361670,삼영에스앤씨,KOSDAQ,기술성장기업부,15650,-550,-3.40,16150,16150,15550,207282,3273623000,86969522700,5557158
20210604,054540,삼영엠텍,KOSDAQ,우량기업부,5780,120,2.12,5660,5880,5600,219076,1262381920,78736437380,13622221
20210604,065570,삼영이엔씨,KOSDAQ,벤처기업부,9500,120,1.28,9380,9650,9370,108850,1035477610,91177219000,9597602
20210604,032280,삼일,KOSDAQ,중견기업부,3850,-10,-0.26,3860,3905,3800,348289,1340119320,62422321500,16213590
20210604,002290,삼일기업공사,KOSDAQ,중견기업부,6670,200,3.09,6460,6840,6330,955698,6348602430,82708000000,12400000
20210604,037460,삼지전자,KOSDAQ,우량기업부,14400,-50,-0.35,14400,14500,14300,70766,1018170950,234986716800,16318522
20210604,032750,삼진,KOSDAQ,우량기업부,12450,-150,-1.19,12550,12550,12250,35440,437765950,74700000000,6000000
20210604,054090,삼진엘앤디,KOSDAQ,중견기업부,3740,-5,-0.13,3745,3775,3710,282350,1056470195,93347527680,24959232
20210604,000250,삼천당제약,KOSDAQ,우량기업부,52800,-100,-0.19,52700,53400,52300,119762,6331376000,1202152564800,22768041
20210604,024950,삼천리자전거,KOSDAQ,중견기업부,15450,-350,-2.22,15700,15750,15350,226372,3505272500,205076764650,13273577
20210604,038500,삼표시멘트,KOSDAQ,우량기업부,5550,-10,-0.18,5660,5660,5520,832282,4638090500,595832310150,107357173
20210604,017480,삼현철강,KOSDAQ,우량기업부,7660,-10,-0.13,7670,7740,7580,138052,1057856550,120284137400,15702890
20210604,046390,삼화네트웍스,KOSDAQ,중견기업부,3500,-165,-4.50,3665,3685,3490,563503,1994661640,151105265500,43172933
20210604,027580,상보,KOSDAQ,중견기업부,2100,175,9.09,1915,2165,1915,9633830,20027140435,98333806200,46825622
20210604,038540,상상인,KOSDAQ,우량기업부,8040,220,2.81,7830,8130,7750,700712,5608707290,444839636520,55328313
20210604,307870,상상인이안1호스팩,KOSDAQ,SPAC(소속부없음),2200,0,0.00,0,0,0,0,0,10450000000,4750000
20210604,329560,상상인이안제2호스팩,KOSDAQ,SPAC(소속부없음),2170,-30,-1.36,2250,2300,2125,776966,1696934575,8354500000,3850000
20210604,101000,상상인인더스트리,KOSDAQ,중견기업부,1140,-10,-0.87,1150,1155,1130,585808,669024740,81592262400,71572160
20210604,091580,상신이디피,KOSDAQ,우량기업부,13350,100,0.75,13200,13350,13100,94375,1242329250,177998567100,13333226
20210604,263810,상신전자,KOSDAQ,중견기업부,5340,-50,-0.93,5360,5420,5220,138344,739715920,76066794120,14244718
20210604,089980,상아프론테크,KOSDAQ,우량기업부,48300,0,0.00,48300,48400,47400,70540,3369462400,759506149500,15724765
20210604,042940,상지카일룸,KOSDAQ,중견기업부,1405,0,0.00,1410,1420,1385,434629,607926555,85137158010,60595842
20210604,042600,새로닉스,KOSDAQ,중견기업부,10000,0,0.00,10000,10100,9870,28808,286501690,124235740000,12423574
20210604,252990,샘씨엔에스,KOSDAQ,기술성장기업부,6910,-140,-1.99,7050,7080,6890,641123,4441245070,346563075860,50153846
20210604,263540,샘코,KOSDAQ,투자주의환기종목(소속부없음),2015,0,0.00,0,0,0,0,0,60278610145,29914943
20210604,294630,서남,KOSDAQ,기술성장기업부,3765,190,5.31,3620,3815,3570,752012,2811758045,77676317400,20631160
20210604,038070,서린바이오,KOSDAQ,우량기업부,20250,800,4.11,19550,21150,19500,3501189,71526711400,168088689000,8300676
20210604,006730,서부T&D,KOSDAQ,중견기업부,9610,140,1.48,9450,9720,9330,497623,4765035540,569478326910,59258931
20210604,079650,서산,KOSDAQ,중견기업부,3210,10,0.31,3200,3230,3150,174619,557416805,64200000000,20000000
20210604,100660,서암기계공업,KOSDAQ,중견기업부,6350,-40,-0.63,6350,6450,6320,129282,825511650,80010000000,12600000
20210604,019770,서연탑메탈,KOSDAQ,중견기업부,11900,-300,-2.46,12300,12500,11700,430253,5198997550,138635000000,11650000
20210604,043710,서울리거,KOSDAQ,중견기업부,1440,-15,-1.03,1450,1485,1405,1191444,1715647995,52514681760,36468529
20210604,092190,서울바이오시스,KOSDAQ,우량기업부,16350,-150,-0.91,16500,16500,16300,96456,1577607500,624956726550,38223653
20210604,046890,서울반도체,KOSDAQ,우량기업부,19650,-250,-1.26,19850,19850,19550,493712,9700494900,1145701110000,58305400
20210604,063170,서울옥션,KOSDAQ,중견기업부,15750,-250,-1.56,16000,16500,15700,486800,7828363550,266450625000,16917500
20210604,027040,서울전자통신,KOSDAQ,중견기업부,991,-7,-0.70,998,1000,985,452733,448755965,68962547377,69588847
20210604,018680,서울제약,KOSDAQ,중견기업부,8210,-60,-0.73,8270,8290,8190,30037,247115590,69986333830,8524523
20210604,093920,서원인텍,KOSDAQ,우량기업부,7600,40,0.53,7600,7630,7480,64986,490603740,141360000000,18600000
20210604,189860,서전기전,KOSDAQ,벤처기업부,4455,35,0.79,4415,4515,4375,117363,520329425,43208064900,9698780
20210604,178320,서진시스템,KOSDAQ,우량기업부,44650,300,0.68,44200,44750,43350,313199,13894767100,808194736900,18100666
20210604,122690,서진오토모티브,KOSDAQ,관리종목(소속부없음),2745,25,0.92,2735,2765,2705,39958,109069015,53640720270,19541246
20210604,140070,서플러스글로벌,KOSDAQ,우량기업부,5910,-120,-1.99,6020,6020,5850,405790,2396672630,218599080000,36988000
20210604,011370,서한,KOSDAQ,우량기업부,1895,0,0.00,1905,1915,1865,1575998,2980958375,191195769175,100894865
20210604,065710,서호전기,KOSDAQ,우량기업부,20600,-150,-0.72,20750,21000,20450,14391,296598200,106090000000,5150000
20210604,035890,서희건설,KOSDAQ,우량기업부,2165,0,0.00,2160,2250,2120,3782517,8265241275,497535309405,229808457
20210604,357550,석경에이티,KOSDAQ,기술성장기업부,20000,-200,-0.99,20200,20300,19950,18178,364284450,109100000000,5455000
20210604,003100,선광,KOSDAQ,우량기업부,39850,100,0.25,39850,40000,39300,41396,1636536950,263010000000,6600000
20210604,123420,선데이토즈,KOSDAQ,우량기업부,23250,-250,-1.06,23500,23500,23150,31719,739136200,222498826500,9569842
20210604,171090,선익시스템,KOSDAQ,우량기업부,24000,-550,-2.24,24150,24650,23700,1017771,24536171850,216705576000,9029399
20210604,086710,선진뷰티사이언스,KOSDAQ,중견기업부,19300,-350,-1.78,19650,19650,19150,18496,357726050,118032045000,6115650
20210604,014620,성광벤드,KOSDAQ,중견기업부,10050,120,1.21,9800,10150,9770,320354,3207635990,287430000000,28600000
20210604,037350,성도이엔지,KOSDAQ,우량기업부,6340,-20,-0.31,6360,6360,6300,62473,395692590,98079800000,15470000
20210604,081580,성우전자,KOSDAQ,중견기업부,3300,50,1.54,3280,3335,3265,88473,292109595,51176871900,15508143
20210604,045300,성우테크론,KOSDAQ,중견기업부,5810,50,0.87,5760,5860,5730,78560,454694230,55698430690,9586649
20210604,015750,성우하이텍,KOSDAQ,우량기업부,7700,500,6.94,7300,7840,7220,6097486,46301118760,616000000000,80000000
20210604,080470,성창오토텍,KOSDAQ,중견기업부,9620,120,1.26,9430,9650,9410,68836,658043770,70226000000,7300000
20210604,043260,성호전자,KOSDAQ,벤처기업부,1610,-5,-0.31,1605,1630,1590,362499,582948220,85982668240,53405384
20210604,148150,세경하이테크,KOSDAQ,우량기업부,21450,-100,-0.46,21600,21600,21200,49959,1067639350,251908800000,11744000
20210604,053060,세동,KOSDAQ,중견기업부,2125,490,29.97,1635,2125,1620,5596978,11563866870,26900389875,12659007
20210604,017510,세명전기,KOSDAQ,중견기업부,5200,120,2.36,5170,5210,5030,297175,1527884390,79279200000,15246000
20210604,011560,세보엠이씨,KOSDAQ,우량기업부,8170,240,3.03,7950,8220,7890,196855,1593719200,86030100000,10530000
20210604,100700,세운메디칼,KOSDAQ,우량기업부,5360,-80,-1.47,5440,5440,5350,260650,1402479160,234768000000,43800000
20210604,234100,세원,KOSDAQ,우량기업부,5790,-20,-0.34,5730,5840,5710,613641,3541173020,180974816550,31256445
20210604,024830,세원물산,KOSDAQ,관리종목(소속부없음),6280,0,0.00,0,0,0,0,0,52438000000,8350000
20210604,258830,세종메디칼,KOSDAQ,벤처기업부,10600,100,0.95,10500,10650,10450,5926,62308750,71844054600,6777741
20210604,036630,세종텔레콤,KOSDAQ,우량기업부,724,-3,-0.41,733,733,713,6254825,4528438063,434636115224,600326126
20210604,039310,세중,KOSDAQ,관리종목(소속부없음),4680,285,6.48,4300,4730,4300,603263,2794197200,84809401560,18121667
20210604,067770,세진티에스,KOSDAQ,중견기업부,5000,-60,-1.19,5050,5050,4935,43690,218167380,41982965000,8396593
20210604,053450,세코닉스,KOSDAQ,투자주의환기종목(소속부없음),6440,0,0.00,0,0,0,0,0,93069669280,14451812
20210604,234340,세틀뱅크,KOSDAQ,우량기업부,34650,100,0.29,34500,35000,34250,100134,3463993600,326922750000,9435000
20210604,252500,세화피앤씨,KOSDAQ,중견기업부,4200,-60,-1.41,4290,4290,4140,389815,1630456065,87121419000,20743195
20210604,347000,센코,KOSDAQ,기술성장기업부,20050,50,0.25,20000,20400,19950,24000,483523250,163821412200,8170644
20210604,051980,센트럴바이오,KOSDAQ,중견기업부,2150,35,1.65,2115,2185,2090,703724,1506564075,150251797550,69884557
20210604,331920,셀레믹스,KOSDAQ,기술성장기업부,17100,100,0.59,17150,17150,16850,20090,341593900,139606930800,8164148
20210604,049180,셀루메드,KOSDAQ,벤처기업부,8050,40,0.50,7950,8490,7940,2593515,21323022590,317917893300,39492906
20210604,299660,셀리드,KOSDAQ,기술성장기업부,88500,-2300,-2.53,90000,99000,88500,1083696,102451818000,858776742000,9703692
20210604,268600,셀리버리,KOSDAQ,기술성장기업부,100000,600,0.60,99600,101100,98100,111742,11120526800,1668821400000,16688214
20210604,108860,셀바스AI,KOSDAQ,벤처기업부,4375,-25,-0.57,4440,4440,4330,92552,403492835,96494759375,22055945
20210604,208370,셀바스헬스케어,KOSDAQ,벤처기업부,2920,-15,-0.51,2910,2935,2900,69861,203308075,63307246880,21680564
20210604,068760,셀트리온제약,KOSDAQ,우량기업부,137100,400,0.29,137900,138700,134200,128124,17488508400,5010484568400,36546204
20210604,091990,셀트리온헬스케어,KOSDAQ,우량기업부,119200,1600,1.36,117600,120500,116300,711467,84301061000,18474917902400,154990922
20210604,290690,소룩스,KOSDAQ,벤처기업부,18250,200,1.11,18100,19150,18100,124771,2325865750,150687384750,8256843
20210604,053110,소리바다,KOSDAQ,관리종목(소속부없음),198,0,0.00,0,0,0,0,0,19563783228,98806986
20210604,950200,소마젠(Reg.S),KOSDAQ,외국기업(소속부없음),12700,-50,-0.39,12850,12850,12600,80194,1017275250,240837123100,18963553
20210604,032680,소프트센,KOSDAQ,중견기업부,2035,35,1.75,2000,2095,1990,1355889,2779782095,72803755035,35775801
20210604,032685,소프트센우,KOSDAQ,중견기업부,37050,-250,-0.67,37300,37600,37000,609,22654250,5292851850,142857
20210604,258790,소프트캠프,KOSDAQ,벤처기업부,3810,-25,-0.65,3880,3885,3800,537814,2063958365,95216792040,24991284
20210604,066910,손오공,KOSDAQ,중견기업부,3130,-5,-0.16,3100,3210,3085,1262129,3987055075,84184983930,26896161
20210604,043100,솔고바이오,KOSDAQ,관리종목(소속부없음),392,0,0.00,0,0,0,0,0,23817609536,60759208
20210604,154040,솔루에타,KOSDAQ,중견기업부,4105,20,0.49,4095,4105,3915,60445,245563760,53283499330,12980146
20210604,035610,솔본,KOSDAQ,중견기업부,6620,0,0.00,6620,6780,6570,181985,1213058540,181030500140,27345997
20210604,357780,솔브레인,KOSDAQ,중견기업부,344000,-600,-0.17,344000,347500,338800,23054,7918043500,2675826704000,7778566
20210604,036830,솔브레인홀딩스,KOSDAQ,우량기업부,37650,-400,-1.05,38000,38000,37500,54127,2038103750,789296708400,20964056
20210604,304100,솔트룩스,KOSDAQ,기술성장기업부,30800,-100,-0.32,30800,30950,30700,11637,358647000,156492182000,5080915
20210604,086980,쇼박스,KOSDAQ,중견기업부,4750,-65,-1.35,4795,4800,4700,692411,3283046045,297350000000,62600000
20210604,050960,수산아이앤티,KOSDAQ,벤처기업부,35550,2050,6.12,33800,36600,33800,589676,20832725950,239998050000,6751000
20210604,084180,수성이노베이션,KOSDAQ,중견기업부,2420,45,1.89,2405,2425,2340,982976,2338447330,55872718000,23087900
20210604,253840,수젠텍,KOSDAQ,기술성장기업부,19100,-700,-3.54,19850,19900,19000,300718,5773484850,293928295600,15388916
20210604,058530,슈펙스비앤피,KOSDAQ,투자주의환기종목(소속부없음),1620,0,0.00,0,0,0,0,0,21187053360,13078428
20210604,236200,슈프리마,KOSDAQ,우량기업부,28050,550,2.00,27550,28400,27450,91370,2553004700,201771307650,7193273
20210604,317770,슈프리마아이디,KOSDAQ,벤처기업부,18750,150,0.81,18550,18750,18400,9551,177841550,57262875000,3054020
20210604,094840,슈프리마에이치큐,KOSDAQ,벤처기업부,11200,-100,-0.88,11350,11400,11000,90812,1013506400,117284608000,10471840
20210604,192440,슈피겐코리아,KOSDAQ,우량기업부,55700,-500,-0.89,56200,56200,55400,32415,1804123400,346251419100,6216363
20210604,099440,스맥,KOSDAQ,중견기업부,1900,40,2.15,1865,1910,1860,297713,562768360,58395757100,30734609
20210604,033790,스카이문스테크놀로지,KOSDAQ,관리종목(소속부없음),829,0,0.00,0,0,0,0,0,14190075900,17117100
20210604,131100,스카이이앤엠,KOSDAQ,투자주의환기종목(소속부없음),1585,20,1.28,1565,1595,1520,1041119,1615833540,65430709925,41281205
20210604,159910,스킨앤스킨,KOSDAQ,투자주의환기종목(소속부없음),263,0,0.00,0,0,0,0,0,68488344954,260411958
20210604,158310,스타모빌리티,KOSDAQ,관리종목(소속부없음),505,0,0.00,0,0,0,0,0,6096179210,12071642
20210604,115570,스타플렉스,KOSDAQ,중견기업부,5510,-110,-1.96,5620,5740,5510,81306,454194570,43308649590,7860009
20210604,253450,스튜디오드래곤,KOSDAQ,우량기업부,95500,-2200,-2.25,97700,97800,95200,265215,25418531500,2865414947500,30004345
20210604,204630,스튜디오산타클로스,KOSDAQ,중견기업부,2200,10,0.46,2190,2220,2155,157509,345677820,64798481000,29453855
20210604,013810,스페코,KOSDAQ,중견기업부,8640,30,0.35,8600,8660,8500,140238,1203742360,126623260800,14655470
20210604,039670,스포츠서울,KOSDAQ,투자주의환기종목(소속부없음),7360,0,0.00,0,0,0,0,0,67797501120,9211617
20210604,049830,승일,KOSDAQ,중견기업부,26150,-1500,-5.42,27350,27600,25850,361112,9614325350,160354728800,6132112
20210604,020710,시공테크,KOSDAQ,우량기업부,8810,-130,-1.45,8940,9060,8760,453356,4031108660,176622615700,20047970
20210604,033170,시그네틱스,KOSDAQ,중견기업부,1820,100,5.81,1740,1850,1705,13959516,24997722150,156025540580,85728319
20210604,048870,시너지이노베이션,KOSDAQ,중견기업부,3915,-175,-4.28,4045,4050,3910,2222510,8779705625,289024953300,73825020
20210604,025320,시노펙스,KOSDAQ,중견기업부,3705,-20,-0.54,3720,3725,3690,424558,1571966190,271365159390,73242958
20210604,269620,시스웍,KOSDAQ,벤처기업부,1910,0,0.00,1910,1930,1890,848218,1618980335,142021268350,74356685
20210604,131090,시큐브,KOSDAQ,벤처기업부,1575,55,3.62,1540,1610,1520,3076739,4847688050,66150000000,42000000
20210604,139050,시티랩스,KOSDAQ,투자주의환기종목(소속부없음),756,17,2.30,744,780,731,2481973,1859723398,64656708732,85524747
20210604,290520,신도기연,KOSDAQ,우량기업부,16300,150,0.93,16000,16300,16000,12394,200127900,131398864000,8061280
20210604,001000,신라섬유,KOSDAQ,중견기업부,3155,30,0.96,3160,3230,3145,793746,2525604840,76595638700,24277540
20210604,025870,신라에스지,KOSDAQ,중견기업부,20000,300,1.52,19950,20250,19650,88472,1762228550,80000000000,4000000
20210604,215600,신라젠,KOSDAQ,관리종목(소속부없음),12100,0,0.00,0,0,0,0,0,866567212500,71617125
20210604,065350,신성델타테크,KOSDAQ,우량기업부,11750,-300,-2.49,11950,12000,11450,914048,10680801700,322936389000,27483948
20210604,002800,신신제약,KOSDAQ,중견기업부,8500,20,0.24,8450,8580,8410,92562,787182870,128949250000,15170500
20210604,323280,신영스팩5호,KOSDAQ,SPAC(소속부없음),2500,-550,-18.03,2955,3235,2475,4455126,12606443370,8762500000,3505000
20210604,344050,신영스팩6호,KOSDAQ,SPAC(소속부없음),2700,-325,-10.74,3150,3525,2560,7963914,24448308145,11623500000,4305000
20210604,017000,신원종합개발,KOSDAQ,우량기업부,7740,-260,-3.25,7960,8040,7700,504711,3937836050,82570528980,10668027
20210604,012790,신일제약,KOSDAQ,우량기업부,14350,50,0.35,14250,14450,14200,29415,421743550,160966619100,11217186
20210604,138070,신진에스엠,KOSDAQ,중견기업부,7360,0,0.00,7270,7540,7270,18986,140685060,66035266880,8972183
20210604,226330,신테카바이오,KOSDAQ,기술성장기업부,14700,0,0.00,14600,14750,14500,54824,800579650,198362035200,13494016
20210604,333050,신한제6호스팩,KOSDAQ,SPAC(소속부없음),2205,-35,-1.56,2460,2550,2205,4698742,11176715840,11047050000,5010000
20210604,366330,신한제7호스팩,KOSDAQ,SPAC(소속부없음),2250,-25,-1.10,2725,2790,2250,8173735,20703082365,10237500000,4550000
20210604,056700,신화인터텍,KOSDAQ,벤처기업부,3635,-5,-0.14,3640,3680,3585,274756,996671530,105906055785,29135091
20210604,187270,신화콘텍,KOSDAQ,벤처기업부,3990,25,0.63,3970,4005,3950,96835,385088895,40473941550,10143845
20210604,243840,신흥에스이씨,KOSDAQ,우량기업부,50400,900,1.82,49500,50700,48750,83661,4181162200,363523154400,7212761
20210604,108320,실리콘웍스,KOSDAQ,우량기업부,111400,-3500,-3.05,114000,114000,110600,213552,23910556200,1811843020000,16264300
20210604,222800,심텍,KOSDAQ,우량기업부,23100,-50,-0.22,23050,23150,22550,241678,5527089750,735830703300,31854143
20210604,036710,심텍홀딩스,KOSDAQ,우량기업부,2845,-35,-1.22,2895,2900,2805,228523,649967155,115687882255,40663579
20210604,160980,싸이맥스,KOSDAQ,우량기업부,21300,-700,-3.18,21800,21800,21050,171565,3656682050,232686375900,10924243
20210604,356890,싸이버원,KOSDAQ,벤처기업부,16150,250,1.57,15950,16500,15900,121671,1977014600,74949404500,4640830
20210604,217330,싸이토젠,KOSDAQ,기술성장기업부,52900,-100,-0.19,53000,53500,52200,23605,1248007300,299618405600,5663864
20210604,010280,쌍용정보통신,KOSDAQ,중견기업부,1265,-10,-0.78,1275,1280,1250,226651,285420530,51187003010,40464034
20210604,208640,썸에이지,KOSDAQ,관리종목(소속부없음),2435,70,2.96,2390,2470,2345,1579443,3846841445,331964085700,136330220
20210604,222420,쎄노텍,KOSDAQ,중견기업부,2150,10,0.47,2140,2160,2105,278894,596367210,86340076250,40158175
20210604,037760,쎄니트,KOSDAQ,우량기업부,2080,10,0.48,2070,2080,2045,93390,192296115,70372475680,33832921
20210604,136510,쎄미시스코,KOSDAQ,벤처기업부,24000,3850,19.11,19750,25900,19500,4154711,97131509000,135304296000,5637679
20210604,099320,쎄트렉아이,KOSDAQ,우량기업부,51800,-1100,-2.08,52500,52900,51700,66760,3472679400,470634442600,9085607
20210604,049960,쎌바이오텍,KOSDAQ,중견기업부,20000,100,0.50,19900,20100,19700,28353,564711200,188000000000,9400000
20210604,050890,쏠리드,KOSDAQ,중견기업부,7420,80,1.09,7340,7510,7200,677939,5000070340,387213998500,52185175
20210604,066790,씨씨에스,KOSDAQ,투자주의환기종목(소속부없음),1010,0,0.00,1010,1020,998,414604,416758346,56565115650,56005065
20210604,222080,씨아이에스,KOSDAQ,중견기업부,12200,-250,-2.01,12400,12400,12150,529150,6468381700,701398447200,57491676
20210604,352480,씨앤씨인터내셔널,KOSDAQ,벤처기업부,47250,-3050,-6.06,48450,48750,46700,291563,13853634900,279202707000,5909052
20210604,264660,씨앤지하이테크,KOSDAQ,우량기업부,13500,-100,-0.74,13650,13650,13400,14912,200979000,113473980000,8405480
20210604,352700,씨앤투스성진,KOSDAQ,기술성장기업부,20300,0,0.00,20300,20550,20100,47004,956487700,202909279300,9995531
20210604,056730,씨앤티85,KOSDAQ,관리종목(소속부없음),1550,0,0.00,0,0,0,0,0,109591063600,70703912
20210604,297090,씨에스베어링,KOSDAQ,우량기업부,29300,450,1.56,29600,29600,29100,56646,1666011500,280705720000,9580400
20210604,115530,씨엔플러스,KOSDAQ,투자주의환기종목(소속부없음),839,0,0.00,0,0,0,0,0,57020957000,67963000
20210604,225330,씨엠에스에듀,KOSDAQ,우량기업부,7430,-120,-1.59,7520,7540,7400,306696,2284306880,138455286040,18634628
20210604,115480,씨유메디칼,KOSDAQ,벤처기업부,1600,20,1.27,1580,1605,1575,299860,478054935,43151880000,26969925
20210604,189330,씨이랩,KOSDAQ,기술성장기업부,50000,-2200,-4.21,51900,52200,49050,24168,1215745850,149057100000,2981142
20210604,096530,씨젠,KOSDAQ,우량기업부,62800,-1700,-2.64,64300,64900,62700,1013913,64183185800,3279792423200,52225994
20210604,900120,씨케이에이치,KOSDAQ,외국기업(소속부없음),343,6,1.78,337,350,336,317110,108371351,37868728751,110404457
20210604,101240,씨큐브,KOSDAQ,벤처기업부,8990,20,0.22,8970,9080,8900,31244,280871530,91142274160,10138184
20210604,060590,씨티씨바이오,KOSDAQ,중견기업부,6850,-40,-0.58,6880,6900,6760,41553,283571840,155319112550,22674323
20210604,260930,씨티케이코스메틱스,KOSDAQ,우량기업부,9350,-60,-0.64,9410,9440,9310,16357,153421330,180843875850,19341591
20210604,013990,아가방컴퍼니,KOSDAQ,중견기업부,5680,40,0.71,5610,5840,5570,1498288,8556468910,186801204480,32887536
20210604,123860,아나패스,KOSDAQ,벤처기업부,24900,0,0.00,24900,25050,24700,20156,501031900,280250097600,11255024
20210604,025980,아난티,KOSDAQ,중견기업부,9900,-30,-0.30,9850,10100,9670,3278572,32369668620,843269991300,85178787
20210604,050320,아래스,KOSDAQ,투자주의환기종목(소속부없음),990,0,0.00,0,0,0,0,0,45205142400,45661760
20210604,058220,아리온,KOSDAQ,투자주의환기종목(소속부없음),275,0,0.00,0,0,0,0,0,10717917100,38974244
20210604,125210,아모그린텍,KOSDAQ,기술성장기업부,14550,-100,-0.68,14550,14600,14300,88047,1269570250,240028294500,16496790
20210604,052710,아모텍,KOSDAQ,중견기업부,31400,-50,-0.16,31400,31600,30950,67518,2108603550,305942948400,9743406
20210604,074430,아미노로직스,KOSDAQ,벤처기업부,3130,30,0.97,3085,3220,3085,3889337,12285335575,274898021720,87826844
20210604,092040,아미코젠,KOSDAQ,기술성장기업부,35800,-300,-0.83,36100,36200,35700,122438,4391068500,688058458000,19219510
20210604,083930,아바코,KOSDAQ,우량기업부,12800,-100,-0.78,12900,13150,12700,58065,747657050,197283814400,15412798
20210604,149950,아바텍,KOSDAQ,우량기업부,18850,850,4.72,18000,19200,17900,77538,1452744050,294201375000,15607500
20210604,036010,아비코전자,KOSDAQ,우량기업부,7410,90,1.23,7380,7450,7210,121680,891925740,98500640940,13292934
20210604,050860,아세아텍,KOSDAQ,중견기업부,4230,-40,-0.94,4230,4395,4225,1461644,6304762035,74025000000,17500000
20210604,246720,아스타,KOSDAQ,투자주의환기종목(소속부없음),6450,620,10.63,5820,7200,5710,267618,1692860090,74126773350,11492523
20210604,067390,아스트,KOSDAQ,중견기업부,7650,360,4.94,7270,7690,7220,955419,7182758080,196453614150,25680211
20210604,127710,아시아경제,KOSDAQ,중견기업부,5710,-190,-3.22,5870,5870,5680,755546,4362862490,145654871140,25508734
20210604,154030,아시아종묘,KOSDAQ,기술성장기업부,6990,-70,-0.99,6990,7080,6910,198946,1392161590,74233583310,10619969
20210604,227610,아우딘퓨쳐스,KOSDAQ,중견기업부,3350,-15,-0.45,3430,3430,3280,68098,227070770,67000000000,20000000
20210604,143160,아이디스,KOSDAQ,우량기업부,28600,-250,-0.87,28850,28900,28250,35797,1021407500,306488754000,10716390
20210604,054800,아이디스홀딩스,KOSDAQ,중견기업부,13750,-100,-0.72,13900,13900,13650,12763,175280100,142281645000,10347756
20210604,332370,아이디피,KOSDAQ,중견기업부,8270,90,1.10,8180,8280,8180,23039,189794010,54886857010,6636863
20210604,339950,아이비김영,KOSDAQ,중견기업부,2900,-120,-3.97,2990,3015,2895,693777,2033349935,130345299500,44946655
20210604,099190,아이센스,KOSDAQ,우량기업부,27700,100,0.36,27750,27800,27350,30834,852430100,380521492600,13737238
20210604,289010,아이스크림에듀,KOSDAQ,우량기업부,8100,-140,-1.70,8170,8200,8080,110670,899902660,104198699700,12864037
20210604,214430,아이쓰리시스템,KOSDAQ,우량기업부,20250,200,1.00,20000,20350,19900,36592,737028800,143911890000,7106760
20210604,040910,아이씨디,KOSDAQ,우량기업부,15450,0,0.00,15250,15450,15200,59414,908839200,279110630850,18065413
20210604,068940,아이씨케이,KOSDAQ,중견기업부,3840,85,2.26,3735,3865,3730,326896,1246773120,133170132480,34679722
20210604,052860,아이앤씨,KOSDAQ,벤처기업부,5110,80,1.59,5050,5180,5020,420477,2145684480,90416615940,17694054
20210604,069920,아이에스이커머스,KOSDAQ,중견기업부,3505,-80,-2.23,3585,3625,3440,286092,1003797625,90521398810,25826362
20210604,038880,아이에이,KOSDAQ,중견기업부,1325,-20,-1.49,1325,1345,1300,4262531,5598227935,390569123750,294769150
20210604,307180,아이엘사이언스,KOSDAQ,중견기업부,3750,-60,-1.57,3800,3805,3550,120130,450478015,79582586250,21222023
20210604,101390,아이엠,KOSDAQ,중견기업부,1470,5,0.34,1435,1535,1425,4362728,6472871660,84623644350,57567105
20210604,226350,아이엠텍,KOSDAQ,투자주의환기종목(소속부없음),750,316,72.81,470,1000,406,4870041,3654374343,3623786250,4831715
20210604,078860,아이오케이,KOSDAQ,중견기업부,2700,55,2.08,2655,2720,2610,5210369,13886461140,206771076000,76581880
20210604,114810,아이원스,KOSDAQ,중견기업부,8600,-140,-1.60,8850,8850,8580,362809,3148443500,219327296400,25503174
20210604,031310,아이즈비전,KOSDAQ,중견기업부,5290,0,0.00,5290,5370,5250,311774,1658156320,83436916460,15772574
20210604,185490,아이진,KOSDAQ,기술성장기업부,33250,600,1.84,32500,35450,31700,2417049,82436061700,403438642250,12133493
20210604,059100,아이컴포넌트,KOSDAQ,벤처기업부,9320,-240,-2.51,9560,9560,9310,32404,304151770,65900415200,7070860
20210604,262840,아이퀘스트,KOSDAQ,벤처기업부,11550,-100,-0.86,11650,11650,11500,22724,262483500,113883000000,9860000
20210604,175250,아이큐어,KOSDAQ,기술성장기업부,44900,-250,-0.55,45250,45300,44400,79752,3580560450,405582912300,9033027
20210604,052460,아이크래프트,KOSDAQ,중견기업부,9620,-30,-0.31,9760,10450,9570,5433946,54981972440,140528344320,14607936
20210604,119830,아이텍,KOSDAQ,중견기업부,10450,100,0.97,10350,10550,10150,183073,1886149900,153947592150,14731827
20210604,052770,아이톡시,KOSDAQ,관리종목(소속부없음),3180,0,0.00,0,0,0,0,0,35178772260,11062507
20210604,124500,아이티센,KOSDAQ,중견기업부,6210,260,4.37,5970,6440,5880,5250046,32572742150,123624537930,19907333
20210604,084850,아이티엠반도체,KOSDAQ,우량기업부,45450,-500,-1.09,45950,46450,45000,118834,5421355350,1050800091300,23119914
20210604,027360,아주IB투자,KOSDAQ,벤처기업부,8250,-30,-0.36,8150,8250,8050,3044044,24825242670,983814356250,119250225
20210604,032080,아즈텍WB,KOSDAQ,중견기업부,3160,40,1.28,3120,3175,3080,376555,1174856785,67911651640,21491029
20210604,013310,아진산업,KOSDAQ,중견기업부,3750,25,0.67,3745,3780,3670,1038780,3876044355,145524682500,38806582
20210604,059120,아진엑스텍,KOSDAQ,벤처기업부,8130,-20,-0.25,8110,8160,7950,54319,437484860,79256085480,9748596
20210604,158430,아톤,KOSDAQ,벤처기업부,23550,-50,-0.21,23500,23850,23400,11840,279579250,102526738350,4353577
20210604,067160,아프리카TV,KOSDAQ,우량기업부,102100,-8600,-7.77,107900,108000,100800,244780,25447239800,1173615710700,11494767
20210604,001540,안국약품,KOSDAQ,우량기업부,13200,-100,-0.75,13300,13400,13150,62078,821095100,172159944000,13042420
20210604,053800,안랩,KOSDAQ,우량기업부,69700,100,0.14,69500,70900,69200,126492,8873881900,697965693500,10013855
20210604,065660,안트로젠,KOSDAQ,기술성장기업부,50300,-900,-1.76,51200,51900,50000,92678,4702855600,473918803500,9421845
20210604,297570,알로이스,KOSDAQ,벤처기업부,6560,-140,-2.09,6650,6800,6560,838397,5579244000,113680955840,17329414
20210604,260660,알리코제약,KOSDAQ,우량기업부,13850,-50,-0.36,13950,14050,13650,129590,1796258500,142660193750,10300375
20210604,131370,알서포트,KOSDAQ,벤처기업부,8220,-50,-0.60,8340,8340,8190,268806,2217232770,437855422260,53267083
20210604,140670,알에스오토메이션,KOSDAQ,중견기업부,10600,150,1.44,10450,10800,10250,167091,1758298250,96493284000,9103140
20210604,096610,알에프세미,KOSDAQ,중견기업부,5910,70,1.20,5900,5970,5750,149835,880743760,56113818840,9494724
20210604,061040,알에프텍,KOSDAQ,중견기업부,8170,0,0.00,8170,8230,8130,249572,2036927470,262169246030,32089259
20210604,148250,알엔투테크놀로지,KOSDAQ,벤처기업부,15750,0,0.00,15650,15750,15500,16183,252437900,116337705750,7386521
20210604,347860,알체라,KOSDAQ,기술성장기업부,30450,-550,-1.77,31000,31000,30400,100823,3079084300,411951777300,13528794
20210604,196170,알테오젠,KOSDAQ,기술성장기업부,69900,-1600,-2.24,71600,71700,69800,205526,14420807800,2944492065000,42124350
20210604,123750,알톤스포츠,KOSDAQ,중견기업부,5920,-80,-1.33,6000,6000,5910,57816,343461880,75458078240,12746297
20210604,085810,알티캐스트,KOSDAQ,중견기업부,2335,15,0.65,2340,2345,2275,250450,581407670,68772867080,29453048
20210604,117670,알파홀딩스,KOSDAQ,중견기업부,3980,-130,-3.16,4115,4145,3955,329370,1317842520,86274531640,21677018
20210604,291650,압타머사이언스,KOSDAQ,기술성장기업부,21000,200,0.96,22000,22300,20750,241108,5187944000,177788646000,8466126
20210604,293780,압타바이오,KOSDAQ,기술성장기업부,58600,-1000,-1.68,59300,59400,58300,111072,6525547000,650180653800,11095233
20210604,196300,애니젠,KOSDAQ,기술성장기업부,15050,0,0.00,15000,15250,14950,15265,230744600,75643783250,5026165
20210604,310200,애니플러스,KOSDAQ,중견기업부,4095,40,0.99,4085,4165,4025,1303022,5317546805,116328462705,28407439
20210604,900100,애머릿지,KOSDAQ,관리종목(소속부없음),3585,0,0.00,0,0,0,0,0,89790576810,25046186
20210604,205500,액션스퀘어,KOSDAQ,중견기업부,7240,1120,18.30,6100,7260,6040,5622573,38309278070,299248349800,41332645
20210604,052790,액토즈소프트,KOSDAQ,벤처기업부,12500,-750,-5.66,12900,13050,12150,453534,5699374150,141632975000,11330638
20210604,131400,액트,KOSDAQ,벤처기업부,4930,-20,-0.40,4950,4955,4840,396866,1945825050,114134651850,23151045
20210604,290740,액트로,KOSDAQ,벤처기업부,8950,-120,-1.32,9050,9070,8900,27390,245878550,90081848450,10065011
20210604,238090,앤디포스,KOSDAQ,벤처기업부,4810,-40,-0.82,4850,4895,4790,617787,2978238240,289058417050,60095305
20210604,092600,앤씨앤,KOSDAQ,벤처기업부,5160,-110,-2.09,5210,5270,5100,115127,593310900,108089100000,20947500
20210604,129890,앱코,KOSDAQ,중견기업부,22550,-300,-1.31,22850,22900,22400,36658,827185050,218480906600,9688732
20210604,174900,앱클론,KOSDAQ,기술성장기업부,24150,200,0.84,23800,24450,23700,166167,4011264650,368965366350,15278069
20210604,255440,야스,KOSDAQ,우량기업부,17650,550,3.22,16900,18000,16800,185398,3248145300,230473700000,13058000
20210604,030960,양지사,KOSDAQ,중견기업부,13000,0,0.00,13100,13300,12850,78208,1024434350,207740000000,15980000
20210604,102120,어보브반도체,KOSDAQ,우량기업부,15800,-300,-1.86,16050,16050,15650,409776,6480944650,275862517400,17459653
20210604,238120,얼라인드,KOSDAQ,기술성장기업부,8910,-40,-0.45,8950,8950,8770,15023,132971680,64057981680,7189448
20210604,019990,에너토크,KOSDAQ,중견기업부,17250,400,2.37,16950,18500,16950,2475196,43916483500,168292518000,9756088
20210604,038680,에스넷,KOSDAQ,우량기업부,7570,100,1.34,7500,7650,7280,196579,1485904270,121689377550,16075215
20210604,217480,에스디생명공학,KOSDAQ,중견기업부,4320,-85,-1.93,4405,4420,4260,55460,238435635,96833085120,22415066
20210604,121890,에스디시스템,KOSDAQ,투자주의환기종목(소속부없음),739,0,0.00,0,0,0,0,0,7101198800,9609200
20210604,097780,에스맥,KOSDAQ,우량기업부,1470,-15,-1.01,1480,1480,1460,2259383,3318544150,416262888510,283172033
20210604,042110,에스씨디,KOSDAQ,우량기업부,2065,5,0.24,2045,2090,2020,2395668,4943761995,99800549660,48329564
20210604,298060,에스씨엠생명과학,KOSDAQ,기술성장기업부,31700,200,0.63,31550,32050,31300,30714,971328350,378565108900,11942117
20210604,065420,에스아이리소스,KOSDAQ,관리종목(소속부없음),639,0,0.00,0,0,0,0,0,43500682854,68076186
20210604,103230,에스앤더블류,KOSDAQ,관리종목(소속부없음),2505,0,0.00,0,0,0,0,0,18036000000,7200000
20210604,900080,에스앤씨엔진그룹,KOSDAQ,투자주의환기종목(소속부없음),40,-7,-14.89,34,46,34,50333489,1956447294,4950383720,123759593
20210604,101490,에스앤에스텍,KOSDAQ,우량기업부,29450,-500,-1.67,29900,29900,29200,120806,3557074350,631745114150,21451447
20210604,095910,에스에너지,KOSDAQ,중견기업부,5070,0,0.00,5070,5100,4950,101344,509744045,75526111830,14896669
20210604,275630,에스에스알,KOSDAQ,벤처기업부,7110,60,0.85,7050,7320,6910,231880,1653657460,42162570180,5930038
20210604,031330,에스에이엠티,KOSDAQ,우량기업부,3555,-95,-2.60,3610,3670,3540,1570512,5614236530,355482463185,99995067
20210604,060540,에스에이티,KOSDAQ,중견기업부,3145,65,2.11,3080,3185,3045,1055075,3303023315,82189247370,26133306
20210604,056190,에스에프에이,KOSDAQ,우량기업부,42300,-900,-2.08,43000,43050,42200,116608,4945459000,1518940548000,35908760
20210604,080000,에스엔유,KOSDAQ,우량기업부,4350,80,1.87,4270,4400,4240,207436,898705160,149304484500,34322870
20210604,214310,에스엘바이오닉스,KOSDAQ,중견기업부,1130,10,0.89,1120,1140,1115,314438,354173555,46728791690,41352913
20210604,041510,에스엠,KOSDAQ,중견기업부,43750,-3250,-6.91,46950,47050,43250,1723243,76409567300,1026046918750,23452501
20210604,007820,에스엠코어,KOSDAQ,중견기업부,7620,-60,-0.78,7660,7660,7570,80394,611323040,152658668520,20033946
20210604,109610,에스와이,KOSDAQ,중견기업부,3870,65,1.71,3810,3890,3790,436508,1682241040,181383347340,46869082
20210604,306040,에스제이그룹,KOSDAQ,우량기업부,30000,0,0.00,30000,30100,29550,25003,747552950,295974840000,9865828
20210604,080440,에스제이케이,KOSDAQ,투자주의환기종목(소속부없음),498,0,0.00,0,0,0,0,0,6636328080,13325960
20210604,096630,에스코넥,KOSDAQ,중견기업부,2465,-20,-0.80,2480,2530,2450,1182967,2940316395,161769652810,65626634
20210604,069510,에스텍,KOSDAQ,우량기업부,12550,550,4.58,12250,12750,12250,195059,2440830050,136920500000,10910000
20210604,041910,에스텍파마,KOSDAQ,벤처기업부,12050,-150,-1.23,12200,12200,12000,46788,564658100,143374069150,11898263
20210604,234300,에스트래픽,KOSDAQ,중견기업부,7000,-70,-0.99,7050,7070,6940,122215,854027280,145783120000,20826160
20210604,039440,에스티아이,KOSDAQ,우량기업부,19000,0,0.00,19000,19000,18700,43170,812800850,300770000000,15830000
20210604,098660,에스티오,KOSDAQ,중견기업부,3500,-140,-3.85,3620,3625,3445,267955,935408085,43753416000,12500976
20210604,052020,에스티큐브,KOSDAQ,중견기업부,8240,30,0.37,8210,8240,8100,120649,983345150,251945440720,30575903
20210604,237690,에스티팜,KOSDAQ,중견기업부,109100,600,0.55,108500,110900,106600,195543,21246560700,2035369600000,18656000
20210604,050760,에스폴리텍,KOSDAQ,중견기업부,5270,50,0.96,5210,5280,5180,66080,346023200,86083753060,16334678
20210604,288620,에스퓨얼셀,KOSDAQ,벤처기업부,31400,-400,-1.26,31800,31900,31200,28514,897086950,215853522400,6874316
20210604,317830,에스피시스템스,KOSDAQ,벤처기업부,7600,10,0.13,7560,7720,7480,19334,146714950,61907320000,8145700
20210604,058610,에스피지,KOSDAQ,우량기업부,12000,0,0.00,12000,12200,11850,306280,3690484500,256297416000,21358118
20210604,043340,에쎈테크,KOSDAQ,중견기업부,1405,-25,-1.75,1440,1460,1380,2058177,2927152005,101160000000,72000000
20210604,187660,에이디엠코리아,KOSDAQ,벤처기업부,8920,-960,-9.72,9500,11000,8210,21907028,212256594110,194779350000,21836250
20210604,054630,에이디칩스,KOSDAQ,벤처기업부,1260,-40,-3.08,1300,1305,1240,2806197,3531806795,66791920860,53009461
20210604,200710,에이디테크놀로지,KOSDAQ,우량기업부,24200,-50,-0.21,24000,24450,23750,48168,1159378500,322581934400,13329832
20210604,096690,에이루트,KOSDAQ,벤처기업부,6510,-60,-0.91,6580,6580,6390,71019,460011770,83672118600,12852860
20210604,298380,에이비엘바이오,KOSDAQ,기술성장기업부,20350,-450,-2.16,20600,20650,20300,182302,3718158250,958958646250,47123275
20210604,195990,에이비프로바이오,KOSDAQ,중견기업부,1265,-5,-0.39,1270,1285,1245,5588523,7066959390,318109023760,251469584
20210604,003800,에이스침대,KOSDAQ,우량기업부,47400,-50,-0.11,47450,47450,46650,1055,49583600,525666000000,11090000
20210604,088800,에이스테크,KOSDAQ,중견기업부,18250,-200,-1.08,18500,19150,18050,1409997,26085335400,747482186000,40957928
20210604,241840,에이스토리,KOSDAQ,중견기업부,31700,-450,-1.40,32150,32300,31150,77182,2433400100,302156792000,9531760
20210604,138360,에이씨티,KOSDAQ,관리종목(소속부없음),4480,0,0.00,0,0,0,0,0,155061688320,34611984
20210604,039230,에이아이비트,KOSDAQ,관리종목(소속부없음),543,0,0.00,0,0,0,0,0,19975625532,36787524
20210604,312610,에이에프더블류,KOSDAQ,벤처기업부,9120,0,0.00,9120,9140,9000,43264,392832490,184742818560,20256888
20210604,072990,에이치시티,KOSDAQ,중견기업부,16200,0,0.00,16150,16250,16000,17302,278837450,113328898200,6995611
20210604,176440,에이치엔티,KOSDAQ,투자주의환기종목(소속부없음),1920,0,0.00,0,0,0,0,0,164619542400,85739345
20210604,028300,에이치엘비,KOSDAQ,중견기업부,33500,-300,-0.89,33750,34400,33200,680357,22884843800,3553400945000,106071670
20210604,067630,에이치엘비생명과학,KOSDAQ,중견기업부,10050,0,0.00,10050,10150,9980,521834,5241382590,946518105300,94180906
20210604,047920,에이치엘비제약,KOSDAQ,기술성장기업부,15300,-50,-0.33,15350,15450,15200,97723,1498520600,342074661300,22357821
20210604,043220,에이치엘비파워,KOSDAQ,중견기업부,1815,45,2.54,1760,1870,1755,2857455,5179775385,165374409255,91115377
20210604,239610,에이치엘사이언스,KOSDAQ,우량기업부,38500,-200,-0.52,38450,38700,38200,12050,462742750,207596427500,5392115
20210604,353070,에이치엠씨제4호스팩,KOSDAQ,SPAC(소속부없음),2125,-100,-4.49,2225,2225,2115,535351,1156918590,9158750000,4310000
20210604,353060,에이치엠씨제5호스팩,KOSDAQ,SPAC(소속부없음),2120,-25,-1.17,2170,2200,2105,475138,1014255230,10843800000,5115000
20210604,044780,에이치케이,KOSDAQ,벤처기업부,2165,-10,-0.46,2175,2175,2130,195096,420557515,40065028855,18505787
20210604,357230,에이치피오,KOSDAQ,중견기업부,18050,50,0.28,17950,18150,17750,149164,2684876550,359883788000,19938160
20210604,071670,에이테크솔루션,KOSDAQ,중견기업부,17050,-50,-0.29,17100,17250,16800,79708,1355457700,170500000000,10000000
20210604,045660,에이텍,KOSDAQ,우량기업부,38200,100,0.26,38350,39000,38100,182385,7022416300,315532000000,8260000
20210604,224110,에이텍티앤,KOSDAQ,벤처기업부,39800,0,0.00,40400,41000,39500,249447,9999766250,212532000000,5340000
20210604,230980,에이트원,KOSDAQ,벤처기업부,2050,5,0.24,2035,2075,2000,315692,641695930,118629555800,57868076
20210604,021080,에이티넘인베스트,KOSDAQ,벤처기업부,4900,-100,-2.00,5030,5040,4880,958075,4721693525,235200000000,48000000
20210604,089530,에이티세미콘,KOSDAQ,중견기업부,3340,-480,-12.57,3850,3880,3325,7297813,25950685880,47633680540,14261581
20210604,200470,에이팩트,KOSDAQ,중견기업부,7010,-10,-0.14,7020,7100,6960,212220,1495498580,123051296800,17553680
20210604,262260,에이프로,KOSDAQ,우량기업부,42050,350,0.84,41700,42550,41200,70129,2957312850,289330323300,6880626
20210604,109960,에이프로젠 H&G,KOSDAQ,중견기업부,1025,51,5.24,982,1035,967,11231654,11350943555,183162597425,178695217
20210604,089970,에이피티씨,KOSDAQ,우량기업부,26400,-1150,-4.17,27200,27300,26300,327588,8734294250,622105308000,23564595
20210604,230240,에치에프알,KOSDAQ,중견기업부,23050,50,0.22,23000,23150,22500,60639,1385507500,296930561000,12882020
20210604,064510,에코마이스터,KOSDAQ,관리종목(소속부없음),550,0,0.00,0,0,0,0,0,22321778050,40585051
20210604,230360,에코마케팅,KOSDAQ,벤처기업부,24450,-450,-1.81,24900,25200,24450,196745,4859381850,797018019300,32597874
20210604,038870,에코바이오,KOSDAQ,중견기업부,8510,30,0.35,8430,8540,8410,44001,373358660,98809558940,11610994
20210604,128540,에코캡,KOSDAQ,벤처기업부,4370,-30,-0.68,4390,4425,4330,345416,1509828485,63621956000,14558800
20210604,086520,에코프로,KOSDAQ,우량기업부,48150,900,1.90,46850,48300,46550,191020,9151812950,900471784050,18701387
20210604,247540,에코프로비엠,KOSDAQ,우량기업부,178300,700,0.39,177500,178700,175700,71471,12657571700,3908240787800,21919466
20210604,383310,에코프로에이치엔,KOSDAQ,중견기업부,155000,4500,2.99,150500,155800,150500,55804,8605791600,593066115000,3826233
20210604,038110,에코플라스틱,KOSDAQ,중견기업부,3020,70,2.37,2940,3070,2920,663928,1986712845,77521497400,25669370
20210604,073540,에프알텍,KOSDAQ,벤처기업부,4735,-25,-0.53,4735,4790,4655,14887,70107610,53979000000,11400000
20210604,064850,에프앤가이드,KOSDAQ,벤처기업부,10500,-550,-4.98,11000,11100,10350,204414,2172660400,126840000000,12080000
20210604,064090,에프앤리퍼블릭,KOSDAQ,투자주의환기종목(소속부없음),308,-13,-4.05,321,322,297,1105413,339559583,33847381260,109894095
20210604,036810,에프에스티,KOSDAQ,우량기업부,29650,-300,-1.00,30050,30050,29250,165567,4897934850,645088793850,21756789
20210604,173940,에프엔씨엔터,KOSDAQ,중견기업부,6240,-120,-1.89,6380,6380,6210,53287,334874830,89636851200,14364880
20210604,083500,에프엔에스테크,KOSDAQ,벤처기업부,11100,-50,-0.45,11100,11300,10900,67945,753849800,93081514200,8385722
20210604,054940,엑사이엔씨,KOSDAQ,중견기업부,1920,55,2.95,1870,1930,1840,743960,1412036455,63693212160,33173548
20210604,950130,엑세스바이오,KOSDAQ,외국기업(소속부없음),20650,-450,-2.13,20750,21000,20300,657399,13535996250,749915632550,36315527
20210604,205100,엑셈,KOSDAQ,벤처기업부,4750,-5,-0.11,4755,4810,4715,257508,1226443805,160940796750,33882273
20210604,070300,엑스큐어,KOSDAQ,벤처기업부,4430,70,1.61,4360,4450,4330,46511,204089675,32631707820,7366074
20210604,092870,엑시콘,KOSDAQ,우량기업부,13750,-300,-2.14,14050,14050,13700,75050,1040067800,144046746250,10476127
20210604,317870,엔바이오니아,KOSDAQ,기술성장기업부,11550,0,0.00,11600,11650,11250,27936,319389700,88623785250,7673055
20210604,067570,엔브이에이치코리아,KOSDAQ,중견기업부,5110,20,0.39,5060,5160,5040,340365,1735534250,166297734680,32543588
20210604,236810,엔비티,KOSDAQ,기술성장기업부,24400,-550,-2.20,24700,25000,24350,96338,2367086450,207100197200,8487713
20210604,333620,엔시스,KOSDAQ,벤처기업부,19500,-350,-1.76,19700,19900,19350,136554,2674372150,205848708000,10556344
20210604,101400,엔시트론,KOSDAQ,관리종목(소속부없음),1215,25,2.10,1220,1300,1170,2019885,2529212225,39239529435,32295909
20210604,217820,엔에스,KOSDAQ,우량기업부,11750,-100,-0.84,11850,11850,11600,57710,673875300,135280534750,11513237
20210604,031860,엔에스엔,KOSDAQ,중견기업부,1375,-30,-2.14,1405,1410,1330,490382,671629595,79327887375,57693009
20210604,310840,엔에이치스팩13호,KOSDAQ,SPAC(소속부없음),2250,0,0.00,0,0,0,0,0,7695000000,3420000
20210604,353190,엔에이치스팩16호,KOSDAQ,SPAC(소속부없음),2970,-50,-1.66,2990,3020,2945,167745,498212890,12800700000,4310000
20210604,359090,엔에이치스팩17호,KOSDAQ,SPAC(소속부없음),2155,0,0.00,2145,2165,2135,221438,474972950,15106550000,7010000
20210604,365590,엔에이치스팩18호,KOSDAQ,SPAC(소속부없음),2170,0,0.00,0,0,0,0,0,9982000000,4600000
20210604,265740,엔에프씨,KOSDAQ,벤처기업부,16450,300,1.86,16100,16500,15850,62648,1016336100,146928110000,8931800
20210604,354200,엔젠바이오,KOSDAQ,기술성장기업부,20050,-300,-1.47,20050,20400,19950,55933,1127663800,247916485600,12364912
20210604,208860,엔지스테크널러지,KOSDAQ,투자주의환기종목(소속부없음),2205,0,0.00,0,0,0,0,0,25233717915,11443863
20210604,183490,엔지켐생명과학,KOSDAQ,기술성장기업부,98100,1100,1.13,97000,99800,96000,117154,11478413500,817304944500,8331345
20210604,182400,엔케이맥스,KOSDAQ,기술성장기업부,14100,-250,-1.74,14150,14350,14000,166270,2344495600,491982741300,34892393
20210604,069410,엔텔스,KOSDAQ,벤처기업부,7700,-130,-1.66,7830,7830,7700,67410,523703780,78885144800,10244824
20210604,227950,엔투텍,KOSDAQ,중견기업부,2255,-35,-1.53,2280,2285,2235,1000835,2252769210,159911475900,70914180
20210604,198080,엔피디,KOSDAQ,우량기업부,4095,15,0.37,4100,4110,4050,67771,276700820,88186582575,21535185
20210604,048830,엔피케이,KOSDAQ,중견기업부,2305,35,1.54,2285,2305,2210,215358,485164970,43158642515,18723923
20210604,096870,엘디티,KOSDAQ,벤처기업부,5600,450,8.74,5150,5700,5150,385034,2107889430,37399040000,6678400
20210604,061970,엘비세미콘,KOSDAQ,우량기업부,13100,-350,-2.60,13300,13350,13050,501950,6592812700,573578155200,43784592
20210604,138690,엘아이에스,KOSDAQ,중견기업부,5830,80,1.39,5550,5950,5550,159438,929701650,93778575770,16085519
20210604,290650,엘앤씨바이오,KOSDAQ,벤처기업부,30550,-550,-1.77,31200,31200,30300,80850,2468360650,668342594400,21877008
20210604,066970,엘앤에프,KOSDAQ,중견기업부,87200,-800,-0.91,87800,87800,86800,150568,13122494700,2448465168800,28078729
20210604,156100,엘앤케이바이오,KOSDAQ,중견기업부,19600,-350,-1.75,19450,20400,19400,218914,4308306100,262497762800,13392743
20210604,073110,엘엠에스,KOSDAQ,벤처기업부,11150,0,0.00,11200,11250,11000,32391,359704250,99187668250,8895755
20210604,083310,엘오티베큠,KOSDAQ,우량기업부,16550,-500,-2.93,16850,16900,16450,554950,9073131260,294756046150,17810033
20210604,297890,엘이티,KOSDAQ,벤처기업부,21200,2150,11.29,19200,21650,18950,145027,2968324400,150720340000,7109450
20210604,037950,엘컴텍,KOSDAQ,중견기업부,1640,35,2.18,1605,1640,1600,1641187,2671173340,138493931160,84447519
20210604,170920,엘티씨,KOSDAQ,벤처기업부,12100,-250,-2.02,12300,12350,12050,57556,698909900,97034292300,8019363
20210604,058630,엠게임,KOSDAQ,벤처기업부,8110,10,0.12,8090,8140,8000,398704,3209316240,158500842470,19543877
20210604,019590,엠벤처투자,KOSDAQ,중견기업부,1200,25,2.13,1180,1215,1175,561663,667207220,78493282800,65411069
20210604,169330,엠브레인,KOSDAQ,중견기업부,8500,60,0.71,8500,8520,8400,14671,124458220,76231901500,8968459
20210604,097520,엠씨넥스,KOSDAQ,우량기업부,48000,-450,-0.93,48400,48400,47650,120874,5787169000,857447136000,17863482
20210604,179290,엠아이텍,KOSDAQ,중견기업부,5290,100,1.93,5190,5320,5140,374570,1960270380,164958852920,31183148
20210604,009780,엠에스씨,KOSDAQ,우량기업부,5590,-10,-0.18,5600,5630,5510,38188,212705510,98384000000,17600000
20210604,123040,엠에스오토텍,KOSDAQ,중견기업부,7510,100,1.35,7340,7580,7340,418379,3141490490,260801302040,34727204
20210604,323230,엠에프엠코리아,KOSDAQ,중견기업부,3990,385,10.68,3590,4045,3585,2023681,7869842975,75736823400,18981660
20210604,032790,엠젠플러스,KOSDAQ,관리종목(소속부없음),4075,0,0.00,0,0,0,0,0,102014955875,25034345
20210604,033160,엠케이전자,KOSDAQ,우량기업부,12600,750,6.33,11800,12800,11750,1906377,23733515850,274776881400,21807689
20210604,347890,엠투아이,KOSDAQ,벤처기업부,9940,-60,-0.60,10000,10000,9800,42716,422578270,166974147760,16798204
20210604,033310,엠투엔,KOSDAQ,중견기업부,22450,-1850,-7.61,24000,24000,21650,736060,16718330450,498161436550,22189819
20210604,259630,엠플러스,KOSDAQ,우량기업부,15150,150,1.00,15300,15700,14950,755301,11555782150,172746905400,11402436
20210604,115960,연우,KOSDAQ,우량기업부,30150,100,0.33,30050,30400,29800,64689,1943869200,373799700000,12398000
20210604,090740,연이비앤티,KOSDAQ,중견기업부,5000,-60,-1.19,4990,5060,4825,347630,1720101525,95630410000,19126082
20210604,060850,영림원소프트랩,KOSDAQ,벤처기업부,12600,50,0.40,12450,12600,12450,16748,209618850,102450600000,8131000
20210604,007530,영신금속,KOSDAQ,중견기업부,3475,35,1.02,3500,3535,3395,98603,338634895,44594563800,12832968
20210604,143540,영우디에스피,KOSDAQ,벤처기업부,2845,-50,-1.73,2885,2895,2825,771571,2200258840,122996104030,43232374
20210604,036560,영풍정밀,KOSDAQ,우량기업부,9270,-80,-0.86,9350,9350,9210,50495,468281040,146002500000,15750000
20210604,265560,영화테크,KOSDAQ,벤처기업부,13000,2400,22.64,10800,13500,10700,211563,2573036300,69486170000,5345090
20210604,036000,예림당,KOSDAQ,중견기업부,3745,5,0.13,3705,3815,3635,201131,746105850,86263367365,23034277
20210604,250930,예선테크,KOSDAQ,벤처기업부,2595,-15,-0.57,2605,2620,2580,217094,564997665,85636141800,33000440
20210604,053280,예스24,KOSDAQ,중견기업부,16050,50,0.31,16000,17000,15900,1285575,20986344450,276060000000,17200000
20210604,122640,예스티,KOSDAQ,벤처기업부,14000,-150,-1.06,14100,14150,13800,88461,1234017750,237736982000,16981213
20210604,900300,오가닉티코스메틱,KOSDAQ,외국기업(소속부없음),923,-17,-1.81,928,932,905,6571825,6019922522,59451408380,64411060
20210604,045060,오공,KOSDAQ,우량기업부,5300,-40,-0.75,5330,5350,5270,113586,602242380,89792462200,16941974
20210604,080520,오디텍,KOSDAQ,벤처기업부,7730,30,0.39,7710,7800,7660,173743,1342386820,90801287570,11746609
20210604,039830,오로라,KOSDAQ,우량기업부,11000,0,0.00,11100,11200,11000,136270,1510022800,118391790000,10762890
20210604,322310,오로스테크놀로지,KOSDAQ,벤처기업부,36400,750,2.10,35600,36650,34850,83265,2982137050,338867328800,9309542
20210604,046120,오르비텍,KOSDAQ,중견기업부,9330,80,0.86,9250,9620,9010,3198731,30061769040,232955451900,24968430
20210604,014940,오리엔탈정공,KOSDAQ,우량기업부,5750,500,9.52,5250,5960,5210,5495642,31391407420,262048550750,45573661
20210604,065500,오리엔트정공,KOSDAQ,투자주의환기종목(소속부없음),1140,5,0.44,1160,1170,1130,3159309,3613979245,133624600680,117214562
20210604,010470,오리콤,KOSDAQ,우량기업부,6930,-110,-1.56,7140,7140,6770,220758,1530495220,82086196500,11845050
20210604,053980,오상자이엘,KOSDAQ,중견기업부,7080,10,0.14,7070,7080,6970,44772,314631920,125655004560,17747882
20210604,052420,오성첨단소재,KOSDAQ,우량기업부,3745,-10,-0.27,3755,3755,3720,446236,1666194910,254197196645,67876421
20210604,241790,오션브릿지,KOSDAQ,우량기업부,18200,-300,-1.62,18300,18500,17950,60179,1089527500,182047938800,10002634
20210604,039200,오스코텍,KOSDAQ,벤처기업부,35750,-900,-2.46,36700,36850,35500,340498,12200815850,1069456209250,29914859
20210604,226400,오스테오닉,KOSDAQ,기술성장기업부,4020,-20,-0.50,4025,4070,3990,37211,149418280,67427677080,16773054
20210604,031510,오스템,KOSDAQ,중견기업부,3680,110,3.08,3550,3685,3500,748617,2703112670,103040000000,28000000
20210604,048260,오스템임플란트,KOSDAQ,우량기업부,90800,0,0.00,90200,91700,90200,63143,5736349700,1297143103600,14285717
20210604,138080,오이솔루션,KOSDAQ,우량기업부,45200,450,1.01,44800,45800,43900,122903,5542450050,480209094000,10624095
20210604,080580,오킨스전자,KOSDAQ,벤처기업부,23100,-800,-3.35,24100,24100,23100,64971,1526684050,408391783800,17679298
20210604,067170,오텍,KOSDAQ,우량기업부,13250,150,1.15,13150,13300,13050,284950,3747996300,203938766250,15391605
20210604,173130,오파스넷,KOSDAQ,중견기업부,5040,-40,-0.79,5080,5080,4995,56760,285388710,59776567200,11860430
20210604,049480,오픈베이스,KOSDAQ,중견기업부,3210,10,0.31,3190,3315,3135,2051924,6646116500,100865849430,31422383
20210604,309930,오하임아이엔티,KOSDAQ,중견기업부,4715,-285,-5.70,4950,4950,4715,536796,2578650630,93110363065,19747691
20210604,244460,올리패스,KOSDAQ,기술성장기업부,9700,-20,-0.21,9810,9810,9540,269783,2598032590,247760348800,25542304
20210604,226950,올릭스,KOSDAQ,기술성장기업부,40750,300,0.74,40350,40750,40000,100579,4058172400,558403770000,13703160
20210604,057540,옴니시스템,KOSDAQ,우량기업부,2325,-10,-0.43,2325,2345,2305,779964,1810691750,107994750375,46449355
20210604,082210,옵트론텍,KOSDAQ,중견기업부,8390,-150,-1.76,8520,8520,8300,257607,2156032840,198641228890,23675951
20210604,109080,옵티시스,KOSDAQ,벤처기업부,15900,-550,-3.34,16250,16550,15650,439949,7016945050,89612400000,5636000
20210604,153710,옵티팜,KOSDAQ,기술성장기업부,12300,-250,-1.99,12650,12650,12250,62167,769219600,179450333400,14589458
20210604,321820,와이더플래닛,KOSDAQ,기술성장기업부,21350,150,0.71,20900,21350,20700,41603,870145800,147261240700,6897482
20210604,122990,와이솔,KOSDAQ,우량기업부,12750,100,0.79,12600,12750,12550,178877,2261373650,359383497750,28186941
20210604,232140,와이아이케이,KOSDAQ,우량기업부,6650,110,1.68,6460,6650,6420,380684,2495103280,545601577500,82045350
20210604,065530,와이어블,KOSDAQ,중견기업부,4415,-25,-0.56,4440,4440,4390,164287,723443765,233376900000,52860000
20210604,067900,와이엔텍,KOSDAQ,우량기업부,15700,-100,-0.63,15750,15800,15550,116825,1830142100,285734646300,18199659
20210604,155650,와이엠씨,KOSDAQ,우량기업부,8440,150,1.81,8290,8460,8270,48201,404314430,168583581520,19974358
20210604,251370,와이엠티,KOSDAQ,우량기업부,22500,-100,-0.44,22600,22600,22150,56522,1262360400,336487005000,14954978
20210604,066430,와이오엠,KOSDAQ,중견기업부,3110,-160,-4.89,3270,3270,3100,290886,915922940,49311338960,15855736
20210604,193250,와이제이엠게임즈,KOSDAQ,중견기업부,2150,0,0.00,2130,2175,2090,753273,1615659195,116416555250,54147235
20210604,273060,와이즈버즈,KOSDAQ,중견기업부,2125,-15,-0.70,2140,2140,2095,216264,457416910,101050065500,47552972
20210604,019210,와이지-원,KOSDAQ,중견기업부,9480,0,0.00,9500,9620,9360,102165,968652120,289839804120,30573819
20210604,122870,와이지엔터테인먼트,KOSDAQ,중견기업부,49900,-500,-0.99,50400,50800,49600,215430,10798034000,919850063100,18433869
20210604,332570,와이팜,KOSDAQ,우량기업부,9290,-160,-1.69,9450,9450,9280,124924,1165370360,345043197240,37141356
20210604,079000,와토스코리아,KOSDAQ,중견기업부,8430,-140,-1.63,8580,8610,8430,26059,221868290,60696000000,7200000
20210604,114630,우노앤컴퍼니,KOSDAQ,중견기업부,6030,-40,-0.66,6120,6120,5950,92321,554241760,81851008950,13573965
20210604,032820,우리기술,KOSDAQ,벤처기업부,1790,300,20.13,1505,1875,1495,122197712,212640247185,232243197370,129744803
20210604,041190,우리기술투자,KOSDAQ,벤처기업부,8960,-190,-2.08,9170,9210,8950,1825597,16469750540,752640000000,84000000
20210604,115440,우리넷,KOSDAQ,벤처기업부,8880,40,0.45,8980,8980,8830,35958,319173470,81136062720,9136944
20210604,046970,우리로,KOSDAQ,투자주의환기종목(소속부없음),1910,0,0.00,0,0,0,0,0,53792275450,28163495
20210604,082850,우리바이오,KOSDAQ,중견기업부,4940,-45,-0.90,5000,5020,4915,352443,1740589895,223178717320,45177878
20210604,215360,우리산업,KOSDAQ,우량기업부,26350,300,1.15,26000,26500,25900,80084,2102430200,240632495050,9132163
20210604,072470,우리산업홀딩스,KOSDAQ,중견기업부,5890,20,0.34,5880,5930,5810,82907,485743210,111246438490,18887341
20210604,073560,우리손에프앤지,KOSDAQ,우량기업부,2455,5,0.20,2455,2485,2440,899290,2214899435,169978413565,69237643
20210604,153490,우리이앤엘,KOSDAQ,중견기업부,1745,5,0.29,1725,1760,1710,414626,719301545,89658100000,51380000
20210604,037400,우리조명,KOSDAQ,중견기업부,4095,-60,-1.44,4140,4155,4090,403611,1658330000,105746601870,25823346
20210604,101170,우림기계,KOSDAQ,벤처기업부,4790,30,0.63,4760,4890,4710,128475,618546640,64665000000,13500000
20210604,066590,우수AMS,KOSDAQ,중견기업부,6000,130,2.21,5900,6030,5830,456704,2721595380,213708600000,35618100
20210604,103840,우양,KOSDAQ,중견기업부,5890,-10,-0.17,5900,6020,5850,93799,555920960,83979620000,14258000
20210604,046940,우원개발,KOSDAQ,우량기업부,7180,-100,-1.37,7260,7280,7070,192847,1383919930,129773833000,18074350
20210604,215380,우정바이오,KOSDAQ,벤처기업부,6670,-40,-0.60,6720,6760,6660,42957,287221660,80659816420,12092926
20210604,065680,우주일렉트로,KOSDAQ,우량기업부,26450,200,0.76,26000,26550,25550,44740,1168051700,262760119000,9934220
20210604,018620,우진비앤지,KOSDAQ,벤처기업부,2700,-15,-0.55,2730,2730,2700,149887,406383530,78001091100,28889293
20210604,307280,원바이오젠,KOSDAQ,벤처기업부,2420,0,0.00,2400,2450,2385,148210,356905545,84064909720,34737566
20210604,053080,원방테크,KOSDAQ,우량기업부,45800,-100,-0.22,45900,46200,45450,11540,526495550,196671749400,4294143
20210604,032940,원익,KOSDAQ,벤처기업부,5770,20,0.35,5760,5800,5640,151664,869924320,104974937100,18193230
20210604,240810,원익IPS,KOSDAQ,우량기업부,50600,-1300,-2.50,51500,51500,50300,439156,22259176400,2483645390600,49083901
20210604,074600,원익QnC,KOSDAQ,우량기업부,29050,100,0.35,28550,29150,28250,402390,11539504300,763666400000,26288000
20210604,104830,원익머트리얼즈,KOSDAQ,우량기업부,34400,-600,-1.71,34650,34750,34100,62426,2143802250,433715200000,12608000
20210604,014190,원익큐브,KOSDAQ,중견기업부,6010,-570,-8.66,6560,6570,5970,5643476,35168971090,212753435060,35399906
20210604,131390,원익피앤이,KOSDAQ,우량기업부,19900,150,0.76,19750,19900,19500,96989,1914753550,294896309000,14818910
20210604,030530,원익홀딩스,KOSDAQ,우량기업부,6840,-60,-0.87,6860,6860,6780,416397,2839030820,528307790040,77237981
20210604,012620,원일특강,KOSDAQ,우량기업부,15400,150,0.98,15250,15450,15150,20766,317719250,67760000000,4400000
20210604,008370,원풍,KOSDAQ,중견기업부,7130,-10,-0.14,7140,7210,6900,261466,1849210520,85560000000,12000000
20210604,008290,원풍물산,KOSDAQ,투자주의환기종목(소속부없음),1965,0,0.00,1975,1975,1940,59640,116597600,79963079235,40693679
20210604,101160,월덱스,KOSDAQ,우량기업부,26000,-100,-0.38,25800,26400,25600,296777,7700909800,429285818000,16510993
20210604,095270,웨이브일렉트로,KOSDAQ,관리종목(소속부없음),8100,-10,-0.12,8180,8230,7940,66188,538425230,119131673400,14707614
20210604,065950,웰크론,KOSDAQ,우량기업부,4775,-5,-0.10,4775,4790,4740,170656,811927765,134804467050,28231302
20210604,076080,웰크론한텍,KOSDAQ,중견기업부,4090,-80,-1.92,4160,4160,4075,533512,2191105525,81718617180,19980102
20210604,196700,웹스,KOSDAQ,벤처기업부,5830,1340,29.84,4305,5830,4235,23552983,121310983720,79862115080,13698476
20210604,069080,웹젠,KOSDAQ,우량기업부,32100,-550,-1.68,32750,32750,32050,272965,8810936200,1133479376400,35310884
20210604,053580,웹케시,KOSDAQ,우량기업부,36000,-1200,-3.23,37150,37150,35650,92303,3330021800,481311180000,13369755
20210604,071460,위니아딤채,KOSDAQ,중견기업부,5720,0,0.00,5700,5830,5630,234356,1342347070,205732927400,35967295
20210604,044340,위닉스,KOSDAQ,우량기업부,22800,-50,-0.22,22850,22850,22600,65371,1486054750,407514090000,17873425
20210604,330350,위더스제약,KOSDAQ,우량기업부,20900,-200,-0.95,21200,21250,20600,123615,2578648800,183761473500,8792415
20210604,348350,위드텍,KOSDAQ,우량기업부,24600,-200,-0.81,24650,24750,24400,37782,927743850,250516560000,10183600
20210604,112040,위메이드,KOSDAQ,중견기업부,57700,-2500,-4.15,59500,60000,57700,155817,9169592200,969360000000,16800000
20210604,101730,위메이드맥스,KOSDAQ,관리종목(소속부없음),6030,-150,-2.43,6170,6180,5970,57335,347669760,95247679050,15795635
20210604,065370,위세아이텍,KOSDAQ,중견기업부,13300,50,0.38,13300,13450,13150,26815,356970100,87459124200,6575874
20210604,038620,위즈코프,KOSDAQ,중견기업부,7370,-330,-4.29,7650,7700,7350,2836923,21251578960,299133817950,40588035
20210604,299900,위지윅스튜디오,KOSDAQ,중견기업부,11550,-200,-1.70,11750,11750,11400,498613,5740482500,420364802550,36395221
20210604,036090,위지트,KOSDAQ,중견기업부,1460,-40,-2.67,1500,1500,1455,1143128,1681876155,131737822100,90231385
20210604,136540,윈스,KOSDAQ,우량기업부,17600,-150,-0.85,17850,17900,17500,102209,1805750150,214925268800,12211663
20210604,320000,윈텍,KOSDAQ,중견기업부,2740,0,0.00,2740,2760,2715,55686,152652815,50687665520,18499148
20210604,097800,윈팩,KOSDAQ,벤처기업부,2375,-20,-0.84,2390,2390,2335,319823,754940250,97494381750,41050266
20210604,192390,윈하이텍,KOSDAQ,중견기업부,4910,-200,-3.91,5110,5210,4870,701539,3523114995,52325359360,10656896
20210604,313760,윌링스,KOSDAQ,중견기업부,14300,400,2.88,13850,14300,13650,17780,247638850,69526600000,4862000
20210604,900340,윙입푸드,KOSDAQ,외국기업(소속부없음),1520,-25,-1.62,1515,1535,1490,641507,970301680,72919610560,47973428
20210604,036200,유니셈,KOSDAQ,우량기업부,14000,-300,-2.10,14200,14250,13950,274677,3854623500,429299122000,30664223
20210604,018000,유니슨,KOSDAQ,중견기업부,4315,70,1.65,4215,4365,4190,1957958,8432127550,525278391225,121733115
20210604,203450,유니온커뮤니티,KOSDAQ,벤처기업부,5130,100,1.99,5040,5130,4975,168538,853854560,75303305910,14679007
20210604,011320,유니크,KOSDAQ,중견기업부,8060,370,4.81,7670,8080,7660,371674,2938766660,155724801700,19320695
20210604,086390,유니테스트,KOSDAQ,우량기업부,21450,100,0.47,21100,21450,20950,109356,2314312400,453327002700,21134126
20210604,241690,유니테크노,KOSDAQ,우량기업부,7020,70,1.01,7030,7060,6940,74352,520596890,165711241800,23605590
20210604,142210,유니트론텍,KOSDAQ,중견기업부,7250,90,1.26,7160,7330,7080,108734,786783020,87562911750,12077643
20210604,048430,유라테크,KOSDAQ,우량기업부,13050,100,0.77,12800,13250,12550,411702,5352952400,150336000000,11520000
20210604,206650,유바이오로직스,KOSDAQ,기술성장기업부,44050,-200,-0.45,43850,45600,43500,679593,30130000900,1545185547600,35077992
20210604,089850,유비벨록스,KOSDAQ,우량기업부,12450,300,2.47,12150,12450,12000,41226,506036100,88590427650,7115697
20210604,032620,유비케어,KOSDAQ,우량기업부,8710,0,0.00,8670,8900,8650,493208,4338334530,454637080690,52197139
20210604,264450,유비쿼스,KOSDAQ,우량기업부,22350,0,0.00,22700,22750,22250,75574,1698104100,228991529100,10245706
20210604,078070,유비쿼스홀딩스,KOSDAQ,우량기업부,21650,-200,-0.92,21600,21850,21300,46109,994329700,404781996200,18696628
20210604,024800,유성티엔에스,KOSDAQ,우량기업부,3960,40,1.02,3920,3965,3900,106376,418893105,123863327280,31278618
20210604,054930,유신,KOSDAQ,중견기업부,23900,900,3.91,23000,24250,22400,86586,2041978800,71700000000,3000000
20210604,069330,유아이디,KOSDAQ,관리종목(소속부없음),2455,-20,-0.81,2490,2500,2360,333835,818148095,29184529360,11887792
20210604,049520,유아이엘,KOSDAQ,중견기업부,3935,-5,-0.13,3980,3980,3900,52893,207526685,85723723160,21784936
20210604,313750,유안타제4호스팩,KOSDAQ,SPAC(소속부없음),2160,10,0.47,2135,2180,2115,213926,459139715,10044000000,4650000
20210604,336060,유안타제5호스팩,KOSDAQ,SPAC(소속부없음),2120,0,0.00,2135,2145,2110,100292,213513050,12571600000,5930000
20210604,340360,유안타제6호스팩,KOSDAQ,SPAC(소속부없음),3010,-25,-0.82,3000,3090,2995,274717,827000285,20603450000,6845000
20210604,367460,유안타제7호스팩,KOSDAQ,SPAC(소속부없음),2120,10,0.47,2130,2145,2100,86021,182046445,11660000000,5500000
20210604,367480,유안타제8호스팩,KOSDAQ,SPAC(소속부없음),2100,-40,-1.87,2140,2170,2095,177565,375600145,13629000000,6490000
20210604,056090,유앤아이,KOSDAQ,기술성장기업부,4665,5,0.11,4660,4685,4610,25095,116600360,43111308270,9241438
20210604,263770,유에스티,KOSDAQ,우량기업부,6550,-30,-0.46,6580,6620,6520,91245,597359610,155236126600,23700172
20210604,340930,유일에너테크,KOSDAQ,벤처기업부,19700,-200,-1.01,20150,20150,19700,63118,1255868900,208623866800,10590044
20210604,023410,유진기업,KOSDAQ,우량기업부,5910,-60,-1.01,6020,6050,5910,803167,4791300010,456907200330,77310863
20210604,056080,유진로봇,KOSDAQ,벤처기업부,4060,-35,-0.85,4095,4110,4055,108813,443674160,152299337120,37512152
20210604,321260,유진스팩4호,KOSDAQ,SPAC(소속부없음),2310,0,0.00,0,0,0,0,0,8061900000,3490000
20210604,331380,유진스팩5호,KOSDAQ,SPAC(소속부없음),2170,0,0.00,0,0,0,0,0,8701700000,4010000
20210604,373340,유진스팩6호,KOSDAQ,SPAC(소속부없음),2880,-170,-5.57,2945,2980,2845,413151,1195535200,8697600000,3020000
20210604,084370,유진테크,KOSDAQ,우량기업부,48500,-500,-1.02,48650,48800,47900,170107,8214184850,1111428037000,22916042
20210604,178780,유테크,KOSDAQ,관리종목(소속부없음),1730,0,0.00,0,0,0,0,0,60240302320,34820984
20210604,179900,유티아이,KOSDAQ,우량기업부,16550,100,0.61,16450,16650,16200,27563,452081150,268224112250,16206895
20210604,263050,유틸렉스,KOSDAQ,기술성장기업부,33000,-500,-1.49,33500,33500,32750,67480,2227460050,501377811000,15193267
20210604,191410,육일씨엔에쓰,KOSDAQ,중견기업부,3715,75,2.06,3625,3730,3590,61487,226204655,34783626730,9363022
20210604,072770,율호,KOSDAQ,중견기업부,3380,0,0.00,3335,3485,3335,3307694,11298917680,131708473520,38967004
20210604,039020,이건홀딩스,KOSDAQ,우량기업부,5330,-120,-2.20,5410,5440,5290,332212,1781551300,120376498970,22584709
20210604,060230,이그잭스,KOSDAQ,중견기업부,1780,-15,-0.84,1780,1825,1740,2727497,4844843870,138317306560,77706352
20210604,067920,이글루시큐리티,KOSDAQ,벤처기업부,7890,190,2.47,7700,8050,7670,230466,1824964040,86759378910,10996119
20210604,044960,이글벳,KOSDAQ,중견기업부,8280,-20,-0.24,8400,8400,8240,206611,1714321170,104674791240,12641883
20210604,302430,이노메트리,KOSDAQ,벤처기업부,17750,-50,-0.28,17800,17800,17600,15895,280792450,173498014000,9774536
20210604,073490,이노와이어리스,KOSDAQ,우량기업부,46500,950,2.09,46550,46950,46250,91387,4258119500,313295796000,6737544
20210604,086250,이노와이즈,KOSDAQ,관리종목(소속부없음),1405,0,0.00,0,0,0,0,0,43288294470,30810174
20210604,215790,이노인스트루먼트,KOSDAQ,중견기업부,2345,25,1.08,2320,2360,2300,440929,1027664620,94463984405,40283149
20210604,246960,이노테라피,KOSDAQ,기술성장기업부,14350,-50,-0.35,14400,14450,14250,11843,169689700,72384040400,5044184
20210604,088390,이녹스,KOSDAQ,중견기업부,18300,-100,-0.54,18400,18450,17850,48016,868608750,171120445200,9350844
20210604,272290,이녹스첨단소재,KOSDAQ,우량기업부,63000,1500,2.44,61700,63500,60500,215496,13452687600,615877227000,9775829
20210604,053350,이니텍,KOSDAQ,중견기업부,6310,680,12.08,5640,7300,5630,5876182,38585813280,124880679960,19790916
20210604,258610,이더블유케이,KOSDAQ,벤처기업부,6950,0,0.00,6900,7090,6890,51972,360448680,100597948750,14474525
20210604,215090,이디티,KOSDAQ,중견기업부,1200,15,1.27,1210,1300,1160,18880934,23500892930,81693994800,68078329
20210604,041520,이라이콤,KOSDAQ,우량기업부,11200,-400,-3.45,11550,11550,11100,81942,919255250,136513776000,12188730
20210604,264850,이랜시스,KOSDAQ,중견기업부,3300,0,0.00,3265,3350,3255,442138,1459547570,94880979600,28751812
20210604,054210,이랜텍,KOSDAQ,중견기업부,7240,0,0.00,7240,7240,7100,155565,1112510060,183108360400,25291210
20210604,164060,이루다,KOSDAQ,벤처기업부,13050,-250,-1.88,13300,13300,12750,98773,1288305800,101986533000,7815060
20210604,065440,이루온,KOSDAQ,벤처기업부,2840,20,0.71,2825,2860,2720,4602634,12881385795,77461056800,27275020
20210604,115610,이미지스,KOSDAQ,관리종목(소속부없음),3490,120,3.56,3370,3565,3260,114320,385769030,26765256720,7669128
20210604,349720,이베스트스팩5호,KOSDAQ,SPAC(소속부없음),2125,-25,-1.16,2165,2170,2120,159759,342243445,7692500000,3620000
20210604,323210,이베스트이안스팩1호,KOSDAQ,SPAC(소속부없음),2225,-5,-0.22,2230,2280,2200,240239,535280285,7120000000,3200000
20210604,078020,이베스트투자증권,KOSDAQ,우량기업부,8430,-20,-0.24,8450,8450,8360,218822,1836685010,467706431700,55481190
20210604,351330,이삭엔지니어링,KOSDAQ,벤처기업부,15400,-50,-0.32,15450,15500,15250,26398,405799700,127643208000,8288520
20210604,080010,이상네트웍스,KOSDAQ,중견기업부,8310,260,3.23,7990,9300,7940,764190,6617013060,74914650000,9015000
20210604,086890,이수앱지스,KOSDAQ,기술성장기업부,16250,1600,10.92,14850,16450,14400,3601818,56946321150,517906886250,31871193
20210604,047560,이스트소프트,KOSDAQ,벤처기업부,11150,-150,-1.33,11250,11500,11050,103214,1157864500,124476169300,11163782
20210604,900110,이스트아시아홀딩스,KOSDAQ,외국기업(소속부없음),217,1,0.46,216,220,214,1749783,378776302,29650345312,136637536
20210604,067010,이씨에스,KOSDAQ,벤처기업부,6030,0,0.00,6030,6070,5950,115368,693924560,74132820000,12294000
20210604,052190,이에스에이,KOSDAQ,투자주의환기종목(소속부없음),8850,0,0.00,0,0,0,0,0,26981756100,3048786
20210604,101360,이엔드디,KOSDAQ,우량기업부,28250,-250,-0.88,28350,28400,27950,33976,957021950,291550819750,10320383
20210604,102710,이엔에프테크놀로지,KOSDAQ,우량기업부,35650,-650,-1.79,36500,36500,35600,113161,4061883650,509361353400,14287836
20210604,066980,이엔코퍼레이션,KOSDAQ,중견기업부,12700,200,1.60,12500,12700,12400,142821,1792770850,228089701300,17959819
20210604,063760,이엘피,KOSDAQ,벤처기업부,6670,-70,-1.04,6880,6880,6610,41591,278169920,62198617100,9325130
20210604,087730,이엠네트웍스,KOSDAQ,관리종목(소속부없음),8160,0,0.00,0,0,0,0,0,26570510400,3256190
20210604,123570,이엠넷,KOSDAQ,중견기업부,7000,-200,-2.78,7140,7180,7000,177818,1254821150,155932546000,22276078
20210604,083470,이엠앤아이,KOSDAQ,관리종목(소속부없음),1585,0,0.00,0,0,0,0,0,35542856275,22424515
20210604,095190,이엠코리아,KOSDAQ,중견기업부,5050,20,0.40,4970,5110,4970,251186,1261713695,215034236850,42581037
20210604,091120,이엠텍,KOSDAQ,우량기업부,17900,50,0.28,17800,17950,17700,115319,2055131850,284394054400,15887936
20210604,039030,이오테크닉스,KOSDAQ,우량기업부,114200,-2000,-1.72,115100,115900,113800,69346,7967817700,1406892610000,12319550
20210604,294090,이오플로우,KOSDAQ,기술성장기업부,54800,-1400,-2.49,56000,56200,54500,68641,3774597500,628411547200,11467364
20210604,088290,이원컴포텍,KOSDAQ,중견기업부,9310,840,9.92,8510,9450,8330,1721725,15539952150,210743999550,22636305
20210604,181340,이즈미디어,KOSDAQ,벤처기업부,38200,-1450,-3.66,40000,40150,37350,294488,11254136700,271414820000,7105100
20210604,353810,이지바이오,KOSDAQ,중견기업부,6770,-60,-0.88,6850,6850,6750,300999,2043974010,231477944400,34191720
20210604,099750,이지케어텍,KOSDAQ,우량기업부,35500,-100,-0.28,35600,36000,34450,58415,2055285800,226703000000,6386000
20210604,035810,이지홀딩스,KOSDAQ,우량기업부,5010,-60,-1.18,5070,5090,5010,605649,3054733980,326380683450,65145845
20210604,160600,이큐셀,KOSDAQ,관리종목(소속부없음),3100,0,0.00,0,0,0,0,0,18642222000,6013620
20210604,092130,이크레더블,KOSDAQ,중견기업부,21750,0,0.00,21850,21850,21500,8552,185351450,261948300000,12043600
20210604,096040,이트론,KOSDAQ,중견기업부,836,17,2.08,826,843,819,48520612,40312999103,438564553328,524598748
20210604,134060,이퓨쳐,KOSDAQ,벤처기업부,10400,-200,-1.89,10600,10600,10250,29065,303809600,49600200000,4769250
20210604,001840,이화공영,KOSDAQ,중견기업부,8660,-310,-3.46,9040,9050,8650,1155587,10172520940,171517881600,19805760
20210604,024810,이화전기,KOSDAQ,중견기업부,2490,40,1.63,2465,2545,2440,5269516,13130114400,185084695470,74331203
20210604,041830,인바디,KOSDAQ,우량기업부,28700,-200,-0.69,29000,29150,28200,135420,3889526050,392724543400,13683782
20210604,352940,인바이오,KOSDAQ,벤처기업부,11050,0,0.00,11050,11150,11000,66488,736898500,120088416500,10867730
20210604,079950,인베니아,KOSDAQ,중견기업부,2740,-35,-1.26,2750,2785,2730,107107,295414360,63568000000,23200000
20210604,277410,인산가,KOSDAQ,벤처기업부,2850,5,0.18,2815,2990,2775,3075502,8830143245,87381732450,30660257
20210604,060150,인선이엔티,KOSDAQ,우량기업부,12900,100,0.78,12750,13050,12700,392068,5048500300,600670594800,46563612
20210604,033230,인성정보,KOSDAQ,중견기업부,2305,60,2.67,2245,2330,2220,486546,1118474180,86394359620,37481284
20210604,037330,인지디스플레,KOSDAQ,우량기업부,3370,0,0.00,3340,3380,3325,107017,358709250,147893204880,43885224
20210604,083640,인콘,KOSDAQ,벤처기업부,2515,25,1.00,2485,2565,2465,1573191,3977613500,106902496945,42505963
20210604,216050,인크로스,KOSDAQ,중견기업부,55100,-100,-0.18,55200,55300,54800,25572,1406722800,443928412700,8056777
20210604,049070,인탑스,KOSDAQ,우량기업부,29950,0,0.00,29900,30100,29500,116441,3470171300,515140000000,17200000
20210604,119610,인터로조,KOSDAQ,우량기업부,26050,100,0.39,25950,26350,25750,83533,2173989500,312912469750,12011995
20210604,017250,인터엠,KOSDAQ,투자주의환기종목(소속부없음),1710,25,1.48,1680,1720,1675,56585,96051355,35987748570,21045467
20210604,035080,인터파크,KOSDAQ,중견기업부,6170,-310,-4.78,6380,6380,6110,8173562,50812044060,500937135710,81189163
20210604,051370,인터플렉스,KOSDAQ,중견기업부,12500,-50,-0.40,12600,12600,12250,59628,738772400,291593400000,23327472
20210604,064290,인텍플러스,KOSDAQ,벤처기업부,23450,-450,-1.88,23700,23700,23050,64191,1497318700,297708583900,12695462
20210604,189300,인텔리안테크,KOSDAQ,우량기업부,62900,-1000,-1.56,64000,64000,61700,62214,3885980100,475608160200,7561338
20210604,150840,인트로메딕,KOSDAQ,기술성장기업부,2470,90,3.78,2375,2570,2365,741286,1839899640,89351081690,36174527
20210604,048530,인트론바이오,KOSDAQ,기술성장기업부,22300,-300,-1.33,22450,22600,22100,252446,5621037800,746460365700,33473559
20210604,175140,인포마크,KOSDAQ,관리종목(소속부없음),9400,20,0.21,9400,9480,9290,24249,227540490,47698307200,5074288
20210604,115310,인포바인,KOSDAQ,벤처기업부,22400,150,0.67,22150,22450,22150,1312,29299000,71520579200,3192883
20210604,039290,인포뱅크,KOSDAQ,중견기업부,13900,-200,-1.42,14100,14300,13650,174968,2438333700,120846294200,8693978
20210604,071200,인피니트헬스케어,KOSDAQ,중견기업부,8350,230,2.83,8100,8450,8030,407007,3399086560,203710424300,24396458
20210604,016670,인피니티엔티,KOSDAQ,투자주의환기종목(소속부없음),973,0,0.00,0,0,0,0,0,84222290362,86559394
20210604,101930,인화정공,KOSDAQ,우량기업부,13150,100,0.77,12950,13350,12850,54429,713678000,122711920750,9331705
20210604,333430,일승,KOSDAQ,중견기업부,3745,70,1.90,3765,3765,3615,120143,442569995,105578092515,28191747
20210604,068330,일신바이오,KOSDAQ,중견기업부,6250,10,0.16,6180,6480,6180,1371386,8672465100,276350875000,44216140
20210604,058450,일야,KOSDAQ,관리종목(소속부없음),685,0,0.00,0,0,0,0,0,21741900000,31740000
20210604,019540,일지테크,KOSDAQ,중견기업부,4435,-5,-0.11,4485,4485,4360,151254,668280210,59932372500,13513500
20210604,094820,일진파워,KOSDAQ,우량기업부,10350,2370,29.70,8150,10350,8150,20582091,197081024630,156064638150,15078709
20210604,950140,잉글우드랩,KOSDAQ,외국기업(소속부없음),8400,50,0.60,8400,8580,8310,521357,4401006800,166890074400,19867866
20210604,049550,잉크테크,KOSDAQ,벤처기업부,9000,-320,-3.43,9300,9320,8850,166041,1494555240,165779388000,18419932
20210604,254120,자비스,KOSDAQ,기술성장기업부,2355,5,0.21,2370,2400,2335,479237,1133656690,51289526160,21778992
20210604,221610,자안바이오,KOSDAQ,중견기업부,13300,-50,-0.37,13400,13650,13150,82512,1098581050,86385229000,6495130
20210604,219550,자안코스메틱,KOSDAQ,중견기업부,9060,20,0.22,9030,9570,9020,30142,274874270,72324041160,7982786
20210604,043910,자연과환경,KOSDAQ,중견기업부,2300,5,0.22,2265,2385,2255,34880594,80989814700,129392273000,56257510
20210604,234920,자이글,KOSDAQ,벤처기업부,4785,75,1.59,4700,4785,4655,61354,289667365,64745404350,13530910
20210604,289220,자이언트스텝,KOSDAQ,기술성장기업부,41750,-250,-0.60,42000,42550,41450,96141,4026016200,397283188750,9515765
20210604,174880,장원테크,KOSDAQ,중견기업부,3980,25,0.63,3925,3990,3880,121047,477014100,65514887460,16461027
20210604,049630,재영솔루텍,KOSDAQ,중견기업부,1080,0,0.00,1080,1085,1050,609184,650343755,79433655480,73549681
20210604,110020,전진바이오팜,KOSDAQ,기술성장기업부,10300,-100,-0.96,10400,10400,10100,23472,239321300,62232939900,6042033
20210604,208140,정다운,KOSDAQ,우량기업부,3875,-35,-0.90,3970,4040,3875,2095770,8298731200,126053068000,32529824
20210604,022220,정산애강,KOSDAQ,우량기업부,2435,10,0.41,2420,2435,2390,577693,1393900155,126119799865,51794579
20210604,040420,정상제이엘에스,KOSDAQ,우량기업부,7540,-40,-0.53,7560,7590,7490,38346,288409280,118208742080,15677552
20210604,045510,정원엔시스,KOSDAQ,중견기업부,2225,120,5.70,2100,2225,2090,233866,510464540,71665674700,32209292
20210604,065620,제낙스,KOSDAQ,투자주의환기종목(소속부없음),15950,0,0.00,0,0,0,0,0,78982709300,4951894
20210604,217190,제너셈,KOSDAQ,벤처기업부,9340,-110,-1.16,9460,9490,9240,43341,403300610,81904085160,8769174
20210604,095700,제넥신,KOSDAQ,기술성장기업부,95900,-1100,-1.13,97500,97500,95700,376064,36165704900,2391323848200,24935598
20210604,072520,제넨바이오,KOSDAQ,벤처기업부,1680,-15,-0.88,1695,1700,1660,1499068,2509633725,327284401920,194812144
20210604,122310,제노레이,KOSDAQ,우량기업부,10500,-50,-0.47,10550,10600,10450,42165,442849200,152815362000,14553844
20210604,361390,제노코,KOSDAQ,기술성장기업부,49100,-650,-1.31,50000,50000,48600,18915,929452100,119909074000,2442140
20210604,187420,제노포커스,KOSDAQ,기술성장기업부,7700,-120,-1.53,7760,7810,7680,39307,303386260,172473917000,22399210
20210604,225220,제놀루션,KOSDAQ,기술성장기업부,15650,-100,-0.63,15850,16200,15650,151778,2403861550,149726367000,9567180
20210604,123330,제닉,KOSDAQ,벤처기업부,9320,-120,-1.27,9510,9510,9290,56086,524488470,65240000000,7000000
20210604,159580,제로투세븐,KOSDAQ,중견기업부,14050,200,1.44,13700,14200,13650,444232,6204486550,281458535800,20032636
20210604,147830,제룡산업,KOSDAQ,벤처기업부,8680,440,5.34,8380,8680,8170,271407,2286173400,86800000000,10000000
20210604,033100,제룡전기,KOSDAQ,벤처기업부,7250,190,2.69,7130,7270,7020,350026,2503353780,116452465250,16062409
20210604,079370,제우스,KOSDAQ,우량기업부,25400,-450,-1.74,25850,25850,25000,54249,1374991900,263753600000,10384000
20210604,054950,제이브이엠,KOSDAQ,우량기업부,17350,150,0.87,17200,17350,17050,21769,375023700,209759626200,12089892
20210604,090470,제이스텍,KOSDAQ,중견기업부,7790,100,1.30,7730,7840,7650,43928,341493460,113716924320,14597808
20210604,287410,제이시스메디칼,KOSDAQ,벤처기업부,5460,100,1.87,5300,5560,5290,1019772,5566049460,385664217120,70634472
20210604,137950,제이씨케미칼,KOSDAQ,우량기업부,10300,-200,-1.90,10450,10450,9920,728712,7412796110,229358484200,22267814
20210604,033320,제이씨현시스템,KOSDAQ,우량기업부,8010,10,0.13,8020,8060,7960,128424,1029934620,153106600320,19114432
20210604,204270,제이앤티씨,KOSDAQ,우량기업부,9670,60,0.62,9640,9680,9570,85185,820239870,559394666220,57848466
20210604,026040,제이에스티나,KOSDAQ,중견기업부,3350,-290,-7.97,3640,3710,3320,1061941,3705179005,55287696500,16503790
20210604,126880,제이엔케이히터,KOSDAQ,벤처기업부,6920,130,1.91,6780,6950,6740,177150,1217835470,160577928760,23204903
20210604,322510,제이엘케이,KOSDAQ,기술성장기업부,7500,20,0.27,7550,7550,7430,29994,224608230,113707417500,15160989
20210604,033050,제이엠아이,KOSDAQ,중견기업부,1365,80,6.23,1280,1490,1270,3714124,5121105995,44470801830,32579342
20210604,094970,제이엠티,KOSDAQ,중견기업부,3930,-15,-0.38,3945,3975,3870,342289,1345568715,65820583200,16748240
20210604,058420,제이웨이,KOSDAQ,투자주의환기종목(소속부없음),2160,0,0.00,0,0,0,0,0,7799412240,3610839
20210604,089790,제이티,KOSDAQ,벤처기업부,7950,0,0.00,8050,8130,7800,169012,1347519680,82008328350,10315513
20210604,052670,제일바이오,KOSDAQ,중견기업부,3350,-10,-0.30,3395,3395,3335,248224,833439885,97582364400,29129064
20210604,199820,제일전기공업,KOSDAQ,벤처기업부,23400,350,1.52,22850,23400,22650,46568,1071064300,259974000000,11110000
20210604,023440,제일제강,KOSDAQ,중견기업부,3480,30,0.87,3490,3510,3400,570591,1968926900,120114047880,34515531
20210604,038010,제일테크노스,KOSDAQ,중견기업부,8620,-190,-2.16,8820,8880,8570,95694,831564920,77580000000,9000000
20210604,276730,제주맥주,KOSDAQ,기술성장기업부,4185,-160,-3.68,4310,4330,4175,2273079,9597717650,234342799650,55995890
20210604,080220,제주반도체,KOSDAQ,우량기업부,6220,-80,-1.27,6350,6350,6160,712987,4433803470,212951104640,34236512
20210604,216080,제테마,KOSDAQ,기술성장기업부,38400,100,0.26,38300,38500,37600,100336,3805488550,676928985600,17628359
20210604,229000,젠큐릭스,KOSDAQ,기술성장기업부,22550,-950,-4.04,23200,23550,22000,158324,3600136550,145831706900,6467038
20210604,082270,젬백스,KOSDAQ,벤처기업부,23700,-400,-1.66,24150,24500,23650,305870,7327556400,943213998300,39798059
20210604,064800,젬백스링크,KOSDAQ,벤처기업부,1710,0,0.00,1705,1725,1675,1910446,3251889145,142093741050,83095755
20210604,041590,젬백스지오,KOSDAQ,중견기업부,884,-9,-1.01,900,900,883,211926,188263156,69988886916,79172949
20210604,044060,조광ILI,KOSDAQ,벤처기업부,9600,330,3.56,9240,9710,9120,228480,2165258910,129849350400,13525974
20210604,034940,조아제약,KOSDAQ,중견기업부,4235,25,0.59,4215,4245,4190,117471,495445300,131199567345,30979827
20210604,067000,조이시티,KOSDAQ,벤처기업부,9670,0,0.00,9750,9780,9550,237432,2294119600,428767683960,44339988
20210604,033340,좋은사람들,KOSDAQ,투자주의환기종목(소속부없음),1055,0,0.00,0,0,0,0,0,52653176320,49908224
20210604,036930,주성엔지니어링,KOSDAQ,우량기업부,14450,-200,-1.37,14650,14650,14250,364834,5264741700,697201113400,48249212
20210604,239340,줌인터넷,KOSDAQ,중견기업부,6320,-30,-0.47,6350,6440,6270,327224,2081101970,170511286880,26979634
20210604,072020,중앙백신,KOSDAQ,벤처기업부,19050,150,0.79,18900,19250,18750,394467,7510285050,189738000000,9960000
20210604,000440,중앙에너비스,KOSDAQ,중견기업부,21150,-1450,-6.42,22350,22400,21000,524450,11351014900,131703799500,6227130
20210604,228760,지노믹트리,KOSDAQ,기술성장기업부,13450,100,0.75,13250,13600,13250,42053,564568500,268814591750,19986215
20210604,314130,지놈앤컴퍼니,KOSDAQ,기술성장기업부,35700,100,0.28,35550,35850,35150,38599,1371528150,480074500500,13447465
20210604,043610,지니뮤직,KOSDAQ,우량기업부,6710,-90,-1.32,6780,6820,6670,773341,5205904710,389954588980,58115438
20210604,263860,지니언스,KOSDAQ,벤처기업부,7640,220,2.96,7430,7760,7410,50671,386444060,72156744000,9444600
20210604,303030,지니틱스,KOSDAQ,벤처기업부,3710,-30,-0.80,3705,3785,3680,760201,2822104725,132041010990,35590569
20210604,036180,지더블유바이텍,KOSDAQ,중견기업부,1205,0,0.00,0,0,0,0,0,35868301125,29766225
20210604,208350,지란지교시큐리티,KOSDAQ,벤처기업부,7790,140,1.83,7650,8300,7560,660118,5262116160,64707954390,8306541
20210604,114570,지스마트글로벌,KOSDAQ,투자주의환기종목(소속부없음),620,0,0.00,0,0,0,0,0,7030424280,11339394
20210604,051160,지어소프트,KOSDAQ,우량기업부,21350,250,1.18,21100,21850,20900,150028,3217049650,311166749250,14574555
20210604,053050,지에스이,KOSDAQ,우량기업부,2020,15,0.75,2005,2045,1955,338071,677441690,60574945940,29987597
20210604,119850,지엔씨에너지,KOSDAQ,우량기업부,5540,0,0.00,5540,5570,5470,35725,197130470,91126955860,16448909
20210604,270520,지엔원에너지,KOSDAQ,벤처기업부,4755,10,0.21,4700,4820,4690,470668,2241723780,148398357540,31208908
20210604,065060,지엔코,KOSDAQ,중견기업부,934,-1,-0.11,938,938,924,201775,187834445,91539513096,98008044
20210604,204840,지엘팜텍,KOSDAQ,기술성장기업부,1430,10,0.70,1420,1455,1410,654123,938735800,73198542560,51187792
20210604,111820,지유온,KOSDAQ,관리종목(소속부없음),2470,0,0.00,0,0,0,0,0,72576466950,29383185
20210604,115450,지트리비앤티,KOSDAQ,중견기업부,11250,0,0.00,11250,11300,11100,233696,2611642450,304740213750,27088019
20210604,219750,지티지웰니스,KOSDAQ,벤처기업부,4695,85,1.84,4610,4720,4520,125764,582854530,75979734315,16183117
20210604,018120,진로발효,KOSDAQ,우량기업부,34150,-150,-0.44,34400,34450,33850,2726,93087850,226111248000,6621120
20210604,109820,진매트릭스,KOSDAQ,기술성장기업부,11600,-100,-0.85,11800,11800,11450,159948,1847887100,236566224000,20393640
20210604,086060,진바이오텍,KOSDAQ,중견기업부,7180,-150,-2.05,7300,7390,7150,461172,3340655490,61824014660,8610587
20210604,036890,진성티이씨,KOSDAQ,우량기업부,13950,-50,-0.36,13950,14250,13850,143267,2010312550,313627638600,22482268
20210604,363250,진시스템,KOSDAQ,기술성장기업부,15750,-500,-3.08,16200,16250,15700,259665,4122589250,107274510000,6811080
20210604,007370,진양제약,KOSDAQ,중견기업부,6160,0,0.00,6160,6180,6050,32018,195496550,73920000000,12000000
20210604,085660,차바이오텍,KOSDAQ,중견기업부,19700,100,0.51,19400,19750,19400,268771,5256530000,1051137490100,53357233
20210604,094850,참좋은여행,KOSDAQ,중견기업부,15950,-700,-4.20,16150,16300,15650,1027034,16372801650,223300000000,14000000
20210604,004650,창해에탄올,KOSDAQ,우량기업부,14800,400,2.78,14400,14800,14200,236915,3458168150,136025098000,9190885
20210604,311690,천랩,KOSDAQ,기술성장기업부,33450,-350,-1.04,33800,33800,33000,9206,305952550,130784415600,3909848
20210604,278280,천보,KOSDAQ,우량기업부,170200,-300,-0.18,170500,171300,168000,31744,5389378200,1702000000000,10000000
20210604,096240,청담러닝,KOSDAQ,우량기업부,34500,650,1.92,33850,34700,33200,119607,4094413300,257846997000,7473826
20210604,013720,청보산업,KOSDAQ,중견기업부,27300,0,0.00,26900,27650,24800,189976,4962995200,223280448300,8178771
20210604,066360,체리부로,KOSDAQ,중견기업부,2465,155,6.71,2755,2755,2445,7616848,19898430010,68705401910,27872374
20210604,047820,초록뱀미디어,KOSDAQ,중견기업부,2505,-70,-2.72,2580,2585,2505,4178247,10551646150,411193082175,164148935
20210604,052300,초록뱀컴퍼니,KOSDAQ,중견기업부,1635,-15,-0.91,1655,1655,1620,427729,697530675,104684924895,64027477
20210604,094360,칩스앤미디어,KOSDAQ,벤처기업부,15800,-200,-1.25,16000,16000,15750,114692,1813558700,152316977000,9640315
20210604,016920,카스,KOSDAQ,중견기업부,5240,-40,-0.76,5420,5430,5160,1996823,10551510200,125470217520,23944698
20210604,284620,카이노스메드,KOSDAQ,기술성장기업부,3665,-5,-0.14,3700,3700,3655,166133,609115730,385714891320,105242808
20210604,293490,카카오게임즈,KOSDAQ,우량기업부,55900,600,1.08,55800,56700,55400,966623,54116710900,4171256882000,74619980
20210604,042000,카페24,KOSDAQ,기술성장기업부,30650,-300,-0.97,30900,30950,30600,57280,1757519700,577284566450,18834733
20210604,317530,캐리소프트,KOSDAQ,기술성장기업부,20000,-50,-0.25,20000,20500,19750,171247,3443949700,135223920000,6761196
20210604,071850,캐스텍코리아,KOSDAQ,중견기업부,3540,5,0.14,3535,3570,3530,122819,435057745,58654925520,16569188
20210604,180400,캔서롭,KOSDAQ,관리종목(소속부없음),7740,0,0.00,0,0,0,0,0,178624199880,23078062
20210604,050110,캠시스,KOSDAQ,벤처기업부,2320,0,0.00,2315,2325,2285,380445,875296065,167753627360,72307598
20210604,900310,컬러레이,KOSDAQ,외국기업(소속부없음),2250,-35,-1.53,2285,2295,2230,469264,1057735320,121500000000,54000000
20210604,078340,컴투스,KOSDAQ,우량기업부,129300,-900,-0.69,130500,130600,129100,122648,15884171700,1663628106000,12866420
20210604,307930,컴퍼니케이,KOSDAQ,중견기업부,11600,0,0.00,11750,11750,11400,154858,1800640650,181076000000,15610000
20210604,263700,케어랩스,KOSDAQ,중견기업부,10800,400,3.85,10550,11000,10550,1437071,15511212100,186149145600,17236032
20210604,214370,케어젠,KOSDAQ,중견기업부,66400,-200,-0.30,66300,68000,66200,14674,978331300,713335200000,10743000
20210604,221980,케이디켐,KOSDAQ,중견기업부,17300,-100,-0.57,17250,17550,17250,10192,176998050,69802040000,4034800
20210604,043290,케이맥,KOSDAQ,벤처기업부,3840,180,4.92,3660,3850,3520,438439,1627602115,147853712640,38503571
20210604,317030,케이비17호스팩,KOSDAQ,SPAC(소속부없음),2105,-15,-0.71,2120,2140,2095,102556,216098865,11495405000,5461000
20210604,323940,케이비제18호스팩,KOSDAQ,SPAC(소속부없음),2105,-15,-0.71,2115,2120,2095,88217,185507995,16465310000,7822000
20210604,330990,케이비제19호스팩,KOSDAQ,SPAC(소속부없음),2100,-40,-1.87,2140,2140,2100,138353,291474930,9032100000,4301000
20210604,342550,케이비제20호스팩,KOSDAQ,SPAC(소속부없음),2125,-10,-0.47,2145,2150,2110,84523,179376590,13814625000,6501000
20210604,192250,케이사인,KOSDAQ,벤처기업부,3130,0,0.00,3175,3440,3130,48598561,159233196965,221201034410,70671257
20210604,115500,케이씨에스,KOSDAQ,중견기업부,9450,-210,-2.17,9530,10250,9250,2070690,20097962510,113400000000,12000000
20210604,089150,케이씨티,KOSDAQ,중견기업부,10000,20,0.20,9920,10250,9870,1247301,12561102250,171500000000,17150000
20210604,025880,케이씨피드,KOSDAQ,중견기업부,4120,-110,-2.60,4235,4285,4120,182947,759021475,68869334960,16715858
20210604,093320,케이아이엔엑스,KOSDAQ,우량기업부,63000,-500,-0.79,63800,63800,62300,10597,663769300,307440000000,4880000
20210604,073010,케이에스피,KOSDAQ,벤처기업부,2610,50,1.95,2590,2630,2555,241407,626365365,94461790770,36192257
20210604,105330,케이엔더블유,KOSDAQ,벤처기업부,8810,20,0.23,8790,8930,8540,62222,542900280,106912715420,12135382
20210604,272110,케이엔제이,KOSDAQ,중견기업부,16800,0,0.00,16650,17100,16450,67133,1130777150,124032854400,7382908
20210604,039420,케이엘넷,KOSDAQ,중견기업부,3920,170,4.53,3750,4420,3735,12556986,51970928935,94686541600,24154730
20210604,083550,케이엠,KOSDAQ,우량기업부,10550,-150,-1.40,10700,10750,10450,70980,748010350,113466452700,10755114
20210604,032500,케이엠더블유,KOSDAQ,우량기업부,55600,-100,-0.18,55300,56000,54300,323208,17942593600,2214041094800,39820883
20210604,225430,케이엠제약,KOSDAQ,중견기업부,3035,85,2.88,2950,3040,2930,846940,2546690870,84637196750,27887050
20210604,064820,케이프,KOSDAQ,벤처기업부,5540,20,0.36,5540,5590,5410,218834,1203947840,171195573120,30901728
20210604,347140,케이프이에스제4호,KOSDAQ,SPAC(소속부없음),2255,-60,-2.59,2360,2400,2240,413731,949395510,6785295000,3009000
20210604,256940,케이피에스,KOSDAQ,벤처기업부,17600,-400,-2.22,17850,17900,17400,45871,807220600,315026852800,17899253
20210604,024880,케이피에프,KOSDAQ,우량기업부,4995,0,0.00,4985,5010,4905,103039,511361690,88502658750,17718250
20210604,042040,케이피엠테크,KOSDAQ,중견기업부,3030,-40,-1.30,3015,3055,3005,1835052,5553065800,424849168410,140214247
20210604,054410,케이피티유,KOSDAQ,벤처기업부,12700,-300,-2.31,13050,13100,12550,106199,1355605400,64262000000,5060000
20210604,274090,켄코아에어로스페이스,KOSDAQ,기술성장기업부,15450,100,0.65,15150,15450,14950,240151,3648912950,182064159600,11784088
20210604,217600,켐온,KOSDAQ,중견기업부,3715,-35,-0.93,3740,3775,3700,569994,2117093885,237244878100,63861340
20210604,089010,켐트로닉스,KOSDAQ,우량기업부,25050,350,1.42,24900,25200,24500,138551,3443198600,372196832850,14858157
20210604,220260,켐트로스,KOSDAQ,벤처기업부,6480,-30,-0.46,6490,6510,6430,146294,945778060,172097829360,26558307
20210604,052400,코나아이,KOSDAQ,중견기업부,45100,-600,-1.31,45650,45650,44500,58528,2638505150,701716221800,15559118
20210604,033110,코너스톤네트웍스,KOSDAQ,관리종목(소속부없음),204,0,0.00,0,0,0,0,0,26473567764,129772391
20210604,046070,코다코,KOSDAQ,관리종목(소속부없음),1430,60,4.38,1380,1430,1355,446185,625825465,55861886080,39064256
20210604,047770,코데즈컴바인,KOSDAQ,중견기업부,2885,15,0.52,2870,2930,2835,549805,1589202360,109175906770,37842602
20210604,078940,코드네이처,KOSDAQ,중견기업부,1905,-15,-0.78,1920,1920,1860,32358,61158595,60978183225,32009545
20210604,080530,코디,KOSDAQ,중견기업부,2290,0,0.00,2290,2345,2250,150939,344126980,57451691750,25088075
20210604,224060,코디엠,KOSDAQ,중견기업부,279,8,2.95,273,288,268,15449851,4319827567,73442222946,263233774
20210604,078650,코렌,KOSDAQ,중견기업부,2570,310,13.72,2235,2660,2205,11343064,28206491710,177266708610,68975373
20210604,104540,코렌텍,KOSDAQ,기술성장기업부,16650,1350,8.82,15300,17900,15000,268969,4424215600,193918920300,11646782
20210604,027050,코리아나,KOSDAQ,중견기업부,5160,-40,-0.77,5200,5200,5120,366815,1889680030,206400000000,40000000
20210604,290510,코리아센터,KOSDAQ,우량기업부,8210,-100,-1.20,8250,8300,8210,359791,2962308360,625607229770,76200637
20210604,190650,코리아에셋투자증권,KOSDAQ,중견기업부,12500,50,0.40,12450,12650,12400,51380,640941550,79850000000,6388000
20210604,101670,코리아에스이,KOSDAQ,벤처기업부,1800,15,0.84,1765,1815,1740,479224,853716415,34020000000,18900000
20210604,123410,코리아에프티,KOSDAQ,우량기업부,4740,140,3.04,4585,4840,4490,2388927,11196408110,131966643360,27841064
20210604,036690,코맥스,KOSDAQ,우량기업부,8580,240,2.88,8370,8790,8260,9052215,77153361640,131165299980,15287331
20210604,049430,코메론,KOSDAQ,우량기업부,14550,0,0.00,14650,15000,14350,161453,2372091500,131648400000,9048000
20210604,183300,코미코,KOSDAQ,우량기업부,68100,-900,-1.30,68500,68500,67000,47255,3200039100,682392440700,10020447
20210604,041960,코미팜,KOSDAQ,벤처기업부,10400,-50,-0.48,10400,10500,10300,126316,1311940750,667533110400,64185876
20210604,089890,코세스,KOSDAQ,우량기업부,8840,-90,-1.01,8880,8910,8780,214729,1898176840,146611064080,16584962
20210604,009730,코센,KOSDAQ,관리종목(소속부없음),905,0,0.00,0,0,0,0,0,26398999325,29170165
20210604,082660,코스나인,KOSDAQ,투자주의환기종목(소속부없음),1290,-5,-0.39,1300,1330,1285,155557,202107440,48399521610,37519009
20210604,222040,코스맥스엔비티,KOSDAQ,중견기업부,11650,-350,-2.92,11900,11950,11600,387909,4544661950,240316200000,20628000
20210604,241710,코스메카코리아,KOSDAQ,우량기업부,18150,-300,-1.63,18300,18400,17850,221363,4005688800,193842000000,10680000
20210604,069110,코스온,KOSDAQ,투자주의환기종목(소속부없음),2630,0,0.00,0,0,0,0,0,62963935800,23940660
20210604,166480,코아스템,KOSDAQ,기술성장기업부,16400,-150,-0.91,16400,16550,16200,32772,536012950,257766016000,15717440
20210604,045970,코아시아,KOSDAQ,중견기업부,10550,-300,-2.76,10600,10700,10450,307224,3241904450,277621941800,26314876
20210604,196450,코아시아옵틱스,KOSDAQ,중견기업부,2485,-15,-0.60,2500,2515,2460,250957,621117950,102463075610,41232626
20210604,029960,코엔텍,KOSDAQ,우량기업부,9270,-20,-0.22,9290,9320,9240,187965,1742620830,463500000000,50000000
20210604,102940,코오롱생명과학,KOSDAQ,관리종목(소속부없음),24800,-100,-0.40,24900,25050,24650,27041,670435350,283026428800,11412356
20210604,950160,코오롱티슈진,KOSDAQ,투자주의환기종목(소속부없음),8010,0,0.00,0,0,0,0,0,489551575500,61117550
20210604,033290,코웰패션,KOSDAQ,우량기업부,6350,-50,-0.78,6360,6450,6280,386341,2456246520,561976485900,88500234
20210604,056360,코위버,KOSDAQ,우량기업부,9270,-80,-0.86,9350,9380,9250,34842,323786430,90816336000,9796800
20210604,282880,코윈테크,KOSDAQ,우량기업부,23900,-300,-1.24,24300,24300,23900,49868,1197277900,226453647200,9475048
20210604,121850,코이즈,KOSDAQ,벤처기업부,4810,-70,-1.43,4880,4930,4770,103356,497729780,74551507940,15499274
20210604,015710,코콤,KOSDAQ,우량기업부,9530,-290,-2.95,9630,9680,9340,1706334,16219252010,167065665000,17530500
20210604,052330,코텍,KOSDAQ,우량기업부,11950,-250,-2.05,12200,12200,11900,76253,914375950,186115896400,15574552
20210604,322780,코퍼스코리아,KOSDAQ,벤처기업부,2910,-95,-3.16,2965,2980,2895,362796,1058756450,99829511340,34305674
20210604,126600,코프라,KOSDAQ,우량기업부,6440,130,2.06,6320,6520,6250,512645,3289529630,135984682960,21115634
20210604,200130,콜마비앤에이치,KOSDAQ,우량기업부,51200,-600,-1.16,51500,51700,51000,175148,8991232900,1512630169600,29543558
20210604,294570,쿠콘,KOSDAQ,벤처기업부,60100,-300,-0.50,60000,60600,59400,28995,1737816300,477544863800,7945838
20210604,317690,퀀타매트릭스,KOSDAQ,기술성장기업부,13400,0,0.00,13400,13450,13300,33732,450871050,199294501600,14872724
20210604,060280,큐렉소,KOSDAQ,중견기업부,9900,-100,-1.00,10100,10100,9840,177282,1757941190,331030428300,33437417
20210604,040350,큐로컴,KOSDAQ,벤처기업부,1305,0,0.00,1315,1315,1280,414212,535178185,155904290145,119466889
20210604,051780,큐로홀딩스,KOSDAQ,중견기업부,575,-23,-3.85,590,594,575,617757,359778976,69345457125,120600795
20210604,115180,큐리언트,KOSDAQ,기술성장기업부,30300,0,0.00,0,0,0,0,0,269168898600,8883462
20210604,043090,큐브앤컴퍼니,KOSDAQ,투자주의환기종목(소속부없음),2090,75,3.72,2000,2125,2000,593352,1228741255,68113754170,32590313
20210604,182360,큐브엔터,KOSDAQ,중견기업부,4445,20,0.45,4440,4510,4380,524791,2333856860,153436234910,34518838
20210604,066310,큐에스아이,KOSDAQ,벤처기업부,15900,350,2.25,15550,16400,15550,62414,1004152750,131623857000,8278230
20210604,016600,큐캐피탈,KOSDAQ,벤처기업부,712,11,1.57,701,724,692,4876736,3482300016,119546169176,167901923
20210604,043590,크로바하이텍,KOSDAQ,투자주의환기종목(소속부없음),2485,0,0.00,0,0,0,0,0,73965137855,29764643
20210604,114120,크루셜텍,KOSDAQ,관리종목(소속부없음),1525,120,8.54,1395,1660,1375,3546543,5490217155,31966005375,20961315
20210604,110790,크리스에프앤씨,KOSDAQ,우량기업부,32700,-250,-0.76,32950,33200,32550,37762,1234940800,383096196000,11715480
20210604,900250,크리스탈신소재,KOSDAQ,외국기업(소속부없음),1640,-15,-0.91,1655,1665,1635,533374,876683280,111165517280,67783852
20210604,083790,크리스탈지노믹스,KOSDAQ,기술성장기업부,8280,80,0.98,8150,8320,8050,998144,8173270100,573360904080,69246486
20210604,045520,크린앤사이언스,KOSDAQ,우량기업부,23400,-100,-0.43,23650,23650,23250,13932,325353500,152100000000,6500000
20210604,036170,클라우드에어,KOSDAQ,중견기업부,2440,35,1.46,2530,2635,2360,60100242,148444050840,136718794920,56032293
20210604,214150,클래시스,KOSDAQ,우량기업부,15050,-100,-0.66,15100,15250,14950,237760,3585013050,973988803200,64716864
20210604,352770,클리노믹스,KOSDAQ,기술성장기업부,15200,100,0.66,15150,15250,14650,166792,2481255400,202390143200,13315141
20210604,237880,클리오,KOSDAQ,우량기업부,27400,50,0.18,27000,27900,26450,350487,9549721900,474904499400,17332281
20210604,139670,키네마스터,KOSDAQ,벤처기업부,19900,800,4.19,18950,20000,18800,461629,9032883900,269571509300,13546307
20210604,311270,키움제5호스팩,KOSDAQ,SPAC(소속부없음),2155,-25,-1.15,2190,2215,2150,314653,681878505,7758000000,3600000
20210604,054780,키이스트,KOSDAQ,중견기업부,14650,-350,-2.33,14900,15000,14550,175563,2584016800,258985659300,17678202
20210604,219130,타이거일렉,KOSDAQ,중견기업부,15600,0,0.00,15600,15700,15000,51219,786892400,98502924000,6314290
20210604,065130,탑엔지니어링,KOSDAQ,우량기업부,9150,0,0.00,9150,9180,9090,43234,394553910,146182751550,15976257
20210604,023160,태광,KOSDAQ,우량기업부,11700,50,0.43,11550,11950,11400,167537,1963653700,310050000000,26500000
20210604,053620,태양,KOSDAQ,우량기업부,11400,-150,-1.30,11550,11550,11250,12182,138334050,98040000000,8600000
20210604,044490,태웅,KOSDAQ,관리종목(소속부없음),12500,0,0.00,0,0,0,0,0,250092262500,20007381
20210604,124560,태웅로직스,KOSDAQ,우량기업부,9480,-70,-0.73,9530,9640,9370,411453,3902121540,185208788160,19536792
20210604,191420,테고사이언스,KOSDAQ,벤처기업부,25800,-200,-0.77,25900,26100,25700,20312,524824150,209207917200,8108834
20210604,073640,테라사이언스,KOSDAQ,중견기업부,2050,-15,-0.73,2050,2090,2020,196783,400808685,141228007550,68891711
20210604,182690,테라셈,KOSDAQ,투자주의환기종목(소속부없음),1440,0,0.00,0,0,0,0,0,30474933120,21163148
20210604,066700,테라젠이텍스,KOSDAQ,우량기업부,8470,-60,-0.70,8510,8530,8430,182700,1548804340,274973764450,32464435
20210604,095610,테스,KOSDAQ,우량기업부,31500,-300,-0.94,31600,31600,31050,318374,9982857500,622699119000,19768226
20210604,131970,테스나,KOSDAQ,우량기업부,46500,-200,-0.43,46300,46650,45700,124185,5731925650,686320330500,14759577
20210604,089030,테크윙,KOSDAQ,우량기업부,26450,150,0.57,26050,26450,25750,245578,6422409000,512822333600,19388368
20210604,054450,텔레칩스,KOSDAQ,벤처기업부,18850,-450,-2.33,19300,19400,18800,479997,9105927650,254586422350,13505911
20210604,091440,텔레필드,KOSDAQ,벤처기업부,4045,5,0.12,4060,4110,4020,62173,252355560,37116414375,9175875
20210604,200230,텔콘RF제약,KOSDAQ,중견기업부,4725,-35,-0.74,4720,4830,4715,453425,2152805100,413480081700,87509012
20210604,215480,토박스코리아,KOSDAQ,중견기업부,1825,-15,-0.82,1835,1840,1795,2514765,4563706330,87736489925,48074789
20210604,051360,토비스,KOSDAQ,우량기업부,9300,-100,-1.06,9430,9430,9170,266773,2475694050,155468639400,16717058
20210604,045340,토탈소프트,KOSDAQ,벤처기업부,21250,300,1.43,21150,22200,21000,405947,8754121000,181858350000,8558040
20210604,108230,톱텍,KOSDAQ,우량기업부,11850,-50,-0.42,11850,11900,11750,142994,1690990050,450575453250,38023245
20210604,079970,투비소프트,KOSDAQ,벤처기업부,2465,35,1.44,2370,2470,2340,885558,2142853125,91484841590,37113526
20210604,105550,트루윈,KOSDAQ,벤처기업부,7340,290,4.11,7050,7970,7050,2996004,21685497370,135563700460,18469169
20210604,026150,특수건설,KOSDAQ,중견기업부,15250,-150,-0.97,15500,15500,14900,1118804,16999275150,238292321500,15625726
20210604,322180,티라유텍,KOSDAQ,벤처기업부,15050,-100,-0.66,15200,15350,14950,33970,513970750,81777937500,5433750
20210604,117730,티로보틱스,KOSDAQ,벤처기업부,8770,-120,-1.35,8850,8870,8730,152823,1339946870,119195490520,13591276
20210604,033830,티비씨,KOSDAQ,중견기업부,1680,-55,-3.17,1740,1750,1655,3318403,5594625860,168000000000,100000000
20210604,057680,티사이언티픽,KOSDAQ,벤처기업부,3255,-30,-0.91,3285,3300,3240,177790,580944110,152998726335,47004217
20210604,064760,티씨케이,KOSDAQ,우량기업부,174400,-3300,-1.86,175000,176000,172100,29268,5058447000,2036120000000,11675000
20210604,246710,티앤알바이오팹,KOSDAQ,기술성장기업부,29700,50,0.17,29800,31500,29500,101126,3053177700,251617657500,8471975
20210604,340570,티앤엘,KOSDAQ,벤처기업부,61300,600,0.99,59800,62300,59800,42493,2601820400,249123200000,4064000
20210604,277880,티에스아이,KOSDAQ,기술성장기업부,10100,-100,-0.98,10200,10250,10000,171687,1733824300,187195723000,18534230
20210604,131290,티에스이,KOSDAQ,우량기업부,63700,-700,-1.09,64500,64800,63100,40166,2552027300,704613027300,11061429
20210604,356860,티엘비,KOSDAQ,중견기업부,40050,-400,-0.99,40400,40400,40000,10545,423076800,196898415750,4916315
20210604,062860,티엘아이,KOSDAQ,투자주의환기종목(소속부없음),9930,-10,-0.10,9960,10000,9820,28451,282220290,98036109600,9872720
20210604,321550,티움바이오,KOSDAQ,기술성장기업부,18400,100,0.55,18350,18750,18150,75793,1398330350,437624238400,23783926
20210604,104480,티케이케미칼,KOSDAQ,우량기업부,6270,140,2.28,6130,6410,6060,2782256,17560608210,569914371180,90895434
20210604,081150,티플랙스,KOSDAQ,중견기업부,4115,75,1.86,4020,4125,4010,1728922,7048632475,99864474230,24268402
20210604,130740,티피씨글로벌,KOSDAQ,중견기업부,4680,175,3.88,4500,4775,4490,303070,1418568020,52774857720,11276679
20210604,084730,팅크웨어,KOSDAQ,우량기업부,16350,650,4.14,15700,16450,15550,254988,4105981350,170459900700,10425682
20210604,046210,파나진,KOSDAQ,벤처기업부,5820,-50,-0.85,5900,5910,5770,74394,434645050,187035361200,32136660
20210604,034230,파라다이스,KOSDAQ,중견기업부,19100,-800,-4.02,19800,19800,18950,1808696,34768178400,1737005035200,90942672
20210604,033540,파라텍,KOSDAQ,중견기업부,2820,-40,-1.40,2835,2875,2810,273738,774991070,119735014500,42459225
20210604,043200,파루,KOSDAQ,관리종목(소속부없음),1360,30,2.26,1345,1385,1300,766096,1033679000,52748207920,38785447
20210604,214450,파마리서치,KOSDAQ,우량기업부,81400,-3600,-4.24,84500,85700,80600,140609,11616742300,823111102000,10111930
20210604,208340,파멥신,KOSDAQ,기술성장기업부,13500,-550,-3.91,14000,14050,13400,120790,1650035400,192280891500,14243029
20210604,177830,파버나인,KOSDAQ,벤처기업부,6340,90,1.44,6250,6380,6200,384425,2425489520,90019783360,14198704
20210604,037070,파세코,KOSDAQ,우량기업부,22300,400,1.83,22350,22500,22050,207404,4617961050,312200000000,14000000
20210604,150900,파수,KOSDAQ,벤처기업부,7940,230,2.98,7710,8090,7680,111978,893927780,88555558420,11153093
20210604,037030,파워넷,KOSDAQ,우량기업부,5650,50,0.89,5600,5690,5560,165757,935953020,93228921100,16500694
20210604,047310,파워로직스,KOSDAQ,우량기업부,8160,-50,-0.61,8190,8190,8120,180181,1467100140,280875213120,34420982
20210604,170790,파이오링크,KOSDAQ,벤처기업부,13600,50,0.37,13650,13700,13400,31036,421424050,93246088000,6856330
20210604,049120,파인디앤씨,KOSDAQ,중견기업부,2350,-15,-0.63,2375,2375,2305,227344,533049350,61945868400,26359944
20210604,038950,파인디지털,KOSDAQ,벤처기업부,7600,-60,-0.78,7720,7720,7480,150761,1145492220,77601814000,10210765
20210604,106240,파인테크닉스,KOSDAQ,벤처기업부,7250,100,1.40,7230,7360,7090,2812890,20372350620,323654753750,44642035
20210604,131760,파인텍,KOSDAQ,중견기업부,1525,0,0.00,1525,1535,1510,252658,383135530,65463359325,42926793
20210604,065690,파커스,KOSDAQ,중견기업부,3395,100,3.03,3295,3400,3270,59224,197460035,47406113055,13963509
20210604,140860,파크시스템스,KOSDAQ,기술성장기업부,143500,-1000,-0.69,142500,144400,140400,27220,3867981400,958760092500,6681255
20210604,091700,파트론,KOSDAQ,우량기업부,10600,50,0.47,10700,10800,10600,890383,9510692050,574057946000,54156410
20210604,038160,팍스넷,KOSDAQ,관리종목(소속부없음),862,0,0.00,0,0,0,0,0,10551204112,12240376
20210604,032800,판타지오,KOSDAQ,중견기업부,127,-1,-0.78,129,129,125,14749033,1864711074,50394699820,396808660
20210604,318010,팜스빌,KOSDAQ,벤처기업부,10350,0,0.00,10300,10350,10200,17242,176709500,82068648300,7929338
20210604,027710,팜스토리,KOSDAQ,우량기업부,2210,25,1.14,2185,2240,2170,3137743,6931180990,246230686000,111416600
20210604,225590,패션플랫폼,KOSDAQ,중견기업부,1690,-5,-0.29,1695,1715,1675,256442,433661860,45016044970,26636713
20210604,054300,팬스타엔터프라이즈,KOSDAQ,벤처기업부,1070,65,6.47,1010,1130,988,11468397,12162572793,57548545090,53783687
20210604,068050,팬엔터테인먼트,KOSDAQ,벤처기업부,7060,-510,-6.74,7280,7300,6970,1300177,9265257790,192370752920,27247982
20210604,222110,팬젠,KOSDAQ,기술성장기업부,10600,150,1.44,10600,10850,10400,102908,1089966050,102250578600,9646281
20210604,263750,펄어비스,KOSDAQ,우량기업부,57400,-800,-1.37,58200,58600,57400,145977,8425792200,3801114100000,66221500
20210604,251970,펌텍코리아,KOSDAQ,우량기업부,22800,250,1.11,22300,22950,22000,37448,842187500,282720000000,12400000
20210604,087010,펩트론,KOSDAQ,기술성장기업부,13000,-50,-0.38,13200,13250,12950,64741,843233200,268149089000,20626853
20210604,119500,포메탈,KOSDAQ,중견기업부,5270,170,3.33,5120,5290,5010,327071,1704582800,62434912640,11847232
20210604,022100,포스코 ICT,KOSDAQ,우량기업부,8380,150,1.82,8230,8440,8180,2322864,19367258070,1274051029020,152034729
20210604,009520,포스코엠텍,KOSDAQ,우량기업부,9370,-70,-0.74,9450,9490,9360,1082304,10181189110,390192127110,41642703
20210604,189690,포시에스,KOSDAQ,벤처기업부,8960,-200,-2.18,9080,9170,8950,98846,892120840,74015074560,8260611
20210604,318020,포인트모바일,KOSDAQ,벤처기업부,21000,-100,-0.47,20850,21100,20800,54560,1139413000,265907712000,12662272
20210604,256630,포인트엔지니어링,KOSDAQ,우량기업부,3895,5,0.13,3875,3895,3820,354974,1367446275,222561515240,57140312
20210604,141020,포티스,KOSDAQ,투자주의환기종목(소속부없음),108,0,0.00,0,0,0,0,0,18839533608,174440126
20210604,041020,폴라리스오피스,KOSDAQ,벤처기업부,2105,-20,-0.94,2125,2145,2095,112203,236666850,78859951800,37463160
20210604,123010,폴라리스웍스,KOSDAQ,기술성장기업부,2010,-15,-0.74,2025,2030,1995,153649,308103415,99668746410,49586441
20210604,290720,푸드나무,KOSDAQ,우량기업부,26300,-100,-0.38,26400,26600,26150,9008,236700750,178998694200,6806034
20210604,005670,푸드웰,KOSDAQ,우량기업부,8010,-30,-0.37,8030,8040,7880,108624,865974070,80100000000,10000000
20210604,094940,푸른기술,KOSDAQ,벤처기업부,13850,100,0.73,13700,14050,13550,341803,4725200300,115805196100,8361386
20210604,007330,푸른저축은행,KOSDAQ,우량기업부,20100,-1100,-5.19,20900,21400,19900,303495,6234380900,303164280000,15082800
20210604,093380,풍강,KOSDAQ,중견기업부,5150,50,0.98,5130,5160,5020,394708,2011507600,50878461950,9879313
20210604,023900,풍국주정,KOSDAQ,중견기업부,19700,-100,-0.51,19800,19800,19550,32891,647257050,248220000000,12600000
20210604,195440,퓨전,KOSDAQ,투자주의환기종목(소속부없음),368,35,10.51,300,511,270,4837554,1819857759,1522045056,4135992
20210604,214270,퓨쳐스트림네트웍스,KOSDAQ,중견기업부,1255,-25,-1.95,1280,1280,1245,1732089,2180309280,156495631070,124697714
20210604,220100,퓨쳐켐,KOSDAQ,기술성장기업부,15650,550,3.64,15150,15650,15050,120077,1853548450,213559446150,13645971
20210604,035200,프럼파스트,KOSDAQ,벤처기업부,9000,330,3.81,8420,9450,8320,3451196,30931954120,87575310000,9730590
20210604,334970,프레스티지바이오로직스,KOSDAQ,기술성장기업부,14150,50,0.35,14150,14250,13900,239656,3370944000,634845636400,44865416
20210604,203690,프로스테믹스,KOSDAQ,벤처기업부,3260,30,0.93,3230,3295,3210,111898,363883390,149167650480,45756948
20210604,053610,프로텍,KOSDAQ,우량기업부,27600,0,0.00,27600,27750,27250,29394,805919400,303600000000,11000000
20210604,335810,프리시젼바이오,KOSDAQ,기술성장기업부,16650,-200,-1.19,17000,17000,16550,67544,1125795450,187210035900,11243846
20210604,053160,프리엠스,KOSDAQ,중견기업부,27000,400,1.50,27800,27800,26600,162598,4417521400,162000000000,6000000
20210604,075130,플랜티넷,KOSDAQ,벤처기업부,8480,610,7.75,7740,9060,7690,2586394,21759024020,75980800000,8960000
20210604,237820,플레이디,KOSDAQ,중견기업부,10300,0,0.00,10300,10400,10050,57598,589145750,132119542000,12827140
20210604,023770,플레이위드,KOSDAQ,벤처기업부,10950,-1500,-12.05,12650,13500,10950,2075333,25348310800,95303642550,8703529
20210604,300080,플리토,KOSDAQ,기술성장기업부,22100,-650,-2.86,22800,22800,22000,40290,895988550,115136823100,5209811
20210604,032580,피델릭스,KOSDAQ,벤처기업부,1600,0,0.00,1585,1605,1570,240898,383499085,53011302400,33132064
20210604,051380,피씨디렉트,KOSDAQ,중견기업부,11350,0,0.00,11350,11550,11300,40528,461521450,87037883600,7668536
20210604,241820,피씨엘,KOSDAQ,기술성장기업부,53800,1200,2.28,52600,57600,51500,303014,16582283700,542809558600,10089397
20210604,237750,피앤씨테크,KOSDAQ,중견기업부,8270,140,1.72,8130,8800,7800,463379,3786734800,53726882000,6496600
20210604,024850,피에스엠씨,KOSDAQ,중견기업부,2480,30,1.22,2440,2530,2425,930272,2309335655,100622592480,40573626
20210604,319660,피에스케이,KOSDAQ,중견기업부,44400,-850,-1.88,44750,44850,44150,171717,7622382300,655566888000,14765020
20210604,031980,피에스케이홀딩스,KOSDAQ,중견기업부,12800,-50,-0.39,12750,12950,12300,178355,2251377700,275998656000,21562395
20210604,002230,피에스텍,KOSDAQ,중견기업부,5860,40,0.69,5780,5870,5750,67005,389291760,115261763980,19669243
20210604,057880,피에이치씨,KOSDAQ,중견기업부,1545,10,0.65,1535,1555,1510,569603,872000000,121585616640,78696192
20210604,043370,피에이치에이,KOSDAQ,우량기업부,13150,600,4.78,12700,13300,12500,590406,7672763600,276150000000,21000000
20210604,239890,피엔에이치테크,KOSDAQ,기술성장기업부,33400,-150,-0.45,32950,33600,32200,88233,2905598300,150834934400,4516016
20210604,347740,피엔케이피부임상연구센타,KOSDAQ,벤처기업부,22250,-550,-2.41,22550,22700,22150,52217,1169474400,166933829000,7502644
20210604,137400,피엔티,KOSDAQ,우량기업부,22350,-250,-1.11,22350,22650,22200,117243,2619447850,508265775300,22741198
20210604,128660,피제이메탈,KOSDAQ,중견기업부,4105,-30,-0.73,4145,4150,4030,555064,2268585225,101817829745,24803369
20210604,006140,피제이전자,KOSDAQ,우량기업부,8060,-40,-0.49,8100,8100,8030,9185,74031960,120900000000,15000000
20210604,304840,피플바이오,KOSDAQ,기술성장기업부,24000,-950,-3.81,23800,24400,23350,316426,7546978250,269878560000,11244940
20210604,062970,피피아이,KOSDAQ,벤처기업부,6930,-140,-1.98,7060,7070,6870,298185,2068739080,64505722050,9308185
20210604,087600,픽셀플러스,KOSDAQ,중견기업부,7430,-110,-1.46,7540,7580,7330,9359,69346320,60677525940,8166558
20210604,161580,필옵틱스,KOSDAQ,벤처기업부,11600,-50,-0.43,11500,11600,11450,42250,487457650,239893858000,20680505
20210604,347770,핌스,KOSDAQ,벤처기업부,21100,600,2.93,20650,21500,20600,172454,3640852250,158416078100,7507871
20210604,163730,핑거,KOSDAQ,벤처기업부,19900,350,1.79,19750,20500,19500,299879,6019938900,183856378600,9239014
20210604,332710,하나금융14호스팩,KOSDAQ,SPAC(소속부없음),2120,-45,-2.08,2130,2160,2115,119849,255408295,9349200000,4410000
20210604,341160,하나금융15호스팩,KOSDAQ,SPAC(소속부없음),2140,-15,-0.70,2145,2160,2125,49885,106562980,10079400000,4710000
20210604,343510,하나금융16호스팩,KOSDAQ,SPAC(소속부없음),2135,-15,-0.70,2145,2160,2130,86602,185256350,8561350000,4010000
20210604,363260,하나금융17호스팩,KOSDAQ,SPAC(소속부없음),2110,-40,-1.86,2165,2165,2105,242366,514242620,14369100000,6810000
20210604,299030,하나기술,KOSDAQ,벤처기업부,63300,2000,3.26,63100,65000,63100,291684,18677502600,460804820100,7279697
20210604,067310,하나마이크론,KOSDAQ,중견기업부,14500,50,0.35,14300,14500,14100,472174,6755714450,463055745500,31934879
20210604,372290,하나머스트7호스팩,KOSDAQ,SPAC(소속부없음),2275,-250,-9.90,2430,2460,2225,1948828,4565107930,9791600000,4304000
20210604,307160,하나머스트제6호스팩,KOSDAQ,관리종목(소속부없음),2130,-35,-1.62,2165,2165,2105,350445,774195035,9776700000,4590000
20210604,166090,하나머티리얼즈,KOSDAQ,우량기업부,46200,100,0.22,45400,46400,44750,94396,4295410000,906937138800,19630674
20210604,136480,하림,KOSDAQ,중견기업부,3315,40,1.22,3310,3395,3310,4837100,16225930450,352085162130,106209702
20210604,003380,하림지주,KOSDAQ,우량기업부,10650,-50,-0.47,10700,10750,10550,274789,2923711500,983440383000,92341820
20210604,149980,하이로닉,KOSDAQ,중견기업부,6740,80,1.20,6720,6770,6500,177008,1178315650,95033966300,14099995
20210604,013030,하이록코리아,KOSDAQ,우량기업부,18750,50,0.27,18650,18850,18450,54285,1015211200,255248100000,13613232
20210604,126700,하이비젼시스템,KOSDAQ,우량기업부,15100,-200,-1.31,15200,15300,15000,181582,2745597900,225625891200,14942112
20210604,106080,하이소닉,KOSDAQ,관리종목(소속부없음),3110,0,0.00,0,0,0,0,0,67129875590,21585169
20210604,340120,하이제5호스팩,KOSDAQ,SPAC(소속부없음),2190,-20,-0.90,2210,2270,2155,536775,1170571080,10993800000,5020000
20210604,377400,하이제6호스팩,KOSDAQ,SPAC(소속부없음),2700,-230,-7.85,2825,2900,2640,799490,2201738305,14600250000,5407500
20210604,221840,하이즈항공,KOSDAQ,중견기업부,6200,80,1.31,6040,6240,6040,191189,1176574760,109716235400,17696167
20210604,106190,하이텍팜,KOSDAQ,중견기업부,16000,450,2.89,15600,16050,15450,11298,178706100,113420512000,7088782
20210604,066130,하츠,KOSDAQ,우량기업부,12200,300,2.52,11850,12300,11800,460114,5565476850,156160000000,12800000
20210604,368770,한국9호스팩,KOSDAQ,SPAC(소속부없음),2240,-80,-3.45,2430,2670,2235,3292535,8055318975,10774400000,4810000
20210604,004590,한국가구,KOSDAQ,중견기업부,7480,-50,-0.66,7390,7570,7270,757401,5637227910,112200000000,15000000
20210604,039340,한국경제TV,KOSDAQ,우량기업부,7960,-60,-0.75,8020,8160,7940,103516,830323010,183080000000,23000000
20210604,034950,한국기업평가,KOSDAQ,우량기업부,86100,-300,-0.35,87300,87300,86000,4735,408060500,390938255400,4540514
20210604,222980,한국맥널티,KOSDAQ,벤처기업부,12000,50,0.42,12000,12400,11750,1415056,17111757250,126417540000,10534795
20210604,318000,한국바이오젠,KOSDAQ,벤처기업부,8580,-60,-0.69,8640,8640,8440,43891,374005850,70157158500,8176825
20210604,256840,한국비엔씨,KOSDAQ,벤처기업부,8020,-80,-0.99,8190,8200,7900,1605883,12886647640,413283720720,51531636
20210604,025550,한국선재,KOSDAQ,우량기업부,5270,-50,-0.94,5270,5350,5180,1286328,6763069410,129232278580,24522254
20210604,017890,한국알콜,KOSDAQ,우량기업부,14800,0,0.00,14800,15000,14700,164730,2442812400,319765248000,21605760
20210604,080720,한국유니온제약,KOSDAQ,벤처기업부,15450,-100,-0.64,15600,15800,15250,65932,1026434550,122112597600,7903728
20210604,063570,한국전자금융,KOSDAQ,우량기업부,7520,0,0.00,7470,7710,7450,615824,4678243980,256790914560,34147728
20210604,041460,한국전자인증,KOSDAQ,중견기업부,10150,-50,-0.49,10400,10950,10050,8391095,87605946250,217811377350,21459249
20210604,101680,한국정밀기계,KOSDAQ,관리종목(소속부없음),1440,0,0.00,0,0,0,0,0,12101760000,8404000
20210604,039740,한국정보공학,KOSDAQ,중견기업부,4410,-25,-0.56,4415,4595,4355,143879,644951930,35361130770,8018397
20210604,053300,한국정보인증,KOSDAQ,중견기업부,7660,460,6.39,7180,8460,7140,18478894,146979218030,238723900000,31165000
20210604,025770,한국정보통신,KOSDAQ,우량기업부,9230,-10,-0.11,9250,9390,9170,80541,748836400,345610621330,37444271
20210604,310870,한국제8호스팩,KOSDAQ,SPAC(소속부없음),2320,-45,-1.90,2590,2845,2305,5131981,13265585590,7934400000,3420000
20210604,023760,한국캐피탈,KOSDAQ,우량기업부,894,8,0.90,886,905,870,894841,798509833,282154960944,315609576
20210604,054040,한국컴퓨터,KOSDAQ,중견기업부,5920,-110,-1.82,6030,6180,5900,956169,5762436730,95142036800,16071290
20210604,050540,한국코퍼레이션,KOSDAQ,투자주의환기종목(소속부없음),282,0,0.00,0,0,0,0,0,14321537226,50785593
20210604,021650,한국큐빅,KOSDAQ,중견기업부,5320,30,0.57,5340,5400,5180,354316,1882531770,86984995160,16350563
20210604,053590,한국테크놀로지,KOSDAQ,벤처기업부,1540,-5,-0.32,1550,1560,1505,1895002,2877574040,190895045880,123957822
20210604,032300,한국파마,KOSDAQ,우량기업부,46550,3000,6.89,44300,48750,43700,695640,32653712550,507706931550,10906701
20210604,037230,한국팩키지,KOSDAQ,중견기업부,5480,30,0.55,5460,5520,5360,202327,1104070990,137000000000,25000000
20210604,030520,한글과컴퓨터,KOSDAQ,우량기업부,21150,1250,6.28,20400,21400,20300,1401146,29304208450,524057999400,24778156
20210604,052600,한네트,KOSDAQ,중견기업부,10400,0,0.00,10350,10700,10250,406595,4256884400,120262480000,11563700
20210604,256150,한독크린텍,KOSDAQ,벤처기업부,16050,-100,-0.62,16100,16100,15850,73060,1166738850,131321100000,8182000
20210604,092460,한라IMS,KOSDAQ,벤처기업부,9150,-210,-2.24,9300,9300,9040,168141,1535278280,107466548700,11744978
20210604,047080,한빛소프트,KOSDAQ,중견기업부,6480,-170,-2.56,6640,6640,6450,593970,3867441820,160573337280,24779836
20210604,070590,한솔인티큐브,KOSDAQ,중견기업부,3600,90,2.56,3525,3645,3500,223111,798609690,49966275600,13879521
20210604,226440,한송네오텍,KOSDAQ,벤처기업부,1700,10,0.59,1690,1710,1675,483807,819443425,91469418000,53805540
20210604,042520,한스바이오메드,KOSDAQ,벤처기업부,14250,100,0.71,14150,14250,14000,61049,862354900,143967479250,10102981
20210604,078350,한양디지텍,KOSDAQ,벤처기업부,6170,250,4.22,5910,6170,5700,445272,2632168220,88587983860,14357858
20210604,045100,한양이엔지,KOSDAQ,우량기업부,18550,-100,-0.54,18550,18700,18300,162023,2997481050,333900000000,18000000
20210604,046110,한일네트웍스,KOSDAQ,우량기업부,7100,1000,16.39,6100,7930,6100,10576022,77504052440,84875011700,11954227
20210604,024740,한일단조,KOSDAQ,중견기업부,2925,70,2.45,2855,2965,2795,5786671,16837682650,87432134400,29891328
20210604,005860,한일사료,KOSDAQ,중견기업부,2625,70,2.74,2540,2670,2525,6053464,15860085480,103434673125,39403685
20210604,123840,한일진공,KOSDAQ,중견기업부,1295,-35,-2.63,1325,1325,1290,1006875,1307317730,101406240215,78305977
20210604,007770,한일화학,KOSDAQ,중견기업부,17650,0,0.00,17600,18100,17500,28628,509739700,61951500000,3510000
20210604,079170,한창산업,KOSDAQ,중견기업부,8990,-10,-0.11,9000,9100,8990,18668,168150180,46748000000,5200000
20210604,086960,한컴MDS,KOSDAQ,우량기업부,17050,650,3.96,16500,17350,16400,426153,7255191400,150527766400,8828608
20210604,054920,한컴위드,KOSDAQ,벤처기업부,10950,250,2.34,10900,10950,10650,307808,3335487000,308977036950,28217081
20210604,002680,한탑,KOSDAQ,투자주의환기종목(소속부없음),1835,10,0.55,1815,1845,1805,250992,459202225,51875427980,28269988
20210604,066110,한프,KOSDAQ,투자주의환기종목(소속부없음),1130,0,0.00,0,0,0,0,0,86834027360,76844272
20210604,317320,한화에스비아이스팩,KOSDAQ,SPAC(소속부없음),3920,-145,-3.57,4000,4055,3920,408837,1620296450,17091200000,4360000
20210604,340440,한화플러스제1호스팩,KOSDAQ,SPAC(소속부없음),2145,0,0.00,0,0,0,0,0,10102950000,4710000
20210604,034810,해성산업,KOSDAQ,우량기업부,15650,-300,-1.88,15850,15950,15600,132861,2091548700,412476063700,26356298
20210604,076610,해성옵틱스,KOSDAQ,중견기업부,1220,281,29.93,1035,1220,1025,4676320,5655779480,50776093780,41619749
20210604,059270,해성티피씨,KOSDAQ,기술성장기업부,18600,-100,-0.53,18700,18950,18500,11414,213276700,86118000000,4630000
20210604,220180,핸디소프트,KOSDAQ,벤처기업부,4810,-80,-1.64,4925,4925,4785,31349,150991230,93352480000,19408000
20210604,008800,행남사,KOSDAQ,투자주의환기종목(소속부없음),66,-2,-2.94,60,75,60,14887170,1012935504,3011470704,45628344
20210604,900270,헝셩그룹,KOSDAQ,외국기업(소속부없음),653,1,0.15,649,661,640,3442136,2239313518,52240000000,80000000
20210604,084990,헬릭스미스,KOSDAQ,기술성장기업부,30850,-500,-1.59,31250,31400,30500,153832,4731502550,1057097276900,34265714
20210604,170030,현대공업,KOSDAQ,우량기업부,9480,210,2.27,9300,9640,9250,801317,7598385710,145423200000,15340000
20210604,319400,현대무벡스,KOSDAQ,우량기업부,5350,-10,-0.19,5330,5410,5270,200243,1068328200,544214433400,101722324
20210604,048410,현대바이오,KOSDAQ,중견기업부,35500,150,0.42,35450,36400,35450,749176,26825203550,1296505333500,36521277
20210604,052260,현대바이오랜드,KOSDAQ,우량기업부,23750,-50,-0.21,23950,23950,23550,120356,2851046100,356250000000,15000000
20210604,016790,현대사료,KOSDAQ,중견기업부,18750,600,3.31,18250,18850,18000,173247,3219162400,115321612500,6150486
20210604,041440,현대에버다임,KOSDAQ,중견기업부,6350,30,0.47,6290,6450,6280,167759,1066467160,113766244400,17915944
20210604,039010,현대에이치티,KOSDAQ,우량기업부,10250,-150,-1.44,10400,10400,10100,60167,612870400,88406250000,8625000
20210604,090850,현대이지웰,KOSDAQ,우량기업부,10650,-100,-0.93,10750,10850,10600,166245,1780955200,252898744650,23746361
20210604,092300,현우산업,KOSDAQ,우량기업부,6440,-90,-1.38,6450,6510,6340,1156572,7411503790,99658214320,15474878
20210604,053660,현진소재,KOSDAQ,관리종목(소속부없음),400,0,0.00,0,0,0,0,0,21280401200,53201003
20210604,011080,형지I&C,KOSDAQ,중견기업부,1865,-25,-1.32,1935,1975,1825,1789917,3427945220,72652320820,38955668
20210604,060560,홈센타홀딩스,KOSDAQ,중견기업부,1210,-5,-0.41,1215,1240,1200,1959316,2389937480,154480125250,127669525
20210604,064240,홈캐스트,KOSDAQ,중견기업부,3030,-25,-0.82,3055,3060,3005,22393,67833310,100277110680,33094756
20210604,039610,화성밸브,KOSDAQ,중견기업부,8900,240,2.77,8700,8940,8530,199776,1756358810,92652560000,10410400
20210604,126640,화신정공,KOSDAQ,우량기업부,2205,0,0.00,2210,2235,2170,4310098,9515356030,80204420835,36373887
20210604,061250,화일약품,KOSDAQ,우량기업부,4070,50,1.24,4020,4085,4005,605016,2451226930,267128560710,65633553
20210604,097870,효성오앤비,KOSDAQ,중견기업부,12850,-750,-5.51,13500,13550,12800,891804,11648896350,109096500000,8490000
20210604,050090,휘닉스소재,KOSDAQ,중견기업부,1275,-40,-3.04,1305,1315,1265,1976599,2545571775,100902151050,79138942
20210604,290270,휴네시온,KOSDAQ,벤처기업부,6580,100,1.54,6480,7050,6390,1150490,7793376860,63218481760,9607672
20210604,090710,휴림로봇,KOSDAQ,중견기업부,1075,25,2.38,1050,1075,1030,2613626,2754774210,119295879325,110972911
20210604,205470,휴마시스,KOSDAQ,기술성장기업부,12500,-600,-4.58,13000,13000,12500,1372108,17336299200,427797687500,34223815
20210604,115160,휴맥스,KOSDAQ,중견기업부,4850,0,0.00,4850,4860,4725,325545,1556383320,142330864500,29346570
20210604,028080,휴맥스홀딩스,KOSDAQ,중견기업부,4350,-55,-1.25,4440,4450,4330,69671,305999095,54712151100,12577506
20210604,032860,휴먼엔,KOSDAQ,중견기업부,9420,250,2.73,9150,9570,9050,444657,4144824400,168960577140,17936367
20210604,200670,휴메딕스,KOSDAQ,우량기업부,37150,2250,6.45,34450,38700,34450,669018,25057821700,370429857100,9971194
20210604,065510,휴비츠,KOSDAQ,우량기업부,10150,-50,-0.49,10200,10250,10000,92579,936198100,120611140650,11882871
20210604,243070,휴온스,KOSDAQ,우량기업부,62200,600,0.97,61700,62900,61600,100118,6226064800,675471536200,10859671
20210604,084110,휴온스글로벌,KOSDAQ,우량기업부,68100,2000,3.03,66200,69500,65900,333415,22694976300,819262680900,12030289
20210604,263920,휴온스블러썸,KOSDAQ,관리종목(소속부없음),4555,0,0.00,0,0,0,0,0,223400585370,49045134
20210604,145020,휴젤,KOSDAQ,우량기업부,218900,12900,6.26,205200,221300,205000,177365,38489891200,2733066099500,12485455
20210604,024060,흥구석유,KOSDAQ,우량기업부,8670,-210,-2.36,8780,8860,8620,583182,5065368630,130050000000,15000000
20210604,010240,흥국,KOSDAQ,우량기업부,9740,140,1.46,9540,9770,9530,262315,2542920590,120023059040,12322696
20210604,189980,흥국에프엔비,KOSDAQ,중견기업부,3930,-60,-1.50,3990,3990,3915,348161,1369134070,150861409110,38387127
20210604,037440,희림,KOSDAQ,중견기업부,10550,-300,-2.76,10700,11100,10300,1705800,18130469950,146882111250,13922475
20210604,238490,힘스,KOSDAQ,우량기업부,11750,200,1.73,11550,11750,11450,86093,1000769050,132918773000,11312236
