BAS_DD,ISU_CD,ISU_NM,MKT_NM,SECT_TP_NM,TDD_CLSPRC,CMPPREVDD_PRC,FLUC_RT,TDD_OPNPRC,TDD_HGPRC,TDD_LWPRC,ACC_TRDVOL,ACC_TRDVAL,MKTCAP,LIST_SHRS
20181008,095570,AJ네트웍스,KOSPI,,5900,-150,-2.48,5910,6000,5840,45885,270557820,276251540500,46822295
20181008,068400,AJ렌터카,KOSPI,,14750,1050,7.66,13800,14950,13550,765963,10968637800,326657925000,22146300
20181008,006840,AK홀딩스,KOSPI,,55400,-200,-0.36,55600,56100,54900,17755,983116100,733914879400,13247561
20181008,027410,BGF,KOSPI,,8720,-300,-3.33,8930,9010,8660,373907,3275467870,831619240880,95369179
20181008,282330,BGF리테일,KOSPI,,201000,1000,0.50,202000,203000,200000,32698,6593153750,3474065106000,17283906
20181008,138930,BNK금융지주,KOSPI,,8700,80,0.93,8630,8780,8620,674737,5887361190,2835636640200,325935246
20181008,001460,BYC,KOSPI,,259000,-5000,-1.89,264000,264000,257000,90,23390500,161775285000,624615
20181008,001465,BYC우,KOSPI,,125000,500,0.40,124500,125000,123500,63,7816500,26923125000,215385
20181008,001040,CJ,KOSPI,,132000,-500,-0.38,132500,133500,132000,45724,6064646500,3851363736000,29176998
20181008,079160,CJ CGV,KOSPI,,45750,-900,-1.93,46650,46950,45700,169631,7818225750,968130069750,21161313
20181008,000120,CJ대한통운,KOSPI,,153000,-500,-0.33,153500,156000,151500,32164,4965590000,3490288632000,22812344
20181008,011150,CJ씨푸드,KOSPI,,2670,-20,-0.74,2740,2745,2650,100324,269844365,95935163910,35930773
20181008,011155,CJ씨푸드1우,KOSPI,,28250,50,0.18,27800,28450,27800,1411,39560600,5650000000,200000
20181008,001045,CJ우,KOSPI,,60500,-200,-0.33,60700,60700,60100,641,38673400,136743491500,2260223
20181008,097950,CJ제일제당,KOSPI,,330000,3000,0.92,328500,331000,327000,30401,10024042500,4967881380000,15054186
20181008,097955,CJ제일제당 우,KOSPI,,126500,0,0.00,126500,127000,125000,1709,215276500,167920274500,1327433
20181008,037560,CJ헬로,KOSPI,,9720,-20,-0.21,9650,9780,9560,176867,1709754760,752783527800,77446865
20181008,000590,CS홀딩스,KOSPI,,68800,600,0.88,68200,69400,68200,454,31215500,79428361600,1154482
20181008,012030,DB,KOSPI,,903,18,2.03,885,918,878,665862,598386262,181660061499,201173933
20181008,016610,DB금융투자,KOSPI,,4030,-85,-2.07,4115,4145,4030,17407,71070680,171058947670,42446389
20181008,005830,DB손해보험,KOSPI,,71000,-2200,-3.01,73600,73700,70900,106671,7621034500,5026800000000,70800000
20181008,000990,DB하이텍,KOSPI,,14400,-200,-1.37,14400,14950,14200,201748,2951605700,639339667200,44398588
20181008,000995,DB하이텍1우,KOSPI,,36100,1150,3.29,35650,36100,35650,13,465750,4054607600,112316
20181008,139130,DGB금융지주,KOSPI,,10550,100,0.96,10450,10650,10450,388262,4102152900,1784488538150,169145833
20181008,004840,DRB동일,KOSPI,,6990,-10,-0.14,7000,7090,6840,5907,41255800,136165200000,19480000
20181008,155660,DSR,KOSPI,,4110,-70,-1.67,4145,4175,4105,15287,63192535,65760000000,16000000
20181008,069730,DSR제강,KOSPI,,4550,-10,-0.22,4560,4595,4485,26515,119721380,65520000000,14400000
20181008,017940,E1,KOSPI,,65400,100,0.15,65600,65600,64200,4616,298350700,448644000000,6860000
20181008,007700,F&F,KOSPI,,73900,-3000,-3.90,75000,77700,73900,40582,3067839800,1138060000000,15400000
20181008,114090,GKL,KOSPI,,23350,-150,-0.64,23300,23600,23250,60829,1426154250,1444329894500,61855670
20181008,078930,GS,KOSPI,,54500,-1000,-1.80,55500,55500,53700,106325,5789157000,5063888101000,92915378
20181008,006360,GS건설,KOSPI,,53000,-500,-0.93,53500,54800,52000,644845,34439195700,4145173672000,78210824
20181008,001250,GS글로벌,KOSPI,,3265,5,0.15,3260,3360,3255,418451,1379867910,269472739460,82533764
20181008,007070,GS리테일,KOSPI,,37950,-1400,-3.56,39700,39700,37850,170053,6492118150,2922150000000,77000000
20181008,078935,GS우,KOSPI,,38000,-100,-0.26,38400,38400,37500,3390,128342550,67823388000,1784826
20181008,012630,HDC,KOSPI,,20200,-1550,-7.13,21750,21850,20200,1018057,21133981550,635208392000,31445960
20181008,039570,HDC아이콘트롤스,KOSPI,,13000,0,0.00,13000,13150,12950,20355,265225800,213980000000,16460000
20181008,089470,HDC현대EP,KOSPI,,5460,-90,-1.62,5480,5600,5430,40093,220612750,174174000000,31900000
20181008,294870,HDC현대산업개발,KOSPI,,49000,-1800,-3.54,50700,50700,48500,307010,15091270450,2152972780000,43938220
20181008,082740,HSD엔진,KOSPI,,4360,-200,-4.39,4450,4535,4300,100377,440185445,143649539120,32947142
20181008,003560,IHQ,KOSPI,,1885,-35,-1.82,1905,1950,1880,361443,688714395,275654384980,146235748
20181008,175330,JB금융지주,KOSPI,,6020,10,0.17,5990,6020,5910,213389,1274735070,935745326460,155439423
20181008,234080,JW생명과학,KOSPI,,23600,-450,-1.87,23900,24400,23500,35165,838758600,373695474400,15834554
20181008,001060,JW중외제약,KOSPI,,41400,-300,-0.72,41400,42500,41350,47053,1969221100,817610049000,19749035
20181008,001067,JW중외제약2우B,KOSPI,,43950,750,1.74,43100,44050,42900,1943,84631200,3784007100,86098
20181008,001065,JW중외제약우,KOSPI,,28100,-250,-0.88,28100,28650,27700,447,12588450,4611519100,164111
20181008,096760,JW홀딩스,KOSPI,,7370,-20,-0.27,7390,7600,7360,81199,605814970,466215565090,63258557
20181008,105560,KB금융,KOSPI,,56000,-200,-0.36,56400,56400,55500,824054,46046374900,23414246072000,418111537
20181008,002380,KCC,KOSPI,,313000,-5000,-1.57,316500,317000,313000,15210,4779067500,3304188569000,10556513
20181008,009070,KCTC,KOSPI,,2830,15,0.53,2815,2880,2785,21478,60688305,84900000000,30000000
20181008,009440,KC그린홀딩스,KOSPI,,4470,-60,-1.32,4555,4555,4425,27994,124897715,100284360600,22434980
20181008,119650,KC코트렐,KOSPI,,4070,5,0.12,4120,4165,4065,15558,63710815,52910000000,13000000
20181008,092220,KEC,KOSPI,,1130,-5,-0.44,1125,1160,1125,563162,643716570,127070331730,112451621
20181008,001390,KG케미칼,KOSPI,,21800,-700,-3.11,22400,22850,21800,55677,1237902850,271201461200,12440434
20181008,001940,KISCO홀딩스,KOSPI,,13050,-200,-1.51,13250,13350,13050,9645,127325150,241116759000,18476380
20181008,025000,KPX케미칼,KOSPI,,61400,-1200,-1.92,62500,62800,61400,917,56801600,297176000000,4840000
20181008,092230,KPX홀딩스,KOSPI,,64900,-200,-0.31,65100,65100,64400,238,15403500,274179525400,4224646
20181008,000040,KR모터스,KOSPI,,572,-31,-5.14,594,599,568,347149,202389884,73777755480,128982090
20181008,044450,KSS해운,KOSPI,,7230,0,0.00,7230,7280,7220,12595,91218830,167633912400,23185880
20181008,030200,KT,KOSPI,,29900,-100,-0.33,29900,29900,29550,323617,9611388500,7807243059200,261111808
20181008,033780,KT&G,KOSPI,,100500,-500,-0.50,101000,101000,100000,113106,11345721500,13797895948500,137292497
20181008,030210,KTB투자증권,KOSPI,,3845,-50,-1.28,3845,3925,3835,199516,771786035,231907683740,60314092
20181008,058850,KTcs,KOSPI,,2510,-20,-0.79,2530,2545,2485,78208,196014005,107139350000,42685000
20181008,093050,LF,KOSPI,,23900,-350,-1.44,24250,24300,23900,31604,759384050,698836000000,29240000
20181008,003550,LG,KOSPI,,69700,-2200,-3.06,72300,72400,69200,260502,18276131774,12027232030700,172557131
20181008,034220,LG디스플레이,KOSPI,,18550,-100,-0.54,18450,18850,18400,1126666,20978515900,6637481235000,357815700
20181008,001120,LG상사,KOSPI,,20700,-350,-1.66,21000,21050,20550,124298,2574244500,802332000000,38760000
20181008,051900,LG생활건강,KOSPI,,1190000,-1000,-0.08,1190000,1197000,1151000,26518,31464370000,18585654430000,15618197
20181008,051905,LG생활건강우,KOSPI,,732000,-4000,-0.54,742000,748000,725000,1157,849246000,1536978204000,2099697
20181008,003555,LG우,KOSPI,,41850,-500,-1.18,42450,42450,41850,4823,202414300,138719232450,3314677
20181008,032640,LG유플러스,KOSPI,,17250,100,0.58,17150,17400,17000,941316,16194888852,7531545977250,436611361
20181008,011070,LG이노텍,KOSPI,,131000,-2000,-1.50,132500,135000,130500,122065,16210151500,3100391017000,23667107
20181008,066570,LG전자,KOSPI,,67800,-2700,-3.83,69600,69700,67800,922338,63029992900,11095321789200,163647814
20181008,066575,LG전자우,KOSPI,,28300,-650,-2.25,29000,29000,28250,30629,871231200,486363573600,17185992
20181008,108670,LG하우시스,KOSPI,,66200,-1600,-2.36,66900,67800,66100,42131,2806111900,593659754000,8967670
20181008,108675,LG하우시스우,KOSPI,,35700,-600,-1.65,36500,36500,35400,2571,92381350,36854181000,1032330
20181008,051910,LG화학,KOSPI,,321500,-2500,-0.77,321000,327000,319000,197409,63959558500,22695438274500,70592343
20181008,051915,LG화학우,KOSPI,,188000,1000,0.53,187000,190000,186000,3014,565942000,1445494400000,7688800
20181008,079550,LIG넥스원,KOSPI,,36950,-1100,-2.89,38000,38000,36800,111411,4146478950,812900000000,22000000
20181008,006260,LS,KOSPI,,66600,-600,-0.89,67000,67500,66200,56387,3756111200,2144520000000,32200000
20181008,000680,LS네트웍스,KOSPI,,3000,-35,-1.15,3050,3060,3000,27999,84373310,236409048000,78803016
20181008,010120,LS산전,KOSPI,,67900,-2900,-4.10,70300,70600,67400,133715,9137434000,2037000000000,30000000
20181008,229640,LS전선아시아,KOSPI,,6250,-80,-1.26,6190,6300,6190,32597,203470250,191405493750,30624879
20181008,023150,MH에탄올,KOSPI,,5860,-40,-0.68,5860,5910,5850,3066,17972890,43238162360,7378526
20181008,035420,NAVER,KOSPI,,704000,0,0.00,0,0,0,0,0,23205726016000,32962679
20181008,181710,NHN엔터테인먼트,KOSPI,,59100,0,0.00,59200,59900,58300,36415,2156993100,1156292977500,19565025
20181008,005940,NH투자증권,KOSPI,,13400,-50,-0.37,13400,13600,13350,378759,5101630300,3770879085800,281408887
20181008,005945,NH투자증권우,KOSPI,,9040,50,0.56,9030,9050,8960,34849,314086770,170593550720,18870968
20181008,034310,NICE,KOSPI,,19150,-600,-3.04,19700,19900,19000,57749,1127637300,725446045000,37882300
20181008,008260,NI스틸,KOSPI,,2800,10,0.36,2790,2825,2780,25787,72125285,80080327600,28600117
20181008,004250,NPC,KOSPI,,3990,-20,-0.50,4020,4035,3890,25198,99595235,146512800000,36720000
20181008,004255,NPC우,KOSPI,,2365,-35,-1.46,2360,2400,2360,2686,6343990,12487200000,5280000
20181008,010060,OCI,KOSPI,,111500,-500,-0.45,111000,112500,109500,82590,9210551500,2659204866500,23849371
20181008,005490,POSCO,KOSPI,,271500,-7500,-2.69,278000,281000,270500,309433,85314247000,23671225702500,87186835
20181008,100840,S&TC,KOSPI,,14350,-250,-1.71,14500,14800,14350,1726,24995850,104714102500,7297150
20181008,064960,S&T모티브,KOSPI,,27750,-300,-1.07,28100,28150,27250,36305,1010401550,405792024000,14623136
20181008,003570,S&T중공업,KOSPI,,6720,-110,-1.61,6760,6860,6660,18273,123465160,218221510080,32473439
20181008,036530,S&T홀딩스,KOSPI,,13150,-250,-1.87,13350,13400,13150,1260,16691100,214396100900,16303886
20181008,010950,S-Oil,KOSPI,,133000,-3500,-2.56,135500,136500,132500,276330,36924879000,14973511336000,112582792
20181008,010955,S-Oil우,KOSPI,,94500,-900,-0.94,95400,95700,94000,6898,653999500,380072101500,4021927
20181008,034120,SBS,KOSPI,,20550,-850,-3.97,21350,21400,20500,38811,809323700,375090560100,18252582
20181008,101060,SBS미디어홀딩스,KOSPI,,2645,-35,-1.31,2675,2685,2640,56342,149884045,370025422550,139896190
20181008,004060,SG세계물산,KOSPI,,770,2,0.26,755,780,755,508573,391859035,155867219200,202424960
20181008,001380,SG충방,KOSPI,,1955,0,0.00,1945,1990,1930,90323,177640885,87904899565,44964143
20181008,002360,SH에너지화학,KOSPI,,1180,-15,-1.26,1205,1210,1180,676606,807388725,131137801400,111133730
20181008,009160,SIMPAC,KOSPI,,2740,75,2.81,2695,3000,2655,309681,867706230,179276873840,65429516
20181008,123700,SJM,KOSPI,,3765,-25,-0.66,3750,3840,3735,2769,10424900,58752440970,15604898
20181008,025530,SJM홀딩스,KOSPI,,3780,-40,-1.05,3775,3820,3775,4371,16575330,56450550240,14934008
20181008,034730,SK,KOSPI,,287500,-3000,-1.03,290500,293000,287000,69204,19966928000,20228585387500,70360297
20181008,011790,SKC,KOSPI,,41200,-850,-2.02,41600,41600,40550,219218,9005648750,1546423666000,37534555
20181008,018670,SK가스,KOSPI,,84300,-300,-0.35,83600,84800,83600,14159,1190248900,763266278100,9054167
20181008,001740,SK네트웍스,KOSPI,,5330,-90,-1.66,5350,5400,5190,1395672,7376737440,1322840158510,248187647
20181008,001745,SK네트웍스우,KOSPI,,55000,-1200,-2.14,56200,56200,54800,966,53234600,6250640000,113648
20181008,006120,SK디스커버리,KOSPI,,32450,-600,-1.82,32750,33000,32450,34583,1129554450,617778394750,19037855
20181008,006125,SK디스커버리우,KOSPI,,16550,50,0.30,16300,16550,16300,526,8632500,22482430250,1358455
20181008,210980,SK디앤디,KOSPI,,34450,-1100,-3.09,35450,35450,34400,18842,656261050,556539750000,16155000
20181008,03473K,SK우,KOSPI,,150500,-500,-0.33,149000,151000,149000,492,73980500,85203317500,566135
20181008,096770,SK이노베이션,KOSPI,,217500,-6500,-2.90,223500,224500,214000,334287,72516657000,20111260170000,92465564
20181008,096775,SK이노베이션우,KOSPI,,134500,-3000,-2.18,136000,137500,132500,8680,1164027000,167913297000,1248426
20181008,001510,SK증권,KOSPI,,999,-1,-0.10,1005,1005,998,1643894,1644400214,319797053829,320117171
20181008,001515,SK증권우,KOSPI,,3085,25,0.82,3085,3100,3050,21047,64581020,12070105690,3912514
20181008,285130,SK케미칼,KOSPI,,77600,-2400,-3.00,79500,80400,77600,66894,5249088300,898596515200,11579852
20181008,28513K,SK케미칼우,KOSPI,,29650,150,0.51,29800,29950,28900,1534,44721400,43249565500,1458670
20181008,017670,SK텔레콤,KOSPI,,278500,-2500,-0.89,282000,282000,276000,86030,23932609263,22487680513500,80745711
20181008,000660,SK하이닉스,KOSPI,,71200,900,1.28,69500,71800,69400,2856291,203125709520,51833768388000,728002365
20181008,005610,SPC삼립,KOSPI,,130500,-1500,-1.14,130500,134000,129500,6972,911703000,1126085674500,8629009
20181008,011810,STX,KOSPI,,16450,150,0.92,16050,16550,16000,15001,245104400,303599587900,18455902
20181008,077970,STX엔진,KOSPI,,8540,50,0.59,8490,8550,8440,16166,137190210,196496040160,23008904
20181008,071970,STX중공업,KOSPI,,2760,40,1.47,2700,2845,2700,333600,922471085,68549694960,24836846
20181008,084870,TBH글로벌,KOSPI,,4480,25,0.56,4325,4510,4235,77857,338309435,93438549120,20856819
20181008,002710,TCC동양,KOSPI,,1985,-45,-2.22,1985,2005,1970,24091,47788715,44349862500,22342500
20181008,024070,WISCOM,KOSPI,,3060,30,0.99,3100,3100,3020,15616,47741280,45979315200,15025920
20181008,037270,YG PLUS,KOSPI,,2520,-35,-1.37,2520,2630,2510,315280,809740320,146590174080,58170704
20181008,000500,가온전선,KOSPI,,21050,0,0.00,20900,21150,20850,1731,36398250,87575304350,4160347
20181008,000860,강남제비스코,KOSPI,,27600,-150,-0.54,27550,27650,27200,2931,80163900,179400000000,6500000
20181008,035250,강원랜드,KOSPI,,28300,-150,-0.53,28700,28700,28000,243753,6897104700,6054516150000,213940500
20181008,011420,갤럭시아에스엠,KOSPI,,1775,-30,-1.66,1765,1790,1750,19859,35056715,48900618100,27549644
20181008,002100,경농,KOSPI,,10150,-350,-3.33,10350,10650,10150,150920,1563162400,220171262500,21691750
20181008,009450,경동나비엔,KOSPI,,52200,700,1.36,51900,53000,51500,47469,2488721100,665002422000,12739510
20181008,267290,경동도시가스,KOSPI,,41550,-400,-0.95,42150,42150,41550,2811,117626850,195993967650,4717063
20181008,012320,경동인베스트,KOSPI,,49550,-750,-1.49,50300,50300,49550,2884,143582550,117186889650,2365023
20181008,000050,경방,KOSPI,,13050,-50,-0.38,13050,13150,12850,6927,89753050,357769273500,27415270
20181008,214390,경보제약,KOSPI,,12500,150,1.21,12350,12650,12100,29316,364670800,298835750000,23906860
20181008,012610,경인양행,KOSPI,,6060,10,0.17,6000,6170,6000,112100,684690820,244801971900,40396365
20181008,009140,경인전자,KOSPI,,23600,0,0.00,23600,23600,23600,12,283200,37070809200,1570797
20181008,013580,계룡건설,KOSPI,,23500,-300,-1.26,23950,24000,23000,19988,466758750,209876314500,8930907
20181008,012200,계양전기,KOSPI,,3915,-20,-0.51,3935,3945,3860,28333,110490265,127629000000,32600000
20181008,012205,계양전기우,KOSPI,,9180,500,5.76,8800,9620,8680,151991,1400086050,12852000000,1400000
20181008,004200,고려개발,KOSPI,,5750,-40,-0.69,5780,5850,5700,3774,21710740,175023611750,30438889
20181008,002140,고려산업,KOSPI,,2750,-15,-0.54,2730,2780,2730,84406,232581485,68583418750,24939425
20181008,010130,고려아연,KOSPI,,411000,-11000,-2.61,422500,425500,409000,26033,10782008000,7755570000000,18870000
20181008,002240,고려제강,KOSPI,,25450,350,1.39,25100,25550,24850,3965,99940800,509000000000,20000000
20181008,001290,골든브릿지증권,KOSPI,,2965,5,0.17,3030,3030,2940,83356,248574560,150306491385,50693589
20181008,009290,광동제약,KOSPI,,7220,-30,-0.41,7250,7320,7200,82557,599036660,378478544220,52420851
20181008,017040,광명전기,KOSPI,,3160,-95,-2.92,3230,3270,3155,414389,1326889690,136946863400,43337615
20181008,017900,광전자,KOSPI,,2240,-40,-1.75,2270,2275,2240,51152,115114920,129794029120,57943763
20181008,037710,광주신세계,KOSPI,,206500,-1000,-0.48,207500,207500,205000,224,46216500,330400000000,1600000
20181008,192530,광주은행,KOSPI,,11050,0,0.00,0,0,0,0,0,567042429850,51316057
20181008,030610,교보증권,KOSPI,,9140,-170,-1.83,9210,9300,9080,62470,575208400,329040000000,36000000
20181008,007690,국도화학,KOSPI,,51500,-500,-0.96,52000,52100,51400,4546,234148700,299246724000,5810616
20181008,005320,국동,KOSPI,,3150,-90,-2.78,3175,3290,3150,47182,150447705,43282512000,13740480
20181008,001140,국보,KOSPI,,13750,-500,-3.51,14000,14300,13750,11051,154548800,23131680000,1682304
20181008,002720,국제약품,KOSPI,,4940,-55,-1.10,4915,5100,4905,77500,386958465,89202108580,18057107
20181008,083420,그린케미칼,KOSPI,,4405,30,0.69,4300,4415,4135,10660,46068355,88100000000,20000000
20181008,014530,극동유화,KOSPI,,3465,-5,-0.14,3425,3475,3425,17871,61576825,120822540300,34869420
20181008,014280,금강공업,KOSPI,,23350,-150,-0.64,23500,23500,23200,2353,54908050,113386759400,4855964
20181008,014285,금강공업우,KOSPI,,36250,250,0.69,35950,36250,35350,627,22333800,4276593750,117975
20181008,008870,금비,KOSPI,,67100,200,0.30,66900,67800,66500,102,6834300,67100000000,1000000
20181008,001570,금양,KOSPI,,2390,0,0.00,2390,2400,2370,15775,37635875,103199224880,43179592
20181008,002990,금호산업,KOSPI,,11100,-300,-2.63,11350,11350,10800,89727,992439050,399992373900,36035349
20181008,002995,금호산업우,KOSPI,,22800,-800,-3.39,23600,23850,22000,2704,61992300,6663664800,292266
20181008,011780,금호석유,KOSPI,,84000,500,0.60,83200,84600,82500,157429,13144512400,2559286044000,30467691
20181008,011785,금호석유우,KOSPI,,32300,-50,-0.15,32600,32600,31950,5325,171362450,97658597800,3023486
20181008,214330,금호에이치티,KOSPI,,5440,170,3.23,5260,5470,5200,89963,486556830,53172594560,9774374
20181008,001210,금호전기,KOSPI,,7050,10,0.14,7040,7050,6800,6742,46711440,49184804400,6976568
20181008,073240,금호타이어,KOSPI,,5040,-10,-0.20,5070,5140,5030,220948,1121131350,1447791846480,287260287
20181008,092440,기신정기,KOSPI,,3980,25,0.63,3960,3985,3880,12212,47959125,116216000000,29200000
20181008,000270,기아차,KOSPI,,33900,-300,-0.88,34150,34700,33750,692152,23593373650,13741817463300,405363347
20181008,024110,기업은행,KOSPI,,15350,0,0.00,15400,15500,15300,459898,7089274500,8595674810250,559978815
20181008,013700,까뮤이앤씨,KOSPI,,1200,-15,-1.23,1215,1215,1180,179398,213230755,54182736000,45152280
20181008,004540,깨끗한나라,KOSPI,,3850,20,0.52,3795,3875,3795,62451,239569820,143376668050,37240693
20181008,004545,깨끗한나라우,KOSPI,,20300,-450,-2.17,20800,20800,20300,3718,76447600,7433048000,366160
20181008,074610,나노메딕스,KOSPI,,9690,-360,-3.58,9990,10200,9660,351295,3500956820,248300872050,25624445
20181008,001260,남광토건,KOSPI,,20000,100,0.50,20050,21000,19700,56123,1134981850,196521500000,9826075
20181008,008350,남선알미늄,KOSPI,,1120,-15,-1.32,1120,1135,1105,519209,582931610,123400580800,110179090
20181008,008355,남선알미우,KOSPI,,10250,-300,-2.84,10600,10600,10250,4501,46608450,3155872500,307890
20181008,004270,남성,KOSPI,,1630,0,0.00,1605,1650,1605,30153,48924150,59025820800,36212160
20181008,003920,남양유업,KOSPI,,684000,1000,0.15,683000,689000,682000,580,396933000,492480000000,720000
20181008,003925,남양유업우,KOSPI,,216000,-3500,-1.59,218000,219000,213000,518,111701500,35998992000,166662
20181008,002070,남영비비안,KOSPI,,6710,-100,-1.47,6780,6810,6670,1976,13324320,46083910950,6867945
20181008,025860,남해화학,KOSPI,,13300,-50,-0.37,13350,13500,13150,90506,1203745250,660728611900,49678843
20181008,005720,넥센,KOSPI,,6260,-80,-1.26,6330,6330,6200,10628,66469360,335185296020,53543977
20181008,005725,넥센우,KOSPI,,4355,70,1.63,4185,4375,4185,118,513090,15680613000,3600600
20181008,002350,넥센타이어,KOSPI,,9180,40,0.44,9080,9250,9070,51697,473660210,896591110860,97667877
20181008,002355,넥센타이어1우B,KOSPI,,4140,-45,-1.08,4150,4150,4135,1011,4190120,26910000000,6500000
20181008,003580,넥스트사이언스,KOSPI,,11600,550,4.98,11250,11700,11200,652139,7501024600,261116243600,22510021
20181008,251270,넷마블,KOSPI,,122500,5000,4.26,121000,124500,120500,465353,57088485000,10443884010000,85256196
20181008,090350,노루페인트,KOSPI,,12700,0,0.00,12700,12900,12600,166163,2110916350,254000000000,20000000
20181008,090355,노루페인트우,KOSPI,,9280,30,0.32,9250,9400,9220,172,1595440,4297809280,463126
20181008,000320,노루홀딩스,KOSPI,,13900,-50,-0.36,13850,13950,13700,5000,69082750,184746998900,13291151
20181008,000325,노루홀딩스우,KOSPI,,18650,-400,-2.10,18650,19000,18650,137,2581150,3454912500,185250
20181008,006280,녹십자,KOSPI,,158500,-2500,-1.55,160500,163000,157500,45794,7300767500,1852316273000,11686538
20181008,005250,녹십자홀딩스,KOSPI,,25950,-100,-0.38,25800,26250,25800,45289,1176480350,1220382049500,47028210
20181008,005257,녹십자홀딩스2우,KOSPI,,19800,250,1.28,19400,19950,19400,57,1117750,16750602000,845990
20181008,004370,농심,KOSPI,,229500,-2000,-0.86,232500,232500,229500,17505,4037476500,1395966339000,6082642
20181008,072710,농심홀딩스,KOSPI,,77200,-200,-0.26,77700,79200,77100,1285,99684000,358037388000,4637790
20181008,058730,다스코,KOSPI,,8750,90,1.04,8700,9000,8570,231767,2044676030,134750000000,15400000
20181008,023590,다우기술,KOSPI,,21600,100,0.47,21450,21650,21350,52159,1120207850,969118927200,44866617
20181008,019680,대교,KOSPI,,7190,-50,-0.69,7220,7280,7180,29314,211172730,609013491500,84702850
20181008,019685,대교우B,KOSPI,,4780,-5,-0.10,4785,4795,4755,2836,13514645,92861012200,19426990
20181008,006370,대구백화점,KOSPI,,9140,-100,-1.08,9260,9260,9110,387,3554430,98909524540,10821611
20181008,004130,대덕GDS,KOSPI,,12950,-250,-1.89,13150,13450,12900,104927,1383902350,266454188350,20575613
20181008,004135,대덕GDS우,KOSPI,,7950,0,0.00,7950,7990,7950,1566,12482810,17172000000,2160000
20181008,008060,대덕전자,KOSPI,,8400,-110,-1.29,8500,8630,8400,183483,1559993460,409888920000,48796300
20181008,000490,대동공업,KOSPI,,6920,20,0.29,6860,7000,6860,63061,437368890,164199213200,23728210
20181008,008110,대동전자,KOSPI,,3815,5,0.13,3830,3845,3780,1482,5644480,40021055305,10490447
20181008,005750,대림B&Co,KOSPI,,4985,-45,-0.89,4960,5030,4950,9149,45654460,83111116400,16672240
20181008,000210,대림산업,KOSPI,,87400,-400,-0.46,87400,88300,85200,168738,14780461950,3041520000000,34800000
20181008,000215,대림산업우,KOSPI,,34400,100,0.29,34300,34450,34150,5587,191907650,130720000000,3800000
20181008,004440,대림씨엔에스,KOSPI,,12100,-350,-2.81,12650,12650,12100,11994,146302650,154056558700,12731947
20181008,006570,대림통상,KOSPI,,4650,-65,-1.38,4770,4770,4650,503,2364480,70796250000,15225000
20181008,001680,대상,KOSPI,,25200,200,0.80,25000,25800,24750,133517,3385755950,873130230000,34648025
20181008,001685,대상우,KOSPI,,13050,50,0.38,13000,13350,12800,1592,20901650,17881410150,1370223
20181008,084690,대상홀딩스,KOSPI,,8130,-10,-0.12,8200,8200,8020,31443,254062250,294407933940,36212538
20181008,084695,대상홀딩스우,KOSPI,,6250,0,0.00,0,0,0,0,0,5709262500,913482
20181008,128820,대성산업,KOSPI,,4525,20,0.44,4650,4650,4455,31776,143406040,204690537950,45235478
20181008,117580,대성에너지,KOSPI,,5740,20,0.35,5720,5740,5700,9907,56614000,157850000000,27500000
20181008,016710,대성홀딩스,KOSPI,,7250,50,0.69,7200,7250,7170,477,3439150,116648577750,16089459
20181008,003540,대신증권,KOSPI,,11750,-250,-2.08,11900,11950,11700,161694,1909395700,596587450000,50773400
20181008,003547,대신증권2우B,KOSPI,,8760,20,0.23,8820,8820,8700,6444,56639340,87600000000,10000000
20181008,003545,대신증권우,KOSPI,,9280,-50,-0.54,9330,9370,9270,31927,297372230,241280000000,26000000
20181008,009190,대양금속,KOSPI,,4825,100,2.12,4750,4940,4700,2660,12587475,59434026725,12317933
20181008,014160,대영포장,KOSPI,,876,2,0.23,866,887,866,73157,64304641,94953624924,108394549
20181008,047040,대우건설,KOSPI,,5780,-60,-1.03,5840,5920,5670,1608355,9253431270,2402298847640,415622638
20181008,009320,대우부품,KOSPI,,1915,125,6.98,1770,2070,1770,4851644,9571141530,91242808125,47646375
20181008,042660,대우조선해양,KOSPI,,34550,-2350,-6.37,37000,37000,34300,761775,26782548900,3703958731600,107205752
20181008,003090,대웅,KOSPI,,17250,-150,-0.86,17400,17600,17000,32004,553720500,1002949155000,58141980
20181008,069620,대웅제약,KOSPI,,175500,0,0.00,176000,180000,174000,41961,7418620000,2033443912500,11586575
20181008,000430,대원강업,KOSPI,,4060,-35,-0.85,4170,4210,4055,49716,205390460,251720000000,62000000
20181008,006340,대원전선,KOSPI,,1905,-10,-0.52,1915,1960,1890,594222,1137981555,129744160755,68107171
20181008,006345,대원전선우,KOSPI,,4150,-10,-0.24,4075,4275,4070,10269,42807830,10877980000,2621200
20181008,003220,대원제약,KOSPI,,19250,0,0.00,19250,19300,18850,59095,1123625900,367648165500,19098606
20181008,024890,대원화성,KOSPI,,1675,-75,-4.29,1720,1740,1675,76917,130689295,69092329600,41249152
20181008,002880,대유에이텍,KOSPI,,1010,0,0.00,1010,1035,1010,171182,174135745,104344660450,103311545
20181008,000300,대유플러스,KOSPI,,815,-30,-3.55,828,846,812,241767,199494138,82056204900,100682460
20181008,012800,대창,KOSPI,,1070,-30,-2.73,1075,1100,1070,440386,475056090,97520333930,91140499
20181008,015230,대창단조,KOSPI,,45400,-450,-0.98,45800,45900,45400,1654,75496350,90800000000,2000000
20181008,001070,대한방직,KOSPI,,12600,550,4.56,12000,12750,12000,35800,441996000,66780000000,5300000
20181008,006650,대한유화,KOSPI,,175000,-500,-0.28,175500,181000,174500,45390,8052743000,1137500000000,6500000
20181008,001440,대한전선,KOSPI,,1215,0,0.00,1200,1225,1200,353149,428437975,1040614705935,856473009
20181008,084010,대한제강,KOSPI,,6480,-70,-1.07,6550,6580,6480,39182,255367250,159710836320,24646734
20181008,001790,대한제당,KOSPI,,20250,-850,-4.03,20300,20600,20200,125044,2541252150,179010040500,8840002
20181008,001799,대한제당3우B,KOSPI,,24700,-550,-2.18,24750,25200,24700,357,8899550,3202503200,129656
20181008,001795,대한제당우,KOSPI,,12950,-200,-1.52,13200,13200,12800,3767,48665850,8395174200,648276
20181008,001130,대한제분,KOSPI,,182000,2500,1.39,179500,182500,179500,1334,241707000,307580000000,1690000
20181008,003490,대한항공,KOSPI,,27600,-100,-0.36,27500,28050,27450,242732,6745842000,2617711898400,94844634
20181008,003495,대한항공우,KOSPI,,13250,-50,-0.38,13250,13400,13250,151,2005700,14718020500,1110794
20181008,005880,대한해운,KOSPI,,24300,-950,-3.76,25150,25150,24150,184080,4492423950,593564047200,24426504
20181008,003830,대한화섬,KOSPI,,129000,2000,1.57,127000,129000,126000,498,63122000,171312000000,1328000
20181008,016090,대현,KOSPI,,2585,0,0.00,2600,2630,2555,28193,72771615,117054771350,45282310
20181008,069460,대호에이엘,KOSPI,,5420,0,0.00,0,0,0,0,0,147070827380,27134839
20181008,012510,더존비즈온,KOSPI,,58900,100,0.17,58700,60500,58300,93753,5608872400,1747722030000,29672700
20181008,004830,덕성,KOSPI,,3530,-125,-3.42,3600,3640,3530,42087,150406900,55350400000,15680000
20181008,004835,덕성우,KOSPI,,3895,-25,-0.64,3850,3950,3850,6768,26391435,5421840000,1392000
20181008,024900,덕양산업,KOSPI,,1460,10,0.69,1435,1485,1435,68362,99826090,47544870800,32564980
20181008,145720,덴티움,KOSPI,,98200,-2800,-2.77,101000,101000,97300,126614,12470792072,1086959106000,11068830
20181008,002150,도화엔지니어링,KOSPI,,8200,120,1.49,8080,8340,7900,109754,891575920,276504000000,33720000
20181008,001620,동국실업,KOSPI,,1055,25,2.43,1025,1080,1025,157170,166342160,56244235960,53312072
20181008,001230,동국제강,KOSPI,,8350,-100,-1.18,8370,8550,8280,301702,2521341500,796863353950,95432737
20181008,023450,동남합성,KOSPI,,59500,-800,-1.33,60000,60000,59500,113,6730000,78239703500,1314953
20181008,004140,동방,KOSPI,,1805,65,3.74,1740,1850,1740,379551,687310485,60405386340,33465588
20181008,007590,동방아그로,KOSPI,,7480,-30,-0.40,7300,7480,7300,17581,130096650,101859475960,13617577
20181008,005960,동부건설,KOSPI,,8910,-90,-1.00,8900,9060,8800,13408,118859600,185871804030,20861033
20181008,005965,동부건설우,KOSPI,,15600,-700,-4.29,16450,16450,15600,1380,21756300,3521419200,225732
20181008,016380,동부제철,KOSPI,,8900,-270,-2.94,9000,9330,8900,4004,36395100,242377473600,27233424
20181008,016385,동부제철우,KOSPI,,44550,-1650,-3.57,47000,47000,44550,3,137900,7134949800,160156
20181008,083370,동북아12호,KOSPI,,5020,0,0.00,5020,5020,5020,415,2083300,7960013200,1585660
20181008,083380,동북아13호,KOSPI,,5040,0,0.00,0,0,0,0,0,7991726400,1585660
20181008,026960,동서,KOSPI,,20400,-450,-2.16,20950,20950,20400,113644,2332948800,2033880000000,99700000
20181008,002210,동성제약,KOSPI,,25200,-1300,-4.91,26200,27500,25000,2146991,56598374000,623865664800,24756574
20181008,102260,동성코퍼레이션,KOSPI,,5790,90,1.58,5650,5790,5640,34404,196547760,263126376300,45444970
20181008,005190,동성화학,KOSPI,,12950,100,0.78,12800,13400,12800,7405,96890550,69095553800,5335564
20181008,000640,동아쏘시오홀딩스,KOSPI,,103500,-1500,-1.43,103500,105500,103000,6682,692796500,635313429000,6138294
20181008,170900,동아에스티,KOSPI,,99900,200,0.20,99400,102000,99200,21900,2201588000,843542413200,8443868
20181008,028100,동아지질,KOSPI,,17850,-250,-1.38,18100,18400,17750,71649,1293912550,205275000000,11500000
20181008,282690,동아타이어,KOSPI,,13500,-450,-3.23,14450,14450,13500,1015,14008000,185395702500,13733015
20181008,001520,동양,KOSPI,,1870,-15,-0.80,1870,1895,1865,142983,268677495,446339197810,238684063
20181008,001527,동양2우B,KOSPI,,11350,-100,-0.87,11200,11400,11050,161,1796950,3502258150,308569
20181008,001529,동양3우B,KOSPI,,31650,-50,-0.16,31950,31950,31000,165,5188700,2839701300,89722
20181008,084670,동양고속,KOSPI,,26200,100,0.38,25450,26300,25450,3063,80173350,81202839000,3099345
20181008,030790,동양네트웍스,KOSPI,,2700,-170,-5.92,2870,2930,2700,1017593,2843675015,254708420400,94336452
20181008,002900,동양물산,KOSPI,,2005,10,0.50,1990,2015,1970,294209,586343485,131104744500,65388900
20181008,082640,동양생명,KOSPI,,6340,110,1.77,6230,6400,6220,59933,378281680,1023013428900,161358585
20181008,001525,동양우,KOSPI,,9850,-50,-0.51,9830,10100,9830,659,6494600,6084650350,617731
20181008,008970,동양철관,KOSPI,,2720,20,0.74,2705,2745,2670,2173754,5897804760,241767988800,88885290
20181008,092780,동양피스톤,KOSPI,,4275,0,0.00,4275,4320,4230,4238,18035975,56295166500,13168460
20181008,049770,동원F&B,KOSPI,,273500,0,0.00,270500,279000,270000,5768,1588054500,1055470414000,3859124
20181008,018500,동원금속,KOSPI,,1025,5,0.49,1010,1030,1005,201922,205922000,47923806325,46754933
20181008,006040,동원산업,KOSPI,,277500,-10500,-3.65,288500,288500,276000,7240,2028039000,933288000000,3363200
20181008,030720,동원수산,KOSPI,,11550,-50,-0.43,12050,12350,11500,922002,10950728100,53476915800,4630036
20181008,014820,동원시스템즈,KOSPI,,30600,0,0.00,30500,30750,30300,16265,497204300,783926436600,25618511
20181008,014825,동원시스템즈우,KOSPI,,23000,0,0.00,23000,23500,23000,526,12113500,6103234000,265358
20181008,163560,동일고무벨트,KOSPI,,7020,40,0.57,6900,7040,6900,1614,11268000,91260000000,13000000
20181008,001530,동일방직,KOSPI,,72900,1000,1.39,70300,72900,70100,6473,461951300,173378726100,2378309
20181008,004890,동일산업,KOSPI,,65400,0,0.00,65700,65800,64900,638,41667300,158609061000,2425215
20181008,002690,동일제강,KOSPI,,3425,-80,-2.28,3470,3560,3425,21138,73393155,51375000000,15000000
20181008,000020,동화약품,KOSPI,,10100,-500,-4.72,10600,10650,10100,168229,1729601600,282107847000,27931470
20181008,000150,두산,KOSPI,,134000,2000,1.52,132500,135500,131000,35372,4710071000,2572532402000,19198003
20181008,000157,두산2우B,KOSPI,,80100,-1900,-2.32,82500,82500,79800,278,22397900,78953368500,985685
20181008,011160,두산건설,KOSPI,,2080,-25,-1.19,2095,2110,2050,103599,214704865,152518265120,73326089
20181008,241560,두산밥캣,KOSPI,,39850,-150,-0.38,40000,40200,39350,176205,6987498300,3994929265100,100249166
20181008,000155,두산우,KOSPI,,81700,-500,-0.61,82700,82900,80500,2557,208016100,360384745800,4411074
20181008,042670,두산인프라코어,KOSPI,,9970,-80,-0.80,10050,10200,9880,1906831,19104067500,2075325549220,208157026
20181008,034020,두산중공업,KOSPI,,14300,-200,-1.38,14500,14650,14200,284037,4084378800,1675191446500,117146255
20181008,016740,두올,KOSPI,,3575,125,3.62,3410,4150,3410,4285947,16607014650,96763381000,27066680
20181008,024090,디씨엠,KOSPI,,12400,0,0.00,12350,12400,12350,1436,17746100,145080000000,11700000
20181008,003160,디아이,KOSPI,,4165,-35,-0.83,4170,4280,4165,95018,400097035,131184109525,31496785
20181008,092200,디아이씨,KOSPI,,6640,-190,-2.78,6820,6830,6610,60078,400677600,149183602400,22467410
20181008,013570,디와이,KOSPI,,5480,-90,-1.62,5570,5600,5360,33151,181415460,144231588840,26319633
20181008,210540,디와이파워,KOSPI,,16700,300,1.83,16350,17300,16350,178577,3013075650,184396523600,11041708
20181008,007340,디티알오토모티브,KOSPI,,36000,100,0.28,35950,36050,35800,3796,136433100,359784180000,9994005
20181008,026890,디피씨,KOSPI,,3380,15,0.45,3485,3485,3355,58551,197444080,140872231500,41678175
20181008,115390,락앤락,KOSPI,,15850,-600,-3.65,16400,16500,15800,161716,2596110650,871750000000,55000000
20181008,032350,롯데관광개발,KOSPI,,16050,-350,-2.13,16350,16400,15300,103674,1632687250,733424443350,45696227
20181008,000400,롯데손해보험,KOSPI,,2815,105,3.87,2770,2830,2730,565225,1580467750,377998200000,134280000
20181008,023530,롯데쇼핑,KOSPI,,205000,1000,0.49,210000,210500,203000,68409,14103377500,5799194775000,28288755
20181008,004000,롯데정밀화학,KOSPI,,48950,50,0.10,49500,50800,48500,122954,6064033050,1262910000000,25800000
20181008,286940,롯데정보통신,KOSPI,,35950,-100,-0.28,37400,37500,35950,144997,5348890300,513581700000,14286000
20181008,280360,롯데제과,KOSPI,,173000,4500,2.67,172000,173000,169000,917,157350000,728174646000,4209102
20181008,004990,롯데지주,KOSPI,,57500,1500,2.68,58500,58900,56600,551125,31791040900,6702558627500,116566237
20181008,00499K,롯데지주우,KOSPI,,61200,3500,6.07,67500,71500,60200,88973,5892372200,60442527600,987623
20181008,005300,롯데칠성,KOSPI,,1436000,31000,2.21,1412000,1447000,1408000,1023,1467517000,1147860856000,799346
20181008,005305,롯데칠성우,KOSPI,,648000,1000,0.15,649000,649000,648000,25,16224000,50240088000,77531
20181008,011170,롯데케미칼,KOSPI,,270500,8000,3.05,266000,278000,265500,268886,73220684000,9271500839500,34275419
20181008,002270,롯데푸드,KOSPI,,816000,27000,3.42,795000,817000,795000,1667,1350907000,923605920000,1131870
20181008,071840,롯데하이마트,KOSPI,,65500,700,1.08,65300,67000,64900,38002,2508792800,1546305136000,23607712
20181008,027740,마니커,KOSPI,,831,-4,-0.48,830,847,825,634043,528865598,110574133923,133061533
20181008,204320,만도,KOSPI,,29900,-50,-0.17,29950,30150,29600,231192,6916598600,1404017888000,46957120
20181008,001080,만호제강,KOSPI,,18700,-150,-0.80,18650,18950,18550,4614,86604150,77605000000,4150000
20181008,088980,맥쿼리인프라,KOSPI,,9110,-50,-0.55,9160,9180,9100,168753,1539811140,3179793900960,349044336
20181008,094800,맵스리얼티1,KOSPI,,3870,-35,-0.90,3905,3905,3850,106335,411806910,359268860970,92834331
20181008,015540,메디플란트,KOSPI,,6290,-160,-2.48,6130,6570,6130,10758,68444220,34201654850,5437465
20181008,138040,메리츠금융지주,KOSPI,,12400,-150,-1.20,12500,12650,12300,47199,584721300,1738781493600,140224314
20181008,008560,메리츠종금증권,KOSPI,,4005,-15,-0.37,4025,4035,3985,684502,2749342175,2425592493360,605641072
20181008,000060,메리츠화재,KOSPI,,19450,0,0.00,19450,19650,19150,148710,2896971950,2211076000000,113680000
20181008,090370,메타랩스,KOSPI,,5500,-180,-3.17,5650,5650,5350,173031,946069640,245023856000,44549792
20181008,017180,명문제약,KOSPI,,6640,-70,-1.04,6710,6850,6640,194324,1310911440,162945600000,24540000
20181008,012690,모나리자,KOSPI,,3340,-10,-0.30,3320,3435,3300,47185,158163675,122147991700,36571255
20181008,005360,모나미,KOSPI,,2755,-70,-2.48,2820,2830,2725,160337,445114995,52062080785,18897307
20181008,204210,모두투어리츠,KOSPI,,3415,-10,-0.29,3445,3450,3340,1277,4296995,26728573225,7826815
20181008,009680,모토닉,KOSPI,,9250,40,0.43,9160,9470,9150,44536,413563740,305250000000,33000000
20181008,009580,무림P&P,KOSPI,,9640,-250,-2.53,9890,9890,9540,157422,1528862340,601230643360,62368324
20181008,009200,무림페이퍼,KOSPI,,3390,-40,-1.17,3450,3450,3375,42757,145280890,141055560900,41609310
20181008,033920,무학,KOSPI,,15000,-50,-0.33,14900,15100,14750,11768,176488250,427500000000,28500000
20181008,008420,문배철강,KOSPI,,3880,-10,-0.26,3810,3955,3810,446406,1736116610,79553599400,20503505
20181008,025560,미래산업,KOSPI,,203,2,1.00,201,205,198,2907550,588673714,128868135200,634818400
20181008,007120,미래아이앤지,KOSPI,,470,-10,-2.08,485,487,461,182991,87145376,48686039930,103587319
20181008,006800,미래에셋대우,KOSPI,,7820,-110,-1.39,7870,7960,7800,1440469,11314399450,5148034310560,658316408
20181008,00680K,미래에셋대우2우B,KOSPI,,4150,-50,-1.19,4165,4210,4150,129076,539359100,581000000000,140000000
20181008,006805,미래에셋대우우,KOSPI,,4650,-25,-0.53,4730,4730,4600,28658,132919600,65452237500,14075750
20181008,085620,미래에셋생명,KOSPI,,5180,-10,-0.19,5080,5210,5080,95378,492483600,916943859020,177016189
20181008,002840,미원상사,KOSPI,,248500,-2000,-0.80,250000,250000,247000,151,37458000,197045093000,792938
20181008,268280,미원에스씨,KOSPI,,68500,-1400,-2.00,70000,70100,68500,1663,115867100,356555857500,5205195
20181008,107590,미원홀딩스,KOSPI,,40500,-400,-0.98,40200,40900,40200,535,21720750,94436847000,2331774
20181008,134380,미원화학,KOSPI,,44350,-450,-1.00,44100,44750,43450,834,36437250,96912733000,2185180
20181008,003650,미창석유,KOSPI,,80500,-600,-0.74,81100,81100,80200,229,18430100,140043596000,1739672
20181008,155900,바다로19호,KOSPI,,2915,15,0.52,2900,2915,2900,3520,10235110,44308011660,15200004
20181008,003610,방림,KOSPI,,25350,-300,-1.17,24650,25700,24650,7214,181831800,107266218150,4231409
20181008,001340,백광산업,KOSPI,,2785,-145,-4.95,2925,2925,2750,241047,685021495,125097763495,44918407
20181008,014580,백광소재,KOSPI,,3160,-50,-1.56,3145,3230,3140,31260,99346915,87162596000,27583100
20181008,035150,백산,KOSPI,,5930,0,0.00,5950,5950,5840,22941,134705970,143506000000,24200000
20181008,002410,범양건영,KOSPI,,1860,0,0.00,1845,1885,1820,50715,93571965,46187170320,24831812
20181008,096300,베트남개발1,KOSPI,,515,13,2.59,527,530,505,1037906,538699865,63986360400,124245360
20181008,007210,벽산,KOSPI,,3040,-80,-2.56,3110,3110,3010,124297,378952150,208422400000,68560000
20181008,002760,보락,KOSPI,,2675,-100,-3.60,2755,2825,2675,937334,2573316040,160232500000,59900000
20181008,003850,보령제약,KOSPI,,11400,300,2.70,11100,11550,11000,152633,1732334400,503880000000,44200000
20181008,000890,보해양조,KOSPI,,903,60,7.12,864,949,850,6934261,6269510057,87203203038,96570546
20181008,003000,부광약품,KOSPI,,25200,-650,-2.51,25550,26100,25100,254384,6449365050,1231531131600,48870283
20181008,001270,부국증권,KOSPI,,23000,200,0.88,22800,23450,22800,837,19252350,238507378000,10369886
20181008,001275,부국증권우,KOSPI,,20300,-100,-0.49,20350,20350,20300,190,3865500,60900000000,3000000
20181008,026940,부국철강,KOSPI,,2805,30,1.08,2770,2820,2765,38700,107894435,56100000000,20000000
20181008,015350,부산가스,KOSPI,,36550,100,0.27,36500,37200,36500,7620,280053200,402050000000,11000000
20181008,011390,부산산업,KOSPI,,181000,-3500,-1.90,183500,186500,181000,15687,2872621500,191136000000,1056000
20181008,005030,부산주공,KOSPI,,655,-18,-2.67,673,676,653,167370,110968010,27738940840,42349528
20181008,100220,비상교육,KOSPI,,7690,50,0.65,7640,7710,7600,5175,39573690,99944938290,12996741
20181008,005180,빙그레,KOSPI,,74500,2600,3.62,71000,75000,71000,35146,2609040200,733917454500,9851241
20181008,003960,사조대림,KOSPI,,22300,-100,-0.45,22400,22850,22000,9378,210441400,132920822500,5960575
20181008,008040,사조동아원,KOSPI,,1340,5,0.37,1330,1345,1315,82612,110001035,189133764000,141144600
20181008,007160,사조산업,KOSPI,,59800,-800,-1.32,60800,61100,59800,5882,355900500,299000000000,5000000
20181008,014710,사조씨푸드,KOSPI,,6880,0,0.00,6880,6910,6820,19313,132425190,118463575840,17218543
20181008,006090,사조오양,KOSPI,,11300,-200,-1.74,11350,11550,11250,23584,267356500,106476950700,9422739
20181008,079660,사조해표,KOSPI,,11900,-200,-1.65,12000,12650,11850,150357,1828217000,85204000000,7160000
20181008,005090,삼광글라스,KOSPI,,36600,1400,3.98,35200,36950,34800,22256,810862100,177671698800,4854418
20181008,001470,삼부토건,KOSPI,,5460,60,1.11,5310,5500,5300,131383,708944800,135425095260,24803131
20181008,006400,삼성SDI,KOSPI,,239000,2000,0.84,235500,247500,234000,356685,86035724000,16434722670000,68764530
20181008,006405,삼성SDI우,KOSPI,,96000,600,0.63,95200,98900,95100,1486,144392500,155318016000,1617896
20181008,006660,삼성공조,KOSPI,,10750,0,0.00,10750,10750,10600,3118,33408250,87357875500,8126314
20181008,028260,삼성물산,KOSPI,,124000,-1000,-0.80,125000,126000,123500,270875,33761829000,23521565332000,189690043
20181008,02826K,삼성물산우B,KOSPI,,76700,0,0.00,76700,76800,76300,565,43223900,124824648000,1627440
20181008,207940,삼성바이오로직스,KOSPI,,509000,1000,0.20,506000,519000,499500,123755,63174911000,33677985000000,66165000
20181008,032830,삼성생명,KOSPI,,94600,-2300,-2.37,97000,97800,94600,187007,17844241400,18920000000000,200000000
20181008,018260,삼성에스디에스,KOSPI,,217500,-3500,-1.58,218500,221500,216000,74833,16322907000,16829671500000,77377800
20181008,028050,삼성엔지니어링,KOSPI,,19000,-350,-1.81,19250,19600,18700,1753488,33370895350,3724000000000,196000000
20181008,009150,삼성전기,KOSPI,,132500,-2500,-1.85,134000,136500,131500,1490608,199373457000,9896914720000,74693696
20181008,009155,삼성전기우,KOSPI,,50500,-1600,-3.07,52100,53100,50500,7843,404520800,146802692000,2906984
20181008,005930,삼성전자,KOSPI,,44950,250,0.56,44200,45200,44200,6759464,303659853438,288548645265000,6419324700
20181008,005935,삼성전자우,KOSPI,,35950,100,0.28,35850,36250,35750,1666571,59990518650,32485462550000,903629000
20181008,001360,삼성제약,KOSPI,,3140,-55,-1.72,3125,3220,3125,543996,1722544185,182858047580,58235047
20181008,010140,삼성중공업,KOSPI,,7540,-560,-6.91,8110,8120,7520,5832477,44992319710,4750200000000,630000000
20181008,010145,삼성중공우,KOSPI,,46600,700,1.53,46050,46950,45200,466,21241700,5351777000,114845
20181008,016360,삼성증권,KOSPI,,30600,-450,-1.45,30850,31050,30550,237688,7305097650,2732580000000,89300000
20181008,068290,삼성출판사,KOSPI,,13250,100,0.76,13150,13750,13000,147239,1983519450,132500000000,10000000
20181008,029780,삼성카드,KOSPI,,36050,-350,-0.96,36000,36500,35950,49450,1794499150,4176713020550,115858891
20181008,000810,삼성화재,KOSPI,,284000,1000,0.35,283500,285500,283000,47143,13384487250,13454453708000,47374837
20181008,000815,삼성화재우,KOSPI,,182500,500,0.27,183000,184500,181500,5429,989928500,582540000000,3192000
20181008,006110,삼아알미늄,KOSPI,,4910,35,0.72,4880,5050,4760,45850,226914330,54010000000,11000000
20181008,145990,삼양사,KOSPI,,68600,-800,-1.15,69800,69800,68500,3480,240057100,705880485800,10289803
20181008,145995,삼양사우,KOSPI,,42500,-100,-0.23,41600,43100,41600,109,4610100,15727975000,370070
20181008,003230,삼양식품,KOSPI,,71000,-3300,-4.44,74300,74300,70900,47991,3449232100,534844065000,7533015
20181008,002170,삼양통상,KOSPI,,43900,850,1.97,43250,45000,42950,27256,1205504250,131700000000,3000000
20181008,272550,삼양패키징,KOSPI,,17350,-50,-0.29,17300,17400,17200,1998,34541200,246540099400,14209804
20181008,000070,삼양홀딩스,KOSPI,,96800,-900,-0.92,96200,98000,96200,3354,325684200,829021432800,8564271
20181008,000075,삼양홀딩스우,KOSPI,,54800,400,0.74,54400,54800,53800,145,7885700,16662378400,304058
20181008,002810,삼영무역,KOSPI,,15700,200,1.29,15550,15900,15500,10987,172218550,258525981100,16466623
20181008,005680,삼영전자,KOSPI,,12750,-100,-0.78,12850,12950,12700,20302,260462750,255000000000,20000000
20181008,003720,삼영화학,KOSPI,,811,-8,-0.98,823,823,808,75620,61476828,27574000000,34000000
20181008,023000,삼원강재,KOSPI,,3015,0,0.00,3050,3065,3000,8693,26334810,120600000000,40000000
20181008,004380,삼익THK,KOSPI,,13800,-250,-1.78,14250,14250,13700,12814,178192600,289800000000,21000000
20181008,002450,삼익악기,KOSPI,,1945,-55,-2.75,1985,2005,1940,285748,559523610,176082629675,90530915
20181008,000520,삼일제약,KOSPI,,30450,150,0.50,30200,30900,29750,155731,4734285300,197925000000,6500000
20181008,009770,삼정펄프,KOSPI,,36000,200,0.56,36000,36200,36000,238,8569300,89998956000,2499971
20181008,005500,삼진제약,KOSPI,,50100,0,0.00,50000,50900,49650,25753,1294118250,696390000000,13900000
20181008,004690,삼천리,KOSPI,,104000,0,0.00,103000,106500,103000,4580,480477000,421722600000,4055025
20181008,001880,삼호,KOSPI,,14000,-700,-4.76,14450,14750,14000,5043,71663750,212516724000,15179766
20181008,010960,삼호개발,KOSPI,,5470,-110,-1.97,5630,5730,5410,46812,260310720,136750000000,25000000
20181008,004450,삼화왕관,KOSPI,,45500,-50,-0.11,45550,46850,45500,89,4056400,98024244500,2154379
20181008,009470,삼화전기,KOSPI,,24000,-650,-2.64,24000,25400,24000,80358,1972658600,158731680000,6613820
20181008,011230,삼화전자,KOSPI,,3090,100,3.34,2985,3180,2985,92825,287488770,32315034600,10457940
20181008,001820,삼화콘덴서,KOSPI,,66500,-900,-1.34,66800,69800,65100,315134,21291524900,691267500000,10395000
20181008,000390,삼화페인트,KOSPI,,7710,-200,-2.53,7900,7970,7710,22172,173839010,203842770210,26438751
20181008,041650,상신브레이크,KOSPI,,4930,-45,-0.90,4850,4995,4845,44952,219868325,105854248500,21471450
20181008,075180,새론오토모티브,KOSPI,,5070,-80,-1.55,5200,5200,5040,26826,136921080,97344000000,19200000
20181008,007540,샘표,KOSPI,,47000,-1450,-2.99,47900,48350,46750,53866,2555774600,135162600000,2875800
20181008,248170,샘표식품,KOSPI,,36000,-1000,-2.70,36800,38250,36000,97267,3607743950,164458296000,4568286
20181008,007860,서연,KOSPI,,4195,-155,-3.56,4315,4335,4195,38274,162092190,98497945580,23479844
20181008,200880,서연이화,KOSPI,,4950,-80,-1.59,5030,5060,4905,109750,542458265,133790763150,27028437
20181008,017390,서울가스,KOSPI,,89600,0,0.00,89900,90100,88500,188,16746400,448000000000,5000000
20181008,004410,서울식품,KOSPI,,200,-2,-0.99,200,202,198,726079,145432715,67482000000,337410000
20181008,004415,서울식품우,KOSPI,,3935,-70,-1.75,4000,4030,3875,36550,144228820,8753407500,2224500
20181008,021050,서원,KOSPI,,1215,15,1.25,1185,1225,1185,166119,199536790,57681626850,47474590
20181008,008490,서흥,KOSPI,,31600,-50,-0.16,31350,31600,30900,6390,200703500,365583970800,11569113
20181008,007610,선도전기,KOSPI,,5460,-140,-2.50,5580,5680,5410,278494,1543550040,98280000000,18000000
20181008,136490,선진,KOSPI,,12300,-100,-0.81,12400,12400,12300,1645,20279500,292489129200,23779604
20181008,002820,선창산업,KOSPI,,6430,-70,-1.08,6370,6580,6370,23457,151813010,81069369270,12607989
20181008,014910,성문전자,KOSPI,,2305,-5,-0.22,2310,2325,2270,49444,113430725,44917205385,19486857
20181008,014915,성문전자우,KOSPI,,7970,-70,-0.87,8040,8040,7900,1948,15449560,4782000000,600000
20181008,003080,성보화학,KOSPI,,6390,10,0.16,6390,6390,6360,4204,26808560,127927800000,20020000
20181008,004980,성신양회,KOSPI,,12650,-150,-1.17,12600,13000,12500,404752,5162679800,303707297300,24008482
20181008,004987,성신양회2우B,KOSPI,,16450,-300,-1.79,16600,17050,16450,2423,40504600,3630399850,220693
20181008,004989,성신양회3우B,KOSPI,,10550,0,0.00,11100,11100,10550,229,2421500,3026773900,286898
20181008,004985,성신양회우,KOSPI,,12600,200,1.61,12750,12750,12300,10697,134229600,9269127000,735645
20181008,011300,성안,KOSPI,,634,-6,-0.94,627,652,627,70932,45209210,36047883240,56857860
20181008,000180,성창기업지주,KOSPI,,2555,0,0.00,2510,2600,2510,106550,271599140,178215338000,69751600
20181008,002420,세기상사,KOSPI,,82700,700,0.85,82000,83400,81800,81,6649000,33707858400,407592
20181008,004360,세방,KOSPI,,13100,100,0.77,13000,13300,13000,9336,122478300,252943839000,19308690
20181008,004365,세방우,KOSPI,,7150,160,2.29,7150,7150,7150,2,14300,26378137500,3689250
20181008,004490,세방전지,KOSPI,,36500,300,0.83,36250,37150,35700,9441,344981600,511000000000,14000000
20181008,001430,세아베스틸,KOSPI,,18650,-300,-1.58,18750,18950,18650,18194,341339350,668828519350,35862119
20181008,306200,세아제강,KOSPI,,68500,-4500,-6.16,72500,73000,68000,90921,6378101800,194286550000,2836300
20181008,003030,세아제강지주,KOSPI,,53600,-2400,-4.29,56800,57400,53600,44616,2435187900,169574320000,3163700
20181008,019440,세아특수강,KOSPI,,17250,-100,-0.58,17450,17800,17250,1065,18708950,147832500000,8570000
20181008,058650,세아홀딩스,KOSPI,,126500,-500,-0.39,126500,127000,124000,201,25231000,506000000000,4000000
20181008,013000,세우글로벌,KOSPI,,1545,-15,-0.96,1540,1590,1530,185623,288317325,36602139225,23690705
20181008,091090,세원셀론텍,KOSPI,,4875,85,1.77,4750,4925,4750,391225,1900617030,297330111000,60990792
20181008,021820,세원정공,KOSPI,,9860,100,1.02,9750,9970,9520,2805,27200660,98600000000,10000000
20181008,067830,세이브존I&C,KOSPI,,3880,-20,-0.51,3895,3895,3805,18227,69726350,159238672600,41040895
20181008,033530,세종공업,KOSPI,,7070,30,0.43,6980,7130,6930,31338,220182680,141784820100,20054430
20181008,075580,세진중공업,KOSPI,,4490,-295,-6.17,4755,4770,4490,312621,1420786275,172293512800,38372720
20181008,027970,세하,KOSPI,,1365,30,2.25,1335,1395,1320,19782,26558065,40353490905,29562997
20181008,145210,세화아이엠씨,KOSPI,,2990,0,0.00,0,0,0,0,0,87912180330,29402067
20181008,068270,셀트리온,KOSPI,,290000,1000,0.35,287500,292000,286500,325520,94345522500,36364811870000,125395903
20181008,004430,송원산업,KOSPI,,22050,-750,-3.29,22650,22700,22000,92851,2063375550,529200000000,24000000
20181008,017550,수산중공업,KOSPI,,1715,0,0.00,1705,1760,1705,337081,581504465,92584554545,53985163
20181008,002200,수출포장,KOSPI,,23800,0,0.00,23650,24250,23650,21421,511800650,95200000000,4000000
20181008,053210,스카이라이프,KOSPI,,14350,150,1.06,14300,14500,13600,58693,839497450,686245212100,47821966
20181008,134790,시디즈,KOSPI,,53100,-1700,-3.10,54800,57500,53000,577,31141300,106200000000,2000000
20181008,016590,신대양제지,KOSPI,,85100,-400,-0.47,85700,88700,85100,24071,2091107700,342934448200,4029782
20181008,029530,신도리코,KOSPI,,49500,0,0.00,49700,49700,49200,7944,393448050,498961435500,10080029
20181008,004970,신라교역,KOSPI,,13950,-200,-1.41,14150,14150,13900,5409,75636600,223200000000,16000000
20181008,011930,신성이엔지,KOSPI,,1250,-20,-1.57,1280,1280,1245,217796,273559150,216242141250,172993713
20181008,005390,신성통상,KOSPI,,1000,23,2.35,980,1005,973,204481,202741906,143708390000,143708390
20181008,004170,신세계,KOSPI,,301000,-11000,-3.53,308000,311000,300000,80551,24480348000,2963399481000,9845181
20181008,035510,신세계 I&C,KOSPI,,144500,-7500,-4.93,153000,153000,144500,14704,2170721500,248540000000,1720000
20181008,034300,신세계건설,KOSPI,,29100,50,0.17,29150,29150,28750,5031,146010700,116400000000,4000000
20181008,031430,신세계인터내셔날,KOSPI,,198000,-5500,-2.70,202000,205500,198000,48469,9722412000,1413720000000,7140000
20181008,031440,신세계푸드,KOSPI,,104000,-2000,-1.89,107000,107000,103500,10633,1111604000,402737920000,3872480
20181008,006880,신송홀딩스,KOSPI,,5280,-90,-1.68,5330,5480,5160,28427,149404140,62456370240,11828858
20181008,005800,신영와코루,KOSPI,,136500,0,0.00,136500,137000,136500,41,5608500,122850000000,900000
20181008,001720,신영증권,KOSPI,,58600,100,0.17,58400,58700,58100,580,33888300,550033488200,9386237
20181008,001725,신영증권우,KOSPI,,52000,100,0.19,51900,52000,51800,895,46426500,366795676000,7053763
20181008,009270,신원,KOSPI,,2530,-45,-1.75,2560,2580,2510,1681270,4266566675,194147524560,76738152
20181008,009275,신원우,KOSPI,,77900,-1600,-2.01,79400,79400,76200,3868,298182900,7068646000,90740
20181008,002700,신일산업,KOSPI,,1325,10,0.76,1315,1335,1305,354717,469790390,94137965325,71047521
20181008,019170,신풍제약,KOSPI,,7530,-330,-4.20,7730,7900,7530,934794,7202726160,398976974700,52984990
20181008,019175,신풍제약우,KOSPI,,7540,-180,-2.33,7750,7750,7460,22593,170899030,16588000000,2200000
20181008,002870,신풍제지,KOSPI,,1265,-55,-4.17,1295,1320,1240,145276,185423300,44222755500,34958700
20181008,005450,신한,KOSPI,,4480,-45,-0.99,4525,4540,4445,25300,113076650,31462318720,7022839
20181008,293940,신한알파리츠,KOSPI,,5900,110,1.90,5820,5930,5750,110003,640803820,224826125700,38106123
20181008,055550,신한지주,KOSPI,,45550,-300,-0.65,45900,46000,45550,762460,34898183143,21599791187850,474199587
20181008,001770,신화실업,KOSPI,,21800,-100,-0.46,21800,22000,21600,1127,24559600,26484340400,1214878
20181008,004080,신흥,KOSPI,,10150,-50,-0.49,10000,10200,10000,1005,10125350,97440000000,9600000
20181008,102280,쌍방울,KOSPI,,1140,15,1.33,1110,1155,1110,299537,339822400,147201602820,129124213
20181008,003410,쌍용양회,KOSPI,,6260,50,0.81,6210,6380,6150,799746,5026507400,3154161064700,503859595
20181008,003415,쌍용양회우,KOSPI,,5930,-20,-0.34,5860,5970,5860,10697,63140080,9154052050,1543685
20181008,003620,쌍용차,KOSPI,,4290,-60,-1.38,4310,4350,4285,135655,583576505,591802908840,137949396
20181008,004770,써니전자,KOSPI,,2120,-30,-1.40,2005,2170,2005,340646,716201880,63550137600,29976480
20181008,004920,씨아이테크,KOSPI,,676,-6,-0.88,683,688,665,142294,96496434,33267525616,49212316
20181008,112610,씨에스윈드,KOSPI,,32500,-1800,-5.25,34300,34550,32400,58970,1961265700,561785737500,17285715
20181008,008700,아남전자,KOSPI,,3170,-40,-1.25,3175,3270,3170,765803,2466008515,244485679400,77124820
20181008,002790,아모레G,KOSPI,,77500,-2400,-3.00,79000,79400,77200,229735,17899182400,6390508950000,82458180
20181008,002795,아모레G우,KOSPI,,43000,-1900,-4.23,45100,45100,43000,14757,649538750,277082110000,6443770
20181008,090430,아모레퍼시픽,KOSPI,,223000,-2000,-0.89,224000,224500,218500,232645,51682892000,13036243270000,58458490
20181008,090435,아모레퍼시픽우,KOSPI,,122000,-500,-0.41,122000,122500,119000,5535,670864500,1288055260000,10557830
20181008,002030,아세아,KOSPI,,134500,1000,0.75,133500,135000,130500,1408,187422500,294692728000,2191024
20181008,183190,아세아시멘트,KOSPI,,135500,0,0.00,135000,136000,133500,5646,762101500,527882119500,3895809
20181008,002310,아세아제지,KOSPI,,40200,-800,-1.95,40400,41800,40000,58854,2410732750,360051380400,8956502
20181008,020560,아시아나항공,KOSPI,,4175,-20,-0.48,4155,4205,4155,542669,2265536865,856857352450,205235294
20181008,122900,아이마켓코리아,KOSPI,,6770,50,0.74,6720,6990,6720,47358,325381580,243336411800,35943340
20181008,010780,아이에스동서,KOSPI,,36600,400,1.10,36250,37100,35550,30247,1111878350,1128625452600,30836761
20181008,033660,아주캐피탈,KOSPI,,8590,-110,-1.26,8700,8710,8550,41126,354654960,494319195100,57545890
20181008,101140,아티스,KOSPI,,3825,225,6.25,3620,3945,3560,749029,2832592090,90427632075,23641211
20181008,001780,알루코,KOSPI,,3505,-25,-0.71,3515,3600,3460,172786,609071345,261206977510,74524102
20181008,002250,알보젠코리아,KOSPI,,27200,0,0.00,27200,27200,27000,540,14686300,322535478400,11857922
20181008,018250,애경산업,KOSPI,,56900,-2200,-3.72,59000,60000,56500,171677,9950502800,1491823261500,26218335
20181008,161000,애경유화,KOSPI,,9310,-30,-0.32,9340,9490,9300,33441,313122480,298292400000,32040000
20181008,011090,에넥스,KOSPI,,1290,-40,-3.01,1310,1335,1285,288665,375841875,77389216890,59991641
20181008,005850,에스엘,KOSPI,,19800,300,1.54,19600,20000,19400,39264,775543800,670528782000,33865090
20181008,012750,에스원,KOSPI,,91600,400,0.44,90500,92300,90400,32021,2925785600,3480724704800,37999178
20181008,023960,에쓰씨엔지니어링,KOSPI,,1950,10,0.52,1965,1990,1940,21628,42441765,48782344650,25016587
20181008,140910,에이리츠,KOSPI,,5100,-40,-0.78,5100,5210,5060,3984,20542900,18747135900,3675909
20181008,078520,에이블씨엔씨,KOSPI,,12750,-150,-1.16,12800,13100,12700,32231,414482450,316495328250,24823163
20181008,015260,에이엔피,KOSPI,,562,-5,-0.88,561,570,555,295241,165836558,46525095816,82784868
20181008,007460,에이프로젠 KIC,KOSPI,,9060,-220,-2.37,9050,9520,9020,146564,1350833680,450959561160,49774786
20181008,003060,에이프로젠제약,KOSPI,,3380,-45,-1.31,3370,3495,3360,193701,663476540,364641815720,107882194
20181008,036570,엔씨소프트,KOSPI,,420500,3500,0.84,417000,423500,408500,95119,39561085960,9225358751000,21939022
20181008,138250,엔에스쇼핑,KOSPI,,12350,0,0.00,12200,12500,12100,26684,326833300,416145600000,33696000
20181008,085310,엔케이,KOSPI,,1410,20,1.44,1365,1460,1365,238914,338729185,112776526320,79983352
20181008,009810,엔케이물산,KOSPI,,636,-14,-2.15,622,648,622,460381,289642272,51667827828,81238723
20181008,900140,엘브이엠씨홀딩스,KOSPI,,3220,-20,-0.62,3190,3285,3190,60388,194313755,154139815760,47869508
20181008,014440,영보화학,KOSPI,,4030,20,0.50,4035,4035,3950,6466,25836760,80600000000,20000000
20181008,111770,영원무역,KOSPI,,37100,-1300,-3.39,38350,38350,36850,110027,4096670700,1643955462800,44311468
20181008,009970,영원무역홀딩스,KOSPI,,62700,-1000,-1.57,63100,63600,62400,2899,182432100,854951618400,13635592
20181008,003520,영진약품,KOSPI,,7180,-70,-0.97,7190,7400,7160,716415,5206643800,1313169808580,182892731
20181008,000670,영풍,KOSPI,,757000,-7000,-0.92,764000,765000,750000,1274,963829000,1394424280000,1842040
20181008,006740,영풍제지,KOSPI,,3740,70,1.91,3695,3780,3690,46353,173504490,83028000000,22200000
20181008,012280,영화금속,KOSPI,,1460,15,1.04,1450,1470,1440,140155,203544505,66358468760,45451006
20181008,012160,영흥철강,KOSPI,,1210,-25,-2.02,1220,1245,1190,298060,364289330,103850075890,85826509
20181008,015360,예스코홀딩스,KOSPI,,41600,-200,-0.48,41800,42000,41200,786,32679250,249600000000,6000000
20181008,007310,오뚜기,KOSPI,,702000,-7000,-0.99,711000,714000,697000,4460,3122358000,2414880000000,3440000
20181008,079440,오렌지라이프,KOSPI,,31500,-650,-2.02,31450,32350,31450,102006,3234757900,2583000000000,82000000
20181008,002630,오리엔트바이오,KOSPI,,1220,15,1.24,1180,1260,1175,5786374,7018681665,200176648400,164079220
20181008,271560,오리온,KOSPI,,96700,-2300,-2.32,98700,101000,96700,66383,6516615700,3822934028700,39533961
20181008,001800,오리온홀딩스,KOSPI,,17150,-50,-0.29,17200,17300,17050,32962,565834150,1074349624950,62644293
20181008,070960,용평리조트,KOSPI,,7360,110,1.52,7260,7480,7250,328974,2425111870,354261330880,48133333
20181008,004720,우리들제약,KOSPI,,7970,-200,-2.45,8090,8200,7970,54680,441855940,92215482280,11570324
20181008,118000,우리들휴브레인,KOSPI,,3370,-20,-0.59,3445,3445,3200,142685,476771965,81884324030,24298019
20181008,000030,우리은행,KOSPI,,16900,100,0.60,16950,17000,16850,853609,14444249350,11424400000000,676000000
20181008,010050,우리종금,KOSPI,,851,-4,-0.47,850,872,850,2466357,2115554963,573747098506,674203406
20181008,006980,우성사료,KOSPI,,3020,-65,-2.11,3055,3100,3015,126450,384776570,93318000000,30900000
20181008,017370,우신시스템,KOSPI,,8050,-120,-1.47,8200,8210,7800,14999,120328530,147428134700,18314054
20181008,105840,우진,KOSPI,,5770,70,1.23,5770,5830,5570,366964,2098104300,100167200000,17360000
20181008,010400,우진아이엔에스,KOSPI,,14550,1700,13.23,12900,16250,12750,4085908,61120701150,110900100000,7622000
20181008,049800,우진플라임,KOSPI,,4060,-145,-3.45,4080,4160,4060,25258,103228350,40600000000,10000000
20181008,016880,웅진,KOSPI,,2510,-10,-0.40,2470,2580,2470,238682,602472480,182419789570,72677207
20181008,095720,웅진씽크빅,KOSPI,,4435,-45,-1.00,4415,4550,4415,115603,517147815,153544866775,34621165
20181008,103130,웅진에너지,KOSPI,,2105,-10,-0.47,2120,2170,2080,187556,397203195,62519419885,29700437
20181008,005820,원림,KOSPI,,21200,300,1.44,20900,21450,20400,1717,35422550,46640000000,2200000
20181008,010600,웰바이오텍,KOSPI,,7700,30,0.39,7670,7900,7630,117468,912998990,178373379800,23165374
20181008,008600,윌비스,KOSPI,,1355,-20,-1.45,1360,1395,1350,176755,242144545,77235000000,57000000
20181008,033270,유나이티드제약,KOSPI,,30450,-2200,-6.74,33000,34700,30450,744484,24102158200,493512954900,16207322
20181008,014830,유니드,KOSPI,,42600,-400,-0.93,43200,43350,42000,14889,637660200,378707311800,8889843
20181008,000910,유니온,KOSPI,,3800,-95,-2.44,3905,3905,3790,61778,235696165,59324152200,15611619
20181008,047400,유니온머티리얼,KOSPI,,2380,-20,-0.83,2375,2455,2335,38086,90122850,99960000000,42000000
20181008,011330,유니켐,KOSPI,,1930,55,2.93,1870,1970,1870,1331919,2580823550,109208743130,56584841
20181008,077500,유니퀘스트,KOSPI,,9030,-320,-3.42,9400,9570,9030,196192,1833936440,245257427730,27160291
20181008,002920,유성기업,KOSPI,,3100,-160,-4.91,3265,3295,3070,19507,61894140,80437250000,25947500
20181008,000700,유수홀딩스,KOSPI,,6630,0,0.00,6700,6700,6560,9737,64471760,172657213560,26041812
20181008,003470,유안타증권,KOSPI,,3395,-55,-1.59,3455,3455,3345,351112,1190639830,677630375520,199596576
20181008,003475,유안타증권우,KOSPI,,2300,0,0.00,2300,2305,2255,7402,16787025,29698087600,12912212
20181008,011690,유양디앤유,KOSPI,,8400,-20,-0.24,8210,8840,8210,118860,1021012390,468653715600,55792109
20181008,072130,유엔젤,KOSPI,,4220,-10,-0.24,4135,4355,4135,45540,193536545,55684815880,13195454
20181008,000220,유유제약,KOSPI,,14400,-200,-1.37,14500,14850,14400,40656,592580850,91707652800,6368587
20181008,000225,유유제약1우,KOSPI,,8210,-180,-2.15,8270,8410,8210,9208,76082640,9305747650,1133465
20181008,000227,유유제약2우B,KOSPI,,17900,-350,-1.92,18350,18350,17800,987,17738350,2937032000,164080
20181008,001200,유진투자증권,KOSPI,,2700,-10,-0.37,2700,2735,2680,206081,557195680,261539328600,96866418
20181008,000100,유한양행,KOSPI,,220500,-4000,-1.78,219500,227000,219500,30343,6736241000,2692162557000,12209354
20181008,000105,유한양행우,KOSPI,,219500,-3500,-1.57,221000,221000,217000,83,18185000,51843266000,236188
20181008,003460,유화증권,KOSPI,,14250,-50,-0.35,14300,14300,14200,35,498450,161601882750,11340483
20181008,003465,유화증권우,KOSPI,,13600,-50,-0.37,13650,13800,13600,1416,19272350,47535876000,3495285
20181008,008730,율촌화학,KOSPI,,13250,-200,-1.49,13500,13550,13200,29262,389289200,328600000000,24800000
20181008,008250,이건산업,KOSPI,,13500,-250,-1.82,13800,14700,13500,500229,6949623350,135069781500,10005169
20181008,025820,이구산업,KOSPI,,2280,25,1.11,2255,2315,2185,1335515,3113817065,76247760000,33442000
20181008,214320,이노션,KOSPI,,56400,-2900,-4.89,59300,59700,56100,64982,3700761900,1128000000000,20000000
20181008,088260,이리츠코크렙,KOSPI,,4910,-10,-0.20,4975,4975,4860,19313,94494205,311007206900,63341590
20181008,139480,이마트,KOSPI,,215000,-4500,-2.05,220000,220000,214000,89776,19433971000,5993301085000,27875819
20181008,007660,이수페타시스,KOSPI,,5920,90,1.54,5830,6090,5670,829714,4937843530,244308916160,41268398
20181008,005950,이수화학,KOSPI,,10700,0,0.00,10700,10850,10650,16311,174859050,163474600000,15278000
20181008,015020,이스타코,KOSPI,,770,-12,-1.53,772,781,767,254944,196603780,32995732000,42851600
20181008,093230,이아이디,KOSPI,,256,-1,-0.39,257,259,252,510575,130223445,62000306176,242188696
20181008,102460,이연제약,KOSPI,,19600,-150,-0.76,19400,20150,19350,16288,321786050,328692000000,16770000
20181008,084680,이월드,KOSPI,,1865,85,4.78,1785,1870,1780,249113,456945690,168800957905,90509897
20181008,000760,이화산업,KOSPI,,23650,250,1.07,23100,24200,23100,479,11301350,66220000000,2800000
20181008,014990,인디에프,KOSPI,,2635,75,2.93,2540,2645,2455,3121496,7982028435,155288441825,58932995
20181008,006490,인스코비,KOSPI,,7380,-420,-5.38,7560,8040,7320,2748802,20991644400,662159164320,89723464
20181008,023800,인지컨트롤스,KOSPI,,5950,-100,-1.65,6010,6110,5950,23942,143914420,90202761600,15160128
20181008,034590,인천도시가스,KOSPI,,30500,-50,-0.16,30550,30550,30450,511,15580250,133429997000,4374754
20181008,129260,인터지스,KOSPI,,2815,-100,-3.43,2930,2930,2800,31329,88498695,83740265310,29747874
20181008,023810,인팩,KOSPI,,4515,25,0.56,4485,4515,4470,11616,52164260,45150000000,10000000
20181008,249420,일동제약,KOSPI,,24800,-400,-1.59,25150,25650,24750,46370,1164766250,535467042400,21591413
20181008,000230,일동홀딩스,KOSPI,,14150,-150,-1.05,14300,14300,14100,2163,30692400,148437688400,10490296
20181008,013360,일성건설,KOSPI,,1615,-40,-2.42,1645,1680,1615,177824,292524695,87250181200,54024880
20181008,003120,일성신약,KOSPI,,100000,-1000,-0.99,101000,101000,99900,223,22304200,266000000000,2660000
20181008,003200,일신방직,KOSPI,,111500,1000,0.90,110500,113000,109500,1621,180465500,267600000000,2400000
20181008,007110,일신석재,KOSPI,,2220,-35,-1.55,2245,2280,2195,696608,1560903825,171953674200,77456610
20181008,007570,일양약품,KOSPI,,33100,-250,-0.75,33050,33700,33000,35459,1179396600,630422070400,19045984
20181008,007575,일양약품우,KOSPI,,22450,0,0.00,22450,22450,22100,463,10239150,9992046000,445080
20181008,008500,일정실업,KOSPI,,18400,200,1.10,18400,18400,18200,133,2423200,22080000000,1200000
20181008,081000,일진다이아,KOSPI,,24000,-400,-1.64,24200,24950,23950,69000,1682774500,270671400000,11277975
20181008,020760,일진디스플,KOSPI,,4660,35,0.76,4565,4720,4565,83488,388014630,131945290400,28314440
20181008,020150,일진머티리얼즈,KOSPI,,49750,-50,-0.10,49000,51100,48950,299899,15048737500,2294014041250,46110835
20181008,103590,일진전기,KOSPI,,4165,-110,-2.57,4260,4260,4165,86182,359129405,154439824350,37080390
20181008,015860,일진홀딩스,KOSPI,,4340,-30,-0.69,4305,4380,4300,80948,355461340,214168076220,49347483
20181008,226320,잇츠한불,KOSPI,,36150,-550,-1.50,36200,36900,36000,27514,997423150,792744737250,21929315
20181008,033240,자화전자,KOSPI,,12400,300,2.48,11950,12600,11950,66993,831845250,221960000000,17900000
20181008,000950,전방,KOSPI,,21050,-50,-0.24,21100,21300,20950,724,15216550,35364000000,1680000
20181008,194370,제이에스코퍼레이션,KOSPI,,16100,-100,-0.62,16100,16100,15750,26566,421471900,214703176100,13335601
20181008,025620,제이준코스메틱,KOSPI,,15950,-850,-5.06,16500,16900,15950,649566,10618203150,423032758500,26522430
20181008,030000,제일기획,KOSPI,,22000,-100,-0.45,22300,22400,21650,231871,5098227550,2530906950000,115041225
20181008,271980,제일약품,KOSPI,,50400,750,1.51,49050,54800,49050,401749,20829400650,741125548800,14704872
20181008,001560,제일연마,KOSPI,,6490,110,1.72,6350,6520,6350,4088,26377300,64900000000,10000000
20181008,002620,제일파마홀딩스,KOSPI,,28250,550,1.99,27200,29900,27200,35458,1012082400,122760572750,4345507
20181008,006220,제주은행,KOSPI,,5100,40,0.79,5100,5100,5020,30242,152581680,112856747400,22128774
20181008,089590,제주항공,KOSPI,,34800,-750,-2.11,35300,35500,34500,43456,1513640150,917215178400,26356758
20181008,004910,조광페인트,KOSPI,,7590,-110,-1.43,7800,7800,7520,16136,122663800,97152000000,12800000
20181008,004700,조광피혁,KOSPI,,39800,-50,-0.13,39950,40000,38700,11803,466222600,264635692400,6649138
20181008,001550,조비,KOSPI,,28300,-700,-2.41,28300,29400,28300,80914,2322603550,146940363700,5192239
20181008,000480,조선내화,KOSPI,,84500,-400,-0.47,84900,85000,83700,486,41108700,338000000000,4000000
20181008,120030,조선선재,KOSPI,,86300,-800,-0.92,86200,88700,85900,2704,235410700,108535281300,1257651
20181008,018470,조일알미늄,KOSPI,,1085,-20,-1.81,1095,1120,1085,110564,121506050,75516000000,69600000
20181008,002600,조흥,KOSPI,,189000,-500,-0.26,189500,192500,189000,31,5870500,113400000000,600000
20181008,185750,종근당,KOSPI,,106000,-2000,-1.85,108000,109000,106000,15965,1708120000,1047199016000,9879236
20181008,063160,종근당바이오,KOSPI,,21850,-350,-1.58,22100,22550,21850,32232,712914050,114264334650,5229489
20181008,001630,종근당홀딩스,KOSPI,,65700,-1200,-1.79,66100,66800,65500,5378,354476800,329147867700,5009861
20181008,044380,주연테크,KOSPI,,417,12,2.96,393,420,391,370450,151146504,41188453590,98773270
20181008,013870,지엠비코리아,KOSPI,,6810,120,1.79,6690,7400,6690,260676,1840405000,129882226800,19072280
20181008,071320,지역난방공사,KOSPI,,62500,-1100,-1.73,62600,63300,62500,4169,261498700,723671500000,11578744
20181008,010580,지코,KOSPI,,762,28,3.81,734,773,734,627208,473049466,38497317468,50521414
20181008,035000,지투알,KOSPI,,7750,40,0.52,7690,7790,7640,2267,17489220,128397419750,16567409
20181008,088790,진도,KOSPI,,5410,-20,-0.37,5370,5500,5280,16422,88846330,67342295040,12447744
20181008,003780,진양산업,KOSPI,,3235,30,0.94,3205,3295,3180,32881,106438290,42055000000,13000000
20181008,010640,진양폴리,KOSPI,,2130,45,2.16,2070,2150,2070,24802,52674090,21300000000,10000000
20181008,100250,진양홀딩스,KOSPI,,2710,-10,-0.37,2685,2725,2675,11186,30160810,151476241320,55895292
20181008,051630,진양화학,KOSPI,,2315,-75,-3.14,2390,2405,2305,87015,204293955,27780000000,12000000
20181008,272450,진에어,KOSPI,,20250,-50,-0.25,20150,20650,19900,92942,1877811400,607500000000,30000000
20181008,011000,진원생명과학,KOSPI,,6270,20,0.32,6410,6450,6270,157723,1000802250,132761375010,21174063
20181008,002780,진흥기업,KOSPI,,2030,-25,-1.22,2035,2070,2025,27283,55879195,295066756460,145353082
20181008,002787,진흥기업2우B,KOSPI,,7910,-140,-1.74,8190,8190,7890,1266,10118620,2331931280,294808
20181008,002785,진흥기업우B,KOSPI,,3430,-15,-0.44,3445,3475,3400,324,1108960,2940257740,857218
20181008,009310,참엔지니어링,KOSPI,,1980,110,5.88,1870,1995,1845,1416312,2764707675,97396116840,49189958
20181008,000650,천일고속,KOSPI,,86200,-600,-0.69,86800,87000,85800,1077,93046600,123198764000,1429220
20181008,012600,청호컴넷,KOSPI,,3350,5,0.15,3270,3350,3140,28800,94014960,28060779200,8376352
20181008,033250,체시스,KOSPI,,1050,15,1.45,1050,1140,1045,179167,192894900,25200000000,24000000
20181008,035720,카카오,KOSPI,,107500,-1500,-1.38,107500,110500,107500,187871,20428009500,8963852347500,83384673
20181008,006380,카프로,KOSPI,,5860,-60,-1.01,5820,6050,5820,122717,723275810,234400000000,40000000
20181008,109070,컨버즈,KOSPI,,7250,-10,-0.14,7240,7550,7110,102213,754569500,83965280500,11581418
20181008,029460,케이씨,KOSPI,,18200,-200,-1.09,18000,18800,18000,11654,215500200,246683600800,13554044
20181008,281820,케이씨텍,KOSPI,,13000,0,0.00,12950,13300,12900,34634,452821400,257911420000,19839340
20181008,145270,케이탑리츠,KOSPI,,925,1,0.11,916,935,916,22635,20846067,40896722525,44212673
20181008,058860,케이티스,KOSPI,,2710,-45,-1.63,2745,2760,2705,48472,131834490,94313420000,34802000
20181008,007815,코리아써우,KOSPI,,3325,-70,-2.06,3390,3395,3325,53,176430,9857594250,2964690
20181008,007810,코리아써키트,KOSPI,,6200,-20,-0.32,6160,6260,6110,26706,165055310,146448656200,23620751
20181008,00781K,코리아써키트2우B,KOSPI,,4870,-60,-1.22,4880,4880,4790,58,279420,3816614130,783699
20181008,152330,코리아오토글라스,KOSPI,,12750,-250,-1.92,13100,13100,12650,33280,424881400,255000000000,20000000
20181008,003690,코리안리,KOSPI,,10300,0,0.00,10350,10350,10150,163414,1673682650,1239801894800,120369116
20181008,192820,코스맥스,KOSPI,,149500,-1000,-0.66,149000,150500,145000,54539,8110898000,1502401595500,10049509
20181008,044820,코스맥스비티아이,KOSPI,,27550,-1100,-3.84,28050,28550,27450,28979,810828250,264588023550,9603921
20181008,005070,코스모신소재,KOSPI,,21350,-400,-1.84,21300,22200,21050,340035,7317755300,421619052750,19747965
20181008,005420,코스모화학,KOSPI,,19150,700,3.79,18250,19400,18000,333828,6346011200,303345536700,15840498
20181008,071950,코아스,KOSPI,,1670,30,1.83,1640,1690,1615,183407,305055340,51615040700,30907210
20181008,002020,코오롱,KOSPI,,37550,-50,-0.13,37150,38100,37150,6424,241662450,452897496750,12061185
20181008,003070,코오롱글로벌,KOSPI,,7670,-130,-1.67,7750,7830,7670,17490,135641460,193364059460,25210438
20181008,003075,코오롱글로벌우,KOSPI,,13900,-200,-1.42,14150,14300,13450,2138,29386450,4347961700,312803
20181008,144620,코오롱머티리얼,KOSPI,,2985,-25,-0.83,3030,3060,2970,131948,397977615,134325000000,45000000
20181008,002025,코오롱우,KOSPI,,20750,200,0.97,20550,20800,20450,161,3297850,22335092500,1076390
20181008,120110,코오롱인더,KOSPI,,60100,-400,-0.66,60000,61500,59900,47035,2853758200,1620995083200,26971632
20181008,120115,코오롱인더우,KOSPI,,26300,250,0.96,26250,26350,26100,1542,40475600,72794718000,2767860
20181008,138490,코오롱플라스틱,KOSPI,,6450,-30,-0.46,6650,6650,6420,40687,264988700,245100000000,38000000
20181008,021240,코웨이,KOSPI,,85200,-100,-0.12,84100,86100,84000,119085,10152494200,6287727538800,73799619
20181008,031820,콤텍시스템,KOSPI,,1495,-80,-5.08,1550,1585,1485,1787421,2745748785,71537941670,47851466
20181008,192400,쿠쿠홀딩스,KOSPI,,158500,1000,0.63,158500,159500,153500,2180,343806500,1127321264500,7112437
20181008,284740,쿠쿠홈시스,KOSPI,,211500,-500,-0.24,210500,212000,209500,559,117516000,949099059000,4487466
20181008,015590,큐로,KOSPI,,662,-1,-0.15,655,674,640,239379,157798212,82573011652,124732646
20181008,264900,크라운제과,KOSPI,,11050,-100,-0.90,11100,11250,10950,10043,111151050,138388542500,12523850
20181008,26490K,크라운제과우,KOSPI,,8680,40,0.46,8780,8780,8640,148,1284890,6714500800,773560
20181008,005740,크라운해태홀딩스,KOSPI,,13450,-100,-0.74,13350,13550,13350,16928,227856500,199696817150,14847347
20181008,005745,크라운해태홀딩스우,KOSPI,,12850,-250,-1.91,13000,13050,12700,2552,32653350,7719329100,600726
20181008,020120,키다리스튜디오,KOSPI,,2830,15,0.53,2815,2850,2775,8945,25245245,44806113670,15832549
20181008,039490,키움증권,KOSPI,,82000,-1200,-1.44,82600,83400,81300,90534,7428190700,1812178680000,22099740
20181008,012170,키위미디어그룹,KOSPI,,405,0,0.00,402,412,400,559796,226828561,75850283250,187284650
20181008,015890,태경산업,KOSPI,,6290,-120,-1.87,6280,6690,6250,56203,355862130,183848837500,29228750
20181008,006890,태경화학,KOSPI,,4725,5,0.11,4725,4760,4725,14619,69285545,54810000000,11600000
20181008,003240,태광산업,KOSPI,,1660000,16000,0.97,1651000,1685000,1622000,704,1157658000,1848244000000,1113400
20181008,011280,태림포장,KOSPI,,3170,-65,-2.01,3200,3245,3165,79267,252100450,224454829800,70805940
20181008,004100,태양금속,KOSPI,,1305,0,0.00,1295,1360,1290,87780,115118200,47893500000,36700000
20181008,004105,태양금속우,KOSPI,,3425,-55,-1.58,3480,3530,3425,13640,47281010,11302500000,3300000
20181008,009410,태영건설,KOSPI,,12000,0,0.00,12000,12150,11600,154829,1844224300,916800000000,76400000
20181008,009415,태영건설우,KOSPI,,5620,50,0.90,5440,5620,5440,13771,76142790,14373037600,2557480
20181008,001420,태원물산,KOSPI,,4490,15,0.34,4380,4535,4360,36465,161311345,34124000000,7600000
20181008,007980,태평양물산,KOSPI,,3165,-5,-0.16,3140,3240,3125,62371,197531165,157970663430,49911742
20181008,055490,테이팩스,KOSPI,,25900,-200,-0.77,26050,26400,25650,26997,702379050,122187135000,4717650
20181008,078000,텔코웨어,KOSPI,,14100,-400,-2.76,14500,14550,14100,15316,218732000,136808154600,9702706
20181008,214420,토니모리,KOSPI,,12900,-250,-1.90,12950,13050,12700,33051,427559000,227556000000,17640000
20181008,140890,트러스제7호,KOSPI,,2960,-5,-0.17,0,0,0,0,0,28670560000,9686000
20181008,019180,티에이치엔,KOSPI,,2260,-25,-1.09,2285,2295,2235,54017,122061915,40680000000,18000000
20181008,091810,티웨이항공,KOSPI,,8900,-120,-1.33,8890,9070,8840,131393,1169183470,418075826800,46974812
20181008,004870,티웨이홀딩스,KOSPI,,2865,-105,-3.54,2945,2970,2865,329492,956591985,216127217010,75437074
20181008,005690,파미셀,KOSPI,,15050,-250,-1.63,15400,15950,15050,483146,7478459550,902382197500,59958950
20181008,036580,팜스코,KOSPI,,9180,-140,-1.50,9250,9350,9000,79871,729964650,337162516740,36727943
20181008,028670,팬오션,KOSPI,,5080,-70,-1.36,5080,5190,5070,979701,5005635280,2715507401080,534548701
20181008,010820,퍼스텍,KOSPI,,4420,-30,-0.67,4470,4570,4420,615661,2768595020,206700592800,46764840
20181008,016800,퍼시스,KOSPI,,30000,-250,-0.83,29850,30300,29800,444,13377000,345000000000,11500000
20181008,001020,페이퍼코리아,KOSPI,,888,9,1.02,879,920,878,492425,443826519,48144665808,54216966
20181008,090080,평화산업,KOSPI,,2530,95,3.90,2435,2620,2415,2050421,5165077550,94631725320,37403844
20181008,010770,평화홀딩스,KOSPI,,5500,510,10.22,5300,5910,5110,2858065,16007275520,80440063000,14625466
20181008,058430,포스코강판,KOSPI,,23000,200,0.88,22700,23150,22250,10762,242245950,138000000000,6000000
20181008,047050,포스코대우,KOSPI,,21250,-250,-1.16,21300,21600,20750,326017,6897602800,2621721916250,123375149
20181008,007630,폴루스바이오팜,KOSPI,,13850,-100,-0.72,13400,14300,13400,174867,2397034950,438144265250,31634965
20181008,017810,풀무원,KOSPI,,114000,-2000,-1.72,116000,116000,114000,743,84833500,434236830000,3809095
20181008,103140,풍산,KOSPI,,31500,-1150,-3.52,31900,32200,31500,181420,5753843250,882764757000,28024278
20181008,005810,풍산홀딩스,KOSPI,,40950,-50,-0.12,41000,41000,40650,1496,61174050,320850088650,7835167
20181008,033180,필룩스,KOSPI,,14200,-500,-3.40,14650,15100,14200,1619173,23827643100,764341909000,53826895
20181008,086790,하나금융지주,KOSPI,,46150,-250,-0.54,46700,46950,45800,714871,33258698802,13856171161300,300242062
20181008,099340,하나니켈1호,KOSPI,,1185,5,0.42,1180,1190,1175,42001,49551690,26966097000,22756200
20181008,099350,하나니켈2호,KOSPI,,1755,-15,-0.85,1770,1810,1755,29398,52452190,5763420000,3284000
20181008,293480,하나제약,KOSPI,,29700,-1950,-6.16,31250,32350,29700,1321816,41241950650,481140000000,16200000
20181008,039130,하나투어,KOSPI,,65300,-2600,-3.83,64300,67100,64300,187304,12264032700,758536880500,11616185
20181008,172580,하이골드12호,KOSPI,,2900,0,0.00,2910,2910,2895,11880,34444255,37829050000,13044500
20181008,153360,하이골드3호,KOSPI,,1765,-20,-1.12,1805,1805,1760,16334,29051735,28504379350,16149790
20181008,159650,하이골드8호,KOSPI,,1130,-35,-3.00,1165,1165,1125,29367,33471110,16843699770,14905929
20181008,071090,하이스틸,KOSPI,,37000,1300,3.64,36000,37450,35700,20962,770292750,73997928000,1999944
20181008,019490,하이트론,KOSPI,,4200,10,0.24,4295,4295,4050,2345,9903250,23229087000,5530735
20181008,000080,하이트진로,KOSPI,,16400,-200,-1.20,16600,16700,16400,157717,2600842500,1150191220400,70133611
20181008,000087,하이트진로2우B,KOSPI,,14650,-50,-0.34,14850,14850,14650,841,12344150,16556521700,1130138
20181008,000140,하이트진로홀딩스,KOSPI,,7880,0,0.00,7800,7910,7760,4234,33007940,182869308200,23206765
20181008,000145,하이트진로홀딩스우,KOSPI,,8220,-10,-0.12,8220,8220,8220,10,82200,3870058200,470810
20181008,152550,한국ANKOR유전,KOSPI,,1850,-5,-0.27,1855,1855,1850,21675,40114845,129537000000,70020000
20181008,036460,한국가스공사,KOSPI,,62400,0,0.00,62800,63100,61700,209723,13127595200,5760331200000,92313000
20181008,005430,한국공항,KOSPI,,37850,-300,-0.79,38150,38450,37850,782,29713950,119846536750,3166355
20181008,071050,한국금융지주,KOSPI,,69700,-600,-0.85,70800,70800,69100,123746,8621653400,3884101642400,55725992
20181008,071055,한국금융지주우,KOSPI,,37300,-750,-1.97,38300,38700,36300,12080,453547250,218512762300,5858251
20181008,010040,한국내화,KOSPI,,6210,510,8.95,6100,7050,6010,16033620,105877713260,141983154720,22863632
20181008,025540,한국단자,KOSPI,,41250,-150,-0.36,41300,41600,40800,9055,372825250,429618750000,10415000
20181008,004090,한국석유,KOSPI,,174000,-500,-0.29,172000,179500,172000,5405,945166500,114004800000,655200
20181008,002960,한국쉘석유,KOSPI,,349500,-4500,-1.27,353000,354000,347500,797,279507500,454350000000,1300000
20181008,002000,한국유리,KOSPI,,73500,800,1.10,73200,75400,72900,3133,232205900,740855010000,10079660
20181008,002005,한국유리우,KOSPI,,74900,0,0.00,76300,76300,74100,2461,184615900,34062048300,454767
20181008,123890,한국자산신탁,KOSPI,,5430,10,0.18,5420,5490,5420,28087,152761320,557877597270,102739889
20181008,015760,한국전력,KOSPI,,26350,-800,-2.95,27000,27300,26300,1809700,48066946050,16915753428950,641964077
20181008,006200,한국전자홀딩스,KOSPI,,859,6,0.70,845,879,840,55112,47187833,40203893824,46803136
20181008,002300,한국제지,KOSPI,,20400,-200,-0.97,20850,20850,20400,2179,44706150,102100959600,5004949
20181008,023350,한국종합기술,KOSPI,,5110,-80,-1.54,5270,5270,5030,41063,210344980,55954500000,10950000
20181008,025890,한국주강,KOSPI,,2260,20,0.89,2250,2320,2230,13564,30635940,25558925340,11309259
20181008,000970,한국주철관,KOSPI,,9300,-50,-0.53,9300,9450,9300,12031,112884810,212044650000,22800500
20181008,104700,한국철강,KOSPI,,6260,-110,-1.73,6390,6440,6190,17242,107540740,288273000000,46050000
20181008,017960,한국카본,KOSPI,,7020,-140,-1.96,7090,7160,6840,418619,2945156940,308604514140,43960757
20181008,161890,한국콜마,KOSPI,,71700,-100,-0.14,71500,73400,71400,55280,4009556200,1602258246600,22346698
20181008,024720,한국콜마홀딩스,KOSPI,,37200,-1600,-4.12,38800,38850,37200,50862,1927415900,667329535200,17938966
20181008,161390,한국타이어,KOSPI,,47750,-350,-0.73,48150,49000,47200,147237,7042623200,5915034544750,123875069
20181008,000240,한국타이어월드와이드,KOSPI,,18100,100,0.56,18000,18100,17950,23388,421650000,1683665131300,93020173
20181008,034830,한국토지신탁,KOSPI,,2670,-20,-0.74,2690,2700,2670,124284,333651915,674146244100,252489230
20181008,007280,한국특수형강,KOSPI,,3125,-320,-9.29,3400,3430,3110,1119631,3588805415,56315243750,18020878
20181008,168490,한국패러랠,KOSPI,,2660,5,0.19,2660,2665,2655,21987,58457800,212853200000,80020000
20181008,010100,한국프랜지,KOSPI,,2175,50,2.35,2150,2190,2105,99644,214542730,66229663500,30450420
20181008,047810,한국항공우주,KOSPI,,33500,150,0.45,33350,34350,33150,1771350,59915275650,3265416084500,97475107
20181008,123690,한국화장품,KOSPI,,12900,-300,-2.27,13200,13250,12900,113710,1482947900,207277200000,16068000
20181008,003350,한국화장품제조,KOSPI,,39100,-1900,-4.63,40300,41250,39100,63234,2537844900,177201200000,4532000
20181008,011500,한농화성,KOSPI,,4300,-70,-1.60,4285,4360,4280,30815,132661380,67239280600,15637042
20181008,002390,한독,KOSPI,,24350,-450,-1.81,24800,25350,24250,107228,2653789750,335142028550,13763533
20181008,014790,한라,KOSPI,,5280,-180,-3.30,5430,5550,5250,203590,1091220730,205259693760,38874942
20181008,060980,한라홀딩스,KOSPI,,40100,1100,2.82,39600,40750,39100,37041,1478667050,433187909100,10802691
20181008,053690,한미글로벌,KOSPI,,10850,0,0.00,10900,11300,10700,466972,5118775950,118889417500,10957550
20181008,042700,한미반도체,KOSPI,,9460,-270,-2.77,9530,9730,9460,157323,1505808200,541337999400,57223890
20181008,008930,한미사이언스,KOSPI,,79500,-600,-0.75,79200,81700,79000,45556,3660708700,5048191726500,63499267
20181008,128940,한미약품,KOSPI,,455500,-3000,-0.65,458500,468500,453500,23103,10659669500,5186182250500,11385691
20181008,009240,한샘,KOSPI,,68800,-400,-0.58,67800,71300,67800,212666,14411901432,1619134246400,23533928
20181008,020000,한섬,KOSPI,,36350,-950,-2.55,37300,37300,36050,40052,1454626900,895300500000,24630000
20181008,003680,한성기업,KOSPI,,7300,-380,-4.95,7620,7700,7300,258134,1928602340,39989042300,5477951
20181008,105630,한세실업,KOSPI,,20750,0,0.00,20400,21450,20400,143106,2975345500,830000000000,40000000
20181008,069640,한세엠케이,KOSPI,,8880,180,2.07,8730,8980,8690,23129,205734880,114634779360,12909322
20181008,016450,한세예스24홀딩스,KOSPI,,10100,50,0.50,10050,10300,9960,118476,1197286990,404000000000,40000000
20181008,010420,한솔PNS,KOSPI,,1270,-25,-1.93,1275,1300,1265,64206,81955420,26026125240,20493012
20181008,009180,한솔로지스틱스,KOSPI,,1600,-40,-2.44,1620,1700,1590,55889,90926410,26363880000,16477425
20181008,213500,한솔제지,KOSPI,,20400,200,0.99,20100,20550,20050,37632,765762350,485531750400,23800576
20181008,014680,한솔케미칼,KOSPI,,78800,1800,2.34,78100,79700,77000,41630,3288363200,890061366000,11295195
20181008,004710,한솔테크닉스,KOSPI,,7630,-170,-2.18,7650,7920,7630,74921,576221820,168698369140,22109878
20181008,004150,한솔홀딩스,KOSPI,,4775,-20,-0.42,4800,4860,4770,50050,240440150,221368384025,46359871
20181008,025750,한솔홈데코,KOSPI,,1745,35,2.05,1705,1770,1705,1662751,2895788985,140586185005,80565149
20181008,004960,한신공영,KOSPI,,18550,-350,-1.85,18900,18900,18450,44867,833313850,214636522100,11570702
20181008,011700,한신기계,KOSPI,,2365,-5,-0.21,2330,2435,2330,46147,109308855,76735147115,32446151
20181008,001750,한양증권,KOSPI,,7480,50,0.67,7350,7500,7350,3901,29116170,95209434320,12728534
20181008,001755,한양증권우,KOSPI,,8720,-40,-0.46,8750,8750,8710,36,314400,4578000000,525000
20181008,018880,한온시스템,KOSPI,,12450,-350,-2.73,12900,13000,12400,1554783,19583842950,6645810000000,533800000
20181008,009420,한올바이오파마,KOSPI,,29350,-600,-2.00,29850,30400,29250,207230,6164677950,1533262725300,52240638
20181008,014130,한익스프레스,KOSPI,,4495,25,0.56,4405,4525,4405,10109,45095105,53940000000,12000000
20181008,300720,한일시멘트,KOSPI,,146500,0,0.00,146500,150000,144000,3716,545977000,607238105000,4144970
20181008,002220,한일철강,KOSPI,,20950,-450,-2.10,21400,21600,20950,3465,73155250,46765281350,2232233
20181008,006390,한일현대시멘트,KOSPI,,55000,-1300,-2.31,56600,56800,54800,54530,3033573800,921719920000,16758544
20181008,003300,한일홀딩스,KOSPI,,66600,-1100,-1.62,67100,68200,66600,2317,155485800,226462843800,3400343
20181008,051600,한전KPS,KOSPI,,31600,-200,-0.63,31350,32000,31350,140958,4472913350,1422000000000,45000000
20181008,052690,한전기술,KOSPI,,21000,-100,-0.47,21100,21300,20650,61825,1299757450,802620000000,38220000
20181008,130660,한전산업,KOSPI,,3910,230,6.25,3700,4065,3680,285029,1097342600,127466000000,32600000
20181008,002320,한진,KOSPI,,33500,1050,3.24,32500,33800,32150,99796,3329737750,401150976000,11974656
20181008,097230,한진중공업,KOSPI,,2305,-165,-6.68,2470,2495,2300,470033,1115674525,244451030940,106052508
20181008,003480,한진중공업홀딩스,KOSPI,,3295,55,1.70,3180,3295,3150,17552,56229890,97300730540,29529812
20181008,180640,한진칼,KOSPI,,21350,-600,-2.73,21400,21850,20850,560772,11896916950,1263289278300,59170458
20181008,18064K,한진칼우,KOSPI,,12800,150,1.19,12850,12850,12600,199,2539500,6870604800,536766
20181008,005110,한창,KOSPI,,1775,0,0.00,1795,1815,1775,144016,257909860,61163995475,34458589
20181008,009460,한창제지,KOSPI,,986,-4,-0.40,984,996,981,208106,205661583,58832141196,59667486
20181008,000880,한화,KOSPI,,32400,-800,-2.41,32900,33250,32150,227413,7408468300,2428663014000,74958735
20181008,00088K,한화3우B,KOSPI,,14450,-200,-1.37,14650,14650,14400,55086,798636100,324720400000,22472000
20181008,027390,한화갤러리아타임월드,KOSPI,,32700,-1000,-2.97,33300,33850,32450,22488,740902350,196204283700,6000131
20181008,088350,한화생명,KOSPI,,5180,-40,-0.77,5230,5300,5170,604804,3165459000,4498985400000,868530000
20181008,000370,한화손해보험,KOSPI,,6820,20,0.29,6830,6930,6780,85395,585357620,796159400300,116738915
20181008,012450,한화에어로스페이스,KOSPI,,28950,0,0.00,28900,29450,28500,436911,12687738950,1506558000000,52040000
20181008,000885,한화우,KOSPI,,21850,-650,-2.89,22350,22700,21850,9868,218124650,10472573900,479294
20181008,009830,한화케미칼,KOSPI,,18850,-100,-0.53,18800,19050,18700,531220,10022107350,3074630926900,163110394
20181008,009835,한화케미칼우,KOSPI,,12350,-150,-1.20,12500,12500,12350,1988,24631200,13878151950,1123737
20181008,003530,한화투자증권,KOSPI,,2365,-75,-3.07,2410,2435,2360,392596,937586230,407826538515,172442511
20181008,003535,한화투자증권우,KOSPI,,2235,5,0.22,2270,2275,2210,2012,4475170,10728000000,4800000
20181008,195870,해성디에스,KOSPI,,16400,-150,-0.91,16500,16600,16200,46328,758316800,278800000000,17000000
20181008,101530,해태제과식품,KOSPI,,11450,-150,-1.29,11400,11700,11400,6192,71302450,333387611900,29116822
20181008,143210,핸즈코퍼레이션,KOSPI,,7500,-150,-1.96,7570,7760,7500,11646,87786240,163974510000,21863268
20181008,000720,현대건설,KOSPI,,64500,-1500,-2.27,66000,66500,64000,1021073,66373663800,7182446842500,111355765
20181008,267270,현대건설기계,KOSPI,,133000,-3000,-2.21,134500,136500,131500,76198,10169285500,1313547235000,9876295
20181008,000725,현대건설우,KOSPI,,204000,-7000,-3.32,213000,213000,202500,2090,430982000,20166624000,98856
20181008,005440,현대그린푸드,KOSPI,,13500,-400,-2.88,13950,13950,13350,169878,2316760000,1319010507000,97704482
20181008,086280,현대글로비스,KOSPI,,118000,-3500,-2.88,120500,122500,118000,85027,10115903000,4425000000000,37500000
20181008,064350,현대로템,KOSPI,,31800,200,0.63,31450,32100,30950,1920478,60669983200,2703000000000,85000000
20181008,079430,현대리바트,KOSPI,,23400,-100,-0.43,23700,24500,23300,72979,1740421850,480525598800,20535282
20181008,012330,현대모비스,KOSPI,,208000,-500,-0.24,208000,212000,205000,131297,27173675000,20247523504000,97343863
20181008,010620,현대미포조선,KOSPI,,100500,-4000,-3.83,104500,105000,99900,194725,19680516500,2010000000000,20000000
20181008,069960,현대백화점,KOSPI,,93800,-2000,-2.09,96000,97000,93600,69951,6641305300,2195148965800,23402441
20181008,004560,현대비앤지스틸,KOSPI,,11200,250,2.28,10800,11250,10800,22652,250651700,168882683200,15078811
20181008,004565,현대비앤지스틸우,KOSPI,,60500,100,0.17,60700,62500,60500,279,16989500,6646046000,109852
20181008,011760,현대상사,KOSPI,,33650,650,1.97,32700,33950,32700,183692,6128355300,445154705900,13228966
20181008,011200,현대상선,KOSPI,,4790,-90,-1.84,4940,4975,4780,1327819,6453388785,1493549911330,311805827
20181008,004310,현대약품,KOSPI,,5200,-60,-1.14,5250,5350,5170,215336,1130933540,166400000000,32000000
20181008,126560,현대에이치씨엔,KOSPI,,3820,-125,-3.17,3940,4040,3820,125532,494962900,431188596720,112876596
20181008,017800,현대엘리베이,KOSPI,,125500,2000,1.62,121500,127000,120500,793714,98201798500,3408362383000,27158266
20181008,011210,현대위아,KOSPI,,39700,-450,-1.12,40000,40700,39550,67718,2697873850,1079644795100,27195083
20181008,267260,현대일렉트릭,KOSPI,,70800,-1600,-2.21,73000,73000,70800,29527,2111413700,722569436400,10205783
20181008,004020,현대제철,KOSPI,,53600,-200,-0.37,53800,54100,53100,189170,10138351700,7152694076000,133445785
20181008,009540,현대중공업,KOSPI,,133500,-7000,-4.98,140500,142000,132500,325392,43879530000,9233584371000,69165426
20181008,267250,현대중공업지주,KOSPI,,394000,-19000,-4.60,413000,415000,394000,44915,17939629500,6416927098000,16286617
20181008,005380,현대차,KOSPI,,122000,-2500,-2.01,123500,124000,121500,386710,47257105000,26067518814000,213668187
20181008,005387,현대차2우B,KOSPI,,80200,-2100,-2.55,82500,82500,79900,37222,2993558400,2926133170200,36485451
20181008,005389,현대차3우B,KOSPI,,72600,-1300,-1.76,73800,74000,72500,5685,415448400,176326161000,2428735
20181008,005385,현대차우,KOSPI,,73400,-2300,-3.04,75700,75700,73400,30791,2282053800,1787780679000,24356685
20181008,001500,현대차증권,KOSPI,,9450,-70,-0.74,9520,9560,9440,10611,100528030,277235698950,29337111
20181008,227840,현대코퍼레이션홀딩스,KOSPI,,35350,-450,-1.26,35400,36500,35050,53790,1922197750,321714552600,9100836
20181008,001450,현대해상,KOSPI,,41600,-600,-1.42,42500,42800,41600,176975,7427580300,3719040000000,89400000
20181008,057050,현대홈쇼핑,KOSPI,,107000,-3000,-2.73,110000,110500,107000,8104,880456500,1284000000000,12000000
20181008,093240,형지엘리트,KOSPI,,3825,-95,-2.42,3825,3955,3825,32593,126081830,73267102350,19154798
20181008,003010,혜인,KOSPI,,7100,-40,-0.56,7140,7430,7100,601999,4370252890,90260503700,12712747
20181008,111110,호전실업,KOSPI,,13250,150,1.15,13150,13250,12850,25983,337510700,106000000000,8000000
20181008,008770,호텔신라,KOSPI,,92200,-2800,-2.95,93800,96400,91800,634155,59308491800,3618676756200,39248121
20181008,008775,호텔신라우,KOSPI,,50600,-1400,-2.69,52100,52300,50600,3812,196487500,38045077400,751879
20181008,002460,화성산업,KOSPI,,14350,-150,-1.03,14500,14600,14300,26939,388176350,178668980000,12450800
20181008,013520,화승알앤에이,KOSPI,,2180,-5,-0.23,2165,2205,2160,31372,68287135,140743437800,64561210
20181008,241590,화승엔터프라이즈,KOSPI,,12900,-350,-2.64,13100,13450,12850,86336,1127531350,780923043000,60536670
20181008,006060,화승인더,KOSPI,,7600,-70,-0.91,7530,7670,7320,360801,2693063370,420432000000,55320000
20181008,010690,화신,KOSPI,,2850,-20,-0.70,2830,2895,2830,23537,66963285,99523168500,34920410
20181008,133820,화인베스틸,KOSPI,,2480,-10,-0.40,2490,2500,2455,26020,64616865,73284000000,29550000
20181008,010660,화천기계,KOSPI,,21600,50,0.23,21250,21850,21250,1773,38070350,47520000000,2200000
20181008,000850,화천기공,KOSPI,,47650,-350,-0.73,48000,48150,47400,1474,70025950,104830000000,2200000
20181008,016580,환인제약,KOSPI,,19750,-600,-2.95,20000,20400,19700,36657,734383500,367351382500,18600070
20181008,032560,황금에스티,KOSPI,,10150,-50,-0.49,10100,10350,10100,27602,281593050,142100000000,14000000
20181008,004800,효성,KOSPI,,48000,950,2.02,47050,49700,46800,187396,9084455850,662167248000,13795151
20181008,094280,효성ITX,KOSPI,,10950,50,0.46,10900,11100,10750,9011,98439250,126562290000,11558200
20181008,298040,효성중공업,KOSPI,,51800,-1000,-1.89,52800,52900,51300,24065,1252727300,483011586400,9324548
20181008,298050,효성첨단소재,KOSPI,,130500,-2000,-1.51,133000,135000,129000,16033,2099802500,584633214000,4479948
20181008,298020,효성티앤씨,KOSPI,,175500,-1000,-0.57,174500,177000,171500,21662,3771411500,759508191000,4327682
20181008,298000,효성화학,KOSPI,,139500,6000,4.49,133000,139500,132500,22719,3125104500,445022577000,3190126
20181008,093370,후성,KOSPI,,10300,100,0.98,10200,10450,10200,384630,3971743300,953850235700,92606819
20181008,081660,휠라코리아,KOSPI,,41250,-1600,-3.73,42500,42850,40850,292395,12136747600,2520996637500,61115070
20181008,005870,휴니드,KOSPI,,8880,-250,-2.74,9190,9190,8650,34743,310898100,125350213200,14116015
20181008,079980,휴비스,KOSPI,,8490,70,0.83,8420,8550,8360,65538,553419160,292905000000,34500000
20181008,005010,휴스틸,KOSPI,,13950,-50,-0.36,13800,14200,13800,34539,481176250,105111129600,7534848
20181008,069260,휴켐스,KOSPI,,24050,-450,-1.84,24550,24550,24000,51551,1243848900,983130041400,40878588
20181008,000540,흥국화재,KOSPI,,5670,-30,-0.53,5710,5770,5600,37482,210989600,364255797150,64242645
20181008,000547,흥국화재2우B,KOSPI,,31450,-800,-2.48,31750,32700,31400,2862,90821500,4830720000,153600
20181008,000545,흥국화재우,KOSPI,,5850,-40,-0.68,5890,5890,5750,828,4810840,4492800000,768000
20181008,003280,흥아해운,KOSPI,,490,-4,-0.81,485,495,484,467645,229343421,86065280700,175643430
20181008,060310,3S,KOSDAQ,중견기업부,2595,40,1.57,2500,2645,2400,117817,300350945,115207303410,44395878
20181008,054620,APS홀딩스,KOSDAQ,우량기업부,4945,-5,-0.10,4745,4975,4745,30476,149275645,100849422845,20394221
20181008,265520,AP시스템,KOSDAQ,우량기업부,24000,250,1.05,23550,24500,23350,104242,2506612750,338388264000,14099511
20181008,211270,AP위성,KOSDAQ,벤처기업부,8120,-60,-0.73,8140,8280,8060,6814,55447710,121920208480,15014804
20181008,032040,C&S자산관리,KOSDAQ,투자주의환기종목(소속부없음),650,-60,-8.45,715,800,650,684420,484761637,7094079200,10913968
20181008,035760,CJ ENM,KOSDAQ,우량기업부,240500,-5900,-2.39,246400,248300,238100,85329,20667923900,5273295352000,21926384
20181008,051500,CJ프레시웨이,KOSDAQ,중견기업부,30300,-50,-0.16,30900,30900,29750,21735,654792550,359709055800,11871586
20181008,058820,CMG제약,KOSDAQ,중견기업부,4995,-115,-2.25,5010,5240,4985,1258510,6411005655,543891783780,108887244
20181008,023460,CNH,KOSDAQ,중견기업부,1375,5,0.36,1370,1385,1365,16662,22942545,51150000000,37200000
20181008,065770,CS,KOSDAQ,벤처기업부,2065,15,0.73,2050,2125,2005,42759,87702830,38894584750,18835150
20181008,083660,CSA 코스믹,KOSDAQ,중견기업부,7630,-440,-5.45,7970,8140,7560,506404,3927008180,150674500830,19747641
20181008,045890,DB라이텍,KOSDAQ,벤처기업부,1560,-65,-4.00,1625,1625,1555,129658,204310785,41474517240,26586229
20181008,068790,DMS,KOSDAQ,우량기업부,6150,-140,-2.23,6200,6290,6100,68779,424453640,141526795050,23012487
20181008,241520,DSC인베스트먼트,KOSDAQ,벤처기업부,4585,-75,-1.61,4555,4780,4550,76386,353879860,80237500000,17500000
20181008,245620,EDGC,KOSDAQ,기술성장기업부,7550,190,2.58,7250,7830,7250,330885,2520697410,273105697000,36172940
20181008,037370,EG,KOSDAQ,중견기업부,8780,-30,-0.34,8630,8950,8630,23439,206514190,65850000000,7500000
20181008,079190,EMW,KOSDAQ,중견기업부,2780,0,0.00,0,0,0,0,0,88360067660,31784197
20181008,130500,GH신소재,KOSDAQ,중견기업부,3180,-15,-0.47,3145,3200,3135,12604,39843930,34980000000,11000000
20181008,032860,GMR 머티리얼즈,KOSDAQ,중견기업부,775,-4,-0.51,779,790,770,250324,194059104,52358101000,67558840
20181008,900290,GRT,KOSDAQ,외국기업(소속부없음),2250,5,0.22,2275,2275,2235,46372,104183420,151593750000,67375000
20181008,083450,GST,KOSDAQ,우량기업부,5590,60,1.08,5480,5640,5480,25048,139500270,52086194550,9317745
20181008,028150,GS홈쇼핑,KOSDAQ,우량기업부,211900,4200,2.02,210000,212400,207700,20950,4431587600,1390593750000,6562500
20181008,078150,HB테크놀러지,KOSDAQ,우량기업부,2460,-105,-4.09,2520,2585,2460,974015,2440817715,194316447960,78990426
20181008,036640,HRS,KOSDAQ,우량기업부,3280,-90,-2.67,3380,3415,3230,76510,255825510,53643744000,16354800
20181008,299170,IBKS제10호스팩,KOSDAQ,SPAC(소속부없음),2120,-5,-0.24,2100,2130,2100,4311,9115535,9179600000,4330000
20181008,254120,IBKS제5호스팩,KOSDAQ,SPAC(소속부없음),2200,10,0.46,2230,2230,2170,16,34845,9900000000,4500000
20181008,264850,IBKS제6호스팩,KOSDAQ,SPAC(소속부없음),2110,-5,-0.24,2140,2140,2100,4323,9090195,9104650000,4315000
20181008,276920,IBKS제7호스팩,KOSDAQ,SPAC(소속부없음),2410,15,0.63,2395,2420,2350,12888,30938335,8796500000,3650000
20181008,297570,IBKS제9호스팩,KOSDAQ,SPAC(소속부없음),2595,-5,-0.19,2685,2685,2570,12763,33173775,7162200000,2760000
20181008,095340,ISC,KOSDAQ,우량기업부,10750,-300,-2.71,10950,11300,10650,115779,1264062350,149100930500,13869854
20181008,099520,ITX엠투엠,KOSDAQ,벤처기업부,1470,35,2.44,1450,1490,1420,38735,56706240,24205212570,16466131
20181008,950170,JTC,KOSDAQ,외국기업(소속부없음),8040,-140,-1.71,8190,8190,8020,148305,1199668790,281444356680,35005517
20181008,067290,JW신약,KOSDAQ,중견기업부,7850,-60,-0.76,7830,8140,7830,244809,1952742360,325944607100,41521606
20181008,035900,JYP Ent.,KOSDAQ,우량기업부,36350,-1500,-3.96,38000,38750,34300,726603,26959683850,1268220057250,34889135
20181008,024120,KB오토시스,KOSDAQ,우량기업부,6040,-10,-0.17,5830,6040,5830,5275,31183660,69460000000,11500000
20181008,021320,KCC건설,KOSDAQ,중견기업부,9010,-510,-5.36,9520,9590,8990,141874,1299133840,192814000000,21400000
20181008,036670,KCI,KOSDAQ,중견기업부,8720,10,0.11,8710,8870,8630,22904,199612550,98274400000,11270000
20181008,044180,KD건설,KOSDAQ,투자주의환기종목(소속부없음),106,1,0.95,105,109,105,5600503,597351148,37703321684,355691714
20181008,151860,KG ETS,KOSDAQ,우량기업부,3845,70,1.85,3775,3850,3730,71192,270433325,138420000000,36000000
20181008,046440,KG모빌리언스,KOSDAQ,우량기업부,7330,-200,-2.66,7400,7550,7330,50064,372098790,219217994810,29906957
20181008,035600,KG이니시스,KOSDAQ,중견기업부,17050,-300,-1.73,17400,17500,16800,153806,2632683700,475770599700,27904434
20181008,060720,KH바텍,KOSDAQ,중견기업부,8820,20,0.23,8890,9060,8800,55897,500653440,178705592100,20261405
20181008,083470,KJ프리텍,KOSDAQ,중견기업부,790,0,0.00,790,800,738,541989,420202930,17377746920,21997148
20181008,122450,KMH,KOSDAQ,중견기업부,7790,30,0.39,7670,7950,7670,89853,706475910,169691385070,21783233
20181008,052900,KMH하이텍,KOSDAQ,중견기업부,1020,0,0.00,1020,1040,1020,62771,64509925,47823208980,46885499
20181008,058400,KNN,KOSDAQ,우량기업부,889,10,1.14,870,977,869,222802,203211625,117730021080,132429720
20181008,114450,KPX생명과학,KOSDAQ,중견기업부,6190,-80,-1.28,6220,6370,6190,224141,1408941510,92850000000,15000000
20181008,036030,KTH,KOSDAQ,우량기업부,5330,30,0.57,5260,5380,5260,4928,26237950,190361067260,35715022
20181008,060370,KT서브마린,KOSDAQ,우량기업부,4170,-35,-0.83,4165,4205,4160,42186,176151825,91323000000,21900000
20181008,065150,MP그룹,KOSDAQ,관리종목(소속부없음),1315,0,0.00,0,0,0,0,0,106263055205,80808407
20181008,219550,MP한강,KOSDAQ,벤처기업부,2555,-55,-2.11,2610,2645,2555,310895,809622020,145203894850,56831270
20181008,160550,NEW,KOSDAQ,중견기업부,7150,200,2.88,7000,7250,6950,233502,1677206840,195953657900,27406106
20181008,053290,NE능률,KOSDAQ,중견기업부,2975,-15,-0.50,2950,2995,2940,17936,52990300,40156079950,13497842
20181008,104200,NHN벅스,KOSDAQ,중견기업부,7880,-110,-1.38,7990,8130,7710,14093,112075730,116841094000,14827550
20181008,060250,NHN한국사이버결제,KOSDAQ,우량기업부,12500,-200,-1.57,12400,12900,12400,77568,984338800,269968662500,21597493
20181008,030190,NICE평가정보,KOSDAQ,우량기업부,11950,850,7.66,11250,12050,11100,573065,6717305050,725542099000,60714820
20181008,024940,PN풍년,KOSDAQ,벤처기업부,2755,-20,-0.72,2750,2760,2715,12215,33440795,27550000000,10000000
20181008,218410,RFHIC,KOSDAQ,벤처기업부,24950,-750,-2.92,25350,25950,24700,180681,4538437450,560026677050,22445959
20181008,091340,S&K폴리텍,KOSDAQ,중견기업부,4520,-40,-0.88,4500,4625,4400,80432,365862345,52900818920,11703721
20181008,019550,SBI인베스트먼트,KOSDAQ,중견기업부,909,8,0.89,905,927,905,675727,618747471,147318516675,162066575
20181008,950110,SBI핀테크솔루션즈,KOSDAQ,외국기업(소속부없음),8340,210,2.58,8010,8490,7960,8158,66885690,205635543600,24656540
20181008,046140,SBS콘텐츠허브,KOSDAQ,중견기업부,6550,110,1.71,6440,6610,6300,13164,86315670,140586285250,21463555
20181008,036120,SCI평가정보,KOSDAQ,중견기업부,3020,20,0.67,3000,3080,2995,90097,273519405,107210000000,35500000
20181008,099220,SDN,KOSDAQ,중견기업부,1695,-5,-0.29,1670,1720,1655,272486,459832435,66384124125,39164675
20181008,036540,SFA반도체,KOSDAQ,중견기업부,1850,-5,-0.27,1855,1885,1845,124324,232520735,261075017350,141121631
20181008,255220,SG,KOSDAQ,벤처기업부,11600,-100,-0.85,11800,11800,11500,38196,443551650,145069878400,12506024
20181008,040610,SG&G,KOSDAQ,우량기업부,2510,-5,-0.20,2510,2645,2510,219188,559031970,85558861960,34087196
20181008,049470,SGA,KOSDAQ,벤처기업부,618,3,0.49,612,620,595,226046,138331436,59775740382,96724499
20181008,184230,SGA솔루션즈,KOSDAQ,벤처기업부,1930,-70,-3.50,1960,2005,1880,488763,947684460,65436839140,33905098
20181008,232330,SK3호스팩,KOSDAQ,SPAC(소속부없음),2110,10,0.48,2100,2120,2085,974,2060195,7596000000,3600000
20181008,057500,SKC 솔믹스,KOSDAQ,중견기업부,4000,-5,-0.12,3915,4105,3915,129153,520763250,245976160000,61494040
20181008,178920,SKC코오롱PI,KOSDAQ,우량기업부,43900,-600,-1.35,43700,45050,43700,162613,7185617400,1289181535800,29366322
20181008,036490,SK머티리얼즈,KOSDAQ,우량기업부,180800,2500,1.40,180400,181600,175100,24449,4411651200,1907019278400,10547673
20181008,052260,SK바이오랜드,KOSDAQ,우량기업부,16750,-100,-0.59,16700,17050,16700,31188,525212750,251250000000,15000000
20181008,048550,SM C&C,KOSDAQ,중견기업부,2440,-50,-2.01,2490,2540,2430,164953,410170975,229508903440,94061026
20181008,063440,SM Life Design,KOSDAQ,중견기업부,1785,-20,-1.11,1845,1845,1780,153531,276891335,78879556980,44190228
20181008,123260,STC,KOSDAQ,벤처기업부,1580,0,0.00,1580,1635,1560,74584,119215390,37944482100,24015495
20181008,289080,SV인베스트먼트,KOSDAQ,중견기업부,5180,-70,-1.33,5140,5330,5140,168022,877900590,137876060000,26617000
20181008,089230,THE E&M,KOSDAQ,중견기업부,822,57,7.45,764,840,759,525167,425701843,75509725560,91860980
20181008,032540,TJ미디어,KOSDAQ,중견기업부,3600,-30,-0.83,3535,3640,3535,628,2275005,50153792400,13931609
20181008,048770,TPC,KOSDAQ,중견기업부,4760,-35,-0.73,4790,4835,4655,11547,54817395,61404000000,12900000
20181008,038340,UCI,KOSDAQ,관리종목(소속부없음),3600,0,0.00,0,0,0,0,0,48364030800,13434453
20181008,052300,W홀딩컴퍼니,KOSDAQ,벤처기업부,623,-4,-0.64,615,639,615,431612,269244165,82426448608,132305696
20181008,040300,YTN,KOSDAQ,중견기업부,2145,5,0.23,2140,2180,2125,36228,77993935,90090000000,42000000
20181008,051390,YW,KOSDAQ,벤처기업부,4195,-60,-1.41,4245,4325,4165,78431,332268880,47635768760,11355368
20181008,052220,iMBC,KOSDAQ,중견기업부,2850,-5,-0.18,2855,2875,2845,34684,98920815,65550000000,23000000
20181008,079940,가비아,KOSDAQ,벤처기업부,7980,30,0.38,8040,8040,7790,27853,221118920,108014758320,13535684
20181008,078890,가온미디어,KOSDAQ,우량기업부,7030,30,0.43,7000,7170,6990,26285,185553210,102039051030,14514801
20181008,192410,감마누,KOSDAQ,투자주의환기종목(소속부없음),408,0,0.00,0,0,0,0,0,9969806400,24435800
20181008,024840,갑을메탈,KOSDAQ,중견기업부,2215,-30,-1.34,2265,2265,2205,81649,182176790,69199913640,31241496
20181008,217730,강스템바이오텍,KOSDAQ,기술성장기업부,19100,-650,-3.29,19650,20250,19100,284723,5617568300,397336096700,20802937
20181008,094480,갤럭시아컴즈,KOSDAQ,우량기업부,3650,-20,-0.54,3610,3685,3610,15320,55986565,143188908700,39229838
20181008,063080,게임빌,KOSDAQ,우량기업부,47650,-900,-1.85,48950,49300,47200,20237,977884450,314260898800,6595192
20181008,039240,경남스틸,KOSDAQ,우량기업부,2075,0,0.00,2050,2095,2050,63001,130934775,51875000000,25000000
20181008,053950,경남제약,KOSDAQ,중견기업부,17200,0,0.00,0,0,0,0,0,193472067200,11248376
20181008,011040,경동제약,KOSDAQ,우량기업부,12800,0,0.00,12800,12850,12550,21835,276791600,339840000000,26550000
20181008,024910,경창산업,KOSDAQ,중견기업부,1855,-145,-7.25,1960,1985,1850,1212185,2325045215,66444254275,35819005
20181008,198440,고려시멘트,KOSDAQ,우량기업부,3080,25,0.82,3095,3150,3060,130998,407509190,98498276800,31979960
20181008,049720,고려신용정보,KOSDAQ,중견기업부,3670,-15,-0.41,3685,3755,3670,12444,45980010,52481000000,14300000
20181008,014570,고려제약,KOSDAQ,중견기업부,8310,-420,-4.81,8600,8840,8270,360739,3107209960,91410000000,11000000
20181008,098460,고영,KOSDAQ,우량기업부,101500,1600,1.60,100000,104500,99100,82839,8412131100,1389327026500,13687951
20181008,038530,골드퍼시픽,KOSDAQ,중견기업부,2600,-55,-2.07,2650,2650,2505,36559,94124805,23754494400,9136344
20181008,227950,골든브릿지제4호스팩,KOSDAQ,SPAC(소속부없음),1755,-30,-1.68,1785,1805,1725,57165,100848670,13250250000,7550000
20181008,900280,골든센츄리,KOSDAQ,외국기업(소속부없음),1110,-10,-0.89,1100,1140,1100,866178,970298505,103674000000,93400000
20181008,215000,골프존,KOSDAQ,우량기업부,38200,-700,-1.80,38850,38900,37950,9123,350219400,239720853000,6275415
20181008,121440,골프존뉴딘홀딩스,KOSDAQ,우량기업부,4455,-35,-0.78,4530,4580,4445,56259,252581890,190838024190,42836818
20181008,014200,광림,KOSDAQ,중견기업부,3075,100,3.36,2975,3270,2950,426616,1324756485,149132844450,48498486
20181008,026910,광진실업,KOSDAQ,중견기업부,3700,-55,-1.46,3705,3750,3680,40906,151483925,23699998500,6405405
20181008,090150,광진윈텍,KOSDAQ,중견기업부,2620,50,1.95,2545,2650,2545,15789,40776350,25304989660,9658393
20181008,267320,교보7호스팩,KOSDAQ,SPAC(소속부없음),2075,0,0.00,2075,2075,2075,900,1867500,8341500000,4020000
20181008,242040,교보비엔케이스팩,KOSDAQ,SPAC(소속부없음),2125,20,0.95,2100,2145,2100,46660,99156550,15108750000,7110000
20181008,053270,구영테크,KOSDAQ,중견기업부,1755,15,0.86,1770,1780,1720,368490,645385680,46321775370,26394174
20181008,066620,국보디자인,KOSDAQ,우량기업부,15150,50,0.33,14750,15250,14750,9392,141755600,113625000000,7500000
20181008,043650,국순당,KOSDAQ,중견기업부,4945,15,0.30,4880,4980,4880,23315,115176140,88309313280,17858304
20181008,006050,국영지앤엠,KOSDAQ,벤처기업부,1515,-20,-1.30,1535,1560,1490,294380,448500220,52866293145,34895243
20181008,060480,국일신동,KOSDAQ,중견기업부,4240,-150,-3.42,4385,4465,4240,325553,1415520110,47021600000,11090000
20181008,078130,국일제지,KOSDAQ,중견기업부,927,42,4.75,871,999,871,17903282,17206426027,107894462562,116391006
20181008,019010,그랜드백화점,KOSDAQ,우량기업부,14950,200,1.36,14750,15150,14600,4167,61912600,72059000000,4820000
20181008,900070,글로벌에스엠,KOSDAQ,외국기업(소속부없음),1015,0,0.00,1000,1025,1000,84786,85520740,54550127520,53743968
20181008,204620,글로벌텍스프리,KOSDAQ,벤처기업부,7470,220,3.03,7250,7530,7110,82415,600909090,145355570190,19458577
20181008,019660,글로본,KOSDAQ,중견기업부,3950,-140,-3.42,4090,4090,3910,45453,180916415,110604135650,28001047
20181008,053260,금강철강,KOSDAQ,우량기업부,4040,-40,-0.98,4010,4075,3950,36805,147401425,75628800000,18720000
20181008,036190,금화피에스시,KOSDAQ,우량기업부,30800,-400,-1.28,31200,31500,30800,856,26517200,184800000000,6000000
20181008,049080,기가레인,KOSDAQ,중견기업부,2400,-10,-0.41,2470,2715,2400,1352709,3414014530,120942360000,50392650
20181008,035460,기산텔레콤,KOSDAQ,벤처기업부,2880,-5,-0.17,2865,2965,2860,27406,79301575,41982739200,14577340
20181008,187790,나노,KOSDAQ,벤처기업부,2215,-60,-2.64,2275,2275,2140,168289,373483435,52180832670,23557938
20181008,151910,나노스,KOSDAQ,관리종목(소속부없음),8000,80,1.01,7750,8100,7750,131561,1046516100,3926703840000,490837980
20181008,121600,나노신소재,KOSDAQ,벤처기업부,15200,100,0.66,14900,15450,14900,45782,699665000,164894661600,10848333
20181008,039860,나노엔텍,KOSDAQ,중견기업부,5850,0,0.00,5800,5970,5790,89442,525361230,150067628100,25652586
20181008,091970,나노캠텍,KOSDAQ,중견기업부,5300,60,1.15,5190,5330,5120,80000,422677240,112370790800,21202036
20181008,051490,나라엠앤디,KOSDAQ,중견기업부,6330,150,2.43,6100,6430,6080,70112,440065780,89886000000,14200000
20181008,190510,나무가,KOSDAQ,중견기업부,18500,150,0.82,18350,18500,18100,7518,137948300,63455370000,3430020
20181008,089600,나스미디어,KOSDAQ,우량기업부,39000,-100,-0.26,38600,40350,38400,11145,436180000,341432949000,8754691
20181008,293580,나우아이비캐피탈,KOSDAQ,중견기업부,6330,-320,-4.81,6650,6730,6330,337081,2202878010,60008400000,9480000
20181008,138610,나이벡,KOSDAQ,기술성장기업부,11800,-250,-2.07,11850,12200,11750,61110,728724500,75141904400,6367958
20181008,130580,나이스디앤비,KOSDAQ,중견기업부,7810,-100,-1.26,7760,7970,7760,3261,25532330,120274000000,15400000
20181008,036800,나이스정보통신,KOSDAQ,우량기업부,22250,-50,-0.22,22300,22600,22150,7163,159674250,222500000000,10000000
20181008,091590,남화토건,KOSDAQ,우량기업부,14350,600,4.36,13700,15050,13650,566604,8196992100,168469000000,11740000
20181008,168330,내츄럴엔도텍,KOSDAQ,벤처기업부,17950,-100,-0.55,18050,18400,17850,95140,1726405600,370951504900,20665822
20181008,072770,네오디안테크놀로지,KOSDAQ,중견기업부,2110,-25,-1.17,2125,2205,2110,309091,663704470,74765651380,35433958
20181008,212560,네오오토,KOSDAQ,우량기업부,4785,-35,-0.73,4750,4840,4740,9663,46263050,37681697955,7874963
20181008,095660,네오위즈,KOSDAQ,중견기업부,13600,-50,-0.37,13550,13700,13250,114801,1549552900,298044108800,21915008
20181008,042420,네오위즈홀딩스,KOSDAQ,우량기업부,11650,-300,-2.51,12000,12000,11650,28510,335978400,103182488900,8856866
20181008,085910,네오티스,KOSDAQ,중견기업부,4340,-75,-1.70,4350,4415,4340,1759,7683580,47799362520,11013678
20181008,092730,네오팜,KOSDAQ,벤처기업부,49500,700,1.43,48400,50200,48000,46336,2293735400,369331231500,7461237
20181008,153460,네이블,KOSDAQ,벤처기업부,4445,-165,-3.58,4630,4630,4420,53277,237990240,29025912230,6530014
20181008,007390,네이처셀,KOSDAQ,중견기업부,15250,-1100,-6.73,16800,17200,15150,4765282,77689555950,809110084750,53056399
20181008,033640,네패스,KOSDAQ,우량기업부,10100,200,2.02,9850,10550,9840,377153,3864901230,232022664100,22972541
20181008,087730,네패스신소재,KOSDAQ,벤처기업부,59400,4900,8.99,54700,60000,54100,223492,13006250700,208834777800,3515737
20181008,081970,넥스지,KOSDAQ,투자주의환기종목(소속부없음),1350,85,6.72,1400,1400,1250,761592,984377485,10895747400,8070924
20181008,089140,넥스턴,KOSDAQ,벤처기업부,13100,-400,-2.96,13600,13950,13100,118202,1602763750,155189412000,11846520
20181008,065170,넥스트BT,KOSDAQ,중견기업부,2180,-20,-0.91,2175,2255,2175,133517,293227990,134259795160,61587062
20181008,139670,넥스트리밍,KOSDAQ,벤처기업부,2710,-115,-4.07,2805,2875,2605,9540,25830535,19015828810,7016911
20181008,137940,넥스트아이,KOSDAQ,중견기업부,2975,-5,-0.17,3000,3025,2970,106665,318856590,203729770125,68480595
20181008,092600,넥스트칩,KOSDAQ,벤처기업부,7160,-120,-1.65,7140,7400,7060,96827,700788630,96284100000,13447500
20181008,041140,넥슨지티,KOSDAQ,우량기업부,7460,-140,-1.84,7530,7760,7460,100612,765814890,263884982120,35373322
20181008,217270,넵튠,KOSDAQ,중견기업부,9680,-260,-2.62,9940,10050,9650,74355,729750410,206003090480,21281311
20181008,225570,넷게임즈,KOSDAQ,벤처기업부,9120,-60,-0.65,9120,9340,9010,21339,194706570,218770122240,23987952
20181008,144510,녹십자랩셀,KOSDAQ,중견기업부,53400,-1800,-3.26,54000,56900,53300,143541,7883772100,563586483600,10554054
20181008,031390,녹십자셀,KOSDAQ,벤처기업부,62500,-4500,-6.72,66100,69300,62500,417657,27751718600,730996187500,11695939
20181008,142280,녹십자엠에스,KOSDAQ,중견기업부,16350,-1050,-6.03,17300,18250,15950,1116756,19154935900,156306000000,9560000
20181008,065560,녹원씨엔아이,KOSDAQ,중견기업부,9330,120,1.30,9190,9450,9160,58856,549613800,125174526840,13416348
20181008,054050,농우바이오,KOSDAQ,우량기업부,13650,-500,-3.53,14150,14250,13650,92612,1286198750,218817157650,16030561
20181008,040160,누리텔레콤,KOSDAQ,벤처기업부,8420,-50,-0.59,8380,8540,8350,19350,163149470,101507604700,12055535
20181008,069140,누리플랜,KOSDAQ,벤처기업부,6140,170,2.85,5940,6140,5920,47666,288803840,29173602140,4751401
20181008,126870,뉴로스,KOSDAQ,벤처기업부,5020,-970,-16.19,6010,6070,4930,1056675,5699930355,96144405440,19152272
20181008,060260,뉴보텍,KOSDAQ,벤처기업부,1715,0,0.00,0,0,0,0,0,46071621085,26863919
20181008,012340,뉴인텍,KOSDAQ,중견기업부,863,0,0.00,850,872,850,152082,130548764,42395013080,49125160
20181008,222040,뉴트리바이오텍,KOSDAQ,우량기업부,22250,400,1.83,21800,23100,21800,138560,3137947300,458973000000,20628000
20181008,144960,뉴파워프라즈마,KOSDAQ,우량기업부,15150,150,1.00,14700,15400,14700,27035,406120200,124992605550,8250337
20181008,900100,뉴프라이드,KOSDAQ,외국기업(소속부없음),3380,80,2.42,3305,3460,3300,1963998,6683501600,268660290340,79485293
20181008,085670,뉴프렉스,KOSDAQ,중견기업부,2775,-75,-2.63,2880,2880,2775,54773,153866485,58708008225,21156039
20181008,119860,다나와,KOSDAQ,벤처기업부,21000,0,0.00,21000,21550,20500,23585,497933550,274571262000,13074822
20181008,064260,다날,KOSDAQ,우량기업부,4100,-5,-0.12,4050,4200,4050,158370,652628400,222936081400,54374654
20181008,093640,다믈멀티미디어,KOSDAQ,벤처기업부,6730,110,1.66,6620,6850,6620,38172,257492190,49831241850,7404345
20181008,039560,다산네트웍스,KOSDAQ,중견기업부,7230,-270,-3.60,7500,7600,7230,309043,2290546470,210916213410,29172367
20181008,032190,다우데이타,KOSDAQ,우량기업부,10200,0,0.00,10100,10350,10100,26332,269633300,390660000000,38300000
20181008,068240,다원시스,KOSDAQ,우량기업부,16250,450,2.85,15850,16300,15700,159607,2571731050,420842483750,25897999
20181008,020400,대동금속,KOSDAQ,중견기업부,50100,-300,-0.60,50400,50400,49550,175,8688850,24048000000,480000
20181008,008830,대동기어,KOSDAQ,중견기업부,28650,50,0.17,28600,29000,28350,990,28301350,25749244800,898752
20181008,048470,대동스틸,KOSDAQ,중견기업부,14700,1050,7.69,13600,14750,13250,983191,13920921100,147000000000,10000000
20181008,004780,대륙제관,KOSDAQ,우량기업부,5980,70,1.18,5890,6030,5890,1884,11235130,95101130020,15903199
20181008,017650,대림제지,KOSDAQ,벤처기업부,2150,-20,-0.92,2130,2260,2130,242864,534187930,96750000000,45000000
20181008,007720,대명코퍼레이션,KOSDAQ,중견기업부,2510,-80,-3.09,2585,2620,2480,550135,1403671010,253009129500,100800450
20181008,078140,대봉엘에스,KOSDAQ,우량기업부,7960,-40,-0.50,7950,8080,7780,14986,119180830,88249168840,11086579
20181008,036480,대성미생물,KOSDAQ,중견기업부,20850,0,0.00,20650,23000,20550,523097,11402121450,79230000000,3800000
20181008,025440,대성엘텍,KOSDAQ,중견기업부,1010,-10,-0.98,1010,1035,1005,81926,83145765,100657956430,99661343
20181008,027830,대성창투,KOSDAQ,중견기업부,1960,-15,-0.76,1965,1995,1960,159539,314038015,78400000000,40000000
20181008,104040,대성파인텍,KOSDAQ,벤처기업부,2110,70,3.43,2045,2120,2045,1564247,3377935350,66045702910,31301281
20181008,253590,대신밸런스제3호스팩,KOSDAQ,SPAC(소속부없음),2245,0,0.00,0,0,0,0,0,12369950000,5510000
20181008,262830,대신밸런스제4호스팩,KOSDAQ,SPAC(소속부없음),2080,0,0.00,2080,2080,2080,11220,23337600,10420800000,5010000
20181008,303030,대신밸런스제5호스팩,KOSDAQ,SPAC(소속부없음),2085,5,0.24,2075,2090,2075,13489,28052305,8569350000,4110000
20181008,020180,대신정보통신,KOSDAQ,중견기업부,990,2,0.20,972,998,972,117228,115273260,38044625850,38428915
20181008,045390,대아티아이,KOSDAQ,우량기업부,8640,100,1.17,8470,8810,8450,2750997,23831513160,614749150080,71151522
20181008,108380,대양전기공업,KOSDAQ,우량기업부,13550,-200,-1.45,13700,13850,13500,24552,336283750,129637362150,9567333
20181008,006580,대양제지,KOSDAQ,중견기업부,3505,5,0.14,3450,3595,3450,74551,263762395,94109250000,26850000
20181008,007680,대원,KOSDAQ,중견기업부,13200,-400,-2.94,13550,13850,13050,40691,543326650,145860000000,11050000
20181008,048910,대원미디어,KOSDAQ,벤처기업부,9490,-200,-2.06,9750,9860,9440,176943,1705428900,119374197540,12578946
20181008,005710,대원산업,KOSDAQ,우량기업부,6550,120,1.87,6540,6700,6430,15549,102299020,131246280000,20037600
20181008,290380,대유,KOSDAQ,중견기업부,24600,-1800,-6.82,26000,26800,24150,766153,19302125650,222689040000,9052400
20181008,071460,대유위니아,KOSDAQ,우량기업부,2700,10,0.37,2690,2770,2600,43885,119153230,97111696500,35967295
20181008,120240,대정화금,KOSDAQ,우량기업부,13250,0,0.00,13300,13500,13000,31763,419338750,94080180750,7100391
20181008,003310,대주산업,KOSDAQ,중견기업부,1665,10,0.60,1625,1685,1625,112375,185517295,58928262750,35392350
20181008,078600,대주전자재료,KOSDAQ,중견기업부,23100,-250,-1.07,23000,23950,22800,80148,1871683150,336133297500,14551225
20181008,065690,대진디엠피,KOSDAQ,중견기업부,3930,-60,-1.50,3990,3995,3905,33703,132557330,54654242760,13906932
20181008,096350,대창솔루션,KOSDAQ,중견기업부,634,-20,-3.06,672,673,605,427204,268950744,68760669710,108455315
20181008,140520,대창스틸,KOSDAQ,중견기업부,3555,-145,-3.92,3630,3700,3500,116269,416821485,71100000000,20000000
20181008,131220,대한과학,KOSDAQ,벤처기업부,5310,0,0.00,5170,5380,5170,15065,78882150,39583341900,7454490
20181008,010170,대한광통신,KOSDAQ,중견기업부,6060,-140,-2.26,6190,6360,6010,1196907,7353280210,446874247500,73741625
20181008,054670,대한뉴팜,KOSDAQ,중견기업부,11700,-400,-3.31,11950,12100,11700,99146,1179127800,167952564000,14354920
20181008,023910,대한약품,KOSDAQ,우량기업부,43250,-350,-0.80,43500,44600,43050,8868,385001950,259500000000,6000000
20181008,021040,대호피앤씨,KOSDAQ,중견기업부,1375,-35,-2.48,1400,1425,1360,2085758,2891834325,100530135750,73112826
20181008,021045,대호피앤씨우,KOSDAQ,중견기업부,1660,-35,-2.06,1705,1715,1650,63900,106692715,7042493560,4242466
20181008,067080,대화제약,KOSDAQ,우량기업부,24450,100,0.41,24350,25200,24000,154724,3820133500,445600614300,18224974
20181008,192080,더블유게임즈,KOSDAQ,우량기업부,69500,-1700,-2.39,71800,71800,69200,110478,7746706500,1262139182000,18160276
20181008,035290,더블유에프엠,KOSDAQ,투자주의환기종목(소속부없음),3450,150,4.55,3300,3450,3285,84167,284282515,76499868750,22173875
20181008,213420,덕산네오룩스,KOSDAQ,우량기업부,15100,-350,-2.27,15400,15750,15100,80888,1244248500,362551181200,24010012
20181008,077360,덕산하이메탈,KOSDAQ,중견기업부,5800,-20,-0.34,5760,5940,5760,18701,109435810,131767305800,22718501
20181008,090410,덕신하우징,KOSDAQ,중견기업부,1525,-10,-0.65,1535,1555,1525,120941,185526460,61091500000,40060000
20181008,263600,덕우전자,KOSDAQ,우량기업부,13400,1700,14.53,11700,14000,11650,596338,7845100350,108674884400,8110066
20181008,194480,데브시스터즈,KOSDAQ,벤처기업부,11100,0,0.00,11100,11150,10850,12568,138123950,124341423000,11201930
20181008,263800,데이타솔루션,KOSDAQ,벤처기업부,3545,15,0.42,3525,3670,3510,59869,214726030,55722366100,15718580
20181008,139050,데일리블록체인,KOSDAQ,벤처기업부,1645,-25,-1.50,1670,1715,1620,138036,229275800,47693017820,28992716
20181008,017680,데코앤이,KOSDAQ,관리종목(소속부없음),536,2,0.37,534,564,530,559534,304916401,53205998192,99264922
20181008,206560,덱스터,KOSDAQ,기술성장기업부,6380,-40,-0.62,6340,6590,6340,191618,1235538080,157123635020,24627529
20181008,067990,도이치모터스,KOSDAQ,벤처기업부,5490,-40,-0.72,5530,5660,5430,181158,1006588840,144185560920,26263308
20181008,006620,동구바이오제약,KOSDAQ,벤처기업부,27550,-450,-1.61,27800,28300,27500,41364,1148027150,264590200000,9604000
20181008,100130,동국S&C,KOSDAQ,우량기업부,3625,-15,-0.41,3615,3720,3615,112343,409481975,207143375000,57143000
20181008,005160,동국산업,KOSDAQ,우량기업부,2930,-15,-0.51,2945,2955,2925,16985,49845345,158936332260,54244482
20181008,075970,동국알앤에스,KOSDAQ,중견기업부,2470,-10,-0.40,2455,2535,2455,151465,377420985,45448000000,18400000
20181008,086450,동국제약,KOSDAQ,우량기업부,65400,500,0.77,66000,66500,64800,9417,618000000,581536800000,8892000
20181008,099410,동방선기,KOSDAQ,중견기업부,1930,5,0.26,1925,1955,1920,59260,114906830,26134133860,13541002
20181008,281740,동부스팩5호,KOSDAQ,SPAC(소속부없음),2035,-15,-0.73,2035,2040,2035,2811,5720885,9849400000,4840000
20181008,033500,동성화인텍,KOSDAQ,중견기업부,8470,30,0.36,8300,8700,8080,400187,3390451180,228551168230,26983609
20181008,025950,동신건설,KOSDAQ,우량기업부,7550,0,0.00,7730,7730,7440,10137,76527200,63420000000,8400000
20181008,088130,동아엘텍,KOSDAQ,우량기업부,8560,-210,-2.39,8660,8780,8500,25739,221815500,95446533760,11150296
20181008,041930,동아화성,KOSDAQ,우량기업부,3745,145,4.03,3600,3820,3580,94357,351234895,59171000000,15800000
20181008,060380,동양에스텍,KOSDAQ,중견기업부,3440,10,0.29,3440,3450,3380,17278,59157100,34400000000,10000000
20181008,079960,동양이엔피,KOSDAQ,우량기업부,9960,-90,-0.90,9950,10050,9950,879,8763270,78285600000,7860000
20181008,228340,동양파일,KOSDAQ,우량기업부,5300,140,2.71,5060,5430,5050,287956,1512734180,106000000000,20000000
20181008,104460,동양피엔에프,KOSDAQ,중견기업부,3995,15,0.38,3905,4050,3905,17272,68793170,42800931875,10713625
20181008,088910,동우팜투테이블,KOSDAQ,우량기업부,3420,-20,-0.58,3440,3560,3415,16140,55556710,88344632880,25831764
20181008,094170,동운아나텍,KOSDAQ,벤처기업부,6040,-40,-0.66,6070,6170,5930,95635,577746210,75396371720,12482843
20181008,013120,동원개발,KOSDAQ,우량기업부,4000,30,0.76,3970,4020,3955,33012,131933995,363232400000,90808100
20181008,109860,동일금속,KOSDAQ,우량기업부,10200,-300,-2.86,10450,10650,10200,23141,239755150,71400000000,7000000
20181008,032960,동일기연,KOSDAQ,벤처기업부,11350,-150,-1.30,11300,11450,11300,108,1224600,69798902050,6149683
20181008,023790,동일철강,KOSDAQ,중견기업부,4000,20,0.50,3980,4000,3755,3971,15482420,29380340000,7345085
20181008,005290,동진쎄미켐,KOSDAQ,우량기업부,8960,-170,-1.86,9070,9320,8910,323271,2932581010,460673866240,51414494
20181008,025900,동화기업,KOSDAQ,우량기업부,28750,-150,-0.52,28900,29050,28500,9472,272512950,412756735000,14356756
20181008,078590,두올산업,KOSDAQ,중견기업부,6040,1390,29.89,4650,6040,4650,10393787,57746512930,78612230800,13015270
20181008,073190,듀오백,KOSDAQ,중견기업부,2545,40,1.60,2450,2580,2450,28151,71573370,30458661800,11968040
20181008,030350,드래곤플라이,KOSDAQ,중견기업부,3415,-55,-1.59,3470,3470,3365,31375,106734025,54668996765,16008491
20181008,203650,드림시큐리티,KOSDAQ,벤처기업부,3860,-10,-0.26,3845,3970,3845,97070,378505335,138210210440,35805754
20181008,217620,디딤,KOSDAQ,중견기업부,3405,-215,-5.94,3640,3695,3400,582998,2058664090,125991486525,37001905
20181008,187870,디바이스이엔지,KOSDAQ,벤처기업부,8860,-220,-2.42,8950,9110,8860,9004,80804910,60088520000,6782000
20181008,066670,디스플레이텍,KOSDAQ,우량기업부,3910,15,0.39,3895,3925,3870,21603,84301660,73085399380,18691918
20181008,110990,디아이티,KOSDAQ,중견기업부,7530,-390,-4.92,7920,8110,7420,258832,2026046470,142317000000,18900000
20181008,214680,디알텍,KOSDAQ,벤처기업부,1760,-5,-0.28,1750,1790,1740,63248,111502485,77807850560,44209006
20181008,263720,디앤씨미디어,KOSDAQ,벤처기업부,16500,350,2.17,15950,16600,15750,75647,1232351250,198682159500,12041343
20181008,109740,디에스케이,KOSDAQ,관리종목(소속부없음),7000,-390,-5.28,7410,7410,6900,165769,1182406810,142483341000,20354763
20181008,033430,디에스티,KOSDAQ,중견기업부,1125,-30,-2.60,1180,1180,1115,163027,184954835,58674461625,52155077
20181008,090710,디에스티로봇,KOSDAQ,벤처기업부,1350,40,3.05,1300,1410,1295,1725942,2351607160,94335557850,69878191
20181008,131030,디에이치피코리아,KOSDAQ,중견기업부,12850,-250,-1.91,12900,13250,12700,114322,1477676650,212857641450,16564797
20181008,196490,디에이테크놀로지,KOSDAQ,벤처기업부,25000,-1300,-4.94,26150,27050,25000,492922,12556782750,210067425000,8402697
20181008,066900,디에이피,KOSDAQ,우량기업부,2825,-20,-0.70,2910,2910,2795,14109,39836250,64253220975,22744503
20181008,127120,디엔에이링크,KOSDAQ,기술성장기업부,5560,0,0.00,5570,5710,5460,27640,154302780,59702168000,10737800
20181008,092070,디엔에프,KOSDAQ,우량기업부,9320,-150,-1.58,9510,9540,9310,36022,337352400,100300236960,10761828
20181008,101000,디엠씨,KOSDAQ,관리종목(소속부없음),1575,0,0.00,0,0,0,0,0,63066896550,40042474
20181008,134580,디엠티,KOSDAQ,중견기업부,4105,-100,-2.38,4180,4260,4000,46022,187748715,46181250000,11250000
20181008,039840,디오,KOSDAQ,우량기업부,29900,-100,-0.33,29700,30900,29400,27171,818606150,453624949700,15171403
20181008,079810,디이엔티,KOSDAQ,중견기업부,2815,-55,-1.92,2870,3015,2765,22986,65303085,25277376950,8979530
20181008,113810,디젠스,KOSDAQ,관리종목(소속부없음),670,-9,-1.33,681,693,667,187061,126417099,21860794170,32628051
20181008,043360,디지아이,KOSDAQ,벤처기업부,3045,-15,-0.49,3025,3080,3025,10489,31947530,27405000000,9000000
20181008,197140,디지캡,KOSDAQ,벤처기업부,9940,520,5.52,9660,9990,9420,76633,747509710,35099283100,3531115
20181008,106520,디지탈옵틱,KOSDAQ,중견기업부,1295,0,0.00,1295,1345,1275,476954,620038290,64956675525,50159595
20181008,068930,디지털대성,KOSDAQ,중견기업부,4450,-35,-0.78,4450,4545,4450,41615,187197270,99879017350,22444723
20181008,033130,디지틀조선,KOSDAQ,중견기업부,1920,-20,-1.03,1920,1955,1920,55967,108376050,71261312640,37115267
20181008,033310,디케이디앤아이,KOSDAQ,중견기업부,1885,-40,-2.08,1890,1930,1885,20575,38938700,41417994735,21972411
20181008,105740,디케이락,KOSDAQ,중견기업부,10800,500,4.85,10200,10850,10050,395610,4160871500,88915449600,8232912
20181008,187220,디티앤씨,KOSDAQ,벤처기업부,10500,-50,-0.47,10300,10650,10300,21188,220893500,103467567000,9854054
20181008,131180,딜리,KOSDAQ,벤처기업부,2145,-10,-0.46,2155,2180,2125,40368,86449125,62955750000,29350000
20181008,042510,라온시큐어,KOSDAQ,벤처기업부,2845,10,0.35,2800,2880,2800,73278,207999770,90498346140,31809612
20181008,050120,라이브플렉스,KOSDAQ,중견기업부,791,-4,-0.50,790,816,787,263071,210210279,65845255714,83243054
20181008,171120,라이온켐텍,KOSDAQ,우량기업부,10900,-50,-0.46,10800,11000,10700,3656,39568000,167707454500,15386005
20181008,069540,라이트론,KOSDAQ,중견기업부,7550,-10,-0.13,7550,7600,7390,62451,467160530,106968528350,14168017
20181008,171010,램테크놀러지,KOSDAQ,벤처기업부,3885,-40,-1.02,3935,3935,3800,7963,30561900,44392791660,11426716
20181008,084650,랩지노믹스,KOSDAQ,벤처기업부,8700,-80,-0.91,8700,8990,8610,37933,332270370,79198666500,9103295
20181008,217500,러셀,KOSDAQ,벤처기업부,2320,-45,-1.90,2365,2425,2315,32056,75862790,71483840000,30812000
20181008,141080,레고켐바이오,KOSDAQ,기술성장기업부,43600,350,0.81,43250,45650,42750,47873,2117868800,461718855200,10589882
20181008,060300,레드로버,KOSDAQ,중견기업부,2835,-85,-2.91,2915,2935,2820,243563,701927925,126840825720,44741032
20181008,038390,레드캡투어,KOSDAQ,우량기업부,16550,-100,-0.60,16700,16750,16500,1659,27492850,142155894000,8589480
20181008,228850,레이언스,KOSDAQ,우량기업부,19000,50,0.26,18900,19050,18650,13798,260529750,315229266000,16591014
20181008,047440,레이젠,KOSDAQ,투자주의환기종목(소속부없음),27,-15,-35.71,38,38,27,13055401,399673949,786958983,29146629
20181008,238120,로고스바이오,KOSDAQ,기술성장기업부,15700,-150,-0.95,15650,16150,15600,17404,276319500,56437166800,3594724
20181008,215100,로보로보,KOSDAQ,벤처기업부,2625,0,0.00,2610,2670,2590,71988,189344915,46720941750,17798454
20181008,090360,로보스타,KOSDAQ,우량기업부,28500,-1100,-3.72,29400,30000,28500,81981,2387970500,277875000000,9750000
20181008,900260,로스웰,KOSDAQ,외국기업(소속부없음),1340,5,0.37,1305,1390,1305,206507,275734910,121646875000,90781250
20181008,067730,로지시스,KOSDAQ,중견기업부,3425,40,1.18,3380,3475,3380,20951,72023240,31992657850,9340922
20181008,071280,로체시스템즈,KOSDAQ,벤처기업부,3200,50,1.59,3120,3235,3120,27148,85990505,48949129600,15296603
20181008,038060,루멘스,KOSDAQ,중견기업부,2925,-100,-3.31,2995,3040,2870,275332,811850355,138284593200,47276784
20181008,082800,루미마이크로,KOSDAQ,중견기업부,2170,-15,-0.69,2205,2270,2170,537657,1201460365,125127212700,57662310
20181008,085370,루트로닉,KOSDAQ,벤처기업부,11800,-50,-0.42,11850,12200,11800,83459,995725100,297281412000,25193340
20181008,08537M,루트로닉3우C,KOSDAQ,벤처기업부,16000,-250,-1.54,15650,16200,15650,1605,25345150,16465824000,1029114
20181008,060240,룽투코리아,KOSDAQ,벤처기업부,3900,-30,-0.76,3835,3995,3835,22298,86615750,94286918700,24176133
20181008,058470,리노공업,KOSDAQ,우량기업부,65200,0,0.00,65900,67500,64300,40774,2675031300,993802524000,15242370
20181008,039980,리노스,KOSDAQ,우량기업부,2380,-45,-1.86,2410,2455,2375,188151,452853440,89856885720,37754994
20181008,016100,리더스코스메틱,KOSDAQ,우량기업부,14250,-250,-1.72,14250,14800,14250,52219,753617500,258928399500,18170414
20181008,197210,리드,KOSDAQ,중견기업부,2910,170,6.20,2740,3000,2725,2322825,6772388845,214670275140,73769854
20181008,012700,리드코프,KOSDAQ,우량기업부,6080,0,0.00,6140,6150,6050,25154,153293790,162635318400,26749230
20181008,131100,리켐,KOSDAQ,관리종목(소속부없음),17900,-300,-1.65,18200,18300,17500,5582,99704600,81515973500,4553965
20181008,277070,린드먼아시아,KOSDAQ,중견기업부,6520,270,4.32,6120,6930,6120,606890,4042938670,88020000000,13500000
20181008,042500,링네트,KOSDAQ,벤처기업부,3750,15,0.40,3700,3790,3700,20462,76681535,56013292500,14936878
20181008,219420,링크제니시스,KOSDAQ,기술성장기업부,7810,-60,-0.76,7770,7910,7770,35016,274516750,78100000000,10000000
20181008,098120,마이크로컨텍솔,KOSDAQ,벤처기업부,3210,-185,-5.45,3380,3380,3210,16057,52980370,26683978860,8312766
20181008,147760,마이크로프랜드,KOSDAQ,벤처기업부,4020,-5,-0.12,4015,4150,3960,39300,157995900,43495861320,10819866
20181008,035480,마제스타,KOSDAQ,투자주의환기종목(소속부없음),1475,0,0.00,0,0,0,0,0,67155378250,45529070
20181008,038290,마크로젠,KOSDAQ,우량기업부,35450,-950,-2.61,36250,37150,35450,71716,2597149000,375963344300,10605454
20181008,267980,매일유업,KOSDAQ,우량기업부,82000,2600,3.27,80400,82200,79300,18854,1531481800,643178316000,7843638
20181008,005990,매일홀딩스,KOSDAQ,우량기업부,13450,300,2.28,12900,13450,12900,8707,115340250,184511188800,13718304
20181008,127160,매직마이크로,KOSDAQ,중견기업부,5060,-320,-5.95,5270,5370,5050,374452,1916777430,274390699660,54227411
20181008,093520,매커스,KOSDAQ,중견기업부,4260,-30,-0.70,4245,4340,4245,59992,256698335,68854771920,16163092
20181008,141070,맥스로텍,KOSDAQ,벤처기업부,1405,-20,-1.40,1380,1430,1380,60662,84834665,34937372085,24866457
20181008,067280,멀티캠퍼스,KOSDAQ,우량기업부,46000,-200,-0.43,46700,47050,46000,6269,291722550,272631834000,5926779
20181008,072870,메가스터디,KOSDAQ,중견기업부,12600,-200,-1.56,12800,13050,12600,8721,111465200,150204083400,11920959
20181008,215200,메가스터디교육,KOSDAQ,우량기업부,21950,-1900,-7.97,23300,23500,20400,300483,6578027500,258173266000,11761880
20181008,133750,메가엠디,KOSDAQ,중견기업부,2720,-20,-0.73,2740,2795,2705,93746,257175585,60842572960,22368593
20181008,041920,메디아나,KOSDAQ,벤처기업부,8590,-70,-0.81,8510,8800,8460,47148,408100910,74307760640,8650496
20181008,086900,메디톡스,KOSDAQ,우량기업부,564000,6100,1.09,557900,569800,550900,33691,19044830300,3190285740000,5656535
20181008,078160,메디포스트,KOSDAQ,벤처기업부,90400,-600,-0.66,90300,93400,90200,50095,4584306600,711305258400,7868421
20181008,065650,메디프론,KOSDAQ,중견기업부,6040,-70,-1.15,6050,6250,6000,231034,1412267570,177812242520,29439113
20181008,021880,메이슨캐피탈,KOSDAQ,중견기업부,496,2,0.40,494,506,481,307515,152022311,48213386368,97204408
20181008,140410,메지온,KOSDAQ,중견기업부,84200,-1600,-1.86,86000,89100,84000,55200,4789563300,725650671800,8618179
20181008,241770,메카로,KOSDAQ,벤처기업부,17850,-150,-0.83,17950,18350,17850,28232,509159650,178163349000,9981140
20181008,059210,메타바이오메드,KOSDAQ,벤처기업부,3860,-40,-1.03,3865,3995,3810,184840,722490795,92108674860,23862351
20181008,058110,멕아이씨에스,KOSDAQ,기술성장기업부,4765,-105,-2.16,4720,4870,4690,16951,80435470,25547547500,5361500
20181008,096640,멜파스,KOSDAQ,중견기업부,3220,-110,-3.30,3300,3330,3220,25308,82737895,68448026220,21257151
20181008,257370,명성티엔에스,KOSDAQ,벤처기업부,25450,1800,7.61,23100,27950,23100,1384088,35948973650,162116500000,6370000
20181008,149940,모다,KOSDAQ,투자주의환기종목(소속부없음),155,0,0.00,0,0,0,0,0,3279863395,21160409
20181008,080420,모다이노칩,KOSDAQ,우량기업부,8720,70,0.81,8990,8990,8620,15511,134935610,347586271920,39860811
20181008,080160,모두투어,KOSDAQ,우량기업부,22200,-950,-4.10,23200,23250,22100,280895,6297206200,419580000000,18900000
20181008,100030,모바일리더,KOSDAQ,중견기업부,9730,-140,-1.42,9800,9890,9680,7063,68779860,31950537220,3283714
20181008,087260,모바일어플라이언스,KOSDAQ,우량기업부,6210,10,0.16,6090,6340,6090,69215,430958610,93150000000,15000000
20181008,101330,모베이스,KOSDAQ,우량기업부,4070,-110,-2.63,4180,4180,4070,31324,128699990,97509825160,23958188
20181008,250060,모비스,KOSDAQ,기술성장기업부,4400,360,8.91,4005,5090,3960,6817445,31651630570,141553781600,32171314
20181008,033200,모아텍,KOSDAQ,중견기업부,4580,-10,-0.22,4590,4635,4560,3317,15200945,65636827300,14331185
20181008,118990,모트렉스,KOSDAQ,우량기업부,5270,50,0.96,5130,5440,5120,88791,470542250,143610372150,27250545
20181008,006920,모헨즈,KOSDAQ,중견기업부,6500,320,5.18,6130,6500,6120,104806,667730660,70980000000,10920000
20181008,001810,무림SP,KOSDAQ,우량기업부,2855,-10,-0.35,2860,2880,2830,13816,39359915,63202562500,22137500
20181008,161570,미동앤씨네마,KOSDAQ,중견기업부,3330,0,0.00,3280,3500,3280,28198,95193700,45926647380,13791786
20181008,028040,미래SCI,KOSDAQ,중견기업부,4530,-80,-1.74,4680,4680,4470,154289,699013390,139579981740,30812358
20181008,095500,미래나노텍,KOSDAQ,우량기업부,4060,-130,-3.10,4190,4245,4060,66080,272130475,94555503980,23289533
20181008,218150,미래생명자원,KOSDAQ,벤처기업부,3900,45,1.17,3840,3970,3800,1135780,4407607765,72818569200,18671428
20181008,265480,미래에셋대우스팩1호,KOSDAQ,SPAC(소속부없음),2090,10,0.48,2090,2090,2085,626,1308210,10115600000,4840000
20181008,239340,미래에셋제5호스팩,KOSDAQ,SPAC(소속부없음),2085,0,0.00,0,0,0,0,0,10008000000,4800000
20181008,049950,미래컴퍼니,KOSDAQ,우량기업부,85400,2300,2.77,83100,88600,83100,33800,2923810300,671631716000,7864540
20181008,213090,미래테크놀로지,KOSDAQ,중견기업부,9180,-80,-0.86,9160,9370,9030,40176,368125920,56188833840,6120788
20181008,207760,미스터블루,KOSDAQ,벤처기업부,2855,-165,-5.46,3045,3045,2850,89841,261859260,69634914615,24390513
20181008,059090,미코,KOSDAQ,우량기업부,4400,35,0.80,4425,4770,4340,1609152,7346102370,137793053200,31316603
20181008,201490,미투온,KOSDAQ,벤처기업부,6850,10,0.15,6810,6950,6760,82941,570591010,213533474500,31172770
20181008,214180,민앤지,KOSDAQ,벤처기업부,19500,-400,-2.01,19950,20100,19450,58183,1146866000,231789246000,11886628
20181008,206640,바디텍메드,KOSDAQ,벤처기업부,14400,-250,-1.71,14400,15000,14400,71241,1042761700,336388478400,23360311
20181008,018700,바른손,KOSDAQ,중견기업부,2180,-30,-1.36,2170,2210,2160,27910,60981925,35789855700,16417365
20181008,035620,바른손이앤에이,KOSDAQ,중견기업부,1545,-5,-0.32,1575,1575,1530,74297,115047885,108717444510,70367278
20181008,064520,바른전자,KOSDAQ,중견기업부,832,7,0.85,825,890,823,2161092,1846867792,55261033152,66419511
20181008,029480,바른테크놀로지,KOSDAQ,중견기업부,740,0,0.00,741,755,739,51938,38606904,24268510900,32795285
20181008,053030,바이넥스,KOSDAQ,중견기업부,10750,-150,-1.38,10900,11400,10700,285012,3144073450,341108766000,31731048
20181008,084990,바이로메드,KOSDAQ,기술성장기업부,217500,-3300,-1.49,219700,227000,217500,102540,22831346000,3470486550000,15956260
20181008,064550,바이오니아,KOSDAQ,기술성장기업부,10550,150,1.44,10450,12100,10400,683126,7504650600,217589192400,20624568
20181008,222810,바이오닉스진,KOSDAQ,벤처기업부,6250,-50,-0.79,6160,6280,6060,137305,844066390,99959600000,15993536
20181008,208710,바이오로그디바이스,KOSDAQ,벤처기업부,1930,-65,-3.26,1990,1995,1930,129189,252373720,53201619580,27565606
20181008,142760,바이오리더스,KOSDAQ,기술성장기업부,13500,-700,-4.93,13900,14300,13500,152073,2110643300,215464185000,15960310
20181008,065940,바이오빌,KOSDAQ,중견기업부,2360,25,1.07,2335,2470,2335,292436,700121765,82373355040,34903964
20181008,086820,바이오솔루션,KOSDAQ,기술성장기업부,40950,-2450,-5.65,42000,43200,40950,213382,8975945500,321339809700,7847126
20181008,038460,바이오스마트,KOSDAQ,벤처기업부,5030,0,0.00,5030,5200,5010,37569,190728300,100494068200,19978940
20181008,044480,바이오제네틱스,KOSDAQ,관리종목(소속부없음),9650,70,0.73,9580,9850,9490,8575,81946080,105713598050,10954777
20181008,086040,바이오톡스텍,KOSDAQ,벤처기업부,11300,-450,-3.83,11600,12000,11300,84415,985989700,164580239900,14564623
20181008,032980,바이온,KOSDAQ,중견기업부,2735,15,0.55,2720,2825,2680,1985403,5505554425,127471496090,46607494
20181008,043150,바텍,KOSDAQ,우량기업부,29900,-450,-1.48,30500,31050,29800,30288,916549150,444142254400,14854256
20181008,267790,배럴,KOSDAQ,중견기업부,13500,-50,-0.37,13400,14000,13250,74229,1016594800,104777550000,7761300
20181008,046310,백금T&A,KOSDAQ,중견기업부,2880,-60,-2.04,2925,2985,2880,66817,194638400,43685579520,15168604
20181008,036620,버추얼텍,KOSDAQ,중견기업부,959,-46,-4.58,1015,1015,953,344883,335593578,28396171251,29610189
20181008,177350,베셀,KOSDAQ,벤처기업부,5610,-70,-1.23,5730,5910,5420,1759970,9954860580,62789184480,11192368
20181008,225530,보광산업,KOSDAQ,중견기업부,5040,-40,-0.79,5070,5100,4995,50518,254129480,173728800000,34470000
20181008,250000,보라티알,KOSDAQ,벤처기업부,6860,-30,-0.44,6800,6980,6800,28016,193327530,46310028380,6750733
20181008,014100,보령메디앙스,KOSDAQ,우량기업부,11450,200,1.78,11250,11450,11100,19818,224295700,135110000000,11800000
20181008,006910,보성파워텍,KOSDAQ,중견기업부,3065,-5,-0.16,3070,3110,3065,217365,668552790,140544713735,45854719
20181008,014470,부방,KOSDAQ,우량기업부,2430,-30,-1.22,2425,2505,2425,60505,148904315,114923180700,47293490
20181008,008470,부스타,KOSDAQ,벤처기업부,5810,110,1.93,5710,5850,5690,27649,159166900,48831888000,8404800
20181008,100120,뷰웍스,KOSDAQ,우량기업부,35350,-150,-0.42,35700,37700,34850,118888,4334547750,353565927750,10001865
20181008,066980,브레인콘텐츠,KOSDAQ,중견기업부,1045,5,0.48,1035,1055,1025,1630313,1694908825,165547103645,158418281
20181008,064480,브리지텍,KOSDAQ,벤처기업부,3690,-20,-0.54,3675,3795,3610,26435,97607300,44104725000,11952500
20181008,251630,브이원텍,KOSDAQ,벤처기업부,33150,-1200,-3.49,34500,35200,33100,50342,1710090850,249158383500,7516090
20181008,033560,블루콤,KOSDAQ,우량기업부,6030,870,16.86,5110,6270,5110,6036332,36265903680,109070923410,18088047
20181008,121800,비덴트,KOSDAQ,중견기업부,10600,-400,-3.64,10900,11250,10600,372188,4080565900,239233785000,22569225
20181008,148140,비디아이,KOSDAQ,벤처기업부,14400,-450,-3.03,14950,14950,14250,13404,194794350,76039200000,5280500
20181008,200780,비씨월드제약,KOSDAQ,벤처기업부,26450,-600,-2.22,26800,27300,26200,32136,857632200,211820011100,8008318
20181008,141000,비아트론,KOSDAQ,우량기업부,11250,-250,-2.17,11300,11850,11250,103278,1184087850,136290487500,12114710
20181008,090460,비에이치,KOSDAQ,우량기업부,19450,650,3.46,18450,20000,18100,641438,12497506100,608197143200,31269776
20181008,083650,비에이치아이,KOSDAQ,중견기업부,3310,-85,-2.50,3330,3395,3310,42057,139832805,86060000000,26000000
20181008,086670,비엠티,KOSDAQ,벤처기업부,7800,-520,-6.25,8320,8340,7750,98988,796261620,63542926200,8146529
20181008,138580,비즈니스온,KOSDAQ,벤처기업부,19400,-800,-3.96,20600,20600,19400,43224,853674800,185171836000,9544940
20181008,082920,비츠로셀,KOSDAQ,벤처기업부,10650,-200,-1.84,10900,11200,10500,203931,2203553600,208638090150,19590431
20181008,054220,비츠로시스,KOSDAQ,벤처기업부,2010,-150,-6.94,2020,2120,1945,4541259,9197126065,89762169960,44657796
20181008,042370,비츠로테크,KOSDAQ,우량기업부,9030,-120,-1.31,9140,9230,8850,279483,2535614220,201855473190,22353873
20181008,032850,비트컴퓨터,KOSDAQ,벤처기업부,5830,30,0.52,5800,5970,5800,77853,458080930,96913798190,16623293
20181008,093190,빅솔론,KOSDAQ,우량기업부,6200,-50,-0.80,6220,6220,6160,14469,89757230,119281211000,19238905
20181008,065450,빅텍,KOSDAQ,벤처기업부,2585,-70,-2.64,2640,2645,2560,534500,1384984560,63332500000,24500000
20181008,072950,빛샘전자,KOSDAQ,벤처기업부,6150,-90,-1.44,6280,6400,6000,86062,536777240,36900000000,6000000
20181008,143240,사람인에이치알,KOSDAQ,우량기업부,17900,-300,-1.65,18150,18300,17500,15299,273741300,208253307700,11634263
20181008,100090,삼강엠앤티,KOSDAQ,우량기업부,4420,345,8.47,4090,4575,4090,971394,4263506030,114769795140,25966017
20181008,122350,삼기오토모티브,KOSDAQ,우량기업부,2820,-90,-3.09,2885,2915,2820,87243,248778735,86932861920,30827256
20181008,014970,삼륭물산,KOSDAQ,중견기업부,5680,-20,-0.35,5650,5800,5530,66644,381233980,85910000000,15125000
20181008,018310,삼목에스폼,KOSDAQ,우량기업부,13850,0,0.00,13950,14100,13700,25220,349358050,203595000000,14700000
20181008,053700,삼보모터스,KOSDAQ,우량기업부,8800,-50,-0.56,8810,9000,8780,66687,591479430,125394148000,14249335
20181008,009620,삼보산업,KOSDAQ,중견기업부,6530,-100,-1.51,6470,6620,6470,4538,29493870,26936250000,4125000
20181008,023600,삼보판지,KOSDAQ,우량기업부,10150,0,0.00,10050,10250,10000,24468,248259050,149205000000,14700000
20181008,111870,삼본정밀전자,KOSDAQ,우량기업부,3650,-110,-2.93,3765,3935,3650,1984651,7587111100,166337800000,45572000
20181008,291230,삼성스팩2호,KOSDAQ,SPAC(소속부없음),2065,5,0.24,2065,2065,2040,54624,112020550,15590750000,7550000
20181008,009300,삼아제약,KOSDAQ,우량기업부,20350,-200,-0.97,20250,21150,20250,27664,570491750,129629500000,6370000
20181008,225190,삼양옵틱스,KOSDAQ,우량기업부,15450,-100,-0.64,15850,15850,15400,4054,62756150,154500000000,10000000
20181008,054540,삼영엠텍,KOSDAQ,중견기업부,3895,-5,-0.13,3900,3945,3865,122971,479576245,50635000000,13000000
20181008,065570,삼영이엔씨,KOSDAQ,중견기업부,6630,0,0.00,6590,6660,6520,12024,79254960,58344000000,8800000
20181008,082660,삼우엠스,KOSDAQ,벤처기업부,1540,185,13.65,1395,1565,1390,8957360,13369762190,63583586220,41288043
20181008,073640,삼원테크,KOSDAQ,관리종목(소속부없음),1680,-5,-0.30,1695,1695,1655,28466,47788160,82767236160,49266212
20181008,032280,삼일,KOSDAQ,중견기업부,2370,-5,-0.21,2390,2415,2370,55917,133460935,38426208300,16213590
20181008,002290,삼일기업공사,KOSDAQ,중견기업부,3280,0,0.00,3250,3350,3250,29970,98134265,40672000000,12400000
20181008,037460,삼지전자,KOSDAQ,벤처기업부,9630,0,0.00,9480,9880,9480,52898,512518380,157147366860,16318522
20181008,032750,삼진,KOSDAQ,중견기업부,7200,-100,-1.37,7230,7290,7130,9630,69305380,43200000000,6000000
20181008,054090,삼진엘앤디,KOSDAQ,벤처기업부,2220,40,1.83,2140,2260,2140,92563,205053365,55409495040,24959232
20181008,000250,삼천당제약,KOSDAQ,우량기업부,44100,-1500,-3.29,45600,46500,43900,219591,9963661750,974866353300,22105813
20181008,024950,삼천리자전거,KOSDAQ,우량기업부,6680,-110,-1.62,6790,7680,6560,64656,457320340,88667494360,13273577
20181008,038500,삼표시멘트,KOSDAQ,우량기업부,4340,-30,-0.69,4390,4440,4340,205429,899687215,465930130820,107357173
20181008,017480,삼현철강,KOSDAQ,우량기업부,5470,100,1.86,5400,5500,5370,23740,129093320,85894808300,15702890
20181008,046390,삼화네트웍스,KOSDAQ,벤처기업부,1560,-30,-1.89,1565,1625,1555,138398,218073820,67029975480,42967933
20181008,027580,상보,KOSDAQ,중견기업부,1800,-25,-1.37,1825,1875,1795,88088,160616545,51009453000,28338585
20181008,038540,상상인,KOSDAQ,우량기업부,19900,350,1.79,19400,20400,19400,160789,3214581700,950193100300,47748397
20181008,091580,상신이디피,KOSDAQ,벤처기업부,15800,-50,-0.32,15900,16500,15650,217133,3481637600,200107790000,12665050
20181008,263810,상신전자,KOSDAQ,중견기업부,14600,-250,-1.68,14650,14950,14400,37656,551221550,57246600000,3921000
20181008,089980,상아프론테크,KOSDAQ,우량기업부,14900,-250,-1.65,14950,15500,14900,49858,757946400,212526686400,14263536
20181008,042940,상지카일룸,KOSDAQ,중견기업부,2000,0,0.00,2000,2010,1930,88938,175268620,73680912000,36840456
20181008,042600,새로닉스,KOSDAQ,우량기업부,4465,-150,-3.25,4660,4660,4465,12711,57178885,55471257910,12423574
20181008,263540,샘코,KOSDAQ,기술성장기업부,5870,170,2.98,5640,5880,5550,26565,153679950,46588317470,7936681
20181008,038070,서린바이오,KOSDAQ,중견기업부,11050,-100,-0.90,11050,11250,10950,41276,456685650,76250701800,6900516
20181008,006730,서부T&D,KOSDAQ,중견기업부,9940,0,0.00,9900,10150,9880,65064,648656320,515599797580,51871207
20181008,079650,서산,KOSDAQ,중견기업부,4060,55,1.37,4005,4110,3990,96250,388148350,81200000000,20000000
20181008,100660,서암기계공업,KOSDAQ,중견기업부,4900,-100,-2.00,4970,5080,4900,66335,330567465,61740000000,12600000
20181008,012860,서연전자,KOSDAQ,중견기업부,1790,-30,-1.65,1780,1815,1780,52987,94907235,48330000000,27000000
20181008,019770,서연탑메탈,KOSDAQ,중견기업부,2970,-30,-1.00,2915,3045,2915,25930,77480675,34600500000,11650000
20181008,043710,서울리거,KOSDAQ,중견기업부,3160,-160,-4.82,3350,3355,3100,116168,371621630,79364373280,25115308
20181008,046890,서울반도체,KOSDAQ,우량기업부,21450,800,3.87,20800,21700,20750,687473,14751807100,1250650830000,58305400
20181008,063170,서울옥션,KOSDAQ,중견기업부,14300,-650,-4.35,14800,15350,14100,396496,5817627500,241920250000,16917500
20181008,027040,서울전자통신,KOSDAQ,중견기업부,1265,-110,-8.00,1375,1405,1265,479972,634280010,81926821790,64764286
20181008,018680,서울제약,KOSDAQ,벤처기업부,10000,0,0.00,10000,10250,9960,17238,173165550,84854990000,8485499
20181008,093920,서원인텍,KOSDAQ,우량기업부,5320,-30,-0.56,5250,5350,5250,7676,40522310,98952000000,18600000
20181008,189860,서전기전,KOSDAQ,벤처기업부,8040,-180,-2.19,8050,8250,8040,37321,302622740,38989095600,4849390
20181008,178320,서진시스템,KOSDAQ,벤처기업부,33750,-450,-1.32,33900,34750,33300,90611,3051716700,305448738750,9050333
20181008,122690,서진오토모티브,KOSDAQ,중견기업부,2600,-50,-1.89,2565,2640,2565,26681,69608385,50807239600,19541246
20181008,140070,서플러스글로벌,KOSDAQ,우량기업부,3850,-20,-0.52,3870,3920,3780,48193,185792345,142403800000,36988000
20181008,011370,서한,KOSDAQ,우량기업부,2015,-50,-2.42,2065,2065,2000,207733,422144240,203303152975,100894865
20181008,065710,서호전기,KOSDAQ,중견기업부,13200,-250,-1.86,13300,13450,13000,16954,224291650,67980000000,5150000
20181008,035890,서희건설,KOSDAQ,우량기업부,1500,-30,-1.96,1530,1545,1500,2678629,4079288000,260201617500,173467745
20181008,003100,선광,KOSDAQ,우량기업부,18500,-200,-1.07,18450,18850,18350,14265,263435450,122100000000,6600000
20181008,123420,선데이토즈,KOSDAQ,우량기업부,19300,650,3.49,18600,20050,18600,54704,1062617750,184697950600,9569842
20181008,171090,선익시스템,KOSDAQ,우량기업부,7350,-360,-4.67,7610,7770,7350,33321,250165490,66144818250,8999295
20181008,014620,성광벤드,KOSDAQ,중견기업부,12600,-350,-2.70,12850,13200,12600,158544,2032034000,360360000000,28600000
20181008,037350,성도이엔지,KOSDAQ,우량기업부,5950,-130,-2.14,6030,6150,5910,44467,266109240,92046500000,15470000
20181008,081580,성우전자,KOSDAQ,우량기업부,3240,-55,-1.67,3295,3350,3220,23564,76592495,50246383320,15508143
20181008,045300,성우테크론,KOSDAQ,벤처기업부,5300,-10,-0.19,5310,5420,5210,45004,238507400,47986491500,9054055
20181008,015750,성우하이텍,KOSDAQ,우량기업부,4125,100,2.48,3950,4155,3950,261709,1057026665,330000000000,80000000
20181008,080470,성창오토텍,KOSDAQ,중견기업부,8650,400,4.85,8100,8740,8100,279266,2389448340,63145000000,7300000
20181008,043260,성호전자,KOSDAQ,벤처기업부,1030,-30,-2.83,1040,1075,1030,198192,208716325,30391326260,29506142
20181008,053060,세동,KOSDAQ,중견기업부,687,3,0.44,684,697,670,24361,16618822,13512493080,19668840
20181008,017510,세명전기,KOSDAQ,벤처기업부,8770,-40,-0.45,8710,8950,8710,112369,994565410,133707420000,15246000
20181008,214310,세미콘라이트,KOSDAQ,투자주의환기종목(소속부없음),2045,140,7.35,1945,2055,1915,557858,1121224350,133621694690,65340682
20181008,011560,세보엠이씨,KOSDAQ,우량기업부,10500,0,0.00,10500,10700,10400,43516,457588600,110565000000,10530000
20181008,100700,세운메디칼,KOSDAQ,우량기업부,4070,-60,-1.45,4100,4170,4050,75688,310931120,178266000000,43800000
20181008,234100,세원,KOSDAQ,벤처기업부,2885,-165,-5.41,3040,3040,2835,566410,1657983235,64574911725,22382985
20181008,024830,세원물산,KOSDAQ,우량기업부,6390,10,0.16,6320,6450,6210,3254,20618840,53356500000,8350000
20181008,258830,세종메디칼,KOSDAQ,벤처기업부,17100,50,0.29,17100,17450,17000,11426,196123350,115899371100,6777741
20181008,036630,세종텔레콤,KOSDAQ,중견기업부,549,3,0.55,547,561,543,2916744,1614198254,329579043174,600326126
20181008,039310,세중,KOSDAQ,우량기업부,3420,-105,-2.98,3520,3560,3400,179456,617282430,61976101140,18121667
20181008,067770,세진티에스,KOSDAQ,중견기업부,3335,140,4.38,3165,3355,3145,50006,162415150,28002637655,8396593
20181008,053450,세코닉스,KOSDAQ,우량기업부,8310,-110,-1.31,8360,8530,8300,45639,382601070,93478450410,11248911
20181008,252500,세화피앤씨,KOSDAQ,중견기업부,5350,0,0.00,5330,5420,5210,130409,695984600,110976093250,20743195
20181008,049180,셀루메드,KOSDAQ,벤처기업부,10900,-350,-3.11,11250,11450,10800,138489,1543436700,222665319900,20428011
20181008,108860,셀바스AI,KOSDAQ,벤처기업부,4870,-90,-1.81,4960,5050,4870,118043,584207910,107412452150,22055945
20181008,208370,셀바스헬스케어,KOSDAQ,벤처기업부,6340,110,1.77,6300,6360,6210,246514,1552412370,83352430140,13147071
20181008,068760,셀트리온제약,KOSDAQ,벤처기업부,74100,-400,-0.54,73900,75900,73600,59572,4444082400,2522994368700,34048507
20181008,091990,셀트리온헬스케어,KOSDAQ,우량기업부,85900,-400,-0.46,86100,86600,85100,463380,39854120800,12070801059100,140521549
20181008,053110,소리바다,KOSDAQ,벤처기업부,1355,50,3.83,1260,1475,1260,689912,934916195,76363832560,56357072
20181008,032680,소프트센,KOSDAQ,중견기업부,1825,0,0.00,1820,1845,1810,40569,74069445,59731080175,32729359
20181008,032685,소프트센우,KOSDAQ,중견기업부,25300,500,2.02,24950,26500,24750,591,14853300,3614282100,142857
20181008,066910,손오공,KOSDAQ,중견기업부,2630,-35,-1.31,2730,2735,2620,59504,157518670,57586903430,21896161
20181008,043100,솔고바이오,KOSDAQ,중견기업부,479,-11,-2.24,493,495,479,1372711,667091277,77466651015,161725785
20181008,154040,솔루에타,KOSDAQ,중견기업부,3840,-60,-1.54,3850,3900,3790,32135,123231690,46412490240,12086586
20181008,035610,솔본,KOSDAQ,중견기업부,5690,30,0.53,5660,5800,5630,52154,297857210,155598722930,27345997
20181008,036830,솔브레인,KOSDAQ,우량기업부,57300,-300,-0.52,58400,58500,56700,31088,1792705600,996920928300,17398271
20181008,230980,솔트웍스,KOSDAQ,벤처기업부,5940,-30,-0.50,6060,6180,5860,108410,653816220,61252264260,10311829
20181008,086980,쇼박스,KOSDAQ,우량기업부,4265,30,0.71,4235,4335,4200,122621,524809240,266989000000,62600000
20181008,050960,수산아이앤티,KOSDAQ,벤처기업부,7950,-40,-0.50,7990,7990,7800,5348,42111090,53670450000,6751000
20181008,084180,수성,KOSDAQ,투자주의환기종목(소속부없음),5820,0,0.00,0,0,0,0,0,63269452800,10871040
20181008,058530,슈펙스비앤피,KOSDAQ,중견기업부,1160,5,0.43,1135,1190,1100,149578,170903555,68193286560,58787316
20181008,236200,슈프리마,KOSDAQ,벤처기업부,20600,200,0.98,20300,21000,20300,24406,504419850,145853623800,7080273
20181008,094840,슈프리마에이치큐,KOSDAQ,벤처기업부,6450,-40,-0.62,6440,6670,6310,67640,439891640,67543368000,10471840
20181008,192440,슈피겐코리아,KOSDAQ,우량기업부,47700,-250,-0.52,48150,48200,47600,4781,229079150,296520515100,6216363
20181008,099440,스맥,KOSDAQ,중견기업부,3120,10,0.32,3090,3195,3055,145017,451174930,84927910080,27220484
20181008,033790,스카이문스테크놀로지,KOSDAQ,벤처기업부,3130,-20,-0.63,3195,3195,3090,22111,68678345,53576523000,17117100
20181008,159910,스킨앤스킨,KOSDAQ,관리종목(소속부없음),677,-6,-0.88,650,689,648,775195,517739507,69559065695,102746035
20181008,115570,스타플렉스,KOSDAQ,중견기업부,5150,20,0.39,5130,5160,5080,1456,7482090,33236730100,6453734
20181008,253450,스튜디오드래곤,KOSDAQ,중견기업부,102700,-5900,-5.43,109000,109500,102500,155941,16364719200,2879424548000,28037240
20181008,013810,스페코,KOSDAQ,중견기업부,5250,-50,-0.94,5240,5370,5200,118227,626120070,76941217500,14655470
20181008,039670,스포츠서울,KOSDAQ,중견기업부,1330,165,14.16,1160,1330,1160,1552412,1990008905,41738880610,31382617
20181008,049830,승일,KOSDAQ,우량기업부,10400,0,0.00,10300,10700,10300,11218,117654700,63773964800,6132112
20181008,020710,시공테크,KOSDAQ,우량기업부,6990,-110,-1.55,6990,7130,6990,17704,124494570,140135310300,20047970
20181008,033170,시그네틱스,KOSDAQ,중견기업부,1005,-10,-0.99,1000,1035,1000,424415,428207425,86156960595,85728319
20181008,048870,시너지이노베이션,KOSDAQ,중견기업부,2225,-15,-0.67,2210,2280,2210,78959,176524490,126411040975,56813951
20181008,025320,시노펙스,KOSDAQ,중견기업부,3255,-140,-4.12,3345,3395,3255,891187,2963356220,228328152990,70146898
20181008,269620,시스웍,KOSDAQ,벤처기업부,2835,-85,-2.91,2950,2950,2830,34339,98545360,51030000000,18000000
20181008,131090,시큐브,KOSDAQ,벤처기업부,1705,-60,-3.40,1740,1780,1705,322716,560830210,61380000000,36000000
20181008,001000,신라섬유,KOSDAQ,중견기업부,2535,-15,-0.59,2520,2590,2520,29436,74767905,61543563900,24277540
20181008,025870,신라에스지,KOSDAQ,중견기업부,5640,-160,-2.76,5770,5850,5620,33980,193180010,22560000000,4000000
20181008,215600,신라젠,KOSDAQ,기술성장기업부,82300,-5900,-6.69,86700,91000,81000,3922977,339875945200,5745941815900,69817033
20181008,065350,신성델타테크,KOSDAQ,우량기업부,4085,130,3.29,3955,4090,3730,134319,527960625,90231714495,22088547
20181008,056000,신스타임즈,KOSDAQ,중견기업부,2810,-25,-0.88,2805,2875,2805,6506,18482095,39386646000,14016600
20181008,002800,신신제약,KOSDAQ,우량기업부,9700,0,0.00,9520,10350,9420,894093,8925587730,147153850000,15170500
20181008,017000,신원종합개발,KOSDAQ,벤처기업부,4310,-30,-0.69,4205,4430,4205,24353,105494580,43393196370,10068027
20181008,012790,신일제약,KOSDAQ,중견기업부,11450,0,0.00,11250,11600,11050,66571,754611650,90455000000,7900000
20181008,138070,신진에스엠,KOSDAQ,중견기업부,6540,-20,-0.30,6650,6720,6460,4266,28007660,58678076820,8972183
20181008,257730,신한제3호스팩,KOSDAQ,SPAC(소속부없음),2135,10,0.47,2140,2140,2125,1263,2684685,7483175000,3505000
20181008,277480,신한제4호스팩,KOSDAQ,SPAC(소속부없음),2060,0,0.00,2060,2060,2060,1311,2700660,12380600000,6010000
20181008,056700,신화인터텍,KOSDAQ,중견기업부,1790,-5,-0.28,1820,1845,1750,38326,68286445,52151812890,29135091
20181008,187270,신화콘텍,KOSDAQ,벤처기업부,3650,-65,-1.75,3660,3735,3630,18458,67599095,37025034250,10143845
20181008,243840,신흥에스이씨,KOSDAQ,우량기업부,50000,1150,2.35,48600,50700,48550,28374,1417611300,327584150000,6551683
20181008,108320,실리콘웍스,KOSDAQ,우량기업부,38400,-100,-0.26,38450,39500,37800,80529,3097912250,624549120000,16264300
20181008,222800,심텍,KOSDAQ,우량기업부,9470,-130,-1.35,9440,9720,9320,95329,905461740,215470521730,22752959
20181008,036710,심텍홀딩스,KOSDAQ,우량기업부,2065,-5,-0.24,2045,2065,2020,19286,39503495,72059895145,34895833
20181008,160980,싸이맥스,KOSDAQ,우량기업부,9830,-110,-1.11,9900,10150,9830,42094,417515630,103964970020,10576294
20181008,010280,쌍용정보통신,KOSDAQ,관리종목(소속부없음),985,2,0.20,981,1000,981,44986,44543824,39857073490,40464034
20181008,122800,썬텍,KOSDAQ,투자주의환기종목(소속부없음),1000,0,0.00,0,0,0,0,0,35153085000,35153085
20181008,208640,썸에이지,KOSDAQ,중견기업부,3270,-70,-2.10,3285,3345,3200,1887647,5779823370,248587129830,76020529
20181008,222420,쎄노텍,KOSDAQ,중견기업부,2760,-20,-0.72,2745,2845,2680,1294673,3584830680,108147605400,39183915
20181008,037760,쎄니트,KOSDAQ,중견기업부,2330,-10,-0.43,2350,2395,2325,174334,412014315,78830705930,33832921
20181008,136510,쎄미시스코,KOSDAQ,벤처기업부,9500,-150,-1.55,9850,9850,9500,8284,80163990,51300000000,5400000
20181008,099320,쎄트렉아이,KOSDAQ,벤처기업부,28300,-1000,-3.41,29250,29650,28050,15377,442054450,103577717000,3659990
20181008,049960,쎌바이오텍,KOSDAQ,우량기업부,34150,-100,-0.29,34450,34950,33900,15742,540981250,321010000000,9400000
20181008,050890,쏠리드,KOSDAQ,중견기업부,4000,-40,-0.99,4040,4060,4000,159835,644023880,153590636000,38397659
20181008,066790,씨씨에스,KOSDAQ,관리종목(소속부없음),423,0,0.00,0,0,0,0,0,36193713705,85564335
20181008,222080,씨아이에스,KOSDAQ,벤처기업부,2835,-25,-0.87,2815,2935,2785,923396,2637668775,152026038675,53624705
20181008,264660,씨앤지하이테크,KOSDAQ,벤처기업부,13700,-150,-1.08,13750,13900,13450,8830,120820900,57577538000,4202740
20181008,115530,씨엔플러스,KOSDAQ,관리종목(소속부없음),839,0,0.00,0,0,0,0,0,31105257995,37074205
20181008,225330,씨엠에스에듀,KOSDAQ,우량기업부,7550,10,0.13,7540,7590,7400,8437,63098910,143055648400,18947768
20181008,115480,씨유메디칼,KOSDAQ,벤처기업부,3235,55,1.73,3130,3300,3130,142995,464602470,51407317065,15890979
20181008,096530,씨젠,KOSDAQ,우량기업부,21450,-100,-0.46,21200,22350,21200,144319,3129674500,562719729000,26234020
20181008,900120,씨케이에이치,KOSDAQ,외국기업(소속부없음),428,-13,-2.95,429,450,428,238170,103831119,47253107596,110404457
20181008,101240,씨큐브,KOSDAQ,벤처기업부,6850,-50,-0.72,6900,6900,6800,5187,35527040,55145520850,8050441
20181008,047920,씨트리,KOSDAQ,기술성장기업부,5710,-60,-1.04,5700,5850,5680,99596,573357460,79074209830,13848373
20181008,060590,씨티씨바이오,KOSDAQ,중견기업부,10600,-50,-0.47,10400,11200,10400,124933,1348971750,204691533200,19310522
20181008,036170,씨티젠,KOSDAQ,중견기업부,3930,60,1.55,3895,4015,3870,402347,1593538525,103181462250,26254825
20181008,260930,씨티케이코스메틱스,KOSDAQ,벤처기업부,21700,-100,-0.46,22100,22100,21650,11956,262201550,219650676700,10122151
20181008,013990,아가방컴퍼니,KOSDAQ,중견기업부,4490,-40,-0.88,4410,4550,4410,129061,577451070,147665036640,32887536
20181008,123860,아나패스,KOSDAQ,벤처기업부,19150,-650,-3.28,19300,20100,18850,48653,939086300,193945455000,10127700
20181008,025980,아난티,KOSDAQ,우량기업부,11850,750,6.76,11000,11950,10900,5708841,65107284900,975502842750,82320915
20181008,058220,아리온,KOSDAQ,중견기업부,1270,120,10.43,1160,1275,1160,4504356,5549148580,113621362800,89465640
20181008,052710,아모텍,KOSDAQ,우량기업부,25700,-200,-0.77,25800,26900,25700,90070,2375901150,250405534200,9743406
20181008,074430,아미노로직스,KOSDAQ,벤처기업부,2170,-65,-2.91,2205,2275,2160,184411,404720385,190584251480,87826844
20181008,092040,아미코젠,KOSDAQ,기술성장기업부,37500,-500,-1.32,37750,39500,37500,95647,3651586100,719681625000,19191510
20181008,083930,아바코,KOSDAQ,우량기업부,6650,10,0.15,6630,6650,6450,53636,349375700,106376758250,15996505
20181008,149950,아바텍,KOSDAQ,우량기업부,5920,-160,-2.63,6140,6170,5920,2526,15204110,92396400000,15607500
20181008,036010,아비코전자,KOSDAQ,우량기업부,6850,0,0.00,6850,6950,6810,66499,457251850,91056597900,13292934
20181008,050860,아세아텍,KOSDAQ,우량기업부,3150,0,0.00,3150,3210,3100,25996,81632440,55125000000,17500000
20181008,246720,아스타,KOSDAQ,기술성장기업부,10500,-100,-0.94,10850,11000,10450,32732,350852900,120566491500,11482523
20181008,067390,아스트,KOSDAQ,우량기업부,13300,-300,-2.21,13650,13950,13200,113798,1541438550,209010790100,15715097
20181008,127710,아시아경제,KOSDAQ,중견기업부,2395,30,1.27,2365,2410,2365,68546,163418475,60459451850,25244030
20181008,154030,아시아종묘,KOSDAQ,기술성장기업부,7000,80,1.16,7160,7570,6830,2278156,16412935750,64508773000,9215539
20181008,227610,아우딘퓨쳐스,KOSDAQ,벤처기업부,16250,-700,-4.13,16950,17500,16150,85812,1439817950,162500000000,10000000
20181008,143160,아이디스,KOSDAQ,우량기업부,22700,-1400,-5.81,23450,24600,22250,205752,4808261950,243262053000,10716390
20181008,054800,아이디스홀딩스,KOSDAQ,우량기업부,15000,-350,-2.28,15350,15500,14700,19093,286254650,155216340000,10347756
20181008,060570,아이리버,KOSDAQ,중견기업부,8080,30,0.37,7960,8230,7960,100674,816578850,448910894320,55558279
20181008,099190,아이센스,KOSDAQ,우량기업부,20450,-200,-0.97,20550,21100,20350,37776,780465950,280926517100,13737238
20181008,214430,아이쓰리시스템,KOSDAQ,우량기업부,16900,-400,-2.31,17250,17500,16900,22574,387185150,120104244000,7106760
20181008,040910,아이씨디,KOSDAQ,우량기업부,9110,110,1.22,8900,9190,8900,32976,298432650,151831787670,16666497
20181008,068940,아이씨케이,KOSDAQ,중견기업부,1430,-35,-2.39,1430,1475,1430,159515,230457845,44587002460,31179722
20181008,052860,아이앤씨,KOSDAQ,벤처기업부,3590,-130,-3.49,3620,3660,3590,31480,113557345,56684441420,15789538
20181008,069920,아이에스이커머스,KOSDAQ,벤처기업부,3895,-115,-2.87,4010,4015,3895,29979,119281045,99377392235,25514093
20181008,038880,아이에이,KOSDAQ,벤처기업부,3185,35,1.11,3100,3185,3070,81248,253650920,131502471100,41288060
20181008,101390,아이엠,KOSDAQ,중견기업부,1500,-35,-2.28,1525,1545,1490,232992,354186520,56358013500,37572009
20181008,226350,아이엠텍,KOSDAQ,중견기업부,1825,-120,-6.17,1935,1935,1815,204505,379591675,37366922450,20475026
20181008,078860,아이오케이,KOSDAQ,중견기업부,2200,-55,-2.44,2205,2300,2185,80999,179902355,87444867400,39747667
20181008,114810,아이원스,KOSDAQ,우량기업부,11700,-200,-1.68,11750,12000,11600,50172,586601150,156966252300,13415919
20181008,031310,아이즈비전,KOSDAQ,중견기업부,5800,-210,-3.49,5950,6200,5770,354880,2129922760,91480929200,15772574
20181008,185490,아이진,KOSDAQ,기술성장기업부,23200,-100,-0.43,23100,24050,22850,82749,1939933800,255039734400,10993092
20181008,059100,아이컴포넌트,KOSDAQ,벤처기업부,7010,220,3.24,6790,7030,6770,14357,99756340,49566728600,7070860
20181008,175250,아이큐어,KOSDAQ,기술성장기업부,50400,-3400,-6.32,53300,55100,50400,195978,10438100700,308625307200,6123518
20181008,052460,아이크래프트,KOSDAQ,중견기업부,6670,380,6.04,6240,7300,6210,236232,1589845860,53719966560,8053968
20181008,119830,아이텍반도체,KOSDAQ,중견기업부,14150,-150,-1.05,14450,14650,13600,57055,803304800,90291800900,6381046
20181008,124500,아이티센,KOSDAQ,중견기업부,4905,-40,-0.81,4925,5000,4810,72431,354279000,77011845210,15700682
20181008,032080,아즈텍WB,KOSDAQ,중견기업부,1770,0,0.00,1760,1805,1755,22679,40096800,37022530680,20916684
20181008,013310,아진산업,KOSDAQ,우량기업부,2620,-20,-0.76,2575,2665,2490,86100,222657060,77899372700,29732585
20181008,059120,아진엑스텍,KOSDAQ,벤처기업부,8940,-210,-2.30,9020,9250,8940,34703,313376500,62096480100,6945915
20181008,066410,아컴스튜디오,KOSDAQ,투자주의환기종목(소속부없음),945,33,3.62,910,986,870,1231822,1152770288,58812928335,62235903
20181008,023890,아트라스BX,KOSDAQ,우량기업부,54100,900,1.69,53000,54600,53000,2383,128308500,495015000000,9150000
20181008,067160,아프리카TV,KOSDAQ,우량기업부,32050,250,0.79,31300,32750,31100,171434,5503455750,368407282350,11494767
20181008,001540,안국약품,KOSDAQ,우량기업부,13050,-850,-6.12,13950,14100,13050,112259,1523402700,170203581000,13042420
20181008,053800,안랩,KOSDAQ,우량기업부,49400,-300,-0.60,49500,50400,49400,31393,1561592950,494684437000,10013855
20181008,065660,안트로젠,KOSDAQ,기술성장기업부,82600,-2200,-2.59,83800,86200,82400,52778,4435598000,656969920600,7953631
20181008,260660,알리코제약,KOSDAQ,중견기업부,15100,-200,-1.31,15150,15550,15050,48912,747029700,144893182500,9595575
20181008,106080,알비케이이엠디,KOSDAQ,중견기업부,614,-6,-0.97,630,630,600,205782,125689733,63382249880,103228420
20181008,131370,알서포트,KOSDAQ,벤처기업부,2140,-10,-0.47,2145,2170,2120,52994,113716805,113991557620,53267083
20181008,140670,알에스오토메이션,KOSDAQ,우량기업부,13450,-250,-1.82,13600,14050,13350,105921,1446578850,122437233000,9103140
20181008,096610,알에프세미,KOSDAQ,중견기업부,6200,-150,-2.36,6250,6420,6160,68421,428772110,50350014000,8120970
20181008,061040,알에프텍,KOSDAQ,우량기업부,5050,-20,-0.39,5070,5160,5000,74063,376800680,96202500000,19050000
20181008,148250,알엔투테크놀로지,KOSDAQ,중견기업부,12100,-800,-6.20,12950,13300,12000,67262,841199400,76580198200,6328942
20181008,196170,알테오젠,KOSDAQ,기술성장기업부,32400,-1150,-3.43,32800,34100,32400,126403,4204872800,409640652000,12643230
20181008,123750,알톤스포츠,KOSDAQ,중견기업부,4750,-540,-10.21,5280,5280,4750,187842,934532985,60544910750,12746297
20181008,085810,알티캐스트,KOSDAQ,중견기업부,3395,-10,-0.29,3360,3460,3360,17345,58912530,72052628200,21223160
20181008,117670,알파홀딩스,KOSDAQ,중견기업부,13750,-400,-2.83,14050,14500,13750,166500,2347186450,180736050000,13144440
20181008,196300,애니젠,KOSDAQ,기술성장기업부,17050,-350,-2.01,17000,17900,17000,33048,576573300,85525613250,5016165
20181008,205500,액션스퀘어,KOSDAQ,중견기업부,3765,-335,-8.17,4120,4120,3705,132563,511577165,99717835965,26485481
20181008,052790,액토즈소프트,KOSDAQ,중견기업부,12500,-100,-0.79,12500,12700,12300,7984,99875250,141632975000,11330638
20181008,131400,액트,KOSDAQ,중견기업부,3000,0,0.00,3045,3120,2860,78628,237846240,52100289000,17366763
20181008,290740,액트로,KOSDAQ,벤처기업부,16500,100,0.61,16400,16800,16400,40715,676193150,82500891000,5000054
20181008,238090,앤디포스,KOSDAQ,우량기업부,13100,200,1.55,12750,14150,12650,483545,6497768050,197403441500,15068965
20181008,174900,앱클론,KOSDAQ,기술성장기업부,52400,1500,2.95,51300,53600,50100,79383,4170526700,356320000000,6800000
20181008,255440,야스,KOSDAQ,우량기업부,22450,350,1.58,21900,23500,21800,19945,447312050,293107200000,13056000
20181008,030960,양지사,KOSDAQ,중견기업부,9520,0,0.00,9520,9800,9520,21849,211431140,152129600000,15980000
20181008,102120,어보브반도체,KOSDAQ,벤처기업부,5100,-100,-1.92,5200,5320,5100,46552,241825510,89044230300,17459653
20181008,041590,에너전트,KOSDAQ,중견기업부,2780,40,1.46,2680,2840,2680,146870,406950060,123639916200,44474790
20181008,019990,에너토크,KOSDAQ,중견기업부,4600,30,0.66,4550,4670,4500,21336,97736255,44878004800,9756088
20181008,041440,에버다임,KOSDAQ,우량기업부,8380,-110,-1.30,8440,8590,8310,49087,413463740,150135610720,17915944
20181008,038680,에스넷,KOSDAQ,중견기업부,4260,-20,-0.47,4270,4300,4235,31502,134241275,68480415900,16075215
20181008,217480,에스디생명공학,KOSDAQ,우량기업부,11300,-50,-0.44,11250,11650,11200,105462,1205748500,253290245800,22415066
20181008,121890,에스디시스템,KOSDAQ,벤처기업부,2285,25,1.11,2330,2330,2215,4996,11373030,20022719230,8762678
20181008,030270,에스마크,KOSDAQ,투자주의환기종목(소속부없음),155,-6,-3.73,163,164,154,5341737,836859159,23444374030,151254026
20181008,097780,에스맥,KOSDAQ,중견기업부,1225,10,0.82,1215,1245,1210,1459338,1796970175,270649385650,220938274
20181008,073070,에스모,KOSDAQ,우량기업부,8300,150,1.84,8100,8540,8100,833861,6986802470,726319512500,87508375
20181008,042110,에스씨디,KOSDAQ,우량기업부,1295,15,1.17,1290,1300,1275,64796,83237305,62586785380,48329564
20181008,065420,에스아이리소스,KOSDAQ,중견기업부,792,-8,-1.00,807,815,787,349950,278700797,41842148040,52830995
20181008,103230,에스앤더블류,KOSDAQ,중견기업부,14900,-150,-1.00,14700,15200,14500,91117,1356020100,107280000000,7200000
20181008,900080,에스앤씨엔진그룹,KOSDAQ,외국기업(소속부없음),720,0,0.00,720,730,711,162202,116914110,82972562400,115239670
20181008,101490,에스앤에스텍,KOSDAQ,우량기업부,3720,-120,-3.13,3755,3980,3680,94552,353706845,73415431320,19735331
20181008,095910,에스에너지,KOSDAQ,중견기업부,8200,170,2.12,8010,8370,8000,352308,2902092330,108878509400,13277867
20181008,275630,에스에스알,KOSDAQ,벤처기업부,14050,-350,-2.43,14250,14650,14000,53026,757407100,79559066350,5662567
20181008,031330,에스에이엠티,KOSDAQ,우량기업부,1790,5,0.28,1770,1815,1770,230461,411431640,178991169930,99995067
20181008,060540,에스에이티,KOSDAQ,벤처기업부,2260,65,2.96,2185,2260,2170,107581,238188900,59061271560,26133306
20181008,112240,에스에프씨,KOSDAQ,중견기업부,4620,-180,-3.75,4820,4820,4600,335335,1569843855,203196073080,43981834
20181008,056190,에스에프에이,KOSDAQ,우량기업부,38000,700,1.88,37300,38000,37300,89869,3399057450,1364532880000,35908760
20181008,080000,에스엔유,KOSDAQ,벤처기업부,2720,-120,-4.23,2845,2850,2720,54107,149525020,93358206400,34322870
20181008,160600,에스엔텍,KOSDAQ,벤처기업부,6470,40,0.62,6280,6500,6260,13400,86142560,76055270550,11755065
20181008,263920,에스엔피월드,KOSDAQ,중견기업부,5840,0,0.00,5710,5840,5670,21806,125809590,45999227200,7876580
20181008,041510,에스엠,KOSDAQ,우량기업부,47150,-2450,-4.94,49650,50900,45700,476562,23005738600,1081585684650,22939251
20181008,007820,에스엠코어,KOSDAQ,중견기업부,11750,50,0.43,11700,12100,11550,141449,1668585050,235000000000,20000000
20181008,109610,에스와이패널,KOSDAQ,우량기업부,6350,-80,-1.24,6320,6430,6320,67791,431960450,158428232800,24949328
20181008,080440,에스제이케이,KOSDAQ,투자주의환기종목(소속부없음),3520,810,29.89,2710,3520,2710,661816,2228609105,25331081600,7196330
20181008,096630,에스코넥,KOSDAQ,우량기업부,1840,-10,-0.54,1830,1905,1820,191202,354897075,120088932160,65265724
20181008,069510,에스텍,KOSDAQ,우량기업부,10050,0,0.00,10050,10100,9970,3631,36394010,109645500000,10910000
20181008,041910,에스텍파마,KOSDAQ,중견기업부,10550,-100,-0.94,10550,11000,10450,54999,588798550,125526674650,11898263
20181008,234300,에스트래픽,KOSDAQ,중견기업부,14150,-350,-2.41,14200,14650,14050,128972,1846064600,168684697000,11921180
20181008,039440,에스티아이,KOSDAQ,우량기업부,11150,-250,-2.19,11200,11800,10650,287695,3194141800,176504500000,15830000
20181008,098660,에스티오,KOSDAQ,중견기업부,2900,5,0.17,2865,2915,2865,3257,9478850,24519917600,8455144
20181008,052020,에스티큐브,KOSDAQ,중견기업부,22700,-1100,-4.62,23400,24500,22700,371521,8784773950,606331550700,26710641
20181008,237690,에스티팜,KOSDAQ,우량기업부,26300,-1200,-4.36,27600,27850,26250,125760,3377853700,490652800000,18656000
20181008,050760,에스폴리텍,KOSDAQ,중견기업부,1925,0,0.00,1925,1950,1900,13303,25571540,31444255150,16334678
20181008,058610,에스피지,KOSDAQ,우량기업부,8890,-200,-2.20,8980,9180,8890,101408,914588850,185596307750,20876975
20181008,043340,에쎈테크,KOSDAQ,중견기업부,1110,0,0.00,1110,1130,1080,206309,229184005,79920000000,72000000
20181008,054630,에이디칩스,KOSDAQ,벤처기업부,1910,15,0.79,1870,1975,1870,397424,767909000,47162042790,24692169
20181008,200710,에이디테크놀로지,KOSDAQ,벤처기업부,10750,200,1.90,10500,10950,10450,52126,558299650,99387276000,9245328
20181008,003800,에이스침대,KOSDAQ,관리종목(소속부없음),145000,-500,-0.34,146700,146700,143500,721,104359600,321610000000,2218000
20181008,088800,에이스테크,KOSDAQ,중견기업부,4955,-215,-4.16,5110,5180,4955,383511,1937146195,159810532990,32252378
20181008,138360,에이씨티,KOSDAQ,벤처기업부,7980,0,0.00,7960,8120,7890,245822,1965431510,217600507320,27268234
20181008,039230,에이아이비트,KOSDAQ,중견기업부,1435,35,2.50,1385,1440,1370,266284,377977085,75414008460,52553316
20181008,050320,에이앤티앤,KOSDAQ,관리종목(소속부없음),3220,0,0.00,0,0,0,0,0,72970870420,22661761
20181008,072990,에이치시티,KOSDAQ,중견기업부,10800,-100,-0.92,10900,11150,10550,12067,130824100,49463287200,4579934
20181008,176440,에이치엔티,KOSDAQ,벤처기업부,3455,55,1.62,3555,3565,3355,21159,72743510,46304601000,13402200
20181008,028300,에이치엘비,KOSDAQ,중견기업부,95900,-6100,-5.98,101000,103900,95500,877572,87906471400,3729913597900,38893781
20181008,067630,에이치엘비생명과학,KOSDAQ,중견기업부,19800,-700,-3.41,20300,21300,19800,383002,7874932450,539918775000,27268625
20181008,043220,에이치엘비파워,KOSDAQ,중견기업부,1200,0,0.00,1230,1240,1195,292392,353057720,71422636800,59518864
20181008,239610,에이치엘사이언스,KOSDAQ,벤처기업부,39600,100,0.25,39750,40150,39050,9130,360518450,203629060800,5142148
20181008,226340,에이치엠씨3호스팩,KOSDAQ,SPAC(소속부없음),2655,-55,-2.03,2755,2800,2580,107485,286253480,17257500000,6500000
20181008,044780,에이치케이,KOSDAQ,벤처기업부,1600,-30,-1.84,1630,1670,1590,362058,582068985,29529259200,18455787
20181008,033600,에이코넬,KOSDAQ,중견기업부,7070,420,6.32,6680,7130,6570,265586,1832789270,84043182720,11887296
20181008,071670,에이테크솔루션,KOSDAQ,중견기업부,9000,0,0.00,8810,9080,8810,16107,144200280,90000000000,10000000
20181008,045660,에이텍,KOSDAQ,벤처기업부,7000,0,0.00,6900,7050,6880,29875,207393670,57820000000,8260000
20181008,224110,에이텍티앤,KOSDAQ,벤처기업부,8850,-150,-1.67,8760,9010,8760,20931,185996350,47259000000,5340000
20181008,021080,에이티넘인베스트,KOSDAQ,벤처기업부,2595,-40,-1.52,2600,2670,2585,330731,869390060,124560000000,48000000
20181008,089530,에이티세미콘,KOSDAQ,투자주의환기종목(소속부없음),605,-8,-1.31,608,617,600,132265,80210272,40143672690,66353178
20181008,182400,에이티젠,KOSDAQ,기술성장기업부,15750,-150,-0.94,15900,16400,15750,100884,1612806450,389417033250,24724891
20181008,109960,에이프로젠 H&G,KOSDAQ,중견기업부,1140,5,0.44,1135,1165,1125,172186,196502715,203712547380,178695217
20181008,089970,에이피티씨,KOSDAQ,벤처기업부,6020,-80,-1.31,6010,6160,6010,31401,190797970,139872261900,23234595
20181008,214870,에치디프로,KOSDAQ,중견기업부,2810,-45,-1.58,2855,2855,2795,69216,195273565,40900696480,14555408
20181008,064510,에코마이스터,KOSDAQ,기술성장기업부,13100,550,4.38,12350,13400,12350,865702,11207085150,165835611700,12659207
20181008,230360,에코마케팅,KOSDAQ,중견기업부,14400,100,0.70,14200,15300,14050,338742,4953113500,233264692800,16198937
20181008,038870,에코바이오,KOSDAQ,중견기업부,6400,-110,-1.69,6510,6750,6300,37128,237542320,73775948800,11527492
20181008,086520,에코프로,KOSDAQ,중견기업부,40350,750,1.89,39500,41200,38750,562831,22774178850,891339206850,22090191
20181008,038110,에코플라스틱,KOSDAQ,중견기업부,1490,-25,-1.65,1480,1515,1480,52728,78958935,38247361300,25669370
20181008,073540,에프알텍,KOSDAQ,벤처기업부,3070,-30,-0.97,3065,3120,3010,32398,99038870,34998000000,11400000
20181008,064090,에프앤리퍼블릭,KOSDAQ,중견기업부,2365,-90,-3.67,2420,2475,2340,495539,1190521150,140770130710,59522254
20181008,036810,에프에스티,KOSDAQ,우량기업부,4955,-15,-0.30,4860,5140,4855,102206,511860200,100258548370,20233814
20181008,173940,에프엔씨엔터,KOSDAQ,중견기업부,8380,-790,-8.62,9100,9170,8380,89746,780763560,120377694400,14364880
20181008,083500,에프엔에스테크,KOSDAQ,벤처기업부,4900,-90,-1.80,4750,4985,4750,40312,195393295,34375876500,7015485
20181008,065160,에프티이앤이,KOSDAQ,투자주의환기종목(소속부없음),87,0,0.00,0,0,0,0,0,5915212737,67990951
20181008,054940,엑사이엔씨,KOSDAQ,벤처기업부,1420,0,0.00,1410,1440,1340,182523,257483035,47106438160,33173548
20181008,950130,엑세스바이오,KOSDAQ,외국기업(소속부없음),4635,90,1.98,4450,4650,4445,58546,268391635,125445950550,27064930
20181008,205100,엑셈,KOSDAQ,벤처기업부,3460,-110,-3.08,3570,3655,3460,107556,381470070,115042792520,33249362
20181008,092870,엑시콘,KOSDAQ,우량기업부,7450,-160,-2.10,7600,7670,7450,63537,479000480,66182075000,8883500
20181008,067570,엔브이에이치코리아,KOSDAQ,우량기업부,2705,-70,-2.52,2840,2840,2705,6338,17306780,77693610510,28722222
20181008,101400,엔시트론,KOSDAQ,벤처기업부,605,18,3.07,587,623,581,329688,199739484,61491221715,101638383
20181008,217820,엔에스,KOSDAQ,벤처기업부,11300,-600,-5.04,11650,11850,11150,21895,250288350,55370000000,4900000
20181008,031860,엔에스엔,KOSDAQ,중견기업부,1950,-25,-1.27,1950,2030,1950,82265,162313030,41091577800,21072604
20181008,256630,엔에이치스팩10호,KOSDAQ,SPAC(소속부없음),2050,5,0.24,2055,2055,2050,2021,4143980,14350000000,7000000
20181008,256840,엔에이치스팩11호,KOSDAQ,SPAC(소속부없음),2050,10,0.49,2050,2050,2050,1,2050,14001500000,6830000
20181008,273060,엔에이치스팩12호,KOSDAQ,SPAC(소속부없음),2070,5,0.24,0,0,0,0,0,15545700000,7510000
20181008,208860,엔지스테크널러지,KOSDAQ,벤처기업부,30500,-1250,-3.94,31100,31900,30100,13413,411460300,95378990000,3127180
20181008,183490,엔지켐생명과학,KOSDAQ,기술성장기업부,103100,-2400,-2.27,105000,107400,103100,30122,3181207100,791574169200,7677732
20181008,206400,엔터메이트,KOSDAQ,중견기업부,2585,55,2.17,2530,2635,2530,218782,569404355,114250390155,44197443
20181008,069410,엔텔스,KOSDAQ,벤처기업부,11850,100,0.85,11800,12000,11500,8094,94433150,81755839950,6899227
20181008,048830,엔피케이,KOSDAQ,중견기업부,2360,60,2.61,2275,2360,2275,159273,370960685,44188458280,18723923
20181008,096870,엘디티,KOSDAQ,벤처기업부,3090,20,0.65,2965,3100,2965,2254,6873255,20636256000,6678400
20181008,061970,엘비세미콘,KOSDAQ,우량기업부,4490,-30,-0.66,4535,4810,4490,2466880,11537636105,196592818080,43784592
20181008,138690,엘아이에스,KOSDAQ,중견기업부,11800,-50,-0.42,12150,12150,11600,35852,423165050,177254762000,15021590
20181008,066970,엘앤에프,KOSDAQ,우량기업부,37000,-550,-1.46,37000,38900,36950,266498,10063451300,916033975000,24757675
20181008,156100,엘앤케이바이오,KOSDAQ,중견기업부,9170,-340,-3.58,9450,9650,9160,52766,494115710,97693805440,10653632
20181008,073110,엘엠에스,KOSDAQ,벤처기업부,6900,270,4.07,6700,7090,6530,539234,3703206970,61380709500,8895755
20181008,083310,엘오티베큠,KOSDAQ,우량기업부,9250,-200,-2.12,9400,9640,9130,83118,776286100,122638868000,13258256
20181008,037950,엘컴텍,KOSDAQ,우량기업부,1700,-100,-5.56,1770,1815,1670,572613,997732665,143560782300,84447519
20181008,170920,엘티씨,KOSDAQ,벤처기업부,12550,650,5.46,11850,12750,11800,69179,856509000,94375284650,7519943
20181008,058630,엠게임,KOSDAQ,벤처기업부,3050,-40,-1.29,3090,3115,2970,94950,287676240,59608824850,19543877
20181008,019590,엠벤처투자,KOSDAQ,투자주의환기종목(소속부없음),587,0,0.00,0,0,0,0,0,69547815765,118480095
20181008,097520,엠씨넥스,KOSDAQ,중견기업부,15500,0,0.00,15400,15750,15300,19682,306004900,142544045000,9196390
20181008,009780,엠에스씨,KOSDAQ,우량기업부,6300,-10,-0.16,6350,6410,6280,8744,55286820,110880000000,17600000
20181008,123040,엠에스오토텍,KOSDAQ,우량기업부,2400,-30,-1.23,2365,2460,2350,67988,161825560,65292052800,27205022
20181008,032790,엠젠플러스,KOSDAQ,벤처기업부,10750,250,2.38,10500,10950,10350,70177,754636500,156638701500,14571042
20181008,033160,엠케이전자,KOSDAQ,우량기업부,8430,-200,-2.32,8540,8540,8400,102353,866907670,183838818270,21807689
20181008,204020,엠코르셋,KOSDAQ,중견기업부,11350,0,0.00,11250,11450,11150,62100,701845350,114336665250,10073715
20181008,259630,엠플러스,KOSDAQ,벤처기업부,21800,-50,-0.23,21300,22000,21300,22105,478065250,111439202000,5111890
20181008,115960,연우,KOSDAQ,우량기업부,26500,-850,-3.11,27350,28000,26400,48815,1333187150,328547000000,12398000
20181008,090740,연이정보통신,KOSDAQ,중견기업부,2285,-85,-3.59,2365,2365,2250,63608,145392485,36560000000,16000000
20181008,007530,영신금속,KOSDAQ,중견기업부,1825,10,0.55,1825,1880,1775,80245,146291625,23420166600,12832968
20181008,143540,영우디에스피,KOSDAQ,벤처기업부,2575,-70,-2.65,2650,2690,2575,35281,92209560,31400749950,12194466
20181008,036180,영인프런티어,KOSDAQ,중견기업부,5560,-30,-0.54,5530,5660,5520,80239,447762610,97857895960,17600341
20181008,036560,영풍정밀,KOSDAQ,우량기업부,7640,10,0.13,7500,7640,7500,36658,275880520,120330000000,15750000
20181008,265560,영화테크,KOSDAQ,벤처기업부,10350,-550,-5.05,10650,10950,10350,17590,186827000,55321681500,5345090
20181008,036000,예림당,KOSDAQ,중견기업부,6100,-300,-4.69,6370,6440,6070,306628,1898387520,140509089700,23034277
20181008,053280,예스24,KOSDAQ,중견기업부,4945,-25,-0.50,5000,5010,4905,14956,73788215,85054000000,17200000
20181008,122640,예스티,KOSDAQ,우량기업부,9300,-30,-0.32,9140,9480,9140,99999,932466710,102317065500,11001835
20181008,900300,오가닉티코스메틱,KOSDAQ,외국기업(소속부없음),3495,150,4.48,3335,3550,3335,377593,1318977720,198952875000,56925000
20181008,045060,오공,KOSDAQ,중견기업부,3290,15,0.46,3215,3320,3215,397562,1300654215,55739094460,16941974
20181008,080520,오디텍,KOSDAQ,우량기업부,6410,-100,-1.54,6520,6650,6410,33479,218040850,75295763690,11746609
20181008,039830,오로라,KOSDAQ,우량기업부,9370,80,0.86,9300,9430,9250,48475,451496740,100848279300,10762890
20181008,046120,오르비텍,KOSDAQ,벤처기업부,5790,90,1.58,5690,5810,5500,1960587,11161300940,137747417670,23790573
20181008,014940,오리엔탈정공,KOSDAQ,중견기업부,844,-1,-0.12,865,865,836,130636,110039802,35312521120,41839480
20181008,065500,오리엔트정공,KOSDAQ,중견기업부,526,1,0.19,523,533,522,437831,230535382,61654859612,117214562
20181008,010470,오리콤,KOSDAQ,우량기업부,5070,-20,-0.39,5090,5140,5060,21814,110689290,58298662500,11498750
20181008,053980,오상자이엘,KOSDAQ,중견기업부,9310,0,0.00,9250,9370,9200,18223,169033490,165232781420,17747882
20181008,052420,오성첨단소재,KOSDAQ,중견기업부,2355,-30,-1.26,2400,2410,2335,198583,471699325,117085652145,49717899
20181008,241790,오션브릿지,KOSDAQ,벤처기업부,8220,-60,-0.72,8230,8340,8030,12618,102437150,75007335600,9124980
20181008,039200,오스코텍,KOSDAQ,벤처기업부,23400,400,1.74,22700,25150,22700,372107,8986295750,637668415800,27250787
20181008,226400,오스테오닉,KOSDAQ,기술성장기업부,6370,-320,-4.78,6880,6880,6330,61699,404223790,53880428420,8458466
20181008,031510,오스템,KOSDAQ,우량기업부,4280,-40,-0.93,4395,4395,4250,74991,322961530,111280000000,26000000
20181008,048260,오스템임플란트,KOSDAQ,우량기업부,48700,700,1.46,48450,49100,47800,38063,1850099750,695714417900,14285717
20181008,138080,오이솔루션,KOSDAQ,벤처기업부,13000,-100,-0.76,13000,13500,13000,36582,480958950,100613916000,7739532
20181008,080580,오킨스전자,KOSDAQ,벤처기업부,3700,65,1.79,3635,3725,3635,6077,22466275,22940000000,6200000
20181008,067170,오텍,KOSDAQ,우량기업부,10450,50,0.48,10350,10650,10350,85038,893255050,160842272250,15391605
20181008,173130,오파스넷,KOSDAQ,기술성장기업부,9940,-10,-0.10,9960,10450,9860,91543,924943280,40017465880,4025902
20181008,049480,오픈베이스,KOSDAQ,중견기업부,2440,-20,-0.81,2420,2530,2420,189195,466761575,76670614520,31422383
20181008,226950,올릭스,KOSDAQ,기술성장기업부,74800,2500,3.46,72300,77600,72100,409530,31016871600,482902890800,6455921
20181008,057540,옴니시스템,KOSDAQ,우량기업부,2280,-10,-0.44,2275,2335,2275,174700,401846870,92748154200,40679015
20181008,057680,옴니텔,KOSDAQ,중견기업부,2385,-60,-2.45,2430,2470,2370,93590,224863135,51751256400,21698640
20181008,123010,옵토팩,KOSDAQ,기술성장기업부,4000,-25,-0.62,4060,4060,3985,1608,6453735,19949636000,4987409
20181008,082210,옵트론텍,KOSDAQ,우량기업부,4500,-105,-2.28,4565,4650,4450,46343,209550105,101522821500,22560627
20181008,109080,옵티시스,KOSDAQ,벤처기업부,7070,-60,-0.84,7250,7250,6870,5383,37834830,39846520000,5636000
20181008,052770,와이디온라인,KOSDAQ,투자주의환기종목(소속부없음),2735,75,2.82,2660,2780,2660,294419,800496980,85942982590,31423394
20181008,057030,와이비엠넷,KOSDAQ,중견기업부,2385,-65,-2.65,2395,2450,2375,42784,102677800,38905782345,16312697
20181008,122990,와이솔,KOSDAQ,우량기업부,16500,-400,-2.37,16850,17000,16500,196100,3278026550,397599526500,24096941
20181008,232140,와이아이케이,KOSDAQ,우량기업부,3440,-155,-4.31,3520,3610,3425,246122,860733295,212552288640,61788456
20181008,067900,와이엔텍,KOSDAQ,우량기업부,4665,-150,-3.12,4800,4805,4650,231285,1090880355,84901409235,18199659
20181008,155650,와이엠씨,KOSDAQ,우량기업부,7450,-150,-1.97,7350,7680,7330,105314,783567260,145968140550,19593039
20181008,251370,와이엠티,KOSDAQ,벤처기업부,17200,-1200,-6.52,18250,18950,17200,64890,1174224350,127369440000,7405200
20181008,066430,와이오엠,KOSDAQ,관리종목(소속부없음),13600,350,2.64,13000,14600,12950,500086,6939867950,157264062400,11563534
20181008,193250,와이제이엠게임즈,KOSDAQ,중견기업부,2640,-55,-2.04,2700,2745,2635,379807,1019130550,120480610800,45636595
20181008,019210,와이지-원,KOSDAQ,우량기업부,11000,-200,-1.79,11100,11300,10950,231578,2577642150,335570378000,30506398
20181008,122870,와이지엔터테인먼트,KOSDAQ,우량기업부,41200,-2000,-4.63,43000,43950,40250,372531,15522500100,749251210800,18185709
20181008,079000,와토스코리아,KOSDAQ,중견기업부,6040,50,0.83,6050,6190,5990,12598,77123030,43488000000,7200000
20181008,114630,우노앤컴퍼니,KOSDAQ,중견기업부,5030,-20,-0.40,4915,5070,4915,980,4878515,68277043950,13573965
20181008,032820,우리기술,KOSDAQ,벤처기업부,1565,-15,-0.95,1580,1620,1560,1154636,1824404345,133650987480,85399992
20181008,041190,우리기술투자,KOSDAQ,벤처기업부,3585,-50,-1.38,3610,3715,3570,1246915,4527822020,301140000000,84000000
20181008,115440,우리넷,KOSDAQ,벤처기업부,6930,40,0.58,6900,6950,6800,14775,101252520,44114370300,6365710
20181008,046970,우리로,KOSDAQ,벤처기업부,2220,-20,-0.89,2240,2280,2220,32042,71678075,55036284180,24791119
20181008,215360,우리산업,KOSDAQ,우량기업부,31600,1200,3.95,30700,32200,30600,246994,7840267000,288576350800,9132163
20181008,072470,우리산업홀딩스,KOSDAQ,우량기업부,5010,10,0.20,5000,5040,4900,7285,36245980,94625578410,18887341
20181008,073560,우리손에프앤지,KOSDAQ,우량기업부,2000,0,0.00,2000,2015,1995,63882,127968595,138475286000,69237643
20181008,153490,우리이앤엘,KOSDAQ,중견기업부,811,-4,-0.49,815,815,790,42911,34291356,40468900000,49900000
20181008,082850,우리이티아이,KOSDAQ,중견기업부,905,-7,-0.77,922,940,895,47079,42715059,37574352005,41518621
20181008,037400,우리조명,KOSDAQ,중견기업부,1125,-25,-2.17,1170,1170,1120,32751,37538765,28038764250,24923346
20181008,101170,우림기계,KOSDAQ,벤처기업부,4450,-50,-1.11,4500,4605,4450,68912,312150550,60075000000,13500000
20181008,194610,우성아이비,KOSDAQ,투자주의환기종목(소속부없음),76,0,0.00,0,0,0,0,0,1639320000,21570000
20181008,066590,우수AMS,KOSDAQ,중견기업부,5540,-120,-2.12,5500,5810,5500,557836,3145106690,136806438620,24694303
20181008,046940,우원개발,KOSDAQ,중견기업부,5100,50,0.99,5050,5200,5040,89417,457353390,81876088500,16054135
20181008,215380,우정바이오,KOSDAQ,벤처기업부,2700,5,0.19,2695,2765,2675,103739,280713020,67796219700,25109711
20181008,065680,우주일렉트로,KOSDAQ,우량기업부,8730,30,0.34,8700,8900,8700,1340,11712240,86725740600,9934220
20181008,018620,우진비앤지,KOSDAQ,벤처기업부,3785,5,0.13,3745,3860,3745,58229,221424660,61381394205,16217013
20181008,032940,원익,KOSDAQ,중견기업부,7420,80,1.09,7400,7620,7290,143937,1072045960,133073485440,17934432
20181008,240810,원익IPS,KOSDAQ,우량기업부,19850,-850,-4.11,20400,21150,19850,297264,6045639250,819277704600,41273436
20181008,074600,원익QnC,KOSDAQ,우량기업부,14750,-800,-5.14,15550,15950,14600,332785,5011514650,387748000000,26288000
20181008,104830,원익머트리얼즈,KOSDAQ,우량기업부,29750,1050,3.66,29500,30250,29000,62759,1871337100,187544000000,6304000
20181008,014190,원익큐브,KOSDAQ,중견기업부,3510,15,0.43,3445,3595,3445,620501,2194336120,124253670060,35399906
20181008,123100,원익테라세미콘,KOSDAQ,우량기업부,14700,-750,-4.85,15200,15650,14650,131128,1975330550,166166448000,11303840
20181008,030530,원익홀딩스,KOSDAQ,우량기업부,4635,-5,-0.11,4600,4705,4535,314865,1450679800,357998041935,77237981
20181008,012620,원일특강,KOSDAQ,우량기업부,9870,-80,-0.80,9870,9920,9840,4363,43053320,43428000000,4400000
20181008,008370,원풍,KOSDAQ,우량기업부,3705,-55,-1.46,3760,3765,3700,15992,59628200,44460000000,12000000
20181008,008290,원풍물산,KOSDAQ,중견기업부,3665,-35,-0.95,3700,3765,3640,129024,476533730,140705877365,38391781
20181008,101160,월덱스,KOSDAQ,벤처기업부,5500,-10,-0.18,5440,5540,5350,25604,138459610,90810461500,16510993
20181008,095270,웨이브일렉트로,KOSDAQ,벤처기업부,23200,500,2.20,22700,23650,22550,21382,494987150,250422957600,10794093
20181008,065950,웰크론,KOSDAQ,벤처기업부,3880,-75,-1.90,3950,4030,3880,642910,2540722450,98903128360,25490497
20181008,114190,웰크론강원,KOSDAQ,중견기업부,4095,-55,-1.33,4025,4135,3955,99729,402074550,62461157850,15253030
20181008,076080,웰크론한텍,KOSDAQ,중견기업부,2475,-25,-1.00,2530,2530,2470,56429,141537265,47922368175,19362573
20181008,196700,웹스,KOSDAQ,벤처기업부,2565,-35,-1.35,2565,2700,2565,276634,725856810,35136590940,13698476
20181008,069080,웹젠,KOSDAQ,우량기업부,18000,0,0.00,17800,18650,17800,119729,2179638900,635595912000,35310884
20181008,026260,위너지스,KOSDAQ,투자주의환기종목(소속부없음),169,-52,-23.53,210,210,159,2400785,428653911,1097656352,6495008
20181008,044340,위닉스,KOSDAQ,중견기업부,12950,-50,-0.38,12850,13250,12850,72336,943916700,231460853750,17873425
20181008,112040,위메이드,KOSDAQ,중견기업부,28050,-900,-3.11,29000,29550,28050,70160,2017008450,471240000000,16800000
20181008,038620,위즈코프,KOSDAQ,벤처기업부,1370,5,0.37,1340,1410,1340,328699,453754795,50905188640,37157072
20181008,036090,위지트,KOSDAQ,중견기업부,1140,-5,-0.44,1145,1190,1135,1015077,1179649675,82934216820,72749313
20181008,136540,윈스,KOSDAQ,우량기업부,12450,-200,-1.58,12550,12750,12400,35160,437851450,150496384350,12088063
20181008,097800,윈팩,KOSDAQ,중견기업부,1700,130,8.28,1565,1785,1515,2557029,4363165915,57955070600,34091218
20181008,192390,윈하이텍,KOSDAQ,중견기업부,4850,25,0.52,4830,4940,4815,30018,146368270,47835981650,9863089
20181008,036200,유니셈,KOSDAQ,우량기업부,4575,-205,-4.29,4700,4870,4575,388698,1832740280,140288820225,30664223
20181008,018000,유니슨,KOSDAQ,중견기업부,1875,15,0.81,1880,1910,1845,328836,615455650,175501136250,93600606
20181008,203450,유니온커뮤니티,KOSDAQ,벤처기업부,2845,5,0.18,2840,2880,2805,17816,50748905,41761774915,14679007
20181008,011320,유니크,KOSDAQ,우량기업부,4465,-40,-0.89,4325,4610,4325,106609,475784610,86266903175,19320695
20181008,086390,유니테스트,KOSDAQ,우량기업부,13950,100,0.72,13800,14150,13400,171218,2385055950,294821057700,21134126
20181008,241690,유니테크노,KOSDAQ,우량기업부,19100,-500,-2.55,19200,19450,18700,12214,233075450,227815632000,11927520
20181008,142210,유니트론텍,KOSDAQ,벤처기업부,5590,240,4.49,5370,5900,5360,107917,598879450,55519600500,9931950
20181008,048430,유라테크,KOSDAQ,우량기업부,6500,-170,-2.55,6540,6630,6340,33925,219055610,74880000000,11520000
20181008,206650,유바이오로직스,KOSDAQ,기술성장기업부,6300,-70,-1.10,6370,6510,6300,42259,270060140,159317461800,25288486
20181008,089850,유비벨록스,KOSDAQ,벤처기업부,7900,110,1.41,7720,8120,7720,24401,195041830,56214006300,7115697
20181008,032620,유비케어,KOSDAQ,우량기업부,4300,-30,-0.69,4300,4440,4300,233111,1013177310,224447697700,52197139
20181008,264450,유비쿼스,KOSDAQ,우량기업부,34850,-950,-2.65,35800,36650,34700,34531,1227310600,178569831750,5123955
20181008,078070,유비쿼스홀딩스,KOSDAQ,우량기업부,6260,-140,-2.19,6390,6390,6210,48630,305519450,117040891280,18696628
20181008,024800,유성티엔에스,KOSDAQ,우량기업부,3250,0,0.00,3205,3335,3205,20267,65868815,88444135000,27213580
20181008,054930,유신,KOSDAQ,중견기업부,19200,-100,-0.52,19350,19600,19100,17358,334716250,57600000000,3000000
20181008,069330,유아이디,KOSDAQ,벤처기업부,1725,-20,-1.15,1750,1785,1720,23355,40708880,20506441200,11887792
20181008,049520,유아이엘,KOSDAQ,우량기업부,4805,-25,-0.52,4790,4830,4610,22216,106417970,104676617480,21784936
20181008,287410,유안타제3호스팩,KOSDAQ,SPAC(소속부없음),2055,0,0.00,2060,2060,2050,401,824315,8702925000,4235000
20181008,056090,유앤아이,KOSDAQ,기술성장기업부,13950,-250,-1.76,14000,14400,13900,36476,512422000,107940105900,7737642
20181008,263770,유에스티,KOSDAQ,중견기업부,7300,-90,-1.22,7390,7590,7210,49032,359861070,166477755600,22805172
20181008,195990,유지인트,KOSDAQ,중견기업부,754,52,7.41,691,769,691,1421971,1048011175,60233371432,79885108
20181008,023410,유진기업,KOSDAQ,우량기업부,6630,90,1.38,6590,6700,6520,460326,3038585200,511319304210,77122067
20181008,056080,유진로봇,KOSDAQ,벤처기업부,4815,-30,-0.62,4820,4940,4815,105749,513627300,180621011880,37512152
20181008,084370,유진테크,KOSDAQ,우량기업부,12650,-100,-0.78,12750,13150,12650,132693,1702081750,289887931300,22916042
20181008,178780,유테크,KOSDAQ,중견기업부,3890,-105,-2.63,4000,4020,3740,267106,1025191690,59082973250,15188425
20181008,179900,유티아이,KOSDAQ,벤처기업부,15000,50,0.33,14500,15250,14450,14446,215391800,79982175000,5332145
20181008,191410,육일씨엔에쓰,KOSDAQ,중견기업부,4755,-170,-3.45,4985,4985,4735,51506,246606130,44521169610,9363022
20181008,039020,이건홀딩스,KOSDAQ,중견기업부,2850,-10,-0.35,2800,2920,2785,59168,167534100,64366420650,22584709
20181008,060230,이그잭스,KOSDAQ,벤처기업부,2020,5,0.25,2055,2055,1940,211328,420464765,102460447880,50722994
20181008,067920,이글루시큐리티,KOSDAQ,벤처기업부,4280,-40,-0.93,4295,4315,4245,5346,22777700,47063389320,10996119
20181008,044960,이글벳,KOSDAQ,중견기업부,4530,80,1.80,4525,4590,4455,52154,236843140,57267729990,12641883
20181008,073490,이노와이어리스,KOSDAQ,벤처기업부,20250,-650,-3.11,20800,21200,19900,68093,1397640850,121550625000,6002500
20181008,215790,이노인스트루먼트,KOSDAQ,중견기업부,6310,-20,-0.32,6360,6390,6170,7264,45320320,127986670190,20283149
20181008,088390,이녹스,KOSDAQ,우량기업부,9010,-90,-0.99,9160,9370,9000,23315,213853330,84251104440,9350844
20181008,272290,이녹스첨단소재,KOSDAQ,우량기업부,45250,-2100,-4.44,47100,48300,44800,143809,6612699150,405870146500,8969506
20181008,053350,이니텍,KOSDAQ,우량기업부,7070,-30,-0.42,7110,7110,6940,17571,122856670,139921776120,19790916
20181008,258610,이더블유케이,KOSDAQ,벤처기업부,4485,-30,-0.66,4470,4660,4450,19052,86108095,33103533840,7380944
20181008,033110,이디,KOSDAQ,투자주의환기종목(소속부없음),708,15,2.16,699,725,693,473247,333910658,44826289344,63313968
20181008,041520,이라이콤,KOSDAQ,우량기업부,5330,-250,-4.48,5600,5690,5330,83186,454974530,64965930900,12188730
20181008,054210,이랜텍,KOSDAQ,우량기업부,2950,-25,-0.84,2900,2985,2900,16496,48791300,60410707700,20478206
20181008,065440,이루온,KOSDAQ,벤처기업부,1830,5,0.27,1825,1890,1795,146205,270812695,27953286600,15275020
20181008,036260,이매진아시아,KOSDAQ,중견기업부,2670,-125,-4.47,2715,2760,2605,274897,738151190,95263239720,35679116
20181008,115610,이미지스,KOSDAQ,벤처기업부,3900,-95,-2.38,3980,4005,3890,15889,62324185,29909599200,7669128
20181008,078020,이베스트투자증권,KOSDAQ,우량기업부,9760,-10,-0.10,9620,9760,9620,2373,22918450,395096414400,40481190
20181008,080010,이상네트웍스,KOSDAQ,중견기업부,9260,10,0.11,9160,9370,9160,10171,94510310,83478900000,9015000
20181008,086890,이수앱지스,KOSDAQ,기술성장기업부,8300,-480,-5.47,8750,8870,8300,109006,932293680,220989923600,26625292
20181008,047560,이스트소프트,KOSDAQ,벤처기업부,8100,40,0.50,7910,8210,7900,28156,227408100,80185140000,9899400
20181008,900110,이스트아시아홀딩스,KOSDAQ,외국기업(소속부없음),303,-8,-2.57,312,321,299,1211324,371937259,33027207858,109000686
20181008,067010,이씨에스,KOSDAQ,벤처기업부,4510,5,0.11,4550,4600,4450,17554,78895845,33825000000,7500000
20181008,223310,이에스브이,KOSDAQ,중견기업부,1190,40,3.48,1300,1300,1170,21167971,26029280195,127911577990,107488721
20181008,052190,이에스에이,KOSDAQ,관리종목(소속부없음),2720,0,0.00,2745,2815,2670,68115,186431705,75364881440,27707677
20181008,226360,이엑스티,KOSDAQ,벤처기업부,2535,0,0.00,2580,2720,2535,189798,490849915,68502225090,27022574
20181008,102710,이엔에프테크놀로지,KOSDAQ,우량기업부,11350,-450,-3.81,11650,11900,11350,137531,1586642150,161485938600,14227836
20181008,094190,이엘케이,KOSDAQ,중견기업부,833,17,2.08,810,844,806,149012,123479893,57565946074,69106778
20181008,063760,이엘피,KOSDAQ,벤처기업부,15250,100,0.66,14900,15300,14900,14942,225591300,74808875000,4905500
20181008,123570,이엠넷,KOSDAQ,중견기업부,2805,-5,-0.18,2765,2865,2765,49201,137081950,62484398790,22276078
20181008,095190,이엠코리아,KOSDAQ,중견기업부,4530,100,2.26,4470,4670,4440,3727033,17136532050,164587149120,36332704
20181008,091120,이엠텍,KOSDAQ,우량기업부,15700,-600,-3.68,16300,16650,15650,103729,1668622900,238621379800,15198814
20181008,039030,이오테크닉스,KOSDAQ,우량기업부,48400,-50,-0.10,48400,49400,45400,203110,9590067450,594382298400,12280626
20181008,088290,이원컴포텍,KOSDAQ,중견기업부,1470,20,1.38,1480,1480,1455,43928,64386410,20944363020,14247866
20181008,181340,이즈미디어,KOSDAQ,벤처기업부,5900,-180,-2.96,6080,6090,5900,4237,25504570,41566090000,7045100
20181008,035810,이지바이오,KOSDAQ,우량기업부,7270,-70,-0.95,7310,7470,7270,586178,4317107490,421131841770,57927351
20181008,090850,이지웰페어,KOSDAQ,벤처기업부,7970,-50,-0.62,7940,8180,7940,55560,445959130,78847210000,9893000
20181008,092130,이크레더블,KOSDAQ,중견기업부,15550,150,0.97,15400,15550,15350,9035,139900850,187277980000,12043600
20181008,016250,이테크건설,KOSDAQ,우량기업부,101500,2600,2.63,101200,103300,98900,8838,900067300,284200000000,2800000
20181008,096040,이트론,KOSDAQ,중견기업부,239,4,1.70,236,242,233,841938,201072455,57347960614,239949626
20181008,134060,이퓨쳐,KOSDAQ,벤처기업부,4630,-70,-1.49,4655,4735,4600,4853,22439390,22081627500,4769250
20181008,001840,이화공영,KOSDAQ,벤처기업부,8350,-140,-1.65,8540,8730,8350,374906,3200372710,165378096000,19805760
20181008,024810,이화전기,KOSDAQ,중견기업부,321,-2,-0.62,322,325,320,2300093,740111430,193252581123,602032963
20181008,041830,인바디,KOSDAQ,우량기업부,26200,-50,-0.19,26550,27300,26000,89451,2380740700,358515088400,13683782
20181008,079950,인베니아,KOSDAQ,벤처기업부,3430,-90,-2.56,3520,3550,3425,17335,60533610,79576000000,23200000
20181008,277410,인산가,KOSDAQ,벤처기업부,2105,-55,-2.55,2155,2195,2090,247128,527122215,48929070470,23244214
20181008,060150,인선이엔티,KOSDAQ,중견기업부,6930,60,0.87,6940,7020,6870,186272,1296338220,253633758840,36599388
20181008,033230,인성정보,KOSDAQ,중견기업부,3900,5,0.13,3880,3960,3700,33166,128249750,74717256900,19158271
20181008,037330,인지디스플레,KOSDAQ,우량기업부,1540,0,0.00,1540,1565,1530,23219,36087540,54828844840,35603146
20181008,083640,인콘,KOSDAQ,벤처기업부,9890,0,0.00,0,0,0,0,0,249776420280,25255452
20181008,216050,인크로스,KOSDAQ,중견기업부,20350,-400,-1.93,20200,21000,20200,18654,385424000,163040028250,8011795
20181008,049070,인탑스,KOSDAQ,우량기업부,8460,-140,-1.63,8670,8670,8400,45020,382598640,145512000000,17200000
20181008,119610,인터로조,KOSDAQ,우량기업부,26400,-1350,-4.86,27500,28900,25500,83298,2200534900,290050173600,10986749
20181008,158310,인터불스,KOSDAQ,중견기업부,3500,55,1.60,3390,3500,3225,871817,2934401015,30317553000,8662158
20181008,017250,인터엠,KOSDAQ,중견기업부,2785,60,2.20,2720,2870,2685,229206,639318600,58611625595,21045467
20181008,108790,인터파크,KOSDAQ,우량기업부,5940,-80,-1.33,5930,6090,5910,37286,222060640,196824751200,33135480
20181008,035080,인터파크홀딩스,KOSDAQ,중견기업부,2170,-45,-2.03,2200,2260,2165,318287,700025620,126945000000,58500000
20181008,051370,인터플렉스,KOSDAQ,중견기업부,12850,600,4.90,12250,13100,12250,404179,5203528050,299758015200,23327472
20181008,064290,인텍플러스,KOSDAQ,벤처기업부,3700,205,5.87,3460,3700,3410,22366,80275665,40860887100,11043483
20181008,189300,인텔리안테크,KOSDAQ,우량기업부,14200,-200,-1.39,14400,14400,13950,28461,402229550,102821404800,7240944
20181008,150840,인트로메딕,KOSDAQ,기술성장기업부,9190,90,0.99,8850,9300,8850,142393,1308164000,141402449640,15386556
20181008,048530,인트론바이오,KOSDAQ,기술성장기업부,39250,-1150,-2.85,40400,41300,39250,53294,2136283900,590259633500,15038462
20181008,175140,인포마크,KOSDAQ,벤처기업부,13650,0,0.00,13500,13750,13500,4225,57522350,49525039200,3628208
20181008,115310,인포바인,KOSDAQ,벤처기업부,23100,50,0.22,23050,23300,23050,654,15115600,73755597300,3192883
20181008,039290,인포뱅크,KOSDAQ,중견기업부,7460,-60,-0.80,7470,7620,7440,30738,231231190,64857075880,8693978
20181008,041020,인프라웨어,KOSDAQ,벤처기업부,1715,-75,-4.19,1750,1800,1715,96373,168833395,64249319400,37463160
20181008,071200,인피니트헬스케어,KOSDAQ,중견기업부,7060,-40,-0.56,7020,7290,7020,118270,845674680,172238993480,24396458
20181008,101930,인화정공,KOSDAQ,중견기업부,5630,-70,-1.23,5750,5780,5620,13666,77923220,52537499150,9331705
20181008,078940,일경산업개발,KOSDAQ,관리종목(소속부없음),1065,5,0.47,1060,1075,1040,80257,85239075,47328644730,44440042
20181008,068330,일신바이오,KOSDAQ,중견기업부,2415,-80,-3.21,2455,2525,2415,685521,1683703850,106781978100,44216140
20181008,058450,일야,KOSDAQ,벤처기업부,1640,-15,-0.91,1640,1685,1610,69148,113681585,16039200000,9780000
20181008,019540,일지테크,KOSDAQ,우량기업부,3175,-25,-0.78,3130,3200,3130,6316,20116705,42905362500,13513500
20181008,094820,일진파워,KOSDAQ,우량기업부,6000,-60,-0.99,6010,6110,5900,41005,245505630,90472254000,15078709
20181008,950140,잉글우드랩,KOSDAQ,외국기업(소속부없음),4770,-165,-3.34,4935,4945,4755,79878,385085165,94769720820,19867866
20181008,049550,잉크테크,KOSDAQ,벤처기업부,3160,-90,-2.77,3210,3245,3110,4178,13232415,50622985120,16019932
20181008,043910,자연과환경,KOSDAQ,중견기업부,2010,-60,-2.90,2030,2065,2010,436851,884434055,68238207570,33949357
20181008,234920,자이글,KOSDAQ,우량기업부,6560,340,5.47,6290,6660,6140,282553,1824692670,88762769600,13530910
20181008,174880,장원테크,KOSDAQ,중견기업부,11700,0,0.00,11800,11800,11500,55051,641599600,70726500000,6045000
20181008,049630,재영솔루텍,KOSDAQ,투자주의환기종목(소속부없음),1790,-85,-4.53,1875,1875,1790,573776,1048949030,81795045240,45695556
20181008,065530,전파기지국,KOSDAQ,우량기업부,2750,40,1.48,2685,2790,2685,161107,442639520,145365000000,52860000
20181008,208140,정다운,KOSDAQ,중견기업부,3150,30,0.96,3120,3220,3095,217618,685254890,64668945600,20529824
20181008,022220,정산애강,KOSDAQ,우량기업부,2515,-15,-0.59,2560,2560,2470,77071,192272910,130263366185,51794579
20181008,040420,정상제이엘에스,KOSDAQ,우량기업부,7370,0,0.00,7330,7410,7310,10565,77704750,115543558240,15677552
20181008,045510,정원엔시스,KOSDAQ,중견기업부,2240,-10,-0.44,2250,2320,2225,8113,18228635,72148814080,32209292
20181008,065620,제낙스,KOSDAQ,벤처기업부,26000,500,1.96,25600,26350,25200,61116,1587191600,584655344000,22486744
20181008,217190,제너셈,KOSDAQ,벤처기업부,2680,-70,-2.55,2750,2780,2655,33524,90283955,23501386320,8769174
20181008,095700,제넥신,KOSDAQ,기술성장기업부,89000,1200,1.37,88400,92900,87500,241523,21910833400,1818019376000,20427184
20181008,122310,제노레이,KOSDAQ,벤처기업부,26750,-600,-2.19,26900,27500,26750,47491,1283410500,111741598000,4177256
20181008,187420,제노포커스,KOSDAQ,기술성장기업부,9250,-150,-1.60,9380,9680,9240,210948,1991890490,194241536250,20999085
20181008,123330,제닉,KOSDAQ,벤처기업부,9880,-170,-1.69,9950,10200,9880,22525,224817630,69160000000,7000000
20181008,159580,제로투세븐,KOSDAQ,중견기업부,7850,490,6.66,7500,8120,7360,178574,1404666880,96476500000,12290000
20181008,147830,제룡산업,KOSDAQ,벤처기업부,9230,-30,-0.32,9250,9360,9110,35002,323730550,92300000000,10000000
20181008,033100,제룡전기,KOSDAQ,벤처기업부,11000,-150,-1.35,11050,11300,10900,204026,2270062000,176686499000,16062409
20181008,019570,제미니투자,KOSDAQ,중견기업부,641,0,0.00,642,642,634,50261,32050295,25640000000,40000000
20181008,079370,제우스,KOSDAQ,우량기업부,14900,-150,-1.00,14900,15250,14900,12209,183390550,154721600000,10384000
20181008,054950,제이브이엠,KOSDAQ,우량기업부,40200,150,0.37,40000,40800,39500,5929,238334450,254502501600,6330908
20181008,096690,제이스테판,KOSDAQ,중견기업부,233,8,3.56,240,270,231,11251023,2819174894,60759393457,260769929
20181008,090470,제이스텍,KOSDAQ,우량기업부,7360,120,1.66,7240,7500,7240,35819,265234910,107439866880,14597808
20181008,137950,제이씨케미칼,KOSDAQ,벤처기업부,5020,80,1.62,5020,5250,4905,493412,2506698675,97101860000,19343000
20181008,033320,제이씨현시스템,KOSDAQ,우량기업부,6660,-50,-0.75,6700,6840,6660,116318,785689070,127302117120,19114432
20181008,026040,제이에스티나,KOSDAQ,중견기업부,7780,-170,-2.14,7900,7950,7770,79358,621260300,128399486200,16503790
20181008,126880,제이엔케이히터,KOSDAQ,중견기업부,3740,115,3.17,3585,3940,3560,395446,1509340835,62392232100,16682415
20181008,033050,제이엠아이,KOSDAQ,중견기업부,1505,50,3.44,1435,1555,1435,375429,565672390,49031909710,32579342
20181008,094970,제이엠티,KOSDAQ,중견기업부,3250,5,0.15,3200,3340,3170,72183,233449500,54431780000,16748240
20181008,058420,제이웨이,KOSDAQ,중견기업부,1840,5,0.27,1835,1895,1785,193327,360103030,27718146400,15064210
20181008,036420,제이콘텐트리,KOSDAQ,우량기업부,5770,-130,-2.20,5910,6020,5670,1630233,9549313340,831278026140,144068982
20181008,089790,제이티,KOSDAQ,벤처기업부,2895,-55,-1.86,2975,2975,2860,14344,41509320,28998719955,10016829
20181008,052670,제일바이오,KOSDAQ,중견기업부,4115,100,2.49,4130,4145,4065,380924,1561556430,61725000000,15000000
20181008,023440,제일제강,KOSDAQ,중견기업부,1400,5,0.36,1395,1420,1370,393215,550194745,36445059000,26032185
20181008,038010,제일테크노스,KOSDAQ,우량기업부,4380,-210,-4.58,4590,4590,4380,38825,173266820,39420000000,9000000
20181008,080220,제주반도체,KOSDAQ,중견기업부,3920,-60,-1.51,3895,4035,3895,53841,212840090,111957308960,28560538
20181008,082270,젬백스,KOSDAQ,중견기업부,13100,0,0.00,13050,13550,13000,99153,1312630800,449306040100,34298171
20181008,044060,조광ILI,KOSDAQ,중견기업부,6790,60,0.89,6750,6900,6670,333523,2254606790,67123604240,9885656
20181008,034940,조아제약,KOSDAQ,중견기업부,5070,-10,-0.20,5080,5270,5060,207389,1067760700,143532871170,28310231
20181008,101730,조이맥스,KOSDAQ,중견기업부,6350,-170,-2.61,6400,6580,6310,10579,67397130,54008235900,8505234
20181008,067000,조이시티,KOSDAQ,벤처기업부,13100,-50,-0.38,12900,13450,12800,16868,221528350,154362474500,11783395
20181008,033340,좋은사람들,KOSDAQ,중견기업부,6010,20,0.33,5890,6040,5800,2924114,17404932740,158739341360,26412536
20181008,036930,주성엔지니어링,KOSDAQ,우량기업부,7490,-120,-1.58,7510,7770,7480,201939,1536657280,361386597880,48249212
20181008,051980,중앙리빙테크,KOSDAQ,중견기업부,1020,-40,-3.77,1060,1085,1005,165730,169992565,23048012820,22596091
20181008,072020,중앙백신,KOSDAQ,벤처기업부,23600,300,1.29,24150,24500,23400,159986,3839636400,235056000000,9960000
20181008,000440,중앙에너비스,KOSDAQ,중견기업부,45500,-3300,-6.76,48500,48500,45000,11868,547911200,56666883000,1245426
20181008,054180,중앙오션,KOSDAQ,중견기업부,3415,65,1.94,3350,3565,3200,372672,1279608345,83137379305,24344767
20181008,043610,지니뮤직,KOSDAQ,벤처기업부,5830,230,4.11,5610,5930,5590,262832,1517875170,286793749990,49192753
20181008,263860,지니언스,KOSDAQ,벤처기업부,5280,0,0.00,5240,5330,5220,5653,29804360,49867488000,9444600
20181008,155960,지디,KOSDAQ,투자주의환기종목(소속부없음),77,0,0.00,0,0,0,0,0,1440640509,18709617
20181008,208350,지란지교시큐리티,KOSDAQ,벤처기업부,1610,5,0.31,1585,1675,1585,66395,108317880,58298402680,36210188
20181008,114570,지스마트글로벌,KOSDAQ,우량기업부,13800,-700,-4.83,14500,14750,13700,575202,8187597700,290247175200,21032404
20181008,051160,지어소프트,KOSDAQ,중견기업부,1650,-30,-1.79,1700,1710,1650,14209,23807810,23020272000,13951680
20181008,053050,지에스이,KOSDAQ,중견기업부,1615,-15,-0.92,1620,1640,1600,30238,48954245,48429969155,29987597
20181008,119850,지엔씨에너지,KOSDAQ,벤처기업부,4700,-75,-1.57,4735,4840,4700,58071,276289440,76590391600,16295828
20181008,065060,지엔코,KOSDAQ,중견기업부,1995,-15,-0.75,2010,2060,1995,414802,838521550,195526047780,98008044
20181008,204840,지엘팜텍,KOSDAQ,기술성장기업부,4710,-10,-0.21,4710,4865,4605,202843,964631040,157453962360,33429716
20181008,018290,지엠피,KOSDAQ,벤처기업부,11150,-450,-3.88,11450,11950,10750,1078314,12032538450,302423914150,27123221
20181008,111820,지와이커머스,KOSDAQ,관리종목(소속부없음),2250,0,0.00,0,0,0,0,0,46253270250,20557009
20181008,115450,지트리비앤티,KOSDAQ,중견기업부,30000,-50,-0.17,30000,31300,29800,116223,3542218050,734755110000,24491837
20181008,219750,지티지웰니스,KOSDAQ,벤처기업부,10400,0,0.00,10400,10850,10200,165872,1741942350,58787716000,5652665
20181008,018120,진로발효,KOSDAQ,우량기업부,30700,-100,-0.32,30800,30800,30700,315,9680450,230986800000,7524000
20181008,109820,진매트릭스,KOSDAQ,기술성장기업부,3785,-15,-0.39,3730,3860,3700,15233,57498200,57997214350,15322910
20181008,086060,진바이오텍,KOSDAQ,중견기업부,6250,-100,-1.57,6300,6360,6130,64603,402818170,53816168750,8610587
20181008,036890,진성티이씨,KOSDAQ,우량기업부,9390,-290,-3.00,9890,10250,9350,1003338,9803944380,211108496520,22482268
20181008,007370,진양제약,KOSDAQ,중견기업부,4080,-120,-2.86,4160,4350,4080,62604,259189330,48960000000,12000000
20181008,085660,차바이오텍,KOSDAQ,관리종목(소속부없음),22000,-400,-1.79,22350,23200,22000,507518,11475131450,1154279808000,52467264
20181008,900040,차이나그레이트,KOSDAQ,외국기업(소속부없음),508,-6,-1.17,512,519,501,891218,456378612,63940210956,125866557
20181008,900090,차이나하오란,KOSDAQ,관리종목(소속부없음),773,0,0.00,0,0,0,0,0,72662000000,94000000
20181008,094850,참좋은여행,KOSDAQ,우량기업부,10150,0,0.00,10050,10300,10000,31794,321375750,142100000000,14000000
20181008,004650,창해에탄올,KOSDAQ,우량기업부,13150,150,1.15,13100,13300,13000,9159,120929900,120860137750,9190885
20181008,096240,청담러닝,KOSDAQ,중견기업부,25950,-150,-0.57,26100,26900,25650,73731,1935728750,198767943450,7659651
20181008,013720,청보산업,KOSDAQ,중견기업부,3960,-90,-2.22,4050,4110,3955,61797,246553890,32387933160,8178771
20181008,066360,체리부로,KOSDAQ,중견기업부,2640,0,0.00,2605,2650,2540,61449,159318150,73583054160,27872369
20181008,047820,초록뱀,KOSDAQ,중견기업부,1645,10,0.61,1620,1655,1620,1396934,2284986365,108655717660,66052108
20181008,094360,칩스앤미디어,KOSDAQ,벤처기업부,7160,180,2.58,6890,7550,6890,66438,482014810,53095889320,7415627
20181008,016920,카스,KOSDAQ,중견기업부,1405,25,1.81,1395,1500,1390,130191,186051385,30171127360,21474112
20181008,042000,카페24,KOSDAQ,기술성장기업부,116300,3600,3.19,113600,121800,113000,282062,33164453500,1096778431100,9430597
20181008,071850,캐스텍코리아,KOSDAQ,우량기업부,3715,-40,-1.07,3795,3795,3710,32520,121853290,53578461855,14422197
20181008,180400,캔서롭,KOSDAQ,기술성장기업부,9400,-300,-3.09,9680,10150,9390,265304,2584491900,177642553600,18898144
20181008,050110,캠시스,KOSDAQ,중견기업부,1925,-45,-2.28,1970,2025,1925,249679,491669915,111284569550,57810166
20181008,900310,컬러레이,KOSDAQ,외국기업(소속부없음),2295,-65,-2.75,2350,2410,2290,207326,485429555,123930000000,54000000
20181008,078340,컴투스,KOSDAQ,우량기업부,148300,-200,-0.13,148400,151300,146100,66018,9825372000,1908090086000,12866420
20181008,263700,케어랩스,KOSDAQ,중견기업부,26500,-1850,-6.53,28050,28250,26300,86874,2354385750,158401895000,5977430
20181008,214370,케어젠,KOSDAQ,벤처기업부,84400,2700,3.30,81700,87300,81700,33277,2833257700,906709200000,10743000
20181008,072520,케이디 네이쳐 엔 바이오,KOSDAQ,투자주의환기종목(소속부없음),1480,-15,-1.00,1495,1545,1425,207910,311778545,80534982920,54415529
20181008,221980,케이디켐,KOSDAQ,중견기업부,13900,300,2.21,13550,14000,13550,3083,42120550,56083720000,4034800
20181008,043290,케이맥,KOSDAQ,벤처기업부,11000,-200,-1.79,11200,11200,10850,2967,32604800,77376156000,7034196
20181008,250930,케이비제10호스팩,KOSDAQ,SPAC(소속부없음),2040,-10,-0.49,2050,2050,2040,1601,3270160,10628400000,5210000
20181008,258790,케이비제11호스팩,KOSDAQ,SPAC(소속부없음),2115,0,0.00,2115,2115,2100,535,1124025,6789150000,3210000
20181008,232270,케이비제9호스팩,KOSDAQ,관리종목(소속부없음),2040,-5,-0.24,2040,2040,2040,7846,16005840,28184028000,13815700
20181008,192250,케이사인,KOSDAQ,벤처기업부,1380,0,0.00,1345,1380,1340,359948,489592440,89246334660,64671257
20181008,115500,케이씨에스,KOSDAQ,벤처기업부,4220,-25,-0.59,4185,4360,4185,24983,106061940,50640000000,12000000
20181008,089150,케이씨티,KOSDAQ,중견기업부,2365,-25,-1.05,2365,2415,2330,54783,129900650,40559750000,17150000
20181008,025880,케이씨피드,KOSDAQ,중견기업부,2335,30,1.30,2280,2385,2280,49561,115628705,39031528430,16715858
20181008,093320,케이아이엔엑스,KOSDAQ,중견기업부,25800,-50,-0.19,25700,26450,24650,15298,393145650,125904000000,4880000
20181008,073010,케이에스피,KOSDAQ,관리종목(소속부없음),3760,0,0.00,0,0,0,0,0,28353836640,7540914
20181008,105330,케이엔더블유,KOSDAQ,벤처기업부,5300,-290,-5.19,5590,5590,5300,25367,136282440,30005139100,5661347
20181008,039420,케이엘넷,KOSDAQ,중견기업부,3220,-70,-2.13,3220,3330,3220,78056,253421175,77778230600,24154730
20181008,083550,케이엠,KOSDAQ,우량기업부,9360,-10,-0.11,9460,9460,9000,10005,92768660,93640837680,10004363
20181008,032500,케이엠더블유,KOSDAQ,중견기업부,26300,0,0.00,26000,26700,25950,36479,959811000,423430000000,16100000
20181008,225430,케이엠제약,KOSDAQ,중견기업부,3870,-230,-5.61,4160,4170,3870,1807317,7241548240,76962883500,19887050
20181008,064820,케이프,KOSDAQ,중견기업부,2545,-45,-1.74,2570,2595,2520,127126,322951305,64970218285,25528573
20181008,256940,케이피에스,KOSDAQ,벤처기업부,11950,1100,10.14,11050,12150,10800,466533,5441089400,51026500000,4270000
20181008,024880,케이피에프,KOSDAQ,우량기업부,4305,-100,-2.27,4405,4450,4305,34961,152252465,67701652620,15726284
20181008,042040,케이피엠테크,KOSDAQ,중견기업부,1435,-20,-1.37,1470,1485,1415,595949,863344180,124961382805,87081103
20181008,054410,케이피티유,KOSDAQ,벤처기업부,5840,50,0.86,5850,5850,5760,2771,16132740,29550400000,5060000
20181008,217600,켐온,KOSDAQ,중견기업부,1695,-5,-0.29,1660,1750,1660,287772,491819750,108244971300,63861340
20181008,089010,켐트로닉스,KOSDAQ,중견기업부,6060,20,0.33,5980,6130,5980,25845,156462660,76503094380,12624273
20181008,220260,켐트로스,KOSDAQ,벤처기업부,3280,-20,-0.61,3290,3370,3260,124312,412597170,78868118240,24045158
20181008,052400,코나아이,KOSDAQ,중견기업부,16700,-800,-4.57,17400,18100,16500,176845,3072317650,259837270600,15559118
20181008,094860,코닉글로리,KOSDAQ,벤처기업부,622,-15,-2.35,638,650,620,192856,122116768,29640204564,47653062
20181008,046070,코다코,KOSDAQ,우량기업부,2270,40,1.79,2160,2275,2160,103348,230213755,88675861120,39064256
20181008,047770,코데즈컴바인,KOSDAQ,중견기업부,3055,-80,-2.55,3100,3180,3055,40372,125313450,115609149110,37842602
20181008,080530,코디,KOSDAQ,투자주의환기종목(소속부없음),3590,0,0.00,0,0,0,0,0,35337403920,9843288
20181008,224060,코디엠,KOSDAQ,중견기업부,1115,15,1.36,1095,1145,1095,1670740,1877885305,157843299155,141563497
20181008,078650,코렌,KOSDAQ,관리종목(소속부없음),1350,-5,-0.37,1365,1375,1350,22705,30937865,40596485850,30071471
20181008,104540,코렌텍,KOSDAQ,기술성장기업부,7250,-120,-1.63,7370,7400,7190,9764,70743510,72044359250,9937153
20181008,027050,코리아나,KOSDAQ,우량기업부,5530,-160,-2.81,5610,5770,5530,163879,924119210,221200000000,40000000
20181008,101670,코리아에스이,KOSDAQ,벤처기업부,2000,10,0.50,1995,2010,1965,83670,166525640,37800000000,18900000
20181008,123410,코리아에프티,KOSDAQ,우량기업부,2920,-175,-5.65,3025,3070,2900,607735,1800625525,81295906880,27841064
20181008,036690,코맥스,KOSDAQ,우량기업부,4865,-110,-2.21,4935,5090,4865,53448,265985855,69472029725,14279965
20181008,049430,코메론,KOSDAQ,우량기업부,7670,120,1.59,7590,7670,7540,25492,193883700,69398160000,9048000
20181008,183300,코미코,KOSDAQ,우량기업부,27000,0,0.00,27100,27800,27000,14811,404128800,236925000000,8775000
20181008,041960,코미팜,KOSDAQ,벤처기업부,24750,250,1.02,24700,25700,24400,116240,2912141750,1369128618000,55318328
20181008,089890,코세스,KOSDAQ,중견기업부,5800,-300,-4.92,6100,6100,5800,69375,411058270,97741379600,16851962
20181008,009730,코센,KOSDAQ,중견기업부,1130,0,0.00,1120,1170,1120,774424,882574825,47157597310,41732387
20181008,241710,코스메카코리아,KOSDAQ,우량기업부,34250,-450,-1.30,34000,35400,34000,28714,1000160950,365790000000,10680000
20181008,069110,코스온,KOSDAQ,우량기업부,13900,-250,-1.77,13950,14200,13700,130257,1813313500,257019618000,18490620
20181008,166480,코아스템,KOSDAQ,기술성장기업부,14850,-450,-2.94,15100,15800,14800,172695,2651398600,233403984000,15717440
20181008,045970,코아시아홀딩스,KOSDAQ,중견기업부,5370,50,0.94,5470,5470,5250,2854,15182460,105337995180,19616014
20181008,029960,코엔텍,KOSDAQ,벤처기업부,6220,150,2.47,6040,6230,5990,388437,2381668460,311000000000,50000000
20181008,102940,코오롱생명과학,KOSDAQ,우량기업부,77500,-900,-1.15,77000,79000,76000,26368,2052787000,884457590000,11412356
20181008,950160,코오롱티슈진(Reg.S),KOSDAQ,외국기업(소속부없음),43850,-150,-0.34,43400,45350,43050,202498,8984357700,2673564098750,60970675
20181008,033290,코웰패션,KOSDAQ,우량기업부,4660,-70,-1.48,4685,4795,4660,188733,887707165,421731090440,90500234
20181008,056360,코위버,KOSDAQ,우량기업부,6750,-20,-0.30,6780,6800,6670,25073,168572670,66128400000,9796800
20181008,121850,코이즈,KOSDAQ,벤처기업부,2620,20,0.77,2680,2705,2605,23379,62071010,27596040800,10532840
20181008,015710,코콤,KOSDAQ,우량기업부,7210,-60,-0.83,7150,7350,7130,34875,252479090,126394905000,17530500
20181008,052330,코텍,KOSDAQ,우량기업부,15250,-250,-1.61,15250,15550,15250,48769,750063850,237511918000,15574552
20181008,126600,코프라,KOSDAQ,우량기업부,3565,20,0.56,3545,3575,3495,27984,98927460,75277235210,21115634
20181008,200130,콜마비앤에이치,KOSDAQ,우량기업부,24150,-50,-0.21,24700,24750,24050,29511,719170250,713476925700,29543558
20181008,225650,쿠첸,KOSDAQ,벤처기업부,6730,-20,-0.30,6640,6860,6640,13121,88171850,71918644210,10686277
20181008,060280,큐렉소,KOSDAQ,중견기업부,7850,-330,-4.03,8180,8180,7850,94299,754038080,261854436050,33357253
20181008,040350,큐로컴,KOSDAQ,벤처기업부,2110,10,0.48,2130,2175,2100,368639,779562740,230285416880,109140008
20181008,051780,큐로홀딩스,KOSDAQ,중견기업부,800,0,0.00,770,807,770,244501,194043565,48154577600,60193222
20181008,115180,큐리언트,KOSDAQ,기술성장기업부,22050,100,0.46,22100,22350,21300,63984,1402808200,169685598600,7695492
20181008,182360,큐브엔터,KOSDAQ,중견기업부,2630,10,0.38,2620,2700,2615,151070,399821250,69889007210,26573767
20181008,066310,큐에스아이,KOSDAQ,벤처기업부,5030,30,0.60,5000,5080,4905,10582,52670015,41639496900,8278230
20181008,016600,큐캐피탈,KOSDAQ,벤처기업부,803,-8,-0.99,813,818,798,186981,151362223,112418652566,139998322
20181008,043590,크로바하이텍,KOSDAQ,중견기업부,3505,-95,-2.64,3575,3730,3505,632813,2287535540,81666500000,23300000
20181008,114120,크루셜텍,KOSDAQ,중견기업부,1785,-520,-22.56,1860,1880,1755,3159950,5703883815,81695687220,45767892
20181008,110790,크리스에프앤씨,KOSDAQ,중견기업부,24100,-400,-1.63,24000,25200,23900,130795,3200675950,282343068000,11715480
20181008,083790,크리스탈,KOSDAQ,기술성장기업부,21850,0,0.00,21800,22700,21500,320553,7109026350,865736679600,39621816
20181008,900250,크리스탈신소재,KOSDAQ,외국기업(소속부없음),1470,-50,-3.29,1500,1530,1460,410503,610436060,99642262440,67783852
20181008,045520,크린앤사이언스,KOSDAQ,중견기업부,13750,150,1.10,13600,13900,13400,14946,203489300,89375000000,6500000
20181008,214150,클래시스,KOSDAQ,벤처기업부,5110,-100,-1.92,5140,5310,5110,37016,191499550,316682423470,61973077
20181008,237880,클리오,KOSDAQ,우량기업부,16950,-500,-2.87,17150,17800,16950,40603,699906600,287453270250,16958895
20181008,054780,키이스트,KOSDAQ,중견기업부,3190,115,3.74,3140,3445,3130,16046846,53087515525,270518743660,84802114
20181008,219130,타이거일렉,KOSDAQ,중견기업부,5330,-30,-0.56,5420,5440,5270,18661,99415810,33655165700,6314290
20181008,065130,탑엔지니어링,KOSDAQ,우량기업부,11700,1300,12.50,10250,11900,10150,763943,8653781050,186922206900,15976257
20181008,023160,태광,KOSDAQ,중견기업부,14100,-700,-4.73,14600,14800,13900,118556,1687918900,373650000000,26500000
20181008,053620,태양,KOSDAQ,우량기업부,9700,-80,-0.82,9670,9780,9520,7577,73493910,83420000000,8600000
20181008,044490,태웅,KOSDAQ,우량기업부,13500,-150,-1.10,13550,13800,13500,26555,361721900,270099643500,20007381
20181008,191420,테고사이언스,KOSDAQ,벤처기업부,48800,-2400,-4.69,50500,51800,48700,76233,3823536800,394042139200,8074634
20181008,182690,테라셈,KOSDAQ,중견기업부,1715,-65,-3.65,1780,1780,1705,109958,189920285,23952273100,13966340
20181008,066700,테라젠이텍스,KOSDAQ,중견기업부,12400,-500,-3.88,12800,13350,12400,588938,7591865800,381810954400,30791206
20181008,095610,테스,KOSDAQ,우량기업부,15400,-550,-3.45,15600,16400,15350,309989,4886324250,304430680400,19768226
20181008,131970,테스나,KOSDAQ,벤처기업부,24700,150,0.61,24200,25450,24200,40226,1006167200,169195000000,6850000
20181008,089030,테크윙,KOSDAQ,우량기업부,13100,650,5.22,12250,13650,12000,211337,2648682400,246643289200,18827732
20181008,054450,텔레칩스,KOSDAQ,우량기업부,10500,-50,-0.47,10450,10750,10450,66074,698820850,141812065500,13505911
20181008,091440,텔레필드,KOSDAQ,벤처기업부,3490,-5,-0.14,3495,3605,3410,9972,34770900,29508096580,8455042
20181008,196450,텔루스,KOSDAQ,중견기업부,995,128,14.76,1125,1125,983,33092796,35093366971,86346353725,86780255
20181008,200230,텔콘RF제약,KOSDAQ,중견기업부,8530,-180,-2.07,8520,9010,8520,855417,7493041450,668022394980,78314466
20181008,215480,토박스코리아,KOSDAQ,벤처기업부,1255,25,2.03,1210,1280,1210,326957,409084890,47291521185,37682487
20181008,051360,토비스,KOSDAQ,우량기업부,7640,-10,-0.13,7620,7670,7560,21462,163727130,127718323120,16717058
20181008,045340,토탈소프트,KOSDAQ,벤처기업부,2910,-90,-3.00,2970,2970,2890,46042,134210330,24903896400,8558040
20181008,057880,토필드,KOSDAQ,중견기업부,1940,-60,-3.00,1970,1995,1850,354938,683245970,52378933000,26999450
20181008,108230,톱텍,KOSDAQ,우량기업부,12950,-500,-3.72,13250,13400,12900,526540,6894338050,476511489300,36796254
20181008,079970,투비소프트,KOSDAQ,벤처기업부,7030,-930,-11.68,7870,8100,7030,535172,4006057250,171366485680,24376456
20181008,052290,트레이스,KOSDAQ,투자주의환기종목(소속부없음),19,-14,-42.42,31,32,19,28627065,653500542,1041621325,54822175
20181008,105550,트루윈,KOSDAQ,벤처기업부,5620,160,2.93,5630,6080,5510,6927,39344020,62064009160,11043418
20181008,026150,특수건설,KOSDAQ,중견기업부,6710,-90,-1.32,6710,6930,6710,103605,705194720,67065201940,9994814
20181008,033830,티비씨,KOSDAQ,중견기업부,620,0,0.00,602,620,602,61927,37864556,62000000000,100000000
20181008,064760,티씨케이,KOSDAQ,우량기업부,58600,-300,-0.51,58200,60500,58200,32652,1935562900,684155000000,11675000
20181008,131290,티에스이,KOSDAQ,중견기업부,7960,-240,-2.93,8200,8280,7950,27933,224386070,88048974840,11061429
20181008,246690,티에스인베스트먼트,KOSDAQ,중견기업부,2620,-105,-3.85,2670,2740,2615,55329,147485135,58743030480,22421004
20181008,062860,티엘아이,KOSDAQ,중견기업부,4445,-25,-0.56,4405,4605,4400,53112,236501560,43884240400,9872720
20181008,104480,티케이케미칼,KOSDAQ,우량기업부,1905,-5,-0.26,1880,1940,1880,208880,397384715,173155801770,90895434
20181008,081150,티플랙스,KOSDAQ,중견기업부,3270,-5,-0.15,3320,3590,3265,6072955,20832808145,79357674540,24268402
20181008,130740,티피씨글로벌,KOSDAQ,중견기업부,3075,40,1.32,3065,3075,3005,14327,43568675,29058750000,9450000
20181008,084730,팅크웨어,KOSDAQ,중견기업부,7630,-340,-4.27,7850,7970,7550,28695,222756550,79547953660,10425682
20181008,046210,파나진,KOSDAQ,중견기업부,6500,-30,-0.46,6630,6770,6500,47030,311335600,208222040000,32034160
20181008,034230,파라다이스,KOSDAQ,우량기업부,18850,150,0.80,18700,19150,18600,403827,7659997400,1714269367200,90942672
20181008,033540,파라텍,KOSDAQ,우량기업부,5650,10,0.18,5620,5700,5600,13852,78031980,95149118800,16840552
20181008,043200,파루,KOSDAQ,벤처기업부,3350,55,1.67,3365,3390,3325,325888,1095679370,99386349450,29667567
20181008,214450,파마리서치프로덕트,KOSDAQ,벤처기업부,39350,-650,-1.63,39400,40350,39300,29985,1190811700,372495638950,9466217
20181008,177830,파버나인,KOSDAQ,벤처기업부,5630,-120,-2.09,5560,5780,5490,170734,954487970,60997807120,10834424
20181008,037070,파세코,KOSDAQ,중견기업부,4860,10,0.21,4775,4875,4775,24285,117093790,68040000000,14000000
20181008,150900,파수닷컴,KOSDAQ,벤처기업부,4090,40,0.99,4095,4095,3980,9306,37618350,39045029580,9546462
20181008,037030,파워넷,KOSDAQ,중견기업부,5020,-160,-3.09,5100,5310,5000,155888,796905960,60288262280,12009614
20181008,047310,파워로직스,KOSDAQ,우량기업부,5450,220,4.21,5230,5510,5220,495308,2678342890,186858863500,34286030
20181008,170790,파이오링크,KOSDAQ,벤처기업부,4960,-35,-0.70,4860,5200,4825,8960,43779980,34007396800,6856330
20181008,049120,파인디앤씨,KOSDAQ,중견기업부,2035,-5,-0.25,2040,2080,2035,31620,65018950,48978658795,24068137
20181008,038950,파인디지털,KOSDAQ,벤처기업부,4255,-25,-0.58,4280,4340,4200,6490,27456395,43446805075,10210765
20181008,106240,파인테크닉스,KOSDAQ,벤처기업부,2020,-40,-1.94,2050,2100,1985,73527,148958080,75969143740,37608487
20181008,131760,파인텍,KOSDAQ,중견기업부,3330,40,1.22,3220,3335,3220,66887,220188800,37074708180,11133546
20181008,140860,파크시스템스,KOSDAQ,기술성장기업부,40550,50,0.12,39800,42200,39800,6214,251741500,269294780250,6641055
20181008,091700,파트론,KOSDAQ,우량기업부,7590,30,0.40,7500,7720,7500,145646,1109535950,411047151900,54156410
20181008,194510,파티게임즈,KOSDAQ,투자주의환기종목(소속부없음),536,0,0.00,0,0,0,0,0,13125755600,24488350
20181008,038160,팍스넷,KOSDAQ,중견기업부,8760,10,0.11,8750,8910,8690,23577,207817260,97039083960,11077521
20181008,032800,판타지오,KOSDAQ,중견기업부,646,11,1.73,635,662,634,546018,355564622,46966747178,72703943
20181008,043090,팜스웰바이오,KOSDAQ,벤처기업부,4875,295,6.44,4530,5250,4530,284634,1406028875,130296031125,26727391
20181008,027710,팜스토리,KOSDAQ,우량기업부,1205,-5,-0.41,1215,1220,1200,316367,382556525,106458654355,88347431
20181008,225590,패션플랫폼,KOSDAQ,중견기업부,1495,10,0.67,1490,1525,1485,45947,69153800,34825329825,23294535
20181008,054300,팬스타엔터프라이즈,KOSDAQ,벤처기업부,1035,0,0.00,1030,1070,1030,316639,330854450,42564316005,41124943
20181008,068050,팬엔터테인먼트,KOSDAQ,중견기업부,3795,-40,-1.04,3750,3820,3715,25458,95668085,52154673615,13742997
20181008,222110,팬젠,KOSDAQ,기술성장기업부,14650,-400,-2.66,14650,15100,14500,28709,424734400,141252091650,9641781
20181008,060900,퍼시픽바이오,KOSDAQ,중견기업부,1095,-25,-2.23,1080,1110,1065,1072784,1165802990,53702884350,49043730
20181008,263750,펄어비스,KOSDAQ,우량기업부,219500,6600,3.10,215500,221200,213000,49781,10912827800,2826391750000,12876500
20181008,087010,펩트론,KOSDAQ,기술성장기업부,28400,-400,-1.39,28300,29700,28200,137215,3986191700,435272600000,15326500
20181008,043370,평화정공,KOSDAQ,우량기업부,7130,40,0.56,7240,7240,7050,35024,250425180,149730000000,21000000
20181008,119500,포메탈,KOSDAQ,중견기업부,3945,-20,-0.50,3930,4050,3900,11083,43739355,46737330240,11847232
20181008,016670,포비스티앤씨,KOSDAQ,중견기업부,1020,-10,-0.97,1030,1130,1020,707361,747909280,40879619160,40078058
20181008,056730,포스링크,KOSDAQ,벤처기업부,2355,-95,-3.88,2410,2455,2350,178683,426772830,108715909140,46163868
20181008,022100,포스코 ICT,KOSDAQ,우량기업부,7020,-80,-1.13,7080,7210,7010,311825,2210979660,1067283797580,152034729
20181008,009520,포스코엠텍,KOSDAQ,우량기업부,7910,-50,-0.63,7980,8300,7890,2613321,21237795960,329393780730,41642703
20181008,003670,포스코켐텍,KOSDAQ,우량기업부,66900,2200,3.40,64600,69100,64100,738632,49543183300,3951783000000,59070000
20181008,189690,포시에스,KOSDAQ,벤처기업부,6030,-110,-1.79,6100,6120,5980,26040,156991980,43226434890,7168563
20181008,141020,포티스,KOSDAQ,중견기업부,1905,-45,-2.31,1960,1960,1855,95532,181696045,85765829865,45021433
20181008,290720,푸드나무,KOSDAQ,중견기업부,30400,-2100,-6.46,32800,32800,30100,208847,6486818500,206903433600,6806034
20181008,005670,푸드웰,KOSDAQ,중견기업부,6200,-20,-0.32,6250,6310,6140,12983,80178230,49600000000,8000000
20181008,094940,푸른기술,KOSDAQ,벤처기업부,26950,-500,-1.82,27200,27950,26850,504337,13728386150,177174743900,6574202
20181008,007330,푸른저축은행,KOSDAQ,우량기업부,8320,10,0.12,8310,8340,8230,7962,66111650,125488896000,15082800
20181008,093380,풍강,KOSDAQ,중견기업부,3260,-5,-0.15,3215,3290,3215,12158,39619745,32206560380,9879313
20181008,023900,풍국주정,KOSDAQ,우량기업부,9990,-60,-0.60,9930,10150,9920,24179,240971590,125874000000,12600000
20181008,195440,퓨전데이타,KOSDAQ,중견기업부,8730,-40,-0.46,8560,8980,8560,145240,1276079910,73404022500,8408250
20181008,214270,퓨쳐스트림네트웍스,KOSDAQ,중견기업부,1205,-50,-3.98,1245,1285,1180,738536,896802470,104740182165,86921313
20181008,220100,퓨쳐켐,KOSDAQ,기술성장기업부,16550,-700,-4.06,17150,17500,16250,25299,427746400,95148250450,5749139
20181008,035200,프럼파스트,KOSDAQ,벤처기업부,4115,-55,-1.32,4220,4230,4115,34028,141961100,36401771455,8846117
20181008,203690,프로스테믹스,KOSDAQ,벤처기업부,7600,-170,-2.19,7680,8060,7600,710751,5573229440,344848609200,45374817
20181008,053610,프로텍,KOSDAQ,우량기업부,13400,-100,-0.74,13450,13800,13000,14919,199026750,126766720200,9460203
20181008,053160,프리엠스,KOSDAQ,중견기업부,6530,30,0.46,6440,6620,6440,21304,139061270,39180000000,6000000
20181008,075130,플랜티넷,KOSDAQ,벤처기업부,5210,110,2.16,5130,5210,5100,1503,7706740,46681600000,8960000
20181008,023770,플레이위드,KOSDAQ,중견기업부,7570,-130,-1.69,7930,8050,7560,53040,412520000,26198634500,3460850
20181008,032580,피델릭스,KOSDAQ,벤처기업부,1925,5,0.26,1915,1935,1870,65007,124652230,41274036650,21441058
20181008,051380,피씨디렉트,KOSDAQ,중견기업부,4745,135,2.93,4565,4745,4515,6211,28761455,35777945320,7540136
20181008,241820,피씨엘,KOSDAQ,기술성장기업부,9540,-560,-5.54,9880,10400,9500,104995,1044285790,85298704560,8941164
20181008,237750,피앤씨테크,KOSDAQ,중견기업부,11750,250,2.17,11650,11850,11350,70462,822135150,76335050000,6496600
20181008,131390,피앤이솔루션,KOSDAQ,우량기업부,13800,-450,-3.16,14000,14550,13800,123833,1746711650,197064000000,14280000
20181008,054340,피앤텔,KOSDAQ,관리종목(소속부없음),690,-11,-1.57,701,770,690,880835,634145124,21242747790,30786591
20181008,024850,피에스엠씨,KOSDAQ,중견기업부,1035,-55,-5.05,1025,1075,1020,692539,722224945,40081618035,38726201
20181008,031980,피에스케이,KOSDAQ,우량기업부,15200,-500,-3.18,15650,15950,15200,134071,2085617550,309040380800,20331604
20181008,002230,피에스텍,KOSDAQ,우량기업부,5240,-10,-0.19,5200,5350,5160,85206,444973410,103066833320,19669243
20181008,137400,피엔티,KOSDAQ,벤처기업부,14000,250,1.82,13550,14250,13450,67863,946314100,123442872000,8817348
20181008,073570,피엠지파마,KOSDAQ,벤처기업부,5910,-40,-0.67,6030,6270,5870,47003,285490230,62447489010,10566411
20181008,128660,피제이메탈,KOSDAQ,중견기업부,2275,-20,-0.87,2290,2340,2255,37913,87061850,56427664475,24803369
20181008,006140,피제이전자,KOSDAQ,우량기업부,4950,-90,-1.79,5040,5100,4900,21609,107197750,49500000000,10000000
20181008,087600,픽셀플러스,KOSDAQ,중견기업부,8460,-40,-0.47,8410,8600,8340,15278,129595930,69089080680,8166558
20181008,064800,필링크,KOSDAQ,중견기업부,2615,-30,-1.13,2615,2690,2615,552429,1459102295,161160164490,61629126
20181008,161580,필옵틱스,KOSDAQ,우량기업부,7340,-310,-4.05,7580,7760,7260,142185,1059379290,126779401320,17272398
20181008,270520,하나금융10호스팩,KOSDAQ,SPAC(소속부없음),2100,0,0.00,0,0,0,0,0,9664200000,4602000
20181008,284620,하나금융11호스팩,KOSDAQ,SPAC(소속부없음),2055,0,0.00,2055,2055,2050,3501,7180555,11099055000,5401000
20181008,230240,하나금융7호스팩,KOSDAQ,SPAC(소속부없음),2610,-65,-2.43,2655,2675,2570,22429,58628675,20880000000,8000000
20181008,261200,하나금융9호스팩,KOSDAQ,SPAC(소속부없음),2080,-5,-0.24,2090,2090,2060,907,1890950,8860800000,4260000
20181008,067310,하나마이크론,KOSDAQ,중견기업부,4165,-60,-1.42,4150,4300,4150,95590,401079215,94658279870,22727078
20181008,166090,하나머티리얼즈,KOSDAQ,우량기업부,16150,0,0.00,15850,16450,15850,66111,1074743500,310346055100,19216474
20181008,136480,하림,KOSDAQ,우량기업부,2955,-20,-0.67,2975,2985,2930,311515,918443285,256925246790,86945938
20181008,003380,하림지주,KOSDAQ,우량기업부,11000,-200,-1.79,11250,11450,10850,268559,2988099900,1029426178000,93584198
20181008,149980,하이로닉,KOSDAQ,벤처기업부,6250,-260,-3.99,6510,6640,6250,287886,1851418220,88092156250,14094745
20181008,013030,하이록코리아,KOSDAQ,우량기업부,24700,1000,4.22,24550,24700,23850,64947,1585385850,336246830400,13613232
20181008,126700,하이비젼시스템,KOSDAQ,우량기업부,14300,-350,-2.39,14700,14850,13700,77364,1118793700,213672201600,14942112
20181008,200470,하이셈,KOSDAQ,중견기업부,5640,150,2.73,5490,5840,5410,203410,1157971620,99002755200,17553680
20181008,235010,하이에이아이1호스팩,KOSDAQ,관리종목(소속부없음),2040,0,0.00,2045,2045,2040,128059,262854235,10098000000,4950000
20181008,221840,하이즈항공,KOSDAQ,중견기업부,6640,50,0.76,6420,6690,6420,42792,283588050,117502548880,17696167
20181008,106190,하이텍팜,KOSDAQ,우량기업부,14950,-200,-1.32,15150,15600,14950,85940,1314236600,105977290900,7088782
20181008,066130,하츠,KOSDAQ,우량기업부,4910,-40,-0.81,4890,5120,4830,56886,284441330,62848000000,12800000
20181008,240540,한국4호스팩,KOSDAQ,SPAC(소속부없음),2055,10,0.49,2055,2060,2055,4102,8429615,11302500000,5500000
20181008,004590,한국가구,KOSDAQ,중견기업부,22750,950,4.36,21800,23000,21800,288,6410150,68250000000,3000000
20181008,039340,한국경제TV,KOSDAQ,우량기업부,3740,40,1.08,3700,3765,3700,13509,50370375,86020000000,23000000
20181008,034950,한국기업평가,KOSDAQ,중견기업부,52200,0,0.00,52400,52400,51700,463,24081700,237014830800,4540514
20181008,222980,한국맥널티,KOSDAQ,벤처기업부,10200,-100,-0.97,10150,10400,10000,11557,117021500,50745000000,4975000
20181008,025550,한국선재,KOSDAQ,우량기업부,3070,150,5.14,2910,3090,2910,373574,1125153365,75283319780,24522254
20181008,017890,한국알콜,KOSDAQ,우량기업부,7440,-80,-1.06,7450,7530,7400,72124,537705260,160746854400,21605760
20181008,080720,한국유니온제약,KOSDAQ,벤처기업부,18700,-100,-0.53,18600,19250,18150,223616,4212842300,110399713600,5903728
20181008,063570,한국전자금융,KOSDAQ,우량기업부,11750,-200,-1.67,11950,12300,11650,262492,3147233200,407087304000,34645728
20181008,041460,한국전자인증,KOSDAQ,중견기업부,4815,-170,-3.41,4900,4970,4815,98395,481608545,103326283935,21459249
20181008,101680,한국정밀기계,KOSDAQ,관리종목(소속부없음),2410,0,0.00,0,0,0,0,0,20253640000,8404000
20181008,039740,한국정보공학,KOSDAQ,중견기업부,3900,-30,-0.76,3930,3940,3900,4981,19484895,31271748300,8018397
20181008,053300,한국정보인증,KOSDAQ,중견기업부,4365,-105,-2.35,4400,4490,4365,65721,290238265,136035225000,31165000
20181008,025770,한국정보통신,KOSDAQ,우량기업부,10000,410,4.28,9920,10100,9630,60338,602447530,388127430000,38812743
20181008,271740,한국제5호스팩,KOSDAQ,SPAC(소속부없음),2080,15,0.73,2090,2090,2060,706,1468655,8320000000,4000000
20181008,281410,한국제6호스팩,KOSDAQ,SPAC(소속부없음),2070,10,0.49,2065,2070,2065,673,1389750,9335700000,4510000
20181008,291210,한국제7호스팩,KOSDAQ,SPAC(소속부없음),2035,-5,-0.25,2045,2045,2035,501,1021620,10297100000,5060000
20181008,023760,한국캐피탈,KOSDAQ,우량기업부,633,-2,-0.31,635,640,630,27552,17500836,106476661608,168209576
20181008,054040,한국컴퓨터,KOSDAQ,우량기업부,2780,-45,-1.59,2830,2845,2780,32861,92101365,44678186200,16071290
20181008,050540,한국코퍼레이션,KOSDAQ,중견기업부,3130,-165,-5.01,3400,3510,3100,736851,2420776005,82359192330,26312841
20181008,021650,한국큐빅,KOSDAQ,벤처기업부,2610,-40,-1.51,2650,2650,2555,16499,43006900,42674969430,16350563
20181008,053590,한국테크놀로지,KOSDAQ,벤처기업부,810,-240,-22.86,1040,1070,745,14010189,11565888347,54253110690,66979149
20181008,037230,한국팩키지,KOSDAQ,중견기업부,2135,-5,-0.23,2120,2140,2090,72453,153767360,53375000000,25000000
20181008,030520,한글과컴퓨터,KOSDAQ,우량기업부,15850,350,2.26,15250,16050,15250,76694,1216074200,365853044350,23082211
20181008,052600,한네트,KOSDAQ,중견기업부,3005,40,1.35,2960,3005,2935,48321,144262540,34748918500,11563700
20181008,092460,한라IMS,KOSDAQ,벤처기업부,7110,10,0.14,7030,7180,7030,8397,59913730,81477059220,11459502
20181008,047080,한빛소프트,KOSDAQ,중견기업부,3370,-40,-1.17,3410,3460,3360,51916,176675800,83508047320,24779836
20181008,070300,한솔시큐어,KOSDAQ,중견기업부,5010,-90,-1.76,5130,5130,4905,16490,82045385,36904030740,7366074
20181008,221610,한솔씨앤피,KOSDAQ,중견기업부,6570,-220,-3.24,6690,6820,6570,5560,36874490,26238431610,3993673
20181008,070590,한솔인티큐브,KOSDAQ,투자주의환기종목(소속부없음),1950,0,0.00,1890,1950,1840,45916,87216630,27065065950,13879521
20181008,226440,한송네오텍,KOSDAQ,중견기업부,1555,0,0.00,1525,1675,1520,655805,1048371500,59402567440,38201008
20181008,042520,한스바이오메드,KOSDAQ,벤처기업부,30150,0,0.00,29850,30850,29700,59676,1817407750,297214388550,9857857
20181008,078350,한양디지텍,KOSDAQ,중견기업부,4955,-495,-9.08,5440,5450,4955,195425,1013557385,49550000000,10000000
20181008,045100,한양이엔지,KOSDAQ,우량기업부,14250,-250,-1.72,14450,14800,14200,73449,1059741850,256500000000,18000000
20181008,046110,한일네트웍스,KOSDAQ,벤처기업부,6220,20,0.32,6130,6230,6130,6458,39898460,74355291940,11954227
20181008,024740,한일단조,KOSDAQ,중견기업부,1480,0,0.00,1470,1510,1465,84513,125351445,44239165440,29891328
20181008,005860,한일사료,KOSDAQ,중견기업부,2015,-15,-0.74,2015,2065,2015,201281,409411265,79398425275,39403685
20181008,123840,한일진공,KOSDAQ,중견기업부,1610,-30,-1.83,1640,1650,1610,199361,321301340,88514396460,54977886
20181008,007770,한일화학,KOSDAQ,중견기업부,13050,-50,-0.38,13050,13350,13000,1421,18626250,45805500000,3510000
20181008,079170,한창산업,KOSDAQ,중견기업부,6550,10,0.15,6480,6600,6450,5380,34931090,34060000000,5200000
20181008,086960,한컴MDS,KOSDAQ,우량기업부,17300,-200,-1.14,17350,17700,17250,24082,418248200,152734918400,8828608
20181008,054920,한컴시큐어,KOSDAQ,중견기업부,2915,-10,-0.34,2935,2950,2885,88422,256845230,41208049080,14136552
20181008,215090,한컴유니맥스,KOSDAQ,벤처기업부,2295,25,1.10,2270,2330,2255,113868,260817140,41659039665,18152087
20181008,077280,한컴지엠디,KOSDAQ,중견기업부,2465,55,2.28,2395,2480,2390,14106,34499880,29004025635,11766339
20181008,002680,한탑,KOSDAQ,중견기업부,2380,-20,-0.83,2365,2430,2360,66808,158580855,49504000000,20800000
20181008,066110,한프,KOSDAQ,중견기업부,1510,-15,-0.98,1540,1545,1505,110650,168338805,68621054570,45444407
20181008,265920,한화수성스팩,KOSDAQ,SPAC(소속부없음),2085,0,0.00,2085,2085,2085,1100,2293500,9257400000,4440000
20181008,264290,한화에이스스팩3호,KOSDAQ,SPAC(소속부없음),2100,-5,-0.24,2085,2105,2075,3549,7402335,6468000000,3080000
20181008,279410,한화에이스스팩4호,KOSDAQ,SPAC(소속부없음),2090,5,0.24,2060,2090,2060,744,1533940,7304550000,3495000
20181008,102210,해덕파워웨이,KOSDAQ,중견기업부,3240,-510,-13.60,4050,4155,3180,15090193,53502809280,238776352200,73696405
20181008,220630,해마로푸드서비스,KOSDAQ,우량기업부,2550,-25,-0.97,2575,2650,2515,784997,2034858930,239439354300,93897786
20181008,034810,해성산업,KOSDAQ,중견기업부,12050,-150,-1.23,12250,12250,11850,11191,134586200,117849000000,9780000
20181008,076610,해성옵틱스,KOSDAQ,벤처기업부,4320,240,5.88,3970,4650,3865,5503022,24167189990,72036000000,16675000
20181008,220180,핸디소프트,KOSDAQ,벤처기업부,4195,-100,-2.33,4190,4460,4140,40012,167724480,31307322755,7463009
20181008,008800,행남사,KOSDAQ,관리종목(소속부없음),3315,-10,-0.30,3380,3380,3270,58623,193680735,84038843460,25351084
20181008,900270,헝셩그룹,KOSDAQ,외국기업(소속부없음),1295,-35,-2.63,1325,1350,1295,557560,737463375,103600000000,80000000
20181008,170030,현대공업,KOSDAQ,우량기업부,3025,-115,-3.66,3105,3140,3025,28777,87936075,46403500000,15340000
20181008,048410,현대바이오,KOSDAQ,중견기업부,8710,-590,-6.34,9040,9260,8710,1457119,13188413450,290871303580,33395098
20181008,016790,현대사료,KOSDAQ,중견기업부,21100,-550,-2.54,21650,22100,21100,27982,602040600,129775254600,6150486
20181008,026180,현대정보기술,KOSDAQ,중견기업부,1875,0,0.00,1910,1920,1870,31179,59001785,111632240625,59537195
20181008,039010,현대통신,KOSDAQ,벤처기업부,12150,-200,-1.62,12300,12550,12000,117684,1443393050,104793750000,8625000
20181008,204990,현성바이탈,KOSDAQ,중견기업부,3935,-165,-4.02,4010,4390,3900,1897920,7887662460,124543234005,31650123
20181008,092300,현우산업,KOSDAQ,중견기업부,3215,-35,-1.08,3215,3280,3200,27044,87320220,46030145220,14317308
20181008,053660,현진소재,KOSDAQ,투자주의환기종목(소속부없음),3240,-70,-2.11,3310,3320,3200,87181,281616805,43486515360,13421764
20181008,011080,형지I&C,KOSDAQ,중견기업부,993,-12,-1.19,991,1005,991,50867,50693948,38682978324,38955668
20181008,060560,홈센타홀딩스,KOSDAQ,벤처기업부,1670,-55,-3.19,1715,1715,1670,43775,73723385,141700131260,84850378
20181008,064240,홈캐스트,KOSDAQ,중견기업부,7580,-20,-0.26,7580,7870,7570,255297,1971100040,244670499400,32278430
20181008,039610,화성밸브,KOSDAQ,중견기업부,18750,700,3.88,17800,18950,17400,1025016,18778225800,136500000000,7280000
20181008,126640,화신정공,KOSDAQ,우량기업부,1275,0,0.00,1260,1290,1260,92546,118138975,46376705925,36373887
20181008,086250,화신테크,KOSDAQ,중견기업부,4700,160,3.52,4600,4775,4465,351493,1621084690,45590000000,9700000
20181008,204630,화이브라더스코리아,KOSDAQ,중견기업부,3395,-15,-0.44,3320,3485,3320,46189,157227795,97142747625,28613475
20181008,061250,화일약품,KOSDAQ,우량기업부,7400,-170,-2.25,7540,7610,7400,41498,310927250,106641089200,14410958
20181008,134780,화진,KOSDAQ,관리종목(소속부없음),3060,0,0.00,0,0,0,0,0,73560710880,24039448
20181008,097870,효성오앤비,KOSDAQ,중견기업부,10900,-450,-3.96,11150,11450,10900,66631,743090750,92541000000,8490000
20181008,050090,휘닉스소재,KOSDAQ,중견기업부,790,-3,-0.38,794,806,781,141358,112604537,54619764180,69138942
20181008,290270,휴네시온,KOSDAQ,벤처기업부,12350,800,6.93,11450,12900,11450,299426,3734102900,59327374600,4803836
20181008,205470,휴마시스,KOSDAQ,기술성장기업부,2170,15,0.70,2225,2240,2110,7106934,15373432725,60161099530,27724009
20181008,115160,휴맥스,KOSDAQ,중견기업부,6120,70,1.16,6020,6150,6000,46832,283557450,146340203760,23911798
20181008,028080,휴맥스홀딩스,KOSDAQ,중견기업부,3595,-25,-0.69,3560,3635,3550,7992,28681095,45216134070,12577506
20181008,200670,휴메딕스,KOSDAQ,벤처기업부,29850,700,2.40,29700,30250,29000,21269,635414850,279030427050,9347753
20181008,065510,휴비츠,KOSDAQ,우량기업부,10700,-150,-1.38,10800,10900,10650,26849,290329900,127146719700,11882871
20181008,243070,휴온스,KOSDAQ,우량기업부,90800,-800,-0.87,92500,94300,87500,34784,3173836600,741662118000,8168085
20181008,084110,휴온스글로벌,KOSDAQ,우량기업부,50500,-1200,-2.32,51700,53000,50000,31624,1621922800,525417099500,10404299
20181008,145020,휴젤,KOSDAQ,우량기업부,384500,4000,1.05,380100,390700,379200,17243,6619641300,1675729822500,4358205
20181008,024060,흥구석유,KOSDAQ,중견기업부,3195,375,13.30,2885,3370,2835,6813161,21676327825,47925000000,15000000
20181008,010240,흥국,KOSDAQ,중견기업부,5750,-90,-1.54,5800,5980,5670,552772,3221664360,70855502000,12322696
20181008,189980,흥국에프엔비,KOSDAQ,중견기업부,8800,210,2.44,8640,8950,8470,76423,673756940,64603360800,7341291
20181008,037440,희림,KOSDAQ,중견기업부,5040,-130,-2.51,5260,5260,5040,30127,154070830,70169274000,13922475
20181008,238490,힘스,KOSDAQ,우량기업부,13400,-500,-3.60,13600,13850,13050,49262,658508950,70502224000,5261360
