BAS_DD,ISU_CD,ISU_NM,MKT_NM,SECT_TP_NM,TDD_CLSPRC,CMPPREVDD_PRC,FLUC_RT,TDD_OPNPRC,TDD_HGPRC,TDD_LWPRC,ACC_TRDVOL,ACC_TRDVAL,MKTCAP,LIST_SHRS
20190102,095570,AJ네트웍스,KOSPI,,4530,25,0.55,4530,4605,4445,39740,179748930,212104996350,46822295
20190102,068400,AJ렌터카,KOSPI,,12350,50,0.41,12750,12950,12250,216698,2723516050,273506805000,22146300
20190102,006840,AK홀딩스,KOSPI,,51900,-2100,-3.89,53900,54000,51300,23981,1248346800,687548415900,13247561
20190102,027410,BGF,KOSPI,,7960,-110,-1.36,8050,8100,7850,116169,924724730,759138664840,95369179
20190102,282330,BGF리테일,KOSPI,,205500,1500,0.74,201000,209000,201000,17056,3505718000,3551842683000,17283906
20190102,138930,BNK금융지주,KOSPI,,7000,-330,-4.50,7270,7290,6960,1474391,10441758236,2281546722000,325935246
20190102,001460,BYC,KOSPI,,256000,10000,4.07,246500,266000,246000,679,172192000,159901440000,624615
20190102,001465,BYC우,KOSPI,,115000,1000,0.88,114500,115000,112500,85,9708500,24769275000,215385
20190102,001040,CJ,KOSPI,,116000,-5500,-4.53,121000,121500,116000,52125,6115587500,3384531768000,29176998
20190102,079160,CJ CGV,KOSPI,,40300,-700,-1.71,41100,41700,40100,108612,4422408150,852800913900,21161313
20190102,000120,CJ대한통운,KOSPI,,166500,-500,-0.30,166000,168000,163000,35501,5863646500,3798255276000,22812344
20190102,011150,CJ씨푸드,KOSPI,,2315,-5,-0.22,2350,2360,2285,44486,103606050,83179739495,35930773
20190102,011155,CJ씨푸드1우,KOSPI,,27650,500,1.84,27200,27650,26300,572,15367800,5530000000,200000
20190102,001045,CJ우,KOSPI,,49950,-2050,-3.94,52100,52400,49950,10077,508216800,112898138850,2260223
20190102,097950,CJ제일제당,KOSPI,,331000,500,0.15,330500,334500,326500,36351,11983055000,4982935566000,15054186
20190102,097955,CJ제일제당 우,KOSPI,,123000,-2000,-1.60,125500,125500,122000,730,90028000,163274259000,1327433
20190102,037560,CJ헬로,KOSPI,,9060,-100,-1.09,9060,9250,9030,125529,1142001810,701668596900,77446865
20190102,000590,CS홀딩스,KOSPI,,63600,-300,-0.47,62600,63900,62000,352,22004500,73425055200,1154482
20190102,012030,DB,KOSPI,,830,-1,-0.12,830,835,824,236124,195490466,166974364390,201173933
20190102,016610,DB금융투자,KOSPI,,4320,-125,-2.81,4445,4480,4260,139600,607842400,183368400480,42446389
20190102,005830,DB손해보험,KOSPI,,69500,-900,-1.28,70600,71500,69000,105712,7362042600,4920600000000,70800000
20190102,000990,DB하이텍,KOSPI,,10500,-350,-3.23,10850,10950,10300,225448,2366184550,466185174000,44398588
20190102,000995,DB하이텍1우,KOSPI,,36750,350,0.96,36400,36750,36000,6,219000,4127613000,112316
20190102,139130,DGB금융지주,KOSPI,,8050,-260,-3.13,8310,8320,8000,728513,5898009320,1361623955650,169145833
20190102,004840,DRB동일,KOSPI,,6480,-80,-1.22,6560,6560,6400,1491,9664550,126230400000,19480000
20190102,155660,DSR,KOSPI,,3920,-70,-1.75,4020,4050,3880,33072,131083185,62720000000,16000000
20190102,069730,DSR제강,KOSPI,,4210,-90,-2.09,4305,4360,4185,75052,320471380,60624000000,14400000
20190102,017940,E1,KOSPI,,55100,-700,-1.25,55700,56000,55000,7013,388660900,377986000000,6860000
20190102,007700,F&F,KOSPI,,40100,50,0.12,40100,42150,39900,72884,2970742050,617540000000,15400000
20190102,114090,GKL,KOSPI,,23950,-950,-3.82,24650,24850,23700,220726,5298132400,1481443296500,61855670
20190102,078930,GS,KOSPI,,48500,-3100,-6.01,51100,51200,48200,271228,13284645850,4506395833000,92915378
20190102,006360,GS건설,KOSPI,,42150,-1600,-3.66,44000,44400,42050,344776,14728939450,3342370573200,79297048
20190102,001250,GS글로벌,KOSPI,,2400,-65,-2.64,2480,2515,2400,238135,582308405,198081033600,82533764
20190102,007070,GS리테일,KOSPI,,39250,-1250,-3.09,39900,40600,38850,105394,4156778000,3022250000000,77000000
20190102,078935,GS우,KOSPI,,34450,-1300,-3.64,35750,35850,34200,4833,168339100,61487255700,1784826
20190102,012630,HDC,KOSPI,,16550,-700,-4.06,17300,17500,16400,460342,7746406350,988725482550,59741721
20190102,039570,HDC아이콘트롤스,KOSPI,,9420,-100,-1.05,9520,9560,9320,6510,61265780,155053200000,16460000
20190102,089470,HDC현대EP,KOSPI,,4345,50,1.16,4310,4345,4295,24622,105982300,138605500000,31900000
20190102,294870,HDC현대산업개발,KOSPI,,48450,250,0.52,47800,49500,47800,129444,6334303850,2128806759000,43938220
20190102,082740,HSD엔진,KOSPI,,5100,-180,-3.41,5350,5370,4990,218883,1115461170,168030424200,32947142
20190102,003560,IHQ,KOSPI,,1870,10,0.54,1900,1905,1860,446070,839379480,273460848760,146235748
20190102,175330,JB금융지주,KOSPI,,5540,-160,-2.81,5700,5720,5210,368130,2049103950,1091285232760,196982894
20190102,234080,JW생명과학,KOSPI,,22150,200,0.91,22000,22450,21600,46261,1019998800,350735371100,15834554
20190102,001060,JW중외제약,KOSPI,,41000,250,0.61,40750,41350,40550,45435,1858768900,812023860000,19805460
20190102,001067,JW중외제약2우B,KOSPI,,40200,-600,-1.47,40800,40800,40150,181,7308050,3461139600,86098
20190102,001065,JW중외제약우,KOSPI,,25300,0,0.00,25200,25500,24900,527,13314650,4152008300,164111
20190102,096760,JW홀딩스,KOSPI,,7190,50,0.70,7170,7290,7070,63134,452562830,454829024830,63258557
20190102,105560,KB금융,KOSPI,,45950,-550,-1.18,46700,46900,45600,636199,29363812400,19212225125150,418111537
20190102,002380,KCC,KOSPI,,308500,-500,-0.16,307000,311000,305000,12004,3689726500,3256684260500,10556513
20190102,009070,KCTC,KOSPI,,2905,30,1.04,2880,2930,2840,71264,205690220,87150000000,30000000
20190102,009440,KC그린홀딩스,KOSPI,,3660,-65,-1.74,3780,3780,3655,23882,87982140,82112026800,22434980
20190102,119650,KC코트렐,KOSPI,,4275,15,0.35,4305,4385,4250,137483,593298375,55575000000,13000000
20190102,092220,KEC,KOSPI,,1045,10,0.97,1045,1075,1015,1102563,1155428495,117511943945,112451621
20190102,001390,KG케미칼,KOSPI,,16500,-900,-5.17,17550,17550,16400,115733,1946837850,205516179000,12455526
20190102,001940,KISCO홀딩스,KOSPI,,13000,-750,-5.45,13700,13700,12750,17499,229774550,240192940000,18476380
20190102,025000,KPX케미칼,KOSPI,,52000,-400,-0.76,52200,52400,51300,1927,100109000,251680000000,4840000
20190102,092230,KPX홀딩스,KOSPI,,61400,200,0.33,61600,61600,60800,379,23153200,259393264400,4224646
20190102,000040,KR모터스,KOSPI,,500,0,0.00,505,506,492,1860838,930104562,64491045000,128982090
20190102,044450,KSS해운,KOSPI,,6400,-80,-1.23,6480,6540,6280,30386,194671040,148389632000,23185880
20190102,030200,KT,KOSPI,,30400,600,2.01,29700,30550,29700,696916,21028275500,7937798963200,261111808
20190102,033780,KT&G,KOSPI,,97600,-3900,-3.84,100500,101000,97000,450182,44134816300,13399747707200,137292497
20190102,030210,KTB투자증권,KOSPI,,2955,-5,-0.17,3005,3050,2940,70826,210227585,178228141860,60314092
20190102,058850,KTcs,KOSPI,,2455,-30,-1.21,2490,2535,2435,296476,734322075,104791675000,42685000
20190102,093050,LF,KOSPI,,25050,200,0.80,25050,25300,24300,72176,1799867400,732462000000,29240000
20190102,003550,LG,KOSPI,,68100,-1800,-2.58,69400,70000,67800,135878,9348778200,11751140621100,172557131
20190102,034220,LG디스플레이,KOSPI,,17800,-250,-1.39,18100,18200,17750,1113941,19911860850,6369119460000,357815700
20190102,001120,LG상사,KOSPI,,15350,0,0.00,15350,15550,15100,141181,2156586650,594966000000,38760000
20190102,051900,LG생활건강,KOSPI,,1081000,-20000,-1.82,1106000,1125000,1075000,26387,29012401000,16883270957000,15618197
20190102,051905,LG생활건강우,KOSPI,,646000,-10000,-1.52,655000,664000,641000,1171,758135000,1356404262000,2099697
20190102,003555,LG우,KOSPI,,40300,-450,-1.10,40750,40800,40150,643,25979450,133581483100,3314677
20190102,032640,LG유플러스,KOSPI,,17950,300,1.70,17650,18100,17600,1244108,22299465550,7837173929950,436611361
20190102,011070,LG이노텍,KOSPI,,83700,-2700,-3.13,87200,87700,83700,155940,13207232200,1980936855900,23667107
20190102,066570,LG전자,KOSPI,,62800,500,0.80,63300,64200,62700,568844,36028740900,10277082719200,163647814
20190102,066575,LG전자우,KOSPI,,25850,-500,-1.90,25900,26900,25850,42876,1129174600,444257893200,17185992
20190102,108670,LG하우시스,KOSPI,,56100,-500,-0.88,56600,57100,55600,12996,728284800,503086287000,8967670
20190102,108675,LG하우시스우,KOSPI,,31000,-950,-2.97,31900,31900,30600,629,19535950,32002230000,1032330
20190102,051910,LG화학,KOSPI,,337000,-10000,-2.88,351000,353500,335500,227694,77836925500,23789619591000,70592343
20190102,051915,LG화학우,KOSPI,,191500,-4000,-2.05,195500,197500,190000,9010,1740964500,1472405200000,7688800
20190102,079550,LIG넥스원,KOSPI,,38250,1300,3.52,37100,38750,36400,274387,10381980150,841500000000,22000000
20190102,006260,LS,KOSPI,,48600,-500,-1.02,49400,49950,48550,56142,2751265950,1564920000000,32200000
20190102,000680,LS네트웍스,KOSPI,,2500,20,0.81,2510,2530,2480,2149,5387305,197007540000,78803016
20190102,010120,LS산전,KOSPI,,47400,-1600,-3.27,49150,49450,47350,77674,3731196400,1422000000000,30000000
20190102,229640,LS전선아시아,KOSPI,,5550,-80,-1.42,5680,5760,5500,42421,236960430,169968078450,30624879
20190102,023150,MH에탄올,KOSPI,,5790,-100,-1.70,5890,5980,5710,5584,32410430,42721665540,7378526
20190102,035420,NAVER,KOSPI,,118000,-4000,-3.28,121000,122000,117000,356120,42251384000,19447980610000,164813395
20190102,181710,NHN엔터테인먼트,KOSPI,,57300,0,0.00,57300,58100,56200,34606,1977979400,1121075932500,19565025
20190102,005940,NH투자증권,KOSPI,,12350,-700,-5.36,13100,13150,12250,1139552,14208024200,3475399754450,281408887
20190102,005945,NH투자증권우,KOSPI,,8550,-260,-2.95,8750,8800,8510,46301,398774300,161346776400,18870968
20190102,034310,NICE,KOSPI,,17900,-50,-0.28,18100,18200,17350,39095,691994250,678093170000,37882300
20190102,008260,NI스틸,KOSPI,,2270,0,0.00,2280,2305,2265,25141,57326900,64922265590,28600117
20190102,004250,NPC,KOSPI,,3730,-35,-0.93,3760,3765,3690,690,2569935,136965600000,36720000
20190102,004255,NPC우,KOSPI,,2260,25,1.12,2235,2260,2235,50,112825,11932800000,5280000
20190102,010060,OCI,KOSPI,,106500,-500,-0.47,107500,111000,105500,86614,9357956000,2539958011500,23849371
20190102,005490,POSCO,KOSPI,,237000,-6000,-2.47,244500,246500,236000,175260,41867615000,20663279895000,87186835
20190102,100840,S&TC,KOSPI,,10750,-300,-2.71,11150,11200,10750,4834,52674000,78444362500,7297150
20190102,064960,S&T모티브,KOSPI,,27400,350,1.29,26800,27500,26550,20967,567806600,400673926400,14623136
20190102,003570,S&T중공업,KOSPI,,7100,-100,-1.39,7200,7200,7050,1203,8548830,230561416900,32473439
20190102,036530,S&T홀딩스,KOSPI,,13200,200,1.54,13000,13550,12900,44885,598370450,215211295200,16303886
20190102,010950,S-Oil,KOSPI,,91300,-6400,-6.55,97300,97300,91100,665046,61610622000,10278808909600,112582792
20190102,010955,S-Oil우,KOSPI,,65000,-5400,-7.67,70000,70300,64900,39849,2639266200,261425255000,4021927
20190102,034120,SBS,KOSPI,,21100,1100,5.50,19850,21150,19850,60040,1245414600,385129480200,18252582
20190102,101060,SBS미디어홀딩스,KOSPI,,2050,10,0.49,2055,2070,2040,25464,52140105,286787189500,139896190
20190102,004060,SG세계물산,KOSPI,,727,-9,-1.22,740,744,724,314845,230873804,147162945920,202424960
20190102,001380,SG충방,KOSPI,,2900,5,0.17,3100,3120,2865,2735603,8168889955,130396014700,44964143
20190102,002360,SH에너지화학,KOSPI,,1085,-15,-1.36,1110,1115,1075,332222,361849615,120580097050,111133730
20190102,009160,SIMPAC,KOSPI,,2440,0,0.00,2460,2460,2420,45033,109680680,159648019040,65429516
20190102,123700,SJM,KOSPI,,3000,-20,-0.66,3030,3030,2960,6296,18822125,46814694000,15604898
20190102,025530,SJM홀딩스,KOSPI,,3420,-5,-0.15,3425,3430,3350,2942,9982285,51074307360,14934008
20190102,034730,SK,KOSPI,,252000,-8000,-3.08,261000,261500,250500,74745,18976756500,17730794844000,70360297
20190102,011790,SKC,KOSPI,,35450,-350,-0.98,35950,36000,35150,66989,2382065250,1330599974750,37534555
20190102,018670,SK가스,KOSPI,,70000,-700,-0.99,70500,70700,68700,11507,801048500,633791690000,9054167
20190102,001740,SK네트웍스,KOSPI,,5180,-20,-0.38,5260,5270,5110,902071,4666514890,1285612011460,248187647
20190102,001745,SK네트웍스우,KOSPI,,51000,0,0.00,51000,51000,50100,68,3452100,5796048000,113648
20190102,006120,SK디스커버리,KOSPI,,25600,-500,-1.92,26200,26200,25550,25456,656052750,487369088000,19037855
20190102,006125,SK디스커버리우,KOSPI,,15100,-150,-0.98,15250,15300,15000,546,8299750,20512670500,1358455
20190102,210980,SK디앤디,KOSPI,,27200,450,1.68,26900,27300,26650,22386,604462400,439416000000,16155000
20190102,03473K,SK우,KOSPI,,126500,-1000,-0.78,127500,128500,124500,2712,342396500,71616077500,566135
20190102,096770,SK이노베이션,KOSPI,,169000,-10500,-5.85,180000,180500,167500,475975,81030612500,15626680316000,92465564
20190102,096775,SK이노베이션우,KOSPI,,111500,-7000,-5.91,118500,118500,110000,17162,1925967000,139199499000,1248426
20190102,001510,SK증권,KOSPI,,661,1,0.15,665,678,655,3599749,2396753922,312382103031,472590171
20190102,001515,SK증권우,KOSPI,,3965,200,5.31,3955,4350,3880,1339833,5480739285,15513118010,3912514
20190102,285130,SK케미칼,KOSPI,,69700,-300,-0.43,69900,70300,69000,19298,1344011800,807115684400,11579852
20190102,28513K,SK케미칼우,KOSPI,,24350,-250,-1.02,24600,24600,24150,644,15607500,35518614500,1458670
20190102,017670,SK텔레콤,KOSPI,,272500,3000,1.11,267500,273500,267500,129645,35162518500,22003206247500,80745711
20190102,000660,SK하이닉스,KOSPI,,60600,100,0.17,61300,61400,60000,1934295,117458798300,44116943319000,728002365
20190102,005610,SPC삼립,KOSPI,,125500,-2000,-1.57,127000,128000,121000,17861,2211624000,1082940629500,8629009
20190102,011810,STX,KOSPI,,11400,-350,-2.98,11850,12250,11250,8827,101611300,224886682800,19726902
20190102,077970,STX엔진,KOSPI,,6700,-50,-0.74,6750,6860,6670,6447,43507220,154159656800,23008904
20190102,071970,STX중공업,KOSPI,,5600,-70,-1.23,5710,5900,5540,249647,1418594130,157257693600,28081731
20190102,084870,TBH글로벌,KOSPI,,2990,0,0.00,3060,3060,2920,17909,53626575,62361888810,20856819
20190102,002710,TCC동양,KOSPI,,1990,-10,-0.50,2040,2040,1955,25236,49889375,44461575000,22342500
20190102,024070,WISCOM,KOSPI,,2755,5,0.18,2750,2795,2750,1129,3122175,41396409600,15025920
20190102,037270,YG PLUS,KOSPI,,1985,-30,-1.49,2015,2040,1975,22177,44209895,115468847440,58170704
20190102,000500,가온전선,KOSPI,,16950,-50,-0.29,17500,17650,16800,741,12624000,70517881650,4160347
20190102,000860,강남제비스코,KOSPI,,24550,-450,-1.80,24650,24900,24450,1968,48458050,159575000000,6500000
20190102,035250,강원랜드,KOSPI,,30900,-1100,-3.44,31500,31850,30650,566331,17551258150,6610761450000,213940500
20190102,011420,갤럭시아에스엠,KOSPI,,1660,0,0.00,1665,1690,1620,14243,23468885,45732409040,27549644
20190102,002100,경농,KOSPI,,10350,-450,-4.17,11050,11100,10250,451286,4804374850,224509612500,21691750
20190102,009450,경동나비엔,KOSPI,,40000,-1550,-3.73,41550,41950,39950,45185,1824099850,509580400000,12739510
20190102,267290,경동도시가스,KOSPI,,33200,0,0.00,33300,33300,32800,2754,91180250,156606491600,4717063
20190102,012320,경동인베스트,KOSPI,,37000,-250,-0.67,37250,37500,36850,1543,57410300,87505851000,2365023
20190102,000050,경방,KOSPI,,10950,150,1.39,10750,10950,10700,8339,90760950,300197206500,27415270
20190102,214390,경보제약,KOSPI,,10000,-250,-2.44,10300,10300,9960,26717,268824600,239068600000,23906860
20190102,012610,경인양행,KOSPI,,5800,0,0.00,5800,5920,5740,137052,797542590,234298917000,40396365
20190102,009140,경인전자,KOSPI,,21800,50,0.23,21950,22350,21800,1225,26845950,34243374600,1570797
20190102,013580,계룡건설,KOSPI,,21100,-650,-2.99,21750,22200,20250,18997,402891350,188442137700,8930907
20190102,012200,계양전기,KOSPI,,3335,-15,-0.45,3400,3400,3260,44368,147095775,108721000000,32600000
20190102,012205,계양전기우,KOSPI,,7740,-60,-0.77,8000,8140,7710,24147,189710890,10836000000,1400000
20190102,004200,고려개발,KOSPI,,4635,-95,-2.01,4875,4875,4600,9631,45509530,141084250515,30438889
20190102,002140,고려산업,KOSPI,,2150,-20,-0.92,2185,2280,2140,64290,140669630,53619763750,24939425
20190102,010130,고려아연,KOSPI,,424000,-8500,-1.97,427500,432500,421500,33226,14110042000,8000880000000,18870000
20190102,002240,고려제강,KOSPI,,23450,200,0.86,22950,23650,22500,9884,227987400,469000000000,20000000
20190102,001290,골든브릿지증권,KOSPI,,1850,30,1.65,1800,1890,1775,197679,361960945,93783139650,50693589
20190102,009290,광동제약,KOSPI,,6710,-140,-2.04,6890,6890,6650,70517,474833350,351743910210,52420851
20190102,017040,광명전기,KOSPI,,2580,-40,-1.53,2730,2730,2575,325319,860707185,111811046700,43337615
20190102,017900,광전자,KOSPI,,2050,25,1.23,2025,2060,2025,66468,135787615,118784714150,57943763
20190102,037710,광주신세계,KOSPI,,177500,-2500,-1.39,177500,179000,176500,200,35552000,284000000000,1600000
20190102,030610,교보증권,KOSPI,,8900,-220,-2.41,9190,9190,8730,93276,826550750,320400000000,36000000
20190102,007690,국도화학,KOSPI,,45750,100,0.22,45700,46100,45000,7441,340653550,265835682000,5810616
20190102,005320,국동,KOSPI,,2730,40,1.49,2690,2755,2600,751785,2009235375,37511510400,13740480
20190102,001140,국보,KOSPI,,11100,-250,-2.20,11350,11450,11100,11258,127118100,18673574400,1682304
20190102,002720,국제약품,KOSPI,,4250,-20,-0.47,4240,4395,4240,29682,127444680,76742704750,18057107
20190102,083420,그린케미칼,KOSPI,,3580,-20,-0.56,3600,3600,3515,10528,37345105,71600000000,20000000
20190102,014530,극동유화,KOSPI,,3230,-65,-1.97,3295,3295,3230,23266,75598860,112628226600,34869420
20190102,014280,금강공업,KOSPI,,20700,100,0.49,20500,20850,20250,2775,56916200,100518454800,4855964
20190102,014285,금강공업우,KOSPI,,31300,-2800,-8.21,34050,34100,31000,1432,46477150,3692617500,117975
20190102,008870,금비,KOSPI,,64900,0,0.00,65300,65400,64100,371,23902400,64900000000,1000000
20190102,001570,금양,KOSPI,,2220,-115,-4.93,2350,2350,2220,62835,142667685,95962918800,43226540
20190102,002990,금호산업,KOSPI,,11350,-450,-3.81,11950,11950,11300,82992,959290100,409001211150,36035349
20190102,002995,금호산업우,KOSPI,,23950,100,0.42,24000,24150,23750,1251,30010950,6999770700,292266
20190102,011780,금호석유,KOSPI,,84400,-2900,-3.32,87000,87900,83700,103963,8796998500,2571473120400,30467691
20190102,011785,금호석유우,KOSPI,,30700,-1150,-3.61,31850,31850,30600,2643,81867500,92821020200,3023486
20190102,214330,금호에이치티,KOSPI,,6740,-290,-4.13,7140,7140,6650,180177,1233085680,81755033980,12129827
20190102,001210,금호전기,KOSPI,,6540,-70,-1.06,6670,6670,6460,4659,30347360,45626754720,6976568
20190102,073240,금호타이어,KOSPI,,5200,-110,-2.07,5310,5380,5160,329671,1717033990,1493753492400,287260287
20190102,092440,기신정기,KOSPI,,3340,-95,-2.77,3435,3455,3315,27254,91921405,97528000000,29200000
20190102,000270,기아차,KOSPI,,32800,-900,-2.67,33450,33650,32300,478590,15698385400,13295917781600,405363347
20190102,024110,기업은행,KOSPI,,13550,-500,-3.56,13950,14000,13350,1546090,21101011450,7587712943250,559978815
20190102,013700,까뮤이앤씨,KOSPI,,1440,110,8.27,1370,1490,1340,1774974,2538885445,65019283200,45152280
20190102,004540,깨끗한나라,KOSPI,,3070,25,0.82,3175,3175,3055,38198,118803825,114328927510,37240693
20190102,004545,깨끗한나라우,KOSPI,,17550,-600,-3.31,18400,18400,17300,3652,64733000,6426108000,366160
20190102,074610,나노메딕스,KOSPI,,5440,-220,-3.89,5660,5880,5400,446310,2511457720,151259880000,27805125
20190102,001260,남광토건,KOSPI,,12000,100,0.84,12550,12600,11800,48034,584359650,117928752000,9827396
20190102,008350,남선알미늄,KOSPI,,2945,115,4.06,2885,2950,2795,6186333,17679965570,324477420050,110179090
20190102,008355,남선알미우,KOSPI,,31900,400,1.27,31900,32600,31050,19090,603852950,9821691000,307890
20190102,004270,남성,KOSPI,,1885,-25,-1.31,1945,1950,1820,392711,733782225,68259921600,36212160
20190102,003920,남양유업,KOSPI,,617000,-7000,-1.12,624000,627000,605000,775,475497000,444240000000,720000
20190102,003925,남양유업우,KOSPI,,197000,0,0.00,194500,197000,194500,4,780500,32832414000,166662
20190102,002070,남영비비안,KOSPI,,6080,-80,-1.30,6160,6290,6030,2767,16792990,41757105600,6867945
20190102,025860,남해화학,KOSPI,,11350,-150,-1.30,11750,11800,11300,125671,1444641800,563854868050,49678843
20190102,005720,넥센,KOSPI,,5550,50,0.91,5500,5620,5440,32627,180184740,297169072350,53543977
20190102,005725,넥센우,KOSPI,,3750,40,1.08,3710,3800,3710,379,1421195,13502250000,3600600
20190102,002350,넥센타이어,KOSPI,,9000,-170,-1.85,9070,9170,8960,73539,664662310,879010893000,97667877
20190102,002355,넥센타이어1우B,KOSPI,,3660,-40,-1.08,3700,3730,3660,978,3610310,23790000000,6500000
20190102,003580,넥스트사이언스,KOSPI,,6150,50,0.82,6100,6800,6080,536450,3420641630,138436629150,22510021
20190102,251270,넷마블,KOSPI,,106000,-5500,-4.93,113500,113500,105500,271562,29250424000,9038181690000,85265865
20190102,090350,노루페인트,KOSPI,,7870,-360,-4.37,8300,8300,7870,129737,1040022510,157400000000,20000000
20190102,090355,노루페인트우,KOSPI,,8270,0,0.00,8160,8340,8160,684,5635880,3830052020,463126
20190102,000320,노루홀딩스,KOSPI,,12200,-50,-0.41,12200,12400,12000,2507,30410500,162152042200,13291151
20190102,000325,노루홀딩스우,KOSPI,,18100,150,0.84,18100,18100,18100,57,1031700,3353025000,185250
20190102,006280,녹십자,KOSPI,,136500,500,0.37,136000,139500,136000,34301,4710862500,1595212437000,11686538
20190102,005250,녹십자홀딩스,KOSPI,,24400,-700,-2.79,24900,25350,24100,50888,1250406750,1147488324000,47028210
20190102,005257,녹십자홀딩스2우,KOSPI,,16150,-150,-0.92,16400,16400,16050,49,791600,13662738500,845990
20190102,004370,농심,KOSPI,,251000,-3500,-1.38,253000,256000,246500,13641,3418137500,1526743142000,6082642
20190102,072710,농심홀딩스,KOSPI,,69800,-100,-0.14,70000,70400,69600,4705,329016500,323717742000,4637790
20190102,058730,다스코,KOSPI,,7800,-390,-4.76,8260,8300,7770,202730,1617263090,120120000000,15400000
20190102,023590,다우기술,KOSPI,,19100,250,1.33,19050,19300,18850,79442,1517292500,856952384700,44866617
20190102,019680,대교,KOSPI,,6670,-30,-0.45,6620,6680,6560,28797,190663190,564968009500,84702850
20190102,019685,대교우B,KOSPI,,4640,0,0.00,4640,4650,4635,702,3257130,90141233600,19426990
20190102,006370,대구백화점,KOSPI,,8960,160,1.82,9100,9100,8850,1101,9967380,96961634560,10821611
20190102,008060,대덕전자,KOSPI,,8890,-210,-2.31,9020,9060,8810,292375,2608515240,693481981080,78006972
20190102,00806K,대덕전자1우,KOSPI,,5350,-180,-3.25,5500,5500,5350,1789,9675720,17697136600,3307876
20190102,000490,대동공업,KOSPI,,5140,-40,-0.77,5220,5280,5140,17354,90136600,121962999400,23728210
20190102,008110,대동전자,KOSPI,,3370,25,0.75,3345,3370,3345,589,1978070,35352806390,10490447
20190102,005750,대림B&Co,KOSPI,,4480,-85,-1.86,4570,4645,4405,13219,59912085,74691635200,16672240
20190102,000210,대림산업,KOSPI,,96400,-6100,-5.95,101000,103500,96000,353937,34538549500,3354720000000,34800000
20190102,000215,대림산업우,KOSPI,,37450,-1400,-3.60,39400,39400,36600,13728,512945350,142310000000,3800000
20190102,004440,대림씨엔에스,KOSPI,,10350,0,0.00,10550,10550,10250,4019,41522750,131775651450,12731947
20190102,006570,대림통상,KOSPI,,3920,-260,-6.22,4200,4210,3920,2558,10296695,59682000000,15225000
20190102,001680,대상,KOSPI,,24600,-450,-1.80,25050,25400,24300,92144,2275376400,852341415000,34648025
20190102,001685,대상우,KOSPI,,12200,-150,-1.21,12450,12500,12000,1179,14568850,16716720600,1370223
20190102,084690,대상홀딩스,KOSPI,,7860,0,0.00,7850,7870,7600,17063,132350930,284630548680,36212538
20190102,084695,대상홀딩스우,KOSPI,,5450,-180,-3.20,5630,5630,5430,4238,23126770,4978476900,913482
20190102,128820,대성산업,KOSPI,,4245,95,2.29,4200,4430,4090,102059,441599910,192024604110,45235478
20190102,117580,대성에너지,KOSPI,,5300,-100,-1.85,5400,5450,5280,14544,77501200,145750000000,27500000
20190102,016710,대성홀딩스,KOSPI,,6270,-90,-1.42,6300,6350,6270,2411,15217200,100880907930,16089459
20190102,003540,대신증권,KOSPI,,10950,-400,-3.52,11350,11350,10800,247481,2721291750,555968730000,50773400
20190102,003547,대신증권2우B,KOSPI,,8060,-150,-1.83,8200,8250,8050,10618,86201290,80600000000,10000000
20190102,003545,대신증권우,KOSPI,,8540,-170,-1.95,8710,8740,8500,82909,712073520,222040000000,26000000
20190102,009190,대양금속,KOSPI,,3770,150,4.14,3625,3775,3625,7747,28744095,46438607410,12317933
20190102,014160,대영포장,KOSPI,,1220,110,9.91,1140,1230,1135,15773875,18859558630,132241349780,108394549
20190102,047040,대우건설,KOSPI,,5440,50,0.93,5440,5600,5380,1688983,9239797910,2260987150720,415622638
20190102,009320,대우부품,KOSPI,,2200,105,5.01,2140,2240,2100,2537646,5504917310,104822025000,47646375
20190102,042660,대우조선해양,KOSPI,,33300,-850,-2.49,34250,34500,33100,241266,8154030000,3569951541600,107205752
20190102,003090,대웅,KOSPI,,17400,-400,-2.25,18050,18450,17250,68806,1226653500,1011670452000,58141980
20190102,069620,대웅제약,KOSPI,,185500,-3000,-1.59,190000,195000,184000,54582,10302051000,2149309662500,11586575
20190102,000430,대원강업,KOSPI,,3750,-125,-3.23,3885,3910,3745,49430,187221335,232500000000,62000000
20190102,006340,대원전선,KOSPI,,1555,-20,-1.27,1635,1640,1550,388557,618197625,105906650905,68107171
20190102,006345,대원전선우,KOSPI,,3640,-45,-1.22,3760,3785,3615,8948,32938625,9541168000,2621200
20190102,003220,대원제약,KOSPI,,15800,-350,-2.17,16350,16350,15700,24958,398422800,301757974800,19098606
20190102,024890,대원화성,KOSPI,,1780,-35,-1.93,1830,1855,1750,1079622,1937423295,73423490560,41249152
20190102,002880,대유에이텍,KOSPI,,1370,60,4.58,1325,1410,1325,11103409,15173906420,141536816650,103311545
20190102,000300,대유플러스,KOSPI,,847,-7,-0.82,861,862,841,207420,176545538,85278043620,100682460
20190102,012800,대창,KOSPI,,915,-10,-1.08,922,932,914,176424,162136175,83393556585,91140499
20190102,015230,대창단조,KOSPI,,42250,-450,-1.05,42700,42850,41950,4421,187423400,84500000000,2000000
20190102,001070,대한방직,KOSPI,,14350,-250,-1.71,14700,14700,14300,6380,92115350,76055000000,5300000
20190102,006650,대한유화,KOSPI,,147500,-6000,-3.91,153500,154000,146000,43164,6424339000,958750000000,6500000
20190102,001440,대한전선,KOSPI,,1010,-5,-0.49,1015,1025,1005,169007,171039660,865037739090,856473009
20190102,084010,대한제강,KOSPI,,5490,-100,-1.79,5600,5630,5400,26786,147378270,135310569660,24646734
20190102,001790,대한제당,KOSPI,,19000,0,0.00,18900,19000,18650,3005,56344000,167960038000,8840002
20190102,001799,대한제당3우B,KOSPI,,25400,-600,-2.31,25900,26000,25300,8,204800,3293262400,129656
20190102,001795,대한제당우,KOSPI,,12000,-200,-1.64,12000,12000,11850,519,6196150,7779312000,648276
20190102,001130,대한제분,KOSPI,,177000,1000,0.57,176000,178500,175000,578,102062500,299130000000,1690000
20190102,003490,대한항공,KOSPI,,32400,-650,-1.97,32950,32950,32050,349580,11304759650,3072966141600,94844634
20190102,003495,대한항공우,KOSPI,,13150,-500,-3.66,13650,13650,12500,14721,194887150,14606941100,1110794
20190102,005880,대한해운,KOSPI,,21750,0,0.00,21700,21850,21450,44150,952729650,531276462000,24426504
20190102,003830,대한화섬,KOSPI,,105500,0,0.00,104000,105500,104000,60,6267000,140104000000,1328000
20190102,016090,대현,KOSPI,,2300,-5,-0.22,2315,2350,2270,152597,352234550,101849313000,44282310
20190102,069460,대호에이엘,KOSPI,,5420,0,0.00,0,0,0,0,0,147070827380,27134839
20190102,012510,더존비즈온,KOSPI,,51700,-200,-0.39,51900,52500,51500,47715,2482130300,1534078590000,29672700
20190102,004830,덕성,KOSPI,,3430,-70,-2.00,3500,3580,3360,23511,81669635,53782400000,15680000
20190102,004835,덕성우,KOSPI,,3980,-155,-3.75,4200,4200,3970,36418,147963505,5540160000,1392000
20190102,024900,덕양산업,KOSPI,,1275,25,2.00,1285,1310,1255,67077,85724645,41520349500,32564980
20190102,145720,덴티움,KOSPI,,56500,-1000,-1.74,58000,58900,56000,64773,3700822700,625388895000,11068830
20190102,002150,도화엔지니어링,KOSPI,,8180,-470,-5.43,8820,8880,8120,355430,2996523910,275829600000,33720000
20190102,001620,동국실업,KOSPI,,817,-19,-2.27,836,839,815,77479,63927578,43555962824,53312072
20190102,001230,동국제강,KOSPI,,7060,-170,-2.35,7240,7290,7040,197463,1405018340,673755123220,95432737
20190102,023450,동남합성,KOSPI,,60000,-800,-1.32,60200,60200,60000,31,1861200,79255320000,1320922
20190102,004140,동방,KOSPI,,1360,-10,-0.73,1385,1400,1350,75950,103703085,45513199680,33465588
20190102,007590,동방아그로,KOSPI,,6520,-80,-1.21,6620,6710,6510,6009,39345280,88786602040,13617577
20190102,005960,동부건설,KOSPI,,7200,-30,-0.41,7390,7390,7110,15274,110067650,150243494400,20867152
20190102,005965,동부건설우,KOSPI,,15700,-650,-3.98,16300,16300,15700,1033,16309900,3543992400,225732
20190102,016380,동부제철,KOSPI,,6570,150,2.34,6420,6590,6420,5724,37426070,178923595680,27233424
20190102,016385,동부제철우,KOSPI,,42550,650,1.55,41900,43900,41600,133,5578050,6814637800,160156
20190102,083370,동북아12호,KOSPI,,4970,0,0.00,0,0,0,0,0,7880730200,1585660
20190102,083380,동북아13호,KOSPI,,5000,0,0.00,0,0,0,0,0,7928300000,1585660
20190102,026960,동서,KOSPI,,17650,-250,-1.40,17850,18100,17500,115040,2034298200,1759705000000,99700000
20190102,002210,동성제약,KOSPI,,16100,1150,7.69,15200,17650,15100,3180930,52531100100,398580841400,24756574
20190102,102260,동성코퍼레이션,KOSPI,,5120,-10,-0.19,5100,5190,5060,24618,125887660,232678246400,45444970
20190102,005190,동성화학,KOSPI,,13700,-50,-0.36,13700,14100,13700,1940,26926350,73097226800,5335564
20190102,000640,동아쏘시오홀딩스,KOSPI,,108000,-1000,-0.92,108000,109500,106500,7252,780693500,662935752000,6138294
20190102,170900,동아에스티,KOSPI,,104500,0,0.00,104500,106500,102500,20601,2167262500,882384206000,8443868
20190102,028100,동아지질,KOSPI,,16800,-350,-2.04,17500,17600,16600,125222,2129506950,193200000000,11500000
20190102,282690,동아타이어,KOSPI,,12700,0,0.00,12550,12700,12500,56,706700,174409290500,13733015
20190102,001520,동양,KOSPI,,2035,-35,-1.69,2070,2080,2010,301118,613161980,485722068205,238684063
20190102,001527,동양2우B,KOSPI,,10700,-50,-0.47,10750,10950,10650,2583,27640450,3301688300,308569
20190102,001529,동양3우B,KOSPI,,30150,-200,-0.66,30350,30350,30000,1235,37100400,2705118300,89722
20190102,084670,동양고속,KOSPI,,28850,50,0.17,29150,29150,28600,1464,42193250,83537165650,2895569
20190102,030790,동양네트웍스,KOSPI,,2200,-25,-1.12,2280,2305,2150,870874,1936278425,207540194400,94336452
20190102,002900,동양물산,KOSPI,,1800,-25,-1.37,1870,1880,1790,811379,1483869810,117700020000,65388900
20190102,082640,동양생명,KOSPI,,4675,-95,-1.99,4785,4785,4440,119183,555979240,754351384875,161358585
20190102,001525,동양우,KOSPI,,9490,90,0.96,9400,9550,9350,1076,10095800,5862267190,617731
20190102,008970,동양철관,KOSPI,,1455,-65,-4.28,1540,1555,1445,1966162,2917189885,172978096950,118885290
20190102,092780,동양피스톤,KOSPI,,4855,-30,-0.61,4950,4950,4825,130924,640410480,63932873300,13168460
20190102,049770,동원F&B,KOSPI,,279000,-8500,-2.96,284000,289000,277000,4726,1320840500,1076695596000,3859124
20190102,018500,동원금속,KOSPI,,708,-3,-0.42,711,717,705,59761,42409916,33102492564,46754933
20190102,006040,동원산업,KOSPI,,199000,-4000,-1.97,204000,204000,198500,1357,271286000,669276800000,3363200
20190102,030720,동원수산,KOSPI,,8930,-70,-0.78,9000,9100,8820,23793,211375460,41558478650,4653805
20190102,014820,동원시스템즈,KOSPI,,27250,-100,-0.37,27100,27500,26750,19929,539755700,698104424750,25618511
20190102,014825,동원시스템즈우,KOSPI,,21800,0,0.00,21800,21800,21200,266,5784150,5784804400,265358
20190102,163560,동일고무벨트,KOSPI,,6270,-60,-0.95,6370,6370,6040,6581,40676550,81510000000,13000000
20190102,001530,동일방직,KOSPI,,58500,-1000,-1.68,59600,59600,57100,3465,202884500,139131076500,2378309
20190102,004890,동일산업,KOSPI,,57700,-400,-0.69,58600,58600,57500,311,18015600,139934905500,2425215
20190102,002690,동일제강,KOSPI,,3060,-135,-4.23,3210,3235,3025,85938,265841910,45900000000,15000000
20190102,000020,동화약품,KOSPI,,9340,240,2.64,9190,9430,9080,88403,819092510,260879929800,27931470
20190102,000150,두산,KOSPI,,104500,-7000,-6.28,111500,111500,104000,67723,7134753000,1905881659000,18238102
20190102,000157,두산2우B,KOSPI,,73700,-1500,-1.99,75000,75000,73000,47,3460900,72644984500,985685
20190102,011160,두산건설,KOSPI,,1470,55,3.89,1445,1545,1425,269432,401958525,107789350830,73326089
20190102,241560,두산밥캣,KOSPI,,30700,-800,-2.54,31450,31700,30450,123805,3809809800,3077649396200,100249166
20190102,000155,두산우,KOSPI,,71700,-2800,-3.76,74600,74600,71000,8796,635491400,316274005800,4411074
20190102,042670,두산인프라코어,KOSPI,,7330,-260,-3.43,7600,7650,7250,1788397,13160815610,1525796586040,208157788
20190102,034020,두산중공업,KOSPI,,9450,-280,-2.88,9800,9850,9390,808625,7762146350,1107037288350,117146803
20190102,016740,두올,KOSPI,,2850,-10,-0.35,2870,2890,2825,87546,249724315,77140038000,27066680
20190102,024090,디씨엠,KOSPI,,10900,0,0.00,10900,11050,10850,2361,25651450,127530000000,11700000
20190102,003160,디아이,KOSPI,,3445,-50,-1.43,3515,3540,3420,74899,260104460,108506424325,31496785
20190102,092200,디아이씨,KOSPI,,6570,0,0.00,6730,6730,6490,33731,221947040,147610883700,22467410
20190102,013570,디와이,KOSPI,,5600,130,2.38,5530,5720,5470,231450,1293013780,147389944800,26319633
20190102,210540,디와이파워,KOSPI,,13500,-700,-4.93,14450,14450,13400,138511,1897311900,149063058000,11041708
20190102,007340,디티알오토모티브,KOSPI,,31650,-350,-1.09,32300,32300,31500,763,24261350,316310258250,9994005
20190102,026890,디피씨,KOSPI,,5560,-150,-2.63,5730,5790,5560,1472257,8349032330,231730653000,41678175
20190102,115390,락앤락,KOSPI,,20050,-650,-3.14,20700,20750,19800,115580,2322664650,1086441330000,54186600
20190102,032350,롯데관광개발,KOSPI,,14900,350,2.41,14450,15300,14400,937864,14075759850,970931292600,65163174
20190102,000400,롯데손해보험,KOSPI,,2655,15,0.57,2670,2715,2630,153563,408843910,356513400000,134280000
20190102,023530,롯데쇼핑,KOSPI,,202500,-8500,-4.03,211500,212000,200000,96043,19548257500,5728472887500,28288755
20190102,004000,롯데정밀화학,KOSPI,,40450,-600,-1.46,40850,41150,40250,49007,1990094650,1043610000000,25800000
20190102,286940,롯데정보통신,KOSPI,,36500,1100,3.11,35600,37400,35600,102336,3766111450,521439000000,14286000
20190102,280360,롯데제과,KOSPI,,153000,2000,1.32,153000,154500,152500,1539,237163500,643992606000,4209102
20190102,004990,롯데지주,KOSPI,,49950,-2750,-5.22,52400,52700,49700,161549,8180774000,5822483538150,116566237
20190102,00499K,롯데지주우,KOSPI,,51400,-2000,-3.75,53500,53500,50700,1301,66989500,50763822200,987623
20190102,005300,롯데칠성,KOSPI,,1374000,-26000,-1.86,1391000,1405000,1364000,826,1138054000,1098301404000,799346
20190102,005305,롯데칠성우,KOSPI,,632000,-14000,-2.17,642000,642000,630000,11,6983000,48999592000,77531
20190102,011170,롯데케미칼,KOSPI,,275000,-2000,-0.72,277500,283500,274500,111841,31134921000,9425740225000,34275419
20190102,002270,롯데푸드,KOSPI,,701000,-8000,-1.13,702000,714000,685000,1263,885234000,793440870000,1131870
20190102,071840,롯데하이마트,KOSPI,,46300,-350,-0.75,46500,46800,46000,37729,1749490100,1093037065600,23607712
20190102,027740,마니커,KOSPI,,768,-1,-0.13,769,776,757,766507,587135074,121706952192,158472594
20190102,204320,만도,KOSPI,,28850,-100,-0.35,29050,29250,28600,246212,7115304000,1354712912000,46957120
20190102,001080,만호제강,KOSPI,,16500,-900,-5.17,17450,17450,16400,9775,163011750,68475000000,4150000
20190102,088980,맥쿼리인프라,KOSPI,,9330,40,0.43,9300,9370,9300,598752,5589549070,3256583654880,349044336
20190102,094800,맵스리얼티1,KOSPI,,3670,20,0.55,3670,3675,3660,50291,184449355,340701994770,92834331
20190102,015540,메디플란트,KOSPI,,7180,210,3.01,6970,7250,6890,13696,96070240,39582054780,5512821
20190102,138040,메리츠금융지주,KOSPI,,11400,-150,-1.30,11550,11550,11200,29496,334633100,1598557179600,140224314
20190102,008560,메리츠종금증권,KOSPI,,4075,-205,-4.79,4285,4310,4055,1925868,7942834050,2467987368400,605641072
20190102,000060,메리츠화재,KOSPI,,21350,-500,-2.29,21800,21850,21100,89479,1905967050,2427068000000,113680000
20190102,090370,메타랩스,KOSPI,,1895,-10,-0.52,1955,1960,1855,186503,354572815,84421855840,44549792
20190102,017180,명문제약,KOSPI,,5170,-20,-0.39,5250,5320,5140,120174,629274770,126871800000,24540000
20190102,012690,모나리자,KOSPI,,3540,40,1.14,3515,3610,3470,183391,646340850,129462242700,36571255
20190102,005360,모나미,KOSPI,,2640,20,0.76,2680,2680,2600,17093,44787080,49888890480,18897307
20190102,204210,모두투어리츠,KOSPI,,3140,20,0.64,3235,3235,3055,580,1811525,24576199100,7826815
20190102,009680,모토닉,KOSPI,,10500,510,5.11,10000,10650,9960,241030,2484136190,346500000000,33000000
20190102,009580,무림P&P,KOSPI,,5940,-120,-1.98,6080,6120,5920,235849,1414428170,370467844560,62368324
20190102,009200,무림페이퍼,KOSPI,,2770,-50,-1.77,2820,2830,2765,61669,171531490,115257788700,41609310
20190102,033920,무학,KOSPI,,13550,-50,-0.37,13550,13700,13150,18331,245684600,386175000000,28500000
20190102,008420,문배철강,KOSPI,,2835,-55,-1.90,2970,2970,2835,84578,244659885,58127436675,20503505
20190102,025560,미래산업,KOSPI,,176,-2,-1.12,179,180,176,1895484,335906718,111728038400,634818400
20190102,007120,미래아이앤지,KOSPI,,416,6,1.46,407,423,407,134981,56414956,43092324704,103587319
20190102,006800,미래에셋대우,KOSPI,,6370,-160,-2.45,6590,6630,6320,2203960,14167745000,4193475518960,658316408
20190102,00680K,미래에셋대우2우B,KOSPI,,3495,-55,-1.55,3550,3570,3460,343927,1206102790,489300000000,140000000
20190102,006805,미래에셋대우우,KOSPI,,3955,-85,-2.10,4045,4200,3950,58144,236732455,55669591250,14075750
20190102,085620,미래에셋생명,KOSPI,,4630,20,0.43,4580,4675,4565,142686,660163845,819584955070,177016189
20190102,002840,미원상사,KOSPI,,250000,-7000,-2.72,255500,255500,250000,5,1266500,193735000000,774940
20190102,268280,미원에스씨,KOSPI,,64100,-500,-0.77,64600,64600,63700,3455,221165400,334683791600,5221276
20190102,107590,미원홀딩스,KOSPI,,33900,-650,-1.88,34200,34200,33900,370,12610900,79047138600,2331774
20190102,134380,미원화학,KOSPI,,43200,0,0.00,43200,43600,42200,297,12840450,94603852800,2189904
20190102,003650,미창석유,KOSPI,,78900,2400,3.14,77100,78900,75500,193,15043300,137260120800,1739672
20190102,155900,바다로19호,KOSPI,,2925,30,1.04,2900,2925,2900,3516,10229960,44460011700,15200004
20190102,003610,방림,KOSPI,,24750,50,0.20,24650,24800,24150,1558,38094300,104727372750,4231409
20190102,001340,백광산업,KOSPI,,2500,10,0.40,2500,2570,2470,92392,231702760,112296017500,44918407
20190102,014580,백광소재,KOSPI,,2590,-10,-0.38,2630,2635,2565,36402,94395375,71440229000,27583100
20190102,035150,백산,KOSPI,,6280,-60,-0.95,6420,6420,6220,23525,149090060,151976000000,24200000
20190102,002410,범양건영,KOSPI,,1545,5,0.32,1550,1585,1530,68914,107762445,38365149540,24831812
20190102,096300,베트남개발1,KOSPI,,370,-2,-0.54,372,375,366,239566,88638883,45970783200,124245360
20190102,007210,벽산,KOSPI,,2385,-65,-2.65,2460,2495,2345,456233,1089291865,163515600000,68560000
20190102,002760,보락,KOSPI,,2030,-20,-0.98,2060,2090,2020,275581,562768035,121597000000,59900000
20190102,003850,보령제약,KOSPI,,10050,70,0.70,10000,10150,9860,161048,1612474470,444210000000,44200000
20190102,000890,보해양조,KOSPI,,2095,205,10.85,2025,2180,2010,59051382,124006741690,202315293870,96570546
20190102,003000,부광약품,KOSPI,,24800,0,0.00,25300,26000,24350,416784,10510365300,1211983018400,48870283
20190102,001270,부국증권,KOSPI,,21850,-600,-2.67,22250,22250,21650,2729,59757000,226582009100,10369886
20190102,001275,부국증권우,KOSPI,,19000,-50,-0.26,19400,19400,19000,142,2709950,57000000000,3000000
20190102,026940,부국철강,KOSPI,,2930,-45,-1.51,3000,3025,2900,333112,981001170,58600000000,20000000
20190102,015350,부산가스,KOSPI,,37300,0,0.00,37000,37450,36950,945,35095300,410300000000,11000000
20190102,011390,부산산업,KOSPI,,155500,-7500,-4.60,165500,166500,154000,28372,4513021000,164208000000,1056000
20190102,005030,부산주공,KOSPI,,475,-13,-2.66,490,497,475,84499,40882194,20116025800,42349528
20190102,100220,비상교육,KOSPI,,6110,-100,-1.61,6210,6260,6070,17704,108714710,79410087510,12996741
20190102,005180,빙그레,KOSPI,,71100,-1400,-1.93,71700,73400,70700,8768,627084000,700423235100,9851241
20190102,003960,사조대림,KOSPI,,24100,-100,-0.41,24050,24400,23700,8694,208305900,143649857500,5960575
20190102,008040,사조동아원,KOSPI,,1200,15,1.27,1185,1205,1185,157503,187890825,169373520000,141144600
20190102,007160,사조산업,KOSPI,,49450,-400,-0.80,49900,50200,49250,3215,159655200,247250000000,5000000
20190102,014710,사조씨푸드,KOSPI,,6320,-20,-0.32,6300,6370,6150,17601,109632530,108821191760,17218543
20190102,006090,사조오양,KOSPI,,9630,-100,-1.03,9770,9780,9540,9697,93125400,90740976570,9422739
20190102,079660,사조해표,KOSPI,,10200,50,0.49,10150,10300,10050,20915,213752100,73032000000,7160000
20190102,005090,삼광글라스,KOSPI,,29200,300,1.04,29250,29600,28900,3360,98051500,141749005600,4854418
20190102,001470,삼부토건,KOSPI,,4300,-25,-0.58,4350,4440,4105,35051,150889610,106653463300,24803131
20190102,006400,삼성SDI,KOSPI,,210500,-8500,-3.88,222000,224000,208500,345548,73769630500,14474933565000,68764530
20190102,006405,삼성SDI우,KOSPI,,85800,-400,-0.46,87000,87200,84900,2099,180345000,138815476800,1617896
20190102,006660,삼성공조,KOSPI,,9040,-60,-0.66,9010,9100,8880,3236,29070750,73461878560,8126314
20190102,028260,삼성물산,KOSPI,,104000,-1500,-1.42,105500,106500,103000,246954,25804168000,19727764472000,189690043
20190102,02826K,삼성물산우B,KOSPI,,69300,-900,-1.28,70200,70500,68800,2359,165051300,112781592000,1627440
20190102,207940,삼성바이오로직스,KOSPI,,374000,-12500,-3.23,389500,392000,372000,148344,56542769500,24745710000000,66165000
20190102,032830,삼성생명,KOSPI,,80300,-1300,-1.59,81700,82000,79700,221030,17791665100,16060000000000,200000000
20190102,018260,삼성에스디에스,KOSPI,,206000,2000,0.98,205000,211000,204500,99070,20629277500,15939826800000,77377800
20190102,028050,삼성엔지니어링,KOSPI,,17450,-150,-0.85,17650,18100,17200,1193530,21023842700,3420200000000,196000000
20190102,009150,삼성전기,KOSPI,,100000,-3500,-3.38,104500,105500,99800,1052757,106876275200,7469369600000,74693696
20190102,009155,삼성전기우,KOSPI,,41850,-450,-1.06,42500,42900,41450,7542,317527300,121657280400,2906984
20190102,005930,삼성전자,KOSPI,,38750,50,0.13,39400,39400,38550,7847664,304682623050,231329073812500,5969782550
20190102,005935,삼성전자우,KOSPI,,31600,-150,-0.47,32700,32800,31300,944879,30203996650,26003219720000,822886700
20190102,001360,삼성제약,KOSPI,,2510,-20,-0.79,2520,2595,2510,198372,506247350,146169967970,58235047
20190102,010140,삼성중공업,KOSPI,,7240,-170,-2.29,7470,7540,7150,2366382,17341606570,4561200000000,630000000
20190102,010145,삼성중공우,KOSPI,,43700,700,1.63,44200,44250,42900,193,8354150,5018726500,114845
20190102,016360,삼성증권,KOSPI,,31250,-250,-0.79,31250,31700,30950,192361,6030880800,2790625000000,89300000
20190102,068290,삼성출판사,KOSPI,,11350,250,2.25,11250,11550,11200,125292,1420970050,113500000000,10000000
20190102,029780,삼성카드,KOSPI,,34700,150,0.43,34200,34700,33950,69225,2383543650,4020303517700,115858891
20190102,000810,삼성화재,KOSPI,,264500,-4500,-1.67,268000,269000,263000,49598,13119792500,12530644386500,47374837
20190102,000815,삼성화재우,KOSPI,,172000,-1500,-0.86,173500,173500,171000,3685,632539500,549024000000,3192000
20190102,006110,삼아알미늄,KOSPI,,4120,-85,-2.02,4285,4285,4085,31831,132606485,45320000000,11000000
20190102,145990,삼양사,KOSPI,,54700,-300,-0.55,55500,55600,54400,5152,282273600,562852224100,10289803
20190102,145995,삼양사우,KOSPI,,35050,-150,-0.43,34750,35300,34750,174,6092550,12970953500,370070
20190102,003230,삼양식품,KOSPI,,50100,-1900,-3.65,52200,52200,50100,27202,1379431100,377404051500,7533015
20190102,002170,삼양통상,KOSPI,,42100,-600,-1.41,42700,42700,42100,1475,62327750,126300000000,3000000
20190102,272550,삼양패키징,KOSPI,,17950,1150,6.85,17150,17950,16900,110064,1945786950,255065981800,14209804
20190102,000070,삼양홀딩스,KOSPI,,78200,-300,-0.38,78000,79200,76700,9938,775450700,669725992200,8564271
20190102,000075,삼양홀딩스우,KOSPI,,45850,-1550,-3.27,46900,47200,45850,275,12672500,13941059300,304058
20190102,002810,삼영무역,KOSPI,,14050,0,0.00,14050,14100,13800,23607,329552750,231356053150,16466623
20190102,005680,삼영전자,KOSPI,,12050,200,1.69,11850,12150,11550,43069,508829800,241000000000,20000000
20190102,003720,삼영화학,KOSPI,,824,-5,-0.60,829,833,819,93992,77343700,28016000000,34000000
20190102,023000,삼원강재,KOSPI,,2850,10,0.35,2855,2860,2790,1996,5602950,114000000000,40000000
20190102,004380,삼익THK,KOSPI,,9740,-30,-0.31,9820,9940,9600,41643,404230630,204540000000,21000000
20190102,002450,삼익악기,KOSPI,,1775,-20,-1.11,1820,1830,1765,184702,332454995,160692374125,90530915
20190102,000520,삼일제약,KOSPI,,20400,-200,-0.97,20750,21550,20400,60444,1265138750,132600000000,6500000
20190102,009770,삼정펄프,KOSPI,,33400,-50,-0.15,33450,33600,32750,621,20773100,83499031400,2499971
20190102,005500,삼진제약,KOSPI,,39900,-250,-0.62,40150,40450,39650,19982,800180000,554610000000,13900000
20190102,004690,삼천리,KOSPI,,90000,-1000,-1.10,91000,91000,89500,1971,177133000,364952250000,4055025
20190102,001880,삼호,KOSPI,,14050,-350,-2.43,14400,14400,14000,805,11361650,213275712300,15179766
20190102,010960,삼호개발,KOSPI,,4900,-140,-2.78,5070,5090,4840,35482,174539985,122500000000,25000000
20190102,004450,삼화왕관,KOSPI,,46650,-200,-0.43,46850,46850,46350,672,31454400,100501780350,2154379
20190102,009470,삼화전기,KOSPI,,21500,-200,-0.92,21950,22000,21150,176489,3801395950,142197130000,6613820
20190102,011230,삼화전자,KOSPI,,2245,0,0.00,2250,2285,2210,40960,91362430,23478075300,10457940
20190102,001820,삼화콘덴서,KOSPI,,52200,-1000,-1.88,54100,54600,52000,146194,7768013200,542619000000,10395000
20190102,000390,삼화페인트,KOSPI,,6930,10,0.14,6940,7020,6860,19291,134225140,183220544430,26438751
20190102,041650,상신브레이크,KOSPI,,4050,-170,-4.03,4250,4250,4020,51424,210140680,86959372500,21471450
20190102,075180,새론오토모티브,KOSPI,,5760,-130,-2.21,5870,5870,5710,9045,52335200,110592000000,19200000
20190102,007540,샘표,KOSPI,,33200,-250,-0.75,33700,34200,33200,9285,312261150,95476560000,2875800
20190102,248170,샘표식품,KOSPI,,27750,-100,-0.36,27600,27850,27250,4773,131643050,126769936500,4568286
20190102,007860,서연,KOSPI,,3660,30,0.83,3660,3680,3560,8228,29622565,85936229040,23479844
20190102,200880,서연이화,KOSPI,,4470,20,0.45,4475,4475,4255,165885,722487780,120817113390,27028437
20190102,017390,서울가스,KOSPI,,85400,0,0.00,84300,85800,84300,69,5832900,427000000000,5000000
20190102,004410,서울식품,KOSPI,,177,0,0.00,178,181,176,975510,173938617,59721570000,337410000
20190102,004415,서울식품우,KOSPI,,3725,0,0.00,3760,3860,3725,22356,84801805,8286262500,2224500
20190102,021050,서원,KOSPI,,1070,-10,-0.93,1080,1080,1050,59762,63181645,50797811300,47474590
20190102,008490,서흥,KOSPI,,23350,-50,-0.21,23450,23600,23000,8409,194836700,270138788550,11569113
20190102,007610,선도전기,KOSPI,,4405,-10,-0.23,4685,4690,4380,283137,1283927055,79290000000,18000000
20190102,136490,선진,KOSPI,,10950,-400,-3.52,11250,11300,10800,27335,300004500,260386663800,23779604
20190102,002820,선창산업,KOSPI,,5160,-130,-2.46,5230,5300,5160,7447,38851400,65057223240,12607989
20190102,014910,성문전자,KOSPI,,2715,70,2.65,2690,2750,2665,326597,882751240,52906816755,19486857
20190102,014915,성문전자우,KOSPI,,8310,110,1.34,8330,8420,8180,11367,94006970,4986000000,600000
20190102,003080,성보화학,KOSPI,,5720,0,0.00,5720,5760,5700,10282,58774330,114514400000,20020000
20190102,004980,성신양회,KOSPI,,11200,-700,-5.88,12200,12250,11050,926302,10610928500,268894998400,24008482
20190102,004987,성신양회2우B,KOSPI,,13950,-350,-2.45,14600,14600,13850,4191,60039600,3078667350,220693
20190102,004989,성신양회3우B,KOSPI,,10500,-300,-2.78,10950,10950,10400,158,1668800,3012429000,286898
20190102,004985,성신양회우,KOSPI,,9500,-300,-3.06,9960,10000,9430,6039,58709760,6988627500,735645
20190102,011300,성안,KOSPI,,631,-3,-0.47,634,657,626,51689,32883005,35877309660,56857860
20190102,000180,성창기업지주,KOSPI,,1915,-20,-1.03,1940,1955,1910,68314,131850110,133574314000,69751600
20190102,002420,세기상사,KOSPI,,66700,1200,1.83,66000,67000,66000,57,3788200,27186386400,407592
20190102,004360,세방,KOSPI,,12000,0,0.00,12100,12150,11850,20008,240507700,231704280000,19308690
20190102,004365,세방우,KOSPI,,6280,0,0.00,6280,6280,6280,4,25120,23168490000,3689250
20190102,004490,세방전지,KOSPI,,35500,-450,-1.25,35600,36150,35000,7882,280178300,497000000000,14000000
20190102,001430,세아베스틸,KOSPI,,17550,-150,-0.85,17650,17750,17150,36109,630334700,629380188450,35862119
20190102,306200,세아제강,KOSPI,,56700,-300,-0.53,57200,58000,56000,1541,87508500,160818210000,2836300
20190102,003030,세아제강지주,KOSPI,,47800,-1500,-3.04,49300,49300,47800,8113,392186450,151224860000,3163700
20190102,019440,세아특수강,KOSPI,,14700,-200,-1.34,15000,15000,14450,7431,108994250,125979000000,8570000
20190102,058650,세아홀딩스,KOSPI,,95500,-1800,-1.85,96400,98400,95500,237,22801300,382000000000,4000000
20190102,013000,세우글로벌,KOSPI,,1755,30,1.74,1770,1830,1720,1409603,2496956740,41577187275,23690705
20190102,091090,세원셀론텍,KOSPI,,3600,0,0.00,3695,3745,3590,307076,1128564345,219566851200,60990792
20190102,021820,세원정공,KOSPI,,6760,-120,-1.74,6870,6870,6700,5816,39442400,67600000000,10000000
20190102,067830,세이브존I&C,KOSPI,,3400,-35,-1.02,3385,3430,3350,13223,44625705,139539043000,41040895
20190102,033530,세종공업,KOSPI,,8220,430,5.52,7990,8500,7880,1829400,14979724470,165554737380,20140479
20190102,075580,세진중공업,KOSPI,,3875,-10,-0.26,3880,3955,3760,54934,212130255,148694290000,38372720
20190102,027970,세하,KOSPI,,1360,-20,-1.45,1400,1400,1360,18247,25031435,40205675920,29562997
20190102,145210,세화아이엠씨,KOSPI,,2990,0,0.00,0,0,0,0,0,87912180330,29402067
20190102,068270,셀트리온,KOSPI,,214500,-8000,-3.60,224500,226000,213000,1045357,228573134000,26910340528500,125456133
20190102,004430,송원산업,KOSPI,,19300,250,1.31,19100,19750,19050,165882,3222385850,463200000000,24000000
20190102,017550,수산중공업,KOSPI,,1610,-40,-2.42,1675,1680,1610,573526,941825380,86916112430,53985163
20190102,002200,수출포장,KOSPI,,19400,-50,-0.26,19500,19700,19150,5063,98193300,77600000000,4000000
20190102,053210,스카이라이프,KOSPI,,11600,100,0.87,11450,11650,11450,44520,516147400,554734805600,47821966
20190102,134790,시디즈,KOSPI,,38900,2800,7.76,35300,40750,35300,3265,126305450,77800000000,2000000
20190102,016590,신대양제지,KOSPI,,57500,-1800,-3.04,59500,60300,57200,28474,1653348900,231712465000,4029782
20190102,029530,신도리코,KOSPI,,46450,550,1.20,46050,46650,46000,1865,86330100,468217347050,10080029
20190102,004970,신라교역,KOSPI,,12750,-150,-1.16,12900,12900,12600,13252,168706700,204000000000,16000000
20190102,011930,신성이엔지,KOSPI,,985,-20,-1.99,1000,1005,978,514769,509873958,170398807305,172993713
20190102,005390,신성통상,KOSPI,,920,-5,-0.54,918,928,907,63703,58395660,132211718800,143708390
20190102,004170,신세계,KOSPI,,248000,-8000,-3.13,257500,258000,246000,72595,18069162500,2441604888000,9845181
20190102,035510,신세계 I&C,KOSPI,,108500,-4500,-3.98,114500,114500,108500,9735,1080632500,186620000000,1720000
20190102,034300,신세계건설,KOSPI,,23150,-800,-3.34,24000,24400,22950,2848,66804900,92600000000,4000000
20190102,031430,신세계인터내셔날,KOSPI,,178000,-16500,-8.48,196000,196000,178000,65304,11936502000,1270920000000,7140000
20190102,031440,신세계푸드,KOSPI,,81800,-3600,-4.22,85900,85900,81300,17236,1420756200,316768864000,3872480
20190102,006880,신송홀딩스,KOSPI,,4450,-10,-0.22,4380,4540,4380,8958,39567955,52638418100,11828858
20190102,005800,신영와코루,KOSPI,,131000,0,0.00,130000,131000,130000,78,10168000,117900000000,900000
20190102,001720,신영증권,KOSPI,,58300,-700,-1.19,59000,59000,58000,670,39088400,547217617100,9386237
20190102,001725,신영증권우,KOSPI,,53800,-200,-0.37,54000,54200,53500,797,42867800,379492449400,7053763
20190102,009270,신원,KOSPI,,1925,55,2.94,2100,2120,1905,3697294,7441197960,147720942600,76738152
20190102,009275,신원우,KOSPI,,56400,2100,3.87,61900,61900,55000,12665,734507100,5117736000,90740
20190102,002700,신일산업,KOSPI,,1290,-15,-1.15,1315,1315,1290,597846,779500825,91651302090,71047521
20190102,019170,신풍제약,KOSPI,,6260,-150,-2.34,6510,6520,6230,386770,2468386070,331686037400,52984990
20190102,019175,신풍제약우,KOSPI,,5790,-110,-1.86,6000,6000,5730,5041,29475760,12738000000,2200000
20190102,002870,신풍제지,KOSPI,,1300,-5,-0.38,1340,1360,1270,114264,149002135,45446310000,34958700
20190102,005450,신한,KOSPI,,3420,0,0.00,3450,3455,3380,7747,26502735,24018109380,7022839
20190102,293940,신한알파리츠,KOSPI,,5600,-20,-0.36,5620,5620,5570,26653,149264700,213394288800,38106123
20190102,055550,신한지주,KOSPI,,39400,-200,-0.51,40350,40350,39100,868545,34413670230,18683463727800,474199587
20190102,001770,신화실업,KOSPI,,20300,-50,-0.25,20350,20500,19800,1100,21983600,24662023400,1214878
20190102,004080,신흥,KOSPI,,10400,100,0.97,10350,10400,10300,337,3482600,99840000000,9600000
20190102,102280,쌍방울,KOSPI,,1010,-5,-0.49,1020,1030,1000,403467,407918770,130415455130,129124213
20190102,003410,쌍용양회,KOSPI,,6110,-180,-2.86,6330,6390,6010,1139998,7005743240,3078582125450,503859595
20190102,003415,쌍용양회우,KOSPI,,5270,-30,-0.57,5370,5370,5240,10085,53163020,8135219950,1543685
20190102,003620,쌍용차,KOSPI,,4050,90,2.27,3960,4060,3955,56446,226878845,558695053800,137949396
20190102,004770,써니전자,KOSPI,,2300,-20,-0.86,2350,2360,2280,351765,813507270,68945904000,29976480
20190102,004920,씨아이테크,KOSPI,,515,9,1.78,519,555,512,1064192,570063836,25344342740,49212316
20190102,112610,씨에스윈드,KOSPI,,27150,-450,-1.63,27400,27600,26850,27335,741316400,469307162250,17285715
20190102,008700,아남전자,KOSPI,,2820,230,8.88,2650,2830,2635,6564185,18030779260,217491992400,77124820
20190102,002790,아모레G,KOSPI,,67900,-4800,-6.60,72500,73900,67200,199818,13824674600,5598910422000,82458180
20190102,002795,아모레G우,KOSPI,,28700,-2000,-6.51,30700,30850,28300,10394,302005000,184936199000,6443770
20190102,090430,아모레퍼시픽,KOSPI,,193500,-16000,-7.64,208000,211000,192000,404377,80061362500,11311717815000,58458490
20190102,090435,아모레퍼시픽우,KOSPI,,99800,-2700,-2.63,103000,104000,98000,12451,1243787900,1053671434000,10557830
20190102,002030,아세아,KOSPI,,114500,1500,1.33,113000,115000,112000,665,76108000,250872248000,2191024
20190102,183190,아세아시멘트,KOSPI,,104500,1000,0.97,107000,108500,103500,17970,1913131500,407112040500,3895809
20190102,002310,아세아제지,KOSPI,,30150,-1250,-3.98,31950,31950,30050,35312,1086260500,270038535300,8956502
20190102,267850,아시아나IDT,KOSPI,,10900,-750,-6.44,11700,11850,10850,113858,1275280450,120990000000,11100000
20190102,020560,아시아나항공,KOSPI,,4090,-45,-1.09,4145,4165,4080,245975,1010592380,839412352460,205235294
20190102,122900,아이마켓코리아,KOSPI,,6690,-230,-3.32,6930,6960,6690,69103,468604300,240460944600,35943340
20190102,010780,아이에스동서,KOSPI,,29800,-850,-2.77,30650,30750,29400,54234,1614795100,919430455800,30853371
20190102,033660,아주캐피탈,KOSPI,,8320,-210,-2.46,8530,8560,8310,49383,414607910,478781804800,57545890
20190102,101140,아티스,KOSPI,,5120,220,4.49,5000,5260,5000,665840,3400986150,121043000320,23641211
20190102,001780,알루코,KOSPI,,2790,-5,-0.18,2830,2850,2775,95287,267486785,207922244580,74524102
20190102,002250,알보젠코리아,KOSPI,,28100,100,0.36,28000,28250,27800,1422,39814050,333207608200,11857922
20190102,018250,애경산업,KOSPI,,44450,-3150,-6.62,48300,48300,44350,266099,12100864750,1167529700750,26266135
20190102,161000,애경유화,KOSPI,,7840,-60,-0.76,7910,7940,7760,99879,781628300,251193600000,32040000
20190102,011090,에넥스,KOSPI,,1310,-65,-4.73,1380,1410,1280,1984246,2634719460,78589049710,59991641
20190102,005850,에스엘,KOSPI,,20200,250,1.25,19900,20450,19700,57048,1149582750,684074818000,33865090
20190102,012750,에스원,KOSPI,,103000,2500,2.49,100500,103500,100500,39820,4085321000,3913915334000,37999178
20190102,023960,에쓰씨엔지니어링,KOSPI,,1530,35,2.34,1500,1565,1500,22690,34647975,38275378110,25016587
20190102,298690,에어부산,KOSPI,,6060,-30,-0.49,6320,6550,5850,7727551,47524362830,315544200000,52070000
20190102,140910,에이리츠,KOSPI,,4950,-25,-0.50,4955,4955,4850,11713,57381710,18195749550,3675909
20190102,078520,에이블씨엔씨,KOSPI,,10450,-450,-4.13,11150,11150,10300,83637,889472650,282499646550,27033459
20190102,015260,에이엔피,KOSPI,,392,2,0.51,388,397,388,135420,53021917,32451668256,82784868
20190102,007460,에이프로젠 KIC,KOSPI,,7710,-90,-1.15,7750,7940,7470,268388,2056771340,383763600060,49774786
20190102,003060,에이프로젠제약,KOSPI,,2385,0,0.00,2400,2460,2365,175097,422311890,257299032690,107882194
20190102,036570,엔씨소프트,KOSPI,,467000,500,0.11,464500,472500,461000,83710,39010828500,10245523274000,21939022
20190102,138250,엔에스쇼핑,KOSPI,,12600,-200,-1.56,12700,12900,12600,9143,116284650,424569600000,33696000
20190102,085310,엔케이,KOSPI,,1835,150,8.90,1760,1880,1690,8164357,14607266630,146769450920,79983352
20190102,009810,엔케이물산,KOSPI,,652,14,2.19,639,666,639,548041,359003121,52967647396,81238723
20190102,900140,엘브이엠씨홀딩스,KOSPI,,2355,25,1.07,2340,2390,2320,89587,211135755,112732691340,47869508
20190102,014440,영보화학,KOSPI,,3705,-25,-0.67,3730,3730,3675,9213,34097045,74100000000,20000000
20190102,111770,영원무역,KOSPI,,37850,-500,-1.30,38100,38800,37200,73902,2788033450,1677189063800,44311468
20190102,009970,영원무역홀딩스,KOSPI,,62800,300,0.48,63700,63700,61300,585,36461000,856315177600,13635592
20190102,003520,영진약품,KOSPI,,5940,0,0.00,6010,6090,5900,356027,2132882300,1086382822140,182892731
20190102,000670,영풍,KOSPI,,736000,-9000,-1.21,739000,744000,727000,603,442051000,1355741440000,1842040
20190102,006740,영풍제지,KOSPI,,3255,-145,-4.26,3405,3405,3135,59692,194948910,72261000000,22200000
20190102,012280,영화금속,KOSPI,,1325,0,0.00,1345,1345,1310,176183,232657935,60222582950,45451006
20190102,012160,영흥철강,KOSPI,,1070,0,0.00,1095,1095,1055,90259,96786500,91834364630,85826509
20190102,015360,예스코홀딩스,KOSPI,,40300,350,0.88,39900,40300,39600,251,10002100,241800000000,6000000
20190102,007310,오뚜기,KOSPI,,716000,-8000,-1.10,717000,731000,708000,2520,1800689000,2581349692000,3605237
20190102,079440,오렌지라이프,KOSPI,,27400,-600,-2.14,28150,28300,27400,83370,2304153050,2246800000000,82000000
20190102,002630,오리엔트바이오,KOSPI,,564,-3,-0.53,575,588,557,784308,447640346,95053798656,168535104
20190102,271560,오리온,KOSPI,,111000,-9000,-7.50,118000,118500,110000,172930,19443544500,4388269671000,39533961
20190102,001800,오리온홀딩스,KOSPI,,16650,-450,-2.63,17000,17200,16550,34394,575518100,1043027478450,62644293
20190102,070960,용평리조트,KOSPI,,5920,-170,-2.79,6170,6200,5900,140391,848432550,284949331360,48133333
20190102,004720,우리들제약,KOSPI,,7350,-50,-0.68,7430,7500,7340,63456,469876150,85041881400,11570324
20190102,118000,우리들휴브레인,KOSPI,,2135,-10,-0.47,2190,2190,2100,37519,80170635,51876270565,24298019
20190102,000030,우리은행,KOSPI,,15400,-200,-1.28,15550,15750,15200,2040631,31611412500,10410400000000,676000000
20190102,010050,우리종금,KOSPI,,752,-4,-0.53,756,771,745,1930648,1464499547,507000961312,674203406
20190102,006980,우성사료,KOSPI,,2380,-25,-1.04,2460,2460,2375,42149,101055885,73542000000,30900000
20190102,017370,우신시스템,KOSPI,,7250,590,8.86,6760,7250,6430,91333,626508080,132776891500,18314054
20190102,105840,우진,KOSPI,,4795,15,0.31,4800,4880,4650,39383,186783420,84119293965,17543127
20190102,010400,우진아이엔에스,KOSPI,,9880,-70,-0.70,10000,10150,9720,82309,816028830,75305360000,7622000
20190102,049800,우진플라임,KOSPI,,5510,290,5.56,5300,5510,5200,44816,241274630,55100000000,10000000
20190102,016880,웅진,KOSPI,,2120,5,0.24,2120,2170,2105,178991,383155760,154075678840,72677207
20190102,095720,웅진씽크빅,KOSPI,,2635,-60,-2.23,2710,2720,2620,390186,1044044355,91226769775,34621165
20190102,103130,웅진에너지,KOSPI,,1565,40,2.62,1520,1580,1520,166010,258712280,46481183905,29700437
20190102,005820,원림,KOSPI,,17800,-850,-4.56,18550,18700,17800,4984,90406400,39160000000,2200000
20190102,010600,웰바이오텍,KOSPI,,5800,780,15.54,5250,5940,5250,1307884,7391139580,167427614000,28866830
20190102,008600,윌비스,KOSPI,,1310,-5,-0.38,1330,1340,1275,636746,831083250,74670000000,57000000
20190102,033270,유나이티드제약,KOSPI,,23050,100,0.44,23100,23350,22950,23442,540129550,373578772100,16207322
20190102,014830,유니드,KOSPI,,41800,-200,-0.48,41700,42500,41500,6738,281442800,371595437400,8889843
20190102,000910,유니온,KOSPI,,3750,-65,-1.70,3840,3855,3750,36568,138944370,58543571250,15611619
20190102,047400,유니온머티리얼,KOSPI,,1765,-50,-2.75,1810,1815,1745,160005,284336495,74130000000,42000000
20190102,011330,유니켐,KOSPI,,1495,0,0.00,1495,1515,1475,138105,206403950,89132574245,59620451
20190102,077500,유니퀘스트,KOSPI,,6230,-150,-2.35,6490,6490,6230,76721,486570830,169397761960,27190652
20190102,002920,유성기업,KOSPI,,2830,-80,-2.75,2890,2900,2790,7344,20751790,73431425000,25947500
20190102,000700,유수홀딩스,KOSPI,,6370,-80,-1.24,6500,6500,6270,30976,196872580,165886342440,26041812
20190102,003470,유안타증권,KOSPI,,3070,-70,-2.23,3140,3175,3045,152294,470441475,612761488320,199596576
20190102,003475,유안타증권우,KOSPI,,2150,-30,-1.38,2180,2180,2140,5297,11389835,27761255800,12912212
20190102,011690,유양디앤유,KOSPI,,8240,970,13.34,7600,8400,7530,1540192,12486805730,465985200480,56551602
20190102,072130,유엔젤,KOSPI,,4300,-75,-1.71,4520,4620,4300,261503,1162258540,56740452200,13195454
20190102,000220,유유제약,KOSPI,,10250,-250,-2.38,10500,10800,10250,64802,682503350,65278016750,6368587
20190102,000225,유유제약1우,KOSPI,,6930,-40,-0.57,6950,6980,6770,2339,15986700,7854912450,1133465
20190102,000227,유유제약2우B,KOSPI,,16900,-350,-2.03,17350,17350,16900,51,866850,2772952000,164080
20190102,001200,유진투자증권,KOSPI,,2330,-45,-1.89,2405,2410,2310,160373,375203165,225698753940,96866418
20190102,000100,유한양행,KOSPI,,209000,4500,2.20,206000,212000,205500,60830,12717667500,2551754986000,12209354
20190102,000105,유한양행우,KOSPI,,194000,3000,1.57,193000,217000,193000,378,75898000,45820472000,236188
20190102,003460,유화증권,KOSPI,,13500,100,0.75,13250,13550,13250,197,2650700,153096520500,11340483
20190102,003465,유화증권우,KOSPI,,12900,-300,-2.27,13150,13400,12900,5424,70158450,45089176500,3495285
20190102,008730,율촌화학,KOSPI,,12500,-400,-3.10,12900,12900,12500,16634,211038850,310000000000,24800000
20190102,008250,이건산업,KOSPI,,9860,-390,-3.80,10450,10450,9860,118390,1194211130,105657472480,10715768
20190102,025820,이구산업,KOSPI,,1845,-60,-3.15,1920,1925,1845,87018,163533765,61700490000,33442000
20190102,214320,이노션,KOSPI,,61900,-1400,-2.21,62600,63300,61000,21067,1297498700,1238000000000,20000000
20190102,088260,이리츠코크렙,KOSPI,,4825,-25,-0.52,4880,4880,4810,33972,164006655,305623171750,63341590
20190102,139480,이마트,KOSPI,,180000,-2500,-1.37,182000,185000,179000,68572,12418778500,5017647420000,27875819
20190102,007660,이수페타시스,KOSPI,,6860,350,5.38,6580,6900,6450,2393405,16211374820,283101210280,41268398
20190102,005950,이수화학,KOSPI,,9410,-590,-5.90,9860,9860,9360,161205,1545954870,143765980000,15278000
20190102,015020,이스타코,KOSPI,,626,1,0.16,629,629,620,20584,12805803,26825101600,42851600
20190102,093230,이아이디,KOSPI,,193,-1,-0.52,194,198,193,378952,73868724,46742418328,242188696
20190102,102460,이연제약,KOSPI,,14150,250,1.80,14000,14400,14000,26413,376401050,237295500000,16770000
20190102,084680,이월드,KOSPI,,2500,10,0.40,2515,2530,2415,925126,2282733800,226274742500,90509897
20190102,000760,이화산업,KOSPI,,19200,250,1.32,19450,19450,19000,401,7680900,53760000000,2800000
20190102,014990,인디에프,KOSPI,,2460,190,8.37,2690,2690,2410,4001840,10199152900,144975167700,58932995
20190102,006490,인스코비,KOSPI,,5160,190,3.82,5040,5230,4990,1570734,8026687165,462973074240,89723464
20190102,023800,인지컨트롤스,KOSPI,,6960,230,3.42,6970,7130,6710,1188747,8242543540,105514490880,15160128
20190102,034590,인천도시가스,KOSPI,,29400,-100,-0.34,29500,29600,29300,1271,37419700,128617767600,4374754
20190102,129260,인터지스,KOSPI,,2295,-15,-0.65,2310,2335,2255,23441,53473660,68271370830,29747874
20190102,023810,인팩,KOSPI,,3025,-90,-2.89,3115,3145,3025,33761,102925235,30250000000,10000000
20190102,249420,일동제약,KOSPI,,20350,-100,-0.49,20700,20800,20350,19382,396716700,439385254550,21591413
20190102,000230,일동홀딩스,KOSPI,,12800,-350,-2.66,13200,13200,12800,5064,65617050,134275788800,10490296
20190102,013360,일성건설,KOSPI,,1375,-35,-2.48,1455,1465,1365,343318,485794990,74284210000,54024880
20190102,003120,일성신약,KOSPI,,95400,-200,-0.21,94600,97700,94600,74,7131400,253764000000,2660000
20190102,003200,일신방직,KOSPI,,96200,200,0.21,95300,96200,95300,362,34644300,230880000000,2400000
20190102,007110,일신석재,KOSPI,,2145,-140,-6.13,2380,2440,2110,4292851,9736642935,166144428450,77456610
20190102,007570,일양약품,KOSPI,,27200,-300,-1.09,27700,28250,27000,61393,1685294050,518050764800,19045984
20190102,007575,일양약품우,KOSPI,,18450,100,0.54,18500,20100,18000,680,12914600,8211726000,445080
20190102,008500,일정실업,KOSPI,,18900,-350,-1.82,19100,19100,18900,93,1770200,22680000000,1200000
20190102,081000,일진다이아,KOSPI,,28950,800,2.84,29000,30200,27750,1381430,39983199100,326497376250,11277975
20190102,020760,일진디스플,KOSPI,,3265,25,0.77,3225,3280,3225,34834,113403780,92446646600,28314440
20190102,020150,일진머티리얼즈,KOSPI,,39400,-1600,-3.90,41300,41400,39050,401371,16016223850,1816766899000,46110835
20190102,103590,일진전기,KOSPI,,2965,-35,-1.17,3020,3050,2955,36034,107596100,109943356350,37080390
20190102,015860,일진홀딩스,KOSPI,,3035,5,0.17,3040,3080,3005,94158,285871815,149769610905,49347483
20190102,226320,잇츠한불,KOSPI,,25150,-1700,-6.33,27200,27350,25150,56389,1466769450,551522272250,21929315
20190102,033240,자화전자,KOSPI,,11600,-200,-1.69,11950,12200,11600,67842,809796850,207640000000,17900000
20190102,000950,전방,KOSPI,,16950,-200,-1.17,17300,17600,16900,702,12025800,28476000000,1680000
20190102,194370,제이에스코퍼레이션,KOSPI,,10950,-50,-0.45,11050,11300,10850,7737,84808600,146024830950,13335601
20190102,025620,제이준코스메틱,KOSPI,,10650,-250,-2.29,11050,11100,10300,358036,3818707400,282463879500,26522430
20190102,030000,제일기획,KOSPI,,22300,-200,-0.89,22500,22650,21850,222673,4926400100,2565419317500,115041225
20190102,271980,제일약품,KOSPI,,44400,-2200,-4.72,47450,47450,44100,94106,4279591200,652896316800,14704872
20190102,001560,제일연마,KOSPI,,6210,0,0.00,6210,6210,6170,266,1647820,62100000000,10000000
20190102,002620,제일파마홀딩스,KOSPI,,25250,-550,-2.13,26000,26450,25000,9404,238774400,403327213750,15973355
20190102,006220,제주은행,KOSPI,,4660,5,0.11,4685,4695,4640,14976,69912590,149720086840,32128774
20190102,089590,제주항공,KOSPI,,33850,300,0.89,33600,33950,33250,66290,2222895050,892176258300,26356758
20190102,004910,조광페인트,KOSPI,,6340,-190,-2.91,6500,6600,6340,10559,67955100,81152000000,12800000
20190102,004700,조광피혁,KOSPI,,35450,1000,2.90,34800,35550,34800,2001,70438600,235711942100,6649138
20190102,001550,조비,KOSPI,,22400,-800,-3.45,24000,24000,22100,67713,1540982950,116306153600,5192239
20190102,000480,조선내화,KOSPI,,84200,700,0.84,83000,84300,83000,1422,119395200,336800000000,4000000
20190102,120030,조선선재,KOSPI,,78100,-900,-1.14,78700,79300,76900,1943,151114200,98222543100,1257651
20190102,018470,조일알미늄,KOSPI,,897,6,0.67,891,899,881,84716,75667070,62431200000,69600000
20190102,002600,조흥,KOSPI,,179500,-3000,-1.64,181000,181000,179500,12,2169500,107700000000,600000
20190102,185750,종근당,KOSPI,,100000,-2000,-1.96,102000,102500,99100,26508,2662448300,987923600000,9879236
20190102,063160,종근당바이오,KOSPI,,20600,-150,-0.72,20750,21050,20550,11533,240135100,107727473400,5229489
20190102,001630,종근당홀딩스,KOSPI,,60100,-2400,-3.84,62400,62700,59800,6272,379578700,301092646100,5009861
20190102,044380,주연테크,KOSPI,,420,19,4.74,433,437,406,2844136,1195273429,41484773400,98773270
20190102,013870,지엠비코리아,KOSPI,,8710,430,5.19,8640,9060,8280,1994471,17337827160,166119558800,19072280
20190102,071320,지역난방공사,KOSPI,,56000,-1000,-1.75,56600,57200,55600,5206,292842300,648409664000,11578744
20190102,010580,지코,KOSPI,,673,-7,-1.03,679,700,670,273596,184887446,34000911622,50521414
20190102,035000,지투알,KOSPI,,7370,-160,-2.12,7660,7660,7210,4114,30289060,122101804330,16567409
20190102,088790,진도,KOSPI,,4860,-15,-0.31,4875,4915,4835,6405,31121055,60496035840,12447744
20190102,003780,진양산업,KOSPI,,5450,210,4.01,5240,5470,5150,1593402,8493073120,70850000000,13000000
20190102,010640,진양폴리,KOSPI,,2345,100,4.45,2260,2345,2225,143232,327311545,23450000000,10000000
20190102,100250,진양홀딩스,KOSPI,,2680,-15,-0.56,2685,2710,2640,117131,313414500,149799382560,55895292
20190102,051630,진양화학,KOSPI,,6900,600,9.52,6260,6900,6120,1013212,6571719860,82800000000,12000000
20190102,272450,진에어,KOSPI,,19000,-250,-1.30,19350,19400,18850,43086,821439250,570000000000,30000000
20190102,011000,진원생명과학,KOSPI,,4305,-35,-0.81,4330,4450,4260,65204,282038190,91154341215,21174063
20190102,002780,진흥기업,KOSPI,,2045,-20,-0.97,2055,2130,1900,118871,243484640,297489718525,145471745
20190102,002787,진흥기업2우B,KOSPI,,10600,250,2.42,10450,10600,9650,29353,296092960,3124964800,294808
20190102,002785,진흥기업우B,KOSPI,,4780,80,1.70,4855,4990,4560,60745,286502815,4097502040,857218
20190102,009310,참엔지니어링,KOSPI,,1615,0,0.00,1615,1615,1540,142791,224540280,79441782170,49189958
20190102,000650,천일고속,KOSPI,,77800,-1600,-2.02,79900,79900,77500,1639,128367800,111193316000,1429220
20190102,012600,청호컴넷,KOSPI,,2830,60,2.17,2775,2905,2755,10928,30602400,23705076160,8376352
20190102,033250,체시스,KOSPI,,860,-22,-2.49,882,889,851,98354,85392819,20640000000,24000000
20190102,035720,카카오,KOSPI,,102000,-1000,-0.97,103500,105000,101500,173462,17849866000,8505552846000,83387773
20190102,006380,카프로,KOSPI,,4380,45,1.04,4435,4450,4310,91768,399632680,175200000000,40000000
20190102,109070,컨버즈,KOSPI,,4925,25,0.51,4830,5100,4750,103911,515345430,58957362150,11971038
20190102,029460,케이씨,KOSPI,,11700,-50,-0.43,11800,12000,11650,48490,572189250,158582314800,13554044
20190102,281820,케이씨텍,KOSPI,,9470,-20,-0.21,9570,9570,9420,32460,307679490,187878549800,19839340
20190102,145270,케이탑리츠,KOSPI,,1180,30,2.61,1160,1185,1145,891671,1034377150,52170954140,44212673
20190102,058860,케이티스,KOSPI,,2440,-5,-0.20,2495,2495,2420,63620,155893905,84916880000,34802000
20190102,007815,코리아써우,KOSPI,,2660,-20,-0.75,2675,2675,2660,143,381540,7886075400,2964690
20190102,007810,코리아써키트,KOSPI,,5120,10,0.20,5170,5190,5020,21391,108922730,120938245120,23620751
20190102,00781K,코리아써키트2우B,KOSPI,,4095,-95,-2.27,4090,4095,4085,26,106345,3209247405,783699
20190102,152330,코리아오토글라스,KOSPI,,12200,-400,-3.17,12450,12650,12150,18986,234504000,244000000000,20000000
20190102,003690,코리안리,KOSPI,,8560,-100,-1.15,8610,8750,8550,107917,929993520,1030359632960,120369116
20190102,192820,코스맥스,KOSPI,,125000,-5000,-3.85,132500,133500,123000,89037,11242806500,1256188625000,10049509
20190102,044820,코스맥스비티아이,KOSPI,,19500,-50,-0.26,19750,19850,19150,17130,332011600,187276459500,9603921
20190102,005070,코스모신소재,KOSPI,,16550,-800,-4.61,17550,17650,16450,231193,3910207800,326828820750,19747965
20190102,005420,코스모화학,KOSPI,,11800,-300,-2.48,12400,12550,11700,180057,2182865600,186917876400,15840498
20190102,071950,코아스,KOSPI,,1320,-30,-2.22,1400,1420,1310,194328,265831055,40797517200,30907210
20190102,002020,코오롱,KOSPI,,30450,-450,-1.46,30950,31250,30400,12867,395060300,384474671700,12626426
20190102,003070,코오롱글로벌,KOSPI,,7120,-10,-0.14,7150,7150,6990,7821,55175490,179498318560,25210438
20190102,003075,코오롱글로벌우,KOSPI,,15400,400,2.67,15000,15400,14800,2609,39290650,4817166200,312803
20190102,144620,코오롱머티리얼,KOSPI,,3180,180,6.00,3050,3275,2970,1881379,5918285785,143100000000,45000000
20190102,002025,코오롱우,KOSPI,,17900,900,5.29,17000,17900,16200,627,10697100,19267381000,1076390
20190102,120110,코오롱인더,KOSPI,,56600,-700,-1.22,57500,58300,55900,142360,8097352800,1527002344000,26978840
20190102,120115,코오롱인더우,KOSPI,,24600,-400,-1.60,25000,25150,24500,1284,31783200,68089356000,2767860
20190102,138490,코오롱플라스틱,KOSPI,,5700,90,1.60,5650,5830,5650,42602,244856110,216600000000,38000000
20190102,021240,코웨이,KOSPI,,74400,300,0.40,74500,76400,73200,140702,10528247200,5490691653600,73799619
20190102,031820,콤텍시스템,KOSPI,,1425,-20,-1.38,1470,1475,1410,560162,807045210,68188339050,47851466
20190102,192400,쿠쿠홀딩스,KOSPI,,118000,-500,-0.42,119500,121000,117000,4363,518114500,839267566000,7112437
20190102,284740,쿠쿠홈시스,KOSPI,,168000,-9500,-5.35,175500,175500,168000,1910,326386500,753894288000,4487466
20190102,015590,큐로,KOSPI,,510,-3,-0.58,524,524,506,180542,92229417,63613649460,124732646
20190102,264900,크라운제과,KOSPI,,9430,130,1.40,9360,9520,9290,8306,77928050,118099905500,12523850
20190102,26490K,크라운제과우,KOSPI,,7660,60,0.79,7600,7790,7500,279,2118440,5925469600,773560
20190102,005740,크라운해태홀딩스,KOSPI,,10900,-400,-3.54,11400,11450,10750,21432,234532700,161836082300,14847347
20190102,005745,크라운해태홀딩스우,KOSPI,,11500,-100,-0.86,11750,11750,11250,3948,45118700,6908349000,600726
20190102,020120,키다리스튜디오,KOSPI,,2295,50,2.23,2255,2375,2255,18753,42703915,36335699955,15832549
20190102,039490,키움증권,KOSPI,,74600,-3600,-4.60,78900,79000,73700,86300,6512032500,1648640604000,22099740
20190102,012170,키위미디어그룹,KOSPI,,425,15,3.66,410,439,409,1241283,526841983,83845976250,197284650
20190102,015890,태경산업,KOSPI,,5480,-100,-1.79,5580,5600,5480,23963,131906610,160173550000,29228750
20190102,006890,태경화학,KOSPI,,4680,40,0.86,4650,4730,4650,41931,196604285,54288000000,11600000
20190102,003240,태광산업,KOSPI,,1334000,14000,1.06,1321000,1343000,1302000,719,948741000,1485275600000,1113400
20190102,011280,태림포장,KOSPI,,3950,-25,-0.63,3980,4050,3925,356855,1412683020,279683463000,70805940
20190102,004100,태양금속,KOSPI,,1315,-35,-2.59,1350,1350,1300,800022,1054275865,48260500000,36700000
20190102,004105,태양금속우,KOSPI,,3155,-20,-0.63,3225,3225,3135,26351,83274185,10411500000,3300000
20190102,009410,태영건설,KOSPI,,10800,-550,-4.85,11400,11450,10800,335441,3714147450,825120000000,76400000
20190102,009415,태영건설우,KOSPI,,5250,-140,-2.60,5410,5440,5220,5227,27824980,13426770000,2557480
20190102,001420,태원물산,KOSPI,,5160,-50,-0.96,5290,5290,5100,49052,255059200,39216000000,7600000
20190102,007980,태평양물산,KOSPI,,2585,20,0.78,2615,2620,2510,68653,176191380,129021853070,49911742
20190102,055490,테이팩스,KOSPI,,20550,-500,-2.38,21100,21450,20250,9664,198979750,96947707500,4717650
20190102,078000,텔코웨어,KOSPI,,13300,550,4.31,12900,13300,12750,59725,783233700,129045989800,9702706
20190102,214420,토니모리,KOSPI,,10700,-550,-4.89,11600,11650,10550,95924,1045779400,188748000000,17640000
20190102,140890,트러스제7호,KOSPI,,2995,-170,-5.37,3000,3000,2940,276,824995,29009570000,9686000
20190102,019180,티에이치엔,KOSPI,,2375,-10,-0.42,2395,2410,2300,81815,192558185,42750000000,18000000
20190102,091810,티웨이항공,KOSPI,,7360,-120,-1.60,7480,7560,7350,59471,442657080,345734616320,46974812
20190102,004870,티웨이홀딩스,KOSPI,,2350,-30,-1.26,2400,2410,2315,252565,595079585,177277123900,75437074
20190102,005690,파미셀,KOSPI,,12800,600,4.92,12500,13250,12400,896824,11474873000,767474560000,59958950
20190102,036580,팜스코,KOSPI,,7530,-250,-3.21,7710,7750,7470,43992,332737100,276561410790,36727943
20190102,028670,팬오션,KOSPI,,4445,0,0.00,4445,4500,4390,702083,3129711555,2376160125115,534569207
20190102,010820,퍼스텍,KOSPI,,2775,5,0.18,2830,2830,2725,252472,701854875,129772431000,46764840
20190102,016800,퍼시스,KOSPI,,30300,-400,-1.30,30700,30800,30300,316,9616450,348450000000,11500000
20190102,001020,페이퍼코리아,KOSPI,,920,-15,-1.60,936,963,919,159771,150136841,49879608720,54216966
20190102,090080,평화산업,KOSPI,,2565,100,4.06,2525,2595,2425,3615430,9156823110,95940859860,37403844
20190102,010770,평화홀딩스,KOSPI,,6480,280,4.52,6300,6920,6050,2053758,13501020710,94773019680,14625466
20190102,058430,포스코강판,KOSPI,,20500,-200,-0.97,20700,21000,20350,2731,56354500,123000000000,6000000
20190102,047050,포스코대우,KOSPI,,17600,-600,-3.30,18100,18200,17500,175086,3112427250,2171402622400,123375149
20190102,007630,폴루스바이오팜,KOSPI,,6260,250,4.16,6400,6440,6020,1015894,6364866350,203828492120,32560462
20190102,017810,풀무원,KOSPI,,78000,-1600,-2.01,79700,80600,77500,4954,387925400,297109410000,3809095
20190102,103140,풍산,KOSPI,,26550,-800,-2.93,27300,27700,26200,80229,2164787000,744044580900,28024278
20190102,005810,풍산홀딩스,KOSPI,,36000,-750,-2.04,36750,36750,36000,1769,64100850,282066012000,7835167
20190102,033180,필룩스,KOSPI,,12000,-200,-1.64,12350,12550,12000,1058128,12966098350,645922740000,53826895
20190102,086790,하나금융지주,KOSPI,,36150,-100,-0.28,36450,36700,36000,567892,20614432100,10853750541300,300242062
20190102,099340,하나니켈1호,KOSPI,,1035,0,0.00,1035,1035,1025,6472,6691850,23552667000,22756200
20190102,099350,하나니켈2호,KOSPI,,1415,-10,-0.70,1430,1435,1370,5064,7099945,4646860000,3284000
20190102,293480,하나제약,KOSPI,,22200,-300,-1.33,22850,23700,22050,109789,2511094450,359640000000,16200000
20190102,039130,하나투어,KOSPI,,69200,400,0.58,68900,69900,68300,99973,6907688700,803840002000,11616185
20190102,172580,하이골드12호,KOSPI,,2760,-20,-0.72,2780,2785,2750,27012,74587190,36002820000,13044500
20190102,153360,하이골드3호,KOSPI,,1850,5,0.27,1845,1850,1830,645,1181360,29877111500,16149790
20190102,159650,하이골드8호,KOSPI,,1145,5,0.44,1140,1150,1140,8062,9264985,17067288705,14905929
20190102,071090,하이스틸,KOSPI,,26000,-900,-3.35,27050,27200,25700,10794,284801850,51998544000,1999944
20190102,019490,하이트론,KOSPI,,3610,-10,-0.28,3655,3700,3610,479,1744085,19965953350,5530735
20190102,000080,하이트진로,KOSPI,,16300,-300,-1.81,16550,16600,16100,161513,2628536500,1143177859300,70133611
20190102,000087,하이트진로2우B,KOSPI,,14500,0,0.00,14500,14500,14250,63,909250,16387001000,1130138
20190102,000140,하이트진로홀딩스,KOSPI,,7030,20,0.29,7010,7200,6910,3753,26328100,163143557950,23206765
20190102,000145,하이트진로홀딩스우,KOSPI,,7640,-60,-0.78,7700,7760,7630,44,337590,3596988400,470810
20190102,152550,한국ANKOR유전,KOSPI,,1745,0,0.00,1745,1755,1745,12024,20982255,122184900000,70020000
20190102,036460,한국가스공사,KOSPI,,46350,-1850,-3.84,48250,48250,46150,243327,11392383950,4278707550000,92313000
20190102,005430,한국공항,KOSPI,,42250,-450,-1.05,42700,42950,42000,2933,125515450,133778498750,3166355
20190102,071050,한국금융지주,KOSPI,,56900,-2600,-4.37,59600,59700,56400,215914,12370401800,3170808944800,55725992
20190102,071055,한국금융지주우,KOSPI,,34200,-750,-2.15,34900,35050,33950,4083,140948600,200352184200,5858251
20190102,010040,한국내화,KOSPI,,5190,-330,-5.98,5630,5630,5160,927869,4973005580,118662250080,22863632
20190102,025540,한국단자,KOSPI,,40450,-150,-0.37,40550,41100,39350,8113,324732350,421286750000,10415000
20190102,004090,한국석유,KOSPI,,128500,-6000,-4.46,136000,136000,128500,6390,834567500,84193200000,655200
20190102,002960,한국쉘석유,KOSPI,,337000,500,0.15,336500,337000,332000,1977,661841500,438100000000,1300000
20190102,123890,한국자산신탁,KOSPI,,4330,-70,-1.59,4400,4400,4310,60050,260863205,444863719370,102739889
20190102,015760,한국전력,KOSPI,,34050,950,2.87,33150,34300,33150,1503315,51171936050,21858876821850,641964077
20190102,006200,한국전자홀딩스,KOSPI,,818,8,0.99,815,833,802,51172,41621892,38284965248,46803136
20190102,002300,한국제지,KOSPI,,16500,200,1.23,16350,16650,16200,4244,69306400,82581658500,5004949
20190102,023350,한국종합기술,KOSPI,,5270,-230,-4.18,5640,5640,5210,272498,1458321750,57706500000,10950000
20190102,025890,한국주강,KOSPI,,1595,0,0.00,1605,1610,1580,7271,11561935,18038268105,11309259
20190102,000970,한국주철관,KOSPI,,9750,-50,-0.51,10000,10000,9510,61737,599352510,222304875000,22800500
20190102,104700,한국철강,KOSPI,,5410,-110,-1.99,5530,5550,5400,12835,69901990,249130500000,46050000
20190102,017960,한국카본,KOSPI,,6820,-220,-3.13,7100,7110,6750,339091,2337543760,299812362740,43960757
20190102,161890,한국콜마,KOSPI,,70000,-500,-0.71,71400,72600,69800,123832,8826158900,1564268860000,22346698
20190102,024720,한국콜마홀딩스,KOSPI,,29500,-50,-0.17,29600,30600,29400,87079,2615873650,529199497000,17938966
20190102,161390,한국타이어,KOSPI,,40750,600,1.49,40000,40950,40000,189544,7707908100,5047909061750,123875069
20190102,000240,한국타이어월드와이드,KOSPI,,16850,250,1.51,16600,17100,16550,43918,737601800,1567389915050,93020173
20190102,034830,한국토지신탁,KOSPI,,2565,-135,-5.00,2700,2720,2565,396106,1038569670,647634874950,252489230
20190102,007280,한국특수형강,KOSPI,,2395,-105,-4.20,2500,2500,2395,48469,117974330,43160002810,18020878
20190102,168490,한국패러랠,KOSPI,,2460,-40,-1.60,2500,2500,2455,10731,26462535,196849200000,80020000
20190102,010100,한국프랜지,KOSPI,,1385,25,1.84,1385,1390,1350,35221,48314210,42173831700,30450420
20190102,047810,한국항공우주,KOSPI,,32500,600,1.88,31950,32750,31900,656857,21284964900,3167940977500,97475107
20190102,123690,한국화장품,KOSPI,,10400,-350,-3.26,10800,11100,10400,68249,725180400,167107200000,16068000
20190102,003350,한국화장품제조,KOSPI,,34600,-1100,-3.08,36200,36350,34550,20357,715921700,156807200000,4532000
20190102,011500,한농화성,KOSPI,,3990,-15,-0.37,4010,4100,3985,12812,51271925,62391797580,15637042
20190102,002390,한독,KOSPI,,32250,1550,5.05,31100,32800,31000,293771,9404902900,443873939250,13763533
20190102,014790,한라,KOSPI,,4175,-135,-3.13,4360,4390,4100,116297,490825870,162302882850,38874942
20190102,060980,한라홀딩스,KOSPI,,44350,600,1.37,42650,44400,42650,15532,682299350,479099345850,10802691
20190102,053690,한미글로벌,KOSPI,,9420,-100,-1.05,9570,9880,9380,113226,1086870480,103220121000,10957550
20190102,042700,한미반도체,KOSPI,,7510,-270,-3.47,7790,7820,7450,181811,1378301140,429751413900,57223890
20190102,008930,한미사이언스,KOSPI,,78100,-900,-1.14,79400,80000,77400,33686,2646226200,4959292752700,63499267
20190102,128940,한미약품,KOSPI,,450500,-13500,-2.91,462500,469000,449000,38389,17525794500,5129253795500,11385691
20190102,009240,한샘,KOSPI,,67700,300,0.45,68000,68200,66800,108907,7370084500,1593246925600,23533928
20190102,020000,한섬,KOSPI,,36300,50,0.14,35900,36850,35650,27964,1009605250,894069000000,24630000
20190102,003680,한성기업,KOSPI,,5760,-50,-0.86,5750,5810,5690,12542,71849300,34179096960,5933871
20190102,105630,한세실업,KOSPI,,19700,-150,-0.76,19600,20300,19350,107103,2119019200,788000000000,40000000
20190102,069640,한세엠케이,KOSPI,,7690,-10,-0.13,7780,7780,7590,4145,31826930,99272686180,12909322
20190102,016450,한세예스24홀딩스,KOSPI,,7700,-310,-3.87,8100,8110,7700,52339,408602260,308000000000,40000000
20190102,010420,한솔PNS,KOSPI,,1360,5,0.37,1385,1385,1345,24579,33470930,27870496320,20493012
20190102,009180,한솔로지스틱스,KOSPI,,1285,-40,-3.02,1330,1355,1280,289153,379337660,35308491125,27477425
20190102,213500,한솔제지,KOSPI,,16850,250,1.51,16600,16850,16550,35993,601535450,401039705600,23800576
20190102,014680,한솔케미칼,KOSPI,,76300,-1200,-1.55,76400,77800,75100,19981,1520885200,861823378500,11295195
20190102,004710,한솔테크닉스,KOSPI,,6090,-130,-2.09,6280,6280,6060,44725,273958320,134649157020,22109878
20190102,004150,한솔홀딩스,KOSPI,,4995,-5,-0.10,5000,5040,4930,28333,141772000,231567555645,46359871
20190102,025750,한솔홈데코,KOSPI,,1330,-40,-2.92,1390,1395,1330,646386,882507345,107151648170,80565149
20190102,004960,한신공영,KOSPI,,16850,50,0.30,16850,17200,16650,41013,693416900,194966328700,11570702
20190102,011700,한신기계,KOSPI,,2105,-30,-1.41,2175,2175,2085,66383,140007750,68299147855,32446151
20190102,001750,한양증권,KOSPI,,6730,-100,-1.46,6800,6800,6650,6116,41001360,85663033820,12728534
20190102,001755,한양증권우,KOSPI,,8020,-180,-2.20,8040,8180,8020,139,1117260,4210500000,525000
20190102,018880,한온시스템,KOSPI,,10500,-300,-2.78,10800,10900,10400,631039,6689484000,5604900000000,533800000
20190102,009420,한올바이오파마,KOSPI,,34950,-1250,-3.45,36400,36550,34450,695239,24600554200,1825810298100,52240638
20190102,014130,한익스프레스,KOSPI,,4280,-65,-1.50,4445,4445,4190,14172,59910860,51360000000,12000000
20190102,300720,한일시멘트,KOSPI,,120000,2500,2.13,117500,120000,117500,3294,393833000,497396400000,4144970
20190102,002220,한일철강,KOSPI,,18800,-400,-2.08,19100,19200,18800,1562,29595850,41965980400,2232233
20190102,006390,한일현대시멘트,KOSPI,,41700,-450,-1.07,43000,43400,41450,39433,1667598600,698831284800,16758544
20190102,003300,한일홀딩스,KOSPI,,54700,2600,4.99,52100,54700,51900,6890,368586800,327972666800,5995844
20190102,051600,한전KPS,KOSPI,,32400,-800,-2.41,32900,33500,32150,156843,5120430400,1458000000000,45000000
20190102,052690,한전기술,KOSPI,,20750,-150,-0.72,20850,21100,20650,53344,1113276350,793065000000,38220000
20190102,130660,한전산업,KOSPI,,3500,-55,-1.55,3555,3555,3475,73310,256727095,114100000000,32600000
20190102,002320,한진,KOSPI,,53900,100,0.19,53500,54100,52300,165098,8777980900,645433958400,11974656
20190102,097230,한진중공업,KOSPI,,1590,-65,-3.93,1660,1670,1580,488680,787890005,168623487720,106052508
20190102,003480,한진중공업홀딩스,KOSPI,,2915,-15,-0.51,2930,2985,2860,9469,27641175,86079401980,29529812
20190102,180640,한진칼,KOSPI,,29350,-450,-1.51,29800,30050,28850,885973,26074439200,1736652942300,59170458
20190102,18064K,한진칼우,KOSPI,,19800,-1100,-5.26,20700,20700,19600,38060,761337500,10627966800,536766
20190102,005110,한창,KOSPI,,1830,15,0.83,1845,1870,1810,767801,1414619060,63059217870,34458589
20190102,009460,한창제지,KOSPI,,3200,230,7.74,3055,3230,2975,6046436,18798744785,190935955200,59667486
20190102,000880,한화,KOSPI,,31000,-350,-1.12,31450,31750,30800,118196,3682499500,2323720785000,74958735
20190102,00088K,한화3우B,KOSPI,,14400,-100,-0.69,14500,14500,14100,22358,319887800,323596800000,22472000
20190102,027390,한화갤러리아타임월드,KOSPI,,28000,-800,-2.78,28800,29100,27850,10085,286956050,168003668000,6000131
20190102,088350,한화생명,KOSPI,,4215,-5,-0.12,4220,4255,4190,714353,3007142575,3660853950000,868530000
20190102,000370,한화손해보험,KOSPI,,5890,-20,-0.34,5870,5900,5780,140859,822680020,687592209350,116738915
20190102,012450,한화에어로스페이스,KOSPI,,32950,450,1.38,32400,33100,32400,140721,4622616600,1714718000000,52040000
20190102,000885,한화우,KOSPI,,19650,-600,-2.96,20250,20450,19100,5215,101613150,9418127100,479294
20190102,009830,한화케미칼,KOSPI,,19800,-400,-1.98,20350,20700,19600,765015,15332657900,3229585801200,163110394
20190102,009835,한화케미칼우,KOSPI,,11700,-100,-0.85,11850,11850,11600,2720,31752300,13147722900,1123737
20190102,003530,한화투자증권,KOSPI,,2020,-15,-0.74,2055,2065,2005,146939,298456240,348333872220,172442511
20190102,003535,한화투자증권우,KOSPI,,2085,35,1.71,2075,2220,2075,44787,94869835,10008000000,4800000
20190102,195870,해성디에스,KOSPI,,12350,-600,-4.63,13000,13050,12300,53965,678189850,209950000000,17000000
20190102,101530,해태제과식품,KOSPI,,9170,-130,-1.40,9220,9410,9150,9330,86135200,267001257740,29116822
20190102,143210,핸즈코퍼레이션,KOSPI,,6290,70,1.13,6290,6400,6130,5523,34456030,137519955720,21863268
20190102,000720,현대건설,KOSPI,,53100,-1500,-2.75,56500,56700,53000,827314,45147518300,5912991121500,111355765
20190102,267270,현대건설기계,KOSPI,,42300,-400,-0.94,43300,43600,42050,168989,7237768200,833343543900,19700793
20190102,000725,현대건설우,KOSPI,,156500,-1500,-0.95,161500,167500,155000,1118,178863500,15470964000,98856
20190102,005440,현대그린푸드,KOSPI,,14300,0,0.00,14200,14600,14200,120063,1722936150,1397174092600,97704482
20190102,086280,현대글로비스,KOSPI,,125500,-3500,-2.71,128500,129000,123500,53956,6797132000,4706250000000,37500000
20190102,064350,현대로템,KOSPI,,26750,-1100,-3.95,28350,28550,26650,1621370,44481099750,2273750000000,85000000
20190102,079430,현대리바트,KOSPI,,19800,-250,-1.25,19950,20350,19500,36833,731162250,406598583600,20535282
20190102,012330,현대모비스,KOSPI,,185000,-5000,-2.63,190500,191500,183000,215479,40204711500,18008614655000,97343863
20190102,010620,현대미포조선,KOSPI,,58800,-1200,-2.00,59500,60400,58300,179047,10614733100,2348598361200,39942149
20190102,069960,현대백화점,KOSPI,,87700,-2700,-2.99,90400,91500,87200,77817,6927388800,2052394075700,23402441
20190102,004560,현대비앤지스틸,KOSPI,,8920,20,0.22,9100,9100,8800,13600,121635910,134502994120,15078811
20190102,004565,현대비앤지스틸우,KOSPI,,56100,-600,-1.06,58600,58600,54900,1448,81403400,6162697200,109852
20190102,011760,현대상사,KOSPI,,27000,-1100,-3.91,29000,29000,26700,191382,5289109750,357182082000,13228966
20190102,011200,현대상선,KOSPI,,3750,55,1.49,3745,3955,3685,2548278,9708465270,1169271851250,311805827
20190102,004310,현대약품,KOSPI,,4755,40,0.85,4735,4810,4700,296177,1405815860,152160000000,32000000
20190102,126560,현대에이치씨엔,KOSPI,,4120,60,1.48,4040,4120,4040,112877,461150980,465051575520,112876596
20190102,017800,현대엘리베이,KOSPI,,103500,-3500,-3.27,111000,112000,102500,972650,103720386000,2810880531000,27158266
20190102,011210,현대위아,KOSPI,,35600,-650,-1.79,36100,36500,35250,72079,2576547800,968144954800,27195083
20190102,267260,현대일렉트릭,KOSPI,,22000,-200,-0.90,22350,22700,21600,61738,1370899100,447856970000,20357135
20190102,004020,현대제철,KOSPI,,44000,-1250,-2.76,45250,45750,43750,265680,11833743950,5871614540000,133445785
20190102,009540,현대중공업,KOSPI,,125500,-3000,-2.33,129500,131500,125000,143838,18273395000,8882026058000,70773116
20190102,267250,현대중공업지주,KOSPI,,337500,-8500,-2.46,348000,350000,337500,39972,13622217000,5496733237500,16286617
20190102,005380,현대차,KOSPI,,114000,-4500,-3.80,117500,118000,113500,565493,65112405500,24358173318000,213668187
20190102,005387,현대차2우B,KOSPI,,73600,-3400,-4.42,77000,77700,73500,71224,5330614296,2685329193600,36485451
20190102,005389,현대차3우B,KOSPI,,64600,-1700,-2.56,66200,66600,64200,3965,258709800,156896281000,2428735
20190102,005385,현대차우,KOSPI,,68600,-1600,-2.28,70200,70300,68100,33150,2290293900,1670868591000,24356685
20190102,001500,현대차증권,KOSPI,,8400,-230,-2.67,8610,8660,8400,78024,666506720,246431732400,29337111
20190102,227840,현대코퍼레이션홀딩스,KOSPI,,15700,-300,-1.88,16200,16300,15500,54117,858997550,142883125200,9100836
20190102,001450,현대해상,KOSPI,,39850,-1200,-2.92,40750,41200,39500,215118,8592589750,3562590000000,89400000
20190102,057050,현대홈쇼핑,KOSPI,,99900,900,0.91,98500,103000,98500,25148,2529329400,1198800000000,12000000
20190102,093240,형지엘리트,KOSPI,,1950,85,4.56,1875,1980,1855,129106,248617480,37351856100,19154798
20190102,003010,혜인,KOSPI,,5130,-180,-3.39,5470,5480,5100,131070,695510000,65216392110,12712747
20190102,111110,호전실업,KOSPI,,9220,-30,-0.32,9350,9350,9080,3747,34360580,73760000000,8000000
20190102,008770,호텔신라,KOSPI,,73100,-3400,-4.44,77700,78200,72400,666916,49731128600,2869037645100,39248121
20190102,008775,호텔신라우,KOSPI,,44800,-1300,-2.82,46200,46500,44700,2227,101400950,33684179200,751879
20190102,002460,화성산업,KOSPI,,14150,-350,-2.41,14500,14600,14100,19004,272074050,176178820000,12450800
20190102,013520,화승알앤에이,KOSPI,,2040,-20,-0.97,2085,2085,1995,101990,209082460,131704868400,64561210
20190102,241590,화승엔터프라이즈,KOSPI,,9720,-930,-8.73,10500,10600,9590,579793,5773042860,588416432400,60536670
20190102,006060,화승인더,KOSPI,,6090,-750,-10.96,6830,6830,6050,715983,4503766750,336898800000,55320000
20190102,010690,화신,KOSPI,,2265,-95,-4.03,2400,2400,2255,21932,50583875,79094728650,34920410
20190102,133820,화인베스틸,KOSPI,,2650,-5,-0.19,2660,2680,2600,159799,422546200,78307500000,29550000
20190102,010660,화천기계,KOSPI,,18050,-150,-0.82,18000,18150,18000,357,6445200,39710000000,2200000
20190102,000850,화천기공,KOSPI,,40800,-300,-0.73,41100,41100,40750,153,6259800,89760000000,2200000
20190102,016580,환인제약,KOSPI,,18950,-200,-1.04,19050,19300,18850,11481,219066500,352471326500,18600070
20190102,032560,황금에스티,KOSPI,,7650,-190,-2.42,7890,7950,7610,24273,188200180,107100000000,14000000
20190102,004800,효성,KOSPI,,47950,-2050,-4.10,50100,50500,47800,358877,17448113650,661477490450,13795151
20190102,094280,효성ITX,KOSPI,,10200,-200,-1.92,10400,10400,10150,5794,59431750,117893640000,11558200
20190102,298040,효성중공업,KOSPI,,42000,650,1.57,41450,42250,41350,36232,1514227700,391631016000,9324548
20190102,298050,효성첨단소재,KOSPI,,102500,-500,-0.49,102500,104500,101500,6240,641652500,459194670000,4479948
20190102,298020,효성티앤씨,KOSPI,,185000,0,0.00,184000,186000,183500,7367,1363184000,800621170000,4327682
20190102,298000,효성화학,KOSPI,,144500,2500,1.76,140500,147500,140500,22650,3297526500,460973207000,3190126
20190102,093370,후성,KOSPI,,7090,-330,-4.45,7500,7530,7040,803435,5798315230,656582346710,92606819
20190102,081660,휠라코리아,KOSPI,,51100,-2400,-4.49,53300,54300,51000,317655,16536380200,3122980077000,61115070
20190102,005870,휴니드,KOSPI,,7810,-190,-2.38,7970,8230,7800,13666,108628720,110246077150,14116015
20190102,079980,휴비스,KOSPI,,7440,-70,-0.93,7520,7530,7440,32851,245691190,256680000000,34500000
20190102,005010,휴스틸,KOSPI,,11500,-50,-0.43,11850,11850,11300,21867,252968800,86650752000,7534848
20190102,069260,휴켐스,KOSPI,,23400,-700,-2.90,24050,24200,23100,117768,2759841100,956558959200,40878588
20190102,000540,흥국화재,KOSPI,,4795,90,1.91,4830,4845,4755,45129,217074825,308043482775,64242645
20190102,000547,흥국화재2우B,KOSPI,,24250,-450,-1.82,24700,25350,23900,931,22907300,3724800000,153600
20190102,000545,흥국화재우,KOSPI,,5010,-240,-4.57,5390,5390,5010,16506,84393030,3847680000,768000
20190102,003280,흥아해운,KOSPI,,404,2,0.50,400,412,400,344304,139958847,70959945720,175643430
20190102,060310,3S,KOSDAQ,중견기업부,2190,-25,-1.13,2280,2280,2160,24598,53853515,97226972820,44395878
20190102,054620,APS홀딩스,KOSDAQ,우량기업부,4205,-15,-0.36,4225,4290,4155,23428,99013735,85757699305,20394221
20190102,265520,AP시스템,KOSDAQ,우량기업부,21500,-200,-0.92,21850,22150,21050,146314,3183993800,303139486500,14099511
20190102,211270,AP위성,KOSDAQ,벤처기업부,6600,170,2.64,6460,6640,6460,23224,153141300,99097706400,15014804
20190102,035760,CJ ENM,KOSDAQ,우량기업부,196500,-5400,-2.67,202700,202900,196500,58208,11574486600,4308534456000,21926384
20190102,051500,CJ프레시웨이,KOSDAQ,중견기업부,25550,-950,-3.58,26350,27250,25500,54574,1439208600,303319022300,11871586
20190102,058820,CMG제약,KOSDAQ,중견기업부,4165,-70,-1.65,4280,4320,4150,645717,2733270100,453515371260,108887244
20190102,023460,CNH,KOSDAQ,중견기업부,1390,0,0.00,1390,1420,1375,23135,32135255,51708000000,37200000
20190102,065770,CS,KOSDAQ,벤처기업부,1930,55,2.93,1875,1995,1875,33762,64713735,36351839500,18835150
20190102,083660,CSA 코스믹,KOSDAQ,중견기업부,3865,-215,-5.27,4100,4165,3860,215188,856988425,76324632465,19747641
20190102,306620,DB금융스팩6호,KOSDAQ,SPAC(소속부없음),2005,-20,-0.99,2005,2005,2000,126387,253324000,9704200000,4840000
20190102,068790,DMS,KOSDAQ,우량기업부,4560,-30,-0.65,4600,4710,4525,48946,225734760,105028140720,23032487
20190102,241520,DSC인베스트먼트,KOSDAQ,벤처기업부,4030,-25,-0.62,4080,4220,4030,110836,458052345,70525000000,17500000
20190102,245620,EDGC,KOSDAQ,기술성장기업부,5230,10,0.19,5220,5400,5070,1886899,9864783550,189184476200,36172940
20190102,037370,EG,KOSDAQ,중견기업부,11900,500,4.39,11600,11900,11250,398659,4622309150,89250000000,7500000
20190102,079190,EMW,KOSDAQ,관리종목(소속부없음),2780,0,0.00,0,0,0,0,0,88360067660,31784197
20190102,130500,GH신소재,KOSDAQ,중견기업부,2435,5,0.21,2430,2480,2425,6024,14687185,26785000000,11000000
20190102,032860,GMR 머티리얼즈,KOSDAQ,중견기업부,650,21,3.34,625,653,612,483589,306788169,43913246000,67558840
20190102,900290,GRT,KOSDAQ,외국기업(소속부없음),1790,-55,-2.98,1865,1865,1790,58956,106260765,120601250000,67375000
20190102,083450,GST,KOSDAQ,우량기업부,4405,-35,-0.79,4410,4445,4400,17628,77878025,41044666725,9317745
20190102,028150,GS홈쇼핑,KOSDAQ,우량기업부,173100,-6500,-3.62,180800,180800,172400,21799,3828776600,1135968750000,6562500
20190102,045890,GV,KOSDAQ,벤처기업부,1745,35,2.05,1720,1760,1715,409455,713385870,46392969605,26586229
20190102,078150,HB테크놀러지,KOSDAQ,우량기업부,3195,0,0.00,3235,3255,3115,1331125,4220490775,252374411070,78990426
20190102,036640,HRS,KOSDAQ,우량기업부,2840,10,0.35,2850,2890,2840,20472,58612570,46447632000,16354800
20190102,299170,IBKS제10호스팩,KOSDAQ,SPAC(소속부없음),2055,5,0.24,2055,2055,2045,1490,3053525,8898150000,4330000
20190102,254120,IBKS제5호스팩,KOSDAQ,SPAC(소속부없음),2065,5,0.24,2075,2075,2045,12,24590,9292500000,4500000
20190102,264850,IBKS제6호스팩,KOSDAQ,SPAC(소속부없음),2070,-15,-0.72,2070,2070,2070,30000,62100000,8932050000,4315000
20190102,276920,IBKS제7호스팩,KOSDAQ,SPAC(소속부없음),2265,35,1.57,2230,2280,2165,3356,7519010,8267250000,3650000
20190102,297570,IBKS제9호스팩,KOSDAQ,SPAC(소속부없음),2375,25,1.06,2350,2395,2350,6110,14384370,6555000000,2760000
20190102,095340,ISC,KOSDAQ,우량기업부,8590,-30,-0.35,8780,8960,8480,32956,285505690,119142045860,13869854
20190102,099520,ITX엠투엠,KOSDAQ,벤처기업부,1525,45,3.04,1500,1600,1450,301124,460762915,25110849775,16466131
20190102,950170,JTC,KOSDAQ,외국기업(소속부없음),6580,-150,-2.23,6750,6810,6520,70956,470541930,230336301860,35005517
20190102,067290,JW신약,KOSDAQ,중견기업부,6570,-140,-2.09,6720,6780,6510,269919,1789757320,273753280620,41667166
20190102,035900,JYP Ent.,KOSDAQ,우량기업부,29050,-1200,-3.97,30500,30800,28950,482873,14286363150,1027069024800,35355216
20190102,024120,KB오토시스,KOSDAQ,우량기업부,5400,-10,-0.18,5310,5400,5220,3646,19242450,62100000000,11500000
20190102,021320,KCC건설,KOSDAQ,중견기업부,7000,-70,-0.99,7080,7190,6910,19941,140087450,149800000000,21400000
20190102,036670,KCI,KOSDAQ,중견기업부,7780,0,0.00,7840,7840,7750,4753,37029320,87680600000,11270000
20190102,044180,KD건설,KOSDAQ,투자주의환기종목(소속부없음),107,-1,-0.93,109,110,106,3761048,405846740,40647723034,379885262
20190102,151860,KG ETS,KOSDAQ,우량기업부,3085,-125,-3.89,3210,3230,3065,144499,452162845,111060000000,36000000
20190102,046440,KG모빌리언스,KOSDAQ,우량기업부,7260,-90,-1.22,7440,7440,7260,28493,208873280,217124507820,29906957
20190102,035600,KG이니시스,KOSDAQ,중견기업부,15900,500,3.25,15550,16250,15450,236410,3741744100,443680500600,27904434
20190102,060720,KH바텍,KOSDAQ,중견기업부,7970,-220,-2.69,8270,8390,7930,168058,1350581610,162189635490,20350017
20190102,083470,KJ프리텍,KOSDAQ,중견기업부,473,46,10.77,432,509,432,2946330,1397736901,11685336817,24704729
20190102,122450,KMH,KOSDAQ,중견기업부,7440,-80,-1.06,7530,7600,7400,29020,216994300,162067253520,21783233
20190102,052900,KMH하이텍,KOSDAQ,중견기업부,892,-10,-1.11,904,904,886,174105,155001819,41821865108,46885499
20190102,058400,KNN,KOSDAQ,우량기업부,841,8,0.96,833,851,827,33150,27946241,111373394520,132429720
20190102,114450,KPX생명과학,KOSDAQ,중견기업부,4215,-35,-0.82,4300,4360,4175,88998,379622070,63225000000,15000000
20190102,036030,KTH,KOSDAQ,우량기업부,4660,-160,-3.32,4815,4820,4590,6772,32012095,166432002520,35715022
20190102,060370,KT서브마린,KOSDAQ,우량기업부,3135,-65,-2.03,3205,3240,3115,38815,122313285,68656500000,21900000
20190102,065150,MP그룹,KOSDAQ,관리종목(소속부없음),1315,0,0.00,0,0,0,0,0,106263055205,80808407
20190102,219550,MP한강,KOSDAQ,벤처기업부,1495,-5,-0.33,1520,1530,1490,686760,1034719125,84962748650,56831270
20190102,160550,NEW,KOSDAQ,중견기업부,4295,-90,-2.05,4385,4415,4265,62252,269877365,119856725270,27906106
20190102,053290,NE능률,KOSDAQ,중견기업부,2920,100,3.55,2825,2920,2815,806,2282335,39413698640,13497842
20190102,104200,NHN벅스,KOSDAQ,중견기업부,5780,230,4.14,5760,6020,5600,54796,318262150,85703239000,14827550
20190102,060250,NHN한국사이버결제,KOSDAQ,우량기업부,11600,-50,-0.43,11900,12100,11500,34244,405105150,254242918800,21917493
20190102,030190,NICE평가정보,KOSDAQ,우량기업부,10500,-450,-4.11,10900,10950,10250,150186,1578381600,637505610000,60714820
20190102,024940,PN풍년,KOSDAQ,벤처기업부,2210,-35,-1.56,2245,2310,2205,10403,23160450,22100000000,10000000
20190102,218410,RFHIC,KOSDAQ,벤처기업부,25750,1150,4.67,25000,26150,24950,517899,13299985100,577983444250,22445959
20190102,091340,S&K폴리텍,KOSDAQ,중견기업부,3580,-50,-1.38,3630,3650,3540,23702,85249975,41899321180,11703721
20190102,019550,SBI인베스트먼트,KOSDAQ,중견기업부,683,0,0.00,686,692,676,355388,242531536,110691470725,162066575
20190102,950110,SBI핀테크솔루션즈,KOSDAQ,외국기업(소속부없음),15700,-600,-3.68,16300,16400,15700,70615,1130628000,387107678000,24656540
20190102,046140,SBS콘텐츠허브,KOSDAQ,중견기업부,5030,90,1.82,4990,5050,4940,10820,54323950,107961681650,21463555
20190102,036120,SCI평가정보,KOSDAQ,중견기업부,1975,-25,-1.25,2035,2035,1970,197115,392031355,70112500000,35500000
20190102,099220,SDN,KOSDAQ,중견기업부,1580,-45,-2.77,1655,1655,1575,799053,1280058050,63990281240,40500178
20190102,036540,SFA반도체,KOSDAQ,중견기업부,1370,10,0.74,1370,1380,1355,89213,121711050,193336634470,141121631
20190102,255220,SG,KOSDAQ,벤처기업부,10650,-650,-5.75,11350,11600,10600,159124,1751424150,133189155600,12506024
20190102,040610,SG&G,KOSDAQ,우량기업부,2330,-20,-0.85,2430,2430,2310,305449,724740305,79423166680,34087196
20190102,049470,SGA,KOSDAQ,벤처기업부,543,4,0.74,541,549,538,78665,42677122,52521402957,96724499
20190102,184230,SGA솔루션즈,KOSDAQ,벤처기업부,1280,10,0.79,1285,1320,1265,164789,213079265,43398525440,33905098
20190102,232330,SK3호스팩,KOSDAQ,SPAC(소속부없음),2050,0,0.00,2050,2050,2045,37,75750,7380000000,3600000
20190102,307070,SK4호스팩,KOSDAQ,SPAC(소속부없음),2010,0,0.00,2010,2010,2010,4,8040,10371600000,5160000
20190102,057500,SKC 솔믹스,KOSDAQ,중견기업부,2660,-10,-0.37,2685,2765,2655,170034,459909775,163574146400,61494040
20190102,178920,SKC코오롱PI,KOSDAQ,우량기업부,32200,-1000,-3.01,33500,33600,31850,494079,16078279050,945595568400,29366322
20190102,036490,SK머티리얼즈,KOSDAQ,우량기업부,146000,-5000,-3.31,150000,150000,145700,29561,4348736400,1539960258000,10547673
20190102,052260,SK바이오랜드,KOSDAQ,우량기업부,15600,-250,-1.58,16150,16150,15600,123551,1959017650,234000000000,15000000
20190102,048550,SM C&C,KOSDAQ,중견기업부,1995,-25,-1.24,2050,2050,1990,91800,184533820,187651746870,94061026
20190102,063440,SM Life Design,KOSDAQ,중견기업부,1495,10,0.67,1535,1535,1480,92158,139261460,66064390860,44190228
20190102,123260,STC,KOSDAQ,벤처기업부,1675,55,3.40,1560,1775,1555,8351479,14036391250,40225954125,24015495
20190102,289080,SV인베스트먼트,KOSDAQ,중견기업부,3535,105,3.06,3450,3580,3435,271016,953487320,94091095000,26617000
20190102,089230,THE E&M,KOSDAQ,중견기업부,819,-23,-2.73,835,839,814,309641,254318110,75234142620,91860980
20190102,161570,THE MIDONG,KOSDAQ,중견기업부,3460,140,4.22,3435,3460,3315,101770,344819950,47719579560,13791786
20190102,032540,TJ미디어,KOSDAQ,중견기업부,3435,10,0.29,3365,3435,3365,4440,15170715,47855076915,13931609
20190102,048770,TPC,KOSDAQ,중견기업부,3775,10,0.27,3770,3875,3755,19057,72344970,48697500000,12900000
20190102,038340,UCI,KOSDAQ,관리종목(소속부없음),3600,0,0.00,0,0,0,0,0,48364030800,13434453
20190102,052300,W홀딩컴퍼니,KOSDAQ,벤처기업부,547,-6,-1.08,553,563,545,486879,268898433,72371215712,132305696
20190102,040300,YTN,KOSDAQ,중견기업부,2050,-50,-2.38,2125,2125,2010,45512,93581560,86100000000,42000000
20190102,051390,YW,KOSDAQ,벤처기업부,3975,15,0.38,3975,4140,3955,46629,186010190,45137587800,11355368
20190102,052220,iMBC,KOSDAQ,중견기업부,2280,25,1.11,2250,2285,2250,7822,17710450,52440000000,23000000
20190102,079940,가비아,KOSDAQ,벤처기업부,6540,180,2.83,6390,6650,6380,36388,236131640,88523373360,13535684
20190102,078890,가온미디어,KOSDAQ,우량기업부,7720,-270,-3.38,7990,8120,7670,45487,354269680,112054263720,14514801
20190102,192410,감마누,KOSDAQ,투자주의환기종목(소속부없음),408,0,0.00,0,0,0,0,0,9969806400,24435800
20190102,024840,갑을메탈,KOSDAQ,중견기업부,2070,-30,-1.43,2110,2150,2070,221338,469039425,64669896720,31241496
20190102,217730,강스템바이오텍,KOSDAQ,기술성장기업부,23600,1800,8.26,22100,24400,22100,1695856,39765926450,491468513200,20824937
20190102,094480,갤럭시아컴즈,KOSDAQ,우량기업부,2795,30,1.08,2765,2840,2705,32520,89711130,109647397210,39229838
20190102,063080,게임빌,KOSDAQ,우량기업부,50900,-3500,-6.43,54500,55100,50700,27328,1445384500,335695272800,6595192
20190102,039240,경남스틸,KOSDAQ,우량기업부,1960,-35,-1.75,2000,2020,1940,68001,133589685,49000000000,25000000
20190102,053950,경남제약,KOSDAQ,중견기업부,17200,0,0.00,0,0,0,0,0,211559707600,12299983
20190102,011040,경동제약,KOSDAQ,우량기업부,11150,-250,-2.19,11400,11400,11050,9478,106159650,296032500000,26550000
20190102,024910,경창산업,KOSDAQ,중견기업부,1370,-10,-0.72,1385,1425,1365,121532,168093120,49072036850,35819005
20190102,198440,고려시멘트,KOSDAQ,우량기업부,2500,-95,-3.66,2640,2645,2490,119925,305771840,79949900000,31979960
20190102,049720,고려신용정보,KOSDAQ,중견기업부,3815,25,0.66,3790,3845,3655,62972,236270150,54554500000,14300000
20190102,014570,고려제약,KOSDAQ,중견기업부,7030,-190,-2.63,7240,7290,7030,66867,478551370,77330000000,11000000
20190102,098460,고영,KOSDAQ,우량기업부,83500,1000,1.21,82800,85100,82300,60459,5078595000,1142943908500,13687951
20190102,038530,골드퍼시픽,KOSDAQ,중견기업부,1465,50,3.53,1430,1465,1415,91931,131626560,25104743960,17136344
20190102,307870,골든브릿지이안5호,KOSDAQ,SPAC(소속부없음),1985,-10,-0.50,1990,1990,1985,823,1636655,9428750000,4750000
20190102,900280,골든센츄리,KOSDAQ,외국기업(소속부없음),744,-8,-1.06,776,776,743,461738,348663680,69489600000,93400000
20190102,215000,골프존,KOSDAQ,우량기업부,33300,-150,-0.45,33500,33500,32850,3818,126585550,208971319500,6275415
20190102,121440,골프존뉴딘홀딩스,KOSDAQ,우량기업부,3585,-100,-2.71,3755,3755,3585,96120,348881600,153569992530,42836818
20190102,014200,광림,KOSDAQ,중견기업부,2495,0,0.00,2525,2525,2455,69632,173320205,123812351555,49624189
20190102,026910,광진실업,KOSDAQ,중견기업부,3550,-40,-1.11,3580,3685,3550,33044,118340025,22739187750,6405405
20190102,090150,광진윈텍,KOSDAQ,중견기업부,2305,10,0.44,2295,2345,2295,28142,65214150,22262595865,9658393
20190102,267320,교보7호스팩,KOSDAQ,SPAC(소속부없음),2030,-25,-1.22,2050,2050,2030,7318,14865570,8160600000,4020000
20190102,307280,교보8호스팩,KOSDAQ,SPAC(소속부없음),2015,-15,-0.74,2015,2015,2015,1,2015,7495800000,3720000
20190102,053270,구영테크,KOSDAQ,중견기업부,1545,5,0.32,1560,1600,1525,306052,479071005,40778998830,26394174
20190102,066620,국보디자인,KOSDAQ,우량기업부,13350,-50,-0.37,13500,13550,13200,20088,267783600,100125000000,7500000
20190102,043650,국순당,KOSDAQ,중견기업부,4045,-15,-0.37,4060,4100,4045,9069,36829110,72236839680,17858304
20190102,006050,국영지앤엠,KOSDAQ,벤처기업부,1515,-65,-4.11,1595,1595,1495,1133038,1738587085,52866293145,34895243
20190102,060480,국일신동,KOSDAQ,중견기업부,4310,-130,-2.93,4500,4500,4225,464382,2008027235,47797900000,11090000
20190102,078130,국일제지,KOSDAQ,중견기업부,1160,-25,-2.11,1210,1230,1150,25666015,30553053790,135013566960,116391006
20190102,019010,그랜드백화점,KOSDAQ,우량기업부,17600,-100,-0.56,17950,18400,17300,2367,41279650,84832000000,4820000
20190102,900070,글로벌에스엠,KOSDAQ,외국기업(소속부없음),769,6,0.79,763,777,757,32844,25076066,41329111392,53743968
20190102,204620,글로벌텍스프리,KOSDAQ,벤처기업부,6740,100,1.51,6660,6900,6650,88436,600009170,131150808980,19458577
20190102,019660,글로본,KOSDAQ,중견기업부,3810,-20,-0.52,3840,3955,3785,117552,455034920,106683989070,28001047
20190102,053260,금강철강,KOSDAQ,우량기업부,3740,-70,-1.84,3810,3810,3720,3138,11787325,70012800000,18720000
20190102,036190,금화피에스시,KOSDAQ,우량기업부,29500,-150,-0.51,30150,30150,28750,2060,60048300,177000000000,6000000
20190102,049080,기가레인,KOSDAQ,중견기업부,1820,10,0.55,1835,1880,1805,447163,823667665,91714623000,50392650
20190102,035460,기산텔레콤,KOSDAQ,벤처기업부,2810,55,2.00,2830,2875,2780,178757,505349110,40962325400,14577340
20190102,187790,나노,KOSDAQ,벤처기업부,1930,15,0.78,1925,1960,1915,125242,241837730,46033616950,23851615
20190102,151910,나노스,KOSDAQ,중견기업부,5300,310,6.21,4925,5350,4905,150673,764879630,577772318500,109013645
20190102,121600,나노신소재,KOSDAQ,벤처기업부,14950,-350,-2.29,15350,15950,14950,103944,1606838100,162182578350,10848333
20190102,039860,나노엔텍,KOSDAQ,중견기업부,4455,220,5.19,4400,4460,4230,104991,457064155,117134379450,26292790
20190102,091970,나노캠텍,KOSDAQ,중견기업부,5730,50,0.88,5690,5830,5650,404807,2254371700,121487666280,21202036
20190102,051490,나라엠앤디,KOSDAQ,중견기업부,5050,-150,-2.88,5280,5280,5010,25096,127710180,71710000000,14200000
20190102,190510,나무가,KOSDAQ,중견기업부,20300,1250,6.56,19000,20700,19000,49099,977960900,69629406000,3430020
20190102,242040,나무기술,KOSDAQ,기술성장기업부,1395,5,0.36,1390,1445,1375,105470,148492380,38010708900,27247820
20190102,089600,나스미디어,KOSDAQ,우량기업부,27100,-1300,-4.58,28650,28700,27050,40364,1110447400,237252126100,8754691
20190102,293580,나우아이비캐피탈,KOSDAQ,중견기업부,4215,45,1.08,4195,4225,4145,26916,112274670,39958200000,9480000
20190102,138610,나이벡,KOSDAQ,기술성장기업부,10750,-100,-0.92,11000,11400,10500,196795,2154627450,68455548500,6367958
20190102,130580,나이스디앤비,KOSDAQ,중견기업부,7040,-70,-0.98,7150,7150,7010,4913,34871080,108416000000,15400000
20190102,036800,나이스정보통신,KOSDAQ,우량기업부,19400,-250,-1.27,19600,19800,19200,8860,173011600,194000000000,10000000
20190102,111710,남화산업,KOSDAQ,중견기업부,9150,-240,-2.56,9650,9690,9120,712420,6658408150,188380200000,20588000
20190102,091590,남화토건,KOSDAQ,우량기업부,10500,-450,-4.11,11300,11350,10450,98515,1066427650,123270000000,11740000
20190102,168330,내츄럴엔도텍,KOSDAQ,벤처기업부,13000,-600,-4.41,13600,13750,13000,101418,1357097100,268655686000,20665822
20190102,072770,네오디안테크놀로지,KOSDAQ,중견기업부,1850,80,4.52,1805,1915,1795,390635,725235240,66521408300,35957518
20190102,212560,네오오토,KOSDAQ,우량기업부,4250,15,0.35,4280,4280,4200,1770,7500820,33468592750,7874963
20190102,095660,네오위즈,KOSDAQ,중견기업부,12450,200,1.63,12500,12700,12250,89761,1116502250,272841849600,21915008
20190102,042420,네오위즈홀딩스,KOSDAQ,우량기업부,11350,0,0.00,11200,11400,11100,4631,51849650,100525429100,8856866
20190102,085910,네오티스,KOSDAQ,중견기업부,4200,-50,-1.18,4205,4255,4135,6959,29229295,46257447600,11013678
20190102,092730,네오팜,KOSDAQ,벤처기업부,44000,-1000,-2.22,45500,45500,43850,25387,1127055550,328294428000,7461237
20190102,290660,네오펙트,KOSDAQ,기술성장기업부,7500,60,0.81,7440,7500,7260,205448,1519268000,88676587500,11823545
20190102,153460,네이블,KOSDAQ,벤처기업부,3870,-290,-6.97,4160,4255,3870,134886,540011225,25271154180,6530014
20190102,007390,네이처셀,KOSDAQ,중견기업부,11100,-800,-6.72,11700,11950,10900,2123382,24233651350,588926028900,53056399
20190102,033640,네패스,KOSDAQ,우량기업부,10300,490,4.99,9840,10400,9820,555913,5676661130,236617172300,22972541
20190102,087730,네패스신소재,KOSDAQ,벤처기업부,56100,-300,-0.53,56900,57200,53700,33659,1855706600,197232845700,3515737
20190102,089140,넥스턴,KOSDAQ,벤처기업부,11250,150,1.35,11100,11850,11100,39732,458178250,133273350000,11846520
20190102,065170,넥스트BT,KOSDAQ,중견기업부,1560,15,0.97,1550,1615,1540,197437,309480730,96075816720,61587062
20190102,139670,넥스트리밍,KOSDAQ,벤처기업부,2575,0,0.00,2575,2575,2535,9542,24375740,18068545825,7016911
20190102,137940,넥스트아이,KOSDAQ,중견기업부,2255,5,0.22,2310,2320,2245,68700,156186960,154423741725,68480595
20190102,092600,넥스트칩,KOSDAQ,벤처기업부,8450,310,3.81,8230,8470,8160,387607,3217919770,113631375000,13447500
20190102,041140,넥슨지티,KOSDAQ,우량기업부,6370,-170,-2.60,6660,6660,6340,84850,549846500,225328061140,35373322
20190102,217270,넵튠,KOSDAQ,중견기업부,10300,200,1.98,10150,10950,10150,88194,927828650,220187271500,21377405
20190102,225570,넷게임즈,KOSDAQ,벤처기업부,7370,70,0.96,7230,7450,7230,14363,105769600,176905264360,24003428
20190102,194700,노바렉스,KOSDAQ,중견기업부,15300,-550,-3.47,15850,16150,15100,26147,406032400,137757222000,9003740
20190102,285490,노바텍,KOSDAQ,벤처기업부,27100,950,3.63,26500,27950,26300,59014,1606305150,125386280000,4626800
20190102,144510,녹십자랩셀,KOSDAQ,중견기업부,44600,-1300,-2.83,45900,46850,44300,74136,3373336400,470710808400,10554054
20190102,031390,녹십자셀,KOSDAQ,벤처기업부,50900,400,0.79,50800,53100,50500,357170,18420937300,603318361700,11853013
20190102,142280,녹십자엠에스,KOSDAQ,중견기업부,12000,-400,-3.23,12600,12850,12000,99038,1231743600,114720000000,9560000
20190102,065560,녹원씨엔아이,KOSDAQ,중견기업부,9030,-20,-0.22,9050,9160,8960,28760,259768420,134253976500,14867550
20190102,054050,농우바이오,KOSDAQ,우량기업부,10950,-150,-1.35,11200,11200,10850,61151,673818600,175534642950,16030561
20190102,040160,누리텔레콤,KOSDAQ,벤처기업부,5680,60,1.07,5690,5720,5630,23107,131295290,68475438800,12055535
20190102,069140,누리플랜,KOSDAQ,벤처기업부,6300,-180,-2.78,6600,6600,6260,32568,208591260,29933826300,4751401
20190102,126870,뉴로스,KOSDAQ,벤처기업부,7050,500,7.63,6800,7250,6620,2996589,20875784660,135023517600,19152272
20190102,060260,뉴보텍,KOSDAQ,벤처기업부,1405,-30,-2.09,1450,1460,1385,352032,499474630,37743806195,26863919
20190102,012340,뉴인텍,KOSDAQ,중견기업부,817,2,0.25,829,830,806,492753,402410296,44227075219,54133507
20190102,270870,뉴트리,KOSDAQ,중견기업부,12000,-200,-1.64,12300,12500,11900,158464,1932458100,108386688000,9032224
20190102,222040,뉴트리바이오텍,KOSDAQ,우량기업부,15550,-850,-5.18,16400,16400,14750,289797,4484929000,320765400000,20628000
20190102,144960,뉴파워프라즈마,KOSDAQ,우량기업부,11600,-350,-2.93,12050,12300,11550,13543,158284550,95703909200,8250337
20190102,900100,뉴프라이드,KOSDAQ,외국기업(소속부없음),1990,-35,-1.73,2050,2060,1970,1217955,2454567040,174617059340,87747266
20190102,085670,뉴프렉스,KOSDAQ,중견기업부,2900,30,1.05,2870,2995,2850,154796,447130400,61352513100,21156039
20190102,119860,다나와,KOSDAQ,벤처기업부,14900,-400,-2.61,15150,15450,14750,36787,552409550,194814847800,13074822
20190102,064260,다날,KOSDAQ,우량기업부,3500,-25,-0.71,3550,3590,3490,208561,732891955,190311289000,54374654
20190102,093640,다믈멀티미디어,KOSDAQ,벤처기업부,4230,-55,-1.28,4285,4380,4190,21489,91300760,31320379350,7404345
20190102,039560,다산네트웍스,KOSDAQ,중견기업부,7270,380,5.52,7040,7270,6990,623809,4472149410,212258947580,29196554
20190102,032190,다우데이타,KOSDAQ,우량기업부,9410,-40,-0.42,9500,9510,9310,42232,395771590,360403000000,38300000
20190102,068240,다원시스,KOSDAQ,우량기업부,16000,100,0.63,16900,17000,16000,532892,8773272200,417616912000,26101057
20190102,020400,대동금속,KOSDAQ,중견기업부,47000,-2100,-4.28,49100,49100,46200,621,29042850,22560000000,480000
20190102,008830,대동기어,KOSDAQ,중견기업부,27800,50,0.18,27750,27800,27500,635,17584500,24985305600,898752
20190102,048470,대동스틸,KOSDAQ,중견기업부,9660,-440,-4.36,10400,10400,9610,196022,1949263600,96600000000,10000000
20190102,004780,대륙제관,KOSDAQ,우량기업부,4945,20,0.41,4935,4975,4875,33448,164556465,78641319055,15903199
20190102,017650,대림제지,KOSDAQ,벤처기업부,1420,-25,-1.73,1480,1480,1410,69195,99319560,63900000000,45000000
20190102,007720,대명코퍼레이션,KOSDAQ,중견기업부,1875,-15,-0.79,1935,1940,1850,364217,684353995,189000843750,100800450
20190102,290670,대보마그네틱,KOSDAQ,중견기업부,66200,-4800,-6.76,73200,73300,64800,53994,3703781300,213998120000,3232600
20190102,078140,대봉엘에스,KOSDAQ,우량기업부,6270,-50,-0.79,6340,6350,6260,21505,135438320,69512850330,11086579
20190102,036480,대성미생물,KOSDAQ,중견기업부,17000,-600,-3.41,17900,17900,16750,79728,1382451500,64600000000,3800000
20190102,025440,대성엘텍,KOSDAQ,중견기업부,801,-46,-5.43,861,861,799,505472,415484911,79828735743,99661343
20190102,027830,대성창투,KOSDAQ,중견기업부,1680,-5,-0.30,1760,1760,1665,239716,406698805,67200000000,40000000
20190102,104040,대성파인텍,KOSDAQ,벤처기업부,1600,-35,-2.14,1650,1660,1580,226920,365345380,50082049600,31301281
20190102,253590,대신밸런스제3호스팩,KOSDAQ,SPAC(소속부없음),1720,-50,-2.82,1720,1795,1695,10951,18780915,9477200000,5510000
20190102,262830,대신밸런스제4호스팩,KOSDAQ,SPAC(소속부없음),2065,0,0.00,0,0,0,0,0,10345650000,5010000
20190102,303030,대신밸런스제5호스팩,KOSDAQ,SPAC(소속부없음),2070,0,0.00,0,0,0,0,0,8507700000,4110000
20190102,307750,대신밸런스제6호스팩,KOSDAQ,SPAC(소속부없음),2010,0,0.00,2010,2010,2010,9463,19020630,10070100000,5010000
20190102,020180,대신정보통신,KOSDAQ,중견기업부,1660,30,1.84,1645,1670,1585,3352909,5464171115,63791998900,38428915
20190102,045390,대아티아이,KOSDAQ,우량기업부,7770,-440,-5.36,8300,8330,7720,5865933,46905930850,552847325940,71151522
20190102,108380,대양전기공업,KOSDAQ,우량기업부,12000,-50,-0.41,12050,12050,11850,12248,146026400,114807996000,9567333
20190102,006580,대양제지,KOSDAQ,중견기업부,3100,-25,-0.80,3130,3170,2980,38272,117016210,83235000000,26850000
20190102,007680,대원,KOSDAQ,중견기업부,11400,-100,-0.87,11550,11600,11350,6179,70617850,125970000000,11050000
20190102,048910,대원미디어,KOSDAQ,벤처기업부,9900,-90,-0.90,10150,10250,9830,67711,679731390,124531565400,12578946
20190102,005710,대원산업,KOSDAQ,우량기업부,5380,10,0.19,5390,5400,5310,2865,15391560,107802288000,20037600
20190102,290380,대유,KOSDAQ,중견기업부,16950,-1100,-6.09,18400,18500,16750,210779,3687192750,153438180000,9052400
20190102,290120,대유에이피,KOSDAQ,중견기업부,5550,-180,-3.14,5810,5930,5550,778357,4516317700,60406200000,10884000
20190102,071460,대유위니아,KOSDAQ,우량기업부,2490,-110,-4.23,2600,2600,2460,154468,388856360,89558564550,35967295
20190102,120240,대정화금,KOSDAQ,우량기업부,12850,0,0.00,12950,13050,12750,9970,128416450,91240024350,7100391
20190102,003310,대주산업,KOSDAQ,중견기업부,1445,-5,-0.34,1450,1470,1430,204081,295914920,51141945750,35392350
20190102,078600,대주전자재료,KOSDAQ,중견기업부,16400,-1100,-6.29,17600,17750,16250,188542,3154829000,238640090000,14551225
20190102,065690,대진디엠피,KOSDAQ,중견기업부,3100,-95,-2.97,3195,3215,3020,183282,565860195,43286877900,13963509
20190102,096350,대창솔루션,KOSDAQ,중견기업부,834,34,4.25,815,852,802,1781750,1486918969,90451732710,108455315
20190102,140520,대창스틸,KOSDAQ,중견기업부,2675,-80,-2.90,2755,2780,2665,41207,111384835,53500000000,20000000
20190102,131220,대한과학,KOSDAQ,벤처기업부,4650,-10,-0.21,4660,4725,4590,21506,99576825,34663378500,7454490
20190102,010170,대한광통신,KOSDAQ,중견기업부,5350,250,4.90,5150,5390,5150,3397522,17981448070,394517693750,73741625
20190102,054670,대한뉴팜,KOSDAQ,중견기업부,10050,-50,-0.50,10250,10250,10000,14521,146250700,144266946000,14354920
20190102,023910,대한약품,KOSDAQ,우량기업부,38200,-150,-0.39,38800,38800,38050,4462,170850450,229200000000,6000000
20190102,021040,대호피앤씨,KOSDAQ,중견기업부,974,-6,-0.61,1000,1005,964,347673,342435389,71211892524,73112826
20190102,021045,대호피앤씨우,KOSDAQ,중견기업부,1405,5,0.36,1405,1420,1385,13177,18387825,5960664730,4242466
20190102,067080,대화제약,KOSDAQ,우량기업부,19700,-100,-0.51,20100,20500,19650,108476,2176534300,359031987800,18224974
20190102,192080,더블유게임즈,KOSDAQ,우량기업부,57100,-2700,-4.52,60400,60500,57000,87586,5081121700,1041920715800,18247298
20190102,035290,더블유에프엠,KOSDAQ,투자주의환기종목(소속부없음),3000,-170,-5.36,3110,3145,2950,68798,208841235,68283741000,22761247
20190102,213420,덕산네오룩스,KOSDAQ,우량기업부,13400,-800,-5.63,14350,14400,13350,132847,1814182400,321734160800,24010012
20190102,077360,덕산하이메탈,KOSDAQ,중견기업부,4505,-10,-0.22,4550,4635,4505,17523,79578135,102346847005,22718501
20190102,090410,덕신하우징,KOSDAQ,중견기업부,1720,205,13.53,1555,1730,1555,5559018,9193167015,68903200000,40060000
20190102,263600,덕우전자,KOSDAQ,우량기업부,8300,220,2.72,8100,8360,8030,20586,169739060,67313547800,8110066
20190102,194480,데브시스터즈,KOSDAQ,벤처기업부,8190,-10,-0.12,8290,8390,8120,3855,31597040,91763790300,11204370
20190102,263800,데이타솔루션,KOSDAQ,벤처기업부,3070,195,6.78,2980,3300,2950,1690207,5324071380,48256040600,15718580
20190102,139050,데일리블록체인,KOSDAQ,벤처기업부,1470,-15,-1.01,1485,1510,1430,192839,283753345,45131244690,30701527
20190102,017680,데코앤이,KOSDAQ,관리종목(소속부없음),275,63,29.72,212,275,212,11738880,3024716993,30762853550,111864922
20190102,206560,덱스터,KOSDAQ,기술성장기업부,4795,50,1.05,4825,4895,4755,65914,316670280,118136951555,24637529
20190102,067990,도이치모터스,KOSDAQ,벤처기업부,5120,-20,-0.39,5130,5150,5010,75865,384548290,134468136960,26263308
20190102,006620,동구바이오제약,KOSDAQ,벤처기업부,19050,-250,-1.30,19550,19600,18850,30624,587907900,182956200000,9604000
20190102,100130,동국S&C,KOSDAQ,우량기업부,2885,-50,-1.70,2955,2955,2870,134132,389677965,164857555000,57143000
20190102,005160,동국산업,KOSDAQ,우량기업부,2440,-5,-0.20,2440,2475,2410,21114,51384940,132356536080,54244482
20190102,075970,동국알앤에스,KOSDAQ,중견기업부,2245,-80,-3.44,2320,2320,2215,42113,95449800,41308000000,18400000
20190102,086450,동국제약,KOSDAQ,우량기업부,56700,-1200,-2.07,57900,58200,56100,11259,643682600,504176400000,8892000
20190102,099410,동방선기,KOSDAQ,중견기업부,1955,-50,-2.49,2010,2020,1935,171266,338142160,26472658910,13541002
20190102,281740,동부스팩5호,KOSDAQ,SPAC(소속부없음),2025,-20,-0.98,2020,2025,2020,260,525450,9801000000,4840000
20190102,033500,동성화인텍,KOSDAQ,중견기업부,7580,-140,-1.81,7840,7840,7520,77014,587153650,204535756220,26983609
20190102,025950,동신건설,KOSDAQ,우량기업부,5650,-110,-1.91,5810,5870,5590,16324,92912300,47460000000,8400000
20190102,088130,동아엘텍,KOSDAQ,우량기업부,8340,-40,-0.48,8370,8470,8290,11260,94350110,92993468640,11150296
20190102,041930,동아화성,KOSDAQ,우량기업부,4170,145,3.60,4075,4220,3980,349851,1436815095,65886000000,15800000
20190102,060380,동양에스텍,KOSDAQ,중견기업부,3010,30,1.01,3010,3030,3000,20028,60198925,30100000000,10000000
20190102,079960,동양이엔피,KOSDAQ,우량기업부,9210,-40,-0.43,9250,9350,9190,4698,43369420,72390600000,7860000
20190102,228340,동양파일,KOSDAQ,우량기업부,5030,0,0.00,5100,5140,5010,110669,560385430,100600000000,20000000
20190102,104460,동양피엔에프,KOSDAQ,중견기업부,4955,30,0.61,4985,5020,4930,18843,93832310,53086011875,10713625
20190102,088910,동우팜투테이블,KOSDAQ,우량기업부,3700,-45,-1.20,3745,3780,3640,140827,523679085,95577526800,25831764
20190102,094170,동운아나텍,KOSDAQ,벤처기업부,5690,20,0.35,5660,5710,5600,88820,502628410,71027376670,12482843
20190102,013120,동원개발,KOSDAQ,우량기업부,3935,-65,-1.63,3990,4095,3935,58593,233895000,357329873500,90808100
20190102,109860,동일금속,KOSDAQ,우량기업부,10550,50,0.48,10450,10550,10450,8424,88265050,73850000000,7000000
20190102,032960,동일기연,KOSDAQ,벤처기업부,12700,-200,-1.55,12900,12950,12700,902,11620700,78100974100,6149683
20190102,023790,동일철강,KOSDAQ,중견기업부,3835,-10,-0.26,3845,3860,3720,1511,5747420,28168400975,7345085
20190102,005290,동진쎄미켐,KOSDAQ,우량기업부,6860,-450,-6.16,7350,7360,6860,493407,3466007820,352703428840,51414494
20190102,025900,동화기업,KOSDAQ,우량기업부,19550,-900,-4.40,20600,20600,19550,27384,546956350,280674579800,14356756
20190102,078590,두올산업,KOSDAQ,중견기업부,3700,-30,-0.80,3850,3850,3695,407591,1532642840,78127257500,21115475
20190102,073190,듀오백,KOSDAQ,중견기업부,2150,-65,-2.93,2215,2215,2125,100112,216068105,25731286000,11968040
20190102,030350,드래곤플라이,KOSDAQ,중견기업부,3505,20,0.57,3530,3600,3435,75252,264339635,56109760955,16008491
20190102,203650,드림시큐리티,KOSDAQ,벤처기업부,3400,90,2.72,3310,3500,3310,430521,1476428105,121739563600,35805754
20190102,217620,디딤,KOSDAQ,중견기업부,2770,-5,-0.18,2800,2840,2720,317289,879722375,102495276850,37001905
20190102,187870,디바이스이엔지,KOSDAQ,벤처기업부,8250,250,3.13,7900,8260,7900,12295,99664560,55951500000,6782000
20190102,066670,디스플레이텍,KOSDAQ,우량기업부,3870,-20,-0.51,3870,3870,3825,20817,80289305,72337722660,18691918
20190102,110990,디아이티,KOSDAQ,중견기업부,6280,-40,-0.63,6490,6840,6180,108565,695541270,118692000000,18900000
20190102,263690,디알젬,KOSDAQ,중견기업부,6860,10,0.15,6870,6970,6780,242264,1663667060,77693684600,11325610
20190102,214680,디알텍,KOSDAQ,벤처기업부,1305,15,1.16,1320,1320,1285,84294,109259620,57692752830,44209006
20190102,263720,디앤씨미디어,KOSDAQ,벤처기업부,14000,-150,-1.06,14200,14250,13700,65926,917676450,168578802000,12041343
20190102,109740,디에스케이,KOSDAQ,관리종목(소속부없음),6840,270,4.11,6600,7000,6600,39088,267289260,139226578920,20354763
20190102,033430,디에스티,KOSDAQ,중견기업부,1025,34,3.43,1015,1040,999,230385,235509470,53458953925,52155077
20190102,090710,디에스티로봇,KOSDAQ,벤처기업부,1025,10,0.99,1030,1040,1015,645642,661842835,71625145775,69878191
20190102,131030,디에이치피코리아,KOSDAQ,중견기업부,8400,-260,-3.00,8670,8780,8380,57356,489804180,139144294800,16564797
20190102,196490,디에이테크놀로지,KOSDAQ,벤처기업부,3500,0,0.00,3555,3580,3420,444137,1552219020,183257725000,52359350
20190102,066900,디에이피,KOSDAQ,우량기업부,2710,55,2.07,2740,2740,2640,21191,56922520,61637603130,22744503
20190102,127120,디엔에이링크,KOSDAQ,기술성장기업부,4090,30,0.74,4150,4200,4060,25824,106865930,43917602000,10737800
20190102,092070,디엔에프,KOSDAQ,우량기업부,7380,-200,-2.64,7640,7640,7370,35824,267592680,79422290640,10761828
20190102,101000,디엠씨,KOSDAQ,관리종목(소속부없음),1575,0,0.00,0,0,0,0,0,63066896550,40042474
20190102,134580,디엠티,KOSDAQ,중견기업부,2845,-45,-1.56,2955,2955,2805,32984,94106150,32006250000,11250000
20190102,039840,디오,KOSDAQ,우량기업부,28300,-450,-1.57,29000,29350,28300,36265,1044409750,429350704900,15171403
20190102,079810,디이엔티,KOSDAQ,중견기업부,1990,30,1.53,1960,2000,1935,30304,59763985,17869264700,8979530
20190102,227100,디자인,KOSDAQ,중견기업부,9840,-10,-0.10,9860,10050,9700,31961,314978090,26183354400,2660910
20190102,113810,디젠스,KOSDAQ,관리종목(소속부없음),541,12,2.27,533,541,530,47119,25281656,17651775591,32628051
20190102,043360,디지아이,KOSDAQ,벤처기업부,2580,20,0.78,2585,2605,2560,1605,4144165,23220000000,9000000
20190102,197140,디지캡,KOSDAQ,벤처기업부,3715,-70,-1.85,3785,3840,3610,32550,121905280,25658301340,6906676
20190102,106520,디지탈옵틱,KOSDAQ,중견기업부,733,-69,-8.60,801,801,730,941347,708771190,37013452186,50495842
20190102,068930,디지털대성,KOSDAQ,중견기업부,4400,-65,-1.46,4420,4470,4385,28452,125863000,98756781200,22444723
20190102,033130,디지틀조선,KOSDAQ,중견기업부,1920,-5,-0.26,1930,1970,1895,310519,598126370,71261312640,37115267
20190102,033310,디케이디앤아이,KOSDAQ,중견기업부,1995,0,0.00,2000,2035,1975,22314,44541930,43834959945,21972411
20190102,105740,디케이락,KOSDAQ,중견기업부,8820,-570,-6.07,9490,9490,8770,224527,2022263460,72614283840,8232912
20190102,263020,디케이앤디,KOSDAQ,벤처기업부,4180,-135,-3.13,4330,4330,4165,96295,406867335,32106684500,7681025
20190102,290550,디케이티,KOSDAQ,중견기업부,16950,2850,20.21,14750,18000,14100,6558099,106806180700,116615694900,6879982
20190102,187220,디티앤씨,KOSDAQ,벤처기업부,8350,140,1.71,8260,8520,8260,33056,277020830,82281350900,9854054
20190102,131180,딜리,KOSDAQ,벤처기업부,1935,-10,-0.51,1950,1960,1905,23924,46119725,56792250000,29350000
20190102,042510,라온시큐어,KOSDAQ,벤처기업부,2060,-35,-1.67,2100,2180,1995,167430,343721020,65527800720,31809612
20190102,050120,라이브플렉스,KOSDAQ,중견기업부,680,12,1.80,671,690,670,325019,222038960,56605276720,83243054
20190102,171120,라이온켐텍,KOSDAQ,우량기업부,9500,-200,-2.06,9700,9700,9500,5040,48198000,146167047500,15386005
20190102,069540,라이트론,KOSDAQ,중견기업부,8900,0,0.00,8980,9090,8630,69680,617670080,126095351300,14168017
20190102,171010,램테크놀러지,KOSDAQ,벤처기업부,3115,15,0.48,3135,3360,3115,6718,21711440,35701884085,11461279
20190102,084650,랩지노믹스,KOSDAQ,벤처기업부,6090,-150,-2.40,6300,6390,6030,31464,192335500,55439066550,9103295
20190102,217500,러셀,KOSDAQ,벤처기업부,1560,5,0.32,1590,1600,1555,29596,46386070,49626720000,31812000
20190102,141080,레고켐바이오,KOSDAQ,기술성장기업부,57100,400,0.71,57600,59900,56100,216182,12577072600,604682262200,10589882
20190102,060300,레드로버,KOSDAQ,중견기업부,1765,-25,-1.40,1850,1855,1750,311562,556005760,84080536970,47637698
20190102,038390,레드캡투어,KOSDAQ,우량기업부,15100,-50,-0.33,15000,15150,14950,3299,49514800,129701148000,8589480
20190102,228850,레이언스,KOSDAQ,우량기업부,16100,-250,-1.53,16500,16700,16100,16249,266501050,267115325400,16591014
20190102,238120,로고스바이오,KOSDAQ,기술성장기업부,13300,200,1.53,13200,13350,13000,21811,286098250,47809829200,3594724
20190102,215100,로보로보,KOSDAQ,벤처기업부,1930,10,0.52,1980,2000,1875,291283,567542435,34351016220,17798454
20190102,090360,로보스타,KOSDAQ,우량기업부,22850,-1150,-4.79,24100,24350,22400,73044,1681247950,222787500000,9750000
20190102,108490,로보티즈,KOSDAQ,기술성장기업부,18300,1100,6.40,17900,18750,17600,566454,10259173200,205893300000,11251000
20190102,900260,로스웰,KOSDAQ,외국기업(소속부없음),995,-15,-1.49,1025,1030,993,135775,135845590,90327343750,90781250
20190102,067730,로지시스,KOSDAQ,중견기업부,2830,15,0.53,2815,3100,2800,146972,432418410,26434809260,9340922
20190102,071280,로체시스템즈,KOSDAQ,벤처기업부,3145,25,0.80,3100,3190,3090,33000,103552915,48107816435,15296603
20190102,038060,루멘스,KOSDAQ,중견기업부,2875,5,0.17,3040,3050,2815,6002334,17521780245,135920754000,47276784
20190102,082800,루미마이크로,KOSDAQ,중견기업부,1385,-55,-3.82,1440,1480,1380,181745,256462735,97515965015,70408639
20190102,085370,루트로닉,KOSDAQ,벤처기업부,7980,-160,-1.97,8200,8250,7870,80020,646133500,201211550400,25214480
20190102,08537M,루트로닉3우C,KOSDAQ,벤처기업부,11700,-150,-1.27,11450,11700,11400,166,1915000,11849280300,1012759
20190102,060240,룽투코리아,KOSDAQ,벤처기업부,3600,30,0.84,3650,3775,3570,15662,56545490,87034078800,24176133
20190102,058470,리노공업,KOSDAQ,우량기업부,44650,-2400,-5.10,47400,47450,44350,87731,4264511350,680571820500,15242370
20190102,039980,리노스,KOSDAQ,우량기업부,1965,-65,-3.20,2065,2065,1935,160387,317127475,74188563210,37754994
20190102,016100,리더스코스메틱,KOSDAQ,우량기업부,10500,-500,-4.55,11000,11100,10450,63617,682104950,190789347000,18170414
20190102,197210,리드,KOSDAQ,중견기업부,11200,-100,-0.88,11400,11450,10900,79318,882400450,165244464000,14753970
20190102,012700,리드코프,KOSDAQ,우량기업부,5270,-10,-0.19,5230,5330,5210,21486,113506170,140968442100,26749230
20190102,131100,리켐,KOSDAQ,관리종목(소속부없음),19800,0,0.00,19500,20000,19400,10858,213592200,90168507000,4553965
20190102,277070,린드먼아시아,KOSDAQ,중견기업부,4760,-210,-4.23,4975,5050,4760,31362,152503270,64260000000,13500000
20190102,042500,링네트,KOSDAQ,벤처기업부,3430,20,0.59,3520,3520,3410,8530,29251280,51233491540,14936878
20190102,219420,링크제니시스,KOSDAQ,기술성장기업부,7580,390,5.42,7230,7580,7100,512379,3775475110,75800000000,10000000
20190102,098120,마이크로컨텍솔,KOSDAQ,벤처기업부,2325,-75,-3.13,2405,2500,2325,44842,107995580,19327180950,8312766
20190102,227950,마이크로텍,KOSDAQ,중견기업부,1380,-10,-0.72,1410,1450,1380,58317,82527415,26221280640,19000928
20190102,147760,마이크로프랜드,KOSDAQ,벤처기업부,4085,-85,-2.04,4170,4230,4075,41961,174422090,44199152610,10819866
20190102,035480,마제스타,KOSDAQ,투자주의환기종목(소속부없음),1475,0,0.00,0,0,0,0,0,67155378250,45529070
20190102,038290,마크로젠,KOSDAQ,우량기업부,28450,-850,-2.90,29300,29500,28400,54304,1571053700,301725166300,10605454
20190102,267980,매일유업,KOSDAQ,우량기업부,80700,1900,2.41,79000,81500,77900,33135,2654698100,632981586600,7843638
20190102,005990,매일홀딩스,KOSDAQ,우량기업부,10300,-150,-1.44,10500,10500,10200,12416,127908500,141298531200,13718304
20190102,127160,매직마이크로,KOSDAQ,중견기업부,3470,30,0.87,3500,3705,3285,735734,2601353775,204115036190,58822777
20190102,093520,매커스,KOSDAQ,중견기업부,4115,5,0.12,4130,4145,4030,34150,140032385,66511123580,16163092
20190102,141070,맥스로텍,KOSDAQ,벤처기업부,1205,-40,-3.21,1245,1255,1190,128239,157479290,29964080685,24866457
20190102,100590,머큐리,KOSDAQ,중견기업부,10650,300,2.90,10600,11350,10200,3518559,37956479100,157232340000,14763600
20190102,067280,멀티캠퍼스,KOSDAQ,우량기업부,44300,200,0.45,44000,44450,43800,5059,223022050,262556309700,5926779
20190102,072870,메가스터디,KOSDAQ,중견기업부,9550,-310,-3.14,9860,9860,9550,15543,149841000,113845158450,11920959
20190102,215200,메가스터디교육,KOSDAQ,우량기업부,25050,-900,-3.47,26050,26650,25000,63886,1640900350,294635094000,11761880
20190102,133750,메가엠디,KOSDAQ,중견기업부,2335,-35,-1.48,2365,2415,2335,46589,110824670,52230664655,22368593
20190102,041920,메디아나,KOSDAQ,벤처기업부,6150,40,0.65,6120,6230,6060,10223,62495120,53200550400,8650496
20190102,086900,메디톡스,KOSDAQ,우량기업부,583000,5200,0.90,582100,599600,575000,27057,15919611900,3297759905000,5656535
20190102,078160,메디포스트,KOSDAQ,벤처기업부,72000,-1200,-1.64,76300,76300,71900,60254,4446077600,566526312000,7868421
20190102,065650,메디프론,KOSDAQ,중견기업부,4635,-120,-2.52,4795,4865,4600,141976,676342880,136450288755,29439113
20190102,021880,메이슨캐피탈,KOSDAQ,중견기업부,367,-12,-3.17,383,384,365,148102,54733244,36400677736,99184408
20190102,140410,메지온,KOSDAQ,중견기업부,89800,-2200,-2.39,93500,94000,89600,123880,11282321300,776025378400,8641708
20190102,241770,메카로,KOSDAQ,벤처기업부,13850,-250,-1.77,14300,14300,13750,7841,109181700,138377289000,9991140
20190102,059210,메타바이오메드,KOSDAQ,벤처기업부,2960,25,0.85,2965,3000,2900,109942,324665895,70632558960,23862351
20190102,058110,멕아이씨에스,KOSDAQ,기술성장기업부,3275,-10,-0.30,3285,3380,3240,10416,34318075,17558912500,5361500
20190102,096640,멜파스,KOSDAQ,중견기업부,2020,25,1.25,2070,2100,1985,38771,79002815,42939445020,21257151
20190102,257370,명성티엔에스,KOSDAQ,벤처기업부,17250,-350,-1.99,17850,17850,16850,144664,2507966900,109882500000,6370000
20190102,149940,모다,KOSDAQ,투자주의환기종목(소속부없음),155,0,0.00,0,0,0,0,0,3279863395,21160409
20190102,080420,모다이노칩,KOSDAQ,우량기업부,8080,-110,-1.34,8190,8260,8060,21843,177116920,322075352880,39860811
20190102,080160,모두투어,KOSDAQ,우량기업부,23500,-600,-2.49,24150,24250,23500,76041,1817881100,444150000000,18900000
20190102,100030,모바일리더,KOSDAQ,중견기업부,9820,10,0.10,9810,9990,9770,4856,47706060,32246071480,3283714
20190102,087260,모바일어플라이언스,KOSDAQ,우량기업부,5410,160,3.05,5260,5450,5240,128174,685920000,81150000000,15000000
20190102,101330,모베이스,KOSDAQ,우량기업부,3540,85,2.46,3590,3590,3455,31798,111718145,84811985520,23958188
20190102,250060,모비스,KOSDAQ,기술성장기업부,4180,-225,-5.11,4390,4390,4130,905253,3785791070,134476092520,32171314
20190102,033200,모아텍,KOSDAQ,중견기업부,4410,-100,-2.22,4400,4500,4390,14602,64307850,63200525850,14331185
20190102,118990,모트렉스,KOSDAQ,우량기업부,4015,30,0.75,4050,4050,3955,51279,205330135,109410938175,27250545
20190102,006920,모헨즈,KOSDAQ,중견기업부,5600,80,1.45,5740,5790,5570,118904,672083590,61152000000,10920000
20190102,001810,무림SP,KOSDAQ,우량기업부,2690,-10,-0.37,2695,2750,2670,8332,22473605,59549875000,22137500
20190102,028040,미래SCI,KOSDAQ,중견기업부,1310,-35,-2.60,1360,1430,1285,1671456,2259121070,40364188980,30812358
20190102,095500,미래나노텍,KOSDAQ,우량기업부,3240,20,0.62,3280,3280,3185,3794,12199225,75458086920,23289533
20190102,218150,미래생명자원,KOSDAQ,벤처기업부,2975,-40,-1.33,3025,3065,2960,85032,255471705,55547498300,18671428
20190102,265480,미래에셋대우스팩1호,KOSDAQ,SPAC(소속부없음),2065,0,0.00,0,0,0,0,0,9994600000,4840000
20190102,310200,미래에셋대우스팩2호,KOSDAQ,SPAC(소속부없음),2040,-5,-0.24,2040,2045,2040,15059,30720365,6222000000,3050000
20190102,239340,미래에셋제5호스팩,KOSDAQ,SPAC(소속부없음),2085,0,0.00,0,0,0,0,0,10008000000,4800000
20190102,049950,미래컴퍼니,KOSDAQ,우량기업부,49250,-250,-0.51,50200,51100,49100,29913,1496101400,387328595000,7864540
20190102,213090,미래테크놀로지,KOSDAQ,중견기업부,8320,-60,-0.72,8390,8550,8320,4955,41727230,50924956160,6120788
20190102,207760,미스터블루,KOSDAQ,벤처기업부,2330,-40,-1.69,2330,2400,2330,32853,77347770,56863659320,24405004
20190102,059090,미코,KOSDAQ,우량기업부,4795,115,2.46,4800,5060,4615,3823536,18527169300,150163111385,31316603
20190102,201490,미투온,KOSDAQ,벤처기업부,5560,-40,-0.71,5630,5700,5480,175595,981015990,173793201200,31257770
20190102,214180,민앤지,KOSDAQ,벤처기업부,17250,-250,-1.43,17600,17900,17250,26631,468111600,205044333000,11886628
20190102,206640,바디텍메드,KOSDAQ,벤처기업부,10400,-300,-2.80,10900,10900,10350,66779,705998650,243550611200,23418328
20190102,018700,바른손,KOSDAQ,중견기업부,2035,30,1.50,2100,2130,2020,34280,70597950,33409337775,16417365
20190102,035620,바른손이앤에이,KOSDAQ,중견기업부,1260,35,2.86,1225,1270,1220,108569,135071120,88662770280,70367278
20190102,064520,바른전자,KOSDAQ,중견기업부,418,0,0.00,0,0,0,0,0,27763355598,66419511
20190102,029480,바른테크놀로지,KOSDAQ,중견기업부,460,-9,-1.92,469,475,447,188513,87160938,15085831100,32795285
20190102,053030,바이넥스,KOSDAQ,중견기업부,9170,10,0.11,9240,9420,9100,284104,2629333650,290973710160,31731048
20190102,084990,바이로메드,KOSDAQ,기술성장기업부,260000,6000,2.36,258900,265900,254000,406109,105322423100,4148627600000,15956260
20190102,064550,바이오니아,KOSDAQ,기술성장기업부,7540,110,1.48,7450,7840,7400,94486,716298870,155509242720,20624568
20190102,208710,바이오로그디바이스,KOSDAQ,벤처기업부,1815,-20,-1.09,1845,1865,1800,101288,185094190,50031574890,27565606
20190102,142760,바이오리더스,KOSDAQ,기술성장기업부,12350,0,0.00,12600,13200,12150,211976,2692621350,197109828500,15960310
20190102,065940,바이오빌,KOSDAQ,중견기업부,1900,-100,-5.00,2000,2040,1900,569494,1117348915,83575653400,43987186
20190102,086820,바이오솔루션,KOSDAQ,기술성장기업부,35550,2950,9.05,33400,35550,33050,191055,6589664200,278965329300,7847126
20190102,038460,바이오스마트,KOSDAQ,벤처기업부,3850,95,2.53,3770,3850,3755,52503,199674030,76918919000,19978940
20190102,044480,바이오제네틱스,KOSDAQ,관리종목(소속부없음),8590,210,2.51,8680,8680,8380,14181,122045780,94101534430,10954777
20190102,086040,바이오톡스텍,KOSDAQ,벤처기업부,8080,-230,-2.77,8370,8390,8050,112195,922075780,117682153840,14564623
20190102,032980,바이온,KOSDAQ,중견기업부,1715,65,3.94,1660,1790,1650,396867,684734165,79931852210,46607494
20190102,043150,바텍,KOSDAQ,우량기업부,21050,-550,-2.55,21850,21950,21050,39472,845095500,312682088800,14854256
20190102,267790,배럴,KOSDAQ,중견기업부,9680,-300,-3.01,10150,10150,9680,117314,1163177580,75129384000,7761300
20190102,046310,백금T&A,KOSDAQ,중견기업부,2710,-70,-2.52,2840,2860,2710,235141,652872000,41225213760,15212256
20190102,036620,버추얼텍,KOSDAQ,중견기업부,614,-6,-0.97,626,626,601,236193,144683691,23092656046,37610189
20190102,066410,버킷스튜디오,KOSDAQ,투자주의환기종목(소속부없음),540,0,0.00,0,0,0,0,0,36307387620,67235903
20190102,177350,베셀,KOSDAQ,벤처기업부,4175,40,0.97,4140,4250,4115,145720,609084690,46728136400,11192368
20190102,299910,베스파,KOSDAQ,중견기업부,23800,1000,4.39,22800,24350,22750,96640,2294042800,190079199800,7986521
20190102,225530,보광산업,KOSDAQ,중견기업부,3935,-35,-0.88,4035,4035,3905,18760,74274240,135639450000,34470000
20190102,250000,보라티알,KOSDAQ,벤처기업부,6250,-140,-2.19,6490,6490,6250,11722,74393960,42192081250,6750733
20190102,014100,보령메디앙스,KOSDAQ,우량기업부,9220,-180,-1.91,9530,9530,9210,21467,201407140,108796000000,11800000
20190102,006910,보성파워텍,KOSDAQ,중견기업부,2485,-20,-0.80,2575,2600,2470,414645,1050005945,113948976715,45854719
20190102,226340,본느,KOSDAQ,중견기업부,2025,20,1.00,2025,2100,2000,558959,1140847025,58922834400,29097696
20190102,014470,부방,KOSDAQ,우량기업부,2060,25,1.23,2065,2140,2045,70342,145904985,97424589400,47293490
20190102,008470,부스타,KOSDAQ,벤처기업부,5490,-50,-0.90,5510,5610,5470,234039,1291815500,46142352000,8404800
20190102,100120,뷰웍스,KOSDAQ,우량기업부,32350,-650,-1.97,33200,33200,32000,26239,850122900,323560332750,10001865
20190102,066980,브레인콘텐츠,KOSDAQ,중견기업부,838,0,0.00,844,855,831,533358,450208591,132754519478,158418281
20190102,064480,브리지텍,KOSDAQ,벤처기업부,3075,110,3.71,2965,3075,2965,33519,101513780,36753937500,11952500
20190102,251630,브이원텍,KOSDAQ,벤처기업부,18950,0,0.00,19200,19600,18600,52793,1007500950,142429905500,7516090
20190102,033560,블루콤,KOSDAQ,우량기업부,4180,20,0.48,4160,4215,4090,69715,289398160,75608036460,18088047
20190102,121800,비덴트,KOSDAQ,중견기업부,7970,-30,-0.38,8050,8190,7900,129636,1041786670,201956348990,25339567
20190102,148140,비디아이,KOSDAQ,벤처기업부,8000,-40,-0.50,8050,8200,7910,16263,129961470,63366000000,7920750
20190102,200780,비씨월드제약,KOSDAQ,벤처기업부,21700,-700,-3.13,22350,22600,21700,12263,269606400,173780500600,8008318
20190102,141000,비아트론,KOSDAQ,우량기업부,9830,-170,-1.70,10150,10200,9780,48430,481544670,119087599300,12114710
20190102,090460,비에이치,KOSDAQ,우량기업부,16600,-200,-1.19,17050,17100,16350,324751,5404446550,520904281600,31379776
20190102,083650,비에이치아이,KOSDAQ,중견기업부,3300,-70,-2.08,3450,3450,3230,233592,775852515,85800000000,26000000
20190102,086670,비엠티,KOSDAQ,벤처기업부,7290,-70,-0.95,7330,7420,7240,13196,96359840,59388196410,8146529
20190102,138580,비즈니스온,KOSDAQ,벤처기업부,14900,-100,-0.67,15100,15250,14800,32523,486656350,142219606000,9544940
20190102,082920,비츠로셀,KOSDAQ,벤처기업부,10750,-150,-1.38,11000,11050,10750,65098,707965100,210597133250,19590431
20190102,054220,비츠로시스,KOSDAQ,벤처기업부,730,-50,-6.41,790,791,720,4731574,3513897317,35250534920,48288404
20190102,042370,비츠로테크,KOSDAQ,우량기업부,5540,20,0.36,5600,5740,5430,148397,826707540,123840456420,22353873
20190102,032850,비트컴퓨터,KOSDAQ,벤처기업부,5120,60,1.19,5070,5210,5010,73947,378766130,85111260160,16623293
20190102,238200,비피도,KOSDAQ,기술성장기업부,30200,550,1.85,29750,33500,28900,1047401,32871784400,123518000000,4090000
20190102,093190,빅솔론,KOSDAQ,우량기업부,6210,-60,-0.96,6210,6250,6170,2967,18388500,119473600050,19238905
20190102,065450,빅텍,KOSDAQ,벤처기업부,2325,50,2.20,2250,2370,2245,494652,1143830985,56962500000,24500000
20190102,072950,빛샘전자,KOSDAQ,벤처기업부,5660,-190,-3.25,5920,5980,5600,56550,323230440,33960000000,6000000
20190102,143240,사람인에이치알,KOSDAQ,우량기업부,17800,-350,-1.93,18050,18250,17800,3106,55663150,207089881400,11634263
20190102,100090,삼강엠앤티,KOSDAQ,우량기업부,4660,115,2.53,4590,4680,4535,79155,363941905,123142405940,26425409
20190102,122350,삼기오토모티브,KOSDAQ,우량기업부,2405,-85,-3.41,2500,2500,2405,115867,282899400,74139550680,30827256
20190102,014970,삼륭물산,KOSDAQ,중견기업부,4640,-135,-2.83,4830,4925,4600,75765,359701195,70180000000,15125000
20190102,018310,삼목에스폼,KOSDAQ,우량기업부,11400,-100,-0.87,11600,11650,11300,10585,120898200,167580000000,14700000
20190102,053700,삼보모터스,KOSDAQ,우량기업부,7370,70,0.96,7390,7540,7190,217151,1602496620,105588007470,14326731
20190102,009620,삼보산업,KOSDAQ,중견기업부,5660,-10,-0.18,5700,5700,5610,2011,11351370,23347500000,4125000
20190102,023600,삼보판지,KOSDAQ,우량기업부,8850,-80,-0.90,8890,9010,8720,27989,246643170,130095000000,14700000
20190102,111870,삼본정밀전자,KOSDAQ,우량기업부,3340,140,4.38,3250,3440,3215,1494919,4988843595,152210480000,45572000
20190102,309930,삼성머스트스팩3호,KOSDAQ,SPAC(소속부없음),2010,0,0.00,2015,2020,2010,6872,13825470,9225900000,4590000
20190102,291230,삼성스팩2호,KOSDAQ,SPAC(소속부없음),2015,-5,-0.25,2010,2015,2010,20836,41885375,15213250000,7550000
20190102,009300,삼아제약,KOSDAQ,우량기업부,15800,0,0.00,15950,16050,15650,13568,214934500,100646000000,6370000
20190102,225190,삼양옵틱스,KOSDAQ,우량기업부,12650,-250,-1.94,12900,12900,12600,12270,156088450,126988290000,10038600
20190102,054540,삼영엠텍,KOSDAQ,중견기업부,3250,-135,-3.99,3445,3445,3225,247924,820144935,42250000000,13000000
20190102,065570,삼영이엔씨,KOSDAQ,중견기업부,5290,-70,-1.31,5370,5430,5290,13308,71225400,46552000000,8800000
20190102,082660,삼우엠스,KOSDAQ,벤처기업부,922,20,2.22,909,933,907,489872,448464899,38813529888,42097104
20190102,073640,삼원테크,KOSDAQ,관리종목(소속부없음),1845,95,5.43,1815,1885,1760,124122,227270535,96275494800,52181840
20190102,032280,삼일,KOSDAQ,중견기업부,1985,5,0.25,1980,2010,1965,44895,88838850,32183976150,16213590
20190102,002290,삼일기업공사,KOSDAQ,중견기업부,3335,-20,-0.60,3385,3405,3310,69682,233886040,41354000000,12400000
20190102,037460,삼지전자,KOSDAQ,벤처기업부,11150,1270,12.85,10150,11150,10150,1537550,16561199820,181951520300,16318522
20190102,032750,삼진,KOSDAQ,중견기업부,7080,-140,-1.94,7240,7340,7020,11682,83412170,42480000000,6000000
20190102,054090,삼진엘앤디,KOSDAQ,벤처기업부,2110,30,1.44,2070,2145,2070,102559,216519115,52663979520,24959232
20190102,000250,삼천당제약,KOSDAQ,우량기업부,36750,-1250,-3.29,38400,38550,36500,214221,8018356600,812388627750,22105813
20190102,024950,삼천리자전거,KOSDAQ,우량기업부,6290,-130,-2.02,6420,6450,6280,7336,46618530,83490799330,13273577
20190102,038500,삼표시멘트,KOSDAQ,우량기업부,4095,-205,-4.77,4345,4345,4085,321338,1343286455,439627623435,107357173
20190102,017480,삼현철강,KOSDAQ,우량기업부,4450,-160,-3.47,4680,4680,4450,36764,166747370,69877860500,15702890
20190102,046390,삼화네트웍스,KOSDAQ,벤처기업부,1425,-25,-1.72,1440,1455,1400,37939,54107640,61229304525,42967933
20190102,027580,상보,KOSDAQ,중견기업부,1730,-10,-0.57,1755,1755,1715,47496,82265530,49025752050,28338585
20190102,038540,상상인,KOSDAQ,우량기업부,17800,-50,-0.28,18050,18500,17650,271317,4884343200,849921466600,47748397
20190102,091580,상신이디피,KOSDAQ,벤처기업부,12500,-50,-0.40,12850,12950,12150,156543,1977856250,158313125000,12665050
20190102,263810,상신전자,KOSDAQ,중견기업부,5500,-300,-5.17,5750,5800,5500,61537,345788550,44645348000,8117336
20190102,089980,상아프론테크,KOSDAQ,우량기업부,13800,600,4.55,13600,13950,13300,312205,4267835200,196836796800,14263536
20190102,042940,상지카일룸,KOSDAQ,중견기업부,2140,70,3.38,2070,2175,2035,165147,348532770,78838575840,36840456
20190102,042600,새로닉스,KOSDAQ,우량기업부,4065,-35,-0.85,4100,4140,3995,5945,24067520,50501828310,12423574
20190102,263540,샘코,KOSDAQ,기술성장기업부,4270,70,1.67,4275,4290,4180,3202,13593530,33889627870,7936681
20190102,038070,서린바이오,KOSDAQ,중견기업부,10150,-200,-1.93,10400,10400,10000,31785,323973200,70040237400,6900516
20190102,006730,서부T&D,KOSDAQ,중견기업부,8740,-220,-2.46,9000,9020,8710,80083,708067820,453354349180,51871207
20190102,079650,서산,KOSDAQ,중견기업부,3420,-85,-2.43,3605,3650,3385,43413,151776845,68400000000,20000000
20190102,100660,서암기계공업,KOSDAQ,중견기업부,6630,-370,-5.29,7020,7170,6500,1190591,8022409200,83538000000,12600000
20190102,012860,서연전자,KOSDAQ,중견기업부,1475,-15,-1.01,1520,1565,1460,274362,417969730,39825000000,27000000
20190102,019770,서연탑메탈,KOSDAQ,중견기업부,3235,105,3.35,3230,3245,3100,125838,400439760,37687750000,11650000
20190102,043710,서울리거,KOSDAQ,중견기업부,2655,-5,-0.19,2665,2715,2620,57893,154448585,66681142740,25115308
20190102,046890,서울반도체,KOSDAQ,우량기업부,19650,300,1.55,19700,19900,19300,375979,7380522550,1145701110000,58305400
20190102,063170,서울옥션,KOSDAQ,중견기업부,9010,210,2.39,8870,9230,8860,338697,3061656680,152426675000,16917500
20190102,027040,서울전자통신,KOSDAQ,중견기업부,1180,15,1.29,1205,1215,1170,269751,322393655,76421857480,64764286
20190102,018680,서울제약,KOSDAQ,벤처기업부,5900,120,2.08,5830,6060,5790,20815,122960710,50064444100,8485499
20190102,093920,서원인텍,KOSDAQ,우량기업부,4580,-130,-2.76,4700,4710,4505,16259,74637485,85188000000,18600000
20190102,189860,서전기전,KOSDAQ,벤처기업부,4215,-70,-1.63,4450,4465,4190,103039,442165975,40880357700,9698780
20190102,178320,서진시스템,KOSDAQ,벤처기업부,17950,600,3.46,18050,18400,17650,306323,5516312500,162453477350,9050333
20190102,122690,서진오토모티브,KOSDAQ,중견기업부,2365,70,3.05,2295,2375,2225,19744,45907435,46215046790,19541246
20190102,140070,서플러스글로벌,KOSDAQ,우량기업부,2910,-155,-5.06,3105,3115,2800,90583,269770390,107635080000,36988000
20190102,011370,서한,KOSDAQ,우량기업부,1805,-55,-2.96,1880,1880,1800,1030472,1890586485,182115231325,100894865
20190102,065710,서호전기,KOSDAQ,중견기업부,11650,-100,-0.85,11850,11850,11650,3771,44135500,59997500000,5150000
20190102,035890,서희건설,KOSDAQ,우량기업부,1150,-40,-3.36,1205,1210,1145,1407763,1650569435,199487906750,173467745
20190102,003100,선광,KOSDAQ,우량기업부,17000,0,0.00,17050,17450,17000,1465,25028750,112200000000,6600000
20190102,123420,선데이토즈,KOSDAQ,우량기업부,19050,400,2.14,18800,19450,18800,117290,2246113350,182305490100,9569842
20190102,171090,선익시스템,KOSDAQ,우량기업부,7480,-70,-0.93,7650,7830,7470,22023,169081830,67314726600,8999295
20190102,014620,성광벤드,KOSDAQ,중견기업부,11050,-350,-3.07,11550,11550,10900,172070,1918917350,316030000000,28600000
20190102,037350,성도이엔지,KOSDAQ,우량기업부,4910,-30,-0.61,4940,4980,4835,29042,142177795,75957700000,15470000
20190102,081580,성우전자,KOSDAQ,우량기업부,2855,0,0.00,2870,2870,2815,18532,52687135,44275748265,15508143
20190102,045300,성우테크론,KOSDAQ,벤처기업부,3950,-100,-2.47,4040,4040,3950,14566,58164455,35763517250,9054055
20190102,015750,성우하이텍,KOSDAQ,우량기업부,3540,-100,-2.75,3650,3655,3535,231146,828317460,283200000000,80000000
20190102,080470,성창오토텍,KOSDAQ,중견기업부,8520,140,1.67,8530,8850,8260,897256,7680977610,62196000000,7300000
20190102,043260,성호전자,KOSDAQ,벤처기업부,918,28,3.15,890,929,885,128266,116906418,28377776898,30912611
20190102,053060,세동,KOSDAQ,중견기업부,576,10,1.77,569,594,566,80565,46713190,12332736000,21411000
20190102,017510,세명전기,KOSDAQ,벤처기업부,6790,-240,-3.41,7230,7300,6710,232602,1632725320,103520340000,15246000
20190102,214310,세미콘라이트,KOSDAQ,투자주의환기종목(소속부없음),986,-69,-6.54,1075,1075,968,1194425,1199262409,64425912452,65340682
20190102,011560,세보엠이씨,KOSDAQ,우량기업부,8950,-250,-2.72,9410,9410,8830,44393,401712310,94243500000,10530000
20190102,100700,세운메디칼,KOSDAQ,우량기업부,3780,10,0.27,3870,3945,3770,409726,1576458315,165564000000,43800000
20190102,234100,세원,KOSDAQ,벤처기업부,2560,170,7.11,2440,2575,2355,1668364,4153528865,57300441600,22382985
20190102,024830,세원물산,KOSDAQ,우량기업부,5210,50,0.97,5180,5260,5160,1868,9666710,43503500000,8350000
20190102,258830,세종메디칼,KOSDAQ,벤처기업부,11900,1200,11.21,10750,12700,10750,232818,2765462400,80655117900,6777741
20190102,036630,세종텔레콤,KOSDAQ,중견기업부,469,-3,-0.64,481,481,468,3801399,1801566230,281552953094,600326126
20190102,039310,세중,KOSDAQ,우량기업부,3930,180,4.80,3835,3930,3800,173635,668460455,71218151310,18121667
20190102,067770,세진티에스,KOSDAQ,중견기업부,2705,20,0.74,2685,2710,2660,4890,13099695,22712784065,8396593
20190102,053450,세코닉스,KOSDAQ,우량기업부,8030,380,4.97,7770,8140,7770,258827,2058854600,90328755330,11248911
20190102,252500,세화피앤씨,KOSDAQ,중견기업부,2675,0,0.00,2755,2755,2635,230395,617374825,55488046625,20743195
20190102,049180,셀루메드,KOSDAQ,벤처기업부,9150,60,0.66,9250,9410,9020,794783,7320117050,186916300650,20428011
20190102,268600,셀리버리,KOSDAQ,기술성장기업부,22500,100,0.45,22900,23250,21700,187519,4220525350,171283657500,7612607
20190102,108860,셀바스AI,KOSDAQ,벤처기업부,4330,180,4.34,4200,4440,4200,294260,1266277605,95502241850,22055945
20190102,208370,셀바스헬스케어,KOSDAQ,벤처기업부,3165,-55,-1.71,3250,3375,3045,58697,190864255,41610479715,13147071
20190102,068760,셀트리온제약,KOSDAQ,벤처기업부,60900,-2600,-4.09,64300,64600,60900,207700,12955513900,2074613553600,34065904
20190102,091990,셀트리온헬스케어,KOSDAQ,우량기업부,72500,-2800,-3.72,76500,77300,72500,876842,65385935700,10188174802500,140526549
20190102,053110,소리바다,KOSDAQ,벤처기업부,1055,45,4.46,1015,1100,1015,1256683,1334092555,59456710960,56357072
20190102,032680,소프트센,KOSDAQ,중견기업부,1245,0,0.00,1255,1285,1220,186327,233335185,40748051955,32729359
20190102,032685,소프트센우,KOSDAQ,중견기업부,20400,100,0.49,20500,20900,20200,1529,31096850,2914282800,142857
20190102,066910,손오공,KOSDAQ,중견기업부,2190,-40,-1.79,2235,2255,2185,21485,47528630,47952592590,21896161
20190102,043100,솔고바이오,KOSDAQ,중견기업부,396,29,7.90,369,408,369,5613268,2195494920,64043410860,161725785
20190102,154040,솔루에타,KOSDAQ,중견기업부,3400,-5,-0.15,3405,3420,3350,24232,81891005,41094392400,12086586
20190102,035610,솔본,KOSDAQ,중견기업부,4460,-10,-0.22,4515,4650,4460,33893,154989490,121963146620,27345997
20190102,036830,솔브레인,KOSDAQ,우량기업부,46600,-950,-2.00,47900,48200,46450,32863,1548369450,810759428600,17398271
20190102,230980,솔트웍스,KOSDAQ,벤처기업부,3710,10,0.27,3700,3820,3630,78004,291534590,46840256260,12625406
20190102,086980,쇼박스,KOSDAQ,우량기업부,3030,20,0.66,3010,3090,3005,114801,347337360,189678000000,62600000
20190102,050960,수산아이앤티,KOSDAQ,벤처기업부,6820,20,0.29,6800,6820,6680,1545,10473800,46041820000,6751000
20190102,084180,수성,KOSDAQ,관리종목(소속부없음),5820,0,0.00,0,0,0,0,0,63269452800,10871040
20190102,058530,슈펙스비앤피,KOSDAQ,중견기업부,991,-1,-0.10,1005,1010,980,152474,151527944,58258230156,58787316
20190102,236200,슈프리마,KOSDAQ,벤처기업부,25500,-500,-1.92,26000,26000,24900,49135,1250550800,180546961500,7080273
20190102,094840,슈프리마에이치큐,KOSDAQ,벤처기업부,6350,50,0.79,6310,6380,6220,28467,180064740,66496184000,10471840
20190102,192440,슈피겐코리아,KOSDAQ,우량기업부,53000,700,1.34,53000,53500,52200,10052,531861300,329467239000,6216363
20190102,099440,스맥,KOSDAQ,중견기업부,2940,-35,-1.18,2980,3000,2905,60518,177862415,80028222960,27220484
20190102,033790,스카이문스테크놀로지,KOSDAQ,벤처기업부,2380,15,0.63,2440,2450,2310,19920,47122705,40738698000,17117100
20190102,159910,스킨앤스킨,KOSDAQ,관리종목(소속부없음),588,-9,-1.51,597,597,579,535632,313786389,61396291656,104415462
20190102,115570,스타플렉스,KOSDAQ,중견기업부,4950,-40,-0.80,5020,5020,4900,3201,15762540,31945983300,6453734
20190102,253450,스튜디오드래곤,KOSDAQ,중견기업부,90800,-1600,-1.73,93400,94300,90700,169720,15715621900,2547075292000,28051490
20190102,013810,스페코,KOSDAQ,중견기업부,3885,-160,-3.96,4135,4150,3885,120044,479600255,56936500950,14655470
20190102,039670,스포츠서울,KOSDAQ,중견기업부,1725,30,1.77,1710,1730,1645,370069,626022790,63057564750,36555110
20190102,049830,승일,KOSDAQ,우량기업부,9190,190,2.11,8990,9190,8720,102653,919344070,56354109280,6132112
20190102,020710,시공테크,KOSDAQ,우량기업부,6000,-90,-1.48,6130,6130,5940,5587,33550010,120287820000,20047970
20190102,033170,시그네틱스,KOSDAQ,중견기업부,868,1,0.12,870,882,853,104805,91235417,74412180892,85728319
20190102,048870,시너지이노베이션,KOSDAQ,중견기업부,2120,70,3.41,2050,2145,2050,123616,260799015,121743128480,57426004
20190102,025320,시노펙스,KOSDAQ,중견기업부,2900,60,2.11,2935,2990,2820,2782829,8079668085,203426004200,70146898
20190102,269620,시스웍,KOSDAQ,벤처기업부,2400,15,0.63,2410,2470,2385,144334,348346935,43200000000,18000000
20190102,131090,시큐브,KOSDAQ,벤처기업부,1350,-10,-0.74,1370,1390,1345,165855,226127035,48600000000,36000000
20190102,001000,신라섬유,KOSDAQ,중견기업부,2165,5,0.23,2160,2190,2145,28760,62064315,52560874100,24277540
20190102,025870,신라에스지,KOSDAQ,중견기업부,4720,-25,-0.53,4710,4745,4690,11564,54398990,18880000000,4000000
20190102,215600,신라젠,KOSDAQ,기술성장기업부,73400,-100,-0.14,74500,76400,72700,1602082,119385671000,5124570222200,69817033
20190102,065350,신성델타테크,KOSDAQ,우량기업부,3335,-60,-1.77,3420,3425,3200,53250,178425960,73665304245,22088547
20190102,056000,신스타임즈,KOSDAQ,중견기업부,2380,110,4.85,2275,2395,2275,9822,23264150,33359508000,14016600
20190102,002800,신신제약,KOSDAQ,우량기업부,7280,-50,-0.68,7480,7480,7210,80741,594153380,110441240000,15170500
20190102,307180,신영스팩4호,KOSDAQ,SPAC(소속부없음),2010,0,0.00,2015,2020,2010,10487,21142480,8753550000,4355000
20190102,017000,신원종합개발,KOSDAQ,벤처기업부,4085,-15,-0.37,4060,4150,4060,15020,61520750,41127890295,10068027
20190102,012790,신일제약,KOSDAQ,중견기업부,9750,60,0.62,9700,9950,9660,8315,80920890,77025000000,7900000
20190102,138070,신진에스엠,KOSDAQ,중견기업부,5500,70,1.29,5430,5740,5420,3371,18520420,49347006500,8972183
20190102,257730,신한제3호스팩,KOSDAQ,SPAC(소속부없음),2055,5,0.24,2065,2070,2055,12615,26031845,7202775000,3505000
20190102,277480,신한제4호스팩,KOSDAQ,SPAC(소속부없음),2025,-20,-0.98,2025,2025,2025,10,20250,12170250000,6010000
20190102,056700,신화인터텍,KOSDAQ,중견기업부,1535,30,1.99,1505,1535,1500,10322,15659670,44722364685,29135091
20190102,187270,신화콘텍,KOSDAQ,벤처기업부,3100,-90,-2.82,3185,3220,3090,45825,145413100,31445919500,10143845
20190102,243840,신흥에스이씨,KOSDAQ,우량기업부,35150,-750,-2.09,36500,36550,34700,23415,830547850,230291657450,6551683
20190102,108320,실리콘웍스,KOSDAQ,우량기업부,33700,100,0.30,33600,34300,33300,42252,1422895900,548106910000,16264300
20190102,222800,심텍,KOSDAQ,우량기업부,6800,10,0.15,6800,6920,6750,54692,373416040,154720121200,22752959
20190102,036710,심텍홀딩스,KOSDAQ,우량기업부,1775,-10,-0.56,1795,1800,1760,11760,21000110,61940103575,34895833
20190102,160980,싸이맥스,KOSDAQ,우량기업부,7490,-210,-2.73,7780,7780,7480,28866,219625250,79216442060,10576294
20190102,217330,싸이토젠,KOSDAQ,기술성장기업부,10900,-100,-0.91,11400,11400,10850,50145,557881600,61409117600,5633864
20190102,010280,쌍용정보통신,KOSDAQ,관리종목(소속부없음),1365,-5,-0.36,1365,1390,1345,182866,248136675,55233406410,40464034
20190102,122800,썬텍,KOSDAQ,관리종목(소속부없음),1000,0,0.00,0,0,0,0,0,35153085000,35153085
20190102,208640,썸에이지,KOSDAQ,중견기업부,1170,-20,-1.68,1180,1220,1155,471145,560491215,89247818790,76280187
20190102,222420,쎄노텍,KOSDAQ,중견기업부,2000,-20,-0.99,2035,2070,1985,133041,267536100,79566920000,39783460
20190102,037760,쎄니트,KOSDAQ,중견기업부,1990,-30,-1.49,2040,2060,1990,139098,280096035,67327512790,33832921
20190102,136510,쎄미시스코,KOSDAQ,벤처기업부,7220,-70,-0.96,7300,7430,7220,896,6570450,38988000000,5400000
20190102,099320,쎄트렉아이,KOSDAQ,벤처기업부,24500,-250,-1.01,24800,24900,24450,5064,124531800,89669755000,3659990
20190102,049960,쎌바이오텍,KOSDAQ,우량기업부,28150,100,0.36,28450,28850,28050,61460,1744928350,264610000000,9400000
20190102,050890,쏠리드,KOSDAQ,중견기업부,3425,170,5.22,3325,3445,3300,667715,2269409345,131511982075,38397659
20190102,066790,씨씨에스,KOSDAQ,관리종목(소속부없음),423,0,0.00,0,0,0,0,0,36193713705,85564335
20190102,222080,씨아이에스,KOSDAQ,벤처기업부,2310,-15,-0.65,2350,2370,2300,383060,894749250,123873068550,53624705
20190102,264660,씨앤지하이테크,KOSDAQ,벤처기업부,11700,0,0.00,11950,11950,11550,22949,268549950,49172058000,4202740
20190102,115530,씨엔플러스,KOSDAQ,관리종목(소속부없음),839,0,0.00,0,0,0,0,0,35809930359,42681681
20190102,225330,씨엠에스에듀,KOSDAQ,우량기업부,6600,-120,-1.79,6720,6790,6600,7821,52441050,125055268800,18947768
20190102,115480,씨유메디칼,KOSDAQ,벤처기업부,2195,-45,-2.01,2255,2255,2195,28004,61983735,34880698905,15890979
20190102,096530,씨젠,KOSDAQ,우량기업부,15600,-400,-2.50,16200,16300,15500,107409,1699208450,409250712000,26234020
20190102,900120,씨케이에이치,KOSDAQ,외국기업(소속부없음),306,0,0.00,310,313,300,423765,129536889,33783763842,110404457
20190102,101240,씨큐브,KOSDAQ,벤처기업부,6700,10,0.15,6740,6790,6550,9632,63997570,53937954700,8050441
20190102,047920,씨트리,KOSDAQ,기술성장기업부,4200,-25,-0.59,4275,4445,4200,111030,475703560,58163166600,13848373
20190102,060590,씨티씨바이오,KOSDAQ,중견기업부,8100,0,0.00,8110,8220,7900,64840,521152290,156415228200,19310522
20190102,036170,씨티젠,KOSDAQ,중견기업부,2710,160,6.27,2600,2820,2560,898476,2398648330,79868166080,29471648
20190102,260930,씨티케이코스메틱스,KOSDAQ,벤처기업부,20950,-50,-0.24,21400,21400,20850,4765,100160600,212059063450,10122151
20190102,013990,아가방컴퍼니,KOSDAQ,중견기업부,3720,-35,-0.93,3755,3880,3715,79876,302806815,122341633920,32887536
20190102,123860,아나패스,KOSDAQ,벤처기업부,18650,100,0.54,18850,18850,18500,17132,319577250,188881605000,10127700
20190102,025980,아난티,KOSDAQ,우량기업부,19800,1050,5.60,19450,19900,18550,5371377,103092755800,1629954117000,82320915
20190102,058220,아리온,KOSDAQ,중견기업부,1010,5,0.50,1060,1060,1005,438037,445852305,90360296400,89465640
20190102,052710,아모텍,KOSDAQ,우량기업부,17700,-300,-1.67,18250,18450,17550,49230,885281900,172458286200,9743406
20190102,074430,아미노로직스,KOSDAQ,벤처기업부,1720,5,0.29,1730,1775,1720,124692,217346230,151062171680,87826844
20190102,092040,아미코젠,KOSDAQ,기술성장기업부,33900,-200,-0.59,34500,34700,33200,145684,4955978750,650592189000,19191510
20190102,083930,아바코,KOSDAQ,우량기업부,5820,-30,-0.51,5890,5990,5750,26454,154974490,93099659100,15996505
20190102,149950,아바텍,KOSDAQ,우량기업부,5310,-30,-0.56,5340,5370,5250,2272,12059600,82875825000,15607500
20190102,036010,아비코전자,KOSDAQ,우량기업부,5530,-70,-1.25,5660,5690,5510,26023,144687040,73509925020,13292934
20190102,050860,아세아텍,KOSDAQ,우량기업부,2850,-50,-1.72,2900,2900,2840,17884,51159785,49875000000,17500000
20190102,246720,아스타,KOSDAQ,기술성장기업부,8290,-70,-0.84,8480,8650,8100,24854,210247940,95190115670,11482523
20190102,067390,아스트,KOSDAQ,우량기업부,10400,100,0.97,10400,10500,10150,108475,1119031700,163437008800,15715097
20190102,127710,아시아경제,KOSDAQ,중견기업부,2280,-70,-2.98,2350,2350,2280,62299,142944990,57556388400,25244030
20190102,154030,아시아종묘,KOSDAQ,기술성장기업부,5700,-200,-3.39,6040,6050,5690,207023,1205967800,52528572300,9215539
20190102,227610,아우딘퓨쳐스,KOSDAQ,벤처기업부,14850,-900,-5.71,15950,16050,14800,77463,1177795800,148500000000,10000000
20190102,143160,아이디스,KOSDAQ,우량기업부,21000,-150,-0.71,21400,21650,20700,131531,2780403500,225044190000,10716390
20190102,054800,아이디스홀딩스,KOSDAQ,우량기업부,13600,0,0.00,13600,13650,13400,1303,17612150,140729481600,10347756
20190102,060570,아이리버,KOSDAQ,중견기업부,6700,-60,-0.89,7080,7080,6690,173069,1173445490,372240469300,55558279
20190102,099190,아이센스,KOSDAQ,우량기업부,22900,400,1.78,22550,23200,22550,58010,1332122650,314582750200,13737238
20190102,214430,아이쓰리시스템,KOSDAQ,우량기업부,16400,-300,-1.80,16900,16900,16350,16438,271305700,116550864000,7106760
20190102,040910,아이씨디,KOSDAQ,우량기업부,6600,-120,-1.79,6690,6750,6600,28990,193408880,110526880200,16746497
20190102,068940,아이씨케이,KOSDAQ,중견기업부,1220,15,1.24,1225,1245,1190,117993,142180700,38039260840,31179722
20190102,052860,아이앤씨,KOSDAQ,벤처기업부,3085,10,0.33,3290,3300,3080,10941,34523095,48727692230,15795038
20190102,069920,아이에스이커머스,KOSDAQ,벤처기업부,4065,35,0.87,4030,4140,3945,4721,18949795,103714788045,25514093
20190102,038880,아이에이,KOSDAQ,벤처기업부,3070,30,0.99,3095,3105,3015,89916,275165625,126754344200,41288060
20190102,101390,아이엠,KOSDAQ,중견기업부,1230,35,2.93,1220,1245,1200,343600,420717700,46213571070,37572009
20190102,226350,아이엠텍,KOSDAQ,중견기업부,1675,385,29.84,1290,1675,1290,5038642,7905820180,34295668550,20475026
20190102,078860,아이오케이,KOSDAQ,중견기업부,1840,10,0.55,1825,1865,1800,78540,143346580,73135707280,39747667
20190102,114810,아이원스,KOSDAQ,우량기업부,7290,-200,-2.67,7550,7550,7200,50467,370113980,97802049510,13415919
20190102,031310,아이즈비전,KOSDAQ,중견기업부,4680,40,0.86,4680,4815,4650,312776,1478583785,73815646320,15772574
20190102,185490,아이진,KOSDAQ,기술성장기업부,13800,-550,-3.83,14500,14850,13450,116359,1631987450,151725369600,10994592
20190102,059100,아이컴포넌트,KOSDAQ,벤처기업부,6490,-70,-1.07,6550,6550,6270,22934,146675670,45889881400,7070860
20190102,175250,아이큐어,KOSDAQ,기술성장기업부,32950,-100,-0.30,33100,34450,32500,72104,2414128000,201769918100,6123518
20190102,052460,아이크래프트,KOSDAQ,중견기업부,2665,-60,-2.20,2775,2775,2660,59596,161116845,38930149440,14607936
20190102,119830,아이텍반도체,KOSDAQ,중견기업부,13250,0,0.00,13400,13400,12900,14322,187720400,84548859500,6381046
20190102,124500,아이티센,KOSDAQ,중견기업부,3170,-240,-7.04,3315,3415,3035,167215,548330905,49771161940,15700682
20190102,027360,아주IB투자,KOSDAQ,중견기업부,1090,-10,-0.91,1125,1130,1080,532358,584691155,129398314500,118714050
20190102,032080,아즈텍WB,KOSDAQ,중견기업부,1825,65,3.69,1770,1875,1760,88970,160605660,38172948300,20916684
20190102,013310,아진산업,KOSDAQ,우량기업부,2050,10,0.49,2085,2120,2040,86667,179434790,60951799250,29732585
20190102,059120,아진엑스텍,KOSDAQ,벤처기업부,7700,10,0.13,7700,7800,7680,10240,79142750,53483545500,6945915
20190102,023890,아트라스BX,KOSDAQ,우량기업부,51900,-100,-0.19,51300,52200,51300,77,3989800,474885000000,9150000
20190102,067160,아프리카TV,KOSDAQ,우량기업부,38300,-1100,-2.79,39600,39800,38000,127097,4897028250,440249576100,11494767
20190102,001540,안국약품,KOSDAQ,우량기업부,9750,-150,-1.52,9920,10000,9630,15828,155202750,127163595000,13042420
20190102,053800,안랩,KOSDAQ,우량기업부,46150,-250,-0.54,46850,46850,46150,51420,2389224200,462139408250,10013855
20190102,065660,안트로젠,KOSDAQ,기술성장기업부,69000,-1700,-2.40,70800,71600,67900,92940,6502028000,582342819000,8439751
20190102,260660,알리코제약,KOSDAQ,중견기업부,12100,-250,-2.02,12350,12550,11650,26077,315283150,116106457500,9595575
20190102,131370,알서포트,KOSDAQ,벤처기업부,2055,-35,-1.67,2120,2145,2050,65859,136719970,109463855565,53267083
20190102,140670,알에스오토메이션,KOSDAQ,우량기업부,10750,-350,-3.15,11200,11250,10450,143131,1546273900,97858755000,9103140
20190102,096610,알에프세미,KOSDAQ,중견기업부,5750,80,1.41,5700,5840,5600,85852,491254090,46695577500,8120970
20190102,061040,알에프텍,KOSDAQ,우량기업부,6820,230,3.49,6640,6870,6610,318803,2159928990,129921000000,19050000
20190102,148250,알엔투테크놀로지,KOSDAQ,중견기업부,8930,-70,-0.78,9150,9150,8850,9053,81078890,56517452060,6328942
20190102,196170,알테오젠,KOSDAQ,기술성장기업부,30900,2300,8.04,29300,30900,29300,232331,6998269050,390675807000,12643230
20190102,123750,알톤스포츠,KOSDAQ,중견기업부,3660,-200,-5.18,3860,3955,3655,34605,129912740,46651447020,12746297
20190102,085810,알티캐스트,KOSDAQ,중견기업부,2935,-160,-5.17,3065,3110,2925,95147,283809530,62289974600,21223160
20190102,117670,알파홀딩스,KOSDAQ,중견기업부,11250,-250,-2.17,11600,11800,11100,132023,1506239750,147874950000,13144440
20190102,196300,애니젠,KOSDAQ,기술성장기업부,13750,-50,-0.36,13900,14150,13600,16513,229385100,68972268750,5016165
20190102,205500,액션스퀘어,KOSDAQ,중견기업부,1870,110,6.25,1800,1910,1770,116586,215489750,49527849470,26485481
20190102,052790,액토즈소프트,KOSDAQ,중견기업부,10150,650,6.84,11250,11350,10050,133761,1431206690,115005975700,11330638
20190102,131400,액트,KOSDAQ,중견기업부,2660,-10,-0.37,2670,2775,2550,31405,82995610,46195589580,17366763
20190102,290740,액트로,KOSDAQ,벤처기업부,13150,0,0.00,13250,13600,13000,12281,162299900,66145210100,5030054
20190102,238090,앤디포스,KOSDAQ,우량기업부,14800,300,2.07,14650,15500,14500,225899,3400686050,244764590400,16538148
20190102,174900,앱클론,KOSDAQ,기술성장기업부,42700,2050,5.04,41450,43300,40950,237406,10096667650,305732000000,7160000
20190102,255440,야스,KOSDAQ,우량기업부,15200,-400,-2.56,15600,15800,15200,8653,134090950,198481600000,13058000
20190102,030960,양지사,KOSDAQ,중견기업부,8670,-70,-0.80,8810,8870,8590,16221,141385720,138546600000,15980000
20190102,102120,어보브반도체,KOSDAQ,벤처기업부,4335,125,2.97,4260,4370,4220,69412,297610665,75687595755,17459653
20190102,041590,에너전트,KOSDAQ,중견기업부,2290,15,0.66,2255,2350,2255,81818,186631375,101847269100,44474790
20190102,019990,에너토크,KOSDAQ,중견기업부,4055,-65,-1.58,4170,4170,3960,11267,45819635,39560936840,9756088
20190102,041440,에버다임,KOSDAQ,우량기업부,5650,-80,-1.40,5760,5880,5650,22922,131318540,101225083600,17915944
20190102,038680,에스넷,KOSDAQ,중견기업부,4050,-5,-0.12,4055,4095,4000,41588,167260750,65104620750,16075215
20190102,217480,에스디생명공학,KOSDAQ,우량기업부,8380,-340,-3.90,8760,8850,8380,120120,1029135190,187838253080,22415066
20190102,121890,에스디시스템,KOSDAQ,벤처기업부,1845,0,0.00,1845,1885,1815,6590,12181210,16167140910,8762678
20190102,030270,에스마크,KOSDAQ,투자주의환기종목(소속부없음),76,0,0.00,0,0,0,0,0,11495305976,151254026
20190102,097780,에스맥,KOSDAQ,중견기업부,1010,5,0.50,1030,1030,1000,1244453,1253508235,223147656740,220938274
20190102,073070,에스모,KOSDAQ,우량기업부,7040,-30,-0.42,7150,7180,7010,599753,4246311290,616058960000,87508375
20190102,042110,에스씨디,KOSDAQ,우량기업부,1455,335,29.91,1200,1455,1160,25267154,35232851030,70319515620,48329564
20190102,065420,에스아이리소스,KOSDAQ,중견기업부,599,42,7.54,564,679,564,2313843,1437062242,31645766005,52830995
20190102,103230,에스앤더블류,KOSDAQ,중견기업부,14800,250,1.72,14400,14850,14400,39352,577930850,106560000000,7200000
20190102,900080,에스앤씨엔진그룹,KOSDAQ,외국기업(소속부없음),565,0,0.00,570,574,550,102495,57595948,65110413550,115239670
20190102,101490,에스앤에스텍,KOSDAQ,우량기업부,3885,115,3.05,3765,3940,3725,134400,516340060,76671760935,19735331
20190102,095910,에스에너지,KOSDAQ,중견기업부,5730,-190,-3.21,5960,5960,5720,45558,265262420,76577559330,13364321
20190102,275630,에스에스알,KOSDAQ,벤처기업부,8950,-50,-0.56,9140,9380,8950,67746,622375680,50679974650,5662567
20190102,031330,에스에이엠티,KOSDAQ,우량기업부,1600,-50,-3.03,1655,1660,1580,877701,1415655810,159992107200,99995067
20190102,060540,에스에이티,KOSDAQ,벤처기업부,1810,55,3.13,1770,1845,1755,162213,290727080,47301283860,26133306
20190102,112240,에스에프씨,KOSDAQ,중견기업부,3000,95,3.27,2995,3090,2950,702680,2118283210,131945502000,43981834
20190102,056190,에스에프에이,KOSDAQ,우량기업부,34650,50,0.14,34600,35250,34500,97392,3397730250,1244238534000,35908760
20190102,080000,에스엔유,KOSDAQ,벤처기업부,2870,-35,-1.20,2930,2950,2845,58073,166945480,98506636900,34322870
20190102,160600,에스엔텍,KOSDAQ,벤처기업부,5650,-80,-1.40,5840,5840,5630,12593,71375490,66416117250,11755065
20190102,263920,에스엔피월드,KOSDAQ,중견기업부,15900,600,3.92,15500,16750,15500,69179,1110883200,125237622000,7876580
20190102,041510,에스엠,KOSDAQ,우량기업부,51100,-1200,-2.29,51900,52600,50800,173503,8886553800,1176391036100,23021351
20190102,007820,에스엠코어,KOSDAQ,중견기업부,8260,-400,-4.62,8660,8720,8230,97666,820751310,165480393960,20033946
20190102,109610,에스와이패널,KOSDAQ,우량기업부,5610,-70,-1.23,5800,5880,5570,104978,600988050,139965730080,24949328
20190102,080440,에스제이케이,KOSDAQ,투자주의환기종목(소속부없음),3250,-20,-0.61,3300,3385,3205,56568,184862840,23388072500,7196330
20190102,096630,에스코넥,KOSDAQ,우량기업부,1620,-20,-1.22,1645,1665,1595,460623,750372970,105730472880,65265724
20190102,069510,에스텍,KOSDAQ,우량기업부,9880,40,0.41,9900,9950,9830,2544,25104420,107790800000,10910000
20190102,041910,에스텍파마,KOSDAQ,중견기업부,8220,-20,-0.24,8340,8400,8150,34423,285170670,97803721860,11898263
20190102,234300,에스트래픽,KOSDAQ,중견기업부,9950,-300,-2.93,10500,10500,9940,140678,1425608390,118615741000,11921180
20190102,039440,에스티아이,KOSDAQ,우량기업부,9010,-150,-1.64,9200,9300,8990,37671,343144780,142628300000,15830000
20190102,098660,에스티오,KOSDAQ,중견기업부,2545,-140,-5.21,2680,2680,2415,77820,194626335,21518341480,8455144
20190102,052020,에스티큐브,KOSDAQ,중견기업부,23100,100,0.43,22750,23300,22600,354767,8149998550,617015807100,26710641
20190102,237690,에스티팜,KOSDAQ,우량기업부,19350,-450,-2.27,19950,19950,19300,40311,788810550,360993600000,18656000
20190102,050760,에스폴리텍,KOSDAQ,중견기업부,1820,-25,-1.36,1830,1845,1790,13153,23888430,29729113960,16334678
20190102,288620,에스퓨얼셀,KOSDAQ,중견기업부,30700,0,0.00,31450,32400,29900,454452,14119030850,176350501200,5744316
20190102,058610,에스피지,KOSDAQ,우량기업부,6560,60,0.92,6630,6650,6420,63911,419166570,136952956000,20876975
20190102,043340,에쎈테크,KOSDAQ,중견기업부,962,8,0.84,954,964,949,211842,202251902,69264000000,72000000
20190102,054630,에이디칩스,KOSDAQ,벤처기업부,1460,-10,-0.68,1480,1525,1450,246354,367316830,36050566740,24692169
20190102,200710,에이디테크놀로지,KOSDAQ,벤처기업부,9970,180,1.84,9900,10250,9860,78597,790160530,92250206630,9252779
20190102,298380,에이비엘바이오,KOSDAQ,기술성장기업부,22450,2450,12.25,21150,24550,20850,6009672,135532788900,1000978150000,44587000
20190102,003800,에이스침대,KOSDAQ,중견기업부,23300,-100,-0.43,23400,23400,23050,1036,24010750,258397000000,11090000
20190102,088800,에이스테크,KOSDAQ,중견기업부,5360,260,5.10,5270,5500,5180,2188299,11697135560,182888313440,34120954
20190102,138360,에이씨티,KOSDAQ,벤처기업부,4230,-95,-2.20,4435,4515,4120,528873,2289956350,115344629820,27268234
20190102,039230,에이아이비트,KOSDAQ,중견기업부,1155,-35,-2.94,1195,1240,1135,419865,494890400,65990119965,57134303
20190102,050320,에이앤티앤,KOSDAQ,관리종목(소속부없음),3220,0,0.00,0,0,0,0,0,72970870420,22661761
20190102,072990,에이치시티,KOSDAQ,중견기업부,9050,140,1.57,9590,11550,9030,594647,6159310660,41448402700,4579934
20190102,176440,에이치엔티,KOSDAQ,벤처기업부,3345,330,10.95,3090,3545,3015,1798941,6027987525,44830359000,13402200
20190102,028300,에이치엘비,KOSDAQ,중견기업부,76300,-3600,-4.51,81000,81500,75400,910982,71268973600,2988784839600,39171492
20190102,067630,에이치엘비생명과학,KOSDAQ,중견기업부,16000,-1200,-6.98,17300,17400,16000,772905,12737131850,580778000000,36298625
20190102,043220,에이치엘비파워,KOSDAQ,중견기업부,809,54,7.15,788,815,759,1145608,908417933,48314195156,59720884
20190102,239610,에이치엘사이언스,KOSDAQ,벤처기업부,41000,-2100,-4.87,43100,43100,39850,88645,3616023850,210828068000,5142148
20190102,044780,에이치케이,KOSDAQ,벤처기업부,1315,-20,-1.50,1370,1370,1300,204113,269525805,24269359905,18455787
20190102,033600,에이코넬,KOSDAQ,중견기업부,1810,40,2.26,1760,1830,1760,273080,490989630,26162988900,14454690
20190102,071670,에이테크솔루션,KOSDAQ,중견기업부,7950,150,1.92,7810,7990,7720,76813,603903270,79500000000,10000000
20190102,045660,에이텍,KOSDAQ,벤처기업부,7380,-20,-0.27,7500,7520,7300,120545,892102340,60958800000,8260000
20190102,224110,에이텍티앤,KOSDAQ,벤처기업부,7520,20,0.27,7500,7650,7410,8914,66950500,40156800000,5340000
20190102,021080,에이티넘인베스트,KOSDAQ,벤처기업부,2000,-25,-1.23,2060,2085,1950,398996,803441995,96000000000,48000000
20190102,089530,에이티세미콘,KOSDAQ,투자주의환기종목(소속부없음),570,22,4.01,560,572,550,89203,49980513,40551196500,71142450
20190102,182400,에이티젠,KOSDAQ,기술성장기업부,12300,-650,-5.02,13000,13000,12300,68740,864129800,305223159300,24814891
20190102,109960,에이프로젠 H&G,KOSDAQ,중견기업부,736,1,0.14,745,745,711,160245,117217319,131519679712,178695217
20190102,089970,에이피티씨,KOSDAQ,벤처기업부,5420,-280,-4.91,5700,5700,5420,112355,623207350,125931504900,23234595
20190102,214870,에치디프로,KOSDAQ,중견기업부,4595,50,1.10,4400,4770,4400,280117,1293647525,66882099760,14555408
20190102,230240,에치에프알,KOSDAQ,중견기업부,2425,155,6.83,2270,2430,2230,1326006,3114710955,142857002200,58910104
20190102,064510,에코마이스터,KOSDAQ,기술성장기업부,10100,-950,-8.60,11150,11200,10050,980529,10293507880,127857990700,12659207
20190102,230360,에코마케팅,KOSDAQ,중견기업부,11500,100,0.88,11500,11700,11200,140774,1612724900,186287775500,16198937
20190102,038870,에코바이오,KOSDAQ,중견기업부,7270,580,8.67,6990,7300,6790,794644,5630948090,83804866840,11527492
20190102,128540,에코캡,KOSDAQ,벤처기업부,3630,-40,-1.09,3715,3765,3560,659572,2402494030,52848444000,14558800
20190102,086520,에코프로,KOSDAQ,중견기업부,31950,-1050,-3.18,33600,33700,31850,446760,14515604750,705781602450,22090191
20190102,038110,에코플라스틱,KOSDAQ,중견기업부,1335,40,3.09,1300,1380,1290,447308,595933035,34268608950,25669370
20190102,073540,에프알텍,KOSDAQ,벤처기업부,3200,110,3.56,3075,3245,3075,184736,587639595,36480000000,11400000
20190102,064090,에프앤리퍼블릭,KOSDAQ,중견기업부,1685,5,0.30,1705,1705,1670,90244,151914380,100701391345,59763437
20190102,036810,에프에스티,KOSDAQ,우량기업부,3710,-85,-2.24,3795,3860,3660,42742,159569690,75067449940,20233814
20190102,173940,에프엔씨엔터,KOSDAQ,중견기업부,8480,590,7.48,8000,8610,8000,195383,1633677070,121814182400,14364880
20190102,083500,에프엔에스테크,KOSDAQ,벤처기업부,5370,1235,29.87,4140,5370,4140,842717,4334019635,37673154450,7015485
20190102,065160,에프티이앤이,KOSDAQ,투자주의환기종목(소속부없음),87,0,0.00,0,0,0,0,0,5915212737,67990951
20190102,054940,엑사이엔씨,KOSDAQ,벤처기업부,1190,5,0.42,1185,1240,1185,73927,89189745,39476522120,33173548
20190102,950130,엑세스바이오,KOSDAQ,외국기업(소속부없음),4410,125,2.92,4375,4600,4355,384521,1716947280,119356341300,27064930
20190102,205100,엑셈,KOSDAQ,벤처기업부,2730,-60,-2.15,2805,2815,2715,34750,95777475,90770758260,33249362
20190102,092870,엑시콘,KOSDAQ,우량기업부,5870,90,1.56,5830,5900,5730,49720,288453060,52146145000,8883500
20190102,067570,엔브이에이치코리아,KOSDAQ,우량기업부,2155,10,0.47,2145,2160,2145,14024,30140820,61896388410,28722222
20190102,101400,엔시트론,KOSDAQ,벤처기업부,665,-10,-1.48,674,676,663,91680,61205023,68816461665,103483401
20190102,217820,엔에스,KOSDAQ,벤처기업부,9860,-130,-1.30,10100,10150,9860,6318,63097760,48314000000,4900000
20190102,031860,엔에스엔,KOSDAQ,중견기업부,1550,-15,-0.96,1580,1590,1530,64111,100301810,32662536200,21072604
20190102,256630,엔에이치스팩10호,KOSDAQ,SPAC(소속부없음),2025,-15,-0.74,2040,2040,2025,5702,11546580,14175000000,7000000
20190102,256840,엔에이치스팩11호,KOSDAQ,SPAC(소속부없음),2040,-5,-0.24,2045,2045,2030,22,44685,13933200000,6830000
20190102,273060,엔에이치스팩12호,KOSDAQ,SPAC(소속부없음),2025,-5,-0.25,2025,2025,2025,10,20250,15207750000,7510000
20190102,310840,엔에이치스팩13호,KOSDAQ,SPAC(소속부없음),2005,0,0.00,2010,2010,2005,18007,36193655,6857100000,3420000
20190102,208860,엔지스테크널러지,KOSDAQ,벤처기업부,5900,550,10.28,5310,6780,5310,117299,727254370,55351086000,9381540
20190102,183490,엔지켐생명과학,KOSDAQ,기술성장기업부,98800,-100,-0.10,101000,101000,98000,52293,5188211900,763598721600,7728732
20190102,206400,엔터메이트,KOSDAQ,중견기업부,1000,-5,-0.50,1030,1035,993,789133,801910037,44197443000,44197443
20190102,069410,엔텔스,KOSDAQ,벤처기업부,11200,800,7.69,10400,11650,10250,41764,461287350,77271342400,6899227
20190102,048830,엔피케이,KOSDAQ,중견기업부,1880,5,0.27,1900,1915,1845,107297,201390015,35200975240,18723923
20190102,096870,엘디티,KOSDAQ,벤처기업부,2530,-110,-4.17,2640,2690,2525,15632,40773855,16896352000,6678400
20190102,061970,엘비세미콘,KOSDAQ,우량기업부,4305,220,5.39,4150,4375,4090,6012019,25701770750,188492668560,43784592
20190102,138690,엘아이에스,KOSDAQ,중견기업부,12350,150,1.23,12200,12550,12200,76174,943986550,190496082400,15424784
20190102,290650,엘앤씨바이오,KOSDAQ,벤처기업부,19900,250,1.27,20000,20550,19700,99628,1999643050,143963206800,7234332
20190102,066970,엘앤에프,KOSDAQ,우량기업부,34800,-1600,-4.40,36900,36950,34500,312624,11007593450,861567090000,24757675
20190102,156100,엘앤케이바이오,KOSDAQ,중견기업부,7150,-20,-0.28,7160,7290,7120,23470,168646820,77067962400,10778736
20190102,073110,엘엠에스,KOSDAQ,벤처기업부,6350,-110,-1.70,6460,6530,6350,36101,232054040,56488044250,8895755
20190102,083310,엘오티베큠,KOSDAQ,우량기업부,6690,-100,-1.47,6790,6870,6640,22433,151043400,88697732640,13258256
20190102,037950,엘컴텍,KOSDAQ,우량기업부,1915,70,3.79,1860,1930,1830,1897227,3596223605,161716998885,84447519
20190102,170920,엘티씨,KOSDAQ,벤처기업부,9310,-400,-4.12,9640,9650,9270,24364,229129420,70010669330,7519943
20190102,058630,엠게임,KOSDAQ,벤처기업부,3060,90,3.03,3175,3260,3010,1635482,5100729980,59804263620,19543877
20190102,019590,엠벤처투자,KOSDAQ,투자주의환기종목(소속부없음),587,0,0.00,0,0,0,0,0,69547815765,118480095
20190102,097520,엠씨넥스,KOSDAQ,중견기업부,13000,50,0.39,13200,13500,13000,162941,2152627950,184147509000,14165193
20190102,179290,엠아이텍,KOSDAQ,중견기업부,3380,150,4.64,3350,3620,3300,2620846,9100849525,102831626040,30423558
20190102,009780,엠에스씨,KOSDAQ,우량기업부,7510,10,0.13,7700,7700,7470,7111,53443270,132176000000,17600000
20190102,123040,엠에스오토텍,KOSDAQ,우량기업부,2015,-70,-3.36,2120,2120,2000,375461,770310535,54818119330,27205022
20190102,032790,엠젠플러스,KOSDAQ,벤처기업부,6290,120,1.94,6200,6480,6200,100792,640783170,91651854180,14571042
20190102,033160,엠케이전자,KOSDAQ,우량기업부,8370,-40,-0.48,8410,8510,8150,28560,238147520,182530356930,21807689
20190102,204020,엠코르셋,KOSDAQ,중견기업부,7050,-140,-1.95,7230,7240,7050,45279,323165540,71019690750,10073715
20190102,259630,엠플러스,KOSDAQ,벤처기업부,17250,350,2.07,17300,17300,16800,17525,298951050,88180102500,5111890
20190102,115960,연우,KOSDAQ,우량기업부,21900,-1000,-4.37,23150,23250,21900,58455,1298509400,271516200000,12398000
20190102,090740,연이정보통신,KOSDAQ,중견기업부,3310,30,0.91,3325,3710,3300,519103,1806268140,52960000000,16000000
20190102,007530,영신금속,KOSDAQ,중견기업부,1665,15,0.91,1660,1730,1650,60680,101723230,21366891720,12832968
20190102,143540,영우디에스피,KOSDAQ,벤처기업부,845,20,2.42,826,845,826,59308,49551710,10304323770,12194466
20190102,036180,영인프런티어,KOSDAQ,중견기업부,6070,130,2.19,6070,6270,5990,272536,1678750850,106834069870,17600341
20190102,036560,영풍정밀,KOSDAQ,우량기업부,7850,40,0.51,7880,7920,7800,17098,134046320,123637500000,15750000
20190102,265560,영화테크,KOSDAQ,벤처기업부,11450,100,0.88,11350,11850,11350,22158,255922350,61201280500,5345090
20190102,036000,예림당,KOSDAQ,중견기업부,5390,-10,-0.19,5450,5490,5320,99662,538095690,124154753030,23034277
20190102,053280,예스24,KOSDAQ,중견기업부,4780,-20,-0.42,4805,4805,4750,4781,22877255,82216000000,17200000
20190102,122640,예스티,KOSDAQ,우량기업부,7190,-330,-4.39,7530,7560,7150,143133,1041020530,79103193650,11001835
20190102,900300,오가닉티코스메틱,KOSDAQ,외국기업(소속부없음),2645,0,0.00,2670,2690,2620,144775,382749480,150566625000,56925000
20190102,045060,오공,KOSDAQ,중견기업부,3160,-20,-0.63,3175,3200,3150,92410,293475865,53536637840,16941974
20190102,080520,오디텍,KOSDAQ,우량기업부,5770,-110,-1.87,5870,5960,5770,15604,91297420,67777933930,11746609
20190102,039830,오로라,KOSDAQ,우량기업부,8520,-30,-0.35,8690,8690,8470,7977,67886460,91699822800,10762890
20190102,046120,오르비텍,KOSDAQ,벤처기업부,4470,-95,-2.08,4660,4665,4390,559825,2537248560,106343861310,23790573
20190102,014940,오리엔탈정공,KOSDAQ,중견기업부,715,4,0.56,739,739,706,38458,27564328,32585167615,45573661
20190102,065500,오리엔트정공,KOSDAQ,중견기업부,469,4,0.86,465,477,465,702257,329496709,54973629578,117214562
20190102,010470,오리콤,KOSDAQ,우량기업부,4950,-160,-3.13,5150,5150,4915,70833,354329405,56918812500,11498750
20190102,053980,오상자이엘,KOSDAQ,중견기업부,6640,-90,-1.34,6900,7130,6580,84182,576954250,117845936480,17747882
20190102,052420,오성첨단소재,KOSDAQ,중견기업부,2060,-90,-4.19,2165,2180,2060,150016,315624590,102418871940,49717899
20190102,241790,오션브릿지,KOSDAQ,벤처기업부,7540,10,0.13,7690,7690,7250,10971,81140680,68802349200,9124980
20190102,039200,오스코텍,KOSDAQ,벤처기업부,21050,-1550,-6.86,22200,22700,20600,538143,11502424650,573629066350,27250787
20190102,226400,오스테오닉,KOSDAQ,기술성장기업부,4080,10,0.25,4240,4240,4070,14839,60942370,34510541280,8458466
20190102,031510,오스템,KOSDAQ,우량기업부,4025,225,5.92,3810,4065,3810,264486,1057058625,104650000000,26000000
20190102,048260,오스템임플란트,KOSDAQ,우량기업부,51000,-2500,-4.67,53900,53900,50900,51227,2642748900,728571567000,14285717
20190102,138080,오이솔루션,KOSDAQ,벤처기업부,17000,0,0.00,17350,18300,16850,325868,5699317000,131572044000,7739532
20190102,080580,오킨스전자,KOSDAQ,벤처기업부,2640,55,2.13,2595,2650,2595,8691,22761055,16368000000,6200000
20190102,067170,오텍,KOSDAQ,우량기업부,10750,250,2.38,10700,10950,10600,148786,1602000600,165459753750,15391605
20190102,173130,오파스넷,KOSDAQ,기술성장기업부,12900,250,1.98,13100,13700,12550,1214980,16054669750,51934135800,4025902
20190102,049480,오픈베이스,KOSDAQ,중견기업부,2150,15,0.70,2175,2240,2150,387905,850542565,67558123450,31422383
20190102,226950,올릭스,KOSDAQ,기술성장기업부,63400,-5000,-7.31,68400,68700,62700,258853,16910399800,412348591400,6503921
20190102,057540,옴니시스템,KOSDAQ,우량기업부,1765,0,0.00,1800,1800,1755,132862,235986000,71798461475,40679015
20190102,057680,옴니텔,KOSDAQ,중견기업부,1730,0,0.00,1740,1765,1705,67883,117407665,58298647200,33698640
20190102,123010,옵토팩,KOSDAQ,기술성장기업부,3935,175,4.65,3945,3945,3750,1752,6775915,19625454415,4987409
20190102,082210,옵트론텍,KOSDAQ,우량기업부,4500,100,2.27,4400,4505,4365,57472,255540575,101522821500,22560627
20190102,109080,옵티시스,KOSDAQ,벤처기업부,7090,-80,-1.12,7200,7290,7090,23218,166461820,39959240000,5636000
20190102,153710,옵티팜,KOSDAQ,기술성장기업부,9130,-60,-0.65,9260,9400,9020,209429,1927408590,129803565540,14217258
20190102,052770,와이디온라인,KOSDAQ,투자주의환기종목(소속부없음),803,-20,-2.43,838,838,798,1433174,1164595250,25232985382,31423394
20190102,057030,와이비엠넷,KOSDAQ,중견기업부,3125,80,2.63,3200,3295,2920,1212474,3792500510,50977178125,16312697
20190102,122990,와이솔,KOSDAQ,우량기업부,15800,350,2.27,15850,16200,15600,559812,8903196300,381679667800,24156941
20190102,232140,와이아이케이,KOSDAQ,우량기업부,2700,5,0.19,2685,2770,2680,77094,208344990,166828831200,61788456
20190102,067900,와이엔텍,KOSDAQ,우량기업부,4350,-130,-2.90,4500,4515,4320,91944,405503610,79168516650,18199659
20190102,155650,와이엠씨,KOSDAQ,우량기업부,5840,-570,-8.89,6420,6490,5780,502094,3015979800,116650250720,19974358
20190102,251370,와이엠티,KOSDAQ,벤처기업부,15400,-550,-3.45,16000,16250,15350,20187,315703200,114040080000,7405200
20190102,066430,와이오엠,KOSDAQ,관리종목(소속부없음),8430,280,3.44,8180,8700,8180,100650,854807780,97480591620,11563534
20190102,193250,와이제이엠게임즈,KOSDAQ,중견기업부,2080,35,1.71,2080,2250,2020,11145495,23807888965,94924117600,45636595
20190102,019210,와이지-원,KOSDAQ,우량기업부,9250,-70,-0.75,9370,9370,9160,72815,672966440,282184181500,30506398
20190102,122870,와이지엔터테인먼트,KOSDAQ,우량기업부,45900,-1600,-3.37,47050,47450,45650,284860,13175649650,834724043100,18185709
20190102,079000,와토스코리아,KOSDAQ,중견기업부,5700,-20,-0.35,5700,5720,5660,4890,27869440,41040000000,7200000
20190102,114630,우노앤컴퍼니,KOSDAQ,중견기업부,4335,-10,-0.23,4265,4345,4265,2375,10237050,58843138275,13573965
20190102,032820,우리기술,KOSDAQ,벤처기업부,1080,-35,-3.14,1140,1160,1075,932767,1034389030,92231991360,85399992
20190102,041190,우리기술투자,KOSDAQ,벤처기업부,2635,45,1.74,2620,2690,2610,1438429,3802516705,221340000000,84000000
20190102,115440,우리넷,KOSDAQ,벤처기업부,6070,-50,-0.82,6200,6350,6040,61399,379020220,38639859700,6365710
20190102,046970,우리로,KOSDAQ,벤처기업부,2095,-5,-0.24,2115,2160,2085,97789,206992465,51937394305,24791119
20190102,215360,우리산업,KOSDAQ,우량기업부,36550,200,0.55,37400,37600,36400,432556,15988935900,333780557650,9132163
20190102,072470,우리산업홀딩스,KOSDAQ,우량기업부,6440,230,3.70,6270,6500,6200,217104,1385159490,121634476040,18887341
20190102,073560,우리손에프앤지,KOSDAQ,우량기업부,1590,15,0.95,1595,1610,1575,160977,256463445,110087852370,69237643
20190102,153490,우리이앤엘,KOSDAQ,중견기업부,703,5,0.72,698,707,692,24266,17031791,35079700000,49900000
20190102,082850,우리이티아이,KOSDAQ,중견기업부,821,-18,-2.15,830,863,820,15070,12572950,34086787841,41518621
20190102,037400,우리조명,KOSDAQ,중견기업부,1020,0,0.00,1025,1040,1010,50561,51427890,25421812920,24923346
20190102,101170,우림기계,KOSDAQ,벤처기업부,3695,5,0.14,3750,3780,3630,23024,84791105,49882500000,13500000
20190102,066590,우수AMS,KOSDAQ,중견기업부,3780,70,1.89,3735,3830,3670,1866023,7019305145,93344465340,24694303
20190102,046940,우원개발,KOSDAQ,중견기업부,3860,-170,-4.22,4100,4125,3845,72593,286474495,63301961920,16399472
20190102,215380,우정바이오,KOSDAQ,벤처기업부,2020,-50,-2.42,2095,2120,2015,82730,169957360,50721616220,25109711
20190102,065680,우주일렉트로,KOSDAQ,우량기업부,7950,-20,-0.25,8000,8010,7900,244,1943070,78977049000,9934220
20190102,018620,우진비앤지,KOSDAQ,벤처기업부,2095,-40,-1.87,2135,2165,2070,98361,208154780,33974642235,16217013
20190102,032940,원익,KOSDAQ,중견기업부,4120,-110,-2.60,4230,4300,4120,42285,178200060,73889859840,17934432
20190102,240810,원익IPS,KOSDAQ,우량기업부,19450,-650,-3.23,20050,20050,19350,187786,3702477300,802768330200,41273436
20190102,074600,원익QnC,KOSDAQ,우량기업부,9820,-180,-1.80,10050,10200,9800,66736,663503420,258148160000,26288000
20190102,104830,원익머트리얼즈,KOSDAQ,우량기업부,20950,-800,-3.68,21750,21750,20750,29311,617614900,264137600000,12608000
20190102,014190,원익큐브,KOSDAQ,중견기업부,2535,90,3.68,2485,2575,2425,1848608,4595050265,89738761710,35399906
20190102,123100,원익테라세미콘,KOSDAQ,우량기업부,13950,-250,-1.76,14200,14350,13900,29986,423650500,157688568000,11303840
20190102,030530,원익홀딩스,KOSDAQ,우량기업부,3450,-60,-1.71,3530,3545,3420,151252,524977945,266471034450,77237981
20190102,012620,원일특강,KOSDAQ,우량기업부,9080,-70,-0.77,9060,9150,8990,6385,57675580,39952000000,4400000
20190102,008370,원풍,KOSDAQ,우량기업부,3390,-5,-0.15,3430,3430,3305,7340,24765250,40680000000,12000000
20190102,008290,원풍물산,KOSDAQ,중견기업부,3065,-5,-0.16,3100,3175,3065,59572,185874890,117670808765,38391781
20190102,101160,월덱스,KOSDAQ,벤처기업부,4750,-150,-3.06,4920,4920,4750,14323,68609265,78427216750,16510993
20190102,095270,웨이브일렉트로,KOSDAQ,벤처기업부,22300,750,3.48,21700,22550,21600,41372,915928200,240814756400,10798868
20190102,065950,웰크론,KOSDAQ,벤처기업부,2840,-15,-0.53,2900,2920,2835,115593,331921860,73055015480,25723597
20190102,114190,웰크론강원,KOSDAQ,중견기업부,2890,150,5.47,2720,2890,2720,95455,266281370,44410329440,15366896
20190102,076080,웰크론한텍,KOSDAQ,중견기업부,1790,-50,-2.72,1840,1905,1755,76134,136774725,34659005670,19362573
20190102,196700,웹스,KOSDAQ,벤처기업부,2000,-10,-0.50,2050,2055,1985,66227,133190775,27396952000,13698476
20190102,069080,웹젠,KOSDAQ,우량기업부,21450,150,0.70,22250,22500,21000,666367,14503699900,757418461800,35310884
20190102,044340,위닉스,KOSDAQ,중견기업부,14600,50,0.34,14700,14700,14200,68173,984111900,260952005000,17873425
20190102,112040,위메이드,KOSDAQ,중견기업부,30600,4650,17.92,33350,33400,29600,1039272,32241763500,514080000000,16800000
20190102,038620,위즈코프,KOSDAQ,벤처기업부,1105,-35,-3.07,1140,1160,1095,303478,338987775,41058564560,37157072
20190102,299900,위지윅스튜디오,KOSDAQ,중견기업부,10200,550,5.70,9810,10400,9660,855408,8606197310,89740212000,8798060
20190102,036090,위지트,KOSDAQ,중견기업부,1095,15,1.39,1090,1110,1070,1397308,1523642735,79660497735,72749313
20190102,136540,윈스,KOSDAQ,우량기업부,11050,0,0.00,11100,11200,10900,22542,248542050,133573096150,12088063
20190102,097800,윈팩,KOSDAQ,중견기업부,1305,30,2.35,1270,1310,1260,131930,169876065,47088639945,36083249
20190102,192390,윈하이텍,KOSDAQ,중견기업부,4115,-40,-0.96,4155,4175,4075,15516,64024840,40586611235,9863089
20190102,900340,윙입푸드,KOSDAQ,외국기업(소속부없음),1385,-10,-0.72,1395,1425,1370,1016640,1417365290,55966596575,40409095
20190102,036200,유니셈,KOSDAQ,우량기업부,3130,-105,-3.25,3270,3325,3125,184963,593037755,95979017990,30664223
20190102,018000,유니슨,KOSDAQ,중견기업부,1490,-85,-5.40,1590,1590,1485,663527,1011435505,139464902940,93600606
20190102,203450,유니온커뮤니티,KOSDAQ,벤처기업부,2575,-65,-2.46,2640,2680,2555,50672,131488370,37798443025,14679007
20190102,011320,유니크,KOSDAQ,우량기업부,7720,1070,16.09,6680,8180,6560,16502332,123380661070,149155765400,19320695
20190102,086390,유니테스트,KOSDAQ,우량기업부,10550,50,0.48,10600,10900,10450,233527,2489028450,222965029300,21134126
20190102,241690,유니테크노,KOSDAQ,우량기업부,14900,800,5.67,14150,15300,13850,45837,671057200,177720048000,11927520
20190102,142210,유니트론텍,KOSDAQ,벤처기업부,4500,30,0.67,4415,4505,4415,5368,23931985,44693775000,9931950
20190102,048430,유라테크,KOSDAQ,우량기업부,6050,200,3.42,5990,6050,5900,73067,436803030,69696000000,11520000
20190102,206650,유바이오로직스,KOSDAQ,기술성장기업부,5740,-260,-4.33,6030,6240,5640,306004,1816237450,146749333640,25566086
20190102,089850,유비벨록스,KOSDAQ,벤처기업부,4930,-10,-0.20,4985,5110,4850,14694,72917970,35080386210,7115697
20190102,032620,유비케어,KOSDAQ,우량기업부,4460,60,1.36,4415,4560,4415,139382,626207265,232799239940,52197139
20190102,264450,유비쿼스,KOSDAQ,우량기업부,39050,1150,3.03,38350,39800,38200,75793,2967570300,200090442750,5123955
20190102,078070,유비쿼스홀딩스,KOSDAQ,우량기업부,9220,1240,15.54,8150,9280,8100,471558,4128720220,172382910160,18696628
20190102,024800,유성티엔에스,KOSDAQ,우량기업부,2505,-45,-1.76,2550,2595,2495,47615,120888900,68170017900,27213580
20190102,054930,유신,KOSDAQ,중견기업부,16550,-1500,-8.31,18150,18300,16400,60090,1018703550,49650000000,3000000
20190102,069330,유아이디,KOSDAQ,벤처기업부,1550,0,0.00,1595,1595,1520,16171,25043160,18426077600,11887792
20190102,049520,유아이엘,KOSDAQ,우량기업부,4460,0,0.00,4480,4480,4365,17177,75681465,97160814560,21784936
20190102,287410,유안타제3호스팩,KOSDAQ,SPAC(소속부없음),2020,-25,-1.22,2010,2020,2010,4392,8827930,8554700000,4235000
20190102,056090,유앤아이,KOSDAQ,기술성장기업부,9660,60,0.63,9750,9770,9550,12512,120776460,74793921720,7742642
20190102,263770,유에스티,KOSDAQ,중견기업부,5350,50,0.94,5350,5550,5350,65690,357661550,126795920200,23700172
20190102,195990,유지인트,KOSDAQ,중견기업부,815,32,4.09,788,828,785,954841,775139824,78548818985,96378919
20190102,023410,유진기업,KOSDAQ,우량기업부,6020,-230,-3.68,6330,6350,6000,910419,5569747090,464274843340,77122067
20190102,056080,유진로봇,KOSDAQ,벤처기업부,3590,75,2.13,3535,3700,3535,46428,167879450,134668625680,37512152
20190102,084370,유진테크,KOSDAQ,우량기업부,10650,-50,-0.47,10750,11000,10650,109656,1182045600,244055847300,22916042
20190102,178780,유테크,KOSDAQ,중견기업부,3190,155,5.11,3040,3250,3040,144263,453673495,55456500770,17384483
20190102,179900,유티아이,KOSDAQ,벤처기업부,5920,240,4.23,5680,6050,5650,253397,1493062310,93920178400,15864895
20190102,263050,유틸렉스,KOSDAQ,기술성장기업부,88700,1700,1.95,89200,96500,86800,484014,44230346300,644279368600,7263578
20190102,191410,육일씨엔에쓰,KOSDAQ,중견기업부,3175,-120,-3.64,3375,3375,3165,22806,73213235,29727594850,9363022
20190102,039020,이건홀딩스,KOSDAQ,중견기업부,2790,-30,-1.06,2895,2895,2770,59435,166499585,63011338110,22584709
20190102,060230,이그잭스,KOSDAQ,벤처기업부,1535,-85,-5.25,1620,1700,1530,104092,165747485,77859795790,50722994
20190102,067920,이글루시큐리티,KOSDAQ,벤처기업부,4500,-25,-0.55,4545,4555,4400,8440,38029420,49482535500,10996119
20190102,044960,이글벳,KOSDAQ,중견기업부,3710,-55,-1.46,3790,3790,3675,17017,63223580,46901385930,12641883
20190102,302430,이노메트리,KOSDAQ,벤처기업부,25400,200,0.79,26750,27100,25100,296603,7749726700,122557743200,4825108
20190102,073490,이노와이어리스,KOSDAQ,벤처기업부,25750,550,2.18,25600,26200,25000,129012,3302998650,154564375000,6002500
20190102,215790,이노인스트루먼트,KOSDAQ,중견기업부,5140,400,8.44,5150,5150,4890,150808,761515390,104255385860,20283149
20190102,088390,이녹스,KOSDAQ,우량기업부,8140,0,0.00,8140,8200,7950,7816,63216800,76115870160,9350844
20190102,272290,이녹스첨단소재,KOSDAQ,우량기업부,36500,-1200,-3.18,38150,38250,36350,52818,1973479250,327386969000,8969506
20190102,053350,이니텍,KOSDAQ,우량기업부,5370,-170,-3.07,5550,5550,5350,15314,83307100,106277218920,19790916
20190102,258610,이더블유케이,KOSDAQ,벤처기업부,4040,0,0.00,4040,4180,3875,19776,79362965,29819013760,7380944
20190102,033110,이디,KOSDAQ,투자주의환기종목(소속부없음),436,-1,-0.23,441,441,425,384814,165379025,32352494048,74202968
20190102,041520,이라이콤,KOSDAQ,우량기업부,5390,20,0.37,5370,5460,5300,27654,149003570,65697254700,12188730
20190102,054210,이랜텍,KOSDAQ,우량기업부,3500,65,1.89,3435,3580,3410,1716688,6024664435,71673721000,20478206
20190102,065440,이루온,KOSDAQ,벤처기업부,1410,20,1.44,1405,1435,1375,212588,298764610,38457778200,27275020
20190102,036260,이매진아시아,KOSDAQ,중견기업부,2055,-45,-2.14,2100,2220,2035,83601,175773155,73320583380,35679116
20190102,115610,이미지스,KOSDAQ,벤처기업부,3490,55,1.60,3435,3545,3390,28977,99886640,26765256720,7669128
20190102,078020,이베스트투자증권,KOSDAQ,우량기업부,8800,-60,-0.68,8790,8810,8700,4037,35327270,356234472000,40481190
20190102,080010,이상네트웍스,KOSDAQ,중견기업부,7540,90,1.21,7380,7600,7380,657,4935320,67973100000,9015000
20190102,086890,이수앱지스,KOSDAQ,기술성장기업부,6170,-190,-2.99,6290,6310,6140,62408,388110170,164278051640,26625292
20190102,047560,이스트소프트,KOSDAQ,벤처기업부,6270,0,0.00,6270,6360,6180,10389,64695840,62069238000,9899400
20190102,900110,이스트아시아홀딩스,KOSDAQ,외국기업(소속부없음),240,6,2.56,237,257,231,931621,223672924,26160164640,109000686
20190102,067010,이씨에스,KOSDAQ,벤처기업부,4100,-35,-0.85,4100,4135,4100,3247,13338605,30750000000,7500000
20190102,223310,이에스브이,KOSDAQ,중견기업부,911,47,5.44,874,913,868,1231331,1101705784,102953199556,113011196
20190102,052190,이에스에이,KOSDAQ,관리종목(소속부없음),1610,0,0.00,1610,1660,1560,45752,73613415,44609359970,27707677
20190102,226360,이엑스티,KOSDAQ,벤처기업부,3020,85,2.90,2965,3040,2915,1133587,3384087360,81608173480,27022574
20190102,102710,이엔에프테크놀로지,KOSDAQ,우량기업부,12200,-350,-2.79,12400,12850,11950,175623,2139594750,173579599200,14227836
20190102,094190,이엘케이,KOSDAQ,중견기업부,990,-20,-1.98,1000,1000,960,391721,383511467,68665709970,69359303
20190102,063760,이엘피,KOSDAQ,벤처기업부,12700,-50,-0.39,12750,12850,12350,6384,80582250,62299850000,4905500
20190102,123570,이엠넷,KOSDAQ,중견기업부,2105,-50,-2.32,2175,2195,2105,47027,101147360,46891144190,22276078
20190102,095190,이엠코리아,KOSDAQ,중견기업부,7430,1370,22.61,6450,7630,6240,26965341,190098047490,269951990720,36332704
20190102,091120,이엠텍,KOSDAQ,우량기업부,16400,-700,-4.09,17300,17500,16250,297771,4987190400,249260549600,15198814
20190102,039030,이오테크닉스,KOSDAQ,우량기업부,44450,-3850,-7.97,48300,49500,44400,135188,6315931400,545873825700,12280626
20190102,088290,이원컴포텍,KOSDAQ,중견기업부,1180,10,0.85,1170,1180,1145,32385,37501835,16812481880,14247866
20190102,181340,이즈미디어,KOSDAQ,벤처기업부,5310,0,0.00,5400,5400,5240,2633,13978640,37409481000,7045100
20190102,035810,이지바이오,KOSDAQ,우량기업부,5860,-200,-3.30,6110,6110,5840,411430,2449865040,339454276860,57927351
20190102,090850,이지웰페어,KOSDAQ,벤처기업부,7510,-150,-1.96,7660,7770,7480,32756,249571230,75648365180,10073018
20190102,092130,이크레더블,KOSDAQ,중견기업부,15650,-50,-0.32,15600,15650,15350,3802,58877750,188482340000,12043600
20190102,016250,이테크건설,KOSDAQ,우량기업부,79300,-1200,-1.49,80100,81300,79200,7904,633675900,222040000000,2800000
20190102,096040,이트론,KOSDAQ,중견기업부,178,-4,-2.20,185,186,174,1422864,256091014,42711033428,239949626
20190102,134060,이퓨쳐,KOSDAQ,벤처기업부,3785,5,0.13,3735,3815,3715,7420,28002690,18051611250,4769250
20190102,001840,이화공영,KOSDAQ,벤처기업부,6600,-130,-1.93,6940,6940,6570,109071,732760780,130718016000,19805760
20190102,024810,이화전기,KOSDAQ,중견기업부,267,1,0.38,277,280,266,8599372,2346591443,160742801121,602032963
20190102,041830,인바디,KOSDAQ,우량기업부,21500,-200,-0.92,21900,21950,21500,57287,1240320400,294201313000,13683782
20190102,079950,인베니아,KOSDAQ,벤처기업부,2925,-25,-0.85,2905,2985,2905,6879,20159140,67860000000,23200000
20190102,277410,인산가,KOSDAQ,벤처기업부,1590,0,0.00,1615,1615,1565,83318,131727895,38909297040,24471256
20190102,060150,인선이엔티,KOSDAQ,중견기업부,6100,-220,-3.48,6380,6390,6060,259130,1599508850,223256266800,36599388
20190102,033230,인성정보,KOSDAQ,중견기업부,2980,-20,-0.67,2995,3040,2950,15434,46026255,57091647580,19158271
20190102,037330,인지디스플레,KOSDAQ,우량기업부,1645,-10,-0.60,1655,1665,1630,38047,62619655,58567175170,35603146
20190102,083640,인콘,KOSDAQ,벤처기업부,1460,0,0.00,1475,1490,1430,5758654,8412985510,194529345880,133239278
20190102,216050,인크로스,KOSDAQ,중견기업부,14550,-1250,-7.91,15950,16000,14550,102204,1524303100,116571617250,8011795
20190102,049070,인탑스,KOSDAQ,우량기업부,11950,450,3.91,11600,12200,11600,42660,509550750,205540000000,17200000
20190102,119610,인터로조,KOSDAQ,우량기업부,24300,-350,-1.42,25000,25050,23900,64442,1574014200,267707000700,11016749
20190102,158310,인터불스,KOSDAQ,중견기업부,2700,-5,-0.18,2800,2800,2580,141370,378154280,23387826600,8662158
20190102,017250,인터엠,KOSDAQ,중견기업부,3495,285,8.88,3300,3545,3290,1682605,5773371675,73553907165,21045467
20190102,108790,인터파크,KOSDAQ,우량기업부,5000,-160,-3.10,5160,5180,4990,87610,443634930,165677400000,33135480
20190102,035080,인터파크홀딩스,KOSDAQ,중견기업부,2300,-50,-2.13,2370,2390,2290,168619,391403045,134550000000,58500000
20190102,051370,인터플렉스,KOSDAQ,중견기업부,10400,-450,-4.15,11000,11000,10250,99883,1049553400,242605708800,23327472
20190102,064290,인텍플러스,KOSDAQ,벤처기업부,4280,-40,-0.93,4400,4400,4245,11803,50464400,47266107240,11043483
20190102,189300,인텔리안테크,KOSDAQ,우량기업부,14350,1150,8.71,13350,14800,13250,143884,2042635450,103907546400,7240944
20190102,150840,인트로메딕,KOSDAQ,기술성장기업부,3525,-105,-2.89,3700,3720,3515,215733,770462555,63703225425,18071837
20190102,048530,인트론바이오,KOSDAQ,기술성장기업부,42450,-650,-1.51,43350,43500,42300,152689,6533246650,638382711900,15038462
20190102,175140,인포마크,KOSDAQ,벤처기업부,10000,20,0.20,10000,10100,9940,6366,63704230,36282080000,3628208
20190102,115310,인포바인,KOSDAQ,벤처기업부,23200,300,1.31,22900,23250,22900,91,2106450,74074885600,3192883
20190102,039290,인포뱅크,KOSDAQ,중견기업부,7510,300,4.16,7330,7550,7130,114527,844800980,65291774780,8693978
20190102,041020,인프라웨어,KOSDAQ,벤처기업부,1395,10,0.72,1400,1445,1390,69782,98604600,52261108200,37463160
20190102,071200,인피니트헬스케어,KOSDAQ,중견기업부,6020,120,2.03,5900,6100,5900,65944,396336320,146866677160,24396458
20190102,101930,인화정공,KOSDAQ,중견기업부,6340,60,0.96,6280,6380,6250,7959,49900000,59163009700,9331705
20190102,078940,일경산업개발,KOSDAQ,관리종목(소속부없음),1260,-20,-1.56,1280,1330,1260,89949,114922080,56423024280,44780178
20190102,068330,일신바이오,KOSDAQ,중견기업부,1770,-10,-0.56,1810,1810,1765,135433,241823935,78262567800,44216140
20190102,058450,일야,KOSDAQ,벤처기업부,1440,-55,-3.68,1515,1515,1435,456708,668379260,22896000000,15900000
20190102,019540,일지테크,KOSDAQ,우량기업부,2340,5,0.21,2350,2400,2320,28266,66280380,31621590000,13513500
20190102,094820,일진파워,KOSDAQ,우량기업부,5650,-110,-1.91,5770,5950,5650,168817,975774280,85194705850,15078709
20190102,950140,잉글우드랩,KOSDAQ,외국기업(소속부없음),6040,-190,-3.05,6290,6330,6010,182351,1121466510,120001910640,19867866
20190102,049550,잉크테크,KOSDAQ,벤처기업부,2790,85,3.14,2725,2830,2615,12991,35176925,44695610280,16019932
20190102,043910,자연과환경,KOSDAQ,중견기업부,1695,-35,-2.02,1770,1770,1690,254936,438914425,57544160115,33949357
20190102,234920,자이글,KOSDAQ,우량기업부,8470,-310,-3.53,8800,8830,8440,231445,1985391950,114606807700,13530910
20190102,174880,장원테크,KOSDAQ,중견기업부,17800,3350,23.18,14900,18350,14850,648646,10615595350,107601000000,6045000
20190102,049630,재영솔루텍,KOSDAQ,투자주의환기종목(소속부없음),1065,50,4.93,1105,1215,1050,4498623,5016659960,48665767140,45695556
20190102,110020,전진바이오팜,KOSDAQ,기술성장기업부,9190,0,0.00,9660,9660,9130,335665,3133809220,43500203320,4733428
20190102,065530,전파기지국,KOSDAQ,우량기업부,2510,-10,-0.40,2600,2600,2455,226032,570347925,132678600000,52860000
20190102,208140,정다운,KOSDAQ,중견기업부,3170,-35,-1.09,3205,3245,3135,201074,641809040,65079542080,20529824
20190102,022220,정산애강,KOSDAQ,우량기업부,2140,15,0.71,2180,2210,2085,546760,1177190915,110840399060,51794579
20190102,040420,정상제이엘에스,KOSDAQ,우량기업부,6920,-60,-0.86,7000,7000,6890,14918,103197900,108488659840,15677552
20190102,045510,정원엔시스,KOSDAQ,중견기업부,1680,-20,-1.18,1700,1725,1665,10703,17968335,54111610560,32209292
20190102,065620,제낙스,KOSDAQ,벤처기업부,14750,2350,18.95,12750,15900,12550,472932,6958140500,331679474000,22486744
20190102,217190,제너셈,KOSDAQ,벤처기업부,1740,35,2.05,1710,1795,1705,12931,22211830,15258362760,8769174
20190102,095700,제넥신,KOSDAQ,기술성장기업부,70600,-2000,-2.75,73200,73500,70500,144276,10414668200,1442159190400,20427184
20190102,122310,제노레이,KOSDAQ,벤처기업부,20000,600,3.09,19500,20400,19500,43449,871633700,83545120000,4177256
20190102,187420,제노포커스,KOSDAQ,기술성장기업부,7010,-30,-0.43,7100,7300,6900,138806,981122400,150966399630,21535863
20190102,123330,제닉,KOSDAQ,벤처기업부,6480,-90,-1.37,6520,6660,6470,20123,131356200,45360000000,7000000
20190102,159580,제로투세븐,KOSDAQ,중견기업부,6680,-190,-2.77,6850,7100,6440,28484,189202010,133818008480,20032636
20190102,147830,제룡산업,KOSDAQ,벤처기업부,8530,-390,-4.37,9610,9610,8450,652850,5856334340,85300000000,10000000
20190102,033100,제룡전기,KOSDAQ,벤처기업부,8100,-230,-2.76,8930,8990,8040,578469,4893209300,130105512900,16062409
20190102,019570,제미니투자,KOSDAQ,중견기업부,654,26,4.14,635,668,634,901806,585437008,26160000000,40000000
20190102,079370,제우스,KOSDAQ,우량기업부,11400,0,0.00,11400,11600,11200,19487,220561100,118377600000,10384000
20190102,054950,제이브이엠,KOSDAQ,우량기업부,32750,-850,-2.53,33600,33750,32650,12818,424036100,207337237000,6330908
20190102,096690,제이스테판,KOSDAQ,중견기업부,161,4,2.55,160,184,156,13789738,2377770092,41983958569,260769929
20190102,090470,제이스텍,KOSDAQ,우량기업부,5400,110,2.08,5410,5460,5310,26137,140800530,78828163200,14597808
20190102,137950,제이씨케미칼,KOSDAQ,벤처기업부,3800,-165,-4.16,3965,4080,3770,84779,326665095,73503400000,19343000
20190102,033320,제이씨현시스템,KOSDAQ,우량기업부,4795,-60,-1.24,4880,4885,4790,41743,201784045,91653701440,19114432
20190102,026040,제이에스티나,KOSDAQ,중견기업부,5480,300,5.79,5920,5960,5450,288172,1648030650,90440769200,16503790
20190102,126880,제이엔케이히터,KOSDAQ,중견기업부,5810,610,11.73,5550,5950,5250,3186159,17980142820,98124880840,16888964
20190102,033050,제이엠아이,KOSDAQ,중견기업부,1080,20,1.89,1075,1080,1045,130489,138570550,35185689360,32579342
20190102,094970,제이엠티,KOSDAQ,중견기업부,2740,-60,-2.14,2845,2845,2740,71919,199982545,45890177600,16748240
20190102,058420,제이웨이,KOSDAQ,중견기업부,1435,95,7.09,1340,1435,1340,99964,138368135,22779491350,15874210
20190102,036420,제이콘텐트리,KOSDAQ,우량기업부,4560,100,2.24,4530,4730,4510,2269730,10524863400,656954557920,144068982
20190102,089790,제이티,KOSDAQ,벤처기업부,2595,45,1.76,2550,2600,2485,10237,25949050,25993671255,10016829
20190102,052670,제일바이오,KOSDAQ,중견기업부,3755,-45,-1.18,3760,3820,3715,87068,327031665,56325000000,15000000
20190102,023440,제일제강,KOSDAQ,중견기업부,1400,50,3.70,1370,1400,1370,332524,458996095,36445059000,26032185
20190102,038010,제일테크노스,KOSDAQ,우량기업부,3840,10,0.26,3830,3885,3810,23392,89686655,34560000000,9000000
20190102,080220,제주반도체,KOSDAQ,중견기업부,3635,30,0.83,3570,3655,3570,82760,299766700,103817555630,28560538
20190102,082270,젬백스,KOSDAQ,중견기업부,11600,-400,-3.33,12250,12250,11600,136937,1615578600,409011603600,35259621
20190102,044060,조광ILI,KOSDAQ,중견기업부,4855,-75,-1.52,5010,5120,4840,74114,365275645,47994859880,9885656
20190102,034940,조아제약,KOSDAQ,중견기업부,4360,-5,-0.11,4415,4425,4340,87974,385855945,123432607160,28310231
20190102,101730,조이맥스,KOSDAQ,중견기업부,5670,260,4.81,5800,6390,5570,79410,469132390,48224676780,8505234
20190102,067000,조이시티,KOSDAQ,벤처기업부,10250,-50,-0.49,10200,10500,10150,8627,88895800,120779798750,11783395
20190102,033340,좋은사람들,KOSDAQ,중견기업부,4635,125,2.77,5100,5110,4630,6034875,29325483735,138624618240,29908224
20190102,036930,주성엔지니어링,KOSDAQ,우량기업부,6220,-230,-3.57,6500,6500,6220,219002,1380302830,300110098640,48249212
20190102,051980,중앙리빙테크,KOSDAQ,중견기업부,1105,-25,-2.21,1135,1155,1080,197104,216991725,24968680555,22596091
20190102,072020,중앙백신,KOSDAQ,벤처기업부,16600,0,0.00,16800,17000,16500,89479,1496410500,165336000000,9960000
20190102,000440,중앙에너비스,KOSDAQ,중견기업부,6720,20,0.30,6700,6740,6620,782,5223260,41846313600,6227130
20190102,054180,중앙오션,KOSDAQ,중견기업부,3335,45,1.37,3370,3490,3315,405620,1377966750,82983944570,24882742
20190102,043610,지니뮤직,KOSDAQ,벤처기업부,4975,165,3.43,4900,5120,4900,548779,2758538495,289124304050,58115438
20190102,263860,지니언스,KOSDAQ,벤처기업부,5110,-140,-2.67,5260,5310,5030,58547,301191130,48261906000,9444600
20190102,208350,지란지교시큐리티,KOSDAQ,벤처기업부,1245,-35,-2.73,1295,1295,1240,102999,130203395,48396471660,38872668
20190102,114570,지스마트글로벌,KOSDAQ,우량기업부,1875,65,3.59,1905,1970,1865,4611104,8831301720,163448347500,87172452
20190102,051160,지어소프트,KOSDAQ,중견기업부,3005,-220,-6.82,3225,3320,2950,195499,606752070,42435272775,14121555
20190102,053050,지에스이,KOSDAQ,중견기업부,1520,-10,-0.65,1515,1525,1510,23699,35921110,45581147440,29987597
20190102,119850,지엔씨에너지,KOSDAQ,벤처기업부,4450,0,0.00,4505,4550,4400,291931,1301832180,72516434600,16295828
20190102,065060,지엔코,KOSDAQ,중견기업부,1675,25,1.52,1665,1690,1645,1539220,2565518310,164163473700,98008044
20190102,204840,지엘팜텍,KOSDAQ,기술성장기업부,3695,70,1.93,3640,3730,3590,110141,402476020,132223073485,35784323
20190102,018290,지엠피,KOSDAQ,벤처기업부,8100,-200,-2.41,8300,8470,8100,265557,2201110050,220318930800,27199868
20190102,111820,지와이커머스,KOSDAQ,관리종목(소속부없음),2250,0,0.00,0,0,0,0,0,46253270250,20557009
20190102,106080,지투하이소닉,KOSDAQ,중견기업부,798,0,0.00,0,0,0,0,0,16475255832,20645684
20190102,115450,지트리비앤티,KOSDAQ,중견기업부,26650,-1550,-5.50,28700,28700,26200,427917,11612792700,652707456050,24491837
20190102,219750,지티지웰니스,KOSDAQ,벤처기업부,6190,-60,-0.96,6290,6440,6140,27045,169471220,38687914730,6250067
20190102,018120,진로발효,KOSDAQ,우량기업부,29700,-400,-1.33,30100,30150,29700,373,11170450,223462800000,7524000
20190102,109820,진매트릭스,KOSDAQ,기술성장기업부,4250,20,0.47,4460,4460,4215,40347,172258880,68146506000,16034472
20190102,086060,진바이오텍,KOSDAQ,중견기업부,4065,0,0.00,4125,4125,4025,20335,82789270,35002036155,8610587
20190102,036890,진성티이씨,KOSDAQ,우량기업부,7470,-30,-0.40,7590,7670,7360,76506,574326810,167942541960,22482268
20190102,007370,진양제약,KOSDAQ,중견기업부,3760,0,0.00,3785,3790,3720,20215,76208380,45120000000,12000000
20190102,085660,차바이오텍,KOSDAQ,관리종목(소속부없음),20600,400,1.98,20200,20900,20150,537576,11062994450,1081039878400,52477664
20190102,900040,차이나그레이트,KOSDAQ,외국기업(소속부없음),317,-6,-1.86,327,327,315,2156898,689030024,39899698569,125866557
20190102,094850,참좋은여행,KOSDAQ,우량기업부,7910,30,0.38,7890,8080,7880,23221,184811630,110740000000,14000000
20190102,004650,창해에탄올,KOSDAQ,우량기업부,13100,-250,-1.87,13600,13800,12950,106990,1426801100,120400593500,9190885
20190102,096240,청담러닝,KOSDAQ,중견기업부,17900,-550,-2.98,18600,18600,17900,28601,517408250,137376252900,7674651
20190102,013720,청보산업,KOSDAQ,중견기업부,2275,-20,-0.87,2295,2390,2230,96096,220335145,18606704025,8178771
20190102,066360,체리부로,KOSDAQ,중견기업부,2295,-45,-1.92,2365,2365,2295,34617,80295325,63967086855,27872369
20190102,047820,초록뱀,KOSDAQ,중견기업부,1765,-5,-0.28,1780,1825,1740,2733550,4881921610,134838643480,76395832
20190102,094360,칩스앤미디어,KOSDAQ,벤처기업부,6670,280,4.38,6520,6860,6490,124279,829932840,49462232090,7415627
20190102,016920,카스,KOSDAQ,중견기업부,1255,-5,-0.40,1275,1275,1230,166324,207351635,26950010560,21474112
20190102,042000,카페24,KOSDAQ,기술성장기업부,106300,-3500,-3.19,111000,111300,105100,57748,6219768700,1002472461100,9430597
20190102,071850,캐스텍코리아,KOSDAQ,우량기업부,3315,0,0.00,3350,3415,3305,51482,172674440,54926858220,16569188
20190102,180400,캔서롭,KOSDAQ,기술성장기업부,6820,680,11.07,6250,7540,6230,3138079,22069573370,129689856560,19016108
20190102,050110,캠시스,KOSDAQ,중견기업부,1735,10,0.58,1730,1765,1730,63172,110046270,100308721375,57814825
20190102,900310,컬러레이,KOSDAQ,외국기업(소속부없음),1670,-20,-1.18,1700,1730,1660,44671,75057250,90180000000,54000000
20190102,078340,컴투스,KOSDAQ,우량기업부,125000,-4000,-3.10,129000,129100,124900,83280,10529411400,1608302500000,12866420
20190102,263700,케어랩스,KOSDAQ,중견기업부,18850,-300,-1.57,19150,19250,18650,11528,217577300,116271983750,6168275
20190102,214370,케어젠,KOSDAQ,벤처기업부,69100,-1800,-2.54,70900,71500,68800,32753,2299975900,742341300000,10743000
20190102,072520,케이디 네이쳐 엔 바이오,KOSDAQ,투자주의환기종목(소속부없음),1515,35,2.36,1490,1525,1485,233406,352046200,94785614430,62564762
20190102,221980,케이디켐,KOSDAQ,중견기업부,12200,-100,-0.81,12300,12300,12200,5036,61451900,49224560000,4034800
20190102,043290,케이맥,KOSDAQ,벤처기업부,9600,310,3.34,9310,9700,9300,32870,313968210,67528281600,7034196
20190102,250930,케이비제10호스팩,KOSDAQ,SPAC(소속부없음),2050,-10,-0.49,0,0,0,0,0,10680500000,5210000
20190102,258790,케이비제11호스팩,KOSDAQ,SPAC(소속부없음),2060,10,0.49,2060,2060,2060,1,2060,6612600000,3210000
20190102,192250,케이사인,KOSDAQ,벤처기업부,1035,10,0.98,1020,1035,1000,175291,179295310,66934750995,64671257
20190102,115500,케이씨에스,KOSDAQ,벤처기업부,4135,-120,-2.82,4385,4700,4135,347932,1537592325,49620000000,12000000
20190102,089150,케이씨티,KOSDAQ,중견기업부,2095,125,6.35,1985,2400,1985,1914748,4240964315,35929250000,17150000
20190102,025880,케이씨피드,KOSDAQ,중견기업부,2235,0,0.00,2245,2285,2230,105478,237175485,37359942630,16715858
20190102,093320,케이아이엔엑스,KOSDAQ,중견기업부,23800,-200,-0.83,23700,24550,23250,19898,476349500,116144000000,4880000
20190102,073010,케이에스피,KOSDAQ,관리종목(소속부없음),1430,0,0.00,0,0,0,0,0,51754927510,36192257
20190102,105330,케이엔더블유,KOSDAQ,벤처기업부,3790,-200,-5.01,4010,4010,3780,19709,76203175,21456505130,5661347
20190102,039420,케이엘넷,KOSDAQ,중견기업부,2600,10,0.39,2590,2650,2555,77158,200762720,62802298000,24154730
20190102,083550,케이엠,KOSDAQ,우량기업부,6700,0,0.00,6750,6860,6630,28023,188807500,67029232100,10004363
20190102,032500,케이엠더블유,KOSDAQ,중견기업부,23000,950,4.31,22400,23400,22350,206020,4727491400,432630000000,18810000
20190102,225430,케이엠제약,KOSDAQ,중견기업부,2890,-65,-2.20,2970,3025,2885,180642,531202555,57473574500,19887050
20190102,064820,케이프,KOSDAQ,중견기업부,1830,-20,-1.08,1850,1930,1830,36861,68280585,46717288590,25528573
20190102,256940,케이피에스,KOSDAQ,벤처기업부,7870,10,0.13,7860,8020,7750,13062,103827880,33675730000,4279000
20190102,024880,케이피에프,KOSDAQ,우량기업부,4120,-55,-1.32,4175,4180,4085,7098,29201410,64792290080,15726284
20190102,042040,케이피엠테크,KOSDAQ,중견기업부,1040,-30,-2.80,1055,1095,1035,333871,354102095,91919919520,88384538
20190102,054410,케이피티유,KOSDAQ,벤처기업부,4440,-135,-2.95,4575,4575,4440,7948,35949690,22466400000,5060000
20190102,217600,켐온,KOSDAQ,중견기업부,1570,-50,-3.09,1620,1625,1555,149977,237837125,100262303800,63861340
20190102,089010,켐트로닉스,KOSDAQ,중견기업부,6350,200,3.25,6200,6560,6160,277019,1769203080,80164133550,12624273
20190102,220260,켐트로스,KOSDAQ,벤처기업부,2520,-35,-1.37,2585,2585,2475,278084,703292080,60593798160,24045158
20190102,052400,코나아이,KOSDAQ,중견기업부,10650,200,1.91,10450,10750,10450,99483,1053628950,165704606700,15559118
20190102,094860,코닉글로리,KOSDAQ,벤처기업부,444,-6,-1.33,451,451,436,201382,89044436,21157959528,47653062
20190102,046070,코다코,KOSDAQ,우량기업부,2185,5,0.23,2200,2205,2160,67832,147750455,85355399360,39064256
20190102,047770,코데즈컴바인,KOSDAQ,중견기업부,2850,70,2.52,2865,2905,2785,112679,320568990,107851415700,37842602
20190102,080530,코디,KOSDAQ,투자주의환기종목(소속부없음),3590,0,0.00,0,0,0,0,0,42585046700,11862130
20190102,224060,코디엠,KOSDAQ,중견기업부,761,18,2.42,751,782,744,1912395,1465186690,107729821217,141563497
20190102,078650,코렌,KOSDAQ,관리종목(소속부없음),1325,20,1.53,1335,1335,1280,13259,17363850,39844699075,30071471
20190102,104540,코렌텍,KOSDAQ,기술성장기업부,6180,100,1.64,6190,6200,6120,6798,41976040,61411605540,9937153
20190102,027050,코리아나,KOSDAQ,우량기업부,4140,-130,-3.04,4375,4375,4100,108164,457005960,165600000000,40000000
20190102,101670,코리아에스이,KOSDAQ,벤처기업부,1705,-10,-0.58,1735,1800,1700,753298,1321579685,32224500000,18900000
20190102,123410,코리아에프티,KOSDAQ,우량기업부,2925,145,5.22,2810,2955,2795,701286,2025014475,81435112200,27841064
20190102,036690,코맥스,KOSDAQ,우량기업부,4130,0,0.00,4130,4240,4125,34347,142448255,58976255450,14279965
20190102,049430,코메론,KOSDAQ,우량기업부,7790,190,2.50,7600,7800,7600,30074,232427450,70483920000,9048000
20190102,183300,코미코,KOSDAQ,우량기업부,21050,-300,-1.41,21350,21350,20700,11103,231841400,184713750000,8775000
20190102,041960,코미팜,KOSDAQ,벤처기업부,20050,-250,-1.23,20400,20600,19750,166918,3364687800,1109132476400,55318328
20190102,089890,코세스,KOSDAQ,중견기업부,5000,-160,-3.10,5100,5190,5000,23317,117799510,84259810000,16851962
20190102,009730,코센,KOSDAQ,중견기업부,1675,110,7.03,1590,1705,1570,2673761,4391859655,69901748225,41732387
20190102,241710,코스메카코리아,KOSDAQ,우량기업부,30450,-2050,-6.31,32550,32550,30450,35771,1116665550,325206000000,10680000
20190102,069110,코스온,KOSDAQ,우량기업부,9920,-230,-2.27,10150,10250,9920,55565,559051400,185475837120,18697161
20190102,166480,코아스템,KOSDAQ,기술성장기업부,12200,200,1.67,12300,12500,12000,106198,1301353350,191752768000,15717440
20190102,045970,코아시아홀딩스,KOSDAQ,중견기업부,5140,40,0.78,5110,5330,5070,4105,21285350,100826311960,19616014
20190102,029960,코엔텍,KOSDAQ,벤처기업부,7310,-330,-4.32,7680,7750,7310,357813,2678238160,365500000000,50000000
20190102,102940,코오롱생명과학,KOSDAQ,우량기업부,74400,-100,-0.13,75700,76500,74000,61828,4649568600,849079286400,11412356
20190102,950160,코오롱티슈진,KOSDAQ,외국기업(소속부없음),43400,250,0.58,43850,44650,43100,593724,26017735600,2648161670000,61017550
20190102,033290,코웰패션,KOSDAQ,우량기업부,4650,-105,-2.21,4755,4755,4570,231995,1084272330,420826088100,90500234
20190102,056360,코위버,KOSDAQ,우량기업부,7640,420,5.82,7250,7760,7210,746104,5679601160,74847552000,9796800
20190102,121850,코이즈,KOSDAQ,벤처기업부,1940,30,1.57,1910,1965,1890,17991,34777965,20433709600,10532840
20190102,015710,코콤,KOSDAQ,우량기업부,6720,-30,-0.44,6800,6850,6660,22722,153662880,117804960000,17530500
20190102,052330,코텍,KOSDAQ,우량기업부,13950,50,0.36,13850,14100,13850,28227,392783550,217265000400,15574552
20190102,126600,코프라,KOSDAQ,우량기업부,2865,0,0.00,2900,2900,2850,31810,91171875,60496291410,21115634
20190102,200130,콜마비앤에이치,KOSDAQ,우량기업부,20100,150,0.75,20050,20200,19800,49638,992164000,593825515800,29543558
20190102,225650,쿠첸,KOSDAQ,벤처기업부,5440,-70,-1.27,5460,5550,5370,5940,32353930,58133346880,10686277
20190102,060280,큐렉소,KOSDAQ,중견기업부,6820,380,5.90,7370,7610,6810,643256,4649364870,227496465460,33357253
20190102,040350,큐로컴,KOSDAQ,벤처기업부,1315,25,1.94,1300,1355,1275,323216,429091690,143519110520,109140008
20190102,051780,큐로홀딩스,KOSDAQ,중견기업부,593,-4,-0.67,597,603,589,46627,27919857,35694580646,60193222
20190102,115180,큐리언트,KOSDAQ,기술성장기업부,20100,200,1.01,20000,20150,19700,54666,1092121550,171586986600,8536666
20190102,182360,큐브엔터,KOSDAQ,중견기업부,3295,-5,-0.15,3355,3465,3270,331147,1118512360,87560562265,26573767
20190102,066310,큐에스아이,KOSDAQ,벤처기업부,4480,-20,-0.44,4675,4675,4450,22786,102727085,37086470400,8278230
20190102,016600,큐캐피탈,KOSDAQ,벤처기업부,633,12,1.93,621,644,600,558326,351130246,88618937826,139998322
20190102,043590,크로바하이텍,KOSDAQ,중견기업부,1920,-35,-1.79,1985,2020,1920,1012717,1980810235,44736000000,23300000
20190102,114120,크루셜텍,KOSDAQ,중견기업부,975,23,2.42,952,986,951,1798803,1741429589,64123694700,65767892
20190102,110790,크리스에프앤씨,KOSDAQ,중견기업부,25000,-150,-0.60,25250,25250,23500,34732,840166200,292887000000,11715480
20190102,083790,크리스탈,KOSDAQ,기술성장기업부,17650,350,2.02,17650,18000,17400,338618,5993934300,713023535100,40397934
20190102,900250,크리스탈신소재,KOSDAQ,외국기업(소속부없음),1030,-5,-0.48,1050,1085,1030,788442,829098255,69817367560,67783852
20190102,045520,크린앤사이언스,KOSDAQ,중견기업부,12750,-50,-0.39,12950,13050,12550,42904,550904600,82875000000,6500000
20190102,214150,클래시스,KOSDAQ,벤처기업부,4045,-40,-0.98,4100,4250,4015,19810,80879825,250681096465,61973077
20190102,237880,클리오,KOSDAQ,우량기업부,13900,-550,-3.81,14550,14750,13650,129491,1820572100,235853740500,16967895
20190102,311270,키움제5호스팩,KOSDAQ,SPAC(소속부없음),2010,0,0.00,2005,2010,2005,1362,2736575,7236000000,3600000
20190102,054780,키이스트,KOSDAQ,중견기업부,2685,45,1.70,2655,2745,2645,1624204,4386848265,228696553125,85175625
20190102,219130,타이거일렉,KOSDAQ,중견기업부,4110,30,0.74,4080,4180,4040,8149,33353955,25951731900,6314290
20190102,065130,탑엔지니어링,KOSDAQ,우량기업부,6930,-140,-1.98,7100,7150,6870,77679,544599230,110715461010,15976257
20190102,023160,태광,KOSDAQ,중견기업부,11550,-150,-1.28,11750,11950,11550,69016,812227650,306075000000,26500000
20190102,053620,태양,KOSDAQ,우량기업부,9750,-350,-3.47,10100,10300,9550,25450,250021260,83850000000,8600000
20190102,044490,태웅,KOSDAQ,우량기업부,9880,-620,-5.90,10500,10550,9840,77899,780107510,197672924280,20007381
20190102,191420,테고사이언스,KOSDAQ,벤처기업부,35700,150,0.42,36000,36900,35500,55741,2003320600,288264433800,8074634
20190102,182690,테라셈,KOSDAQ,중견기업부,999,9,0.91,991,1035,990,146548,146552397,13952373660,13966340
20190102,066700,테라젠이텍스,KOSDAQ,중견기업부,10300,-100,-0.96,10550,10700,10200,210142,2194241450,318425972900,30915143
20190102,095610,테스,KOSDAQ,우량기업부,11800,-350,-2.88,12300,12500,11650,220497,2671046550,233265066800,19768226
20190102,131970,테스나,KOSDAQ,벤처기업부,19650,250,1.29,19550,20550,19550,66620,1334482350,134602500000,6850000
20190102,089030,테크윙,KOSDAQ,우량기업부,8800,-370,-4.03,9200,9240,8780,83825,748456910,165684041600,18827732
20190102,054450,텔레칩스,KOSDAQ,우량기업부,9870,1270,14.77,8840,9950,8840,1020657,9814828970,133303341570,13505911
20190102,091440,텔레필드,KOSDAQ,벤처기업부,2825,160,6.00,2650,2880,2640,214171,593403120,25699157775,9097047
20190102,196450,텔루스,KOSDAQ,중견기업부,1060,55,5.47,1035,1080,1025,2186616,2301207620,91987070300,86780255
20190102,200230,텔콘RF제약,KOSDAQ,중견기업부,8030,-250,-3.02,8350,8500,8020,786921,6496098520,661110566490,82330083
20190102,215480,토박스코리아,KOSDAQ,벤처기업부,848,0,0.00,859,864,832,119982,101764520,31954748976,37682487
20190102,051360,토비스,KOSDAQ,우량기업부,6610,-80,-1.20,6730,6750,6530,21710,143108440,110499753380,16717058
20190102,045340,토탈소프트,KOSDAQ,벤처기업부,2605,50,1.96,2600,2635,2565,33593,87297995,22293694200,8558040
20190102,057880,토필드,KOSDAQ,중견기업부,1690,-10,-0.59,1740,1760,1690,111168,190175765,47474046880,28091152
20190102,108230,톱텍,KOSDAQ,우량기업부,7670,0,0.00,0,0,0,0,0,282227268180,36796254
20190102,079970,투비소프트,KOSDAQ,벤처기업부,5390,-10,-0.19,5500,5600,5330,196176,1076383660,131389097840,24376456
20190102,105550,트루윈,KOSDAQ,벤처기업부,4175,25,0.60,4290,4290,4095,7221,29918385,46106270150,11043418
20190102,026150,특수건설,KOSDAQ,중견기업부,5320,-210,-3.80,5650,5700,5320,364691,1996401430,79772410480,14994814
20190102,117730,티로보틱스,KOSDAQ,벤처기업부,9420,-30,-0.32,9700,9710,9240,49754,469725410,50862903780,5399459
20190102,033830,티비씨,KOSDAQ,중견기업부,574,-1,-0.17,579,579,561,7163,4098278,57400000000,100000000
20190102,064760,티씨케이,KOSDAQ,우량기업부,39700,-700,-1.73,40600,40650,39300,36840,1465939300,463497500000,11675000
20190102,246710,티앤알바이오팹,KOSDAQ,기술성장기업부,8990,80,0.90,9020,9180,8830,62139,560019570,73194638160,8141784
20190102,131290,티에스이,KOSDAQ,중견기업부,6750,220,3.37,6600,6750,6550,5270,35294450,74664645750,11061429
20190102,246690,티에스인베스트먼트,KOSDAQ,중견기업부,2370,20,0.85,2395,2395,2350,85838,203356670,53137779480,22421004
20190102,062860,티엘아이,KOSDAQ,중견기업부,4305,-35,-0.81,4400,4465,4260,15379,66309690,42502059600,9872720
20190102,104480,티케이케미칼,KOSDAQ,우량기업부,2715,-55,-1.99,2815,2815,2665,2486244,6789527480,246781103310,90895434
20190102,081150,티플랙스,KOSDAQ,중견기업부,2850,-40,-1.38,2945,2970,2800,2172181,6233232250,69164945700,24268402
20190102,130740,티피씨글로벌,KOSDAQ,중견기업부,2710,-60,-2.17,2770,2795,2705,11547,31549125,25609500000,9450000
20190102,084730,팅크웨어,KOSDAQ,중견기업부,7810,10,0.13,7800,7900,7640,15070,117048560,81424576420,10425682
20190102,046210,파나진,KOSDAQ,중견기업부,4475,-70,-1.54,4590,4595,4400,12976,58022630,143352866000,32034160
20190102,034230,파라다이스,KOSDAQ,우량기업부,18400,-450,-2.39,19000,19000,18300,487151,9026100150,1673345164800,90942672
20190102,033540,파라텍,KOSDAQ,우량기업부,5600,100,1.82,5500,5630,5490,81087,450079970,94307091200,16840552
20190102,043200,파루,KOSDAQ,벤처기업부,2690,-60,-2.18,2720,2730,2665,147426,396911265,79805755230,29667567
20190102,214450,파마리서치프로덕트,KOSDAQ,벤처기업부,32500,-1150,-3.42,33700,34050,32350,22501,743574000,307652052500,9466217
20190102,208340,파멥신,KOSDAQ,기술성장기업부,81000,1000,1.25,80000,86300,79000,486198,40073877200,556713972000,6873012
20190102,177830,파버나인,KOSDAQ,벤처기업부,4375,15,0.34,4380,4510,4340,21968,96781330,47400605000,10834424
20190102,037070,파세코,KOSDAQ,중견기업부,4550,-70,-1.52,4630,4630,4505,10914,49496690,63700000000,14000000
20190102,150900,파수닷컴,KOSDAQ,벤처기업부,3160,-85,-2.62,3205,3270,3050,35871,111760990,30166819920,9546462
20190102,037030,파워넷,KOSDAQ,중견기업부,3355,-55,-1.61,3460,3510,3355,22204,76002665,40292254970,12009614
20190102,047310,파워로직스,KOSDAQ,우량기업부,6220,-110,-1.74,6380,6510,6220,1188111,7563145030,213675846600,34353030
20190102,170790,파이오링크,KOSDAQ,벤처기업부,4360,-25,-0.57,4485,4780,4360,4389,19748185,29893598800,6856330
20190102,049120,파인디앤씨,KOSDAQ,중견기업부,2060,-45,-2.14,2130,2135,2030,119588,248342640,49580362220,24068137
20190102,038950,파인디지털,KOSDAQ,벤처기업부,3420,-330,-8.80,3750,3750,3385,110210,383099170,34920816300,10210765
20190102,106240,파인테크닉스,KOSDAQ,벤처기업부,1380,30,2.22,1390,1500,1315,858483,1230736160,51899712060,37608487
20190102,131760,파인텍,KOSDAQ,중견기업부,2290,45,2.00,2225,2385,2220,77495,177485310,26366757720,11513868
20190102,140860,파크시스템스,KOSDAQ,기술성장기업부,39700,-600,-1.49,39600,40150,39500,6606,263258100,263848383500,6646055
20190102,091700,파트론,KOSDAQ,우량기업부,8130,-50,-0.61,8210,8220,8090,163369,1331898460,440291613300,54156410
20190102,194510,파티게임즈,KOSDAQ,투자주의환기종목(소속부없음),536,0,0.00,0,0,0,0,0,13125755600,24488350
20190102,038160,팍스넷,KOSDAQ,중견기업부,7320,0,0.00,7320,7410,7170,34478,251426600,81087453720,11077521
20190102,032800,판타지오,KOSDAQ,중견기업부,553,46,9.07,508,598,508,2609638,1473277920,40205280479,72703943
20190102,043090,팜스웰바이오,KOSDAQ,벤처기업부,4800,330,7.38,4580,4910,4480,267560,1275621095,129567379200,26993204
20190102,027710,팜스토리,KOSDAQ,우량기업부,1040,15,1.46,1030,1055,1030,191665,199066305,91881328240,88347431
20190102,225590,패션플랫폼,KOSDAQ,중견기업부,1335,-5,-0.37,1370,1370,1315,33039,43966345,33628029225,25189535
20190102,054300,팬스타엔터프라이즈,KOSDAQ,벤처기업부,726,5,0.69,742,760,721,296041,217016064,29856708618,41124943
20190102,068050,팬엔터테인먼트,KOSDAQ,중견기업부,3695,-5,-0.14,3800,3805,3650,141864,526837175,50780373915,13742997
20190102,222110,팬젠,KOSDAQ,기술성장기업부,10650,150,1.43,10650,10700,10350,21538,227300150,102684967650,9641781
20190102,060900,퍼시픽바이오,KOSDAQ,중견기업부,990,29,3.02,995,995,940,503087,484008612,49709623590,50211741
20190102,263750,펄어비스,KOSDAQ,우량기업부,203300,-4600,-2.21,217800,217800,203200,75152,15811181900,2631311900000,12943000
20190102,087010,펩트론,KOSDAQ,기술성장기업부,23300,-1100,-4.51,24700,24900,23300,110004,2650840350,357107450000,15326500
20190102,043370,평화정공,KOSDAQ,우량기업부,6590,-80,-1.20,6710,6780,6590,42813,285651170,138390000000,21000000
20190102,119500,포메탈,KOSDAQ,중견기업부,3600,-20,-0.55,3625,3650,3540,39188,140508385,42650035200,11847232
20190102,016670,포비스티앤씨,KOSDAQ,중견기업부,1600,160,11.11,1470,1650,1435,7349370,11400164665,64124892800,40078058
20190102,056730,포스링크,KOSDAQ,중견기업부,2470,65,2.70,2375,2570,2375,776851,1943028565,114024753960,46163868
20190102,022100,포스코 ICT,KOSDAQ,우량기업부,5120,-90,-1.73,5350,5360,5120,584060,3039021100,778417812480,152034729
20190102,009520,포스코엠텍,KOSDAQ,우량기업부,6300,-270,-4.11,6660,6710,6270,1019117,6577682260,262349028900,41642703
20190102,003670,포스코켐텍,KOSDAQ,우량기업부,60100,-3600,-5.65,64500,64500,59700,1175854,71898235600,3550107000000,59070000
20190102,189690,포시에스,KOSDAQ,벤처기업부,5510,220,4.16,5290,5510,5250,59421,321763410,41411854130,7515763
20190102,141020,포티스,KOSDAQ,중견기업부,2295,-100,-4.18,2350,2360,2290,722330,1670627630,109796035950,47841410
20190102,290720,푸드나무,KOSDAQ,중견기업부,20050,-150,-0.74,20550,20900,20050,25512,521720450,136460981700,6806034
20190102,005670,푸드웰,KOSDAQ,중견기업부,5880,-70,-1.18,6090,6090,5880,10330,60982870,47040000000,8000000
20190102,094940,푸른기술,KOSDAQ,벤처기업부,19250,-1000,-4.94,20650,20800,19250,245688,4876750550,126553388500,6574202
20190102,007330,푸른저축은행,KOSDAQ,우량기업부,7630,-170,-2.18,7800,7800,7610,9582,73819940,115081764000,15082800
20190102,093380,풍강,KOSDAQ,중견기업부,3280,20,0.61,3300,3305,3230,495102,1622129415,32404146640,9879313
20190102,023900,풍국주정,KOSDAQ,우량기업부,21600,2400,12.50,19550,22550,18700,1786129,37072238700,272160000000,12600000
20190102,195440,퓨전데이타,KOSDAQ,중견기업부,1405,-125,-8.17,1510,1510,1385,576373,836080120,11813591250,8408250
20190102,214270,퓨쳐스트림네트웍스,KOSDAQ,중견기업부,1310,25,1.95,1285,1355,1285,833751,1093742255,115074289390,87842969
20190102,220100,퓨쳐켐,KOSDAQ,기술성장기업부,12350,-100,-0.80,12450,12700,12350,17160,213810950,71001866650,5749139
20190102,035200,프럼파스트,KOSDAQ,벤처기업부,3315,-70,-2.07,3385,3435,3275,56636,189235835,29324877855,8846117
20190102,203690,프로스테믹스,KOSDAQ,벤처기업부,5250,-170,-3.14,5480,5520,5180,298513,1592837510,238217789250,45374817
20190102,053610,프로텍,KOSDAQ,우량기업부,12850,50,0.39,13050,13200,12700,22035,284141300,121563608550,9460203
20190102,053160,프리엠스,KOSDAQ,중견기업부,6250,-20,-0.32,6290,6290,6130,14809,91927370,37500000000,6000000
20190102,075130,플랜티넷,KOSDAQ,벤처기업부,4380,-15,-0.34,4435,4435,4360,8382,36669710,39244800000,8960000
20190102,023770,플레이위드,KOSDAQ,중견기업부,7080,180,2.61,6940,7200,6860,25168,175650840,25413985680,3589546
20190102,032580,피델릭스,KOSDAQ,벤처기업부,1725,-15,-0.86,1755,1775,1690,115096,200245840,36985825050,21441058
20190102,051380,피씨디렉트,KOSDAQ,중견기업부,4395,-145,-3.19,4540,4540,4395,20928,92827920,33138897720,7540136
20190102,241820,피씨엘,KOSDAQ,기술성장기업부,9530,-70,-0.73,9920,10250,9500,70619,696381740,85209292920,8941164
20190102,237750,피앤씨테크,KOSDAQ,중견기업부,8110,-290,-3.45,8410,8500,8100,11987,98880840,52687426000,6496600
20190102,131390,피앤이솔루션,KOSDAQ,우량기업부,11300,-450,-3.83,11850,11900,11150,144209,1657230400,161364000000,14280000
20190102,054340,피앤텔,KOSDAQ,관리종목(소속부없음),668,0,0.00,0,0,0,0,0,20565442788,30786591
20190102,024850,피에스엠씨,KOSDAQ,중견기업부,858,0,0.00,858,866,847,121630,103926749,33227080458,38726201
20190102,031980,피에스케이,KOSDAQ,우량기업부,12250,-50,-0.41,12450,12700,12250,180383,2247181400,249062149000,20331604
20190102,002230,피에스텍,KOSDAQ,우량기업부,4620,-55,-1.18,4735,4735,4455,21375,97765815,90871902660,19669243
20190102,137400,피엔티,KOSDAQ,벤처기업부,10550,-150,-1.40,10800,10800,10400,58874,621801450,93023021400,8817348
20190102,073570,피엠지파마,KOSDAQ,중견기업부,6640,-40,-0.60,6850,6850,6500,27881,185432960,74688751840,11248306
20190102,128660,피제이메탈,KOSDAQ,중견기업부,2040,-110,-5.12,2150,2200,2040,174755,369040235,50598872760,24803369
20190102,006140,피제이전자,KOSDAQ,우량기업부,4425,-50,-1.12,4475,4475,4390,1006,4449075,66375000000,15000000
20190102,087600,픽셀플러스,KOSDAQ,중견기업부,6250,210,3.48,6040,6320,6040,11254,69666250,51040987500,8166558
20190102,064800,필링크,KOSDAQ,중견기업부,1800,-35,-1.91,1870,1875,1800,466239,851923330,110932426800,61629126
20190102,161580,필옵틱스,KOSDAQ,우량기업부,7090,-240,-3.27,7350,7350,6860,74374,527582340,122461301820,17272398
20190102,270520,하나금융10호스팩,KOSDAQ,SPAC(소속부없음),2060,-5,-0.24,2030,2060,2030,11,22360,9480120000,4602000
20190102,284620,하나금융11호스팩,KOSDAQ,SPAC(소속부없음),2035,0,0.00,2015,2040,2015,21984,44382725,10991035000,5401000
20190102,261200,하나금융9호스팩,KOSDAQ,SPAC(소속부없음),2055,20,0.98,2025,2055,2025,21,42555,8754300000,4260000
20190102,067310,하나마이크론,KOSDAQ,중견기업부,3745,-50,-1.32,3840,3860,3720,27890,105549945,85112907110,22727078
20190102,307160,하나머스트제6호스팩,KOSDAQ,SPAC(소속부없음),2030,-20,-0.98,2030,2030,2030,857,1739710,9317700000,4590000
20190102,166090,하나머티리얼즈,KOSDAQ,우량기업부,11350,-700,-5.81,12100,12400,11200,266587,3117677850,218106979900,19216474
20190102,136480,하림,KOSDAQ,우량기업부,2800,0,0.00,2795,2875,2750,159517,448841965,243448626400,86945938
20190102,003380,하림지주,KOSDAQ,우량기업부,11150,-350,-3.04,11550,11600,11100,276436,3115242850,1043463807700,93584198
20190102,149980,하이로닉,KOSDAQ,벤처기업부,4455,-30,-0.67,4465,4535,4400,52510,234373895,62792088975,14094745
20190102,013030,하이록코리아,KOSDAQ,우량기업부,16150,-300,-1.82,16700,16850,16100,27746,456260850,219853696800,13613232
20190102,126700,하이비젼시스템,KOSDAQ,우량기업부,8830,30,0.34,9030,9090,8760,132550,1182763250,131938848960,14942112
20190102,200470,하이셈,KOSDAQ,중견기업부,3945,-50,-1.25,3980,4050,3870,93925,374518405,69249267600,17553680
20190102,221840,하이즈항공,KOSDAQ,중견기업부,5300,0,0.00,5300,5440,5300,2156,11486730,93789685100,17696167
20190102,106190,하이텍팜,KOSDAQ,우량기업부,16700,-700,-4.02,17500,17750,16500,67216,1143116400,118382659400,7088782
20190102,066130,하츠,KOSDAQ,우량기업부,3740,-15,-0.40,3765,3795,3705,25513,95484455,47872000000,12800000
20190102,240540,한국4호스팩,KOSDAQ,관리종목(소속부없음),2050,0,0.00,2050,2055,2045,2472,5060455,11275000000,5500000
20190102,004590,한국가구,KOSDAQ,중견기업부,20350,-50,-0.25,20450,20650,20200,474,9667800,61050000000,3000000
20190102,039340,한국경제TV,KOSDAQ,우량기업부,3930,45,1.16,3880,3980,3850,160503,627851275,90390000000,23000000
20190102,034950,한국기업평가,KOSDAQ,중견기업부,52200,400,0.77,51700,53000,51700,664,34599000,237014830800,4540514
20190102,222980,한국맥널티,KOSDAQ,벤처기업부,11200,50,0.45,11150,11450,10950,31625,354359550,55720000000,4975000
20190102,025550,한국선재,KOSDAQ,우량기업부,2740,-10,-0.36,2760,2780,2725,79662,219135700,67190975960,24522254
20190102,017890,한국알콜,KOSDAQ,우량기업부,7120,-50,-0.70,7200,7230,6970,42388,300057040,153833011200,21605760
20190102,080720,한국유니온제약,KOSDAQ,벤처기업부,13100,-150,-1.13,13300,13450,12650,69444,900782950,77338836800,5903728
20190102,063570,한국전자금융,KOSDAQ,우량기업부,9240,250,2.78,9180,9430,9130,419156,3897193080,320126526720,34645728
20190102,041460,한국전자인증,KOSDAQ,중견기업부,4010,10,0.25,4095,4110,3995,203117,820363955,86051588490,21459249
20190102,101680,한국정밀기계,KOSDAQ,관리종목(소속부없음),2410,0,0.00,0,0,0,0,0,20253640000,8404000
20190102,039740,한국정보공학,KOSDAQ,중견기업부,3220,-20,-0.62,3240,3275,3175,6534,20997720,25819238340,8018397
20190102,053300,한국정보인증,KOSDAQ,중견기업부,3905,130,3.44,3805,3905,3790,49043,188602350,121699325000,31165000
20190102,025770,한국정보통신,KOSDAQ,우량기업부,9130,-210,-2.25,9440,9440,9120,60295,557510730,354360343590,38812743
20190102,271740,한국제5호스팩,KOSDAQ,SPAC(소속부없음),2065,5,0.24,2035,2065,2030,3602,7330595,8260000000,4000000
20190102,281410,한국제6호스팩,KOSDAQ,SPAC(소속부없음),2055,-5,-0.24,2055,2055,2055,10,20550,9268050000,4510000
20190102,291210,한국제7호스팩,KOSDAQ,SPAC(소속부없음),2040,15,0.74,2040,2040,2040,1,2040,10322400000,5060000
20190102,310870,한국제8호스팩,KOSDAQ,SPAC(소속부없음),2010,0,0.00,0,0,0,0,0,6874200000,3420000
20190102,023760,한국캐피탈,KOSDAQ,우량기업부,612,5,0.82,612,617,607,135616,83142166,102944260512,168209576
20190102,054040,한국컴퓨터,KOSDAQ,우량기업부,2395,10,0.42,2440,2440,2365,28753,68718295,38490739550,16071290
20190102,050540,한국코퍼레이션,KOSDAQ,중견기업부,2905,-145,-4.75,3050,3050,2860,447744,1304010985,81684855455,28118711
20190102,021650,한국큐빅,KOSDAQ,벤처기업부,2340,10,0.43,2330,2350,2300,25534,59300385,38260317420,16350563
20190102,053590,한국테크놀로지,KOSDAQ,벤처기업부,649,7,1.09,643,670,634,474816,308047474,43469467701,66979149
20190102,037230,한국팩키지,KOSDAQ,중견기업부,1855,0,0.00,1875,1875,1820,54547,100806845,46375000000,25000000
20190102,030520,한글과컴퓨터,KOSDAQ,우량기업부,12650,-350,-2.69,13100,13150,12600,89051,1139905900,291989969150,23082211
20190102,052600,한네트,KOSDAQ,중견기업부,2600,40,1.56,2560,2815,2560,775540,2087875490,30065620000,11563700
20190102,092460,한라IMS,KOSDAQ,벤처기업부,6980,-20,-0.29,7070,7090,6940,5693,39677620,79987323960,11459502
20190102,222810,한류에이아이센터,KOSDAQ,벤처기업부,5750,200,3.60,5510,5800,5500,73492,412000990,91962832000,15993536
20190102,047080,한빛소프트,KOSDAQ,중견기업부,3110,10,0.32,3115,3160,3100,25912,80918370,77065289960,24779836
20190102,070300,한솔시큐어,KOSDAQ,중견기업부,4615,10,0.22,4605,4650,4560,11370,52286595,33994431510,7366074
20190102,221610,한솔씨앤피,KOSDAQ,중견기업부,5500,120,2.23,5430,5600,5360,835,4562220,21965201500,3993673
20190102,070590,한솔인티큐브,KOSDAQ,투자주의환기종목(소속부없음),2320,20,0.87,2300,2350,2250,18314,42089555,32200488720,13879521
20190102,226440,한송네오텍,KOSDAQ,중견기업부,1900,25,1.33,1910,1925,1855,914997,1731105140,72581915200,38201008
20190102,042520,한스바이오메드,KOSDAQ,벤처기업부,24600,-400,-1.60,25350,25500,24350,75055,1864626450,242503282200,9857857
20190102,078350,한양디지텍,KOSDAQ,중견기업부,2925,25,0.86,2900,2945,2880,37610,109579330,29250000000,10000000
20190102,045100,한양이엔지,KOSDAQ,우량기업부,12300,-150,-1.20,12450,12500,12250,47877,590999800,221400000000,18000000
20190102,046110,한일네트웍스,KOSDAQ,벤처기업부,4970,-180,-3.50,5130,5330,4950,35897,181496625,59412508190,11954227
20190102,024740,한일단조,KOSDAQ,중견기업부,1405,10,0.72,1410,1420,1335,1641708,2308165950,41997315840,29891328
20190102,005860,한일사료,KOSDAQ,중견기업부,1730,0,0.00,1770,1770,1720,138920,242015955,68168375050,39403685
20190102,123840,한일진공,KOSDAQ,중견기업부,1175,10,0.86,1180,1220,1165,208178,247284200,64599016050,54977886
20190102,007770,한일화학,KOSDAQ,중견기업부,10500,50,0.48,10550,10550,10350,5780,60132250,36855000000,3510000
20190102,079170,한창산업,KOSDAQ,중견기업부,5250,-260,-4.72,5440,5620,5200,7152,37873890,27300000000,5200000
20190102,086960,한컴MDS,KOSDAQ,우량기업부,15200,600,4.11,14700,15650,14700,75606,1153413600,134194841600,8828608
20190102,054920,한컴시큐어,KOSDAQ,중견기업부,3225,30,0.94,3195,3255,3150,292757,937734860,45590380200,14136552
20190102,215090,한컴유니맥스,KOSDAQ,벤처기업부,1700,15,0.89,1700,1735,1685,49566,84178765,30858547900,18152087
20190102,077280,한컴지엠디,KOSDAQ,중견기업부,2355,-40,-1.67,2390,2390,2295,5921,13957700,27709728345,11766339
20190102,002680,한탑,KOSDAQ,중견기업부,2385,55,2.36,2315,2385,2310,31314,73478260,49608000000,20800000
20190102,066110,한프,KOSDAQ,중견기업부,1325,25,1.92,1305,1375,1300,129519,172327210,60213839275,45444407
20190102,265920,한화수성스팩,KOSDAQ,SPAC(소속부없음),2050,5,0.24,2055,2055,2020,1002,2024105,9102000000,4440000
20190102,264290,한화에이스스팩3호,KOSDAQ,SPAC(소속부없음),2060,0,0.00,2080,2080,2060,143,294605,6344800000,3080000
20190102,279410,한화에이스스팩4호,KOSDAQ,SPAC(소속부없음),2045,0,0.00,2045,2050,2045,15000,30700000,7147275000,3495000
20190102,102210,해덕파워웨이,KOSDAQ,중견기업부,1100,0,0.00,0,0,0,0,0,81066045500,73696405
20190102,220630,해마로푸드서비스,KOSDAQ,우량기업부,2075,-35,-1.66,2115,2155,2045,322342,674908460,194837905950,93897786
20190102,034810,해성산업,KOSDAQ,중견기업부,10250,-200,-1.91,10400,10500,10250,2988,30972400,100245000000,9780000
20190102,076610,해성옵틱스,KOSDAQ,벤처기업부,2385,-45,-1.85,2450,2465,2370,45159,108608925,39769875000,16675000
20190102,220180,핸디소프트,KOSDAQ,벤처기업부,6800,-320,-4.49,7120,7120,6800,135821,939949490,58423424000,8591680
20190102,008800,행남사,KOSDAQ,관리종목(소속부없음),3180,-70,-2.15,3250,3330,3155,47942,154659390,101384283000,31881850
20190102,900270,헝셩그룹,KOSDAQ,외국기업(소속부없음),1115,-25,-2.19,1155,1160,1105,957360,1081021715,89200000000,80000000
20190102,170030,현대공업,KOSDAQ,우량기업부,2560,-30,-1.16,2595,2595,2535,15950,40735735,39270400000,15340000
20190102,048410,현대바이오,KOSDAQ,중견기업부,5510,90,1.66,5480,5630,5400,839846,4627558980,185790913090,33718859
20190102,016790,현대사료,KOSDAQ,중견기업부,19400,-650,-3.24,20400,20500,19250,44185,883040050,119319428400,6150486
20190102,026180,현대정보기술,KOSDAQ,중견기업부,1765,-5,-0.28,1770,1775,1745,29591,51963910,105083149175,59537195
20190102,039010,현대통신,KOSDAQ,벤처기업부,10500,-300,-2.78,10900,10950,10500,58593,625497000,90562500000,8625000
20190102,204990,현성바이탈,KOSDAQ,중견기업부,2255,35,1.58,2270,2275,2185,1204283,2802075980,71371027365,31650123
20190102,092300,현우산업,KOSDAQ,중견기업부,3170,-15,-0.47,3180,3180,3095,28210,88492300,45385866360,14317308
20190102,053660,현진소재,KOSDAQ,투자주의환기종목(소속부없음),1985,-65,-3.17,2140,2140,1975,442658,901053950,42081531540,21199764
20190102,011080,형지I&C,KOSDAQ,중견기업부,683,6,0.89,689,689,674,30463,20726388,26606721244,38955668
20190102,060560,홈센타홀딩스,KOSDAQ,벤처기업부,1315,15,1.15,1320,1355,1290,230470,304822640,111578247070,84850378
20190102,064240,홈캐스트,KOSDAQ,중견기업부,4570,-45,-0.98,4700,4750,4525,243948,1132450655,147512425100,32278430
20190102,039610,화성밸브,KOSDAQ,중견기업부,13350,-350,-2.55,13850,14050,13150,183958,2479619050,97188000000,7280000
20190102,126640,화신정공,KOSDAQ,우량기업부,1170,5,0.43,1165,1170,1140,115024,133022385,42557447790,36373887
20190102,086250,화신테크,KOSDAQ,중견기업부,5200,-170,-3.17,5370,5520,5050,272943,1438090660,50440000000,9700000
20190102,204630,화이브라더스코리아,KOSDAQ,중견기업부,2825,25,0.89,2935,2935,2780,18819,52898630,80833066875,28613475
20190102,061250,화일약품,KOSDAQ,우량기업부,6370,-130,-2.00,6530,6550,6370,37693,243219480,91797802460,14410958
20190102,134780,화진,KOSDAQ,관리종목(소속부없음),3060,0,0.00,0,0,0,0,0,73560710880,24039448
20190102,097870,효성오앤비,KOSDAQ,중견기업부,8100,-130,-1.58,8400,8400,8100,47195,389040920,68769000000,8490000
20190102,050090,휘닉스소재,KOSDAQ,중견기업부,625,-4,-0.64,634,649,622,116287,73555264,43211838750,69138942
20190102,290270,휴네시온,KOSDAQ,벤처기업부,7050,-120,-1.67,7270,7290,7000,15390,109537020,33867043800,4803836
20190102,205470,휴마시스,KOSDAQ,기술성장기업부,1335,-30,-2.20,1370,1420,1320,139826,190133995,37436082015,28042009
20190102,115160,휴맥스,KOSDAQ,중견기업부,5330,-70,-1.30,5390,5410,5270,24650,131795660,127449883340,23911798
20190102,028080,휴맥스홀딩스,KOSDAQ,중견기업부,2835,-65,-2.24,2900,2900,2835,10303,29561510,35657229510,12577506
20190102,200670,휴메딕스,KOSDAQ,중견기업부,26800,-800,-2.90,27700,27900,26700,32134,872495800,250519780400,9347753
20190102,065510,휴비츠,KOSDAQ,우량기업부,8050,0,0.00,8120,8140,8020,12696,102662870,95657111550,11882871
20190102,243070,휴온스,KOSDAQ,우량기업부,68000,-3600,-5.03,72100,72100,67800,55526,3860399600,555429780000,8168085
20190102,084110,휴온스글로벌,KOSDAQ,우량기업부,41500,-2650,-6.00,44450,44450,41400,49237,2093745850,431778408500,10404299
20190102,145020,휴젤,KOSDAQ,우량기업부,370800,-10700,-2.80,378500,386100,370800,19077,7204702600,1616022414000,4358205
20190102,024060,흥구석유,KOSDAQ,중견기업부,2675,-30,-1.11,2710,2735,2675,36057,97484595,40125000000,15000000
20190102,010240,흥국,KOSDAQ,중견기업부,6860,460,7.19,6800,7170,6660,1753413,12120870610,84533694560,12322696
20190102,189980,흥국에프엔비,KOSDAQ,중견기업부,6500,50,0.78,6500,6530,6410,6914,44871820,47718391500,7341291
20190102,037440,희림,KOSDAQ,중견기업부,4590,-35,-0.76,4640,4780,4590,52478,243561180,63904160250,13922475
20190102,238490,힘스,KOSDAQ,우량기업부,9580,100,1.05,9670,9740,9490,15207,146610530,54185610440,5656118
