BAS_DD,ISU_CD,ISU_NM,MKT_NM,SECT_TP_NM,TDD_CLSPRC,CMPPREVDD_PRC,FLUC_RT,TDD_OPNPRC,TDD_HGPRC,TDD_LWPRC,ACC_TRDVOL,ACC_TRDVAL,MKTCAP,LIST_SHRS
20250317,095570,AJ네트웍스,KOSPI,,3835,5,0.13,3835,3850,3805,66146,252799415,173544330765,45252759
20250317,006840,AK홀딩스,KOSPI,,10720,-80,-0.74,10800,10800,10470,13982,149162820,142013853920,13247561
20250317,027410,BGF,KOSPI,,3400,0,0.00,3385,3415,3385,54483,185174814,325437089400,95716791
20250317,282330,BGF리테일,KOSPI,,105600,1300,1.25,104200,105900,103800,29663,3112751750,1825180473600,17283906
20250317,138930,BNK금융지주,KOSPI,,11000,510,4.86,10530,11000,10510,1087170,11779790300,3502218709000,318383519
20250317,001460,BYC,KOSPI,,27100,-50,-0.18,27250,27250,27050,569,15440600,169270665000,6246150
20250317,001465,BYC우,KOSPI,,12490,-40,-0.32,12500,12520,12390,1636,20445680,26901586500,2153850
20250317,001040,CJ,KOSPI,,131200,3400,2.66,127800,137700,126200,718698,94950424400,3828022137600,29176998
20250317,079160,CJ CGV,KOSPI,,4905,-25,-0.51,4905,4960,4900,176876,869657264,812171194920,165580264
20250317,00104K,CJ4우(전환),KOSPI,,99100,1900,1.95,95900,101000,95900,65068,6464156250,418847339200,4226512
20250317,000120,CJ대한통운,KOSPI,,89500,-900,-1.00,90700,91500,88800,54341,4864197350,2041704788000,22812344
20250317,011150,CJ씨푸드,KOSPI,,3120,10,0.32,3120,3155,3090,149828,466708901,112104011760,35930773
20250317,011155,CJ씨푸드1우,KOSPI,,15850,20,0.13,15830,15980,15830,267,4234160,3170000000,200000
20250317,001045,CJ우,KOSPI,,66300,400,0.61,64500,67700,64500,55366,3689076250,149852784900,2260223
20250317,097950,CJ제일제당,KOSPI,,252500,2000,0.80,252500,253000,250000,43804,11011940250,3801181965000,15054186
20250317,097955,CJ제일제당 우,KOSPI,,134400,700,0.52,133800,135000,133000,1965,262796800,178406995200,1327433
20250317,000480,CR홀딩스,KOSPI,,5300,-10,-0.19,5330,5340,5270,14512,76758820,248519597000,46890490
20250317,000590,CS홀딩스,KOSPI,,72000,-100,-0.14,72400,72400,71400,128,9185300,83122704000,1154482
20250317,012030,DB,KOSPI,,1341,75,5.92,1276,1383,1276,1394392,1881100052,269774244153,201173933
20250317,016610,DB금융투자,KOSPI,,5880,-20,-0.34,5900,5930,5870,46786,275760125,249584767320,42446389
20250317,005830,DB손해보험,KOSPI,,95200,300,0.32,94000,95600,93900,215098,20350738550,6740160000000,70800000
20250317,000990,DB하이텍,KOSPI,,47250,2550,5.70,45000,48700,45000,569766,27095820600,2097833283000,44398588
20250317,139130,DGB금융지주,KOSPI,,9140,270,3.04,8890,9140,8850,547686,4940819500,1520830493620,166392833
20250317,000300,DH오토넥스,KOSPI,,1984,0,0.00,0,0,0,0,0,161600154944,81451691
20250317,001530,DI동일,KOSPI,,45950,150,0.33,45800,46650,45000,31286,1435183775,890089133050,19370819
20250317,000210,DL,KOSPI,,35550,550,1.57,35000,36150,35000,35660,1263858775,744981676200,20955884
20250317,000215,DL우,KOSPI,,19150,-150,-0.78,19870,19870,19110,1849,35588295,32289102250,1686115
20250317,375500,DL이앤씨,KOSPI,,43900,500,1.15,43400,44050,42900,129986,5670538200,1698650049700,38693623
20250317,37550L,DL이앤씨2우(전환),KOSPI,,27650,0,0.00,27450,27850,27000,1838,50301875,58395445150,2111951
20250317,37550K,DL이앤씨우,KOSPI,,17700,-60,-0.34,17750,17800,17650,1375,24320570,37415764500,2113885
20250317,007340,DN오토모티브,KOSPI,,22200,1600,7.77,20850,22450,20650,233449,5125945375,1298941203000,58510865
20250317,004840,DRB동일,KOSPI,,4220,-25,-0.59,4270,4270,4200,3956,16648555,84104600000,19930000
20250317,155660,DSR,KOSPI,,3880,55,1.44,3830,3905,3805,19569,75180445,62080000000,16000000
20250317,069730,DSR제강,KOSPI,,3540,5,0.14,3550,3560,3510,7509,26568345,50976000000,14400000
20250317,017860,DS단석,KOSPI,,25900,-100,-0.38,26200,26400,25850,152466,3967439800,455431090800,17584212
20250317,017940,E1,KOSPI,,60900,-200,-0.33,61100,62000,60600,14653,897737200,417774000000,6860000
20250317,365550,ESR켄달스퀘어리츠,KOSPI,,4870,85,1.78,4800,4915,4780,227268,1102401185,1037743430000,213089000
20250317,383220,F&F,KOSPI,,67400,200,0.30,67200,68400,66500,60470,4061210500,2581896855000,38307075
20250317,007700,F&F홀딩스,KOSPI,,12570,20,0.16,12550,12880,12390,5453,68221260,491667593190,39114367
20250317,114090,GKL,KOSPI,,10770,90,0.84,10750,10780,10610,89044,950099390,666185565900,61855670
20250317,078930,GS,KOSPI,,37150,250,0.68,37100,37250,36850,183515,6800490200,3451806292700,92915378
20250317,006360,GS건설,KOSPI,,17950,170,0.96,17990,18140,17770,113614,2036599295,1536187745500,85581490
20250317,001250,GS글로벌,KOSPI,,2610,-5,-0.19,2615,2635,2595,270419,705860961,215413124040,82533764
20250317,007070,GS리테일,KOSPI,,14700,-40,-0.27,14800,14850,14670,126691,1863932440,1229029000500,83607415
20250317,078935,GS우,KOSPI,,36350,-50,-0.14,36400,36500,36300,3754,136545175,64878425100,1784826
20250317,499790,GS피앤엘,KOSPI,,19190,120,0.63,19320,19330,18950,23246,444699910,380553838790,19830841
20250317,012630,HDC,KOSPI,,14350,-190,-1.31,14500,14630,14270,110330,1590692635,857293696350,59741721
20250317,039570,HDC랩스,KOSPI,,8580,-140,-1.61,8640,8750,8570,9969,86109230,222716216580,25957601
20250317,089470,HDC현대EP,KOSPI,,3650,45,1.25,3605,3670,3605,28569,104210595,116435000000,31900000
20250317,294870,HDC현대산업개발,KOSPI,,20700,250,1.22,20650,21050,20450,149871,3120650125,1364281731000,65907330
20250317,009540,HD한국조선해양,KOSPI,,216500,2500,1.17,214500,218000,213000,232866,50297747250,15322379614000,70773116
20250317,267250,HD현대,KOSPI,,75900,1200,1.61,75300,76000,74800,96795,7319593850,5995575151500,78993085
20250317,267270,HD현대건설기계,KOSPI,,73100,-200,-0.27,73600,74300,72300,136708,9994359150,1338138336600,18305586
20250317,443060,HD현대마린솔루션,KOSPI,,147800,5100,3.57,144600,148300,142900,156126,22882773650,6625757238000,44829210
20250317,071970,HD현대마린엔진,KOSPI,,28050,-450,-1.58,28600,28700,27800,775611,21915490075,951497934750,33921495
20250317,010620,HD현대미포,KOSPI,,108000,4300,4.15,104500,109200,103100,399117,42858752700,4313752092000,39942149
20250317,322000,HD현대에너지솔루션,KOSPI,,24950,-950,-3.67,26000,26000,24750,116304,2911401900,279440000000,11200000
20250317,042670,HD현대인프라코어,KOSPI,,9710,230,2.43,9480,9790,9370,2528448,24335494680,1870688468570,192655867
20250317,267260,HD현대일렉트릭,KOSPI,,359000,20500,6.06,345500,361000,345000,334627,118861915750,12940921465000,36047135
20250317,329180,HD현대중공업,KOSPI,,315000,10500,3.45,309000,317000,303000,356056,110948821750,27963531540000,88773116
20250317,097230,HJ중공업,KOSPI,,7860,-40,-0.51,7990,8090,7780,1855942,14729572040,654535848660,83274281
20250317,014790,HL D&I,KOSPI,,2225,-30,-1.33,2250,2305,2210,99146,222625365,84235387225,37858601
20250317,003580,HLB글로벌,KOSPI,,4005,120,3.09,3885,4210,3885,132181,531944650,201123574605,50218121
20250317,204320,HL만도,KOSPI,,40300,-550,-1.35,41100,41400,39550,292677,11712635475,1892371936000,46957120
20250317,060980,HL홀딩스,KOSPI,,37300,0,0.00,37250,37650,37150,8004,298881025,350764612100,9403877
20250317,011200,HMM,KOSPI,,20850,150,0.72,20650,20900,20550,1346575,27920721400,18369673491600,881039496
20250317,035000,HS애드,KOSPI,,7170,-100,-1.38,7200,7270,7170,94066,677723660,118788322530,16567409
20250317,002460,HS화성,KOSPI,,9700,0,0.00,9680,9890,9580,17673,171960150,98455000000,10150000
20250317,487570,HS효성,KOSPI,,33850,3250,10.62,30600,34750,30200,74485,2455177950,126122628950,3725927
20250317,298050,HS효성첨단소재,KOSPI,,185600,2000,1.09,183700,187700,182700,6603,1219777700,831478348800,4479948
20250317,003560,IHQ,KOSPI,,10760,0,0.00,0,0,0,0,0,64669472240,6010174
20250317,175330,JB금융지주,KOSPI,,17080,370,2.21,16720,17080,16510,273632,4596212795,3311948161760,193907972
20250317,234080,JW생명과학,KOSPI,,11630,300,2.65,11370,11710,11370,110150,1269918460,184155863020,15834554
20250317,001060,JW중외제약,KOSPI,,22100,-50,-0.23,22100,22150,21850,42299,929501575,514619053000,23285930
20250317,001067,JW중외제약2우B,KOSPI,,61000,400,0.66,61000,61000,61000,1,61000,12808353000,209973
20250317,001065,JW중외제약우,KOSPI,,28350,250,0.89,28500,28500,28000,9,254550,9694310850,341951
20250317,096760,JW홀딩스,KOSPI,,3025,5,0.17,3020,3045,3005,35100,106095248,223622949550,73924942
20250317,105560,KB금융,KOSPI,,78900,600,0.77,79100,79900,78400,804423,63397259800,31049392574700,393528423
20250317,415640,KB발해인프라,KOSPI,,7370,-10,-0.14,7410,7410,7320,13631,100499620,903160688760,122545548
20250317,432320,KB스타리츠,KOSPI,,3760,75,2.04,3685,3760,3680,43639,162705754,381317711600,101414285
20250317,002380,KCC,KOSPI,,281500,-2500,-0.88,286000,289500,280500,21782,6158995000,2501541586500,8886471
20250317,344820,KCC글라스,KOSPI,,31650,250,0.80,31400,32000,31400,24562,777840325,505466704800,15970512
20250317,009070,KCTC,KOSPI,,3795,15,0.40,3800,3820,3780,33145,125754826,113850000000,30000000
20250317,009440,KC그린홀딩스,KOSPI,,743,-9,-1.20,751,751,736,20398,15182219,17266681763,23239141
20250317,119650,KC코트렐,KOSPI,,462,-5,-1.07,476,479,462,131775,61919033,29667019998,64214329
20250317,092220,KEC,KOSPI,,804,10,1.26,794,816,793,612824,492821470,161413565364,200763141
20250317,003620,KG모빌리티,KOSPI,,3815,-40,-1.04,3850,3855,3750,504873,1905674806,749282229010,196404254
20250317,016380,KG스틸,KOSPI,,6670,-70,-1.04,6740,6820,6670,181198,1218876150,667059342990,100008897
20250317,001390,KG케미칼,KOSPI,,3860,-40,-1.03,3905,3935,3850,129817,503665150,264290494400,68469040
20250317,033180,KH 필룩스,KOSPI,,6630,0,0.00,0,0,0,0,0,128260035150,19345405
20250317,015590,KIB플러그에너지,KOSPI,,515,0,0.00,0,0,0,0,0,122045495160,236981544
20250317,001940,KISCO홀딩스,KOSPI,,19770,-70,-0.35,19960,19960,19700,4610,91122180,280267032600,14176380
20250317,025000,KPX케미칼,KOSPI,,43950,0,0.00,44100,44150,43700,3640,159614875,212718000000,4840000
20250317,092230,KPX홀딩스,KOSPI,,55800,300,0.54,55500,55900,55500,1604,89215800,235735246800,4224646
20250317,000040,KR모터스,KOSPI,,388,-8,-2.02,396,400,385,146445,57180554,23331552784,60132868
20250317,044450,KSS해운,KOSPI,,8630,-100,-1.15,8750,8780,8500,67891,585168710,199231144400,23085880
20250317,030200,KT,KOSPI,,49800,700,1.43,49250,49900,49150,345293,17249068284,12550679913000,252021685
20250317,033780,KT&G,KOSPI,,96300,1300,1.37,95400,96300,94800,183054,17582077400,11754618461100,122062497
20250317,058850,KTcs,KOSPI,,2705,0,0.00,2705,2735,2690,182765,494794745,115462925000,42685000
20250317,058860,KTis,KOSPI,,2600,0,0.00,2610,2615,2590,57629,149902185,90485200000,34802000
20250317,093050,LF,KOSPI,,15400,240,1.58,15260,15400,15140,38775,592600710,450296000000,29240000
20250317,003550,LG,KOSPI,,68600,1200,1.78,67800,68800,67700,260197,17807851450,10790848119800,157300993
20250317,034220,LG디스플레이,KOSPI,,9200,210,2.34,9070,9200,9040,1235076,11297665135,4600000000000,500000000
20250317,051900,LG생활건강,KOSPI,,328000,1000,0.31,330000,330000,325500,26434,8647798000,5122768616000,15618197
20250317,051905,LG생활건강우,KOSPI,,125600,-1700,-1.34,127300,127800,125300,5280,666820700,263721943200,2099697
20250317,064400,LG씨엔에스,KOSPI,,51200,-500,-0.97,51700,52300,51200,380336,19659493500,4960560537600,96885948
20250317,373220,LG에너지솔루션,KOSPI,,325000,-1500,-0.46,328000,330500,325000,255211,83402433750,76050000000000,234000000
20250317,003555,LG우,KOSPI,,57100,200,0.35,57000,57300,56900,2158,123188050,172534502000,3021620
20250317,032640,LG유플러스,KOSPI,,10900,190,1.77,10710,10900,10710,886983,9601743270,4759063834900,436611361
20250317,011070,LG이노텍,KOSPI,,158900,900,0.57,158000,161200,158000,166247,26482277700,3760703302300,23667107
20250317,066570,LG전자,KOSPI,,82100,1600,1.99,82200,84400,81200,786495,64851511950,13435485529400,163647814
20250317,066575,LG전자우,KOSPI,,38850,100,0.26,39200,39600,38750,35575,1394785650,667675789200,17185992
20250317,037560,LG헬로비전,KOSPI,,2365,-5,-0.21,2370,2380,2355,27451,64927150,183161835725,77446865
20250317,051910,LG화학,KOSPI,,235000,4000,1.73,233500,240500,232500,214597,50552789500,16589200605000,70592343
20250317,051915,LG화학우,KOSPI,,112900,600,0.53,112500,115500,112300,33503,3800107350,868065520000,7688800
20250317,079550,LIG넥스원,KOSPI,,292500,16500,5.98,281000,296000,280000,529473,153145855500,6435000000000,22000000
20250317,006260,LS,KOSPI,,121700,-8400,-6.46,130600,131300,121200,725086,91099513750,3918740000000,32200000
20250317,010120,LS ELECTRIC,KOSPI,,207000,500,0.24,209000,213500,205500,381021,79704269000,6210000000000,30000000
20250317,000680,LS네트웍스,KOSPI,,4155,-100,-2.35,4255,4285,4135,745294,3118944044,327426531480,78803016
20250317,229640,LS에코에너지,KOSPI,,35850,-750,-2.05,37600,37600,35800,158077,5730984475,1097901912150,30624879
20250317,108320,LX세미콘,KOSPI,,57900,300,0.52,58000,59100,57800,30018,1748875500,941702970000,16264300
20250317,001120,LX인터내셔널,KOSPI,,25750,200,0.78,25650,25850,25450,87610,2252516025,998070000000,38760000
20250317,108670,LX하우시스,KOSPI,,30350,150,0.50,30250,30450,30100,13985,422687700,272168784500,8967670
20250317,108675,LX하우시스우,KOSPI,,18010,-70,-0.39,17990,18080,17990,1146,20693300,18592263300,1032330
20250317,383800,LX홀딩스,KOSPI,,6650,10,0.15,6630,6670,6610,54309,360197295,507266588500,76280690
20250317,38380K,LX홀딩스1우,KOSPI,,7860,-150,-1.87,8040,8180,7730,6087,47856940,11517140100,1465285
20250317,023150,MH에탄올,KOSPI,,5030,-20,-0.40,5110,5120,4995,5104,25588045,37113985780,7378526
20250317,035420,NAVER,KOSPI,,211000,3000,1.44,210000,211000,207500,481843,101137862500,33430208688000,158437008
20250317,181710,NHN,KOSPI,,18180,60,0.33,18190,18450,18160,43252,790748815,613868116140,33766123
20250317,400760,NH올원리츠,KOSPI,,3545,15,0.42,3485,3545,3480,41467,145259045,155157162960,43767888
20250317,005940,NH투자증권,KOSPI,,15040,550,3.80,14600,15040,14590,717687,10687525705,4925484176960,327492299
20250317,005945,NH투자증권우,KOSPI,,13090,90,0.69,13050,13090,13030,109813,1435645755,247020971120,18870968
20250317,338100,NH프라임리츠,KOSPI,,4460,-30,-0.67,4540,4540,4400,19269,85658648,83223600000,18660000
20250317,034310,NICE,KOSPI,,11340,160,1.43,11300,11370,11200,29013,327782515,421036532280,37128442
20250317,030190,NICE평가정보,KOSPI,,12140,-200,-1.62,12340,12400,12050,55076,669718435,722410039020,59506593
20250317,008260,NI스틸,KOSPI,,3480,-15,-0.43,3525,3550,3455,72720,253904725,99528407160,28600117
20250317,004250,NPC,KOSPI,,3980,-25,-0.62,4005,4020,3975,9003,35907567,146145600000,36720000
20250317,004255,NPC우,KOSPI,,2420,5,0.21,2380,2420,2375,3985,9542605,12777600000,5280000
20250317,456040,OCI,KOSPI,,59500,1100,1.88,59000,60200,58700,29536,1756293700,532673452500,8952495
20250317,010060,OCI홀딩스,KOSPI,,79300,0,0.00,79300,80100,78000,44063,3461784750,1492022918100,18814917
20250317,178920,PI첨단소재,KOSPI,,18200,210,1.17,18120,18510,18000,105049,1908004540,534467060400,29366322
20250317,005490,POSCO홀딩스,KOSPI,,307000,2500,0.82,304500,314000,304500,328872,101267549750,25365683739000,82624377
20250317,010950,S-Oil,KOSPI,,58500,-500,-0.85,59100,59400,58200,148438,8678586300,6586093332000,112582792
20250317,010955,S-Oil우,KOSPI,,38000,-150,-0.39,38450,38550,37950,4654,177463175,152833226000,4021927
20250317,034120,SBS,KOSPI,,20850,-150,-0.71,21050,21250,20800,38675,811406775,386793312300,18551238
20250317,005090,SGC에너지,KOSPI,,23150,100,0.43,23150,23150,22950,9264,213621075,333576058950,14409333
20250317,001380,SG글로벌,KOSPI,,3145,150,5.01,3030,3170,2990,933544,2897718524,141412229735,44964143
20250317,004060,SG세계물산,KOSPI,,318,2,0.63,316,320,315,232944,73744572,64371137280,202424960
20250317,001770,SHD,KOSPI,,14760,0,0.00,14760,14900,14760,1917,28309590,17931599280,1214878
20250317,002360,SH에너지화학,KOSPI,,477,-5,-1.04,488,488,476,130197,62190585,53010789210,111133730
20250317,009160,SIMPAC,KOSPI,,3995,75,1.91,3950,4005,3915,145965,580521155,261390916420,65429516
20250317,033530,SJG세종,KOSPI,,4340,40,0.93,4300,4380,4285,52363,227583151,120742970740,27820961
20250317,123700,SJM,KOSPI,,2970,20,0.68,2970,2980,2950,12586,37345025,46346547060,15604898
20250317,025530,SJM홀딩스,KOSPI,,3110,20,0.65,3100,3115,3095,2672,8296935,46444764880,14934008
20250317,034730,SK,KOSPI,,138200,1100,0.80,138100,138700,137100,84352,11613987500,10019873554600,72502703
20250317,011790,SKC,KOSPI,,133900,-2600,-1.90,138100,139000,132700,387532,52292108300,5070565102200,37868298
20250317,018670,SK가스,KOSPI,,262000,2500,0.96,259000,262500,256500,9132,2371653000,2418323928000,9230244
20250317,001740,SK네트웍스,KOSPI,,4410,105,2.44,4320,4410,4315,199102,870141728,975835547820,221277902
20250317,006120,SK디스커버리,KOSPI,,40200,300,0.75,39900,40300,39400,27494,1099017800,755191371000,18785855
20250317,006125,SK디스커버리우,KOSPI,,33800,300,0.90,33550,34050,33250,13093,440888500,45915779000,1358455
20250317,210980,SK디앤디,KOSPI,,8490,-50,-0.59,8540,8600,8440,58567,499684735,158061573180,18617382
20250317,395400,SK리츠,KOSPI,,4985,45,0.91,4995,4995,4940,160777,799073237,1366208182580,274063828
20250317,302440,SK바이오사이언스,KOSPI,,42450,-300,-0.70,43000,43050,41950,112437,4748895150,3325842587850,78347293
20250317,326030,SK바이오팜,KOSPI,,106300,-300,-0.28,106700,107700,104000,243122,25527492150,8324698475000,78313250
20250317,402340,SK스퀘어,KOSPI,,93600,200,0.21,94000,94600,92500,210333,19702369400,12500098041600,133548056
20250317,361610,SK아이이테크놀로지,KOSPI,,25750,50,0.19,25900,26150,25400,69069,1771963800,1835912994000,71297592
20250317,100090,SK오션플랜트,KOSPI,,14950,80,0.54,15000,15070,14750,85925,1282678955,884973741600,59195568
20250317,03473K,SK우,KOSPI,,122000,-200,-0.16,122900,123500,121700,893,109261300,69068470000,566135
20250317,096770,SK이노베이션,KOSPI,,126200,-5800,-4.39,130600,132000,125200,369244,47056684850,19060588731200,151034776
20250317,096775,SK이노베이션우,KOSPI,,78400,-2000,-2.49,81200,81400,77700,2039,160233650,97876598400,1248426
20250317,475150,SK이터닉스,KOSPI,,14750,-130,-0.87,14860,14980,14620,150497,2217208215,497872119500,33754042
20250317,001510,SK증권,KOSPI,,470,2,0.43,469,473,467,699688,328550059,222117380370,472590171
20250317,001515,SK증권우,KOSPI,,1726,-3,-0.17,1718,1729,1718,623,1074158,6752999164,3912514
20250317,285130,SK케미칼,KOSPI,,42600,500,1.19,42450,42800,41900,23634,999154250,735011155800,17253783
20250317,28513K,SK케미칼우,KOSPI,,20050,-250,-1.23,20050,21400,19990,5397,110003000,42414351450,2115429
20250317,017670,SK텔레콤,KOSPI,,55800,500,0.90,55600,55800,55400,550101,30606186850,11985284957400,214790053
20250317,000660,SK하이닉스,KOSPI,,206000,1500,0.73,207000,209500,203500,2584679,533631663000,149968487190000,728002365
20250317,003570,SNT다이내믹스,KOSPI,,36050,1000,2.85,35500,37050,34900,150900,5488929200,1198759726850,33252697
20250317,064960,SNT모티브,KOSPI,,25550,700,2.82,24850,25700,24600,50830,1288672725,678103949600,26540272
20250317,100840,SNT에너지,KOSPI,,32800,-1100,-3.24,34900,34900,32400,320091,10516904475,678329682400,20680783
20250317,036530,SNT홀딩스,KOSPI,,32100,100,0.31,31900,32200,31600,9673,308397175,523354740600,16303886
20250317,005610,SPC삼립,KOSPI,,51800,-900,-1.71,52900,53200,51500,17459,909728850,446982666200,8629009
20250317,011810,STX,KOSPI,,3980,-40,-1.00,4020,4130,3910,93620,374008045,123451349460,31017927
20250317,465770,STX그린로지스,KOSPI,,8280,0,0.00,8480,8540,8280,52237,436744365,59376144960,7171032
20250317,077970,STX엔진,KOSPI,,25750,200,0.78,25550,26250,24750,327003,8453702650,592479278000,23008904
20250317,002820,SUN&L,KOSPI,,2810,0,0.00,2810,2810,2730,7477,20814940,35428449090,12607989
20250317,084870,TBH글로벌,KOSPI,,1155,19,1.67,1136,1157,1125,18992,21660442,24089625945,20856819
20250317,002710,TCC스틸,KOSPI,,26900,-450,-1.65,27450,27650,26700,191109,5180809250,705148449300,26213697
20250317,069260,TKG휴켐스,KOSPI,,16100,130,0.81,16070,16100,15960,34791,557326235,658145266800,40878588
20250317,007980,TP,KOSPI,,1359,14,1.04,1350,1370,1346,73769,100221578,69547001670,51175130
20250317,002900,TYM,KOSPI,,4930,55,1.13,4890,4965,4815,154073,757054898,222101213080,45050956
20250317,024070,WISCOM,KOSPI,,1891,28,1.50,1850,1919,1850,7818,14800398,28982294258,15326438
20250317,037270,YG PLUS,KOSPI,,5200,60,1.17,5070,5230,4965,974442,4993406700,329832932000,63429410
20250317,000500,가온전선,KOSPI,,52800,-1100,-2.04,54400,54400,52400,57532,3057763450,873476472000,16543115
20250317,000860,강남제비스코,KOSPI,,24300,200,0.83,24400,24400,24000,1855,44736250,157950000000,6500000
20250317,035250,강원랜드,KOSPI,,16900,120,0.72,16900,16900,16770,427102,7200477250,3615594450000,213940500
20250317,011420,갤럭시아에스엠,KOSPI,,2020,0,0.00,2020,2025,2005,128313,258278142,55650280880,27549644
20250317,002100,경농,KOSPI,,9190,80,0.88,9110,9270,9110,20008,184042500,179412464250,19522575
20250317,009450,경동나비엔,KOSPI,,80000,-100,-0.12,79400,81600,75800,148729,11681734700,1165487360000,14568592
20250317,267290,경동도시가스,KOSPI,,17560,20,0.11,17670,17670,17500,1830,32115400,103523329360,5895406
20250317,012320,경동인베스트,KOSPI,,62600,700,1.13,62200,63800,61200,15252,949896650,148050439800,2365023
20250317,000050,경방,KOSPI,,6590,10,0.15,6580,6590,6550,5337,35137295,180666629300,27415270
20250317,214390,경보제약,KOSPI,,5850,-340,-5.49,6110,6200,5850,86513,518080030,139855131000,23906860
20250317,012610,경인양행,KOSPI,,2885,0,0.00,2910,2910,2820,64325,184002596,120063213025,41616365
20250317,009140,경인전자,KOSPI,,18670,220,1.19,18510,18730,18370,1670,31032060,29326779990,1570797
20250317,013580,계룡건설,KOSPI,,13220,-190,-1.42,13450,13550,13220,24739,329898040,118066590540,8930907
20250317,012200,계양전기,KOSPI,,1490,3,0.20,1492,1511,1477,20522,30552805,40562015210,27222829
20250317,012205,계양전기우,KOSPI,,3350,-45,-1.33,3335,3410,3335,1029,3469275,3916414650,1169079
20250317,002140,고려산업,KOSPI,,2815,25,0.90,2780,2830,2780,199376,560001277,70204481375,24939425
20250317,010130,고려아연,KOSPI,,893000,-20000,-2.19,924000,948000,878000,42153,37938360500,18488031719000,20703283
20250317,002240,고려제강,KOSPI,,17750,-20,-0.11,18010,18160,17740,6598,117721830,479250000000,27000000
20250317,009290,광동제약,KOSPI,,5560,30,0.54,5540,5600,5510,34627,192017350,291459931560,52420851
20250317,017040,광명전기,KOSPI,,1453,16,1.11,1445,1465,1439,214583,311224373,62969554595,43337615
20250317,017900,광전자,KOSPI,,1783,-9,-0.50,1793,1795,1782,24072,43046368,103313729429,57943763
20250317,037710,광주신세계,KOSPI,,29400,100,0.34,29450,29550,29250,65376,1920403200,233941386000,7957190
20250317,030610,교보증권,KOSPI,,6580,-90,-1.35,6670,6700,6530,213956,1414063595,749876283380,113962961
20250317,339770,교촌에프앤비,KOSPI,,5940,90,1.54,6010,6030,5850,119476,709584480,296792575200,49965080
20250317,007690,국도화학,KOSPI,,30500,100,0.33,30400,30900,30300,7028,214961000,274823788000,9010616
20250317,001140,국보,KOSPI,,2110,0,0.00,0,0,0,0,0,33456978680,15856388
20250317,002720,국제약품,KOSPI,,4725,-60,-1.25,4820,4835,4705,84318,399900465,99980206200,21159832
20250317,083420,그린케미칼,KOSPI,,6400,-80,-1.23,6480,6490,6340,64528,412627900,153600000000,24000000
20250317,014530,극동유화,KOSPI,,3330,-5,-0.15,3340,3350,3325,29542,98465137,116115168600,34869420
20250317,014280,금강공업,KOSPI,,4040,5,0.12,4035,4070,3995,49122,197292189,118490602280,29329357
20250317,014285,금강공업우,KOSPI,,6400,-40,-0.62,6470,6470,6260,14,88970,3775200000,589875
20250317,008870,금비,KOSPI,,56400,-300,-0.53,57000,57000,56300,773,43726000,56400000000,1000000
20250317,001570,금양,KOSPI,,12720,-710,-5.29,13420,13640,12600,2375964,30928653055,813662733120,63967196
20250317,002990,금호건설,KOSPI,,2535,-10,-0.39,2545,2580,2535,27280,69566650,93677363325,36953595
20250317,002995,금호건설우,KOSPI,,12540,190,1.54,12420,12540,12420,1369,17092030,3665015640,292266
20250317,011780,금호석유,KOSPI,,112800,-700,-0.62,114300,118300,111600,219535,24962450100,3083341413600,27334587
20250317,011785,금호석유우,KOSPI,,52100,100,0.19,52000,53600,52000,7125,377693800,157523620600,3023486
20250317,214330,금호에이치티,KOSPI,,593,-9,-1.50,598,606,591,167097,99804772,126851079683,213914131
20250317,001210,금호전기,KOSPI,,683,-18,-2.57,700,704,680,113323,78129522,39254029631,57472957
20250317,073240,금호타이어,KOSPI,,4965,90,1.85,4900,4965,4865,188224,924340374,1426247324955,287260287
20250317,092440,기신정기,KOSPI,,2420,5,0.21,2415,2420,2415,3289,7953850,70664000000,29200000
20250317,000270,기아,KOSPI,,98800,-700,-0.70,99700,100100,98200,1892886,187805138200,39290056041600,397672632
20250317,024110,기업은행,KOSPI,,15800,100,0.64,15730,15840,15720,1047633,16530379710,12599328730200,797425869
20250317,013700,까뮤이앤씨,KOSPI,,1241,-6,-0.48,1232,1259,1227,77917,96748035,74150780030,59750830
20250317,004540,깨끗한나라,KOSPI,,2375,80,3.49,2365,2715,2300,2948151,7372579584,88446645875,37240693
20250317,004545,깨끗한나라우,KOSPI,,11820,370,3.23,11730,11950,11450,944,11108480,4328011200,366160
20250317,001260,남광토건,KOSPI,,8310,80,0.97,8320,8360,8150,22144,183941730,81708673320,9832572
20250317,008350,남선알미늄,KOSPI,,1381,11,0.80,1370,1385,1363,239967,329895905,178258223290,129079090
20250317,008355,남선알미우,KOSPI,,14550,150,1.04,14420,14550,14360,960,13885760,4479799500,307890
20250317,004270,남성,KOSPI,,1080,3,0.28,1080,1110,1076,67067,73050289,39109132800,36212160
20250317,003920,남양유업,KOSPI,,72300,-200,-0.28,73000,73400,71300,16420,1184497950,465381363000,6436810
20250317,003925,남양유업우,KOSPI,,38000,-1000,-2.56,38900,39200,37850,10872,417520925,76000000000,2000000
20250317,025860,남해화학,KOSPI,,6420,40,0.63,6390,6500,6390,48440,312101625,318938172060,49678843
20250317,005720,넥센,KOSPI,,4490,-95,-2.07,4600,4615,4490,106928,485575255,240412456730,53543977
20250317,005725,넥센우,KOSPI,,3100,25,0.81,3000,3195,3000,200,615190,11161860000,3600600
20250317,002350,넥센타이어,KOSPI,,5370,10,0.19,5360,5380,5330,59225,317001640,524476499490,97667877
20250317,002355,넥센타이어1우B,KOSPI,,2830,-40,-1.39,2805,2860,2805,19359,54660630,18395000000,6500000
20250317,092790,넥스틸,KOSPI,,16930,170,1.01,16550,18600,16480,5898579,102732535810,440213860000,26002000
20250317,251270,넷마블,KOSPI,,40500,400,1.00,40300,40800,40150,97669,3948110525,3481116831000,85953502
20250317,090350,노루페인트,KOSPI,,7800,110,1.43,7730,7920,7680,95582,746470585,156000000000,20000000
20250317,090355,노루페인트우,KOSPI,,12300,30,0.24,12300,12320,12200,271,3327690,5696449800,463126
20250317,000320,노루홀딩스,KOSPI,,14370,340,2.42,14030,14370,14030,22707,324478785,190993839870,13291151
20250317,000325,노루홀딩스우,KOSPI,,28500,500,1.79,28000,28500,27500,537,15182200,6941431500,243559
20250317,006280,녹십자,KOSPI,,130900,2400,1.87,130500,130900,128500,24393,3167781850,1529767824200,11686538
20250317,005250,녹십자홀딩스,KOSPI,,14060,160,1.15,13950,14060,13800,30319,422582350,661216632600,47028210
20250317,005257,녹십자홀딩스2우,KOSPI,,21900,300,1.39,21700,21900,21700,13,284000,18527181000,845990
20250317,004370,농심,KOSPI,,389000,6000,1.57,387000,389000,383500,23571,9115514750,2366147738000,6082642
20250317,072710,농심홀딩스,KOSPI,,65500,0,0.00,65600,65700,65000,2384,155927450,303775245000,4637790
20250317,058730,다스코,KOSPI,,3000,-30,-0.99,3050,3055,2990,51544,154944988,56390823000,18796941
20250317,030210,다올투자증권,KOSPI,,2890,-145,-4.78,3015,3020,2890,119501,352995738,176033096340,60911106
20250317,023590,다우기술,KOSPI,,21600,50,0.23,21800,21950,21450,47435,1024780500,969118927200,44866617
20250317,145210,다이나믹디자인,KOSPI,,912,0,0.00,914,940,877,176482,159889441,31538498544,34581687
20250317,019680,대교,KOSPI,,2185,20,0.92,2180,2195,2155,9193,19984250,185075727250,84702850
20250317,019685,대교우B,KOSPI,,1277,-5,-0.39,1282,1282,1241,9155,11584403,24808266230,19426990
20250317,006370,대구백화점,KOSPI,,8080,230,2.93,7860,8210,7650,113666,901447335,87438616880,10821611
20250317,008060,대덕,KOSPI,,7150,20,0.28,7140,7180,7120,86697,619850865,242314572500,33890150
20250317,00806K,대덕1우,KOSPI,,7320,40,0.55,7440,7440,7210,554,4037860,8874453240,1212357
20250317,353200,대덕전자,KOSPI,,18350,220,1.21,18280,18500,18140,300914,5526262610,906800573750,49416925
20250317,35320K,대덕전자1우,KOSPI,,8030,-30,-0.37,8060,8170,8010,5041,40609825,16827017570,2095519
20250317,000490,대동,KOSPI,,12450,250,2.05,12180,12570,12070,303084,3759732825,319227810600,25640788
20250317,008110,대동전자,KOSPI,,15040,0,0.00,0,0,0,0,0,157776322880,10490447
20250317,005750,대림B&Co,KOSPI,,4045,90,2.28,3990,4045,3960,21361,85845921,67439210800,16672240
20250317,006570,대림통상,KOSPI,,2445,-30,-1.21,2480,2500,2425,5192,12673210,37225125000,15225000
20250317,001680,대상,KOSPI,,24500,100,0.41,24700,24900,24300,56688,1391681350,848876612500,34648025
20250317,001685,대상우,KOSPI,,17590,80,0.46,17530,17600,17430,4032,70604140,24102222570,1370223
20250317,084690,대상홀딩스,KOSPI,,12150,400,3.40,11800,12150,11630,413256,4905972470,439982336700,36212538
20250317,084695,대상홀딩스우,KOSPI,,24550,1800,7.91,23300,24750,23000,21799,523868200,22425983100,913482
20250317,128820,대성산업,KOSPI,,3165,85,2.76,3080,3185,3080,247680,774775581,143170287870,45235478
20250317,117580,대성에너지,KOSPI,,7850,-10,-0.13,7890,7920,7840,20619,162018880,215875000000,27500000
20250317,016710,대성홀딩스,KOSPI,,7030,30,0.43,7050,7060,7000,2911,20445300,113108896770,16089459
20250317,003540,대신증권,KOSPI,,17170,230,1.36,16940,17220,16790,176392,3015026550,871779278000,50773400
20250317,003547,대신증권2우B,KOSPI,,15430,-50,-0.32,15510,15560,15400,58210,901327085,154300000000,10000000
20250317,003545,대신증권우,KOSPI,,16080,30,0.19,16060,16110,16060,73087,1175318285,418080000000,26000000
20250317,009190,대양금속,KOSPI,,1356,-22,-1.60,1372,1377,1350,66959,91227163,57440141016,42359986
20250317,014160,대영포장,KOSPI,,1456,40,2.82,1416,1469,1405,1192475,1720767385,157822463344,108394549
20250317,047040,대우건설,KOSPI,,3480,15,0.43,3470,3480,3425,392845,1356343161,1446366780240,415622638
20250317,003090,대웅,KOSPI,,19900,470,2.42,19580,19900,19420,24624,483897560,1157025402000,58141980
20250317,069620,대웅제약,KOSPI,,120900,1000,0.83,120300,120900,119400,19180,2300175300,1400816917500,11586575
20250317,000430,대원강업,KOSPI,,3645,-10,-0.27,3635,3685,3630,50701,184575810,225990000000,62000000
20250317,006340,대원전선,KOSPI,,3025,-70,-2.26,3100,3110,3000,861878,2617391348,226812004375,74979175
20250317,006345,대원전선우,KOSPI,,4030,-75,-1.83,4105,4105,4000,14737,59538330,10563436000,2621200
20250317,003220,대원제약,KOSPI,,14050,-50,-0.35,14100,14190,14010,111447,1566266695,315107541150,22427583
20250317,024890,대원화성,KOSPI,,960,-2,-0.21,952,969,952,23541,22587964,39599185920,41249152
20250317,002880,대유에이텍,KOSPI,,971,3,0.31,964,977,964,18394,17859724,45388443420,46744020
20250317,012800,대창,KOSPI,,1387,-20,-1.42,1416,1416,1385,692752,967063909,126411872113,91140499
20250317,015230,대창단조,KOSPI,,5360,0,0.00,5330,5360,5200,74939,396034145,153147152800,28572230
20250317,001070,대한방직,KOSPI,,5230,-30,-0.57,5300,5350,5100,12912,66869950,27719000000,5300000
20250317,006650,대한유화,KOSPI,,98000,-900,-0.91,99900,102000,96500,24753,2426845650,637000000000,6500000
20250317,001440,대한전선,KOSPI,,12750,-260,-2.00,13150,13240,12650,2775346,35751324765,2377203075000,186447300
20250317,084010,대한제강,KOSPI,,16140,-30,-0.19,16180,16200,16040,43732,705211810,377908367580,23414397
20250317,001790,대한제당,KOSPI,,2760,40,1.47,2740,2775,2725,224212,616017228,247562560800,89696580
20250317,001795,대한제당우,KOSPI,,2285,5,0.22,2260,2290,2255,4834,10974030,14813106600,6482760
20250317,001130,대한제분,KOSPI,,129900,400,0.31,130000,131500,129000,603,78017850,219531000000,1690000
20250317,003490,대한항공,KOSPI,,22850,150,0.66,22850,23050,22750,972604,22284779750,8413842103850,368220661
20250317,003495,대한항공우,KOSPI,,21850,0,0.00,21850,21900,21600,1197,26053900,24270848900,1110794
20250317,005880,대한해운,KOSPI,,1706,-10,-0.58,1725,1738,1702,1217347,2084584728,547984174700,321209950
20250317,003830,대한화섬,KOSPI,,111500,-700,-0.62,113200,113200,108200,461,51240200,148072000000,1328000
20250317,016090,대현,KOSPI,,2110,-65,-2.99,2155,2175,2080,172896,365612242,93435674100,44282310
20250317,069460,대호에이엘,KOSPI,,1321,7,0.53,1314,1354,1307,351309,465577444,89575823742,67809102
20250317,475560,더본코리아,KOSPI,,27900,-650,-2.28,28550,28550,27800,158281,4417559350,411169554000,14737260
20250317,192080,더블유게임즈,KOSPI,,50700,700,1.40,50000,51000,49900,36339,1834674550,1089842434200,21495906
20250317,012510,더존비즈온,KOSPI,,58200,-8100,-12.22,66100,66700,56900,1500704,90331328600,1768278028800,30382784
20250317,004830,덕성,KOSPI,,7430,60,0.81,7460,7480,7300,312305,2303912295,116502400000,15680000
20250317,004835,덕성우,KOSPI,,11500,520,4.74,11050,11500,10900,22416,250166480,16008000000,1392000
20250317,024900,덕양산업,KOSPI,,2850,30,1.06,2820,2880,2810,84790,241349485,92810193000,32564980
20250317,145720,덴티움,KOSPI,,63700,1600,2.58,62400,63700,61800,16387,1026389650,705084471000,11068830
20250317,002150,도화엔지니어링,KOSPI,,6650,-10,-0.15,6630,6760,6620,19489,130332580,224238000000,33720000
20250317,460850,동국씨엠,KOSPI,,7040,-90,-1.26,7130,7190,7010,109049,772240305,210486538240,29898656
20250317,460860,동국제강,KOSPI,,9610,-50,-0.52,9660,9770,9370,270587,2567254905,476733043370,49608017
20250317,001230,동국홀딩스,KOSPI,,7620,0,0.00,7620,7690,7600,9716,74175485,242319680460,31800483
20250317,023450,동남합성,KOSPI,,34000,-300,-0.87,34150,34250,33650,2035,68997050,119000000000,3500000
20250317,004140,동방,KOSPI,,2345,30,1.30,2335,2360,2290,233083,542923047,112493791270,47971766
20250317,007590,동방아그로,KOSPI,,6030,0,0.00,6040,6050,6000,3090,18628100,82113989310,13617577
20250317,005960,동부건설,KOSPI,,3595,5,0.14,3590,3620,3590,15564,56009304,82492110275,22946345
20250317,005965,동부건설우,KOSPI,,18590,-60,-0.32,18610,18640,18590,220,4092710,4196357880,225732
20250317,026960,동서,KOSPI,,25950,200,0.78,25750,26100,25450,60560,1557859500,2587215000000,99700000
20250317,002210,동성제약,KOSPI,,3865,-50,-1.28,3860,3910,3860,25150,97482895,100880249050,26100970
20250317,102260,동성케미컬,KOSPI,,3820,-25,-0.65,3875,3880,3800,36247,138785710,189814760960,49689728
20250317,000640,동아쏘시오홀딩스,KOSPI,,98600,-1200,-1.20,99800,100400,98000,14351,1414229050,626002821800,6348913
20250317,170900,동아에스티,KOSPI,,45850,50,0.11,45850,46100,45550,15575,713614575,420580903750,9172975
20250317,028100,동아지질,KOSPI,,13450,0,0.00,13400,13560,13400,9741,131187375,180088801900,13389502
20250317,001520,동양,KOSPI,,618,3,0.49,628,628,612,645239,398330557,147506750934,238684063
20250317,001527,동양2우B,KOSPI,,8360,-30,-0.36,8400,8400,8280,4,33400,2579636840,308569
20250317,084670,동양고속,KOSPI,,7150,-40,-0.56,7120,7200,7120,1027,7345050,20703318350,2895569
20250317,082640,동양생명,KOSPI,,5070,95,1.91,5050,5090,4980,189567,953603450,818088025950,161358585
20250317,001525,동양우,KOSPI,,4160,-500,-10.73,4220,4220,4150,3615,15101320,2569760960,617731
20250317,008970,동양철관,KOSPI,,861,-21,-2.38,886,911,861,10986563,9704371681,135221909760,157052160
20250317,092780,동양피스톤,KOSPI,,4600,5,0.11,4630,4640,4545,3863,17667645,60574916000,13168460
20250317,049770,동원F&B,KOSPI,,33300,-100,-0.30,33500,33800,33050,21032,700010650,642544146000,19295620
20250317,018500,동원금속,KOSPI,,1822,-58,-3.09,1925,1929,1816,1324843,2453651528,85187487926,46754933
20250317,006040,동원산업,KOSPI,,36500,300,0.83,36350,36500,35550,25644,927920550,1446279066000,39624084
20250317,030720,동원수산,KOSPI,,5000,5,0.10,5020,5140,4985,6131,30973040,23269025000,4653805
20250317,014820,동원시스템즈,KOSPI,,36000,650,1.84,35950,36000,35300,15936,568097300,1043686152000,28991282
20250317,014825,동원시스템즈우,KOSPI,,17780,60,0.34,17720,17780,17720,165,2930100,4695893580,264111
20250317,111380,동인기연,KOSPI,,15380,-120,-0.77,15500,15600,15280,20924,321770440,94248640000,6128000
20250317,163560,동일고무벨트,KOSPI,,7500,50,0.67,7400,7520,7390,27548,205583790,104250000000,13900000
20250317,004890,동일산업,KOSPI,,39900,-100,-0.25,40000,40200,39200,2057,81633500,96766078500,2425215
20250317,002690,동일제강,KOSPI,,1244,-10,-0.80,1258,1290,1240,29358,36682882,25253647840,20300360
20250317,000020,동화약품,KOSPI,,6190,10,0.16,6250,6260,6140,66677,412717955,172895799300,27931470
20250317,000150,두산,KOSPI,,338000,-4000,-1.17,347000,352000,334000,85500,28984519750,5585056230000,16523835
20250317,000157,두산2우B,KOSPI,,137000,-2000,-1.44,139600,142000,135800,1584,218326400,122346206000,893038
20250317,454910,두산로보틱스,KOSPI,,61500,-500,-0.81,62600,62700,61200,237523,14607952050,3986428770000,64819980
20250317,241560,두산밥캣,KOSPI,,50500,950,1.92,49900,50800,49850,157457,7932519750,5062582883000,100249166
20250317,034020,두산에너빌리티,KOSPI,,25600,-1150,-4.30,27100,27100,25550,12152675,315053844350,16398365337600,640561146
20250317,000155,두산우,KOSPI,,149500,-2800,-1.84,152900,153000,148000,11293,1690704350,597471069000,3996462
20250317,336260,두산퓨얼셀,KOSPI,,16280,370,2.33,15920,16500,15920,191783,3126963125,1066237859280,65493726
20250317,33626K,두산퓨얼셀1우,KOSPI,,4635,25,0.54,4630,4680,4565,9811,45504825,61943067000,13364200
20250317,33626L,두산퓨얼셀2우B,KOSPI,,7690,0,0.00,7720,7750,7640,1689,12963800,22964647000,2986300
20250317,016740,두올,KOSPI,,3200,115,3.73,3145,3210,3145,167391,533759080,100175948800,31304984
20250317,192650,드림텍,KOSPI,,7090,40,0.57,7110,7150,7050,140522,998236675,488430390690,68890041
20250317,024090,디씨엠,KOSPI,,11380,20,0.18,11490,11490,11340,2012,22874880,129732000000,11400000
20250317,003160,디아이,KOSPI,,14020,950,7.27,13630,14290,13400,1944853,27223857270,396766000000,28300000
20250317,092200,디아이씨,KOSPI,,4535,-65,-1.41,4600,4645,4520,227145,1036027244,176359660415,38888569
20250317,377190,디앤디플랫폼리츠,KOSPI,,3225,40,1.26,3180,3225,3155,57042,182509587,285090000000,88400000
20250317,013570,디와이,KOSPI,,4025,110,2.81,3920,4050,3910,83847,335692237,105936522825,26319633
20250317,210540,디와이파워,KOSPI,,12370,-20,-0.16,12350,12600,12350,29233,364431760,136585927960,11041708
20250317,032350,롯데관광개발,KOSPI,,7770,-10,-0.13,7790,7820,7750,111337,865573535,592044341910,76196183
20250317,089860,롯데렌탈,KOSPI,,29800,0,0.00,29800,29950,29550,26518,787948125,1082019762400,36309388
20250317,330590,롯데리츠,KOSPI,,3480,30,0.87,3450,3485,3445,198733,687874952,1005611716320,288968884
20250317,000400,롯데손해보험,KOSPI,,1822,-17,-0.92,1853,1853,1803,131929,240568844,565432775040,310336320
20250317,023530,롯데쇼핑,KOSPI,,66300,-400,-0.60,67100,67700,66000,33302,2213150850,1875544456500,28288755
20250317,020150,롯데에너지머티리얼즈,KOSPI,,26100,0,0.00,26200,26450,25800,67131,1746563225,1203492793500,46110835
20250317,280360,롯데웰푸드,KOSPI,,118500,500,0.42,118500,119600,116600,9860,1166359700,1117997019000,9434574
20250317,286940,롯데이노베이트,KOSPI,,19440,-80,-0.41,19720,19980,19420,16889,331045040,294114894480,15129367
20250317,004000,롯데정밀화학,KOSPI,,40450,50,0.12,40500,41150,39950,51481,2072331975,1043610000000,25800000
20250317,004990,롯데지주,KOSPI,,23250,300,1.31,23050,23250,22950,51969,1201507600,2439139760250,104909237
20250317,00499K,롯데지주우,KOSPI,,27000,50,0.19,26950,27000,26500,189,5098000,21751281000,805603
20250317,005300,롯데칠성,KOSPI,,108500,1400,1.31,107100,108800,107100,7351,792726450,1006758914000,9278884
20250317,005305,롯데칠성우,KOSPI,,65800,-300,-0.45,66100,66200,65600,673,44334100,51015398000,775310
20250317,011170,롯데케미칼,KOSPI,,69800,-4300,-5.80,74500,75400,69400,370090,26294759950,2985724246200,42775419
20250317,071840,롯데하이마트,KOSPI,,7510,-30,-0.40,7540,7570,7430,27528,206465785,177293917120,23607712
20250317,027740,마니커,KOSPI,,882,4,0.46,882,893,881,251350,222671097,56016903096,63511228
20250317,357430,마스턴프리미어리츠,KOSPI,,1490,2,0.13,1489,1497,1486,32044,47656804,45452907430,30505307
20250317,001080,만호제강,KOSPI,,25450,100,0.39,25150,26500,25150,615,15786200,105617500000,4150000
20250317,088980,맥쿼리인프라,KOSPI,,10890,-90,-0.82,11000,11020,10890,857526,9367021420,5215460503770,478921993
20250317,094800,맵스리얼티1,KOSPI,,4270,-15,-0.35,4285,4290,4240,32451,138277810,396402593370,92834331
20250317,138040,메리츠금융지주,KOSPI,,117700,2200,1.90,115900,118500,115900,176826,20771724700,22447757417800,190720114
20250317,090370,메타랩스,KOSPI,,1382,-7,-0.50,1388,1389,1367,18158,24990733,34418280198,24904689
20250317,118000,메타케어,KOSPI,,284,-7,-2.41,291,304,282,331425,94682828,46796771376,164777364
20250317,017180,명문제약,KOSPI,,1625,-8,-0.49,1629,1644,1619,41617,67559129,55174362750,33953454
20250317,009900,명신산업,KOSPI,,8950,10,0.11,8950,9010,8870,137939,1231031770,469607690350,52470133
20250317,012690,모나리자,KOSPI,,2890,45,1.58,2880,3065,2875,676788,2001129163,105690926950,36571255
20250317,005360,모나미,KOSPI,,2010,0,0.00,2005,2020,2005,17267,34700583,37983587070,18897307
20250317,070960,모나용평,KOSPI,,3980,-20,-0.50,4000,4050,3935,127464,506676067,191570665340,48133333
20250317,009680,모토닉,KOSPI,,9380,10,0.11,9370,9550,9340,61278,577169200,263109000000,28050000
20250317,009580,무림P&P,KOSPI,,2945,40,1.38,2960,2985,2915,448438,1323526346,183674714180,62368324
20250317,009200,무림페이퍼,KOSPI,,2090,30,1.46,2060,2100,2060,89189,185978218,86963457900,41609310
20250317,033920,무학,KOSPI,,6770,110,1.65,6750,6830,6650,56787,383459000,192945000000,28500000
20250317,008420,문배철강,KOSPI,,2605,5,0.19,2600,2670,2575,203860,530761384,53411630525,20503505
20250317,025560,미래산업,KOSPI,,795,-3,-0.38,800,803,793,308048,245431492,47354995440,59566032
20250317,007120,미래아이앤지,KOSPI,,794,12,1.53,780,796,776,65999,51758687,22929614752,28878608
20250317,396690,미래에셋글로벌리츠,KOSPI,,2755,-5,-0.18,2760,2760,2740,23143,63607940,109114364700,39605940
20250317,357250,미래에셋맵스리츠,KOSPI,,2620,-5,-0.19,2625,2645,2610,15980,41940886,65487175100,24995105
20250317,085620,미래에셋생명,KOSPI,,4455,-70,-1.55,4590,4675,4405,37630,168204079,788607121995,177016189
20250317,006800,미래에셋증권,KOSPI,,9920,370,3.87,9560,9920,9560,2323172,22935448260,5657538767360,570316408
20250317,00680K,미래에셋증권2우B,KOSPI,,4275,25,0.59,4250,4290,4245,326687,1397039205,587812500000,137500000
20250317,006805,미래에셋증권우,KOSPI,,4790,100,2.13,4680,4835,4670,98770,472187438,67422842500,14075750
20250317,002840,미원상사,KOSPI,,183500,1800,0.99,181700,183500,179600,2484,450466900,871625000000,4750000
20250317,268280,미원에스씨,KOSPI,,149200,1800,1.22,147500,149500,147500,1179,174690900,746000000000,5000000
20250317,107590,미원홀딩스,KOSPI,,72800,100,0.14,73300,73300,72800,14,1021500,168896000000,2320000
20250317,134380,미원화학,KOSPI,,78000,-100,-0.13,79800,79800,78000,20,1567300,171542904000,2199268
20250317,003650,미창석유,KOSPI,,99300,100,0.10,102300,102300,98400,2471,246650950,172749429600,1739672
20250317,377740,바이오노트,KOSPI,,4895,70,1.45,4825,4895,4800,40488,195649812,499564354960,102056048
20250317,003610,방림,KOSPI,,3900,-10,-0.26,3950,3950,3860,107437,420070575,156788416200,40202158
20250317,001340,백광산업,KOSPI,,6850,-50,-0.72,7000,7010,6830,108011,746205125,307691087950,44918407
20250317,035150,백산,KOSPI,,15000,420,2.88,14580,15080,14550,45661,679123370,318750000000,21250000
20250317,002410,범양건영,KOSPI,,2065,20,0.98,2045,2100,1961,1297777,2607591964,56745828300,27479820
20250317,007210,벽산,KOSPI,,2205,10,0.46,2175,2205,2145,186766,406526792,148969800000,67560000
20250317,002760,보락,KOSPI,,1100,23,2.14,1074,1110,1074,585477,639917970,65890000000,59900000
20250317,003850,보령,KOSPI,,9490,-150,-1.56,9650,9700,9440,161960,1539829380,823610594430,86787207
20250317,000890,보해양조,KOSPI,,438,4,0.92,436,446,434,299518,131679143,60934616502,139120129
20250317,003000,부광약품,KOSPI,,4610,-10,-0.22,4620,4660,4600,64649,298783830,315576033310,68454671
20250317,001270,부국증권,KOSPI,,26950,150,0.56,26750,27350,26750,4395,118525700,279468427700,10369886
20250317,001275,부국증권우,KOSPI,,21900,0,0.00,21900,21950,21600,1320,28903750,65700000000,3000000
20250317,026940,부국철강,KOSPI,,2495,-5,-0.20,2505,2560,2465,36332,90856680,49900000000,20000000
20250317,011390,부산산업,KOSPI,,73400,-1000,-1.34,73400,74700,72500,3290,242587000,77510400000,1056000
20250317,005030,부산주공,KOSPI,,486,0,0.00,0,0,0,0,0,38288532168,78782988
20250317,002070,비비안,KOSPI,,789,6,0.77,784,789,778,175224,137047379,23507458110,29793990
20250317,100220,비상교육,KOSPI,,4935,35,0.71,4895,4945,4860,10921,53700835,64138916835,12996741
20250317,090460,비에이치,KOSPI,,14930,120,0.81,15000,15170,14890,102283,1534756030,514553178470,34464379
20250317,005180,빙그레,KOSPI,,93300,-1600,-1.69,95100,96200,92400,59692,5580987750,919120785300,9851241
20250317,003960,사조대림,KOSPI,,40400,50,0.12,40800,40800,39850,42392,1700609900,370244466800,9164467
20250317,008040,사조동아원,KOSPI,,1037,2,0.19,1037,1050,1029,501677,519911980,146366950200,141144600
20250317,007160,사조산업,KOSPI,,33700,-100,-0.30,34050,34050,33600,6716,226640800,168500000000,5000000
20250317,014710,사조씨푸드,KOSPI,,5180,60,1.17,5120,5200,5090,42979,220539230,89192052740,17218543
20250317,006090,사조오양,KOSPI,,8470,-10,-0.12,8520,8570,8470,3375,28667710,79810599330,9422739
20250317,062040,산일전기,KOSPI,,66600,2200,3.42,65200,67900,64400,364087,24072924350,2027650320000,30445200
20250317,001470,삼부토건,KOSPI,,417,-34,-7.54,449,450,409,15026455,6309836669,95777320608,229681824
20250317,028050,삼성E&A,KOSPI,,19420,680,3.63,18800,19420,18800,1658310,31945450945,3806320000000,196000000
20250317,448730,삼성FN리츠,KOSPI,,4620,40,0.87,4530,4620,4530,40115,183848348,420651000000,91050000
20250317,006400,삼성SDI,KOSPI,,190400,-1000,-0.52,191200,192600,186800,956353,181240343650,13092766512000,68764530
20250317,006405,삼성SDI우,KOSPI,,124700,-2400,-1.89,126700,126700,123800,8667,1083056100,201751631200,1617896
20250317,006660,삼성공조,KOSPI,,19070,1120,6.24,18200,20100,18040,4592456,88892635095,154968807980,8126314
20250317,028260,삼성물산,KOSPI,,123500,3900,3.26,120500,124500,120500,373791,46025928750,20992103184000,169976544
20250317,02826K,삼성물산우B,KOSPI,,89400,900,1.02,88600,91000,88600,4954,444867750,131202546000,1467590
20250317,207940,삼성바이오로직스,KOSPI,,1069000,18000,1.71,1062000,1069000,1050000,53864,57234693986,76085006000000,71174000
20250317,032830,삼성생명,KOSPI,,82600,600,0.73,83100,83300,81600,248719,20455088900,16520000000000,200000000
20250317,018260,삼성에스디에스,KOSPI,,122800,2600,2.16,121000,123000,120400,120017,14684953950,9501993840000,77377800
20250317,009150,삼성전기,KOSPI,,139800,2400,1.75,138100,142400,138100,323118,45403515312,10442178700800,74693696
20250317,009155,삼성전기우,KOSPI,,61200,300,0.49,61200,62500,60600,13418,826825750,177907420800,2906984
20250317,005930,삼성전자,KOSPI,,57600,2900,5.30,55500,57800,55400,35559021,2036156585500,340971144307200,5919637922
20250317,005935,삼성전자우,KOSPI,,47450,1950,4.29,45900,47700,45850,2269492,107324927441,38717997806800,815974664
20250317,001360,삼성제약,KOSPI,,1583,6,0.38,1577,1603,1560,158893,250738150,149058571057,94162079
20250317,010140,삼성중공업,KOSPI,,14790,470,3.28,14430,15140,14260,20321168,299833265205,13015200000000,880000000
20250317,016360,삼성증권,KOSPI,,46050,1000,2.22,45350,46050,45300,166255,7607751675,4112265000000,89300000
20250317,068290,삼성출판사,KOSPI,,15170,70,0.46,15100,15290,15100,9637,146524985,151700000000,10000000
20250317,029780,삼성카드,KOSPI,,43300,750,1.76,42750,43300,42450,74294,3182436125,5016689980300,115858891
20250317,000810,삼성화재,KOSPI,,388000,11000,2.92,380500,388000,379500,57489,22086635750,18381436756000,47374837
20250317,000815,삼성화재우,KOSPI,,289500,500,0.17,290000,291000,288000,6913,2003394250,924084000000,3192000
20250317,006110,삼아알미늄,KOSPI,,29000,-550,-1.86,29650,30100,28850,53899,1575059400,426645564000,14711916
20250317,145990,삼양사,KOSPI,,45300,600,1.34,44700,45550,44700,17673,799844850,467199239700,10313449
20250317,145995,삼양사우,KOSPI,,29650,300,1.02,29500,29650,29450,213,6304050,10972575500,370070
20250317,003230,삼양식품,KOSPI,,926000,9000,0.98,919000,927000,889000,57800,52617425500,6975571890000,7533015
20250317,002170,삼양통상,KOSPI,,47750,650,1.38,47100,47800,46900,1513,71924350,143250000000,3000000
20250317,272550,삼양패키징,KOSPI,,14180,30,0.21,14190,14230,14150,3122,44271340,217393168780,15330971
20250317,000070,삼양홀딩스,KOSPI,,60100,-200,-0.33,60500,60800,59800,21950,1321609650,514712687100,8564271
20250317,000075,삼양홀딩스우,KOSPI,,59300,-100,-0.17,59400,59500,59300,318,18905100,18030639400,304058
20250317,003720,삼영,KOSPI,,4190,-100,-2.33,4310,4360,4185,183172,776052362,142460000000,34000000
20250317,002810,삼영무역,KOSPI,,13520,0,0.00,13520,13560,13370,7864,105783285,249673136960,18466948
20250317,005680,삼영전자,KOSPI,,9960,-20,-0.20,10070,10080,9960,16652,166191650,199200000000,20000000
20250317,023000,삼원강재,KOSPI,,2335,5,0.21,2335,2335,2320,2720,6326660,93400000000,40000000
20250317,004380,삼익THK,KOSPI,,11380,100,0.89,11460,11550,11200,174190,1983310050,238980000000,21000000
20250317,002450,삼익악기,KOSPI,,1175,11,0.95,1161,1179,1154,95280,111606541,106373825125,90530915
20250317,004440,삼일씨엔에스,KOSPI,,4025,60,1.51,4000,4050,3965,21705,87096115,51246086675,12731947
20250317,000520,삼일제약,KOSPI,,12490,160,1.30,12330,12620,12130,175209,2178145850,270930719390,21691811
20250317,009770,삼정펄프,KOSPI,,26300,-250,-0.94,26650,26650,26250,1654,43619900,65749237300,2499971
20250317,005500,삼진제약,KOSPI,,17800,130,0.74,17670,17860,17650,8392,148908450,247420000000,13900000
20250317,004690,삼천리,KOSPI,,90000,200,0.22,89900,90100,89700,9575,861485800,364952250000,4055025
20250317,010960,삼호개발,KOSPI,,3065,0,0.00,3070,3075,3040,10786,32979185,76625000000,25000000
20250317,004450,삼화왕관,KOSPI,,30800,-150,-0.48,30700,31300,30600,1529,47168550,66354873200,2154379
20250317,009470,삼화전기,KOSPI,,38250,50,0.13,38850,39100,37800,102582,3947713425,252978615000,6613820
20250317,011230,삼화전자,KOSPI,,3480,0,0.00,3480,3645,3435,31265,108691772,58821396000,16902700
20250317,001820,삼화콘덴서,KOSPI,,27800,-250,-0.89,28100,28550,27800,37463,1051383450,288981000000,10395000
20250317,000390,삼화페인트,KOSPI,,6450,230,3.70,6250,7370,6230,7632976,53329703175,175462375050,27203469
20250317,001290,상상인증권,KOSPI,,419,-1,-0.24,417,422,417,12873,5393093,45393253280,108337120
20250317,041650,상신브레이크,KOSPI,,2920,-15,-0.51,2960,2960,2910,17870,52184640,62696634000,21471450
20250317,075180,새론오토모티브,KOSPI,,3400,-15,-0.44,3430,3480,3400,6399,21871435,65280000000,19200000
20250317,007540,샘표,KOSPI,,41850,-350,-0.83,42200,42200,41600,2055,85994400,120352230000,2875800
20250317,248170,샘표식품,KOSPI,,26200,-50,-0.19,26100,26350,26050,10954,286929225,119689093200,4568286
20250317,007860,서연,KOSPI,,7740,0,0.00,7880,7940,7680,377441,2950606580,181733992560,23479844
20250317,200880,서연이화,KOSPI,,12720,-20,-0.16,12740,13080,12670,70056,896146830,343801718640,27028437
20250317,017390,서울가스,KOSPI,,49150,-50,-0.10,49200,49450,49000,1486,72995600,245750000000,5000000
20250317,031210,서울보증보험,KOSPI,,32300,300,0.94,31350,32950,30400,4408651,139618165400,2255237615400,69821598
20250317,004410,서울식품,KOSPI,,140,-1,-0.71,141,142,140,550155,77186048,52465778260,374755559
20250317,004415,서울식품우,KOSPI,,1197,-2,-0.17,1192,1202,1192,9146,10947303,2662726500,2224500
20250317,021050,서원,KOSPI,,1259,-15,-1.18,1270,1285,1247,134449,169906063,59770508810,47474590
20250317,008490,서흥,KOSPI,,15730,500,3.28,15230,15880,15160,28796,449012605,181982147490,11569113
20250317,007610,선도전기,KOSPI,,3000,0,0.00,0,0,0,0,0,54000000000,18000000
20250317,136490,선진,KOSPI,,5790,50,0.87,5690,5890,5690,26171,151515515,137683907160,23779604
20250317,014910,성문전자,KOSPI,,1132,20,1.80,1124,1140,1116,30574,34647222,25425835020,22460985
20250317,014915,성문전자우,KOSPI,,4605,-240,-4.95,4820,4820,4605,304,1411120,2763000000,600000
20250317,003080,성보화학,KOSPI,,2455,5,0.20,2450,2460,2425,37689,91856540,49149100000,20020000
20250317,004980,성신양회,KOSPI,,7310,-50,-0.68,7310,7420,7300,42308,310003945,179212493630,24516073
20250317,004985,성신양회우,KOSPI,,11040,-70,-0.63,11110,11490,10870,818,9072170,8121520800,735645
20250317,011300,성안머티리얼스,KOSPI,,508,0,0.00,523,523,495,458154,231408089,68868378900,135567675
20250317,000180,성창기업지주,KOSPI,,1294,-9,-0.69,1308,1309,1285,46884,60530008,90258570400,69751600
20250317,002420,세기상사,KOSPI,,5100,-30,-0.58,5130,5180,5070,769,3919370,28350124800,5558848
20250317,004360,세방,KOSPI,,11900,-20,-0.17,11900,11940,11830,12798,151914275,229773411000,19308690
20250317,004365,세방우,KOSPI,,7680,-20,-0.26,7700,7700,7680,604,4648290,28333440000,3689250
20250317,004490,세방전지,KOSPI,,70300,-400,-0.57,71200,71200,69300,41950,2936989400,984200000000,14000000
20250317,001430,세아베스틸지주,KOSPI,,20350,300,1.50,20050,20450,19920,96458,1946506985,729794121650,35862119
20250317,306200,세아제강,KOSPI,,204500,500,0.25,204000,207000,198100,35673,7213080550,580023350000,2836300
20250317,003030,세아제강지주,KOSPI,,268000,0,0.00,267500,274500,260500,16240,4299059750,1109964076000,4141657
20250317,019440,세아특수강,KOSPI,,13380,80,0.60,13290,13480,13290,4803,64356610,114666600000,8570000
20250317,058650,세아홀딩스,KOSPI,,94200,-500,-0.53,96500,96500,92900,638,59678500,376800000000,4000000
20250317,013000,세우글로벌,KOSPI,,1245,10,0.81,1247,1250,1230,13043,16135304,35737763595,28705031
20250317,091090,세원이앤씨,KOSPI,,1270,0,0.00,0,0,0,0,0,66998498210,52754723
20250317,021820,세원정공,KOSPI,,7880,40,0.51,7860,7930,7750,7498,58571950,78800000000,10000000
20250317,067830,세이브존I&C,KOSPI,,2230,15,0.68,2215,2235,2200,20265,45103475,91521195850,41040895
20250317,075580,세진중공업,KOSPI,,7860,130,1.68,7790,7950,7640,479738,3745804240,446836724160,56849456
20250317,068270,셀트리온,KOSPI,,187800,1700,0.91,187900,188200,184200,414566,77508727050,40209504748200,214108119
20250317,336370,솔루스첨단소재,KOSPI,,9290,60,0.65,9230,9300,9150,86579,799957335,652319125760,70217344
20250317,33637K,솔루스첨단소재1우,KOSPI,,1966,-6,-0.30,1972,1974,1955,19566,38549928,33242633956,16908766
20250317,33637L,솔루스첨단소재2우B,KOSPI,,3980,-115,-2.81,4095,4095,3980,4566,18451060,15037618080,3778296
20250317,248070,솔루엠,KOSPI,,17800,50,0.28,17890,17890,17740,34273,609957880,890098807800,50005551
20250317,004430,송원산업,KOSPI,,12010,10,0.08,12030,12360,11930,44927,545409285,288240000000,24000000
20250317,126720,수산인더스트리,KOSPI,,20500,-400,-1.91,21000,21100,20450,21096,436438975,292863000000,14286000
20250317,017550,수산중공업,KOSPI,,1985,25,1.28,1961,1985,1946,71383,140406436,123862273050,62399130
20250317,053210,스카이라이프,KOSPI,,4480,85,1.93,4405,4480,4400,18443,81737706,212902838400,47522955
20250317,204210,스타에스엠리츠,KOSPI,,2035,0,0.00,0,0,0,0,0,15927568525,7826815
20250317,026890,스틱인베스트먼트,KOSPI,,7100,-20,-0.28,7120,7210,7100,27481,196119370,295915042500,41678175
20250317,134790,시디즈,KOSPI,,24850,500,2.05,24300,25100,24300,1793,44128000,49700000000,2000000
20250317,462870,시프트업,KOSPI,,59500,2600,4.57,59800,60900,57800,373492,22300512850,3470915840000,58334720
20250317,016590,신대양제지,KOSPI,,6580,10,0.15,6570,6770,6500,41671,276960550,265159655600,40297820
20250317,029530,신도리코,KOSPI,,38200,300,0.79,38100,38400,37900,26773,1022372700,385057107800,10080029
20250317,004970,신라교역,KOSPI,,8740,-20,-0.23,8800,8830,8720,16590,145404490,139840000000,16000000
20250317,011930,신성이엔지,KOSPI,,1239,9,0.73,1237,1240,1226,394447,486448723,255045859089,205848151
20250317,005390,신성통상,KOSPI,,2165,-20,-0.92,2185,2185,2155,50890,110213310,311128664350,143708390
20250317,004170,신세계,KOSPI,,150000,300,0.20,149700,151900,149400,20928,3139024600,1476777150000,9845181
20250317,035510,신세계 I&C,KOSPI,,12330,-140,-1.12,12470,12840,12300,94687,1173834465,188261098200,15268540
20250317,031430,신세계인터내셔날,KOSPI,,10450,120,1.16,10370,10590,10370,73985,772716100,373065000000,35700000
20250317,031440,신세계푸드,KOSPI,,31500,0,0.00,31250,31750,31250,5295,166613700,121983120000,3872480
20250317,006880,신송홀딩스,KOSPI,,7180,-10,-0.14,7150,7250,7090,144233,1036927725,84931200440,11828858
20250317,005800,신영와코루,KOSPI,,10370,90,0.88,10290,10410,10210,4739,48716345,93330000000,9000000
20250317,001720,신영증권,KOSPI,,77700,-1900,-2.39,78000,79100,76400,27007,2091698500,1277388000000,16440000
20250317,009270,신원,KOSPI,,1358,5,0.37,1350,1363,1347,487384,659949378,139312271448,102586356
20250317,002700,신일전자,KOSPI,,1457,-4,-0.27,1474,1474,1452,102812,150285070,103516238097,71047521
20250317,002870,신풍,KOSPI,,1263,-61,-4.61,1476,1500,1227,5221853,7214446585,44152838100,34958700
20250317,019170,신풍제약,KOSPI,,8110,-10,-0.12,8150,8220,8000,113627,919253350,429708268900,52984990
20250317,019175,신풍제약우,KOSPI,,12430,0,0.00,12780,12780,12410,803,9993670,27346000000,2200000
20250317,481850,신한글로벌액티브리츠,KOSPI,,1555,-4,-0.26,1559,1572,1542,73148,113801615,67607767520,43477664
20250317,404990,신한서부티엔디리츠,KOSPI,,3155,20,0.64,3135,3155,3060,103017,320860467,176540814020,55955884
20250317,293940,신한알파리츠,KOSPI,,5910,-10,-0.17,5890,5920,5860,84445,497850965,714756126930,120940123
20250317,055550,신한지주,KOSPI,,46550,850,1.86,46100,46600,45900,1005906,46743857170,23435379878750,503445325
20250317,004080,신흥,KOSPI,,14600,-50,-0.34,14650,14650,14580,49,716800,138700000000,9500000
20250317,102280,쌍방울,KOSPI,,13450,0,0.00,0,0,0,0,0,70637274900,5251842
20250317,004770,써니전자,KOSPI,,2300,125,5.75,2165,2310,2155,838875,1888817186,84416633200,36702884
20250317,403550,쏘카,KOSPI,,15150,-1600,-9.55,16100,16100,15050,67546,1036526095,497554815300,32841902
20250317,004920,씨아이테크,KOSPI,,1043,14,1.36,1029,1074,1014,38335,39377326,52218622099,50065793
20250317,112610,씨에스윈드,KOSPI,,37500,1000,2.74,36950,37950,36600,246641,9253920100,1581427612500,42171403
20250317,480370,씨케이솔루션,KOSPI,,18760,3760,25.07,27550,28000,18025,17689298,369488518775,205137992360,10934861
20250317,308170,씨티알모빌리티,KOSPI,,5680,0,0.00,5660,5690,5580,2397,13579000,48904800000,8610000
20250317,008700,아남전자,KOSPI,,1592,14,0.89,1579,1620,1573,372371,590862652,122782713440,77124820
20250317,002790,아모레G,KOSPI,,21600,150,0.70,21600,21750,21400,111090,2397806200,1716296688000,79458180
20250317,00279K,아모레G3우(전환),KOSPI,,18040,10,0.06,18030,18160,17960,1947,35190030,127943288000,7092200
20250317,002795,아모레G우,KOSPI,,9120,-60,-0.65,9180,9180,9040,17574,159788490,58767182400,6443770
20250317,090430,아모레퍼시픽,KOSPI,,111800,-800,-0.71,113000,114300,111300,237211,26694971650,6539490456200,58492759
20250317,090435,아모레퍼시픽우,KOSPI,,34200,-150,-0.44,34600,34900,34050,18313,628365050,361077786000,10557830
20250317,002030,아세아,KOSPI,,266000,-500,-0.19,266500,266500,263500,838,221988500,558489344000,2099584
20250317,183190,아세아시멘트,KOSPI,,10270,40,0.39,10310,10380,10230,32473,334611780,388580711220,37836486
20250317,002310,아세아제지,KOSPI,,7230,20,0.28,7180,7250,7180,100170,723261005,309317547300,42782510
20250317,012170,아센디오,KOSPI,,2730,-150,-5.21,2850,3280,2700,1098637,3270178276,28274468040,10356948
20250317,267850,아시아나IDT,KOSPI,,11340,-10,-0.09,11340,11450,11060,7106,80194150,125874000000,11100000
20250317,020560,아시아나항공,KOSPI,,10480,-100,-0.95,10590,10680,10460,106565,1120560250,2158782651280,205990711
20250317,122900,아이마켓코리아,KOSPI,,7820,30,0.39,7800,7890,7760,35159,273889780,261413528800,33428840
20250317,010780,아이에스동서,KOSPI,,16650,50,0.30,16740,17200,16630,34544,578833035,502613150400,30186976
20250317,139990,아주스틸,KOSPI,,4220,-70,-1.63,4290,4325,4210,15582,66267715,163547847080,38755414
20250317,009320,아진전자부품,KOSPI,,1056,7,0.67,1049,1056,1030,62293,64825251,52060557120,49299770
20250317,001780,알루코,KOSPI,,2185,-25,-1.13,2220,2235,2185,179237,395687226,211573838420,96830132
20250317,018250,애경산업,KOSPI,,14400,150,1.05,14250,14490,14200,45613,654158240,380303064000,26409935
20250317,161000,애경케미칼,KOSPI,,7180,-60,-0.83,7280,7350,7110,173488,1253914755,349297730620,48648709
20250317,011090,에넥스,KOSPI,,510,-3,-0.58,513,517,509,148431,75918222,30595736910,59991641
20250317,137310,에스디바이오센서,KOSPI,,9970,70,0.71,9960,9970,9820,41391,409641175,1241039209410,124477353
20250317,005850,에스엘,KOSPI,,34950,550,1.60,35400,35450,33900,100108,3470142300,1623375774000,46448520
20250317,010580,에스엠벡셀,KOSPI,,1213,24,2.02,1230,1230,1180,44283,52777586,134948384880,111251760
20250317,012750,에스원,KOSPI,,62100,500,0.81,62100,62600,61000,29858,1836967150,2359748953800,37999178
20250317,023960,에쓰씨엔지니어링,KOSPI,,1276,-4,-0.31,1280,1290,1262,80922,102890679,44734757012,35058587
20250317,298690,에어부산,KOSPI,,2195,0,0.00,2200,2205,2180,96578,211608663,256024800000,116640000
20250317,140910,에이리츠,KOSPI,,3130,0,0.00,0,0,0,0,0,13969290160,4463032
20250317,078520,에이블씨엔씨,KOSPI,,7070,-110,-1.53,7220,7270,6990,204590,1453408060,183920118270,26014161
20250317,015260,에이엔피,KOSPI,,490,-5,-1.01,500,500,490,27305,13413106,22107278060,45116894
20250317,007460,에이프로젠,KOSPI,,752,3,0.40,757,760,736,1361167,1017347563,234493660352,311826676
20250317,003060,에이프로젠바이오로직스,KOSPI,,771,-12,-1.53,783,785,759,296013,227668493,152972448495,198407845
20250317,244920,에이플러스에셋,KOSPI,,3995,-5,-0.13,4100,4120,3955,47029,187284425,90317733535,22607693
20250317,278470,에이피알,KOSPI,,69100,1700,2.52,67700,69600,67200,464024,31925109400,2573391450500,37241555
20250317,450080,에코프로머티,KOSPI,,70700,-900,-1.26,71800,72600,70300,374077,26590022150,4930516757600,69738568
20250317,019490,엑시큐어하이트론,KOSPI,,708,-12,-1.67,720,734,700,811013,578176919,54114047160,76432270
20250317,036570,엔씨소프트,KOSPI,,164400,-400,-0.24,165800,166800,163900,43866,7238859100,3609241216800,21954022
20250317,085310,엔케이,KOSPI,,899,-12,-1.32,924,924,897,200827,181254970,70913409478,78880322
20250317,900140,엘브이엠씨홀딩스,KOSPI,,1661,-37,-2.18,1700,1725,1660,305509,511564422,285008350671,171588411
20250317,066970,엘앤에프,KOSPI,,74300,900,1.23,74000,76200,73400,210904,15697255900,2696880028200,36297174
20250317,097520,엠씨넥스,KOSPI,,25050,500,2.04,24650,25500,24500,180984,4565046025,450342186600,17977732
20250317,484870,엠앤씨솔루션,KOSPI,,86100,7100,8.99,80600,88300,79100,195277,16669954750,788150790000,9153900
20250317,014440,영보화학,KOSPI,,4730,135,2.94,4580,4775,4580,78070,368564920,94600000000,20000000
20250317,111770,영원무역,KOSPI,,49600,2350,4.97,47500,49600,47250,53541,2622774175,2197848812800,44311468
20250317,009970,영원무역홀딩스,KOSPI,,99900,6300,6.73,93000,99900,93000,28318,2755573000,1362195640800,13635592
20250317,003520,영진약품,KOSPI,,1994,-1,-0.05,1995,2010,1993,138846,277133965,364688105614,182892731
20250317,000670,영풍,KOSPI,,485500,1000,0.21,484500,489000,481000,5632,2729585750,894310420000,1842040
20250317,006740,영풍제지,KOSPI,,999,0,0.00,1002,1002,989,87883,87493129,55851310782,55907218
20250317,012280,영화금속,KOSPI,,830,0,0.00,830,839,823,37945,31457449,42881539150,51664505
20250317,012160,영흥,KOSPI,,398,-2,-0.50,408,408,394,52178,20814318,40321528056,101310372
20250317,015360,예스코홀딩스,KOSPI,,47650,-450,-0.94,48600,48600,45050,14167,673242750,285900000000,6000000
20250317,007310,오뚜기,KOSPI,,399500,5000,1.27,395000,399500,393000,2351,932556000,1601128085000,4007830
20250317,002630,오리엔트바이오,KOSPI,,1633,127,8.43,1485,1739,1450,22038118,36354830775,193646047165,118583005
20250317,271560,오리온,KOSPI,,113700,3300,2.99,110400,113800,109100,215642,24325880350,4495258208400,39536132
20250317,001800,오리온홀딩스,KOSPI,,15300,180,1.19,15170,15300,15120,133540,2033196145,958474956600,62645422
20250317,005320,온타이드,KOSPI,,439,17,4.03,427,447,420,89226,38496166,29642255019,67522221
20250317,011690,와이투솔루션,KOSPI,,2265,0,0.00,2250,2320,2250,94830,215511774,82841002410,36574394
20250317,316140,우리금융지주,KOSPI,,16470,420,2.62,16140,16470,16100,1726005,28142235415,12230482021470,742591501
20250317,006980,우성,KOSPI,,14610,30,0.21,14700,14740,14590,1677,24558430,45144900000,3090000
20250317,017370,우신시스템,KOSPI,,6160,10,0.16,6170,6270,6130,20398,126230125,112814572640,18314054
20250317,105840,우진,KOSPI,,7400,-380,-4.88,7780,7780,7360,250295,1864212385,150394743600,20323614
20250317,010400,우진아이엔에스,KOSPI,,2910,-20,-0.68,2930,2945,2900,4031,11786410,22180020000,7622000
20250317,049800,우진플라임,KOSPI,,2015,5,0.25,2010,2030,1999,5511,11112587,40300000000,20000000
20250317,016880,웅진,KOSPI,,856,-3,-0.35,860,872,856,42917,36960882,68417580480,79927080
20250317,095720,웅진씽크빅,KOSPI,,1540,-6,-0.39,1547,1550,1533,46838,72078573,177879216900,115505985
20250317,005820,원림,KOSPI,,13890,-110,-0.79,14000,14000,13890,191,2663350,31918803300,2297970
20250317,010600,웰바이오텍,KOSPI,,545,0,0.00,0,0,0,0,0,49553256815,90923407
20250317,008600,윌비스,KOSPI,,709,28,4.11,681,709,663,513893,356155039,47670351651,67236039
20250317,033270,유나이티드제약,KOSPI,,19180,100,0.52,19380,19480,19090,13684,264085030,313282705960,16333822
20250317,014830,유니드,KOSPI,,77700,-800,-1.02,78600,80000,77700,40550,3181215050,525842520000,6767600
20250317,446070,유니드비티플러스,KOSPI,,4040,195,5.07,3870,4300,3865,567851,2325698324,42869308600,10611215
20250317,000910,유니온,KOSPI,,5320,-40,-0.75,5360,5370,5310,197255,1051931005,83053813080,15611619
20250317,047400,유니온머티리얼,KOSPI,,2100,-5,-0.24,2120,2120,2080,116766,245152683,88200000000,42000000
20250317,011330,유니켐,KOSPI,,1296,-4,-0.31,1324,1325,1294,92715,120434999,125708328432,96997167
20250317,077500,유니퀘스트,KOSPI,,7210,310,4.49,7090,7350,6950,1340557,9607105590,155736735420,21600102
20250317,002920,유성기업,KOSPI,,1839,2,0.11,1837,1840,1833,9358,17237080,47717452500,25947500
20250317,000700,유수홀딩스,KOSPI,,5490,10,0.18,5480,5520,5460,13377,73381935,142969547880,26041812
20250317,003470,유안타증권,KOSPI,,2830,55,1.98,2775,2830,2770,336590,947432411,564858310080,199596576
20250317,003475,유안타증권우,KOSPI,,3045,5,0.16,3045,3050,3005,9736,29610139,39317685540,12912212
20250317,072130,유엔젤,KOSPI,,5530,30,0.55,5430,5570,5370,200985,1106356880,72970860620,13195454
20250317,000220,유유제약,KOSPI,,4450,30,0.68,4420,4460,4415,11487,51066756,75793961950,17032351
20250317,000225,유유제약1우,KOSPI,,4730,-65,-1.36,4925,4925,4720,4080,19479485,10722578900,2266930
20250317,000227,유유제약2우B,KOSPI,,9590,0,0.00,9700,9700,9580,289,2775430,3122120400,325560
20250317,001200,유진투자증권,KOSPI,,2585,20,0.78,2570,2615,2570,321152,833053396,250399690530,96866418
20250317,000100,유한양행,KOSPI,,125700,900,0.72,125400,127800,124050,658842,82665738350,10082279344800,80209064
20250317,000105,유한양행우,KOSPI,,110800,1300,1.19,109800,111500,109000,10628,1172040600,130848152000,1180940
20250317,003460,유화증권,KOSPI,,2325,-5,-0.21,2330,2330,2305,6739,15692790,131833114875,56702415
20250317,003465,유화증권우,KOSPI,,2310,0,0.00,2305,2330,2300,31970,73532025,40370541750,17476425
20250317,008730,율촌화학,KOSPI,,28150,2200,8.48,25950,29150,25800,231233,6450550300,698120000000,24800000
20250317,008250,이건산업,KOSPI,,5100,10,0.20,5140,5160,5080,21669,110620895,55858438500,10952635
20250317,025820,이구산업,KOSPI,,4790,-160,-3.23,4845,4890,4750,812771,3914332618,160187180000,33442000
20250317,214320,이노션,KOSPI,,18550,-30,-0.16,18790,18860,18500,69755,1299525465,742000000000,40000000
20250317,088260,이리츠코크렙,KOSPI,,4270,-10,-0.23,4280,4315,4250,39214,167318000,270468589300,63341590
20250317,139480,이마트,KOSPI,,82900,-1200,-1.43,84300,84700,81300,229208,18856817700,2310905395100,27875819
20250317,457190,이수스페셜티케미컬,KOSPI,,54600,-500,-0.91,56200,57900,54200,765739,42927090600,1649372088000,30208280
20250317,007660,이수페타시스,KOSPI,,41050,750,1.86,41200,42750,41000,1609344,67100631550,2596265499950,63246419
20250317,005950,이수화학,KOSPI,,6240,-100,-1.58,6340,6430,6230,60004,378592500,141789891360,22722739
20250317,015020,이스타코,KOSPI,,1785,-42,-2.30,1800,1849,1764,1966431,3556339599,76490106000,42851600
20250317,093230,이아이디,KOSPI,,1392,0,0.00,0,0,0,0,0,354103029120,254384360
20250317,074610,이엔플러스,KOSPI,,825,48,6.18,799,830,783,604988,493125173,60534151425,73374729
20250317,102460,이연제약,KOSPI,,11800,20,0.17,11850,11880,11640,21527,253290190,219324369800,18586811
20250317,084680,이월드,KOSPI,,1286,-32,-2.43,1318,1325,1286,319326,414020336,182362764198,141806193
20250317,350520,이지스레지던스리츠,KOSPI,,4120,-5,-0.12,4165,4165,4105,27736,114196725,151888752240,36866202
20250317,334890,이지스밸류리츠,KOSPI,,4470,50,1.13,4420,4475,4390,50909,226420885,229952306430,51443469
20250317,000760,이화산업,KOSPI,,10450,90,0.87,10230,10670,10230,123,1285270,29260000000,2800000
20250317,014990,인디에프,KOSPI,,747,-12,-1.58,760,786,746,115884,87374675,56109407265,75112995
20250317,101140,인바이오젠,KOSPI,,7170,230,3.31,7140,7200,6850,11018,78113940,72017028720,10044216
20250317,006490,인스코비,KOSPI,,1332,-69,-4.93,1331,1396,1271,1730298,2281123324,158999505336,119368998
20250317,023800,인지컨트롤스,KOSPI,,5930,70,1.19,5860,6010,5830,43969,261080615,93748538210,15809197
20250317,034590,인천도시가스,KOSPI,,24650,0,0.00,24650,24750,24600,463,11411475,107837686100,4374754
20250317,129260,인터지스,KOSPI,,2520,-15,-0.59,2510,2530,2500,72911,183260213,74964642480,29747874
20250317,023810,인팩,KOSPI,,5720,30,0.53,5720,5750,5640,8808,50240020,57200000000,10000000
20250317,249420,일동제약,KOSPI,,11210,-80,-0.71,11330,11390,11180,43339,487712925,314580636210,28062501
20250317,000230,일동홀딩스,KOSPI,,6190,50,0.81,6110,6290,6080,13092,80701020,71435076000,11540400
20250317,013360,일성건설,KOSPI,,3840,30,0.79,3790,3940,3640,2083541,7952860047,207455539200,54024880
20250317,003120,일성아이에스,KOSPI,,15340,-10,-0.07,15350,15520,15250,3510,53757065,204022000000,13300000
20250317,003200,일신방직,KOSPI,,7960,40,0.51,8070,8070,7840,46379,366253410,182761600000,22960000
20250317,007110,일신석재,KOSPI,,2010,-30,-1.47,2025,2030,1998,791200,1590373818,155687786100,77456610
20250317,007570,일양약품,KOSPI,,10790,-10,-0.09,10880,10880,10760,38407,414836900,205934314560,19085664
20250317,007575,일양약품우,KOSPI,,11820,320,2.78,11500,11850,11400,284,3310670,5260845600,445080
20250317,008500,일정실업,KOSPI,,10900,20,0.18,10880,11290,10880,1369,14935610,13080000000,1200000
20250317,081000,일진다이아,KOSPI,,11810,420,3.69,11300,12080,11300,32185,378655150,167737134750,14202975
20250317,020760,일진디스플,KOSPI,,830,-12,-1.43,842,854,830,53674,44820638,42756405030,51513741
20250317,103590,일진전기,KOSPI,,30350,2450,8.78,28600,30500,28250,1259994,37458540700,1447251586500,47685390
20250317,271940,일진하이솔루스,KOSPI,,14580,160,1.11,14400,14630,14310,63551,915517535,529446310200,36313190
20250317,015860,일진홀딩스,KOSPI,,3655,5,0.14,3615,3680,3615,32249,117872742,180365050365,49347483
20250317,226320,잇츠한불,KOSPI,,11330,60,0.53,11250,11490,11230,17010,192885465,248459138950,21929315
20250317,317400,자이에스앤디,KOSPI,,3220,-5,-0.16,3220,3240,3215,6508,21002044,124879714400,38782520
20250317,033240,자화전자,KOSPI,,13350,80,0.60,13380,13430,13170,113210,1503465325,295780864500,22155870
20250317,000950,전방,KOSPI,,19500,-20,-0.10,19510,19510,19170,339,6535520,32760000000,1680000
20250317,079900,전진건설로봇,KOSPI,,56400,1300,2.36,55300,57000,53600,393793,21874879050,823019538000,14592545
20250317,348950,제이알글로벌리츠,KOSPI,,2615,15,0.58,2595,2615,2590,238387,620243532,516138240000,197376000
20250317,194370,제이에스코퍼레이션,KOSPI,,17100,300,1.79,16820,17540,16820,115646,1987356560,233921416500,13679615
20250317,025620,제이준코스메틱,KOSPI,,3650,-10,-0.27,3660,3765,3650,7061,25927645,16369687900,4484846
20250317,030000,제일기획,KOSPI,,17810,130,0.74,17660,17810,17560,143483,2531651480,2048884217250,115041225
20250317,271980,제일약품,KOSPI,,10400,-50,-0.48,10590,10590,10390,6014,62823010,152930668800,14704872
20250317,001560,제일연마,KOSPI,,8960,-30,-0.33,8990,9140,8850,3871,34856760,88704000000,9900000
20250317,002620,제일파마홀딩스,KOSPI,,7330,-70,-0.95,7340,7460,7330,1619,11929250,117084692150,15973355
20250317,006220,제주은행,KOSPI,,7810,50,0.64,7770,7850,7770,33196,259109635,250925724940,32128774
20250317,089590,제주항공,KOSPI,,7120,40,0.56,7100,7180,7080,110979,790566065,574163813200,80640985
20250317,004910,조광페인트,KOSPI,,5870,40,0.69,5770,5960,5770,17980,105930910,75136000000,12800000
20250317,004700,조광피혁,KOSPI,,51600,100,0.19,51500,51600,51000,726,37205300,343095520800,6649138
20250317,001550,조비,KOSPI,,10420,-20,-0.19,10400,10440,10330,4122,42756730,54103130380,5192239
20250317,462520,조선내화,KOSPI,,14380,-30,-0.21,14350,14510,14300,2436,35067930,170477315840,11855168
20250317,120030,조선선재,KOSPI,,98400,400,0.41,98200,99000,97400,2133,208832400,123752858400,1257651
20250317,018470,조일알미늄,KOSPI,,1623,-29,-1.76,1699,1700,1594,490503,801989095,205523283183,126631721
20250317,002600,조흥,KOSPI,,163500,-1900,-1.15,165200,165300,163200,14,2295200,98100000000,600000
20250317,185750,종근당,KOSPI,,80600,1300,1.64,79700,80700,79500,18631,1491891150,1112504068000,13802780
20250317,063160,종근당바이오,KOSPI,,20050,60,0.30,19990,20100,19860,7242,144484800,109993538100,5485962
20250317,001630,종근당홀딩스,KOSPI,,43300,150,0.35,43450,43900,43050,5010,216862900,216926981300,5009861
20250317,109070,주성코퍼레이션,KOSPI,,4100,0,0.00,0,0,0,0,0,216521943000,52810230
20250317,044380,주연테크,KOSPI,,339,-3,-0.88,344,345,338,70497,24050467,22510905828,66403852
20250317,013890,지누스,KOSPI,,19200,1210,6.73,18000,19330,18000,146003,2777175090,427287859200,22254576
20250317,013870,지엠비코리아,KOSPI,,3810,30,0.79,3785,3870,3780,15469,58850078,72665386800,19072280
20250317,071320,지역난방공사,KOSPI,,49000,-200,-0.41,49850,49950,48500,11608,568931525,567358456000,11578744
20250317,088790,진도,KOSPI,,1830,7,0.38,1823,1834,1815,15972,29113049,22779371520,12447744
20250317,003780,진양산업,KOSPI,,8810,70,0.80,8740,8970,8690,162791,1437556865,114530000000,13000000
20250317,010640,진양폴리,KOSPI,,6410,200,3.22,6210,6430,6180,88384,559604935,64100000000,10000000
20250317,100250,진양홀딩스,KOSPI,,3030,0,0.00,3030,3035,3000,12780,38600895,169362734760,55895292
20250317,051630,진양화학,KOSPI,,4360,200,4.81,4165,4450,4125,207430,894588850,92432000000,21200000
20250317,272450,진에어,KOSPI,,9580,-30,-0.31,9620,9700,9580,138454,1333535905,500076000000,52200000
20250317,011000,진원생명과학,KOSPI,,2060,-20,-0.96,2140,2150,2055,200232,416425141,164880412100,80039035
20250317,002780,진흥기업,KOSPI,,778,-6,-0.77,787,787,775,125280,97591430,113177017610,145471745
20250317,002787,진흥기업2우B,KOSPI,,9720,40,0.41,9720,9720,9720,2,19440,2865533760,294808
20250317,002785,진흥기업우B,KOSPI,,3125,15,0.48,3115,3125,3115,2596,8111920,2678806250,857218
20250317,009310,참엔지니어링,KOSPI,,317,-15,-4.52,331,348,308,2614487,839483836,26902971823,84867419
20250317,000650,천일고속,KOSPI,,38950,50,0.13,39100,39150,38450,1828,71334950,55668119000,1429220
20250317,012600,청호ICT,KOSPI,,2490,0,0.00,0,0,0,0,0,116119947330,46634517
20250317,033250,체시스,KOSPI,,1177,21,1.82,1194,1225,1155,508103,597870852,37664000000,32000000
20250317,035720,카카오,KOSPI,,43500,50,0.12,43500,43850,42300,1693348,73013531925,19301864892000,443721032
20250317,323410,카카오뱅크,KOSPI,,23600,600,2.61,23200,23600,23050,426778,9994584200,11256636833200,476976137
20250317,377300,카카오페이,KOSPI,,31600,950,3.10,30700,31600,30200,196348,6078982300,4255481023600,134667121
20250317,006380,카프로,KOSPI,,3660,0,0.00,0,0,0,0,0,618539985360,168999996
20250317,001620,케이비아이동국실업,KOSPI,,495,5,1.02,485,497,485,38415,18800472,55090050345,111293031
20250317,029460,케이씨,KOSPI,,19290,390,2.06,18850,19360,18770,12016,229041935,255231063270,13231263
20250317,281820,케이씨텍,KOSPI,,38600,1100,2.93,38350,39050,37850,128675,4951937250,798646467800,20690323
20250317,381970,케이카,KOSPI,,13000,0,0.00,13070,13100,12920,52726,684558520,626366949000,48182073
20250317,145270,케이탑리츠,KOSPI,,974,-12,-1.22,980,985,974,55238,53926764,46811193876,48060774
20250317,417310,코람코더원리츠,KOSPI,,4910,25,0.51,4925,4940,4850,26328,129079197,198364000000,40400000
20250317,357120,코람코라이프인프라리츠,KOSPI,,4435,100,2.31,4335,4435,4315,52779,230829105,431682294990,97335354
20250317,007815,코리아써우,KOSPI,,5850,100,1.74,5850,5850,5630,3925,22623500,17343436500,2964690
20250317,007810,코리아써키트,KOSPI,,12140,210,1.76,12340,12400,11960,144170,1760263340,286755917140,23620751
20250317,00781K,코리아써키트2우B,KOSPI,,5120,-80,-1.54,5180,5180,5120,1084,5556010,4012538880,783699
20250317,003690,코리안리,KOSPI,,8080,20,0.25,8070,8100,8030,234588,1890446125,1574153930480,194821031
20250317,192820,코스맥스,KOSPI,,180500,-900,-0.50,182700,185500,177500,92176,16672150450,2048586374500,11349509
20250317,044820,코스맥스비티아이,KOSPI,,9770,210,2.20,9560,9850,9560,12778,124417800,93830308170,9603921
20250317,005070,코스모신소재,KOSPI,,48000,-250,-0.52,48750,48950,47850,303522,14581020300,1560516288000,32510756
20250317,005420,코스모화학,KOSPI,,19000,60,0.32,18960,19120,18710,114218,2158325075,729756332000,38408228
20250317,071950,코아스,KOSPI,,9980,-60,-0.60,10050,10050,9880,8388,83236540,32841385600,3290720
20250317,002020,코오롱,KOSPI,,25500,550,2.20,25300,26400,24600,517251,13139775225,321973863000,12626426
20250317,138490,코오롱ENP,KOSPI,,6200,120,1.97,6080,6300,6080,110203,684474240,235600000000,38000000
20250317,003070,코오롱글로벌,KOSPI,,8920,-170,-1.87,9100,9100,8900,21845,195924550,168879799960,18932713
20250317,003075,코오롱글로벌우,KOSPI,,15190,-260,-1.68,14920,15190,14920,2320,34901520,11251795030,740737
20250317,450140,코오롱모빌리티그룹,KOSPI,,2690,0,0.00,2670,2705,2625,383676,1024548260,168870802500,62777250
20250317,45014K,코오롱모빌리티그룹우,KOSPI,,4545,-5,-0.11,4570,4570,4445,1039,4714815,11163065400,2456120
20250317,002025,코오롱우,KOSPI,,15560,230,1.50,15500,15810,15000,36624,571735030,16748628400,1076390
20250317,120110,코오롱인더,KOSPI,,32000,300,0.95,32100,32250,31600,54439,1738092475,880610912000,27519091
20250317,120115,코오롱인더우,KOSPI,,19510,20,0.10,19590,19860,19450,2004,39067260,54000948600,2767860
20250317,021240,코웨이,KOSPI,,86600,3100,3.71,85200,86600,84500,190136,16281283000,6284020317000,72563745
20250317,036420,콘텐트리중앙,KOSPI,,8470,50,0.59,8440,8560,8230,32774,274041900,163151748760,19262308
20250317,024720,콜마홀딩스,KOSPI,,9280,2140,29.97,7170,9280,7080,6169103,55866531000,318269283520,34296259
20250317,031820,콤텍시스템,KOSPI,,603,1,0.17,602,614,600,165285,100287641,72994033998,121051466
20250317,192400,쿠쿠홀딩스,KOSPI,,22250,-350,-1.55,22650,22650,21850,16508,365031575,791258616250,35562185
20250317,284740,쿠쿠홈시스,KOSPI,,21600,100,0.47,21600,21650,21250,14228,305537225,484646328000,22437330
20250317,264900,크라운제과,KOSPI,,8000,70,0.88,7930,8010,7910,3989,31761425,100190800000,12523850
20250317,26490K,크라운제과우,KOSPI,,9120,-90,-0.98,9190,9210,9100,1539,14042200,7054867200,773560
20250317,005740,크라운해태홀딩스,KOSPI,,5390,10,0.19,5420,5420,5340,15107,81333370,80027200330,14847347
20250317,005745,크라운해태홀딩스우,KOSPI,,7660,100,1.32,7620,7660,7500,67,510580,4601561160,600726
20250317,259960,크래프톤,KOSPI,,357500,1500,0.42,359000,359500,344500,157264,55411485600,17127216892500,47908299
20250317,020120,키다리스튜디오,KOSPI,,3455,-65,-1.85,3555,3560,3405,91271,316849376,128055311530,37063766
20250317,039490,키움증권,KOSPI,,121700,1000,0.83,121800,122800,120400,58126,7043915900,3106600120200,25526706
20250317,014580,태경비케이,KOSPI,,4535,20,0.44,4525,4700,4525,147550,673171365,125089358500,27583100
20250317,015890,태경산업,KOSPI,,4770,0,0.00,4755,4810,4755,18073,86328435,139421137500,29228750
20250317,006890,태경케미컬,KOSPI,,11800,40,0.34,11760,11800,11670,17623,206978420,136880000000,11600000
20250317,003240,태광산업,KOSPI,,729000,-21000,-2.80,750000,757000,728000,1070,787387500,811668600000,1113400
20250317,011280,태림포장,KOSPI,,2135,25,1.18,2115,2135,2085,114272,242381955,151170681900,70805940
20250317,004100,태양금속,KOSPI,,2785,55,2.01,2740,2805,2710,363084,1002361206,102209500000,36700000
20250317,004105,태양금속우,KOSPI,,4520,140,3.20,4380,4520,4380,16571,75987890,14916000000,3300000
20250317,009410,태영건설,KOSPI,,2365,-55,-2.27,2420,2440,2300,222471,525111882,695483964670,294073558
20250317,009415,태영건설우,KOSPI,,5160,-90,-1.71,5200,5220,5090,11203,57650470,3353865840,649974
20250317,001420,태원물산,KOSPI,,3530,20,0.57,3470,3600,3470,940,3277870,26828000000,7600000
20250317,055490,테이팩스,KOSPI,,13990,150,1.08,13990,13990,13780,3303,45955890,66727403500,4769650
20250317,078000,텔코웨어,KOSPI,,9030,10,0.11,9050,9380,8980,18867,170883960,83437895310,9240077
20250317,214420,토니모리,KOSPI,,8800,-80,-0.90,8880,9270,8780,1327213,11977462865,211682231200,24054799
20250317,019180,티에이치엔,KOSPI,,3065,-5,-0.16,3070,3080,3040,50083,152913159,55170000000,18000000
20250317,363280,티와이홀딩스,KOSPI,,2130,-85,-3.84,2220,2220,2120,139746,300309551,107414340840,50429268
20250317,36328K,티와이홀딩스우,KOSPI,,3710,-60,-1.59,3750,3750,3710,12742,47459950,4611581940,1243014
20250317,091810,티웨이항공,KOSPI,,2380,-5,-0.21,2385,2400,2380,696445,1662632265,512601962880,215378976
20250317,004870,티웨이홀딩스,KOSPI,,715,-1,-0.14,716,724,705,276337,197453390,80911898210,113163494
20250317,034230,파라다이스,KOSPI,,10520,200,1.94,10400,10540,10330,195241,2045002950,965437473960,91771623
20250317,005690,파미셀,KOSPI,,12290,-70,-0.57,12360,12530,12110,967960,11905177880,737608487560,60016964
20250317,036580,팜스코,KOSPI,,2170,45,2.12,2125,2270,2125,40596,88919695,79699636310,36727943
20250317,004720,팜젠사이언스,KOSPI,,4120,-55,-1.32,4180,4190,4075,25882,106426382,74989372480,18201304
20250317,028670,팬오션,KOSPI,,3615,5,0.14,3635,3660,3605,950540,3446788547,1932468785880,534569512
20250317,010820,퍼스텍,KOSPI,,3880,160,4.30,3745,3940,3685,2037312,7869020808,189235119440,48771938
20250317,016800,퍼시스,KOSPI,,42300,0,0.00,42200,42300,41800,542,22747900,486450000000,11500000
20250317,001020,페이퍼코리아,KOSPI,,697,3,0.43,694,700,692,42612,29695948,124054369161,177983313
20250317,090080,평화산업,KOSPI,,1195,5,0.42,1195,1243,1170,1023664,1235291120,65608199505,54902259
20250317,010770,평화홀딩스,KOSPI,,7090,30,0.42,7000,7610,6970,945033,6849744790,103694553940,14625466
20250317,022100,포스코DX,KOSPI,,27000,-600,-2.17,27900,28350,26750,2901949,79744564250,4104937683000,152034729
20250317,058430,포스코스틸리온,KOSPI,,45000,600,1.35,44450,45150,44000,101554,4518496350,270000000000,6000000
20250317,047050,포스코인터내셔널,KOSPI,,54600,-1100,-1.97,56100,56600,54000,944203,51836410750,9605384224800,175922788
20250317,003670,포스코퓨처엠,KOSPI,,135900,-1500,-1.09,137900,139300,135000,254329,34708289250,10527251598000,77463220
20250317,017810,풀무원,KOSPI,,17260,100,0.58,17170,17470,17050,135219,2334932080,657960554920,38120542
20250317,103140,풍산,KOSPI,,64900,200,0.31,64600,65500,63800,313721,20331327450,1818775642200,28024278
20250317,005810,풍산홀딩스,KOSPI,,28400,200,0.71,28200,28450,28000,25295,715115675,409451092800,14417292
20250317,950210,프레스티지바이오파마,KOSPI,,13540,-180,-1.31,13720,13760,13160,109375,1466444480,813701938700,60096155
20250317,009810,플레이그램,KOSPI,,304,0,0.00,305,309,301,190217,57777673,46173800000,151887500
20250317,086790,하나금융지주,KOSPI,,61000,900,1.50,60300,61000,60200,699956,42472181550,17521693680000,287240880
20250317,293480,하나제약,KOSPI,,10540,140,1.35,10400,10590,10390,17372,182692650,187326850840,17772946
20250317,039130,하나투어,KOSPI,,55300,-700,-1.25,56000,56500,54700,60012,3314936800,886966930500,16039185
20250317,352820,하이브,KOSPI,,238500,6500,2.80,231500,241000,229000,187752,44522140500,9934025134500,41652097
20250317,071090,하이스틸,KOSPI,,4325,-60,-1.37,4410,4580,4265,2811514,12382885174,87328112075,20191471
20250317,000080,하이트진로,KOSPI,,19420,150,0.78,19400,19430,19320,149858,2906059625,1361994725620,70133611
20250317,000087,하이트진로2우B,KOSPI,,15230,30,0.20,15280,15280,15090,1234,18704140,17212001740,1130138
20250317,000140,하이트진로홀딩스,KOSPI,,8580,50,0.59,8590,8620,8540,23332,199885680,199114043700,23206765
20250317,000145,하이트진로홀딩스우,KOSPI,,10190,10,0.10,10200,10200,10190,8,81580,4797553900,470810
20250317,152550,한국ANKOR유전,KOSPI,,285,0,0.00,286,287,284,721433,205336338,19955700000,70020000
20250317,036460,한국가스공사,KOSPI,,36850,100,0.27,36850,37700,36300,593202,21854788775,3401734050000,92313000
20250317,005430,한국공항,KOSPI,,51100,-400,-0.78,51500,52000,50900,4196,214941500,161800740500,3166355
20250317,071050,한국금융지주,KOSPI,,75500,1700,2.30,74300,75800,74200,139749,10496779950,4207312396000,55725992
20250317,071055,한국금융지주우,KOSPI,,55500,700,1.28,55000,55600,54900,7166,396373900,325132930500,5858251
20250317,010040,한국내화,KOSPI,,2180,20,0.93,2170,2190,2130,10614,22835345,89526195160,41067062
20250317,025540,한국단자,KOSPI,,72600,2100,2.98,71800,73800,71100,82748,6021659750,756129000000,10415000
20250317,010100,한국무브넥스,KOSPI,,4710,30,0.64,4700,4840,4590,800793,3757711946,143421478200,30450420
20250317,004090,한국석유,KOSPI,,12760,0,0.00,12930,13090,12750,86786,1116071935,161976971200,12694120
20250317,002200,한국수출포장,KOSPI,,2745,0,0.00,2755,2755,2730,25188,68888105,109800000000,40000000
20250317,002960,한국쉘석유,KOSPI,,309000,1000,0.32,309000,311000,308000,1461,451836750,401700000000,1300000
20250317,000240,한국앤컴퍼니,KOSPI,,16330,220,1.37,16130,16400,16050,110375,1789922680,1550292469200,94935240
20250317,123890,한국자산신탁,KOSPI,,2475,-5,-0.20,2480,2500,2475,144936,359414734,306844936200,123977752
20250317,015760,한국전력,KOSPI,,22150,-100,-0.45,22300,22400,21800,1344995,29688609625,14219504305550,641964077
20250317,006200,한국전자홀딩스,KOSPI,,697,-9,-1.27,706,708,690,19235,13420969,32621785792,46803136
20250317,027970,한국제지,KOSPI,,800,1,0.13,796,838,788,106517,86058647,152142589600,190178237
20250317,023350,한국종합기술,KOSPI,,5510,40,0.73,5470,5570,5420,63523,348975690,60334500000,10950000
20250317,025890,한국주강,KOSPI,,1735,-8,-0.46,1735,1750,1735,9095,15815099,19621564365,11309259
20250317,000970,한국주철관,KOSPI,,6240,0,0.00,6270,6270,6200,7314,45605390,142275120000,22800500
20250317,104700,한국철강,KOSPI,,8020,20,0.25,7950,8060,7950,6456,51690250,292329000000,36450000
20250317,017960,한국카본,KOSPI,,15530,-100,-0.64,15560,15620,15050,588288,9026260620,806138259560,51908452
20250317,161890,한국콜마,KOSPI,,66600,500,0.76,66900,69400,66100,372471,25066256350,1572098128200,23605077
20250317,161390,한국타이어앤테크놀로지,KOSPI,,40550,350,0.87,40250,40725,39700,306670,12352340425,5023134047950,123875069
20250317,034830,한국토지신탁,KOSPI,,1001,0,0.00,1003,1003,1000,222152,222351562,252741719230,252489230
20250317,007280,한국특강,KOSPI,,1740,-23,-1.30,1815,1815,1740,64052,111819315,105815161140,60813311
20250317,168490,한국패러랠,KOSPI,,104,1,0.97,105,105,103,1148203,118610366,8322080000,80020000
20250317,047810,한국항공우주,KOSPI,,95000,9300,10.85,85600,95600,85500,4066136,376689497050,9260135165000,97475107
20250317,123690,한국화장품,KOSPI,,6700,-80,-1.18,6730,6840,6670,55486,373760555,107655600000,16068000
20250317,003350,한국화장품제조,KOSPI,,49900,450,0.91,49550,51100,48750,60698,3016237900,226146800000,4532000
20250317,011500,한농화성,KOSPI,,17770,-40,-0.22,17940,18260,17750,328900,5920350150,277870236340,15637042
20250317,002390,한독,KOSPI,,11350,-80,-0.70,11400,11420,11250,15670,177227200,156216099550,13763533
20250317,053690,한미글로벌,KOSPI,,17000,270,1.61,16740,17130,16590,71920,1213128630,186278350000,10957550
20250317,042700,한미반도체,KOSPI,,87100,-700,-0.80,88700,89900,87100,804864,71073486950,8415101958900,96614259
20250317,008930,한미사이언스,KOSPI,,28600,650,2.33,28100,28600,27800,78003,2203580200,1955998330000,68391550
20250317,128940,한미약품,KOSPI,,246000,1000,0.41,246000,247500,244000,37194,9120794000,3151503786000,12810991
20250317,009240,한샘,KOSPI,,43600,100,0.23,43500,43850,43000,30589,1328441425,1026079260800,23533928
20250317,020000,한섬,KOSPI,,15840,20,0.13,15820,15980,15750,24649,391123085,355413912480,22437747
20250317,003680,한성기업,KOSPI,,4815,0,0.00,4815,4840,4760,40399,194085920,29898814725,6209515
20250317,105630,한세실업,KOSPI,,12130,130,1.08,12050,12300,11990,87887,1064986730,485200000000,40000000
20250317,069640,한세엠케이,KOSPI,,1108,-32,-2.81,1152,1170,1108,3240,3672388,33358004216,30106502
20250317,016450,한세예스24홀딩스,KOSPI,,4115,35,0.86,4030,4135,4030,29390,120736305,164600000000,40000000
20250317,010420,한솔PNS,KOSPI,,1169,-1,-0.09,1170,1179,1162,15214,17757738,23956331028,20493012
20250317,009180,한솔로지스틱스,KOSPI,,2330,-20,-0.85,2350,2360,2320,75436,175918882,65603072250,28155825
20250317,213500,한솔제지,KOSPI,,8650,20,0.23,8670,8720,8610,54311,470212975,205874982400,23800576
20250317,014680,한솔케미칼,KOSPI,,143700,6200,4.51,140300,143900,138000,87831,12449568250,1628867521500,11335195
20250317,004710,한솔테크닉스,KOSPI,,4190,45,1.09,4100,4230,4100,50909,212722136,134540388820,32109878
20250317,004150,한솔홀딩스,KOSPI,,2480,10,0.40,2480,2495,2460,26911,66674253,101746017600,41026620
20250317,025750,한솔홈데코,KOSPI,,880,10,1.15,876,891,864,465193,407462619,70897331120,80565149
20250317,004960,한신공영,KOSPI,,6280,0,0.00,6310,6340,6240,9919,62239755,72664008560,11570702
20250317,011700,한신기계,KOSPI,,3070,-25,-0.81,3120,3140,3040,90934,278367585,99609683570,32446151
20250317,001750,한양증권,KOSPI,,12040,530,4.60,11730,12110,11730,37940,454264220,153251549360,12728534
20250317,001755,한양증권우,KOSPI,,12420,260,2.14,12230,12790,12230,8363,104076210,6520500000,525000
20250317,018880,한온시스템,KOSPI,,4025,30,0.75,4015,4030,3990,776470,3111609321,2732019271800,678762552
20250317,009420,한올바이오파마,KOSPI,,35750,950,2.73,35000,35800,34750,214396,7569614525,1867602808500,52240638
20250317,014130,한익스프레스,KOSPI,,3355,-80,-2.33,3450,3450,3350,9911,33515195,40260000000,12000000
20250317,300720,한일시멘트,KOSPI,,16580,200,1.22,16330,16670,16270,72503,1193686820,1148356333200,69261540
20250317,002220,한일철강,KOSPI,,1911,56,3.02,1865,1915,1865,18857,35397377,51018846060,26697460
20250317,006390,한일현대시멘트,KOSPI,,14760,-170,-1.14,15060,15060,14680,9433,139694325,285276438720,19327672
20250317,003300,한일홀딩스,KOSPI,,14060,-60,-0.42,14120,14180,14010,5310,74663960,433510349040,30832884
20250317,051600,한전KPS,KOSPI,,43500,0,0.00,43500,43850,42600,100563,4343845575,1957500000000,45000000
20250317,052690,한전기술,KOSPI,,61900,-2100,-3.28,64700,64700,61300,209337,12983367200,2365818000000,38220000
20250317,130660,한전산업,KOSPI,,10600,-480,-4.33,11100,11120,10590,392796,4189373665,345560000000,32600000
20250317,002320,한진,KOSPI,,19470,70,0.36,19410,19500,19400,2521,49016740,291030317160,14947628
20250317,003480,한진중공업홀딩스,KOSPI,,3545,20,0.57,3530,3575,3505,23178,82025710,104683183540,29529812
20250317,180640,한진칼,KOSPI,,83700,2600,3.21,81600,83700,80200,37358,3070164650,5588002752300,66762279
20250317,18064K,한진칼우,KOSPI,,23850,250,1.06,24100,24100,23500,79,1862800,12801869100,536766
20250317,005110,한창,KOSPI,,1254,0,0.00,0,0,0,0,0,23332434378,18606407
20250317,009460,한창제지,KOSPI,,701,1,0.14,705,705,697,32946,23063379,41826907686,59667486
20250317,372910,한컴라이프케어,KOSPI,,3380,-30,-0.88,3435,3435,3365,116140,393666885,93539492280,27674406
20250317,000880,한화,KOSPI,,46900,850,1.85,46800,48250,46200,612089,28938072700,3515564671500,74958735
20250317,00088K,한화3우B,KOSPI,,19250,90,0.47,19300,19600,19070,76181,1475054880,373535489250,19404441
20250317,452260,한화갤러리아,KOSPI,,1249,31,2.55,1225,1257,1220,569474,708727339,242130652890,193859610
20250317,45226K,한화갤러리아우,KOSPI,,2400,-20,-0.83,2375,2495,2375,1549,3826855,6970728000,2904470
20250317,451800,한화리츠,KOSPI,,3650,-5,-0.14,3650,3660,3635,127498,465284257,655540000000,179600000
20250317,489790,한화비전,KOSPI,,59100,-3700,-5.89,61500,62600,58700,4175106,250769274650,2983863849000,50488390
20250317,088350,한화생명,KOSPI,,2655,-5,-0.19,2685,2690,2600,1075657,2830875470,2305947150000,868530000
20250317,000370,한화손해보험,KOSPI,,4100,-5,-0.12,4120,4230,4100,207648,862027627,478629551500,116738915
20250317,009830,한화솔루션,KOSPI,,20200,50,0.25,20300,20600,20150,985279,19990401975,3472229227200,171892536
20250317,009835,한화솔루션우,KOSPI,,18130,-50,-0.28,18680,18680,18060,3903,70943990,46691077370,2575349
20250317,272210,한화시스템,KOSPI,,38850,3800,10.84,35250,40300,35200,18542825,711810498450,7339518262650,188919389
20250317,012450,한화에어로스페이스,KOSPI,,753000,48000,6.81,714000,757000,709000,666106,497244133000,34322614233000,45581161
20250317,082740,한화엔진,KOSPI,,23700,350,1.50,23300,24050,23000,1348057,31792503875,1977697265400,83447142
20250317,042660,한화오션,KOSPI,,76300,2000,2.69,73800,77400,73400,5731492,435735735300,23379341962200,306413394
20250317,000885,한화우,KOSPI,,41500,600,1.47,41850,41850,41350,469,19458250,8259869500,199033
20250317,003530,한화투자증권,KOSPI,,3485,50,1.46,3445,3485,3435,658528,2282355299,747698995875,214547775
20250317,003535,한화투자증권우,KOSPI,,5950,10,0.17,5960,5980,5940,2197,13089010,28560000000,4800000
20250317,195870,해성디에스,KOSPI,,30000,-550,-1.80,31000,31200,29950,94373,2868842850,510000000000,17000000
20250317,101530,해태제과식품,KOSPI,,6200,110,1.81,6130,6280,6090,42758,265662670,180524296400,29116822
20250317,143210,핸즈코퍼레이션,KOSPI,,1852,-43,-2.27,1913,1913,1852,25100,46904180,40513883444,21875747
20250317,000720,현대건설,KOSPI,,32950,350,1.07,32700,33000,31650,578450,18883314900,3669172456750,111355765
20250317,000725,현대건설우,KOSPI,,48950,600,1.24,48450,48950,48150,1442,70161400,51627222350,1054693
20250317,453340,현대그린푸드,KOSPI,,13720,160,1.18,13500,13800,13500,23727,323477240,454619608800,33135540
20250317,086280,현대글로비스,KOSPI,,121700,400,0.33,121700,123500,120500,105747,12835587800,9127500000000,75000000
20250317,064350,현대로템,KOSPI,,109000,7400,7.28,103700,109300,102200,2334779,248438175950,11896509937000,109142293
20250317,079430,현대리바트,KOSPI,,7350,100,1.38,7340,7400,7250,17261,126671905,150934322700,20535282
20250317,012330,현대모비스,KOSPI,,259500,4000,1.57,255000,259500,254000,159986,41256341259,24132226893000,92995094
20250317,069960,현대백화점,KOSPI,,60500,1500,2.54,59400,60500,58900,53083,3168872550,1369043186500,22628813
20250317,004560,현대비앤지스틸,KOSPI,,13240,-10,-0.08,13320,13590,13200,56603,756129530,199643457640,15078811
20250317,004310,현대약품,KOSPI,,3260,-25,-0.76,3285,3295,3250,38557,126169227,104320000000,32000000
20250317,017800,현대엘리베이,KOSPI,,56100,600,1.08,56100,56300,55000,80806,4508559700,2193082798500,39092385
20250317,307950,현대오토에버,KOSPI,,134200,-2500,-1.83,137200,137300,134100,35664,4817049050,3680298384400,27423982
20250317,011210,현대위아,KOSPI,,45250,700,1.57,44550,45250,44000,47315,2111318450,1230577505750,27195083
20250317,004020,현대제철,KOSPI,,29150,350,1.22,28800,29150,28300,403375,11667381400,3889944632750,133445785
20250317,005440,현대지에프홀딩스,KOSPI,,5310,40,0.76,5270,5340,5260,76833,407327035,827851838310,155904301
20250317,005380,현대차,KOSPI,,199000,500,0.25,198400,199000,195300,369290,73110028700,41673822009000,209416191
20250317,005387,현대차2우B,KOSPI,,148400,-1400,-0.93,150400,150800,148400,67374,10059487450,5306693624400,35759391
20250317,005389,현대차3우B,KOSPI,,146400,-300,-0.20,147400,147400,138000,7683,1123435750,348491145600,2380404
20250317,005385,현대차우,KOSPI,,146100,-800,-0.54,146900,147700,146100,33844,4968729150,3487697446800,23871988
20250317,001500,현대차증권,KOSPI,,5790,-430,-6.91,5840,5930,5750,2162400,12627254845,183615733980,31712562
20250317,011760,현대코퍼레이션,KOSPI,,23900,-250,-1.04,24150,24300,23750,47017,1126804300,316172287400,13228966
20250317,227840,현대코퍼레이션홀딩스,KOSPI,,10270,-110,-1.06,10380,10480,10270,17010,176398600,93465585720,9100836
20250317,126560,현대퓨처넷,KOSPI,,3300,-75,-2.22,3350,3380,3300,214228,711428280,363669718500,110202945
20250317,001450,현대해상,KOSPI,,22900,-50,-0.22,23100,23350,22850,207197,4761506125,2047260000000,89400000
20250317,057050,현대홈쇼핑,KOSPI,,50200,-900,-1.76,51100,51400,49950,14397,728974750,602400000000,12000000
20250317,093240,형지엘리트,KOSPI,,2345,15,0.64,2310,2395,2260,1679354,3927097262,89251143205,38060189
20250317,003010,혜인,KOSPI,,5190,-20,-0.38,5190,5230,5180,37850,196821670,65979156930,12712747
20250317,111110,호전실업,KOSPI,,7890,10,0.13,7870,7940,7750,11116,87390150,76927373760,9749984
20250317,008770,호텔신라,KOSPI,,39300,150,0.38,39150,39450,39050,48621,1905587725,1542451155300,39248121
20250317,008775,호텔신라우,KOSPI,,31900,-100,-0.31,32000,32050,31700,726,23127200,23984940100,751879
20250317,378850,화승알앤에이,KOSPI,,3160,-5,-0.16,3165,3220,3130,55879,176493590,60019848680,18993623
20250317,241590,화승엔터프라이즈,KOSPI,,8490,270,3.28,8240,8560,8220,351026,2974816250,514402953240,60589276
20250317,006060,화승인더,KOSPI,,5160,0,0.00,5130,5210,5130,95424,493049375,285451200000,55320000
20250317,013520,화승코퍼레이션,KOSPI,,1683,17,1.02,1667,1684,1667,59787,100217444,84236257116,50051252
20250317,010690,화신,KOSPI,,7400,-50,-0.67,7460,7500,7370,96317,714828740,258411034000,34920410
20250317,133820,화인베스틸,KOSPI,,1095,-26,-2.32,1109,1166,1095,125719,139470663,33754599210,30826118
20250317,010660,화천기계,KOSPI,,3165,55,1.77,3110,3190,3090,69242,217007221,69630000000,22000000
20250317,000850,화천기공,KOSPI,,28450,150,0.53,28450,28950,28150,3507,99519950,62590000000,2200000
20250317,016580,환인제약,KOSPI,,11510,-10,-0.09,11540,11670,11510,9503,109729420,214086805700,18600070
20250317,032560,황금에스티,KOSPI,,5180,-20,-0.38,5210,5250,5170,4833,25146590,88060000000,17000000
20250317,004800,효성,KOSPI,,48250,450,0.94,47950,48700,47700,16739,806312425,807724637750,16740407
20250317,094280,효성ITX,KOSPI,,11840,20,0.17,11850,11850,11810,2893,34212840,136849088000,11558200
20250317,298040,효성중공업,KOSPI,,475000,21000,4.63,461000,476500,449500,76842,36150994500,4429160300000,9324548
20250317,298020,효성티앤씨,KOSPI,,233000,-500,-0.21,233000,239000,230000,9273,2158286750,1008349906000,4327682
20250317,298000,효성화학,KOSPI,,38900,0,0.00,0,0,0,0,0,147501447900,3791811
20250317,093370,후성,KOSPI,,4640,70,1.53,4610,4650,4570,278747,1285532944,497664731200,107255330
20250317,081660,휠라홀딩스,KOSPI,,38000,2650,7.50,36750,38850,36700,794271,30361716250,2283641882000,60095839
20250317,005870,휴니드,KOSPI,,9040,480,5.61,8660,9330,8580,850317,7705033825,127608775600,14116015
20250317,079980,휴비스,KOSPI,,2645,35,1.34,2625,2685,2615,32558,86395920,91252500000,34500000
20250317,005010,휴스틸,KOSPI,,6250,190,3.14,6060,6450,6040,5993030,37529349315,351175468750,56188075
20250317,000540,흥국화재,KOSPI,,3275,10,0.31,3265,3290,3250,53614,174979135,210394662375,64242645
20250317,000545,흥국화재우,KOSPI,,5300,20,0.38,5260,5420,5150,22438,119145710,4070400000,768000
20250317,003280,흥아해운,KOSPI,,1707,2,0.12,1745,1769,1707,1610555,2793964278,410405302593,240424899
20250317,060310,3S,KOSDAQ,중견기업부,1877,35,1.90,1843,1889,1843,166683,311503457,99591818080,53059040
20250317,054620,APS,KOSDAQ,중견기업부,6490,110,1.72,6370,6500,6330,47316,304130480,129113494290,19894221
20250317,265520,AP시스템,KOSDAQ,우량기업부,17950,100,0.56,17850,18060,17630,82159,1471409860,274301506950,15281421
20250317,211270,AP위성,KOSDAQ,벤처기업부,13100,50,0.38,13050,13190,12930,66862,874367605,197578182400,15082304
20250317,109960,AP헬스케어,KOSDAQ,투자주의환기종목(소속부없음),490,11,2.30,479,517,479,1116530,553598224,98386741810,200789269
20250317,139050,BF랩스,KOSDAQ,관리종목(소속부없음),2805,0,0.00,0,0,0,0,0,24247965555,8644551
20250317,126600,BGF에코머티리얼즈,KOSDAQ,우량기업부,2785,10,0.36,2750,2785,2750,21723,60194925,174805813715,62766899
20250317,013720,CBI,KOSDAQ,중견기업부,746,-20,-2.61,766,766,733,145815,108657060,33292589456,44628136
20250317,083790,CG인바이츠,KOSDAQ,벤처기업부,2310,-40,-1.70,2325,2355,2295,54087,125327612,177625560420,76894182
20250317,035760,CJ ENM,KOSDAQ,중견기업부,55100,-200,-0.36,55200,55800,54700,38785,2139131900,1208296385400,21929154
20250317,311690,CJ 바이오사이언스,KOSDAQ,기술성장기업부,11510,80,0.70,11440,11990,11280,73830,860378105,150383467620,13065462
20250317,051500,CJ프레시웨이,KOSDAQ,우량기업부,19830,-270,-1.34,19970,20300,19760,20339,405803240,235413550380,11871586
20250317,058820,CMG제약,KOSDAQ,우량기업부,1842,2,0.11,1840,1850,1813,353147,647549721,255839513448,138892244
20250317,023460,CNH,KOSDAQ,관리종목(소속부없음),109,0,0.00,0,0,0,0,0,4054800000,37200000
20250317,056730,CNT85,KOSDAQ,중견기업부,676,7,1.05,669,689,664,5869,3955858,50099161736,74111186
20250317,065770,CS,KOSDAQ,벤처기업부,1865,-108,-5.47,2000,2030,1848,617307,1182320552,36201757450,19411130
20250317,083660,CSA 코스믹,KOSDAQ,중견기업부,658,-2,-0.30,665,680,652,63630,41929336,40300645098,61247181
20250317,456440,DB금융스팩11호,KOSDAQ,SPAC(소속부없음),2315,45,1.98,2210,2320,2210,214178,489748915,12304225000,5315000
20250317,477760,DB금융스팩12호,KOSDAQ,SPAC(소속부없음),2060,0,0.00,2060,2060,2050,3155,6469570,12030400000,5840000
20250317,099520,DGI,KOSDAQ,관리종목(소속부없음),1284,0,0.00,0,0,0,0,0,58141862016,45281824
20250317,060900,DGP,KOSDAQ,중견기업부,869,-7,-0.80,876,877,869,22486,19571168,21949401001,25258229
20250317,290120,DH오토리드,KOSDAQ,우량기업부,2340,5,0.21,2335,2410,2220,17894,40991110,36305422920,15515138
20250317,025440,DH오토웨어,KOSDAQ,중견기업부,673,-22,-3.17,697,705,660,383568,261506104,32829763752,48781224
20250317,068790,DMS,KOSDAQ,우량기업부,6530,0,0.00,6510,6620,6490,60904,398824010,156635913190,23987123
20250317,241520,DSC인베스트먼트,KOSDAQ,중견기업부,5260,-310,-5.57,5510,5560,5170,2874777,15393305155,144629617500,27496125
20250317,180400,DXVX,KOSDAQ,중견기업부,1793,-44,-2.40,1843,1843,1787,296946,535057974,88250441576,49219432
20250317,245620,EDGC,KOSDAQ,관리종목(소속부없음),415,0,0.00,0,0,0,0,0,57474989665,138493951
20250317,037370,EG,KOSDAQ,중견기업부,6050,-100,-1.63,6280,6280,6030,24172,146787260,52181080600,8624972
20250317,050120,ES큐브,KOSDAQ,중견기업부,2270,30,1.34,2240,2310,2240,11288,25608075,30790475220,13564086
20250317,214270,FSN,KOSDAQ,중견기업부,1351,26,1.96,1370,1435,1250,389825,538225868,44921375513,33250463
20250317,130500,GH신소재,KOSDAQ,우량기업부,2635,-5,-0.19,2690,2690,2610,26803,70477465,38326212020,14545052
20250317,900290,GRT,KOSDAQ,외국기업(소속부없음),3635,40,1.11,3660,3680,3580,233379,845588868,293889750000,80850000
20250317,083450,GST,KOSDAQ,우량기업부,21750,200,0.93,22150,22850,21650,771879,17111243950,400852500000,18430000
20250317,297890,HB솔루션,KOSDAQ,우량기업부,2835,20,0.71,2850,2865,2810,212002,601819251,207354491190,73140914
20250317,440290,HB인베스트먼트,KOSDAQ,중견기업부,1746,14,0.81,1770,1770,1742,19567,34203288,47328839460,27107010
20250317,078150,HB테크놀러지,KOSDAQ,우량기업부,2440,25,1.04,2445,2490,2425,1213196,2984133468,226226835040,92715916
20250317,195940,HK이노엔,KOSDAQ,중견기업부,36200,-200,-0.55,36800,36850,35950,94385,3412087450,1025542054200,28329891
20250317,028300,HLB,KOSDAQ,중견기업부,75600,3600,5.00,73400,78000,73100,2111602,159575343800,9932889934800,131387433
20250317,278650,HLB바이오스텝,KOSDAQ,우량기업부,2255,85,3.92,2190,2325,2190,472820,1062730071,195577478195,86730589
20250317,067630,HLB생명과학,KOSDAQ,중견기업부,9460,500,5.58,9100,9850,9100,1131182,10738129690,1153095396860,121891691
20250317,024850,HLB이노베이션,KOSDAQ,중견기업부,2540,70,2.83,2550,2645,2465,655379,1660911303,366532472420,144304123
20250317,187420,HLB제넥스,KOSDAQ,기술성장기업부,4140,70,1.72,4080,4240,4080,69434,287802298,120622551480,29135882
20250317,047920,HLB제약,KOSDAQ,기술성장기업부,26950,2250,9.11,25250,28350,25000,1211754,32456939225,857414088300,31814994
20250317,115450,HLB테라퓨틱스,KOSDAQ,중견기업부,8350,360,4.51,8000,8520,8000,676085,5610988535,702504880350,84132321
20250317,046210,HLB파나진,KOSDAQ,벤처기업부,2660,75,2.90,2585,2800,2585,110919,295042423,116129184080,43657588
20250317,403870,HPSP,KOSDAQ,중견기업부,28150,200,0.72,28300,28400,27950,513980,14503599025,2350484689200,83498568
20250317,036640,HRS,KOSDAQ,우량기업부,4940,-10,-0.20,4950,4990,4900,49465,243626774,80792712000,16354800
20250317,439730,IBKS제20호스팩,KOSDAQ,SPAC(소속부없음),2110,0,0.00,2110,2110,2100,81754,172091850,9094100000,4310000
20250317,442770,IBKS제21호스팩,KOSDAQ,SPAC(소속부없음),2160,5,0.23,2140,2165,2140,1579,3388530,9093600000,4210000
20250317,448760,IBKS제22호스팩,KOSDAQ,SPAC(소속부없음),2220,-5,-0.22,2225,2230,2180,755,1662660,9834600000,4430000
20250317,467930,IBKS제23호스팩,KOSDAQ,SPAC(소속부없음),2120,0,0.00,2120,2120,2115,2340,4950955,8967600000,4230000
20250317,469480,IBKS제24호스팩,KOSDAQ,SPAC(소속부없음),2120,0,0.00,2130,2130,2120,200,424155,8967600000,4230000
20250317,095340,ISC,KOSDAQ,우량기업부,63100,1400,2.27,63000,64100,62200,193234,12204238300,1337534359800,21197058
20250317,950170,JTC,KOSDAQ,외국기업(소속부없음),5130,10,0.20,5120,5220,5100,35554,183173475,265458765240,51746348
20250317,067290,JW신약,KOSDAQ,중견기업부,1426,3,0.21,1426,1437,1416,45075,64245389,76114355676,53376126
20250317,035900,JYP Ent.,KOSDAQ,우량기업부,69700,-100,-0.14,69800,70600,68500,449196,31369118050,2476614692400,35532492
20250317,318000,KBG,KOSDAQ,벤처기업부,4910,0,0.00,4910,4950,4895,3274,16072776,42914494930,8740223
20250317,024840,KBI메탈,KOSDAQ,중견기업부,2055,-65,-3.07,2100,2120,2045,366937,758648585,71738403945,34909199
20250317,024120,KB오토시스,KOSDAQ,중견기업부,3165,15,0.48,3245,3255,3145,29577,93811784,36397500000,11500000
20250317,455250,KB제25호스팩,KOSDAQ,SPAC(소속부없음),2115,15,0.71,2125,2125,2095,785,1663570,9105075000,4305000
20250317,458320,KB제26호스팩,KOSDAQ,SPAC(소속부없음),3020,0,0.00,0,0,0,0,0,16625100000,5505000
20250317,464680,KB제27호스팩,KOSDAQ,SPAC(소속부없음),1987,-3,-0.15,1990,1990,1985,93331,185442253,25642235000,12905000
20250317,476470,KB제28호스팩,KOSDAQ,SPAC(소속부없음),2095,0,0.00,0,0,0,0,0,11532975000,5505000
20250317,478390,KB제29호스팩,KOSDAQ,SPAC(소속부없음),2050,5,0.24,2035,2055,2035,3874,7936965,12751000000,6220000
20250317,486630,KB제30호스팩,KOSDAQ,SPAC(소속부없음),2005,-5,-0.25,2000,2010,1999,1278,2562264,10646550000,5310000
20250317,492220,KB제31호스팩,KOSDAQ,SPAC(소속부없음),1992,-6,-0.30,1990,1997,1983,17431,34618382,12370320000,6210000
20250317,021320,KCC건설,KOSDAQ,우량기업부,3980,-65,-1.61,4090,4095,3980,11261,45268855,85172000000,21400000
20250317,036670,KCI,KOSDAQ,우량기업부,6400,30,0.47,6400,6430,6300,13971,88503210,72128000000,11270000
20250317,044180,KD,KOSDAQ,투자주의환기종목(소속부없음),443,0,0.00,443,460,440,51149,22703912,11835984957,26717799
20250317,046440,KG모빌리언스,KOSDAQ,우량기업부,4210,0,0.00,4230,4260,4200,24828,104740915,160025476420,38010802
20250317,151860,KG에코솔루션,KOSDAQ,우량기업부,5170,-10,-0.19,5280,5280,5140,40663,210297050,253862520340,49103002
20250317,035600,KG이니시스,KOSDAQ,우량기업부,8570,40,0.47,8530,8620,8460,45771,389732930,239140999380,27904434
20250317,226360,KH 건설,KOSDAQ,투자주의환기종목(소속부없음),2555,0,0.00,0,0,0,0,0,60698450260,23756732
20250317,111870,KH 미래물산,KOSDAQ,관리종목(소속부없음),8910,0,0.00,0,0,0,0,0,43928518590,4930249
20250317,060720,KH바텍,KOSDAQ,우량기업부,9500,70,0.74,9450,9700,9450,65204,626884850,224935699000,23677442
20250317,058400,KNN,KOSDAQ,우량기업부,781,6,0.77,776,785,750,127267,98343652,103427611320,132429720
20250317,101000,KS인더스트리,KOSDAQ,중견기업부,2220,10,0.45,2200,2255,2125,234609,517588502,68036630820,30647131
20250317,122450,KX,KOSDAQ,우량기업부,3775,105,2.86,3640,3845,3640,240915,908468748,171143264100,45335964
20250317,052900,KX하이텍,KOSDAQ,우량기업부,980,14,1.45,966,984,966,54030,52646281,54005366660,55107517
20250317,061970,LB세미콘,KOSDAQ,우량기업부,3795,50,1.34,3755,3835,3725,56686,214958542,220425007770,58083006
20250317,309960,LB인베스트먼트,KOSDAQ,중견기업부,3655,-20,-0.54,3695,3700,3640,64779,237300575,84859008545,23217239
20250317,225190,LK삼양,KOSDAQ,중견기업부,2140,-35,-1.61,2185,2200,2105,577877,1240670695,108601661600,50748440
20250317,060370,LS마린솔루션,KOSDAQ,중견기업부,16720,-50,-0.30,16860,16970,16530,151682,2531326080,546223238880,32668854
20250317,417200,LS머트리얼즈,KOSDAQ,중견기업부,12610,690,5.79,12250,13180,12090,2608416,33233088875,853100029990,67652659
20250317,078020,LS증권,KOSDAQ,우량기업부,3770,-40,-1.05,3800,3840,3750,26035,98874444,209164086300,55481190
20250317,476080,M83,KOSDAQ,중견기업부,17070,-230,-1.33,17500,17890,17070,473425,8295632110,132889950000,7785000
20250317,086960,MDS테크,KOSDAQ,중견기업부,1218,21,1.75,1211,1237,1210,1196472,1461778668,113056937784,92821788
20250317,038340,MIT,KOSDAQ,관리종목(소속부없음),1233,0,0.00,0,0,0,0,0,39979891836,32424892
20250317,160550,NEW,KOSDAQ,중견기업부,2080,5,0.24,2075,2110,2075,23840,49808685,58044700480,27906106
20250317,053290,NE능률,KOSDAQ,우량기업부,4680,-230,-4.68,4920,5010,4660,1221599,5910462018,77343116760,16526307
20250317,060250,NHN KCP,KOSDAQ,우량기업부,8010,0,0.00,8020,8090,7950,80315,642719725,321686494110,40160611
20250317,104200,NHN벅스,KOSDAQ,중견기업부,3170,5,0.16,3135,3180,3135,20574,65143220,47003333500,14827550
20250317,222160,NPX,KOSDAQ,관리종목(소속부없음),8040,0,0.00,0,0,0,0,0,79551289560,9894439
20250317,024940,PN풍년,KOSDAQ,벤처기업부,7500,600,8.70,6930,7600,6930,638834,4694566445,75000000000,10000000
20250317,218410,RFHIC,KOSDAQ,우량기업부,16240,420,2.65,15900,16400,15900,85283,1385129480,430107338080,26484442
20250317,327260,RF머트리얼즈,KOSDAQ,벤처기업부,6380,-50,-0.78,6340,6550,6280,68201,435315510,53804013780,8433231
20250317,474610,RF시스템즈,KOSDAQ,벤처기업부,5740,120,2.14,5680,5940,5600,822524,4775007010,74188713620,12924863
20250317,091340,S&K폴리텍,KOSDAQ,중견기업부,2870,-25,-0.86,2910,2930,2800,104390,298608956,33589679270,11703721
20250317,419530,SAMG엔터,KOSDAQ,기술성장기업부,28400,-450,-1.56,28250,29500,28100,224530,6449217625,243982412000,8590930
20250317,019550,SBI인베스트먼트,KOSDAQ,중견기업부,704,8,1.15,696,707,694,330061,231459875,114094868800,162066575
20250317,950110,SBI핀테크솔루션즈,KOSDAQ,외국기업(소속부없음),4915,5,0.10,4910,4930,4900,8936,43950555,118218234100,24052540
20250317,036120,SCI평가정보,KOSDAQ,중견기업부,2135,-30,-1.39,2150,2150,2125,40980,87354014,75792500000,35500000
20250317,246960,SCL사이언스,KOSDAQ,기술성장기업부,8060,-190,-2.30,8150,8230,8060,4537,36870090,58704212060,7283401
20250317,099220,SDN,KOSDAQ,중견기업부,1080,7,0.65,1067,1095,1067,131610,142360696,60665555880,56171811
20250317,036540,SFA반도체,KOSDAQ,우량기업부,3210,75,2.39,3150,3235,3150,634739,2035926354,527917572630,164460303
20250317,255220,SG,KOSDAQ,중견기업부,2705,130,5.05,2575,2710,2470,3047405,7870394816,266102960285,98374477
20250317,040610,SG&G,KOSDAQ,중견기업부,1539,-5,-0.32,1550,1559,1539,24248,37386704,52460194644,34087196
20250317,049470,SGA,KOSDAQ,중견기업부,303,9,3.06,296,304,295,112448,33708888,17835261447,58862249
20250317,184230,SGA솔루션즈,KOSDAQ,벤처기업부,451,1,0.22,444,456,444,28914,13050930,28232221611,62599161
20250317,016250,SGC E&C,KOSDAQ,우량기업부,13870,-260,-1.84,14060,14060,13790,1450,20203460,44988523950,3243585
20250317,357880,SKAI,KOSDAQ,기술성장기업부,2530,460,22.22,2070,2680,2070,5898439,14742614497,85824451240,33922708
20250317,048550,SM C&C,KOSDAQ,중견기업부,1420,-5,-0.35,1425,1439,1413,151085,214281384,137334760400,96714620
20250317,063440,SM Life Design,KOSDAQ,중견기업부,1326,-5,-0.38,1344,1344,1320,49451,65477792,61034658204,46029154
20250317,067160,SOOP,KOSDAQ,우량기업부,84800,500,0.59,84700,85600,83500,62534,5267396850,974756241600,11494767
20250317,289080,SV인베스트먼트,KOSDAQ,중견기업부,1353,2,0.15,1344,1361,1344,81646,110332651,72890297535,53873095
20250317,089230,THE E&M,KOSDAQ,중견기업부,774,-2,-0.26,777,798,771,43518,33898183,16937405622,21882953
20250317,032540,TJ미디어,KOSDAQ,우량기업부,4740,45,0.96,4735,4740,4685,3881,18226757,66035826660,13931609
20250317,022220,TKG애강,KOSDAQ,우량기업부,901,-5,-0.55,906,912,899,292890,263934810,46666915679,51794579
20250317,048770,TPC,KOSDAQ,벤처기업부,2195,85,4.03,2115,2210,2110,23276,50269015,34457090245,15697991
20250317,246690,TS인베스트먼트,KOSDAQ,중견기업부,1202,-16,-1.31,1214,1244,1196,526752,637352491,49856390124,41477862
20250317,317240,TS트릴리온,KOSDAQ,벤처기업부,278,-2,-0.71,282,283,270,1292476,356823830,29812976316,107240922
20250317,057030,YBM넷,KOSDAQ,중견기업부,3760,-40,-1.05,3890,3890,3755,34928,132048125,61335740720,16312697
20250317,040300,YTN,KOSDAQ,우량기업부,3295,50,1.54,3250,3305,3220,242925,795115881,138390000000,42000000
20250317,051390,YW,KOSDAQ,벤처기업부,3635,-10,-0.27,3645,3660,3635,2749,10031410,41276762680,11355368
20250317,052220,iMBC,KOSDAQ,중견기업부,4520,80,1.80,4410,4600,4360,1539910,6901907964,103960000000,23000000
20250317,079940,가비아,KOSDAQ,우량기업부,15000,-10,-0.07,15010,15040,14910,17622,264029475,203035260000,13535684
20250317,078890,가온그룹,KOSDAQ,중견기업부,3040,-25,-0.82,3065,3085,3015,31323,94937895,53491162080,17595777
20250317,399720,가온칩스,KOSDAQ,벤처기업부,51200,1850,3.75,50000,51700,49650,262362,13320287250,593782784000,11597320
20250317,036620,감성코퍼레이션,KOSDAQ,우량기업부,3500,75,2.19,3450,3510,3375,265841,914171205,325172953000,92906558
20250317,198440,강동씨앤엘,KOSDAQ,중견기업부,1257,1,0.08,1245,1265,1245,19339,24174659,76591393272,60931896
20250317,217730,강스템바이오텍,KOSDAQ,기술성장기업부,2230,-30,-1.33,2300,2300,2225,426315,965943302,125000752270,56054149
20250317,114190,강원에너지,KOSDAQ,우량기업부,7880,10,0.13,7940,8070,7800,75517,597297995,205849539440,26123038
20250317,094480,갤럭시아머니트리,KOSDAQ,중견기업부,8100,-90,-1.10,8200,8280,8050,285384,2329733690,317761687800,39229838
20250317,039240,경남스틸,KOSDAQ,우량기업부,5030,275,5.78,4755,5060,4690,800397,3942240573,135707408120,26979604
20250317,053950,경남제약,KOSDAQ,중견기업부,643,-1,-0.16,645,648,640,155491,100019740,50248751194,78147358
20250317,011040,경동제약,KOSDAQ,중견기업부,5720,20,0.35,5710,5790,5680,7728,44173390,175997341520,30768766
20250317,024910,경창산업,KOSDAQ,우량기업부,1789,-19,-1.05,1808,1810,1782,31138,55695736,64080199945,35819005
20250317,049720,고려신용정보,KOSDAQ,우량기업부,9600,-20,-0.21,9610,9670,9570,22318,214354150,137280000000,14300000
20250317,014570,고려제약,KOSDAQ,우량기업부,4820,20,0.42,4850,4850,4800,1477,7119005,53020000000,11000000
20250317,348150,고바이오랩,KOSDAQ,기술성장기업부,4675,-50,-1.06,4750,4750,4675,11294,52999220,90572748750,19373850
20250317,950190,고스트스튜디오,KOSDAQ,외국기업(소속부없음),7730,-20,-0.26,7750,7840,7650,9325,71729620,104972565160,13579892
20250317,098460,고영,KOSDAQ,우량기업부,16570,-590,-3.44,17280,17410,16450,2343379,39247519965,1137609290350,68654755
20250317,035290,골드앤에스,KOSDAQ,중견기업부,395,6,1.54,399,414,391,249504,100238572,18832209600,47676480
20250317,215000,골프존,KOSDAQ,우량기업부,60300,-200,-0.33,61000,61700,60000,9136,552943300,378407524500,6275415
20250317,121440,골프존뉴딘홀딩스,KOSDAQ,우량기업부,4150,150,3.75,4090,4480,4075,1476351,6331364791,177772794700,42836818
20250317,366030,공구우먼,KOSDAQ,중견기업부,4445,-50,-1.11,4495,4550,4440,70078,312824015,100696363250,22653850
20250317,014200,광림,KOSDAQ,관리종목(소속부없음),30200,0,0.00,0,0,0,0,0,91311391200,3023556
20250317,029480,광무,KOSDAQ,중견기업부,2320,40,1.75,2330,2330,2245,145718,332110491,127666400720,55028621
20250317,026910,광진실업,KOSDAQ,중견기업부,1923,0,0.00,1923,1923,1909,4442,8513879,12317593815,6405405
20250317,440790,교보13호스팩,KOSDAQ,SPAC(소속부없음),2160,5,0.23,2170,2170,2145,2902,6258970,8748000000,4050000
20250317,456490,교보14호스팩,KOSDAQ,SPAC(소속부없음),2125,0,0.00,2130,2130,2120,8235,17498515,8925000000,4200000
20250317,465320,교보15호스팩,KOSDAQ,SPAC(소속부없음),2095,0,0.00,2090,2095,2090,1213,2538775,7981950000,3810000
20250317,482520,교보16호스팩,KOSDAQ,SPAC(소속부없음),2020,5,0.25,2030,2030,2000,19951,40048623,12322000000,6100000
20250317,489210,교보17호스팩,KOSDAQ,SPAC(소속부없음),1998,1,0.05,1997,2000,1995,5004,9994201,10349640000,5180000
20250317,053270,구영테크,KOSDAQ,우량기업부,2230,0,0.00,2240,2250,2215,21263,47306185,61125203150,27410405
20250317,066620,국보디자인,KOSDAQ,우량기업부,16970,-90,-0.53,17180,17180,16900,15787,267868820,127275000000,7500000
20250317,043650,국순당,KOSDAQ,우량기업부,4520,-5,-0.11,4530,4555,4500,7845,35505682,80719534080,17858304
20250317,006050,국영지앤엠,KOSDAQ,중견기업부,1696,67,4.11,1633,1700,1626,447775,746249002,59182332128,34895243
20250317,060480,국일신동,KOSDAQ,중견기업부,1712,-2,-0.12,1709,1754,1694,12361,21268646,18986080000,11090000
20250317,078130,국일제지,KOSDAQ,관리종목(소속부없음),800,0,0.00,0,0,0,0,0,901924696800,1127405871
20250317,307750,국전약품,KOSDAQ,우량기업부,3345,20,0.60,3305,3375,3295,16922,56396687,164136704805,49069269
20250317,035080,그래디언트,KOSDAQ,우량기업부,13910,40,0.29,13980,13980,13810,34309,475961740,190241478180,13676598
20250317,453450,그리드위즈,KOSDAQ,벤처기업부,15410,-160,-1.03,15610,15810,15370,25212,390145165,122397777500,7942750
20250317,204020,그리티,KOSDAQ,벤처기업부,2855,0,0.00,2855,2860,2800,39537,112123545,57520912650,20147430
20250317,402490,그린리소스,KOSDAQ,기술성장기업부,16510,-460,-2.71,16860,16920,16460,196705,3273250660,136470735440,8265944
20250317,114450,그린생명과학,KOSDAQ,중견기업부,1660,-15,-0.90,1675,1685,1660,19986,33375839,33200000000,20000000
20250317,186230,그린플러스,KOSDAQ,벤처기업부,7630,170,2.28,7470,7780,7420,50780,388705155,82558034440,10820188
20250317,900070,글로벌에스엠,KOSDAQ,외국기업(소속부없음),381,5,1.33,382,382,376,22091,8385462,20476451808,53743968
20250317,204620,글로벌텍스프리,KOSDAQ,중견기업부,4275,-80,-1.84,4405,4475,4250,1333135,5755552835,300461235750,70283330
20250317,019660,글로본,KOSDAQ,투자주의환기종목(소속부없음),872,-373,-29.96,983,1039,872,3094985,2844230197,30337530512,34790746
20250317,053260,금강철강,KOSDAQ,우량기업부,4130,10,0.24,4120,4230,4110,20335,84824642,77313600000,18720000
20250317,282720,금양그린파워,KOSDAQ,중견기업부,8630,-70,-0.80,8700,8750,8630,21463,185911760,104591285000,12119500
20250317,036190,금화피에스시,KOSDAQ,우량기업부,25500,150,0.59,25350,25800,25300,3437,87420000,153000000000,6000000
20250317,049080,기가레인,KOSDAQ,중견기업부,496,-2,-0.40,500,507,495,209537,104544861,42102140112,84883347
20250317,420770,기가비스,KOSDAQ,중견기업부,29650,150,0.51,30100,30400,29450,24322,724076800,375836224700,12675758
20250317,035460,기산텔레콤,KOSDAQ,벤처기업부,2010,10,0.50,2000,2015,1984,13790,27604929,29300453400,14577340
20250317,308100,까스텔바작,KOSDAQ,중견기업부,2705,5,0.19,2700,2795,2700,13943,37837865,17919902765,6624733
20250317,407400,꿈비,KOSDAQ,벤처기업부,8450,30,0.36,8500,8570,8110,86056,726361935,104737327500,12394950
20250317,187790,나노,KOSDAQ,관리종목(소속부없음),1025,0,0.00,0,0,0,0,0,31611850750,30840830
20250317,286750,나노브릭,KOSDAQ,기술성장기업부,2390,-120,-4.78,2510,2550,2390,204802,497703305,51417406010,21513559
20250317,121600,나노신소재,KOSDAQ,우량기업부,69600,-500,-0.71,70700,70900,68500,44561,3108038250,848847028800,12196078
20250317,247660,나노씨엠에스,KOSDAQ,기술성장기업부,5770,-80,-1.37,5690,5880,5690,16476,94602430,25064418400,4343920
20250317,039860,나노엔텍,KOSDAQ,중견기업부,3455,5,0.14,3435,3475,3405,72530,250354635,110940333310,32110082
20250317,091970,나노캠텍,KOSDAQ,중견기업부,520,-14,-2.62,540,547,502,57670,30050223,19457096360,37417493
20250317,417010,나노팀,KOSDAQ,벤처기업부,6900,-100,-1.43,6960,7000,6820,52169,359391835,136097863200,19724328
20250317,405920,나라셀라,KOSDAQ,중견기업부,2685,-45,-1.65,2760,2760,2650,50089,135046091,34577634060,12878076
20250317,051490,나라엠앤디,KOSDAQ,우량기업부,4085,-30,-0.73,4170,4180,4060,49745,203917332,58007000000,14200000
20250317,137080,나래나노텍,KOSDAQ,벤처기업부,3060,-30,-0.97,3135,3135,3060,5258,16207899,33841831320,11059422
20250317,190510,나무가,KOSDAQ,우량기업부,12400,-10,-0.08,12440,12590,12370,20708,258097225,191875082800,15473797
20250317,242040,나무기술,KOSDAQ,기술성장기업부,1464,106,7.81,1365,1692,1365,13512547,21164067704,50663570496,34606264
20250317,089600,나스미디어,KOSDAQ,우량기업부,14450,-90,-0.62,14540,14750,14410,45944,669064750,167159955350,11568163
20250317,293580,나우IB,KOSDAQ,중견기업부,1136,8,0.71,1128,1140,1109,333970,376732751,107840423200,94929950
20250317,138610,나이벡,KOSDAQ,기술성장기업부,14460,-50,-0.34,14460,14670,14400,18914,274470575,157514471820,10893117
20250317,130580,나이스디앤비,KOSDAQ,우량기업부,4715,-15,-0.32,4730,4730,4670,10382,48869874,72611000000,15400000
20250317,036800,나이스정보통신,KOSDAQ,우량기업부,17580,40,0.23,17560,17600,17470,1044,18323110,175800000000,10000000
20250317,267320,나인테크,KOSDAQ,벤처기업부,3275,160,5.14,3250,3680,3175,14050259,48470399011,145164014750,44324890
20250317,111710,남화산업,KOSDAQ,중견기업부,5000,-20,-0.40,5040,5040,4930,2018,10032320,102940000000,20588000
20250317,091590,남화토건,KOSDAQ,우량기업부,3830,-60,-1.54,3890,3930,3700,10380,39729680,44964200000,11740000
20250317,168330,내츄럴엔도텍,KOSDAQ,벤처기업부,1404,6,0.43,1398,1404,1385,12272,17176291,44583879600,31754900
20250317,094860,네오리진,KOSDAQ,중견기업부,944,-24,-2.48,966,968,922,129674,122858556,20201193136,21399569
20250317,253590,네오셈,KOSDAQ,우량기업부,11290,260,2.36,11200,11550,11170,917809,10410472705,495282861560,43869164
20250317,212560,네오오토,KOSDAQ,우량기업부,8820,570,6.91,8250,8880,8240,50027,430092935,69457173660,7874963
20250317,095660,네오위즈,KOSDAQ,우량기업부,21150,350,1.68,21000,21300,20650,38531,812509275,462271658400,21856816
20250317,042420,네오위즈홀딩스,KOSDAQ,중견기업부,18320,230,1.27,18100,18390,17810,19641,357314505,157439258720,8593846
20250317,950220,네오이뮨텍,KOSDAQ,외국기업(소속부없음),1045,-36,-3.33,1080,1082,1042,404458,426321380,103316500925,98867465
20250317,311390,네오크레마,KOSDAQ,벤처기업부,7140,-50,-0.70,7200,7220,6960,25798,182757890,90348053460,12653789
20250317,085910,네오티스,KOSDAQ,중견기업부,3005,-30,-0.99,3035,3045,3000,11588,34930138,41874128090,13934818
20250317,092730,네오팜,KOSDAQ,우량기업부,12690,900,7.63,12060,12840,12050,311645,3890235335,203395180410,16027989
20250317,290660,네오펙트,KOSDAQ,기술성장기업부,792,5,0.64,787,808,787,10636,8458751,36496468008,46081399
20250317,306620,네온테크,KOSDAQ,벤처기업부,2480,30,1.22,2450,2485,2430,137387,338772234,107790400080,43463871
20250317,153460,네이블,KOSDAQ,벤처기업부,7000,-100,-1.41,7100,7100,6910,631,4412110,45710098000,6530014
20250317,007390,네이처셀,KOSDAQ,중견기업부,16360,590,3.74,15900,16360,15610,358051,5731910195,1052883072160,64357156
20250317,033640,네패스,KOSDAQ,중견기업부,7600,350,4.83,7310,7680,7310,114647,862465340,175249935200,23059202
20250317,330860,네패스아크,KOSDAQ,우량기업부,12260,110,0.91,12200,12530,12030,37701,464964320,149376391700,12184045
20250317,089140,넥스턴바이오,KOSDAQ,벤처기업부,2350,-85,-3.49,2450,2465,2330,60204,143116699,29460175750,12536245
20250317,389650,넥스트바이오메디컬,KOSDAQ,기술성장기업부,45300,-300,-0.66,46500,47350,44300,184850,8387527650,366394825800,8088186
20250317,137940,넥스트아이,KOSDAQ,중견기업부,424,2,0.47,422,430,413,154690,65427262,33208100608,78320992
20250317,396270,넥스트칩,KOSDAQ,기술성장기업부,8300,60,0.73,8270,8350,8190,117844,974907020,150138202000,18088940
20250317,348210,넥스틴,KOSDAQ,우량기업부,59700,2500,4.37,58700,61400,57400,159919,9477722150,624297825000,10457250
20250317,225570,넥슨게임즈,KOSDAQ,우량기업부,12220,0,0.00,12290,12330,12070,226957,2766886755,804811326280,65860174
20250317,205500,넥써쓰,KOSDAQ,중견기업부,2700,-245,-8.32,2940,2980,2700,221203,616359605,157538787300,58347699
20250317,217270,넵튠,KOSDAQ,중견기업부,7260,-300,-3.97,7540,7650,7150,210041,1541942085,338868849000,46676150
20250317,104620,노랑풍선,KOSDAQ,중견기업부,4855,25,0.52,4995,5000,4855,26082,127582424,76913521730,15842126
20250317,473980,노머스,KOSDAQ,기술성장기업부,20900,910,4.55,20100,21100,19690,75425,1548801010,227133195300,10867617
20250317,194700,노바렉스,KOSDAQ,우량기업부,8720,-30,-0.34,8750,8790,8550,86357,746325470,163542274560,18754848
20250317,285490,노바텍,KOSDAQ,우량기업부,15680,140,0.90,15540,15800,15090,15958,248019130,165829030080,10575831
20250317,145170,노브랜드,KOSDAQ,중견기업부,6500,-20,-0.31,6550,6660,6500,167560,1099311535,109904632500,16908405
20250317,106520,노블엠앤비,KOSDAQ,투자주의환기종목(소속부없음),411,0,0.00,0,0,0,0,0,15904036272,38695952
20250317,376930,노을,KOSDAQ,기술성장기업부,2630,80,3.14,2555,2630,2500,366975,943247036,97170767800,36947060
20250317,142280,녹십자엠에스,KOSDAQ,중견기업부,4010,45,1.13,3985,4017,3925,124388,494132147,87185123260,21741926
20250317,234690,녹십자웰빙,KOSDAQ,우량기업부,8650,-50,-0.57,8800,8800,8550,45410,390854335,153557187400,17752276
20250317,054050,농우바이오,KOSDAQ,우량기업부,7510,50,0.67,7420,7530,7420,8062,60443450,120389513110,16030561
20250317,069140,누리플랜,KOSDAQ,벤처기업부,1325,3,0.23,1322,1372,1321,23315,30870758,17361134475,13102743
20250317,040160,누리플렉스,KOSDAQ,우량기업부,2600,-10,-0.38,2610,2625,2580,3039,7879888,31344391000,12055535
20250317,332290,누보,KOSDAQ,벤처기업부,1008,3,0.30,1015,1035,1000,53771,54163913,33651881424,33384803
20250317,348340,뉴로메카,KOSDAQ,기술성장기업부,29900,500,1.70,29600,31000,29050,165240,4937557450,333422345100,11151249
20250317,060260,뉴보텍,KOSDAQ,벤처기업부,1134,8,0.71,1123,1160,1111,72337,81431361,15322618206,13512009
20250317,123840,뉴온,KOSDAQ,관리종목(소속부없음),1090,-20,-1.80,1110,1119,1089,27386,30155913,40498194630,37154307
20250317,012340,뉴인텍,KOSDAQ,벤처기업부,496,2,0.40,504,504,494,67027,33251943,25249952352,50907162
20250317,270870,뉴트리,KOSDAQ,우량기업부,5600,-20,-0.36,5690,5690,5500,4207,23647430,51521254400,9200224
20250317,144960,뉴파워프라즈마,KOSDAQ,우량기업부,4985,65,1.32,4925,5090,4900,159412,798738285,217807730640,43692624
20250317,085670,뉴프렉스,KOSDAQ,우량기업부,4765,-20,-0.42,4800,4875,4765,103357,497254910,116507876165,24450761
20250317,064260,다날,KOSDAQ,우량기업부,2875,-15,-0.52,2890,2920,2860,266759,770436820,198228490000,68949040
20250317,340360,다보링크,KOSDAQ,중견기업부,1378,25,1.85,1380,1499,1357,1500210,2111897597,60565730602,43951909
20250317,039560,다산네트웍스,KOSDAQ,우량기업부,3475,-10,-0.29,3485,3650,3430,371388,1238150302,137658583975,39613981
20250317,154040,다산솔루에타,KOSDAQ,중견기업부,1027,13,1.28,1014,1045,1006,36338,37423677,18434746538,17950094
20250317,032190,다우데이타,KOSDAQ,우량기업부,10870,30,0.28,10870,11110,10840,34047,371422405,416321000000,38300000
20250317,323350,다원넥스뷰,KOSDAQ,기술성장기업부,6500,30,0.46,6470,6710,6370,58393,379950310,52070018000,8010772
20250317,068240,다원시스,KOSDAQ,중견기업부,9830,-170,-1.70,10000,10020,9750,133035,1310755035,375146585710,38163437
20250317,464580,닷밀,KOSDAQ,기술성장기업부,5830,20,0.34,5880,5920,5650,55067,317559040,53332536840,9147948
20250317,020400,대동금속,KOSDAQ,중견기업부,6780,-80,-1.17,6880,7020,6710,15827,107724310,21622545480,3189166
20250317,008830,대동기어,KOSDAQ,우량기업부,23000,900,4.07,21600,23600,21050,2070870,46791958050,206712960000,8987520
20250317,048470,대동스틸,KOSDAQ,중견기업부,4845,-55,-1.12,4805,4850,4750,552153,2649169415,48450000000,10000000
20250317,004780,대륙제관,KOSDAQ,우량기업부,3800,0,0.00,3800,3845,3785,3558,13556090,60432156200,15903199
20250317,017650,대림제지,KOSDAQ,우량기업부,6530,-20,-0.31,6530,6530,6500,4289,27922480,58770000000,9000000
20250317,007720,대명소노시즌,KOSDAQ,중견기업부,891,-13,-1.44,904,918,891,308743,276921657,89813200950,100800450
20250317,389260,대명에너지,KOSDAQ,중견기업부,12600,340,2.77,12270,12690,12250,43674,543987130,214830000000,17050000
20250317,317850,대모,KOSDAQ,벤처기업부,9200,120,1.32,9020,9220,8930,77188,700793385,76584664000,8324420
20250317,290670,대보마그네틱,KOSDAQ,우량기업부,12060,-200,-1.63,12310,12310,11960,9631,116473880,94763379600,7857660
20250317,078140,대봉엘에스,KOSDAQ,우량기업부,15500,-800,-4.91,16200,17010,15420,2680760,43693851875,171841974500,11086579
20250317,065150,대산F&B,KOSDAQ,투자주의환기종목(소속부없음),145,0,0.00,0,0,0,0,0,23110448725,159382405
20250317,036480,대성미생물,KOSDAQ,중견기업부,9350,120,1.30,9800,10570,9320,563797,5551498185,35530000000,3800000
20250317,027830,대성창투,KOSDAQ,중견기업부,1896,72,3.95,1824,1898,1810,418319,782656298,102384000000,54000000
20250317,104040,대성파인텍,KOSDAQ,벤처기업부,820,3,0.37,824,824,815,23253,19010021,38724489340,47224987
20250317,129920,대성하이텍,KOSDAQ,벤처기업부,3920,190,5.09,3730,3920,3700,222915,856484899,53763007760,13715053
20250317,442310,대신밸런스제14호스팩,KOSDAQ,SPAC(소속부없음),2125,0,0.00,2125,2130,2120,5721,12143290,14258750000,6710000
20250317,457390,대신밸런스제15호스팩,KOSDAQ,SPAC(소속부없음),2750,20,0.73,2705,2770,2705,58922,161870170,19346250000,7035000
20250317,457630,대신밸런스제16호스팩,KOSDAQ,SPAC(소속부없음),2095,0,0.00,0,0,0,0,0,15314450000,7310000
20250317,471050,대신밸런스제17호스팩,KOSDAQ,SPAC(소속부없음),2120,10,0.47,2110,2125,2095,5432,11435825,12847200000,6060000
20250317,478780,대신밸런스제18호스팩,KOSDAQ,SPAC(소속부없음),2100,20,0.96,2080,2100,2080,21882,45912435,16611000000,7910000
20250317,482690,대신밸런스제19호스팩,KOSDAQ,SPAC(소속부없음),2045,0,0.00,2035,2045,2035,6471,13176900,11482675000,5615000
20250317,020180,대신정보통신,KOSDAQ,중견기업부,1111,16,1.46,1095,1113,1080,181722,199756015,42694524565,38428915
20250317,045390,대아티아이,KOSDAQ,우량기업부,3220,-30,-0.92,3220,3255,3200,226027,729256093,226924273940,70473377
20250317,108380,대양전기공업,KOSDAQ,우량기업부,18550,40,0.22,18510,18690,18300,60057,1108345445,177474027150,9567333
20250317,007680,대원,KOSDAQ,벤처기업부,4025,-10,-0.25,4095,4100,4025,888,3577665,54122057850,13446474
20250317,048910,대원미디어,KOSDAQ,우량기업부,10230,120,1.19,10020,10490,10020,66389,682084830,128682617580,12578946
20250317,005710,대원산업,KOSDAQ,우량기업부,7440,100,1.36,7450,7500,7320,54911,406696415,149079744000,20037600
20250317,290380,대유,KOSDAQ,관리종목(소속부없음),2300,0,0.00,0,0,0,0,0,56841307600,24713612
20250317,120240,대정화금,KOSDAQ,우량기업부,12960,90,0.70,12870,12970,12850,3675,47357540,93187467360,7190391
20250317,003310,대주산업,KOSDAQ,우량기업부,1777,48,2.78,1729,1786,1696,620116,1085005514,62892205950,35392350
20250317,078600,대주전자재료,KOSDAQ,우량기업부,100400,1600,1.62,99900,100800,98300,92988,9292103300,1554251537200,15480593
20250317,393970,대진첨단소재,KOSDAQ,벤처기업부,12720,-470,-3.56,13000,13400,12720,1473519,19196490945,188215550400,14796820
20250317,096350,대창솔루션,KOSDAQ,벤처기업부,331,-5,-1.49,336,340,328,641249,213085763,54204893979,163761009
20250317,140520,대창스틸,KOSDAQ,우량기업부,2065,-15,-0.72,2095,2095,2060,17170,35528335,43590586795,21109243
20250317,131220,대한과학,KOSDAQ,벤처기업부,4365,65,1.51,4300,4365,4270,8336,35985547,32538848850,7454490
20250317,010170,대한광통신,KOSDAQ,중견기업부,613,-7,-1.13,620,637,611,390146,241477358,67130344758,109511166
20250317,054670,대한뉴팜,KOSDAQ,우량기업부,7170,70,0.99,7160,7360,7130,78857,570028440,102924776400,14354920
20250317,023910,대한약품,KOSDAQ,우량기업부,25400,150,0.59,25300,25400,25200,4217,106770925,152400000000,6000000
20250317,021040,대호특수강,KOSDAQ,중견기업부,906,3,0.33,904,916,902,31734,28722093,19664525244,21704774
20250317,021045,대호특수강우,KOSDAQ,중견기업부,2635,-40,-1.50,2650,2650,2620,1064,2808845,2235776420,848492
20250317,067080,대화제약,KOSDAQ,중견기업부,16400,1600,10.81,14810,17860,14810,15199648,255648033420,305313060000,18616650
20250317,298540,더네이쳐홀딩스,KOSDAQ,우량기업부,9150,50,0.55,9080,9200,9070,19181,174906220,135107582400,14765856
20250317,032860,더라미,KOSDAQ,중견기업부,1304,4,0.31,1388,1388,1281,402886,533637489,52676205352,40395863
20250317,393890,더블유씨피,KOSDAQ,기술성장기업부,8800,0,0.00,8960,8970,8720,119166,1048741580,297819667200,33843144
20250317,299170,더블유에스아이,KOSDAQ,중견기업부,1726,-14,-0.80,1756,1764,1726,128493,223054981,51828264138,30027963
20250317,224060,더코디,KOSDAQ,중견기업부,3040,25,0.83,3075,3100,3015,6139,18594650,15688594880,5160722
20250317,043090,더테크놀로지,KOSDAQ,투자주의환기종목(소속부없음),490,21,4.48,472,548,470,1673497,828196370,6084954750,12418275
20250317,213420,덕산네오룩스,KOSDAQ,우량기업부,29850,1050,3.65,29000,30300,28850,224726,6673056875,741210693150,24831179
20250317,317330,덕산테코피아,KOSDAQ,우량기업부,26250,1000,3.96,25900,27300,25450,323352,8460278075,537510330000,20476584
20250317,077360,덕산하이메탈,KOSDAQ,우량기업부,4500,320,7.66,4180,4540,4180,534438,2364146075,204466509000,45437002
20250317,090410,덕신이피씨,KOSDAQ,우량기업부,1511,-1,-0.07,1504,1526,1499,126971,191764989,69633067545,46084095
20250317,263600,덕우전자,KOSDAQ,우량기업부,4915,-15,-0.30,4935,4940,4850,18678,91142275,78297473650,15930310
20250317,194480,데브시스터즈,KOSDAQ,벤처기업부,37500,4000,11.94,33500,38200,33400,222218,8133542750,451618125000,12043150
20250317,373160,데이원컴퍼니,KOSDAQ,기술성장기업부,6840,140,2.09,6760,6900,6600,33899,228910715,93061100160,13605424
20250317,263800,데이타솔루션,KOSDAQ,중견기업부,4550,45,1.00,4500,4730,4500,167085,777044222,73798179000,16219380
20250317,206560,덱스터,KOSDAQ,기술성장기업부,6380,-120,-1.85,6530,6530,6320,176620,1126739000,162126875680,25411736
20250317,261200,덴티스,KOSDAQ,벤처기업부,6660,-20,-0.30,6700,6730,6560,26211,173106810,105292602000,15809700
20250317,067990,도이치모터스,KOSDAQ,우량기업부,4420,45,1.03,4380,4460,4375,22224,98232400,128982451000,29181550
20250317,006620,동구바이오제약,KOSDAQ,우량기업부,4955,50,1.02,4920,4990,4885,1269416,6001460430,141044035360,28464992
20250317,100130,동국S&C,KOSDAQ,중견기업부,2080,5,0.24,2085,2100,2050,104680,216373240,118857440000,57143000
20250317,005160,동국산업,KOSDAQ,우량기업부,4180,-60,-1.42,4245,4300,4160,56565,238290585,226741934760,54244482
20250317,303810,동국생명과학,KOSDAQ,중견기업부,9920,-240,-2.36,10160,10270,9850,263218,2626612415,158641334400,15992070
20250317,075970,동국알앤에스,KOSDAQ,중견기업부,2515,-30,-1.18,2530,2545,2505,58131,146584617,46276000000,18400000
20250317,086450,동국제약,KOSDAQ,우량기업부,15070,-100,-0.66,15220,15220,15070,149472,2258435225,670012200000,44460000
20250317,240550,동방메디컬,KOSDAQ,벤처기업부,11020,470,4.45,10690,11470,10560,2011683,22295401250,226868078800,20586940
20250317,099410,동방선기,KOSDAQ,중견기업부,3670,90,2.51,3750,3755,3515,319516,1174317833,51380000000,14000000
20250317,033500,동성화인텍,KOSDAQ,우량기업부,24000,-750,-3.03,24500,24850,23400,679682,16357577975,719747856000,29989494
20250317,025950,동신건설,KOSDAQ,우량기업부,54300,300,0.56,53200,56400,51000,485213,26371865450,456120000000,8400000
20250317,088130,동아엘텍,KOSDAQ,중견기업부,3045,-20,-0.65,3070,3095,3020,34139,103873635,53242781130,17485314
20250317,041930,동아화성,KOSDAQ,우량기업부,5380,10,0.19,5400,5430,5360,7747,41749155,85004000000,15800000
20250317,060380,동양에스텍,KOSDAQ,우량기업부,1390,-20,-1.42,1410,1439,1390,8402,11779818,27383000000,19700000
20250317,079960,동양이엔피,KOSDAQ,우량기업부,20300,-100,-0.49,20550,20850,20150,26531,543520150,159558000000,7860000
20250317,228340,동양파일,KOSDAQ,우량기업부,1750,-8,-0.46,1758,1775,1700,5744,10051659,35000000000,20000000
20250317,088910,동우팜투테이블,KOSDAQ,우량기업부,1995,3,0.15,1999,2035,1992,14996,29984745,51534369180,25831764
20250317,094170,동운아나텍,KOSDAQ,벤처기업부,22800,450,2.01,22600,23150,22550,296474,6770155625,434732342400,19067208
20250317,013120,동원개발,KOSDAQ,우량기업부,2305,-20,-0.86,2325,2390,2270,58900,135168014,209312670500,90808100
20250317,109860,동일금속,KOSDAQ,우량기업부,8250,80,0.98,8170,8290,8090,1732,14145630,75075000000,9100000
20250317,032960,동일기연,KOSDAQ,중견기업부,10100,-220,-2.13,10400,10400,10100,2138,22054890,40261862300,3986323
20250317,023790,동일스틸럭스,KOSDAQ,관리종목(소속부없음),1182,12,1.03,1177,1198,1118,33590,39359489,25032288438,21177909
20250317,005290,동진쎄미켐,KOSDAQ,우량기업부,31500,800,2.61,31000,32250,30800,1781612,56338925975,1619556561000,51414494
20250317,025900,동화기업,KOSDAQ,중견기업부,10120,60,0.60,10110,10390,10000,201727,2049767135,511639724200,50557285
20250317,131970,두산테스나,KOSDAQ,우량기업부,30150,-150,-0.50,30700,31000,30000,149210,4541341100,582716225700,19327238
20250317,073190,듀오백,KOSDAQ,중견기업부,2450,-210,-7.89,2560,2770,2305,1796502,4471501546,29321698000,11968040
20250317,176750,듀켐바이오,KOSDAQ,기술성장기업부,12160,-140,-1.14,12300,12390,11960,138158,1681998205,346015475200,28455220
20250317,030350,드래곤플라이,KOSDAQ,중견기업부,997,-330,-24.87,1203,1224,939,1893476,1937323705,13836160618,13877794
20250317,203650,드림시큐리티,KOSDAQ,우량기업부,3300,-15,-0.45,3395,3415,3290,430034,1433442100,166998988200,50605754
20250317,223250,드림씨아이에스,KOSDAQ,벤처기업부,2860,-50,-1.72,2910,2915,2860,83958,241171249,68066066640,23799324
20250317,060570,드림어스컴퍼니,KOSDAQ,중견기업부,1799,3,0.17,1799,1875,1769,294537,533940056,136043209827,75621573
20250317,362990,드림인사이트,KOSDAQ,벤처기업부,2150,-30,-1.38,2180,2245,2145,211675,461532489,36121234100,16800574
20250317,016670,디모아,KOSDAQ,중견기업부,3935,40,1.03,3895,4070,3860,38789,152851460,19446164010,4941846
20250317,187870,디바이스이엔지,KOSDAQ,우량기업부,11040,-10,-0.09,11050,11050,10880,7222,79347880,77684163360,7036609
20250317,489730,디비금융제13호스팩,KOSDAQ,SPAC(소속부없음),1988,-2,-0.10,1990,1996,1985,18112,36033880,12588016000,6332000
20250317,110990,디아이티,KOSDAQ,우량기업부,14710,0,0.00,14850,15110,14560,93339,1380346290,278019000000,18900000
20250317,263690,디알젬,KOSDAQ,우량기업부,5500,-30,-0.54,5540,5540,5400,11669,63665230,62290855000,11325610
20250317,214680,디알텍,KOSDAQ,우량기업부,1980,-4,-0.20,1985,1996,1933,568758,1111826666,146550202920,74015254
20250317,347850,디앤디파마텍,KOSDAQ,기술성장기업부,52200,800,1.56,52500,52900,50800,123408,6421926350,551653201800,10568069
20250317,263720,디앤씨미디어,KOSDAQ,우량기업부,18370,680,3.84,17850,18870,17760,112490,2080905720,230074569010,12524473
20250317,376300,디어유,KOSDAQ,기술성장기업부,39400,800,2.07,38550,40150,37900,341223,13431835425,935293196400,23738406
20250317,109740,디에스케이,KOSDAQ,벤처기업부,4415,260,6.26,4235,4450,4175,51696,225314684,113511371850,25710390
20250317,031860,디에이치엑스컴퍼니,KOSDAQ,투자주의환기종목(소속부없음),875,23,2.70,887,887,863,27494,24004148,15025518375,17172021
20250317,196490,디에이테크놀로지,KOSDAQ,투자주의환기종목(소속부없음),203,0,0.00,0,0,0,0,0,36245520080,178549360
20250317,066900,디에이피,KOSDAQ,우량기업부,2225,228,11.42,1996,2415,1961,105074,235862372,50606519175,22744503
20250317,127120,디엔에이링크,KOSDAQ,벤처기업부,6250,150,2.46,6090,6370,6070,358728,2244231650,143466568750,22954651
20250317,092070,디엔에프,KOSDAQ,우량기업부,11500,1270,12.41,10370,11700,10300,263227,2947877155,133076367000,11571858
20250317,039840,디오,KOSDAQ,우량기업부,15740,80,0.51,15670,15870,15580,24896,391178265,235812823700,14981755
20250317,219550,디와이디,KOSDAQ,투자주의환기종목(소속부없음),638,-9,-1.39,660,660,629,1220290,778158950,79641005356,124829162
20250317,310870,디와이씨,KOSDAQ,벤처기업부,1487,-28,-1.85,1500,1514,1487,21057,31456019,30761971977,20687271
20250317,104460,디와이피엔에프,KOSDAQ,중견기업부,14880,170,1.16,14710,14980,14500,49687,730172180,159418740000,10713625
20250317,079810,디이엔티,KOSDAQ,중견기업부,5910,-80,-1.34,6030,6050,5910,68219,407032255,130186035540,22028094
20250317,113810,디젠스,KOSDAQ,중견기업부,2010,60,3.08,1948,2095,1887,2967868,5934476442,65582382510,32628051
20250317,043360,디지아이,KOSDAQ,벤처기업부,1743,-18,-1.02,1761,1762,1743,4574,8043177,15687000000,9000000
20250317,197140,디지캡,KOSDAQ,벤처기업부,2330,-40,-1.69,2365,2365,2290,23662,54759380,30320648820,13013154
20250317,068930,디지털대성,KOSDAQ,우량기업부,7190,-30,-0.42,7230,7280,7160,5335,38563420,198985708980,27675342
20250317,033130,디지틀조선,KOSDAQ,중견기업부,1707,1,0.06,1706,1719,1702,46400,79240387,63355760769,37115267
20250317,105740,디케이락,KOSDAQ,우량기업부,8210,-60,-0.73,8380,8440,8180,120951,998148900,83483491730,10168513
20250317,263020,디케이앤디,KOSDAQ,벤처기업부,3200,65,2.07,3170,3225,3150,86918,277637440,46399459200,14499831
20250317,290550,디케이티,KOSDAQ,우량기업부,7900,0,0.00,7870,8040,7860,33865,269417655,158009717000,20001230
20250317,066670,디티씨,KOSDAQ,우량기업부,2935,-65,-2.17,3045,3270,2870,201849,611981140,54860779330,18691918
20250317,187220,디티앤씨,KOSDAQ,중견기업부,3065,45,1.49,3020,3065,3005,19305,58830850,35854434365,11698021
20250317,383930,디티앤씨알오,KOSDAQ,중견기업부,6690,290,4.53,6590,6800,6400,166780,1095502605,85434725280,12770512
20250317,131180,딜리,KOSDAQ,벤처기업부,878,-1,-0.11,874,880,871,6250,5472320,25769300000,29350000
20250317,315640,딥노이드,KOSDAQ,기술성장기업부,6720,-90,-1.32,6810,6850,6650,134380,900884580,150670920960,22421268
20250317,223310,딥마인드,KOSDAQ,중견기업부,2325,0,0.00,0,0,0,0,0,53101546875,22839375
20250317,317120,라닉스,KOSDAQ,기술성장기업부,2905,-50,-1.69,2965,3090,2905,19208,57146895,28062300000,9660000
20250317,462510,라메디텍,KOSDAQ,기술성장기업부,8130,-80,-0.97,8320,8370,8070,28673,233218205,70330475550,8650735
20250317,042510,라온시큐어,KOSDAQ,벤처기업부,1990,-8,-0.40,2045,2045,1986,323285,645952451,111491483290,56025871
20250317,232680,라온테크,KOSDAQ,기술성장기업부,9810,370,3.92,9670,10130,9470,490446,4789352185,122960835540,12534234
20250317,418420,라온텍,KOSDAQ,기술성장기업부,2825,65,2.36,2815,2870,2740,37043,104958305,85056323225,30108433
20250317,300120,라온피플,KOSDAQ,벤처기업부,4200,-20,-0.47,4220,4310,4200,32963,139801911,87612050400,20860012
20250317,171120,라이온켐텍,KOSDAQ,중견기업부,2345,25,1.08,2325,2395,2315,47518,111113135,84189627200,35901760
20250317,388790,라이콤,KOSDAQ,벤처기업부,2485,-55,-2.17,2590,2590,2460,142702,355808829,74336116050,29913930
20250317,347700,라이프시맨틱스,KOSDAQ,기술성장기업부,7820,-10,-0.13,7830,7940,7520,221917,1720039460,172352901660,22040013
20250317,214260,라파스,KOSDAQ,기술성장기업부,15610,-530,-3.28,16100,16100,15610,47244,744067525,139279647430,8922463
20250317,171010,램테크놀러지,KOSDAQ,벤처기업부,4490,5,0.11,4555,4635,4475,230454,1047848044,64201396480,14298752
20250317,084650,랩지노믹스,KOSDAQ,우량기업부,2380,-40,-1.65,2420,2430,2380,531947,1272484716,176691176200,74239990
20250317,217500,러셀,KOSDAQ,벤처기업부,1756,26,1.50,1740,1758,1727,33342,58161518,55861872000,31812000
20250317,038390,레드캡투어,KOSDAQ,우량기업부,9990,100,1.01,9970,10100,9720,83563,832105445,167041011780,16720822
20250317,294140,레몬,KOSDAQ,중견기업부,3350,-75,-2.19,3430,3580,3350,31890,109102844,70350000000,21000000
20250317,443250,레뷰코퍼레이션,KOSDAQ,벤처기업부,13320,-120,-0.89,13440,13480,12710,43640,578386420,148055263200,11115260
20250317,228670,레이,KOSDAQ,중견기업부,8450,550,6.96,8000,8560,7640,259857,2148933585,131085297850,15513053
20250317,228850,레이언스,KOSDAQ,우량기업부,6390,-20,-0.31,6420,7570,6360,494477,3495200950,106016579460,16591014
20250317,412350,레이저쎌,KOSDAQ,기술성장기업부,3765,35,0.94,3790,3825,3755,42344,160805690,32857049580,8726972
20250317,199550,레이저옵텍,KOSDAQ,벤처기업부,9920,-40,-0.40,9860,10110,9810,959749,9550042960,119484326720,12044791
20250317,281740,레이크머티리얼즈,KOSDAQ,우량기업부,15830,130,0.83,16110,16420,15760,889528,14303602705,1040514574840,65730548
20250317,277810,레인보우로보틱스,KOSDAQ,기술성장기업부,319000,1500,0.47,320000,328500,313000,383213,122408084250,6188554702000,19399858
20250317,215100,로보로보,KOSDAQ,벤처기업부,4060,15,0.37,4050,4090,3995,111218,448826711,82614723240,20348454
20250317,090360,로보스타,KOSDAQ,중견기업부,26050,800,3.17,25600,26400,25000,121866,3151360400,253987500000,9750000
20250317,108490,로보티즈,KOSDAQ,기술성장기업부,40500,3250,8.72,38050,41700,37650,3016139,119799539725,534904155000,13207510
20250317,900260,로스웰,KOSDAQ,외국기업(소속부없음),574,-9,-1.54,583,585,570,27014,15545527,20681959312,36031288
20250317,067730,로지시스,KOSDAQ,중견기업부,2985,25,0.84,2955,3050,2935,46730,139205766,28876657170,9673922
20250317,071280,로체시스템즈,KOSDAQ,우량기업부,16780,-430,-2.50,17110,17880,16430,343914,5809756535,256676998340,15296603
20250317,328130,루닛,KOSDAQ,기술성장기업부,54600,-400,-0.73,55100,55200,53200,325984,17638492750,1583140104000,28995240
20250317,038060,루멘스,KOSDAQ,중견기업부,910,-4,-0.44,917,920,906,50650,46214498,43773792790,48103069
20250317,474170,루미르,KOSDAQ,기술성장기업부,9990,-10,-0.10,10150,10150,9960,179004,1798583930,177099683040,17727696
20250317,141080,리가켐바이오,KOSDAQ,기술성장기업부,107800,4500,4.36,103400,108400,101500,541372,56785649700,3946594436400,36610338
20250317,058470,리노공업,KOSDAQ,우량기업부,220000,3000,1.38,219000,223000,216500,89568,19698120000,3353321400000,15242370
20250317,016100,리더스코스메틱,KOSDAQ,중견기업부,2535,-10,-0.39,2565,2565,2510,6969,17611960,48420766290,19100894
20250317,012700,리드코프,KOSDAQ,우량기업부,3975,-15,-0.38,3990,3995,3960,11220,44636785,105123386625,26446135
20250317,302550,리메드,KOSDAQ,기술성장기업부,3050,-35,-1.13,3085,3085,3005,41046,124614940,93446144000,30638080
20250317,073570,리튬포어스,KOSDAQ,중견기업부,1007,179,21.62,828,1076,828,11607341,11998911794,36442823479,36189497
20250317,377450,리파인,KOSDAQ,중견기업부,11510,-400,-3.36,11920,12090,11500,33628,390408540,199468300000,17330000
20250317,277070,린드먼아시아,KOSDAQ,중견기업부,4425,55,1.26,4355,4435,4310,19596,85851065,60587100000,13692000
20250317,042500,링네트,KOSDAQ,우량기업부,4345,-60,-1.36,4410,4410,4315,59106,257360460,82859732230,19070134
20250317,193250,링크드,KOSDAQ,중견기업부,439,-16,-3.52,448,456,430,87240,38562647,27798962503,63323377
20250317,219420,링크제니시스,KOSDAQ,기술성장기업부,5720,-10,-0.17,5750,5790,5665,50948,291341765,65605580040,11469507
20250317,439090,마녀공장,KOSDAQ,중견기업부,19020,-180,-0.94,19220,19550,18980,305076,5855021335,311514505200,16378260
20250317,195500,마니커에프앤지,KOSDAQ,중견기업부,3310,20,0.61,3320,3340,3285,75620,250045429,52887180000,15978000
20250317,377480,마음AI,KOSDAQ,기술성장기업부,18200,-370,-1.99,18660,18690,18130,116480,2129139400,121625340200,6682711
20250317,305090,마이크로디지탈,KOSDAQ,기술성장기업부,10040,-50,-0.50,10100,10200,9800,64039,637325820,167042106400,16637660
20250317,098120,마이크로컨텍솔,KOSDAQ,중견기업부,10010,-10,-0.10,10010,10210,9840,248661,2492189765,83210787660,8312766
20250317,424980,마이크로투나노,KOSDAQ,기술성장기업부,6280,180,2.95,6160,6550,6110,30345,192000405,37170629200,5918890
20250317,038290,마크로젠,KOSDAQ,중견기업부,15940,220,1.40,15680,15940,15670,38550,611412000,172811916000,10841400
20250317,267980,매일유업,KOSDAQ,우량기업부,34700,100,0.29,34700,35100,34450,4625,160383100,272174238600,7843638
20250317,005990,매일홀딩스,KOSDAQ,우량기업부,9370,10,0.11,9360,9400,9330,1785,16730955,128540508480,13718304
20250317,093520,매커스,KOSDAQ,우량기업부,10650,600,5.97,10060,10700,10050,169472,1763686200,172136929800,16163092
20250317,100590,머큐리,KOSDAQ,우량기업부,3435,-15,-0.43,3465,3465,3420,22713,78116900,54376129005,15830023
20250317,067280,멀티캠퍼스,KOSDAQ,우량기업부,32200,-150,-0.46,32450,32450,32050,3264,105202450,190842283800,5926779
20250317,072870,메가스터디,KOSDAQ,우량기업부,10610,80,0.76,10590,10630,10520,24436,258187720,126481374990,11920959
20250317,215200,메가스터디교육,KOSDAQ,우량기업부,38100,450,1.20,37700,38250,37500,22460,850848050,410370794700,10770887
20250317,133750,메가엠디,KOSDAQ,중견기업부,2215,50,2.31,2160,2225,2160,51747,113796824,51846675555,23407077
20250317,446540,메가터치,KOSDAQ,중견기업부,4060,-140,-3.33,4165,4210,4060,847397,3501516607,84330260000,20771000
20250317,235980,메드팩토,KOSDAQ,기술성장기업부,3555,-110,-3.00,3650,3740,3485,187586,676397856,121848055155,34275121
20250317,041920,메디아나,KOSDAQ,우량기업부,5000,-60,-1.19,5060,5100,4975,15377,76703670,92991115000,18598223
20250317,014100,메디앙스,KOSDAQ,중견기업부,2430,30,1.25,2440,2470,2360,28319,68592975,28674000000,11800000
20250317,054180,메디콕스,KOSDAQ,투자주의환기종목(소속부없음),244,-2,-0.81,254,254,239,701549,171547195,20222301052,82878283
20250317,086900,메디톡스,KOSDAQ,우량기업부,132300,1600,1.22,133100,133500,131200,49363,6527081200,965591153100,7298497
20250317,078160,메디포스트,KOSDAQ,벤처기업부,8820,10,0.11,8810,8910,8640,74212,651183415,301800863700,34217785
20250317,408920,메쎄이상,KOSDAQ,벤처기업부,2155,25,1.17,2130,2155,2110,17921,38066745,93165940525,43232455
20250317,021880,메이슨캐피탈,KOSDAQ,중견기업부,248,-1,-0.40,248,249,241,105271,25797066,37741733184,152184408
20250317,140410,메지온,KOSDAQ,중견기업부,27150,-350,-1.27,27700,27900,27000,67856,1852894500,813504599550,29963337
20250317,241770,메카로,KOSDAQ,벤처기업부,10340,400,4.02,10100,10500,9960,44050,453696275,105391897600,10192640
20250317,059210,메타바이오메드,KOSDAQ,우량기업부,4385,5,0.11,4725,4765,4380,1440699,6563916064,104636409135,23862351
20250317,058110,멕아이씨에스,KOSDAQ,기술성장기업부,1940,11,0.57,1929,1959,1896,164149,315201655,31138028200,16050530
20250317,434480,모니터랩,KOSDAQ,기술성장기업부,4330,-25,-0.57,4380,4445,4330,79867,349059681,53056789000,12253300
20250317,080420,모다이노칩,KOSDAQ,중견기업부,2300,-30,-1.29,2330,2345,2300,23427,54083475,183359730600,79721622
20250317,417970,모델솔루션,KOSDAQ,중견기업부,11880,0,0.00,11830,12010,11740,19148,227860820,75992796000,6396700
20250317,080160,모두투어,KOSDAQ,우량기업부,9560,-90,-0.93,9700,9770,9550,93926,903408660,180684000000,18900000
20250317,087260,모바일어플라이언스,KOSDAQ,벤처기업부,1989,10,0.51,1999,2010,1975,52345,104382519,64747640529,32552861
20250317,101330,모베이스,KOSDAQ,우량기업부,3125,-45,-1.42,3170,3200,3110,66422,208785864,72334465625,23147029
20250317,012860,모베이스전자,KOSDAQ,우량기업부,1508,16,1.07,1500,1510,1493,69266,103914534,110436053156,73233457
20250317,363260,모비데이즈,KOSDAQ,벤처기업부,1984,36,1.85,1950,2020,1948,234067,462078553,63812917696,32163769
20250317,348030,모비릭스,KOSDAQ,우량기업부,4550,0,0.00,4685,4685,4475,2411,10946985,43697290000,9603800
20250317,250060,모비스,KOSDAQ,기술성장기업부,2510,-30,-1.18,2545,2560,2510,128381,324680334,80749998140,32171314
20250317,288980,모아데이타,KOSDAQ,기술성장기업부,1080,-8,-0.74,1088,1105,1078,54502,59188567,37321086960,34556562
20250317,142760,모아라이프플러스,KOSDAQ,기술성장기업부,1260,16,1.29,1244,1270,1243,37658,47461451,47545861860,37734811
20250317,033200,모아텍,KOSDAQ,관리종목(소속부없음),2720,-5,-0.18,2700,2725,2640,15815,42673090,38980823200,14331185
20250317,333050,모코엠시스,KOSDAQ,벤처기업부,1290,25,1.98,1255,1290,1255,19635,24779034,31751190540,24613326
20250317,118990,모트렉스,KOSDAQ,우량기업부,9530,-30,-0.31,9630,9630,9480,58336,556128805,236934764700,24861990
20250317,463480,모티브링크,KOSDAQ,중견기업부,12030,820,7.31,11350,13460,11350,11484222,145390843045,149056006740,12390358
20250317,006920,모헨즈,KOSDAQ,벤처기업부,3110,20,0.65,3050,3115,3050,8022,24858095,33961200000,10920000
20250317,001810,무림SP,KOSDAQ,중견기업부,1440,14,0.98,1426,1451,1424,8932,12792911,31878000000,22137500
20250317,279600,미디어젠,KOSDAQ,관리종목(소속부없음),11300,0,0.00,0,0,0,0,0,52938025300,4684781
20250317,095500,미래나노텍,KOSDAQ,우량기업부,8320,30,0.36,8360,8460,8250,123582,1031874700,258003191680,31009999
20250317,254490,미래반도체,KOSDAQ,중견기업부,12620,370,3.02,12420,12670,12260,79228,994148615,182207560000,14438000
20250317,218150,미래생명자원,KOSDAQ,벤처기업부,4070,-10,-0.25,4135,4135,4035,360188,1467434502,83092314140,20415802
20250317,442900,미래에셋드림스팩1호,KOSDAQ,SPAC(소속부없음),10230,10,0.10,10210,10230,10210,3829,39107390,78566400000,7680000
20250317,100790,미래에셋벤처투자,KOSDAQ,우량기업부,4820,50,1.05,4770,4845,4750,90158,433747833,256060735880,53124634
20250317,446190,미래에셋비전스팩2호,KOSDAQ,SPAC(소속부없음),2155,0,0.00,0,0,0,0,0,10667250000,4950000
20250317,448830,미래에셋비전스팩3호,KOSDAQ,SPAC(소속부없음),2140,0,0.00,2140,2140,2135,196,418690,10528800000,4920000
20250317,477380,미래에셋비전스팩4호,KOSDAQ,SPAC(소속부없음),1996,-2,-0.10,1997,1999,1993,14983,29888620,16167600000,8100000
20250317,477470,미래에셋비전스팩5호,KOSDAQ,SPAC(소속부없음),2030,0,0.00,2040,2040,2030,3755,7658495,11124400000,5480000
20250317,478440,미래에셋비전스팩6호,KOSDAQ,SPAC(소속부없음),2000,0,0.00,2000,2000,1994,1300,2598739,13860000000,6930000
20250317,482680,미래에셋비전스팩7호,KOSDAQ,SPAC(소속부없음),1985,6,0.30,1985,1985,1976,5308,10514850,16306775000,8215000
20250317,049950,미래컴퍼니,KOSDAQ,우량기업부,22650,300,1.34,22350,23450,22050,31956,732095875,199725072600,8817884
20250317,207760,미스터블루,KOSDAQ,중견기업부,1010,-5,-0.49,1015,1024,1010,110668,112227384,83910580830,83079783
20250317,059090,미코,KOSDAQ,중견기업부,10180,290,2.93,9970,10260,9850,672702,6775987070,340182800040,33416778
20250317,214610,미코바이오메드,KOSDAQ,기술성장기업부,502,-214,-29.89,517,556,502,8498613,4394230701,25855835296,51505648
20250317,201490,미투온,KOSDAQ,우량기업부,1761,1,0.06,1760,1770,1746,46710,82185011,53516952012,30390092
20250317,475460,미트박스,KOSDAQ,중견기업부,11440,490,4.47,11000,12430,10880,2955530,34843434810,63915566000,5587025
20250317,452200,민테크,KOSDAQ,기술성장기업부,4290,-20,-0.46,4280,4375,4270,56533,244307047,95076267000,22162300
20250317,418470,밀리의서재,KOSDAQ,벤처기업부,13290,110,0.83,13210,13390,13210,26260,349993235,112955550810,8499289
20250317,206640,바디텍메드,KOSDAQ,우량기업부,14820,70,0.47,14940,15350,14660,132695,1977110885,348070819200,23486560
20250317,018700,바른손,KOSDAQ,중견기업부,836,0,0.00,833,848,831,19425,16203746,29360116852,35119757
20250317,035620,바른손이앤에이,KOSDAQ,중견기업부,392,-1,-0.25,392,396,389,34608,13522637,29180352600,74439675
20250317,053030,바이넥스,KOSDAQ,우량기업부,16580,140,0.85,16440,16690,16220,339929,5600337180,541903837040,32684188
20250317,301300,바이브컴퍼니,KOSDAQ,기술성장기업부,4680,-15,-0.32,4695,4750,4640,22081,103186790,61306291800,13099635
20250317,064550,바이오니아,KOSDAQ,우량기업부,15630,380,2.49,15200,15900,15130,227818,3551230280,403414848330,25810291
20250317,314930,바이오다인,KOSDAQ,기술성장기업부,13540,480,3.68,13060,13730,12710,201392,2659850255,403005954620,29764103
20250317,208710,바이오로그디바이스,KOSDAQ,중견기업부,600,2,0.33,634,642,599,1517560,935577997,39540398400,65900664
20250317,086820,바이오솔루션,KOSDAQ,기술성장기업부,26350,1500,6.04,25000,26600,24100,86054,2194632175,215106275100,8163426
20250317,038460,바이오스마트,KOSDAQ,우량기업부,3015,-70,-2.27,3090,3095,3010,83266,253325828,78885780570,26164438
20250317,251120,바이오에프디엔씨,KOSDAQ,기술성장기업부,13890,-80,-0.57,13930,13930,13710,6902,95370350,120783273000,8695700
20250317,199730,바이오인프라,KOSDAQ,벤처기업부,5360,320,6.35,5040,6380,4995,949510,5633009555,26073007120,4864367
20250317,086040,바이오톡스텍,KOSDAQ,벤처기업부,3070,15,0.49,3055,3095,3055,6087,18726760,48991818290,15958247
20250317,099430,바이오플러스,KOSDAQ,중견기업부,7300,70,0.97,7260,7320,7120,810390,5851032985,436289675700,59765709
20250317,032980,바이온,KOSDAQ,중견기업부,302,0,0.00,0,0,0,0,0,13522952980,44777990
20250317,308080,바이젠셀,KOSDAQ,기술성장기업부,2880,0,0.00,2880,2980,2845,38646,111626138,55479571200,19263740
20250317,043150,바텍,KOSDAQ,우량기업부,21050,300,1.45,20850,21250,20850,16203,341350200,312682088800,14854256
20250317,323990,박셀바이오,KOSDAQ,기술성장기업부,9600,510,5.61,9070,9850,8940,241489,2270611640,220734720000,22993200
20250317,267790,배럴,KOSDAQ,중견기업부,4815,-10,-0.21,4890,4890,4775,1819,8770325,37983127500,7888500
20250317,046310,백금T&A,KOSDAQ,중견기업부,2365,10,0.42,2370,2370,2345,12479,29383603,38830085965,16418641
20250317,331520,밸로프,KOSDAQ,중견기업부,920,40,4.55,897,956,860,1179438,1079488756,46795238800,50864390
20250317,199480,뱅크웨어글로벌,KOSDAQ,기술성장기업부,5300,-20,-0.38,5330,5360,5240,78873,417479880,53538681400,10101638
20250317,438700,버넥트,KOSDAQ,기술성장기업부,3560,-20,-0.56,3635,3655,3550,76600,275414387,39675808400,11144890
20250317,066410,버킷스튜디오,KOSDAQ,관리종목(소속부없음),1153,0,0.00,0,0,0,0,0,99670679144,86444648
20250317,382900,범한퓨얼셀,KOSDAQ,벤처기업부,15910,1110,7.50,14820,15970,14630,108587,1686125725,139387510000,8761000
20250317,206400,베노티앤알,KOSDAQ,중견기업부,1635,-9,-0.55,1644,1649,1620,148398,241899117,61329108330,37510158
20250317,019010,베뉴지,KOSDAQ,우량기업부,2120,20,0.95,2095,2120,2075,33009,69100255,102184000000,48200000
20250317,177350,베셀,KOSDAQ,투자주의환기종목(소속부없음),994,-9,-0.90,1003,1003,990,85101,84613736,17767161552,17874408
20250317,457600,벡트,KOSDAQ,중견기업부,3870,-40,-1.02,3980,3990,3855,134113,523450548,53048025000,13707500
20250317,424760,벨로크,KOSDAQ,벤처기업부,817,-9,-1.09,826,840,810,33229,27345897,16066306634,19665002
20250317,225530,보광산업,KOSDAQ,우량기업부,4425,90,2.08,4300,4445,4300,19374,84741867,160798866975,36338727
20250317,250000,보라티알,KOSDAQ,우량기업부,9890,-30,-0.30,9960,9960,9660,28251,276361150,66764749370,6750733
20250317,310210,보로노이,KOSDAQ,기술성장기업부,131100,-5500,-4.03,137300,137300,126000,299319,38910580550,2408281697700,18369807
20250317,006910,보성파워텍,KOSDAQ,중견기업부,2765,-60,-2.12,2810,2840,2730,218422,604344439,135843963360,49129824
20250317,226340,본느,KOSDAQ,관리종목(소속부없음),1458,0,0.00,0,0,0,0,0,61166628360,41952420
20250317,014470,부방,KOSDAQ,중견기업부,1948,62,3.29,1888,1965,1870,289336,553781324,116981802480,60052260
20250317,008470,부스타,KOSDAQ,중견기업부,3715,15,0.41,3700,3717,3700,706,2616244,31223832000,8404800
20250317,338220,뷰노,KOSDAQ,기술성장기업부,23150,200,0.87,22950,23350,22500,83509,1924845875,324084327450,13999323
20250317,100120,뷰웍스,KOSDAQ,우량기업부,23250,650,2.88,22900,23400,22600,27233,630825125,226687500000,9750000
20250317,406820,뷰티스킨,KOSDAQ,벤처기업부,12940,-110,-0.84,13050,13120,12820,7884,102243410,45730477600,3534040
20250317,337930,브랜드엑스코퍼레이션,KOSDAQ,우량기업부,6760,320,4.97,6400,6860,6400,263840,1765472805,198146057720,29311547
20250317,099390,브레인즈컴퍼니,KOSDAQ,벤처기업부,5360,-20,-0.37,5470,5470,5340,16894,90976580,43996396880,8208283
20250317,064480,브리지텍,KOSDAQ,벤처기업부,5340,-20,-0.37,5350,5380,5280,46392,247479280,63826350000,11952500
20250317,288330,브릿지바이오테라퓨틱스,KOSDAQ,기술성장기업부,6570,0,0.00,6700,6770,6450,1084324,7163736135,338098500630,51460959
20250317,365900,브이씨,KOSDAQ,벤처기업부,3690,-210,-5.38,3825,3870,3655,12466,46334365,26975007000,7310300
20250317,089970,브이엠,KOSDAQ,우량기업부,9830,150,1.55,9580,9850,9540,134632,1303749180,236663098850,24075595
20250317,251630,브이원텍,KOSDAQ,우량기업부,4540,15,0.33,4515,4660,4485,16454,74725222,72380702440,15942886
20250317,018290,브이티,KOSDAQ,우량기업부,35600,200,0.56,35700,35700,34300,525440,18363717625,1274409049200,35798007
20250317,478560,블랙야크아이앤씨,KOSDAQ,중견기업부,4020,95,2.42,4030,4145,3940,408614,1647564799,97656071100,24292555
20250317,439580,블루엠텍,KOSDAQ,기술성장기업부,11080,270,2.50,10940,11410,10790,165572,1851923090,123766048680,11170221
20250317,033560,블루콤,KOSDAQ,중견기업부,3310,-15,-0.45,3325,3845,3300,601236,2146664820,56601000000,17100000
20250317,369370,블리츠웨이스튜디오,KOSDAQ,벤처기업부,1586,-3,-0.19,1589,1590,1567,10122,15937085,79096850846,49871911
20250317,126340,비나텍,KOSDAQ,우량기업부,24750,-50,-0.20,24800,25050,24100,13596,335227700,150606670500,6085118
20250317,121800,비덴트,KOSDAQ,투자주의환기종목(소속부없음),3320,0,0.00,0,0,0,0,0,256309348520,77201611
20250317,082800,비보존 제약,KOSDAQ,중견기업부,7000,200,2.94,6900,7180,6820,471052,3310671870,350732662000,50104666
20250317,318410,비비씨,KOSDAQ,중견기업부,7850,110,1.42,7740,7850,7740,18816,146277915,43608657550,5555243
20250317,419540,비스토스,KOSDAQ,벤처기업부,1618,-31,-1.88,1657,1657,1607,100735,163366148,37201882798,22992511
20250317,146320,비씨엔씨,KOSDAQ,중견기업부,10580,70,0.67,10530,10750,10450,24531,259964525,135402025340,12797923
20250317,200780,비씨월드제약,KOSDAQ,중견기업부,4420,35,0.80,4410,4495,4340,7738,33972392,39304337280,8892384
20250317,413640,비아이매트릭스,KOSDAQ,벤처기업부,11000,-150,-1.35,11170,11390,10900,77865,864985960,79276340000,7206940
20250317,141000,비아트론,KOSDAQ,우량기업부,7250,0,0.00,7250,7400,7170,13994,101640920,87831647500,12114710
20250317,083650,비에이치아이,KOSDAQ,중견기업부,19200,-1550,-7.47,20800,20800,19190,1836126,35996262545,594132000000,30944375
20250317,445360,비엔케이제1호스팩,KOSDAQ,SPAC(소속부없음),2110,0,0.00,2115,2115,2110,854,1804470,9094100000,4310000
20250317,473370,비엔케이제2호스팩,KOSDAQ,SPAC(소속부없음),2020,5,0.25,2010,2020,2010,4840,9728760,8504200000,4210000
20250317,065170,비엘팜텍,KOSDAQ,중견기업부,1977,456,29.98,1525,1977,1480,3679637,6804600745,17589477735,8897055
20250317,086670,비엠티,KOSDAQ,우량기업부,9250,-70,-0.75,9320,9340,9200,14906,138064980,84407859500,9125174
20250317,335890,비올,KOSDAQ,중견기업부,8010,-90,-1.11,8120,8130,7970,526765,4220454270,467937191250,58419125
20250317,230980,비유테크놀러지,KOSDAQ,관리종목(소속부없음),229,0,0.00,0,0,0,0,0,21370407553,93320557
20250317,082920,비츠로셀,KOSDAQ,우량기업부,26800,300,1.13,26950,27200,26000,82997,2211336400,612975308400,22872213
20250317,054220,비츠로시스,KOSDAQ,벤처기업부,390,-3,-0.76,393,399,380,108113,42429120,23381701590,59953081
20250317,042370,비츠로테크,KOSDAQ,우량기업부,7810,-210,-2.62,8020,8070,7670,241860,1893325735,204622195250,26200025
20250317,050090,비케이홀딩스,KOSDAQ,중견기업부,686,16,2.39,670,700,670,76920,52858177,13572328210,19784735
20250317,148780,비큐AI,KOSDAQ,기술성장기업부,1010,-6,-0.59,1016,1026,1001,27147,27317273,31760182250,31445725
20250317,307870,비투엔,KOSDAQ,벤처기업부,775,11,1.44,764,777,749,138530,105759655,39374521350,50805834
20250317,377030,비트맥스,KOSDAQ,기술성장기업부,1749,48,2.82,1745,1788,1711,149380,262463218,65117407278,37231222
20250317,032850,비트컴퓨터,KOSDAQ,벤처기업부,4850,-20,-0.41,4880,4895,4850,58267,283525163,80622971050,16623293
20250317,238200,비피도,KOSDAQ,중견기업부,3030,25,0.83,2980,3100,2980,2207,6663115,24785400000,8180000
20250317,093190,빅솔론,KOSDAQ,우량기업부,5190,10,0.19,5150,5240,5150,16441,85286290,99849916950,19238905
20250317,065450,빅텍,KOSDAQ,벤처기업부,4145,75,1.84,4070,4175,4055,259581,1072430251,118765856000,28652800
20250317,044480,빌리언스,KOSDAQ,중견기업부,457,-6,-1.30,463,463,449,121255,54956506,18583323696,40663728
20250317,069540,빛과전자,KOSDAQ,벤처기업부,914,7,0.77,922,923,905,336137,305471357,42078347206,46037579
20250317,072950,빛샘전자,KOSDAQ,우량기업부,4500,15,0.33,4510,4525,4405,15414,69106481,36236745000,8052610
20250317,451250,삐아,KOSDAQ,중견기업부,9880,-120,-1.20,10000,10150,9840,144638,1439918925,99687984760,10089877
20250317,143240,사람인,KOSDAQ,우량기업부,15890,320,2.06,15570,15890,15380,7180,112476725,186060189070,11709263
20250317,466410,사이냅소프트,KOSDAQ,벤처기업부,13610,-20,-0.15,13750,13750,13330,26527,359130810,68553883030,5037023
20250317,452430,사피엔반도체,KOSDAQ,기술성장기업부,20500,840,4.27,19050,22000,18980,928404,19398064995,165977307000,8096454
20250317,419120,산돌,KOSDAQ,중견기업부,6880,130,1.93,6790,6910,6740,33480,228676855,53487362880,7774326
20250317,122350,삼기,KOSDAQ,중견기업부,1170,-4,-0.34,1185,1185,1167,33263,39030354,44857130760,38339428
20250317,419050,삼기이브이,KOSDAQ,중견기업부,1601,0,0.00,1602,1632,1600,136853,220441065,91571180240,57196240
20250317,014970,삼륭물산,KOSDAQ,중견기업부,2780,-100,-3.47,2880,2895,2725,20233,56932405,42047500000,15125000
20250317,018310,삼목에스폼,KOSDAQ,우량기업부,20150,-50,-0.25,20400,20400,20100,6155,124459700,296205000000,14700000
20250317,053700,삼보모터스,KOSDAQ,우량기업부,4140,25,0.61,4110,4165,4095,56252,232705385,94711566600,22877190
20250317,009620,삼보산업,KOSDAQ,중견기업부,2205,75,3.52,2100,2245,2100,107192,232331058,36131330655,16386091
20250317,023600,삼보판지,KOSDAQ,우량기업부,8250,160,1.98,8090,8260,8050,37171,303263435,133402500000,16170000
20250317,439250,삼성스팩7호,KOSDAQ,SPAC(소속부없음),10550,10,0.09,10540,10550,10540,11135,117422940,36946100000,3502000
20250317,448740,삼성스팩8호,KOSDAQ,SPAC(소속부없음),10300,10,0.10,10290,10305,10290,8615,88734220,48039200000,4664000
20250317,468510,삼성스팩9호,KOSDAQ,SPAC(소속부없음),2105,0,0.00,2105,2145,2095,63782,134110340,23260250000,11050000
20250317,009300,삼아제약,KOSDAQ,우량기업부,16040,-20,-0.12,16100,16100,15970,5761,92197430,102174800000,6370000
20250317,482630,삼양엔씨켐,KOSDAQ,중견기업부,18710,460,2.52,18640,18910,18350,266539,4980469545,202631919400,10830140
20250317,361670,삼영에스앤씨,KOSDAQ,기술성장기업부,4595,25,0.55,4570,4630,4525,3093,14124510,26042888510,5667658
20250317,054540,삼영엠텍,KOSDAQ,중견기업부,4990,90,1.84,4985,5060,4860,99292,493672191,64870000000,13000000
20250317,065570,삼영이엔씨,KOSDAQ,벤처기업부,764,0,0.00,0,0,0,0,0,12295692232,16093838
20250317,032280,삼일,KOSDAQ,중견기업부,2065,69,3.46,2010,2085,2000,60594,123969595,33481063350,16213590
20250317,002290,삼일기업공사,KOSDAQ,중견기업부,3900,-20,-0.51,3920,3920,3865,19226,74768365,48360000000,12400000
20250317,037460,삼지전자,KOSDAQ,우량기업부,9400,-60,-0.63,9530,9630,9340,119098,1120190935,153394106800,16318522
20250317,032750,삼진,KOSDAQ,우량기업부,4170,-60,-1.42,4260,4260,4160,114861,481139640,37659778740,9031122
20250317,054090,삼진엘앤디,KOSDAQ,중견기업부,719,-6,-0.83,725,736,716,22874,16530876,17945687808,24959232
20250317,000250,삼천당제약,KOSDAQ,중견기업부,190800,-600,-0.31,191500,194900,190100,217276,41778942500,4475685657600,23457472
20250317,024950,삼천리자전거,KOSDAQ,중견기업부,4165,-5,-0.12,4170,4250,4160,18068,75735960,55284448205,13273577
20250317,038500,삼표시멘트,KOSDAQ,우량기업부,3120,-15,-0.48,3125,3150,3100,138599,432210800,336698874720,107916306
20250317,437730,삼현,KOSDAQ,기술성장기업부,12770,20,0.16,12750,13080,12490,662212,8457482235,404905630590,31707567
20250317,017480,삼현철강,KOSDAQ,우량기업부,4385,-15,-0.34,4440,4440,4345,6768,29640005,68857172650,15702890
20250317,046390,삼화네트웍스,KOSDAQ,중견기업부,1237,-4,-0.32,1242,1251,1235,75590,93773241,53404918121,43172933
20250317,027580,상보,KOSDAQ,우량기업부,1210,37,3.15,1175,1341,1162,13365117,16834229380,71609347590,59181279
20250317,038540,상상인,KOSDAQ,우량기업부,1565,-1,-0.06,1555,1567,1503,115731,177583117,86588809845,55328313
20250317,452670,상상인제4호스팩,KOSDAQ,SPAC(소속부없음),2000,0,0.00,2000,2000,1997,3521,7037230,10440000000,5220000
20250317,091580,상신이디피,KOSDAQ,우량기업부,7950,-30,-0.38,8130,8140,7850,37592,299313560,105959341050,13328219
20250317,263810,상신전자,KOSDAQ,중견기업부,2865,-5,-0.17,2865,2870,2835,8928,25464175,40811117070,14244718
20250317,089980,상아프론테크,KOSDAQ,우량기업부,15810,80,0.51,15730,15880,15650,36638,578011230,252786674970,15989037
20250317,042940,상지건설,KOSDAQ,중견기업부,3735,-125,-3.24,3860,3860,3735,9721,37291435,14872075290,3981814
20250317,042600,새로닉스,KOSDAQ,우량기업부,9150,20,0.22,9080,9300,8990,10276,93307675,113675702100,12423574
20250317,107600,새빗켐,KOSDAQ,벤처기업부,17020,-210,-1.22,17670,17670,16920,11832,201644500,84785895900,4981545
20250317,411080,샌즈랩,KOSDAQ,기술성장기업부,8510,50,0.59,8600,8720,8450,339184,2906199850,129765909380,15248638
20250317,252990,샘씨엔에스,KOSDAQ,기술성장기업부,4900,180,3.81,4720,5150,4715,1509750,7560237091,286101508700,58388063
20250317,378800,샤페론,KOSDAQ,기술성장기업부,3425,-115,-3.25,3505,3510,3360,794331,2703578994,103239881175,30143031
20250317,294630,서남,KOSDAQ,기술성장기업부,3050,-30,-0.97,3120,3120,3030,99713,304179024,73137349950,23979459
20250317,038070,서린바이오,KOSDAQ,우량기업부,7040,0,0.00,7050,7150,7020,44307,313545330,62660759040,8900676
20250317,006730,서부T&D,KOSDAQ,우량기업부,5470,40,0.74,5450,5520,5390,126662,689958625,360620268810,65926923
20250317,079650,서산,KOSDAQ,중견기업부,1218,4,0.33,1212,1245,1200,7929,9584558,24360000000,20000000
20250317,100660,서암기계공업,KOSDAQ,중견기업부,3600,-30,-0.83,3600,3650,3600,19657,71224960,45360000000,12600000
20250317,019770,서연탑메탈,KOSDAQ,우량기업부,3835,-65,-1.67,3900,3900,3705,16519,63115426,44677750000,11650000
20250317,043710,서울리거,KOSDAQ,중견기업부,598,-6,-0.99,604,604,585,12868,7629485,51764380980,86562510
20250317,092190,서울바이오시스,KOSDAQ,중견기업부,3325,20,0.61,3325,3345,3300,15082,50096800,152512373475,45868383
20250317,046890,서울반도체,KOSDAQ,우량기업부,6650,40,0.61,6620,6740,6620,124673,832383220,387730910000,58305400
20250317,063170,서울옥션,KOSDAQ,우량기업부,6730,-10,-0.15,6740,6820,6710,38150,257614075,119620816910,17774267
20250317,027040,서울전자통신,KOSDAQ,중견기업부,227,-22,-8.84,249,254,227,1037001,243721499,15796668269,69588847
20250317,018680,서울제약,KOSDAQ,벤처기업부,3280,-10,-0.30,3320,3325,3280,3806,12587585,38242566320,11659319
20250317,093920,서원인텍,KOSDAQ,우량기업부,5300,20,0.38,5300,5300,5250,5070,26747530,98580000000,18600000
20250317,189860,서전기전,KOSDAQ,벤처기업부,4480,-30,-0.67,4550,4552,4415,36627,162614898,43450534400,9698780
20250317,178320,서진시스템,KOSDAQ,우량기업부,22450,0,0.00,22700,22800,22350,175680,3963624300,1262766567300,56247954
20250317,122690,서진오토모티브,KOSDAQ,우량기업부,1885,-8,-0.42,1912,1912,1885,4563,8620702,41176712850,21844410
20250317,140070,서플러스글로벌,KOSDAQ,우량기업부,2635,30,1.15,2600,2655,2595,26841,70424390,97463380000,36988000
20250317,011370,서한,KOSDAQ,우량기업부,785,-1,-0.13,786,792,782,62545,49125323,79202469025,100894865
20250317,065710,서호전기,KOSDAQ,우량기업부,23550,500,2.17,23100,24000,23100,22787,538265400,121282500000,5150000
20250317,035890,서희건설,KOSDAQ,우량기업부,1520,13,0.86,1510,1525,1505,89941,136236158,349308854640,229808457
20250317,357550,석경에이티,KOSDAQ,기술성장기업부,49800,-800,-1.58,50500,50500,49250,6983,346743300,271659000000,5455000
20250317,003100,선광,KOSDAQ,우량기업부,15850,10,0.06,15800,15890,15720,5674,89580430,104610000000,6600000
20250317,067370,선바이오,KOSDAQ,기술성장기업부,6120,0,0.00,6120,6120,6050,2074,12616790,75358956600,12313555
20250317,217620,선샤인푸드,KOSDAQ,관리종목(소속부없음),3810,0,0.00,0,0,0,0,0,26803681470,7035087
20250317,171090,선익시스템,KOSDAQ,중견기업부,48300,1900,4.09,47200,48950,45700,159484,7655790800,460637341500,9537005
20250317,086710,선진뷰티사이언스,KOSDAQ,중견기업부,10830,-170,-1.55,11150,11200,10780,115186,1262612140,132161522400,12203280
20250317,014620,성광벤드,KOSDAQ,우량기업부,27100,50,0.18,27300,27700,26600,254801,6910508875,756863623700,27928547
20250317,037350,성도이엔지,KOSDAQ,우량기업부,4075,15,0.37,4060,4105,4050,21406,87250886,63040250000,15470000
20250317,458650,성우,KOSDAQ,벤처기업부,18520,-230,-1.23,18900,19400,18520,165128,3120962010,278645808400,15045670
20250317,081580,성우전자,KOSDAQ,우량기업부,2370,45,1.94,2350,2390,2335,39626,93334015,36754298910,15508143
20250317,045300,성우테크론,KOSDAQ,중견기업부,2955,-5,-0.17,2960,2970,2905,17047,50085940,29997927765,10151583
20250317,015750,성우하이텍,KOSDAQ,우량기업부,5270,20,0.38,5270,5370,5260,244951,1299269170,421600000000,80000000
20250317,365340,성일하이텍,KOSDAQ,기술성장기업부,34450,-100,-0.29,35500,35750,34250,27849,967184325,418498600000,12148000
20250317,080470,성창오토텍,KOSDAQ,중견기업부,3500,-5,-0.14,3500,3520,3495,7727,27143185,25550000000,7300000
20250317,043260,성호전자,KOSDAQ,우량기업부,1132,8,0.71,1124,1140,1121,91491,103649536,69054477948,61002189
20250317,148150,세경하이테크,KOSDAQ,우량기업부,7840,-70,-0.88,7910,8020,7730,351861,2760816030,281145763360,35860429
20250317,188260,세니젠,KOSDAQ,기술성장기업부,2520,-65,-2.51,2585,2595,2505,15908,40366300,18215744400,7228470
20250317,053060,세동,KOSDAQ,중견기업부,1014,-3,-0.29,1017,1017,1010,23300,23587025,17904622866,17657419
20250317,340440,세림B&G,KOSDAQ,벤처기업부,1327,3,0.23,1311,1335,1305,15154,20071920,37658089028,28378364
20250317,017510,세명전기,KOSDAQ,중견기업부,5860,-10,-0.17,5980,5990,5850,212646,1255127785,89341560000,15246000
20250317,011560,세보엠이씨,KOSDAQ,우량기업부,10260,160,1.58,10140,10350,10070,73957,753932270,108037800000,10530000
20250317,396300,세아메카닉스,KOSDAQ,벤처기업부,2310,-5,-0.22,2330,2360,2300,69986,161938325,61190745000,26489500
20250317,100700,세운메디칼,KOSDAQ,우량기업부,2445,15,0.62,2430,2465,2415,22578,55009950,107091000000,43800000
20250317,024830,세원물산,KOSDAQ,우량기업부,8240,300,3.78,7930,8340,7860,38888,315924750,68804000000,8350000
20250317,258830,세종메디칼,KOSDAQ,관리종목(소속부없음),412,0,0.00,0,0,0,0,0,22983976612,55786351
20250317,036630,세종텔레콤,KOSDAQ,우량기업부,425,0,0.00,0,0,0,0,0,85000000000,200000000
20250317,039310,세중,KOSDAQ,중견기업부,1533,-33,-2.11,1566,1585,1521,17165,26292812,27780515511,18121667
20250317,067770,세진티에스,KOSDAQ,중견기업부,2175,25,1.16,2150,2180,2150,3940,8505005,18262589775,8396593
20250317,053450,세코닉스,KOSDAQ,우량기업부,6490,20,0.31,6570,6650,6410,123036,799946510,96005291470,14792803
20250317,222810,세토피아,KOSDAQ,관리종목(소속부없음),5400,0,0.00,0,0,0,0,0,81712098000,15131870
20250317,252500,세화피앤씨,KOSDAQ,중견기업부,857,1,0.12,856,861,849,80413,68603209,35553836230,41486390
20250317,321370,센서뷰,KOSDAQ,기술성장기업부,1697,391,29.94,1307,1697,1299,2851962,4808549060,70791972241,41715953
20250317,347000,센코,KOSDAQ,기술성장기업부,2260,10,0.44,2255,2300,2200,39540,88606795,74591245760,33004976
20250317,331920,셀레믹스,KOSDAQ,기술성장기업부,3190,150,4.93,3040,3190,3005,39878,122922560,26043632120,8164148
20250317,471820,셀로맥스사이언스,KOSDAQ,중견기업부,5010,-130,-2.53,5150,5160,5010,14610,73908700,58336835790,11644079
20250317,049180,셀루메드,KOSDAQ,벤처기업부,1210,-230,-15.97,1100,1277,1008,10456309,11504235760,62334246260,51515906
20250317,299660,셀리드,KOSDAQ,기술성장기업부,4135,25,0.61,4110,4400,4105,323319,1361143636,87260809895,21102977
20250317,108860,셀바스AI,KOSDAQ,우량기업부,13180,80,0.61,13370,13390,13100,167955,2215996305,354736932200,26914790
20250317,208370,셀바스헬스케어,KOSDAQ,벤처기업부,4455,-25,-0.56,4520,4520,4420,94137,418825177,114674212620,25740564
20250317,318160,셀바이오휴먼텍,KOSDAQ,벤처기업부,4260,60,1.43,4200,4350,4195,80084,342200470,39451438260,9260901
20250317,308430,셀비온,KOSDAQ,기술성장기업부,20900,300,1.46,20850,21200,20300,514667,10670521450,267541088100,12801009
20250317,068760,셀트리온제약,KOSDAQ,우량기업부,53400,0,0.00,53500,53600,52600,104276,5547478650,2221631545800,41603587
20250317,068940,셀피글로벌,KOSDAQ,관리종목(소속부없음),778,0,0.00,0,0,0,0,0,29766744466,38260597
20250317,060230,소니드,KOSDAQ,중견기업부,675,-52,-7.15,727,728,675,1198338,828209591,37124694225,54999547
20250317,290690,소룩스,KOSDAQ,중견기업부,4200,-50,-1.18,4460,4530,4165,5430283,23312819968,203694720600,48498743
20250317,950200,소마젠,KOSDAQ,외국기업(소속부없음),3710,-75,-1.98,3785,3785,3695,18872,70008534,71365756630,19236053
20250317,032680,소프트센,KOSDAQ,중견기업부,305,-12,-3.79,315,317,305,589324,182460836,32205183020,105590764
20250317,032685,소프트센우,KOSDAQ,중견기업부,7400,20,0.27,7480,7480,7400,2,14880,2642850800,357142
20250317,258790,소프트캠프,KOSDAQ,벤처기업부,898,-16,-1.75,899,915,895,15280,13791527,22442173032,24991284
20250317,066910,손오공,KOSDAQ,중견기업부,759,33,4.55,726,759,726,104972,78038540,25642252581,33784259
20250317,035610,솔본,KOSDAQ,우량기업부,3955,20,0.51,3935,3960,3920,19051,75054920,108153418135,27345997
20250317,357780,솔브레인,KOSDAQ,우량기업부,207500,-2500,-1.19,216000,216500,206000,33493,7029396500,1614052445000,7778566
20250317,036830,솔브레인홀딩스,KOSDAQ,우량기업부,32400,650,2.05,32150,32600,31850,51985,1680565650,679235414400,20964056
20250317,304100,솔트룩스,KOSDAQ,기술성장기업부,25000,200,0.81,25050,25100,24600,132838,3306949125,303264200000,12130568
20250317,328380,솔트웨어,KOSDAQ,벤처기업부,945,-4,-0.42,954,982,928,92845,87671127,32378325210,34262778
20250317,086980,쇼박스,KOSDAQ,중견기업부,3085,35,1.15,3040,3100,3000,173129,528406201,193238230000,62638000
20250317,050960,수산아이앤티,KOSDAQ,벤처기업부,17080,120,0.71,16970,17380,16230,98403,1673472995,115307080000,6751000
20250317,084180,수성웹툰,KOSDAQ,중견기업부,5410,-20,-0.37,5440,5490,5360,27214,147003700,97093329510,17947011
20250317,253840,수젠텍,KOSDAQ,우량기업부,5540,-50,-0.89,5630,5690,5520,127741,710498570,92757328000,16743200
20250317,298830,슈어소프트테크,KOSDAQ,벤처기업부,5030,125,2.55,4930,5070,4860,334514,1665676311,264673876830,52619061
20250317,236200,슈프리마,KOSDAQ,우량기업부,28250,350,1.25,28000,28500,27600,54306,1528856950,203209962250,7193273
20250317,094840,슈프리마에이치큐,KOSDAQ,벤처기업부,6620,150,2.32,6470,6690,6410,35391,232359160,69323580800,10471840
20250317,192440,슈피겐코리아,KOSDAQ,우량기업부,24750,150,0.61,24800,25000,24500,3078,76114200,153854984250,6216363
20250317,424960,스마트레이더시스템,KOSDAQ,기술성장기업부,11950,400,3.46,11690,12110,11450,375672,4432040380,187344213000,15677340
20250317,099440,스맥,KOSDAQ,우량기업부,3295,25,0.76,3280,3310,3250,361849,1185389377,132601983230,40243394
20250317,276040,스코넥,KOSDAQ,기술성장기업부,4385,-10,-0.23,4400,4505,4360,43564,192589503,55051368490,12554474
20250317,159910,스킨앤스킨,KOSDAQ,중견기업부,960,27,2.89,932,969,887,212375,200176611,34953694080,36410098
20250317,060240,스타코링크,KOSDAQ,투자주의환기종목(소속부없음),540,0,0.00,0,0,0,0,0,17449656660,32314179
20250317,115570,스타플렉스,KOSDAQ,중견기업부,2605,135,5.47,2495,2625,2495,32468,83140785,20799643340,7984508
20250317,330730,스톤브릿지벤처스,KOSDAQ,중견기업부,3945,-45,-1.13,4005,4005,3925,40082,158511040,71605024350,18150830
20250317,352090,스톰테크,KOSDAQ,중견기업부,3325,10,0.30,3320,3360,3320,39598,132195522,89352718350,26872998
20250317,253450,스튜디오드래곤,KOSDAQ,우량기업부,46300,-250,-0.54,46550,47400,45950,71784,3340848875,1391708457400,30058498
20250317,408900,스튜디오미르,KOSDAQ,벤처기업부,3520,-130,-3.56,3660,3680,3465,1129104,3993419946,115125591680,32706134
20250317,204630,스튜디오산타클로스,KOSDAQ,관리종목(소속부없음),4650,0,0.00,0,0,0,0,0,23668225650,5089941
20250317,415380,스튜디오삼익,KOSDAQ,중견기업부,8000,0,0.00,8020,8020,7900,4979,39591530,33803984000,4225498
20250317,013810,스페코,KOSDAQ,중견기업부,3600,60,1.69,3540,3610,3520,120336,431142967,52759692000,14655470
20250317,049830,승일,KOSDAQ,중견기업부,7540,-30,-0.40,7550,7570,7500,521,3924490,46236124480,6132112
20250317,020710,시공테크,KOSDAQ,우량기업부,3995,65,1.65,3910,4000,3880,62150,246182854,80091640150,20047970
20250317,033170,시그네틱스,KOSDAQ,우량기업부,819,6,0.74,814,829,813,340677,278641233,70211493261,85728319
20250317,048870,시너지이노베이션,KOSDAQ,우량기업부,2670,-10,-0.37,2675,2705,2620,272853,724796370,220870802490,82723147
20250317,025320,시노펙스,KOSDAQ,우량기업부,6600,-280,-4.07,6890,6900,6530,2380399,15924331115,580744362000,87991570
20250317,269620,시스웍,KOSDAQ,관리종목(소속부없음),889,0,0.00,0,0,0,0,0,132090012299,148582691
20250317,056090,시지메드텍,KOSDAQ,중견기업부,884,-10,-1.12,890,897,880,196592,174184580,91280987824,103259036
20250317,429270,시지트로닉스,KOSDAQ,기술성장기업부,4300,-5,-0.12,4305,4350,4265,10763,46152302,19376875000,4506250
20250317,418250,시큐레터,KOSDAQ,관리종목(소속부없음),6550,0,0.00,0,0,0,0,0,52279100100,7981542
20250317,131090,시큐브,KOSDAQ,벤처기업부,815,-35,-4.12,854,904,812,245648,203592245,32600000000,40000000
20250317,232830,시큐센,KOSDAQ,벤처기업부,2375,55,2.37,2380,2405,2315,95704,225070315,27805246000,11707472
20250317,290520,신도기연,KOSDAQ,벤처기업부,2120,-25,-1.17,2270,2270,2120,10627,22768155,33770247440,15929362
20250317,001000,신라섬유,KOSDAQ,중견기업부,882,-30,-3.29,915,915,865,205648,180414412,21412790280,24277540
20250317,025870,신라에스지,KOSDAQ,중견기업부,6000,80,1.35,5930,6100,5860,6186,37155780,24000000000,4000000
20250317,215600,신라젠,KOSDAQ,중견기업부,2425,-20,-0.82,2445,2450,2405,342441,827493665,333115278125,137367125
20250317,065350,신성델타테크,KOSDAQ,우량기업부,67400,-2300,-3.30,71100,71200,67100,194391,13300984250,1852418095200,27483948
20250317,416180,신성에스티,KOSDAQ,중견기업부,35400,-750,-2.07,36250,36600,35400,37429,1340988275,320008141200,9039778
20250317,162300,신스틸,KOSDAQ,중견기업부,2580,-10,-0.39,2595,2660,2560,216393,561779308,106996165560,41471382
20250317,290560,신시웨이,KOSDAQ,벤처기업부,6260,0,0.00,6300,6300,6240,2284,14314440,24276104720,3877972
20250317,002800,신신제약,KOSDAQ,중견기업부,5250,20,0.38,5240,5280,5200,34805,182292060,79645125000,15170500
20250317,472220,신영스팩10호,KOSDAQ,SPAC(소속부없음),2115,0,0.00,2100,2115,2100,1135,2385950,9919350000,4690000
20250317,430220,신영스팩8호,KOSDAQ,SPAC(소속부없음),2110,0,0.00,0,0,0,0,0,14263600000,6760000
20250317,445970,신영스팩9호,KOSDAQ,SPAC(소속부없음),2165,5,0.23,2155,2165,2150,13589,29334990,11604400000,5360000
20250317,017000,신원종합개발,KOSDAQ,우량기업부,2970,-80,-2.62,3065,3065,2970,61872,185045051,34654040190,11668027
20250317,012790,신일제약,KOSDAQ,우량기업부,6500,10,0.15,6490,6500,6460,17115,110928645,77911697500,11986415
20250317,138070,신진에스엠,KOSDAQ,우량기업부,2395,-60,-2.44,2465,2590,2375,354480,876137209,41920173580,17503204
20250317,226330,신테카바이오,KOSDAQ,기술성장기업부,6860,-190,-2.70,6870,7020,6670,285025,1957221500,104673138500,15258475
20250317,418210,신한제10호스팩,KOSDAQ,관리종목(소속부없음),2110,0,0.00,2110,2110,2105,43280,91109685,7722600000,3660000
20250317,452980,신한제11호스팩,KOSDAQ,SPAC(소속부없음),1998,1,0.05,1997,1999,1996,28834,57585697,37772190000,18905000
20250317,474660,신한제12호스팩,KOSDAQ,SPAC(소속부없음),2060,-5,-0.24,2060,2060,2055,2309,4750525,11371200000,5520000
20250317,474930,신한제13호스팩,KOSDAQ,SPAC(소속부없음),2165,60,2.85,2105,2165,2105,2268,4841365,7837300000,3620000
20250317,487360,신한제14호스팩,KOSDAQ,SPAC(소속부없음),1999,1,0.05,2000,2000,1994,16186,32346292,11274360000,5640000
20250317,487830,신한제15호스팩,KOSDAQ,SPAC(소속부없음),2015,-5,-0.25,2015,2020,2010,9290,18688625,8765250000,4350000
20250317,056700,신화인터텍,KOSDAQ,중견기업부,1598,30,1.91,1577,1607,1551,49376,78483248,46557875418,29135091
20250317,187270,신화콘텍,KOSDAQ,벤처기업부,3200,185,6.14,3015,3910,3000,4696518,16897836938,32460304000,10143845
20250317,243840,신흥에스이씨,KOSDAQ,우량기업부,4830,75,1.58,4880,4945,4760,106421,513905467,187978939050,38919035
20250317,257720,실리콘투,KOSDAQ,벤처기업부,26700,-100,-0.37,27050,27050,26000,576144,15218103675,1633289943600,61171908
20250317,222800,심텍,KOSDAQ,우량기업부,21300,250,1.19,21850,22350,20850,1196287,25889106025,678493245900,31854143
20250317,036710,심텍홀딩스,KOSDAQ,중견기업부,1560,32,2.09,1570,1570,1504,63566,97339590,76008315240,48723279
20250317,160980,싸이맥스,KOSDAQ,우량기업부,11100,340,3.16,10790,11150,10730,79213,873232665,121259097300,10924243
20250317,356890,싸이버원,KOSDAQ,벤처기업부,4255,30,0.71,4255,4400,4200,240016,1031729488,50703962875,11916325
20250317,217330,싸이토젠,KOSDAQ,기술성장기업부,4010,-255,-5.98,4265,4265,3995,52107,210642568,92749483470,23129547
20250317,208640,썸에이지,KOSDAQ,중견기업부,275,-9,-3.17,284,285,275,376215,104282592,38291069850,139240254
20250317,222420,쎄노텍,KOSDAQ,중견기업부,898,17,1.93,881,911,877,154833,138596859,40823287438,45460231
20250317,037760,쎄니트,KOSDAQ,우량기업부,1423,0,0.00,1423,1423,1400,8747,12368210,48144246583,33832921
20250317,099320,쎄트렉아이,KOSDAQ,우량기업부,56200,400,0.72,57600,58900,54800,244056,13795156950,615461823600,10951278
20250317,049960,쎌바이오텍,KOSDAQ,우량기업부,12960,-210,-1.59,13290,13290,12940,20056,261800250,121824000000,9400000
20250317,088280,쏘닉스,KOSDAQ,기술성장기업부,2725,-30,-1.09,2755,2830,2700,16560,45127091,47160185250,17306490
20250317,050890,쏠리드,KOSDAQ,우량기업부,7150,150,2.14,7170,7330,7090,1382887,9964919735,436830901650,61095231
20250317,394800,쓰리빌리언,KOSDAQ,기술성장기업부,5770,150,2.67,5670,5840,5640,1206875,6947115305,182816737700,31684010
20250317,177900,쓰리에이로직스,KOSDAQ,기술성장기업부,9690,430,4.64,9610,10640,9350,16472351,165289891195,90764292000,9366800
20250317,475400,씨메스,KOSDAQ,기술성장기업부,30950,-200,-0.64,31200,31500,30500,361216,11362887450,359280908500,11608430
20250317,109670,씨싸이트,KOSDAQ,중견기업부,7070,-40,-0.56,7110,7250,7010,10847,76876190,41264776140,5836602
20250317,066790,씨씨에스,KOSDAQ,중견기업부,1195,-31,-2.53,1226,1227,1180,955491,1145298007,77856686605,65152039
20250317,222080,씨아이에스,KOSDAQ,우량기업부,7990,30,0.38,8020,8090,7850,589034,4683597985,618200993610,77371839
20250317,352480,씨앤씨인터내셔널,KOSDAQ,벤처기업부,42600,-950,-2.18,43450,43450,40850,326395,13693144850,426593886600,10013941
20250317,264660,씨앤지하이테크,KOSDAQ,우량기업부,14620,110,0.76,14710,15250,14600,248917,3703326835,140759839520,9627896
20250317,352700,씨앤투스,KOSDAQ,우량기업부,2570,25,0.98,2545,2570,2540,17894,45627230,70101630430,27276899
20250317,458870,씨어스테크놀로지,KOSDAQ,기술성장기업부,14250,300,2.15,13990,14470,13990,49599,702773680,179420040000,12590880
20250317,297090,씨에스베어링,KOSDAQ,중견기업부,5100,-60,-1.16,5170,5230,5080,105039,539242030,139077000000,27270000
20250317,900120,씨엑스아이,KOSDAQ,외국기업(소속부없음),55,0,0.00,55,57,55,554660,30762895,16531781475,300577845
20250317,359090,씨엔알리서치,KOSDAQ,중견기업부,1087,2,0.18,1077,1092,1076,65482,70958940,61661043517,56725891
20250317,115530,씨엔플러스,KOSDAQ,중견기업부,341,-10,-2.85,351,361,335,186018,64196615,23175383000,67963000
20250317,115480,씨유메디칼,KOSDAQ,중견기업부,600,10,1.69,589,600,583,25563,15175779,36374734800,60624558
20250317,340810,씨유박스,KOSDAQ,기술성장기업부,3200,65,2.07,3135,3285,3060,15868,49778810,33913161600,10597863
20250317,376290,씨유테크,KOSDAQ,중견기업부,3260,-30,-0.91,3290,3350,3230,6631,21632685,57563450000,17657500
20250317,189330,씨이랩,KOSDAQ,기술성장기업부,7070,-30,-0.42,7180,7190,6950,27031,190945520,43072447880,6092284
20250317,096530,씨젠,KOSDAQ,우량기업부,24050,-600,-2.43,24700,24800,23950,185457,4496755925,1256035155700,52225994
20250317,101240,씨큐브,KOSDAQ,벤처기업부,4295,-60,-1.38,4340,4400,4250,85837,371854005,44414367365,10340947
20250317,060590,씨티씨바이오,KOSDAQ,중견기업부,7340,150,2.09,7250,7550,7250,116183,862268460,177488686800,24181020
20250317,260930,씨티케이,KOSDAQ,중견기업부,4410,-15,-0.34,4450,4450,4380,29807,131110849,85296416310,19341591
20250317,413630,씨피시스템,KOSDAQ,벤처기업부,1596,-12,-0.75,1608,1654,1563,20638,32891972,60964041516,38198021
20250317,013990,아가방컴퍼니,KOSDAQ,우량기업부,5650,220,4.05,5450,5680,5350,578083,3225168380,185814578400,32887536
20250317,123860,아나패스,KOSDAQ,벤처기업부,19430,90,0.47,19400,19910,19290,47017,919346000,235557953450,12123415
20250317,025980,아난티,KOSDAQ,우량기업부,5770,-60,-1.03,5850,5860,5710,330940,1908093885,511392088060,88629478
20250317,125210,아모그린텍,KOSDAQ,우량기업부,5800,-70,-1.19,5850,5940,5800,44352,259358765,95681382000,16496790
20250317,357580,아모센스,KOSDAQ,기술성장기업부,6310,-90,-1.41,6400,6400,6270,4321,27269410,70799865840,11220264
20250317,052710,아모텍,KOSDAQ,중견기업부,7340,70,0.96,7210,7460,7150,79525,586039585,107274900060,14615109
20250317,074430,아미노로직스,KOSDAQ,중견기업부,932,-8,-0.85,942,944,920,67174,62415998,81854618608,87826844
20250317,092040,아미코젠,KOSDAQ,기술성장기업부,3545,40,1.14,3510,3565,3495,128935,454535446,195040040115,55018347
20250317,083930,아바코,KOSDAQ,우량기업부,16570,330,2.03,16400,16770,16150,230794,3804909425,247105062860,14912798
20250317,149950,아바텍,KOSDAQ,중견기업부,8970,20,0.22,9110,9110,8850,8724,77884020,139999275000,15607500
20250317,036010,아비코전자,KOSDAQ,우량기업부,5870,100,1.73,5770,5970,5760,39251,230554445,78029522580,13292934
20250317,050860,아세아텍,KOSDAQ,우량기업부,2000,-10,-0.50,2000,2010,1993,28768,57496016,45000000000,22500000
20250317,136410,아셈스,KOSDAQ,벤처기업부,8140,90,1.12,7990,8160,7990,12885,103820330,89695522840,11019106
20250317,246720,아스타,KOSDAQ,벤처기업부,5210,-60,-1.14,5220,5270,5160,2345,12262830,70685633000,13567300
20250317,450950,아스테라시스,KOSDAQ,중견기업부,9040,40,0.44,8900,9140,8870,160994,1448050000,331086763680,36624642
20250317,067390,아스트,KOSDAQ,투자주의환기종목(소속부없음),739,9,1.23,726,741,711,589914,430388014,266156450881,360157579
20250317,159010,아스플로,KOSDAQ,벤처기업부,5120,70,1.39,5040,5320,4985,50147,259039425,68273863680,13334739
20250317,127710,아시아경제,KOSDAQ,우량기업부,1309,-9,-0.68,1323,1323,1296,6500,8481161,45689443338,34904082
20250317,154030,아시아종묘,KOSDAQ,벤처기업부,1789,17,0.96,1780,1800,1774,9095,16242465,21578680063,12061867
20250317,227610,아우딘퓨쳐스,KOSDAQ,중견기업부,910,5,0.55,893,949,893,30042,27128059,32381027770,35583547
20250317,143160,아이디스,KOSDAQ,우량기업부,15150,-220,-1.43,15360,15370,15080,6791,103016080,162353308500,10716390
20250317,054800,아이디스홀딩스,KOSDAQ,우량기업부,9040,100,1.12,8990,9050,8900,30376,272124865,93543714240,10347756
20250317,332370,아이디피,KOSDAQ,중견기업부,4700,100,2.17,4590,4700,4580,19312,89909875,62386512200,13273726
20250317,339950,아이비김영,KOSDAQ,중견기업부,2035,15,0.74,2025,2070,1999,185804,376173690,91466442925,44946655
20250317,469750,아이비젼웍스,KOSDAQ,벤처기업부,1020,-15,-1.45,1035,1043,1019,69287,71079465,34615210620,33936481
20250317,460470,아이빔테크놀로지,KOSDAQ,기술성장기업부,5170,130,2.58,5110,5200,4975,130926,668734455,77986192900,15084370
20250317,099190,아이센스,KOSDAQ,우량기업부,15600,10,0.06,15900,15900,15500,38670,603935475,431203858800,27641273
20250317,461300,아이스크림미디어,KOSDAQ,중견기업부,13260,60,0.45,13350,13750,13260,65514,882185530,174208991580,13137933
20250317,289010,아이스크림에듀,KOSDAQ,중견기업부,2180,65,3.07,2135,2195,2115,22960,49520740,28043600660,12864037
20250317,214430,아이쓰리시스템,KOSDAQ,우량기업부,60200,3200,5.61,58000,60800,57000,104667,6229109650,427826952000,7106760
20250317,040910,아이씨디,KOSDAQ,중견기업부,5970,70,1.19,5900,6480,5900,1737265,10906568870,110888421750,18574275
20250317,368600,아이씨에이치,KOSDAQ,기술성장기업부,3000,10,0.33,2955,3080,2950,55225,165277341,52615038000,17538346
20250317,456010,아이씨티케이,KOSDAQ,기술성장기업부,13880,630,4.75,15100,15110,13550,4848146,68776454515,184282761280,13276856
20250317,052860,아이앤씨,KOSDAQ,벤처기업부,2100,-50,-2.33,2125,2140,2010,20184,41935570,37511993400,17862854
20250317,464500,아이언디바이스,KOSDAQ,기술성장기업부,4110,65,1.61,4065,4217,4050,338532,1398424131,57389010930,13963263
20250317,212710,아이에스티이,KOSDAQ,기술성장기업부,13900,1630,13.28,12450,15000,12260,8013210,111844691425,126482744200,9099478
20250317,038880,아이에이,KOSDAQ,중견기업부,253,-2,-0.78,259,259,251,978036,247357088,95057457275,375721175
20250317,307180,아이엘사이언스,KOSDAQ,벤처기업부,2920,-15,-0.51,2935,2980,2900,82128,240348670,78965057760,27042828
20250317,101390,아이엠,KOSDAQ,투자주의환기종목(소속부없음),1222,282,30.00,980,1222,921,2638531,2936849267,15863813368,12981844
20250317,461030,아이엠비디엑스,KOSDAQ,기술성장기업부,10230,70,0.69,10160,10260,9990,69110,700677475,143401582500,14017750
20250317,451220,아이엠티,KOSDAQ,기술성장기업부,10490,280,2.74,10350,10520,10230,70612,737047025,82604669390,7874611
20250317,090150,아이윈,KOSDAQ,중견기업부,799,-5,-0.62,808,809,796,49924,39905210,33458359107,41875293
20250317,123010,아이윈플러스,KOSDAQ,기술성장기업부,1500,39,2.67,1549,1596,1487,1879478,2872341203,48987813000,32658542
20250317,031310,아이즈비전,KOSDAQ,우량기업부,1680,-10,-0.59,1691,1700,1675,25616,43158519,42562188480,25334636
20250317,462980,아이지넷,KOSDAQ,기술성장기업부,3440,120,3.61,3320,3755,3320,1976688,7085839745,62726463280,18234437
20250317,185490,아이진,KOSDAQ,벤처기업부,2545,-5,-0.20,2580,2580,2520,8084,20577530,68790800280,27029784
20250317,059100,아이컴포넌트,KOSDAQ,벤처기업부,5130,20,0.39,5000,5130,5000,13096,65878770,36273511800,7070860
20250317,262840,아이퀘스트,KOSDAQ,벤처기업부,2390,20,0.84,2385,2395,2360,16953,40260405,46103100000,19290000
20250317,175250,아이큐어,KOSDAQ,기술성장기업부,1649,-19,-1.14,1668,1668,1624,57527,94844532,61933748832,37558368
20250317,052460,아이크래프트,KOSDAQ,중견기업부,2340,50,2.18,2300,2350,2295,47233,109876243,34182570240,14607936
20250317,119830,아이텍,KOSDAQ,중견기업부,6100,-70,-1.13,6140,6240,6100,56507,347176475,130749211700,21434297
20250317,052770,아이톡시,KOSDAQ,중견기업부,885,-344,-27.99,911,1064,861,4065821,3702629842,43347252210,48979946
20250317,124500,아이티센,KOSDAQ,투자주의환기종목(소속부없음),6600,280,4.43,6430,6690,6260,155764,1006478185,153149878200,23204527
20250317,010280,아이티센엔텍,KOSDAQ,투자주의환기종목(소속부없음),786,36,4.80,748,810,743,634960,499251221,51187295796,65123786
20250317,372800,아이티아이즈,KOSDAQ,벤처기업부,4505,-5,-0.11,4510,4540,4385,7184,31800700,27151589950,6026990
20250317,084850,아이티엠반도체,KOSDAQ,중견기업부,12340,50,0.41,12420,12430,12140,21626,265596985,279907405560,22682934
20250317,114840,아이패밀리에스씨,KOSDAQ,벤처기업부,20500,-450,-2.15,21350,21350,20350,103252,2127839000,355057950000,17319900
20250317,027360,아주IB투자,KOSDAQ,우량기업부,2155,0,0.00,2180,2180,2145,188754,408013856,260637349930,120945406
20250317,032080,아즈텍WB,KOSDAQ,중견기업부,1285,-8,-0.62,1290,1293,1284,10560,13592727,27615972265,21491029
20250317,013310,아진산업,KOSDAQ,우량기업부,2685,15,0.56,2675,2705,2655,37904,101183372,104195672670,38806582
20250317,059120,아진엑스텍,KOSDAQ,벤처기업부,8080,290,3.72,7790,8250,7710,216910,1758056590,78768655680,9748596
20250317,203690,아크솔루션스,KOSDAQ,관리종목(소속부없음),4425,0,0.00,0,0,0,0,0,69648384900,15739748
20250317,158430,아톤,KOSDAQ,벤처기업부,5910,60,1.03,6150,6160,5900,806014,4845561550,146561209410,24798851
20250317,200350,아티스트스튜디오,KOSDAQ,기술성장기업부,14010,270,1.97,13750,14135,13510,144398,1994096015,140044310250,9996025
20250317,321820,아티스트유나이티드,KOSDAQ,기술성장기업부,10030,-90,-0.89,10120,10130,9980,79803,801820695,156381501280,15591376
20250317,001540,안국약품,KOSDAQ,우량기업부,6610,50,0.76,6560,7250,6510,448583,3121920095,86210396200,13042420
20250317,053800,안랩,KOSDAQ,우량기업부,78600,5100,6.94,74600,78600,74000,82508,6340576350,874543371600,11126506
20250317,065660,안트로젠,KOSDAQ,기술성장기업부,19150,-590,-2.99,19500,19740,18940,18061,347118790,191616815000,10006100
20250317,297570,알로이스,KOSDAQ,벤처기업부,683,13,1.94,670,720,670,51995,35947763,23646291894,34621218
20250317,260660,알리코제약,KOSDAQ,우량기업부,4720,30,0.64,4690,4770,4555,931723,4352477938,72343539120,15327021
20250317,354320,알멕,KOSDAQ,기술성장기업부,29600,50,0.17,29950,31500,29100,292163,8849289450,189184877600,6391381
20250317,361570,알비더블유,KOSDAQ,중견기업부,2650,25,0.95,2625,2730,2595,93760,250432377,76169721150,28743291
20250317,131370,알서포트,KOSDAQ,우량기업부,2880,0,0.00,2875,2900,2855,42917,123478210,153409199040,53267083
20250317,140670,알에스오토메이션,KOSDAQ,벤처기업부,17780,860,5.08,17430,18010,16980,1161132,20391084285,165409829200,9303140
20250317,096610,알에프세미,KOSDAQ,투자주의환기종목(소속부없음),2965,0,0.00,0,0,0,0,0,51550708615,17386411
20250317,061040,알에프텍,KOSDAQ,우량기업부,3290,25,0.77,3350,3350,3245,59938,198180710,105573662110,32089259
20250317,148250,알엔투테크놀로지,KOSDAQ,벤처기업부,8200,150,1.86,8000,8360,7490,100164,776761600,62970817600,7679368
20250317,347860,알체라,KOSDAQ,투자주의환기종목(소속부없음),1430,10,0.70,1423,1470,1423,488836,712111595,55356674230,38710961
20250317,196170,알테오젠,KOSDAQ,기술성장기업부,439500,47500,12.12,398500,440750,390500,2053323,865393135500,23433624906000,53318828
20250317,123750,알톤,KOSDAQ,투자주의환기종목(소속부없음),1629,39,2.45,1590,1650,1570,74056,120520187,20763717813,12746297
20250317,085810,알티캐스트,KOSDAQ,중견기업부,964,-413,-29.99,1389,1420,964,1026986,1180701401,47290723388,49056767
20250317,043100,알파녹스,KOSDAQ,벤처기업부,1304,-11,-0.84,1298,1319,1293,18161,23597118,21624188968,16582967
20250317,117670,알파홀딩스,KOSDAQ,관리종목(소속부없음),1189,29,2.50,1165,1208,1160,96334,114838883,72998275709,61394681
20250317,314140,알피바이오,KOSDAQ,중견기업부,5510,-160,-2.82,5710,5910,5510,164636,931641430,47751649110,8666361
20250317,291650,압타머사이언스,KOSDAQ,기술성장기업부,913,-25,-2.67,938,946,909,243884,225834400,26732870076,29280252
20250317,293780,압타바이오,KOSDAQ,기술성장기업부,7380,-80,-1.07,7460,7580,7170,71403,518809480,198384436800,26881360
20250317,196300,애니젠,KOSDAQ,기술성장기업부,11600,1400,13.73,10210,12600,10210,1360906,15752295995,69639289200,6003387
20250317,310200,애니플러스,KOSDAQ,우량기업부,3035,-5,-0.16,3040,3055,3010,115231,349354368,138156171265,45520979
20250317,179530,애드바이오텍,KOSDAQ,기술성장기업부,1903,40,2.15,1863,1915,1863,11669,22203494,17394264932,9140444
20250317,900100,애머릿지,KOSDAQ,외국기업(소속부없음),996,-8,-0.80,1015,1015,993,81679,81852299,43961405172,44137957
20250317,052790,액토즈소프트,KOSDAQ,우량기업부,6770,-40,-0.59,6870,6870,6730,10002,67801515,76708419260,11330638
20250317,290740,액트로,KOSDAQ,벤처기업부,6090,-70,-1.14,6260,6290,5920,8640,52422540,61295916990,10065011
20250317,238090,앤디포스,KOSDAQ,벤처기업부,1780,11,0.62,1803,1803,1761,16383,29202091,41903519340,23541303
20250317,092600,앤씨앤,KOSDAQ,벤처기업부,721,5,0.70,716,730,712,46169,33181823,18085215757,25083517
20250317,129890,앱코,KOSDAQ,벤처기업부,940,-2,-0.21,947,952,936,28713,27060316,47604805400,50643410
20250317,174900,앱클론,KOSDAQ,기술성장기업부,12120,-190,-1.54,12350,12630,12070,87337,1066434315,213182861400,17589345
20250317,270520,앱트뉴로사이언스,KOSDAQ,벤처기업부,1034,12,1.17,1025,1063,1025,468517,489046532,164189672724,158790786
20250317,255440,야스,KOSDAQ,벤처기업부,7710,-20,-0.26,8000,8000,7540,2243,17388620,100677180000,13058000
20250317,030960,양지사,KOSDAQ,중견기업부,10030,-120,-1.18,9990,10130,9910,99125,993215015,160279400000,15980000
20250317,102120,어보브반도체,KOSDAQ,우량기업부,12450,10,0.08,12570,12770,12390,496404,6244690975,221370374850,17780753
20250317,238120,얼라인드,KOSDAQ,기술성장기업부,3025,5,0.17,3025,3040,3005,15421,46602910,43496160400,14378896
20250317,019990,에너토크,KOSDAQ,중견기업부,5690,-90,-1.56,5710,5760,5660,45248,258125550,55512140720,9756088
20250317,435570,에르코스,KOSDAQ,벤처기업부,7810,-330,-4.05,8050,8130,7650,298982,2327350950,54824278740,7019754
20250317,270660,에브리봇,KOSDAQ,벤처기업부,16170,-20,-0.12,16300,16460,16090,48880,792008545,198272368140,12261742
20250317,038680,에스넷,KOSDAQ,중견기업부,4150,-10,-0.24,4155,4195,4105,33430,138531029,81131159550,19549677
20250317,217480,에스디생명공학,KOSDAQ,관리종목(소속부없음),499,0,0.00,0,0,0,0,0,54756837359,109733141
20250317,121890,에스디시스템,KOSDAQ,중견기업부,1593,-7,-0.44,1578,1608,1578,22460,35810910,21173273478,13291446
20250317,304360,에스바이오메딕스,KOSDAQ,투자주의환기종목(소속부없음),25650,-50,-0.19,25300,26000,24850,87925,2229687750,301279667400,11745796
20250317,389500,에스비비테크,KOSDAQ,기술성장기업부,24100,-50,-0.21,24350,24500,23300,69200,1644045075,148815186400,6174904
20250317,042110,에스씨디,KOSDAQ,우량기업부,1430,-2,-0.14,1423,1435,1423,13566,19392619,69111276520,48329564
20250317,298060,에스씨엠생명과학,KOSDAQ,기술성장기업부,1026,-156,-13.20,1180,1182,996,848030,890286660,20999396448,20467248
20250317,065420,에스아이리소스,KOSDAQ,중견기업부,240,-7,-2.83,247,252,240,400197,98143928,17178551760,71577299
20250317,103230,에스앤더블류,KOSDAQ,벤처기업부,3060,60,2.00,3095,3095,3020,10642,32403159,22032000000,7200000
20250317,260970,에스앤디,KOSDAQ,벤처기업부,72500,-2000,-2.68,73000,74200,67300,92083,6459583100,209724665000,2892754
20250317,101490,에스앤에스텍,KOSDAQ,우량기업부,34350,750,2.23,33850,35200,33850,240755,8304282550,736857204450,21451447
20250317,095910,에스에너지,KOSDAQ,중견기업부,1395,-4,-0.29,1397,1401,1372,29814,41397650,27403070310,19643778
20250317,275630,에스에스알,KOSDAQ,벤처기업부,3140,20,0.64,3135,3280,3135,7869,24897235,18896485460,6017989
20250317,031330,에스에이엠티,KOSDAQ,우량기업부,2860,45,1.60,2825,2880,2820,446893,1274818912,285985891620,99995067
20250317,060540,에스에이티,KOSDAQ,우량기업부,1517,-15,-0.98,1511,1550,1511,75722,116036393,39644225202,26133306
20250317,351320,에스에이티이엔지,KOSDAQ,벤처기업부,2370,10,0.42,2360,2470,2290,92640,217055163,52177649820,22015886
20250317,056190,에스에프에이,KOSDAQ,우량기업부,19630,-20,-0.10,19690,19820,19310,174765,3408865015,704888958800,35908760
20250317,246250,에스엘에스바이오,KOSDAQ,기술성장기업부,1645,23,1.42,1622,1650,1621,39190,63838114,25247798870,15348206
20250317,041510,에스엠,KOSDAQ,우량기업부,93400,2200,2.41,91200,95600,90100,162679,15190486900,2181228761800,23353627
20250317,460870,에스엠씨지,KOSDAQ,벤처기업부,4670,765,19.59,3935,5020,3885,25779180,118600377933,85943434350,18403305
20250317,007820,에스엠코어,KOSDAQ,중견기업부,4495,-85,-1.86,4585,4630,4490,86252,392046577,90052587270,20033946
20250317,464080,에스오에스랩,KOSDAQ,기술성장기업부,11900,0,0.00,12010,12040,11520,350884,4162688760,210413777000,17681830
20250317,109610,에스와이,KOSDAQ,중견기업부,3960,35,0.89,3925,3985,3865,257007,1007375382,193673304000,48907400
20250317,365330,에스와이스틸텍,KOSDAQ,중견기업부,6370,280,4.60,6100,6370,5800,780710,4757593900,194985700000,30610000
20250317,306040,에스제이그룹,KOSDAQ,우량기업부,4480,-165,-3.55,4600,4600,4465,18247,82249629,44198909440,9865828
20250317,398120,에스지헬스케어,KOSDAQ,벤처기업부,3180,80,2.58,3100,3185,3075,91408,285771465,35217546000,11074700
20250317,457940,에스케이증권제10호스팩,KOSDAQ,SPAC(소속부없음),2120,40,1.92,2130,2130,2090,36,76370,7017200000,3310000
20250317,472230,에스케이증권제11호스팩,KOSDAQ,SPAC(소속부없음),2045,0,0.00,2040,2045,2040,632,1291145,8496975000,4155000
20250317,473000,에스케이증권제12호스팩,KOSDAQ,SPAC(소속부없음),2065,-5,-0.24,2060,2070,2040,3702,7602928,6835150000,3310000
20250317,473950,에스케이증권제13호스팩,KOSDAQ,SPAC(소속부없음),2025,5,0.25,2015,2025,2015,865,1749020,8950500000,4420000
20250317,435870,에스케이증권제8호스팩,KOSDAQ,SPAC(소속부없음),2110,0,0.00,2110,2115,2110,1700,3587123,7849200000,3720000
20250317,455910,에스케이증권제9호스팩,KOSDAQ,SPAC(소속부없음),2080,0,0.00,2080,2080,2080,11,22880,10441600000,5020000
20250317,475660,에스켐,KOSDAQ,기술성장기업부,5640,-20,-0.35,5650,5740,5560,46259,260531290,44724269400,7929835
20250317,096630,에스코넥,KOSDAQ,중견기업부,613,-1,-0.16,623,623,612,73639,45429406,48660930608,79381616
20250317,069510,에스텍,KOSDAQ,중견기업부,11470,120,1.06,11190,11590,11190,5570,63504060,125137700000,10910000
20250317,234300,에스트래픽,KOSDAQ,우량기업부,3800,60,1.60,3740,3900,3715,72423,273842607,105677422400,27809848
20250317,039440,에스티아이,KOSDAQ,우량기업부,21400,500,2.39,21700,22000,21250,370541,7986360575,338762000000,15830000
20250317,098660,에스티오,KOSDAQ,중견기업부,2445,25,1.03,2420,2450,2330,8541,20432080,30564886320,12500976
20250317,052020,에스티큐브,KOSDAQ,투자주의환기종목(소속부없음),7130,-160,-2.19,7350,7430,7130,108022,785468935,484720864830,67983291
20250317,237690,에스티팜,KOSDAQ,우량기업부,76200,600,0.79,76300,76500,74600,70679,5321401250,1535650065600,20152888
20250317,050760,에스폴리텍,KOSDAQ,중견기업부,1515,15,1.00,1500,1519,1463,69931,104294758,24747037170,16334678
20250317,288620,에스퓨얼셀,KOSDAQ,벤처기업부,8440,-60,-0.71,8530,8700,8440,5558,47341080,58905427040,6979316
20250317,443670,에스피소프트,KOSDAQ,벤처기업부,8160,200,2.51,8200,8260,8020,206335,1681656750,197483358720,24201392
20250317,317830,에스피시스템스,KOSDAQ,벤처기업부,9090,210,2.36,9340,9340,9000,257974,2357612085,97934005620,10773818
20250317,058610,에스피지,KOSDAQ,우량기업부,26300,350,1.35,26450,26500,25950,154625,4056301200,583264568000,22177360
20250317,043340,에쎈테크,KOSDAQ,중견기업부,550,-4,-0.72,551,554,543,8438,4642448,52250000000,95000000
20250317,163280,에어레인,KOSDAQ,기술성장기업부,15240,240,1.60,14940,15930,14740,803396,12340816930,124583784360,8174789
20250317,054630,에이디칩스,KOSDAQ,관리종목(소속부없음),1580,0,0.00,0,0,0,0,0,12594094680,7970946
20250317,200710,에이디테크놀로지,KOSDAQ,중견기업부,19490,1490,8.28,18180,19580,18090,265088,5046513335,261961620780,13440822
20250317,475580,에이럭스,KOSDAQ,중견기업부,12850,-60,-0.46,13000,13100,12770,196040,2527771950,174437465000,13574900
20250317,096690,에이루트,KOSDAQ,투자주의환기종목(소속부없음),1188,-2,-0.17,1200,1215,1164,30865,36698945,39770900532,33477189
20250317,298380,에이비엘바이오,KOSDAQ,기술성장기업부,39750,2100,5.58,38450,39850,37300,817690,31686192125,1919207194500,48281942
20250317,203400,에이비온,KOSDAQ,기술성장기업부,6190,0,0.00,6190,6200,5990,52756,322091020,177265598850,28637415
20250317,195990,에이비프로바이오,KOSDAQ,중견기업부,302,6,2.03,312,324,296,713114,216918058,85976295742,284689721
20250317,003800,에이스침대,KOSDAQ,우량기업부,25050,50,0.20,25300,25350,24900,937,23528200,277804500000,11090000
20250317,088800,에이스테크,KOSDAQ,투자주의환기종목(소속부없음),558,-42,-7.00,597,598,550,696238,391432225,126397771074,226519303
20250317,241840,에이스토리,KOSDAQ,우량기업부,8420,220,2.68,8200,8450,8150,39350,327166780,80326749480,9539994
20250317,453860,에이에스텍,KOSDAQ,벤처기업부,21450,-150,-0.69,21700,22100,21300,31230,676195825,121347261750,5657215
20250317,312610,에이에프더블류,KOSDAQ,중견기업부,1228,10,0.82,1235,1235,1218,19450,23755611,24875458464,20256888
20250317,172670,에이엘티,KOSDAQ,벤처기업부,11360,-40,-0.35,11850,11900,11300,270524,3131773340,101788542240,8960259
20250317,445090,에이직랜드,KOSDAQ,벤처기업부,33500,50,0.15,33750,33950,33200,76427,2564902250,364200610000,10871660
20250317,295310,에이치브이엠,KOSDAQ,기술성장기업부,23500,-500,-2.08,24100,24400,23350,303582,7191466650,279695378500,11901931
20250317,072990,에이치시티,KOSDAQ,우량기업부,9330,-310,-3.22,9540,9680,9310,47020,442075850,67990891530,7287341
20250317,044990,에이치엔에스하이텍,KOSDAQ,기술성장기업부,16280,50,0.31,16500,16550,16180,5157,83673140,130827121920,8036064
20250317,239610,에이치엘사이언스,KOSDAQ,우량기업부,11220,-10,-0.09,11350,11540,11020,4104,45909640,60499530300,5392115
20250317,462020,에이치엠씨제6호스팩,KOSDAQ,SPAC(소속부없음),2015,0,0.00,2010,2015,2005,3871,7762390,8755175000,4345000
20250317,477340,에이치엠씨제7호스팩,KOSDAQ,SPAC(소속부없음),1989,0,0.00,1990,1990,1981,958,1902520,14937390000,7510000
20250317,148930,에이치와이티씨,KOSDAQ,중견기업부,3930,30,0.77,3910,3950,3890,5727,22473875,39988587090,10175213
20250317,376270,에이치이엠파마,KOSDAQ,기술성장기업부,22450,800,3.70,21850,22750,20800,100456,2207240675,156297775550,6962039
20250317,044780,에이치케이,KOSDAQ,벤처기업부,1084,11,1.03,1090,1123,1072,41999,45520869,20060273108,18505787
20250317,357230,에이치피오,KOSDAQ,중견기업부,2570,0,0.00,2585,2585,2550,11546,29540785,108169981590,42089487
20250317,355690,에이텀,KOSDAQ,기술성장기업부,7450,140,1.92,7320,7460,7260,9800,72364025,40267101000,5404980
20250317,071670,에이테크솔루션,KOSDAQ,우량기업부,6230,70,1.14,6160,6350,6080,9996,62238160,62300000000,10000000
20250317,045660,에이텍,KOSDAQ,우량기업부,33450,300,0.90,33250,34050,32100,570858,19057150900,276297000000,8260000
20250317,224110,에이텍모빌리티,KOSDAQ,중견기업부,20600,500,2.49,20300,20900,19690,98762,2016701585,110004000000,5340000
20250317,021080,에이티넘인베스트,KOSDAQ,우량기업부,2090,-5,-0.24,2105,2115,2080,77248,161557214,100320000000,48000000
20250317,200470,에이팩트,KOSDAQ,벤처기업부,2720,155,6.04,2535,2865,2535,935737,2565837280,115224892960,42362093
20250317,262260,에이프로,KOSDAQ,우량기업부,5140,-30,-0.58,5190,5230,5110,35217,181177145,74366301280,14468152
20250317,397030,에이프릴바이오,KOSDAQ,기술성장기업부,17120,170,1.00,17100,17180,16610,203598,3419860275,384961963520,22486096
20250317,230240,에치에프알,KOSDAQ,우량기업부,21550,-900,-4.01,22900,22950,21500,119129,2644812850,286808950000,13309000
20250317,230360,에코마케팅,KOSDAQ,우량기업부,8980,0,0.00,8980,9040,8920,24346,218350420,282582900420,31468029
20250317,038870,에코바이오,KOSDAQ,중견기업부,3660,-35,-0.95,3710,3730,3645,32057,117654020,51294713340,14014949
20250317,097780,에코볼트,KOSDAQ,중견기업부,974,28,2.96,942,984,942,49060,47446920,65969349212,67730338
20250317,448280,에코아이,KOSDAQ,중견기업부,20600,50,0.24,21000,21000,20150,13345,273631175,203467085800,9877043
20250317,101360,에코앤드림,KOSDAQ,벤처기업부,27700,-50,-0.18,27950,28000,27300,126127,3487953850,492675357800,17786114
20250317,128540,에코캡,KOSDAQ,벤처기업부,1646,-36,-2.14,1688,1689,1646,207116,344941134,43932497160,26690460
20250317,086520,에코프로,KOSDAQ,우량기업부,59900,100,0.17,59600,60200,58200,736327,43610994650,7974986566000,133138340
20250317,247540,에코프로비엠,KOSDAQ,우량기업부,110800,-1700,-1.51,113100,113700,110700,526173,58648398500,10836388915200,97801344
20250317,383310,에코프로에이치엔,KOSDAQ,중견기업부,28450,250,0.89,28750,28950,28150,51747,1470671500,596736815400,20974932
20250317,038110,에코플라스틱,KOSDAQ,우량기업부,2515,0,0.00,2525,2535,2495,117402,294959125,103540965550,41169370
20250317,073540,에프알텍,KOSDAQ,투자주의환기종목(소속부없음),1480,-1,-0.07,1481,1522,1470,43286,64617242,16872000000,11400000
20250317,064850,에프앤가이드,KOSDAQ,벤처기업부,6950,-10,-0.14,6960,7030,6860,24116,167312090,79301807400,11410332
20250317,036810,에프에스티,KOSDAQ,우량기업부,22350,950,4.44,22000,22550,21700,285295,6336216575,486264234150,21756789
20250317,173940,에프엔씨엔터,KOSDAQ,중견기업부,3025,-145,-4.57,3155,3155,3025,4648,14352957,46563244200,15392808
20250317,083500,에프엔에스테크,KOSDAQ,벤처기업부,10480,100,0.96,10500,10690,10430,59438,625547365,89873566560,8575722
20250317,054940,엑사이엔씨,KOSDAQ,중견기업부,754,8,1.07,746,756,740,106357,79789714,25012855192,33173548
20250317,950130,엑세스바이오,KOSDAQ,외국기업(소속부없음),5100,-10,-0.20,5110,5180,5050,28270,144466160,192411943200,37727832
20250317,373110,엑셀세라퓨틱스,KOSDAQ,기술성장기업부,4130,-190,-4.40,4320,4320,4130,75915,320010233,45175848060,10938462
20250317,205100,엑셈,KOSDAQ,우량기업부,2010,-15,-0.74,2035,2055,1998,283563,571334534,144646496310,71963431
20250317,356680,엑스게이트,KOSDAQ,벤처기업부,9390,-40,-0.42,10080,10200,9330,3718218,36287399020,268023389880,28543492
20250317,070300,엑스큐어,KOSDAQ,벤처기업부,2485,-95,-3.68,2580,2670,2475,31802,79784594,24672377170,9928522
20250317,317770,엑스페릭스,KOSDAQ,벤처기업부,4100,-75,-1.80,4170,4240,4025,436129,1794101587,99025947000,24152670
20250317,373200,엑스플러스,KOSDAQ,투자주의환기종목(소속부없음),630,20,3.28,611,630,608,673716,416456258,56530628910,89731157
20250317,069920,엑시온그룹,KOSDAQ,중견기업부,826,190,29.87,636,826,636,1826105,1420761520,29070339816,35194116
20250317,092870,엑시콘,KOSDAQ,우량기업부,12870,390,3.13,12640,13100,12520,171224,2209215260,167963757390,13050797
20250317,317870,엔바이오니아,KOSDAQ,기술성장기업부,17300,90,0.52,17400,17490,17110,4125,71154595,147166775000,8506750
20250317,067570,엔브이에이치코리아,KOSDAQ,우량기업부,2155,10,0.47,2145,2165,2145,39170,84400452,90876350000,42170000
20250317,236810,엔비티,KOSDAQ,기술성장기업부,2980,5,0.17,2945,3015,2940,31878,94360895,50586769480,16975426
20250317,333620,엔시스,KOSDAQ,벤처기업부,8330,80,0.97,8260,8420,8250,13549,112881200,87934345520,10556344
20250317,101400,엔시트론,KOSDAQ,중견기업부,409,-5,-1.21,414,430,403,169789,69638546,26467376917,64712413
20250317,078860,엔에스이엔엠,KOSDAQ,중견기업부,1640,-90,-5.20,1730,1730,1540,512473,827498324,86354642800,52655270
20250317,437780,엔에이치스팩24호,KOSDAQ,SPAC(소속부없음),2120,0,0.00,2110,2120,2110,4495,9494890,10663600000,5030000
20250317,438580,엔에이치스팩25호,KOSDAQ,SPAC(소속부없음),2130,0,0.00,2120,2130,2120,5185,10992620,6432600000,3020000
20250317,439410,엔에이치스팩26호,KOSDAQ,SPAC(소속부없음),2125,0,0.00,2125,2125,2120,28,59455,18700000000,8800000
20250317,440820,엔에이치스팩27호,KOSDAQ,SPAC(소속부없음),2105,-5,-0.24,2105,2110,2100,61540,129397950,16419000000,7800000
20250317,451700,엔에이치스팩29호,KOSDAQ,SPAC(소속부없음),2030,0,0.00,2025,2030,2020,17883,36205485,29130500000,14350000
20250317,466910,엔에이치스팩30호,KOSDAQ,SPAC(소속부없음),1995,1,0.05,1998,1998,1994,2905,5792643,18154500000,9100000
20250317,481890,엔에이치스팩31호,KOSDAQ,SPAC(소속부없음),2005,-5,-0.25,2000,2010,1980,3564,7139124,12721725000,6345000
20250317,265740,엔에프씨,KOSDAQ,중견기업부,5180,20,0.39,5170,5220,5130,15242,78671015,46266724000,8931800
20250317,354200,엔젠바이오,KOSDAQ,기술성장기업부,1653,-70,-4.06,1724,1735,1653,120925,202846923,32760367302,19818734
20250317,455900,엔젤로보틱스,KOSDAQ,기술성장기업부,28800,-50,-0.17,28850,29200,28300,167543,4819143800,431744572800,14991131
20250317,419080,엔젯,KOSDAQ,기술성장기업부,9430,210,2.28,9410,9670,9220,24671,233553400,99632448110,10565477
20250317,208860,엔지스테크널러지,KOSDAQ,투자주의환기종목(소속부없음),2205,0,0.00,0,0,0,0,0,67316270805,30528921
20250317,183490,엔지켐생명과학,KOSDAQ,기술성장기업부,1273,18,1.43,1255,1295,1237,116412,147941848,108288460426,85065562
20250317,182400,엔케이맥스,KOSDAQ,관리종목(소속부없음),2020,0,0.00,0,0,0,0,0,172748038620,85518831
20250317,348370,엔켐,KOSDAQ,벤처기업부,80900,-3100,-3.69,85800,86000,80500,336953,27530496900,1714618546400,21194296
20250317,069410,엔텔스,KOSDAQ,벤처기업부,3960,-55,-1.37,4015,4015,3920,23202,91825800,40569503040,10244824
20250317,227950,엔투텍,KOSDAQ,중견기업부,358,-13,-3.50,372,377,356,641198,232683406,37080039740,103575530
20250317,291230,엔피,KOSDAQ,중견기업부,1771,-3,-0.17,1774,1801,1770,51567,91478327,78093617525,44095775
20250317,198080,엔피디,KOSDAQ,중견기업부,2395,35,1.48,2375,2405,2360,71498,170378817,51576768075,21535185
20250317,048830,엔피케이,KOSDAQ,중견기업부,1054,4,0.38,1045,1054,1042,9672,10143402,19735014842,18723923
20250317,096870,엘디티,KOSDAQ,벤처기업부,2580,5,0.19,2575,2645,2565,2328,6009542,17230272000,6678400
20250317,290650,엘앤씨바이오,KOSDAQ,우량기업부,21500,-500,-2.27,22250,22450,20850,177181,3762436000,487725156500,22684891
20250317,156100,엘앤케이바이오,KOSDAQ,벤처기업부,6720,60,0.90,6780,6780,6640,16276,109035240,133974912960,19936743
20250317,073110,엘엠에스,KOSDAQ,벤처기업부,6010,10,0.17,5940,6090,5940,4459,26901290,53463487550,8895755
20250317,083310,엘오티베큠,KOSDAQ,우량기업부,10190,150,1.49,10100,10240,9950,90572,919517600,181484236270,17810033
20250317,037950,엘컴텍,KOSDAQ,중견기업부,1011,-13,-1.27,1033,1035,1011,265072,270361445,85376441709,84447519
20250317,489500,엘케이켐,KOSDAQ,벤처기업부,33100,900,2.80,33900,34850,31700,860767,28857823900,207803653600,6278056
20250317,170920,엘티씨,KOSDAQ,벤처기업부,10450,230,2.25,10300,10630,10160,68171,710743210,103739365400,9927212
20250317,058630,엠게임,KOSDAQ,우량기업부,4900,30,0.62,4830,4905,4830,26912,131011021,95764997300,19543877
20250317,226590,엠디바이스,KOSDAQ,기술성장기업부,11150,-960,-7.93,12200,12250,11150,2074531,24454900915,117830791600,10567784
20250317,058970,엠로,KOSDAQ,기술성장기업부,53300,-500,-0.93,53800,54700,52400,132700,7113336650,650867140300,12211391
20250317,019590,엠벤처투자,KOSDAQ,관리종목(소속부없음),921,0,0.00,0,0,0,0,0,104963185182,113966542
20250317,169330,엠브레인,KOSDAQ,중견기업부,2250,-50,-2.17,2285,2300,2250,554,1256270,41078065500,18256918
20250317,373170,엠아이큐브솔루션,KOSDAQ,벤처기업부,7820,-90,-1.14,7890,8290,7770,10411,83417220,39396612600,5037930
20250317,179290,엠아이텍,KOSDAQ,우량기업부,7690,-10,-0.13,7770,7800,7580,124049,947060660,248892063820,32365678
20250317,009780,엠에스씨,KOSDAQ,우량기업부,6060,-160,-2.57,6280,6280,5960,97203,587016370,106656000000,17600000
20250317,123040,엠에스오토텍,KOSDAQ,우량기업부,2470,-45,-1.79,2515,2535,2450,109024,270024223,170855366110,69172213
20250317,432980,엠에프씨,KOSDAQ,기술성장기업부,4165,-50,-1.19,4250,4335,4120,72053,303644950,35784605430,8591742
20250317,323230,엠에프엠코리아,KOSDAQ,관리종목(소속부없음),161,0,0.00,0,0,0,0,0,6967193212,43274492
20250317,413390,엠오티,KOSDAQ,중견기업부,10450,-500,-4.57,10850,11180,10450,2957251,32003384285,121012881000,11580180
20250317,032790,엠젠솔루션,KOSDAQ,벤처기업부,1028,17,1.68,1022,1034,1010,61252,62590337,44603093244,43388223
20250317,033160,엠케이전자,KOSDAQ,중견기업부,8250,-10,-0.12,8450,8460,8200,88514,738650140,182047230750,22066331
20250317,347890,엠투아이,KOSDAQ,벤처기업부,5480,-30,-0.54,5540,5540,5470,1225,6732290,92684357920,16913204
20250317,033310,엠투엔,KOSDAQ,중견기업부,1795,0,0.00,1818,1818,1777,9910,17703852,72414304645,40342231
20250317,259630,엠플러스,KOSDAQ,중견기업부,8030,-180,-2.19,8250,8290,7900,126269,1016662925,98627688060,12282402
20250317,105550,엣지파운드리,KOSDAQ,중견기업부,4620,215,4.88,4460,4890,4455,2403951,11328745110,293530018320,63534636
20250317,060850,영림원소프트랩,KOSDAQ,벤처기업부,5320,-30,-0.56,5350,5380,5300,10485,55897190,43256920000,8131000
20250317,143540,영우디에스피,KOSDAQ,벤처기업부,619,-14,-2.21,625,647,619,41123,25868100,27607335005,44599895
20250317,036560,영풍정밀,KOSDAQ,우량기업부,12000,-390,-3.15,12300,12430,12000,44467,538276455,189000000000,15750000
20250317,265560,영화테크,KOSDAQ,우량기업부,7440,-110,-1.46,7550,7560,7410,9489,71026830,79534939200,10690180
20250317,036000,예림당,KOSDAQ,중견기업부,2700,0,0.00,2700,2745,2655,77805,210389908,62192547900,23034277
20250317,250930,예선테크,KOSDAQ,벤처기업부,407,-8,-1.93,415,418,407,71747,29459163,13431179080,33000440
20250317,053280,예스24,KOSDAQ,우량기업부,4200,-30,-0.71,4230,4255,4185,38265,160801076,105000000000,25000000
20250317,122640,예스티,KOSDAQ,벤처기업부,12950,150,1.17,12980,13050,12600,38272,490284220,271044898600,20930108
20250317,900300,오가닉티코스메틱,KOSDAQ,외국기업(소속부없음),375,-5,-1.32,377,381,372,83507,31392958,19125834000,51002224
20250317,045060,오공,KOSDAQ,우량기업부,2560,-15,-0.58,2575,2575,2555,5387,13796690,43371453440,16941974
20250317,192410,오늘이엔엠,KOSDAQ,중견기업부,731,2,0.27,729,740,708,179098,129943248,10406172430,14235530
20250317,080520,오디텍,KOSDAQ,벤처기업부,3055,-25,-0.81,3080,3090,3040,3918,12026525,35885890495,11746609
20250317,039830,오로라,KOSDAQ,우량기업부,6940,120,1.76,6900,7220,6850,44355,311858365,74694456600,10762890
20250317,322310,오로스테크놀로지,KOSDAQ,벤처기업부,24800,300,1.22,24800,25900,24550,67303,1689245975,232290241600,9366542
20250317,046120,오르비텍,KOSDAQ,중견기업부,2370,-105,-4.24,2470,2475,2350,169602,403877918,65055281820,27449486
20250317,475830,오름테라퓨틱,KOSDAQ,기술성장기업부,28650,-1450,-4.82,29850,29950,28500,810564,23473068900,599619230700,20929118
20250317,014940,오리엔탈정공,KOSDAQ,우량기업부,5490,290,5.58,5230,5550,5160,1756848,9410899080,250199398890,45573661
20250317,065500,오리엔트정공,KOSDAQ,중견기업부,9640,1620,20.20,7890,9940,7850,23313302,216923780595,306001671680,31742912
20250317,010470,오리콤,KOSDAQ,우량기업부,7280,90,1.25,7120,7280,7120,21748,156900580,87178364000,11975050
20250317,417860,오브젠,KOSDAQ,기술성장기업부,8280,10,0.12,8300,8500,8250,1790,14905160,36685483920,4430614
20250317,352910,오비고,KOSDAQ,기술성장기업부,4925,-35,-0.71,4960,4975,4900,24164,118866902,62241174850,12637802
20250317,053980,오상자이엘,KOSDAQ,우량기업부,3365,-50,-1.46,3415,3435,3350,20008,67583750,63877064795,18982783
20250317,036220,오상헬스케어,KOSDAQ,중견기업부,14600,610,4.36,14000,14840,13990,42360,616009440,211545473600,14489416
20250317,052420,오성첨단소재,KOSDAQ,중견기업부,1421,16,1.14,1408,1428,1408,381449,540548938,128301740434,90289754
20250317,052300,오션인더블유,KOSDAQ,중견기업부,2425,20,0.83,2465,2475,2420,37000,90279530,40897971775,16865143
20250317,039200,오스코텍,KOSDAQ,벤처기업부,31050,-650,-2.05,31700,31850,30900,215358,6702901750,1187605864800,38248176
20250317,226400,오스테오닉,KOSDAQ,기술성장기업부,7390,150,2.07,7240,7400,7130,198665,1438025915,152689231390,20661601
20250317,031510,오스템,KOSDAQ,중견기업부,1125,36,3.31,1099,1125,1080,17646,19217052,31500000000,28000000
20250317,368970,오에스피,KOSDAQ,벤처기업부,2480,-5,-0.20,2515,2515,2465,10235,25337488,23178476800,9346160
20250317,138080,오이솔루션,KOSDAQ,벤처기업부,10220,60,0.59,10310,10590,10110,19316,198393135,108578250900,10624095
20250317,080580,오킨스전자,KOSDAQ,우량기업부,5950,140,2.41,5900,6420,5820,516563,3155581740,106714279350,17935173
20250317,067170,오텍,KOSDAQ,중견기업부,2975,0,0.00,2975,3005,2940,11405,33834335,45790024875,15391605
20250317,353590,오토앤,KOSDAQ,중견기업부,4050,-15,-0.37,4070,4105,4035,7087,28805278,52146058500,12875570
20250317,173130,오파스넷,KOSDAQ,우량기업부,8410,160,1.94,8240,8430,8110,160790,1329507070,109720837930,13046473
20250317,440320,오픈놀,KOSDAQ,기술성장기업부,8190,30,0.37,8180,8400,8000,101511,825180500,80302950000,9805000
20250317,049480,오픈베이스,KOSDAQ,우량기업부,2365,-5,-0.21,2370,2410,2320,97712,230817861,74313935795,31422383
20250317,394280,오픈엣지테크놀로지,KOSDAQ,기술성장기업부,14590,500,3.55,14700,14760,14370,187082,2729527890,319340186130,21887607
20250317,309930,오하임앤컴퍼니,KOSDAQ,중견기업부,1954,54,2.84,1895,2000,1888,66948,130301309,41602594460,21290990
20250317,476060,온코닉테라퓨틱스,KOSDAQ,기술성장기업부,13880,-10,-0.07,14310,14530,13760,165868,2338866520,151041604800,10881960
20250317,382150,온코크로스,KOSDAQ,기술성장기업부,10340,-160,-1.52,10770,10800,10170,448764,4638723660,122859228580,11881937
20250317,244460,올리패스,KOSDAQ,관리종목(소속부없음),2135,-65,-2.95,2165,2370,2035,85127,180075860,10041398185,4703231
20250317,226950,올릭스,KOSDAQ,기술성장기업부,47650,-2050,-4.12,49900,50500,46150,948013,45075156475,887624914750,18628015
20250317,057540,옴니시스템,KOSDAQ,중견기업부,766,-10,-1.29,777,780,763,274405,210568198,47070205930,61449355
20250317,131030,옵투스제약,KOSDAQ,우량기업부,6740,80,1.20,6660,6780,6610,38747,259821730,108872311880,16153162
20250317,082210,옵트론텍,KOSDAQ,중견기업부,1550,-19,-1.21,1570,1580,1505,50432,78484768,51448179700,33192374
20250317,109080,옵티시스,KOSDAQ,벤처기업부,8850,110,1.26,8850,8850,8720,13007,114534190,49878600000,5636000
20250317,380540,옵티코어,KOSDAQ,벤처기업부,1376,118,9.38,1309,1391,1264,807010,1087591605,41141844096,29899596
20250317,153710,옵티팜,KOSDAQ,기술성장기업부,5520,20,0.36,5540,5610,5470,5748,31651280,80978168160,14669958
20250317,432430,와이랩,KOSDAQ,기술성장기업부,6000,50,0.84,6000,6040,5920,73333,437879055,98641920000,16440320
20250317,338840,와이바이오로직스,KOSDAQ,기술성장기업부,7110,80,1.14,7100,7130,6900,67891,474737825,105103688760,14782516
20250317,122990,와이솔,KOSDAQ,우량기업부,6570,80,1.23,6540,6630,6480,97722,640404410,181801971810,27671533
20250317,232140,와이씨,KOSDAQ,우량기업부,11460,1120,10.83,10600,12020,10520,6506107,74991075365,940239711000,82045350
20250317,112290,와이씨켐,KOSDAQ,기술성장기업부,25150,-150,-0.59,25500,26200,25100,369595,9413362725,254280206750,10110545
20250317,065530,와이어블,KOSDAQ,중견기업부,1295,-15,-1.15,1310,1320,1291,47910,62197868,68453700000,52860000
20250317,067900,와이엔텍,KOSDAQ,우량기업부,6250,-20,-0.32,6280,6330,6240,11235,70712035,113747868750,18199659
20250317,007530,와이엠,KOSDAQ,중견기업부,2355,135,6.08,2185,2380,2185,32779,74875525,52408714005,22254231
20250317,155650,와이엠씨,KOSDAQ,우량기업부,3390,-60,-1.74,3480,3485,3365,18224,61837760,66018073620,19474358
20250317,273640,와이엠텍,KOSDAQ,벤처기업부,10950,140,1.30,10780,10970,10710,11055,119999850,120077700000,10966000
20250317,251370,와이엠티,KOSDAQ,벤처기업부,10820,30,0.28,10900,11060,10620,118620,1291261980,176522500480,16314464
20250317,066430,와이오엠,KOSDAQ,투자주의환기종목(소속부없음),659,40,6.46,625,665,625,603779,391897920,25802140684,39153476
20250317,209640,와이제이링크,KOSDAQ,벤처기업부,8890,90,1.02,8800,8930,8710,72280,635079530,126429783970,14221573
20250317,096250,와이즈넛,KOSDAQ,기술성장기업부,11610,210,1.84,11590,11850,11400,46985,544349185,151691755320,13065612
20250317,273060,와이즈버즈,KOSDAQ,중견기업부,752,-4,-0.53,755,760,745,314381,245482469,37945605664,50459582
20250317,019210,와이지-원,KOSDAQ,우량기업부,5610,290,5.45,5330,5620,5300,370883,2039687215,188349124590,33573819
20250317,122870,와이지엔터테인먼트,KOSDAQ,우량기업부,62600,1300,2.12,61100,62700,60600,216836,13416682350,1170059667400,18691049
20250317,332570,와이팜,KOSDAQ,벤처기업부,3890,-70,-1.77,3975,4040,3870,713691,2800507760,171845884800,44176320
20250317,079000,와토스코리아,KOSDAQ,중견기업부,5320,40,0.76,5300,5340,5280,3531,18703770,38304000000,7200000
20250317,403490,우듬지팜,KOSDAQ,벤처기업부,1468,-6,-0.41,1462,1486,1462,525007,773279090,66371897152,45212464
20250317,032820,우리기술,KOSDAQ,우량기업부,1977,-33,-1.64,2020,2025,1972,2842003,5650480440,325567283064,164677432
20250317,041190,우리기술투자,KOSDAQ,우량기업부,6250,-40,-0.64,6300,6340,6240,264917,1660516515,525000000000,84000000
20250317,115440,우리넷,KOSDAQ,벤처기업부,7160,50,0.70,7380,7500,7150,173692,1262932190,77287130720,10794292
20250317,046970,우리로,KOSDAQ,벤처기업부,1322,-10,-0.75,1387,1389,1321,700273,943915546,57936648678,43824999
20250317,082850,우리바이오,KOSDAQ,우량기업부,2515,30,1.21,2505,2535,2475,375028,941436654,121868293670,48456578
20250317,215360,우리산업,KOSDAQ,벤처기업부,9890,140,1.44,9750,9960,9750,7597,74928840,90317092070,9132163
20250317,072470,우리산업홀딩스,KOSDAQ,중견기업부,2425,-30,-1.22,2465,2480,2380,16787,40342800,45801801925,18887341
20250317,073560,우리손에프앤지,KOSDAQ,우량기업부,1334,11,0.83,1327,1334,1320,108479,143888837,92363015762,69237643
20250317,037400,우리엔터프라이즈,KOSDAQ,우량기업부,1099,2,0.18,1097,1102,1093,27014,29672518,28819457254,26223346
20250317,153490,우리이앤엘,KOSDAQ,우량기업부,709,-2,-0.28,707,715,707,11640,8283064,36499320000,51480000
20250317,101170,우림피티에스,KOSDAQ,우량기업부,5570,-110,-1.94,5670,5720,5490,151873,843735295,75195000000,13500000
20250317,066590,우수AMS,KOSDAQ,중견기업부,3015,0,0.00,3005,3020,3000,56482,169995766,117805408560,39073104
20250317,103840,우양,KOSDAQ,중견기업부,2885,-10,-0.35,2900,2930,2870,42740,123476995,47217144780,16366428
20250317,046940,우원개발,KOSDAQ,중견기업부,2730,10,0.37,2715,2760,2660,105457,285237332,49342975500,18074350
20250317,215380,우정바이오,KOSDAQ,벤처기업부,1492,-48,-3.12,1556,1556,1488,33012,50095813,25109727392,16829576
20250317,065680,우주일렉트로,KOSDAQ,우량기업부,27850,-450,-1.59,28200,28400,27000,43903,1214609150,265410500000,9530000
20250317,018620,우진비앤지,KOSDAQ,중견기업부,894,9,1.02,890,907,887,38660,34524354,25827027942,28889293
20250317,457550,우진엔텍,KOSDAQ,중견기업부,17900,-750,-4.02,18670,18800,17750,121886,2193573280,165956968100,9271339
20250317,396470,워트,KOSDAQ,중견기업부,9350,410,4.59,9030,9410,9030,521793,4853141425,150722000000,16120000
20250317,307280,원바이오젠,KOSDAQ,벤처기업부,1102,-22,-1.96,1133,1133,1050,160427,176581954,40728832326,36959013
20250317,032940,원익,KOSDAQ,우량기업부,3910,-10,-0.26,3925,3980,3870,71481,279075177,71135529300,18193230
20250317,240810,원익IPS,KOSDAQ,우량기업부,26100,100,0.38,26300,26800,26050,253192,6665082675,1281089816100,49083901
20250317,074600,원익QnC,KOSDAQ,우량기업부,20750,450,2.22,21100,21250,20500,374587,7832460625,545476000000,26288000
20250317,104830,원익머트리얼즈,KOSDAQ,우량기업부,21650,450,2.12,21550,22100,21000,187395,4044229300,272963200000,12608000
20250317,014190,원익큐브,KOSDAQ,우량기업부,1665,4,0.24,1647,1685,1647,177718,296572916,58940843490,35399906
20250317,217820,원익피앤이,KOSDAQ,우량기업부,2400,25,1.05,2375,2415,2340,35577,84563706,113890941600,47454559
20250317,030530,원익홀딩스,KOSDAQ,우량기업부,4815,10,0.21,4820,4955,4645,5332728,25593671195,371900878515,77237981
20250317,012620,원일특강,KOSDAQ,우량기업부,7150,-20,-0.28,7170,7170,7100,1683,11997870,31460000000,4400000
20250317,382840,원준,KOSDAQ,중견기업부,10570,-50,-0.47,10640,10850,10520,91408,973934640,161420611170,15271581
20250317,336570,원텍,KOSDAQ,기술성장기업부,6530,-30,-0.46,6700,6780,6530,1329468,8858221750,583394242070,89340619
20250317,376980,원티드랩,KOSDAQ,기술성장기업부,6480,150,2.37,6330,6490,6210,49564,315833780,63212361120,9754994
20250317,008370,원풍,KOSDAQ,우량기업부,4025,-10,-0.25,4070,4070,4025,4306,17371895,48300000000,12000000
20250317,008290,원풍물산,KOSDAQ,중견기업부,451,-2,-0.44,469,469,447,129762,58593717,18352849229,40693679
20250317,101160,월덱스,KOSDAQ,우량기업부,19350,130,0.68,19220,19750,19060,207172,4003053690,319487714550,16510993
20250317,336060,웨이버스,KOSDAQ,벤처기업부,1320,40,3.13,1280,1333,1259,1084949,1415614336,63564864000,48155200
20250317,095270,웨이브일렉트로,KOSDAQ,벤처기업부,4610,275,6.34,4390,4800,4335,37039,169906814,69017490160,14971256
20250317,289930,웨이비스,KOSDAQ,기술성장기업부,9020,120,1.35,9090,9100,8660,96955,859938440,112926728860,12519593
20250317,065950,웰크론,KOSDAQ,중견기업부,2115,-10,-0.47,2125,2190,2095,93285,197551820,59709203730,28231302
20250317,076080,웰크론한텍,KOSDAQ,중견기업부,1293,34,2.70,1259,1295,1223,71938,91877630,29214243708,22594156
20250317,043590,웰킵스하이텍,KOSDAQ,중견기업부,702,-9,-1.27,710,721,697,39635,27925129,19050006924,27136762
20250317,196700,웹스,KOSDAQ,중견기업부,1140,0,0.00,1140,1150,1137,9276,10600312,16375124160,14364144
20250317,069080,웹젠,KOSDAQ,우량기업부,12610,-90,-0.71,12650,12850,12570,48293,611527100,440730647240,34950884
20250317,053580,웹케시,KOSDAQ,우량기업부,10360,370,3.70,9860,10450,9860,129449,1326678100,141271529280,13636248
20250317,479960,위너스,KOSDAQ,중견기업부,19480,-30,-0.15,19930,21400,19280,1930223,39024733810,133457480000,6851000
20250317,071460,위니아,KOSDAQ,관리종목(소속부없음),613,0,0.00,0,0,0,0,0,22047951835,35967295
20250317,377460,위니아에이드,KOSDAQ,투자주의환기종목(소속부없음),1691,0,0.00,0,0,0,0,0,26030247855,15393405
20250317,044340,위닉스,KOSDAQ,우량기업부,6000,90,1.52,5990,6090,5910,53960,325582000,107240550000,17873425
20250317,330350,위더스제약,KOSDAQ,우량기업부,6260,-30,-0.48,6250,6310,6250,5052,31658550,82645390140,13202139
20250317,348350,위드텍,KOSDAQ,우량기업부,7310,20,0.27,7300,7340,7260,7037,51422450,74442116000,10183600
20250317,112040,위메이드,KOSDAQ,중견기업부,31000,-150,-0.48,31850,32150,30950,263507,8254245350,1052402973000,33948483
20250317,101730,위메이드맥스,KOSDAQ,우량기업부,7750,-170,-2.15,8000,8110,7750,77400,610609790,642751024000,82935616
20250317,123420,위메이드플레이,KOSDAQ,우량기업부,6870,0,0.00,7000,7130,6870,25842,180082360,78797814540,11469842
20250317,065370,위세아이텍,KOSDAQ,벤처기업부,8390,-240,-2.78,8500,8660,8210,280555,2358936960,61951374060,7383954
20250317,038620,위즈코프,KOSDAQ,벤처기업부,773,23,3.07,750,780,738,315456,240961008,55507505927,71807899
20250317,299900,위지윅스튜디오,KOSDAQ,우량기업부,1235,-5,-0.40,1246,1246,1230,373759,461454878,211245371740,171048884
20250317,036090,위지트,KOSDAQ,중견기업부,711,-14,-1.93,747,747,711,998989,721226028,84176913924,118392284
20250317,459100,위츠,KOSDAQ,중견기업부,7800,-10,-0.13,7910,7960,7760,96074,751099425,98061600000,12572000
20250317,136540,윈스,KOSDAQ,우량기업부,11040,40,0.36,11000,11100,10940,6086,67054310,135568395840,12279746
20250317,097800,윈팩,KOSDAQ,중견기업부,691,19,2.83,680,699,675,512949,353830094,80467108239,116450229
20250317,192390,윈하이텍,KOSDAQ,벤처기업부,3715,50,1.36,3695,3770,3625,90370,332618729,40984730735,11032229
20250317,335870,윙스풋,KOSDAQ,중견기업부,2190,-20,-0.90,2205,2350,2190,50826,114121365,36532314180,16681422
20250317,900340,윙입푸드,KOSDAQ,외국기업(소속부없음),1675,12,0.72,1665,1687,1649,156316,260032040,84304304400,50330928
20250317,036200,유니셈,KOSDAQ,우량기업부,7080,200,2.91,6920,7130,6910,266774,1883997305,217102698840,30664223
20250317,018000,유니슨,KOSDAQ,중견기업부,804,18,2.29,786,805,784,254879,202673593,135386817456,168391564
20250317,203450,유니온커뮤니티,KOSDAQ,중견기업부,2840,-30,-1.05,2895,2895,2800,14138,39868715,39984379880,14079007
20250317,011320,유니크,KOSDAQ,우량기업부,3505,5,0.14,3515,3515,3475,17662,61549522,67719035975,19320695
20250317,086390,유니테스트,KOSDAQ,중견기업부,12030,320,2.73,11730,12120,11730,80934,970954240,254243535780,21134126
20250317,241690,유니테크노,KOSDAQ,우량기업부,3140,-105,-3.24,3315,3315,3120,378303,1204933862,76838016840,24470706
20250317,142210,유니트론텍,KOSDAQ,우량기업부,6130,440,7.73,5900,6150,5680,611697,3647265935,117978543960,19246092
20250317,389680,유디엠텍,KOSDAQ,기술성장기업부,671,-13,-1.90,682,690,657,413175,275898361,26848588129,40012799
20250317,088340,유라클,KOSDAQ,벤처기업부,10480,140,1.35,10350,10490,10240,29188,302597065,45379112640,4330068
20250317,048430,유라테크,KOSDAQ,우량기업부,9550,170,1.81,9300,9660,9190,182018,1723835475,110016000000,11520000
20250317,206650,유바이오로직스,KOSDAQ,기술성장기업부,11520,-340,-2.87,11940,11940,11380,284966,3299949765,420875216640,36534307
20250317,089850,유비벨록스,KOSDAQ,우량기업부,6320,-30,-0.47,6350,6380,6280,12913,81720800,93094857680,14730199
20250317,084440,유비온,KOSDAQ,기술성장기업부,1116,49,4.59,1078,1116,1055,54374,59615657,21999484800,19712800
20250317,032620,유비케어,KOSDAQ,우량기업부,3410,5,0.15,3395,3435,3395,64107,219057606,177992243990,52197139
20250317,264450,유비쿼스,KOSDAQ,우량기업부,7230,40,0.56,7130,7250,7130,12629,91618700,107859909090,14918383
20250317,078070,유비쿼스홀딩스,KOSDAQ,우량기업부,9770,-240,-2.40,9930,10020,9770,8125,80325840,177332339000,18150700
20250317,024800,유성티엔에스,KOSDAQ,우량기업부,1869,7,0.38,1862,1876,1861,9824,18313197,69249836628,37051812
20250317,054930,유신,KOSDAQ,우량기업부,22350,0,0.00,22550,22850,22100,7313,163006300,67050000000,3000000
20250317,069330,유아이디,KOSDAQ,벤처기업부,1305,-8,-0.61,1313,1319,1285,20910,27114574,18519373755,14191091
20250317,049520,유아이엘,KOSDAQ,중견기업부,4490,-125,-2.71,4495,4555,4275,125931,557102265,97814362640,21784936
20250317,435380,유안타제10호스팩,KOSDAQ,SPAC(소속부없음),2110,0,0.00,2110,2115,2110,3991,8421085,12090300000,5730000
20250317,444920,유안타제11호스팩,KOSDAQ,SPAC(소속부없음),2030,-5,-0.25,2030,2035,2025,22965,46614135,10637200000,5240000
20250317,446150,유안타제12호스팩,KOSDAQ,SPAC(소속부없음),2185,10,0.46,2170,2185,2160,3175,6885585,10422450000,4770000
20250317,449020,유안타제13호스팩,KOSDAQ,SPAC(소속부없음),2050,0,0.00,2060,2060,2050,6067,12437524,19946500000,9730000
20250317,450940,유안타제14호스팩,KOSDAQ,SPAC(소속부없음),2040,10,0.49,2030,2085,2030,13586,27579795,9261600000,4540000
20250317,473050,유안타제15호스팩,KOSDAQ,SPAC(소속부없음),1999,0,0.00,1999,1999,1992,3260,6496855,14012990000,7010000
20250317,474490,유안타제16호스팩,KOSDAQ,SPAC(소속부없음),2005,0,0.00,2005,2005,1991,4373,8721473,11047550000,5510000
20250317,493790,유안타제17호스팩,KOSDAQ,SPAC(소속부없음),1987,0,0.00,1988,1988,1983,48524,96288848,10550970000,5310000
20250317,263770,유에스티,KOSDAQ,우량기업부,2115,-25,-1.17,2140,2165,2115,15320,32796420,50125863780,23700172
20250317,388720,유일로보틱스,KOSDAQ,벤처기업부,65200,-2300,-3.41,68500,68800,64500,250010,16610787900,748693295200,11483026
20250317,340930,유일에너테크,KOSDAQ,벤처기업부,2170,-20,-0.91,2230,2275,2105,468137,1021865716,74223656500,34204450
20250317,023410,유진기업,KOSDAQ,우량기업부,3345,10,0.30,3345,3385,3325,98651,330344066,258604836735,77310863
20250317,056080,유진로봇,KOSDAQ,중견기업부,8470,90,1.07,8400,8550,8330,656279,5533905545,317727927440,37512152
20250317,468760,유진스팩10호,KOSDAQ,SPAC(소속부없음),2090,-5,-0.24,2080,2090,2070,2070,4303050,8861600000,4240000
20250317,488060,유진스팩11호,KOSDAQ,SPAC(소속부없음),2015,0,0.00,2005,2015,2005,1035,2078535,9510800000,4720000
20250317,442130,유진스팩9호,KOSDAQ,SPAC(소속부없음),2120,0,0.00,2115,2125,2110,1872,3958150,7335200000,3460000
20250317,084370,유진테크,KOSDAQ,우량기업부,42950,100,0.23,44350,44350,42800,135612,5915413975,984244003900,22916042
20250317,240600,유진테크놀로지,KOSDAQ,중견기업부,5090,-110,-2.12,5150,5200,5030,78319,398875455,35264288590,6928151
20250317,221800,유투바이오,KOSDAQ,기술성장기업부,3245,5,0.15,3260,3265,3200,286468,926417905,36626951020,11287196
20250317,179900,유티아이,KOSDAQ,벤처기업부,23900,-650,-2.65,24550,24550,23700,125505,3020755300,429067833100,17952629
20250317,263050,유틸렉스,KOSDAQ,기술성장기업부,1755,-45,-2.50,1781,1822,1754,72492,128323487,64645172280,36834856
20250317,191410,육일씨엔에쓰,KOSDAQ,중견기업부,1519,-4,-0.26,1523,1523,1519,2560,3896663,17019263345,11204255
20250317,372170,윤성에프앤씨,KOSDAQ,기술성장기업부,37500,100,0.27,37700,38000,37250,12491,469740400,299214300000,7979048
20250317,146060,율촌,KOSDAQ,중견기업부,1366,10,0.74,1356,1372,1332,40297,54879761,32805302770,24015595
20250317,072770,율호,KOSDAQ,중견기업부,1870,4,0.21,1850,1870,1712,1219340,2200465939,131345516280,70238244
20250317,039020,이건홀딩스,KOSDAQ,중견기업부,3620,105,2.99,3515,3630,3510,47327,169445290,81756646580,22584709
20250317,067920,이글루,KOSDAQ,우량기업부,5320,0,0.00,5300,5320,5260,12224,64592940,58499353080,10996119
20250317,044960,이글벳,KOSDAQ,중견기업부,4580,110,2.46,4710,4715,4535,388232,1786175254,57899824140,12641883
20250317,303530,이노뎁,KOSDAQ,벤처기업부,6900,-50,-0.72,6950,6950,6880,11429,79044320,50641163100,7339299
20250317,296640,이노룰스,KOSDAQ,벤처기업부,6240,40,0.65,6200,6240,6140,5907,36547865,32312292480,5178252
20250317,302430,이노메트리,KOSDAQ,우량기업부,9410,-390,-3.98,9940,10160,9320,223918,2185145075,92530487280,9833208
20250317,462350,이노스페이스,KOSDAQ,기술성장기업부,20450,350,1.74,20350,21100,20200,101790,2094607425,191732942300,9375694
20250317,274400,이노시뮬레이션,KOSDAQ,기술성장기업부,4760,-70,-1.45,4980,4980,4710,31878,152536635,37222371760,7819826
20250317,073490,이노와이어리스,KOSDAQ,우량기업부,20400,200,0.99,20200,20650,20200,14938,304866675,155118458400,7603846
20250317,215790,이노인스트루먼트,KOSDAQ,벤처기업부,450,-3,-0.66,453,461,440,121984,54799477,18127417050,40283149
20250317,344860,이노진,KOSDAQ,기술성장기업부,1646,-20,-1.20,1650,1697,1612,45326,75099979,19801380000,12030000
20250317,088390,이녹스,KOSDAQ,우량기업부,8050,0,0.00,8050,8200,7700,3875,30889690,75556044200,9385844
20250317,272290,이녹스첨단소재,KOSDAQ,우량기업부,24950,-350,-1.38,25600,25750,24800,142461,3595475350,504680067100,20227658
20250317,053350,이니텍,KOSDAQ,중견기업부,6370,70,1.11,6110,6560,6000,123875,782658375,126068134920,19790916
20250317,452400,이닉스,KOSDAQ,벤처기업부,9330,-160,-1.69,9510,9530,9300,24307,229266060,84636423240,9071428
20250317,264850,이랜시스,KOSDAQ,우량기업부,4955,-10,-0.20,4995,5000,4915,107875,534818087,150109802460,30294612
20250317,054210,이랜텍,KOSDAQ,우량기업부,5060,-80,-1.56,5130,5170,5050,49840,253950490,127973522600,25291210
20250317,009730,이렘,KOSDAQ,중견기업부,1129,-1,-0.09,1130,1141,1116,298186,334828342,68802343840,60940960
20250317,065440,이루온,KOSDAQ,벤처기업부,1578,13,0.83,1565,1587,1540,88319,138375125,43039981560,27275020
20250317,115610,이미지스,KOSDAQ,벤처기업부,1862,-40,-2.10,1925,1925,1811,117994,219454471,31002771086,16650253
20250317,478110,이베스트스팩6호,KOSDAQ,SPAC(소속부없음),2020,0,0.00,2020,2020,2010,500,1009400,10140400000,5020000
20250317,131400,이브이첨단소재,KOSDAQ,벤처기업부,1865,18,0.97,1865,1925,1845,279489,525903806,111135129930,59589882
20250317,351330,이삭엔지니어링,KOSDAQ,벤처기업부,7500,-130,-1.70,7640,7700,7450,39158,294986705,62163900000,8288520
20250317,080010,이상네트웍스,KOSDAQ,우량기업부,5250,-30,-0.57,5330,5330,5250,5265,27764800,51634122750,9835071
20250317,086890,이수앱지스,KOSDAQ,기술성장기업부,5420,70,1.31,5360,5500,5330,183462,995294910,194787336660,35938623
20250317,047560,이스트소프트,KOSDAQ,벤처기업부,18820,-110,-0.58,19120,19140,18660,140844,2647060920,218644022440,11617642
20250317,900110,이스트아시아홀딩스,KOSDAQ,외국기업(소속부없음),48,0,0.00,48,49,47,1675851,79957239,26047228224,542650588
20250317,239340,이스트에이드,KOSDAQ,중견기업부,1501,-17,-1.12,1540,1540,1493,28236,42540726,40496430634,26979634
20250317,067010,이씨에스,KOSDAQ,벤처기업부,2880,-60,-2.04,2960,2960,2850,46680,135076230,35406720000,12294000
20250317,418620,이에이트,KOSDAQ,기술성장기업부,3685,-65,-1.73,3755,3950,3630,101543,382566380,35562007745,9650477
20250317,456070,이엔셀,KOSDAQ,기술성장기업부,16820,-80,-0.47,16960,17120,16620,165170,2784947940,181137557140,10769177
20250317,102710,이엔에프테크놀로지,KOSDAQ,우량기업부,24700,-400,-1.59,25150,25450,24450,176414,4379008750,352909549200,14287836
20250317,041520,이엘씨,KOSDAQ,중견기업부,6340,170,2.76,6170,6710,6170,25564,164597535,77276548200,12188730
20250317,063760,이엘피,KOSDAQ,벤처기업부,2015,29,1.46,1986,2040,1986,8870,17774513,18790136950,9325130
20250317,123570,이엠넷,KOSDAQ,중견기업부,2425,-5,-0.21,2420,2455,2415,13773,33518705,54019489150,22276078
20250317,083470,이엠앤아이,KOSDAQ,중견기업부,1240,-10,-0.80,1240,1260,1225,3488,4322785,26462007960,21340329
20250317,095190,이엠코리아,KOSDAQ,중견기업부,2235,-25,-1.11,2280,2280,2220,116339,261509962,145857132570,65260462
20250317,091120,이엠텍,KOSDAQ,우량기업부,16780,350,2.13,16650,17160,16210,165487,2781342130,287490666080,17132936
20250317,039030,이오테크닉스,KOSDAQ,우량기업부,143100,7700,5.69,138500,146900,138000,237164,34224908250,1762927605000,12319550
20250317,294090,이오플로우,KOSDAQ,기술성장기업부,1600,-173,-9.76,1749,1915,1600,3442648,5891652076,54886992000,34304370
20250317,088290,이원컴포텍,KOSDAQ,중견기업부,1297,-83,-6.01,1369,1389,1279,145892,193692545,40637174693,31331669
20250317,353810,이지바이오,KOSDAQ,우량기업부,4555,-245,-5.10,4660,4660,4445,860915,3884384787,155743284600,34191720
20250317,099750,이지케어텍,KOSDAQ,벤처기업부,18010,-20,-0.11,18000,18230,18000,6560,118632055,123094315760,6834776
20250317,377330,이지트로닉스,KOSDAQ,기술성장기업부,5300,0,0.00,5250,5430,5160,32285,170244690,43141756200,8139954
20250317,035810,이지홀딩스,KOSDAQ,우량기업부,2930,155,5.59,2825,2940,2800,948743,2744045535,190877325850,65145845
20250317,092130,이크레더블,KOSDAQ,중견기업부,13330,80,0.60,13250,13390,13220,4327,57510725,160541188000,12043600
20250317,096040,이트론,KOSDAQ,투자주의환기종목(소속부없음),271,0,0.00,0,0,0,0,0,245561580945,906131295
20250317,134060,이퓨쳐,KOSDAQ,벤처기업부,3975,10,0.25,3990,4110,3960,4318,17296460,18957768750,4769250
20250317,001840,이화공영,KOSDAQ,중견기업부,1861,8,0.43,1857,1925,1846,41336,77213148,41469846596,22283636
20250317,024810,이화전기,KOSDAQ,관리종목(소속부없음),899,0,0.00,0,0,0,0,0,196834827360,218948640
20250317,041830,인바디,KOSDAQ,우량기업부,22950,-350,-1.50,23250,23500,22750,32373,742415225,314042796900,13683782
20250317,352940,인바이오,KOSDAQ,벤처기업부,2225,-10,-0.45,2210,2300,2200,7744,17159965,24180699250,10867730
20250317,079950,인베니아,KOSDAQ,중견기업부,658,-13,-1.94,671,690,658,39714,26711047,15265600000,23200000
20250317,389470,인벤티지랩,KOSDAQ,기술성장기업부,14260,180,1.28,14000,14270,13800,54607,764572460,143242769500,10045075
20250317,277410,인산가,KOSDAQ,벤처기업부,1260,4,0.32,1256,1264,1250,13758,17335036,48329554140,38356789
20250317,060150,인선이엔티,KOSDAQ,우량기업부,4995,0,0.00,4995,5100,4990,30050,150639260,232585241940,46563612
20250317,033230,인성정보,KOSDAQ,중견기업부,1680,-16,-0.94,1700,1714,1669,247236,416941364,84865838400,50515380
20250317,450520,인스웨이브시스템즈,KOSDAQ,벤처기업부,4130,-20,-0.48,4210,4245,4110,57564,238955550,60729907140,14704578
20250317,465480,인스피언,KOSDAQ,벤처기업부,7770,-140,-1.77,7910,7910,7660,30915,240169175,78770488440,10137772
20250317,037330,인지디스플레,KOSDAQ,우량기업부,1354,1,0.07,1356,1357,1343,3337,4510216,59420593296,43885224
20250317,100030,인지소프트,KOSDAQ,중견기업부,16000,0,0.00,15860,16000,15650,1094,17315270,52539424000,3283714
20250317,211050,인카금융서비스,KOSDAQ,기술성장기업부,6140,150,2.50,6040,6160,6000,202593,1235201200,315471972000,51379800
20250317,083640,인콘,KOSDAQ,벤처기업부,260,-2,-0.76,264,265,253,406707,105723140,20207291260,77720351
20250317,064090,인크레더블버즈,KOSDAQ,중견기업부,2965,300,11.26,2625,2990,2625,325609,906542091,147487238925,49742745
20250317,216050,인크로스,KOSDAQ,우량기업부,7400,90,1.23,7310,7430,7240,33375,244729260,95039842800,12843222
20250317,049070,인탑스,KOSDAQ,우량기업부,17910,60,0.34,17930,18060,17760,47550,852172310,308052000000,17200000
20250317,119610,인터로조,KOSDAQ,관리종목(소속부없음),24900,0,0.00,0,0,0,0,0,329090302200,13216478
20250317,017250,인터엠,KOSDAQ,중견기업부,1139,21,1.88,1118,1147,1118,39922,45165294,23970786913,21045467
20250317,051370,인터플렉스,KOSDAQ,우량기업부,9390,30,0.32,9450,9520,9340,61686,581273510,219044962080,23327472
20250317,064290,인텍플러스,KOSDAQ,우량기업부,11400,-150,-1.30,11650,11880,11350,153371,1779329955,146649166800,12863962
20250317,189300,인텔리안테크,KOSDAQ,우량기업부,41500,-200,-0.48,42000,42050,40950,76788,3185030500,445433361000,10733334
20250317,150840,인트로메딕,KOSDAQ,관리종목(소속부없음),5850,0,0.00,0,0,0,0,0,251537720850,42997901
20250317,048530,인트론바이오,KOSDAQ,기술성장기업부,4045,-45,-1.10,4065,4120,3995,90404,365544380,138139832290,34150762
20250317,115310,인포바인,KOSDAQ,벤처기업부,35800,150,0.42,35650,36650,35600,46125,1662050825,114305211400,3192883
20250317,039290,인포뱅크,KOSDAQ,우량기업부,6500,-20,-0.31,6520,6650,6460,13928,90706715,56510857000,8693978
20250317,071200,인피니트헬스케어,KOSDAQ,우량기업부,5320,30,0.57,5290,5330,5170,350994,1837170145,129789156560,24396458
20250317,101930,인화정공,KOSDAQ,중견기업부,33800,3100,10.10,31000,34900,30650,52786,1757614075,325011775400,9615733
20250317,333430,일승,KOSDAQ,중견기업부,4935,35,0.71,4865,4990,4785,737354,3628283859,151636496445,30726747
20250317,068330,일신바이오,KOSDAQ,중견기업부,1015,-9,-0.88,1024,1024,1009,43362,43947646,44879382100,44216140
20250317,178780,일월지엠엘,KOSDAQ,관리종목(소속부없음),3200,135,4.40,3095,3300,3065,111537,356152250,55517424000,17349195
20250317,019540,일지테크,KOSDAQ,우량기업부,3850,5,0.13,3845,3900,3820,40397,156078568,52026975000,13513500
20250317,094820,일진파워,KOSDAQ,우량기업부,9100,-70,-0.76,9220,9320,9030,48508,441585395,137216251900,15078709
20250317,950140,잉글우드랩,KOSDAQ,외국기업(소속부없음),8130,270,3.44,7860,8140,7800,141552,1135552930,161525750580,19867866
20250317,049550,잉크테크,KOSDAQ,우량기업부,3725,-10,-0.27,3830,3830,3685,1367,5094490,73033381825,19606277
20250317,389020,자람테크놀로지,KOSDAQ,기술성장기업부,40550,-350,-0.86,41450,42000,40500,57892,2380170325,251317951500,6197730
20250317,254120,자비스,KOSDAQ,기술성장기업부,1549,-8,-0.51,1481,1574,1480,77299,118877696,47638364230,30754270
20250317,043910,자연과환경,KOSDAQ,벤처기업부,560,-4,-0.71,564,564,555,365026,203691505,63499215920,113391457
20250317,234920,자이글,KOSDAQ,벤처기업부,3370,-20,-0.59,3390,3440,3305,9074,30360320,45599166700,13530910
20250317,289220,자이언트스텝,KOSDAQ,기술성장기업부,5960,-40,-0.67,6010,6050,5830,56824,335176470,132980837160,22312221
20250317,174880,장원테크,KOSDAQ,관리종목(소속부없음),2650,0,0.00,0,0,0,0,0,11610352250,4381265
20250317,049630,재영솔루텍,KOSDAQ,중견기업부,702,-12,-1.68,706,716,700,379556,268421846,58735291914,83668507
20250317,417840,저스템,KOSDAQ,벤처기업부,8720,120,1.40,8700,8830,8500,35127,306131055,63212806000,7249175
20250317,110020,전진바이오팜,KOSDAQ,기술성장기업부,2665,-15,-0.56,2675,2715,2655,16951,45224384,24141600730,9058762
20250317,208140,정다운,KOSDAQ,우량기업부,2535,5,0.20,2540,2545,2525,127867,324132670,82854563610,32684246
20250317,040420,정상제이엘에스,KOSDAQ,우량기업부,5610,-20,-0.36,5630,5660,5590,14893,83502500,87951066720,15677552
20250317,045510,정원엔시스,KOSDAQ,중견기업부,787,-6,-0.76,793,804,781,28728,22685491,25348712804,32209292
20250317,217190,제너셈,KOSDAQ,우량기업부,8500,140,1.67,8400,8600,8370,82878,703868850,74537979000,8769174
20250317,095700,제넥신,KOSDAQ,기술성장기업부,4080,15,0.37,4065,4095,4020,53753,217978354,185805215520,45540494
20250317,072520,제넨바이오,KOSDAQ,관리종목(소속부없음),389,0,0.00,0,0,0,0,0,28849482466,74163194
20250317,122310,제노레이,KOSDAQ,우량기업부,5780,40,0.70,5760,5780,5690,6204,35535210,84121218320,14553844
20250317,361390,제노코,KOSDAQ,우량기업부,19480,380,1.99,19200,19810,18880,201991,3921574215,146115369720,7500789
20250317,225220,제놀루션,KOSDAQ,벤처기업부,2330,0,0.00,2305,2355,2240,21793,49757520,44712748930,19190021
20250317,123330,제닉,KOSDAQ,벤처기업부,23850,-200,-0.83,23700,24700,23550,45287,1079504400,190053018000,7968680
20250317,381620,제닉스,KOSDAQ,중견기업부,10250,20,0.20,10380,10420,10040,122605,1257979845,134458680000,13117920
20250317,159580,제로투세븐,KOSDAQ,중견기업부,5810,130,2.29,5700,5840,5650,82401,475051895,116389615160,20032636
20250317,147830,제룡산업,KOSDAQ,벤처기업부,5970,10,0.17,5990,6020,5930,96790,578183700,119400000000,20000000
20250317,033100,제룡전기,KOSDAQ,우량기업부,38800,550,1.44,38500,39100,37950,159142,6167414450,623221469200,16062409
20250317,079370,제우스,KOSDAQ,우량기업부,15710,-310,-1.94,16170,16300,15650,586772,9345275885,487276912900,31016990
20250317,054950,제이브이엠,KOSDAQ,우량기업부,23200,750,3.34,22600,23400,22550,102433,2361566750,280485494400,12089892
20250317,023440,제이스코홀딩스,KOSDAQ,중견기업부,1816,-14,-0.77,1830,1839,1745,380720,681149894,127087499048,69982103
20250317,090470,제이스텍,KOSDAQ,우량기업부,4735,-95,-1.97,4785,4875,4720,10972,52338115,82751672590,17476594
20250317,137950,제이씨케미칼,KOSDAQ,우량기업부,4040,-110,-2.65,4150,4190,3985,122905,497609849,89961968560,22267814
20250317,033320,제이씨현시스템,KOSDAQ,우량기업부,5300,30,0.57,5320,5350,5250,157385,832704005,101306489600,19114432
20250317,417500,제이아이테크,KOSDAQ,벤처기업부,3485,25,0.72,3460,3530,3445,64363,223745721,114254832840,32784744
20250317,204270,제이앤티씨,KOSDAQ,중견기업부,18580,-80,-0.43,19030,19250,18480,713698,13445550165,1074824498280,57848466
20250317,026040,제이에스티나,KOSDAQ,중견기업부,1943,42,2.21,1901,1959,1895,17424,33701486,32066863970,16503790
20250317,452160,제이엔비,KOSDAQ,중견기업부,5610,-60,-1.06,5780,5780,5580,22056,124129395,53954326470,9617527
20250317,126880,제이엔케이글로벌,KOSDAQ,우량기업부,4200,115,2.82,4085,4255,4085,98847,414945073,97460592600,23204903
20250317,322510,제이엘케이,KOSDAQ,기술성장기업부,7810,0,0.00,7810,7880,7620,126517,981102360,199380646520,25528892
20250317,033050,제이엠아이,KOSDAQ,중견기업부,799,-15,-1.84,803,814,786,58918,46966588,26030894258,32579342
20250317,094970,제이엠티,KOSDAQ,우량기업부,2515,-5,-0.20,2555,2565,2515,64945,164381050,42121823600,16748240
20250317,418550,제이오,KOSDAQ,기술성장기업부,10880,-260,-2.33,11140,11270,10820,194261,2119920430,348352282240,32017673
20250317,420570,제이투케이바이오,KOSDAQ,벤처기업부,12950,290,2.29,12780,13000,12310,89336,1135802795,74239850650,5732807
20250317,089790,제이티,KOSDAQ,벤처기업부,4365,80,1.87,4300,4465,4300,50171,220446484,45027214245,10315513
20250317,052670,제일바이오,KOSDAQ,관리종목(소속부없음),2080,0,0.00,0,0,0,0,0,60588453120,29129064
20250317,412540,제일엠앤에스,KOSDAQ,기술성장기업부,7010,-60,-0.85,7060,7130,6880,72075,505425185,144410661650,20600665
20250317,199820,제일일렉트릭,KOSDAQ,우량기업부,10130,-70,-0.69,10300,10360,10110,172810,1762367660,225088600000,22220000
20250317,038010,제일테크노스,KOSDAQ,우량기업부,6440,140,2.22,6330,6450,6300,23787,152148710,57960000000,9000000
20250317,276730,제주맥주,KOSDAQ,기술성장기업부,2180,-5,-0.23,2240,2255,2175,35953,78949465,34176636080,15677356
20250317,080220,제주반도체,KOSDAQ,우량기업부,15450,-50,-0.32,15650,15920,15410,1223656,19182909615,532141769850,34442833
20250317,216080,제테마,KOSDAQ,기술성장기업부,7450,570,8.28,7030,7470,6940,338058,2461904945,267041659100,35844518
20250317,229000,젠큐릭스,KOSDAQ,기술성장기업부,1786,6,0.34,1775,1856,1765,50325,89501956,28222320206,15801971
20250317,082270,젬백스,KOSDAQ,벤처기업부,38550,-750,-1.91,39300,39750,38000,475166,18421678450,1541775407700,39994174
20250317,044060,조광ILI,KOSDAQ,관리종목(소속부없음),732,0,0.00,0,0,0,0,0,70075958688,95732184
20250317,034940,조아제약,KOSDAQ,중견기업부,1111,-1,-0.09,1112,1130,1091,55579,61897125,34418587797,30979827
20250317,067000,조이시티,KOSDAQ,우량기업부,1624,15,0.93,1582,1642,1582,40911,66315848,113523196304,69903446
20250317,033340,좋은사람들,KOSDAQ,중견기업부,655,-6,-0.91,658,664,649,135552,88443248,63502615490,96950558
20250317,036930,주성엔지니어링,KOSDAQ,우량기업부,37900,4050,11.96,34550,38050,34200,2595321,95893496025,1791469365900,47268321
20250317,072020,중앙백신,KOSDAQ,벤처기업부,10230,120,1.19,10380,10500,10150,122043,1257190300,98808368010,9658687
20250317,000440,중앙에너비스,KOSDAQ,중견기업부,13960,-20,-0.14,14180,14180,13930,5665,79095775,86930734800,6227130
20250317,051980,중앙첨단소재,KOSDAQ,중견기업부,4310,-105,-2.38,4430,4675,4200,2394957,10594364237,438767908690,101802299
20250317,228760,지노믹트리,KOSDAQ,기술성장기업부,16970,-1650,-8.86,17810,17820,14500,978823,15856260740,413428791010,24362333
20250317,314130,지놈앤컴퍼니,KOSDAQ,기술성장기업부,2310,-110,-4.55,2420,2455,2295,173252,405484494,71807539650,31085515
20250317,389030,지니너스,KOSDAQ,기술성장기업부,1340,25,1.90,1327,1340,1305,125294,166429475,44691472300,33351845
20250317,043610,지니뮤직,KOSDAQ,우량기업부,2100,-30,-1.41,2110,2125,2085,54756,115137759,122042419800,58115438
20250317,263860,지니언스,KOSDAQ,벤처기업부,10930,0,0.00,10980,10980,10770,8085,87976130,99240028000,9079600
20250317,303030,지니틱스,KOSDAQ,벤처기업부,948,7,0.74,951,951,932,23094,21793696,33886893264,35745668
20250317,036180,지더블유바이텍,KOSDAQ,관리종목(소속부없음),577,0,0.00,0,0,0,0,0,53929030348,93464524
20250317,208350,지란지교시큐리티,KOSDAQ,벤처기업부,2820,40,1.44,2805,2870,2805,2074,5838280,24924708180,8838549
20250317,144510,지씨셀,KOSDAQ,우량기업부,22700,-250,-1.09,22950,23200,22400,53589,1211377825,358667808800,15800344
20250317,358570,지아이이노베이션,KOSDAQ,기술성장기업부,14950,-580,-3.73,15980,15980,14500,1834039,27133006845,662356745050,44304799
20250317,382480,지아이텍,KOSDAQ,벤처기업부,2250,-15,-0.66,2265,2280,2225,126931,285655267,88553565000,39357140
20250317,382800,지앤비에스 에코,KOSDAQ,벤처기업부,3695,-10,-0.27,3685,3710,3620,49924,182872509,117615696495,31831041
20250317,051160,지어소프트,KOSDAQ,우량기업부,8110,60,0.75,8050,8120,7870,71420,571607435,125497627300,15474430
20250317,053050,지에스이,KOSDAQ,우량기업부,2920,0,0.00,2935,2950,2910,98021,287014739,87563783240,29987597
20250317,119850,지엔씨에너지,KOSDAQ,우량기업부,16120,-680,-4.05,16770,16780,15990,492884,8051190980,265156413080,16448909
20250317,065060,지엔코,KOSDAQ,중견기업부,172,-73,-29.80,172,174,172,2317926,398683275,18577383568,108008044
20250317,204840,지엘팜텍,KOSDAQ,기술성장기업부,935,13,1.41,931,935,919,116919,108612236,71962467610,76965206
20250317,311320,지오엘리먼트,KOSDAQ,기술성장기업부,7720,100,1.31,7600,7860,7600,33177,257762670,97384403200,12614560
20250317,388050,지투파워,KOSDAQ,중견기업부,7200,-250,-3.36,7540,7550,7155,202361,1465217090,134707946400,18709437
20250317,018120,진로발효,KOSDAQ,우량기업부,17250,60,0.35,17190,17270,16940,3063,52543370,114214320000,6621120
20250317,109820,진매트릭스,KOSDAQ,기술성장기업부,2435,-20,-0.81,2495,2495,2420,66029,161015376,49658513400,20393640
20250317,086060,진바이오텍,KOSDAQ,중견기업부,3265,30,0.93,3285,3300,3235,59930,195807715,28113566555,8610587
20250317,036890,진성티이씨,KOSDAQ,우량기업부,10330,350,3.51,10030,10350,9890,280424,2861579975,232241828440,22482268
20250317,363250,진시스템,KOSDAQ,기술성장기업부,10200,10,0.10,10300,10400,10070,23582,239392280,71734539600,7032798
20250317,007370,진양제약,KOSDAQ,우량기업부,6100,-20,-0.33,6160,6210,6080,34648,211727165,79307478600,13001226
20250317,285800,진영,KOSDAQ,벤처기업부,2155,-35,-1.60,2165,2225,2130,35292,76720935,37663516850,17477270
20250317,085660,차바이오텍,KOSDAQ,중견기업부,11900,190,1.62,11860,12050,11650,185470,2199389100,670141871700,56314443
20250317,261780,차백신연구소,KOSDAQ,기술성장기업부,2995,40,1.35,2955,3060,2900,26920,80786515,80340120260,26824748
20250317,351870,차이커뮤니케이션,KOSDAQ,중견기업부,8780,0,0.00,8860,8860,8610,20399,178463100,97990436760,11160642
20250317,094850,참좋은여행,KOSDAQ,중견기업부,5640,60,1.08,5830,5830,5580,50082,284263465,78960000000,14000000
20250317,004650,창해에탄올,KOSDAQ,중견기업부,8920,30,0.34,8890,8920,8850,7425,65977415,81982694200,9190885
20250317,278280,천보,KOSDAQ,우량기업부,36400,-250,-0.68,36700,37250,36150,20544,748498350,364000000000,10000000
20250317,362320,청담글로벌,KOSDAQ,중견기업부,5440,-90,-1.63,5590,5610,5420,91101,499811220,111799017600,20551290
20250317,066360,체리부로,KOSDAQ,중견기업부,854,18,2.15,841,861,835,75859,64286276,40951020810,47952015
20250317,047820,초록뱀미디어,KOSDAQ,관리종목(소속부없음),5400,0,0.00,0,0,0,0,0,132051222000,24453930
20250317,094360,칩스앤미디어,KOSDAQ,벤처기업부,18090,180,1.01,18240,18350,17830,143698,2600763915,376690313160,20823124
20250317,016920,카스,KOSDAQ,중견기업부,2125,10,0.47,2195,2195,2060,269432,575173865,56298768250,26493538
20250317,284620,카이노스메드,KOSDAQ,기술성장기업부,1203,-39,-3.14,1269,1270,1198,170043,207690078,33901493979,28180793
20250317,293490,카카오게임즈,KOSDAQ,우량기업부,15550,-50,-0.32,15600,15680,15550,122586,1912916250,1288573095350,82866437
20250317,140430,카티스,KOSDAQ,벤처기업부,2055,5,0.24,2055,2080,2020,30017,61388958,39255060045,19102219
20250317,042000,카페24,KOSDAQ,기술성장기업부,56900,1200,2.15,56900,58500,55100,295911,16823074100,1379998772600,24253054
20250317,313760,캐리,KOSDAQ,투자주의환기종목(소속부없음),4050,430,11.88,3750,4120,3640,202134,796206143,41240854350,10182927
20250317,317530,캐리소프트,KOSDAQ,기술성장기업부,6590,-100,-1.49,6630,6790,6350,58013,379552460,66160001860,10039454
20250317,071850,캐스텍코리아,KOSDAQ,중견기업부,1509,9,0.60,1520,1542,1502,2843,4308859,36609755442,24260938
20250317,210120,캔버스엔,KOSDAQ,중견기업부,2975,-60,-1.98,3030,3075,2940,171492,513224702,70158249875,23582605
20250317,050110,캠시스,KOSDAQ,중견기업부,717,1,0.14,717,726,714,150574,108314605,52931892606,73824118
20250317,452300,캡스톤파트너스,KOSDAQ,중견기업부,2820,-5,-0.18,2820,2895,2805,156684,444973353,39751791600,14096380
20250317,451760,컨텍,KOSDAQ,기술성장기업부,10980,-120,-1.08,11200,11200,10980,55448,613146540,164606406480,14991476
20250317,900310,컬러레이,KOSDAQ,외국기업(소속부없음),839,-26,-3.01,875,875,835,56939,48221615,53730965325,64041675
20250317,078340,컴투스,KOSDAQ,우량기업부,44200,-1150,-2.54,45600,45750,44150,47061,2098613450,563008771000,12737755
20250317,063080,컴투스홀딩스,KOSDAQ,중견기업부,23950,200,0.84,23850,24200,23550,17250,412088450,157954848400,6595192
20250317,307930,컴퍼니케이,KOSDAQ,중견기업부,5220,0,0.00,5220,5270,5180,50940,265980200,81484200000,15610000
20250317,079190,케스피온,KOSDAQ,벤처기업부,480,4,0.84,479,480,466,83324,39582663,18410646720,38355514
20250317,263700,케어랩스,KOSDAQ,중견기업부,2300,0,0.00,2315,2350,2285,17281,39869265,44652660000,19414200
20250317,214370,케어젠,KOSDAQ,벤처기업부,26850,200,0.75,26650,27100,26500,40005,1071073100,1442247750000,53715000
20250317,221980,케이디켐,KOSDAQ,우량기업부,10880,-20,-0.18,10900,11030,10880,2314,25226820,43898624000,4034800
20250317,038530,케이바이오,KOSDAQ,중견기업부,233,-2,-0.85,237,239,233,534655,125798909,26961442851,115714347
20250317,192250,케이사인,KOSDAQ,벤처기업부,8070,20,0.25,8130,8230,7930,5007,40228000,57031698750,7067125
20250317,431190,케이쓰리아이,KOSDAQ,기술성장기업부,4500,20,0.45,4520,4525,4420,15232,68139720,33688989000,7486442
20250317,115500,케이씨에스,KOSDAQ,중견기업부,12530,70,0.56,13640,13640,12520,1968871,25721949845,150360000000,12000000
20250317,089150,케이씨티,KOSDAQ,중견기업부,2255,0,0.00,2275,2300,2255,15962,36203775,38673250000,17150000
20250317,025880,케이씨피드,KOSDAQ,중견기업부,2985,55,1.88,2990,3085,2910,2315076,6957542701,49896836130,16715858
20250317,093320,케이아이엔엑스,KOSDAQ,우량기업부,75500,700,0.94,74800,75800,74000,11760,883196950,368440000000,4880000
20250317,093640,케이알엠,KOSDAQ,벤처기업부,4090,90,2.25,3995,4125,3970,85925,347953100,133361501160,32606724
20250317,073010,케이에스피,KOSDAQ,우량기업부,4240,20,0.47,4265,4290,4185,154617,655389110,170410900000,40191250
20250317,105330,케이엔더블유,KOSDAQ,우량기업부,3560,15,0.42,3620,3620,3500,13004,46510755,57173699680,16060028
20250317,053080,케이엔솔,KOSDAQ,우량기업부,13510,210,1.58,13400,13670,13300,73864,998539200,175627392570,12999807
20250317,199430,케이엔알시스템,KOSDAQ,기술성장기업부,9260,-60,-0.64,9450,9450,9150,62781,581529290,100635022380,10867713
20250317,432470,케이엔에스,KOSDAQ,벤처기업부,12900,-100,-0.77,13200,13500,12670,120043,1564718740,111901772400,8674556
20250317,272110,케이엔제이,KOSDAQ,우량기업부,16700,560,3.47,16100,16950,15990,112551,1854107805,134024096500,8025395
20250317,039420,케이엘넷,KOSDAQ,중견기업부,2520,-20,-0.79,2540,2545,2515,22283,56212676,60869919600,24154730
20250317,083550,케이엠,KOSDAQ,우량기업부,3060,10,0.33,3050,3120,3050,16733,51799450,37865131560,12374226
20250317,032500,케이엠더블유,KOSDAQ,중견기업부,7630,110,1.46,7550,7650,7450,49047,371003050,303833337290,39820883
20250317,225430,케이엠제약,KOSDAQ,벤처기업부,551,-1,-0.18,552,568,549,175905,97888380,15365764550,27887050
20250317,102370,케이옥션,KOSDAQ,기술성장기업부,3355,-10,-0.30,3340,3400,3330,34215,115305086,91353999550,27229210
20250317,068100,케이웨더,KOSDAQ,기술성장기업부,3050,-10,-0.33,3030,3160,2970,33580,102108625,30315822700,9939614
20250317,106080,케이이엠텍,KOSDAQ,중견기업부,1967,-108,-5.20,2070,2070,1930,97881,193336223,49441459655,25135465
20250317,036030,케이티알파,KOSDAQ,우량기업부,3820,100,2.69,3720,3850,3720,68830,262638186,187253661060,49019283
20250317,064820,케이프,KOSDAQ,우량기업부,6310,0,0.00,6290,6410,6220,60755,383328595,194989903680,30901728
20250317,256940,케이피에스,KOSDAQ,벤처기업부,8610,10,0.12,8530,8810,8430,66516,573855870,161425945380,18748658
20250317,024880,케이피에프,KOSDAQ,우량기업부,4230,-15,-0.35,4270,4270,4205,23905,100840610,87488235540,20682798
20250317,042040,케이피엠테크,KOSDAQ,중견기업부,238,-1,-0.42,237,240,235,139588,33225679,46173163820,194004890
20250317,054410,케이피티유,KOSDAQ,중견기업부,3380,-30,-0.88,3380,3495,3380,2999,10248165,19355380720,5726444
20250317,258610,케일럼,KOSDAQ,중견기업부,1374,25,1.85,1354,1400,1349,26271,36123091,36805520742,26787133
20250317,274090,켄코아에어로스페이스,KOSDAQ,기술성장기업부,13870,30,0.22,13970,14200,13590,311033,4335952450,181762882500,13104750
20250317,089010,켐트로닉스,KOSDAQ,우량기업부,31250,200,0.64,32050,32800,30900,3087856,98131229925,479198312500,15334346
20250317,220260,켐트로스,KOSDAQ,우량기업부,4565,-105,-2.25,4745,4745,4550,101093,465888433,121238671455,26558307
20250317,052400,코나아이,KOSDAQ,우량기업부,28950,1000,3.58,27950,29000,27600,169088,4819439275,421607274450,14563291
20250317,402030,코난테크놀로지,KOSDAQ,기술성장기업부,22100,-400,-1.78,22500,22500,21900,29330,648171400,253427064800,11467288
20250317,391710,코닉오토메이션,KOSDAQ,중견기업부,1733,38,2.24,1685,1746,1681,84852,145482548,72898794038,42065086
20250317,046070,코다코,KOSDAQ,관리종목(소속부없음),10280,0,0.00,0,0,0,0,0,146172317160,14219097
20250317,047770,코데즈컴바인,KOSDAQ,중견기업부,1341,-22,-1.61,1367,1388,1341,106442,143657062,50746929282,37842602
20250317,080530,코디,KOSDAQ,중견기업부,1316,3,0.23,1307,1344,1304,22272,29371998,56983361932,43300427
20250317,104540,코렌텍,KOSDAQ,기술성장기업부,6200,-20,-0.32,6210,6240,6150,5556,34399890,79271588000,12785740
20250317,027050,코리아나,KOSDAQ,중견기업부,2430,-20,-0.82,2450,2485,2400,196397,482761084,97200000000,40000000
20250317,190650,코리아에셋투자증권,KOSDAQ,우량기업부,5930,0,0.00,5930,5950,5870,3571,21056260,37880840000,6388000
20250317,123410,코리아에프티,KOSDAQ,우량기업부,5020,80,1.62,4965,5060,4875,309974,1551413830,139762141280,27841064
20250317,036690,코맥스,KOSDAQ,투자주의환기종목(소속부없음),2885,0,0.00,0,0,0,0,0,45885746130,15904938
20250317,049430,코메론,KOSDAQ,우량기업부,11030,160,1.47,10850,11060,10740,35646,389114240,99799440000,9048000
20250317,183300,코미코,KOSDAQ,우량기업부,56600,1100,1.98,55900,57400,54300,311627,17376665550,592074714400,10460684
20250317,041960,코미팜,KOSDAQ,벤처기업부,4105,-35,-0.85,4140,4215,4105,48261,200657025,289904266465,70622233
20250317,089890,코세스,KOSDAQ,우량기업부,7940,-10,-0.13,7880,8100,7840,58549,465310385,131684598280,16584962
20250317,360350,코셈,KOSDAQ,기술성장기업부,7350,-20,-0.27,7300,7440,7300,19892,146251405,41931529500,5704970
20250317,082660,코스나인,KOSDAQ,관리종목(소속부없음),480,0,0.00,0,0,0,0,0,47827617120,99640869
20250317,222040,코스맥스엔비티,KOSDAQ,중견기업부,3505,5,0.14,3450,3600,3400,50392,176258675,72301140000,20628000
20250317,241710,코스메카코리아,KOSDAQ,우량기업부,44000,-450,-1.01,44800,44950,43750,60181,2653544500,469920000000,10680000
20250317,355150,코스텍시스,KOSDAQ,벤처기업부,7660,750,10.85,7060,8000,6850,425675,3232481925,59727701000,7797350
20250317,166480,코아스템켐온,KOSDAQ,중견기업부,3565,-65,-1.79,3570,3660,3480,122669,437972965,117182890440,32870376
20250317,045970,코아시아,KOSDAQ,중견기업부,3430,80,2.39,3360,3545,3360,33168,113712775,90260024680,26314876
20250317,196450,코아시아씨엠,KOSDAQ,중견기업부,588,-4,-0.68,592,605,588,37743,22384439,26647914216,45319582
20250317,384470,코어라인소프트,KOSDAQ,기술성장기업부,9120,-210,-2.25,9310,9670,8960,153194,1410449640,117110503680,12841064
20250317,029960,코엔텍,KOSDAQ,우량기업부,8720,90,1.04,8630,8750,8630,12491,108573160,436000000000,50000000
20250317,102940,코오롱생명과학,KOSDAQ,중견기업부,34800,-2000,-5.43,36800,37300,33200,135728,4717211400,432333867600,12423387
20250317,950160,코오롱티슈진,KOSDAQ,외국기업(소속부없음),49450,-2250,-4.35,51900,51900,48750,660233,32898562300,4031350921000,81523780
20250317,033290,코웰패션,KOSDAQ,우량기업부,2125,-10,-0.47,2120,2145,2110,80408,170978860,119332139625,56156301
20250317,056360,코위버,KOSDAQ,우량기업부,5980,50,0.84,6260,6300,5960,374275,2281563285,58584864000,9796800
20250317,282880,코윈테크,KOSDAQ,우량기업부,14980,100,0.67,14900,15060,14800,25744,385512625,166904268860,11141807
20250317,121850,코이즈,KOSDAQ,벤처기업부,1495,1,0.07,1494,1545,1463,355223,532038400,45768191625,30614175
20250317,448710,코츠테크놀로지,KOSDAQ,벤처기업부,19320,470,2.49,19190,19880,19050,112193,2185005190,101634579480,5260589
20250317,126730,코칩,KOSDAQ,벤처기업부,12500,190,1.54,12230,12710,12230,22386,278717980,106293250000,8503460
20250317,015710,코콤,KOSDAQ,중견기업부,4015,-40,-0.99,4030,4070,4015,35204,141735506,70384957500,17530500
20250317,052330,코텍,KOSDAQ,우량기업부,9260,300,3.35,8950,9470,8950,147217,1355119880,153041631240,16527174
20250317,322780,코퍼스코리아,KOSDAQ,중견기업부,817,11,1.36,806,819,799,93643,75646191,30990944821,37932613
20250317,200130,콜마비앤에이치,KOSDAQ,우량기업부,13590,1010,8.03,12650,15340,12500,3037295,43158673875,399757433220,29415558
20250317,294570,쿠콘,KOSDAQ,벤처기업부,19520,160,0.83,19300,19580,19150,16265,315119105,200171451200,10254685
20250317,317690,퀀타매트릭스,KOSDAQ,기술성장기업부,4310,-285,-6.20,4595,4595,4150,382315,1632361124,75715519860,17567406
20250317,227100,퀀텀온,KOSDAQ,관리종목(소속부없음),612,0,0.00,0,0,0,0,0,14770119384,24134182
20250317,432720,퀄리타스반도체,KOSDAQ,기술성장기업부,16560,70,0.42,16890,17650,16500,2018067,34550933640,230667419520,13929192
20250317,365270,큐라클,KOSDAQ,기술성장기업부,6900,100,1.47,6720,7000,6670,61132,417719660,96383333100,13968599
20250317,348080,큐라티스,KOSDAQ,투자주의환기종목(소속부없음),646,-20,-3.00,670,670,627,195347,126083649,37444010144,57962864
20250317,060280,큐렉소,KOSDAQ,중견기업부,9870,450,4.78,9470,9900,9280,821380,7916651665,405558201300,41089990
20250317,372320,큐로셀,KOSDAQ,기술성장기업부,28250,-750,-2.59,29000,29000,27850,110865,3122018875,401130027250,14199293
20250317,051780,큐로홀딩스,KOSDAQ,투자주의환기종목(소속부없음),565,-52,-8.43,617,660,556,184796,112000330,7707868425,13642245
20250317,115180,큐리언트,KOSDAQ,벤처기업부,7490,210,2.88,7450,7630,7020,457311,3371371360,241902957100,32296790
20250317,445680,큐리옥스바이오시스템즈,KOSDAQ,기술성장기업부,16260,1050,6.90,15400,16400,14940,268358,4271903065,262582414800,16148980
20250317,182360,큐브엔터,KOSDAQ,우량기업부,16630,920,5.86,15870,16800,15590,334784,5477451825,242324992910,14571557
20250317,405100,큐알티,KOSDAQ,벤처기업부,13500,340,2.58,13240,13510,13170,39796,533369740,165905563500,12289301
20250317,066310,큐에스아이,KOSDAQ,중견기업부,9510,120,1.28,9650,10200,9490,435194,4310638380,88173115710,9271621
20250317,016600,큐캐피탈,KOSDAQ,중견기업부,246,-11,-4.28,253,255,244,812962,203075630,43848789552,178247112
20250317,355390,크라우드웍스,KOSDAQ,기술성장기업부,6810,-210,-2.99,7050,7110,6800,80809,555575970,60867344160,8937936
20250317,096240,크레버스,KOSDAQ,우량기업부,15250,10,0.07,15250,15560,15190,55291,845809030,169857245000,11138180
20250317,040350,크레오에스지,KOSDAQ,중견기업부,454,-26,-5.42,475,479,449,602180,278481365,87715216642,193205323
20250317,110790,크리스에프앤씨,KOSDAQ,우량기업부,4745,0,0.00,4795,4795,4705,5971,28290000,111179905200,23430960
20250317,900250,크리스탈신소재,KOSDAQ,외국기업(소속부없음),907,1,0.11,912,916,890,474415,428030352,118490483628,130640004
20250317,045520,크린앤사이언스,KOSDAQ,중견기업부,4980,80,1.63,4855,5060,4855,12719,63246442,32370000000,6500000
20250317,036170,클라우드에어,KOSDAQ,중견기업부,1029,39,3.94,990,1060,990,546828,562596374,63145229154,61365626
20250317,214150,클래시스,KOSDAQ,우량기업부,60000,-1300,-2.12,61600,62000,60000,309834,18808170250,3930339540000,65505659
20250317,466100,클로봇,KOSDAQ,기술성장기업부,21900,250,1.15,21650,22700,21150,6060490,133684707875,539864324100,24651339
20250317,352770,클리노믹스,KOSDAQ,기술성장기업부,594,-46,-7.19,647,664,593,3051161,1869097856,23098351122,38886113
20250317,237880,클리오,KOSDAQ,우량기업부,21350,-850,-3.83,22400,22400,21200,284808,6148675050,385823386550,18071353
20250317,139670,키네마스터,KOSDAQ,중견기업부,2525,-60,-2.32,2585,2690,2525,34247,87784290,35649995250,14118810
20250317,487720,키움제10호스팩,KOSDAQ,SPAC(소속부없음),2040,0,0.00,2035,2055,2035,3992,8137420,8629200000,4230000
20250317,489480,키움제11호스팩,KOSDAQ,SPAC(소속부없음),1996,-2,-0.10,1998,2000,1994,10297,20555348,13173600000,6600000
20250317,446840,키움제8호스팩,KOSDAQ,SPAC(소속부없음),2130,0,0.00,0,0,0,0,0,12524400000,5880000
20250317,054780,키이스트,KOSDAQ,중견기업부,4280,25,0.59,4285,4315,4245,26453,112994296,83664554040,19547793
20250317,219130,타이거일렉,KOSDAQ,중견기업부,13450,540,4.18,12920,13800,12920,24515,329925190,84927200500,6314290
20250317,336680,탑런토탈솔루션,KOSDAQ,중견기업부,9320,80,0.87,9270,9350,9240,20867,193887620,182418300280,19572779
20250317,360070,탑머티리얼,KOSDAQ,중견기업부,30600,0,0.00,30600,31250,30500,34366,1059531650,248207095800,8111343
20250317,065130,탑엔지니어링,KOSDAQ,중견기업부,4485,70,1.59,4455,4485,4380,6733,29870755,77097069270,17189982
20250317,134580,탑코미디어,KOSDAQ,중견기업부,2040,5,0.25,2035,2095,2035,16119,33176860,44932564680,22025767
20250317,023160,태광,KOSDAQ,우량기업부,24150,50,0.21,24200,24650,23550,248910,5980313550,639975000000,26500000
20250317,323280,태성,KOSDAQ,중견기업부,29250,-900,-2.99,30200,30450,29150,436671,12919658975,890391352500,30440730
20250317,053620,태양,KOSDAQ,중견기업부,6350,-50,-0.78,6400,6440,6310,1214,7738440,54610000000,8600000
20250317,044490,태웅,KOSDAQ,우량기업부,16510,660,4.16,15980,16830,15690,287725,4694429875,330321860310,20007381
20250317,124560,태웅로직스,KOSDAQ,우량기업부,3035,5,0.17,3030,3050,3010,104229,315603024,115076832440,37916584
20250317,191420,테고사이언스,KOSDAQ,벤처기업부,17180,370,2.20,16700,17300,16540,6901,117251910,139309768120,8108834
20250317,073640,테라사이언스,KOSDAQ,관리종목(소속부없음),654,0,0.00,0,0,0,0,0,69571715580,106378770
20250317,066700,테라젠이텍스,KOSDAQ,우량기업부,3130,5,0.16,3145,3155,3110,25579,80089510,101644981550,32474435
20250317,095610,테스,KOSDAQ,우량기업부,23900,100,0.42,24000,24400,23700,147525,3560532850,472460601400,19768226
20250317,064520,테크엘,KOSDAQ,중견기업부,2335,-5,-0.21,2485,2485,2310,12343,29290592,52189729770,22351062
20250317,089030,테크윙,KOSDAQ,우량기업부,38450,2850,8.01,36150,39350,35850,1571842,59910396500,1436247650250,37353645
20250317,054450,텔레칩스,KOSDAQ,우량기업부,15130,30,0.20,15250,15380,15060,78603,1192761480,229132245290,15144233
20250317,200230,텔콘RF제약,KOSDAQ,중견기업부,3775,-75,-1.95,3820,3865,3740,14158,53500019,45394461825,12025023
20250317,393210,토마토시스템,KOSDAQ,기술성장기업부,6490,50,0.78,6410,6510,6310,1325519,8501757340,101338390560,15614544
20250317,475960,토모큐브,KOSDAQ,기술성장기업부,15710,50,0.32,15800,15950,15520,43341,678974130,204977701740,13047594
20250317,215480,토박스코리아,KOSDAQ,중견기업부,2350,30,1.29,2380,2380,2320,12926,30340754,22090000000,9400000
20250317,051360,토비스,KOSDAQ,벤처기업부,17800,-250,-1.39,18210,18210,17470,116611,2069739070,285993632400,16067058
20250317,045340,토탈소프트,KOSDAQ,벤처기업부,8720,200,2.35,8540,8800,8330,123641,1067018785,74626108800,8558040
20250317,108230,톱텍,KOSDAQ,벤처기업부,4485,0,0.00,4475,4560,4475,38046,171661648,170534253825,38023245
20250317,079970,투비소프트,KOSDAQ,투자주의환기종목(소속부없음),606,-130,-17.66,730,736,577,1829958,1136420073,5999179416,9899636
20250317,199800,툴젠,KOSDAQ,기술성장기업부,33500,1500,4.69,32100,33950,30050,98707,3146935625,286637892500,8556355
20250317,417790,트루엔,KOSDAQ,벤처기업부,10030,10,0.10,9980,10060,9890,21154,210790840,110326489500,10999650
20250317,290090,트윔,KOSDAQ,벤처기업부,7550,-150,-1.95,7930,7930,7550,5846,44510645,56136273400,7435268
20250317,026150,특수건설,KOSDAQ,중견기업부,6420,-30,-0.47,6450,6490,6380,34675,222362510,112647445020,17546331
20250317,464280,티디에스팜,KOSDAQ,중견기업부,13800,-220,-1.57,14030,14110,13710,27367,379042370,76314000000,5530000
20250317,322180,티라유텍,KOSDAQ,벤처기업부,6040,-60,-0.98,6120,6210,5900,123425,749767260,126368783360,20921984
20250317,117730,티로보틱스,KOSDAQ,벤처기업부,16290,500,3.17,16060,17300,16000,3609783,59907121880,296027776980,18172362
20250317,033830,티비씨,KOSDAQ,중견기업부,795,5,0.63,790,798,785,187394,148259127,79500000000,100000000
20250317,057680,티사이언티픽,KOSDAQ,벤처기업부,863,-6,-0.69,869,888,842,284900,243402542,61487456363,71248501
20250317,204610,티쓰리,KOSDAQ,벤처기업부,1780,2,0.11,1769,1820,1768,294294,527685396,114492661600,64321720
20250317,064760,티씨케이,KOSDAQ,우량기업부,91400,200,0.22,93900,94300,89700,48029,4419794400,1067095000000,11675000
20250317,246710,티앤알바이오팹,KOSDAQ,기술성장기업부,3210,-60,-1.83,3290,3300,3170,40519,130016379,69165317880,21546828
20250317,340570,티앤엘,KOSDAQ,우량기업부,76100,-200,-0.26,76800,76900,74700,47373,3616858300,618540800000,8128000
20250317,043220,티에스넥스젠,KOSDAQ,중견기업부,226,2,0.89,225,245,221,7662882,1786400781,35984660838,159224163
20250317,277880,티에스아이,KOSDAQ,기술성장기업부,6350,0,0.00,6390,6460,6280,72728,462777975,128021283200,20160832
20250317,131290,티에스이,KOSDAQ,우량기업부,50200,-200,-0.40,51000,52000,50000,51575,2609326050,555283735800,11061429
20250317,425420,티에프이,KOSDAQ,벤처기업부,19550,0,0.00,19770,20150,19300,58396,1152031180,222498550000,11381000
20250317,131100,티엔엔터테인먼트,KOSDAQ,중견기업부,1587,30,1.93,1557,1592,1557,23604,37347538,44512575924,28048252
20250317,356860,티엘비,KOSDAQ,우량기업부,20300,700,3.57,19950,20750,19810,514000,10443743010,199602389000,9832630
20250317,321550,티움바이오,KOSDAQ,기술성장기업부,3225,-105,-3.15,3395,3395,3205,45638,148799840,86146944975,26712231
20250317,425040,티이엠씨,KOSDAQ,기술성장기업부,8000,510,6.81,7600,8160,7540,371922,2919364650,170528496000,21316062
20250317,241790,티이엠씨씨엔에스,KOSDAQ,우량기업부,5920,140,2.42,5770,5920,5770,53756,314725710,59215593280,10002634
20250317,104480,티케이케미칼,KOSDAQ,우량기업부,1430,20,1.42,1414,1436,1413,109992,156576571,129980470620,90895434
20250317,081150,티플랙스,KOSDAQ,우량기업부,3110,-55,-1.74,3165,3180,3095,315513,988001842,75474730220,24268402
20250317,130740,티피씨글로벌,KOSDAQ,중견기업부,1752,2,0.11,1751,1810,1751,28740,51110579,19756741608,11276679
20250317,084730,팅크웨어,KOSDAQ,우량기업부,10540,120,1.15,10390,10550,10270,24958,259724785,117093328960,11109424
20250317,440110,파두,KOSDAQ,기술성장기업부,14020,80,0.57,14080,14160,13920,99546,1393368135,692709875860,49408693
20250317,033540,파라텍,KOSDAQ,중견기업부,1574,17,1.09,1595,1595,1541,100828,157953367,59420173162,37751063
20250317,388870,파로스아이바이오,KOSDAQ,기술성장기업부,7100,-20,-0.28,7100,7190,6870,64204,450637240,91916117200,12945932
20250317,043200,파루,KOSDAQ,벤처기업부,513,8,1.58,511,521,507,26584,13574026,21445613595,41804315
20250317,214450,파마리서치,KOSDAQ,우량기업부,326000,-9500,-2.83,340000,345000,324000,95057,31309482750,3426129600000,10509600
20250317,208340,파멥신,KOSDAQ,관리종목(소속부없음),2915,0,0.00,0,0,0,0,0,233786229820,80201108
20250317,177830,파버나인,KOSDAQ,우량기업부,2965,-35,-1.17,2980,2995,2965,7896,23523407,39401152645,13288753
20250317,037070,파세코,KOSDAQ,우량기업부,5470,-90,-1.62,5520,5560,5460,31968,176141755,109400000000,20000000
20250317,150900,파수,KOSDAQ,벤처기업부,4630,10,0.22,4665,4670,4550,7704,35464415,54103503860,11685422
20250317,037030,파워넷,KOSDAQ,중견기업부,2430,-10,-0.41,2445,2470,2415,97889,238577520,53165906820,21878974
20250317,047310,파워로직스,KOSDAQ,중견기업부,4865,40,0.83,4860,4920,4825,58418,284108857,178111323075,36610755
20250317,368770,파이버프로,KOSDAQ,벤처기업부,8000,90,1.14,8090,8140,7890,1934695,15457091115,262833800000,32854225
20250317,170790,파이오링크,KOSDAQ,우량기업부,7770,120,1.57,7650,7790,7600,19833,152169890,53273684100,6856330
20250317,049120,파인디앤씨,KOSDAQ,벤처기업부,1000,-5,-0.50,1010,1010,997,1993,1993833,52012744000,52012744
20250317,038950,파인디지털,KOSDAQ,중견기업부,3235,70,2.21,3240,3355,3155,5598,18268142,33031824775,10210765
20250317,387570,파인메딕스,KOSDAQ,기술성장기업부,10640,-460,-4.14,11100,11220,10600,507785,5489752535,59859576000,5625900
20250317,441270,파인엠텍,KOSDAQ,중견기업부,5310,-140,-2.57,5490,5490,5310,86773,465377330,196405754310,36987901
20250317,106240,파인테크닉스,KOSDAQ,우량기업부,1196,-124,-9.39,1313,1313,1170,1435470,1727091693,19397613040,16218740
20250317,131760,파인텍,KOSDAQ,중견기업부,1074,59,5.81,1033,1090,1023,1670862,1777895846,46645520142,43431583
20250317,065690,파커스,KOSDAQ,투자주의환기종목(소속부없음),925,1,0.11,943,948,916,22616,21018625,12995631175,14049331
20250317,140860,파크시스템스,KOSDAQ,우량기업부,203500,3000,1.50,201500,208500,201500,18200,3740817750,1421971919500,6987577
20250317,091700,파트론,KOSDAQ,우량기업부,7000,60,0.86,6940,7030,6930,133542,933208370,399000000000,57000000
20250317,032800,판타지오,KOSDAQ,중견기업부,586,-9,-1.51,595,595,583,114810,67512137,26930835988,45957058
20250317,318010,팜스빌,KOSDAQ,중견기업부,3585,10,0.28,3575,3620,3570,4541,16296770,28426676730,7929338
20250317,027710,팜스토리,KOSDAQ,우량기업부,1260,8,0.64,1255,1261,1246,379714,475941098,140384916000,111416600
20250317,225590,패션플랫폼,KOSDAQ,우량기업부,903,-5,-0.55,908,908,890,44366,39933580,24052951839,26636713
20250317,054300,팬스타엔터프라이즈,KOSDAQ,벤처기업부,532,-8,-1.48,540,540,528,73191,38928073,35647349472,67006296
20250317,068050,팬엔터테인먼트,KOSDAQ,우량기업부,3570,-360,-9.16,3870,3930,3565,4378896,16170438822,98867851320,27694076
20250317,222110,팬젠,KOSDAQ,기술성장기업부,4995,-35,-0.70,5080,5080,4820,28491,139686021,64426494015,12898197
20250317,271830,팸텍,KOSDAQ,벤처기업부,1559,-11,-0.70,1570,1570,1547,10034,15612023,45975224918,29490202
20250317,263750,펄어비스,KOSDAQ,우량기업부,30450,-800,-2.56,31250,31450,30000,232097,7075521000,1956347184750,64247855
20250317,251970,펌텍코리아,KOSDAQ,우량기업부,47200,-250,-0.53,48400,48400,46250,58768,2783517600,585280000000,12400000
20250317,168360,펨트론,KOSDAQ,벤처기업부,12300,140,1.15,12300,12400,12040,261964,3206179075,261845893200,21288284
20250317,087010,펩트론,KOSDAQ,기술성장기업부,91900,3900,4.43,89500,92100,86600,293212,26050638750,2141026465000,23297350
20250317,064800,포니링크,KOSDAQ,중견기업부,1126,10,0.90,1116,1138,1098,245652,275776969,143911017548,127807298
20250317,119500,포메탈,KOSDAQ,중견기업부,3635,-20,-0.55,3655,3715,3625,107271,393154348,43064688320,11847232
20250317,389140,포바이포,KOSDAQ,벤처기업부,7150,-50,-0.69,7290,7450,6960,343086,2482986770,79456055250,11112735
20250317,105760,포스뱅크,KOSDAQ,벤처기업부,7010,790,12.70,6220,7770,6200,5836601,41696441525,67583480100,9641010
20250317,009520,포스코엠텍,KOSDAQ,우량기업부,14440,240,1.69,15140,15170,14390,633227,9362874115,601320631320,41642703
20250317,189690,포시에스,KOSDAQ,벤처기업부,2130,-20,-0.93,2160,2170,2120,56189,120173605,58195793970,27321969
20250317,318020,포인트모바일,KOSDAQ,중견기업부,3010,20,0.67,2990,3025,2980,6667,19996095,38113438720,12662272
20250317,256630,포인트엔지니어링,KOSDAQ,벤처기업부,1187,-3,-0.25,1189,1189,1175,7261,8614545,68842524464,57997072
20250317,331380,포커스에이치엔에스,KOSDAQ,벤처기업부,1837,-58,-3.06,1895,1940,1810,82804,152622926,41746655324,22725452
20250317,472850,폰드그룹,KOSDAQ,중견기업부,5930,170,2.95,5810,6000,5740,72801,430010895,191799522690,32343933
20250317,039980,폴라리스AI,KOSDAQ,중견기업부,2700,10,0.37,2710,2745,2695,582717,1584741254,195365271600,72357508
20250317,041910,폴라리스AI파마,KOSDAQ,중견기업부,6400,40,0.63,6320,6450,6320,20805,132546645,86410284800,13501607
20250317,234100,폴라리스세원,KOSDAQ,우량기업부,1074,-8,-0.74,1084,1089,1071,38627,41606276,70373125050,65524325
20250317,041020,폴라리스오피스,KOSDAQ,우량기업부,5870,10,0.17,5960,6010,5870,595548,3522825555,291888673260,49725498
20250317,114630,폴라리스우노,KOSDAQ,우량기업부,496,-1,-0.20,498,498,485,195562,96339790,38567743808,77757548
20250317,290720,푸드나무,KOSDAQ,중견기업부,1881,-429,-18.57,2315,2335,1872,419101,865916210,43480112544,23115424
20250317,005670,푸드웰,KOSDAQ,우량기업부,5040,40,0.80,5000,5070,4985,41914,210009580,50400000000,10000000
20250317,094940,푸른기술,KOSDAQ,벤처기업부,7050,-80,-1.12,7210,7250,7040,188666,1338799645,58947771300,8361386
20250317,057880,푸른소나무,KOSDAQ,관리종목(소속부없음),8790,0,0.00,0,0,0,0,0,216061434720,24580368
20250317,007330,푸른저축은행,KOSDAQ,우량기업부,8180,10,0.12,8160,8210,8160,6286,51486690,123377304000,15082800
20250317,093380,풍강,KOSDAQ,우량기업부,2535,15,0.60,2520,2630,2500,9569,24198520,25044058455,9879313
20250317,023900,풍국주정,KOSDAQ,우량기업부,9030,-40,-0.44,9070,9080,9010,3602,32575025,113778000000,12600000
20250317,371950,풍원정밀,KOSDAQ,기술성장기업부,13300,-40,-0.30,13340,13430,13030,63563,839529065,279838490400,21040488
20250317,370090,퓨런티어,KOSDAQ,기술성장기업부,17720,-590,-3.22,18310,18550,17710,102497,1831832305,151627027600,8556830
20250317,445180,퓨릿,KOSDAQ,중견기업부,6540,190,2.99,6760,6760,6450,136462,896600670,109670489520,16769188
20250317,151910,퓨처코어,KOSDAQ,관리종목(소속부없음),640,0,0.00,0,0,0,0,0,121645902080,190071722
20250317,220100,퓨쳐켐,KOSDAQ,기술성장기업부,24450,-450,-1.81,24450,24750,23400,616334,14800070300,540397689750,22102155
20250317,035200,프럼파스트,KOSDAQ,벤처기업부,5390,-10,-0.19,5410,5540,5190,384603,2059325720,52447880100,9730590
20250317,334970,프레스티지바이오로직스,KOSDAQ,기술성장기업부,4230,-20,-0.47,4240,4660,4145,324714,1402468372,327476604510,77417637
20250317,321260,프로이천,KOSDAQ,벤처기업부,2240,-75,-3.24,2300,2335,2190,125616,281320663,63150268160,28192084
20250317,053610,프로텍,KOSDAQ,우량기업부,24550,300,1.24,24400,24950,24150,21593,530054500,270050000000,11000000
20250317,303360,프로티아,KOSDAQ,기술성장기업부,3295,-35,-1.05,3350,3360,3250,10642,35037765,42430423425,12877215
20250317,377220,프롬바이오,KOSDAQ,기술성장기업부,1900,0,0.00,1917,1917,1852,28978,54333948,53789000000,28310000
20250317,335810,프리시젼바이오,KOSDAQ,기술성장기업부,2690,-30,-1.10,2720,2780,2685,6446,17427470,31243074940,11614526
20250317,053160,프리엠스,KOSDAQ,중견기업부,11480,-260,-2.21,11630,11780,11365,82242,947250945,68880000000,6000000
20250317,405000,플라즈맵,KOSDAQ,투자주의환기종목(소속부없음),705,-5,-0.70,734,814,686,1434286,1059010524,18384175020,26076844
20250317,041590,플래스크,KOSDAQ,관리종목(소속부없음),789,0,0.00,0,0,0,0,0,115917098775,146916475
20250317,367000,플래티어,KOSDAQ,벤처기업부,4180,110,2.70,4100,4180,4020,9558,39462771,35062705260,8388207
20250317,075130,플랜티넷,KOSDAQ,벤처기업부,2560,100,4.07,2470,2815,2440,3713763,9964844885,42553139200,16622320
20250317,237820,플레이디,KOSDAQ,중견기업부,5760,-50,-0.86,5820,5850,5620,102270,583123540,73884326400,12827140
20250317,023770,플레이위드,KOSDAQ,중견기업부,3800,-90,-2.31,3985,3985,3790,12780,49025055,33313916000,8766820
20250317,019570,플루토스,KOSDAQ,중견기업부,258,-2,-0.77,260,270,257,323623,84960394,16849990836,65310042
20250317,300080,플리토,KOSDAQ,기술성장기업부,21100,-200,-0.94,21300,21450,20550,86304,1817630600,116088338700,5501817
20250317,033790,피노,KOSDAQ,중견기업부,5700,-260,-4.36,6000,6050,5660,222485,1300209370,130089960000,22822800
20250317,032580,피델릭스,KOSDAQ,중견기업부,1333,19,1.45,1316,1341,1311,179665,239102552,44165041312,33132064
20250317,051380,피씨디렉트,KOSDAQ,중견기업부,2790,-5,-0.18,2840,2840,2750,24896,68933155,42798800880,15340072
20250317,241820,피씨엘,KOSDAQ,벤처기업부,313,-8,-2.49,321,325,306,230069,72032371,18520825671,59171967
20250317,452450,피아이이,KOSDAQ,벤처기업부,10440,-1030,-8.98,11400,11680,10400,3611971,39831704065,374023440000,35826000
20250317,237750,피앤씨테크,KOSDAQ,벤처기업부,3870,0,0.00,3870,3930,3855,4439,17267725,25141842000,6496600
20250317,460940,피앤에스미캐닉스,KOSDAQ,기술성장기업부,14300,30,0.21,14330,14380,13790,133130,1873517070,92545882000,6471740
20250317,319660,피에스케이,KOSDAQ,우량기업부,19820,610,3.18,19600,19950,19390,304430,6012167685,574120271480,28966714
20250317,031980,피에스케이홀딩스,KOSDAQ,우량기업부,41700,1500,3.73,40900,42450,40500,400447,16715737275,899151871500,21562395
20250317,002230,피에스텍,KOSDAQ,중견기업부,3900,35,0.91,3820,3920,3820,256,998745,75545624700,19370673
20250317,043370,피에이치에이,KOSDAQ,우량기업부,10950,210,1.96,10750,10960,10750,20841,226383350,229950000000,21000000
20250317,239890,피엔에이치테크,KOSDAQ,기술성장기업부,6810,90,1.34,6760,6880,6700,50483,342705110,67662491550,9935755
20250317,347740,피엔케이피부임상연구센타,KOSDAQ,중견기업부,2220,-20,-0.89,2240,2240,2190,29448,65155090,66623478720,30010576
20250317,137400,피엔티,KOSDAQ,우량기업부,44100,400,0.92,43700,44450,43400,167353,7345824425,1047070092600,23743086
20250317,257370,피엔티엠에스,KOSDAQ,중견기업부,3255,-20,-0.61,3370,3370,3255,17558,57510765,40703322555,12504861
20250317,147760,피엠티,KOSDAQ,벤처기업부,2860,135,4.95,2800,2990,2740,41063,118846363,30944816760,10819866
20250317,128660,피제이메탈,KOSDAQ,우량기업부,3175,-10,-0.31,3165,3205,3155,57279,182176810,78750696575,24803369
20250317,006140,피제이전자,KOSDAQ,우량기업부,5900,-80,-1.34,6000,6070,5890,8963,53203230,88500000000,15000000
20250317,376180,피코그램,KOSDAQ,벤처기업부,2325,-5,-0.21,2330,2360,2295,22722,52971065,42992453850,18491378
20250317,304840,피플바이오,KOSDAQ,기술성장기업부,2725,-75,-2.68,2800,2840,2705,138260,379419772,57847147475,21228311
20250317,087600,픽셀플러스,KOSDAQ,벤처기업부,6850,-110,-1.58,6960,7010,6830,22296,153943570,55940922300,8166558
20250317,291810,핀텔,KOSDAQ,기술성장기업부,2175,-10,-0.46,2185,2210,2100,17448,37611913,24703023600,11357712
20250317,378340,필에너지,KOSDAQ,중견기업부,17940,-370,-2.02,18510,18510,17760,1262606,22911627470,381868723080,21285882
20250317,161580,필옵틱스,KOSDAQ,중견기업부,44500,350,0.79,44750,46350,44300,1474415,66742859700,1016833010000,22850180
20250317,347770,핌스,KOSDAQ,중견기업부,1508,-8,-0.53,1495,1516,1492,5377,8041073,34468419336,22857042
20250317,163730,핑거,KOSDAQ,벤처기업부,8910,-80,-0.89,9040,9150,8800,73821,659824760,83447567280,9365608
20250317,417180,핑거스토리,KOSDAQ,중견기업부,2285,15,0.66,2240,2285,2235,49743,112316481,38425037565,16816209
20250317,446750,하나26호스팩,KOSDAQ,SPAC(소속부없음),2080,0,0.00,2075,2080,2070,1756,3640065,12542400000,6030000
20250317,448370,하나27호스팩,KOSDAQ,SPAC(소속부없음),2080,5,0.24,2075,2080,2070,11140,23065560,11689600000,5620000
20250317,454750,하나28호스팩,KOSDAQ,SPAC(소속부없음),2020,0,0.00,2010,2020,2010,864,1741065,14548040000,7202000
20250317,454640,하나29호스팩,KOSDAQ,SPAC(소속부없음),2075,0,0.00,2075,2075,2070,984,2038410,11207075000,5401000
20250317,469880,하나30호스팩,KOSDAQ,SPAC(소속부없음),1993,-5,-0.25,1998,2000,1991,13523,26959392,14558865000,7305000
20250317,469900,하나31호스팩,KOSDAQ,SPAC(소속부없음),2020,0,0.00,2020,2020,2010,249,502880,11322100000,5605000
20250317,475240,하나32호스팩,KOSDAQ,SPAC(소속부없음),2135,0,0.00,2135,2135,2125,572,1220370,6832000000,3200000
20250317,475250,하나33호스팩,KOSDAQ,SPAC(소속부없음),2105,20,0.96,2075,2105,2075,3174,6656240,7788500000,3700000
20250317,484130,하나34호스팩,KOSDAQ,SPAC(소속부없음),2030,0,0.00,2020,2030,2020,6508,13148245,9175600000,4520000
20250317,435620,하나금융25호스팩,KOSDAQ,SPAC(소속부없음),10550,-10,-0.09,10560,10560,10540,20838,219735460,45386100000,4302000
20250317,299030,하나기술,KOSDAQ,벤처기업부,22900,350,1.55,22550,23000,22300,20569,465631875,183083439000,7994910
20250317,067310,하나마이크론,KOSDAQ,우량기업부,11980,410,3.54,11870,12250,11720,1724583,20725273405,793937949020,66271949
20250317,166090,하나머티리얼즈,KOSDAQ,우량기업부,36650,1500,4.27,36100,38450,35400,334406,12345075900,724851752100,19777674
20250317,136480,하림,KOSDAQ,우량기업부,3085,15,0.49,3120,3170,3065,889360,2755948385,327656930670,106209702
20250317,003380,하림지주,KOSDAQ,우량기업부,5210,10,0.19,5220,5240,5180,81333,423744025,583549285410,112005621
20250317,450330,하스,KOSDAQ,기술성장기업부,8900,40,0.45,9130,9130,8800,45141,403033920,69740480100,7836009
20250317,101670,하이드로리튬,KOSDAQ,투자주의환기종목(소속부없음),1738,44,2.60,1694,1999,1687,7543590,13943605530,94147407860,54169970
20250317,365590,하이딥,KOSDAQ,기술성장기업부,626,0,0.00,629,629,611,36787,22906568,90424015434,144447309
20250317,149980,하이로닉,KOSDAQ,벤처기업부,6040,-70,-1.15,6130,6240,6020,43699,267523230,112309952520,18594363
20250317,013030,하이록코리아,KOSDAQ,우량기업부,30050,100,0.33,29950,30200,29350,69385,2065379950,369478032100,12295442
20250317,126700,하이비젼시스템,KOSDAQ,우량기업부,17630,280,1.61,17500,17800,17370,80256,1411119880,263429434560,14942112
20250317,450050,하이제8호스팩,KOSDAQ,SPAC(소속부없음),2075,-5,-0.24,2080,2080,2070,1448,3011000,10404050000,5014000
20250317,160190,하이젠알앤엠,KOSDAQ,중견기업부,37950,450,1.20,37900,38950,37200,710217,26966755325,1172199600000,30888000
20250317,221840,하이즈항공,KOSDAQ,중견기업부,1442,2,0.14,1416,1450,1415,9147,13218728,26966208962,18700561
20250317,106190,하이텍팜,KOSDAQ,우량기업부,15550,-180,-1.14,15910,15910,15390,21089,329472360,165345840150,10633173
20250317,065650,하이퍼코퍼레이션,KOSDAQ,중견기업부,300,-19,-5.96,319,338,297,1438022,436701671,32004519300,106681731
20250317,066130,하츠,KOSDAQ,우량기업부,5410,-70,-1.28,5480,5480,5365,26361,142424260,69248000000,12800000
20250317,004590,한국가구,KOSDAQ,우량기업부,4215,-60,-1.40,4205,4255,4200,31747,133957909,63225000000,15000000
20250317,039340,한국경제TV,KOSDAQ,우량기업부,6050,50,0.83,6010,6050,5940,25338,151839450,139150000000,23000000
20250317,034950,한국기업평가,KOSDAQ,우량기업부,89600,0,0.00,89700,91000,88800,2563,228597900,406830054400,4540514
20250317,222980,한국맥널티,KOSDAQ,벤처기업부,4045,-20,-0.49,4035,4095,3975,80248,323147149,44622348735,11031483
20250317,256840,한국비엔씨,KOSDAQ,벤처기업부,4005,-45,-1.11,4065,4080,3980,217594,873791110,273921518430,68394886
20250317,219750,한국비티비,KOSDAQ,관리종목(소속부없음),967,0,0.00,0,0,0,0,0,63267797795,65426885
20250317,025550,한국선재,KOSDAQ,우량기업부,3620,70,1.97,3525,3855,3510,1271546,4750046130,92360694480,25514004
20250317,017890,한국알콜,KOSDAQ,우량기업부,8970,60,0.67,8990,9000,8910,19466,174341250,193803667200,21605760
20250317,080720,한국유니온제약,KOSDAQ,관리종목(소속부없음),2725,0,0.00,0,0,0,0,0,21562456300,7912828
20250317,063570,한국전자금융,KOSDAQ,우량기업부,5110,-80,-1.54,5160,5230,5100,57565,296238980,174494890080,34147728
20250317,041460,한국전자인증,KOSDAQ,중견기업부,3325,-10,-0.30,3340,3340,3270,47914,158147433,63175000000,19000000
20250317,101680,한국정밀기계,KOSDAQ,중견기업부,2905,-30,-1.02,2935,2935,2880,13801,39902125,24413620000,8404000
20250317,039740,한국정보공학,KOSDAQ,중견기업부,2740,40,1.48,2705,2745,2700,13301,36030337,21970407780,8018397
20250317,053300,한국정보인증,KOSDAQ,우량기업부,4480,-10,-0.22,4560,4565,4480,84733,381665209,190137297280,42441361
20250317,025770,한국정보통신,KOSDAQ,우량기업부,7750,40,0.52,7710,7780,7680,8857,68584000,290193100250,37444271
20250317,458610,한국제12호스팩,KOSDAQ,SPAC(소속부없음),2130,0,0.00,2135,2135,2100,9383,19830560,9009900000,4230000
20250317,464440,한국제13호스팩,KOSDAQ,SPAC(소속부없음),2130,5,0.24,2115,2130,2115,1282,2714470,9201600000,4320000
20250317,477530,한국제14호스팩,KOSDAQ,SPAC(소속부없음),2750,60,2.23,2705,2780,2675,80267,221142185,13227500000,4810000
20250317,479880,한국제15호스팩,KOSDAQ,SPAC(소속부없음),2020,-5,-0.25,2010,2025,2010,1082,2185255,13877400000,6870000
20250317,062970,한국첨단소재,KOSDAQ,중견기업부,6600,330,5.26,6870,7270,6520,17382392,119087919550,130262998800,19736818
20250317,023760,한국캐피탈,KOSDAQ,우량기업부,556,5,0.91,553,558,552,42207,23451666,175478924256,315609576
20250317,054040,한국컴퓨터,KOSDAQ,우량기업부,4770,135,2.91,4690,4780,4620,47766,225875175,76660053300,16071290
20250317,021650,한국큐빅,KOSDAQ,우량기업부,2235,-25,-1.11,2260,2270,2225,13757,30770130,36543508305,16350563
20250317,032300,한국파마,KOSDAQ,중견기업부,15380,-110,-0.71,15500,15500,15320,18024,276851940,167745061380,10906701
20250317,037230,한국팩키지,KOSDAQ,중견기업부,1675,-1,-0.06,1677,1685,1670,3015,5055329,49915547725,29800327
20250317,030520,한글과컴퓨터,KOSDAQ,우량기업부,20250,0,0.00,20600,20650,20200,170048,3461608100,489639816000,24179744
20250317,052600,한네트,KOSDAQ,중견기업부,4155,30,0.73,4150,4160,4095,16106,66399015,48047173500,11563700
20250317,256150,한독크린텍,KOSDAQ,벤처기업부,6180,30,0.49,6150,6200,6100,3903,23989380,51881100000,8395000
20250317,092460,한라IMS,KOSDAQ,우량기업부,9200,70,0.77,9050,9380,8990,113863,1045617755,157409056000,17109680
20250317,452190,한빛레이저,KOSDAQ,벤처기업부,7360,210,2.94,7150,8180,7090,24126786,186686798320,170477891520,23162757
20250317,047080,한빛소프트,KOSDAQ,중견기업부,1369,-18,-1.30,1386,1399,1348,38512,52808714,33981813578,24822362
20250317,452280,한선엔지니어링,KOSDAQ,중견기업부,7970,20,0.25,7950,8050,7850,150862,1195656435,137337844500,17231850
20250317,066980,한성크린텍,KOSDAQ,우량기업부,1226,6,0.49,1220,1247,1200,239008,290685697,63672463250,51935125
20250317,114810,한솔아이원스,KOSDAQ,중견기업부,8300,60,0.73,8410,8500,8200,387474,3230977500,241639344200,29113174
20250317,070590,한솔인티큐브,KOSDAQ,중견기업부,1123,-13,-1.14,1134,1337,1121,1392098,1727902731,15586702083,13879521
20250317,226440,한송네오텍,KOSDAQ,관리종목(소속부없음),1530,0,0.00,0,0,0,0,0,100580954580,65739186
20250317,042520,한스바이오메드,KOSDAQ,벤처기업부,7290,-100,-1.35,7350,7370,7230,12213,88953350,98607215430,13526367
20250317,430690,한싹,KOSDAQ,벤처기업부,5000,-170,-3.29,5250,5350,5000,300643,1554717580,54476635000,10895327
20250317,078350,한양디지텍,KOSDAQ,우량기업부,11160,-30,-0.27,11200,11440,11040,210774,2365368680,170127303120,15244382
20250317,045100,한양이엔지,KOSDAQ,우량기업부,16890,90,0.54,16950,17160,16810,37244,633530840,304020000000,18000000
20250317,214870,한울BnC,KOSDAQ,투자주의환기종목(소속부없음),6920,0,0.00,0,0,0,0,0,64765809320,9359221
20250317,320000,한울반도체,KOSDAQ,중견기업부,2470,60,2.49,2455,2580,2420,30885,76080530,69075098690,27965627
20250317,091440,한울소재과학,KOSDAQ,벤처기업부,4390,-200,-4.36,4590,4590,4365,250830,1108664810,106441037500,24246250
20250317,024740,한일단조,KOSDAQ,중견기업부,2495,165,7.08,2390,2550,2355,7466468,18497852419,82078137255,32897049
20250317,005860,한일사료,KOSDAQ,우량기업부,3930,140,3.69,3845,3930,3810,761825,2951105544,154856482050,39403685
20250317,007770,한일화학,KOSDAQ,우량기업부,10660,30,0.28,10630,10800,10600,1605,17097265,37416600000,3510000
20250317,198940,한주라이트메탈,KOSDAQ,중견기업부,682,7,1.04,667,728,661,457474,318930635,26545470996,38922978
20250317,058450,한주에이알티,KOSDAQ,중견기업부,1585,11,0.70,1556,1668,1556,5116,8058531,23447889285,14793621
20250317,107640,한중엔시에스,KOSDAQ,기술성장기업부,24650,-50,-0.20,24700,25250,24050,59734,1462027450,223278368900,9057946
20250317,079170,한창산업,KOSDAQ,중견기업부,6940,-10,-0.14,6950,6950,6850,3911,26984520,36088000000,5200000
20250317,054920,한컴위드,KOSDAQ,우량기업부,2840,15,0.53,2835,2900,2785,97926,276611295,80136510040,28217081
20250317,457370,한켐,KOSDAQ,중견기업부,9370,-30,-0.32,9580,9580,9300,36263,339925725,75214245580,8027134
20250317,002680,한탑,KOSDAQ,중견기업부,800,1,0.13,807,808,786,52083,41340202,25853439200,32316799
20250317,455310,한화플러스제4호스팩,KOSDAQ,SPAC(소속부없음),2010,0,0.00,0,0,0,0,0,10170600000,5060000
20250317,034810,해성산업,KOSDAQ,우량기업부,6510,40,0.62,6490,6510,6420,9280,60075140,211945139070,32556857
20250317,03481K,해성산업1우,KOSDAQ,우량기업부,6930,-80,-1.14,7020,7120,6930,3332,23201920,9625229460,1388922
20250317,059270,해성에어로보틱스,KOSDAQ,기술성장기업부,6700,20,0.30,6820,6840,6640,122415,824883375,74643353300,11140799
20250317,076610,해성옵틱스,KOSDAQ,중견기업부,830,-5,-0.60,835,867,830,30084,25168123,21126154340,25453198
20250317,220180,핸디소프트,KOSDAQ,벤처기업부,2100,-5,-0.24,2105,2590,2085,680019,1581010173,40756800000,19408000
20250317,900270,헝셩그룹,KOSDAQ,외국기업(소속부없음),251,-1,-0.40,251,256,249,1326122,334181497,38222866336,152282336
20250317,214180,헥토이노베이션,KOSDAQ,우량기업부,12580,110,0.88,12440,12580,12430,12638,158422005,165107631540,13124613
20250317,234340,헥토파이낸셜,KOSDAQ,우량기업부,13960,-120,-0.85,14430,14440,13870,16140,225676420,131963880000,9453000
20250317,084990,헬릭스미스,KOSDAQ,기술성장기업부,2280,0,0.00,2280,2295,2230,64526,145532225,105091577160,46092797
20250317,187660,현대ADM,KOSDAQ,중견기업부,1875,82,4.57,1780,2020,1780,3341854,6441303578,80604710625,42989179
20250317,170030,현대공업,KOSDAQ,우량기업부,5810,40,0.69,5770,5960,5760,108118,630361025,89125400000,15340000
20250317,319400,현대무벡스,KOSDAQ,우량기업부,3540,5,0.14,3535,3595,3515,202360,716407626,417174489540,117845901
20250317,048410,현대바이오,KOSDAQ,중견기업부,11780,-20,-0.17,11800,12300,11500,250756,2952284380,565694542240,48021608
20250317,052260,현대바이오랜드,KOSDAQ,중견기업부,4615,5,0.11,4635,4670,4585,26849,123746420,138450000000,30000000
20250317,016790,현대사료,KOSDAQ,관리종목(소속부없음),994,0,0.00,0,0,0,0,0,187340898626,188471729
20250317,041440,현대에버다임,KOSDAQ,중견기업부,9400,190,2.06,9100,9420,8990,352586,3256279760,168409873600,17915944
20250317,039010,현대에이치티,KOSDAQ,우량기업부,6420,40,0.63,6380,6420,6270,25633,163244695,55372500000,8625000
20250317,090850,현대이지웰,KOSDAQ,우량기업부,5180,20,0.39,5110,5180,5110,13285,68367695,123006149980,23746361
20250317,460930,현대힘스,KOSDAQ,중견기업부,16420,220,1.36,16180,16460,16060,155922,2537361475,581141089820,35392271
20250317,092300,현우산업,KOSDAQ,우량기업부,2960,60,2.07,2925,2995,2880,276082,810595701,55271535360,18672816
20250317,138360,협진,KOSDAQ,중견기업부,562,-4,-0.71,566,582,561,95988,54324215,27171715376,48348248
20250317,011080,형지I&C,KOSDAQ,중견기업부,1271,51,4.18,1220,1320,1175,8212314,10375220770,39728080411,31257341
20250317,060560,홈센타홀딩스,KOSDAQ,우량기업부,821,11,1.36,810,821,809,36289,29549068,104816680025,127669525
20250317,064240,홈캐스트,KOSDAQ,우량기업부,1888,-62,-3.18,1968,1968,1871,125814,238901683,66151766656,35038012
20250317,039610,화성밸브,KOSDAQ,우량기업부,10980,-20,-0.18,11000,11330,10770,662184,7337493325,114306192000,10410400
20250317,126640,화신정공,KOSDAQ,우량기업부,1400,20,1.45,1400,1410,1362,141012,194636126,50923441800,36373887
20250317,127980,화인써키트,KOSDAQ,중견기업부,6060,10,0.17,6010,6080,6000,5469,33098720,71754545040,11840684
20250317,061250,화일약품,KOSDAQ,중견기업부,1108,1,0.09,1109,1112,1104,42647,47200070,91825115524,82874653
20250317,097870,효성오앤비,KOSDAQ,중견기업부,6320,60,0.96,6280,6330,6250,16992,106979140,53656800000,8490000
20250317,290270,휴네시온,KOSDAQ,벤처기업부,3465,5,0.14,3465,3485,3435,11651,40415415,33290583480,9607672
20250317,353190,휴럼,KOSDAQ,중견기업부,691,-2,-0.29,700,700,687,42765,29568371,27210488220,39378420
20250317,090710,휴림로봇,KOSDAQ,중견기업부,2185,5,0.23,2230,2235,2140,3555362,7749503689,240869577705,110237793
20250317,078590,휴림에이텍,KOSDAQ,중견기업부,638,9,1.43,660,660,624,150220,95858362,35862195644,56210338
20250317,205470,휴마시스,KOSDAQ,우량기업부,1609,9,0.56,1605,1610,1588,700380,1122635732,208164389481,129375009
20250317,115160,휴맥스,KOSDAQ,중견기업부,1140,-3,-0.26,1143,1159,1079,42843,48733993,50125941360,43970124
20250317,028080,휴맥스홀딩스,KOSDAQ,중견기업부,2285,45,2.01,2300,2300,2240,26259,59714238,28739601210,12577506
20250317,175140,휴먼테크놀로지,KOSDAQ,투자주의환기종목(소속부없음),5410,-80,-1.46,5500,5530,5340,41637,225645555,116397729720,21515292
20250317,200670,휴메딕스,KOSDAQ,우량기업부,40700,1500,3.83,39750,40850,38650,208274,8396631025,457058151000,11229930
20250317,065510,휴비츠,KOSDAQ,우량기업부,8140,-130,-1.57,8250,8330,8100,29753,243205940,98977279940,12159371
20250317,215090,휴센텍,KOSDAQ,관리종목(소속부없음),1505,0,0.00,0,0,0,0,0,149972154360,99649272
20250317,263920,휴엠앤씨,KOSDAQ,벤처기업부,983,-4,-0.41,992,992,976,15527,15222167,48211366722,49045134
20250317,243070,휴온스,KOSDAQ,우량기업부,26650,50,0.19,26350,26850,26300,29280,777827850,319258072250,11979665
20250317,084110,휴온스글로벌,KOSDAQ,중견기업부,47450,3950,9.08,43750,47850,42700,253177,11477098800,599617109000,12636820
20250317,145020,휴젤,KOSDAQ,우량기업부,329000,-1000,-0.30,333000,338000,326500,62708,20747369750,4146726857000,12604033
20250317,024060,흥구석유,KOSDAQ,중견기업부,11250,110,0.99,11440,11450,11220,98980,1119999010,168750000000,15000000
20250317,010240,흥국,KOSDAQ,우량기업부,5360,-50,-0.92,5440,5450,5330,12573,67795740,66049650560,12322696
20250317,189980,흥국에프엔비,KOSDAQ,우량기업부,1751,10,0.57,1738,1769,1730,76352,133954517,70281335077,40137827
20250317,037440,희림,KOSDAQ,우량기업부,5430,110,2.07,5360,5430,5290,74056,396996805,75599039250,13922475
20250317,238490,힘스,KOSDAQ,벤처기업부,3655,-50,-1.35,3650,3695,3645,10579,38711905,41346222580,11312236
